[Parallel(n_jobs=-1)]: Using backend LokyBackend with 12 concurrent workers.

============================================================
[1/36] Running: p_I1=0.2, p_I2=0.2, ph1=0.2, ph2=0.2
============================================================
/Users/fuyuguo/PhD_thesis/Thesis_1_SNTTEM/Codes/three_time_binary/psi0_python/estimators.py:72: RuntimeWarning: overflow encountered in exp
  + mu13 * np.exp(-gamma03(L0, psi03) * A0)
/Users/fuyuguo/opt/anaconda3/lib/python3.9/site-packages/numpy/core/fromnumeric.py:86: RuntimeWarning: invalid value encountered in reduce
  return ufunc.reduce(obj, axis, dtype, out, **passkwargs)
/Users/fuyuguo/PhD_thesis/Thesis_1_SNTTEM/Codes/three_time_binary/psi0_python/estimators.py:72: RuntimeWarning: overflow encountered in exp
  + mu13 * np.exp(-gamma03(L0, psi03) * A0)
/Users/fuyuguo/opt/anaconda3/lib/python3.9/site-packages/numpy/core/fromnumeric.py:86: RuntimeWarning: invalid value encountered in reduce
  return ufunc.reduce(obj, axis, dtype, out, **passkwargs)
/Users/fuyuguo/PhD_thesis/Thesis_1_SNTTEM/Codes/three_time_binary/psi0_python/estimators.py:72: RuntimeWarning: overflow encountered in exp
  + mu13 * np.exp(-gamma03(L0, psi03) * A0)
/Users/fuyuguo/opt/anaconda3/lib/python3.9/site-packages/numpy/core/fromnumeric.py:86: RuntimeWarning: invalid value encountered in reduce
  return ufunc.reduce(obj, axis, dtype, out, **passkwargs)
/Users/fuyuguo/PhD_thesis/Thesis_1_SNTTEM/Codes/three_time_binary/psi0_python/estimators.py:72: RuntimeWarning: overflow encountered in exp
  + mu13 * np.exp(-gamma03(L0, psi03) * A0)
/Users/fuyuguo/opt/anaconda3/lib/python3.9/site-packages/numpy/core/fromnumeric.py:86: RuntimeWarning: invalid value encountered in reduce
  return ufunc.reduce(obj, axis, dtype, out, **passkwargs)
/Users/fuyuguo/PhD_thesis/Thesis_1_SNTTEM/Codes/three_time_binary/psi0_python/estimators.py:72: RuntimeWarning: overflow encountered in exp
  + mu13 * np.exp(-gamma03(L0, psi03) * A0)
/Users/fuyuguo/opt/anaconda3/lib/python3.9/site-packages/numpy/core/fromnumeric.py:86: RuntimeWarning: invalid value encountered in reduce
  return ufunc.reduce(obj, axis, dtype, out, **passkwargs)
/Users/fuyuguo/PhD_thesis/Thesis_1_SNTTEM/Codes/three_time_binary/psi0_python/estimators.py:72: RuntimeWarning: overflow encountered in exp
  + mu13 * np.exp(-gamma03(L0, psi03) * A0)
/Users/fuyuguo/opt/anaconda3/lib/python3.9/site-packages/numpy/core/fromnumeric.py:86: RuntimeWarning: invalid value encountered in reduce
  return ufunc.reduce(obj, axis, dtype, out, **passkwargs)
/Users/fuyuguo/PhD_thesis/Thesis_1_SNTTEM/Codes/three_time_binary/psi0_python/estimators.py:72: RuntimeWarning: overflow encountered in exp
  + mu13 * np.exp(-gamma03(L0, psi03) * A0)
/Users/fuyuguo/opt/anaconda3/lib/python3.9/site-packages/numpy/core/fromnumeric.py:86: RuntimeWarning: invalid value encountered in reduce
  return ufunc.reduce(obj, axis, dtype, out, **passkwargs)
/Users/fuyuguo/PhD_thesis/Thesis_1_SNTTEM/Codes/three_time_binary/psi0_python/estimators.py:72: RuntimeWarning: overflow encountered in exp
  + mu13 * np.exp(-gamma03(L0, psi03) * A0)
/Users/fuyuguo/opt/anaconda3/lib/python3.9/site-packages/numpy/core/fromnumeric.py:86: RuntimeWarning: invalid value encountered in reduce
  return ufunc.reduce(obj, axis, dtype, out, **passkwargs)
/Users/fuyuguo/PhD_thesis/Thesis_1_SNTTEM/Codes/three_time_binary/psi0_python/estimators.py:39: RuntimeWarning: overflow encountered in exp
  + mu13 * np.exp(-gamma03(L0, psi03) * A0)
/Users/fuyuguo/opt/anaconda3/lib/python3.9/site-packages/numpy/core/fromnumeric.py:86: RuntimeWarning: invalid value encountered in reduce
  return ufunc.reduce(obj, axis, dtype, out, **passkwargs)
/Users/fuyuguo/PhD_thesis/Thesis_1_SNTTEM/Codes/three_time_binary/psi0_python/estimators.py:72: RuntimeWarning: overflow encountered in exp
  + mu13 * np.exp(-gamma03(L0, psi03) * A0)
/Users/fuyuguo/opt/anaconda3/lib/python3.9/site-packages/numpy/core/fromnumeric.py:86: RuntimeWarning: invalid value encountered in reduce
  return ufunc.reduce(obj, axis, dtype, out, **passkwargs)
/Users/fuyuguo/PhD_thesis/Thesis_1_SNTTEM/Codes/three_time_binary/psi0_python/estimators.py:72: RuntimeWarning: overflow encountered in exp
  + mu13 * np.exp(-gamma03(L0, psi03) * A0)
/Users/fuyuguo/PhD_thesis/Thesis_1_SNTTEM/Codes/three_time_binary/psi0_python/estimators.py:72: RuntimeWarning: overflow encountered in exp
  + mu13 * np.exp(-gamma03(L0, psi03) * A0)
/Users/fuyuguo/opt/anaconda3/lib/python3.9/site-packages/numpy/core/fromnumeric.py:86: RuntimeWarning: invalid value encountered in reduce
  return ufunc.reduce(obj, axis, dtype, out, **passkwargs)
/Users/fuyuguo/PhD_thesis/Thesis_1_SNTTEM/Codes/three_time_binary/psi0_python/estimators.py:72: RuntimeWarning: overflow encountered in exp
  + mu13 * np.exp(-gamma03(L0, psi03) * A0)
/Users/fuyuguo/opt/anaconda3/lib/python3.9/site-packages/numpy/core/fromnumeric.py:86: RuntimeWarning: invalid value encountered in reduce
  return ufunc.reduce(obj, axis, dtype, out, **passkwargs)
/Users/fuyuguo/PhD_thesis/Thesis_1_SNTTEM/Codes/three_time_binary/psi0_python/estimators.py:72: RuntimeWarning: overflow encountered in exp
  + mu13 * np.exp(-gamma03(L0, psi03) * A0)
/Users/fuyuguo/opt/anaconda3/lib/python3.9/site-packages/numpy/core/fromnumeric.py:86: RuntimeWarning: invalid value encountered in reduce
  return ufunc.reduce(obj, axis, dtype, out, **passkwargs)
/Users/fuyuguo/PhD_thesis/Thesis_1_SNTTEM/Codes/three_time_binary/psi0_python/estimators.py:39: RuntimeWarning: overflow encountered in exp
  + mu13 * np.exp(-gamma03(L0, psi03) * A0)
/Users/fuyuguo/PhD_thesis/Thesis_1_SNTTEM/Codes/three_time_binary/psi0_python/estimators.py:72: RuntimeWarning: overflow encountered in exp
  + mu13 * np.exp(-gamma03(L0, psi03) * A0)
/Users/fuyuguo/opt/anaconda3/lib/python3.9/site-packages/numpy/core/fromnumeric.py:86: RuntimeWarning: invalid value encountered in reduce
  return ufunc.reduce(obj, axis, dtype, out, **passkwargs)
/Users/fuyuguo/PhD_thesis/Thesis_1_SNTTEM/Codes/three_time_binary/psi0_python/estimators.py:72: RuntimeWarning: overflow encountered in exp
  + mu13 * np.exp(-gamma03(L0, psi03) * A0)
/Users/fuyuguo/opt/anaconda3/lib/python3.9/site-packages/numpy/core/fromnumeric.py:86: RuntimeWarning: invalid value encountered in reduce
  return ufunc.reduce(obj, axis, dtype, out, **passkwargs)
/Users/fuyuguo/PhD_thesis/Thesis_1_SNTTEM/Codes/three_time_binary/psi0_python/estimators.py:72: RuntimeWarning: overflow encountered in exp
  + mu13 * np.exp(-gamma03(L0, psi03) * A0)
/Users/fuyuguo/opt/anaconda3/lib/python3.9/site-packages/numpy/core/fromnumeric.py:86: RuntimeWarning: invalid value encountered in reduce
  return ufunc.reduce(obj, axis, dtype, out, **passkwargs)
/Users/fuyuguo/PhD_thesis/Thesis_1_SNTTEM/Codes/three_time_binary/psi0_python/estimators.py:72: RuntimeWarning: overflow encountered in exp
  + mu13 * np.exp(-gamma03(L0, psi03) * A0)
/Users/fuyuguo/opt/anaconda3/lib/python3.9/site-packages/numpy/core/fromnumeric.py:86: RuntimeWarning: invalid value encountered in reduce
  return ufunc.reduce(obj, axis, dtype, out, **passkwargs)
/Users/fuyuguo/PhD_thesis/Thesis_1_SNTTEM/Codes/three_time_binary/psi0_python/estimators.py:72: RuntimeWarning: overflow encountered in multiply
  + mu13 * np.exp(-gamma03(L0, psi03) * A0)
/Users/fuyuguo/PhD_thesis/Thesis_1_SNTTEM/Codes/three_time_binary/psi0_python/estimators.py:72: RuntimeWarning: overflow encountered in exp
  + mu13 * np.exp(-gamma03(L0, psi03) * A0)
/Users/fuyuguo/opt/anaconda3/lib/python3.9/site-packages/numpy/core/fromnumeric.py:86: RuntimeWarning: invalid value encountered in reduce
  return ufunc.reduce(obj, axis, dtype, out, **passkwargs)
/Users/fuyuguo/PhD_thesis/Thesis_1_SNTTEM/Codes/three_time_binary/psi0_python/estimators.py:72: RuntimeWarning: overflow encountered in exp
  + mu13 * np.exp(-gamma03(L0, psi03) * A0)
/Users/fuyuguo/opt/anaconda3/lib/python3.9/site-packages/numpy/core/fromnumeric.py:86: RuntimeWarning: invalid value encountered in reduce
  return ufunc.reduce(obj, axis, dtype, out, **passkwargs)
/Users/fuyuguo/PhD_thesis/Thesis_1_SNTTEM/Codes/three_time_binary/psi0_python/estimators.py:72: RuntimeWarning: overflow encountered in exp
  + mu13 * np.exp(-gamma03(L0, psi03) * A0)
/Users/fuyuguo/opt/anaconda3/lib/python3.9/site-packages/numpy/core/fromnumeric.py:86: RuntimeWarning: invalid value encountered in reduce
  return ufunc.reduce(obj, axis, dtype, out, **passkwargs)
/Users/fuyuguo/PhD_thesis/Thesis_1_SNTTEM/Codes/three_time_binary/psi0_python/estimators.py:72: RuntimeWarning: overflow encountered in exp
  + mu13 * np.exp(-gamma03(L0, psi03) * A0)
/Users/fuyuguo/opt/anaconda3/lib/python3.9/site-packages/numpy/core/fromnumeric.py:86: RuntimeWarning: invalid value encountered in reduce
  return ufunc.reduce(obj, axis, dtype, out, **passkwargs)
/Users/fuyuguo/PhD_thesis/Thesis_1_SNTTEM/Codes/three_time_binary/psi0_python/estimators.py:39: RuntimeWarning: overflow encountered in exp
  + mu13 * np.exp(-gamma03(L0, psi03) * A0)
/Users/fuyuguo/PhD_thesis/Thesis_1_SNTTEM/Codes/three_time_binary/psi0_python/estimators.py:72: RuntimeWarning: overflow encountered in exp
  + mu13 * np.exp(-gamma03(L0, psi03) * A0)
/Users/fuyuguo/opt/anaconda3/lib/python3.9/site-packages/numpy/core/fromnumeric.py:86: RuntimeWarning: invalid value encountered in reduce
  return ufunc.reduce(obj, axis, dtype, out, **passkwargs)
/Users/fuyuguo/PhD_thesis/Thesis_1_SNTTEM/Codes/three_time_binary/psi0_python/estimators.py:72: RuntimeWarning: overflow encountered in exp
  + mu13 * np.exp(-gamma03(L0, psi03) * A0)
/Users/fuyuguo/opt/anaconda3/lib/python3.9/site-packages/numpy/core/fromnumeric.py:86: RuntimeWarning: invalid value encountered in reduce
  return ufunc.reduce(obj, axis, dtype, out, **passkwargs)
/Users/fuyuguo/PhD_thesis/Thesis_1_SNTTEM/Codes/three_time_binary/psi0_python/estimators.py:72: RuntimeWarning: overflow encountered in exp
  + mu13 * np.exp(-gamma03(L0, psi03) * A0)
/Users/fuyuguo/opt/anaconda3/lib/python3.9/site-packages/numpy/core/fromnumeric.py:86: RuntimeWarning: invalid value encountered in reduce
  return ufunc.reduce(obj, axis, dtype, out, **passkwargs)
/Users/fuyuguo/PhD_thesis/Thesis_1_SNTTEM/Codes/three_time_binary/psi0_python/estimators.py:72: RuntimeWarning: overflow encountered in exp
  + mu13 * np.exp(-gamma03(L0, psi03) * A0)
/Users/fuyuguo/opt/anaconda3/lib/python3.9/site-packages/numpy/core/fromnumeric.py:86: RuntimeWarning: invalid value encountered in reduce
  return ufunc.reduce(obj, axis, dtype, out, **passkwargs)
/Users/fuyuguo/PhD_thesis/Thesis_1_SNTTEM/Codes/three_time_binary/psi0_python/estimators.py:72: RuntimeWarning: overflow encountered in exp
  + mu13 * np.exp(-gamma03(L0, psi03) * A0)
/Users/fuyuguo/opt/anaconda3/lib/python3.9/site-packages/numpy/core/fromnumeric.py:86: RuntimeWarning: invalid value encountered in reduce
  return ufunc.reduce(obj, axis, dtype, out, **passkwargs)
/Users/fuyuguo/PhD_thesis/Thesis_1_SNTTEM/Codes/three_time_binary/psi0_python/estimators.py:72: RuntimeWarning: overflow encountered in exp
  + mu13 * np.exp(-gamma03(L0, psi03) * A0)
/Users/fuyuguo/opt/anaconda3/lib/python3.9/site-packages/numpy/core/fromnumeric.py:86: RuntimeWarning: invalid value encountered in reduce
  return ufunc.reduce(obj, axis, dtype, out, **passkwargs)
/Users/fuyuguo/PhD_thesis/Thesis_1_SNTTEM/Codes/three_time_binary/psi0_python/estimators.py:72: RuntimeWarning: overflow encountered in exp
  + mu13 * np.exp(-gamma03(L0, psi03) * A0)
/Users/fuyuguo/opt/anaconda3/lib/python3.9/site-packages/numpy/core/fromnumeric.py:86: RuntimeWarning: invalid value encountered in reduce
  return ufunc.reduce(obj, axis, dtype, out, **passkwargs)
[Parallel(n_jobs=-1)]: Done  48 tasks      | elapsed:  1.0min
/Users/fuyuguo/PhD_thesis/Thesis_1_SNTTEM/Codes/three_time_binary/psi0_python/estimators.py:72: RuntimeWarning: overflow encountered in exp
  + mu13 * np.exp(-gamma03(L0, psi03) * A0)
/Users/fuyuguo/opt/anaconda3/lib/python3.9/site-packages/numpy/core/fromnumeric.py:86: RuntimeWarning: invalid value encountered in reduce
  return ufunc.reduce(obj, axis, dtype, out, **passkwargs)
/Users/fuyuguo/PhD_thesis/Thesis_1_SNTTEM/Codes/three_time_binary/psi0_python/estimators.py:72: RuntimeWarning: overflow encountered in exp
  + mu13 * np.exp(-gamma03(L0, psi03) * A0)
/Users/fuyuguo/opt/anaconda3/lib/python3.9/site-packages/numpy/core/fromnumeric.py:86: RuntimeWarning: invalid value encountered in reduce
  return ufunc.reduce(obj, axis, dtype, out, **passkwargs)
/Users/fuyuguo/PhD_thesis/Thesis_1_SNTTEM/Codes/three_time_binary/psi0_python/estimators.py:72: RuntimeWarning: overflow encountered in exp
  + mu13 * np.exp(-gamma03(L0, psi03) * A0)
/Users/fuyuguo/opt/anaconda3/lib/python3.9/site-packages/numpy/core/fromnumeric.py:86: RuntimeWarning: invalid value encountered in reduce
  return ufunc.reduce(obj, axis, dtype, out, **passkwargs)
/Users/fuyuguo/PhD_thesis/Thesis_1_SNTTEM/Codes/three_time_binary/psi0_python/estimators.py:72: RuntimeWarning: overflow encountered in exp
  + mu13 * np.exp(-gamma03(L0, psi03) * A0)
/Users/fuyuguo/opt/anaconda3/lib/python3.9/site-packages/numpy/core/fromnumeric.py:86: RuntimeWarning: invalid value encountered in reduce
  return ufunc.reduce(obj, axis, dtype, out, **passkwargs)
/Users/fuyuguo/PhD_thesis/Thesis_1_SNTTEM/Codes/three_time_binary/psi0_python/estimators.py:72: RuntimeWarning: overflow encountered in exp
  + mu13 * np.exp(-gamma03(L0, psi03) * A0)
/Users/fuyuguo/PhD_thesis/Thesis_1_SNTTEM/Codes/three_time_binary/psi0_python/estimators.py:72: RuntimeWarning: overflow encountered in multiply
  + mu13 * np.exp(-gamma03(L0, psi03) * A0)
/Users/fuyuguo/opt/anaconda3/lib/python3.9/site-packages/numpy/core/fromnumeric.py:86: RuntimeWarning: invalid value encountered in reduce
  return ufunc.reduce(obj, axis, dtype, out, **passkwargs)
/Users/fuyuguo/PhD_thesis/Thesis_1_SNTTEM/Codes/three_time_binary/psi0_python/estimators.py:72: RuntimeWarning: overflow encountered in exp
  + mu13 * np.exp(-gamma03(L0, psi03) * A0)
/Users/fuyuguo/opt/anaconda3/lib/python3.9/site-packages/numpy/core/fromnumeric.py:86: RuntimeWarning: invalid value encountered in reduce
  return ufunc.reduce(obj, axis, dtype, out, **passkwargs)
/Users/fuyuguo/PhD_thesis/Thesis_1_SNTTEM/Codes/three_time_binary/psi0_python/estimators.py:72: RuntimeWarning: overflow encountered in exp
  + mu13 * np.exp(-gamma03(L0, psi03) * A0)
/Users/fuyuguo/opt/anaconda3/lib/python3.9/site-packages/numpy/core/fromnumeric.py:86: RuntimeWarning: invalid value encountered in reduce
  return ufunc.reduce(obj, axis, dtype, out, **passkwargs)
/Users/fuyuguo/PhD_thesis/Thesis_1_SNTTEM/Codes/three_time_binary/psi0_python/estimators.py:39: RuntimeWarning: overflow encountered in exp
  + mu13 * np.exp(-gamma03(L0, psi03) * A0)
/Users/fuyuguo/PhD_thesis/Thesis_1_SNTTEM/Codes/three_time_binary/psi0_python/estimators.py:72: RuntimeWarning: overflow encountered in exp
  + mu13 * np.exp(-gamma03(L0, psi03) * A0)
/Users/fuyuguo/opt/anaconda3/lib/python3.9/site-packages/numpy/core/fromnumeric.py:86: RuntimeWarning: invalid value encountered in reduce
  return ufunc.reduce(obj, axis, dtype, out, **passkwargs)
/Users/fuyuguo/PhD_thesis/Thesis_1_SNTTEM/Codes/three_time_binary/psi0_python/estimators.py:72: RuntimeWarning: overflow encountered in exp
  + mu13 * np.exp(-gamma03(L0, psi03) * A0)
/Users/fuyuguo/opt/anaconda3/lib/python3.9/site-packages/numpy/core/fromnumeric.py:86: RuntimeWarning: invalid value encountered in reduce
  return ufunc.reduce(obj, axis, dtype, out, **passkwargs)
/Users/fuyuguo/PhD_thesis/Thesis_1_SNTTEM/Codes/three_time_binary/psi0_python/estimators.py:72: RuntimeWarning: overflow encountered in exp
  + mu13 * np.exp(-gamma03(L0, psi03) * A0)
/Users/fuyuguo/opt/anaconda3/lib/python3.9/site-packages/numpy/core/fromnumeric.py:86: RuntimeWarning: invalid value encountered in reduce
  return ufunc.reduce(obj, axis, dtype, out, **passkwargs)
/Users/fuyuguo/PhD_thesis/Thesis_1_SNTTEM/Codes/three_time_binary/psi0_python/estimators.py:72: RuntimeWarning: overflow encountered in exp
  + mu13 * np.exp(-gamma03(L0, psi03) * A0)
/Users/fuyuguo/opt/anaconda3/lib/python3.9/site-packages/numpy/core/fromnumeric.py:86: RuntimeWarning: invalid value encountered in reduce
  return ufunc.reduce(obj, axis, dtype, out, **passkwargs)
/Users/fuyuguo/PhD_thesis/Thesis_1_SNTTEM/Codes/three_time_binary/psi0_python/estimators.py:72: RuntimeWarning: overflow encountered in exp
  + mu13 * np.exp(-gamma03(L0, psi03) * A0)
/Users/fuyuguo/opt/anaconda3/lib/python3.9/site-packages/numpy/core/fromnumeric.py:86: RuntimeWarning: invalid value encountered in reduce
  return ufunc.reduce(obj, axis, dtype, out, **passkwargs)
/Users/fuyuguo/PhD_thesis/Thesis_1_SNTTEM/Codes/three_time_binary/psi0_python/estimators.py:72: RuntimeWarning: overflow encountered in exp
  + mu13 * np.exp(-gamma03(L0, psi03) * A0)
/Users/fuyuguo/opt/anaconda3/lib/python3.9/site-packages/numpy/core/fromnumeric.py:86: RuntimeWarning: invalid value encountered in reduce
  return ufunc.reduce(obj, axis, dtype, out, **passkwargs)
/Users/fuyuguo/PhD_thesis/Thesis_1_SNTTEM/Codes/three_time_binary/psi0_python/estimators.py:72: RuntimeWarning: overflow encountered in exp
  + mu13 * np.exp(-gamma03(L0, psi03) * A0)
/Users/fuyuguo/opt/anaconda3/lib/python3.9/site-packages/numpy/core/fromnumeric.py:86: RuntimeWarning: invalid value encountered in reduce
  return ufunc.reduce(obj, axis, dtype, out, **passkwargs)
/Users/fuyuguo/PhD_thesis/Thesis_1_SNTTEM/Codes/three_time_binary/psi0_python/estimators.py:72: RuntimeWarning: overflow encountered in exp
  + mu13 * np.exp(-gamma03(L0, psi03) * A0)
/Users/fuyuguo/opt/anaconda3/lib/python3.9/site-packages/numpy/core/fromnumeric.py:86: RuntimeWarning: invalid value encountered in reduce
  return ufunc.reduce(obj, axis, dtype, out, **passkwargs)
/Users/fuyuguo/PhD_thesis/Thesis_1_SNTTEM/Codes/three_time_binary/psi0_python/estimators.py:72: RuntimeWarning: overflow encountered in exp
  + mu13 * np.exp(-gamma03(L0, psi03) * A0)
/Users/fuyuguo/opt/anaconda3/lib/python3.9/site-packages/numpy/core/fromnumeric.py:86: RuntimeWarning: invalid value encountered in reduce
  return ufunc.reduce(obj, axis, dtype, out, **passkwargs)
/Users/fuyuguo/PhD_thesis/Thesis_1_SNTTEM/Codes/three_time_binary/psi0_python/estimators.py:72: RuntimeWarning: overflow encountered in exp
  + mu13 * np.exp(-gamma03(L0, psi03) * A0)
/Users/fuyuguo/opt/anaconda3/lib/python3.9/site-packages/numpy/core/fromnumeric.py:86: RuntimeWarning: invalid value encountered in reduce
  return ufunc.reduce(obj, axis, dtype, out, **passkwargs)
/Users/fuyuguo/PhD_thesis/Thesis_1_SNTTEM/Codes/three_time_binary/psi0_python/estimators.py:51: RuntimeWarning: overflow encountered in exp
  I2 * (A2 - ps2) * (Y * np.exp(-gamma23(L2, psi23) * (A2 - A1)) - mu23)
/Users/fuyuguo/PhD_thesis/Thesis_1_SNTTEM/Codes/three_time_binary/psi0_python/estimators.py:51: RuntimeWarning: invalid value encountered in multiply
  I2 * (A2 - ps2) * (Y * np.exp(-gamma23(L2, psi23) * (A2 - A1)) - mu23)
/Users/fuyuguo/PhD_thesis/Thesis_1_SNTTEM/Codes/three_time_binary/psi0_python/estimators.py:72: RuntimeWarning: overflow encountered in exp
  + mu13 * np.exp(-gamma03(L0, psi03) * A0)
/Users/fuyuguo/opt/anaconda3/lib/python3.9/site-packages/numpy/core/fromnumeric.py:86: RuntimeWarning: invalid value encountered in reduce
  return ufunc.reduce(obj, axis, dtype, out, **passkwargs)
/Users/fuyuguo/PhD_thesis/Thesis_1_SNTTEM/Codes/three_time_binary/psi0_python/estimators.py:72: RuntimeWarning: overflow encountered in exp
  + mu13 * np.exp(-gamma03(L0, psi03) * A0)
/Users/fuyuguo/opt/anaconda3/lib/python3.9/site-packages/numpy/core/fromnumeric.py:86: RuntimeWarning: invalid value encountered in reduce
  return ufunc.reduce(obj, axis, dtype, out, **passkwargs)
/Users/fuyuguo/PhD_thesis/Thesis_1_SNTTEM/Codes/three_time_binary/psi0_python/estimators.py:72: RuntimeWarning: overflow encountered in exp
  + mu13 * np.exp(-gamma03(L0, psi03) * A0)
/Users/fuyuguo/opt/anaconda3/lib/python3.9/site-packages/numpy/core/fromnumeric.py:86: RuntimeWarning: invalid value encountered in reduce
  return ufunc.reduce(obj, axis, dtype, out, **passkwargs)
/Users/fuyuguo/PhD_thesis/Thesis_1_SNTTEM/Codes/three_time_binary/psi0_python/estimators.py:72: RuntimeWarning: overflow encountered in exp
  + mu13 * np.exp(-gamma03(L0, psi03) * A0)
/Users/fuyuguo/opt/anaconda3/lib/python3.9/site-packages/numpy/core/fromnumeric.py:86: RuntimeWarning: invalid value encountered in reduce
  return ufunc.reduce(obj, axis, dtype, out, **passkwargs)
/Users/fuyuguo/PhD_thesis/Thesis_1_SNTTEM/Codes/three_time_binary/psi0_python/estimators.py:72: RuntimeWarning: overflow encountered in exp
  + mu13 * np.exp(-gamma03(L0, psi03) * A0)
/Users/fuyuguo/opt/anaconda3/lib/python3.9/site-packages/numpy/core/fromnumeric.py:86: RuntimeWarning: invalid value encountered in reduce
  return ufunc.reduce(obj, axis, dtype, out, **passkwargs)
/Users/fuyuguo/PhD_thesis/Thesis_1_SNTTEM/Codes/three_time_binary/psi0_python/estimators.py:72: RuntimeWarning: overflow encountered in exp
  + mu13 * np.exp(-gamma03(L0, psi03) * A0)
/Users/fuyuguo/opt/anaconda3/lib/python3.9/site-packages/numpy/core/fromnumeric.py:86: RuntimeWarning: invalid value encountered in reduce
  return ufunc.reduce(obj, axis, dtype, out, **passkwargs)
/Users/fuyuguo/PhD_thesis/Thesis_1_SNTTEM/Codes/three_time_binary/psi0_python/estimators.py:72: RuntimeWarning: overflow encountered in exp
  + mu13 * np.exp(-gamma03(L0, psi03) * A0)
/Users/fuyuguo/opt/anaconda3/lib/python3.9/site-packages/numpy/core/fromnumeric.py:86: RuntimeWarning: invalid value encountered in reduce
  return ufunc.reduce(obj, axis, dtype, out, **passkwargs)
/Users/fuyuguo/PhD_thesis/Thesis_1_SNTTEM/Codes/three_time_binary/psi0_python/estimators.py:39: RuntimeWarning: overflow encountered in exp
  + mu13 * np.exp(-gamma03(L0, psi03) * A0)
/Users/fuyuguo/PhD_thesis/Thesis_1_SNTTEM/Codes/three_time_binary/psi0_python/estimators.py:72: RuntimeWarning: overflow encountered in exp
  + mu13 * np.exp(-gamma03(L0, psi03) * A0)
/Users/fuyuguo/opt/anaconda3/lib/python3.9/site-packages/numpy/core/fromnumeric.py:86: RuntimeWarning: invalid value encountered in reduce
  return ufunc.reduce(obj, axis, dtype, out, **passkwargs)
/Users/fuyuguo/PhD_thesis/Thesis_1_SNTTEM/Codes/three_time_binary/psi0_python/estimators.py:72: RuntimeWarning: overflow encountered in exp
  + mu13 * np.exp(-gamma03(L0, psi03) * A0)
/Users/fuyuguo/opt/anaconda3/lib/python3.9/site-packages/numpy/core/fromnumeric.py:86: RuntimeWarning: invalid value encountered in reduce
  return ufunc.reduce(obj, axis, dtype, out, **passkwargs)
/Users/fuyuguo/PhD_thesis/Thesis_1_SNTTEM/Codes/three_time_binary/psi0_python/estimators.py:39: RuntimeWarning: overflow encountered in exp
  + mu13 * np.exp(-gamma03(L0, psi03) * A0)
/Users/fuyuguo/PhD_thesis/Thesis_1_SNTTEM/Codes/three_time_binary/psi0_python/estimators.py:72: RuntimeWarning: overflow encountered in exp
  + mu13 * np.exp(-gamma03(L0, psi03) * A0)
/Users/fuyuguo/opt/anaconda3/lib/python3.9/site-packages/numpy/core/fromnumeric.py:86: RuntimeWarning: invalid value encountered in reduce
  return ufunc.reduce(obj, axis, dtype, out, **passkwargs)
/Users/fuyuguo/PhD_thesis/Thesis_1_SNTTEM/Codes/three_time_binary/psi0_python/estimators.py:72: RuntimeWarning: overflow encountered in exp
  + mu13 * np.exp(-gamma03(L0, psi03) * A0)
/Users/fuyuguo/opt/anaconda3/lib/python3.9/site-packages/numpy/core/fromnumeric.py:86: RuntimeWarning: invalid value encountered in reduce
  return ufunc.reduce(obj, axis, dtype, out, **passkwargs)
/Users/fuyuguo/PhD_thesis/Thesis_1_SNTTEM/Codes/three_time_binary/psi0_python/estimators.py:72: RuntimeWarning: overflow encountered in exp
  + mu13 * np.exp(-gamma03(L0, psi03) * A0)
/Users/fuyuguo/opt/anaconda3/lib/python3.9/site-packages/numpy/core/fromnumeric.py:86: RuntimeWarning: invalid value encountered in reduce
  return ufunc.reduce(obj, axis, dtype, out, **passkwargs)
/Users/fuyuguo/PhD_thesis/Thesis_1_SNTTEM/Codes/three_time_binary/psi0_python/estimators.py:72: RuntimeWarning: overflow encountered in exp
  + mu13 * np.exp(-gamma03(L0, psi03) * A0)
/Users/fuyuguo/opt/anaconda3/lib/python3.9/site-packages/numpy/core/fromnumeric.py:86: RuntimeWarning: invalid value encountered in reduce
  return ufunc.reduce(obj, axis, dtype, out, **passkwargs)
/Users/fuyuguo/PhD_thesis/Thesis_1_SNTTEM/Codes/three_time_binary/psi0_python/estimators.py:72: RuntimeWarning: overflow encountered in exp
  + mu13 * np.exp(-gamma03(L0, psi03) * A0)
/Users/fuyuguo/opt/anaconda3/lib/python3.9/site-packages/numpy/core/fromnumeric.py:86: RuntimeWarning: invalid value encountered in reduce
  return ufunc.reduce(obj, axis, dtype, out, **passkwargs)
/Users/fuyuguo/PhD_thesis/Thesis_1_SNTTEM/Codes/three_time_binary/psi0_python/estimators.py:72: RuntimeWarning: overflow encountered in exp
  + mu13 * np.exp(-gamma03(L0, psi03) * A0)
/Users/fuyuguo/opt/anaconda3/lib/python3.9/site-packages/numpy/core/fromnumeric.py:86: RuntimeWarning: invalid value encountered in reduce
  return ufunc.reduce(obj, axis, dtype, out, **passkwargs)
/Users/fuyuguo/PhD_thesis/Thesis_1_SNTTEM/Codes/three_time_binary/psi0_python/estimators.py:72: RuntimeWarning: overflow encountered in exp
  + mu13 * np.exp(-gamma03(L0, psi03) * A0)
/Users/fuyuguo/opt/anaconda3/lib/python3.9/site-packages/numpy/core/fromnumeric.py:86: RuntimeWarning: invalid value encountered in reduce
  return ufunc.reduce(obj, axis, dtype, out, **passkwargs)
/Users/fuyuguo/PhD_thesis/Thesis_1_SNTTEM/Codes/three_time_binary/psi0_python/estimators.py:72: RuntimeWarning: overflow encountered in exp
  + mu13 * np.exp(-gamma03(L0, psi03) * A0)
/Users/fuyuguo/opt/anaconda3/lib/python3.9/site-packages/numpy/core/fromnumeric.py:86: RuntimeWarning: invalid value encountered in reduce
  return ufunc.reduce(obj, axis, dtype, out, **passkwargs)
/Users/fuyuguo/PhD_thesis/Thesis_1_SNTTEM/Codes/three_time_binary/psi0_python/estimators.py:72: RuntimeWarning: overflow encountered in exp
  + mu13 * np.exp(-gamma03(L0, psi03) * A0)
/Users/fuyuguo/opt/anaconda3/lib/python3.9/site-packages/numpy/core/fromnumeric.py:86: RuntimeWarning: invalid value encountered in reduce
  return ufunc.reduce(obj, axis, dtype, out, **passkwargs)
/Users/fuyuguo/PhD_thesis/Thesis_1_SNTTEM/Codes/three_time_binary/psi0_python/estimators.py:72: RuntimeWarning: overflow encountered in exp
  + mu13 * np.exp(-gamma03(L0, psi03) * A0)
/Users/fuyuguo/opt/anaconda3/lib/python3.9/site-packages/numpy/core/fromnumeric.py:86: RuntimeWarning: invalid value encountered in reduce
  return ufunc.reduce(obj, axis, dtype, out, **passkwargs)
/Users/fuyuguo/PhD_thesis/Thesis_1_SNTTEM/Codes/three_time_binary/psi0_python/estimators.py:72: RuntimeWarning: overflow encountered in exp
  + mu13 * np.exp(-gamma03(L0, psi03) * A0)
/Users/fuyuguo/opt/anaconda3/lib/python3.9/site-packages/numpy/core/fromnumeric.py:86: RuntimeWarning: invalid value encountered in reduce
  return ufunc.reduce(obj, axis, dtype, out, **passkwargs)
/Users/fuyuguo/PhD_thesis/Thesis_1_SNTTEM/Codes/three_time_binary/psi0_python/estimators.py:39: RuntimeWarning: overflow encountered in exp
  + mu13 * np.exp(-gamma03(L0, psi03) * A0)
/Users/fuyuguo/PhD_thesis/Thesis_1_SNTTEM/Codes/three_time_binary/psi0_python/estimators.py:72: RuntimeWarning: overflow encountered in exp
  + mu13 * np.exp(-gamma03(L0, psi03) * A0)
/Users/fuyuguo/opt/anaconda3/lib/python3.9/site-packages/numpy/core/fromnumeric.py:86: RuntimeWarning: invalid value encountered in reduce
  return ufunc.reduce(obj, axis, dtype, out, **passkwargs)
/Users/fuyuguo/PhD_thesis/Thesis_1_SNTTEM/Codes/three_time_binary/psi0_python/estimators.py:72: RuntimeWarning: overflow encountered in exp
  + mu13 * np.exp(-gamma03(L0, psi03) * A0)
/Users/fuyuguo/opt/anaconda3/lib/python3.9/site-packages/numpy/core/fromnumeric.py:86: RuntimeWarning: invalid value encountered in reduce
  return ufunc.reduce(obj, axis, dtype, out, **passkwargs)
/Users/fuyuguo/PhD_thesis/Thesis_1_SNTTEM/Codes/three_time_binary/psi0_python/estimators.py:72: RuntimeWarning: overflow encountered in exp
  + mu13 * np.exp(-gamma03(L0, psi03) * A0)
/Users/fuyuguo/opt/anaconda3/lib/python3.9/site-packages/numpy/core/fromnumeric.py:86: RuntimeWarning: invalid value encountered in reduce
  return ufunc.reduce(obj, axis, dtype, out, **passkwargs)
[Parallel(n_jobs=-1)]: Done 138 tasks      | elapsed:  2.8min
/Users/fuyuguo/PhD_thesis/Thesis_1_SNTTEM/Codes/three_time_binary/psi0_python/estimators.py:72: RuntimeWarning: overflow encountered in exp
  + mu13 * np.exp(-gamma03(L0, psi03) * A0)
/Users/fuyuguo/opt/anaconda3/lib/python3.9/site-packages/numpy/core/fromnumeric.py:86: RuntimeWarning: invalid value encountered in reduce
  return ufunc.reduce(obj, axis, dtype, out, **passkwargs)
/Users/fuyuguo/PhD_thesis/Thesis_1_SNTTEM/Codes/three_time_binary/psi0_python/estimators.py:72: RuntimeWarning: overflow encountered in exp
  + mu13 * np.exp(-gamma03(L0, psi03) * A0)
/Users/fuyuguo/opt/anaconda3/lib/python3.9/site-packages/numpy/core/fromnumeric.py:86: RuntimeWarning: invalid value encountered in reduce
  return ufunc.reduce(obj, axis, dtype, out, **passkwargs)
/Users/fuyuguo/PhD_thesis/Thesis_1_SNTTEM/Codes/three_time_binary/psi0_python/estimators.py:72: RuntimeWarning: overflow encountered in exp
  + mu13 * np.exp(-gamma03(L0, psi03) * A0)
/Users/fuyuguo/opt/anaconda3/lib/python3.9/site-packages/numpy/core/fromnumeric.py:86: RuntimeWarning: invalid value encountered in reduce
  return ufunc.reduce(obj, axis, dtype, out, **passkwargs)
/Users/fuyuguo/PhD_thesis/Thesis_1_SNTTEM/Codes/three_time_binary/psi0_python/estimators.py:72: RuntimeWarning: overflow encountered in exp
  + mu13 * np.exp(-gamma03(L0, psi03) * A0)
/Users/fuyuguo/opt/anaconda3/lib/python3.9/site-packages/numpy/core/fromnumeric.py:86: RuntimeWarning: invalid value encountered in reduce
  return ufunc.reduce(obj, axis, dtype, out, **passkwargs)
/Users/fuyuguo/PhD_thesis/Thesis_1_SNTTEM/Codes/three_time_binary/psi0_python/estimators.py:39: RuntimeWarning: overflow encountered in exp
  + mu13 * np.exp(-gamma03(L0, psi03) * A0)
/Users/fuyuguo/opt/anaconda3/lib/python3.9/site-packages/numpy/core/fromnumeric.py:86: RuntimeWarning: invalid value encountered in reduce
  return ufunc.reduce(obj, axis, dtype, out, **passkwargs)
/Users/fuyuguo/PhD_thesis/Thesis_1_SNTTEM/Codes/three_time_binary/psi0_python/estimators.py:72: RuntimeWarning: overflow encountered in exp
  + mu13 * np.exp(-gamma03(L0, psi03) * A0)
/Users/fuyuguo/PhD_thesis/Thesis_1_SNTTEM/Codes/three_time_binary/psi0_python/estimators.py:72: RuntimeWarning: overflow encountered in exp
  + mu13 * np.exp(-gamma03(L0, psi03) * A0)
/Users/fuyuguo/opt/anaconda3/lib/python3.9/site-packages/numpy/core/fromnumeric.py:86: RuntimeWarning: invalid value encountered in reduce
  return ufunc.reduce(obj, axis, dtype, out, **passkwargs)
/Users/fuyuguo/PhD_thesis/Thesis_1_SNTTEM/Codes/three_time_binary/psi0_python/estimators.py:72: RuntimeWarning: overflow encountered in exp
  + mu13 * np.exp(-gamma03(L0, psi03) * A0)
/Users/fuyuguo/opt/anaconda3/lib/python3.9/site-packages/numpy/core/fromnumeric.py:86: RuntimeWarning: invalid value encountered in reduce
  return ufunc.reduce(obj, axis, dtype, out, **passkwargs)
/Users/fuyuguo/PhD_thesis/Thesis_1_SNTTEM/Codes/three_time_binary/psi0_python/estimators.py:72: RuntimeWarning: overflow encountered in exp
  + mu13 * np.exp(-gamma03(L0, psi03) * A0)
/Users/fuyuguo/PhD_thesis/Thesis_1_SNTTEM/Codes/three_time_binary/psi0_python/estimators.py:72: RuntimeWarning: overflow encountered in multiply
  + mu13 * np.exp(-gamma03(L0, psi03) * A0)
/Users/fuyuguo/opt/anaconda3/lib/python3.9/site-packages/numpy/core/fromnumeric.py:86: RuntimeWarning: invalid value encountered in reduce
  return ufunc.reduce(obj, axis, dtype, out, **passkwargs)
/Users/fuyuguo/PhD_thesis/Thesis_1_SNTTEM/Codes/three_time_binary/psi0_python/estimators.py:72: RuntimeWarning: overflow encountered in exp
  + mu13 * np.exp(-gamma03(L0, psi03) * A0)
/Users/fuyuguo/opt/anaconda3/lib/python3.9/site-packages/numpy/core/fromnumeric.py:86: RuntimeWarning: invalid value encountered in reduce
  return ufunc.reduce(obj, axis, dtype, out, **passkwargs)
/Users/fuyuguo/PhD_thesis/Thesis_1_SNTTEM/Codes/three_time_binary/psi0_python/estimators.py:72: RuntimeWarning: overflow encountered in exp
  + mu13 * np.exp(-gamma03(L0, psi03) * A0)
/Users/fuyuguo/opt/anaconda3/lib/python3.9/site-packages/numpy/core/fromnumeric.py:86: RuntimeWarning: invalid value encountered in reduce
  return ufunc.reduce(obj, axis, dtype, out, **passkwargs)
/Users/fuyuguo/PhD_thesis/Thesis_1_SNTTEM/Codes/three_time_binary/psi0_python/estimators.py:39: RuntimeWarning: overflow encountered in exp
  + mu13 * np.exp(-gamma03(L0, psi03) * A0)
/Users/fuyuguo/PhD_thesis/Thesis_1_SNTTEM/Codes/three_time_binary/psi0_python/estimators.py:72: RuntimeWarning: overflow encountered in exp
  + mu13 * np.exp(-gamma03(L0, psi03) * A0)
/Users/fuyuguo/opt/anaconda3/lib/python3.9/site-packages/numpy/core/fromnumeric.py:86: RuntimeWarning: invalid value encountered in reduce
  return ufunc.reduce(obj, axis, dtype, out, **passkwargs)
/Users/fuyuguo/PhD_thesis/Thesis_1_SNTTEM/Codes/three_time_binary/psi0_python/estimators.py:72: RuntimeWarning: overflow encountered in exp
  + mu13 * np.exp(-gamma03(L0, psi03) * A0)
/Users/fuyuguo/opt/anaconda3/lib/python3.9/site-packages/numpy/core/fromnumeric.py:86: RuntimeWarning: invalid value encountered in reduce
  return ufunc.reduce(obj, axis, dtype, out, **passkwargs)
/Users/fuyuguo/PhD_thesis/Thesis_1_SNTTEM/Codes/three_time_binary/psi0_python/estimators.py:72: RuntimeWarning: overflow encountered in exp
  + mu13 * np.exp(-gamma03(L0, psi03) * A0)
/Users/fuyuguo/opt/anaconda3/lib/python3.9/site-packages/numpy/core/fromnumeric.py:86: RuntimeWarning: invalid value encountered in reduce
  return ufunc.reduce(obj, axis, dtype, out, **passkwargs)
/Users/fuyuguo/PhD_thesis/Thesis_1_SNTTEM/Codes/three_time_binary/psi0_python/estimators.py:72: RuntimeWarning: overflow encountered in exp
  + mu13 * np.exp(-gamma03(L0, psi03) * A0)
/Users/fuyuguo/opt/anaconda3/lib/python3.9/site-packages/numpy/core/fromnumeric.py:86: RuntimeWarning: invalid value encountered in reduce
  return ufunc.reduce(obj, axis, dtype, out, **passkwargs)
/Users/fuyuguo/PhD_thesis/Thesis_1_SNTTEM/Codes/three_time_binary/psi0_python/estimators.py:72: RuntimeWarning: overflow encountered in exp
  + mu13 * np.exp(-gamma03(L0, psi03) * A0)
/Users/fuyuguo/opt/anaconda3/lib/python3.9/site-packages/numpy/core/fromnumeric.py:86: RuntimeWarning: invalid value encountered in reduce
  return ufunc.reduce(obj, axis, dtype, out, **passkwargs)
/Users/fuyuguo/PhD_thesis/Thesis_1_SNTTEM/Codes/three_time_binary/psi0_python/estimators.py:72: RuntimeWarning: overflow encountered in exp
  + mu13 * np.exp(-gamma03(L0, psi03) * A0)
/Users/fuyuguo/opt/anaconda3/lib/python3.9/site-packages/numpy/core/fromnumeric.py:86: RuntimeWarning: invalid value encountered in reduce
  return ufunc.reduce(obj, axis, dtype, out, **passkwargs)
/Users/fuyuguo/PhD_thesis/Thesis_1_SNTTEM/Codes/three_time_binary/psi0_python/estimators.py:72: RuntimeWarning: overflow encountered in exp
  + mu13 * np.exp(-gamma03(L0, psi03) * A0)
/Users/fuyuguo/opt/anaconda3/lib/python3.9/site-packages/numpy/core/fromnumeric.py:86: RuntimeWarning: invalid value encountered in reduce
  return ufunc.reduce(obj, axis, dtype, out, **passkwargs)
/Users/fuyuguo/PhD_thesis/Thesis_1_SNTTEM/Codes/three_time_binary/psi0_python/estimators.py:72: RuntimeWarning: overflow encountered in exp
  + mu13 * np.exp(-gamma03(L0, psi03) * A0)
/Users/fuyuguo/opt/anaconda3/lib/python3.9/site-packages/numpy/core/fromnumeric.py:86: RuntimeWarning: invalid value encountered in reduce
  return ufunc.reduce(obj, axis, dtype, out, **passkwargs)
/Users/fuyuguo/PhD_thesis/Thesis_1_SNTTEM/Codes/three_time_binary/psi0_python/estimators.py:72: RuntimeWarning: overflow encountered in exp
  + mu13 * np.exp(-gamma03(L0, psi03) * A0)
/Users/fuyuguo/opt/anaconda3/lib/python3.9/site-packages/numpy/core/fromnumeric.py:86: RuntimeWarning: invalid value encountered in reduce
  return ufunc.reduce(obj, axis, dtype, out, **passkwargs)
/Users/fuyuguo/PhD_thesis/Thesis_1_SNTTEM/Codes/three_time_binary/psi0_python/estimators.py:72: RuntimeWarning: overflow encountered in exp
  + mu13 * np.exp(-gamma03(L0, psi03) * A0)
/Users/fuyuguo/opt/anaconda3/lib/python3.9/site-packages/numpy/core/fromnumeric.py:86: RuntimeWarning: invalid value encountered in reduce
  return ufunc.reduce(obj, axis, dtype, out, **passkwargs)
/Users/fuyuguo/PhD_thesis/Thesis_1_SNTTEM/Codes/three_time_binary/psi0_python/estimators.py:72: RuntimeWarning: overflow encountered in exp
  + mu13 * np.exp(-gamma03(L0, psi03) * A0)
/Users/fuyuguo/opt/anaconda3/lib/python3.9/site-packages/numpy/core/fromnumeric.py:86: RuntimeWarning: invalid value encountered in reduce
  return ufunc.reduce(obj, axis, dtype, out, **passkwargs)
/Users/fuyuguo/PhD_thesis/Thesis_1_SNTTEM/Codes/three_time_binary/psi0_python/estimators.py:39: RuntimeWarning: overflow encountered in exp
  + mu13 * np.exp(-gamma03(L0, psi03) * A0)
/Users/fuyuguo/PhD_thesis/Thesis_1_SNTTEM/Codes/three_time_binary/psi0_python/estimators.py:72: RuntimeWarning: overflow encountered in exp
  + mu13 * np.exp(-gamma03(L0, psi03) * A0)
/Users/fuyuguo/opt/anaconda3/lib/python3.9/site-packages/numpy/core/fromnumeric.py:86: RuntimeWarning: invalid value encountered in reduce
  return ufunc.reduce(obj, axis, dtype, out, **passkwargs)
/Users/fuyuguo/PhD_thesis/Thesis_1_SNTTEM/Codes/three_time_binary/psi0_python/estimators.py:72: RuntimeWarning: overflow encountered in exp
  + mu13 * np.exp(-gamma03(L0, psi03) * A0)
/Users/fuyuguo/opt/anaconda3/lib/python3.9/site-packages/numpy/core/fromnumeric.py:86: RuntimeWarning: invalid value encountered in reduce
  return ufunc.reduce(obj, axis, dtype, out, **passkwargs)
/Users/fuyuguo/PhD_thesis/Thesis_1_SNTTEM/Codes/three_time_binary/psi0_python/estimators.py:72: RuntimeWarning: overflow encountered in exp
  + mu13 * np.exp(-gamma03(L0, psi03) * A0)
/Users/fuyuguo/opt/anaconda3/lib/python3.9/site-packages/numpy/core/fromnumeric.py:86: RuntimeWarning: invalid value encountered in reduce
  return ufunc.reduce(obj, axis, dtype, out, **passkwargs)
/Users/fuyuguo/PhD_thesis/Thesis_1_SNTTEM/Codes/three_time_binary/psi0_python/estimators.py:72: RuntimeWarning: overflow encountered in exp
  + mu13 * np.exp(-gamma03(L0, psi03) * A0)
/Users/fuyuguo/opt/anaconda3/lib/python3.9/site-packages/numpy/core/fromnumeric.py:86: RuntimeWarning: invalid value encountered in reduce
  return ufunc.reduce(obj, axis, dtype, out, **passkwargs)
/Users/fuyuguo/PhD_thesis/Thesis_1_SNTTEM/Codes/three_time_binary/psi0_python/estimators.py:72: RuntimeWarning: overflow encountered in exp
  + mu13 * np.exp(-gamma03(L0, psi03) * A0)
/Users/fuyuguo/opt/anaconda3/lib/python3.9/site-packages/numpy/core/fromnumeric.py:86: RuntimeWarning: invalid value encountered in reduce
  return ufunc.reduce(obj, axis, dtype, out, **passkwargs)
/Users/fuyuguo/PhD_thesis/Thesis_1_SNTTEM/Codes/three_time_binary/psi0_python/estimators.py:72: RuntimeWarning: overflow encountered in exp
  + mu13 * np.exp(-gamma03(L0, psi03) * A0)
/Users/fuyuguo/opt/anaconda3/lib/python3.9/site-packages/numpy/core/fromnumeric.py:86: RuntimeWarning: invalid value encountered in reduce
  return ufunc.reduce(obj, axis, dtype, out, **passkwargs)
/Users/fuyuguo/PhD_thesis/Thesis_1_SNTTEM/Codes/three_time_binary/psi0_python/estimators.py:72: RuntimeWarning: overflow encountered in exp
  + mu13 * np.exp(-gamma03(L0, psi03) * A0)
/Users/fuyuguo/opt/anaconda3/lib/python3.9/site-packages/numpy/core/fromnumeric.py:86: RuntimeWarning: invalid value encountered in reduce
  return ufunc.reduce(obj, axis, dtype, out, **passkwargs)
/Users/fuyuguo/PhD_thesis/Thesis_1_SNTTEM/Codes/three_time_binary/psi0_python/estimators.py:72: RuntimeWarning: overflow encountered in exp
  + mu13 * np.exp(-gamma03(L0, psi03) * A0)
/Users/fuyuguo/opt/anaconda3/lib/python3.9/site-packages/numpy/core/fromnumeric.py:86: RuntimeWarning: invalid value encountered in reduce
  return ufunc.reduce(obj, axis, dtype, out, **passkwargs)
/Users/fuyuguo/PhD_thesis/Thesis_1_SNTTEM/Codes/three_time_binary/psi0_python/estimators.py:39: RuntimeWarning: overflow encountered in exp
  + mu13 * np.exp(-gamma03(L0, psi03) * A0)
/Users/fuyuguo/PhD_thesis/Thesis_1_SNTTEM/Codes/three_time_binary/psi0_python/estimators.py:72: RuntimeWarning: overflow encountered in exp
  + mu13 * np.exp(-gamma03(L0, psi03) * A0)
/Users/fuyuguo/opt/anaconda3/lib/python3.9/site-packages/numpy/core/fromnumeric.py:86: RuntimeWarning: invalid value encountered in reduce
  return ufunc.reduce(obj, axis, dtype, out, **passkwargs)
/Users/fuyuguo/PhD_thesis/Thesis_1_SNTTEM/Codes/three_time_binary/psi0_python/estimators.py:72: RuntimeWarning: overflow encountered in exp
  + mu13 * np.exp(-gamma03(L0, psi03) * A0)
/Users/fuyuguo/opt/anaconda3/lib/python3.9/site-packages/numpy/core/fromnumeric.py:86: RuntimeWarning: invalid value encountered in reduce
  return ufunc.reduce(obj, axis, dtype, out, **passkwargs)
/Users/fuyuguo/PhD_thesis/Thesis_1_SNTTEM/Codes/three_time_binary/psi0_python/estimators.py:72: RuntimeWarning: overflow encountered in exp
  + mu13 * np.exp(-gamma03(L0, psi03) * A0)
/Users/fuyuguo/opt/anaconda3/lib/python3.9/site-packages/numpy/core/fromnumeric.py:86: RuntimeWarning: invalid value encountered in reduce
  return ufunc.reduce(obj, axis, dtype, out, **passkwargs)
/Users/fuyuguo/PhD_thesis/Thesis_1_SNTTEM/Codes/three_time_binary/psi0_python/estimators.py:72: RuntimeWarning: overflow encountered in exp
  + mu13 * np.exp(-gamma03(L0, psi03) * A0)
/Users/fuyuguo/opt/anaconda3/lib/python3.9/site-packages/numpy/core/fromnumeric.py:86: RuntimeWarning: invalid value encountered in reduce
  return ufunc.reduce(obj, axis, dtype, out, **passkwargs)
/Users/fuyuguo/PhD_thesis/Thesis_1_SNTTEM/Codes/three_time_binary/psi0_python/estimators.py:72: RuntimeWarning: overflow encountered in exp
  + mu13 * np.exp(-gamma03(L0, psi03) * A0)
/Users/fuyuguo/opt/anaconda3/lib/python3.9/site-packages/numpy/core/fromnumeric.py:86: RuntimeWarning: invalid value encountered in reduce
  return ufunc.reduce(obj, axis, dtype, out, **passkwargs)
/Users/fuyuguo/PhD_thesis/Thesis_1_SNTTEM/Codes/three_time_binary/psi0_python/estimators.py:72: RuntimeWarning: overflow encountered in exp
  + mu13 * np.exp(-gamma03(L0, psi03) * A0)
/Users/fuyuguo/opt/anaconda3/lib/python3.9/site-packages/numpy/core/fromnumeric.py:86: RuntimeWarning: invalid value encountered in reduce
  return ufunc.reduce(obj, axis, dtype, out, **passkwargs)
/Users/fuyuguo/PhD_thesis/Thesis_1_SNTTEM/Codes/three_time_binary/psi0_python/estimators.py:72: RuntimeWarning: overflow encountered in exp
  + mu13 * np.exp(-gamma03(L0, psi03) * A0)
/Users/fuyuguo/opt/anaconda3/lib/python3.9/site-packages/numpy/core/fromnumeric.py:86: RuntimeWarning: invalid value encountered in reduce
  return ufunc.reduce(obj, axis, dtype, out, **passkwargs)
/Users/fuyuguo/PhD_thesis/Thesis_1_SNTTEM/Codes/three_time_binary/psi0_python/estimators.py:72: RuntimeWarning: overflow encountered in exp
  + mu13 * np.exp(-gamma03(L0, psi03) * A0)
/Users/fuyuguo/opt/anaconda3/lib/python3.9/site-packages/numpy/core/fromnumeric.py:86: RuntimeWarning: invalid value encountered in reduce
  return ufunc.reduce(obj, axis, dtype, out, **passkwargs)
/Users/fuyuguo/PhD_thesis/Thesis_1_SNTTEM/Codes/three_time_binary/psi0_python/estimators.py:72: RuntimeWarning: overflow encountered in exp
  + mu13 * np.exp(-gamma03(L0, psi03) * A0)
/Users/fuyuguo/opt/anaconda3/lib/python3.9/site-packages/numpy/core/fromnumeric.py:86: RuntimeWarning: invalid value encountered in reduce
  return ufunc.reduce(obj, axis, dtype, out, **passkwargs)
/Users/fuyuguo/PhD_thesis/Thesis_1_SNTTEM/Codes/three_time_binary/psi0_python/estimators.py:39: RuntimeWarning: overflow encountered in exp
  + mu13 * np.exp(-gamma03(L0, psi03) * A0)
/Users/fuyuguo/opt/anaconda3/lib/python3.9/site-packages/numpy/core/fromnumeric.py:86: RuntimeWarning: invalid value encountered in reduce
  return ufunc.reduce(obj, axis, dtype, out, **passkwargs)
/Users/fuyuguo/PhD_thesis/Thesis_1_SNTTEM/Codes/three_time_binary/psi0_python/estimators.py:72: RuntimeWarning: overflow encountered in exp
  + mu13 * np.exp(-gamma03(L0, psi03) * A0)
/Users/fuyuguo/PhD_thesis/Thesis_1_SNTTEM/Codes/three_time_binary/psi0_python/estimators.py:72: RuntimeWarning: overflow encountered in exp
  + mu13 * np.exp(-gamma03(L0, psi03) * A0)
/Users/fuyuguo/opt/anaconda3/lib/python3.9/site-packages/numpy/core/fromnumeric.py:86: RuntimeWarning: invalid value encountered in reduce
  return ufunc.reduce(obj, axis, dtype, out, **passkwargs)
/Users/fuyuguo/PhD_thesis/Thesis_1_SNTTEM/Codes/three_time_binary/psi0_python/estimators.py:72: RuntimeWarning: overflow encountered in exp
  + mu13 * np.exp(-gamma03(L0, psi03) * A0)
/Users/fuyuguo/opt/anaconda3/lib/python3.9/site-packages/numpy/core/fromnumeric.py:86: RuntimeWarning: invalid value encountered in reduce
  return ufunc.reduce(obj, axis, dtype, out, **passkwargs)
/Users/fuyuguo/PhD_thesis/Thesis_1_SNTTEM/Codes/three_time_binary/psi0_python/estimators.py:72: RuntimeWarning: overflow encountered in exp
  + mu13 * np.exp(-gamma03(L0, psi03) * A0)
/Users/fuyuguo/opt/anaconda3/lib/python3.9/site-packages/numpy/core/fromnumeric.py:86: RuntimeWarning: invalid value encountered in reduce
  return ufunc.reduce(obj, axis, dtype, out, **passkwargs)
/Users/fuyuguo/PhD_thesis/Thesis_1_SNTTEM/Codes/three_time_binary/psi0_python/estimators.py:72: RuntimeWarning: overflow encountered in exp
  + mu13 * np.exp(-gamma03(L0, psi03) * A0)
/Users/fuyuguo/opt/anaconda3/lib/python3.9/site-packages/numpy/core/fromnumeric.py:86: RuntimeWarning: invalid value encountered in reduce
  return ufunc.reduce(obj, axis, dtype, out, **passkwargs)
/Users/fuyuguo/PhD_thesis/Thesis_1_SNTTEM/Codes/three_time_binary/psi0_python/estimators.py:39: RuntimeWarning: overflow encountered in exp
  + mu13 * np.exp(-gamma03(L0, psi03) * A0)
/Users/fuyuguo/PhD_thesis/Thesis_1_SNTTEM/Codes/three_time_binary/psi0_python/estimators.py:72: RuntimeWarning: overflow encountered in exp
  + mu13 * np.exp(-gamma03(L0, psi03) * A0)
/Users/fuyuguo/opt/anaconda3/lib/python3.9/site-packages/numpy/core/fromnumeric.py:86: RuntimeWarning: invalid value encountered in reduce
  return ufunc.reduce(obj, axis, dtype, out, **passkwargs)
/Users/fuyuguo/PhD_thesis/Thesis_1_SNTTEM/Codes/three_time_binary/psi0_python/estimators.py:72: RuntimeWarning: overflow encountered in exp
  + mu13 * np.exp(-gamma03(L0, psi03) * A0)
/Users/fuyuguo/opt/anaconda3/lib/python3.9/site-packages/numpy/core/fromnumeric.py:86: RuntimeWarning: invalid value encountered in reduce
  return ufunc.reduce(obj, axis, dtype, out, **passkwargs)
/Users/fuyuguo/PhD_thesis/Thesis_1_SNTTEM/Codes/three_time_binary/psi0_python/estimators.py:72: RuntimeWarning: overflow encountered in exp
  + mu13 * np.exp(-gamma03(L0, psi03) * A0)
/Users/fuyuguo/opt/anaconda3/lib/python3.9/site-packages/numpy/core/fromnumeric.py:86: RuntimeWarning: invalid value encountered in reduce
  return ufunc.reduce(obj, axis, dtype, out, **passkwargs)
/Users/fuyuguo/PhD_thesis/Thesis_1_SNTTEM/Codes/three_time_binary/psi0_python/estimators.py:39: RuntimeWarning: overflow encountered in exp
  + mu13 * np.exp(-gamma03(L0, psi03) * A0)
/Users/fuyuguo/PhD_thesis/Thesis_1_SNTTEM/Codes/three_time_binary/psi0_python/estimators.py:72: RuntimeWarning: overflow encountered in exp
  + mu13 * np.exp(-gamma03(L0, psi03) * A0)
/Users/fuyuguo/opt/anaconda3/lib/python3.9/site-packages/numpy/core/fromnumeric.py:86: RuntimeWarning: invalid value encountered in reduce
  return ufunc.reduce(obj, axis, dtype, out, **passkwargs)
/Users/fuyuguo/PhD_thesis/Thesis_1_SNTTEM/Codes/three_time_binary/psi0_python/estimators.py:72: RuntimeWarning: overflow encountered in exp
  + mu13 * np.exp(-gamma03(L0, psi03) * A0)
/Users/fuyuguo/opt/anaconda3/lib/python3.9/site-packages/numpy/core/fromnumeric.py:86: RuntimeWarning: invalid value encountered in reduce
  return ufunc.reduce(obj, axis, dtype, out, **passkwargs)
/Users/fuyuguo/PhD_thesis/Thesis_1_SNTTEM/Codes/three_time_binary/psi0_python/estimators.py:72: RuntimeWarning: overflow encountered in exp
  + mu13 * np.exp(-gamma03(L0, psi03) * A0)
/Users/fuyuguo/opt/anaconda3/lib/python3.9/site-packages/numpy/core/fromnumeric.py:86: RuntimeWarning: invalid value encountered in reduce
  return ufunc.reduce(obj, axis, dtype, out, **passkwargs)
/Users/fuyuguo/PhD_thesis/Thesis_1_SNTTEM/Codes/three_time_binary/psi0_python/estimators.py:72: RuntimeWarning: overflow encountered in exp
  + mu13 * np.exp(-gamma03(L0, psi03) * A0)
/Users/fuyuguo/opt/anaconda3/lib/python3.9/site-packages/numpy/core/fromnumeric.py:86: RuntimeWarning: invalid value encountered in reduce
  return ufunc.reduce(obj, axis, dtype, out, **passkwargs)
/Users/fuyuguo/PhD_thesis/Thesis_1_SNTTEM/Codes/three_time_binary/psi0_python/estimators.py:72: RuntimeWarning: overflow encountered in exp
  + mu13 * np.exp(-gamma03(L0, psi03) * A0)
/Users/fuyuguo/opt/anaconda3/lib/python3.9/site-packages/numpy/core/fromnumeric.py:86: RuntimeWarning: invalid value encountered in reduce
  return ufunc.reduce(obj, axis, dtype, out, **passkwargs)
/Users/fuyuguo/PhD_thesis/Thesis_1_SNTTEM/Codes/three_time_binary/psi0_python/estimators.py:72: RuntimeWarning: overflow encountered in exp
  + mu13 * np.exp(-gamma03(L0, psi03) * A0)
/Users/fuyuguo/opt/anaconda3/lib/python3.9/site-packages/numpy/core/fromnumeric.py:86: RuntimeWarning: invalid value encountered in reduce
  return ufunc.reduce(obj, axis, dtype, out, **passkwargs)
/Users/fuyuguo/PhD_thesis/Thesis_1_SNTTEM/Codes/three_time_binary/psi0_python/estimators.py:39: RuntimeWarning: overflow encountered in exp
  + mu13 * np.exp(-gamma03(L0, psi03) * A0)
/Users/fuyuguo/PhD_thesis/Thesis_1_SNTTEM/Codes/three_time_binary/psi0_python/estimators.py:72: RuntimeWarning: overflow encountered in exp
  + mu13 * np.exp(-gamma03(L0, psi03) * A0)
/Users/fuyuguo/opt/anaconda3/lib/python3.9/site-packages/numpy/core/fromnumeric.py:86: RuntimeWarning: invalid value encountered in reduce
  return ufunc.reduce(obj, axis, dtype, out, **passkwargs)
/Users/fuyuguo/PhD_thesis/Thesis_1_SNTTEM/Codes/three_time_binary/psi0_python/estimators.py:72: RuntimeWarning: overflow encountered in exp
  + mu13 * np.exp(-gamma03(L0, psi03) * A0)
/Users/fuyuguo/opt/anaconda3/lib/python3.9/site-packages/numpy/core/fromnumeric.py:86: RuntimeWarning: invalid value encountered in reduce
  return ufunc.reduce(obj, axis, dtype, out, **passkwargs)
/Users/fuyuguo/PhD_thesis/Thesis_1_SNTTEM/Codes/three_time_binary/psi0_python/estimators.py:72: RuntimeWarning: overflow encountered in exp
  + mu13 * np.exp(-gamma03(L0, psi03) * A0)
/Users/fuyuguo/opt/anaconda3/lib/python3.9/site-packages/numpy/core/fromnumeric.py:86: RuntimeWarning: invalid value encountered in reduce
  return ufunc.reduce(obj, axis, dtype, out, **passkwargs)
/Users/fuyuguo/PhD_thesis/Thesis_1_SNTTEM/Codes/three_time_binary/psi0_python/estimators.py:72: RuntimeWarning: overflow encountered in exp
  + mu13 * np.exp(-gamma03(L0, psi03) * A0)
/Users/fuyuguo/opt/anaconda3/lib/python3.9/site-packages/numpy/core/fromnumeric.py:86: RuntimeWarning: invalid value encountered in reduce
  return ufunc.reduce(obj, axis, dtype, out, **passkwargs)
/Users/fuyuguo/PhD_thesis/Thesis_1_SNTTEM/Codes/three_time_binary/psi0_python/estimators.py:72: RuntimeWarning: overflow encountered in exp
  + mu13 * np.exp(-gamma03(L0, psi03) * A0)
/Users/fuyuguo/opt/anaconda3/lib/python3.9/site-packages/numpy/core/fromnumeric.py:86: RuntimeWarning: invalid value encountered in reduce
  return ufunc.reduce(obj, axis, dtype, out, **passkwargs)
/Users/fuyuguo/PhD_thesis/Thesis_1_SNTTEM/Codes/three_time_binary/psi0_python/estimators.py:72: RuntimeWarning: overflow encountered in exp
  + mu13 * np.exp(-gamma03(L0, psi03) * A0)
/Users/fuyuguo/opt/anaconda3/lib/python3.9/site-packages/numpy/core/fromnumeric.py:86: RuntimeWarning: invalid value encountered in reduce
  return ufunc.reduce(obj, axis, dtype, out, **passkwargs)
/Users/fuyuguo/PhD_thesis/Thesis_1_SNTTEM/Codes/three_time_binary/psi0_python/estimators.py:72: RuntimeWarning: overflow encountered in exp
  + mu13 * np.exp(-gamma03(L0, psi03) * A0)
/Users/fuyuguo/opt/anaconda3/lib/python3.9/site-packages/numpy/core/fromnumeric.py:86: RuntimeWarning: invalid value encountered in reduce
  return ufunc.reduce(obj, axis, dtype, out, **passkwargs)
/Users/fuyuguo/PhD_thesis/Thesis_1_SNTTEM/Codes/three_time_binary/psi0_python/estimators.py:72: RuntimeWarning: overflow encountered in exp
  + mu13 * np.exp(-gamma03(L0, psi03) * A0)
/Users/fuyuguo/opt/anaconda3/lib/python3.9/site-packages/numpy/core/fromnumeric.py:86: RuntimeWarning: invalid value encountered in reduce
  return ufunc.reduce(obj, axis, dtype, out, **passkwargs)
/Users/fuyuguo/PhD_thesis/Thesis_1_SNTTEM/Codes/three_time_binary/psi0_python/estimators.py:72: RuntimeWarning: overflow encountered in exp
  + mu13 * np.exp(-gamma03(L0, psi03) * A0)
/Users/fuyuguo/opt/anaconda3/lib/python3.9/site-packages/numpy/core/fromnumeric.py:86: RuntimeWarning: invalid value encountered in reduce
  return ufunc.reduce(obj, axis, dtype, out, **passkwargs)
/Users/fuyuguo/PhD_thesis/Thesis_1_SNTTEM/Codes/three_time_binary/psi0_python/estimators.py:72: RuntimeWarning: overflow encountered in exp
  + mu13 * np.exp(-gamma03(L0, psi03) * A0)
/Users/fuyuguo/opt/anaconda3/lib/python3.9/site-packages/numpy/core/fromnumeric.py:86: RuntimeWarning: invalid value encountered in reduce
  return ufunc.reduce(obj, axis, dtype, out, **passkwargs)
/Users/fuyuguo/PhD_thesis/Thesis_1_SNTTEM/Codes/three_time_binary/psi0_python/estimators.py:72: RuntimeWarning: overflow encountered in exp
  + mu13 * np.exp(-gamma03(L0, psi03) * A0)
/Users/fuyuguo/opt/anaconda3/lib/python3.9/site-packages/numpy/core/fromnumeric.py:86: RuntimeWarning: invalid value encountered in reduce
  return ufunc.reduce(obj, axis, dtype, out, **passkwargs)
/Users/fuyuguo/PhD_thesis/Thesis_1_SNTTEM/Codes/three_time_binary/psi0_python/estimators.py:39: RuntimeWarning: overflow encountered in exp
  + mu13 * np.exp(-gamma03(L0, psi03) * A0)
[Parallel(n_jobs=-1)]: Done 264 tasks      | elapsed:  5.1min
/Users/fuyuguo/PhD_thesis/Thesis_1_SNTTEM/Codes/three_time_binary/psi0_python/estimators.py:72: RuntimeWarning: overflow encountered in exp
  + mu13 * np.exp(-gamma03(L0, psi03) * A0)
/Users/fuyuguo/opt/anaconda3/lib/python3.9/site-packages/numpy/core/fromnumeric.py:86: RuntimeWarning: invalid value encountered in reduce
  return ufunc.reduce(obj, axis, dtype, out, **passkwargs)
/Users/fuyuguo/PhD_thesis/Thesis_1_SNTTEM/Codes/three_time_binary/psi0_python/estimators.py:72: RuntimeWarning: overflow encountered in exp
  + mu13 * np.exp(-gamma03(L0, psi03) * A0)
/Users/fuyuguo/opt/anaconda3/lib/python3.9/site-packages/numpy/core/fromnumeric.py:86: RuntimeWarning: invalid value encountered in reduce
  return ufunc.reduce(obj, axis, dtype, out, **passkwargs)
/Users/fuyuguo/PhD_thesis/Thesis_1_SNTTEM/Codes/three_time_binary/psi0_python/estimators.py:72: RuntimeWarning: overflow encountered in exp
  + mu13 * np.exp(-gamma03(L0, psi03) * A0)
/Users/fuyuguo/opt/anaconda3/lib/python3.9/site-packages/numpy/core/fromnumeric.py:86: RuntimeWarning: invalid value encountered in reduce
  return ufunc.reduce(obj, axis, dtype, out, **passkwargs)
/Users/fuyuguo/PhD_thesis/Thesis_1_SNTTEM/Codes/three_time_binary/psi0_python/estimators.py:72: RuntimeWarning: overflow encountered in exp
  + mu13 * np.exp(-gamma03(L0, psi03) * A0)
/Users/fuyuguo/opt/anaconda3/lib/python3.9/site-packages/numpy/core/fromnumeric.py:86: RuntimeWarning: invalid value encountered in reduce
  return ufunc.reduce(obj, axis, dtype, out, **passkwargs)
/Users/fuyuguo/PhD_thesis/Thesis_1_SNTTEM/Codes/three_time_binary/psi0_python/estimators.py:72: RuntimeWarning: overflow encountered in exp
  + mu13 * np.exp(-gamma03(L0, psi03) * A0)
/Users/fuyuguo/opt/anaconda3/lib/python3.9/site-packages/numpy/core/fromnumeric.py:86: RuntimeWarning: invalid value encountered in reduce
  return ufunc.reduce(obj, axis, dtype, out, **passkwargs)
/Users/fuyuguo/PhD_thesis/Thesis_1_SNTTEM/Codes/three_time_binary/psi0_python/estimators.py:72: RuntimeWarning: overflow encountered in exp
  + mu13 * np.exp(-gamma03(L0, psi03) * A0)
/Users/fuyuguo/opt/anaconda3/lib/python3.9/site-packages/numpy/core/fromnumeric.py:86: RuntimeWarning: invalid value encountered in reduce
  return ufunc.reduce(obj, axis, dtype, out, **passkwargs)
/Users/fuyuguo/PhD_thesis/Thesis_1_SNTTEM/Codes/three_time_binary/psi0_python/estimators.py:72: RuntimeWarning: overflow encountered in exp
  + mu13 * np.exp(-gamma03(L0, psi03) * A0)
/Users/fuyuguo/opt/anaconda3/lib/python3.9/site-packages/numpy/core/fromnumeric.py:86: RuntimeWarning: invalid value encountered in reduce
  return ufunc.reduce(obj, axis, dtype, out, **passkwargs)
/Users/fuyuguo/PhD_thesis/Thesis_1_SNTTEM/Codes/three_time_binary/psi0_python/estimators.py:72: RuntimeWarning: overflow encountered in exp
  + mu13 * np.exp(-gamma03(L0, psi03) * A0)
/Users/fuyuguo/opt/anaconda3/lib/python3.9/site-packages/numpy/core/fromnumeric.py:86: RuntimeWarning: invalid value encountered in reduce
  return ufunc.reduce(obj, axis, dtype, out, **passkwargs)
/Users/fuyuguo/PhD_thesis/Thesis_1_SNTTEM/Codes/three_time_binary/psi0_python/estimators.py:72: RuntimeWarning: overflow encountered in exp
  + mu13 * np.exp(-gamma03(L0, psi03) * A0)
/Users/fuyuguo/opt/anaconda3/lib/python3.9/site-packages/numpy/core/fromnumeric.py:86: RuntimeWarning: invalid value encountered in reduce
  return ufunc.reduce(obj, axis, dtype, out, **passkwargs)
/Users/fuyuguo/PhD_thesis/Thesis_1_SNTTEM/Codes/three_time_binary/psi0_python/estimators.py:72: RuntimeWarning: overflow encountered in exp
  + mu13 * np.exp(-gamma03(L0, psi03) * A0)
/Users/fuyuguo/opt/anaconda3/lib/python3.9/site-packages/numpy/core/fromnumeric.py:86: RuntimeWarning: invalid value encountered in reduce
  return ufunc.reduce(obj, axis, dtype, out, **passkwargs)
/Users/fuyuguo/PhD_thesis/Thesis_1_SNTTEM/Codes/three_time_binary/psi0_python/estimators.py:72: RuntimeWarning: overflow encountered in exp
  + mu13 * np.exp(-gamma03(L0, psi03) * A0)
/Users/fuyuguo/opt/anaconda3/lib/python3.9/site-packages/numpy/core/fromnumeric.py:86: RuntimeWarning: invalid value encountered in reduce
  return ufunc.reduce(obj, axis, dtype, out, **passkwargs)
/Users/fuyuguo/PhD_thesis/Thesis_1_SNTTEM/Codes/three_time_binary/psi0_python/estimators.py:72: RuntimeWarning: overflow encountered in exp
  + mu13 * np.exp(-gamma03(L0, psi03) * A0)
/Users/fuyuguo/opt/anaconda3/lib/python3.9/site-packages/numpy/core/fromnumeric.py:86: RuntimeWarning: invalid value encountered in reduce
  return ufunc.reduce(obj, axis, dtype, out, **passkwargs)
/Users/fuyuguo/PhD_thesis/Thesis_1_SNTTEM/Codes/three_time_binary/psi0_python/estimators.py:72: RuntimeWarning: overflow encountered in exp
  + mu13 * np.exp(-gamma03(L0, psi03) * A0)
/Users/fuyuguo/opt/anaconda3/lib/python3.9/site-packages/numpy/core/fromnumeric.py:86: RuntimeWarning: invalid value encountered in reduce
  return ufunc.reduce(obj, axis, dtype, out, **passkwargs)
/Users/fuyuguo/PhD_thesis/Thesis_1_SNTTEM/Codes/three_time_binary/psi0_python/estimators.py:39: RuntimeWarning: overflow encountered in exp
  + mu13 * np.exp(-gamma03(L0, psi03) * A0)
/Users/fuyuguo/PhD_thesis/Thesis_1_SNTTEM/Codes/three_time_binary/psi0_python/estimators.py:72: RuntimeWarning: overflow encountered in exp
  + mu13 * np.exp(-gamma03(L0, psi03) * A0)
/Users/fuyuguo/opt/anaconda3/lib/python3.9/site-packages/numpy/core/fromnumeric.py:86: RuntimeWarning: invalid value encountered in reduce
  return ufunc.reduce(obj, axis, dtype, out, **passkwargs)
/Users/fuyuguo/PhD_thesis/Thesis_1_SNTTEM/Codes/three_time_binary/psi0_python/estimators.py:72: RuntimeWarning: overflow encountered in exp
  + mu13 * np.exp(-gamma03(L0, psi03) * A0)
/Users/fuyuguo/opt/anaconda3/lib/python3.9/site-packages/numpy/core/fromnumeric.py:86: RuntimeWarning: invalid value encountered in reduce
  return ufunc.reduce(obj, axis, dtype, out, **passkwargs)
/Users/fuyuguo/PhD_thesis/Thesis_1_SNTTEM/Codes/three_time_binary/psi0_python/estimators.py:72: RuntimeWarning: overflow encountered in exp
  + mu13 * np.exp(-gamma03(L0, psi03) * A0)
/Users/fuyuguo/opt/anaconda3/lib/python3.9/site-packages/numpy/core/fromnumeric.py:86: RuntimeWarning: invalid value encountered in reduce
  return ufunc.reduce(obj, axis, dtype, out, **passkwargs)
/Users/fuyuguo/PhD_thesis/Thesis_1_SNTTEM/Codes/three_time_binary/psi0_python/estimators.py:72: RuntimeWarning: overflow encountered in exp
  + mu13 * np.exp(-gamma03(L0, psi03) * A0)
/Users/fuyuguo/opt/anaconda3/lib/python3.9/site-packages/numpy/core/fromnumeric.py:86: RuntimeWarning: invalid value encountered in reduce
  return ufunc.reduce(obj, axis, dtype, out, **passkwargs)
/Users/fuyuguo/PhD_thesis/Thesis_1_SNTTEM/Codes/three_time_binary/psi0_python/estimators.py:72: RuntimeWarning: overflow encountered in exp
  + mu13 * np.exp(-gamma03(L0, psi03) * A0)
/Users/fuyuguo/opt/anaconda3/lib/python3.9/site-packages/numpy/core/fromnumeric.py:86: RuntimeWarning: invalid value encountered in reduce
  return ufunc.reduce(obj, axis, dtype, out, **passkwargs)
/Users/fuyuguo/PhD_thesis/Thesis_1_SNTTEM/Codes/three_time_binary/psi0_python/estimators.py:72: RuntimeWarning: overflow encountered in exp
  + mu13 * np.exp(-gamma03(L0, psi03) * A0)
/Users/fuyuguo/opt/anaconda3/lib/python3.9/site-packages/numpy/core/fromnumeric.py:86: RuntimeWarning: invalid value encountered in reduce
  return ufunc.reduce(obj, axis, dtype, out, **passkwargs)
/Users/fuyuguo/PhD_thesis/Thesis_1_SNTTEM/Codes/three_time_binary/psi0_python/estimators.py:72: RuntimeWarning: overflow encountered in exp
  + mu13 * np.exp(-gamma03(L0, psi03) * A0)
/Users/fuyuguo/opt/anaconda3/lib/python3.9/site-packages/numpy/core/fromnumeric.py:86: RuntimeWarning: invalid value encountered in reduce
  return ufunc.reduce(obj, axis, dtype, out, **passkwargs)
/Users/fuyuguo/PhD_thesis/Thesis_1_SNTTEM/Codes/three_time_binary/psi0_python/estimators.py:72: RuntimeWarning: overflow encountered in exp
  + mu13 * np.exp(-gamma03(L0, psi03) * A0)
/Users/fuyuguo/opt/anaconda3/lib/python3.9/site-packages/numpy/core/fromnumeric.py:86: RuntimeWarning: invalid value encountered in reduce
  return ufunc.reduce(obj, axis, dtype, out, **passkwargs)
/Users/fuyuguo/PhD_thesis/Thesis_1_SNTTEM/Codes/three_time_binary/psi0_python/estimators.py:72: RuntimeWarning: overflow encountered in exp
  + mu13 * np.exp(-gamma03(L0, psi03) * A0)
/Users/fuyuguo/opt/anaconda3/lib/python3.9/site-packages/numpy/core/fromnumeric.py:86: RuntimeWarning: invalid value encountered in reduce
  return ufunc.reduce(obj, axis, dtype, out, **passkwargs)
/Users/fuyuguo/PhD_thesis/Thesis_1_SNTTEM/Codes/three_time_binary/psi0_python/estimators.py:72: RuntimeWarning: overflow encountered in exp
  + mu13 * np.exp(-gamma03(L0, psi03) * A0)
/Users/fuyuguo/opt/anaconda3/lib/python3.9/site-packages/numpy/core/fromnumeric.py:86: RuntimeWarning: invalid value encountered in reduce
  return ufunc.reduce(obj, axis, dtype, out, **passkwargs)
/Users/fuyuguo/PhD_thesis/Thesis_1_SNTTEM/Codes/three_time_binary/psi0_python/estimators.py:72: RuntimeWarning: overflow encountered in exp
  + mu13 * np.exp(-gamma03(L0, psi03) * A0)
/Users/fuyuguo/opt/anaconda3/lib/python3.9/site-packages/numpy/core/fromnumeric.py:86: RuntimeWarning: invalid value encountered in reduce
  return ufunc.reduce(obj, axis, dtype, out, **passkwargs)
/Users/fuyuguo/PhD_thesis/Thesis_1_SNTTEM/Codes/three_time_binary/psi0_python/estimators.py:72: RuntimeWarning: overflow encountered in exp
  + mu13 * np.exp(-gamma03(L0, psi03) * A0)
/Users/fuyuguo/opt/anaconda3/lib/python3.9/site-packages/numpy/core/fromnumeric.py:86: RuntimeWarning: invalid value encountered in reduce
  return ufunc.reduce(obj, axis, dtype, out, **passkwargs)
/Users/fuyuguo/PhD_thesis/Thesis_1_SNTTEM/Codes/three_time_binary/psi0_python/estimators.py:72: RuntimeWarning: overflow encountered in multiply
  + mu13 * np.exp(-gamma03(L0, psi03) * A0)
/Users/fuyuguo/PhD_thesis/Thesis_1_SNTTEM/Codes/three_time_binary/psi0_python/estimators.py:39: RuntimeWarning: overflow encountered in exp
  + mu13 * np.exp(-gamma03(L0, psi03) * A0)
/Users/fuyuguo/PhD_thesis/Thesis_1_SNTTEM/Codes/three_time_binary/psi0_python/estimators.py:72: RuntimeWarning: overflow encountered in exp
  + mu13 * np.exp(-gamma03(L0, psi03) * A0)
/Users/fuyuguo/opt/anaconda3/lib/python3.9/site-packages/numpy/core/fromnumeric.py:86: RuntimeWarning: invalid value encountered in reduce
  return ufunc.reduce(obj, axis, dtype, out, **passkwargs)
/Users/fuyuguo/PhD_thesis/Thesis_1_SNTTEM/Codes/three_time_binary/psi0_python/estimators.py:72: RuntimeWarning: overflow encountered in exp
  + mu13 * np.exp(-gamma03(L0, psi03) * A0)
/Users/fuyuguo/opt/anaconda3/lib/python3.9/site-packages/numpy/core/fromnumeric.py:86: RuntimeWarning: invalid value encountered in reduce
  return ufunc.reduce(obj, axis, dtype, out, **passkwargs)
/Users/fuyuguo/PhD_thesis/Thesis_1_SNTTEM/Codes/three_time_binary/psi0_python/estimators.py:72: RuntimeWarning: overflow encountered in exp
  + mu13 * np.exp(-gamma03(L0, psi03) * A0)
/Users/fuyuguo/opt/anaconda3/lib/python3.9/site-packages/numpy/core/fromnumeric.py:86: RuntimeWarning: invalid value encountered in reduce
  return ufunc.reduce(obj, axis, dtype, out, **passkwargs)
/Users/fuyuguo/PhD_thesis/Thesis_1_SNTTEM/Codes/three_time_binary/psi0_python/estimators.py:72: RuntimeWarning: overflow encountered in exp
  + mu13 * np.exp(-gamma03(L0, psi03) * A0)
/Users/fuyuguo/opt/anaconda3/lib/python3.9/site-packages/numpy/core/fromnumeric.py:86: RuntimeWarning: invalid value encountered in reduce
  return ufunc.reduce(obj, axis, dtype, out, **passkwargs)
/Users/fuyuguo/PhD_thesis/Thesis_1_SNTTEM/Codes/three_time_binary/psi0_python/estimators.py:72: RuntimeWarning: overflow encountered in exp
  + mu13 * np.exp(-gamma03(L0, psi03) * A0)
/Users/fuyuguo/PhD_thesis/Thesis_1_SNTTEM/Codes/three_time_binary/psi0_python/estimators.py:72: RuntimeWarning: overflow encountered in multiply
  + mu13 * np.exp(-gamma03(L0, psi03) * A0)
/Users/fuyuguo/opt/anaconda3/lib/python3.9/site-packages/numpy/core/fromnumeric.py:86: RuntimeWarning: invalid value encountered in reduce
  return ufunc.reduce(obj, axis, dtype, out, **passkwargs)
/Users/fuyuguo/PhD_thesis/Thesis_1_SNTTEM/Codes/three_time_binary/psi0_python/estimators.py:72: RuntimeWarning: overflow encountered in exp
  + mu13 * np.exp(-gamma03(L0, psi03) * A0)
/Users/fuyuguo/opt/anaconda3/lib/python3.9/site-packages/numpy/core/fromnumeric.py:86: RuntimeWarning: invalid value encountered in reduce
  return ufunc.reduce(obj, axis, dtype, out, **passkwargs)
/Users/fuyuguo/PhD_thesis/Thesis_1_SNTTEM/Codes/three_time_binary/psi0_python/estimators.py:72: RuntimeWarning: overflow encountered in exp
  + mu13 * np.exp(-gamma03(L0, psi03) * A0)
/Users/fuyuguo/opt/anaconda3/lib/python3.9/site-packages/numpy/core/fromnumeric.py:86: RuntimeWarning: invalid value encountered in reduce
  return ufunc.reduce(obj, axis, dtype, out, **passkwargs)
/Users/fuyuguo/PhD_thesis/Thesis_1_SNTTEM/Codes/three_time_binary/psi0_python/estimators.py:72: RuntimeWarning: overflow encountered in exp
  + mu13 * np.exp(-gamma03(L0, psi03) * A0)
/Users/fuyuguo/opt/anaconda3/lib/python3.9/site-packages/numpy/core/fromnumeric.py:86: RuntimeWarning: invalid value encountered in reduce
  return ufunc.reduce(obj, axis, dtype, out, **passkwargs)
/Users/fuyuguo/PhD_thesis/Thesis_1_SNTTEM/Codes/three_time_binary/psi0_python/estimators.py:72: RuntimeWarning: overflow encountered in exp
  + mu13 * np.exp(-gamma03(L0, psi03) * A0)
/Users/fuyuguo/opt/anaconda3/lib/python3.9/site-packages/numpy/core/fromnumeric.py:86: RuntimeWarning: invalid value encountered in reduce
  return ufunc.reduce(obj, axis, dtype, out, **passkwargs)
/Users/fuyuguo/PhD_thesis/Thesis_1_SNTTEM/Codes/three_time_binary/psi0_python/estimators.py:72: RuntimeWarning: overflow encountered in exp
  + mu13 * np.exp(-gamma03(L0, psi03) * A0)
/Users/fuyuguo/opt/anaconda3/lib/python3.9/site-packages/numpy/core/fromnumeric.py:86: RuntimeWarning: invalid value encountered in reduce
  return ufunc.reduce(obj, axis, dtype, out, **passkwargs)
/Users/fuyuguo/PhD_thesis/Thesis_1_SNTTEM/Codes/three_time_binary/psi0_python/estimators.py:39: RuntimeWarning: overflow encountered in exp
  + mu13 * np.exp(-gamma03(L0, psi03) * A0)
/Users/fuyuguo/PhD_thesis/Thesis_1_SNTTEM/Codes/three_time_binary/psi0_python/estimators.py:72: RuntimeWarning: overflow encountered in multiply
  + mu13 * np.exp(-gamma03(L0, psi03) * A0)
/Users/fuyuguo/PhD_thesis/Thesis_1_SNTTEM/Codes/three_time_binary/psi0_python/estimators.py:72: RuntimeWarning: overflow encountered in exp
  + mu13 * np.exp(-gamma03(L0, psi03) * A0)
/Users/fuyuguo/opt/anaconda3/lib/python3.9/site-packages/numpy/core/fromnumeric.py:86: RuntimeWarning: invalid value encountered in reduce
  return ufunc.reduce(obj, axis, dtype, out, **passkwargs)
/Users/fuyuguo/PhD_thesis/Thesis_1_SNTTEM/Codes/three_time_binary/psi0_python/estimators.py:72: RuntimeWarning: overflow encountered in exp
  + mu13 * np.exp(-gamma03(L0, psi03) * A0)
/Users/fuyuguo/opt/anaconda3/lib/python3.9/site-packages/numpy/core/fromnumeric.py:86: RuntimeWarning: invalid value encountered in reduce
  return ufunc.reduce(obj, axis, dtype, out, **passkwargs)
/Users/fuyuguo/PhD_thesis/Thesis_1_SNTTEM/Codes/three_time_binary/psi0_python/estimators.py:72: RuntimeWarning: overflow encountered in exp
  + mu13 * np.exp(-gamma03(L0, psi03) * A0)
/Users/fuyuguo/opt/anaconda3/lib/python3.9/site-packages/numpy/core/fromnumeric.py:86: RuntimeWarning: invalid value encountered in reduce
  return ufunc.reduce(obj, axis, dtype, out, **passkwargs)
/Users/fuyuguo/PhD_thesis/Thesis_1_SNTTEM/Codes/three_time_binary/psi0_python/estimators.py:72: RuntimeWarning: overflow encountered in exp
  + mu13 * np.exp(-gamma03(L0, psi03) * A0)
/Users/fuyuguo/opt/anaconda3/lib/python3.9/site-packages/numpy/core/fromnumeric.py:86: RuntimeWarning: invalid value encountered in reduce
  return ufunc.reduce(obj, axis, dtype, out, **passkwargs)
/Users/fuyuguo/PhD_thesis/Thesis_1_SNTTEM/Codes/three_time_binary/psi0_python/estimators.py:72: RuntimeWarning: overflow encountered in exp
  + mu13 * np.exp(-gamma03(L0, psi03) * A0)
/Users/fuyuguo/opt/anaconda3/lib/python3.9/site-packages/numpy/core/fromnumeric.py:86: RuntimeWarning: invalid value encountered in reduce
  return ufunc.reduce(obj, axis, dtype, out, **passkwargs)
/Users/fuyuguo/PhD_thesis/Thesis_1_SNTTEM/Codes/three_time_binary/psi0_python/estimators.py:72: RuntimeWarning: overflow encountered in exp
  + mu13 * np.exp(-gamma03(L0, psi03) * A0)
/Users/fuyuguo/opt/anaconda3/lib/python3.9/site-packages/numpy/core/fromnumeric.py:86: RuntimeWarning: invalid value encountered in reduce
  return ufunc.reduce(obj, axis, dtype, out, **passkwargs)
/Users/fuyuguo/PhD_thesis/Thesis_1_SNTTEM/Codes/three_time_binary/psi0_python/estimators.py:72: RuntimeWarning: overflow encountered in exp
  + mu13 * np.exp(-gamma03(L0, psi03) * A0)
/Users/fuyuguo/opt/anaconda3/lib/python3.9/site-packages/numpy/core/fromnumeric.py:86: RuntimeWarning: invalid value encountered in reduce
  return ufunc.reduce(obj, axis, dtype, out, **passkwargs)
/Users/fuyuguo/PhD_thesis/Thesis_1_SNTTEM/Codes/three_time_binary/psi0_python/estimators.py:72: RuntimeWarning: overflow encountered in exp
  + mu13 * np.exp(-gamma03(L0, psi03) * A0)
/Users/fuyuguo/opt/anaconda3/lib/python3.9/site-packages/numpy/core/fromnumeric.py:86: RuntimeWarning: invalid value encountered in reduce
  return ufunc.reduce(obj, axis, dtype, out, **passkwargs)
/Users/fuyuguo/PhD_thesis/Thesis_1_SNTTEM/Codes/three_time_binary/psi0_python/estimators.py:72: RuntimeWarning: overflow encountered in exp
  + mu13 * np.exp(-gamma03(L0, psi03) * A0)
/Users/fuyuguo/opt/anaconda3/lib/python3.9/site-packages/numpy/core/fromnumeric.py:86: RuntimeWarning: invalid value encountered in reduce
  return ufunc.reduce(obj, axis, dtype, out, **passkwargs)
/Users/fuyuguo/PhD_thesis/Thesis_1_SNTTEM/Codes/three_time_binary/psi0_python/estimators.py:39: RuntimeWarning: overflow encountered in exp
  + mu13 * np.exp(-gamma03(L0, psi03) * A0)
/Users/fuyuguo/PhD_thesis/Thesis_1_SNTTEM/Codes/three_time_binary/psi0_python/estimators.py:72: RuntimeWarning: overflow encountered in exp
  + mu13 * np.exp(-gamma03(L0, psi03) * A0)
/Users/fuyuguo/opt/anaconda3/lib/python3.9/site-packages/numpy/core/fromnumeric.py:86: RuntimeWarning: invalid value encountered in reduce
  return ufunc.reduce(obj, axis, dtype, out, **passkwargs)
/Users/fuyuguo/PhD_thesis/Thesis_1_SNTTEM/Codes/three_time_binary/psi0_python/estimators.py:72: RuntimeWarning: overflow encountered in exp
  + mu13 * np.exp(-gamma03(L0, psi03) * A0)
/Users/fuyuguo/opt/anaconda3/lib/python3.9/site-packages/numpy/core/fromnumeric.py:86: RuntimeWarning: invalid value encountered in reduce
  return ufunc.reduce(obj, axis, dtype, out, **passkwargs)
/Users/fuyuguo/PhD_thesis/Thesis_1_SNTTEM/Codes/three_time_binary/psi0_python/estimators.py:39: RuntimeWarning: overflow encountered in exp
  + mu13 * np.exp(-gamma03(L0, psi03) * A0)
/Users/fuyuguo/PhD_thesis/Thesis_1_SNTTEM/Codes/three_time_binary/psi0_python/estimators.py:72: RuntimeWarning: overflow encountered in exp
  + mu13 * np.exp(-gamma03(L0, psi03) * A0)
/Users/fuyuguo/opt/anaconda3/lib/python3.9/site-packages/numpy/core/fromnumeric.py:86: RuntimeWarning: invalid value encountered in reduce
  return ufunc.reduce(obj, axis, dtype, out, **passkwargs)
/Users/fuyuguo/PhD_thesis/Thesis_1_SNTTEM/Codes/three_time_binary/psi0_python/estimators.py:72: RuntimeWarning: overflow encountered in exp
  + mu13 * np.exp(-gamma03(L0, psi03) * A0)
/Users/fuyuguo/opt/anaconda3/lib/python3.9/site-packages/numpy/core/fromnumeric.py:86: RuntimeWarning: invalid value encountered in reduce
  return ufunc.reduce(obj, axis, dtype, out, **passkwargs)
/Users/fuyuguo/PhD_thesis/Thesis_1_SNTTEM/Codes/three_time_binary/psi0_python/estimators.py:72: RuntimeWarning: overflow encountered in exp
  + mu13 * np.exp(-gamma03(L0, psi03) * A0)
/Users/fuyuguo/opt/anaconda3/lib/python3.9/site-packages/numpy/core/fromnumeric.py:86: RuntimeWarning: invalid value encountered in reduce
  return ufunc.reduce(obj, axis, dtype, out, **passkwargs)
/Users/fuyuguo/PhD_thesis/Thesis_1_SNTTEM/Codes/three_time_binary/psi0_python/estimators.py:39: RuntimeWarning: overflow encountered in exp
  + mu13 * np.exp(-gamma03(L0, psi03) * A0)
/Users/fuyuguo/PhD_thesis/Thesis_1_SNTTEM/Codes/three_time_binary/psi0_python/estimators.py:72: RuntimeWarning: overflow encountered in exp
  + mu13 * np.exp(-gamma03(L0, psi03) * A0)
/Users/fuyuguo/opt/anaconda3/lib/python3.9/site-packages/numpy/core/fromnumeric.py:86: RuntimeWarning: invalid value encountered in reduce
  return ufunc.reduce(obj, axis, dtype, out, **passkwargs)
/Users/fuyuguo/PhD_thesis/Thesis_1_SNTTEM/Codes/three_time_binary/psi0_python/estimators.py:72: RuntimeWarning: overflow encountered in exp
  + mu13 * np.exp(-gamma03(L0, psi03) * A0)
/Users/fuyuguo/opt/anaconda3/lib/python3.9/site-packages/numpy/core/fromnumeric.py:86: RuntimeWarning: invalid value encountered in reduce
  return ufunc.reduce(obj, axis, dtype, out, **passkwargs)
/Users/fuyuguo/PhD_thesis/Thesis_1_SNTTEM/Codes/three_time_binary/psi0_python/estimators.py:72: RuntimeWarning: overflow encountered in exp
  + mu13 * np.exp(-gamma03(L0, psi03) * A0)
/Users/fuyuguo/opt/anaconda3/lib/python3.9/site-packages/numpy/core/fromnumeric.py:86: RuntimeWarning: invalid value encountered in reduce
  return ufunc.reduce(obj, axis, dtype, out, **passkwargs)
/Users/fuyuguo/PhD_thesis/Thesis_1_SNTTEM/Codes/three_time_binary/psi0_python/estimators.py:72: RuntimeWarning: overflow encountered in exp
  + mu13 * np.exp(-gamma03(L0, psi03) * A0)
/Users/fuyuguo/PhD_thesis/Thesis_1_SNTTEM/Codes/three_time_binary/psi0_python/estimators.py:72: RuntimeWarning: overflow encountered in multiply
  + mu13 * np.exp(-gamma03(L0, psi03) * A0)
/Users/fuyuguo/opt/anaconda3/lib/python3.9/site-packages/numpy/core/fromnumeric.py:86: RuntimeWarning: invalid value encountered in reduce
  return ufunc.reduce(obj, axis, dtype, out, **passkwargs)
/Users/fuyuguo/PhD_thesis/Thesis_1_SNTTEM/Codes/three_time_binary/psi0_python/estimators.py:72: RuntimeWarning: overflow encountered in exp
  + mu13 * np.exp(-gamma03(L0, psi03) * A0)
/Users/fuyuguo/opt/anaconda3/lib/python3.9/site-packages/numpy/core/fromnumeric.py:86: RuntimeWarning: invalid value encountered in reduce
  return ufunc.reduce(obj, axis, dtype, out, **passkwargs)
/Users/fuyuguo/PhD_thesis/Thesis_1_SNTTEM/Codes/three_time_binary/psi0_python/estimators.py:72: RuntimeWarning: overflow encountered in exp
  + mu13 * np.exp(-gamma03(L0, psi03) * A0)
/Users/fuyuguo/opt/anaconda3/lib/python3.9/site-packages/numpy/core/fromnumeric.py:86: RuntimeWarning: invalid value encountered in reduce
  return ufunc.reduce(obj, axis, dtype, out, **passkwargs)
/Users/fuyuguo/PhD_thesis/Thesis_1_SNTTEM/Codes/three_time_binary/psi0_python/estimators.py:72: RuntimeWarning: overflow encountered in exp
  + mu13 * np.exp(-gamma03(L0, psi03) * A0)
/Users/fuyuguo/opt/anaconda3/lib/python3.9/site-packages/numpy/core/fromnumeric.py:86: RuntimeWarning: invalid value encountered in reduce
  return ufunc.reduce(obj, axis, dtype, out, **passkwargs)
/Users/fuyuguo/PhD_thesis/Thesis_1_SNTTEM/Codes/three_time_binary/psi0_python/estimators.py:72: RuntimeWarning: overflow encountered in exp
  + mu13 * np.exp(-gamma03(L0, psi03) * A0)
/Users/fuyuguo/opt/anaconda3/lib/python3.9/site-packages/numpy/core/fromnumeric.py:86: RuntimeWarning: invalid value encountered in reduce
  return ufunc.reduce(obj, axis, dtype, out, **passkwargs)
/Users/fuyuguo/PhD_thesis/Thesis_1_SNTTEM/Codes/three_time_binary/psi0_python/estimators.py:72: RuntimeWarning: overflow encountered in exp
  + mu13 * np.exp(-gamma03(L0, psi03) * A0)
/Users/fuyuguo/opt/anaconda3/lib/python3.9/site-packages/numpy/core/fromnumeric.py:86: RuntimeWarning: invalid value encountered in reduce
  return ufunc.reduce(obj, axis, dtype, out, **passkwargs)
/Users/fuyuguo/PhD_thesis/Thesis_1_SNTTEM/Codes/three_time_binary/psi0_python/estimators.py:72: RuntimeWarning: overflow encountered in exp
  + mu13 * np.exp(-gamma03(L0, psi03) * A0)
/Users/fuyuguo/opt/anaconda3/lib/python3.9/site-packages/numpy/core/fromnumeric.py:86: RuntimeWarning: invalid value encountered in reduce
  return ufunc.reduce(obj, axis, dtype, out, **passkwargs)
/Users/fuyuguo/PhD_thesis/Thesis_1_SNTTEM/Codes/three_time_binary/psi0_python/estimators.py:72: RuntimeWarning: overflow encountered in exp
  + mu13 * np.exp(-gamma03(L0, psi03) * A0)
/Users/fuyuguo/opt/anaconda3/lib/python3.9/site-packages/numpy/core/fromnumeric.py:86: RuntimeWarning: invalid value encountered in reduce
  return ufunc.reduce(obj, axis, dtype, out, **passkwargs)
/Users/fuyuguo/PhD_thesis/Thesis_1_SNTTEM/Codes/three_time_binary/psi0_python/estimators.py:72: RuntimeWarning: overflow encountered in exp
  + mu13 * np.exp(-gamma03(L0, psi03) * A0)
/Users/fuyuguo/opt/anaconda3/lib/python3.9/site-packages/numpy/core/fromnumeric.py:86: RuntimeWarning: invalid value encountered in reduce
  return ufunc.reduce(obj, axis, dtype, out, **passkwargs)
/Users/fuyuguo/PhD_thesis/Thesis_1_SNTTEM/Codes/three_time_binary/psi0_python/estimators.py:72: RuntimeWarning: overflow encountered in exp
  + mu13 * np.exp(-gamma03(L0, psi03) * A0)
/Users/fuyuguo/opt/anaconda3/lib/python3.9/site-packages/numpy/core/fromnumeric.py:86: RuntimeWarning: invalid value encountered in reduce
  return ufunc.reduce(obj, axis, dtype, out, **passkwargs)
/Users/fuyuguo/PhD_thesis/Thesis_1_SNTTEM/Codes/three_time_binary/psi0_python/estimators.py:72: RuntimeWarning: overflow encountered in exp
  + mu13 * np.exp(-gamma03(L0, psi03) * A0)
/Users/fuyuguo/opt/anaconda3/lib/python3.9/site-packages/numpy/core/fromnumeric.py:86: RuntimeWarning: invalid value encountered in reduce
  return ufunc.reduce(obj, axis, dtype, out, **passkwargs)
/Users/fuyuguo/PhD_thesis/Thesis_1_SNTTEM/Codes/three_time_binary/psi0_python/estimators.py:72: RuntimeWarning: overflow encountered in exp
  + mu13 * np.exp(-gamma03(L0, psi03) * A0)
/Users/fuyuguo/opt/anaconda3/lib/python3.9/site-packages/numpy/core/fromnumeric.py:86: RuntimeWarning: invalid value encountered in reduce
  return ufunc.reduce(obj, axis, dtype, out, **passkwargs)
/Users/fuyuguo/PhD_thesis/Thesis_1_SNTTEM/Codes/three_time_binary/psi0_python/estimators.py:72: RuntimeWarning: overflow encountered in exp
  + mu13 * np.exp(-gamma03(L0, psi03) * A0)
/Users/fuyuguo/opt/anaconda3/lib/python3.9/site-packages/numpy/core/fromnumeric.py:86: RuntimeWarning: invalid value encountered in reduce
  return ufunc.reduce(obj, axis, dtype, out, **passkwargs)
/Users/fuyuguo/PhD_thesis/Thesis_1_SNTTEM/Codes/three_time_binary/psi0_python/estimators.py:72: RuntimeWarning: overflow encountered in exp
  + mu13 * np.exp(-gamma03(L0, psi03) * A0)
/Users/fuyuguo/opt/anaconda3/lib/python3.9/site-packages/numpy/core/fromnumeric.py:86: RuntimeWarning: invalid value encountered in reduce
  return ufunc.reduce(obj, axis, dtype, out, **passkwargs)
/Users/fuyuguo/PhD_thesis/Thesis_1_SNTTEM/Codes/three_time_binary/psi0_python/estimators.py:72: RuntimeWarning: overflow encountered in exp
  + mu13 * np.exp(-gamma03(L0, psi03) * A0)
/Users/fuyuguo/opt/anaconda3/lib/python3.9/site-packages/numpy/core/fromnumeric.py:86: RuntimeWarning: invalid value encountered in reduce
  return ufunc.reduce(obj, axis, dtype, out, **passkwargs)
/Users/fuyuguo/PhD_thesis/Thesis_1_SNTTEM/Codes/three_time_binary/psi0_python/estimators.py:72: RuntimeWarning: overflow encountered in exp
  + mu13 * np.exp(-gamma03(L0, psi03) * A0)
/Users/fuyuguo/opt/anaconda3/lib/python3.9/site-packages/numpy/core/fromnumeric.py:86: RuntimeWarning: invalid value encountered in reduce
  return ufunc.reduce(obj, axis, dtype, out, **passkwargs)
/Users/fuyuguo/PhD_thesis/Thesis_1_SNTTEM/Codes/three_time_binary/psi0_python/estimators.py:72: RuntimeWarning: overflow encountered in exp
  + mu13 * np.exp(-gamma03(L0, psi03) * A0)
/Users/fuyuguo/opt/anaconda3/lib/python3.9/site-packages/numpy/core/fromnumeric.py:86: RuntimeWarning: invalid value encountered in reduce
  return ufunc.reduce(obj, axis, dtype, out, **passkwargs)
/Users/fuyuguo/PhD_thesis/Thesis_1_SNTTEM/Codes/three_time_binary/psi0_python/estimators.py:72: RuntimeWarning: overflow encountered in exp
  + mu13 * np.exp(-gamma03(L0, psi03) * A0)
/Users/fuyuguo/opt/anaconda3/lib/python3.9/site-packages/numpy/core/fromnumeric.py:86: RuntimeWarning: invalid value encountered in reduce
  return ufunc.reduce(obj, axis, dtype, out, **passkwargs)
/Users/fuyuguo/PhD_thesis/Thesis_1_SNTTEM/Codes/three_time_binary/psi0_python/estimators.py:72: RuntimeWarning: overflow encountered in exp
  + mu13 * np.exp(-gamma03(L0, psi03) * A0)
/Users/fuyuguo/opt/anaconda3/lib/python3.9/site-packages/numpy/core/fromnumeric.py:86: RuntimeWarning: invalid value encountered in reduce
  return ufunc.reduce(obj, axis, dtype, out, **passkwargs)
/Users/fuyuguo/PhD_thesis/Thesis_1_SNTTEM/Codes/three_time_binary/psi0_python/estimators.py:72: RuntimeWarning: overflow encountered in exp
  + mu13 * np.exp(-gamma03(L0, psi03) * A0)
/Users/fuyuguo/opt/anaconda3/lib/python3.9/site-packages/numpy/core/fromnumeric.py:86: RuntimeWarning: invalid value encountered in reduce
  return ufunc.reduce(obj, axis, dtype, out, **passkwargs)
/Users/fuyuguo/PhD_thesis/Thesis_1_SNTTEM/Codes/three_time_binary/psi0_python/estimators.py:72: RuntimeWarning: overflow encountered in exp
  + mu13 * np.exp(-gamma03(L0, psi03) * A0)
/Users/fuyuguo/opt/anaconda3/lib/python3.9/site-packages/numpy/core/fromnumeric.py:86: RuntimeWarning: invalid value encountered in reduce
  return ufunc.reduce(obj, axis, dtype, out, **passkwargs)
/Users/fuyuguo/PhD_thesis/Thesis_1_SNTTEM/Codes/three_time_binary/psi0_python/estimators.py:72: RuntimeWarning: overflow encountered in exp
  + mu13 * np.exp(-gamma03(L0, psi03) * A0)
/Users/fuyuguo/opt/anaconda3/lib/python3.9/site-packages/numpy/core/fromnumeric.py:86: RuntimeWarning: invalid value encountered in reduce
  return ufunc.reduce(obj, axis, dtype, out, **passkwargs)
/Users/fuyuguo/PhD_thesis/Thesis_1_SNTTEM/Codes/three_time_binary/psi0_python/estimators.py:72: RuntimeWarning: overflow encountered in exp
  + mu13 * np.exp(-gamma03(L0, psi03) * A0)
/Users/fuyuguo/opt/anaconda3/lib/python3.9/site-packages/numpy/core/fromnumeric.py:86: RuntimeWarning: invalid value encountered in reduce
  return ufunc.reduce(obj, axis, dtype, out, **passkwargs)
/Users/fuyuguo/PhD_thesis/Thesis_1_SNTTEM/Codes/three_time_binary/psi0_python/estimators.py:72: RuntimeWarning: overflow encountered in exp
  + mu13 * np.exp(-gamma03(L0, psi03) * A0)
/Users/fuyuguo/opt/anaconda3/lib/python3.9/site-packages/numpy/core/fromnumeric.py:86: RuntimeWarning: invalid value encountered in reduce
  return ufunc.reduce(obj, axis, dtype, out, **passkwargs)
/Users/fuyuguo/PhD_thesis/Thesis_1_SNTTEM/Codes/three_time_binary/psi0_python/estimators.py:39: RuntimeWarning: overflow encountered in exp
  + mu13 * np.exp(-gamma03(L0, psi03) * A0)
/Users/fuyuguo/PhD_thesis/Thesis_1_SNTTEM/Codes/three_time_binary/psi0_python/estimators.py:72: RuntimeWarning: overflow encountered in exp
  + mu13 * np.exp(-gamma03(L0, psi03) * A0)
/Users/fuyuguo/opt/anaconda3/lib/python3.9/site-packages/numpy/core/fromnumeric.py:86: RuntimeWarning: invalid value encountered in reduce
  return ufunc.reduce(obj, axis, dtype, out, **passkwargs)
/Users/fuyuguo/PhD_thesis/Thesis_1_SNTTEM/Codes/three_time_binary/psi0_python/estimators.py:72: RuntimeWarning: overflow encountered in exp
  + mu13 * np.exp(-gamma03(L0, psi03) * A0)
/Users/fuyuguo/opt/anaconda3/lib/python3.9/site-packages/numpy/core/fromnumeric.py:86: RuntimeWarning: invalid value encountered in reduce
  return ufunc.reduce(obj, axis, dtype, out, **passkwargs)
/Users/fuyuguo/PhD_thesis/Thesis_1_SNTTEM/Codes/three_time_binary/psi0_python/estimators.py:72: RuntimeWarning: overflow encountered in exp
  + mu13 * np.exp(-gamma03(L0, psi03) * A0)
/Users/fuyuguo/opt/anaconda3/lib/python3.9/site-packages/numpy/core/fromnumeric.py:86: RuntimeWarning: invalid value encountered in reduce
  return ufunc.reduce(obj, axis, dtype, out, **passkwargs)
/Users/fuyuguo/PhD_thesis/Thesis_1_SNTTEM/Codes/three_time_binary/psi0_python/estimators.py:72: RuntimeWarning: overflow encountered in exp
  + mu13 * np.exp(-gamma03(L0, psi03) * A0)
/Users/fuyuguo/opt/anaconda3/lib/python3.9/site-packages/numpy/core/fromnumeric.py:86: RuntimeWarning: invalid value encountered in reduce
  return ufunc.reduce(obj, axis, dtype, out, **passkwargs)
/Users/fuyuguo/PhD_thesis/Thesis_1_SNTTEM/Codes/three_time_binary/psi0_python/estimators.py:72: RuntimeWarning: overflow encountered in exp
  + mu13 * np.exp(-gamma03(L0, psi03) * A0)
/Users/fuyuguo/opt/anaconda3/lib/python3.9/site-packages/numpy/core/fromnumeric.py:86: RuntimeWarning: invalid value encountered in reduce
  return ufunc.reduce(obj, axis, dtype, out, **passkwargs)
/Users/fuyuguo/PhD_thesis/Thesis_1_SNTTEM/Codes/three_time_binary/psi0_python/estimators.py:72: RuntimeWarning: overflow encountered in exp
  + mu13 * np.exp(-gamma03(L0, psi03) * A0)
/Users/fuyuguo/opt/anaconda3/lib/python3.9/site-packages/numpy/core/fromnumeric.py:86: RuntimeWarning: invalid value encountered in reduce
  return ufunc.reduce(obj, axis, dtype, out, **passkwargs)
/Users/fuyuguo/PhD_thesis/Thesis_1_SNTTEM/Codes/three_time_binary/psi0_python/estimators.py:72: RuntimeWarning: overflow encountered in exp
  + mu13 * np.exp(-gamma03(L0, psi03) * A0)
/Users/fuyuguo/opt/anaconda3/lib/python3.9/site-packages/numpy/core/fromnumeric.py:86: RuntimeWarning: invalid value encountered in reduce
  return ufunc.reduce(obj, axis, dtype, out, **passkwargs)
/Users/fuyuguo/PhD_thesis/Thesis_1_SNTTEM/Codes/three_time_binary/psi0_python/estimators.py:72: RuntimeWarning: overflow encountered in exp
  + mu13 * np.exp(-gamma03(L0, psi03) * A0)
/Users/fuyuguo/opt/anaconda3/lib/python3.9/site-packages/numpy/core/fromnumeric.py:86: RuntimeWarning: invalid value encountered in reduce
  return ufunc.reduce(obj, axis, dtype, out, **passkwargs)
/Users/fuyuguo/PhD_thesis/Thesis_1_SNTTEM/Codes/three_time_binary/psi0_python/estimators.py:72: RuntimeWarning: overflow encountered in exp
  + mu13 * np.exp(-gamma03(L0, psi03) * A0)
/Users/fuyuguo/opt/anaconda3/lib/python3.9/site-packages/numpy/core/fromnumeric.py:86: RuntimeWarning: invalid value encountered in reduce
  return ufunc.reduce(obj, axis, dtype, out, **passkwargs)
/Users/fuyuguo/PhD_thesis/Thesis_1_SNTTEM/Codes/three_time_binary/psi0_python/estimators.py:72: RuntimeWarning: overflow encountered in exp
  + mu13 * np.exp(-gamma03(L0, psi03) * A0)
/Users/fuyuguo/opt/anaconda3/lib/python3.9/site-packages/numpy/core/fromnumeric.py:86: RuntimeWarning: invalid value encountered in reduce
  return ufunc.reduce(obj, axis, dtype, out, **passkwargs)
/Users/fuyuguo/PhD_thesis/Thesis_1_SNTTEM/Codes/three_time_binary/psi0_python/estimators.py:72: RuntimeWarning: overflow encountered in exp
  + mu13 * np.exp(-gamma03(L0, psi03) * A0)
/Users/fuyuguo/opt/anaconda3/lib/python3.9/site-packages/numpy/core/fromnumeric.py:86: RuntimeWarning: invalid value encountered in reduce
  return ufunc.reduce(obj, axis, dtype, out, **passkwargs)
/Users/fuyuguo/PhD_thesis/Thesis_1_SNTTEM/Codes/three_time_binary/psi0_python/estimators.py:72: RuntimeWarning: overflow encountered in exp
  + mu13 * np.exp(-gamma03(L0, psi03) * A0)
/Users/fuyuguo/opt/anaconda3/lib/python3.9/site-packages/numpy/core/fromnumeric.py:86: RuntimeWarning: invalid value encountered in reduce
  return ufunc.reduce(obj, axis, dtype, out, **passkwargs)
[Parallel(n_jobs=-1)]: Done 426 tasks      | elapsed:  8.1min
/Users/fuyuguo/PhD_thesis/Thesis_1_SNTTEM/Codes/three_time_binary/psi0_python/estimators.py:72: RuntimeWarning: overflow encountered in exp
  + mu13 * np.exp(-gamma03(L0, psi03) * A0)
/Users/fuyuguo/opt/anaconda3/lib/python3.9/site-packages/numpy/core/fromnumeric.py:86: RuntimeWarning: invalid value encountered in reduce
  return ufunc.reduce(obj, axis, dtype, out, **passkwargs)
/Users/fuyuguo/PhD_thesis/Thesis_1_SNTTEM/Codes/three_time_binary/psi0_python/estimators.py:72: RuntimeWarning: overflow encountered in exp
  + mu13 * np.exp(-gamma03(L0, psi03) * A0)
/Users/fuyuguo/opt/anaconda3/lib/python3.9/site-packages/numpy/core/fromnumeric.py:86: RuntimeWarning: invalid value encountered in reduce
  return ufunc.reduce(obj, axis, dtype, out, **passkwargs)
/Users/fuyuguo/PhD_thesis/Thesis_1_SNTTEM/Codes/three_time_binary/psi0_python/estimators.py:72: RuntimeWarning: overflow encountered in exp
  + mu13 * np.exp(-gamma03(L0, psi03) * A0)
/Users/fuyuguo/opt/anaconda3/lib/python3.9/site-packages/numpy/core/fromnumeric.py:86: RuntimeWarning: invalid value encountered in reduce
  return ufunc.reduce(obj, axis, dtype, out, **passkwargs)
/Users/fuyuguo/PhD_thesis/Thesis_1_SNTTEM/Codes/three_time_binary/psi0_python/estimators.py:72: RuntimeWarning: overflow encountered in exp
  + mu13 * np.exp(-gamma03(L0, psi03) * A0)
/Users/fuyuguo/opt/anaconda3/lib/python3.9/site-packages/numpy/core/fromnumeric.py:86: RuntimeWarning: invalid value encountered in reduce
  return ufunc.reduce(obj, axis, dtype, out, **passkwargs)
/Users/fuyuguo/PhD_thesis/Thesis_1_SNTTEM/Codes/three_time_binary/psi0_python/estimators.py:72: RuntimeWarning: overflow encountered in exp
  + mu13 * np.exp(-gamma03(L0, psi03) * A0)
/Users/fuyuguo/opt/anaconda3/lib/python3.9/site-packages/numpy/core/fromnumeric.py:86: RuntimeWarning: invalid value encountered in reduce
  return ufunc.reduce(obj, axis, dtype, out, **passkwargs)
/Users/fuyuguo/PhD_thesis/Thesis_1_SNTTEM/Codes/three_time_binary/psi0_python/estimators.py:72: RuntimeWarning: overflow encountered in exp
  + mu13 * np.exp(-gamma03(L0, psi03) * A0)
/Users/fuyuguo/opt/anaconda3/lib/python3.9/site-packages/numpy/core/fromnumeric.py:86: RuntimeWarning: invalid value encountered in reduce
  return ufunc.reduce(obj, axis, dtype, out, **passkwargs)
/Users/fuyuguo/PhD_thesis/Thesis_1_SNTTEM/Codes/three_time_binary/psi0_python/estimators.py:72: RuntimeWarning: overflow encountered in exp
  + mu13 * np.exp(-gamma03(L0, psi03) * A0)
/Users/fuyuguo/opt/anaconda3/lib/python3.9/site-packages/numpy/core/fromnumeric.py:86: RuntimeWarning: invalid value encountered in reduce
  return ufunc.reduce(obj, axis, dtype, out, **passkwargs)
/Users/fuyuguo/PhD_thesis/Thesis_1_SNTTEM/Codes/three_time_binary/psi0_python/estimators.py:72: RuntimeWarning: overflow encountered in exp
  + mu13 * np.exp(-gamma03(L0, psi03) * A0)
/Users/fuyuguo/opt/anaconda3/lib/python3.9/site-packages/numpy/core/fromnumeric.py:86: RuntimeWarning: invalid value encountered in reduce
  return ufunc.reduce(obj, axis, dtype, out, **passkwargs)
/Users/fuyuguo/PhD_thesis/Thesis_1_SNTTEM/Codes/three_time_binary/psi0_python/estimators.py:72: RuntimeWarning: overflow encountered in exp
  + mu13 * np.exp(-gamma03(L0, psi03) * A0)
/Users/fuyuguo/opt/anaconda3/lib/python3.9/site-packages/numpy/core/fromnumeric.py:86: RuntimeWarning: invalid value encountered in reduce
  return ufunc.reduce(obj, axis, dtype, out, **passkwargs)
/Users/fuyuguo/PhD_thesis/Thesis_1_SNTTEM/Codes/three_time_binary/psi0_python/estimators.py:72: RuntimeWarning: overflow encountered in exp
  + mu13 * np.exp(-gamma03(L0, psi03) * A0)
/Users/fuyuguo/opt/anaconda3/lib/python3.9/site-packages/numpy/core/fromnumeric.py:86: RuntimeWarning: invalid value encountered in reduce
  return ufunc.reduce(obj, axis, dtype, out, **passkwargs)
/Users/fuyuguo/PhD_thesis/Thesis_1_SNTTEM/Codes/three_time_binary/psi0_python/estimators.py:72: RuntimeWarning: overflow encountered in exp
  + mu13 * np.exp(-gamma03(L0, psi03) * A0)
/Users/fuyuguo/opt/anaconda3/lib/python3.9/site-packages/numpy/core/fromnumeric.py:86: RuntimeWarning: invalid value encountered in reduce
  return ufunc.reduce(obj, axis, dtype, out, **passkwargs)
/Users/fuyuguo/PhD_thesis/Thesis_1_SNTTEM/Codes/three_time_binary/psi0_python/estimators.py:72: RuntimeWarning: overflow encountered in exp
  + mu13 * np.exp(-gamma03(L0, psi03) * A0)
/Users/fuyuguo/opt/anaconda3/lib/python3.9/site-packages/numpy/core/fromnumeric.py:86: RuntimeWarning: invalid value encountered in reduce
  return ufunc.reduce(obj, axis, dtype, out, **passkwargs)
/Users/fuyuguo/PhD_thesis/Thesis_1_SNTTEM/Codes/three_time_binary/psi0_python/estimators.py:72: RuntimeWarning: overflow encountered in exp
  + mu13 * np.exp(-gamma03(L0, psi03) * A0)
/Users/fuyuguo/opt/anaconda3/lib/python3.9/site-packages/numpy/core/fromnumeric.py:86: RuntimeWarning: invalid value encountered in reduce
  return ufunc.reduce(obj, axis, dtype, out, **passkwargs)
/Users/fuyuguo/PhD_thesis/Thesis_1_SNTTEM/Codes/three_time_binary/psi0_python/estimators.py:72: RuntimeWarning: overflow encountered in exp
  + mu13 * np.exp(-gamma03(L0, psi03) * A0)
/Users/fuyuguo/opt/anaconda3/lib/python3.9/site-packages/numpy/core/fromnumeric.py:86: RuntimeWarning: invalid value encountered in reduce
  return ufunc.reduce(obj, axis, dtype, out, **passkwargs)
/Users/fuyuguo/PhD_thesis/Thesis_1_SNTTEM/Codes/three_time_binary/psi0_python/estimators.py:72: RuntimeWarning: overflow encountered in exp
  + mu13 * np.exp(-gamma03(L0, psi03) * A0)
/Users/fuyuguo/opt/anaconda3/lib/python3.9/site-packages/numpy/core/fromnumeric.py:86: RuntimeWarning: invalid value encountered in reduce
  return ufunc.reduce(obj, axis, dtype, out, **passkwargs)
/Users/fuyuguo/PhD_thesis/Thesis_1_SNTTEM/Codes/three_time_binary/psi0_python/estimators.py:72: RuntimeWarning: overflow encountered in exp
  + mu13 * np.exp(-gamma03(L0, psi03) * A0)
/Users/fuyuguo/opt/anaconda3/lib/python3.9/site-packages/numpy/core/fromnumeric.py:86: RuntimeWarning: invalid value encountered in reduce
  return ufunc.reduce(obj, axis, dtype, out, **passkwargs)
/Users/fuyuguo/PhD_thesis/Thesis_1_SNTTEM/Codes/three_time_binary/psi0_python/estimators.py:72: RuntimeWarning: overflow encountered in exp
  + mu13 * np.exp(-gamma03(L0, psi03) * A0)
/Users/fuyuguo/opt/anaconda3/lib/python3.9/site-packages/numpy/core/fromnumeric.py:86: RuntimeWarning: invalid value encountered in reduce
  return ufunc.reduce(obj, axis, dtype, out, **passkwargs)
/Users/fuyuguo/PhD_thesis/Thesis_1_SNTTEM/Codes/three_time_binary/psi0_python/estimators.py:72: RuntimeWarning: overflow encountered in exp
  + mu13 * np.exp(-gamma03(L0, psi03) * A0)
/Users/fuyuguo/opt/anaconda3/lib/python3.9/site-packages/numpy/core/fromnumeric.py:86: RuntimeWarning: invalid value encountered in reduce
  return ufunc.reduce(obj, axis, dtype, out, **passkwargs)
/Users/fuyuguo/PhD_thesis/Thesis_1_SNTTEM/Codes/three_time_binary/psi0_python/estimators.py:72: RuntimeWarning: overflow encountered in exp
  + mu13 * np.exp(-gamma03(L0, psi03) * A0)
/Users/fuyuguo/opt/anaconda3/lib/python3.9/site-packages/numpy/core/fromnumeric.py:86: RuntimeWarning: invalid value encountered in reduce
  return ufunc.reduce(obj, axis, dtype, out, **passkwargs)
/Users/fuyuguo/PhD_thesis/Thesis_1_SNTTEM/Codes/three_time_binary/psi0_python/estimators.py:72: RuntimeWarning: overflow encountered in exp
  + mu13 * np.exp(-gamma03(L0, psi03) * A0)
/Users/fuyuguo/opt/anaconda3/lib/python3.9/site-packages/numpy/core/fromnumeric.py:86: RuntimeWarning: invalid value encountered in reduce
  return ufunc.reduce(obj, axis, dtype, out, **passkwargs)
/Users/fuyuguo/PhD_thesis/Thesis_1_SNTTEM/Codes/three_time_binary/psi0_python/estimators.py:72: RuntimeWarning: overflow encountered in exp
  + mu13 * np.exp(-gamma03(L0, psi03) * A0)
/Users/fuyuguo/opt/anaconda3/lib/python3.9/site-packages/numpy/core/fromnumeric.py:86: RuntimeWarning: invalid value encountered in reduce
  return ufunc.reduce(obj, axis, dtype, out, **passkwargs)
/Users/fuyuguo/PhD_thesis/Thesis_1_SNTTEM/Codes/three_time_binary/psi0_python/estimators.py:72: RuntimeWarning: overflow encountered in exp
  + mu13 * np.exp(-gamma03(L0, psi03) * A0)
/Users/fuyuguo/opt/anaconda3/lib/python3.9/site-packages/numpy/core/fromnumeric.py:86: RuntimeWarning: invalid value encountered in reduce
  return ufunc.reduce(obj, axis, dtype, out, **passkwargs)
/Users/fuyuguo/PhD_thesis/Thesis_1_SNTTEM/Codes/three_time_binary/psi0_python/estimators.py:72: RuntimeWarning: overflow encountered in exp
  + mu13 * np.exp(-gamma03(L0, psi03) * A0)
/Users/fuyuguo/opt/anaconda3/lib/python3.9/site-packages/numpy/core/fromnumeric.py:86: RuntimeWarning: invalid value encountered in reduce
  return ufunc.reduce(obj, axis, dtype, out, **passkwargs)
/Users/fuyuguo/PhD_thesis/Thesis_1_SNTTEM/Codes/three_time_binary/psi0_python/estimators.py:72: RuntimeWarning: overflow encountered in exp
  + mu13 * np.exp(-gamma03(L0, psi03) * A0)
/Users/fuyuguo/opt/anaconda3/lib/python3.9/site-packages/numpy/core/fromnumeric.py:86: RuntimeWarning: invalid value encountered in reduce
  return ufunc.reduce(obj, axis, dtype, out, **passkwargs)
/Users/fuyuguo/PhD_thesis/Thesis_1_SNTTEM/Codes/three_time_binary/psi0_python/estimators.py:72: RuntimeWarning: overflow encountered in exp
  + mu13 * np.exp(-gamma03(L0, psi03) * A0)
/Users/fuyuguo/opt/anaconda3/lib/python3.9/site-packages/numpy/core/fromnumeric.py:86: RuntimeWarning: invalid value encountered in reduce
  return ufunc.reduce(obj, axis, dtype, out, **passkwargs)
/Users/fuyuguo/PhD_thesis/Thesis_1_SNTTEM/Codes/three_time_binary/psi0_python/estimators.py:72: RuntimeWarning: overflow encountered in exp
  + mu13 * np.exp(-gamma03(L0, psi03) * A0)
/Users/fuyuguo/opt/anaconda3/lib/python3.9/site-packages/numpy/core/fromnumeric.py:86: RuntimeWarning: invalid value encountered in reduce
  return ufunc.reduce(obj, axis, dtype, out, **passkwargs)
/Users/fuyuguo/PhD_thesis/Thesis_1_SNTTEM/Codes/three_time_binary/psi0_python/estimators.py:72: RuntimeWarning: overflow encountered in exp
  + mu13 * np.exp(-gamma03(L0, psi03) * A0)
/Users/fuyuguo/opt/anaconda3/lib/python3.9/site-packages/numpy/core/fromnumeric.py:86: RuntimeWarning: invalid value encountered in reduce
  return ufunc.reduce(obj, axis, dtype, out, **passkwargs)
/Users/fuyuguo/PhD_thesis/Thesis_1_SNTTEM/Codes/three_time_binary/psi0_python/estimators.py:72: RuntimeWarning: overflow encountered in exp
  + mu13 * np.exp(-gamma03(L0, psi03) * A0)
/Users/fuyuguo/opt/anaconda3/lib/python3.9/site-packages/numpy/core/fromnumeric.py:86: RuntimeWarning: invalid value encountered in reduce
  return ufunc.reduce(obj, axis, dtype, out, **passkwargs)
/Users/fuyuguo/PhD_thesis/Thesis_1_SNTTEM/Codes/three_time_binary/psi0_python/estimators.py:72: RuntimeWarning: overflow encountered in exp
  + mu13 * np.exp(-gamma03(L0, psi03) * A0)
/Users/fuyuguo/opt/anaconda3/lib/python3.9/site-packages/numpy/core/fromnumeric.py:86: RuntimeWarning: invalid value encountered in reduce
  return ufunc.reduce(obj, axis, dtype, out, **passkwargs)
/Users/fuyuguo/PhD_thesis/Thesis_1_SNTTEM/Codes/three_time_binary/psi0_python/estimators.py:72: RuntimeWarning: overflow encountered in exp
  + mu13 * np.exp(-gamma03(L0, psi03) * A0)
/Users/fuyuguo/opt/anaconda3/lib/python3.9/site-packages/numpy/core/fromnumeric.py:86: RuntimeWarning: invalid value encountered in reduce
  return ufunc.reduce(obj, axis, dtype, out, **passkwargs)
/Users/fuyuguo/PhD_thesis/Thesis_1_SNTTEM/Codes/three_time_binary/psi0_python/estimators.py:72: RuntimeWarning: overflow encountered in exp
  + mu13 * np.exp(-gamma03(L0, psi03) * A0)
/Users/fuyuguo/opt/anaconda3/lib/python3.9/site-packages/numpy/core/fromnumeric.py:86: RuntimeWarning: invalid value encountered in reduce
  return ufunc.reduce(obj, axis, dtype, out, **passkwargs)
[Parallel(n_jobs=-1)]: Done 500 out of 500 | elapsed:  9.3min finished
[Parallel(n_jobs=-1)]: Using backend LokyBackend with 12 concurrent workers.
/Users/fuyuguo/PhD_thesis/Thesis_1_SNTTEM/Codes/three_time_binary/psi0_python/estimators.py:72: RuntimeWarning: overflow encountered in exp
  + mu13 * np.exp(-gamma03(L0, psi03) * A0)
/Users/fuyuguo/opt/anaconda3/lib/python3.9/site-packages/numpy/core/fromnumeric.py:86: RuntimeWarning: invalid value encountered in reduce
  return ufunc.reduce(obj, axis, dtype, out, **passkwargs)
/Users/fuyuguo/PhD_thesis/Thesis_1_SNTTEM/Codes/three_time_binary/psi0_python/estimators.py:72: RuntimeWarning: overflow encountered in exp
  + mu13 * np.exp(-gamma03(L0, psi03) * A0)
/Users/fuyuguo/opt/anaconda3/lib/python3.9/site-packages/numpy/core/fromnumeric.py:86: RuntimeWarning: invalid value encountered in reduce
  return ufunc.reduce(obj, axis, dtype, out, **passkwargs)
/Users/fuyuguo/PhD_thesis/Thesis_1_SNTTEM/Codes/three_time_binary/psi0_python/estimators.py:39: RuntimeWarning: overflow encountered in exp
  + mu13 * np.exp(-gamma03(L0, psi03) * A0)
/Users/fuyuguo/opt/anaconda3/lib/python3.9/site-packages/numpy/core/fromnumeric.py:86: RuntimeWarning: invalid value encountered in reduce
  return ufunc.reduce(obj, axis, dtype, out, **passkwargs)
/Users/fuyuguo/PhD_thesis/Thesis_1_SNTTEM/Codes/three_time_binary/psi0_python/estimators.py:72: RuntimeWarning: overflow encountered in exp
  + mu13 * np.exp(-gamma03(L0, psi03) * A0)
/Users/fuyuguo/opt/anaconda3/lib/python3.9/site-packages/numpy/core/fromnumeric.py:86: RuntimeWarning: invalid value encountered in reduce
  return ufunc.reduce(obj, axis, dtype, out, **passkwargs)
/Users/fuyuguo/PhD_thesis/Thesis_1_SNTTEM/Codes/three_time_binary/psi0_python/estimators.py:72: RuntimeWarning: overflow encountered in exp
  + mu13 * np.exp(-gamma03(L0, psi03) * A0)
/Users/fuyuguo/opt/anaconda3/lib/python3.9/site-packages/numpy/core/fromnumeric.py:86: RuntimeWarning: invalid value encountered in reduce
  return ufunc.reduce(obj, axis, dtype, out, **passkwargs)
/Users/fuyuguo/PhD_thesis/Thesis_1_SNTTEM/Codes/three_time_binary/psi0_python/estimators.py:72: RuntimeWarning: overflow encountered in exp
  + mu13 * np.exp(-gamma03(L0, psi03) * A0)
/Users/fuyuguo/opt/anaconda3/lib/python3.9/site-packages/numpy/core/fromnumeric.py:86: RuntimeWarning: invalid value encountered in reduce
  return ufunc.reduce(obj, axis, dtype, out, **passkwargs)
[Parallel(n_jobs=-1)]: Done  48 tasks      | elapsed:   54.3s
/Users/fuyuguo/PhD_thesis/Thesis_1_SNTTEM/Codes/three_time_binary/psi0_python/estimators.py:72: RuntimeWarning: overflow encountered in exp
  + mu13 * np.exp(-gamma03(L0, psi03) * A0)
/Users/fuyuguo/opt/anaconda3/lib/python3.9/site-packages/numpy/core/fromnumeric.py:86: RuntimeWarning: invalid value encountered in reduce
  return ufunc.reduce(obj, axis, dtype, out, **passkwargs)
/Users/fuyuguo/PhD_thesis/Thesis_1_SNTTEM/Codes/three_time_binary/psi0_python/estimators.py:72: RuntimeWarning: overflow encountered in exp
  + mu13 * np.exp(-gamma03(L0, psi03) * A0)
/Users/fuyuguo/opt/anaconda3/lib/python3.9/site-packages/numpy/core/fromnumeric.py:86: RuntimeWarning: invalid value encountered in reduce
  return ufunc.reduce(obj, axis, dtype, out, **passkwargs)
[Parallel(n_jobs=-1)]: Done 138 tasks      | elapsed:  2.5min
/Users/fuyuguo/PhD_thesis/Thesis_1_SNTTEM/Codes/three_time_binary/psi0_python/estimators.py:72: RuntimeWarning: overflow encountered in exp
  + mu13 * np.exp(-gamma03(L0, psi03) * A0)
/Users/fuyuguo/opt/anaconda3/lib/python3.9/site-packages/numpy/core/fromnumeric.py:86: RuntimeWarning: invalid value encountered in reduce
  return ufunc.reduce(obj, axis, dtype, out, **passkwargs)
/Users/fuyuguo/PhD_thesis/Thesis_1_SNTTEM/Codes/three_time_binary/psi0_python/estimators.py:72: RuntimeWarning: overflow encountered in exp
  + mu13 * np.exp(-gamma03(L0, psi03) * A0)
/Users/fuyuguo/opt/anaconda3/lib/python3.9/site-packages/numpy/core/fromnumeric.py:86: RuntimeWarning: invalid value encountered in reduce
  return ufunc.reduce(obj, axis, dtype, out, **passkwargs)
/Users/fuyuguo/PhD_thesis/Thesis_1_SNTTEM/Codes/three_time_binary/psi0_python/estimators.py:72: RuntimeWarning: overflow encountered in exp
  + mu13 * np.exp(-gamma03(L0, psi03) * A0)
/Users/fuyuguo/opt/anaconda3/lib/python3.9/site-packages/numpy/core/fromnumeric.py:86: RuntimeWarning: invalid value encountered in reduce
  return ufunc.reduce(obj, axis, dtype, out, **passkwargs)
/Users/fuyuguo/PhD_thesis/Thesis_1_SNTTEM/Codes/three_time_binary/psi0_python/estimators.py:72: RuntimeWarning: overflow encountered in exp
  + mu13 * np.exp(-gamma03(L0, psi03) * A0)
/Users/fuyuguo/opt/anaconda3/lib/python3.9/site-packages/numpy/core/fromnumeric.py:86: RuntimeWarning: invalid value encountered in reduce
  return ufunc.reduce(obj, axis, dtype, out, **passkwargs)
/Users/fuyuguo/PhD_thesis/Thesis_1_SNTTEM/Codes/three_time_binary/psi0_python/estimators.py:39: RuntimeWarning: overflow encountered in exp
  + mu13 * np.exp(-gamma03(L0, psi03) * A0)
/Users/fuyuguo/opt/anaconda3/lib/python3.9/site-packages/numpy/core/fromnumeric.py:86: RuntimeWarning: invalid value encountered in reduce
  return ufunc.reduce(obj, axis, dtype, out, **passkwargs)
/Users/fuyuguo/PhD_thesis/Thesis_1_SNTTEM/Codes/three_time_binary/psi0_python/estimators.py:72: RuntimeWarning: overflow encountered in exp
  + mu13 * np.exp(-gamma03(L0, psi03) * A0)
/Users/fuyuguo/opt/anaconda3/lib/python3.9/site-packages/numpy/core/fromnumeric.py:86: RuntimeWarning: invalid value encountered in reduce
  return ufunc.reduce(obj, axis, dtype, out, **passkwargs)
[Parallel(n_jobs=-1)]: Done 264 tasks      | elapsed:  4.7min
/Users/fuyuguo/PhD_thesis/Thesis_1_SNTTEM/Codes/three_time_binary/psi0_python/estimators.py:72: RuntimeWarning: overflow encountered in exp
  + mu13 * np.exp(-gamma03(L0, psi03) * A0)
/Users/fuyuguo/opt/anaconda3/lib/python3.9/site-packages/numpy/core/fromnumeric.py:86: RuntimeWarning: invalid value encountered in reduce
  return ufunc.reduce(obj, axis, dtype, out, **passkwargs)
/Users/fuyuguo/PhD_thesis/Thesis_1_SNTTEM/Codes/three_time_binary/psi0_python/estimators.py:72: RuntimeWarning: overflow encountered in exp
  + mu13 * np.exp(-gamma03(L0, psi03) * A0)
/Users/fuyuguo/opt/anaconda3/lib/python3.9/site-packages/numpy/core/fromnumeric.py:86: RuntimeWarning: invalid value encountered in reduce
  return ufunc.reduce(obj, axis, dtype, out, **passkwargs)
/Users/fuyuguo/PhD_thesis/Thesis_1_SNTTEM/Codes/three_time_binary/psi0_python/estimators.py:72: RuntimeWarning: overflow encountered in exp
  + mu13 * np.exp(-gamma03(L0, psi03) * A0)
/Users/fuyuguo/opt/anaconda3/lib/python3.9/site-packages/numpy/core/fromnumeric.py:86: RuntimeWarning: invalid value encountered in reduce
  return ufunc.reduce(obj, axis, dtype, out, **passkwargs)
/Users/fuyuguo/PhD_thesis/Thesis_1_SNTTEM/Codes/three_time_binary/psi0_python/estimators.py:72: RuntimeWarning: overflow encountered in exp
  + mu13 * np.exp(-gamma03(L0, psi03) * A0)
/Users/fuyuguo/opt/anaconda3/lib/python3.9/site-packages/numpy/core/fromnumeric.py:86: RuntimeWarning: invalid value encountered in reduce
  return ufunc.reduce(obj, axis, dtype, out, **passkwargs)
/Users/fuyuguo/PhD_thesis/Thesis_1_SNTTEM/Codes/three_time_binary/psi0_python/estimators.py:72: RuntimeWarning: overflow encountered in exp
  + mu13 * np.exp(-gamma03(L0, psi03) * A0)
/Users/fuyuguo/opt/anaconda3/lib/python3.9/site-packages/numpy/core/fromnumeric.py:86: RuntimeWarning: invalid value encountered in reduce
  return ufunc.reduce(obj, axis, dtype, out, **passkwargs)
/Users/fuyuguo/PhD_thesis/Thesis_1_SNTTEM/Codes/three_time_binary/psi0_python/estimators.py:72: RuntimeWarning: overflow encountered in exp
  + mu13 * np.exp(-gamma03(L0, psi03) * A0)
/Users/fuyuguo/opt/anaconda3/lib/python3.9/site-packages/numpy/core/fromnumeric.py:86: RuntimeWarning: invalid value encountered in reduce
  return ufunc.reduce(obj, axis, dtype, out, **passkwargs)
/Users/fuyuguo/PhD_thesis/Thesis_1_SNTTEM/Codes/three_time_binary/psi0_python/estimators.py:72: RuntimeWarning: overflow encountered in exp
  + mu13 * np.exp(-gamma03(L0, psi03) * A0)
/Users/fuyuguo/opt/anaconda3/lib/python3.9/site-packages/numpy/core/fromnumeric.py:86: RuntimeWarning: invalid value encountered in reduce
  return ufunc.reduce(obj, axis, dtype, out, **passkwargs)
/Users/fuyuguo/PhD_thesis/Thesis_1_SNTTEM/Codes/three_time_binary/psi0_python/estimators.py:72: RuntimeWarning: overflow encountered in exp
  + mu13 * np.exp(-gamma03(L0, psi03) * A0)
/Users/fuyuguo/opt/anaconda3/lib/python3.9/site-packages/numpy/core/fromnumeric.py:86: RuntimeWarning: invalid value encountered in reduce
  return ufunc.reduce(obj, axis, dtype, out, **passkwargs)
/Users/fuyuguo/PhD_thesis/Thesis_1_SNTTEM/Codes/three_time_binary/psi0_python/estimators.py:72: RuntimeWarning: overflow encountered in exp
  + mu13 * np.exp(-gamma03(L0, psi03) * A0)
/Users/fuyuguo/opt/anaconda3/lib/python3.9/site-packages/numpy/core/fromnumeric.py:86: RuntimeWarning: invalid value encountered in reduce
  return ufunc.reduce(obj, axis, dtype, out, **passkwargs)
[Parallel(n_jobs=-1)]: Done 426 tasks      | elapsed:  7.4min
/Users/fuyuguo/PhD_thesis/Thesis_1_SNTTEM/Codes/three_time_binary/psi0_python/estimators.py:72: RuntimeWarning: overflow encountered in exp
  + mu13 * np.exp(-gamma03(L0, psi03) * A0)
/Users/fuyuguo/opt/anaconda3/lib/python3.9/site-packages/numpy/core/fromnumeric.py:86: RuntimeWarning: invalid value encountered in reduce
  return ufunc.reduce(obj, axis, dtype, out, **passkwargs)
/Users/fuyuguo/PhD_thesis/Thesis_1_SNTTEM/Codes/three_time_binary/psi0_python/estimators.py:72: RuntimeWarning: overflow encountered in exp
  + mu13 * np.exp(-gamma03(L0, psi03) * A0)
/Users/fuyuguo/opt/anaconda3/lib/python3.9/site-packages/numpy/core/fromnumeric.py:86: RuntimeWarning: invalid value encountered in reduce
  return ufunc.reduce(obj, axis, dtype, out, **passkwargs)
[Parallel(n_jobs=-1)]: Done 500 out of 500 | elapsed:  8.5min finished
[Parallel(n_jobs=-1)]: Using backend LokyBackend with 12 concurrent workers.
[Parallel(n_jobs=-1)]: Done  48 tasks      | elapsed:   52.7s
/Users/fuyuguo/PhD_thesis/Thesis_1_SNTTEM/Codes/three_time_binary/psi0_python/estimators.py:72: RuntimeWarning: overflow encountered in exp
  + mu13 * np.exp(-gamma03(L0, psi03) * A0)
/Users/fuyuguo/opt/anaconda3/lib/python3.9/site-packages/numpy/core/fromnumeric.py:86: RuntimeWarning: invalid value encountered in reduce
  return ufunc.reduce(obj, axis, dtype, out, **passkwargs)
/Users/fuyuguo/PhD_thesis/Thesis_1_SNTTEM/Codes/three_time_binary/psi0_python/estimators.py:51: RuntimeWarning: overflow encountered in exp
  I2 * (A2 - ps2) * (Y * np.exp(-gamma23(L2, psi23) * (A2 - A1)) - mu23)
/Users/fuyuguo/PhD_thesis/Thesis_1_SNTTEM/Codes/three_time_binary/psi0_python/estimators.py:51: RuntimeWarning: invalid value encountered in multiply
  I2 * (A2 - ps2) * (Y * np.exp(-gamma23(L2, psi23) * (A2 - A1)) - mu23)
[Parallel(n_jobs=-1)]: Done 138 tasks      | elapsed:  2.5min
/Users/fuyuguo/PhD_thesis/Thesis_1_SNTTEM/Codes/three_time_binary/psi0_python/estimators.py:72: RuntimeWarning: overflow encountered in exp
  + mu13 * np.exp(-gamma03(L0, psi03) * A0)
/Users/fuyuguo/opt/anaconda3/lib/python3.9/site-packages/numpy/core/fromnumeric.py:86: RuntimeWarning: invalid value encountered in reduce
  return ufunc.reduce(obj, axis, dtype, out, **passkwargs)
[Parallel(n_jobs=-1)]: Done 264 tasks      | elapsed:  4.6min
/Users/fuyuguo/PhD_thesis/Thesis_1_SNTTEM/Codes/three_time_binary/psi0_python/estimators.py:51: RuntimeWarning: overflow encountered in exp
  I2 * (A2 - ps2) * (Y * np.exp(-gamma23(L2, psi23) * (A2 - A1)) - mu23)
/Users/fuyuguo/PhD_thesis/Thesis_1_SNTTEM/Codes/three_time_binary/psi0_python/estimators.py:51: RuntimeWarning: invalid value encountered in multiply
  I2 * (A2 - ps2) * (Y * np.exp(-gamma23(L2, psi23) * (A2 - A1)) - mu23)
/Users/fuyuguo/opt/anaconda3/lib/python3.9/site-packages/numpy/core/fromnumeric.py:86: RuntimeWarning: invalid value encountered in reduce
  return ufunc.reduce(obj, axis, dtype, out, **passkwargs)
/Users/fuyuguo/PhD_thesis/Thesis_1_SNTTEM/Codes/three_time_binary/psi0_python/estimators.py:51: RuntimeWarning: overflow encountered in exp
  I2 * (A2 - ps2) * (Y * np.exp(-gamma23(L2, psi23) * (A2 - A1)) - mu23)
/Users/fuyuguo/PhD_thesis/Thesis_1_SNTTEM/Codes/three_time_binary/psi0_python/estimators.py:51: RuntimeWarning: invalid value encountered in multiply
  I2 * (A2 - ps2) * (Y * np.exp(-gamma23(L2, psi23) * (A2 - A1)) - mu23)
/Users/fuyuguo/opt/anaconda3/lib/python3.9/site-packages/numpy/core/fromnumeric.py:86: RuntimeWarning: invalid value encountered in reduce
  return ufunc.reduce(obj, axis, dtype, out, **passkwargs)
[Parallel(n_jobs=-1)]: Done 426 tasks      | elapsed:  7.3min
[Parallel(n_jobs=-1)]: Done 500 out of 500 | elapsed:  8.6min finished
[Parallel(n_jobs=-1)]: Using backend LokyBackend with 12 concurrent workers.
/Users/fuyuguo/PhD_thesis/Thesis_1_SNTTEM/Codes/three_time_binary/psi0_python/estimators.py:72: RuntimeWarning: overflow encountered in exp
  + mu13 * np.exp(-gamma03(L0, psi03) * A0)
/Users/fuyuguo/opt/anaconda3/lib/python3.9/site-packages/numpy/core/fromnumeric.py:86: RuntimeWarning: invalid value encountered in reduce
  return ufunc.reduce(obj, axis, dtype, out, **passkwargs)
/Users/fuyuguo/PhD_thesis/Thesis_1_SNTTEM/Codes/three_time_binary/psi0_python/estimators.py:72: RuntimeWarning: overflow encountered in exp
  + mu13 * np.exp(-gamma03(L0, psi03) * A0)
/Users/fuyuguo/opt/anaconda3/lib/python3.9/site-packages/numpy/core/fromnumeric.py:86: RuntimeWarning: invalid value encountered in reduce
  return ufunc.reduce(obj, axis, dtype, out, **passkwargs)
[Parallel(n_jobs=-1)]: Done  48 tasks      | elapsed:   46.8s
/Users/fuyuguo/PhD_thesis/Thesis_1_SNTTEM/Codes/three_time_binary/psi0_python/estimators.py:72: RuntimeWarning: overflow encountered in exp
  + mu13 * np.exp(-gamma03(L0, psi03) * A0)
/Users/fuyuguo/opt/anaconda3/lib/python3.9/site-packages/numpy/core/fromnumeric.py:86: RuntimeWarning: invalid value encountered in reduce
  return ufunc.reduce(obj, axis, dtype, out, **passkwargs)
/Users/fuyuguo/PhD_thesis/Thesis_1_SNTTEM/Codes/three_time_binary/psi0_python/estimators.py:72: RuntimeWarning: overflow encountered in exp
  + mu13 * np.exp(-gamma03(L0, psi03) * A0)
/Users/fuyuguo/opt/anaconda3/lib/python3.9/site-packages/numpy/core/fromnumeric.py:86: RuntimeWarning: invalid value encountered in reduce
  return ufunc.reduce(obj, axis, dtype, out, **passkwargs)
/Users/fuyuguo/PhD_thesis/Thesis_1_SNTTEM/Codes/three_time_binary/psi0_python/estimators.py:72: RuntimeWarning: overflow encountered in exp
  + mu13 * np.exp(-gamma03(L0, psi03) * A0)
/Users/fuyuguo/opt/anaconda3/lib/python3.9/site-packages/numpy/core/fromnumeric.py:86: RuntimeWarning: invalid value encountered in reduce
  return ufunc.reduce(obj, axis, dtype, out, **passkwargs)
/Users/fuyuguo/PhD_thesis/Thesis_1_SNTTEM/Codes/three_time_binary/psi0_python/estimators.py:72: RuntimeWarning: overflow encountered in exp
  + mu13 * np.exp(-gamma03(L0, psi03) * A0)
/Users/fuyuguo/opt/anaconda3/lib/python3.9/site-packages/numpy/core/fromnumeric.py:86: RuntimeWarning: invalid value encountered in reduce
  return ufunc.reduce(obj, axis, dtype, out, **passkwargs)
/Users/fuyuguo/PhD_thesis/Thesis_1_SNTTEM/Codes/three_time_binary/psi0_python/estimators.py:72: RuntimeWarning: overflow encountered in exp
  + mu13 * np.exp(-gamma03(L0, psi03) * A0)
/Users/fuyuguo/opt/anaconda3/lib/python3.9/site-packages/numpy/core/fromnumeric.py:86: RuntimeWarning: invalid value encountered in reduce
  return ufunc.reduce(obj, axis, dtype, out, **passkwargs)
[Parallel(n_jobs=-1)]: Done 138 tasks      | elapsed:  2.3min
/Users/fuyuguo/PhD_thesis/Thesis_1_SNTTEM/Codes/three_time_binary/psi0_python/estimators.py:72: RuntimeWarning: overflow encountered in exp
  + mu13 * np.exp(-gamma03(L0, psi03) * A0)
/Users/fuyuguo/opt/anaconda3/lib/python3.9/site-packages/numpy/core/fromnumeric.py:86: RuntimeWarning: invalid value encountered in reduce
  return ufunc.reduce(obj, axis, dtype, out, **passkwargs)
/Users/fuyuguo/PhD_thesis/Thesis_1_SNTTEM/Codes/three_time_binary/psi0_python/estimators.py:72: RuntimeWarning: overflow encountered in exp
  + mu13 * np.exp(-gamma03(L0, psi03) * A0)
/Users/fuyuguo/opt/anaconda3/lib/python3.9/site-packages/numpy/core/fromnumeric.py:86: RuntimeWarning: invalid value encountered in reduce
  return ufunc.reduce(obj, axis, dtype, out, **passkwargs)
/Users/fuyuguo/PhD_thesis/Thesis_1_SNTTEM/Codes/three_time_binary/psi0_python/estimators.py:72: RuntimeWarning: overflow encountered in exp
  + mu13 * np.exp(-gamma03(L0, psi03) * A0)
/Users/fuyuguo/opt/anaconda3/lib/python3.9/site-packages/numpy/core/fromnumeric.py:86: RuntimeWarning: invalid value encountered in reduce
  return ufunc.reduce(obj, axis, dtype, out, **passkwargs)
/Users/fuyuguo/PhD_thesis/Thesis_1_SNTTEM/Codes/three_time_binary/psi0_python/estimators.py:72: RuntimeWarning: overflow encountered in exp
  + mu13 * np.exp(-gamma03(L0, psi03) * A0)
/Users/fuyuguo/opt/anaconda3/lib/python3.9/site-packages/numpy/core/fromnumeric.py:86: RuntimeWarning: invalid value encountered in reduce
  return ufunc.reduce(obj, axis, dtype, out, **passkwargs)
/Users/fuyuguo/PhD_thesis/Thesis_1_SNTTEM/Codes/three_time_binary/psi0_python/estimators.py:72: RuntimeWarning: overflow encountered in exp
  + mu13 * np.exp(-gamma03(L0, psi03) * A0)
/Users/fuyuguo/opt/anaconda3/lib/python3.9/site-packages/numpy/core/fromnumeric.py:86: RuntimeWarning: invalid value encountered in reduce
  return ufunc.reduce(obj, axis, dtype, out, **passkwargs)
[Parallel(n_jobs=-1)]: Done 264 tasks      | elapsed:  4.3min
/Users/fuyuguo/PhD_thesis/Thesis_1_SNTTEM/Codes/three_time_binary/psi0_python/estimators.py:72: RuntimeWarning: overflow encountered in exp
  + mu13 * np.exp(-gamma03(L0, psi03) * A0)
/Users/fuyuguo/opt/anaconda3/lib/python3.9/site-packages/numpy/core/fromnumeric.py:86: RuntimeWarning: invalid value encountered in reduce
  return ufunc.reduce(obj, axis, dtype, out, **passkwargs)
/Users/fuyuguo/PhD_thesis/Thesis_1_SNTTEM/Codes/three_time_binary/psi0_python/estimators.py:72: RuntimeWarning: overflow encountered in exp
  + mu13 * np.exp(-gamma03(L0, psi03) * A0)
/Users/fuyuguo/opt/anaconda3/lib/python3.9/site-packages/numpy/core/fromnumeric.py:86: RuntimeWarning: invalid value encountered in reduce
  return ufunc.reduce(obj, axis, dtype, out, **passkwargs)
/Users/fuyuguo/PhD_thesis/Thesis_1_SNTTEM/Codes/three_time_binary/psi0_python/estimators.py:72: RuntimeWarning: overflow encountered in exp
  + mu13 * np.exp(-gamma03(L0, psi03) * A0)
/Users/fuyuguo/opt/anaconda3/lib/python3.9/site-packages/numpy/core/fromnumeric.py:86: RuntimeWarning: invalid value encountered in reduce
  return ufunc.reduce(obj, axis, dtype, out, **passkwargs)
/Users/fuyuguo/PhD_thesis/Thesis_1_SNTTEM/Codes/three_time_binary/psi0_python/estimators.py:72: RuntimeWarning: overflow encountered in exp
  + mu13 * np.exp(-gamma03(L0, psi03) * A0)
/Users/fuyuguo/opt/anaconda3/lib/python3.9/site-packages/numpy/core/fromnumeric.py:86: RuntimeWarning: invalid value encountered in reduce
  return ufunc.reduce(obj, axis, dtype, out, **passkwargs)
[Parallel(n_jobs=-1)]: Done 426 tasks      | elapsed:  6.9min
/Users/fuyuguo/PhD_thesis/Thesis_1_SNTTEM/Codes/three_time_binary/psi0_python/estimators.py:72: RuntimeWarning: overflow encountered in exp
  + mu13 * np.exp(-gamma03(L0, psi03) * A0)
/Users/fuyuguo/opt/anaconda3/lib/python3.9/site-packages/numpy/core/fromnumeric.py:86: RuntimeWarning: invalid value encountered in reduce
  return ufunc.reduce(obj, axis, dtype, out, **passkwargs)
[Parallel(n_jobs=-1)]: Done 500 out of 500 | elapsed:  8.1min finished
[Parallel(n_jobs=-1)]: Using backend LokyBackend with 12 concurrent workers.
[Parallel(n_jobs=-1)]: Done  48 tasks      | elapsed:   49.2s
[Parallel(n_jobs=-1)]: Done 138 tasks      | elapsed:  2.4min
[Parallel(n_jobs=-1)]: Done 264 tasks      | elapsed:  4.6min
[Parallel(n_jobs=-1)]: Done 426 tasks      | elapsed:  7.2min
[Parallel(n_jobs=-1)]: Done 500 out of 500 | elapsed:  8.4min finished
[Parallel(n_jobs=-1)]: Using backend LokyBackend with 12 concurrent workers.
[Parallel(n_jobs=-1)]: Done  48 tasks      | elapsed:   51.4s
/Users/fuyuguo/PhD_thesis/Thesis_1_SNTTEM/Codes/three_time_binary/psi0_python/estimators.py:51: RuntimeWarning: overflow encountered in exp
  I2 * (A2 - ps2) * (Y * np.exp(-gamma23(L2, psi23) * (A2 - A1)) - mu23)
/Users/fuyuguo/PhD_thesis/Thesis_1_SNTTEM/Codes/three_time_binary/psi0_python/estimators.py:51: RuntimeWarning: invalid value encountered in multiply
  I2 * (A2 - ps2) * (Y * np.exp(-gamma23(L2, psi23) * (A2 - A1)) - mu23)
/Users/fuyuguo/PhD_thesis/Thesis_1_SNTTEM/Codes/three_time_binary/psi0_python/estimators.py:51: RuntimeWarning: overflow encountered in exp
  I2 * (A2 - ps2) * (Y * np.exp(-gamma23(L2, psi23) * (A2 - A1)) - mu23)
/Users/fuyuguo/PhD_thesis/Thesis_1_SNTTEM/Codes/three_time_binary/psi0_python/estimators.py:51: RuntimeWarning: invalid value encountered in multiply
  I2 * (A2 - ps2) * (Y * np.exp(-gamma23(L2, psi23) * (A2 - A1)) - mu23)
[Parallel(n_jobs=-1)]: Done 138 tasks      | elapsed:  2.5min
[Parallel(n_jobs=-1)]: Done 264 tasks      | elapsed:  4.7min
/Users/fuyuguo/PhD_thesis/Thesis_1_SNTTEM/Codes/three_time_binary/psi0_python/estimators.py:51: RuntimeWarning: overflow encountered in exp
  I2 * (A2 - ps2) * (Y * np.exp(-gamma23(L2, psi23) * (A2 - A1)) - mu23)
/Users/fuyuguo/PhD_thesis/Thesis_1_SNTTEM/Codes/three_time_binary/psi0_python/estimators.py:51: RuntimeWarning: invalid value encountered in multiply
  I2 * (A2 - ps2) * (Y * np.exp(-gamma23(L2, psi23) * (A2 - A1)) - mu23)
/Users/fuyuguo/PhD_thesis/Thesis_1_SNTTEM/Codes/three_time_binary/psi0_python/estimators.py:51: RuntimeWarning: overflow encountered in exp
  I2 * (A2 - ps2) * (Y * np.exp(-gamma23(L2, psi23) * (A2 - A1)) - mu23)
/Users/fuyuguo/PhD_thesis/Thesis_1_SNTTEM/Codes/three_time_binary/psi0_python/estimators.py:51: RuntimeWarning: invalid value encountered in multiply
  I2 * (A2 - ps2) * (Y * np.exp(-gamma23(L2, psi23) * (A2 - A1)) - mu23)
[Parallel(n_jobs=-1)]: Done 426 tasks      | elapsed:  7.6min
/Users/fuyuguo/PhD_thesis/Thesis_1_SNTTEM/Codes/three_time_binary/psi0_python/estimators.py:51: RuntimeWarning: overflow encountered in exp
  I2 * (A2 - ps2) * (Y * np.exp(-gamma23(L2, psi23) * (A2 - A1)) - mu23)
/Users/fuyuguo/PhD_thesis/Thesis_1_SNTTEM/Codes/three_time_binary/psi0_python/estimators.py:51: RuntimeWarning: invalid value encountered in multiply
  I2 * (A2 - ps2) * (Y * np.exp(-gamma23(L2, psi23) * (A2 - A1)) - mu23)
/Users/fuyuguo/PhD_thesis/Thesis_1_SNTTEM/Codes/three_time_binary/psi0_python/estimators.py:72: RuntimeWarning: overflow encountered in exp
  + mu13 * np.exp(-gamma03(L0, psi03) * A0)
[Parallel(n_jobs=-1)]: Done 500 out of 500 | elapsed:  8.8min finished
[Parallel(n_jobs=-1)]: Using backend LokyBackend with 12 concurrent workers.
[Parallel(n_jobs=-1)]: Done  48 tasks      | elapsed:   50.8s
[Parallel(n_jobs=-1)]: Done 138 tasks      | elapsed:  2.4min
/Users/fuyuguo/PhD_thesis/Thesis_1_SNTTEM/Codes/three_time_binary/psi0_python/estimators.py:72: RuntimeWarning: overflow encountered in exp
  + mu13 * np.exp(-gamma03(L0, psi03) * A0)
/Users/fuyuguo/opt/anaconda3/lib/python3.9/site-packages/numpy/core/fromnumeric.py:86: RuntimeWarning: invalid value encountered in reduce
  return ufunc.reduce(obj, axis, dtype, out, **passkwargs)
[Parallel(n_jobs=-1)]: Done 264 tasks      | elapsed:  4.4min
[Parallel(n_jobs=-1)]: Done 426 tasks      | elapsed:  7.1min
/Users/fuyuguo/PhD_thesis/Thesis_1_SNTTEM/Codes/three_time_binary/psi0_python/estimators.py:72: RuntimeWarning: overflow encountered in exp
  + mu13 * np.exp(-gamma03(L0, psi03) * A0)
/Users/fuyuguo/opt/anaconda3/lib/python3.9/site-packages/numpy/core/fromnumeric.py:86: RuntimeWarning: invalid value encountered in reduce
  return ufunc.reduce(obj, axis, dtype, out, **passkwargs)
/Users/fuyuguo/PhD_thesis/Thesis_1_SNTTEM/Codes/three_time_binary/psi0_python/estimators.py:72: RuntimeWarning: overflow encountered in exp
  + mu13 * np.exp(-gamma03(L0, psi03) * A0)
/Users/fuyuguo/opt/anaconda3/lib/python3.9/site-packages/numpy/core/fromnumeric.py:86: RuntimeWarning: invalid value encountered in reduce
  return ufunc.reduce(obj, axis, dtype, out, **passkwargs)
[Parallel(n_jobs=-1)]: Done 500 out of 500 | elapsed:  8.3min finished
[Parallel(n_jobs=-1)]: Using backend LokyBackend with 12 concurrent workers.
[Parallel(n_jobs=-1)]: Done  48 tasks      | elapsed:   52.6s
[Parallel(n_jobs=-1)]: Done 138 tasks      | elapsed:  2.4min
[Parallel(n_jobs=-1)]: Done 264 tasks      | elapsed:  4.7min
[Parallel(n_jobs=-1)]: Done 426 tasks      | elapsed:  7.4min
[Parallel(n_jobs=-1)]: Done 500 out of 500 | elapsed:  8.6min finished
[Parallel(n_jobs=-1)]: Using backend LokyBackend with 12 concurrent workers.
[Parallel(n_jobs=-1)]: Done  48 tasks      | elapsed:   52.5s
[Parallel(n_jobs=-1)]: Done 138 tasks      | elapsed:  2.6min
/Users/fuyuguo/PhD_thesis/Thesis_1_SNTTEM/Codes/three_time_binary/psi0_python/estimators.py:51: RuntimeWarning: overflow encountered in exp
  I2 * (A2 - ps2) * (Y * np.exp(-gamma23(L2, psi23) * (A2 - A1)) - mu23)
/Users/fuyuguo/PhD_thesis/Thesis_1_SNTTEM/Codes/three_time_binary/psi0_python/estimators.py:51: RuntimeWarning: invalid value encountered in multiply
  I2 * (A2 - ps2) * (Y * np.exp(-gamma23(L2, psi23) * (A2 - A1)) - mu23)
[Parallel(n_jobs=-1)]: Done 264 tasks      | elapsed:  4.8min
/Users/fuyuguo/PhD_thesis/Thesis_1_SNTTEM/Codes/three_time_binary/psi0_python/estimators.py:51: RuntimeWarning: overflow encountered in exp
  I2 * (A2 - ps2) * (Y * np.exp(-gamma23(L2, psi23) * (A2 - A1)) - mu23)
/Users/fuyuguo/PhD_thesis/Thesis_1_SNTTEM/Codes/three_time_binary/psi0_python/estimators.py:51: RuntimeWarning: invalid value encountered in multiply
  I2 * (A2 - ps2) * (Y * np.exp(-gamma23(L2, psi23) * (A2 - A1)) - mu23)
[Parallel(n_jobs=-1)]: Done 426 tasks      | elapsed:  7.7min
[Parallel(n_jobs=-1)]: Done 500 out of 500 | elapsed:  9.0min finished
[Parallel(n_jobs=-1)]: Using backend LokyBackend with 12 concurrent workers.
/Users/fuyuguo/PhD_thesis/Thesis_1_SNTTEM/Codes/three_time_binary/psi0_python/estimators.py:72: RuntimeWarning: overflow encountered in exp
  + mu13 * np.exp(-gamma03(L0, psi03) * A0)
/Users/fuyuguo/opt/anaconda3/lib/python3.9/site-packages/numpy/core/fromnumeric.py:86: RuntimeWarning: invalid value encountered in reduce
  return ufunc.reduce(obj, axis, dtype, out, **passkwargs)
/Users/fuyuguo/PhD_thesis/Thesis_1_SNTTEM/Codes/three_time_binary/psi0_python/estimators.py:72: RuntimeWarning: overflow encountered in exp
  + mu13 * np.exp(-gamma03(L0, psi03) * A0)
/Users/fuyuguo/opt/anaconda3/lib/python3.9/site-packages/numpy/core/fromnumeric.py:86: RuntimeWarning: invalid value encountered in reduce
  return ufunc.reduce(obj, axis, dtype, out, **passkwargs)
/Users/fuyuguo/PhD_thesis/Thesis_1_SNTTEM/Codes/three_time_binary/psi0_python/estimators.py:72: RuntimeWarning: overflow encountered in exp
  + mu13 * np.exp(-gamma03(L0, psi03) * A0)
/Users/fuyuguo/opt/anaconda3/lib/python3.9/site-packages/numpy/core/fromnumeric.py:86: RuntimeWarning: invalid value encountered in reduce
  return ufunc.reduce(obj, axis, dtype, out, **passkwargs)
/Users/fuyuguo/PhD_thesis/Thesis_1_SNTTEM/Codes/three_time_binary/psi0_python/estimators.py:72: RuntimeWarning: overflow encountered in exp
  + mu13 * np.exp(-gamma03(L0, psi03) * A0)
/Users/fuyuguo/opt/anaconda3/lib/python3.9/site-packages/numpy/core/fromnumeric.py:86: RuntimeWarning: invalid value encountered in reduce
  return ufunc.reduce(obj, axis, dtype, out, **passkwargs)
/Users/fuyuguo/PhD_thesis/Thesis_1_SNTTEM/Codes/three_time_binary/psi0_python/estimators.py:72: RuntimeWarning: overflow encountered in exp
  + mu13 * np.exp(-gamma03(L0, psi03) * A0)
/Users/fuyuguo/opt/anaconda3/lib/python3.9/site-packages/numpy/core/fromnumeric.py:86: RuntimeWarning: invalid value encountered in reduce
  return ufunc.reduce(obj, axis, dtype, out, **passkwargs)
/Users/fuyuguo/PhD_thesis/Thesis_1_SNTTEM/Codes/three_time_binary/psi0_python/estimators.py:72: RuntimeWarning: overflow encountered in exp
  + mu13 * np.exp(-gamma03(L0, psi03) * A0)
/Users/fuyuguo/opt/anaconda3/lib/python3.9/site-packages/numpy/core/fromnumeric.py:86: RuntimeWarning: invalid value encountered in reduce
  return ufunc.reduce(obj, axis, dtype, out, **passkwargs)
/Users/fuyuguo/PhD_thesis/Thesis_1_SNTTEM/Codes/three_time_binary/psi0_python/estimators.py:72: RuntimeWarning: overflow encountered in exp
  + mu13 * np.exp(-gamma03(L0, psi03) * A0)
/Users/fuyuguo/opt/anaconda3/lib/python3.9/site-packages/numpy/core/fromnumeric.py:86: RuntimeWarning: invalid value encountered in reduce
  return ufunc.reduce(obj, axis, dtype, out, **passkwargs)
/Users/fuyuguo/PhD_thesis/Thesis_1_SNTTEM/Codes/three_time_binary/psi0_python/estimators.py:39: RuntimeWarning: overflow encountered in exp
  + mu13 * np.exp(-gamma03(L0, psi03) * A0)
/Users/fuyuguo/PhD_thesis/Thesis_1_SNTTEM/Codes/three_time_binary/psi0_python/estimators.py:72: RuntimeWarning: overflow encountered in exp
  + mu13 * np.exp(-gamma03(L0, psi03) * A0)
/Users/fuyuguo/opt/anaconda3/lib/python3.9/site-packages/numpy/core/fromnumeric.py:86: RuntimeWarning: invalid value encountered in reduce
  return ufunc.reduce(obj, axis, dtype, out, **passkwargs)
/Users/fuyuguo/PhD_thesis/Thesis_1_SNTTEM/Codes/three_time_binary/psi0_python/estimators.py:72: RuntimeWarning: overflow encountered in exp
  + mu13 * np.exp(-gamma03(L0, psi03) * A0)
/Users/fuyuguo/opt/anaconda3/lib/python3.9/site-packages/numpy/core/fromnumeric.py:86: RuntimeWarning: invalid value encountered in reduce
  return ufunc.reduce(obj, axis, dtype, out, **passkwargs)
/Users/fuyuguo/PhD_thesis/Thesis_1_SNTTEM/Codes/three_time_binary/psi0_python/estimators.py:39: RuntimeWarning: overflow encountered in exp
  + mu13 * np.exp(-gamma03(L0, psi03) * A0)
/Users/fuyuguo/PhD_thesis/Thesis_1_SNTTEM/Codes/three_time_binary/psi0_python/estimators.py:39: RuntimeWarning: overflow encountered in exp
  + mu13 * np.exp(-gamma03(L0, psi03) * A0)
/Users/fuyuguo/PhD_thesis/Thesis_1_SNTTEM/Codes/three_time_binary/psi0_python/estimators.py:39: RuntimeWarning: overflow encountered in exp
  + mu13 * np.exp(-gamma03(L0, psi03) * A0)
/Users/fuyuguo/PhD_thesis/Thesis_1_SNTTEM/Codes/three_time_binary/psi0_python/estimators.py:72: RuntimeWarning: overflow encountered in exp
  + mu13 * np.exp(-gamma03(L0, psi03) * A0)
/Users/fuyuguo/opt/anaconda3/lib/python3.9/site-packages/numpy/core/fromnumeric.py:86: RuntimeWarning: invalid value encountered in reduce
  return ufunc.reduce(obj, axis, dtype, out, **passkwargs)
/Users/fuyuguo/PhD_thesis/Thesis_1_SNTTEM/Codes/three_time_binary/psi0_python/estimators.py:72: RuntimeWarning: overflow encountered in exp
  + mu13 * np.exp(-gamma03(L0, psi03) * A0)
/Users/fuyuguo/opt/anaconda3/lib/python3.9/site-packages/numpy/core/fromnumeric.py:86: RuntimeWarning: invalid value encountered in reduce
  return ufunc.reduce(obj, axis, dtype, out, **passkwargs)
/Users/fuyuguo/PhD_thesis/Thesis_1_SNTTEM/Codes/three_time_binary/psi0_python/estimators.py:72: RuntimeWarning: overflow encountered in exp
  + mu13 * np.exp(-gamma03(L0, psi03) * A0)
/Users/fuyuguo/opt/anaconda3/lib/python3.9/site-packages/numpy/core/fromnumeric.py:86: RuntimeWarning: invalid value encountered in reduce
  return ufunc.reduce(obj, axis, dtype, out, **passkwargs)
/Users/fuyuguo/PhD_thesis/Thesis_1_SNTTEM/Codes/three_time_binary/psi0_python/estimators.py:72: RuntimeWarning: overflow encountered in exp
  + mu13 * np.exp(-gamma03(L0, psi03) * A0)
/Users/fuyuguo/opt/anaconda3/lib/python3.9/site-packages/numpy/core/fromnumeric.py:86: RuntimeWarning: invalid value encountered in reduce
  return ufunc.reduce(obj, axis, dtype, out, **passkwargs)
/Users/fuyuguo/PhD_thesis/Thesis_1_SNTTEM/Codes/three_time_binary/psi0_python/estimators.py:72: RuntimeWarning: overflow encountered in exp
  + mu13 * np.exp(-gamma03(L0, psi03) * A0)
/Users/fuyuguo/opt/anaconda3/lib/python3.9/site-packages/numpy/core/fromnumeric.py:86: RuntimeWarning: invalid value encountered in reduce
  return ufunc.reduce(obj, axis, dtype, out, **passkwargs)
/Users/fuyuguo/PhD_thesis/Thesis_1_SNTTEM/Codes/three_time_binary/psi0_python/estimators.py:72: RuntimeWarning: overflow encountered in exp
  + mu13 * np.exp(-gamma03(L0, psi03) * A0)
/Users/fuyuguo/opt/anaconda3/lib/python3.9/site-packages/numpy/core/fromnumeric.py:86: RuntimeWarning: invalid value encountered in reduce
  return ufunc.reduce(obj, axis, dtype, out, **passkwargs)
[Parallel(n_jobs=-1)]: Done  48 tasks      | elapsed:   45.3s
/Users/fuyuguo/PhD_thesis/Thesis_1_SNTTEM/Codes/three_time_binary/psi0_python/estimators.py:72: RuntimeWarning: overflow encountered in exp
  + mu13 * np.exp(-gamma03(L0, psi03) * A0)
/Users/fuyuguo/opt/anaconda3/lib/python3.9/site-packages/numpy/core/fromnumeric.py:86: RuntimeWarning: invalid value encountered in reduce
  return ufunc.reduce(obj, axis, dtype, out, **passkwargs)
/Users/fuyuguo/PhD_thesis/Thesis_1_SNTTEM/Codes/three_time_binary/psi0_python/estimators.py:72: RuntimeWarning: overflow encountered in multiply
  + mu13 * np.exp(-gamma03(L0, psi03) * A0)
/Users/fuyuguo/PhD_thesis/Thesis_1_SNTTEM/Codes/three_time_binary/psi0_python/estimators.py:72: RuntimeWarning: overflow encountered in exp
  + mu13 * np.exp(-gamma03(L0, psi03) * A0)
/Users/fuyuguo/opt/anaconda3/lib/python3.9/site-packages/numpy/core/fromnumeric.py:86: RuntimeWarning: invalid value encountered in reduce
  return ufunc.reduce(obj, axis, dtype, out, **passkwargs)
/Users/fuyuguo/PhD_thesis/Thesis_1_SNTTEM/Codes/three_time_binary/psi0_python/estimators.py:72: RuntimeWarning: overflow encountered in exp
  + mu13 * np.exp(-gamma03(L0, psi03) * A0)
/Users/fuyuguo/opt/anaconda3/lib/python3.9/site-packages/numpy/core/fromnumeric.py:86: RuntimeWarning: invalid value encountered in reduce
  return ufunc.reduce(obj, axis, dtype, out, **passkwargs)
/Users/fuyuguo/PhD_thesis/Thesis_1_SNTTEM/Codes/three_time_binary/psi0_python/estimators.py:72: RuntimeWarning: overflow encountered in exp
  + mu13 * np.exp(-gamma03(L0, psi03) * A0)
/Users/fuyuguo/opt/anaconda3/lib/python3.9/site-packages/numpy/core/fromnumeric.py:86: RuntimeWarning: invalid value encountered in reduce
  return ufunc.reduce(obj, axis, dtype, out, **passkwargs)
/Users/fuyuguo/PhD_thesis/Thesis_1_SNTTEM/Codes/three_time_binary/psi0_python/estimators.py:72: RuntimeWarning: overflow encountered in exp
  + mu13 * np.exp(-gamma03(L0, psi03) * A0)
/Users/fuyuguo/opt/anaconda3/lib/python3.9/site-packages/numpy/core/fromnumeric.py:86: RuntimeWarning: invalid value encountered in reduce
  return ufunc.reduce(obj, axis, dtype, out, **passkwargs)
/Users/fuyuguo/PhD_thesis/Thesis_1_SNTTEM/Codes/three_time_binary/psi0_python/estimators.py:72: RuntimeWarning: overflow encountered in exp
  + mu13 * np.exp(-gamma03(L0, psi03) * A0)
/Users/fuyuguo/opt/anaconda3/lib/python3.9/site-packages/numpy/core/fromnumeric.py:86: RuntimeWarning: invalid value encountered in reduce
  return ufunc.reduce(obj, axis, dtype, out, **passkwargs)
/Users/fuyuguo/PhD_thesis/Thesis_1_SNTTEM/Codes/three_time_binary/psi0_python/estimators.py:72: RuntimeWarning: overflow encountered in exp
  + mu13 * np.exp(-gamma03(L0, psi03) * A0)
/Users/fuyuguo/opt/anaconda3/lib/python3.9/site-packages/numpy/core/fromnumeric.py:86: RuntimeWarning: invalid value encountered in reduce
  return ufunc.reduce(obj, axis, dtype, out, **passkwargs)
/Users/fuyuguo/PhD_thesis/Thesis_1_SNTTEM/Codes/three_time_binary/psi0_python/estimators.py:72: RuntimeWarning: overflow encountered in exp
  + mu13 * np.exp(-gamma03(L0, psi03) * A0)
/Users/fuyuguo/opt/anaconda3/lib/python3.9/site-packages/numpy/core/fromnumeric.py:86: RuntimeWarning: invalid value encountered in reduce
  return ufunc.reduce(obj, axis, dtype, out, **passkwargs)
/Users/fuyuguo/PhD_thesis/Thesis_1_SNTTEM/Codes/three_time_binary/psi0_python/estimators.py:39: RuntimeWarning: overflow encountered in exp
  + mu13 * np.exp(-gamma03(L0, psi03) * A0)
/Users/fuyuguo/PhD_thesis/Thesis_1_SNTTEM/Codes/three_time_binary/psi0_python/estimators.py:72: RuntimeWarning: overflow encountered in exp
  + mu13 * np.exp(-gamma03(L0, psi03) * A0)
/Users/fuyuguo/opt/anaconda3/lib/python3.9/site-packages/numpy/core/fromnumeric.py:86: RuntimeWarning: invalid value encountered in reduce
  return ufunc.reduce(obj, axis, dtype, out, **passkwargs)
/Users/fuyuguo/PhD_thesis/Thesis_1_SNTTEM/Codes/three_time_binary/psi0_python/estimators.py:72: RuntimeWarning: overflow encountered in exp
  + mu13 * np.exp(-gamma03(L0, psi03) * A0)
/Users/fuyuguo/opt/anaconda3/lib/python3.9/site-packages/numpy/core/fromnumeric.py:86: RuntimeWarning: invalid value encountered in reduce
  return ufunc.reduce(obj, axis, dtype, out, **passkwargs)
/Users/fuyuguo/PhD_thesis/Thesis_1_SNTTEM/Codes/three_time_binary/psi0_python/estimators.py:39: RuntimeWarning: overflow encountered in exp
  + mu13 * np.exp(-gamma03(L0, psi03) * A0)
/Users/fuyuguo/opt/anaconda3/lib/python3.9/site-packages/numpy/core/fromnumeric.py:86: RuntimeWarning: invalid value encountered in reduce
  return ufunc.reduce(obj, axis, dtype, out, **passkwargs)
/Users/fuyuguo/PhD_thesis/Thesis_1_SNTTEM/Codes/three_time_binary/psi0_python/estimators.py:72: RuntimeWarning: overflow encountered in exp
  + mu13 * np.exp(-gamma03(L0, psi03) * A0)
/Users/fuyuguo/opt/anaconda3/lib/python3.9/site-packages/numpy/core/fromnumeric.py:86: RuntimeWarning: invalid value encountered in reduce
  return ufunc.reduce(obj, axis, dtype, out, **passkwargs)
/Users/fuyuguo/PhD_thesis/Thesis_1_SNTTEM/Codes/three_time_binary/psi0_python/estimators.py:72: RuntimeWarning: overflow encountered in exp
  + mu13 * np.exp(-gamma03(L0, psi03) * A0)
/Users/fuyuguo/opt/anaconda3/lib/python3.9/site-packages/numpy/core/fromnumeric.py:86: RuntimeWarning: invalid value encountered in reduce
  return ufunc.reduce(obj, axis, dtype, out, **passkwargs)
/Users/fuyuguo/PhD_thesis/Thesis_1_SNTTEM/Codes/three_time_binary/psi0_python/estimators.py:39: RuntimeWarning: overflow encountered in exp
  + mu13 * np.exp(-gamma03(L0, psi03) * A0)
/Users/fuyuguo/opt/anaconda3/lib/python3.9/site-packages/numpy/core/fromnumeric.py:86: RuntimeWarning: invalid value encountered in reduce
  return ufunc.reduce(obj, axis, dtype, out, **passkwargs)
/Users/fuyuguo/PhD_thesis/Thesis_1_SNTTEM/Codes/three_time_binary/psi0_python/estimators.py:72: RuntimeWarning: overflow encountered in exp
  + mu13 * np.exp(-gamma03(L0, psi03) * A0)
/Users/fuyuguo/opt/anaconda3/lib/python3.9/site-packages/numpy/core/fromnumeric.py:86: RuntimeWarning: invalid value encountered in reduce
  return ufunc.reduce(obj, axis, dtype, out, **passkwargs)
/Users/fuyuguo/PhD_thesis/Thesis_1_SNTTEM/Codes/three_time_binary/psi0_python/estimators.py:72: RuntimeWarning: overflow encountered in exp
  + mu13 * np.exp(-gamma03(L0, psi03) * A0)
/Users/fuyuguo/opt/anaconda3/lib/python3.9/site-packages/numpy/core/fromnumeric.py:86: RuntimeWarning: invalid value encountered in reduce
  return ufunc.reduce(obj, axis, dtype, out, **passkwargs)
/Users/fuyuguo/PhD_thesis/Thesis_1_SNTTEM/Codes/three_time_binary/psi0_python/estimators.py:72: RuntimeWarning: overflow encountered in exp
  + mu13 * np.exp(-gamma03(L0, psi03) * A0)
/Users/fuyuguo/opt/anaconda3/lib/python3.9/site-packages/numpy/core/fromnumeric.py:86: RuntimeWarning: invalid value encountered in reduce
  return ufunc.reduce(obj, axis, dtype, out, **passkwargs)
/Users/fuyuguo/PhD_thesis/Thesis_1_SNTTEM/Codes/three_time_binary/psi0_python/estimators.py:72: RuntimeWarning: overflow encountered in exp
  + mu13 * np.exp(-gamma03(L0, psi03) * A0)
/Users/fuyuguo/opt/anaconda3/lib/python3.9/site-packages/numpy/core/fromnumeric.py:86: RuntimeWarning: invalid value encountered in reduce
  return ufunc.reduce(obj, axis, dtype, out, **passkwargs)
/Users/fuyuguo/PhD_thesis/Thesis_1_SNTTEM/Codes/three_time_binary/psi0_python/estimators.py:72: RuntimeWarning: overflow encountered in exp
  + mu13 * np.exp(-gamma03(L0, psi03) * A0)
/Users/fuyuguo/opt/anaconda3/lib/python3.9/site-packages/numpy/core/fromnumeric.py:86: RuntimeWarning: invalid value encountered in reduce
  return ufunc.reduce(obj, axis, dtype, out, **passkwargs)
/Users/fuyuguo/PhD_thesis/Thesis_1_SNTTEM/Codes/three_time_binary/psi0_python/estimators.py:72: RuntimeWarning: overflow encountered in exp
  + mu13 * np.exp(-gamma03(L0, psi03) * A0)
/Users/fuyuguo/opt/anaconda3/lib/python3.9/site-packages/numpy/core/fromnumeric.py:86: RuntimeWarning: invalid value encountered in reduce
  return ufunc.reduce(obj, axis, dtype, out, **passkwargs)
/Users/fuyuguo/PhD_thesis/Thesis_1_SNTTEM/Codes/three_time_binary/psi0_python/estimators.py:72: RuntimeWarning: overflow encountered in exp
  + mu13 * np.exp(-gamma03(L0, psi03) * A0)
/Users/fuyuguo/opt/anaconda3/lib/python3.9/site-packages/numpy/core/fromnumeric.py:86: RuntimeWarning: invalid value encountered in reduce
  return ufunc.reduce(obj, axis, dtype, out, **passkwargs)
/Users/fuyuguo/PhD_thesis/Thesis_1_SNTTEM/Codes/three_time_binary/psi0_python/estimators.py:72: RuntimeWarning: overflow encountered in multiply
  + mu13 * np.exp(-gamma03(L0, psi03) * A0)
/Users/fuyuguo/PhD_thesis/Thesis_1_SNTTEM/Codes/three_time_binary/psi0_python/estimators.py:39: RuntimeWarning: overflow encountered in exp
  + mu13 * np.exp(-gamma03(L0, psi03) * A0)
/Users/fuyuguo/PhD_thesis/Thesis_1_SNTTEM/Codes/three_time_binary/psi0_python/estimators.py:72: RuntimeWarning: overflow encountered in exp
  + mu13 * np.exp(-gamma03(L0, psi03) * A0)
/Users/fuyuguo/opt/anaconda3/lib/python3.9/site-packages/numpy/core/fromnumeric.py:86: RuntimeWarning: invalid value encountered in reduce
  return ufunc.reduce(obj, axis, dtype, out, **passkwargs)
/Users/fuyuguo/PhD_thesis/Thesis_1_SNTTEM/Codes/three_time_binary/psi0_python/estimators.py:72: RuntimeWarning: overflow encountered in exp
  + mu13 * np.exp(-gamma03(L0, psi03) * A0)
/Users/fuyuguo/opt/anaconda3/lib/python3.9/site-packages/numpy/core/fromnumeric.py:86: RuntimeWarning: invalid value encountered in reduce
  return ufunc.reduce(obj, axis, dtype, out, **passkwargs)
/Users/fuyuguo/PhD_thesis/Thesis_1_SNTTEM/Codes/three_time_binary/psi0_python/estimators.py:72: RuntimeWarning: overflow encountered in exp
  + mu13 * np.exp(-gamma03(L0, psi03) * A0)
/Users/fuyuguo/opt/anaconda3/lib/python3.9/site-packages/numpy/core/fromnumeric.py:86: RuntimeWarning: invalid value encountered in reduce
  return ufunc.reduce(obj, axis, dtype, out, **passkwargs)
[Parallel(n_jobs=-1)]: Done 138 tasks      | elapsed:  2.2min
/Users/fuyuguo/PhD_thesis/Thesis_1_SNTTEM/Codes/three_time_binary/psi0_python/estimators.py:72: RuntimeWarning: overflow encountered in exp
  + mu13 * np.exp(-gamma03(L0, psi03) * A0)
/Users/fuyuguo/opt/anaconda3/lib/python3.9/site-packages/numpy/core/fromnumeric.py:86: RuntimeWarning: invalid value encountered in reduce
  return ufunc.reduce(obj, axis, dtype, out, **passkwargs)
/Users/fuyuguo/PhD_thesis/Thesis_1_SNTTEM/Codes/three_time_binary/psi0_python/estimators.py:72: RuntimeWarning: overflow encountered in exp
  + mu13 * np.exp(-gamma03(L0, psi03) * A0)
/Users/fuyuguo/opt/anaconda3/lib/python3.9/site-packages/numpy/core/fromnumeric.py:86: RuntimeWarning: invalid value encountered in reduce
  return ufunc.reduce(obj, axis, dtype, out, **passkwargs)
/Users/fuyuguo/PhD_thesis/Thesis_1_SNTTEM/Codes/three_time_binary/psi0_python/estimators.py:72: RuntimeWarning: overflow encountered in exp
  + mu13 * np.exp(-gamma03(L0, psi03) * A0)
/Users/fuyuguo/opt/anaconda3/lib/python3.9/site-packages/numpy/core/fromnumeric.py:86: RuntimeWarning: invalid value encountered in reduce
  return ufunc.reduce(obj, axis, dtype, out, **passkwargs)
/Users/fuyuguo/PhD_thesis/Thesis_1_SNTTEM/Codes/three_time_binary/psi0_python/estimators.py:72: RuntimeWarning: overflow encountered in exp
  + mu13 * np.exp(-gamma03(L0, psi03) * A0)
/Users/fuyuguo/opt/anaconda3/lib/python3.9/site-packages/numpy/core/fromnumeric.py:86: RuntimeWarning: invalid value encountered in reduce
  return ufunc.reduce(obj, axis, dtype, out, **passkwargs)
/Users/fuyuguo/PhD_thesis/Thesis_1_SNTTEM/Codes/three_time_binary/psi0_python/estimators.py:72: RuntimeWarning: overflow encountered in exp
  + mu13 * np.exp(-gamma03(L0, psi03) * A0)
/Users/fuyuguo/opt/anaconda3/lib/python3.9/site-packages/numpy/core/fromnumeric.py:86: RuntimeWarning: invalid value encountered in reduce
  return ufunc.reduce(obj, axis, dtype, out, **passkwargs)
/Users/fuyuguo/PhD_thesis/Thesis_1_SNTTEM/Codes/three_time_binary/psi0_python/estimators.py:72: RuntimeWarning: overflow encountered in exp
  + mu13 * np.exp(-gamma03(L0, psi03) * A0)
/Users/fuyuguo/opt/anaconda3/lib/python3.9/site-packages/numpy/core/fromnumeric.py:86: RuntimeWarning: invalid value encountered in reduce
  return ufunc.reduce(obj, axis, dtype, out, **passkwargs)
/Users/fuyuguo/PhD_thesis/Thesis_1_SNTTEM/Codes/three_time_binary/psi0_python/estimators.py:39: RuntimeWarning: overflow encountered in exp
  + mu13 * np.exp(-gamma03(L0, psi03) * A0)
/Users/fuyuguo/PhD_thesis/Thesis_1_SNTTEM/Codes/three_time_binary/psi0_python/estimators.py:72: RuntimeWarning: overflow encountered in exp
  + mu13 * np.exp(-gamma03(L0, psi03) * A0)
/Users/fuyuguo/opt/anaconda3/lib/python3.9/site-packages/numpy/core/fromnumeric.py:86: RuntimeWarning: invalid value encountered in reduce
  return ufunc.reduce(obj, axis, dtype, out, **passkwargs)
/Users/fuyuguo/PhD_thesis/Thesis_1_SNTTEM/Codes/three_time_binary/psi0_python/estimators.py:72: RuntimeWarning: overflow encountered in exp
  + mu13 * np.exp(-gamma03(L0, psi03) * A0)
/Users/fuyuguo/opt/anaconda3/lib/python3.9/site-packages/numpy/core/fromnumeric.py:86: RuntimeWarning: invalid value encountered in reduce
  return ufunc.reduce(obj, axis, dtype, out, **passkwargs)
/Users/fuyuguo/PhD_thesis/Thesis_1_SNTTEM/Codes/three_time_binary/psi0_python/estimators.py:72: RuntimeWarning: overflow encountered in exp
  + mu13 * np.exp(-gamma03(L0, psi03) * A0)
/Users/fuyuguo/opt/anaconda3/lib/python3.9/site-packages/numpy/core/fromnumeric.py:86: RuntimeWarning: invalid value encountered in reduce
  return ufunc.reduce(obj, axis, dtype, out, **passkwargs)
/Users/fuyuguo/PhD_thesis/Thesis_1_SNTTEM/Codes/three_time_binary/psi0_python/estimators.py:39: RuntimeWarning: overflow encountered in exp
  + mu13 * np.exp(-gamma03(L0, psi03) * A0)
/Users/fuyuguo/PhD_thesis/Thesis_1_SNTTEM/Codes/three_time_binary/psi0_python/estimators.py:72: RuntimeWarning: overflow encountered in exp
  + mu13 * np.exp(-gamma03(L0, psi03) * A0)
/Users/fuyuguo/opt/anaconda3/lib/python3.9/site-packages/numpy/core/fromnumeric.py:86: RuntimeWarning: invalid value encountered in reduce
  return ufunc.reduce(obj, axis, dtype, out, **passkwargs)
/Users/fuyuguo/PhD_thesis/Thesis_1_SNTTEM/Codes/three_time_binary/psi0_python/estimators.py:72: RuntimeWarning: overflow encountered in exp
  + mu13 * np.exp(-gamma03(L0, psi03) * A0)
/Users/fuyuguo/opt/anaconda3/lib/python3.9/site-packages/numpy/core/fromnumeric.py:86: RuntimeWarning: invalid value encountered in reduce
  return ufunc.reduce(obj, axis, dtype, out, **passkwargs)
/Users/fuyuguo/PhD_thesis/Thesis_1_SNTTEM/Codes/three_time_binary/psi0_python/estimators.py:72: RuntimeWarning: overflow encountered in exp
  + mu13 * np.exp(-gamma03(L0, psi03) * A0)
/Users/fuyuguo/opt/anaconda3/lib/python3.9/site-packages/numpy/core/fromnumeric.py:86: RuntimeWarning: invalid value encountered in reduce
  return ufunc.reduce(obj, axis, dtype, out, **passkwargs)
/Users/fuyuguo/PhD_thesis/Thesis_1_SNTTEM/Codes/three_time_binary/psi0_python/estimators.py:39: RuntimeWarning: overflow encountered in exp
  + mu13 * np.exp(-gamma03(L0, psi03) * A0)
/Users/fuyuguo/PhD_thesis/Thesis_1_SNTTEM/Codes/three_time_binary/psi0_python/estimators.py:72: RuntimeWarning: overflow encountered in exp
  + mu13 * np.exp(-gamma03(L0, psi03) * A0)
/Users/fuyuguo/opt/anaconda3/lib/python3.9/site-packages/numpy/core/fromnumeric.py:86: RuntimeWarning: invalid value encountered in reduce
  return ufunc.reduce(obj, axis, dtype, out, **passkwargs)
/Users/fuyuguo/PhD_thesis/Thesis_1_SNTTEM/Codes/three_time_binary/psi0_python/estimators.py:72: RuntimeWarning: overflow encountered in exp
  + mu13 * np.exp(-gamma03(L0, psi03) * A0)
/Users/fuyuguo/opt/anaconda3/lib/python3.9/site-packages/numpy/core/fromnumeric.py:86: RuntimeWarning: invalid value encountered in reduce
  return ufunc.reduce(obj, axis, dtype, out, **passkwargs)
/Users/fuyuguo/PhD_thesis/Thesis_1_SNTTEM/Codes/three_time_binary/psi0_python/estimators.py:72: RuntimeWarning: overflow encountered in exp
  + mu13 * np.exp(-gamma03(L0, psi03) * A0)
/Users/fuyuguo/opt/anaconda3/lib/python3.9/site-packages/numpy/core/fromnumeric.py:86: RuntimeWarning: invalid value encountered in reduce
  return ufunc.reduce(obj, axis, dtype, out, **passkwargs)
/Users/fuyuguo/PhD_thesis/Thesis_1_SNTTEM/Codes/three_time_binary/psi0_python/estimators.py:39: RuntimeWarning: overflow encountered in exp
  + mu13 * np.exp(-gamma03(L0, psi03) * A0)
/Users/fuyuguo/PhD_thesis/Thesis_1_SNTTEM/Codes/three_time_binary/psi0_python/estimators.py:72: RuntimeWarning: overflow encountered in exp
  + mu13 * np.exp(-gamma03(L0, psi03) * A0)
/Users/fuyuguo/opt/anaconda3/lib/python3.9/site-packages/numpy/core/fromnumeric.py:86: RuntimeWarning: invalid value encountered in reduce
  return ufunc.reduce(obj, axis, dtype, out, **passkwargs)
/Users/fuyuguo/PhD_thesis/Thesis_1_SNTTEM/Codes/three_time_binary/psi0_python/estimators.py:72: RuntimeWarning: overflow encountered in exp
  + mu13 * np.exp(-gamma03(L0, psi03) * A0)
/Users/fuyuguo/opt/anaconda3/lib/python3.9/site-packages/numpy/core/fromnumeric.py:86: RuntimeWarning: invalid value encountered in reduce
  return ufunc.reduce(obj, axis, dtype, out, **passkwargs)
/Users/fuyuguo/PhD_thesis/Thesis_1_SNTTEM/Codes/three_time_binary/psi0_python/estimators.py:39: RuntimeWarning: overflow encountered in exp
  + mu13 * np.exp(-gamma03(L0, psi03) * A0)
/Users/fuyuguo/opt/anaconda3/lib/python3.9/site-packages/numpy/core/fromnumeric.py:86: RuntimeWarning: invalid value encountered in reduce
  return ufunc.reduce(obj, axis, dtype, out, **passkwargs)
/Users/fuyuguo/PhD_thesis/Thesis_1_SNTTEM/Codes/three_time_binary/psi0_python/estimators.py:72: RuntimeWarning: overflow encountered in exp
  + mu13 * np.exp(-gamma03(L0, psi03) * A0)
/Users/fuyuguo/opt/anaconda3/lib/python3.9/site-packages/numpy/core/fromnumeric.py:86: RuntimeWarning: invalid value encountered in reduce
  return ufunc.reduce(obj, axis, dtype, out, **passkwargs)
/Users/fuyuguo/PhD_thesis/Thesis_1_SNTTEM/Codes/three_time_binary/psi0_python/estimators.py:72: RuntimeWarning: overflow encountered in exp
  + mu13 * np.exp(-gamma03(L0, psi03) * A0)
/Users/fuyuguo/opt/anaconda3/lib/python3.9/site-packages/numpy/core/fromnumeric.py:86: RuntimeWarning: invalid value encountered in reduce
  return ufunc.reduce(obj, axis, dtype, out, **passkwargs)
/Users/fuyuguo/PhD_thesis/Thesis_1_SNTTEM/Codes/three_time_binary/psi0_python/estimators.py:72: RuntimeWarning: overflow encountered in exp
  + mu13 * np.exp(-gamma03(L0, psi03) * A0)
/Users/fuyuguo/opt/anaconda3/lib/python3.9/site-packages/numpy/core/fromnumeric.py:86: RuntimeWarning: invalid value encountered in reduce
  return ufunc.reduce(obj, axis, dtype, out, **passkwargs)
/Users/fuyuguo/PhD_thesis/Thesis_1_SNTTEM/Codes/three_time_binary/psi0_python/estimators.py:39: RuntimeWarning: overflow encountered in exp
  + mu13 * np.exp(-gamma03(L0, psi03) * A0)
/Users/fuyuguo/PhD_thesis/Thesis_1_SNTTEM/Codes/three_time_binary/psi0_python/estimators.py:72: RuntimeWarning: overflow encountered in exp
  + mu13 * np.exp(-gamma03(L0, psi03) * A0)
/Users/fuyuguo/opt/anaconda3/lib/python3.9/site-packages/numpy/core/fromnumeric.py:86: RuntimeWarning: invalid value encountered in reduce
  return ufunc.reduce(obj, axis, dtype, out, **passkwargs)
/Users/fuyuguo/PhD_thesis/Thesis_1_SNTTEM/Codes/three_time_binary/psi0_python/estimators.py:72: RuntimeWarning: overflow encountered in multiply
  + mu13 * np.exp(-gamma03(L0, psi03) * A0)
/Users/fuyuguo/PhD_thesis/Thesis_1_SNTTEM/Codes/three_time_binary/psi0_python/estimators.py:72: RuntimeWarning: overflow encountered in exp
  + mu13 * np.exp(-gamma03(L0, psi03) * A0)
/Users/fuyuguo/opt/anaconda3/lib/python3.9/site-packages/numpy/core/fromnumeric.py:86: RuntimeWarning: invalid value encountered in reduce
  return ufunc.reduce(obj, axis, dtype, out, **passkwargs)
/Users/fuyuguo/PhD_thesis/Thesis_1_SNTTEM/Codes/three_time_binary/psi0_python/estimators.py:72: RuntimeWarning: overflow encountered in exp
  + mu13 * np.exp(-gamma03(L0, psi03) * A0)
/Users/fuyuguo/opt/anaconda3/lib/python3.9/site-packages/numpy/core/fromnumeric.py:86: RuntimeWarning: invalid value encountered in reduce
  return ufunc.reduce(obj, axis, dtype, out, **passkwargs)
/Users/fuyuguo/PhD_thesis/Thesis_1_SNTTEM/Codes/three_time_binary/psi0_python/estimators.py:72: RuntimeWarning: overflow encountered in exp
  + mu13 * np.exp(-gamma03(L0, psi03) * A0)
/Users/fuyuguo/opt/anaconda3/lib/python3.9/site-packages/numpy/core/fromnumeric.py:86: RuntimeWarning: invalid value encountered in reduce
  return ufunc.reduce(obj, axis, dtype, out, **passkwargs)
/Users/fuyuguo/PhD_thesis/Thesis_1_SNTTEM/Codes/three_time_binary/psi0_python/estimators.py:72: RuntimeWarning: overflow encountered in exp
  + mu13 * np.exp(-gamma03(L0, psi03) * A0)
/Users/fuyuguo/opt/anaconda3/lib/python3.9/site-packages/numpy/core/fromnumeric.py:86: RuntimeWarning: invalid value encountered in reduce
  return ufunc.reduce(obj, axis, dtype, out, **passkwargs)
/Users/fuyuguo/PhD_thesis/Thesis_1_SNTTEM/Codes/three_time_binary/psi0_python/estimators.py:39: RuntimeWarning: overflow encountered in exp
  + mu13 * np.exp(-gamma03(L0, psi03) * A0)
/Users/fuyuguo/opt/anaconda3/lib/python3.9/site-packages/numpy/core/fromnumeric.py:86: RuntimeWarning: invalid value encountered in reduce
  return ufunc.reduce(obj, axis, dtype, out, **passkwargs)
/Users/fuyuguo/PhD_thesis/Thesis_1_SNTTEM/Codes/three_time_binary/psi0_python/estimators.py:72: RuntimeWarning: overflow encountered in exp
  + mu13 * np.exp(-gamma03(L0, psi03) * A0)
/Users/fuyuguo/opt/anaconda3/lib/python3.9/site-packages/numpy/core/fromnumeric.py:86: RuntimeWarning: invalid value encountered in reduce
  return ufunc.reduce(obj, axis, dtype, out, **passkwargs)
/Users/fuyuguo/PhD_thesis/Thesis_1_SNTTEM/Codes/three_time_binary/psi0_python/estimators.py:39: RuntimeWarning: overflow encountered in exp
  + mu13 * np.exp(-gamma03(L0, psi03) * A0)
/Users/fuyuguo/PhD_thesis/Thesis_1_SNTTEM/Codes/three_time_binary/psi0_python/estimators.py:72: RuntimeWarning: overflow encountered in exp
  + mu13 * np.exp(-gamma03(L0, psi03) * A0)
/Users/fuyuguo/opt/anaconda3/lib/python3.9/site-packages/numpy/core/fromnumeric.py:86: RuntimeWarning: invalid value encountered in reduce
  return ufunc.reduce(obj, axis, dtype, out, **passkwargs)
/Users/fuyuguo/PhD_thesis/Thesis_1_SNTTEM/Codes/three_time_binary/psi0_python/estimators.py:72: RuntimeWarning: overflow encountered in exp
  + mu13 * np.exp(-gamma03(L0, psi03) * A0)
/Users/fuyuguo/opt/anaconda3/lib/python3.9/site-packages/numpy/core/fromnumeric.py:86: RuntimeWarning: invalid value encountered in reduce
  return ufunc.reduce(obj, axis, dtype, out, **passkwargs)
/Users/fuyuguo/PhD_thesis/Thesis_1_SNTTEM/Codes/three_time_binary/psi0_python/estimators.py:72: RuntimeWarning: overflow encountered in exp
  + mu13 * np.exp(-gamma03(L0, psi03) * A0)
/Users/fuyuguo/opt/anaconda3/lib/python3.9/site-packages/numpy/core/fromnumeric.py:86: RuntimeWarning: invalid value encountered in reduce
  return ufunc.reduce(obj, axis, dtype, out, **passkwargs)
/Users/fuyuguo/PhD_thesis/Thesis_1_SNTTEM/Codes/three_time_binary/psi0_python/estimators.py:72: RuntimeWarning: overflow encountered in exp
  + mu13 * np.exp(-gamma03(L0, psi03) * A0)
/Users/fuyuguo/opt/anaconda3/lib/python3.9/site-packages/numpy/core/fromnumeric.py:86: RuntimeWarning: invalid value encountered in reduce
  return ufunc.reduce(obj, axis, dtype, out, **passkwargs)
[Parallel(n_jobs=-1)]: Done 264 tasks      | elapsed:  4.1min
/Users/fuyuguo/PhD_thesis/Thesis_1_SNTTEM/Codes/three_time_binary/psi0_python/estimators.py:72: RuntimeWarning: overflow encountered in exp
  + mu13 * np.exp(-gamma03(L0, psi03) * A0)
/Users/fuyuguo/opt/anaconda3/lib/python3.9/site-packages/numpy/core/fromnumeric.py:86: RuntimeWarning: invalid value encountered in reduce
  return ufunc.reduce(obj, axis, dtype, out, **passkwargs)
/Users/fuyuguo/PhD_thesis/Thesis_1_SNTTEM/Codes/three_time_binary/psi0_python/estimators.py:72: RuntimeWarning: overflow encountered in exp
  + mu13 * np.exp(-gamma03(L0, psi03) * A0)
/Users/fuyuguo/opt/anaconda3/lib/python3.9/site-packages/numpy/core/fromnumeric.py:86: RuntimeWarning: invalid value encountered in reduce
  return ufunc.reduce(obj, axis, dtype, out, **passkwargs)
/Users/fuyuguo/PhD_thesis/Thesis_1_SNTTEM/Codes/three_time_binary/psi0_python/estimators.py:72: RuntimeWarning: overflow encountered in multiply
  + mu13 * np.exp(-gamma03(L0, psi03) * A0)
/Users/fuyuguo/PhD_thesis/Thesis_1_SNTTEM/Codes/three_time_binary/psi0_python/estimators.py:72: RuntimeWarning: overflow encountered in exp
  + mu13 * np.exp(-gamma03(L0, psi03) * A0)
/Users/fuyuguo/opt/anaconda3/lib/python3.9/site-packages/numpy/core/fromnumeric.py:86: RuntimeWarning: invalid value encountered in reduce
  return ufunc.reduce(obj, axis, dtype, out, **passkwargs)
/Users/fuyuguo/PhD_thesis/Thesis_1_SNTTEM/Codes/three_time_binary/psi0_python/estimators.py:72: RuntimeWarning: overflow encountered in exp
  + mu13 * np.exp(-gamma03(L0, psi03) * A0)
/Users/fuyuguo/opt/anaconda3/lib/python3.9/site-packages/numpy/core/fromnumeric.py:86: RuntimeWarning: invalid value encountered in reduce
  return ufunc.reduce(obj, axis, dtype, out, **passkwargs)
/Users/fuyuguo/PhD_thesis/Thesis_1_SNTTEM/Codes/three_time_binary/psi0_python/estimators.py:72: RuntimeWarning: overflow encountered in exp
  + mu13 * np.exp(-gamma03(L0, psi03) * A0)
/Users/fuyuguo/opt/anaconda3/lib/python3.9/site-packages/numpy/core/fromnumeric.py:86: RuntimeWarning: invalid value encountered in reduce
  return ufunc.reduce(obj, axis, dtype, out, **passkwargs)
/Users/fuyuguo/PhD_thesis/Thesis_1_SNTTEM/Codes/three_time_binary/psi0_python/estimators.py:72: RuntimeWarning: overflow encountered in exp
  + mu13 * np.exp(-gamma03(L0, psi03) * A0)
/Users/fuyuguo/opt/anaconda3/lib/python3.9/site-packages/numpy/core/fromnumeric.py:86: RuntimeWarning: invalid value encountered in reduce
  return ufunc.reduce(obj, axis, dtype, out, **passkwargs)
/Users/fuyuguo/PhD_thesis/Thesis_1_SNTTEM/Codes/three_time_binary/psi0_python/estimators.py:72: RuntimeWarning: overflow encountered in exp
  + mu13 * np.exp(-gamma03(L0, psi03) * A0)
/Users/fuyuguo/opt/anaconda3/lib/python3.9/site-packages/numpy/core/fromnumeric.py:86: RuntimeWarning: invalid value encountered in reduce
  return ufunc.reduce(obj, axis, dtype, out, **passkwargs)
/Users/fuyuguo/PhD_thesis/Thesis_1_SNTTEM/Codes/three_time_binary/psi0_python/estimators.py:72: RuntimeWarning: overflow encountered in exp
  + mu13 * np.exp(-gamma03(L0, psi03) * A0)
/Users/fuyuguo/opt/anaconda3/lib/python3.9/site-packages/numpy/core/fromnumeric.py:86: RuntimeWarning: invalid value encountered in reduce
  return ufunc.reduce(obj, axis, dtype, out, **passkwargs)
/Users/fuyuguo/PhD_thesis/Thesis_1_SNTTEM/Codes/three_time_binary/psi0_python/estimators.py:72: RuntimeWarning: overflow encountered in exp
  + mu13 * np.exp(-gamma03(L0, psi03) * A0)
/Users/fuyuguo/opt/anaconda3/lib/python3.9/site-packages/numpy/core/fromnumeric.py:86: RuntimeWarning: invalid value encountered in reduce
  return ufunc.reduce(obj, axis, dtype, out, **passkwargs)
/Users/fuyuguo/PhD_thesis/Thesis_1_SNTTEM/Codes/three_time_binary/psi0_python/estimators.py:72: RuntimeWarning: overflow encountered in exp
  + mu13 * np.exp(-gamma03(L0, psi03) * A0)
/Users/fuyuguo/opt/anaconda3/lib/python3.9/site-packages/numpy/core/fromnumeric.py:86: RuntimeWarning: invalid value encountered in reduce
  return ufunc.reduce(obj, axis, dtype, out, **passkwargs)
/Users/fuyuguo/PhD_thesis/Thesis_1_SNTTEM/Codes/three_time_binary/psi0_python/estimators.py:72: RuntimeWarning: overflow encountered in exp
  + mu13 * np.exp(-gamma03(L0, psi03) * A0)
/Users/fuyuguo/opt/anaconda3/lib/python3.9/site-packages/numpy/core/fromnumeric.py:86: RuntimeWarning: invalid value encountered in reduce
  return ufunc.reduce(obj, axis, dtype, out, **passkwargs)
/Users/fuyuguo/PhD_thesis/Thesis_1_SNTTEM/Codes/three_time_binary/psi0_python/estimators.py:39: RuntimeWarning: overflow encountered in exp
  + mu13 * np.exp(-gamma03(L0, psi03) * A0)
/Users/fuyuguo/opt/anaconda3/lib/python3.9/site-packages/numpy/core/fromnumeric.py:86: RuntimeWarning: invalid value encountered in reduce
  return ufunc.reduce(obj, axis, dtype, out, **passkwargs)
/Users/fuyuguo/PhD_thesis/Thesis_1_SNTTEM/Codes/three_time_binary/psi0_python/estimators.py:39: RuntimeWarning: overflow encountered in exp
  + mu13 * np.exp(-gamma03(L0, psi03) * A0)
/Users/fuyuguo/PhD_thesis/Thesis_1_SNTTEM/Codes/three_time_binary/psi0_python/estimators.py:72: RuntimeWarning: overflow encountered in exp
  + mu13 * np.exp(-gamma03(L0, psi03) * A0)
/Users/fuyuguo/opt/anaconda3/lib/python3.9/site-packages/numpy/core/fromnumeric.py:86: RuntimeWarning: invalid value encountered in reduce
  return ufunc.reduce(obj, axis, dtype, out, **passkwargs)
/Users/fuyuguo/PhD_thesis/Thesis_1_SNTTEM/Codes/three_time_binary/psi0_python/estimators.py:72: RuntimeWarning: overflow encountered in exp
  + mu13 * np.exp(-gamma03(L0, psi03) * A0)
/Users/fuyuguo/opt/anaconda3/lib/python3.9/site-packages/numpy/core/fromnumeric.py:86: RuntimeWarning: invalid value encountered in reduce
  return ufunc.reduce(obj, axis, dtype, out, **passkwargs)
/Users/fuyuguo/PhD_thesis/Thesis_1_SNTTEM/Codes/three_time_binary/psi0_python/estimators.py:72: RuntimeWarning: overflow encountered in exp
  + mu13 * np.exp(-gamma03(L0, psi03) * A0)
/Users/fuyuguo/opt/anaconda3/lib/python3.9/site-packages/numpy/core/fromnumeric.py:86: RuntimeWarning: invalid value encountered in reduce
  return ufunc.reduce(obj, axis, dtype, out, **passkwargs)
/Users/fuyuguo/PhD_thesis/Thesis_1_SNTTEM/Codes/three_time_binary/psi0_python/estimators.py:72: RuntimeWarning: overflow encountered in exp
  + mu13 * np.exp(-gamma03(L0, psi03) * A0)
/Users/fuyuguo/opt/anaconda3/lib/python3.9/site-packages/numpy/core/fromnumeric.py:86: RuntimeWarning: invalid value encountered in reduce
  return ufunc.reduce(obj, axis, dtype, out, **passkwargs)
/Users/fuyuguo/PhD_thesis/Thesis_1_SNTTEM/Codes/three_time_binary/psi0_python/estimators.py:72: RuntimeWarning: overflow encountered in exp
  + mu13 * np.exp(-gamma03(L0, psi03) * A0)
/Users/fuyuguo/opt/anaconda3/lib/python3.9/site-packages/numpy/core/fromnumeric.py:86: RuntimeWarning: invalid value encountered in reduce
  return ufunc.reduce(obj, axis, dtype, out, **passkwargs)
/Users/fuyuguo/PhD_thesis/Thesis_1_SNTTEM/Codes/three_time_binary/psi0_python/estimators.py:72: RuntimeWarning: overflow encountered in exp
  + mu13 * np.exp(-gamma03(L0, psi03) * A0)
/Users/fuyuguo/opt/anaconda3/lib/python3.9/site-packages/numpy/core/fromnumeric.py:86: RuntimeWarning: invalid value encountered in reduce
  return ufunc.reduce(obj, axis, dtype, out, **passkwargs)
/Users/fuyuguo/PhD_thesis/Thesis_1_SNTTEM/Codes/three_time_binary/psi0_python/estimators.py:72: RuntimeWarning: overflow encountered in exp
  + mu13 * np.exp(-gamma03(L0, psi03) * A0)
/Users/fuyuguo/opt/anaconda3/lib/python3.9/site-packages/numpy/core/fromnumeric.py:86: RuntimeWarning: invalid value encountered in reduce
  return ufunc.reduce(obj, axis, dtype, out, **passkwargs)
/Users/fuyuguo/PhD_thesis/Thesis_1_SNTTEM/Codes/three_time_binary/psi0_python/estimators.py:72: RuntimeWarning: overflow encountered in exp
  + mu13 * np.exp(-gamma03(L0, psi03) * A0)
/Users/fuyuguo/opt/anaconda3/lib/python3.9/site-packages/numpy/core/fromnumeric.py:86: RuntimeWarning: invalid value encountered in reduce
  return ufunc.reduce(obj, axis, dtype, out, **passkwargs)
/Users/fuyuguo/PhD_thesis/Thesis_1_SNTTEM/Codes/three_time_binary/psi0_python/estimators.py:72: RuntimeWarning: overflow encountered in exp
  + mu13 * np.exp(-gamma03(L0, psi03) * A0)
/Users/fuyuguo/opt/anaconda3/lib/python3.9/site-packages/numpy/core/fromnumeric.py:86: RuntimeWarning: invalid value encountered in reduce
  return ufunc.reduce(obj, axis, dtype, out, **passkwargs)
/Users/fuyuguo/PhD_thesis/Thesis_1_SNTTEM/Codes/three_time_binary/psi0_python/estimators.py:39: RuntimeWarning: overflow encountered in exp
  + mu13 * np.exp(-gamma03(L0, psi03) * A0)
/Users/fuyuguo/opt/anaconda3/lib/python3.9/site-packages/numpy/core/fromnumeric.py:86: RuntimeWarning: invalid value encountered in reduce
  return ufunc.reduce(obj, axis, dtype, out, **passkwargs)
/Users/fuyuguo/PhD_thesis/Thesis_1_SNTTEM/Codes/three_time_binary/psi0_python/estimators.py:72: RuntimeWarning: overflow encountered in exp
  + mu13 * np.exp(-gamma03(L0, psi03) * A0)
/Users/fuyuguo/opt/anaconda3/lib/python3.9/site-packages/numpy/core/fromnumeric.py:86: RuntimeWarning: invalid value encountered in reduce
  return ufunc.reduce(obj, axis, dtype, out, **passkwargs)
/Users/fuyuguo/PhD_thesis/Thesis_1_SNTTEM/Codes/three_time_binary/psi0_python/estimators.py:39: RuntimeWarning: overflow encountered in exp
  + mu13 * np.exp(-gamma03(L0, psi03) * A0)
/Users/fuyuguo/PhD_thesis/Thesis_1_SNTTEM/Codes/three_time_binary/psi0_python/estimators.py:39: RuntimeWarning: overflow encountered in exp
  + mu13 * np.exp(-gamma03(L0, psi03) * A0)
/Users/fuyuguo/opt/anaconda3/lib/python3.9/site-packages/numpy/core/fromnumeric.py:86: RuntimeWarning: invalid value encountered in reduce
  return ufunc.reduce(obj, axis, dtype, out, **passkwargs)
/Users/fuyuguo/PhD_thesis/Thesis_1_SNTTEM/Codes/three_time_binary/psi0_python/estimators.py:39: RuntimeWarning: overflow encountered in exp
  + mu13 * np.exp(-gamma03(L0, psi03) * A0)
/Users/fuyuguo/opt/anaconda3/lib/python3.9/site-packages/numpy/core/fromnumeric.py:86: RuntimeWarning: invalid value encountered in reduce
  return ufunc.reduce(obj, axis, dtype, out, **passkwargs)
/Users/fuyuguo/PhD_thesis/Thesis_1_SNTTEM/Codes/three_time_binary/psi0_python/estimators.py:72: RuntimeWarning: overflow encountered in exp
  + mu13 * np.exp(-gamma03(L0, psi03) * A0)
/Users/fuyuguo/opt/anaconda3/lib/python3.9/site-packages/numpy/core/fromnumeric.py:86: RuntimeWarning: invalid value encountered in reduce
  return ufunc.reduce(obj, axis, dtype, out, **passkwargs)
/Users/fuyuguo/PhD_thesis/Thesis_1_SNTTEM/Codes/three_time_binary/psi0_python/estimators.py:72: RuntimeWarning: overflow encountered in exp
  + mu13 * np.exp(-gamma03(L0, psi03) * A0)
/Users/fuyuguo/PhD_thesis/Thesis_1_SNTTEM/Codes/three_time_binary/psi0_python/estimators.py:72: RuntimeWarning: overflow encountered in exp
  + mu13 * np.exp(-gamma03(L0, psi03) * A0)
/Users/fuyuguo/opt/anaconda3/lib/python3.9/site-packages/numpy/core/fromnumeric.py:86: RuntimeWarning: invalid value encountered in reduce
  return ufunc.reduce(obj, axis, dtype, out, **passkwargs)
/Users/fuyuguo/PhD_thesis/Thesis_1_SNTTEM/Codes/three_time_binary/psi0_python/estimators.py:72: RuntimeWarning: overflow encountered in exp
  + mu13 * np.exp(-gamma03(L0, psi03) * A0)
/Users/fuyuguo/opt/anaconda3/lib/python3.9/site-packages/numpy/core/fromnumeric.py:86: RuntimeWarning: invalid value encountered in reduce
  return ufunc.reduce(obj, axis, dtype, out, **passkwargs)
/Users/fuyuguo/PhD_thesis/Thesis_1_SNTTEM/Codes/three_time_binary/psi0_python/estimators.py:72: RuntimeWarning: overflow encountered in exp
  + mu13 * np.exp(-gamma03(L0, psi03) * A0)
/Users/fuyuguo/opt/anaconda3/lib/python3.9/site-packages/numpy/core/fromnumeric.py:86: RuntimeWarning: invalid value encountered in reduce
  return ufunc.reduce(obj, axis, dtype, out, **passkwargs)
/Users/fuyuguo/PhD_thesis/Thesis_1_SNTTEM/Codes/three_time_binary/psi0_python/estimators.py:72: RuntimeWarning: overflow encountered in exp
  + mu13 * np.exp(-gamma03(L0, psi03) * A0)
/Users/fuyuguo/opt/anaconda3/lib/python3.9/site-packages/numpy/core/fromnumeric.py:86: RuntimeWarning: invalid value encountered in reduce
  return ufunc.reduce(obj, axis, dtype, out, **passkwargs)
/Users/fuyuguo/PhD_thesis/Thesis_1_SNTTEM/Codes/three_time_binary/psi0_python/estimators.py:72: RuntimeWarning: overflow encountered in exp
  + mu13 * np.exp(-gamma03(L0, psi03) * A0)
/Users/fuyuguo/opt/anaconda3/lib/python3.9/site-packages/numpy/core/fromnumeric.py:86: RuntimeWarning: invalid value encountered in reduce
  return ufunc.reduce(obj, axis, dtype, out, **passkwargs)
/Users/fuyuguo/PhD_thesis/Thesis_1_SNTTEM/Codes/three_time_binary/psi0_python/estimators.py:72: RuntimeWarning: overflow encountered in exp
  + mu13 * np.exp(-gamma03(L0, psi03) * A0)
/Users/fuyuguo/opt/anaconda3/lib/python3.9/site-packages/numpy/core/fromnumeric.py:86: RuntimeWarning: invalid value encountered in reduce
  return ufunc.reduce(obj, axis, dtype, out, **passkwargs)
/Users/fuyuguo/PhD_thesis/Thesis_1_SNTTEM/Codes/three_time_binary/psi0_python/estimators.py:39: RuntimeWarning: overflow encountered in exp
  + mu13 * np.exp(-gamma03(L0, psi03) * A0)
/Users/fuyuguo/PhD_thesis/Thesis_1_SNTTEM/Codes/three_time_binary/psi0_python/estimators.py:72: RuntimeWarning: overflow encountered in exp
  + mu13 * np.exp(-gamma03(L0, psi03) * A0)
/Users/fuyuguo/opt/anaconda3/lib/python3.9/site-packages/numpy/core/fromnumeric.py:86: RuntimeWarning: invalid value encountered in reduce
  return ufunc.reduce(obj, axis, dtype, out, **passkwargs)
/Users/fuyuguo/PhD_thesis/Thesis_1_SNTTEM/Codes/three_time_binary/psi0_python/estimators.py:72: RuntimeWarning: overflow encountered in exp
  + mu13 * np.exp(-gamma03(L0, psi03) * A0)
/Users/fuyuguo/opt/anaconda3/lib/python3.9/site-packages/numpy/core/fromnumeric.py:86: RuntimeWarning: invalid value encountered in reduce
  return ufunc.reduce(obj, axis, dtype, out, **passkwargs)
/Users/fuyuguo/PhD_thesis/Thesis_1_SNTTEM/Codes/three_time_binary/psi0_python/estimators.py:72: RuntimeWarning: overflow encountered in exp
  + mu13 * np.exp(-gamma03(L0, psi03) * A0)
/Users/fuyuguo/opt/anaconda3/lib/python3.9/site-packages/numpy/core/fromnumeric.py:86: RuntimeWarning: invalid value encountered in reduce
  return ufunc.reduce(obj, axis, dtype, out, **passkwargs)
/Users/fuyuguo/PhD_thesis/Thesis_1_SNTTEM/Codes/three_time_binary/psi0_python/estimators.py:72: RuntimeWarning: overflow encountered in exp
  + mu13 * np.exp(-gamma03(L0, psi03) * A0)
/Users/fuyuguo/opt/anaconda3/lib/python3.9/site-packages/numpy/core/fromnumeric.py:86: RuntimeWarning: invalid value encountered in reduce
  return ufunc.reduce(obj, axis, dtype, out, **passkwargs)
/Users/fuyuguo/PhD_thesis/Thesis_1_SNTTEM/Codes/three_time_binary/psi0_python/estimators.py:72: RuntimeWarning: overflow encountered in exp
  + mu13 * np.exp(-gamma03(L0, psi03) * A0)
/Users/fuyuguo/opt/anaconda3/lib/python3.9/site-packages/numpy/core/fromnumeric.py:86: RuntimeWarning: invalid value encountered in reduce
  return ufunc.reduce(obj, axis, dtype, out, **passkwargs)
/Users/fuyuguo/PhD_thesis/Thesis_1_SNTTEM/Codes/three_time_binary/psi0_python/estimators.py:39: RuntimeWarning: overflow encountered in exp
  + mu13 * np.exp(-gamma03(L0, psi03) * A0)
/Users/fuyuguo/opt/anaconda3/lib/python3.9/site-packages/numpy/core/fromnumeric.py:86: RuntimeWarning: invalid value encountered in reduce
  return ufunc.reduce(obj, axis, dtype, out, **passkwargs)
/Users/fuyuguo/PhD_thesis/Thesis_1_SNTTEM/Codes/three_time_binary/psi0_python/estimators.py:39: RuntimeWarning: overflow encountered in exp
  + mu13 * np.exp(-gamma03(L0, psi03) * A0)
/Users/fuyuguo/opt/anaconda3/lib/python3.9/site-packages/numpy/core/fromnumeric.py:86: RuntimeWarning: invalid value encountered in reduce
  return ufunc.reduce(obj, axis, dtype, out, **passkwargs)
/Users/fuyuguo/PhD_thesis/Thesis_1_SNTTEM/Codes/three_time_binary/psi0_python/estimators.py:72: RuntimeWarning: overflow encountered in exp
  + mu13 * np.exp(-gamma03(L0, psi03) * A0)
/Users/fuyuguo/opt/anaconda3/lib/python3.9/site-packages/numpy/core/fromnumeric.py:86: RuntimeWarning: invalid value encountered in reduce
  return ufunc.reduce(obj, axis, dtype, out, **passkwargs)
/Users/fuyuguo/PhD_thesis/Thesis_1_SNTTEM/Codes/three_time_binary/psi0_python/estimators.py:72: RuntimeWarning: overflow encountered in multiply
  + mu13 * np.exp(-gamma03(L0, psi03) * A0)
[Parallel(n_jobs=-1)]: Done 426 tasks      | elapsed:  6.5min
/Users/fuyuguo/PhD_thesis/Thesis_1_SNTTEM/Codes/three_time_binary/psi0_python/estimators.py:72: RuntimeWarning: overflow encountered in exp
  + mu13 * np.exp(-gamma03(L0, psi03) * A0)
/Users/fuyuguo/opt/anaconda3/lib/python3.9/site-packages/numpy/core/fromnumeric.py:86: RuntimeWarning: invalid value encountered in reduce
  return ufunc.reduce(obj, axis, dtype, out, **passkwargs)
/Users/fuyuguo/PhD_thesis/Thesis_1_SNTTEM/Codes/three_time_binary/psi0_python/estimators.py:72: RuntimeWarning: overflow encountered in exp
  + mu13 * np.exp(-gamma03(L0, psi03) * A0)
/Users/fuyuguo/opt/anaconda3/lib/python3.9/site-packages/numpy/core/fromnumeric.py:86: RuntimeWarning: invalid value encountered in reduce
  return ufunc.reduce(obj, axis, dtype, out, **passkwargs)
/Users/fuyuguo/PhD_thesis/Thesis_1_SNTTEM/Codes/three_time_binary/psi0_python/estimators.py:72: RuntimeWarning: overflow encountered in exp
  + mu13 * np.exp(-gamma03(L0, psi03) * A0)
/Users/fuyuguo/opt/anaconda3/lib/python3.9/site-packages/numpy/core/fromnumeric.py:86: RuntimeWarning: invalid value encountered in reduce
  return ufunc.reduce(obj, axis, dtype, out, **passkwargs)
/Users/fuyuguo/PhD_thesis/Thesis_1_SNTTEM/Codes/three_time_binary/psi0_python/estimators.py:39: RuntimeWarning: overflow encountered in exp
  + mu13 * np.exp(-gamma03(L0, psi03) * A0)
/Users/fuyuguo/opt/anaconda3/lib/python3.9/site-packages/numpy/core/fromnumeric.py:86: RuntimeWarning: invalid value encountered in reduce
  return ufunc.reduce(obj, axis, dtype, out, **passkwargs)
/Users/fuyuguo/PhD_thesis/Thesis_1_SNTTEM/Codes/three_time_binary/psi0_python/estimators.py:72: RuntimeWarning: overflow encountered in exp
  + mu13 * np.exp(-gamma03(L0, psi03) * A0)
/Users/fuyuguo/opt/anaconda3/lib/python3.9/site-packages/numpy/core/fromnumeric.py:86: RuntimeWarning: invalid value encountered in reduce
  return ufunc.reduce(obj, axis, dtype, out, **passkwargs)
/Users/fuyuguo/PhD_thesis/Thesis_1_SNTTEM/Codes/three_time_binary/psi0_python/estimators.py:72: RuntimeWarning: overflow encountered in exp
  + mu13 * np.exp(-gamma03(L0, psi03) * A0)
/Users/fuyuguo/opt/anaconda3/lib/python3.9/site-packages/numpy/core/fromnumeric.py:86: RuntimeWarning: invalid value encountered in reduce
  return ufunc.reduce(obj, axis, dtype, out, **passkwargs)
/Users/fuyuguo/PhD_thesis/Thesis_1_SNTTEM/Codes/three_time_binary/psi0_python/estimators.py:72: RuntimeWarning: overflow encountered in exp
  + mu13 * np.exp(-gamma03(L0, psi03) * A0)
/Users/fuyuguo/opt/anaconda3/lib/python3.9/site-packages/numpy/core/fromnumeric.py:86: RuntimeWarning: invalid value encountered in reduce
  return ufunc.reduce(obj, axis, dtype, out, **passkwargs)
/Users/fuyuguo/PhD_thesis/Thesis_1_SNTTEM/Codes/three_time_binary/psi0_python/estimators.py:72: RuntimeWarning: overflow encountered in exp
  + mu13 * np.exp(-gamma03(L0, psi03) * A0)
/Users/fuyuguo/opt/anaconda3/lib/python3.9/site-packages/numpy/core/fromnumeric.py:86: RuntimeWarning: invalid value encountered in reduce
  return ufunc.reduce(obj, axis, dtype, out, **passkwargs)
/Users/fuyuguo/PhD_thesis/Thesis_1_SNTTEM/Codes/three_time_binary/psi0_python/estimators.py:72: RuntimeWarning: overflow encountered in exp
  + mu13 * np.exp(-gamma03(L0, psi03) * A0)
/Users/fuyuguo/opt/anaconda3/lib/python3.9/site-packages/numpy/core/fromnumeric.py:86: RuntimeWarning: invalid value encountered in reduce
  return ufunc.reduce(obj, axis, dtype, out, **passkwargs)
/Users/fuyuguo/PhD_thesis/Thesis_1_SNTTEM/Codes/three_time_binary/psi0_python/estimators.py:39: RuntimeWarning: overflow encountered in exp
  + mu13 * np.exp(-gamma03(L0, psi03) * A0)
/Users/fuyuguo/PhD_thesis/Thesis_1_SNTTEM/Codes/three_time_binary/psi0_python/estimators.py:72: RuntimeWarning: overflow encountered in exp
  + mu13 * np.exp(-gamma03(L0, psi03) * A0)
/Users/fuyuguo/opt/anaconda3/lib/python3.9/site-packages/numpy/core/fromnumeric.py:86: RuntimeWarning: invalid value encountered in reduce
  return ufunc.reduce(obj, axis, dtype, out, **passkwargs)
/Users/fuyuguo/PhD_thesis/Thesis_1_SNTTEM/Codes/three_time_binary/psi0_python/estimators.py:72: RuntimeWarning: overflow encountered in exp
  + mu13 * np.exp(-gamma03(L0, psi03) * A0)
/Users/fuyuguo/opt/anaconda3/lib/python3.9/site-packages/numpy/core/fromnumeric.py:86: RuntimeWarning: invalid value encountered in reduce
  return ufunc.reduce(obj, axis, dtype, out, **passkwargs)
/Users/fuyuguo/PhD_thesis/Thesis_1_SNTTEM/Codes/three_time_binary/psi0_python/estimators.py:39: RuntimeWarning: overflow encountered in exp
  + mu13 * np.exp(-gamma03(L0, psi03) * A0)
/Users/fuyuguo/PhD_thesis/Thesis_1_SNTTEM/Codes/three_time_binary/psi0_python/estimators.py:72: RuntimeWarning: overflow encountered in exp
  + mu13 * np.exp(-gamma03(L0, psi03) * A0)
/Users/fuyuguo/opt/anaconda3/lib/python3.9/site-packages/numpy/core/fromnumeric.py:86: RuntimeWarning: invalid value encountered in reduce
  return ufunc.reduce(obj, axis, dtype, out, **passkwargs)
/Users/fuyuguo/PhD_thesis/Thesis_1_SNTTEM/Codes/three_time_binary/psi0_python/estimators.py:72: RuntimeWarning: overflow encountered in exp
  + mu13 * np.exp(-gamma03(L0, psi03) * A0)
/Users/fuyuguo/opt/anaconda3/lib/python3.9/site-packages/numpy/core/fromnumeric.py:86: RuntimeWarning: invalid value encountered in reduce
  return ufunc.reduce(obj, axis, dtype, out, **passkwargs)
/Users/fuyuguo/PhD_thesis/Thesis_1_SNTTEM/Codes/three_time_binary/psi0_python/estimators.py:72: RuntimeWarning: overflow encountered in exp
  + mu13 * np.exp(-gamma03(L0, psi03) * A0)
/Users/fuyuguo/opt/anaconda3/lib/python3.9/site-packages/numpy/core/fromnumeric.py:86: RuntimeWarning: invalid value encountered in reduce
  return ufunc.reduce(obj, axis, dtype, out, **passkwargs)
/Users/fuyuguo/PhD_thesis/Thesis_1_SNTTEM/Codes/three_time_binary/psi0_python/estimators.py:72: RuntimeWarning: overflow encountered in exp
  + mu13 * np.exp(-gamma03(L0, psi03) * A0)
/Users/fuyuguo/opt/anaconda3/lib/python3.9/site-packages/numpy/core/fromnumeric.py:86: RuntimeWarning: invalid value encountered in reduce
  return ufunc.reduce(obj, axis, dtype, out, **passkwargs)
/Users/fuyuguo/PhD_thesis/Thesis_1_SNTTEM/Codes/three_time_binary/psi0_python/estimators.py:39: RuntimeWarning: overflow encountered in exp
  + mu13 * np.exp(-gamma03(L0, psi03) * A0)
/Users/fuyuguo/opt/anaconda3/lib/python3.9/site-packages/numpy/core/fromnumeric.py:86: RuntimeWarning: invalid value encountered in reduce
  return ufunc.reduce(obj, axis, dtype, out, **passkwargs)
/Users/fuyuguo/PhD_thesis/Thesis_1_SNTTEM/Codes/three_time_binary/psi0_python/estimators.py:72: RuntimeWarning: overflow encountered in exp
  + mu13 * np.exp(-gamma03(L0, psi03) * A0)
/Users/fuyuguo/opt/anaconda3/lib/python3.9/site-packages/numpy/core/fromnumeric.py:86: RuntimeWarning: invalid value encountered in reduce
  return ufunc.reduce(obj, axis, dtype, out, **passkwargs)
[Parallel(n_jobs=-1)]: Done 500 out of 500 | elapsed:  7.6min finished
[Parallel(n_jobs=-1)]: Using backend LokyBackend with 12 concurrent workers.
/Users/fuyuguo/PhD_thesis/Thesis_1_SNTTEM/Codes/three_time_binary/psi0_python/estimators.py:72: RuntimeWarning: overflow encountered in exp
  + mu13 * np.exp(-gamma03(L0, psi03) * A0)
/Users/fuyuguo/opt/anaconda3/lib/python3.9/site-packages/numpy/core/fromnumeric.py:86: RuntimeWarning: invalid value encountered in reduce
  return ufunc.reduce(obj, axis, dtype, out, **passkwargs)
/Users/fuyuguo/PhD_thesis/Thesis_1_SNTTEM/Codes/three_time_binary/psi0_python/estimators.py:72: RuntimeWarning: overflow encountered in exp
  + mu13 * np.exp(-gamma03(L0, psi03) * A0)
/Users/fuyuguo/opt/anaconda3/lib/python3.9/site-packages/numpy/core/fromnumeric.py:86: RuntimeWarning: invalid value encountered in reduce
  return ufunc.reduce(obj, axis, dtype, out, **passkwargs)
/Users/fuyuguo/PhD_thesis/Thesis_1_SNTTEM/Codes/three_time_binary/psi0_python/estimators.py:39: RuntimeWarning: overflow encountered in exp
  + mu13 * np.exp(-gamma03(L0, psi03) * A0)
/Users/fuyuguo/opt/anaconda3/lib/python3.9/site-packages/numpy/core/fromnumeric.py:86: RuntimeWarning: invalid value encountered in reduce
  return ufunc.reduce(obj, axis, dtype, out, **passkwargs)
[Parallel(n_jobs=-1)]: Done  48 tasks      | elapsed:   46.6s
/Users/fuyuguo/PhD_thesis/Thesis_1_SNTTEM/Codes/three_time_binary/psi0_python/estimators.py:39: RuntimeWarning: overflow encountered in exp
  + mu13 * np.exp(-gamma03(L0, psi03) * A0)
/Users/fuyuguo/opt/anaconda3/lib/python3.9/site-packages/numpy/core/fromnumeric.py:86: RuntimeWarning: invalid value encountered in reduce
  return ufunc.reduce(obj, axis, dtype, out, **passkwargs)
[Parallel(n_jobs=-1)]: Done 138 tasks      | elapsed:  2.3min
/Users/fuyuguo/PhD_thesis/Thesis_1_SNTTEM/Codes/three_time_binary/psi0_python/estimators.py:72: RuntimeWarning: overflow encountered in exp
  + mu13 * np.exp(-gamma03(L0, psi03) * A0)
/Users/fuyuguo/opt/anaconda3/lib/python3.9/site-packages/numpy/core/fromnumeric.py:86: RuntimeWarning: invalid value encountered in reduce
  return ufunc.reduce(obj, axis, dtype, out, **passkwargs)
/Users/fuyuguo/PhD_thesis/Thesis_1_SNTTEM/Codes/three_time_binary/psi0_python/estimators.py:72: RuntimeWarning: overflow encountered in exp
  + mu13 * np.exp(-gamma03(L0, psi03) * A0)
/Users/fuyuguo/opt/anaconda3/lib/python3.9/site-packages/numpy/core/fromnumeric.py:86: RuntimeWarning: invalid value encountered in reduce
  return ufunc.reduce(obj, axis, dtype, out, **passkwargs)
/Users/fuyuguo/PhD_thesis/Thesis_1_SNTTEM/Codes/three_time_binary/psi0_python/estimators.py:72: RuntimeWarning: overflow encountered in exp
  + mu13 * np.exp(-gamma03(L0, psi03) * A0)
/Users/fuyuguo/opt/anaconda3/lib/python3.9/site-packages/numpy/core/fromnumeric.py:86: RuntimeWarning: invalid value encountered in reduce
  return ufunc.reduce(obj, axis, dtype, out, **passkwargs)
[Parallel(n_jobs=-1)]: Done 264 tasks      | elapsed:  4.3min
/Users/fuyuguo/PhD_thesis/Thesis_1_SNTTEM/Codes/three_time_binary/psi0_python/estimators.py:72: RuntimeWarning: overflow encountered in exp
  + mu13 * np.exp(-gamma03(L0, psi03) * A0)
/Users/fuyuguo/opt/anaconda3/lib/python3.9/site-packages/numpy/core/fromnumeric.py:86: RuntimeWarning: invalid value encountered in reduce
  return ufunc.reduce(obj, axis, dtype, out, **passkwargs)
/Users/fuyuguo/PhD_thesis/Thesis_1_SNTTEM/Codes/three_time_binary/psi0_python/estimators.py:72: RuntimeWarning: overflow encountered in exp
  + mu13 * np.exp(-gamma03(L0, psi03) * A0)
/Users/fuyuguo/opt/anaconda3/lib/python3.9/site-packages/numpy/core/fromnumeric.py:86: RuntimeWarning: invalid value encountered in reduce
  return ufunc.reduce(obj, axis, dtype, out, **passkwargs)
/Users/fuyuguo/PhD_thesis/Thesis_1_SNTTEM/Codes/three_time_binary/psi0_python/estimators.py:39: RuntimeWarning: overflow encountered in exp
  + mu13 * np.exp(-gamma03(L0, psi03) * A0)
/Users/fuyuguo/opt/anaconda3/lib/python3.9/site-packages/numpy/core/fromnumeric.py:86: RuntimeWarning: invalid value encountered in reduce
  return ufunc.reduce(obj, axis, dtype, out, **passkwargs)
/Users/fuyuguo/PhD_thesis/Thesis_1_SNTTEM/Codes/three_time_binary/psi0_python/estimators.py:72: RuntimeWarning: overflow encountered in exp
  + mu13 * np.exp(-gamma03(L0, psi03) * A0)
/Users/fuyuguo/opt/anaconda3/lib/python3.9/site-packages/numpy/core/fromnumeric.py:86: RuntimeWarning: invalid value encountered in reduce
  return ufunc.reduce(obj, axis, dtype, out, **passkwargs)
[Parallel(n_jobs=-1)]: Done 426 tasks      | elapsed:  6.7min
[Parallel(n_jobs=-1)]: Done 500 out of 500 | elapsed:  7.8min finished
[Parallel(n_jobs=-1)]: Using backend LokyBackend with 12 concurrent workers.
[Parallel(n_jobs=-1)]: Done  48 tasks      | elapsed:   47.9s
/Users/fuyuguo/PhD_thesis/Thesis_1_SNTTEM/Codes/three_time_binary/psi0_python/estimators.py:72: RuntimeWarning: overflow encountered in exp
  + mu13 * np.exp(-gamma03(L0, psi03) * A0)
/Users/fuyuguo/opt/anaconda3/lib/python3.9/site-packages/numpy/core/fromnumeric.py:86: RuntimeWarning: invalid value encountered in reduce
  return ufunc.reduce(obj, axis, dtype, out, **passkwargs)
[Parallel(n_jobs=-1)]: Done 138 tasks      | elapsed:  2.3min
/Users/fuyuguo/PhD_thesis/Thesis_1_SNTTEM/Codes/three_time_binary/psi0_python/estimators.py:72: RuntimeWarning: overflow encountered in exp
  + mu13 * np.exp(-gamma03(L0, psi03) * A0)
/Users/fuyuguo/opt/anaconda3/lib/python3.9/site-packages/numpy/core/fromnumeric.py:86: RuntimeWarning: invalid value encountered in reduce
  return ufunc.reduce(obj, axis, dtype, out, **passkwargs)
/Users/fuyuguo/PhD_thesis/Thesis_1_SNTTEM/Codes/three_time_binary/psi0_python/estimators.py:72: RuntimeWarning: overflow encountered in exp
  + mu13 * np.exp(-gamma03(L0, psi03) * A0)
/Users/fuyuguo/opt/anaconda3/lib/python3.9/site-packages/numpy/core/fromnumeric.py:86: RuntimeWarning: invalid value encountered in reduce
  return ufunc.reduce(obj, axis, dtype, out, **passkwargs)
[Parallel(n_jobs=-1)]: Done 264 tasks      | elapsed:  4.3min
[Parallel(n_jobs=-1)]: Done 426 tasks      | elapsed:  6.9min
[Parallel(n_jobs=-1)]: Done 500 out of 500 | elapsed:  8.0min finished
[Parallel(n_jobs=-1)]: Using backend LokyBackend with 12 concurrent workers.
/Users/fuyuguo/PhD_thesis/Thesis_1_SNTTEM/Codes/three_time_binary/psi0_python/estimators.py:72: RuntimeWarning: overflow encountered in exp
  + mu13 * np.exp(-gamma03(L0, psi03) * A0)
/Users/fuyuguo/opt/anaconda3/lib/python3.9/site-packages/numpy/core/fromnumeric.py:86: RuntimeWarning: invalid value encountered in reduce
  return ufunc.reduce(obj, axis, dtype, out, **passkwargs)
[Parallel(n_jobs=-1)]: Done  48 tasks      | elapsed:   44.3s
[Parallel(n_jobs=-1)]: Done 138 tasks      | elapsed:  2.2min
/Users/fuyuguo/PhD_thesis/Thesis_1_SNTTEM/Codes/three_time_binary/psi0_python/estimators.py:39: RuntimeWarning: overflow encountered in exp
  + mu13 * np.exp(-gamma03(L0, psi03) * A0)
/Users/fuyuguo/opt/anaconda3/lib/python3.9/site-packages/numpy/core/fromnumeric.py:86: RuntimeWarning: invalid value encountered in reduce
  return ufunc.reduce(obj, axis, dtype, out, **passkwargs)
/Users/fuyuguo/PhD_thesis/Thesis_1_SNTTEM/Codes/three_time_binary/psi0_python/estimators.py:72: RuntimeWarning: overflow encountered in exp
  + mu13 * np.exp(-gamma03(L0, psi03) * A0)
[Parallel(n_jobs=-1)]: Done 264 tasks      | elapsed:  4.0min
/Users/fuyuguo/PhD_thesis/Thesis_1_SNTTEM/Codes/three_time_binary/psi0_python/estimators.py:39: RuntimeWarning: overflow encountered in exp
  + mu13 * np.exp(-gamma03(L0, psi03) * A0)
/Users/fuyuguo/opt/anaconda3/lib/python3.9/site-packages/numpy/core/fromnumeric.py:86: RuntimeWarning: invalid value encountered in reduce
  return ufunc.reduce(obj, axis, dtype, out, **passkwargs)
[Parallel(n_jobs=-1)]: Done 426 tasks      | elapsed:  6.6min
[Parallel(n_jobs=-1)]: Done 500 out of 500 | elapsed:  7.7min finished
[Parallel(n_jobs=-1)]: Using backend LokyBackend with 12 concurrent workers.
[Parallel(n_jobs=-1)]: Done  48 tasks      | elapsed:   47.5s
[Parallel(n_jobs=-1)]: Done 138 tasks      | elapsed:  2.5min
[Parallel(n_jobs=-1)]: Done 264 tasks      | elapsed:  4.6min
[Parallel(n_jobs=-1)]: Done 426 tasks      | elapsed:  7.1min
[Parallel(n_jobs=-1)]: Done 500 out of 500 | elapsed:  8.3min finished
[Parallel(n_jobs=-1)]: Using backend LokyBackend with 12 concurrent workers.
[Parallel(n_jobs=-1)]: Done  48 tasks      | elapsed:   49.6s
[Parallel(n_jobs=-1)]: Done 138 tasks      | elapsed:  2.4min
[Parallel(n_jobs=-1)]: Done 264 tasks      | elapsed:  4.4min
[Parallel(n_jobs=-1)]: Done 426 tasks      | elapsed:  7.2min
[Parallel(n_jobs=-1)]: Done 500 out of 500 | elapsed:  8.4min finished
[Parallel(n_jobs=-1)]: Using backend LokyBackend with 12 concurrent workers.
[Parallel(n_jobs=-1)]: Done  48 tasks      | elapsed:   48.5s
[Parallel(n_jobs=-1)]: Done 138 tasks      | elapsed:  2.3min
[Parallel(n_jobs=-1)]: Done 264 tasks      | elapsed:  4.4min
[Parallel(n_jobs=-1)]: Done 426 tasks      | elapsed:  7.0min
[Parallel(n_jobs=-1)]: Done 500 out of 500 | elapsed:  8.1min finished
[Parallel(n_jobs=-1)]: Using backend LokyBackend with 12 concurrent workers.
[Parallel(n_jobs=-1)]: Done  48 tasks      | elapsed:   49.9s
[Parallel(n_jobs=-1)]: Done 138 tasks      | elapsed:  2.4min
[Parallel(n_jobs=-1)]: Done 264 tasks      | elapsed:  4.8min
[Parallel(n_jobs=-1)]: Done 426 tasks      | elapsed:  7.8min
[Parallel(n_jobs=-1)]: Done 500 out of 500 | elapsed:  9.0min finished
[Parallel(n_jobs=-1)]: Using backend LokyBackend with 12 concurrent workers.
[Parallel(n_jobs=-1)]: Done  48 tasks      | elapsed:   50.2s
[Parallel(n_jobs=-1)]: Done 138 tasks      | elapsed:  2.4min
[Parallel(n_jobs=-1)]: Done 264 tasks      | elapsed:  4.6min
[Parallel(n_jobs=-1)]: Done 426 tasks      | elapsed:  7.4min
[Parallel(n_jobs=-1)]: Done 500 out of 500 | elapsed:  8.6min finished
[Parallel(n_jobs=-1)]: Using backend LokyBackend with 12 concurrent workers.
/Users/fuyuguo/PhD_thesis/Thesis_1_SNTTEM/Codes/three_time_binary/psi0_python/estimators.py:39: RuntimeWarning: overflow encountered in exp
  + mu13 * np.exp(-gamma03(L0, psi03) * A0)
/Users/fuyuguo/opt/anaconda3/lib/python3.9/site-packages/numpy/core/fromnumeric.py:86: RuntimeWarning: invalid value encountered in reduce
  return ufunc.reduce(obj, axis, dtype, out, **passkwargs)
/Users/fuyuguo/PhD_thesis/Thesis_1_SNTTEM/Codes/three_time_binary/psi0_python/estimators.py:72: RuntimeWarning: overflow encountered in exp
  + mu13 * np.exp(-gamma03(L0, psi03) * A0)
/Users/fuyuguo/opt/anaconda3/lib/python3.9/site-packages/numpy/core/fromnumeric.py:86: RuntimeWarning: invalid value encountered in reduce
  return ufunc.reduce(obj, axis, dtype, out, **passkwargs)
/Users/fuyuguo/PhD_thesis/Thesis_1_SNTTEM/Codes/three_time_binary/psi0_python/estimators.py:72: RuntimeWarning: overflow encountered in exp
  + mu13 * np.exp(-gamma03(L0, psi03) * A0)
/Users/fuyuguo/PhD_thesis/Thesis_1_SNTTEM/Codes/three_time_binary/psi0_python/estimators.py:72: RuntimeWarning: overflow encountered in exp
  + mu13 * np.exp(-gamma03(L0, psi03) * A0)
/Users/fuyuguo/opt/anaconda3/lib/python3.9/site-packages/numpy/core/fromnumeric.py:86: RuntimeWarning: invalid value encountered in reduce
  return ufunc.reduce(obj, axis, dtype, out, **passkwargs)
/Users/fuyuguo/PhD_thesis/Thesis_1_SNTTEM/Codes/three_time_binary/psi0_python/estimators.py:72: RuntimeWarning: overflow encountered in exp
  + mu13 * np.exp(-gamma03(L0, psi03) * A0)
/Users/fuyuguo/opt/anaconda3/lib/python3.9/site-packages/numpy/core/fromnumeric.py:86: RuntimeWarning: invalid value encountered in reduce
  return ufunc.reduce(obj, axis, dtype, out, **passkwargs)
/Users/fuyuguo/PhD_thesis/Thesis_1_SNTTEM/Codes/three_time_binary/psi0_python/estimators.py:72: RuntimeWarning: overflow encountered in exp
  + mu13 * np.exp(-gamma03(L0, psi03) * A0)
/Users/fuyuguo/opt/anaconda3/lib/python3.9/site-packages/numpy/core/fromnumeric.py:86: RuntimeWarning: invalid value encountered in reduce
  return ufunc.reduce(obj, axis, dtype, out, **passkwargs)
/Users/fuyuguo/PhD_thesis/Thesis_1_SNTTEM/Codes/three_time_binary/psi0_python/estimators.py:72: RuntimeWarning: overflow encountered in exp
  + mu13 * np.exp(-gamma03(L0, psi03) * A0)
/Users/fuyuguo/opt/anaconda3/lib/python3.9/site-packages/numpy/core/fromnumeric.py:86: RuntimeWarning: invalid value encountered in reduce
  return ufunc.reduce(obj, axis, dtype, out, **passkwargs)
/Users/fuyuguo/PhD_thesis/Thesis_1_SNTTEM/Codes/three_time_binary/psi0_python/estimators.py:72: RuntimeWarning: overflow encountered in exp
  + mu13 * np.exp(-gamma03(L0, psi03) * A0)
/Users/fuyuguo/opt/anaconda3/lib/python3.9/site-packages/numpy/core/fromnumeric.py:86: RuntimeWarning: invalid value encountered in reduce
  return ufunc.reduce(obj, axis, dtype, out, **passkwargs)
/Users/fuyuguo/PhD_thesis/Thesis_1_SNTTEM/Codes/three_time_binary/psi0_python/estimators.py:39: RuntimeWarning: overflow encountered in exp
  + mu13 * np.exp(-gamma03(L0, psi03) * A0)
/Users/fuyuguo/opt/anaconda3/lib/python3.9/site-packages/numpy/core/fromnumeric.py:86: RuntimeWarning: invalid value encountered in reduce
  return ufunc.reduce(obj, axis, dtype, out, **passkwargs)
/Users/fuyuguo/PhD_thesis/Thesis_1_SNTTEM/Codes/three_time_binary/psi0_python/estimators.py:72: RuntimeWarning: overflow encountered in exp
  + mu13 * np.exp(-gamma03(L0, psi03) * A0)
/Users/fuyuguo/PhD_thesis/Thesis_1_SNTTEM/Codes/three_time_binary/psi0_python/estimators.py:72: RuntimeWarning: overflow encountered in exp
  + mu13 * np.exp(-gamma03(L0, psi03) * A0)
/Users/fuyuguo/opt/anaconda3/lib/python3.9/site-packages/numpy/core/fromnumeric.py:86: RuntimeWarning: invalid value encountered in reduce
  return ufunc.reduce(obj, axis, dtype, out, **passkwargs)
/Users/fuyuguo/PhD_thesis/Thesis_1_SNTTEM/Codes/three_time_binary/psi0_python/estimators.py:72: RuntimeWarning: overflow encountered in exp
  + mu13 * np.exp(-gamma03(L0, psi03) * A0)
/Users/fuyuguo/opt/anaconda3/lib/python3.9/site-packages/numpy/core/fromnumeric.py:86: RuntimeWarning: invalid value encountered in reduce
  return ufunc.reduce(obj, axis, dtype, out, **passkwargs)
/Users/fuyuguo/PhD_thesis/Thesis_1_SNTTEM/Codes/three_time_binary/psi0_python/estimators.py:72: RuntimeWarning: overflow encountered in multiply
  + mu13 * np.exp(-gamma03(L0, psi03) * A0)
/Users/fuyuguo/PhD_thesis/Thesis_1_SNTTEM/Codes/three_time_binary/psi0_python/estimators.py:39: RuntimeWarning: overflow encountered in exp
  + mu13 * np.exp(-gamma03(L0, psi03) * A0)
/Users/fuyuguo/PhD_thesis/Thesis_1_SNTTEM/Codes/three_time_binary/psi0_python/estimators.py:72: RuntimeWarning: overflow encountered in exp
  + mu13 * np.exp(-gamma03(L0, psi03) * A0)
/Users/fuyuguo/opt/anaconda3/lib/python3.9/site-packages/numpy/core/fromnumeric.py:86: RuntimeWarning: invalid value encountered in reduce
  return ufunc.reduce(obj, axis, dtype, out, **passkwargs)
/Users/fuyuguo/PhD_thesis/Thesis_1_SNTTEM/Codes/three_time_binary/psi0_python/estimators.py:72: RuntimeWarning: overflow encountered in exp
  + mu13 * np.exp(-gamma03(L0, psi03) * A0)
/Users/fuyuguo/opt/anaconda3/lib/python3.9/site-packages/numpy/core/fromnumeric.py:86: RuntimeWarning: invalid value encountered in reduce
  return ufunc.reduce(obj, axis, dtype, out, **passkwargs)
/Users/fuyuguo/PhD_thesis/Thesis_1_SNTTEM/Codes/three_time_binary/psi0_python/estimators.py:72: RuntimeWarning: overflow encountered in exp
  + mu13 * np.exp(-gamma03(L0, psi03) * A0)
/Users/fuyuguo/opt/anaconda3/lib/python3.9/site-packages/numpy/core/fromnumeric.py:86: RuntimeWarning: invalid value encountered in reduce
  return ufunc.reduce(obj, axis, dtype, out, **passkwargs)
/Users/fuyuguo/PhD_thesis/Thesis_1_SNTTEM/Codes/three_time_binary/psi0_python/estimators.py:72: RuntimeWarning: overflow encountered in exp
  + mu13 * np.exp(-gamma03(L0, psi03) * A0)
/Users/fuyuguo/opt/anaconda3/lib/python3.9/site-packages/numpy/core/fromnumeric.py:86: RuntimeWarning: invalid value encountered in reduce
  return ufunc.reduce(obj, axis, dtype, out, **passkwargs)
/Users/fuyuguo/PhD_thesis/Thesis_1_SNTTEM/Codes/three_time_binary/psi0_python/estimators.py:72: RuntimeWarning: overflow encountered in exp
  + mu13 * np.exp(-gamma03(L0, psi03) * A0)
/Users/fuyuguo/opt/anaconda3/lib/python3.9/site-packages/numpy/core/fromnumeric.py:86: RuntimeWarning: invalid value encountered in reduce
  return ufunc.reduce(obj, axis, dtype, out, **passkwargs)
/Users/fuyuguo/PhD_thesis/Thesis_1_SNTTEM/Codes/three_time_binary/psi0_python/estimators.py:72: RuntimeWarning: overflow encountered in exp
  + mu13 * np.exp(-gamma03(L0, psi03) * A0)
/Users/fuyuguo/opt/anaconda3/lib/python3.9/site-packages/numpy/core/fromnumeric.py:86: RuntimeWarning: invalid value encountered in reduce
  return ufunc.reduce(obj, axis, dtype, out, **passkwargs)
/Users/fuyuguo/PhD_thesis/Thesis_1_SNTTEM/Codes/three_time_binary/psi0_python/estimators.py:39: RuntimeWarning: overflow encountered in exp
  + mu13 * np.exp(-gamma03(L0, psi03) * A0)
/Users/fuyuguo/PhD_thesis/Thesis_1_SNTTEM/Codes/three_time_binary/psi0_python/estimators.py:72: RuntimeWarning: overflow encountered in exp
  + mu13 * np.exp(-gamma03(L0, psi03) * A0)
/Users/fuyuguo/opt/anaconda3/lib/python3.9/site-packages/numpy/core/fromnumeric.py:86: RuntimeWarning: invalid value encountered in reduce
  return ufunc.reduce(obj, axis, dtype, out, **passkwargs)
/Users/fuyuguo/PhD_thesis/Thesis_1_SNTTEM/Codes/three_time_binary/psi0_python/estimators.py:72: RuntimeWarning: overflow encountered in exp
  + mu13 * np.exp(-gamma03(L0, psi03) * A0)
/Users/fuyuguo/opt/anaconda3/lib/python3.9/site-packages/numpy/core/fromnumeric.py:86: RuntimeWarning: invalid value encountered in reduce
  return ufunc.reduce(obj, axis, dtype, out, **passkwargs)
/Users/fuyuguo/PhD_thesis/Thesis_1_SNTTEM/Codes/three_time_binary/psi0_python/estimators.py:72: RuntimeWarning: overflow encountered in exp
  + mu13 * np.exp(-gamma03(L0, psi03) * A0)
/Users/fuyuguo/opt/anaconda3/lib/python3.9/site-packages/numpy/core/fromnumeric.py:86: RuntimeWarning: invalid value encountered in reduce
  return ufunc.reduce(obj, axis, dtype, out, **passkwargs)
/Users/fuyuguo/PhD_thesis/Thesis_1_SNTTEM/Codes/three_time_binary/psi0_python/estimators.py:72: RuntimeWarning: overflow encountered in exp
  + mu13 * np.exp(-gamma03(L0, psi03) * A0)
/Users/fuyuguo/opt/anaconda3/lib/python3.9/site-packages/numpy/core/fromnumeric.py:86: RuntimeWarning: invalid value encountered in reduce
  return ufunc.reduce(obj, axis, dtype, out, **passkwargs)
/Users/fuyuguo/PhD_thesis/Thesis_1_SNTTEM/Codes/three_time_binary/psi0_python/estimators.py:72: RuntimeWarning: overflow encountered in exp
  + mu13 * np.exp(-gamma03(L0, psi03) * A0)
/Users/fuyuguo/opt/anaconda3/lib/python3.9/site-packages/numpy/core/fromnumeric.py:86: RuntimeWarning: invalid value encountered in reduce
  return ufunc.reduce(obj, axis, dtype, out, **passkwargs)
/Users/fuyuguo/PhD_thesis/Thesis_1_SNTTEM/Codes/three_time_binary/psi0_python/estimators.py:72: RuntimeWarning: overflow encountered in exp
  + mu13 * np.exp(-gamma03(L0, psi03) * A0)
/Users/fuyuguo/opt/anaconda3/lib/python3.9/site-packages/numpy/core/fromnumeric.py:86: RuntimeWarning: invalid value encountered in reduce
  return ufunc.reduce(obj, axis, dtype, out, **passkwargs)
/Users/fuyuguo/PhD_thesis/Thesis_1_SNTTEM/Codes/three_time_binary/psi0_python/estimators.py:72: RuntimeWarning: overflow encountered in exp
  + mu13 * np.exp(-gamma03(L0, psi03) * A0)
/Users/fuyuguo/opt/anaconda3/lib/python3.9/site-packages/numpy/core/fromnumeric.py:86: RuntimeWarning: invalid value encountered in reduce
  return ufunc.reduce(obj, axis, dtype, out, **passkwargs)
/Users/fuyuguo/opt/anaconda3/lib/python3.9/site-packages/numpy/core/fromnumeric.py:86: RuntimeWarning: overflow encountered in reduce
  return ufunc.reduce(obj, axis, dtype, out, **passkwargs)
[Parallel(n_jobs=-1)]: Done  48 tasks      | elapsed:   44.7s
/Users/fuyuguo/PhD_thesis/Thesis_1_SNTTEM/Codes/three_time_binary/psi0_python/estimators.py:72: RuntimeWarning: overflow encountered in exp
  + mu13 * np.exp(-gamma03(L0, psi03) * A0)
/Users/fuyuguo/opt/anaconda3/lib/python3.9/site-packages/numpy/core/fromnumeric.py:86: RuntimeWarning: invalid value encountered in reduce
  return ufunc.reduce(obj, axis, dtype, out, **passkwargs)
/Users/fuyuguo/PhD_thesis/Thesis_1_SNTTEM/Codes/three_time_binary/psi0_python/estimators.py:72: RuntimeWarning: overflow encountered in exp
  + mu13 * np.exp(-gamma03(L0, psi03) * A0)
/Users/fuyuguo/opt/anaconda3/lib/python3.9/site-packages/numpy/core/fromnumeric.py:86: RuntimeWarning: invalid value encountered in reduce
  return ufunc.reduce(obj, axis, dtype, out, **passkwargs)
/Users/fuyuguo/PhD_thesis/Thesis_1_SNTTEM/Codes/three_time_binary/psi0_python/estimators.py:72: RuntimeWarning: overflow encountered in exp
  + mu13 * np.exp(-gamma03(L0, psi03) * A0)
/Users/fuyuguo/opt/anaconda3/lib/python3.9/site-packages/numpy/core/fromnumeric.py:86: RuntimeWarning: invalid value encountered in reduce
  return ufunc.reduce(obj, axis, dtype, out, **passkwargs)
/Users/fuyuguo/PhD_thesis/Thesis_1_SNTTEM/Codes/three_time_binary/psi0_python/estimators.py:72: RuntimeWarning: overflow encountered in exp
  + mu13 * np.exp(-gamma03(L0, psi03) * A0)
/Users/fuyuguo/opt/anaconda3/lib/python3.9/site-packages/numpy/core/fromnumeric.py:86: RuntimeWarning: invalid value encountered in reduce
  return ufunc.reduce(obj, axis, dtype, out, **passkwargs)
/Users/fuyuguo/PhD_thesis/Thesis_1_SNTTEM/Codes/three_time_binary/psi0_python/estimators.py:72: RuntimeWarning: overflow encountered in exp
  + mu13 * np.exp(-gamma03(L0, psi03) * A0)
/Users/fuyuguo/opt/anaconda3/lib/python3.9/site-packages/numpy/core/fromnumeric.py:86: RuntimeWarning: invalid value encountered in reduce
  return ufunc.reduce(obj, axis, dtype, out, **passkwargs)
/Users/fuyuguo/PhD_thesis/Thesis_1_SNTTEM/Codes/three_time_binary/psi0_python/estimators.py:72: RuntimeWarning: overflow encountered in exp
  + mu13 * np.exp(-gamma03(L0, psi03) * A0)
/Users/fuyuguo/opt/anaconda3/lib/python3.9/site-packages/numpy/core/fromnumeric.py:86: RuntimeWarning: invalid value encountered in reduce
  return ufunc.reduce(obj, axis, dtype, out, **passkwargs)
/Users/fuyuguo/PhD_thesis/Thesis_1_SNTTEM/Codes/three_time_binary/psi0_python/estimators.py:72: RuntimeWarning: overflow encountered in exp
  + mu13 * np.exp(-gamma03(L0, psi03) * A0)
/Users/fuyuguo/opt/anaconda3/lib/python3.9/site-packages/numpy/core/fromnumeric.py:86: RuntimeWarning: invalid value encountered in reduce
  return ufunc.reduce(obj, axis, dtype, out, **passkwargs)
/Users/fuyuguo/PhD_thesis/Thesis_1_SNTTEM/Codes/three_time_binary/psi0_python/estimators.py:72: RuntimeWarning: overflow encountered in exp
  + mu13 * np.exp(-gamma03(L0, psi03) * A0)
/Users/fuyuguo/opt/anaconda3/lib/python3.9/site-packages/numpy/core/fromnumeric.py:86: RuntimeWarning: invalid value encountered in reduce
  return ufunc.reduce(obj, axis, dtype, out, **passkwargs)
/Users/fuyuguo/PhD_thesis/Thesis_1_SNTTEM/Codes/three_time_binary/psi0_python/estimators.py:72: RuntimeWarning: overflow encountered in exp
  + mu13 * np.exp(-gamma03(L0, psi03) * A0)
/Users/fuyuguo/opt/anaconda3/lib/python3.9/site-packages/numpy/core/fromnumeric.py:86: RuntimeWarning: invalid value encountered in reduce
  return ufunc.reduce(obj, axis, dtype, out, **passkwargs)
/Users/fuyuguo/PhD_thesis/Thesis_1_SNTTEM/Codes/three_time_binary/psi0_python/estimators.py:39: RuntimeWarning: overflow encountered in exp
  + mu13 * np.exp(-gamma03(L0, psi03) * A0)
/Users/fuyuguo/opt/anaconda3/lib/python3.9/site-packages/numpy/core/fromnumeric.py:86: RuntimeWarning: invalid value encountered in reduce
  return ufunc.reduce(obj, axis, dtype, out, **passkwargs)
/Users/fuyuguo/PhD_thesis/Thesis_1_SNTTEM/Codes/three_time_binary/psi0_python/estimators.py:72: RuntimeWarning: overflow encountered in exp
  + mu13 * np.exp(-gamma03(L0, psi03) * A0)
/Users/fuyuguo/PhD_thesis/Thesis_1_SNTTEM/Codes/three_time_binary/psi0_python/estimators.py:72: RuntimeWarning: overflow encountered in exp
  + mu13 * np.exp(-gamma03(L0, psi03) * A0)
/Users/fuyuguo/opt/anaconda3/lib/python3.9/site-packages/numpy/core/fromnumeric.py:86: RuntimeWarning: invalid value encountered in reduce
  return ufunc.reduce(obj, axis, dtype, out, **passkwargs)
/Users/fuyuguo/PhD_thesis/Thesis_1_SNTTEM/Codes/three_time_binary/psi0_python/estimators.py:72: RuntimeWarning: overflow encountered in exp
  + mu13 * np.exp(-gamma03(L0, psi03) * A0)
/Users/fuyuguo/opt/anaconda3/lib/python3.9/site-packages/numpy/core/fromnumeric.py:86: RuntimeWarning: invalid value encountered in reduce
  return ufunc.reduce(obj, axis, dtype, out, **passkwargs)
/Users/fuyuguo/PhD_thesis/Thesis_1_SNTTEM/Codes/three_time_binary/psi0_python/estimators.py:72: RuntimeWarning: overflow encountered in exp
  + mu13 * np.exp(-gamma03(L0, psi03) * A0)
/Users/fuyuguo/opt/anaconda3/lib/python3.9/site-packages/numpy/core/fromnumeric.py:86: RuntimeWarning: invalid value encountered in reduce
  return ufunc.reduce(obj, axis, dtype, out, **passkwargs)
/Users/fuyuguo/PhD_thesis/Thesis_1_SNTTEM/Codes/three_time_binary/psi0_python/estimators.py:72: RuntimeWarning: overflow encountered in exp
  + mu13 * np.exp(-gamma03(L0, psi03) * A0)
/Users/fuyuguo/opt/anaconda3/lib/python3.9/site-packages/numpy/core/fromnumeric.py:86: RuntimeWarning: invalid value encountered in reduce
  return ufunc.reduce(obj, axis, dtype, out, **passkwargs)
/Users/fuyuguo/PhD_thesis/Thesis_1_SNTTEM/Codes/three_time_binary/psi0_python/estimators.py:72: RuntimeWarning: overflow encountered in exp
  + mu13 * np.exp(-gamma03(L0, psi03) * A0)
/Users/fuyuguo/opt/anaconda3/lib/python3.9/site-packages/numpy/core/fromnumeric.py:86: RuntimeWarning: invalid value encountered in reduce
  return ufunc.reduce(obj, axis, dtype, out, **passkwargs)
/Users/fuyuguo/PhD_thesis/Thesis_1_SNTTEM/Codes/three_time_binary/psi0_python/estimators.py:39: RuntimeWarning: overflow encountered in exp
  + mu13 * np.exp(-gamma03(L0, psi03) * A0)
/Users/fuyuguo/opt/anaconda3/lib/python3.9/site-packages/numpy/core/fromnumeric.py:86: RuntimeWarning: invalid value encountered in reduce
  return ufunc.reduce(obj, axis, dtype, out, **passkwargs)
/Users/fuyuguo/PhD_thesis/Thesis_1_SNTTEM/Codes/three_time_binary/psi0_python/estimators.py:72: RuntimeWarning: overflow encountered in exp
  + mu13 * np.exp(-gamma03(L0, psi03) * A0)
/Users/fuyuguo/opt/anaconda3/lib/python3.9/site-packages/numpy/core/fromnumeric.py:86: RuntimeWarning: invalid value encountered in reduce
  return ufunc.reduce(obj, axis, dtype, out, **passkwargs)
/Users/fuyuguo/PhD_thesis/Thesis_1_SNTTEM/Codes/three_time_binary/psi0_python/estimators.py:72: RuntimeWarning: overflow encountered in exp
  + mu13 * np.exp(-gamma03(L0, psi03) * A0)
/Users/fuyuguo/opt/anaconda3/lib/python3.9/site-packages/numpy/core/fromnumeric.py:86: RuntimeWarning: invalid value encountered in reduce
  return ufunc.reduce(obj, axis, dtype, out, **passkwargs)
/Users/fuyuguo/PhD_thesis/Thesis_1_SNTTEM/Codes/three_time_binary/psi0_python/estimators.py:39: RuntimeWarning: overflow encountered in exp
  + mu13 * np.exp(-gamma03(L0, psi03) * A0)
/Users/fuyuguo/opt/anaconda3/lib/python3.9/site-packages/numpy/core/fromnumeric.py:86: RuntimeWarning: invalid value encountered in reduce
  return ufunc.reduce(obj, axis, dtype, out, **passkwargs)
/Users/fuyuguo/PhD_thesis/Thesis_1_SNTTEM/Codes/three_time_binary/psi0_python/estimators.py:39: RuntimeWarning: overflow encountered in multiply
  + mu13 * np.exp(-gamma03(L0, psi03) * A0)
/Users/fuyuguo/PhD_thesis/Thesis_1_SNTTEM/Codes/three_time_binary/psi0_python/estimators.py:39: RuntimeWarning: overflow encountered in exp
  + mu13 * np.exp(-gamma03(L0, psi03) * A0)
/Users/fuyuguo/PhD_thesis/Thesis_1_SNTTEM/Codes/three_time_binary/psi0_python/estimators.py:72: RuntimeWarning: overflow encountered in exp
  + mu13 * np.exp(-gamma03(L0, psi03) * A0)
/Users/fuyuguo/opt/anaconda3/lib/python3.9/site-packages/numpy/core/fromnumeric.py:86: RuntimeWarning: invalid value encountered in reduce
  return ufunc.reduce(obj, axis, dtype, out, **passkwargs)
/Users/fuyuguo/PhD_thesis/Thesis_1_SNTTEM/Codes/three_time_binary/psi0_python/estimators.py:72: RuntimeWarning: overflow encountered in exp
  + mu13 * np.exp(-gamma03(L0, psi03) * A0)
/Users/fuyuguo/opt/anaconda3/lib/python3.9/site-packages/numpy/core/fromnumeric.py:86: RuntimeWarning: invalid value encountered in reduce
  return ufunc.reduce(obj, axis, dtype, out, **passkwargs)
/Users/fuyuguo/PhD_thesis/Thesis_1_SNTTEM/Codes/three_time_binary/psi0_python/estimators.py:72: RuntimeWarning: overflow encountered in exp
  + mu13 * np.exp(-gamma03(L0, psi03) * A0)
/Users/fuyuguo/opt/anaconda3/lib/python3.9/site-packages/numpy/core/fromnumeric.py:86: RuntimeWarning: invalid value encountered in reduce
  return ufunc.reduce(obj, axis, dtype, out, **passkwargs)
/Users/fuyuguo/PhD_thesis/Thesis_1_SNTTEM/Codes/three_time_binary/psi0_python/estimators.py:39: RuntimeWarning: overflow encountered in exp
  + mu13 * np.exp(-gamma03(L0, psi03) * A0)
/Users/fuyuguo/opt/anaconda3/lib/python3.9/site-packages/numpy/core/fromnumeric.py:86: RuntimeWarning: invalid value encountered in reduce
  return ufunc.reduce(obj, axis, dtype, out, **passkwargs)
/Users/fuyuguo/PhD_thesis/Thesis_1_SNTTEM/Codes/three_time_binary/psi0_python/estimators.py:72: RuntimeWarning: overflow encountered in exp
  + mu13 * np.exp(-gamma03(L0, psi03) * A0)
/Users/fuyuguo/PhD_thesis/Thesis_1_SNTTEM/Codes/three_time_binary/psi0_python/estimators.py:39: RuntimeWarning: overflow encountered in exp
  + mu13 * np.exp(-gamma03(L0, psi03) * A0)
/Users/fuyuguo/PhD_thesis/Thesis_1_SNTTEM/Codes/three_time_binary/psi0_python/estimators.py:72: RuntimeWarning: overflow encountered in exp
  + mu13 * np.exp(-gamma03(L0, psi03) * A0)
/Users/fuyuguo/opt/anaconda3/lib/python3.9/site-packages/numpy/core/fromnumeric.py:86: RuntimeWarning: invalid value encountered in reduce
  return ufunc.reduce(obj, axis, dtype, out, **passkwargs)
/Users/fuyuguo/PhD_thesis/Thesis_1_SNTTEM/Codes/three_time_binary/psi0_python/estimators.py:72: RuntimeWarning: overflow encountered in exp
  + mu13 * np.exp(-gamma03(L0, psi03) * A0)
/Users/fuyuguo/opt/anaconda3/lib/python3.9/site-packages/numpy/core/fromnumeric.py:86: RuntimeWarning: invalid value encountered in reduce
  return ufunc.reduce(obj, axis, dtype, out, **passkwargs)
/Users/fuyuguo/PhD_thesis/Thesis_1_SNTTEM/Codes/three_time_binary/psi0_python/estimators.py:72: RuntimeWarning: overflow encountered in exp
  + mu13 * np.exp(-gamma03(L0, psi03) * A0)
/Users/fuyuguo/opt/anaconda3/lib/python3.9/site-packages/numpy/core/fromnumeric.py:86: RuntimeWarning: invalid value encountered in reduce
  return ufunc.reduce(obj, axis, dtype, out, **passkwargs)
/Users/fuyuguo/PhD_thesis/Thesis_1_SNTTEM/Codes/three_time_binary/psi0_python/estimators.py:72: RuntimeWarning: overflow encountered in exp
  + mu13 * np.exp(-gamma03(L0, psi03) * A0)
/Users/fuyuguo/opt/anaconda3/lib/python3.9/site-packages/numpy/core/fromnumeric.py:86: RuntimeWarning: invalid value encountered in reduce
  return ufunc.reduce(obj, axis, dtype, out, **passkwargs)
/Users/fuyuguo/PhD_thesis/Thesis_1_SNTTEM/Codes/three_time_binary/psi0_python/estimators.py:39: RuntimeWarning: overflow encountered in exp
  + mu13 * np.exp(-gamma03(L0, psi03) * A0)
/Users/fuyuguo/PhD_thesis/Thesis_1_SNTTEM/Codes/three_time_binary/psi0_python/estimators.py:72: RuntimeWarning: overflow encountered in exp
  + mu13 * np.exp(-gamma03(L0, psi03) * A0)
/Users/fuyuguo/opt/anaconda3/lib/python3.9/site-packages/numpy/core/fromnumeric.py:86: RuntimeWarning: invalid value encountered in reduce
  return ufunc.reduce(obj, axis, dtype, out, **passkwargs)
/Users/fuyuguo/PhD_thesis/Thesis_1_SNTTEM/Codes/three_time_binary/psi0_python/estimators.py:72: RuntimeWarning: overflow encountered in exp
  + mu13 * np.exp(-gamma03(L0, psi03) * A0)
/Users/fuyuguo/opt/anaconda3/lib/python3.9/site-packages/numpy/core/fromnumeric.py:86: RuntimeWarning: invalid value encountered in reduce
  return ufunc.reduce(obj, axis, dtype, out, **passkwargs)
/Users/fuyuguo/PhD_thesis/Thesis_1_SNTTEM/Codes/three_time_binary/psi0_python/estimators.py:72: RuntimeWarning: overflow encountered in exp
  + mu13 * np.exp(-gamma03(L0, psi03) * A0)
/Users/fuyuguo/opt/anaconda3/lib/python3.9/site-packages/numpy/core/fromnumeric.py:86: RuntimeWarning: invalid value encountered in reduce
  return ufunc.reduce(obj, axis, dtype, out, **passkwargs)
/Users/fuyuguo/PhD_thesis/Thesis_1_SNTTEM/Codes/three_time_binary/psi0_python/estimators.py:72: RuntimeWarning: overflow encountered in exp
  + mu13 * np.exp(-gamma03(L0, psi03) * A0)
/Users/fuyuguo/opt/anaconda3/lib/python3.9/site-packages/numpy/core/fromnumeric.py:86: RuntimeWarning: invalid value encountered in reduce
  return ufunc.reduce(obj, axis, dtype, out, **passkwargs)
/Users/fuyuguo/PhD_thesis/Thesis_1_SNTTEM/Codes/three_time_binary/psi0_python/estimators.py:72: RuntimeWarning: overflow encountered in exp
  + mu13 * np.exp(-gamma03(L0, psi03) * A0)
/Users/fuyuguo/opt/anaconda3/lib/python3.9/site-packages/numpy/core/fromnumeric.py:86: RuntimeWarning: invalid value encountered in reduce
  return ufunc.reduce(obj, axis, dtype, out, **passkwargs)
/Users/fuyuguo/PhD_thesis/Thesis_1_SNTTEM/Codes/three_time_binary/psi0_python/estimators.py:72: RuntimeWarning: overflow encountered in exp
  + mu13 * np.exp(-gamma03(L0, psi03) * A0)
/Users/fuyuguo/opt/anaconda3/lib/python3.9/site-packages/numpy/core/fromnumeric.py:86: RuntimeWarning: invalid value encountered in reduce
  return ufunc.reduce(obj, axis, dtype, out, **passkwargs)
/Users/fuyuguo/PhD_thesis/Thesis_1_SNTTEM/Codes/three_time_binary/psi0_python/estimators.py:39: RuntimeWarning: overflow encountered in exp
  + mu13 * np.exp(-gamma03(L0, psi03) * A0)
/Users/fuyuguo/opt/anaconda3/lib/python3.9/site-packages/numpy/core/fromnumeric.py:86: RuntimeWarning: invalid value encountered in reduce
  return ufunc.reduce(obj, axis, dtype, out, **passkwargs)
/Users/fuyuguo/PhD_thesis/Thesis_1_SNTTEM/Codes/three_time_binary/psi0_python/estimators.py:72: RuntimeWarning: overflow encountered in exp
  + mu13 * np.exp(-gamma03(L0, psi03) * A0)
/Users/fuyuguo/opt/anaconda3/lib/python3.9/site-packages/numpy/core/fromnumeric.py:86: RuntimeWarning: invalid value encountered in reduce
  return ufunc.reduce(obj, axis, dtype, out, **passkwargs)
/Users/fuyuguo/PhD_thesis/Thesis_1_SNTTEM/Codes/three_time_binary/psi0_python/estimators.py:72: RuntimeWarning: overflow encountered in exp
  + mu13 * np.exp(-gamma03(L0, psi03) * A0)
/Users/fuyuguo/opt/anaconda3/lib/python3.9/site-packages/numpy/core/fromnumeric.py:86: RuntimeWarning: invalid value encountered in reduce
  return ufunc.reduce(obj, axis, dtype, out, **passkwargs)
/Users/fuyuguo/PhD_thesis/Thesis_1_SNTTEM/Codes/three_time_binary/psi0_python/estimators.py:72: RuntimeWarning: overflow encountered in exp
  + mu13 * np.exp(-gamma03(L0, psi03) * A0)
/Users/fuyuguo/PhD_thesis/Thesis_1_SNTTEM/Codes/three_time_binary/psi0_python/estimators.py:39: RuntimeWarning: overflow encountered in exp
  + mu13 * np.exp(-gamma03(L0, psi03) * A0)
/Users/fuyuguo/PhD_thesis/Thesis_1_SNTTEM/Codes/three_time_binary/psi0_python/estimators.py:72: RuntimeWarning: overflow encountered in exp
  + mu13 * np.exp(-gamma03(L0, psi03) * A0)
/Users/fuyuguo/opt/anaconda3/lib/python3.9/site-packages/numpy/core/fromnumeric.py:86: RuntimeWarning: invalid value encountered in reduce
  return ufunc.reduce(obj, axis, dtype, out, **passkwargs)
/Users/fuyuguo/PhD_thesis/Thesis_1_SNTTEM/Codes/three_time_binary/psi0_python/estimators.py:72: RuntimeWarning: overflow encountered in multiply
  + mu13 * np.exp(-gamma03(L0, psi03) * A0)
/Users/fuyuguo/PhD_thesis/Thesis_1_SNTTEM/Codes/three_time_binary/psi0_python/estimators.py:72: RuntimeWarning: overflow encountered in exp
  + mu13 * np.exp(-gamma03(L0, psi03) * A0)
/Users/fuyuguo/opt/anaconda3/lib/python3.9/site-packages/numpy/core/fromnumeric.py:86: RuntimeWarning: invalid value encountered in reduce
  return ufunc.reduce(obj, axis, dtype, out, **passkwargs)
/Users/fuyuguo/PhD_thesis/Thesis_1_SNTTEM/Codes/three_time_binary/psi0_python/estimators.py:72: RuntimeWarning: overflow encountered in exp
  + mu13 * np.exp(-gamma03(L0, psi03) * A0)
/Users/fuyuguo/opt/anaconda3/lib/python3.9/site-packages/numpy/core/fromnumeric.py:86: RuntimeWarning: invalid value encountered in reduce
  return ufunc.reduce(obj, axis, dtype, out, **passkwargs)
/Users/fuyuguo/PhD_thesis/Thesis_1_SNTTEM/Codes/three_time_binary/psi0_python/estimators.py:72: RuntimeWarning: overflow encountered in exp
  + mu13 * np.exp(-gamma03(L0, psi03) * A0)
/Users/fuyuguo/opt/anaconda3/lib/python3.9/site-packages/numpy/core/fromnumeric.py:86: RuntimeWarning: invalid value encountered in reduce
  return ufunc.reduce(obj, axis, dtype, out, **passkwargs)
/Users/fuyuguo/PhD_thesis/Thesis_1_SNTTEM/Codes/three_time_binary/psi0_python/estimators.py:72: RuntimeWarning: overflow encountered in exp
  + mu13 * np.exp(-gamma03(L0, psi03) * A0)
/Users/fuyuguo/opt/anaconda3/lib/python3.9/site-packages/numpy/core/fromnumeric.py:86: RuntimeWarning: invalid value encountered in reduce
  return ufunc.reduce(obj, axis, dtype, out, **passkwargs)
/Users/fuyuguo/PhD_thesis/Thesis_1_SNTTEM/Codes/three_time_binary/psi0_python/estimators.py:72: RuntimeWarning: overflow encountered in exp
  + mu13 * np.exp(-gamma03(L0, psi03) * A0)
/Users/fuyuguo/opt/anaconda3/lib/python3.9/site-packages/numpy/core/fromnumeric.py:86: RuntimeWarning: invalid value encountered in reduce
  return ufunc.reduce(obj, axis, dtype, out, **passkwargs)
/Users/fuyuguo/PhD_thesis/Thesis_1_SNTTEM/Codes/three_time_binary/psi0_python/estimators.py:72: RuntimeWarning: overflow encountered in exp
  + mu13 * np.exp(-gamma03(L0, psi03) * A0)
/Users/fuyuguo/opt/anaconda3/lib/python3.9/site-packages/numpy/core/fromnumeric.py:86: RuntimeWarning: invalid value encountered in reduce
  return ufunc.reduce(obj, axis, dtype, out, **passkwargs)
[Parallel(n_jobs=-1)]: Done 138 tasks      | elapsed:  2.2min
/Users/fuyuguo/PhD_thesis/Thesis_1_SNTTEM/Codes/three_time_binary/psi0_python/estimators.py:72: RuntimeWarning: overflow encountered in exp
  + mu13 * np.exp(-gamma03(L0, psi03) * A0)
/Users/fuyuguo/opt/anaconda3/lib/python3.9/site-packages/numpy/core/fromnumeric.py:86: RuntimeWarning: invalid value encountered in reduce
  return ufunc.reduce(obj, axis, dtype, out, **passkwargs)
/Users/fuyuguo/PhD_thesis/Thesis_1_SNTTEM/Codes/three_time_binary/psi0_python/estimators.py:39: RuntimeWarning: overflow encountered in exp
  + mu13 * np.exp(-gamma03(L0, psi03) * A0)
/Users/fuyuguo/opt/anaconda3/lib/python3.9/site-packages/numpy/core/fromnumeric.py:86: RuntimeWarning: invalid value encountered in reduce
  return ufunc.reduce(obj, axis, dtype, out, **passkwargs)
/Users/fuyuguo/PhD_thesis/Thesis_1_SNTTEM/Codes/three_time_binary/psi0_python/estimators.py:72: RuntimeWarning: overflow encountered in exp
  + mu13 * np.exp(-gamma03(L0, psi03) * A0)
/Users/fuyuguo/opt/anaconda3/lib/python3.9/site-packages/numpy/core/fromnumeric.py:86: RuntimeWarning: invalid value encountered in reduce
  return ufunc.reduce(obj, axis, dtype, out, **passkwargs)
/Users/fuyuguo/PhD_thesis/Thesis_1_SNTTEM/Codes/three_time_binary/psi0_python/estimators.py:39: RuntimeWarning: overflow encountered in exp
  + mu13 * np.exp(-gamma03(L0, psi03) * A0)
/Users/fuyuguo/opt/anaconda3/lib/python3.9/site-packages/numpy/core/fromnumeric.py:86: RuntimeWarning: invalid value encountered in reduce
  return ufunc.reduce(obj, axis, dtype, out, **passkwargs)
/Users/fuyuguo/PhD_thesis/Thesis_1_SNTTEM/Codes/three_time_binary/psi0_python/estimators.py:72: RuntimeWarning: overflow encountered in exp
  + mu13 * np.exp(-gamma03(L0, psi03) * A0)
/Users/fuyuguo/PhD_thesis/Thesis_1_SNTTEM/Codes/three_time_binary/psi0_python/estimators.py:72: RuntimeWarning: overflow encountered in exp
  + mu13 * np.exp(-gamma03(L0, psi03) * A0)
/Users/fuyuguo/opt/anaconda3/lib/python3.9/site-packages/numpy/core/fromnumeric.py:86: RuntimeWarning: invalid value encountered in reduce
  return ufunc.reduce(obj, axis, dtype, out, **passkwargs)
/Users/fuyuguo/PhD_thesis/Thesis_1_SNTTEM/Codes/three_time_binary/psi0_python/estimators.py:72: RuntimeWarning: overflow encountered in exp
  + mu13 * np.exp(-gamma03(L0, psi03) * A0)
/Users/fuyuguo/opt/anaconda3/lib/python3.9/site-packages/numpy/core/fromnumeric.py:86: RuntimeWarning: invalid value encountered in reduce
  return ufunc.reduce(obj, axis, dtype, out, **passkwargs)
/Users/fuyuguo/PhD_thesis/Thesis_1_SNTTEM/Codes/three_time_binary/psi0_python/estimators.py:72: RuntimeWarning: overflow encountered in exp
  + mu13 * np.exp(-gamma03(L0, psi03) * A0)
/Users/fuyuguo/opt/anaconda3/lib/python3.9/site-packages/numpy/core/fromnumeric.py:86: RuntimeWarning: invalid value encountered in reduce
  return ufunc.reduce(obj, axis, dtype, out, **passkwargs)
/Users/fuyuguo/PhD_thesis/Thesis_1_SNTTEM/Codes/three_time_binary/psi0_python/estimators.py:72: RuntimeWarning: overflow encountered in exp
  + mu13 * np.exp(-gamma03(L0, psi03) * A0)
/Users/fuyuguo/opt/anaconda3/lib/python3.9/site-packages/numpy/core/fromnumeric.py:86: RuntimeWarning: invalid value encountered in reduce
  return ufunc.reduce(obj, axis, dtype, out, **passkwargs)
/Users/fuyuguo/PhD_thesis/Thesis_1_SNTTEM/Codes/three_time_binary/psi0_python/estimators.py:72: RuntimeWarning: overflow encountered in exp
  + mu13 * np.exp(-gamma03(L0, psi03) * A0)
/Users/fuyuguo/opt/anaconda3/lib/python3.9/site-packages/numpy/core/fromnumeric.py:86: RuntimeWarning: invalid value encountered in reduce
  return ufunc.reduce(obj, axis, dtype, out, **passkwargs)
/Users/fuyuguo/PhD_thesis/Thesis_1_SNTTEM/Codes/three_time_binary/psi0_python/estimators.py:39: RuntimeWarning: overflow encountered in exp
  + mu13 * np.exp(-gamma03(L0, psi03) * A0)
/Users/fuyuguo/opt/anaconda3/lib/python3.9/site-packages/numpy/core/fromnumeric.py:86: RuntimeWarning: invalid value encountered in reduce
  return ufunc.reduce(obj, axis, dtype, out, **passkwargs)
/Users/fuyuguo/PhD_thesis/Thesis_1_SNTTEM/Codes/three_time_binary/psi0_python/estimators.py:72: RuntimeWarning: overflow encountered in exp
  + mu13 * np.exp(-gamma03(L0, psi03) * A0)
/Users/fuyuguo/opt/anaconda3/lib/python3.9/site-packages/numpy/core/fromnumeric.py:86: RuntimeWarning: invalid value encountered in reduce
  return ufunc.reduce(obj, axis, dtype, out, **passkwargs)
/Users/fuyuguo/PhD_thesis/Thesis_1_SNTTEM/Codes/three_time_binary/psi0_python/estimators.py:72: RuntimeWarning: overflow encountered in exp
  + mu13 * np.exp(-gamma03(L0, psi03) * A0)
/Users/fuyuguo/opt/anaconda3/lib/python3.9/site-packages/numpy/core/fromnumeric.py:86: RuntimeWarning: invalid value encountered in reduce
  return ufunc.reduce(obj, axis, dtype, out, **passkwargs)
/Users/fuyuguo/PhD_thesis/Thesis_1_SNTTEM/Codes/three_time_binary/psi0_python/estimators.py:72: RuntimeWarning: overflow encountered in exp
  + mu13 * np.exp(-gamma03(L0, psi03) * A0)
/Users/fuyuguo/opt/anaconda3/lib/python3.9/site-packages/numpy/core/fromnumeric.py:86: RuntimeWarning: invalid value encountered in reduce
  return ufunc.reduce(obj, axis, dtype, out, **passkwargs)
/Users/fuyuguo/PhD_thesis/Thesis_1_SNTTEM/Codes/three_time_binary/psi0_python/estimators.py:39: RuntimeWarning: overflow encountered in exp
  + mu13 * np.exp(-gamma03(L0, psi03) * A0)
/Users/fuyuguo/PhD_thesis/Thesis_1_SNTTEM/Codes/three_time_binary/psi0_python/estimators.py:72: RuntimeWarning: overflow encountered in exp
  + mu13 * np.exp(-gamma03(L0, psi03) * A0)
/Users/fuyuguo/opt/anaconda3/lib/python3.9/site-packages/numpy/core/fromnumeric.py:86: RuntimeWarning: invalid value encountered in reduce
  return ufunc.reduce(obj, axis, dtype, out, **passkwargs)
/Users/fuyuguo/PhD_thesis/Thesis_1_SNTTEM/Codes/three_time_binary/psi0_python/estimators.py:72: RuntimeWarning: overflow encountered in exp
  + mu13 * np.exp(-gamma03(L0, psi03) * A0)
/Users/fuyuguo/opt/anaconda3/lib/python3.9/site-packages/numpy/core/fromnumeric.py:86: RuntimeWarning: invalid value encountered in reduce
  return ufunc.reduce(obj, axis, dtype, out, **passkwargs)
/Users/fuyuguo/PhD_thesis/Thesis_1_SNTTEM/Codes/three_time_binary/psi0_python/estimators.py:72: RuntimeWarning: overflow encountered in exp
  + mu13 * np.exp(-gamma03(L0, psi03) * A0)
/Users/fuyuguo/opt/anaconda3/lib/python3.9/site-packages/numpy/core/fromnumeric.py:86: RuntimeWarning: invalid value encountered in reduce
  return ufunc.reduce(obj, axis, dtype, out, **passkwargs)
/Users/fuyuguo/PhD_thesis/Thesis_1_SNTTEM/Codes/three_time_binary/psi0_python/estimators.py:72: RuntimeWarning: overflow encountered in exp
  + mu13 * np.exp(-gamma03(L0, psi03) * A0)
/Users/fuyuguo/opt/anaconda3/lib/python3.9/site-packages/numpy/core/fromnumeric.py:86: RuntimeWarning: invalid value encountered in reduce
  return ufunc.reduce(obj, axis, dtype, out, **passkwargs)
/Users/fuyuguo/PhD_thesis/Thesis_1_SNTTEM/Codes/three_time_binary/psi0_python/estimators.py:72: RuntimeWarning: overflow encountered in exp
  + mu13 * np.exp(-gamma03(L0, psi03) * A0)
/Users/fuyuguo/opt/anaconda3/lib/python3.9/site-packages/numpy/core/fromnumeric.py:86: RuntimeWarning: invalid value encountered in reduce
  return ufunc.reduce(obj, axis, dtype, out, **passkwargs)
/Users/fuyuguo/PhD_thesis/Thesis_1_SNTTEM/Codes/three_time_binary/psi0_python/estimators.py:72: RuntimeWarning: overflow encountered in exp
  + mu13 * np.exp(-gamma03(L0, psi03) * A0)
/Users/fuyuguo/opt/anaconda3/lib/python3.9/site-packages/numpy/core/fromnumeric.py:86: RuntimeWarning: invalid value encountered in reduce
  return ufunc.reduce(obj, axis, dtype, out, **passkwargs)
/Users/fuyuguo/PhD_thesis/Thesis_1_SNTTEM/Codes/three_time_binary/psi0_python/estimators.py:72: RuntimeWarning: overflow encountered in exp
  + mu13 * np.exp(-gamma03(L0, psi03) * A0)
/Users/fuyuguo/opt/anaconda3/lib/python3.9/site-packages/numpy/core/fromnumeric.py:86: RuntimeWarning: invalid value encountered in reduce
  return ufunc.reduce(obj, axis, dtype, out, **passkwargs)
/Users/fuyuguo/PhD_thesis/Thesis_1_SNTTEM/Codes/three_time_binary/psi0_python/estimators.py:72: RuntimeWarning: overflow encountered in exp
  + mu13 * np.exp(-gamma03(L0, psi03) * A0)
/Users/fuyuguo/opt/anaconda3/lib/python3.9/site-packages/numpy/core/fromnumeric.py:86: RuntimeWarning: invalid value encountered in reduce
  return ufunc.reduce(obj, axis, dtype, out, **passkwargs)
/Users/fuyuguo/PhD_thesis/Thesis_1_SNTTEM/Codes/three_time_binary/psi0_python/estimators.py:72: RuntimeWarning: overflow encountered in exp
  + mu13 * np.exp(-gamma03(L0, psi03) * A0)
/Users/fuyuguo/opt/anaconda3/lib/python3.9/site-packages/numpy/core/fromnumeric.py:86: RuntimeWarning: invalid value encountered in reduce
  return ufunc.reduce(obj, axis, dtype, out, **passkwargs)
/Users/fuyuguo/PhD_thesis/Thesis_1_SNTTEM/Codes/three_time_binary/psi0_python/estimators.py:72: RuntimeWarning: overflow encountered in exp
  + mu13 * np.exp(-gamma03(L0, psi03) * A0)
/Users/fuyuguo/opt/anaconda3/lib/python3.9/site-packages/numpy/core/fromnumeric.py:86: RuntimeWarning: invalid value encountered in reduce
  return ufunc.reduce(obj, axis, dtype, out, **passkwargs)
/Users/fuyuguo/PhD_thesis/Thesis_1_SNTTEM/Codes/three_time_binary/psi0_python/estimators.py:72: RuntimeWarning: overflow encountered in exp
  + mu13 * np.exp(-gamma03(L0, psi03) * A0)
/Users/fuyuguo/opt/anaconda3/lib/python3.9/site-packages/numpy/core/fromnumeric.py:86: RuntimeWarning: invalid value encountered in reduce
  return ufunc.reduce(obj, axis, dtype, out, **passkwargs)
/Users/fuyuguo/PhD_thesis/Thesis_1_SNTTEM/Codes/three_time_binary/psi0_python/estimators.py:72: RuntimeWarning: overflow encountered in multiply
  + mu13 * np.exp(-gamma03(L0, psi03) * A0)
/Users/fuyuguo/PhD_thesis/Thesis_1_SNTTEM/Codes/three_time_binary/psi0_python/estimators.py:72: RuntimeWarning: overflow encountered in exp
  + mu13 * np.exp(-gamma03(L0, psi03) * A0)
/Users/fuyuguo/opt/anaconda3/lib/python3.9/site-packages/numpy/core/fromnumeric.py:86: RuntimeWarning: invalid value encountered in reduce
  return ufunc.reduce(obj, axis, dtype, out, **passkwargs)
/Users/fuyuguo/PhD_thesis/Thesis_1_SNTTEM/Codes/three_time_binary/psi0_python/estimators.py:72: RuntimeWarning: overflow encountered in multiply
  + mu13 * np.exp(-gamma03(L0, psi03) * A0)
/Users/fuyuguo/PhD_thesis/Thesis_1_SNTTEM/Codes/three_time_binary/psi0_python/estimators.py:72: RuntimeWarning: overflow encountered in exp
  + mu13 * np.exp(-gamma03(L0, psi03) * A0)
/Users/fuyuguo/opt/anaconda3/lib/python3.9/site-packages/numpy/core/fromnumeric.py:86: RuntimeWarning: invalid value encountered in reduce
  return ufunc.reduce(obj, axis, dtype, out, **passkwargs)
/Users/fuyuguo/PhD_thesis/Thesis_1_SNTTEM/Codes/three_time_binary/psi0_python/estimators.py:72: RuntimeWarning: overflow encountered in exp
  + mu13 * np.exp(-gamma03(L0, psi03) * A0)
/Users/fuyuguo/opt/anaconda3/lib/python3.9/site-packages/numpy/core/fromnumeric.py:86: RuntimeWarning: invalid value encountered in reduce
  return ufunc.reduce(obj, axis, dtype, out, **passkwargs)
/Users/fuyuguo/PhD_thesis/Thesis_1_SNTTEM/Codes/three_time_binary/psi0_python/estimators.py:72: RuntimeWarning: overflow encountered in exp
  + mu13 * np.exp(-gamma03(L0, psi03) * A0)
/Users/fuyuguo/opt/anaconda3/lib/python3.9/site-packages/numpy/core/fromnumeric.py:86: RuntimeWarning: invalid value encountered in reduce
  return ufunc.reduce(obj, axis, dtype, out, **passkwargs)
/Users/fuyuguo/PhD_thesis/Thesis_1_SNTTEM/Codes/three_time_binary/psi0_python/estimators.py:72: RuntimeWarning: overflow encountered in multiply
  + mu13 * np.exp(-gamma03(L0, psi03) * A0)
/Users/fuyuguo/PhD_thesis/Thesis_1_SNTTEM/Codes/three_time_binary/psi0_python/estimators.py:39: RuntimeWarning: overflow encountered in exp
  + mu13 * np.exp(-gamma03(L0, psi03) * A0)
/Users/fuyuguo/PhD_thesis/Thesis_1_SNTTEM/Codes/three_time_binary/psi0_python/estimators.py:72: RuntimeWarning: overflow encountered in exp
  + mu13 * np.exp(-gamma03(L0, psi03) * A0)
/Users/fuyuguo/opt/anaconda3/lib/python3.9/site-packages/numpy/core/fromnumeric.py:86: RuntimeWarning: invalid value encountered in reduce
  return ufunc.reduce(obj, axis, dtype, out, **passkwargs)
/Users/fuyuguo/PhD_thesis/Thesis_1_SNTTEM/Codes/three_time_binary/psi0_python/estimators.py:72: RuntimeWarning: overflow encountered in exp
  + mu13 * np.exp(-gamma03(L0, psi03) * A0)
/Users/fuyuguo/opt/anaconda3/lib/python3.9/site-packages/numpy/core/fromnumeric.py:86: RuntimeWarning: invalid value encountered in reduce
  return ufunc.reduce(obj, axis, dtype, out, **passkwargs)
/Users/fuyuguo/PhD_thesis/Thesis_1_SNTTEM/Codes/three_time_binary/psi0_python/estimators.py:72: RuntimeWarning: overflow encountered in exp
  + mu13 * np.exp(-gamma03(L0, psi03) * A0)
/Users/fuyuguo/opt/anaconda3/lib/python3.9/site-packages/numpy/core/fromnumeric.py:86: RuntimeWarning: invalid value encountered in reduce
  return ufunc.reduce(obj, axis, dtype, out, **passkwargs)
/Users/fuyuguo/PhD_thesis/Thesis_1_SNTTEM/Codes/three_time_binary/psi0_python/estimators.py:72: RuntimeWarning: overflow encountered in exp
  + mu13 * np.exp(-gamma03(L0, psi03) * A0)
/Users/fuyuguo/opt/anaconda3/lib/python3.9/site-packages/numpy/core/fromnumeric.py:86: RuntimeWarning: invalid value encountered in reduce
  return ufunc.reduce(obj, axis, dtype, out, **passkwargs)
/Users/fuyuguo/PhD_thesis/Thesis_1_SNTTEM/Codes/three_time_binary/psi0_python/estimators.py:72: RuntimeWarning: overflow encountered in exp
  + mu13 * np.exp(-gamma03(L0, psi03) * A0)
/Users/fuyuguo/opt/anaconda3/lib/python3.9/site-packages/numpy/core/fromnumeric.py:86: RuntimeWarning: invalid value encountered in reduce
  return ufunc.reduce(obj, axis, dtype, out, **passkwargs)
/Users/fuyuguo/PhD_thesis/Thesis_1_SNTTEM/Codes/three_time_binary/psi0_python/estimators.py:72: RuntimeWarning: overflow encountered in exp
  + mu13 * np.exp(-gamma03(L0, psi03) * A0)
/Users/fuyuguo/opt/anaconda3/lib/python3.9/site-packages/numpy/core/fromnumeric.py:86: RuntimeWarning: invalid value encountered in reduce
  return ufunc.reduce(obj, axis, dtype, out, **passkwargs)
/Users/fuyuguo/PhD_thesis/Thesis_1_SNTTEM/Codes/three_time_binary/psi0_python/estimators.py:72: RuntimeWarning: overflow encountered in exp
  + mu13 * np.exp(-gamma03(L0, psi03) * A0)
/Users/fuyuguo/opt/anaconda3/lib/python3.9/site-packages/numpy/core/fromnumeric.py:86: RuntimeWarning: invalid value encountered in reduce
  return ufunc.reduce(obj, axis, dtype, out, **passkwargs)
/Users/fuyuguo/PhD_thesis/Thesis_1_SNTTEM/Codes/three_time_binary/psi0_python/estimators.py:72: RuntimeWarning: overflow encountered in exp
  + mu13 * np.exp(-gamma03(L0, psi03) * A0)
/Users/fuyuguo/opt/anaconda3/lib/python3.9/site-packages/numpy/core/fromnumeric.py:86: RuntimeWarning: invalid value encountered in reduce
  return ufunc.reduce(obj, axis, dtype, out, **passkwargs)
/Users/fuyuguo/PhD_thesis/Thesis_1_SNTTEM/Codes/three_time_binary/psi0_python/estimators.py:39: RuntimeWarning: overflow encountered in exp
  + mu13 * np.exp(-gamma03(L0, psi03) * A0)
/Users/fuyuguo/PhD_thesis/Thesis_1_SNTTEM/Codes/three_time_binary/psi0_python/estimators.py:72: RuntimeWarning: overflow encountered in exp
  + mu13 * np.exp(-gamma03(L0, psi03) * A0)
/Users/fuyuguo/opt/anaconda3/lib/python3.9/site-packages/numpy/core/fromnumeric.py:86: RuntimeWarning: invalid value encountered in reduce
  return ufunc.reduce(obj, axis, dtype, out, **passkwargs)
/Users/fuyuguo/PhD_thesis/Thesis_1_SNTTEM/Codes/three_time_binary/psi0_python/estimators.py:72: RuntimeWarning: overflow encountered in exp
  + mu13 * np.exp(-gamma03(L0, psi03) * A0)
/Users/fuyuguo/opt/anaconda3/lib/python3.9/site-packages/numpy/core/fromnumeric.py:86: RuntimeWarning: invalid value encountered in reduce
  return ufunc.reduce(obj, axis, dtype, out, **passkwargs)
/Users/fuyuguo/PhD_thesis/Thesis_1_SNTTEM/Codes/three_time_binary/psi0_python/estimators.py:72: RuntimeWarning: overflow encountered in exp
  + mu13 * np.exp(-gamma03(L0, psi03) * A0)
/Users/fuyuguo/opt/anaconda3/lib/python3.9/site-packages/numpy/core/fromnumeric.py:86: RuntimeWarning: invalid value encountered in reduce
  return ufunc.reduce(obj, axis, dtype, out, **passkwargs)
/Users/fuyuguo/PhD_thesis/Thesis_1_SNTTEM/Codes/three_time_binary/psi0_python/estimators.py:72: RuntimeWarning: overflow encountered in exp
  + mu13 * np.exp(-gamma03(L0, psi03) * A0)
/Users/fuyuguo/opt/anaconda3/lib/python3.9/site-packages/numpy/core/fromnumeric.py:86: RuntimeWarning: invalid value encountered in reduce
  return ufunc.reduce(obj, axis, dtype, out, **passkwargs)
/Users/fuyuguo/PhD_thesis/Thesis_1_SNTTEM/Codes/three_time_binary/psi0_python/estimators.py:72: RuntimeWarning: overflow encountered in exp
  + mu13 * np.exp(-gamma03(L0, psi03) * A0)
/Users/fuyuguo/opt/anaconda3/lib/python3.9/site-packages/numpy/core/fromnumeric.py:86: RuntimeWarning: invalid value encountered in reduce
  return ufunc.reduce(obj, axis, dtype, out, **passkwargs)
/Users/fuyuguo/PhD_thesis/Thesis_1_SNTTEM/Codes/three_time_binary/psi0_python/estimators.py:72: RuntimeWarning: overflow encountered in exp
  + mu13 * np.exp(-gamma03(L0, psi03) * A0)
/Users/fuyuguo/opt/anaconda3/lib/python3.9/site-packages/numpy/core/fromnumeric.py:86: RuntimeWarning: invalid value encountered in reduce
  return ufunc.reduce(obj, axis, dtype, out, **passkwargs)
/Users/fuyuguo/PhD_thesis/Thesis_1_SNTTEM/Codes/three_time_binary/psi0_python/estimators.py:72: RuntimeWarning: overflow encountered in exp
  + mu13 * np.exp(-gamma03(L0, psi03) * A0)
/Users/fuyuguo/opt/anaconda3/lib/python3.9/site-packages/numpy/core/fromnumeric.py:86: RuntimeWarning: invalid value encountered in reduce
  return ufunc.reduce(obj, axis, dtype, out, **passkwargs)
/Users/fuyuguo/PhD_thesis/Thesis_1_SNTTEM/Codes/three_time_binary/psi0_python/estimators.py:72: RuntimeWarning: overflow encountered in exp
  + mu13 * np.exp(-gamma03(L0, psi03) * A0)
/Users/fuyuguo/opt/anaconda3/lib/python3.9/site-packages/numpy/core/fromnumeric.py:86: RuntimeWarning: invalid value encountered in reduce
  return ufunc.reduce(obj, axis, dtype, out, **passkwargs)
/Users/fuyuguo/PhD_thesis/Thesis_1_SNTTEM/Codes/three_time_binary/psi0_python/estimators.py:72: RuntimeWarning: overflow encountered in exp
  + mu13 * np.exp(-gamma03(L0, psi03) * A0)
/Users/fuyuguo/opt/anaconda3/lib/python3.9/site-packages/numpy/core/fromnumeric.py:86: RuntimeWarning: invalid value encountered in reduce
  return ufunc.reduce(obj, axis, dtype, out, **passkwargs)
/Users/fuyuguo/PhD_thesis/Thesis_1_SNTTEM/Codes/three_time_binary/psi0_python/estimators.py:72: RuntimeWarning: overflow encountered in exp
  + mu13 * np.exp(-gamma03(L0, psi03) * A0)
/Users/fuyuguo/opt/anaconda3/lib/python3.9/site-packages/numpy/core/fromnumeric.py:86: RuntimeWarning: invalid value encountered in reduce
  return ufunc.reduce(obj, axis, dtype, out, **passkwargs)
/Users/fuyuguo/PhD_thesis/Thesis_1_SNTTEM/Codes/three_time_binary/psi0_python/estimators.py:39: RuntimeWarning: overflow encountered in exp
  + mu13 * np.exp(-gamma03(L0, psi03) * A0)
/Users/fuyuguo/opt/anaconda3/lib/python3.9/site-packages/numpy/core/fromnumeric.py:86: RuntimeWarning: invalid value encountered in reduce
  return ufunc.reduce(obj, axis, dtype, out, **passkwargs)
/Users/fuyuguo/PhD_thesis/Thesis_1_SNTTEM/Codes/three_time_binary/psi0_python/estimators.py:72: RuntimeWarning: overflow encountered in exp
  + mu13 * np.exp(-gamma03(L0, psi03) * A0)
/Users/fuyuguo/PhD_thesis/Thesis_1_SNTTEM/Codes/three_time_binary/psi0_python/estimators.py:72: RuntimeWarning: overflow encountered in exp
  + mu13 * np.exp(-gamma03(L0, psi03) * A0)
/Users/fuyuguo/opt/anaconda3/lib/python3.9/site-packages/numpy/core/fromnumeric.py:86: RuntimeWarning: invalid value encountered in reduce
  return ufunc.reduce(obj, axis, dtype, out, **passkwargs)
/Users/fuyuguo/PhD_thesis/Thesis_1_SNTTEM/Codes/three_time_binary/psi0_python/estimators.py:39: RuntimeWarning: overflow encountered in exp
  + mu13 * np.exp(-gamma03(L0, psi03) * A0)
/Users/fuyuguo/PhD_thesis/Thesis_1_SNTTEM/Codes/three_time_binary/psi0_python/estimators.py:72: RuntimeWarning: overflow encountered in exp
  + mu13 * np.exp(-gamma03(L0, psi03) * A0)
/Users/fuyuguo/opt/anaconda3/lib/python3.9/site-packages/numpy/core/fromnumeric.py:86: RuntimeWarning: invalid value encountered in reduce
  return ufunc.reduce(obj, axis, dtype, out, **passkwargs)
/Users/fuyuguo/PhD_thesis/Thesis_1_SNTTEM/Codes/three_time_binary/psi0_python/estimators.py:72: RuntimeWarning: overflow encountered in exp
  + mu13 * np.exp(-gamma03(L0, psi03) * A0)
/Users/fuyuguo/opt/anaconda3/lib/python3.9/site-packages/numpy/core/fromnumeric.py:86: RuntimeWarning: invalid value encountered in reduce
  return ufunc.reduce(obj, axis, dtype, out, **passkwargs)
/Users/fuyuguo/PhD_thesis/Thesis_1_SNTTEM/Codes/three_time_binary/psi0_python/estimators.py:72: RuntimeWarning: overflow encountered in exp
  + mu13 * np.exp(-gamma03(L0, psi03) * A0)
/Users/fuyuguo/opt/anaconda3/lib/python3.9/site-packages/numpy/core/fromnumeric.py:86: RuntimeWarning: invalid value encountered in reduce
  return ufunc.reduce(obj, axis, dtype, out, **passkwargs)
/Users/fuyuguo/PhD_thesis/Thesis_1_SNTTEM/Codes/three_time_binary/psi0_python/estimators.py:72: RuntimeWarning: overflow encountered in exp
  + mu13 * np.exp(-gamma03(L0, psi03) * A0)
/Users/fuyuguo/opt/anaconda3/lib/python3.9/site-packages/numpy/core/fromnumeric.py:86: RuntimeWarning: invalid value encountered in reduce
  return ufunc.reduce(obj, axis, dtype, out, **passkwargs)
[Parallel(n_jobs=-1)]: Done 264 tasks      | elapsed:  4.1min
/Users/fuyuguo/PhD_thesis/Thesis_1_SNTTEM/Codes/three_time_binary/psi0_python/estimators.py:72: RuntimeWarning: overflow encountered in exp
  + mu13 * np.exp(-gamma03(L0, psi03) * A0)
/Users/fuyuguo/opt/anaconda3/lib/python3.9/site-packages/numpy/core/fromnumeric.py:86: RuntimeWarning: invalid value encountered in reduce
  return ufunc.reduce(obj, axis, dtype, out, **passkwargs)
/Users/fuyuguo/PhD_thesis/Thesis_1_SNTTEM/Codes/three_time_binary/psi0_python/estimators.py:72: RuntimeWarning: overflow encountered in exp
  + mu13 * np.exp(-gamma03(L0, psi03) * A0)
/Users/fuyuguo/opt/anaconda3/lib/python3.9/site-packages/numpy/core/fromnumeric.py:86: RuntimeWarning: invalid value encountered in reduce
  return ufunc.reduce(obj, axis, dtype, out, **passkwargs)
/Users/fuyuguo/PhD_thesis/Thesis_1_SNTTEM/Codes/three_time_binary/psi0_python/estimators.py:72: RuntimeWarning: overflow encountered in exp
  + mu13 * np.exp(-gamma03(L0, psi03) * A0)
/Users/fuyuguo/opt/anaconda3/lib/python3.9/site-packages/numpy/core/fromnumeric.py:86: RuntimeWarning: invalid value encountered in reduce
  return ufunc.reduce(obj, axis, dtype, out, **passkwargs)
/Users/fuyuguo/PhD_thesis/Thesis_1_SNTTEM/Codes/three_time_binary/psi0_python/estimators.py:39: RuntimeWarning: overflow encountered in exp
  + mu13 * np.exp(-gamma03(L0, psi03) * A0)
/Users/fuyuguo/opt/anaconda3/lib/python3.9/site-packages/numpy/core/fromnumeric.py:86: RuntimeWarning: invalid value encountered in reduce
  return ufunc.reduce(obj, axis, dtype, out, **passkwargs)
/Users/fuyuguo/PhD_thesis/Thesis_1_SNTTEM/Codes/three_time_binary/psi0_python/estimators.py:72: RuntimeWarning: overflow encountered in exp
  + mu13 * np.exp(-gamma03(L0, psi03) * A0)
/Users/fuyuguo/opt/anaconda3/lib/python3.9/site-packages/numpy/core/fromnumeric.py:86: RuntimeWarning: invalid value encountered in reduce
  return ufunc.reduce(obj, axis, dtype, out, **passkwargs)
/Users/fuyuguo/PhD_thesis/Thesis_1_SNTTEM/Codes/three_time_binary/psi0_python/estimators.py:72: RuntimeWarning: overflow encountered in exp
  + mu13 * np.exp(-gamma03(L0, psi03) * A0)
/Users/fuyuguo/opt/anaconda3/lib/python3.9/site-packages/numpy/core/fromnumeric.py:86: RuntimeWarning: invalid value encountered in reduce
  return ufunc.reduce(obj, axis, dtype, out, **passkwargs)
/Users/fuyuguo/PhD_thesis/Thesis_1_SNTTEM/Codes/three_time_binary/psi0_python/estimators.py:72: RuntimeWarning: overflow encountered in exp
  + mu13 * np.exp(-gamma03(L0, psi03) * A0)
/Users/fuyuguo/opt/anaconda3/lib/python3.9/site-packages/numpy/core/fromnumeric.py:86: RuntimeWarning: invalid value encountered in reduce
  return ufunc.reduce(obj, axis, dtype, out, **passkwargs)
/Users/fuyuguo/PhD_thesis/Thesis_1_SNTTEM/Codes/three_time_binary/psi0_python/estimators.py:72: RuntimeWarning: overflow encountered in exp
  + mu13 * np.exp(-gamma03(L0, psi03) * A0)
/Users/fuyuguo/opt/anaconda3/lib/python3.9/site-packages/numpy/core/fromnumeric.py:86: RuntimeWarning: invalid value encountered in reduce
  return ufunc.reduce(obj, axis, dtype, out, **passkwargs)
/Users/fuyuguo/PhD_thesis/Thesis_1_SNTTEM/Codes/three_time_binary/psi0_python/estimators.py:72: RuntimeWarning: overflow encountered in exp
  + mu13 * np.exp(-gamma03(L0, psi03) * A0)
/Users/fuyuguo/opt/anaconda3/lib/python3.9/site-packages/numpy/core/fromnumeric.py:86: RuntimeWarning: invalid value encountered in reduce
  return ufunc.reduce(obj, axis, dtype, out, **passkwargs)
/Users/fuyuguo/PhD_thesis/Thesis_1_SNTTEM/Codes/three_time_binary/psi0_python/estimators.py:72: RuntimeWarning: overflow encountered in exp
  + mu13 * np.exp(-gamma03(L0, psi03) * A0)
/Users/fuyuguo/opt/anaconda3/lib/python3.9/site-packages/numpy/core/fromnumeric.py:86: RuntimeWarning: invalid value encountered in reduce
  return ufunc.reduce(obj, axis, dtype, out, **passkwargs)
/Users/fuyuguo/PhD_thesis/Thesis_1_SNTTEM/Codes/three_time_binary/psi0_python/estimators.py:72: RuntimeWarning: overflow encountered in exp
  + mu13 * np.exp(-gamma03(L0, psi03) * A0)
/Users/fuyuguo/opt/anaconda3/lib/python3.9/site-packages/numpy/core/fromnumeric.py:86: RuntimeWarning: invalid value encountered in reduce
  return ufunc.reduce(obj, axis, dtype, out, **passkwargs)
/Users/fuyuguo/PhD_thesis/Thesis_1_SNTTEM/Codes/three_time_binary/psi0_python/estimators.py:72: RuntimeWarning: overflow encountered in exp
  + mu13 * np.exp(-gamma03(L0, psi03) * A0)
/Users/fuyuguo/opt/anaconda3/lib/python3.9/site-packages/numpy/core/fromnumeric.py:86: RuntimeWarning: invalid value encountered in reduce
  return ufunc.reduce(obj, axis, dtype, out, **passkwargs)
/Users/fuyuguo/PhD_thesis/Thesis_1_SNTTEM/Codes/three_time_binary/psi0_python/estimators.py:72: RuntimeWarning: overflow encountered in exp
  + mu13 * np.exp(-gamma03(L0, psi03) * A0)
/Users/fuyuguo/opt/anaconda3/lib/python3.9/site-packages/numpy/core/fromnumeric.py:86: RuntimeWarning: invalid value encountered in reduce
  return ufunc.reduce(obj, axis, dtype, out, **passkwargs)
/Users/fuyuguo/PhD_thesis/Thesis_1_SNTTEM/Codes/three_time_binary/psi0_python/estimators.py:72: RuntimeWarning: overflow encountered in exp
  + mu13 * np.exp(-gamma03(L0, psi03) * A0)
/Users/fuyuguo/opt/anaconda3/lib/python3.9/site-packages/numpy/core/fromnumeric.py:86: RuntimeWarning: invalid value encountered in reduce
  return ufunc.reduce(obj, axis, dtype, out, **passkwargs)
/Users/fuyuguo/PhD_thesis/Thesis_1_SNTTEM/Codes/three_time_binary/psi0_python/estimators.py:72: RuntimeWarning: overflow encountered in exp
  + mu13 * np.exp(-gamma03(L0, psi03) * A0)
/Users/fuyuguo/opt/anaconda3/lib/python3.9/site-packages/numpy/core/fromnumeric.py:86: RuntimeWarning: invalid value encountered in reduce
  return ufunc.reduce(obj, axis, dtype, out, **passkwargs)
/Users/fuyuguo/PhD_thesis/Thesis_1_SNTTEM/Codes/three_time_binary/psi0_python/estimators.py:72: RuntimeWarning: overflow encountered in exp
  + mu13 * np.exp(-gamma03(L0, psi03) * A0)
/Users/fuyuguo/opt/anaconda3/lib/python3.9/site-packages/numpy/core/fromnumeric.py:86: RuntimeWarning: invalid value encountered in reduce
  return ufunc.reduce(obj, axis, dtype, out, **passkwargs)
/Users/fuyuguo/PhD_thesis/Thesis_1_SNTTEM/Codes/three_time_binary/psi0_python/estimators.py:72: RuntimeWarning: overflow encountered in exp
  + mu13 * np.exp(-gamma03(L0, psi03) * A0)
/Users/fuyuguo/opt/anaconda3/lib/python3.9/site-packages/numpy/core/fromnumeric.py:86: RuntimeWarning: invalid value encountered in reduce
  return ufunc.reduce(obj, axis, dtype, out, **passkwargs)
/Users/fuyuguo/PhD_thesis/Thesis_1_SNTTEM/Codes/three_time_binary/psi0_python/estimators.py:72: RuntimeWarning: overflow encountered in exp
  + mu13 * np.exp(-gamma03(L0, psi03) * A0)
/Users/fuyuguo/opt/anaconda3/lib/python3.9/site-packages/numpy/core/fromnumeric.py:86: RuntimeWarning: invalid value encountered in reduce
  return ufunc.reduce(obj, axis, dtype, out, **passkwargs)
/Users/fuyuguo/PhD_thesis/Thesis_1_SNTTEM/Codes/three_time_binary/psi0_python/estimators.py:72: RuntimeWarning: overflow encountered in exp
  + mu13 * np.exp(-gamma03(L0, psi03) * A0)
/Users/fuyuguo/opt/anaconda3/lib/python3.9/site-packages/numpy/core/fromnumeric.py:86: RuntimeWarning: invalid value encountered in reduce
  return ufunc.reduce(obj, axis, dtype, out, **passkwargs)
/Users/fuyuguo/PhD_thesis/Thesis_1_SNTTEM/Codes/three_time_binary/psi0_python/estimators.py:72: RuntimeWarning: overflow encountered in multiply
  + mu13 * np.exp(-gamma03(L0, psi03) * A0)
/Users/fuyuguo/PhD_thesis/Thesis_1_SNTTEM/Codes/three_time_binary/psi0_python/estimators.py:39: RuntimeWarning: overflow encountered in exp
  + mu13 * np.exp(-gamma03(L0, psi03) * A0)
/Users/fuyuguo/opt/anaconda3/lib/python3.9/site-packages/numpy/core/fromnumeric.py:86: RuntimeWarning: invalid value encountered in reduce
  return ufunc.reduce(obj, axis, dtype, out, **passkwargs)
/Users/fuyuguo/PhD_thesis/Thesis_1_SNTTEM/Codes/three_time_binary/psi0_python/estimators.py:72: RuntimeWarning: overflow encountered in exp
  + mu13 * np.exp(-gamma03(L0, psi03) * A0)
/Users/fuyuguo/PhD_thesis/Thesis_1_SNTTEM/Codes/three_time_binary/psi0_python/estimators.py:72: RuntimeWarning: overflow encountered in exp
  + mu13 * np.exp(-gamma03(L0, psi03) * A0)
/Users/fuyuguo/opt/anaconda3/lib/python3.9/site-packages/numpy/core/fromnumeric.py:86: RuntimeWarning: invalid value encountered in reduce
  return ufunc.reduce(obj, axis, dtype, out, **passkwargs)
/Users/fuyuguo/PhD_thesis/Thesis_1_SNTTEM/Codes/three_time_binary/psi0_python/estimators.py:72: RuntimeWarning: overflow encountered in exp
  + mu13 * np.exp(-gamma03(L0, psi03) * A0)
/Users/fuyuguo/opt/anaconda3/lib/python3.9/site-packages/numpy/core/fromnumeric.py:86: RuntimeWarning: invalid value encountered in reduce
  return ufunc.reduce(obj, axis, dtype, out, **passkwargs)
/Users/fuyuguo/PhD_thesis/Thesis_1_SNTTEM/Codes/three_time_binary/psi0_python/estimators.py:72: RuntimeWarning: overflow encountered in exp
  + mu13 * np.exp(-gamma03(L0, psi03) * A0)
/Users/fuyuguo/opt/anaconda3/lib/python3.9/site-packages/numpy/core/fromnumeric.py:86: RuntimeWarning: invalid value encountered in reduce
  return ufunc.reduce(obj, axis, dtype, out, **passkwargs)
/Users/fuyuguo/PhD_thesis/Thesis_1_SNTTEM/Codes/three_time_binary/psi0_python/estimators.py:72: RuntimeWarning: overflow encountered in exp
  + mu13 * np.exp(-gamma03(L0, psi03) * A0)
/Users/fuyuguo/opt/anaconda3/lib/python3.9/site-packages/numpy/core/fromnumeric.py:86: RuntimeWarning: invalid value encountered in reduce
  return ufunc.reduce(obj, axis, dtype, out, **passkwargs)
/Users/fuyuguo/PhD_thesis/Thesis_1_SNTTEM/Codes/three_time_binary/psi0_python/estimators.py:39: RuntimeWarning: overflow encountered in exp
  + mu13 * np.exp(-gamma03(L0, psi03) * A0)
/Users/fuyuguo/PhD_thesis/Thesis_1_SNTTEM/Codes/three_time_binary/psi0_python/estimators.py:72: RuntimeWarning: overflow encountered in exp
  + mu13 * np.exp(-gamma03(L0, psi03) * A0)
/Users/fuyuguo/opt/anaconda3/lib/python3.9/site-packages/numpy/core/fromnumeric.py:86: RuntimeWarning: invalid value encountered in reduce
  return ufunc.reduce(obj, axis, dtype, out, **passkwargs)
/Users/fuyuguo/PhD_thesis/Thesis_1_SNTTEM/Codes/three_time_binary/psi0_python/estimators.py:72: RuntimeWarning: overflow encountered in exp
  + mu13 * np.exp(-gamma03(L0, psi03) * A0)
/Users/fuyuguo/opt/anaconda3/lib/python3.9/site-packages/numpy/core/fromnumeric.py:86: RuntimeWarning: invalid value encountered in reduce
  return ufunc.reduce(obj, axis, dtype, out, **passkwargs)
/Users/fuyuguo/PhD_thesis/Thesis_1_SNTTEM/Codes/three_time_binary/psi0_python/estimators.py:72: RuntimeWarning: overflow encountered in exp
  + mu13 * np.exp(-gamma03(L0, psi03) * A0)
/Users/fuyuguo/opt/anaconda3/lib/python3.9/site-packages/numpy/core/fromnumeric.py:86: RuntimeWarning: invalid value encountered in reduce
  return ufunc.reduce(obj, axis, dtype, out, **passkwargs)
/Users/fuyuguo/PhD_thesis/Thesis_1_SNTTEM/Codes/three_time_binary/psi0_python/estimators.py:72: RuntimeWarning: overflow encountered in exp
  + mu13 * np.exp(-gamma03(L0, psi03) * A0)
/Users/fuyuguo/PhD_thesis/Thesis_1_SNTTEM/Codes/three_time_binary/psi0_python/estimators.py:72: RuntimeWarning: overflow encountered in multiply
  + mu13 * np.exp(-gamma03(L0, psi03) * A0)
/Users/fuyuguo/opt/anaconda3/lib/python3.9/site-packages/numpy/core/fromnumeric.py:86: RuntimeWarning: invalid value encountered in reduce
  return ufunc.reduce(obj, axis, dtype, out, **passkwargs)
/Users/fuyuguo/PhD_thesis/Thesis_1_SNTTEM/Codes/three_time_binary/psi0_python/estimators.py:72: RuntimeWarning: overflow encountered in exp
  + mu13 * np.exp(-gamma03(L0, psi03) * A0)
/Users/fuyuguo/opt/anaconda3/lib/python3.9/site-packages/numpy/core/fromnumeric.py:86: RuntimeWarning: invalid value encountered in reduce
  return ufunc.reduce(obj, axis, dtype, out, **passkwargs)
/Users/fuyuguo/PhD_thesis/Thesis_1_SNTTEM/Codes/three_time_binary/psi0_python/estimators.py:72: RuntimeWarning: overflow encountered in exp
  + mu13 * np.exp(-gamma03(L0, psi03) * A0)
/Users/fuyuguo/opt/anaconda3/lib/python3.9/site-packages/numpy/core/fromnumeric.py:86: RuntimeWarning: invalid value encountered in reduce
  return ufunc.reduce(obj, axis, dtype, out, **passkwargs)
/Users/fuyuguo/PhD_thesis/Thesis_1_SNTTEM/Codes/three_time_binary/psi0_python/estimators.py:72: RuntimeWarning: overflow encountered in exp
  + mu13 * np.exp(-gamma03(L0, psi03) * A0)
/Users/fuyuguo/opt/anaconda3/lib/python3.9/site-packages/numpy/core/fromnumeric.py:86: RuntimeWarning: invalid value encountered in reduce
  return ufunc.reduce(obj, axis, dtype, out, **passkwargs)
/Users/fuyuguo/PhD_thesis/Thesis_1_SNTTEM/Codes/three_time_binary/psi0_python/estimators.py:72: RuntimeWarning: overflow encountered in exp
  + mu13 * np.exp(-gamma03(L0, psi03) * A0)
/Users/fuyuguo/opt/anaconda3/lib/python3.9/site-packages/numpy/core/fromnumeric.py:86: RuntimeWarning: invalid value encountered in reduce
  return ufunc.reduce(obj, axis, dtype, out, **passkwargs)
/Users/fuyuguo/PhD_thesis/Thesis_1_SNTTEM/Codes/three_time_binary/psi0_python/estimators.py:72: RuntimeWarning: overflow encountered in exp
  + mu13 * np.exp(-gamma03(L0, psi03) * A0)
/Users/fuyuguo/opt/anaconda3/lib/python3.9/site-packages/numpy/core/fromnumeric.py:86: RuntimeWarning: invalid value encountered in reduce
  return ufunc.reduce(obj, axis, dtype, out, **passkwargs)
/Users/fuyuguo/PhD_thesis/Thesis_1_SNTTEM/Codes/three_time_binary/psi0_python/estimators.py:72: RuntimeWarning: overflow encountered in exp
  + mu13 * np.exp(-gamma03(L0, psi03) * A0)
/Users/fuyuguo/opt/anaconda3/lib/python3.9/site-packages/numpy/core/fromnumeric.py:86: RuntimeWarning: invalid value encountered in reduce
  return ufunc.reduce(obj, axis, dtype, out, **passkwargs)
/Users/fuyuguo/PhD_thesis/Thesis_1_SNTTEM/Codes/three_time_binary/psi0_python/estimators.py:72: RuntimeWarning: overflow encountered in exp
  + mu13 * np.exp(-gamma03(L0, psi03) * A0)
/Users/fuyuguo/opt/anaconda3/lib/python3.9/site-packages/numpy/core/fromnumeric.py:86: RuntimeWarning: invalid value encountered in reduce
  return ufunc.reduce(obj, axis, dtype, out, **passkwargs)
/Users/fuyuguo/PhD_thesis/Thesis_1_SNTTEM/Codes/three_time_binary/psi0_python/estimators.py:72: RuntimeWarning: overflow encountered in exp
  + mu13 * np.exp(-gamma03(L0, psi03) * A0)
/Users/fuyuguo/opt/anaconda3/lib/python3.9/site-packages/numpy/core/fromnumeric.py:86: RuntimeWarning: invalid value encountered in reduce
  return ufunc.reduce(obj, axis, dtype, out, **passkwargs)
/Users/fuyuguo/PhD_thesis/Thesis_1_SNTTEM/Codes/three_time_binary/psi0_python/estimators.py:72: RuntimeWarning: overflow encountered in multiply
  + mu13 * np.exp(-gamma03(L0, psi03) * A0)
/Users/fuyuguo/PhD_thesis/Thesis_1_SNTTEM/Codes/three_time_binary/psi0_python/estimators.py:72: RuntimeWarning: overflow encountered in exp
  + mu13 * np.exp(-gamma03(L0, psi03) * A0)
/Users/fuyuguo/opt/anaconda3/lib/python3.9/site-packages/numpy/core/fromnumeric.py:86: RuntimeWarning: invalid value encountered in reduce
  return ufunc.reduce(obj, axis, dtype, out, **passkwargs)
/Users/fuyuguo/PhD_thesis/Thesis_1_SNTTEM/Codes/three_time_binary/psi0_python/estimators.py:72: RuntimeWarning: overflow encountered in exp
  + mu13 * np.exp(-gamma03(L0, psi03) * A0)
/Users/fuyuguo/opt/anaconda3/lib/python3.9/site-packages/numpy/core/fromnumeric.py:86: RuntimeWarning: invalid value encountered in reduce
  return ufunc.reduce(obj, axis, dtype, out, **passkwargs)
/Users/fuyuguo/PhD_thesis/Thesis_1_SNTTEM/Codes/three_time_binary/psi0_python/estimators.py:72: RuntimeWarning: overflow encountered in exp
  + mu13 * np.exp(-gamma03(L0, psi03) * A0)
/Users/fuyuguo/opt/anaconda3/lib/python3.9/site-packages/numpy/core/fromnumeric.py:86: RuntimeWarning: invalid value encountered in reduce
  return ufunc.reduce(obj, axis, dtype, out, **passkwargs)
/Users/fuyuguo/PhD_thesis/Thesis_1_SNTTEM/Codes/three_time_binary/psi0_python/estimators.py:72: RuntimeWarning: overflow encountered in exp
  + mu13 * np.exp(-gamma03(L0, psi03) * A0)
/Users/fuyuguo/opt/anaconda3/lib/python3.9/site-packages/numpy/core/fromnumeric.py:86: RuntimeWarning: invalid value encountered in reduce
  return ufunc.reduce(obj, axis, dtype, out, **passkwargs)
/Users/fuyuguo/PhD_thesis/Thesis_1_SNTTEM/Codes/three_time_binary/psi0_python/estimators.py:72: RuntimeWarning: overflow encountered in exp
  + mu13 * np.exp(-gamma03(L0, psi03) * A0)
/Users/fuyuguo/opt/anaconda3/lib/python3.9/site-packages/numpy/core/fromnumeric.py:86: RuntimeWarning: invalid value encountered in reduce
  return ufunc.reduce(obj, axis, dtype, out, **passkwargs)
/Users/fuyuguo/PhD_thesis/Thesis_1_SNTTEM/Codes/three_time_binary/psi0_python/estimators.py:72: RuntimeWarning: overflow encountered in exp
  + mu13 * np.exp(-gamma03(L0, psi03) * A0)
/Users/fuyuguo/opt/anaconda3/lib/python3.9/site-packages/numpy/core/fromnumeric.py:86: RuntimeWarning: invalid value encountered in reduce
  return ufunc.reduce(obj, axis, dtype, out, **passkwargs)
/Users/fuyuguo/PhD_thesis/Thesis_1_SNTTEM/Codes/three_time_binary/psi0_python/estimators.py:72: RuntimeWarning: overflow encountered in exp
  + mu13 * np.exp(-gamma03(L0, psi03) * A0)
/Users/fuyuguo/opt/anaconda3/lib/python3.9/site-packages/numpy/core/fromnumeric.py:86: RuntimeWarning: invalid value encountered in reduce
  return ufunc.reduce(obj, axis, dtype, out, **passkwargs)
/Users/fuyuguo/PhD_thesis/Thesis_1_SNTTEM/Codes/three_time_binary/psi0_python/estimators.py:72: RuntimeWarning: overflow encountered in exp
  + mu13 * np.exp(-gamma03(L0, psi03) * A0)
/Users/fuyuguo/opt/anaconda3/lib/python3.9/site-packages/numpy/core/fromnumeric.py:86: RuntimeWarning: invalid value encountered in reduce
  return ufunc.reduce(obj, axis, dtype, out, **passkwargs)
/Users/fuyuguo/PhD_thesis/Thesis_1_SNTTEM/Codes/three_time_binary/psi0_python/estimators.py:39: RuntimeWarning: overflow encountered in exp
  + mu13 * np.exp(-gamma03(L0, psi03) * A0)
/Users/fuyuguo/PhD_thesis/Thesis_1_SNTTEM/Codes/three_time_binary/psi0_python/estimators.py:39: RuntimeWarning: overflow encountered in exp
  + mu13 * np.exp(-gamma03(L0, psi03) * A0)
/Users/fuyuguo/PhD_thesis/Thesis_1_SNTTEM/Codes/three_time_binary/psi0_python/estimators.py:39: RuntimeWarning: overflow encountered in exp
  + mu13 * np.exp(-gamma03(L0, psi03) * A0)
/Users/fuyuguo/opt/anaconda3/lib/python3.9/site-packages/numpy/core/fromnumeric.py:86: RuntimeWarning: invalid value encountered in reduce
  return ufunc.reduce(obj, axis, dtype, out, **passkwargs)
/Users/fuyuguo/PhD_thesis/Thesis_1_SNTTEM/Codes/three_time_binary/psi0_python/estimators.py:72: RuntimeWarning: overflow encountered in exp
  + mu13 * np.exp(-gamma03(L0, psi03) * A0)
/Users/fuyuguo/opt/anaconda3/lib/python3.9/site-packages/numpy/core/fromnumeric.py:86: RuntimeWarning: invalid value encountered in reduce
  return ufunc.reduce(obj, axis, dtype, out, **passkwargs)
/Users/fuyuguo/PhD_thesis/Thesis_1_SNTTEM/Codes/three_time_binary/psi0_python/estimators.py:72: RuntimeWarning: overflow encountered in exp
  + mu13 * np.exp(-gamma03(L0, psi03) * A0)
/Users/fuyuguo/opt/anaconda3/lib/python3.9/site-packages/numpy/core/fromnumeric.py:86: RuntimeWarning: invalid value encountered in reduce
  return ufunc.reduce(obj, axis, dtype, out, **passkwargs)
/Users/fuyuguo/PhD_thesis/Thesis_1_SNTTEM/Codes/three_time_binary/psi0_python/estimators.py:72: RuntimeWarning: overflow encountered in exp
  + mu13 * np.exp(-gamma03(L0, psi03) * A0)
/Users/fuyuguo/opt/anaconda3/lib/python3.9/site-packages/numpy/core/fromnumeric.py:86: RuntimeWarning: invalid value encountered in reduce
  return ufunc.reduce(obj, axis, dtype, out, **passkwargs)
/Users/fuyuguo/PhD_thesis/Thesis_1_SNTTEM/Codes/three_time_binary/psi0_python/estimators.py:72: RuntimeWarning: overflow encountered in exp
  + mu13 * np.exp(-gamma03(L0, psi03) * A0)
/Users/fuyuguo/opt/anaconda3/lib/python3.9/site-packages/numpy/core/fromnumeric.py:86: RuntimeWarning: invalid value encountered in reduce
  return ufunc.reduce(obj, axis, dtype, out, **passkwargs)
/Users/fuyuguo/PhD_thesis/Thesis_1_SNTTEM/Codes/three_time_binary/psi0_python/estimators.py:72: RuntimeWarning: overflow encountered in exp
  + mu13 * np.exp(-gamma03(L0, psi03) * A0)
/Users/fuyuguo/opt/anaconda3/lib/python3.9/site-packages/numpy/core/fromnumeric.py:86: RuntimeWarning: invalid value encountered in reduce
  return ufunc.reduce(obj, axis, dtype, out, **passkwargs)
/Users/fuyuguo/PhD_thesis/Thesis_1_SNTTEM/Codes/three_time_binary/psi0_python/estimators.py:39: RuntimeWarning: overflow encountered in exp
  + mu13 * np.exp(-gamma03(L0, psi03) * A0)
/Users/fuyuguo/PhD_thesis/Thesis_1_SNTTEM/Codes/three_time_binary/psi0_python/estimators.py:72: RuntimeWarning: overflow encountered in multiply
  + mu13 * np.exp(-gamma03(L0, psi03) * A0)
/Users/fuyuguo/PhD_thesis/Thesis_1_SNTTEM/Codes/three_time_binary/psi0_python/estimators.py:72: RuntimeWarning: overflow encountered in exp
  + mu13 * np.exp(-gamma03(L0, psi03) * A0)
/Users/fuyuguo/opt/anaconda3/lib/python3.9/site-packages/numpy/core/fromnumeric.py:86: RuntimeWarning: invalid value encountered in reduce
  return ufunc.reduce(obj, axis, dtype, out, **passkwargs)
/Users/fuyuguo/PhD_thesis/Thesis_1_SNTTEM/Codes/three_time_binary/psi0_python/estimators.py:72: RuntimeWarning: overflow encountered in exp
  + mu13 * np.exp(-gamma03(L0, psi03) * A0)
/Users/fuyuguo/opt/anaconda3/lib/python3.9/site-packages/numpy/core/fromnumeric.py:86: RuntimeWarning: invalid value encountered in reduce
  return ufunc.reduce(obj, axis, dtype, out, **passkwargs)
/Users/fuyuguo/PhD_thesis/Thesis_1_SNTTEM/Codes/three_time_binary/psi0_python/estimators.py:72: RuntimeWarning: overflow encountered in exp
  + mu13 * np.exp(-gamma03(L0, psi03) * A0)
/Users/fuyuguo/opt/anaconda3/lib/python3.9/site-packages/numpy/core/fromnumeric.py:86: RuntimeWarning: invalid value encountered in reduce
  return ufunc.reduce(obj, axis, dtype, out, **passkwargs)
/Users/fuyuguo/PhD_thesis/Thesis_1_SNTTEM/Codes/three_time_binary/psi0_python/estimators.py:72: RuntimeWarning: overflow encountered in exp
  + mu13 * np.exp(-gamma03(L0, psi03) * A0)
/Users/fuyuguo/opt/anaconda3/lib/python3.9/site-packages/numpy/core/fromnumeric.py:86: RuntimeWarning: invalid value encountered in reduce
  return ufunc.reduce(obj, axis, dtype, out, **passkwargs)
/Users/fuyuguo/PhD_thesis/Thesis_1_SNTTEM/Codes/three_time_binary/psi0_python/estimators.py:72: RuntimeWarning: overflow encountered in exp
  + mu13 * np.exp(-gamma03(L0, psi03) * A0)
/Users/fuyuguo/opt/anaconda3/lib/python3.9/site-packages/numpy/core/fromnumeric.py:86: RuntimeWarning: invalid value encountered in reduce
  return ufunc.reduce(obj, axis, dtype, out, **passkwargs)
/Users/fuyuguo/PhD_thesis/Thesis_1_SNTTEM/Codes/three_time_binary/psi0_python/estimators.py:72: RuntimeWarning: overflow encountered in exp
  + mu13 * np.exp(-gamma03(L0, psi03) * A0)
/Users/fuyuguo/opt/anaconda3/lib/python3.9/site-packages/numpy/core/fromnumeric.py:86: RuntimeWarning: invalid value encountered in reduce
  return ufunc.reduce(obj, axis, dtype, out, **passkwargs)
/Users/fuyuguo/PhD_thesis/Thesis_1_SNTTEM/Codes/three_time_binary/psi0_python/estimators.py:72: RuntimeWarning: overflow encountered in exp
  + mu13 * np.exp(-gamma03(L0, psi03) * A0)
/Users/fuyuguo/opt/anaconda3/lib/python3.9/site-packages/numpy/core/fromnumeric.py:86: RuntimeWarning: invalid value encountered in reduce
  return ufunc.reduce(obj, axis, dtype, out, **passkwargs)
/Users/fuyuguo/PhD_thesis/Thesis_1_SNTTEM/Codes/three_time_binary/psi0_python/estimators.py:72: RuntimeWarning: overflow encountered in exp
  + mu13 * np.exp(-gamma03(L0, psi03) * A0)
/Users/fuyuguo/opt/anaconda3/lib/python3.9/site-packages/numpy/core/fromnumeric.py:86: RuntimeWarning: invalid value encountered in reduce
  return ufunc.reduce(obj, axis, dtype, out, **passkwargs)
/Users/fuyuguo/PhD_thesis/Thesis_1_SNTTEM/Codes/three_time_binary/psi0_python/estimators.py:72: RuntimeWarning: overflow encountered in exp
  + mu13 * np.exp(-gamma03(L0, psi03) * A0)
/Users/fuyuguo/opt/anaconda3/lib/python3.9/site-packages/numpy/core/fromnumeric.py:86: RuntimeWarning: invalid value encountered in reduce
  return ufunc.reduce(obj, axis, dtype, out, **passkwargs)
/Users/fuyuguo/PhD_thesis/Thesis_1_SNTTEM/Codes/three_time_binary/psi0_python/estimators.py:39: RuntimeWarning: overflow encountered in exp
  + mu13 * np.exp(-gamma03(L0, psi03) * A0)
/Users/fuyuguo/opt/anaconda3/lib/python3.9/site-packages/numpy/core/fromnumeric.py:86: RuntimeWarning: invalid value encountered in reduce
  return ufunc.reduce(obj, axis, dtype, out, **passkwargs)
/Users/fuyuguo/PhD_thesis/Thesis_1_SNTTEM/Codes/three_time_binary/psi0_python/estimators.py:72: RuntimeWarning: overflow encountered in exp
  + mu13 * np.exp(-gamma03(L0, psi03) * A0)
/Users/fuyuguo/PhD_thesis/Thesis_1_SNTTEM/Codes/three_time_binary/psi0_python/estimators.py:72: RuntimeWarning: overflow encountered in exp
  + mu13 * np.exp(-gamma03(L0, psi03) * A0)
/Users/fuyuguo/opt/anaconda3/lib/python3.9/site-packages/numpy/core/fromnumeric.py:86: RuntimeWarning: invalid value encountered in reduce
  return ufunc.reduce(obj, axis, dtype, out, **passkwargs)
/Users/fuyuguo/PhD_thesis/Thesis_1_SNTTEM/Codes/three_time_binary/psi0_python/estimators.py:72: RuntimeWarning: overflow encountered in exp
  + mu13 * np.exp(-gamma03(L0, psi03) * A0)
/Users/fuyuguo/opt/anaconda3/lib/python3.9/site-packages/numpy/core/fromnumeric.py:86: RuntimeWarning: invalid value encountered in reduce
  return ufunc.reduce(obj, axis, dtype, out, **passkwargs)
/Users/fuyuguo/PhD_thesis/Thesis_1_SNTTEM/Codes/three_time_binary/psi0_python/estimators.py:72: RuntimeWarning: overflow encountered in exp
  + mu13 * np.exp(-gamma03(L0, psi03) * A0)
/Users/fuyuguo/opt/anaconda3/lib/python3.9/site-packages/numpy/core/fromnumeric.py:86: RuntimeWarning: invalid value encountered in reduce
  return ufunc.reduce(obj, axis, dtype, out, **passkwargs)
/Users/fuyuguo/PhD_thesis/Thesis_1_SNTTEM/Codes/three_time_binary/psi0_python/estimators.py:72: RuntimeWarning: overflow encountered in exp
  + mu13 * np.exp(-gamma03(L0, psi03) * A0)
/Users/fuyuguo/opt/anaconda3/lib/python3.9/site-packages/numpy/core/fromnumeric.py:86: RuntimeWarning: invalid value encountered in reduce
  return ufunc.reduce(obj, axis, dtype, out, **passkwargs)
/Users/fuyuguo/PhD_thesis/Thesis_1_SNTTEM/Codes/three_time_binary/psi0_python/estimators.py:72: RuntimeWarning: overflow encountered in exp
  + mu13 * np.exp(-gamma03(L0, psi03) * A0)
/Users/fuyuguo/opt/anaconda3/lib/python3.9/site-packages/numpy/core/fromnumeric.py:86: RuntimeWarning: invalid value encountered in reduce
  return ufunc.reduce(obj, axis, dtype, out, **passkwargs)
/Users/fuyuguo/PhD_thesis/Thesis_1_SNTTEM/Codes/three_time_binary/psi0_python/estimators.py:72: RuntimeWarning: overflow encountered in exp
  + mu13 * np.exp(-gamma03(L0, psi03) * A0)
/Users/fuyuguo/opt/anaconda3/lib/python3.9/site-packages/numpy/core/fromnumeric.py:86: RuntimeWarning: invalid value encountered in reduce
  return ufunc.reduce(obj, axis, dtype, out, **passkwargs)
/Users/fuyuguo/PhD_thesis/Thesis_1_SNTTEM/Codes/three_time_binary/psi0_python/estimators.py:72: RuntimeWarning: overflow encountered in exp
  + mu13 * np.exp(-gamma03(L0, psi03) * A0)
/Users/fuyuguo/opt/anaconda3/lib/python3.9/site-packages/numpy/core/fromnumeric.py:86: RuntimeWarning: invalid value encountered in reduce
  return ufunc.reduce(obj, axis, dtype, out, **passkwargs)
/Users/fuyuguo/PhD_thesis/Thesis_1_SNTTEM/Codes/three_time_binary/psi0_python/estimators.py:72: RuntimeWarning: overflow encountered in exp
  + mu13 * np.exp(-gamma03(L0, psi03) * A0)
/Users/fuyuguo/opt/anaconda3/lib/python3.9/site-packages/numpy/core/fromnumeric.py:86: RuntimeWarning: invalid value encountered in reduce
  return ufunc.reduce(obj, axis, dtype, out, **passkwargs)
/Users/fuyuguo/PhD_thesis/Thesis_1_SNTTEM/Codes/three_time_binary/psi0_python/estimators.py:72: RuntimeWarning: overflow encountered in exp
  + mu13 * np.exp(-gamma03(L0, psi03) * A0)
/Users/fuyuguo/opt/anaconda3/lib/python3.9/site-packages/numpy/core/fromnumeric.py:86: RuntimeWarning: invalid value encountered in reduce
  return ufunc.reduce(obj, axis, dtype, out, **passkwargs)
/Users/fuyuguo/PhD_thesis/Thesis_1_SNTTEM/Codes/three_time_binary/psi0_python/estimators.py:72: RuntimeWarning: overflow encountered in exp
  + mu13 * np.exp(-gamma03(L0, psi03) * A0)
/Users/fuyuguo/opt/anaconda3/lib/python3.9/site-packages/numpy/core/fromnumeric.py:86: RuntimeWarning: invalid value encountered in reduce
  return ufunc.reduce(obj, axis, dtype, out, **passkwargs)
/Users/fuyuguo/PhD_thesis/Thesis_1_SNTTEM/Codes/three_time_binary/psi0_python/estimators.py:72: RuntimeWarning: overflow encountered in exp
  + mu13 * np.exp(-gamma03(L0, psi03) * A0)
/Users/fuyuguo/opt/anaconda3/lib/python3.9/site-packages/numpy/core/fromnumeric.py:86: RuntimeWarning: invalid value encountered in reduce
  return ufunc.reduce(obj, axis, dtype, out, **passkwargs)
/Users/fuyuguo/PhD_thesis/Thesis_1_SNTTEM/Codes/three_time_binary/psi0_python/estimators.py:72: RuntimeWarning: overflow encountered in exp
  + mu13 * np.exp(-gamma03(L0, psi03) * A0)
/Users/fuyuguo/opt/anaconda3/lib/python3.9/site-packages/numpy/core/fromnumeric.py:86: RuntimeWarning: invalid value encountered in reduce
  return ufunc.reduce(obj, axis, dtype, out, **passkwargs)
/Users/fuyuguo/PhD_thesis/Thesis_1_SNTTEM/Codes/three_time_binary/psi0_python/estimators.py:72: RuntimeWarning: overflow encountered in exp
  + mu13 * np.exp(-gamma03(L0, psi03) * A0)
/Users/fuyuguo/opt/anaconda3/lib/python3.9/site-packages/numpy/core/fromnumeric.py:86: RuntimeWarning: invalid value encountered in reduce
  return ufunc.reduce(obj, axis, dtype, out, **passkwargs)
/Users/fuyuguo/PhD_thesis/Thesis_1_SNTTEM/Codes/three_time_binary/psi0_python/estimators.py:39: RuntimeWarning: overflow encountered in exp
  + mu13 * np.exp(-gamma03(L0, psi03) * A0)
[Parallel(n_jobs=-1)]: Done 426 tasks      | elapsed:  6.5min
/Users/fuyuguo/PhD_thesis/Thesis_1_SNTTEM/Codes/three_time_binary/psi0_python/estimators.py:72: RuntimeWarning: overflow encountered in exp
  + mu13 * np.exp(-gamma03(L0, psi03) * A0)
/Users/fuyuguo/opt/anaconda3/lib/python3.9/site-packages/numpy/core/fromnumeric.py:86: RuntimeWarning: invalid value encountered in reduce
  return ufunc.reduce(obj, axis, dtype, out, **passkwargs)
/Users/fuyuguo/PhD_thesis/Thesis_1_SNTTEM/Codes/three_time_binary/psi0_python/estimators.py:72: RuntimeWarning: overflow encountered in exp
  + mu13 * np.exp(-gamma03(L0, psi03) * A0)
/Users/fuyuguo/opt/anaconda3/lib/python3.9/site-packages/numpy/core/fromnumeric.py:86: RuntimeWarning: invalid value encountered in reduce
  return ufunc.reduce(obj, axis, dtype, out, **passkwargs)
/Users/fuyuguo/PhD_thesis/Thesis_1_SNTTEM/Codes/three_time_binary/psi0_python/estimators.py:72: RuntimeWarning: overflow encountered in exp
  + mu13 * np.exp(-gamma03(L0, psi03) * A0)
/Users/fuyuguo/opt/anaconda3/lib/python3.9/site-packages/numpy/core/fromnumeric.py:86: RuntimeWarning: invalid value encountered in reduce
  return ufunc.reduce(obj, axis, dtype, out, **passkwargs)
/Users/fuyuguo/PhD_thesis/Thesis_1_SNTTEM/Codes/three_time_binary/psi0_python/estimators.py:72: RuntimeWarning: overflow encountered in exp
  + mu13 * np.exp(-gamma03(L0, psi03) * A0)
/Users/fuyuguo/opt/anaconda3/lib/python3.9/site-packages/numpy/core/fromnumeric.py:86: RuntimeWarning: invalid value encountered in reduce
  return ufunc.reduce(obj, axis, dtype, out, **passkwargs)
/Users/fuyuguo/PhD_thesis/Thesis_1_SNTTEM/Codes/three_time_binary/psi0_python/estimators.py:72: RuntimeWarning: overflow encountered in exp
  + mu13 * np.exp(-gamma03(L0, psi03) * A0)
/Users/fuyuguo/opt/anaconda3/lib/python3.9/site-packages/numpy/core/fromnumeric.py:86: RuntimeWarning: invalid value encountered in reduce
  return ufunc.reduce(obj, axis, dtype, out, **passkwargs)
/Users/fuyuguo/PhD_thesis/Thesis_1_SNTTEM/Codes/three_time_binary/psi0_python/estimators.py:72: RuntimeWarning: overflow encountered in exp
  + mu13 * np.exp(-gamma03(L0, psi03) * A0)
/Users/fuyuguo/opt/anaconda3/lib/python3.9/site-packages/numpy/core/fromnumeric.py:86: RuntimeWarning: invalid value encountered in reduce
  return ufunc.reduce(obj, axis, dtype, out, **passkwargs)
/Users/fuyuguo/PhD_thesis/Thesis_1_SNTTEM/Codes/three_time_binary/psi0_python/estimators.py:72: RuntimeWarning: overflow encountered in exp
  + mu13 * np.exp(-gamma03(L0, psi03) * A0)
/Users/fuyuguo/opt/anaconda3/lib/python3.9/site-packages/numpy/core/fromnumeric.py:86: RuntimeWarning: invalid value encountered in reduce
  return ufunc.reduce(obj, axis, dtype, out, **passkwargs)
/Users/fuyuguo/PhD_thesis/Thesis_1_SNTTEM/Codes/three_time_binary/psi0_python/estimators.py:72: RuntimeWarning: overflow encountered in exp
  + mu13 * np.exp(-gamma03(L0, psi03) * A0)
/Users/fuyuguo/opt/anaconda3/lib/python3.9/site-packages/numpy/core/fromnumeric.py:86: RuntimeWarning: invalid value encountered in reduce
  return ufunc.reduce(obj, axis, dtype, out, **passkwargs)
/Users/fuyuguo/PhD_thesis/Thesis_1_SNTTEM/Codes/three_time_binary/psi0_python/estimators.py:72: RuntimeWarning: overflow encountered in exp
  + mu13 * np.exp(-gamma03(L0, psi03) * A0)
/Users/fuyuguo/opt/anaconda3/lib/python3.9/site-packages/numpy/core/fromnumeric.py:86: RuntimeWarning: invalid value encountered in reduce
  return ufunc.reduce(obj, axis, dtype, out, **passkwargs)
/Users/fuyuguo/PhD_thesis/Thesis_1_SNTTEM/Codes/three_time_binary/psi0_python/estimators.py:72: RuntimeWarning: overflow encountered in exp
  + mu13 * np.exp(-gamma03(L0, psi03) * A0)
/Users/fuyuguo/opt/anaconda3/lib/python3.9/site-packages/numpy/core/fromnumeric.py:86: RuntimeWarning: invalid value encountered in reduce
  return ufunc.reduce(obj, axis, dtype, out, **passkwargs)
/Users/fuyuguo/PhD_thesis/Thesis_1_SNTTEM/Codes/three_time_binary/psi0_python/estimators.py:72: RuntimeWarning: overflow encountered in exp
  + mu13 * np.exp(-gamma03(L0, psi03) * A0)
/Users/fuyuguo/opt/anaconda3/lib/python3.9/site-packages/numpy/core/fromnumeric.py:86: RuntimeWarning: invalid value encountered in reduce
  return ufunc.reduce(obj, axis, dtype, out, **passkwargs)
/Users/fuyuguo/PhD_thesis/Thesis_1_SNTTEM/Codes/three_time_binary/psi0_python/estimators.py:72: RuntimeWarning: overflow encountered in exp
  + mu13 * np.exp(-gamma03(L0, psi03) * A0)
/Users/fuyuguo/opt/anaconda3/lib/python3.9/site-packages/numpy/core/fromnumeric.py:86: RuntimeWarning: invalid value encountered in reduce
  return ufunc.reduce(obj, axis, dtype, out, **passkwargs)
/Users/fuyuguo/PhD_thesis/Thesis_1_SNTTEM/Codes/three_time_binary/psi0_python/estimators.py:72: RuntimeWarning: overflow encountered in exp
  + mu13 * np.exp(-gamma03(L0, psi03) * A0)
/Users/fuyuguo/opt/anaconda3/lib/python3.9/site-packages/numpy/core/fromnumeric.py:86: RuntimeWarning: invalid value encountered in reduce
  return ufunc.reduce(obj, axis, dtype, out, **passkwargs)
/Users/fuyuguo/PhD_thesis/Thesis_1_SNTTEM/Codes/three_time_binary/psi0_python/estimators.py:72: RuntimeWarning: overflow encountered in exp
  + mu13 * np.exp(-gamma03(L0, psi03) * A0)
/Users/fuyuguo/opt/anaconda3/lib/python3.9/site-packages/numpy/core/fromnumeric.py:86: RuntimeWarning: invalid value encountered in reduce
  return ufunc.reduce(obj, axis, dtype, out, **passkwargs)
/Users/fuyuguo/PhD_thesis/Thesis_1_SNTTEM/Codes/three_time_binary/psi0_python/estimators.py:72: RuntimeWarning: overflow encountered in exp
  + mu13 * np.exp(-gamma03(L0, psi03) * A0)
/Users/fuyuguo/opt/anaconda3/lib/python3.9/site-packages/numpy/core/fromnumeric.py:86: RuntimeWarning: invalid value encountered in reduce
  return ufunc.reduce(obj, axis, dtype, out, **passkwargs)
/Users/fuyuguo/PhD_thesis/Thesis_1_SNTTEM/Codes/three_time_binary/psi0_python/estimators.py:72: RuntimeWarning: overflow encountered in exp
  + mu13 * np.exp(-gamma03(L0, psi03) * A0)
/Users/fuyuguo/opt/anaconda3/lib/python3.9/site-packages/numpy/core/fromnumeric.py:86: RuntimeWarning: invalid value encountered in reduce
  return ufunc.reduce(obj, axis, dtype, out, **passkwargs)
/Users/fuyuguo/PhD_thesis/Thesis_1_SNTTEM/Codes/three_time_binary/psi0_python/estimators.py:39: RuntimeWarning: overflow encountered in exp
  + mu13 * np.exp(-gamma03(L0, psi03) * A0)
/Users/fuyuguo/PhD_thesis/Thesis_1_SNTTEM/Codes/three_time_binary/psi0_python/estimators.py:39: RuntimeWarning: overflow encountered in exp
  + mu13 * np.exp(-gamma03(L0, psi03) * A0)
/Users/fuyuguo/PhD_thesis/Thesis_1_SNTTEM/Codes/three_time_binary/psi0_python/estimators.py:72: RuntimeWarning: overflow encountered in exp
  + mu13 * np.exp(-gamma03(L0, psi03) * A0)
/Users/fuyuguo/opt/anaconda3/lib/python3.9/site-packages/numpy/core/fromnumeric.py:86: RuntimeWarning: invalid value encountered in reduce
  return ufunc.reduce(obj, axis, dtype, out, **passkwargs)
/Users/fuyuguo/PhD_thesis/Thesis_1_SNTTEM/Codes/three_time_binary/psi0_python/estimators.py:39: RuntimeWarning: overflow encountered in exp
  + mu13 * np.exp(-gamma03(L0, psi03) * A0)
/Users/fuyuguo/opt/anaconda3/lib/python3.9/site-packages/numpy/core/fromnumeric.py:86: RuntimeWarning: invalid value encountered in reduce
  return ufunc.reduce(obj, axis, dtype, out, **passkwargs)
/Users/fuyuguo/PhD_thesis/Thesis_1_SNTTEM/Codes/three_time_binary/psi0_python/estimators.py:72: RuntimeWarning: overflow encountered in exp
  + mu13 * np.exp(-gamma03(L0, psi03) * A0)
/Users/fuyuguo/opt/anaconda3/lib/python3.9/site-packages/numpy/core/fromnumeric.py:86: RuntimeWarning: invalid value encountered in reduce
  return ufunc.reduce(obj, axis, dtype, out, **passkwargs)
/Users/fuyuguo/PhD_thesis/Thesis_1_SNTTEM/Codes/three_time_binary/psi0_python/estimators.py:72: RuntimeWarning: overflow encountered in exp
  + mu13 * np.exp(-gamma03(L0, psi03) * A0)
/Users/fuyuguo/PhD_thesis/Thesis_1_SNTTEM/Codes/three_time_binary/psi0_python/estimators.py:72: RuntimeWarning: overflow encountered in multiply
  + mu13 * np.exp(-gamma03(L0, psi03) * A0)
/Users/fuyuguo/PhD_thesis/Thesis_1_SNTTEM/Codes/three_time_binary/psi0_python/estimators.py:72: RuntimeWarning: overflow encountered in exp
  + mu13 * np.exp(-gamma03(L0, psi03) * A0)
/Users/fuyuguo/opt/anaconda3/lib/python3.9/site-packages/numpy/core/fromnumeric.py:86: RuntimeWarning: invalid value encountered in reduce
  return ufunc.reduce(obj, axis, dtype, out, **passkwargs)
/Users/fuyuguo/PhD_thesis/Thesis_1_SNTTEM/Codes/three_time_binary/psi0_python/estimators.py:39: RuntimeWarning: overflow encountered in exp
  + mu13 * np.exp(-gamma03(L0, psi03) * A0)
/Users/fuyuguo/opt/anaconda3/lib/python3.9/site-packages/numpy/core/fromnumeric.py:86: RuntimeWarning: invalid value encountered in reduce
  return ufunc.reduce(obj, axis, dtype, out, **passkwargs)
/Users/fuyuguo/PhD_thesis/Thesis_1_SNTTEM/Codes/three_time_binary/psi0_python/estimators.py:72: RuntimeWarning: overflow encountered in exp
  + mu13 * np.exp(-gamma03(L0, psi03) * A0)
/Users/fuyuguo/opt/anaconda3/lib/python3.9/site-packages/numpy/core/fromnumeric.py:86: RuntimeWarning: invalid value encountered in reduce
  return ufunc.reduce(obj, axis, dtype, out, **passkwargs)
/Users/fuyuguo/PhD_thesis/Thesis_1_SNTTEM/Codes/three_time_binary/psi0_python/estimators.py:72: RuntimeWarning: overflow encountered in exp
  + mu13 * np.exp(-gamma03(L0, psi03) * A0)
/Users/fuyuguo/opt/anaconda3/lib/python3.9/site-packages/numpy/core/fromnumeric.py:86: RuntimeWarning: invalid value encountered in reduce
  return ufunc.reduce(obj, axis, dtype, out, **passkwargs)
/Users/fuyuguo/PhD_thesis/Thesis_1_SNTTEM/Codes/three_time_binary/psi0_python/estimators.py:72: RuntimeWarning: overflow encountered in exp
  + mu13 * np.exp(-gamma03(L0, psi03) * A0)
/Users/fuyuguo/opt/anaconda3/lib/python3.9/site-packages/numpy/core/fromnumeric.py:86: RuntimeWarning: invalid value encountered in reduce
  return ufunc.reduce(obj, axis, dtype, out, **passkwargs)
/Users/fuyuguo/PhD_thesis/Thesis_1_SNTTEM/Codes/three_time_binary/psi0_python/estimators.py:72: RuntimeWarning: overflow encountered in exp
  + mu13 * np.exp(-gamma03(L0, psi03) * A0)
/Users/fuyuguo/opt/anaconda3/lib/python3.9/site-packages/numpy/core/fromnumeric.py:86: RuntimeWarning: invalid value encountered in reduce
  return ufunc.reduce(obj, axis, dtype, out, **passkwargs)
/Users/fuyuguo/PhD_thesis/Thesis_1_SNTTEM/Codes/three_time_binary/psi0_python/estimators.py:72: RuntimeWarning: overflow encountered in exp
  + mu13 * np.exp(-gamma03(L0, psi03) * A0)
/Users/fuyuguo/opt/anaconda3/lib/python3.9/site-packages/numpy/core/fromnumeric.py:86: RuntimeWarning: invalid value encountered in reduce
  return ufunc.reduce(obj, axis, dtype, out, **passkwargs)
/Users/fuyuguo/PhD_thesis/Thesis_1_SNTTEM/Codes/three_time_binary/psi0_python/estimators.py:72: RuntimeWarning: overflow encountered in exp
  + mu13 * np.exp(-gamma03(L0, psi03) * A0)
/Users/fuyuguo/opt/anaconda3/lib/python3.9/site-packages/numpy/core/fromnumeric.py:86: RuntimeWarning: invalid value encountered in reduce
  return ufunc.reduce(obj, axis, dtype, out, **passkwargs)
/Users/fuyuguo/PhD_thesis/Thesis_1_SNTTEM/Codes/three_time_binary/psi0_python/estimators.py:72: RuntimeWarning: overflow encountered in exp
  + mu13 * np.exp(-gamma03(L0, psi03) * A0)
/Users/fuyuguo/opt/anaconda3/lib/python3.9/site-packages/numpy/core/fromnumeric.py:86: RuntimeWarning: invalid value encountered in reduce
  return ufunc.reduce(obj, axis, dtype, out, **passkwargs)
/Users/fuyuguo/PhD_thesis/Thesis_1_SNTTEM/Codes/three_time_binary/psi0_python/estimators.py:72: RuntimeWarning: overflow encountered in multiply
  + mu13 * np.exp(-gamma03(L0, psi03) * A0)
[Parallel(n_jobs=-1)]: Done 500 out of 500 | elapsed:  7.5min finished
[Parallel(n_jobs=-1)]: Using backend LokyBackend with 12 concurrent workers.
/Users/fuyuguo/PhD_thesis/Thesis_1_SNTTEM/Codes/three_time_binary/psi0_python/estimators.py:39: RuntimeWarning: overflow encountered in exp
  + mu13 * np.exp(-gamma03(L0, psi03) * A0)
/Users/fuyuguo/opt/anaconda3/lib/python3.9/site-packages/numpy/core/fromnumeric.py:86: RuntimeWarning: invalid value encountered in reduce
  return ufunc.reduce(obj, axis, dtype, out, **passkwargs)
/Users/fuyuguo/PhD_thesis/Thesis_1_SNTTEM/Codes/three_time_binary/psi0_python/estimators.py:72: RuntimeWarning: overflow encountered in exp
  + mu13 * np.exp(-gamma03(L0, psi03) * A0)
/Users/fuyuguo/opt/anaconda3/lib/python3.9/site-packages/numpy/core/fromnumeric.py:86: RuntimeWarning: invalid value encountered in reduce
  return ufunc.reduce(obj, axis, dtype, out, **passkwargs)
/Users/fuyuguo/PhD_thesis/Thesis_1_SNTTEM/Codes/three_time_binary/psi0_python/estimators.py:39: RuntimeWarning: overflow encountered in exp
  + mu13 * np.exp(-gamma03(L0, psi03) * A0)
/Users/fuyuguo/opt/anaconda3/lib/python3.9/site-packages/numpy/core/fromnumeric.py:86: RuntimeWarning: invalid value encountered in reduce
  return ufunc.reduce(obj, axis, dtype, out, **passkwargs)
/Users/fuyuguo/PhD_thesis/Thesis_1_SNTTEM/Codes/three_time_binary/psi0_python/estimators.py:72: RuntimeWarning: overflow encountered in exp
  + mu13 * np.exp(-gamma03(L0, psi03) * A0)
/Users/fuyuguo/opt/anaconda3/lib/python3.9/site-packages/numpy/core/fromnumeric.py:86: RuntimeWarning: invalid value encountered in reduce
  return ufunc.reduce(obj, axis, dtype, out, **passkwargs)
[Parallel(n_jobs=-1)]: Done  48 tasks      | elapsed:   44.8s
/Users/fuyuguo/PhD_thesis/Thesis_1_SNTTEM/Codes/three_time_binary/psi0_python/estimators.py:72: RuntimeWarning: overflow encountered in exp
  + mu13 * np.exp(-gamma03(L0, psi03) * A0)
/Users/fuyuguo/opt/anaconda3/lib/python3.9/site-packages/numpy/core/fromnumeric.py:86: RuntimeWarning: invalid value encountered in reduce
  return ufunc.reduce(obj, axis, dtype, out, **passkwargs)
/Users/fuyuguo/PhD_thesis/Thesis_1_SNTTEM/Codes/three_time_binary/psi0_python/estimators.py:39: RuntimeWarning: overflow encountered in exp
  + mu13 * np.exp(-gamma03(L0, psi03) * A0)
/Users/fuyuguo/opt/anaconda3/lib/python3.9/site-packages/numpy/core/fromnumeric.py:86: RuntimeWarning: invalid value encountered in reduce
  return ufunc.reduce(obj, axis, dtype, out, **passkwargs)
/Users/fuyuguo/PhD_thesis/Thesis_1_SNTTEM/Codes/three_time_binary/psi0_python/estimators.py:39: RuntimeWarning: overflow encountered in exp
  + mu13 * np.exp(-gamma03(L0, psi03) * A0)
/Users/fuyuguo/opt/anaconda3/lib/python3.9/site-packages/numpy/core/fromnumeric.py:86: RuntimeWarning: invalid value encountered in reduce
  return ufunc.reduce(obj, axis, dtype, out, **passkwargs)
/Users/fuyuguo/PhD_thesis/Thesis_1_SNTTEM/Codes/three_time_binary/psi0_python/estimators.py:72: RuntimeWarning: overflow encountered in exp
  + mu13 * np.exp(-gamma03(L0, psi03) * A0)
/Users/fuyuguo/opt/anaconda3/lib/python3.9/site-packages/numpy/core/fromnumeric.py:86: RuntimeWarning: invalid value encountered in reduce
  return ufunc.reduce(obj, axis, dtype, out, **passkwargs)
[Parallel(n_jobs=-1)]: Done 138 tasks      | elapsed:  2.2min
/Users/fuyuguo/PhD_thesis/Thesis_1_SNTTEM/Codes/three_time_binary/psi0_python/estimators.py:72: RuntimeWarning: overflow encountered in exp
  + mu13 * np.exp(-gamma03(L0, psi03) * A0)
/Users/fuyuguo/opt/anaconda3/lib/python3.9/site-packages/numpy/core/fromnumeric.py:86: RuntimeWarning: invalid value encountered in reduce
  return ufunc.reduce(obj, axis, dtype, out, **passkwargs)
[Parallel(n_jobs=-1)]: Done 264 tasks      | elapsed:  4.1min
/Users/fuyuguo/PhD_thesis/Thesis_1_SNTTEM/Codes/three_time_binary/psi0_python/estimators.py:72: RuntimeWarning: overflow encountered in exp
  + mu13 * np.exp(-gamma03(L0, psi03) * A0)
/Users/fuyuguo/opt/anaconda3/lib/python3.9/site-packages/numpy/core/fromnumeric.py:86: RuntimeWarning: invalid value encountered in reduce
  return ufunc.reduce(obj, axis, dtype, out, **passkwargs)
/Users/fuyuguo/PhD_thesis/Thesis_1_SNTTEM/Codes/three_time_binary/psi0_python/estimators.py:39: RuntimeWarning: overflow encountered in exp
  + mu13 * np.exp(-gamma03(L0, psi03) * A0)
/Users/fuyuguo/opt/anaconda3/lib/python3.9/site-packages/numpy/core/fromnumeric.py:86: RuntimeWarning: invalid value encountered in reduce
  return ufunc.reduce(obj, axis, dtype, out, **passkwargs)
/Users/fuyuguo/PhD_thesis/Thesis_1_SNTTEM/Codes/three_time_binary/psi0_python/estimators.py:72: RuntimeWarning: overflow encountered in exp
  + mu13 * np.exp(-gamma03(L0, psi03) * A0)
/Users/fuyuguo/PhD_thesis/Thesis_1_SNTTEM/Codes/three_time_binary/psi0_python/estimators.py:72: RuntimeWarning: overflow encountered in exp
  + mu13 * np.exp(-gamma03(L0, psi03) * A0)
/Users/fuyuguo/opt/anaconda3/lib/python3.9/site-packages/numpy/core/fromnumeric.py:86: RuntimeWarning: invalid value encountered in reduce
  return ufunc.reduce(obj, axis, dtype, out, **passkwargs)
/Users/fuyuguo/PhD_thesis/Thesis_1_SNTTEM/Codes/three_time_binary/psi0_python/estimators.py:72: RuntimeWarning: overflow encountered in exp
  + mu13 * np.exp(-gamma03(L0, psi03) * A0)
/Users/fuyuguo/opt/anaconda3/lib/python3.9/site-packages/numpy/core/fromnumeric.py:86: RuntimeWarning: invalid value encountered in reduce
  return ufunc.reduce(obj, axis, dtype, out, **passkwargs)
[Parallel(n_jobs=-1)]: Done 426 tasks      | elapsed:  6.5min
/Users/fuyuguo/PhD_thesis/Thesis_1_SNTTEM/Codes/three_time_binary/psi0_python/estimators.py:39: RuntimeWarning: overflow encountered in exp
  + mu13 * np.exp(-gamma03(L0, psi03) * A0)
/Users/fuyuguo/opt/anaconda3/lib/python3.9/site-packages/numpy/core/fromnumeric.py:86: RuntimeWarning: invalid value encountered in reduce
  return ufunc.reduce(obj, axis, dtype, out, **passkwargs)
[Parallel(n_jobs=-1)]: Done 500 out of 500 | elapsed:  7.6min finished
[Parallel(n_jobs=-1)]: Using backend LokyBackend with 12 concurrent workers.
[Parallel(n_jobs=-1)]: Done  48 tasks      | elapsed:   49.5s
/Users/fuyuguo/PhD_thesis/Thesis_1_SNTTEM/Codes/three_time_binary/psi0_python/estimators.py:51: RuntimeWarning: overflow encountered in exp
  I2 * (A2 - ps2) * (Y * np.exp(-gamma23(L2, psi23) * (A2 - A1)) - mu23)
/Users/fuyuguo/PhD_thesis/Thesis_1_SNTTEM/Codes/three_time_binary/psi0_python/estimators.py:51: RuntimeWarning: invalid value encountered in multiply
  I2 * (A2 - ps2) * (Y * np.exp(-gamma23(L2, psi23) * (A2 - A1)) - mu23)
[Parallel(n_jobs=-1)]: Done 138 tasks      | elapsed:  2.3min
[Parallel(n_jobs=-1)]: Done 264 tasks      | elapsed:  4.4min
/Users/fuyuguo/PhD_thesis/Thesis_1_SNTTEM/Codes/three_time_binary/psi0_python/estimators.py:51: RuntimeWarning: overflow encountered in exp
  I2 * (A2 - ps2) * (Y * np.exp(-gamma23(L2, psi23) * (A2 - A1)) - mu23)
/Users/fuyuguo/PhD_thesis/Thesis_1_SNTTEM/Codes/three_time_binary/psi0_python/estimators.py:51: RuntimeWarning: invalid value encountered in multiply
  I2 * (A2 - ps2) * (Y * np.exp(-gamma23(L2, psi23) * (A2 - A1)) - mu23)
/Users/fuyuguo/opt/anaconda3/lib/python3.9/site-packages/numpy/core/fromnumeric.py:86: RuntimeWarning: invalid value encountered in reduce
  return ufunc.reduce(obj, axis, dtype, out, **passkwargs)
/Users/fuyuguo/PhD_thesis/Thesis_1_SNTTEM/Codes/three_time_binary/psi0_python/estimators.py:51: RuntimeWarning: overflow encountered in exp
  I2 * (A2 - ps2) * (Y * np.exp(-gamma23(L2, psi23) * (A2 - A1)) - mu23)
/Users/fuyuguo/PhD_thesis/Thesis_1_SNTTEM/Codes/three_time_binary/psi0_python/estimators.py:51: RuntimeWarning: invalid value encountered in multiply
  I2 * (A2 - ps2) * (Y * np.exp(-gamma23(L2, psi23) * (A2 - A1)) - mu23)
/Users/fuyuguo/opt/anaconda3/lib/python3.9/site-packages/numpy/core/fromnumeric.py:86: RuntimeWarning: invalid value encountered in reduce
  return ufunc.reduce(obj, axis, dtype, out, **passkwargs)
/Users/fuyuguo/PhD_thesis/Thesis_1_SNTTEM/Codes/three_time_binary/psi0_python/estimators.py:72: RuntimeWarning: overflow encountered in exp
  + mu13 * np.exp(-gamma03(L0, psi03) * A0)
/Users/fuyuguo/opt/anaconda3/lib/python3.9/site-packages/numpy/core/fromnumeric.py:86: RuntimeWarning: invalid value encountered in reduce
  return ufunc.reduce(obj, axis, dtype, out, **passkwargs)
[Parallel(n_jobs=-1)]: Done 426 tasks      | elapsed:  6.9min
[Parallel(n_jobs=-1)]: Done 500 out of 500 | elapsed:  8.1min finished
[Parallel(n_jobs=-1)]: Using backend LokyBackend with 12 concurrent workers.
/Users/fuyuguo/PhD_thesis/Thesis_1_SNTTEM/Codes/three_time_binary/psi0_python/estimators.py:72: RuntimeWarning: overflow encountered in exp
  + mu13 * np.exp(-gamma03(L0, psi03) * A0)
/Users/fuyuguo/opt/anaconda3/lib/python3.9/site-packages/numpy/core/fromnumeric.py:86: RuntimeWarning: invalid value encountered in reduce
  return ufunc.reduce(obj, axis, dtype, out, **passkwargs)
/Users/fuyuguo/PhD_thesis/Thesis_1_SNTTEM/Codes/three_time_binary/psi0_python/estimators.py:72: RuntimeWarning: overflow encountered in exp
  + mu13 * np.exp(-gamma03(L0, psi03) * A0)
/Users/fuyuguo/opt/anaconda3/lib/python3.9/site-packages/numpy/core/fromnumeric.py:86: RuntimeWarning: invalid value encountered in reduce
  return ufunc.reduce(obj, axis, dtype, out, **passkwargs)
[Parallel(n_jobs=-1)]: Done  48 tasks      | elapsed:   44.7s
/Users/fuyuguo/PhD_thesis/Thesis_1_SNTTEM/Codes/three_time_binary/psi0_python/estimators.py:72: RuntimeWarning: overflow encountered in exp
  + mu13 * np.exp(-gamma03(L0, psi03) * A0)
/Users/fuyuguo/opt/anaconda3/lib/python3.9/site-packages/numpy/core/fromnumeric.py:86: RuntimeWarning: invalid value encountered in reduce
  return ufunc.reduce(obj, axis, dtype, out, **passkwargs)
/Users/fuyuguo/PhD_thesis/Thesis_1_SNTTEM/Codes/three_time_binary/psi0_python/estimators.py:72: RuntimeWarning: overflow encountered in exp
  + mu13 * np.exp(-gamma03(L0, psi03) * A0)
/Users/fuyuguo/opt/anaconda3/lib/python3.9/site-packages/numpy/core/fromnumeric.py:86: RuntimeWarning: invalid value encountered in reduce
  return ufunc.reduce(obj, axis, dtype, out, **passkwargs)
[Parallel(n_jobs=-1)]: Done 138 tasks      | elapsed:  2.2min
/Users/fuyuguo/PhD_thesis/Thesis_1_SNTTEM/Codes/three_time_binary/psi0_python/estimators.py:72: RuntimeWarning: overflow encountered in exp
  + mu13 * np.exp(-gamma03(L0, psi03) * A0)
/Users/fuyuguo/opt/anaconda3/lib/python3.9/site-packages/numpy/core/fromnumeric.py:86: RuntimeWarning: invalid value encountered in reduce
  return ufunc.reduce(obj, axis, dtype, out, **passkwargs)
/Users/fuyuguo/PhD_thesis/Thesis_1_SNTTEM/Codes/three_time_binary/psi0_python/estimators.py:72: RuntimeWarning: overflow encountered in exp
  + mu13 * np.exp(-gamma03(L0, psi03) * A0)
/Users/fuyuguo/opt/anaconda3/lib/python3.9/site-packages/numpy/core/fromnumeric.py:86: RuntimeWarning: invalid value encountered in reduce
  return ufunc.reduce(obj, axis, dtype, out, **passkwargs)
[Parallel(n_jobs=-1)]: Done 264 tasks      | elapsed:  4.0min
/Users/fuyuguo/PhD_thesis/Thesis_1_SNTTEM/Codes/three_time_binary/psi0_python/estimators.py:72: RuntimeWarning: overflow encountered in exp
  + mu13 * np.exp(-gamma03(L0, psi03) * A0)
/Users/fuyuguo/opt/anaconda3/lib/python3.9/site-packages/numpy/core/fromnumeric.py:86: RuntimeWarning: invalid value encountered in reduce
  return ufunc.reduce(obj, axis, dtype, out, **passkwargs)
/Users/fuyuguo/PhD_thesis/Thesis_1_SNTTEM/Codes/three_time_binary/psi0_python/estimators.py:72: RuntimeWarning: overflow encountered in exp
  + mu13 * np.exp(-gamma03(L0, psi03) * A0)
/Users/fuyuguo/opt/anaconda3/lib/python3.9/site-packages/numpy/core/fromnumeric.py:86: RuntimeWarning: invalid value encountered in reduce
  return ufunc.reduce(obj, axis, dtype, out, **passkwargs)
[Parallel(n_jobs=-1)]: Done 426 tasks      | elapsed:  6.6min
[Parallel(n_jobs=-1)]: Done 500 out of 500 | elapsed:  7.6min finished
[Parallel(n_jobs=-1)]: Using backend LokyBackend with 12 concurrent workers.
[Parallel(n_jobs=-1)]: Done  48 tasks      | elapsed:   46.5s
[Parallel(n_jobs=-1)]: Done 138 tasks      | elapsed:  2.3min
[Parallel(n_jobs=-1)]: Done 264 tasks      | elapsed:  4.2min
[Parallel(n_jobs=-1)]: Done 426 tasks      | elapsed:  6.9min
[Parallel(n_jobs=-1)]: Done 500 out of 500 | elapsed:  8.0min finished
[Parallel(n_jobs=-1)]: Using backend LokyBackend with 12 concurrent workers.
[Parallel(n_jobs=-1)]: Done  48 tasks      | elapsed:   49.1s
/Users/fuyuguo/PhD_thesis/Thesis_1_SNTTEM/Codes/three_time_binary/psi0_python/estimators.py:51: RuntimeWarning: overflow encountered in exp
  I2 * (A2 - ps2) * (Y * np.exp(-gamma23(L2, psi23) * (A2 - A1)) - mu23)
/Users/fuyuguo/PhD_thesis/Thesis_1_SNTTEM/Codes/three_time_binary/psi0_python/estimators.py:51: RuntimeWarning: invalid value encountered in multiply
  I2 * (A2 - ps2) * (Y * np.exp(-gamma23(L2, psi23) * (A2 - A1)) - mu23)
/Users/fuyuguo/PhD_thesis/Thesis_1_SNTTEM/Codes/three_time_binary/psi0_python/estimators.py:51: RuntimeWarning: overflow encountered in exp
  I2 * (A2 - ps2) * (Y * np.exp(-gamma23(L2, psi23) * (A2 - A1)) - mu23)
/Users/fuyuguo/PhD_thesis/Thesis_1_SNTTEM/Codes/three_time_binary/psi0_python/estimators.py:51: RuntimeWarning: invalid value encountered in multiply
  I2 * (A2 - ps2) * (Y * np.exp(-gamma23(L2, psi23) * (A2 - A1)) - mu23)
[Parallel(n_jobs=-1)]: Done 138 tasks      | elapsed:  2.4min
[Parallel(n_jobs=-1)]: Done 264 tasks      | elapsed:  4.5min
/Users/fuyuguo/PhD_thesis/Thesis_1_SNTTEM/Codes/three_time_binary/psi0_python/estimators.py:51: RuntimeWarning: overflow encountered in exp
  I2 * (A2 - ps2) * (Y * np.exp(-gamma23(L2, psi23) * (A2 - A1)) - mu23)
/Users/fuyuguo/PhD_thesis/Thesis_1_SNTTEM/Codes/three_time_binary/psi0_python/estimators.py:51: RuntimeWarning: invalid value encountered in multiply
  I2 * (A2 - ps2) * (Y * np.exp(-gamma23(L2, psi23) * (A2 - A1)) - mu23)
/Users/fuyuguo/PhD_thesis/Thesis_1_SNTTEM/Codes/three_time_binary/psi0_python/estimators.py:51: RuntimeWarning: overflow encountered in exp
  I2 * (A2 - ps2) * (Y * np.exp(-gamma23(L2, psi23) * (A2 - A1)) - mu23)
/Users/fuyuguo/PhD_thesis/Thesis_1_SNTTEM/Codes/three_time_binary/psi0_python/estimators.py:51: RuntimeWarning: invalid value encountered in multiply
  I2 * (A2 - ps2) * (Y * np.exp(-gamma23(L2, psi23) * (A2 - A1)) - mu23)
[Parallel(n_jobs=-1)]: Done 426 tasks      | elapsed:  7.2min
/Users/fuyuguo/PhD_thesis/Thesis_1_SNTTEM/Codes/three_time_binary/psi0_python/estimators.py:51: RuntimeWarning: overflow encountered in exp
  I2 * (A2 - ps2) * (Y * np.exp(-gamma23(L2, psi23) * (A2 - A1)) - mu23)
/Users/fuyuguo/PhD_thesis/Thesis_1_SNTTEM/Codes/three_time_binary/psi0_python/estimators.py:51: RuntimeWarning: invalid value encountered in multiply
  I2 * (A2 - ps2) * (Y * np.exp(-gamma23(L2, psi23) * (A2 - A1)) - mu23)
[Parallel(n_jobs=-1)]: Done 500 out of 500 | elapsed:  8.3min finished
[Parallel(n_jobs=-1)]: Using backend LokyBackend with 12 concurrent workers.
[Parallel(n_jobs=-1)]: Done  48 tasks      | elapsed:   46.5s
[Parallel(n_jobs=-1)]: Done 138 tasks      | elapsed:  2.3min
[Parallel(n_jobs=-1)]: Done 264 tasks      | elapsed:  4.3min
[Parallel(n_jobs=-1)]: Done 426 tasks      | elapsed:  6.8min
/Users/fuyuguo/PhD_thesis/Thesis_1_SNTTEM/Codes/three_time_binary/psi0_python/estimators.py:72: RuntimeWarning: overflow encountered in exp
  + mu13 * np.exp(-gamma03(L0, psi03) * A0)
/Users/fuyuguo/opt/anaconda3/lib/python3.9/site-packages/numpy/core/fromnumeric.py:86: RuntimeWarning: invalid value encountered in reduce
  return ufunc.reduce(obj, axis, dtype, out, **passkwargs)
[Parallel(n_jobs=-1)]: Done 500 out of 500 | elapsed:  8.0min finished
[Parallel(n_jobs=-1)]: Using backend LokyBackend with 12 concurrent workers.
[Parallel(n_jobs=-1)]: Done  48 tasks      | elapsed:   48.3s
[Parallel(n_jobs=-1)]: Done 138 tasks      | elapsed:  2.4min
[Parallel(n_jobs=-1)]: Done 264 tasks      | elapsed:  4.5min
[Parallel(n_jobs=-1)]: Done 426 tasks      | elapsed:  7.2min
[Parallel(n_jobs=-1)]: Done 500 out of 500 | elapsed:  8.3min finished
[Parallel(n_jobs=-1)]: Using backend LokyBackend with 12 concurrent workers.
[Parallel(n_jobs=-1)]: Done  48 tasks      | elapsed:   51.5s
[Parallel(n_jobs=-1)]: Done 138 tasks      | elapsed:  2.5min
/Users/fuyuguo/PhD_thesis/Thesis_1_SNTTEM/Codes/three_time_binary/psi0_python/estimators.py:51: RuntimeWarning: overflow encountered in exp
  I2 * (A2 - ps2) * (Y * np.exp(-gamma23(L2, psi23) * (A2 - A1)) - mu23)
/Users/fuyuguo/PhD_thesis/Thesis_1_SNTTEM/Codes/three_time_binary/psi0_python/estimators.py:51: RuntimeWarning: invalid value encountered in multiply
  I2 * (A2 - ps2) * (Y * np.exp(-gamma23(L2, psi23) * (A2 - A1)) - mu23)
[Parallel(n_jobs=-1)]: Done 264 tasks      | elapsed:  4.7min
/Users/fuyuguo/PhD_thesis/Thesis_1_SNTTEM/Codes/three_time_binary/psi0_python/estimators.py:51: RuntimeWarning: overflow encountered in exp
  I2 * (A2 - ps2) * (Y * np.exp(-gamma23(L2, psi23) * (A2 - A1)) - mu23)
/Users/fuyuguo/PhD_thesis/Thesis_1_SNTTEM/Codes/three_time_binary/psi0_python/estimators.py:51: RuntimeWarning: invalid value encountered in multiply
  I2 * (A2 - ps2) * (Y * np.exp(-gamma23(L2, psi23) * (A2 - A1)) - mu23)
[Parallel(n_jobs=-1)]: Done 426 tasks      | elapsed:  7.5min
[Parallel(n_jobs=-1)]: Done 500 out of 500 | elapsed:  8.7min finished
[Parallel(n_jobs=-1)]: Using backend LokyBackend with 12 concurrent workers.
/Users/fuyuguo/PhD_thesis/Thesis_1_SNTTEM/Codes/three_time_binary/psi0_python/estimators.py:72: RuntimeWarning: overflow encountered in exp
  + mu13 * np.exp(-gamma03(L0, psi03) * A0)
/Users/fuyuguo/opt/anaconda3/lib/python3.9/site-packages/numpy/core/fromnumeric.py:86: RuntimeWarning: invalid value encountered in reduce
  return ufunc.reduce(obj, axis, dtype, out, **passkwargs)
/Users/fuyuguo/PhD_thesis/Thesis_1_SNTTEM/Codes/three_time_binary/psi0_python/estimators.py:72: RuntimeWarning: overflow encountered in exp
  + mu13 * np.exp(-gamma03(L0, psi03) * A0)
/Users/fuyuguo/opt/anaconda3/lib/python3.9/site-packages/numpy/core/fromnumeric.py:86: RuntimeWarning: invalid value encountered in reduce
  return ufunc.reduce(obj, axis, dtype, out, **passkwargs)
/Users/fuyuguo/PhD_thesis/Thesis_1_SNTTEM/Codes/three_time_binary/psi0_python/estimators.py:72: RuntimeWarning: overflow encountered in exp
  + mu13 * np.exp(-gamma03(L0, psi03) * A0)
/Users/fuyuguo/opt/anaconda3/lib/python3.9/site-packages/numpy/core/fromnumeric.py:86: RuntimeWarning: invalid value encountered in reduce
  return ufunc.reduce(obj, axis, dtype, out, **passkwargs)
/Users/fuyuguo/PhD_thesis/Thesis_1_SNTTEM/Codes/three_time_binary/psi0_python/estimators.py:72: RuntimeWarning: overflow encountered in exp
  + mu13 * np.exp(-gamma03(L0, psi03) * A0)
/Users/fuyuguo/opt/anaconda3/lib/python3.9/site-packages/numpy/core/fromnumeric.py:86: RuntimeWarning: invalid value encountered in reduce
  return ufunc.reduce(obj, axis, dtype, out, **passkwargs)
/Users/fuyuguo/PhD_thesis/Thesis_1_SNTTEM/Codes/three_time_binary/psi0_python/estimators.py:72: RuntimeWarning: overflow encountered in exp
  + mu13 * np.exp(-gamma03(L0, psi03) * A0)
/Users/fuyuguo/opt/anaconda3/lib/python3.9/site-packages/numpy/core/fromnumeric.py:86: RuntimeWarning: invalid value encountered in reduce
  return ufunc.reduce(obj, axis, dtype, out, **passkwargs)
/Users/fuyuguo/PhD_thesis/Thesis_1_SNTTEM/Codes/three_time_binary/psi0_python/estimators.py:72: RuntimeWarning: overflow encountered in exp
  + mu13 * np.exp(-gamma03(L0, psi03) * A0)
/Users/fuyuguo/opt/anaconda3/lib/python3.9/site-packages/numpy/core/fromnumeric.py:86: RuntimeWarning: invalid value encountered in reduce
  return ufunc.reduce(obj, axis, dtype, out, **passkwargs)
/Users/fuyuguo/PhD_thesis/Thesis_1_SNTTEM/Codes/three_time_binary/psi0_python/estimators.py:39: RuntimeWarning: overflow encountered in exp
  + mu13 * np.exp(-gamma03(L0, psi03) * A0)
/Users/fuyuguo/opt/anaconda3/lib/python3.9/site-packages/numpy/core/fromnumeric.py:86: RuntimeWarning: invalid value encountered in reduce
  return ufunc.reduce(obj, axis, dtype, out, **passkwargs)
/Users/fuyuguo/PhD_thesis/Thesis_1_SNTTEM/Codes/three_time_binary/psi0_python/estimators.py:72: RuntimeWarning: overflow encountered in exp
  + mu13 * np.exp(-gamma03(L0, psi03) * A0)
/Users/fuyuguo/PhD_thesis/Thesis_1_SNTTEM/Codes/three_time_binary/psi0_python/estimators.py:39: RuntimeWarning: overflow encountered in exp
  + mu13 * np.exp(-gamma03(L0, psi03) * A0)
/Users/fuyuguo/opt/anaconda3/lib/python3.9/site-packages/numpy/core/fromnumeric.py:86: RuntimeWarning: invalid value encountered in reduce
  return ufunc.reduce(obj, axis, dtype, out, **passkwargs)
/Users/fuyuguo/PhD_thesis/Thesis_1_SNTTEM/Codes/three_time_binary/psi0_python/estimators.py:39: RuntimeWarning: overflow encountered in exp
  + mu13 * np.exp(-gamma03(L0, psi03) * A0)
/Users/fuyuguo/PhD_thesis/Thesis_1_SNTTEM/Codes/three_time_binary/psi0_python/estimators.py:72: RuntimeWarning: overflow encountered in exp
  + mu13 * np.exp(-gamma03(L0, psi03) * A0)
/Users/fuyuguo/opt/anaconda3/lib/python3.9/site-packages/numpy/core/fromnumeric.py:86: RuntimeWarning: invalid value encountered in reduce
  return ufunc.reduce(obj, axis, dtype, out, **passkwargs)
/Users/fuyuguo/PhD_thesis/Thesis_1_SNTTEM/Codes/three_time_binary/psi0_python/estimators.py:72: RuntimeWarning: overflow encountered in exp
  + mu13 * np.exp(-gamma03(L0, psi03) * A0)
/Users/fuyuguo/opt/anaconda3/lib/python3.9/site-packages/numpy/core/fromnumeric.py:86: RuntimeWarning: invalid value encountered in reduce
  return ufunc.reduce(obj, axis, dtype, out, **passkwargs)
/Users/fuyuguo/PhD_thesis/Thesis_1_SNTTEM/Codes/three_time_binary/psi0_python/estimators.py:72: RuntimeWarning: overflow encountered in exp
  + mu13 * np.exp(-gamma03(L0, psi03) * A0)
/Users/fuyuguo/opt/anaconda3/lib/python3.9/site-packages/numpy/core/fromnumeric.py:86: RuntimeWarning: invalid value encountered in reduce
  return ufunc.reduce(obj, axis, dtype, out, **passkwargs)
/Users/fuyuguo/PhD_thesis/Thesis_1_SNTTEM/Codes/three_time_binary/psi0_python/estimators.py:39: RuntimeWarning: overflow encountered in exp
  + mu13 * np.exp(-gamma03(L0, psi03) * A0)
/Users/fuyuguo/opt/anaconda3/lib/python3.9/site-packages/numpy/core/fromnumeric.py:86: RuntimeWarning: invalid value encountered in reduce
  return ufunc.reduce(obj, axis, dtype, out, **passkwargs)
/Users/fuyuguo/PhD_thesis/Thesis_1_SNTTEM/Codes/three_time_binary/psi0_python/estimators.py:72: RuntimeWarning: overflow encountered in exp
  + mu13 * np.exp(-gamma03(L0, psi03) * A0)
/Users/fuyuguo/opt/anaconda3/lib/python3.9/site-packages/numpy/core/fromnumeric.py:86: RuntimeWarning: invalid value encountered in reduce
  return ufunc.reduce(obj, axis, dtype, out, **passkwargs)
/Users/fuyuguo/PhD_thesis/Thesis_1_SNTTEM/Codes/three_time_binary/psi0_python/estimators.py:39: RuntimeWarning: overflow encountered in exp
  + mu13 * np.exp(-gamma03(L0, psi03) * A0)
/Users/fuyuguo/opt/anaconda3/lib/python3.9/site-packages/numpy/core/fromnumeric.py:86: RuntimeWarning: invalid value encountered in reduce
  return ufunc.reduce(obj, axis, dtype, out, **passkwargs)
/Users/fuyuguo/PhD_thesis/Thesis_1_SNTTEM/Codes/three_time_binary/psi0_python/estimators.py:39: RuntimeWarning: overflow encountered in exp
  + mu13 * np.exp(-gamma03(L0, psi03) * A0)
/Users/fuyuguo/opt/anaconda3/lib/python3.9/site-packages/numpy/core/fromnumeric.py:86: RuntimeWarning: invalid value encountered in reduce
  return ufunc.reduce(obj, axis, dtype, out, **passkwargs)
/Users/fuyuguo/PhD_thesis/Thesis_1_SNTTEM/Codes/three_time_binary/psi0_python/estimators.py:39: RuntimeWarning: overflow encountered in exp
  + mu13 * np.exp(-gamma03(L0, psi03) * A0)
/Users/fuyuguo/opt/anaconda3/lib/python3.9/site-packages/numpy/core/fromnumeric.py:86: RuntimeWarning: invalid value encountered in reduce
  return ufunc.reduce(obj, axis, dtype, out, **passkwargs)
/Users/fuyuguo/PhD_thesis/Thesis_1_SNTTEM/Codes/three_time_binary/psi0_python/estimators.py:39: RuntimeWarning: overflow encountered in exp
  + mu13 * np.exp(-gamma03(L0, psi03) * A0)
/Users/fuyuguo/PhD_thesis/Thesis_1_SNTTEM/Codes/three_time_binary/psi0_python/estimators.py:72: RuntimeWarning: overflow encountered in exp
  + mu13 * np.exp(-gamma03(L0, psi03) * A0)
/Users/fuyuguo/opt/anaconda3/lib/python3.9/site-packages/numpy/core/fromnumeric.py:86: RuntimeWarning: invalid value encountered in reduce
  return ufunc.reduce(obj, axis, dtype, out, **passkwargs)
/Users/fuyuguo/PhD_thesis/Thesis_1_SNTTEM/Codes/three_time_binary/psi0_python/estimators.py:72: RuntimeWarning: overflow encountered in exp
  + mu13 * np.exp(-gamma03(L0, psi03) * A0)
/Users/fuyuguo/opt/anaconda3/lib/python3.9/site-packages/numpy/core/fromnumeric.py:86: RuntimeWarning: invalid value encountered in reduce
  return ufunc.reduce(obj, axis, dtype, out, **passkwargs)
[Parallel(n_jobs=-1)]: Done  48 tasks      | elapsed:   44.4s
/Users/fuyuguo/PhD_thesis/Thesis_1_SNTTEM/Codes/three_time_binary/psi0_python/estimators.py:72: RuntimeWarning: overflow encountered in exp
  + mu13 * np.exp(-gamma03(L0, psi03) * A0)
/Users/fuyuguo/opt/anaconda3/lib/python3.9/site-packages/numpy/core/fromnumeric.py:86: RuntimeWarning: invalid value encountered in reduce
  return ufunc.reduce(obj, axis, dtype, out, **passkwargs)
/Users/fuyuguo/PhD_thesis/Thesis_1_SNTTEM/Codes/three_time_binary/psi0_python/estimators.py:72: RuntimeWarning: overflow encountered in exp
  + mu13 * np.exp(-gamma03(L0, psi03) * A0)
/Users/fuyuguo/opt/anaconda3/lib/python3.9/site-packages/numpy/core/fromnumeric.py:86: RuntimeWarning: invalid value encountered in reduce
  return ufunc.reduce(obj, axis, dtype, out, **passkwargs)
/Users/fuyuguo/PhD_thesis/Thesis_1_SNTTEM/Codes/three_time_binary/psi0_python/estimators.py:72: RuntimeWarning: overflow encountered in multiply
  + mu13 * np.exp(-gamma03(L0, psi03) * A0)
/Users/fuyuguo/PhD_thesis/Thesis_1_SNTTEM/Codes/three_time_binary/psi0_python/estimators.py:72: RuntimeWarning: overflow encountered in exp
  + mu13 * np.exp(-gamma03(L0, psi03) * A0)
/Users/fuyuguo/opt/anaconda3/lib/python3.9/site-packages/numpy/core/fromnumeric.py:86: RuntimeWarning: invalid value encountered in reduce
  return ufunc.reduce(obj, axis, dtype, out, **passkwargs)
/Users/fuyuguo/PhD_thesis/Thesis_1_SNTTEM/Codes/three_time_binary/psi0_python/estimators.py:72: RuntimeWarning: overflow encountered in multiply
  + mu13 * np.exp(-gamma03(L0, psi03) * A0)
/Users/fuyuguo/PhD_thesis/Thesis_1_SNTTEM/Codes/three_time_binary/psi0_python/estimators.py:39: RuntimeWarning: overflow encountered in exp
  + mu13 * np.exp(-gamma03(L0, psi03) * A0)
/Users/fuyuguo/opt/anaconda3/lib/python3.9/site-packages/numpy/core/fromnumeric.py:86: RuntimeWarning: invalid value encountered in reduce
  return ufunc.reduce(obj, axis, dtype, out, **passkwargs)
/Users/fuyuguo/PhD_thesis/Thesis_1_SNTTEM/Codes/three_time_binary/psi0_python/estimators.py:72: RuntimeWarning: overflow encountered in exp
  + mu13 * np.exp(-gamma03(L0, psi03) * A0)
/Users/fuyuguo/opt/anaconda3/lib/python3.9/site-packages/numpy/core/fromnumeric.py:86: RuntimeWarning: invalid value encountered in reduce
  return ufunc.reduce(obj, axis, dtype, out, **passkwargs)
/Users/fuyuguo/PhD_thesis/Thesis_1_SNTTEM/Codes/three_time_binary/psi0_python/estimators.py:72: RuntimeWarning: overflow encountered in exp
  + mu13 * np.exp(-gamma03(L0, psi03) * A0)
/Users/fuyuguo/opt/anaconda3/lib/python3.9/site-packages/numpy/core/fromnumeric.py:86: RuntimeWarning: invalid value encountered in reduce
  return ufunc.reduce(obj, axis, dtype, out, **passkwargs)
/Users/fuyuguo/PhD_thesis/Thesis_1_SNTTEM/Codes/three_time_binary/psi0_python/estimators.py:72: RuntimeWarning: overflow encountered in exp
  + mu13 * np.exp(-gamma03(L0, psi03) * A0)
/Users/fuyuguo/opt/anaconda3/lib/python3.9/site-packages/numpy/core/fromnumeric.py:86: RuntimeWarning: invalid value encountered in reduce
  return ufunc.reduce(obj, axis, dtype, out, **passkwargs)
/Users/fuyuguo/PhD_thesis/Thesis_1_SNTTEM/Codes/three_time_binary/psi0_python/estimators.py:72: RuntimeWarning: overflow encountered in multiply
  + mu13 * np.exp(-gamma03(L0, psi03) * A0)
/Users/fuyuguo/PhD_thesis/Thesis_1_SNTTEM/Codes/three_time_binary/psi0_python/estimators.py:72: RuntimeWarning: overflow encountered in exp
  + mu13 * np.exp(-gamma03(L0, psi03) * A0)
/Users/fuyuguo/opt/anaconda3/lib/python3.9/site-packages/numpy/core/fromnumeric.py:86: RuntimeWarning: invalid value encountered in reduce
  return ufunc.reduce(obj, axis, dtype, out, **passkwargs)
/Users/fuyuguo/PhD_thesis/Thesis_1_SNTTEM/Codes/three_time_binary/psi0_python/estimators.py:39: RuntimeWarning: overflow encountered in exp
  + mu13 * np.exp(-gamma03(L0, psi03) * A0)
/Users/fuyuguo/PhD_thesis/Thesis_1_SNTTEM/Codes/three_time_binary/psi0_python/estimators.py:39: RuntimeWarning: overflow encountered in exp
  + mu13 * np.exp(-gamma03(L0, psi03) * A0)
/Users/fuyuguo/opt/anaconda3/lib/python3.9/site-packages/numpy/core/fromnumeric.py:86: RuntimeWarning: invalid value encountered in reduce
  return ufunc.reduce(obj, axis, dtype, out, **passkwargs)
/Users/fuyuguo/PhD_thesis/Thesis_1_SNTTEM/Codes/three_time_binary/psi0_python/estimators.py:39: RuntimeWarning: overflow encountered in exp
  + mu13 * np.exp(-gamma03(L0, psi03) * A0)
/Users/fuyuguo/opt/anaconda3/lib/python3.9/site-packages/numpy/core/fromnumeric.py:86: RuntimeWarning: invalid value encountered in reduce
  return ufunc.reduce(obj, axis, dtype, out, **passkwargs)
/Users/fuyuguo/PhD_thesis/Thesis_1_SNTTEM/Codes/three_time_binary/psi0_python/estimators.py:39: RuntimeWarning: overflow encountered in exp
  + mu13 * np.exp(-gamma03(L0, psi03) * A0)
/Users/fuyuguo/opt/anaconda3/lib/python3.9/site-packages/numpy/core/fromnumeric.py:86: RuntimeWarning: invalid value encountered in reduce
  return ufunc.reduce(obj, axis, dtype, out, **passkwargs)
/Users/fuyuguo/PhD_thesis/Thesis_1_SNTTEM/Codes/three_time_binary/psi0_python/estimators.py:72: RuntimeWarning: overflow encountered in exp
  + mu13 * np.exp(-gamma03(L0, psi03) * A0)
/Users/fuyuguo/opt/anaconda3/lib/python3.9/site-packages/numpy/core/fromnumeric.py:86: RuntimeWarning: invalid value encountered in reduce
  return ufunc.reduce(obj, axis, dtype, out, **passkwargs)
/Users/fuyuguo/PhD_thesis/Thesis_1_SNTTEM/Codes/three_time_binary/psi0_python/estimators.py:39: RuntimeWarning: overflow encountered in exp
  + mu13 * np.exp(-gamma03(L0, psi03) * A0)
/Users/fuyuguo/opt/anaconda3/lib/python3.9/site-packages/numpy/core/fromnumeric.py:86: RuntimeWarning: invalid value encountered in reduce
  return ufunc.reduce(obj, axis, dtype, out, **passkwargs)
/Users/fuyuguo/PhD_thesis/Thesis_1_SNTTEM/Codes/three_time_binary/psi0_python/estimators.py:72: RuntimeWarning: overflow encountered in exp
  + mu13 * np.exp(-gamma03(L0, psi03) * A0)
/Users/fuyuguo/opt/anaconda3/lib/python3.9/site-packages/numpy/core/fromnumeric.py:86: RuntimeWarning: invalid value encountered in reduce
  return ufunc.reduce(obj, axis, dtype, out, **passkwargs)
/Users/fuyuguo/PhD_thesis/Thesis_1_SNTTEM/Codes/three_time_binary/psi0_python/estimators.py:72: RuntimeWarning: overflow encountered in exp
  + mu13 * np.exp(-gamma03(L0, psi03) * A0)
/Users/fuyuguo/opt/anaconda3/lib/python3.9/site-packages/numpy/core/fromnumeric.py:86: RuntimeWarning: invalid value encountered in reduce
  return ufunc.reduce(obj, axis, dtype, out, **passkwargs)
/Users/fuyuguo/PhD_thesis/Thesis_1_SNTTEM/Codes/three_time_binary/psi0_python/estimators.py:72: RuntimeWarning: overflow encountered in exp
  + mu13 * np.exp(-gamma03(L0, psi03) * A0)
/Users/fuyuguo/opt/anaconda3/lib/python3.9/site-packages/numpy/core/fromnumeric.py:86: RuntimeWarning: invalid value encountered in reduce
  return ufunc.reduce(obj, axis, dtype, out, **passkwargs)
/Users/fuyuguo/PhD_thesis/Thesis_1_SNTTEM/Codes/three_time_binary/psi0_python/estimators.py:72: RuntimeWarning: overflow encountered in exp
  + mu13 * np.exp(-gamma03(L0, psi03) * A0)
/Users/fuyuguo/opt/anaconda3/lib/python3.9/site-packages/numpy/core/fromnumeric.py:86: RuntimeWarning: invalid value encountered in reduce
  return ufunc.reduce(obj, axis, dtype, out, **passkwargs)
/Users/fuyuguo/PhD_thesis/Thesis_1_SNTTEM/Codes/three_time_binary/psi0_python/estimators.py:39: RuntimeWarning: overflow encountered in exp
  + mu13 * np.exp(-gamma03(L0, psi03) * A0)
/Users/fuyuguo/opt/anaconda3/lib/python3.9/site-packages/numpy/core/fromnumeric.py:86: RuntimeWarning: invalid value encountered in reduce
  return ufunc.reduce(obj, axis, dtype, out, **passkwargs)
/Users/fuyuguo/PhD_thesis/Thesis_1_SNTTEM/Codes/three_time_binary/psi0_python/estimators.py:72: RuntimeWarning: overflow encountered in exp
  + mu13 * np.exp(-gamma03(L0, psi03) * A0)
/Users/fuyuguo/opt/anaconda3/lib/python3.9/site-packages/numpy/core/fromnumeric.py:86: RuntimeWarning: invalid value encountered in reduce
  return ufunc.reduce(obj, axis, dtype, out, **passkwargs)
/Users/fuyuguo/PhD_thesis/Thesis_1_SNTTEM/Codes/three_time_binary/psi0_python/estimators.py:39: RuntimeWarning: overflow encountered in exp
  + mu13 * np.exp(-gamma03(L0, psi03) * A0)
/Users/fuyuguo/PhD_thesis/Thesis_1_SNTTEM/Codes/three_time_binary/psi0_python/estimators.py:72: RuntimeWarning: overflow encountered in exp
  + mu13 * np.exp(-gamma03(L0, psi03) * A0)
/Users/fuyuguo/opt/anaconda3/lib/python3.9/site-packages/numpy/core/fromnumeric.py:86: RuntimeWarning: invalid value encountered in reduce
  return ufunc.reduce(obj, axis, dtype, out, **passkwargs)
/Users/fuyuguo/PhD_thesis/Thesis_1_SNTTEM/Codes/three_time_binary/psi0_python/estimators.py:72: RuntimeWarning: overflow encountered in multiply
  + mu13 * np.exp(-gamma03(L0, psi03) * A0)
/Users/fuyuguo/PhD_thesis/Thesis_1_SNTTEM/Codes/three_time_binary/psi0_python/estimators.py:39: RuntimeWarning: overflow encountered in exp
  + mu13 * np.exp(-gamma03(L0, psi03) * A0)
/Users/fuyuguo/opt/anaconda3/lib/python3.9/site-packages/numpy/core/fromnumeric.py:86: RuntimeWarning: invalid value encountered in reduce
  return ufunc.reduce(obj, axis, dtype, out, **passkwargs)
/Users/fuyuguo/PhD_thesis/Thesis_1_SNTTEM/Codes/three_time_binary/psi0_python/estimators.py:72: RuntimeWarning: overflow encountered in exp
  + mu13 * np.exp(-gamma03(L0, psi03) * A0)
/Users/fuyuguo/opt/anaconda3/lib/python3.9/site-packages/numpy/core/fromnumeric.py:86: RuntimeWarning: invalid value encountered in reduce
  return ufunc.reduce(obj, axis, dtype, out, **passkwargs)
/Users/fuyuguo/PhD_thesis/Thesis_1_SNTTEM/Codes/three_time_binary/psi0_python/estimators.py:72: RuntimeWarning: overflow encountered in exp
  + mu13 * np.exp(-gamma03(L0, psi03) * A0)
/Users/fuyuguo/opt/anaconda3/lib/python3.9/site-packages/numpy/core/fromnumeric.py:86: RuntimeWarning: invalid value encountered in reduce
  return ufunc.reduce(obj, axis, dtype, out, **passkwargs)
[Parallel(n_jobs=-1)]: Done 138 tasks      | elapsed:  2.1min
/Users/fuyuguo/PhD_thesis/Thesis_1_SNTTEM/Codes/three_time_binary/psi0_python/estimators.py:72: RuntimeWarning: overflow encountered in exp
  + mu13 * np.exp(-gamma03(L0, psi03) * A0)
/Users/fuyuguo/opt/anaconda3/lib/python3.9/site-packages/numpy/core/fromnumeric.py:86: RuntimeWarning: invalid value encountered in reduce
  return ufunc.reduce(obj, axis, dtype, out, **passkwargs)
/Users/fuyuguo/PhD_thesis/Thesis_1_SNTTEM/Codes/three_time_binary/psi0_python/estimators.py:72: RuntimeWarning: overflow encountered in exp
  + mu13 * np.exp(-gamma03(L0, psi03) * A0)
/Users/fuyuguo/opt/anaconda3/lib/python3.9/site-packages/numpy/core/fromnumeric.py:86: RuntimeWarning: invalid value encountered in reduce
  return ufunc.reduce(obj, axis, dtype, out, **passkwargs)
/Users/fuyuguo/PhD_thesis/Thesis_1_SNTTEM/Codes/three_time_binary/psi0_python/estimators.py:39: RuntimeWarning: overflow encountered in exp
  + mu13 * np.exp(-gamma03(L0, psi03) * A0)
/Users/fuyuguo/PhD_thesis/Thesis_1_SNTTEM/Codes/three_time_binary/psi0_python/estimators.py:39: RuntimeWarning: overflow encountered in exp
  + mu13 * np.exp(-gamma03(L0, psi03) * A0)
/Users/fuyuguo/opt/anaconda3/lib/python3.9/site-packages/numpy/core/fromnumeric.py:86: RuntimeWarning: invalid value encountered in reduce
  return ufunc.reduce(obj, axis, dtype, out, **passkwargs)
/Users/fuyuguo/PhD_thesis/Thesis_1_SNTTEM/Codes/three_time_binary/psi0_python/estimators.py:72: RuntimeWarning: overflow encountered in exp
  + mu13 * np.exp(-gamma03(L0, psi03) * A0)
/Users/fuyuguo/opt/anaconda3/lib/python3.9/site-packages/numpy/core/fromnumeric.py:86: RuntimeWarning: invalid value encountered in reduce
  return ufunc.reduce(obj, axis, dtype, out, **passkwargs)
/Users/fuyuguo/PhD_thesis/Thesis_1_SNTTEM/Codes/three_time_binary/psi0_python/estimators.py:72: RuntimeWarning: overflow encountered in exp
  + mu13 * np.exp(-gamma03(L0, psi03) * A0)
/Users/fuyuguo/PhD_thesis/Thesis_1_SNTTEM/Codes/three_time_binary/psi0_python/estimators.py:39: RuntimeWarning: overflow encountered in exp
  + mu13 * np.exp(-gamma03(L0, psi03) * A0)
/Users/fuyuguo/PhD_thesis/Thesis_1_SNTTEM/Codes/three_time_binary/psi0_python/estimators.py:72: RuntimeWarning: overflow encountered in exp
  + mu13 * np.exp(-gamma03(L0, psi03) * A0)
/Users/fuyuguo/opt/anaconda3/lib/python3.9/site-packages/numpy/core/fromnumeric.py:86: RuntimeWarning: invalid value encountered in reduce
  return ufunc.reduce(obj, axis, dtype, out, **passkwargs)
/Users/fuyuguo/PhD_thesis/Thesis_1_SNTTEM/Codes/three_time_binary/psi0_python/estimators.py:39: RuntimeWarning: overflow encountered in exp
  + mu13 * np.exp(-gamma03(L0, psi03) * A0)
/Users/fuyuguo/opt/anaconda3/lib/python3.9/site-packages/numpy/core/fromnumeric.py:86: RuntimeWarning: invalid value encountered in reduce
  return ufunc.reduce(obj, axis, dtype, out, **passkwargs)
/Users/fuyuguo/PhD_thesis/Thesis_1_SNTTEM/Codes/three_time_binary/psi0_python/estimators.py:72: RuntimeWarning: overflow encountered in exp
  + mu13 * np.exp(-gamma03(L0, psi03) * A0)
/Users/fuyuguo/opt/anaconda3/lib/python3.9/site-packages/numpy/core/fromnumeric.py:86: RuntimeWarning: invalid value encountered in reduce
  return ufunc.reduce(obj, axis, dtype, out, **passkwargs)
/Users/fuyuguo/PhD_thesis/Thesis_1_SNTTEM/Codes/three_time_binary/psi0_python/estimators.py:72: RuntimeWarning: overflow encountered in exp
  + mu13 * np.exp(-gamma03(L0, psi03) * A0)
/Users/fuyuguo/opt/anaconda3/lib/python3.9/site-packages/numpy/core/fromnumeric.py:86: RuntimeWarning: invalid value encountered in reduce
  return ufunc.reduce(obj, axis, dtype, out, **passkwargs)
/Users/fuyuguo/PhD_thesis/Thesis_1_SNTTEM/Codes/three_time_binary/psi0_python/estimators.py:72: RuntimeWarning: overflow encountered in multiply
  + mu13 * np.exp(-gamma03(L0, psi03) * A0)
/Users/fuyuguo/PhD_thesis/Thesis_1_SNTTEM/Codes/three_time_binary/psi0_python/estimators.py:72: RuntimeWarning: overflow encountered in exp
  + mu13 * np.exp(-gamma03(L0, psi03) * A0)
/Users/fuyuguo/opt/anaconda3/lib/python3.9/site-packages/numpy/core/fromnumeric.py:86: RuntimeWarning: invalid value encountered in reduce
  return ufunc.reduce(obj, axis, dtype, out, **passkwargs)
/Users/fuyuguo/PhD_thesis/Thesis_1_SNTTEM/Codes/three_time_binary/psi0_python/estimators.py:72: RuntimeWarning: overflow encountered in exp
  + mu13 * np.exp(-gamma03(L0, psi03) * A0)
/Users/fuyuguo/opt/anaconda3/lib/python3.9/site-packages/numpy/core/fromnumeric.py:86: RuntimeWarning: invalid value encountered in reduce
  return ufunc.reduce(obj, axis, dtype, out, **passkwargs)
/Users/fuyuguo/PhD_thesis/Thesis_1_SNTTEM/Codes/three_time_binary/psi0_python/estimators.py:72: RuntimeWarning: overflow encountered in exp
  + mu13 * np.exp(-gamma03(L0, psi03) * A0)
/Users/fuyuguo/opt/anaconda3/lib/python3.9/site-packages/numpy/core/fromnumeric.py:86: RuntimeWarning: invalid value encountered in reduce
  return ufunc.reduce(obj, axis, dtype, out, **passkwargs)
/Users/fuyuguo/PhD_thesis/Thesis_1_SNTTEM/Codes/three_time_binary/psi0_python/estimators.py:72: RuntimeWarning: overflow encountered in exp
  + mu13 * np.exp(-gamma03(L0, psi03) * A0)
/Users/fuyuguo/opt/anaconda3/lib/python3.9/site-packages/numpy/core/fromnumeric.py:86: RuntimeWarning: invalid value encountered in reduce
  return ufunc.reduce(obj, axis, dtype, out, **passkwargs)
/Users/fuyuguo/PhD_thesis/Thesis_1_SNTTEM/Codes/three_time_binary/psi0_python/estimators.py:39: RuntimeWarning: overflow encountered in exp
  + mu13 * np.exp(-gamma03(L0, psi03) * A0)
/Users/fuyuguo/opt/anaconda3/lib/python3.9/site-packages/numpy/core/fromnumeric.py:86: RuntimeWarning: invalid value encountered in reduce
  return ufunc.reduce(obj, axis, dtype, out, **passkwargs)
/Users/fuyuguo/PhD_thesis/Thesis_1_SNTTEM/Codes/three_time_binary/psi0_python/estimators.py:39: RuntimeWarning: overflow encountered in exp
  + mu13 * np.exp(-gamma03(L0, psi03) * A0)
/Users/fuyuguo/opt/anaconda3/lib/python3.9/site-packages/numpy/core/fromnumeric.py:86: RuntimeWarning: invalid value encountered in reduce
  return ufunc.reduce(obj, axis, dtype, out, **passkwargs)
/Users/fuyuguo/PhD_thesis/Thesis_1_SNTTEM/Codes/three_time_binary/psi0_python/estimators.py:72: RuntimeWarning: overflow encountered in exp
  + mu13 * np.exp(-gamma03(L0, psi03) * A0)
/Users/fuyuguo/opt/anaconda3/lib/python3.9/site-packages/numpy/core/fromnumeric.py:86: RuntimeWarning: invalid value encountered in reduce
  return ufunc.reduce(obj, axis, dtype, out, **passkwargs)
/Users/fuyuguo/PhD_thesis/Thesis_1_SNTTEM/Codes/three_time_binary/psi0_python/estimators.py:72: RuntimeWarning: overflow encountered in exp
  + mu13 * np.exp(-gamma03(L0, psi03) * A0)
/Users/fuyuguo/opt/anaconda3/lib/python3.9/site-packages/numpy/core/fromnumeric.py:86: RuntimeWarning: invalid value encountered in reduce
  return ufunc.reduce(obj, axis, dtype, out, **passkwargs)
/Users/fuyuguo/PhD_thesis/Thesis_1_SNTTEM/Codes/three_time_binary/psi0_python/estimators.py:72: RuntimeWarning: overflow encountered in exp
  + mu13 * np.exp(-gamma03(L0, psi03) * A0)
/Users/fuyuguo/opt/anaconda3/lib/python3.9/site-packages/numpy/core/fromnumeric.py:86: RuntimeWarning: invalid value encountered in reduce
  return ufunc.reduce(obj, axis, dtype, out, **passkwargs)
/Users/fuyuguo/PhD_thesis/Thesis_1_SNTTEM/Codes/three_time_binary/psi0_python/estimators.py:72: RuntimeWarning: overflow encountered in exp
  + mu13 * np.exp(-gamma03(L0, psi03) * A0)
/Users/fuyuguo/opt/anaconda3/lib/python3.9/site-packages/numpy/core/fromnumeric.py:86: RuntimeWarning: invalid value encountered in reduce
  return ufunc.reduce(obj, axis, dtype, out, **passkwargs)
/Users/fuyuguo/PhD_thesis/Thesis_1_SNTTEM/Codes/three_time_binary/psi0_python/estimators.py:39: RuntimeWarning: overflow encountered in exp
  + mu13 * np.exp(-gamma03(L0, psi03) * A0)
/Users/fuyuguo/PhD_thesis/Thesis_1_SNTTEM/Codes/three_time_binary/psi0_python/estimators.py:72: RuntimeWarning: overflow encountered in exp
  + mu13 * np.exp(-gamma03(L0, psi03) * A0)
/Users/fuyuguo/opt/anaconda3/lib/python3.9/site-packages/numpy/core/fromnumeric.py:86: RuntimeWarning: invalid value encountered in reduce
  return ufunc.reduce(obj, axis, dtype, out, **passkwargs)
/Users/fuyuguo/PhD_thesis/Thesis_1_SNTTEM/Codes/three_time_binary/psi0_python/estimators.py:72: RuntimeWarning: overflow encountered in exp
  + mu13 * np.exp(-gamma03(L0, psi03) * A0)
/Users/fuyuguo/opt/anaconda3/lib/python3.9/site-packages/numpy/core/fromnumeric.py:86: RuntimeWarning: invalid value encountered in reduce
  return ufunc.reduce(obj, axis, dtype, out, **passkwargs)
/Users/fuyuguo/PhD_thesis/Thesis_1_SNTTEM/Codes/three_time_binary/psi0_python/estimators.py:39: RuntimeWarning: overflow encountered in exp
  + mu13 * np.exp(-gamma03(L0, psi03) * A0)
/Users/fuyuguo/PhD_thesis/Thesis_1_SNTTEM/Codes/three_time_binary/psi0_python/estimators.py:39: RuntimeWarning: overflow encountered in exp
  + mu13 * np.exp(-gamma03(L0, psi03) * A0)
/Users/fuyuguo/opt/anaconda3/lib/python3.9/site-packages/numpy/core/fromnumeric.py:86: RuntimeWarning: invalid value encountered in reduce
  return ufunc.reduce(obj, axis, dtype, out, **passkwargs)
/Users/fuyuguo/PhD_thesis/Thesis_1_SNTTEM/Codes/three_time_binary/psi0_python/estimators.py:72: RuntimeWarning: overflow encountered in exp
  + mu13 * np.exp(-gamma03(L0, psi03) * A0)
/Users/fuyuguo/opt/anaconda3/lib/python3.9/site-packages/numpy/core/fromnumeric.py:86: RuntimeWarning: invalid value encountered in reduce
  return ufunc.reduce(obj, axis, dtype, out, **passkwargs)
/Users/fuyuguo/PhD_thesis/Thesis_1_SNTTEM/Codes/three_time_binary/psi0_python/estimators.py:72: RuntimeWarning: overflow encountered in exp
  + mu13 * np.exp(-gamma03(L0, psi03) * A0)
/Users/fuyuguo/opt/anaconda3/lib/python3.9/site-packages/numpy/core/fromnumeric.py:86: RuntimeWarning: invalid value encountered in reduce
  return ufunc.reduce(obj, axis, dtype, out, **passkwargs)
/Users/fuyuguo/PhD_thesis/Thesis_1_SNTTEM/Codes/three_time_binary/psi0_python/estimators.py:72: RuntimeWarning: overflow encountered in exp
  + mu13 * np.exp(-gamma03(L0, psi03) * A0)
/Users/fuyuguo/opt/anaconda3/lib/python3.9/site-packages/numpy/core/fromnumeric.py:86: RuntimeWarning: invalid value encountered in reduce
  return ufunc.reduce(obj, axis, dtype, out, **passkwargs)
/Users/fuyuguo/PhD_thesis/Thesis_1_SNTTEM/Codes/three_time_binary/psi0_python/estimators.py:39: RuntimeWarning: overflow encountered in exp
  + mu13 * np.exp(-gamma03(L0, psi03) * A0)
/Users/fuyuguo/opt/anaconda3/lib/python3.9/site-packages/numpy/core/fromnumeric.py:86: RuntimeWarning: invalid value encountered in reduce
  return ufunc.reduce(obj, axis, dtype, out, **passkwargs)
/Users/fuyuguo/PhD_thesis/Thesis_1_SNTTEM/Codes/three_time_binary/psi0_python/estimators.py:39: RuntimeWarning: overflow encountered in exp
  + mu13 * np.exp(-gamma03(L0, psi03) * A0)
/Users/fuyuguo/opt/anaconda3/lib/python3.9/site-packages/numpy/core/fromnumeric.py:86: RuntimeWarning: invalid value encountered in reduce
  return ufunc.reduce(obj, axis, dtype, out, **passkwargs)
/Users/fuyuguo/PhD_thesis/Thesis_1_SNTTEM/Codes/three_time_binary/psi0_python/estimators.py:72: RuntimeWarning: overflow encountered in exp
  + mu13 * np.exp(-gamma03(L0, psi03) * A0)
/Users/fuyuguo/opt/anaconda3/lib/python3.9/site-packages/numpy/core/fromnumeric.py:86: RuntimeWarning: invalid value encountered in reduce
  return ufunc.reduce(obj, axis, dtype, out, **passkwargs)
/Users/fuyuguo/PhD_thesis/Thesis_1_SNTTEM/Codes/three_time_binary/psi0_python/estimators.py:39: RuntimeWarning: overflow encountered in exp
  + mu13 * np.exp(-gamma03(L0, psi03) * A0)
/Users/fuyuguo/PhD_thesis/Thesis_1_SNTTEM/Codes/three_time_binary/psi0_python/estimators.py:72: RuntimeWarning: overflow encountered in exp
  + mu13 * np.exp(-gamma03(L0, psi03) * A0)
/Users/fuyuguo/opt/anaconda3/lib/python3.9/site-packages/numpy/core/fromnumeric.py:86: RuntimeWarning: invalid value encountered in reduce
  return ufunc.reduce(obj, axis, dtype, out, **passkwargs)
/Users/fuyuguo/PhD_thesis/Thesis_1_SNTTEM/Codes/three_time_binary/psi0_python/estimators.py:72: RuntimeWarning: overflow encountered in exp
  + mu13 * np.exp(-gamma03(L0, psi03) * A0)
/Users/fuyuguo/opt/anaconda3/lib/python3.9/site-packages/numpy/core/fromnumeric.py:86: RuntimeWarning: invalid value encountered in reduce
  return ufunc.reduce(obj, axis, dtype, out, **passkwargs)
/Users/fuyuguo/PhD_thesis/Thesis_1_SNTTEM/Codes/three_time_binary/psi0_python/estimators.py:72: RuntimeWarning: overflow encountered in exp
  + mu13 * np.exp(-gamma03(L0, psi03) * A0)
/Users/fuyuguo/opt/anaconda3/lib/python3.9/site-packages/numpy/core/fromnumeric.py:86: RuntimeWarning: invalid value encountered in reduce
  return ufunc.reduce(obj, axis, dtype, out, **passkwargs)
[Parallel(n_jobs=-1)]: Done 264 tasks      | elapsed:  4.0min
/Users/fuyuguo/PhD_thesis/Thesis_1_SNTTEM/Codes/three_time_binary/psi0_python/estimators.py:72: RuntimeWarning: overflow encountered in exp
  + mu13 * np.exp(-gamma03(L0, psi03) * A0)
/Users/fuyuguo/opt/anaconda3/lib/python3.9/site-packages/numpy/core/fromnumeric.py:86: RuntimeWarning: invalid value encountered in reduce
  return ufunc.reduce(obj, axis, dtype, out, **passkwargs)
/Users/fuyuguo/PhD_thesis/Thesis_1_SNTTEM/Codes/three_time_binary/psi0_python/estimators.py:39: RuntimeWarning: overflow encountered in exp
  + mu13 * np.exp(-gamma03(L0, psi03) * A0)
/Users/fuyuguo/opt/anaconda3/lib/python3.9/site-packages/numpy/core/fromnumeric.py:86: RuntimeWarning: invalid value encountered in reduce
  return ufunc.reduce(obj, axis, dtype, out, **passkwargs)
/Users/fuyuguo/PhD_thesis/Thesis_1_SNTTEM/Codes/three_time_binary/psi0_python/estimators.py:72: RuntimeWarning: overflow encountered in exp
  + mu13 * np.exp(-gamma03(L0, psi03) * A0)
/Users/fuyuguo/opt/anaconda3/lib/python3.9/site-packages/numpy/core/fromnumeric.py:86: RuntimeWarning: invalid value encountered in reduce
  return ufunc.reduce(obj, axis, dtype, out, **passkwargs)
/Users/fuyuguo/PhD_thesis/Thesis_1_SNTTEM/Codes/three_time_binary/psi0_python/estimators.py:39: RuntimeWarning: overflow encountered in exp
  + mu13 * np.exp(-gamma03(L0, psi03) * A0)
/Users/fuyuguo/opt/anaconda3/lib/python3.9/site-packages/numpy/core/fromnumeric.py:86: RuntimeWarning: invalid value encountered in reduce
  return ufunc.reduce(obj, axis, dtype, out, **passkwargs)
/Users/fuyuguo/PhD_thesis/Thesis_1_SNTTEM/Codes/three_time_binary/psi0_python/estimators.py:39: RuntimeWarning: overflow encountered in exp
  + mu13 * np.exp(-gamma03(L0, psi03) * A0)
/Users/fuyuguo/opt/anaconda3/lib/python3.9/site-packages/numpy/core/fromnumeric.py:86: RuntimeWarning: invalid value encountered in reduce
  return ufunc.reduce(obj, axis, dtype, out, **passkwargs)
/Users/fuyuguo/PhD_thesis/Thesis_1_SNTTEM/Codes/three_time_binary/psi0_python/estimators.py:72: RuntimeWarning: overflow encountered in exp
  + mu13 * np.exp(-gamma03(L0, psi03) * A0)
/Users/fuyuguo/opt/anaconda3/lib/python3.9/site-packages/numpy/core/fromnumeric.py:86: RuntimeWarning: invalid value encountered in reduce
  return ufunc.reduce(obj, axis, dtype, out, **passkwargs)
/Users/fuyuguo/PhD_thesis/Thesis_1_SNTTEM/Codes/three_time_binary/psi0_python/estimators.py:39: RuntimeWarning: overflow encountered in exp
  + mu13 * np.exp(-gamma03(L0, psi03) * A0)
/Users/fuyuguo/opt/anaconda3/lib/python3.9/site-packages/numpy/core/fromnumeric.py:86: RuntimeWarning: invalid value encountered in reduce
  return ufunc.reduce(obj, axis, dtype, out, **passkwargs)
/Users/fuyuguo/PhD_thesis/Thesis_1_SNTTEM/Codes/three_time_binary/psi0_python/estimators.py:39: RuntimeWarning: overflow encountered in exp
  + mu13 * np.exp(-gamma03(L0, psi03) * A0)
/Users/fuyuguo/PhD_thesis/Thesis_1_SNTTEM/Codes/three_time_binary/psi0_python/estimators.py:39: RuntimeWarning: overflow encountered in exp
  + mu13 * np.exp(-gamma03(L0, psi03) * A0)
/Users/fuyuguo/opt/anaconda3/lib/python3.9/site-packages/numpy/core/fromnumeric.py:86: RuntimeWarning: invalid value encountered in reduce
  return ufunc.reduce(obj, axis, dtype, out, **passkwargs)
/Users/fuyuguo/PhD_thesis/Thesis_1_SNTTEM/Codes/three_time_binary/psi0_python/estimators.py:39: RuntimeWarning: overflow encountered in exp
  + mu13 * np.exp(-gamma03(L0, psi03) * A0)
/Users/fuyuguo/opt/anaconda3/lib/python3.9/site-packages/numpy/core/fromnumeric.py:86: RuntimeWarning: invalid value encountered in reduce
  return ufunc.reduce(obj, axis, dtype, out, **passkwargs)
/Users/fuyuguo/PhD_thesis/Thesis_1_SNTTEM/Codes/three_time_binary/psi0_python/estimators.py:39: RuntimeWarning: overflow encountered in exp
  + mu13 * np.exp(-gamma03(L0, psi03) * A0)
/Users/fuyuguo/opt/anaconda3/lib/python3.9/site-packages/numpy/core/fromnumeric.py:86: RuntimeWarning: invalid value encountered in reduce
  return ufunc.reduce(obj, axis, dtype, out, **passkwargs)
/Users/fuyuguo/PhD_thesis/Thesis_1_SNTTEM/Codes/three_time_binary/psi0_python/estimators.py:72: RuntimeWarning: overflow encountered in exp
  + mu13 * np.exp(-gamma03(L0, psi03) * A0)
/Users/fuyuguo/opt/anaconda3/lib/python3.9/site-packages/numpy/core/fromnumeric.py:86: RuntimeWarning: invalid value encountered in reduce
  return ufunc.reduce(obj, axis, dtype, out, **passkwargs)
/Users/fuyuguo/PhD_thesis/Thesis_1_SNTTEM/Codes/three_time_binary/psi0_python/estimators.py:72: RuntimeWarning: overflow encountered in exp
  + mu13 * np.exp(-gamma03(L0, psi03) * A0)
/Users/fuyuguo/opt/anaconda3/lib/python3.9/site-packages/numpy/core/fromnumeric.py:86: RuntimeWarning: invalid value encountered in reduce
  return ufunc.reduce(obj, axis, dtype, out, **passkwargs)
/Users/fuyuguo/PhD_thesis/Thesis_1_SNTTEM/Codes/three_time_binary/psi0_python/estimators.py:39: RuntimeWarning: overflow encountered in exp
  + mu13 * np.exp(-gamma03(L0, psi03) * A0)
/Users/fuyuguo/PhD_thesis/Thesis_1_SNTTEM/Codes/three_time_binary/psi0_python/estimators.py:72: RuntimeWarning: overflow encountered in exp
  + mu13 * np.exp(-gamma03(L0, psi03) * A0)
/Users/fuyuguo/opt/anaconda3/lib/python3.9/site-packages/numpy/core/fromnumeric.py:86: RuntimeWarning: invalid value encountered in reduce
  return ufunc.reduce(obj, axis, dtype, out, **passkwargs)
/Users/fuyuguo/PhD_thesis/Thesis_1_SNTTEM/Codes/three_time_binary/psi0_python/estimators.py:72: RuntimeWarning: overflow encountered in exp
  + mu13 * np.exp(-gamma03(L0, psi03) * A0)
/Users/fuyuguo/opt/anaconda3/lib/python3.9/site-packages/numpy/core/fromnumeric.py:86: RuntimeWarning: invalid value encountered in reduce
  return ufunc.reduce(obj, axis, dtype, out, **passkwargs)
/Users/fuyuguo/PhD_thesis/Thesis_1_SNTTEM/Codes/three_time_binary/psi0_python/estimators.py:72: RuntimeWarning: overflow encountered in exp
  + mu13 * np.exp(-gamma03(L0, psi03) * A0)
/Users/fuyuguo/opt/anaconda3/lib/python3.9/site-packages/numpy/core/fromnumeric.py:86: RuntimeWarning: invalid value encountered in reduce
  return ufunc.reduce(obj, axis, dtype, out, **passkwargs)
/Users/fuyuguo/PhD_thesis/Thesis_1_SNTTEM/Codes/three_time_binary/psi0_python/estimators.py:72: RuntimeWarning: overflow encountered in exp
  + mu13 * np.exp(-gamma03(L0, psi03) * A0)
/Users/fuyuguo/opt/anaconda3/lib/python3.9/site-packages/numpy/core/fromnumeric.py:86: RuntimeWarning: invalid value encountered in reduce
  return ufunc.reduce(obj, axis, dtype, out, **passkwargs)
/Users/fuyuguo/PhD_thesis/Thesis_1_SNTTEM/Codes/three_time_binary/psi0_python/estimators.py:39: RuntimeWarning: overflow encountered in exp
  + mu13 * np.exp(-gamma03(L0, psi03) * A0)
/Users/fuyuguo/opt/anaconda3/lib/python3.9/site-packages/numpy/core/fromnumeric.py:86: RuntimeWarning: invalid value encountered in reduce
  return ufunc.reduce(obj, axis, dtype, out, **passkwargs)
/Users/fuyuguo/PhD_thesis/Thesis_1_SNTTEM/Codes/three_time_binary/psi0_python/estimators.py:39: RuntimeWarning: overflow encountered in exp
  + mu13 * np.exp(-gamma03(L0, psi03) * A0)
/Users/fuyuguo/opt/anaconda3/lib/python3.9/site-packages/numpy/core/fromnumeric.py:86: RuntimeWarning: invalid value encountered in reduce
  return ufunc.reduce(obj, axis, dtype, out, **passkwargs)
/Users/fuyuguo/PhD_thesis/Thesis_1_SNTTEM/Codes/three_time_binary/psi0_python/estimators.py:72: RuntimeWarning: overflow encountered in exp
  + mu13 * np.exp(-gamma03(L0, psi03) * A0)
/Users/fuyuguo/opt/anaconda3/lib/python3.9/site-packages/numpy/core/fromnumeric.py:86: RuntimeWarning: invalid value encountered in reduce
  return ufunc.reduce(obj, axis, dtype, out, **passkwargs)
/Users/fuyuguo/PhD_thesis/Thesis_1_SNTTEM/Codes/three_time_binary/psi0_python/estimators.py:72: RuntimeWarning: overflow encountered in exp
  + mu13 * np.exp(-gamma03(L0, psi03) * A0)
/Users/fuyuguo/opt/anaconda3/lib/python3.9/site-packages/numpy/core/fromnumeric.py:86: RuntimeWarning: invalid value encountered in reduce
  return ufunc.reduce(obj, axis, dtype, out, **passkwargs)
/Users/fuyuguo/PhD_thesis/Thesis_1_SNTTEM/Codes/three_time_binary/psi0_python/estimators.py:72: RuntimeWarning: overflow encountered in exp
  + mu13 * np.exp(-gamma03(L0, psi03) * A0)
/Users/fuyuguo/opt/anaconda3/lib/python3.9/site-packages/numpy/core/fromnumeric.py:86: RuntimeWarning: invalid value encountered in reduce
  return ufunc.reduce(obj, axis, dtype, out, **passkwargs)
/Users/fuyuguo/PhD_thesis/Thesis_1_SNTTEM/Codes/three_time_binary/psi0_python/estimators.py:39: RuntimeWarning: overflow encountered in exp
  + mu13 * np.exp(-gamma03(L0, psi03) * A0)
/Users/fuyuguo/PhD_thesis/Thesis_1_SNTTEM/Codes/three_time_binary/psi0_python/estimators.py:72: RuntimeWarning: overflow encountered in exp
  + mu13 * np.exp(-gamma03(L0, psi03) * A0)
/Users/fuyuguo/opt/anaconda3/lib/python3.9/site-packages/numpy/core/fromnumeric.py:86: RuntimeWarning: invalid value encountered in reduce
  return ufunc.reduce(obj, axis, dtype, out, **passkwargs)
/Users/fuyuguo/PhD_thesis/Thesis_1_SNTTEM/Codes/three_time_binary/psi0_python/estimators.py:72: RuntimeWarning: overflow encountered in exp
  + mu13 * np.exp(-gamma03(L0, psi03) * A0)
/Users/fuyuguo/opt/anaconda3/lib/python3.9/site-packages/numpy/core/fromnumeric.py:86: RuntimeWarning: invalid value encountered in reduce
  return ufunc.reduce(obj, axis, dtype, out, **passkwargs)
/Users/fuyuguo/PhD_thesis/Thesis_1_SNTTEM/Codes/three_time_binary/psi0_python/estimators.py:72: RuntimeWarning: overflow encountered in exp
  + mu13 * np.exp(-gamma03(L0, psi03) * A0)
/Users/fuyuguo/opt/anaconda3/lib/python3.9/site-packages/numpy/core/fromnumeric.py:86: RuntimeWarning: invalid value encountered in reduce
  return ufunc.reduce(obj, axis, dtype, out, **passkwargs)
/Users/fuyuguo/PhD_thesis/Thesis_1_SNTTEM/Codes/three_time_binary/psi0_python/estimators.py:39: RuntimeWarning: overflow encountered in exp
  + mu13 * np.exp(-gamma03(L0, psi03) * A0)
/Users/fuyuguo/PhD_thesis/Thesis_1_SNTTEM/Codes/three_time_binary/psi0_python/estimators.py:39: RuntimeWarning: overflow encountered in exp
  + mu13 * np.exp(-gamma03(L0, psi03) * A0)
/Users/fuyuguo/opt/anaconda3/lib/python3.9/site-packages/numpy/core/fromnumeric.py:86: RuntimeWarning: invalid value encountered in reduce
  return ufunc.reduce(obj, axis, dtype, out, **passkwargs)
/Users/fuyuguo/PhD_thesis/Thesis_1_SNTTEM/Codes/three_time_binary/psi0_python/estimators.py:39: RuntimeWarning: overflow encountered in exp
  + mu13 * np.exp(-gamma03(L0, psi03) * A0)
/Users/fuyuguo/opt/anaconda3/lib/python3.9/site-packages/numpy/core/fromnumeric.py:86: RuntimeWarning: invalid value encountered in reduce
  return ufunc.reduce(obj, axis, dtype, out, **passkwargs)
/Users/fuyuguo/PhD_thesis/Thesis_1_SNTTEM/Codes/three_time_binary/psi0_python/estimators.py:72: RuntimeWarning: overflow encountered in exp
  + mu13 * np.exp(-gamma03(L0, psi03) * A0)
/Users/fuyuguo/opt/anaconda3/lib/python3.9/site-packages/numpy/core/fromnumeric.py:86: RuntimeWarning: invalid value encountered in reduce
  return ufunc.reduce(obj, axis, dtype, out, **passkwargs)
/Users/fuyuguo/PhD_thesis/Thesis_1_SNTTEM/Codes/three_time_binary/psi0_python/estimators.py:39: RuntimeWarning: overflow encountered in exp
  + mu13 * np.exp(-gamma03(L0, psi03) * A0)
/Users/fuyuguo/opt/anaconda3/lib/python3.9/site-packages/numpy/core/fromnumeric.py:86: RuntimeWarning: invalid value encountered in reduce
  return ufunc.reduce(obj, axis, dtype, out, **passkwargs)
/Users/fuyuguo/PhD_thesis/Thesis_1_SNTTEM/Codes/three_time_binary/psi0_python/estimators.py:72: RuntimeWarning: overflow encountered in exp
  + mu13 * np.exp(-gamma03(L0, psi03) * A0)
/Users/fuyuguo/opt/anaconda3/lib/python3.9/site-packages/numpy/core/fromnumeric.py:86: RuntimeWarning: invalid value encountered in reduce
  return ufunc.reduce(obj, axis, dtype, out, **passkwargs)
/Users/fuyuguo/PhD_thesis/Thesis_1_SNTTEM/Codes/three_time_binary/psi0_python/estimators.py:72: RuntimeWarning: overflow encountered in exp
  + mu13 * np.exp(-gamma03(L0, psi03) * A0)
/Users/fuyuguo/opt/anaconda3/lib/python3.9/site-packages/numpy/core/fromnumeric.py:86: RuntimeWarning: invalid value encountered in reduce
  return ufunc.reduce(obj, axis, dtype, out, **passkwargs)
/Users/fuyuguo/PhD_thesis/Thesis_1_SNTTEM/Codes/three_time_binary/psi0_python/estimators.py:72: RuntimeWarning: overflow encountered in exp
  + mu13 * np.exp(-gamma03(L0, psi03) * A0)
/Users/fuyuguo/opt/anaconda3/lib/python3.9/site-packages/numpy/core/fromnumeric.py:86: RuntimeWarning: invalid value encountered in reduce
  return ufunc.reduce(obj, axis, dtype, out, **passkwargs)
/Users/fuyuguo/PhD_thesis/Thesis_1_SNTTEM/Codes/three_time_binary/psi0_python/estimators.py:39: RuntimeWarning: overflow encountered in exp
  + mu13 * np.exp(-gamma03(L0, psi03) * A0)
/Users/fuyuguo/PhD_thesis/Thesis_1_SNTTEM/Codes/three_time_binary/psi0_python/estimators.py:72: RuntimeWarning: overflow encountered in exp
  + mu13 * np.exp(-gamma03(L0, psi03) * A0)
/Users/fuyuguo/opt/anaconda3/lib/python3.9/site-packages/numpy/core/fromnumeric.py:86: RuntimeWarning: invalid value encountered in reduce
  return ufunc.reduce(obj, axis, dtype, out, **passkwargs)
[Parallel(n_jobs=-1)]: Done 426 tasks      | elapsed:  6.3min
/Users/fuyuguo/PhD_thesis/Thesis_1_SNTTEM/Codes/three_time_binary/psi0_python/estimators.py:39: RuntimeWarning: overflow encountered in exp
  + mu13 * np.exp(-gamma03(L0, psi03) * A0)
/Users/fuyuguo/opt/anaconda3/lib/python3.9/site-packages/numpy/core/fromnumeric.py:86: RuntimeWarning: invalid value encountered in reduce
  return ufunc.reduce(obj, axis, dtype, out, **passkwargs)
/Users/fuyuguo/PhD_thesis/Thesis_1_SNTTEM/Codes/three_time_binary/psi0_python/estimators.py:39: RuntimeWarning: overflow encountered in exp
  + mu13 * np.exp(-gamma03(L0, psi03) * A0)
/Users/fuyuguo/opt/anaconda3/lib/python3.9/site-packages/numpy/core/fromnumeric.py:86: RuntimeWarning: invalid value encountered in reduce
  return ufunc.reduce(obj, axis, dtype, out, **passkwargs)
/Users/fuyuguo/PhD_thesis/Thesis_1_SNTTEM/Codes/three_time_binary/psi0_python/estimators.py:39: RuntimeWarning: overflow encountered in exp
  + mu13 * np.exp(-gamma03(L0, psi03) * A0)
/Users/fuyuguo/opt/anaconda3/lib/python3.9/site-packages/numpy/core/fromnumeric.py:86: RuntimeWarning: invalid value encountered in reduce
  return ufunc.reduce(obj, axis, dtype, out, **passkwargs)
/Users/fuyuguo/PhD_thesis/Thesis_1_SNTTEM/Codes/three_time_binary/psi0_python/estimators.py:39: RuntimeWarning: overflow encountered in exp
  + mu13 * np.exp(-gamma03(L0, psi03) * A0)
/Users/fuyuguo/opt/anaconda3/lib/python3.9/site-packages/numpy/core/fromnumeric.py:86: RuntimeWarning: invalid value encountered in reduce
  return ufunc.reduce(obj, axis, dtype, out, **passkwargs)
/Users/fuyuguo/PhD_thesis/Thesis_1_SNTTEM/Codes/three_time_binary/psi0_python/estimators.py:72: RuntimeWarning: overflow encountered in exp
  + mu13 * np.exp(-gamma03(L0, psi03) * A0)
/Users/fuyuguo/opt/anaconda3/lib/python3.9/site-packages/numpy/core/fromnumeric.py:86: RuntimeWarning: invalid value encountered in reduce
  return ufunc.reduce(obj, axis, dtype, out, **passkwargs)
/Users/fuyuguo/PhD_thesis/Thesis_1_SNTTEM/Codes/three_time_binary/psi0_python/estimators.py:72: RuntimeWarning: overflow encountered in exp
  + mu13 * np.exp(-gamma03(L0, psi03) * A0)
/Users/fuyuguo/opt/anaconda3/lib/python3.9/site-packages/numpy/core/fromnumeric.py:86: RuntimeWarning: invalid value encountered in reduce
  return ufunc.reduce(obj, axis, dtype, out, **passkwargs)
/Users/fuyuguo/PhD_thesis/Thesis_1_SNTTEM/Codes/three_time_binary/psi0_python/estimators.py:39: RuntimeWarning: overflow encountered in exp
  + mu13 * np.exp(-gamma03(L0, psi03) * A0)
/Users/fuyuguo/opt/anaconda3/lib/python3.9/site-packages/numpy/core/fromnumeric.py:86: RuntimeWarning: invalid value encountered in reduce
  return ufunc.reduce(obj, axis, dtype, out, **passkwargs)
/Users/fuyuguo/PhD_thesis/Thesis_1_SNTTEM/Codes/three_time_binary/psi0_python/estimators.py:72: RuntimeWarning: overflow encountered in exp
  + mu13 * np.exp(-gamma03(L0, psi03) * A0)
/Users/fuyuguo/PhD_thesis/Thesis_1_SNTTEM/Codes/three_time_binary/psi0_python/estimators.py:72: RuntimeWarning: overflow encountered in exp
  + mu13 * np.exp(-gamma03(L0, psi03) * A0)
/Users/fuyuguo/opt/anaconda3/lib/python3.9/site-packages/numpy/core/fromnumeric.py:86: RuntimeWarning: invalid value encountered in reduce
  return ufunc.reduce(obj, axis, dtype, out, **passkwargs)
/Users/fuyuguo/PhD_thesis/Thesis_1_SNTTEM/Codes/three_time_binary/psi0_python/estimators.py:72: RuntimeWarning: overflow encountered in exp
  + mu13 * np.exp(-gamma03(L0, psi03) * A0)
/Users/fuyuguo/opt/anaconda3/lib/python3.9/site-packages/numpy/core/fromnumeric.py:86: RuntimeWarning: invalid value encountered in reduce
  return ufunc.reduce(obj, axis, dtype, out, **passkwargs)
/Users/fuyuguo/PhD_thesis/Thesis_1_SNTTEM/Codes/three_time_binary/psi0_python/estimators.py:39: RuntimeWarning: overflow encountered in exp
  + mu13 * np.exp(-gamma03(L0, psi03) * A0)
/Users/fuyuguo/PhD_thesis/Thesis_1_SNTTEM/Codes/three_time_binary/psi0_python/estimators.py:39: RuntimeWarning: overflow encountered in exp
  + mu13 * np.exp(-gamma03(L0, psi03) * A0)
/Users/fuyuguo/opt/anaconda3/lib/python3.9/site-packages/numpy/core/fromnumeric.py:86: RuntimeWarning: invalid value encountered in reduce
  return ufunc.reduce(obj, axis, dtype, out, **passkwargs)
/Users/fuyuguo/PhD_thesis/Thesis_1_SNTTEM/Codes/three_time_binary/psi0_python/estimators.py:39: RuntimeWarning: overflow encountered in exp
  + mu13 * np.exp(-gamma03(L0, psi03) * A0)
/Users/fuyuguo/opt/anaconda3/lib/python3.9/site-packages/numpy/core/fromnumeric.py:86: RuntimeWarning: invalid value encountered in reduce
  return ufunc.reduce(obj, axis, dtype, out, **passkwargs)
/Users/fuyuguo/PhD_thesis/Thesis_1_SNTTEM/Codes/three_time_binary/psi0_python/estimators.py:72: RuntimeWarning: overflow encountered in exp
  + mu13 * np.exp(-gamma03(L0, psi03) * A0)
/Users/fuyuguo/PhD_thesis/Thesis_1_SNTTEM/Codes/three_time_binary/psi0_python/estimators.py:72: RuntimeWarning: overflow encountered in exp
  + mu13 * np.exp(-gamma03(L0, psi03) * A0)
/Users/fuyuguo/opt/anaconda3/lib/python3.9/site-packages/numpy/core/fromnumeric.py:86: RuntimeWarning: invalid value encountered in reduce
  return ufunc.reduce(obj, axis, dtype, out, **passkwargs)
/Users/fuyuguo/PhD_thesis/Thesis_1_SNTTEM/Codes/three_time_binary/psi0_python/estimators.py:72: RuntimeWarning: overflow encountered in exp
  + mu13 * np.exp(-gamma03(L0, psi03) * A0)
/Users/fuyuguo/opt/anaconda3/lib/python3.9/site-packages/numpy/core/fromnumeric.py:86: RuntimeWarning: invalid value encountered in reduce
  return ufunc.reduce(obj, axis, dtype, out, **passkwargs)
/Users/fuyuguo/PhD_thesis/Thesis_1_SNTTEM/Codes/three_time_binary/psi0_python/estimators.py:72: RuntimeWarning: overflow encountered in exp
  + mu13 * np.exp(-gamma03(L0, psi03) * A0)
/Users/fuyuguo/opt/anaconda3/lib/python3.9/site-packages/numpy/core/fromnumeric.py:86: RuntimeWarning: invalid value encountered in reduce
  return ufunc.reduce(obj, axis, dtype, out, **passkwargs)
/Users/fuyuguo/PhD_thesis/Thesis_1_SNTTEM/Codes/three_time_binary/psi0_python/estimators.py:72: RuntimeWarning: overflow encountered in multiply
  + mu13 * np.exp(-gamma03(L0, psi03) * A0)
/Users/fuyuguo/PhD_thesis/Thesis_1_SNTTEM/Codes/three_time_binary/psi0_python/estimators.py:39: RuntimeWarning: overflow encountered in exp
  + mu13 * np.exp(-gamma03(L0, psi03) * A0)
/Users/fuyuguo/PhD_thesis/Thesis_1_SNTTEM/Codes/three_time_binary/psi0_python/estimators.py:72: RuntimeWarning: overflow encountered in exp
  + mu13 * np.exp(-gamma03(L0, psi03) * A0)
/Users/fuyuguo/opt/anaconda3/lib/python3.9/site-packages/numpy/core/fromnumeric.py:86: RuntimeWarning: invalid value encountered in reduce
  return ufunc.reduce(obj, axis, dtype, out, **passkwargs)
/Users/fuyuguo/PhD_thesis/Thesis_1_SNTTEM/Codes/three_time_binary/psi0_python/estimators.py:39: RuntimeWarning: overflow encountered in exp
  + mu13 * np.exp(-gamma03(L0, psi03) * A0)
/Users/fuyuguo/PhD_thesis/Thesis_1_SNTTEM/Codes/three_time_binary/psi0_python/estimators.py:72: RuntimeWarning: overflow encountered in exp
  + mu13 * np.exp(-gamma03(L0, psi03) * A0)
/Users/fuyuguo/opt/anaconda3/lib/python3.9/site-packages/numpy/core/fromnumeric.py:86: RuntimeWarning: invalid value encountered in reduce
  return ufunc.reduce(obj, axis, dtype, out, **passkwargs)
/Users/fuyuguo/PhD_thesis/Thesis_1_SNTTEM/Codes/three_time_binary/psi0_python/estimators.py:72: RuntimeWarning: overflow encountered in exp
  + mu13 * np.exp(-gamma03(L0, psi03) * A0)
/Users/fuyuguo/opt/anaconda3/lib/python3.9/site-packages/numpy/core/fromnumeric.py:86: RuntimeWarning: invalid value encountered in reduce
  return ufunc.reduce(obj, axis, dtype, out, **passkwargs)
/Users/fuyuguo/PhD_thesis/Thesis_1_SNTTEM/Codes/three_time_binary/psi0_python/estimators.py:72: RuntimeWarning: overflow encountered in exp
  + mu13 * np.exp(-gamma03(L0, psi03) * A0)
/Users/fuyuguo/opt/anaconda3/lib/python3.9/site-packages/numpy/core/fromnumeric.py:86: RuntimeWarning: invalid value encountered in reduce
  return ufunc.reduce(obj, axis, dtype, out, **passkwargs)
[Parallel(n_jobs=-1)]: Done 500 out of 500 | elapsed:  7.4min finished
[Parallel(n_jobs=-1)]: Using backend LokyBackend with 12 concurrent workers.
/Users/fuyuguo/PhD_thesis/Thesis_1_SNTTEM/Codes/three_time_binary/psi0_python/estimators.py:39: RuntimeWarning: overflow encountered in exp
  + mu13 * np.exp(-gamma03(L0, psi03) * A0)
/Users/fuyuguo/opt/anaconda3/lib/python3.9/site-packages/numpy/core/fromnumeric.py:86: RuntimeWarning: invalid value encountered in reduce
  return ufunc.reduce(obj, axis, dtype, out, **passkwargs)
/Users/fuyuguo/PhD_thesis/Thesis_1_SNTTEM/Codes/three_time_binary/psi0_python/estimators.py:39: RuntimeWarning: overflow encountered in exp
  + mu13 * np.exp(-gamma03(L0, psi03) * A0)
/Users/fuyuguo/opt/anaconda3/lib/python3.9/site-packages/numpy/core/fromnumeric.py:86: RuntimeWarning: invalid value encountered in reduce
  return ufunc.reduce(obj, axis, dtype, out, **passkwargs)
[Parallel(n_jobs=-1)]: Done  48 tasks      | elapsed:   43.1s
/Users/fuyuguo/PhD_thesis/Thesis_1_SNTTEM/Codes/three_time_binary/psi0_python/estimators.py:39: RuntimeWarning: overflow encountered in exp
  + mu13 * np.exp(-gamma03(L0, psi03) * A0)
/Users/fuyuguo/opt/anaconda3/lib/python3.9/site-packages/numpy/core/fromnumeric.py:86: RuntimeWarning: invalid value encountered in reduce
  return ufunc.reduce(obj, axis, dtype, out, **passkwargs)
/Users/fuyuguo/PhD_thesis/Thesis_1_SNTTEM/Codes/three_time_binary/psi0_python/estimators.py:72: RuntimeWarning: overflow encountered in exp
  + mu13 * np.exp(-gamma03(L0, psi03) * A0)
/Users/fuyuguo/opt/anaconda3/lib/python3.9/site-packages/numpy/core/fromnumeric.py:86: RuntimeWarning: invalid value encountered in reduce
  return ufunc.reduce(obj, axis, dtype, out, **passkwargs)
/Users/fuyuguo/PhD_thesis/Thesis_1_SNTTEM/Codes/three_time_binary/psi0_python/estimators.py:39: RuntimeWarning: overflow encountered in exp
  + mu13 * np.exp(-gamma03(L0, psi03) * A0)
/Users/fuyuguo/opt/anaconda3/lib/python3.9/site-packages/numpy/core/fromnumeric.py:86: RuntimeWarning: invalid value encountered in reduce
  return ufunc.reduce(obj, axis, dtype, out, **passkwargs)
[Parallel(n_jobs=-1)]: Done 138 tasks      | elapsed:  2.2min
[Parallel(n_jobs=-1)]: Done 264 tasks      | elapsed:  4.1min
/Users/fuyuguo/PhD_thesis/Thesis_1_SNTTEM/Codes/three_time_binary/psi0_python/estimators.py:39: RuntimeWarning: overflow encountered in exp
  + mu13 * np.exp(-gamma03(L0, psi03) * A0)
/Users/fuyuguo/opt/anaconda3/lib/python3.9/site-packages/numpy/core/fromnumeric.py:86: RuntimeWarning: invalid value encountered in reduce
  return ufunc.reduce(obj, axis, dtype, out, **passkwargs)
/Users/fuyuguo/PhD_thesis/Thesis_1_SNTTEM/Codes/three_time_binary/psi0_python/estimators.py:39: RuntimeWarning: overflow encountered in exp
  + mu13 * np.exp(-gamma03(L0, psi03) * A0)
/Users/fuyuguo/opt/anaconda3/lib/python3.9/site-packages/numpy/core/fromnumeric.py:86: RuntimeWarning: invalid value encountered in reduce
  return ufunc.reduce(obj, axis, dtype, out, **passkwargs)
[Parallel(n_jobs=-1)]: Done 426 tasks      | elapsed:  6.5min
[Parallel(n_jobs=-1)]: Done 500 out of 500 | elapsed:  7.5min finished
[Parallel(n_jobs=-1)]: Using backend LokyBackend with 12 concurrent workers.
[Parallel(n_jobs=-1)]: Done  48 tasks      | elapsed:   45.9s
[Parallel(n_jobs=-1)]: Done 138 tasks      | elapsed:  2.2min
[Parallel(n_jobs=-1)]: Done 264 tasks      | elapsed:  4.2min
[Parallel(n_jobs=-1)]: Done 426 tasks      | elapsed:  6.7min
[Parallel(n_jobs=-1)]: Done 500 out of 500 | elapsed:  7.8min finished
[Parallel(n_jobs=-1)]: Using backend LokyBackend with 12 concurrent workers.
[Parallel(n_jobs=-1)]: Done  48 tasks      | elapsed:   44.3s
[Parallel(n_jobs=-1)]: Done 138 tasks      | elapsed:  2.2min
[Parallel(n_jobs=-1)]: Done 264 tasks      | elapsed:  4.0min
/Users/fuyuguo/PhD_thesis/Thesis_1_SNTTEM/Codes/three_time_binary/psi0_python/estimators.py:72: RuntimeWarning: overflow encountered in exp
  + mu13 * np.exp(-gamma03(L0, psi03) * A0)
/Users/fuyuguo/opt/anaconda3/lib/python3.9/site-packages/numpy/core/fromnumeric.py:86: RuntimeWarning: invalid value encountered in reduce
  return ufunc.reduce(obj, axis, dtype, out, **passkwargs)
/Users/fuyuguo/PhD_thesis/Thesis_1_SNTTEM/Codes/three_time_binary/psi0_python/estimators.py:72: RuntimeWarning: overflow encountered in exp
  + mu13 * np.exp(-gamma03(L0, psi03) * A0)
/Users/fuyuguo/opt/anaconda3/lib/python3.9/site-packages/numpy/core/fromnumeric.py:86: RuntimeWarning: invalid value encountered in reduce
  return ufunc.reduce(obj, axis, dtype, out, **passkwargs)
/Users/fuyuguo/PhD_thesis/Thesis_1_SNTTEM/Codes/three_time_binary/psi0_python/estimators.py:72: RuntimeWarning: overflow encountered in exp
  + mu13 * np.exp(-gamma03(L0, psi03) * A0)
/Users/fuyuguo/opt/anaconda3/lib/python3.9/site-packages/numpy/core/fromnumeric.py:86: RuntimeWarning: invalid value encountered in reduce
  return ufunc.reduce(obj, axis, dtype, out, **passkwargs)
[Parallel(n_jobs=-1)]: Done 426 tasks      | elapsed:  6.5min
/Users/fuyuguo/PhD_thesis/Thesis_1_SNTTEM/Codes/three_time_binary/psi0_python/estimators.py:39: RuntimeWarning: overflow encountered in exp
  + mu13 * np.exp(-gamma03(L0, psi03) * A0)
/Users/fuyuguo/opt/anaconda3/lib/python3.9/site-packages/numpy/core/fromnumeric.py:86: RuntimeWarning: invalid value encountered in reduce
  return ufunc.reduce(obj, axis, dtype, out, **passkwargs)
[Parallel(n_jobs=-1)]: Done 500 out of 500 | elapsed:  7.5min finished
[Parallel(n_jobs=-1)]: Using backend LokyBackend with 12 concurrent workers.
[Parallel(n_jobs=-1)]: Done  48 tasks      | elapsed:   47.2s
[Parallel(n_jobs=-1)]: Done 138 tasks      | elapsed:  2.2min
[Parallel(n_jobs=-1)]: Done 264 tasks      | elapsed:  4.3min
[Parallel(n_jobs=-1)]: Done 426 tasks      | elapsed:  6.7min
[Parallel(n_jobs=-1)]: Done 500 out of 500 | elapsed:  7.9min finished
[Parallel(n_jobs=-1)]: Using backend LokyBackend with 12 concurrent workers.
[Parallel(n_jobs=-1)]: Done  48 tasks      | elapsed:   47.4s
[Parallel(n_jobs=-1)]: Done 138 tasks      | elapsed:  2.3min
[Parallel(n_jobs=-1)]: Done 264 tasks      | elapsed:  4.3min
[Parallel(n_jobs=-1)]: Done 426 tasks      | elapsed:  7.0min
[Parallel(n_jobs=-1)]: Done 500 out of 500 | elapsed:  8.1min finished
[Parallel(n_jobs=-1)]: Using backend LokyBackend with 12 concurrent workers.
[Parallel(n_jobs=-1)]: Done  48 tasks      | elapsed:   46.2s
[Parallel(n_jobs=-1)]: Done 138 tasks      | elapsed:  2.2min
[Parallel(n_jobs=-1)]: Done 264 tasks      | elapsed:  4.2min
[Parallel(n_jobs=-1)]: Done 426 tasks      | elapsed:  6.7min
[Parallel(n_jobs=-1)]: Done 500 out of 500 | elapsed:  7.9min finished
[Parallel(n_jobs=-1)]: Using backend LokyBackend with 12 concurrent workers.
[Parallel(n_jobs=-1)]: Done  48 tasks      | elapsed:   48.3s
[Parallel(n_jobs=-1)]: Done 138 tasks      | elapsed:  2.4min
[Parallel(n_jobs=-1)]: Done 264 tasks      | elapsed:  4.4min
[Parallel(n_jobs=-1)]: Done 426 tasks      | elapsed:  7.1min
[Parallel(n_jobs=-1)]: Done 500 out of 500 | elapsed:  8.3min finished
[Parallel(n_jobs=-1)]: Using backend LokyBackend with 12 concurrent workers.
[Parallel(n_jobs=-1)]: Done  48 tasks      | elapsed:   49.3s
[Parallel(n_jobs=-1)]: Done 138 tasks      | elapsed:  2.4min
[Parallel(n_jobs=-1)]: Done 264 tasks      | elapsed:  4.5min
[Parallel(n_jobs=-1)]: Done 426 tasks      | elapsed:  7.3min
[Parallel(n_jobs=-1)]: Done 500 out of 500 | elapsed:  8.5min finished
Done in 556.1s

============================================================
[2/36] Running: p_I1=0.2, p_I2=0.2, ph1=0.2, ph2=0.5
============================================================
Done in 510.3s

============================================================
[3/36] Running: p_I1=0.2, p_I2=0.2, ph1=0.2, ph2=0.8
============================================================
Done in 513.8s

============================================================
[4/36] Running: p_I1=0.2, p_I2=0.2, ph1=0.5, ph2=0.2
============================================================
Done in 484.0s

============================================================
[5/36] Running: p_I1=0.2, p_I2=0.2, ph1=0.5, ph2=0.5
============================================================
Done in 502.0s

============================================================
[6/36] Running: p_I1=0.2, p_I2=0.2, ph1=0.5, ph2=0.8
============================================================
Done in 527.0s

============================================================
[7/36] Running: p_I1=0.2, p_I2=0.2, ph1=0.8, ph2=0.2
============================================================
Done in 495.4s

============================================================
[8/36] Running: p_I1=0.2, p_I2=0.2, ph1=0.8, ph2=0.5
============================================================
Done in 516.1s

============================================================
[9/36] Running: p_I1=0.2, p_I2=0.2, ph1=0.8, ph2=0.8
============================================================
Done in 538.6s

============================================================
[10/36] Running: p_I1=0.2, p_I2=1, ph1=0.2, ph2=0.2
============================================================
Done in 456.0s

============================================================
[11/36] Running: p_I1=0.2, p_I2=1, ph1=0.2, ph2=0.5
============================================================
Done in 470.9s

============================================================
[12/36] Running: p_I1=0.2, p_I2=1, ph1=0.2, ph2=0.8
============================================================
Done in 480.9s

============================================================
[13/36] Running: p_I1=0.2, p_I2=1, ph1=0.5, ph2=0.2
============================================================
Done in 460.9s

============================================================
[14/36] Running: p_I1=0.2, p_I2=1, ph1=0.5, ph2=0.5
============================================================
Done in 496.3s

============================================================
[15/36] Running: p_I1=0.2, p_I2=1, ph1=0.5, ph2=0.8
============================================================
Done in 501.4s

============================================================
[16/36] Running: p_I1=0.2, p_I2=1, ph1=0.8, ph2=0.2
============================================================
Done in 486.0s

============================================================
[17/36] Running: p_I1=0.2, p_I2=1, ph1=0.8, ph2=0.5
============================================================
Done in 539.6s

============================================================
[18/36] Running: p_I1=0.2, p_I2=1, ph1=0.8, ph2=0.8
============================================================
Done in 514.3s

============================================================
[19/36] Running: p_I1=1, p_I2=0.2, ph1=0.2, ph2=0.2
============================================================
Done in 452.6s

============================================================
[20/36] Running: p_I1=1, p_I2=0.2, ph1=0.2, ph2=0.5
============================================================
Done in 456.8s

============================================================
[21/36] Running: p_I1=1, p_I2=0.2, ph1=0.2, ph2=0.8
============================================================
Done in 486.2s

============================================================
[22/36] Running: p_I1=1, p_I2=0.2, ph1=0.5, ph2=0.2
============================================================
Done in 456.3s

============================================================
[23/36] Running: p_I1=1, p_I2=0.2, ph1=0.5, ph2=0.5
============================================================
Done in 477.5s

============================================================
[24/36] Running: p_I1=1, p_I2=0.2, ph1=0.5, ph2=0.8
============================================================
Done in 499.5s

============================================================
[25/36] Running: p_I1=1, p_I2=0.2, ph1=0.8, ph2=0.2
============================================================
Done in 477.7s

============================================================
[26/36] Running: p_I1=1, p_I2=0.2, ph1=0.8, ph2=0.5
============================================================
Done in 499.0s

============================================================
[27/36] Running: p_I1=1, p_I2=0.2, ph1=0.8, ph2=0.8
============================================================
Done in 523.0s

============================================================
[28/36] Running: p_I1=1, p_I2=1, ph1=0.2, ph2=0.2
============================================================
Done in 444.1s

============================================================
[29/36] Running: p_I1=1, p_I2=1, ph1=0.2, ph2=0.5
============================================================
Done in 452.2s

============================================================
[30/36] Running: p_I1=1, p_I2=1, ph1=0.2, ph2=0.8
============================================================
Done in 469.4s

============================================================
[31/36] Running: p_I1=1, p_I2=1, ph1=0.5, ph2=0.2
============================================================
Done in 452.5s

============================================================
[32/36] Running: p_I1=1, p_I2=1, ph1=0.5, ph2=0.5
============================================================
Done in 474.5s

============================================================
[33/36] Running: p_I1=1, p_I2=1, ph1=0.5, ph2=0.8
============================================================
Done in 487.1s

============================================================
[34/36] Running: p_I1=1, p_I2=1, ph1=0.8, ph2=0.2
============================================================
Done in 472.6s

============================================================
[35/36] Running: p_I1=1, p_I2=1, ph1=0.8, ph2=0.5
============================================================
Done in 496.3s

============================================================
[36/36] Running: p_I1=1, p_I2=1, ph1=0.8, ph2=0.8
============================================================
Done in 508.7s

============================================================
TIMING REPORT  (500 iterations per combination)
============================================================
 p_I1  p_I2  ph1  ph2    seconds
  0.2   0.2  0.2  0.2 556.058809
  0.2   0.2  0.2  0.5 510.259602
  0.2   0.2  0.2  0.8 513.765313
  0.2   0.2  0.5  0.2 483.977835
  0.2   0.2  0.5  0.5 501.989972
  0.2   0.2  0.5  0.8 526.972588
  0.2   0.2  0.8  0.2 495.394698
  0.2   0.2  0.8  0.5 516.066389
  0.2   0.2  0.8  0.8 538.637330
  0.2   1.0  0.2  0.2 455.986483
  0.2   1.0  0.2  0.5 470.865969
  0.2   1.0  0.2  0.8 480.916173
  0.2   1.0  0.5  0.2 460.853633
  0.2   1.0  0.5  0.5 496.311481
  0.2   1.0  0.5  0.8 501.396806
  0.2   1.0  0.8  0.2 486.006182
  0.2   1.0  0.8  0.5 539.579254
  0.2   1.0  0.8  0.8 514.267724
  1.0   0.2  0.2  0.2 452.574675
  1.0   0.2  0.2  0.5 456.830046
  1.0   0.2  0.2  0.8 486.237714
  1.0   0.2  0.5  0.2 456.348003
  1.0   0.2  0.5  0.5 477.491622
  1.0   0.2  0.5  0.8 499.525524
  1.0   0.2  0.8  0.2 477.679790
  1.0   0.2  0.8  0.5 499.023472
  1.0   0.2  0.8  0.8 522.969845
  1.0   1.0  0.2  0.2 444.129377
  1.0   1.0  0.2  0.5 452.151401
  1.0   1.0  0.2  0.8 469.417698
  1.0   1.0  0.5  0.2 452.450903
  1.0   1.0  0.5  0.5 474.486696
  1.0   1.0  0.5  0.8 487.065897
  1.0   1.0  0.8  0.2 472.584648
  1.0   1.0  0.8  0.5 496.288467
  1.0   1.0  0.8  0.8 508.746432

Average simulation time per combination: 489.9s (min 444.1s, max 556.1s)
Total elapsed over 36 combinations: 17635.6s
Saved results to /Users/fuyuguo/PhD_thesis/Thesis_1_SNTTEM/Codes/three_time_binary/psi0_python/simulation_results.pkl
Saved timings to /Users/fuyuguo/PhD_thesis/Thesis_1_SNTTEM/Codes/three_time_binary/psi0_python/simulation_results_timings.csv
