id,est_psi03,est_psi13,est_psi23,method,p_I,ph,seed,psi03,psi13,psi23,sigma
1,1.0010006488433993,0.9986362545839127,0.9998518821346934,Three-step,0.25,0.4,3411,1.0,1.0,1.0,0
2,1.0022663316455809,1.001918860892726,0.9986450224413606,Three-step,0.25,0.4,3411,1.0,1.0,1.0,0
3,1.0027209085462283,0.9969914048355559,1.00445930721336,Three-step,0.25,0.4,3411,1.0,1.0,1.0,0
4,1.0014428461775646,0.9991373746081208,1.0017415170352195,Three-step,0.25,0.4,3411,1.0,1.0,1.0,0
5,1.0028022102315997,0.9996076114985197,1.0011412139993952,Three-step,0.25,0.4,3411,1.0,1.0,1.0,0
6,0.999902574240743,1.0010690172268701,1.0060613455498124,Three-step,0.25,0.4,3411,1.0,1.0,1.0,0
7,1.0005682213177949,0.9996940534091221,0.9969295408473198,Three-step,0.25,0.4,3411,1.0,1.0,1.0,0
8,0.9991099368521258,1.001816002363275,1.002793672116281,Three-step,0.25,0.4,3411,1.0,1.0,1.0,0
9,0.9968330920101433,1.002072524532871,1.0010101183132272,Three-step,0.25,0.4,3411,1.0,1.0,1.0,0
10,0.9993513146691863,1.0033682348607211,1.0032196655314871,Three-step,0.25,0.4,3411,1.0,1.0,1.0,0
11,0.9991110086540123,0.9998375825528858,1.0019372274317866,Three-step,0.25,0.4,3411,1.0,1.0,1.0,0
12,0.9995109040623127,0.9976021480374253,1.0004904042732763,Three-step,0.25,0.4,3411,1.0,1.0,1.0,0
13,1.003251109423,0.9980256815544155,1.0026957239375565,Three-step,0.25,0.4,3411,1.0,1.0,1.0,0
14,0.9922882630246118,0.993849297949003,1.0048244506436466,Three-step,0.25,0.4,3411,1.0,1.0,1.0,0
15,1.0012210475790249,0.999283923739701,0.9950656805935839,Three-step,0.25,0.4,3411,1.0,1.0,1.0,0
16,0.9977339726402858,0.9969926240099064,0.9976914452916783,Three-step,0.25,0.4,3411,1.0,1.0,1.0,0
17,1.0008004427813462,0.9982247424704193,0.9959788870143116,Three-step,0.25,0.4,3411,1.0,1.0,1.0,0
18,1.0003639843510728,0.9999385973415172,0.9996545977817828,Three-step,0.25,0.4,3411,1.0,1.0,1.0,0
19,1.0005239240061274,0.9980797129627995,1.0017903152605283,Three-step,0.25,0.4,3411,1.0,1.0,1.0,0
20,0.9986816206833727,0.9968205573756889,0.996290812057835,Three-step,0.25,0.4,3411,1.0,1.0,1.0,0
21,0.9971097470768715,1.0012399322982164,1.0007132380458352,Three-step,0.25,0.4,3411,1.0,1.0,1.0,0
22,0.9966207137270359,1.0028470015571898,0.9991961393182581,Three-step,0.25,0.4,3411,1.0,1.0,1.0,0
23,1.0012969179606883,1.001228874871231,0.9990295150449716,Three-step,0.25,0.4,3411,1.0,1.0,1.0,0
24,1.0017044075873989,0.998232641798211,1.0021292798209933,Three-step,0.25,0.4,3411,1.0,1.0,1.0,0
25,1.00076913389573,1.0022436428453305,1.0056968093635432,Three-step,0.25,0.4,3411,1.0,1.0,1.0,0
26,0.9966606420546221,0.9925429128379016,1.0010123223557648,Three-step,0.25,0.4,3411,1.0,1.0,1.0,0
27,1.0019936407356405,1.0038391175300512,0.9962877783410661,Three-step,0.25,0.4,3411,1.0,1.0,1.0,0
28,0.9997253412567922,0.9991473843670498,0.9988257755584101,Three-step,0.25,0.4,3411,1.0,1.0,1.0,0
29,0.9986621378539388,1.0069245585955058,1.0014426574627402,Three-step,0.25,0.4,3411,1.0,1.0,1.0,0
30,1.0007275393475208,1.0056907904797958,1.0054073172043938,Three-step,0.25,0.4,3411,1.0,1.0,1.0,0
31,0.998017224098004,1.0028630528320635,0.9937677422683159,Three-step,0.25,0.4,3411,1.0,1.0,1.0,0
32,0.9981464088333335,1.0015927932364068,1.00037759115787,Three-step,0.25,0.4,3411,1.0,1.0,1.0,0
33,1.0014578426485186,0.998813590612374,1.0027106061878073,Three-step,0.25,0.4,3411,1.0,1.0,1.0,0
34,1.0000075842460867,0.9987899351510329,0.9998274727483619,Three-step,0.25,0.4,3411,1.0,1.0,1.0,0
35,0.9975562578674718,1.0013117662058995,0.99803263618228,Three-step,0.25,0.4,3411,1.0,1.0,1.0,0
36,1.001552362295887,0.9958530386453593,0.9991754645471554,Three-step,0.25,0.4,3411,1.0,1.0,1.0,0
37,1.0004408718516673,1.0013986919199576,0.997221972205718,Three-step,0.25,0.4,3411,1.0,1.0,1.0,0
38,0.9978812637167768,0.998243949970872,0.9994697533532186,Three-step,0.25,0.4,3411,1.0,1.0,1.0,0
39,1.000054945811461,1.0013323382589883,1.0001695478497432,Three-step,0.25,0.4,3411,1.0,1.0,1.0,0
40,1.0037442335621236,0.9977490000341015,1.0013514438158801,Three-step,0.25,0.4,3411,1.0,1.0,1.0,0
41,0.9996229386128711,1.0009153012340424,1.0006965352891402,Three-step,0.25,0.4,3411,1.0,1.0,1.0,0
42,0.9942993775806139,0.994255181763517,0.9979140114399967,Three-step,0.25,0.4,3411,1.0,1.0,1.0,0
43,1.0019728593311825,1.0008107846110643,1.0022983215435903,Three-step,0.25,0.4,3411,1.0,1.0,1.0,0
44,0.9973255108497087,0.9959624947513721,1.0014454049430712,Three-step,0.25,0.4,3411,1.0,1.0,1.0,0
45,1.0033931158764904,1.003354124302317,0.9984324632903924,Three-step,0.25,0.4,3411,1.0,1.0,1.0,0
46,1.0011091546718018,1.001004558571189,1.0040109793924255,Three-step,0.25,0.4,3411,1.0,1.0,1.0,0
47,1.0019982806595662,1.0001318396511254,0.9996978133136946,Three-step,0.25,0.4,3411,1.0,1.0,1.0,0
48,1.0027834490596115,0.9979419926894793,0.9997144957393059,Three-step,0.25,0.4,3411,1.0,1.0,1.0,0
49,0.995903304184738,0.9968760558791351,0.9968663868451587,Three-step,0.25,0.4,3411,1.0,1.0,1.0,0
50,1.0008320955915326,1.0032053620684096,0.9970738919391685,Three-step,0.25,0.4,3411,1.0,1.0,1.0,0
51,0.9975058392488196,0.9938509789158649,0.9993262551528515,Three-step,0.25,0.4,3411,1.0,1.0,1.0,0
52,0.9997184688018931,1.0014299232444235,1.0008001508765436,Three-step,0.25,0.4,3411,1.0,1.0,1.0,0
53,1.000504285542259,0.995819634758311,1.0016041830076026,Three-step,0.25,0.4,3411,1.0,1.0,1.0,0
54,1.0010604788790014,0.9960317919379165,0.9957305516860243,Three-step,0.25,0.4,3411,1.0,1.0,1.0,0
55,0.9992231025979468,0.9984830412687058,0.9972748950520447,Three-step,0.25,0.4,3411,1.0,1.0,1.0,0
56,0.996399083797231,0.9938757196858681,0.9947886193221266,Three-step,0.25,0.4,3411,1.0,1.0,1.0,0
57,1.001262512888192,1.0068988957363045,1.0052156114526134,Three-step,0.25,0.4,3411,1.0,1.0,1.0,0
58,1.010513751706663,1.002449121970983,0.9991222507718281,Three-step,0.25,0.4,3411,1.0,1.0,1.0,0
59,1.0011528459946573,1.001771694172158,1.0090969834501644,Three-step,0.25,0.4,3411,1.0,1.0,1.0,0
60,0.9970231801610142,1.0005242213361625,1.0044080949547938,Three-step,0.25,0.4,3411,1.0,1.0,1.0,0
61,0.9961184208142974,0.9989284638047693,0.9960919282279815,Three-step,0.25,0.4,3411,1.0,1.0,1.0,0
62,1.0001911036249447,1.0023276520700626,1.0026197921073456,Three-step,0.25,0.4,3411,1.0,1.0,1.0,0
63,1.002809698387106,0.9964390419024112,0.9977480473379404,Three-step,0.25,0.4,3411,1.0,1.0,1.0,0
64,0.9977867402322841,1.0003120396227674,0.9993664114685308,Three-step,0.25,0.4,3411,1.0,1.0,1.0,0
65,0.9995848768473605,1.0000318432334965,0.9988898171139535,Three-step,0.25,0.4,3411,1.0,1.0,1.0,0
66,0.9945930265025872,1.0051392110008117,0.9986557980860011,Three-step,0.25,0.4,3411,1.0,1.0,1.0,0
67,0.9988179189126699,0.9997464453402213,0.9986409732980289,Three-step,0.25,0.4,3411,1.0,1.0,1.0,0
68,0.9992002063072972,0.995842985029274,0.9984892129111282,Three-step,0.25,0.4,3411,1.0,1.0,1.0,0
69,0.9950521624385346,1.0040387449988026,1.0014410082095853,Three-step,0.25,0.4,3411,1.0,1.0,1.0,0
70,0.9977040280150905,1.0005809405007662,0.9958539346814886,Three-step,0.25,0.4,3411,1.0,1.0,1.0,0
71,1.0010118226240194,0.998045747334025,0.9984609190971723,Three-step,0.25,0.4,3411,1.0,1.0,1.0,0
72,0.996838258669477,0.992152914076965,0.9988999807825898,Three-step,0.25,0.4,3411,1.0,1.0,1.0,0
73,0.9966109859259996,1.0018561573013927,0.9988878994197063,Three-step,0.25,0.4,3411,1.0,1.0,1.0,0
74,0.9979356816168862,1.0016465335353235,1.0001079564501918,Three-step,0.25,0.4,3411,1.0,1.0,1.0,0
75,1.0016762563947947,1.0018242517926508,1.0001027668168032,Three-step,0.25,0.4,3411,1.0,1.0,1.0,0
76,1.000186687872649,1.0022875607709414,1.0006493028108894,Three-step,0.25,0.4,3411,1.0,1.0,1.0,0
77,1.004077504113038,1.0000280955945058,1.000310117043156,Three-step,0.25,0.4,3411,1.0,1.0,1.0,0
78,1.0049871648762123,1.00438321149958,1.0010107247996698,Three-step,0.25,0.4,3411,1.0,1.0,1.0,0
79,0.9991559178470066,0.9990545547340576,1.0025522772765683,Three-step,0.25,0.4,3411,1.0,1.0,1.0,0
80,0.9999947038947613,1.002161622055103,1.0015676605759294,Three-step,0.25,0.4,3411,1.0,1.0,1.0,0
81,0.9975512295195285,1.0036873865732059,1.0047797025643517,Three-step,0.25,0.4,3411,1.0,1.0,1.0,0
82,0.9997762348643845,0.9985673389305736,0.9982975530194147,Three-step,0.25,0.4,3411,1.0,1.0,1.0,0
83,0.9999082905068926,0.9986706956878353,0.997319827710731,Three-step,0.25,0.4,3411,1.0,1.0,1.0,0
84,1.00030019931571,0.9992129938172054,1.0036417983876695,Three-step,0.25,0.4,3411,1.0,1.0,1.0,0
85,1.0015074317631538,1.0009177239273817,0.9969282555250243,Three-step,0.25,0.4,3411,1.0,1.0,1.0,0
86,0.9974578058361467,0.9995975728209313,0.9942039516068516,Three-step,0.25,0.4,3411,1.0,1.0,1.0,0
87,1.0003244692426785,1.0044243829321053,1.0012275150957848,Three-step,0.25,0.4,3411,1.0,1.0,1.0,0
88,1.0015942126953161,1.0011201915544874,1.0046468923840906,Three-step,0.25,0.4,3411,1.0,1.0,1.0,0
89,1.002582460289089,0.9988481292138742,0.9997777200816392,Three-step,0.25,0.4,3411,1.0,1.0,1.0,0
90,0.9980602029442472,0.9997189175376348,0.9990262854177597,Three-step,0.25,0.4,3411,1.0,1.0,1.0,0
91,1.0056767268088294,1.000425928703019,0.9993706007996671,Three-step,0.25,0.4,3411,1.0,1.0,1.0,0
92,1.0019666908404765,0.9960932995257797,1.0049851533312824,Three-step,0.25,0.4,3411,1.0,1.0,1.0,0
93,0.9946188925669525,0.9991724504713345,0.9970018709293266,Three-step,0.25,0.4,3411,1.0,1.0,1.0,0
94,1.002408675833586,1.0029099698614463,0.997377488813783,Three-step,0.25,0.4,3411,1.0,1.0,1.0,0
95,0.9992634596185062,0.9945787011159288,0.9988570191400946,Three-step,0.25,0.4,3411,1.0,1.0,1.0,0
96,1.0001533427712122,1.003076634691281,0.9995002198314451,Three-step,0.25,0.4,3411,1.0,1.0,1.0,0
97,0.9997791691430319,0.9999108736645146,1.0018849174670126,Three-step,0.25,0.4,3411,1.0,1.0,1.0,0
98,1.0002730055982318,0.9970923846629605,0.9986297677948954,Three-step,0.25,0.4,3411,1.0,1.0,1.0,0
99,0.9986116781648107,1.002195271521139,0.9992526839523045,Three-step,0.25,0.4,3411,1.0,1.0,1.0,0
100,0.999418216918442,0.9981427517755257,0.9978669103645498,Three-step,0.25,0.4,3411,1.0,1.0,1.0,0
1,1.0012799486252455,0.9991629126687609,0.9998518821346937,Robins' estimator,0.25,0.4,3411,1.0,1.0,1.0,0
2,1.0002211696351828,1.00146299343259,0.9986450224413606,Robins' estimator,0.25,0.4,3411,1.0,1.0,1.0,0
3,1.0036529283554971,1.0000656965587194,1.0044593072133599,Robins' estimator,0.25,0.4,3411,1.0,1.0,1.0,0
4,1.0009271183734978,1.002775428453145,1.0017415170352197,Robins' estimator,0.25,0.4,3411,1.0,1.0,1.0,0
5,1.0022843555821002,0.9995389761350486,1.001141213999395,Robins' estimator,0.25,0.4,3411,1.0,1.0,1.0,0
6,1.0009143171139392,1.0013567029917412,1.0060613455498122,Robins' estimator,0.25,0.4,3411,1.0,1.0,1.0,0
7,1.0015847492596812,0.9995454258022423,0.9969295408473197,Robins' estimator,0.25,0.4,3411,1.0,1.0,1.0,0
8,0.9994252339281805,1.0010405289346704,1.002793672116281,Robins' estimator,0.25,0.4,3411,1.0,1.0,1.0,0
9,0.9975486697576412,1.0028743324427223,1.0010101183132272,Robins' estimator,0.25,0.4,3411,1.0,1.0,1.0,0
10,0.9976282919757374,1.0037071939799862,1.0032196655314871,Robins' estimator,0.25,0.4,3411,1.0,1.0,1.0,0
11,0.9998339720222531,1.0004610538011918,1.0019372274317866,Robins' estimator,0.25,0.4,3411,1.0,1.0,1.0,0
12,0.9997549192044243,0.9960297586219216,1.0004904042732763,Robins' estimator,0.25,0.4,3411,1.0,1.0,1.0,0
13,1.0012811400130588,0.999497879653029,1.0026957239375565,Robins' estimator,0.25,0.4,3411,1.0,1.0,1.0,0
14,0.9967717882233706,0.9961738263997252,1.0048244506436463,Robins' estimator,0.25,0.4,3411,1.0,1.0,1.0,0
15,0.9988065352077067,1.0003167834254059,0.9950656805935839,Robins' estimator,0.25,0.4,3411,1.0,1.0,1.0,0
16,0.9991606435533074,0.9958982066386508,0.9976914452916783,Robins' estimator,0.25,0.4,3411,1.0,1.0,1.0,0
17,1.000072540449662,0.9963579527472025,0.9959788870143117,Robins' estimator,0.25,0.4,3411,1.0,1.0,1.0,0
18,1.0006904333230573,0.9965448428011866,0.9996545977817829,Robins' estimator,0.25,0.4,3411,1.0,1.0,1.0,0
19,1.0016089733711544,1.0003855384812905,1.0017903152605283,Robins' estimator,0.25,0.4,3411,1.0,1.0,1.0,0
20,0.9984492107649484,0.9983638395098204,0.9962908120578352,Robins' estimator,0.25,0.4,3411,1.0,1.0,1.0,0
21,0.9965677943569583,1.0013930258079184,1.0007132380458352,Robins' estimator,0.25,0.4,3411,1.0,1.0,1.0,0
22,0.9960278349772583,1.0036794434727958,0.9991961393182582,Robins' estimator,0.25,0.4,3411,1.0,1.0,1.0,0
23,1.0008797341217037,1.0010342373932568,0.9990295150449716,Robins' estimator,0.25,0.4,3411,1.0,1.0,1.0,0
24,1.0026956556239692,1.0013783495101225,1.002129279820993,Robins' estimator,0.25,0.4,3411,1.0,1.0,1.0,0
25,1.001977776172486,1.000618977701561,1.0056968093635432,Robins' estimator,0.25,0.4,3411,1.0,1.0,1.0,0
26,0.9991554818910292,0.9937744827677211,1.0010123223557648,Robins' estimator,0.25,0.4,3411,1.0,1.0,1.0,0
27,0.9999405207143133,1.0063843509853263,0.996287778341066,Robins' estimator,0.25,0.4,3411,1.0,1.0,1.0,0
28,0.9987091778151221,0.9985560432085061,0.99882577555841,Robins' estimator,0.25,0.4,3411,1.0,1.0,1.0,0
29,0.9990562449636312,1.0086303193248845,1.0014426574627404,Robins' estimator,0.25,0.4,3411,1.0,1.0,1.0,0
30,1.0017161222750173,1.0045817946241529,1.0054073172043936,Robins' estimator,0.25,0.4,3411,1.0,1.0,1.0,0
31,0.9968222410933302,1.001875099955226,0.9937677422683159,Robins' estimator,0.25,0.4,3411,1.0,1.0,1.0,0
32,0.9965498774079083,1.0009450198698668,1.00037759115787,Robins' estimator,0.25,0.4,3411,1.0,1.0,1.0,0
33,1.000928721891266,1.0014872135536455,1.0027106061878073,Robins' estimator,0.25,0.4,3411,1.0,1.0,1.0,0
34,1.0006689725125337,1.000018604400797,0.9998274727483619,Robins' estimator,0.25,0.4,3411,1.0,1.0,1.0,0
35,0.9990210176066028,0.9994092819018913,0.9980326361822801,Robins' estimator,0.25,0.4,3411,1.0,1.0,1.0,0
36,1.0011837300365334,0.9954576633913909,0.9991754645471557,Robins' estimator,0.25,0.4,3411,1.0,1.0,1.0,0
37,0.997255094178204,1.001344170814996,0.9972219722057178,Robins' estimator,0.25,0.4,3411,1.0,1.0,1.0,0
38,0.998998811325877,0.9989067383830403,0.9994697533532185,Robins' estimator,0.25,0.4,3411,1.0,1.0,1.0,0
39,0.9999915468776132,0.9999555327458564,1.0001695478497432,Robins' estimator,0.25,0.4,3411,1.0,1.0,1.0,0
40,1.0034248232258494,0.9973811413079102,1.0013514438158801,Robins' estimator,0.25,0.4,3411,1.0,1.0,1.0,0
41,0.9999170576268391,0.9997950571978221,1.0006965352891402,Robins' estimator,0.25,0.4,3411,1.0,1.0,1.0,0
42,0.9955623716998464,0.9955162710340797,0.9979140114399967,Robins' estimator,0.25,0.4,3411,1.0,1.0,1.0,0
43,1.0018706658946723,1.000862249875643,1.0022983215435903,Robins' estimator,0.25,0.4,3411,1.0,1.0,1.0,0
44,0.9983163935890306,0.9967123542096715,1.0014454049430712,Robins' estimator,0.25,0.4,3411,1.0,1.0,1.0,0
45,1.0020936426159102,1.0022687797951122,0.9984324632903923,Robins' estimator,0.25,0.4,3411,1.0,1.0,1.0,0
46,1.00244927765874,1.0021637980699756,1.0040109793924255,Robins' estimator,0.25,0.4,3411,1.0,1.0,1.0,0
47,1.0013913410232929,0.9997349702167249,0.9996978133136946,Robins' estimator,0.25,0.4,3411,1.0,1.0,1.0,0
48,1.0020694481188221,0.9985673514755805,0.9997144957393058,Robins' estimator,0.25,0.4,3411,1.0,1.0,1.0,0
49,0.9950942393481671,0.9965166892124825,0.9968663868451589,Robins' estimator,0.25,0.4,3411,1.0,1.0,1.0,0
50,0.9982083463556826,1.0016391642902651,0.9970738919391685,Robins' estimator,0.25,0.4,3411,1.0,1.0,1.0,0
51,0.9991836664640005,0.9944918162340611,0.9993262551528516,Robins' estimator,0.25,0.4,3411,1.0,1.0,1.0,0
52,1.00003984713969,1.0012245956509762,1.0008001508765434,Robins' estimator,0.25,0.4,3411,1.0,1.0,1.0,0
53,1.0021346835278835,0.9961673900073514,1.0016041830076026,Robins' estimator,0.25,0.4,3411,1.0,1.0,1.0,0
54,1.0008523967935912,0.9966137544709059,0.9957305516860243,Robins' estimator,0.25,0.4,3411,1.0,1.0,1.0,0
55,0.9987289013679949,0.9984265480332838,0.9972748950520449,Robins' estimator,0.25,0.4,3411,1.0,1.0,1.0,0
56,0.9952157845037573,0.9982952764151766,0.9947886193221265,Robins' estimator,0.25,0.4,3411,1.0,1.0,1.0,0
57,0.9982455117528193,1.008111811212003,1.0052156114526136,Robins' estimator,0.25,0.4,3411,1.0,1.0,1.0,0
58,1.005561859473118,1.001943928291435,0.9991222507718283,Robins' estimator,0.25,0.4,3411,1.0,1.0,1.0,0
59,1.0024232934341752,1.0028488837743963,1.0090969834501644,Robins' estimator,0.25,0.4,3411,1.0,1.0,1.0,0
60,1.0000618132766035,0.9993806737759287,1.0044080949547938,Robins' estimator,0.25,0.4,3411,1.0,1.0,1.0,0
61,0.9957135236120925,1.0001388303733878,0.9960919282279816,Robins' estimator,0.25,0.4,3411,1.0,1.0,1.0,0
62,0.9998790965025519,1.0014072074809433,1.0026197921073459,Robins' estimator,0.25,0.4,3411,1.0,1.0,1.0,0
63,1.0007668824408102,0.9991453003699828,0.9977480473379403,Robins' estimator,0.25,0.4,3411,1.0,1.0,1.0,0
64,0.9973204956745252,0.998976946554243,0.9993664114685306,Robins' estimator,0.25,0.4,3411,1.0,1.0,1.0,0
65,0.9998151945683108,0.9989098534174766,0.9988898171139535,Robins' estimator,0.25,0.4,3411,1.0,1.0,1.0,0
66,0.9970515735082515,1.005524293415821,0.9986557980860008,Robins' estimator,0.25,0.4,3411,1.0,1.0,1.0,0
67,0.9988607892536927,0.9993651104968255,0.9986409732980288,Robins' estimator,0.25,0.4,3411,1.0,1.0,1.0,0
68,0.9994799677023966,0.9970008232751937,0.9984892129111282,Robins' estimator,0.25,0.4,3411,1.0,1.0,1.0,0
69,0.9963322038902152,1.0039460117256978,1.0014410082095853,Robins' estimator,0.25,0.4,3411,1.0,1.0,1.0,0
70,0.9974716185942399,1.0024550815139015,0.9958539346814886,Robins' estimator,0.25,0.4,3411,1.0,1.0,1.0,0
71,1.0011645711625234,0.9984390571534146,0.9984609190971719,Robins' estimator,0.25,0.4,3411,1.0,1.0,1.0,0
72,0.9975678305544479,0.9928792403933144,0.9988999807825898,Robins' estimator,0.25,0.4,3411,1.0,1.0,1.0,0
73,0.9952888976515124,1.0010873387251704,0.9988878994197066,Robins' estimator,0.25,0.4,3411,1.0,1.0,1.0,0
74,0.9977749870993565,0.9999410040934683,1.0001079564501916,Robins' estimator,0.25,0.4,3411,1.0,1.0,1.0,0
75,0.998806578609109,1.002878263705825,1.0001027668168032,Robins' estimator,0.25,0.4,3411,1.0,1.0,1.0,0
76,0.9993640221023888,1.0011318401289857,1.0006493028108894,Robins' estimator,0.25,0.4,3411,1.0,1.0,1.0,0
77,1.0039013366209788,0.9986405772094499,1.0003101170431559,Robins' estimator,0.25,0.4,3411,1.0,1.0,1.0,0
78,1.0052696386926927,1.0027761216653535,1.0010107247996698,Robins' estimator,0.25,0.4,3411,1.0,1.0,1.0,0
79,1.0000051910431917,0.9987890533786923,1.0025522772765683,Robins' estimator,0.25,0.4,3411,1.0,1.0,1.0,0
80,0.9979170315749347,0.9992496227656872,1.0015676605759294,Robins' estimator,0.25,0.4,3411,1.0,1.0,1.0,0
81,0.9992050222657642,1.0033579422666243,1.0047797025643517,Robins' estimator,0.25,0.4,3411,1.0,1.0,1.0,0
82,0.9994209809969282,0.9988208322856074,0.9982975530194147,Robins' estimator,0.25,0.4,3411,1.0,1.0,1.0,0
83,1.0001116595873192,1.0003225088120595,0.9973198277107309,Robins' estimator,0.25,0.4,3411,1.0,1.0,1.0,0
84,1.0033310620681135,0.9999030468986104,1.0036417983876698,Robins' estimator,0.25,0.4,3411,1.0,1.0,1.0,0
85,1.0013032809214573,1.0012992862155656,0.9969282555250245,Robins' estimator,0.25,0.4,3411,1.0,1.0,1.0,0
86,0.9977901946282086,0.9999267226086476,0.9942039516068517,Robins' estimator,0.25,0.4,3411,1.0,1.0,1.0,0
87,1.003908865638465,1.0039027001070266,1.0012275150957848,Robins' estimator,0.25,0.4,3411,1.0,1.0,1.0,0
88,1.001125058363464,1.0015880922134275,1.0046468923840908,Robins' estimator,0.25,0.4,3411,1.0,1.0,1.0,0
89,1.0023268784533765,0.9977910360640883,0.9997777200816392,Robins' estimator,0.25,0.4,3411,1.0,1.0,1.0,0
90,0.9973233140172776,1.0022067128030496,0.9990262854177595,Robins' estimator,0.25,0.4,3411,1.0,1.0,1.0,0
91,1.0031850243837463,1.0003218336992068,0.9993706007996669,Robins' estimator,0.25,0.4,3411,1.0,1.0,1.0,0
92,1.0010768742597256,0.9959244534272589,1.0049851533312824,Robins' estimator,0.25,0.4,3411,1.0,1.0,1.0,0
93,0.9946918801574756,0.9976326766763018,0.9970018709293267,Robins' estimator,0.25,0.4,3411,1.0,1.0,1.0,0
94,1.000437916648866,1.003730292980486,0.9973774888137831,Robins' estimator,0.25,0.4,3411,1.0,1.0,1.0,0
95,1.0000498934101627,0.994358758744464,0.9988570191400946,Robins' estimator,0.25,0.4,3411,1.0,1.0,1.0,0
96,1.0005201941633015,1.0024768674547646,0.999500219831445,Robins' estimator,0.25,0.4,3411,1.0,1.0,1.0,0
97,1.0000020812908144,0.9989129212811226,1.0018849174670126,Robins' estimator,0.25,0.4,3411,1.0,1.0,1.0,0
98,1.00040520280422,0.9976176088003852,0.9986297677948951,Robins' estimator,0.25,0.4,3411,1.0,1.0,1.0,0
99,0.9986342611097222,1.0015558470864219,0.9992526839523043,Robins' estimator,0.25,0.4,3411,1.0,1.0,1.0,0
100,0.9990606619552462,0.9994668714427063,0.9978669103645499,Robins' estimator,0.25,0.4,3411,1.0,1.0,1.0,0
1,1.0013065226994426,0.999145642905291,0.9998035114700465,GMM estimator,0.25,0.4,3411,1.0,1.0,1.0,0
2,1.0003541702052043,1.000535134176523,0.9991924762458383,GMM estimator,0.25,0.4,3411,1.0,1.0,1.0,0
3,1.0030064033724508,1.0006970076610486,1.0028261276383184,GMM estimator,0.25,0.4,3411,1.0,1.0,1.0,0
4,1.0013302029015363,1.0030382447136288,1.0010289288997178,GMM estimator,0.25,0.4,3411,1.0,1.0,1.0,0
5,1.0025024358787786,0.999630865529667,1.0015497478995323,GMM estimator,0.25,0.4,3411,1.0,1.0,1.0,0
6,1.0005668426417,1.001462012817571,1.0053453804581571,GMM estimator,0.25,0.4,3411,1.0,1.0,1.0,0
7,1.0017418766831998,0.9999701557563271,0.9969022007452912,GMM estimator,0.25,0.4,3411,1.0,1.0,1.0,0
8,0.9993534613159413,1.0010372625600337,1.0023686549394677,GMM estimator,0.25,0.4,3411,1.0,1.0,1.0,0
9,0.9974250679383125,1.0029769969927096,1.0007183538203441,GMM estimator,0.25,0.4,3411,1.0,1.0,1.0,0
10,0.9975333349219706,1.0031712325612057,1.0040001822693185,GMM estimator,0.25,0.4,3411,1.0,1.0,1.0,0
11,0.9994641654363067,1.0004496326046062,1.000705474975178,GMM estimator,0.25,0.4,3411,1.0,1.0,1.0,0
12,0.9996635425631644,0.995937111540874,1.0002230876106808,GMM estimator,0.25,0.4,3411,1.0,1.0,1.0,0
13,1.0017476688844953,0.9997575950508988,1.0045440971876225,GMM estimator,0.25,0.4,3411,1.0,1.0,1.0,0
14,0.9978295280801569,0.9979926737631026,1.0027033189807533,GMM estimator,0.25,0.4,3411,1.0,1.0,1.0,0
15,1.0000176695655696,1.000938640166191,0.9991885076466038,GMM estimator,0.25,0.4,3411,1.0,1.0,1.0,0
16,0.9988830981411456,0.9965035387549983,0.9975823105671071,GMM estimator,0.25,0.4,3411,1.0,1.0,1.0,0
17,1.0007597880450587,0.9973229647973061,0.9982900653256257,GMM estimator,0.25,0.4,3411,1.0,1.0,1.0,0
18,1.0008021250632895,0.9980178118095043,1.0011198558434478,GMM estimator,0.25,0.4,3411,1.0,1.0,1.0,0
19,1.0002350053379239,0.9997819617606911,0.999172516492106,GMM estimator,0.25,0.4,3411,1.0,1.0,1.0,0
20,0.9983730305187353,0.9983855907927343,0.9968141305275737,GMM estimator,0.25,0.4,3411,1.0,1.0,1.0,0
21,0.9965408334970177,1.0012098708498431,1.0008242100346965,GMM estimator,0.25,0.4,3411,1.0,1.0,1.0,0
22,0.996322867225331,1.0036194493465393,0.9993137030820822,GMM estimator,0.25,0.4,3411,1.0,1.0,1.0,0
23,1.0009699410205266,1.0009482299726928,0.9991015407848747,GMM estimator,0.25,0.4,3411,1.0,1.0,1.0,0
24,1.002112481187799,1.0019029508275676,1.002455193972157,GMM estimator,0.25,0.4,3411,1.0,1.0,1.0,0
25,1.0013791139451753,1.0002156931313597,1.0035342115769574,GMM estimator,0.25,0.4,3411,1.0,1.0,1.0,0
26,0.9978463795587157,0.994436608276286,0.9986157293366357,GMM estimator,0.25,0.4,3411,1.0,1.0,1.0,0
27,1.0001620250653018,1.005860361720106,0.9988568476040426,GMM estimator,0.25,0.4,3411,1.0,1.0,1.0,0
28,0.9991917711844314,0.99826675292564,1.0006323162687505,GMM estimator,0.25,0.4,3411,1.0,1.0,1.0,0
29,0.9992888804463181,1.0080897130747313,1.001158310995258,GMM estimator,0.25,0.4,3411,1.0,1.0,1.0,0
30,1.0010108790717456,1.0040830478004765,1.0039905468597867,GMM estimator,0.25,0.4,3411,1.0,1.0,1.0,0
31,0.997631346025523,1.001446140129679,0.9948426070486909,GMM estimator,0.25,0.4,3411,1.0,1.0,1.0,0
32,0.9969500084068336,1.0005430694679966,1.0009943726346457,GMM estimator,0.25,0.4,3411,1.0,1.0,1.0,0
33,1.0003135206071827,1.0000681327303629,1.0011215452625228,GMM estimator,0.25,0.4,3411,1.0,1.0,1.0,0
34,1.000335103472724,0.9998493399243429,0.9989818644871572,GMM estimator,0.25,0.4,3411,1.0,1.0,1.0,0
35,0.9979244231294098,1.0001372703286264,0.9966437662912221,GMM estimator,0.25,0.4,3411,1.0,1.0,1.0,0
36,1.0012708840873579,0.9953724677821346,0.9992000724700673,GMM estimator,0.25,0.4,3411,1.0,1.0,1.0,0
37,0.9978196215901045,1.0002934209377148,0.9993221107386009,GMM estimator,0.25,0.4,3411,1.0,1.0,1.0,0
38,0.9988381788253263,0.9990682352029787,0.9984562652067774,GMM estimator,0.25,0.4,3411,1.0,1.0,1.0,0
39,0.999901883649068,1.0001021691666458,1.0002357266572597,GMM estimator,0.25,0.4,3411,1.0,1.0,1.0,0
40,1.0036240091162831,0.9973225907489545,1.0017290248915995,GMM estimator,0.25,0.4,3411,1.0,1.0,1.0,0
41,0.9997795668583482,0.99992517568992,1.000166515666268,GMM estimator,0.25,0.4,3411,1.0,1.0,1.0,0
42,0.9963801160712056,0.9963449495628621,0.9982068932927302,GMM estimator,0.25,0.4,3411,1.0,1.0,1.0,0
43,1.0019225415817434,1.0008778684092523,1.0024437744463195,GMM estimator,0.25,0.4,3411,1.0,1.0,1.0,0
44,0.9981733409326717,0.9971238463994394,1.0005128981348346,GMM estimator,0.25,0.4,3411,1.0,1.0,1.0,0
45,1.002484788032065,1.0019198565447816,0.9996953526340931,GMM estimator,0.25,0.4,3411,1.0,1.0,1.0,0
46,1.002044776944851,1.0021864268727931,1.0029554516052255,GMM estimator,0.25,0.4,3411,1.0,1.0,1.0,0
47,1.0012980399015263,0.9993868066908977,0.9997899932683906,GMM estimator,0.25,0.4,3411,1.0,1.0,1.0,0
48,1.0022412440067479,0.9984434365668352,1.0002165410728998,GMM estimator,0.25,0.4,3411,1.0,1.0,1.0,0
49,0.9950964556463561,0.9963402398683685,0.997743209833938,GMM estimator,0.25,0.4,3411,1.0,1.0,1.0,0
50,0.9998830408046199,1.0011442331822407,1.0003784276307393,GMM estimator,0.25,0.4,3411,1.0,1.0,1.0,0
51,0.9985609630535784,0.9948860216353034,0.9981274158705282,GMM estimator,0.25,0.4,3411,1.0,1.0,1.0,0
52,0.9999370132095043,1.0013145041045806,1.0005263263075794,GMM estimator,0.25,0.4,3411,1.0,1.0,1.0,0
53,1.0021558247279105,0.996619109378276,1.0002250322766284,GMM estimator,0.25,0.4,3411,1.0,1.0,1.0,0
54,1.0008300992627572,0.9966910925084246,0.9958914080616986,GMM estimator,0.25,0.4,3411,1.0,1.0,1.0,0
55,0.998917786526199,0.9981710167748378,0.9976704235530192,GMM estimator,0.25,0.4,3411,1.0,1.0,1.0,0
56,0.9960295839311583,0.9986144324488014,0.9968181178449725,GMM estimator,0.25,0.4,3411,1.0,1.0,1.0,0
57,0.9988385660826982,1.0052002521594139,1.0064661199213898,GMM estimator,0.25,0.4,3411,1.0,1.0,1.0,0
58,1.0075443072223695,1.0052021958043271,1.0004622210183154,GMM estimator,0.25,0.4,3411,1.0,1.0,1.0,0
59,1.0018460977745873,1.0026530861021368,1.0075546039948007,GMM estimator,0.25,0.4,3411,1.0,1.0,1.0,0
60,0.9989743527242835,1.0000140529847812,1.001000155145446,GMM estimator,0.25,0.4,3411,1.0,1.0,1.0,0
61,0.9958544108843537,0.9999704178071022,0.9961926371374403,GMM estimator,0.25,0.4,3411,1.0,1.0,1.0,0
62,1.0000662670388494,1.0016070731298818,1.0032887472063465,GMM estimator,0.25,0.4,3411,1.0,1.0,1.0,0
63,1.0015538606708743,0.9991085514405211,0.9995635909160931,GMM estimator,0.25,0.4,3411,1.0,1.0,1.0,0
64,0.9979803603952144,0.9996754566217754,1.0014941688722232,GMM estimator,0.25,0.4,3411,1.0,1.0,1.0,0
65,0.999647830422671,0.9989630270997003,0.9984309407998933,GMM estimator,0.25,0.4,3411,1.0,1.0,1.0,0
66,0.9969931067676042,1.0054711547841733,0.9990382826755342,GMM estimator,0.25,0.4,3411,1.0,1.0,1.0,0
67,0.9988208354283458,0.9993145563747228,0.9985356233449605,GMM estimator,0.25,0.4,3411,1.0,1.0,1.0,0
68,0.9993611152852313,0.9968607278668606,0.9978742842194861,GMM estimator,0.25,0.4,3411,1.0,1.0,1.0,0
69,0.9962680731345387,1.004571811403514,1.0012472750432448,GMM estimator,0.25,0.4,3411,1.0,1.0,1.0,0
70,0.9975769218614079,1.0024653721193681,0.9966530968613947,GMM estimator,0.25,0.4,3411,1.0,1.0,1.0,0
71,1.0010986477468653,0.9982953655440461,0.9981485804364238,GMM estimator,0.25,0.4,3411,1.0,1.0,1.0,0
72,0.9974744891853684,0.9926196768967563,0.9981858537456493,GMM estimator,0.25,0.4,3411,1.0,1.0,1.0,0
73,0.996301234724337,1.0004460815827156,1.0005998798691786,GMM estimator,0.25,0.4,3411,1.0,1.0,1.0,0
74,0.9976815098582452,1.0000985274129937,1.0002175446588497,GMM estimator,0.25,0.4,3411,1.0,1.0,1.0,0
75,1.0002013792344395,1.001190602763479,1.0019931744718453,GMM estimator,0.25,0.4,3411,1.0,1.0,1.0,0
76,0.9996459684596806,1.0008152615835981,1.0012247768702376,GMM estimator,0.25,0.4,3411,1.0,1.0,1.0,0
77,1.0037027713051887,0.999210155152765,1.0008646592676929,GMM estimator,0.25,0.4,3411,1.0,1.0,1.0,0
78,1.0048698926308421,1.0026083917248845,1.0003633434907584,GMM estimator,0.25,0.4,3411,1.0,1.0,1.0,0
79,0.9999399433962916,0.9991162884571019,1.0021182798715615,GMM estimator,0.25,0.4,3411,1.0,1.0,1.0,0
80,0.9984595732841075,0.9988587334388401,1.00167349100734,GMM estimator,0.25,0.4,3411,1.0,1.0,1.0,0
81,0.9990898744906767,1.0043609788161898,1.004455646819871,GMM estimator,0.25,0.4,3411,1.0,1.0,1.0,0
82,0.999609302572479,0.9985367934847696,0.9985062436300945,GMM estimator,0.25,0.4,3411,1.0,1.0,1.0,0
83,0.9998843742903993,1.0000305190409495,0.9969962950725048,GMM estimator,0.25,0.4,3411,1.0,1.0,1.0,0
84,1.0027141086876927,1.00077298265931,1.0013920185186511,GMM estimator,0.25,0.4,3411,1.0,1.0,1.0,0
85,1.0013795396702108,1.0011117142155284,0.9970191464461745,GMM estimator,0.25,0.4,3411,1.0,1.0,1.0,0
86,0.9976330982153435,0.999923228283467,0.9939155379831456,GMM estimator,0.25,0.4,3411,1.0,1.0,1.0,0
87,1.0025208369078074,1.0060211443946034,1.000387422715551,GMM estimator,0.25,0.4,3411,1.0,1.0,1.0,0
88,1.0014141068609883,1.0013595234900483,1.0048107871353955,GMM estimator,0.25,0.4,3411,1.0,1.0,1.0,0
89,1.0026808794447395,0.9986586996465164,1.0011925340349257,GMM estimator,0.25,0.4,3411,1.0,1.0,1.0,0
90,0.9975740394830572,1.0019817269127271,0.999540061209561,GMM estimator,0.25,0.4,3411,1.0,1.0,1.0,0
91,1.0050089856814928,1.0002891990582998,1.0024113577444387,GMM estimator,0.25,0.4,3411,1.0,1.0,1.0,0
92,1.0013868667789034,0.9961451906684018,1.005930933123841,GMM estimator,0.25,0.4,3411,1.0,1.0,1.0,0
93,0.9948984341558536,0.9979988425453912,0.9970418695333555,GMM estimator,0.25,0.4,3411,1.0,1.0,1.0,0
94,1.001162089698113,1.0038723004233248,0.9987432315964706,GMM estimator,0.25,0.4,3411,1.0,1.0,1.0,0
95,1.0000518525476545,0.9946857215905966,0.9988742281304659,GMM estimator,0.25,0.4,3411,1.0,1.0,1.0,0
96,1.0003525017404904,1.0026847513508677,0.9990191055951135,GMM estimator,0.25,0.4,3411,1.0,1.0,1.0,0
97,0.9999166262118322,0.9990042084453717,1.0013904146604362,GMM estimator,0.25,0.4,3411,1.0,1.0,1.0,0
98,1.0004871900308538,0.9976737480628599,0.9987019366353893,GMM estimator,0.25,0.4,3411,1.0,1.0,1.0,0
99,0.9987612711785815,1.0016008965001564,0.9992076577220108,GMM estimator,0.25,0.4,3411,1.0,1.0,1.0,0
100,0.9992041944386614,0.9994428123060868,0.9982408352813359,GMM estimator,0.25,0.4,3411,1.0,1.0,1.0,0
1,1.0010157626824245,0.9988374216695819,0.9993233791093505,Three-step,0.5,0.4,3411,1.0,1.0,1.0,0
2,1.0022714594191602,1.0007141015961543,1.0001590349965075,Three-step,0.5,0.4,3411,1.0,1.0,1.0,0
3,1.0027151455075343,1.0014125232798365,1.0040274630695174,Three-step,0.5,0.4,3411,1.0,1.0,1.0,0
4,1.0014428716033157,1.0022469052462626,1.001485383646292,Three-step,0.5,0.4,3411,1.0,1.0,1.0,0
5,1.0028106302300857,1.0017760716090216,1.0028841910699147,Three-step,0.5,0.4,3411,1.0,1.0,1.0,0
6,0.9998771089874551,1.0014809115230316,1.0042824677899813,Three-step,0.5,0.4,3411,1.0,1.0,1.0,0
7,1.0005000342371335,1.0002739441676562,0.9970626792774252,Three-step,0.5,0.4,3411,1.0,1.0,1.0,0
8,0.9990773022465032,1.00046119426191,1.0001958878572341,Three-step,0.5,0.4,3411,1.0,1.0,1.0,0
9,0.9968323658837499,0.9998319179482611,1.0023928096166415,Three-step,0.5,0.4,3411,1.0,1.0,1.0,0
10,0.9993450899305136,0.9999375296316667,1.0001161814872026,Three-step,0.5,0.4,3411,1.0,1.0,1.0,0
11,0.9991082627485207,0.9988459475148382,1.000106691323018,Three-step,0.5,0.4,3411,1.0,1.0,1.0,0
12,0.9995075115162785,0.9993764277509933,1.0002516639705537,Three-step,0.5,0.4,3411,1.0,1.0,1.0,0
13,1.0032766676185643,0.9996928931467188,0.9999784166168478,Three-step,0.5,0.4,3411,1.0,1.0,1.0,0
14,0.9922953988547278,0.9995821057051247,1.0041475833278906,Three-step,0.5,0.4,3411,1.0,1.0,1.0,0
15,1.0012369228022024,0.9999292728754791,0.9982702166256451,Three-step,0.5,0.4,3411,1.0,1.0,1.0,0
16,0.9977759781798208,0.9975957022364136,0.9978655220415474,Three-step,0.5,0.4,3411,1.0,1.0,1.0,0
17,1.0008042637777566,0.9962545668141074,0.994510162048919,Three-step,0.5,0.4,3411,1.0,1.0,1.0,0
18,1.0003659788395902,0.9972411490381139,0.9957117263747154,Three-step,0.5,0.4,3411,1.0,1.0,1.0,0
19,1.0005032076845868,1.0019571068358526,1.001397286363654,Three-step,0.5,0.4,3411,1.0,1.0,1.0,0
20,0.9986764856023316,0.9946352988996524,0.9957583937436654,Three-step,0.5,0.4,3411,1.0,1.0,1.0,0
21,0.9971250479499353,1.0004772434414086,1.0007302238405371,Three-step,0.5,0.4,3411,1.0,1.0,1.0,0
22,0.9966349846514246,0.9994617853829155,1.0009992513680341,Three-step,0.5,0.4,3411,1.0,1.0,1.0,0
23,1.0012982720897712,0.9993859246562995,0.999597851660121,Three-step,0.5,0.4,3411,1.0,1.0,1.0,0
24,1.0017058767442564,0.9982060896799717,1.0015068307581068,Three-step,0.5,0.4,3411,1.0,1.0,1.0,0
25,1.0007780144124163,1.0034633408074145,1.0032185985902398,Three-step,0.5,0.4,3411,1.0,1.0,1.0,0
26,0.9966149545642241,0.9943019928515016,0.9999325961154862,Three-step,0.5,0.4,3411,1.0,1.0,1.0,0
27,1.0019924256290693,0.9992325511135696,0.9994130791725452,Three-step,0.5,0.4,3411,1.0,1.0,1.0,0
28,0.9997456171410944,0.9971000642907558,0.9983621415497205,Three-step,0.5,0.4,3411,1.0,1.0,1.0,0
29,0.9986691777065487,1.0017360771677404,1.0001187662129882,Three-step,0.5,0.4,3411,1.0,1.0,1.0,0
30,1.000716840231746,1.0014178458627185,1.0040947628173045,Three-step,0.5,0.4,3411,1.0,1.0,1.0,0
31,0.9980254345582842,1.0014043170167546,0.9989261627346705,Three-step,0.5,0.4,3411,1.0,1.0,1.0,0
32,0.998152539261167,0.9990587020784037,1.0013192813998022,Three-step,0.5,0.4,3411,1.0,1.0,1.0,0
33,1.0014441238747782,0.9995389688954022,1.001582998386189,Three-step,0.5,0.4,3411,1.0,1.0,1.0,0
34,1.0000209617367302,0.9981732764284644,0.9994806333153379,Three-step,0.5,0.4,3411,1.0,1.0,1.0,0
35,0.9975767249241442,1.0006012666049284,0.9987422403348022,Three-step,0.5,0.4,3411,1.0,1.0,1.0,0
36,1.0015556664660596,1.0009312845970204,0.9994457402787251,Three-step,0.5,0.4,3411,1.0,1.0,1.0,0
37,1.0004495172738368,1.0006030001798734,0.9993845015564787,Three-step,0.5,0.4,3411,1.0,1.0,1.0,0
38,0.9978448043960273,0.9988866606814517,0.9983680762772287,Three-step,0.5,0.4,3411,1.0,1.0,1.0,0
39,1.0000485184097667,0.9983518422316771,0.9974605377745951,Three-step,0.5,0.4,3411,1.0,1.0,1.0,0
40,1.0037380495690826,0.9996716969118065,1.0002836613109733,Three-step,0.5,0.4,3411,1.0,1.0,1.0,0
41,0.9996300652112876,1.0017115174420557,1.0009899800447708,Three-step,0.5,0.4,3411,1.0,1.0,1.0,0
42,0.9943054631831353,0.9943856833587134,0.9972556264405806,Three-step,0.5,0.4,3411,1.0,1.0,1.0,0
43,1.001979886890895,1.0023224356570115,1.0035750779838117,Three-step,0.5,0.4,3411,1.0,1.0,1.0,0
44,0.9973304627691599,0.9986860322649168,1.0000012285648237,Three-step,0.5,0.4,3411,1.0,1.0,1.0,0
45,1.0034103533938152,1.0011187680554967,0.9996956317276924,Three-step,0.5,0.4,3411,1.0,1.0,1.0,0
46,1.0011226601963936,1.0030622351137761,1.0030565847371145,Three-step,0.5,0.4,3411,1.0,1.0,1.0,0
47,1.0019958047656523,1.0020501598995457,0.9998368655316413,Three-step,0.5,0.4,3411,1.0,1.0,1.0,0
48,1.002777382615978,1.0002007006772018,1.0002388031058664,Three-step,0.5,0.4,3411,1.0,1.0,1.0,0
49,0.9958775735292047,0.996524238491159,0.9983916688514988,Three-step,0.5,0.4,3411,1.0,1.0,1.0,0
50,1.0008388077450294,1.0007945844860004,1.0001856474831525,Three-step,0.5,0.4,3411,1.0,1.0,1.0,0
51,0.9974371662144424,0.9971199030575614,0.9988977091602598,Three-step,0.5,0.4,3411,1.0,1.0,1.0,0
52,0.9997088701466289,0.9990154898073207,0.9989858434997312,Three-step,0.5,0.4,3411,1.0,1.0,1.0,0
53,1.000502391882564,0.9971356104956994,1.0011021227317602,Three-step,0.5,0.4,3411,1.0,1.0,1.0,0
54,1.0010403643853165,0.994145554332168,0.9947571677544167,Three-step,0.5,0.4,3411,1.0,1.0,1.0,0
55,0.9992105748057984,0.9963874765783277,0.999190084817944,Three-step,0.5,0.4,3411,1.0,1.0,1.0,0
56,0.9964018832679524,1.0007239974817805,0.99804269315965,Three-step,0.5,0.4,3411,1.0,1.0,1.0,0
57,1.0012683054882372,1.0023662420503276,1.0052147120964643,Three-step,0.5,0.4,3411,1.0,1.0,1.0,0
58,1.0105145513982878,0.9975187593906945,0.9985177584450914,Three-step,0.5,0.4,3411,1.0,1.0,1.0,0
59,1.0011602472703847,1.0023534725932366,1.0042667579092568,Three-step,0.5,0.4,3411,1.0,1.0,1.0,0
60,0.9970040386187035,0.9990348035945511,1.002447633129442,Three-step,0.5,0.4,3411,1.0,1.0,1.0,0
61,0.9961271778620668,0.999135188480495,1.0008624677444136,Three-step,0.5,0.4,3411,1.0,1.0,1.0,0
62,1.0001893893507083,1.00018799036737,1.0003996822969814,Three-step,0.5,0.4,3411,1.0,1.0,1.0,0
63,1.002817015966308,0.9970981683708033,0.9964782379265245,Three-step,0.5,0.4,3411,1.0,1.0,1.0,0
64,0.9977865305244608,0.9984522015720202,0.9994353373406654,Three-step,0.5,0.4,3411,1.0,1.0,1.0,0
65,0.9995972793398034,1.0002637201232099,1.0010860924014402,Three-step,0.5,0.4,3411,1.0,1.0,1.0,0
66,0.9946163268666294,1.0025223487458277,0.9990230572755029,Three-step,0.5,0.4,3411,1.0,1.0,1.0,0
67,0.9987956108367426,0.9990101825055862,1.0000182082496645,Three-step,0.5,0.4,3411,1.0,1.0,1.0,0
68,0.9992394426763473,1.000305397473442,1.0010107177651122,Three-step,0.5,0.4,3411,1.0,1.0,1.0,0
69,0.995049126689822,1.0012045303386812,1.0004460232985815,Three-step,0.5,0.4,3411,1.0,1.0,1.0,0
70,0.9977070867613645,1.0009491033774562,0.9978935950434189,Three-step,0.5,0.4,3411,1.0,1.0,1.0,0
71,1.0010074914673799,0.999876021762036,0.9984125457728383,Three-step,0.5,0.4,3411,1.0,1.0,1.0,0
72,0.9968526524391235,0.9964667020987397,0.9991423298666675,Three-step,0.5,0.4,3411,1.0,1.0,1.0,0
73,0.9966109947627929,0.9980178107372006,0.9984622852556798,Three-step,0.5,0.4,3411,1.0,1.0,1.0,0
74,0.9979368606330337,1.0018635656856536,1.0010545059397984,Three-step,0.5,0.4,3411,1.0,1.0,1.0,0
75,1.001673320718214,1.0012415837246094,0.9998430276847202,Three-step,0.5,0.4,3411,1.0,1.0,1.0,0
76,1.0001916956664025,0.9991972174205767,1.000034169350733,Three-step,0.5,0.4,3411,1.0,1.0,1.0,0
77,1.004061549919373,1.000318949248116,0.9995495002696727,Three-step,0.5,0.4,3411,1.0,1.0,1.0,0
78,1.0049889299656314,1.0010303486053418,1.0040796198089699,Three-step,0.5,0.4,3411,1.0,1.0,1.0,0
79,0.9991458094852703,1.003123236691304,0.9982302034458262,Three-step,0.5,0.4,3411,1.0,1.0,1.0,0
80,1.0000001559383052,1.000440211452086,1.0020079262909503,Three-step,0.5,0.4,3411,1.0,1.0,1.0,0
81,0.9975320550994295,1.0035533836283406,1.003930982652271,Three-step,0.5,0.4,3411,1.0,1.0,1.0,0
82,0.9997772185099205,1.0001073522836774,0.9994658582167338,Three-step,0.5,0.4,3411,1.0,1.0,1.0,0
83,0.999911753229176,1.0001158428455676,0.9991253937608595,Three-step,0.5,0.4,3411,1.0,1.0,1.0,0
84,1.0003285147552565,0.9997072252164738,1.0012942636735953,Three-step,0.5,0.4,3411,1.0,1.0,1.0,0
85,1.0015091316407627,1.000023369666642,0.9993990608629801,Three-step,0.5,0.4,3411,1.0,1.0,1.0,0
86,0.9974557779849905,1.0013377604014635,0.9978207456661378,Three-step,0.5,0.4,3411,1.0,1.0,1.0,0
87,1.0003171572380267,1.0053706769116868,0.9983956355882103,Three-step,0.5,0.4,3411,1.0,1.0,1.0,0
88,1.001595725981078,1.0035429893423107,1.0014409118323306,Three-step,0.5,0.4,3411,1.0,1.0,1.0,0
89,1.0025772621855387,1.0005033495247262,0.9996363224460807,Three-step,0.5,0.4,3411,1.0,1.0,1.0,0
90,0.9980460743056767,1.0000418156402293,0.9992437532474028,Three-step,0.5,0.4,3411,1.0,1.0,1.0,0
91,1.005679424938392,1.0000873794066736,1.0010846533589104,Three-step,0.5,0.4,3411,1.0,1.0,1.0,0
92,1.00195150560868,0.9992506221428162,1.0023636534084026,Three-step,0.5,0.4,3411,1.0,1.0,1.0,0
93,0.9945875225593366,0.9967573713791229,0.9984748230842624,Three-step,0.5,0.4,3411,1.0,1.0,1.0,0
94,1.0024105651986508,1.0013840106587795,0.9990765465178362,Three-step,0.5,0.4,3411,1.0,1.0,1.0,0
95,0.9992651325937861,0.9968241741437203,0.9992293692753933,Three-step,0.5,0.4,3411,1.0,1.0,1.0,0
96,1.0001740765352765,0.9994977826642338,1.0017071649689824,Three-step,0.5,0.4,3411,1.0,1.0,1.0,0
97,0.9997802183475291,0.9988650296244657,1.0006204489401953,Three-step,0.5,0.4,3411,1.0,1.0,1.0,0
98,1.0002218863143073,0.9988435820589383,0.9997751174735106,Three-step,0.5,0.4,3411,1.0,1.0,1.0,0
99,0.9986509612970303,1.000715071060876,1.0004789011334128,Three-step,0.5,0.4,3411,1.0,1.0,1.0,0
100,0.9994149742725708,0.9967129625028115,0.9993869572157117,Three-step,0.5,0.4,3411,1.0,1.0,1.0,0
1,1.0002110916748663,1.0006217708552005,0.9993233791093507,Robins' estimator,0.5,0.4,3411,1.0,1.0,1.0,0
2,0.9999531114723557,1.0008180743182546,1.0001590349965075,Robins' estimator,0.5,0.4,3411,1.0,1.0,1.0,0
3,1.0028941918085232,1.0027938143017712,1.0040274630695176,Robins' estimator,0.5,0.4,3411,1.0,1.0,1.0,0
4,0.99862834858827,1.0040958355161516,1.001485383646292,Robins' estimator,0.5,0.4,3411,1.0,1.0,1.0,0
5,1.0027065746286643,1.0021029419718865,1.0028841910699147,Robins' estimator,0.5,0.4,3411,1.0,1.0,1.0,0
6,1.0024314826029466,1.0025986130845324,1.0042824677899813,Robins' estimator,0.5,0.4,3411,1.0,1.0,1.0,0
7,0.9988473285813773,1.0013847950219061,0.9970626792774252,Robins' estimator,0.5,0.4,3411,1.0,1.0,1.0,0
8,1.000990926076816,1.0008765921598275,1.000195887857234,Robins' estimator,0.5,0.4,3411,1.0,1.0,1.0,0
9,0.999211557936946,1.0001615727773314,1.0023928096166415,Robins' estimator,0.5,0.4,3411,1.0,1.0,1.0,0
10,0.997433770513568,1.000465326809324,1.0001161814872026,Robins' estimator,0.5,0.4,3411,1.0,1.0,1.0,0
11,1.000882959727838,0.9962471252823559,1.0001066913230183,Robins' estimator,0.5,0.4,3411,1.0,1.0,1.0,0
12,0.9988435936383481,0.9985129161050488,1.0002516639705537,Robins' estimator,0.5,0.4,3411,1.0,1.0,1.0,0
13,1.0012513017312774,1.0011287582112693,0.999978416616848,Robins' estimator,0.5,0.4,3411,1.0,1.0,1.0,0
14,0.9995272540870455,1.0017942447017316,1.0041475833278906,Robins' estimator,0.5,0.4,3411,1.0,1.0,1.0,0
15,0.9985057757443163,0.9993816579629213,0.9982702166256452,Robins' estimator,0.5,0.4,3411,1.0,1.0,1.0,0
16,0.9985468866512907,0.9976076308407493,0.9978655220415474,Robins' estimator,0.5,0.4,3411,1.0,1.0,1.0,0
17,0.9974117024426058,0.9982476623909561,0.9945101620489192,Robins' estimator,0.5,0.4,3411,1.0,1.0,1.0,0
18,0.9966544462460144,0.9959122888606555,0.9957117263747155,Robins' estimator,0.5,0.4,3411,1.0,1.0,1.0,0
19,0.9999398027022998,1.0004132316546324,1.001397286363654,Robins' estimator,0.5,0.4,3411,1.0,1.0,1.0,0
20,0.998807188594559,0.9955785809900531,0.9957583937436655,Robins' estimator,0.5,0.4,3411,1.0,1.0,1.0,0
21,0.9962007169396774,1.0008844305309936,1.0007302238405371,Robins' estimator,0.5,0.4,3411,1.0,1.0,1.0,0
22,0.9981076452456215,1.0005994897736337,1.0009992513680341,Robins' estimator,0.5,0.4,3411,1.0,1.0,1.0,0
23,1.0027484130258657,1.0010673238289314,0.999597851660121,Robins' estimator,0.5,0.4,3411,1.0,1.0,1.0,0
24,1.002721756745177,1.0007772233390648,1.0015068307581068,Robins' estimator,0.5,0.4,3411,1.0,1.0,1.0,0
25,1.0022423831526803,1.0010074995883342,1.0032185985902398,Robins' estimator,0.5,0.4,3411,1.0,1.0,1.0,0
26,0.9987220009599359,0.9954010988105487,0.9999325961154863,Robins' estimator,0.5,0.4,3411,1.0,1.0,1.0,0
27,0.998824618761591,1.001373830620562,0.9994130791725452,Robins' estimator,0.5,0.4,3411,1.0,1.0,1.0,0
28,0.9998397380183375,0.9978709893266048,0.9983621415497205,Robins' estimator,0.5,0.4,3411,1.0,1.0,1.0,0
29,0.9998148097210211,1.0029139073166924,1.0001187662129882,Robins' estimator,0.5,0.4,3411,1.0,1.0,1.0,0
30,1.0036334913167089,1.001200012673808,1.0040947628173043,Robins' estimator,0.5,0.4,3411,1.0,1.0,1.0,0
31,0.9970061503591104,0.9998253027953778,0.9989261627346706,Robins' estimator,0.5,0.4,3411,1.0,1.0,1.0,0
32,0.9982043006996819,0.995913844530049,1.0013192813998022,Robins' estimator,0.5,0.4,3411,1.0,1.0,1.0,0
33,1.0020076375901295,1.0019620067188808,1.0015829983861888,Robins' estimator,0.5,0.4,3411,1.0,1.0,1.0,0
34,1.0006175230020704,0.9990529550134594,0.999480633315338,Robins' estimator,0.5,0.4,3411,1.0,1.0,1.0,0
35,0.9988338640507343,1.0002432250698488,0.9987422403348021,Robins' estimator,0.5,0.4,3411,1.0,1.0,1.0,0
36,1.0008939450210097,0.9990365061811983,0.999445740278725,Robins' estimator,0.5,0.4,3411,1.0,1.0,1.0,0
37,0.9984824689520765,0.9996149975316916,0.9993845015564785,Robins' estimator,0.5,0.4,3411,1.0,1.0,1.0,0
38,0.9989036186939253,0.9986948257390383,0.9983680762772288,Robins' estimator,0.5,0.4,3411,1.0,1.0,1.0,0
39,1.000137441498392,0.9987685199630996,0.9974605377745951,Robins' estimator,0.5,0.4,3411,1.0,1.0,1.0,0
40,1.0014689164018906,0.9991996283364272,1.0002836613109733,Robins' estimator,0.5,0.4,3411,1.0,1.0,1.0,0
41,1.0021393273359027,0.9996655961864593,1.0009899800447708,Robins' estimator,0.5,0.4,3411,1.0,1.0,1.0,0
42,0.9947815523113182,0.9964356773180933,0.9972556264405806,Robins' estimator,0.5,0.4,3411,1.0,1.0,1.0,0
43,1.0039275241046808,1.0018114569497052,1.0035750779838117,Robins' estimator,0.5,0.4,3411,1.0,1.0,1.0,0
44,0.9985018377967886,1.0002545902414801,1.0000012285648237,Robins' estimator,0.5,0.4,3411,1.0,1.0,1.0,0
45,1.0027113471867983,1.000101510868504,0.9996956317276925,Robins' estimator,0.5,0.4,3411,1.0,1.0,1.0,0
46,1.001337779402389,1.0034244764753215,1.0030565847371145,Robins' estimator,0.5,0.4,3411,1.0,1.0,1.0,0
47,1.0010771241724339,1.0013806544598733,0.9998368655316414,Robins' estimator,0.5,0.4,3411,1.0,1.0,1.0,0
48,1.0021970826948041,0.9999605106142454,1.0002388031058664,Robins' estimator,0.5,0.4,3411,1.0,1.0,1.0,0
49,0.998112380464163,0.9979770839117698,0.9983916688514988,Robins' estimator,0.5,0.4,3411,1.0,1.0,1.0,0
50,0.9988391020817177,1.0014786228406563,1.0001856474831525,Robins' estimator,0.5,0.4,3411,1.0,1.0,1.0,0
51,0.9982729226842688,0.998082573977652,0.9988977091602599,Robins' estimator,0.5,0.4,3411,1.0,1.0,1.0,0
52,1.0005157693996463,0.9992280115837772,0.9989858434997313,Robins' estimator,0.5,0.4,3411,1.0,1.0,1.0,0
53,1.0008609936658102,0.9979371838811032,1.00110212273176,Robins' estimator,0.5,0.4,3411,1.0,1.0,1.0,0
54,1.0003540571190797,0.9957374493492875,0.9947571677544167,Robins' estimator,0.5,0.4,3411,1.0,1.0,1.0,0
55,0.999462931936641,0.9975697825285758,0.9991900848179442,Robins' estimator,0.5,0.4,3411,1.0,1.0,1.0,0
56,0.9962210543976918,1.0000095950436572,0.99804269315965,Robins' estimator,0.5,0.4,3411,1.0,1.0,1.0,0
57,1.001624268519858,1.0026687405021157,1.0052147120964645,Robins' estimator,0.5,0.4,3411,1.0,1.0,1.0,0
58,1.0028819779862683,0.9980293053438409,0.9985177584450913,Robins' estimator,0.5,0.4,3411,1.0,1.0,1.0,0
59,1.0031357255097761,1.0020334659476644,1.0042667579092568,Robins' estimator,0.5,0.4,3411,1.0,1.0,1.0,0
60,1.0000270102363107,0.9977870843838336,1.002447633129442,Robins' estimator,0.5,0.4,3411,1.0,1.0,1.0,0
61,1.0001881108293698,0.9998587550405674,1.0008624677444136,Robins' estimator,0.5,0.4,3411,1.0,1.0,1.0,0
62,1.0000851644322575,1.0000302938780998,1.0003996822969814,Robins' estimator,0.5,0.4,3411,1.0,1.0,1.0,0
63,1.0002078338434266,0.9981678614095509,0.9964782379265245,Robins' estimator,0.5,0.4,3411,1.0,1.0,1.0,0
64,0.9970414508069144,0.9989020211200415,0.9994353373406654,Robins' estimator,0.5,0.4,3411,1.0,1.0,1.0,0
65,1.0004123073716868,0.9987095920943616,1.0010860924014402,Robins' estimator,0.5,0.4,3411,1.0,1.0,1.0,0
66,0.9966566453263624,1.0020468384624506,0.9990230572755026,Robins' estimator,0.5,0.4,3411,1.0,1.0,1.0,0
67,0.9997520195957127,0.9990411656521153,1.0000182082496643,Robins' estimator,0.5,0.4,3411,1.0,1.0,1.0,0
68,1.000348490798041,1.0009799813138567,1.001010717765112,Robins' estimator,0.5,0.4,3411,1.0,1.0,1.0,0
69,0.998301857680918,1.0009635373080021,1.0004460232985815,Robins' estimator,0.5,0.4,3411,1.0,1.0,1.0,0
70,0.9965472396772016,1.000980938839512,0.9978935950434187,Robins' estimator,0.5,0.4,3411,1.0,1.0,1.0,0
71,1.0012191575551774,1.0010529774479822,0.9984125457728386,Robins' estimator,0.5,0.4,3411,1.0,1.0,1.0,0
72,0.9975673723676121,0.9980653415665841,0.9991423298666675,Robins' estimator,0.5,0.4,3411,1.0,1.0,1.0,0
73,0.9960290229497074,0.9970068133026811,0.9984622852556797,Robins' estimator,0.5,0.4,3411,1.0,1.0,1.0,0
74,0.9969051062668266,0.9999458698675986,1.0010545059397984,Robins' estimator,0.5,0.4,3411,1.0,1.0,1.0,0
75,1.0011945247072906,1.0015070615468868,0.9998430276847203,Robins' estimator,0.5,0.4,3411,1.0,1.0,1.0,0
76,1.001115651600572,0.9993359149120361,1.0000341693507333,Robins' estimator,0.5,0.4,3411,1.0,1.0,1.0,0
77,1.002053755899883,0.9995223985146053,0.9995495002696726,Robins' estimator,0.5,0.4,3411,1.0,1.0,1.0,0
78,1.0046829157288941,1.000546271520654,1.0040796198089699,Robins' estimator,0.5,0.4,3411,1.0,1.0,1.0,0
79,0.9994771112595062,0.9993017274822483,0.9982302034458262,Robins' estimator,0.5,0.4,3411,1.0,1.0,1.0,0
80,0.9992624321801143,0.9994028585868829,1.0020079262909503,Robins' estimator,0.5,0.4,3411,1.0,1.0,1.0,0
81,0.9994657835496278,1.0025936259333674,1.003930982652271,Robins' estimator,0.5,0.4,3411,1.0,1.0,1.0,0
82,0.9980921899744044,0.9999793734789526,0.9994658582167338,Robins' estimator,0.5,0.4,3411,1.0,1.0,1.0,0
83,0.9997927334820338,0.9999644362188125,0.9991253937608596,Robins' estimator,0.5,0.4,3411,1.0,1.0,1.0,0
84,1.0019377488823797,0.9994691196935636,1.0012942636735953,Robins' estimator,0.5,0.4,3411,1.0,1.0,1.0,0
85,1.0023940181661943,0.9997763868039359,0.99939906086298,Robins' estimator,0.5,0.4,3411,1.0,1.0,1.0,0
86,0.9979477005009688,1.0001759373735022,0.9978207456661377,Robins' estimator,0.5,0.4,3411,1.0,1.0,1.0,0
87,1.000095316202025,1.0031380425869028,0.9983956355882104,Robins' estimator,0.5,0.4,3411,1.0,1.0,1.0,0
88,0.9999349814926141,1.0020305934154239,1.0014409118323306,Robins' estimator,0.5,0.4,3411,1.0,1.0,1.0,0
89,0.9990657180201942,1.0000048158924681,0.9996363224460805,Robins' estimator,0.5,0.4,3411,1.0,1.0,1.0,0
90,1.0002806316944248,1.0002887630787884,0.9992437532474028,Robins' estimator,0.5,0.4,3411,1.0,1.0,1.0,0
91,1.0050654370270864,0.9997287528715104,1.0010846533589104,Robins' estimator,0.5,0.4,3411,1.0,1.0,1.0,0
92,1.0008305121288386,0.9991496547695454,1.0023636534084026,Robins' estimator,0.5,0.4,3411,1.0,1.0,1.0,0
93,0.9950908809878097,0.9983750787035652,0.9984748230842623,Robins' estimator,0.5,0.4,3411,1.0,1.0,1.0,0
94,0.998105254256655,1.0001606634204234,0.9990765465178358,Robins' estimator,0.5,0.4,3411,1.0,1.0,1.0,0
95,0.9989285035830932,0.9979313424430466,0.9992293692753932,Robins' estimator,0.5,0.4,3411,1.0,1.0,1.0,0
96,1.0019139234470997,0.9995116544344935,1.0017071649689824,Robins' estimator,0.5,0.4,3411,1.0,1.0,1.0,0
97,0.999914575750094,0.9997992686660991,1.0006204489401955,Robins' estimator,0.5,0.4,3411,1.0,1.0,1.0,0
98,1.0002973577166483,0.9988425576184262,0.9997751174735106,Robins' estimator,0.5,0.4,3411,1.0,1.0,1.0,0
99,1.0003990510992609,1.0013753468486435,1.0004789011334128,Robins' estimator,0.5,0.4,3411,1.0,1.0,1.0,0
100,1.0006076573768652,1.0000414635297636,0.9993869572157115,Robins' estimator,0.5,0.4,3411,1.0,1.0,1.0,0
1,1.0005221463162508,1.0005085007533632,0.999614304921199,GMM estimator,0.5,0.4,3411,1.0,1.0,1.0,0
2,1.0004004540162827,1.0007384659916787,1.0008316968870474,GMM estimator,0.5,0.4,3411,1.0,1.0,1.0,0
3,1.0025502910952697,1.0024562157486303,1.0031513696052627,GMM estimator,0.5,0.4,3411,1.0,1.0,1.0,0
4,0.9987472960489343,1.0037548094612734,1.0014291096739338,GMM estimator,0.5,0.4,3411,1.0,1.0,1.0,0
5,1.0026867672574884,1.002041130046779,1.00284253284367,GMM estimator,0.5,0.4,3411,1.0,1.0,1.0,0
6,1.0012802500177602,1.0021080061321543,1.0026705381128511,GMM estimator,0.5,0.4,3411,1.0,1.0,1.0,0
7,0.9986807444926731,1.0009856701576638,0.9972280809791283,GMM estimator,0.5,0.4,3411,1.0,1.0,1.0,0
8,1.0009692834009936,1.001054714584366,0.9997392340127996,GMM estimator,0.5,0.4,3411,1.0,1.0,1.0,0
9,0.9982523656178057,0.9994866458730334,1.000832294752629,GMM estimator,0.5,0.4,3411,1.0,1.0,1.0,0
10,0.9973919105663059,1.0005009623202983,1.0006280801922396,GMM estimator,0.5,0.4,3411,1.0,1.0,1.0,0
11,1.0001073200197657,0.9967491693771737,0.9994200116686491,GMM estimator,0.5,0.4,3411,1.0,1.0,1.0,0
12,0.9992053132762625,0.9985318127761885,1.000656100595814,GMM estimator,0.5,0.4,3411,1.0,1.0,1.0,0
13,1.001679832922055,1.0008132549906352,1.0003843266285894,GMM estimator,0.5,0.4,3411,1.0,1.0,1.0,0
14,1.0010208135808045,1.0036154772155057,1.0042187058411578,GMM estimator,0.5,0.4,3411,1.0,1.0,1.0,0
15,0.9995043875402905,0.9997823726678469,1.0000386534788372,GMM estimator,0.5,0.4,3411,1.0,1.0,1.0,0
16,0.9983025602937331,0.9974713372483734,0.9975081931259528,GMM estimator,0.5,0.4,3411,1.0,1.0,1.0,0
17,0.9991458223609299,0.9992461236879991,0.9964453952716603,GMM estimator,0.5,0.4,3411,1.0,1.0,1.0,0
18,0.9989424023564972,0.9965389834054245,0.9986332945997678,GMM estimator,0.5,0.4,3411,1.0,1.0,1.0,0
19,1.0007575348331847,1.0011386763250636,1.0025856878528763,GMM estimator,0.5,0.4,3411,1.0,1.0,1.0,0
20,0.9987138579019965,0.9953464197913373,0.9957304755544251,GMM estimator,0.5,0.4,3411,1.0,1.0,1.0,0
21,0.9961335495236489,1.0006412760635701,1.0006545907893232,GMM estimator,0.5,0.4,3411,1.0,1.0,1.0,0
22,0.9978676072516225,1.0006208955586327,1.0008884171641026,GMM estimator,0.5,0.4,3411,1.0,1.0,1.0,0
23,1.0020670560784732,1.0006761283314174,0.9991098457366226,GMM estimator,0.5,0.4,3411,1.0,1.0,1.0,0
24,1.0025382159278484,1.0009868915542008,1.0014478399845261,GMM estimator,0.5,0.4,3411,1.0,1.0,1.0,0
25,1.0015823464667357,1.000936736714545,1.002332866310514,GMM estimator,0.5,0.4,3411,1.0,1.0,1.0,0
26,0.9977390308188638,0.9957523369539242,0.999162184466649,GMM estimator,0.5,0.4,3411,1.0,1.0,1.0,0
27,0.9991904000737195,1.001766478445577,1.0010455859309018,GMM estimator,0.5,0.4,3411,1.0,1.0,1.0,0
28,0.9993866213833051,0.9976841788979208,0.9980235145107516,GMM estimator,0.5,0.4,3411,1.0,1.0,1.0,0
29,0.9997425564092238,1.002765772871404,0.9997886252824917,GMM estimator,0.5,0.4,3411,1.0,1.0,1.0,0
30,1.0021759760781643,1.0000610763125366,1.001465831081914,GMM estimator,0.5,0.4,3411,1.0,1.0,1.0,0
31,0.9972688509049323,0.9996121194218484,0.9989729145322994,GMM estimator,0.5,0.4,3411,1.0,1.0,1.0,0
32,0.9976453457554837,0.996401938566892,1.0009845222966964,GMM estimator,0.5,0.4,3411,1.0,1.0,1.0,0
33,1.0022593578776646,1.0013770645361757,1.0008789284008834,GMM estimator,0.5,0.4,3411,1.0,1.0,1.0,0
34,1.0002474743034386,0.9987097516218313,0.9989259200002254,GMM estimator,0.5,0.4,3411,1.0,1.0,1.0,0
35,0.9985018394117544,1.0001610341285887,0.998252471895767,GMM estimator,0.5,0.4,3411,1.0,1.0,1.0,0
36,1.0012830767458354,0.9995188913159199,1.0000515745002407,GMM estimator,0.5,0.4,3411,1.0,1.0,1.0,0
37,0.9988660433239147,0.9995406815460425,0.999930265661757,GMM estimator,0.5,0.4,3411,1.0,1.0,1.0,0
38,0.9989194813504007,0.9988289608400563,0.9982519867121601,GMM estimator,0.5,0.4,3411,1.0,1.0,1.0,0
39,1.0001812201315956,0.9987608055934767,0.9974402948891816,GMM estimator,0.5,0.4,3411,1.0,1.0,1.0,0
40,1.0018367635078065,0.9989477505809325,1.0010135331242047,GMM estimator,0.5,0.4,3411,1.0,1.0,1.0,0
41,1.000806414982008,0.9995825957118349,0.9989685182793533,GMM estimator,0.5,0.4,3411,1.0,1.0,1.0,0
42,0.9952239657947927,0.9965450366782862,0.9977360041087957,GMM estimator,0.5,0.4,3411,1.0,1.0,1.0,0
43,1.002727541541961,1.0020667877201055,1.0027077920632554,GMM estimator,0.5,0.4,3411,1.0,1.0,1.0,0
44,0.9985718987779202,1.0001928565752591,0.9998203621941374,GMM estimator,0.5,0.4,3411,1.0,1.0,1.0,0
45,1.0026937471162056,0.9997746833386001,0.9997098991516951,GMM estimator,0.5,0.4,3411,1.0,1.0,1.0,0
46,1.0011660921855479,1.0033138853899652,1.0027926633522881,GMM estimator,0.5,0.4,3411,1.0,1.0,1.0,0
47,1.0008198599350653,1.0010334620738273,0.9997103784652963,GMM estimator,0.5,0.4,3411,1.0,1.0,1.0,0
48,1.0023517750880218,1.0001441900874986,1.000517513472841,GMM estimator,0.5,0.4,3411,1.0,1.0,1.0,0
49,0.9980575739694494,0.9978429291025327,0.9972482957544724,GMM estimator,0.5,0.4,3411,1.0,1.0,1.0,0
50,0.999841620587184,1.0014168818458744,1.0012495200102676,GMM estimator,0.5,0.4,3411,1.0,1.0,1.0,0
51,0.9979195268854794,0.9981532305011149,0.9985972979876574,GMM estimator,0.5,0.4,3411,1.0,1.0,1.0,0
52,1.0001510379958611,0.9990670071035235,0.9985093573863116,GMM estimator,0.5,0.4,3411,1.0,1.0,1.0,0
53,1.0008565093946424,0.9978082426285225,1.001034788319129,GMM estimator,0.5,0.4,3411,1.0,1.0,1.0,0
54,1.0011946684961963,0.9962296828832735,0.9959748902531421,GMM estimator,0.5,0.4,3411,1.0,1.0,1.0,0
55,0.9996041134650075,0.9978392342075857,0.9994656226580262,GMM estimator,0.5,0.4,3411,1.0,1.0,1.0,0
56,0.9962082633810898,0.9999252887014998,0.9979778836817716,GMM estimator,0.5,0.4,3411,1.0,1.0,1.0,0
57,1.0015471763766985,1.002683093675989,1.0051154396167616,GMM estimator,0.5,0.4,3411,1.0,1.0,1.0,0
58,1.0046622222985926,1.000319151884218,1.0000273557933816,GMM estimator,0.5,0.4,3411,1.0,1.0,1.0,0
59,1.002773919236949,1.0021804547752562,1.0038103617588212,GMM estimator,0.5,0.4,3411,1.0,1.0,1.0,0
60,0.9990643004686128,0.9971396209286816,1.0008702328776011,GMM estimator,0.5,0.4,3411,1.0,1.0,1.0,0
61,0.9986829730908275,0.9992977274938858,0.9982756213482245,GMM estimator,0.5,0.4,3411,1.0,1.0,1.0,0
62,1.000101982370684,1.0000631674294922,1.0004551170243663,GMM estimator,0.5,0.4,3411,1.0,1.0,1.0,0
63,1.000995873037167,0.9984787240089088,0.9975861995697028,GMM estimator,0.5,0.4,3411,1.0,1.0,1.0,0
64,0.9975509378866027,0.9990693006900213,0.9999752860841524,GMM estimator,0.5,0.4,3411,1.0,1.0,1.0,0
65,1.0001768514947675,0.9980806599520344,1.0002633913103942,GMM estimator,0.5,0.4,3411,1.0,1.0,1.0,0
66,0.9967807087591216,1.002511985449469,0.9991748308179659,GMM estimator,0.5,0.4,3411,1.0,1.0,1.0,0
67,0.999450651245432,0.9989362984496287,0.999644220787098,GMM estimator,0.5,0.4,3411,1.0,1.0,1.0,0
68,0.9998546996939758,1.0006168764861658,1.0003189182090018,GMM estimator,0.5,0.4,3411,1.0,1.0,1.0,0
69,0.9974283979997027,1.000873608497491,0.9994049920068369,GMM estimator,0.5,0.4,3411,1.0,1.0,1.0,0
70,0.9970672466516679,1.0012408795018566,0.998720239726284,GMM estimator,0.5,0.4,3411,1.0,1.0,1.0,0
71,1.0006952957542126,1.0007383460753454,0.9980212520175533,GMM estimator,0.5,0.4,3411,1.0,1.0,1.0,0
72,0.9974325097006465,0.9983137384674676,0.9989554531002598,GMM estimator,0.5,0.4,3411,1.0,1.0,1.0,0
73,0.9964733489749822,0.9970002293321805,0.9989528030940905,GMM estimator,0.5,0.4,3411,1.0,1.0,1.0,0
74,0.9970850023154935,0.9997407106816323,1.0011748445612008,GMM estimator,0.5,0.4,3411,1.0,1.0,1.0,0
75,1.0014754410126834,1.0014732709912628,1.00007070760104,GMM estimator,0.5,0.4,3411,1.0,1.0,1.0,0
76,1.0013916615277234,0.9996697890879483,1.0000056307411116,GMM estimator,0.5,0.4,3411,1.0,1.0,1.0,0
77,1.0022152584661752,0.9992563419158176,0.9999864545015857,GMM estimator,0.5,0.4,3411,1.0,1.0,1.0,0
78,1.0046955369401172,1.0004728163435095,1.0041158387489901,GMM estimator,0.5,0.4,3411,1.0,1.0,1.0,0
79,0.999451800989281,1.0000881356329026,0.9985702000907793,GMM estimator,0.5,0.4,3411,1.0,1.0,1.0,0
80,0.9995410007630926,0.9994624271226689,1.002070586108152,GMM estimator,0.5,0.4,3411,1.0,1.0,1.0,0
81,0.9990554638435815,1.003100561971333,1.0037055991620656,GMM estimator,0.5,0.4,3411,1.0,1.0,1.0,0
82,0.9984436634680742,0.9996579183611718,0.9998564410874092,GMM estimator,0.5,0.4,3411,1.0,1.0,1.0,0
83,0.9997985918334826,0.9999723592809063,0.9991658433205519,GMM estimator,0.5,0.4,3411,1.0,1.0,1.0,0
84,1.0016606326338389,0.9993469389853857,1.0008138278786733,GMM estimator,0.5,0.4,3411,1.0,1.0,1.0,0
85,1.002341965406084,1.0000366066946467,0.9991611761956132,GMM estimator,0.5,0.4,3411,1.0,1.0,1.0,0
86,0.9977118110005905,1.0000095762908303,0.9974971792206764,GMM estimator,0.5,0.4,3411,1.0,1.0,1.0,0
87,1.000103949904818,1.0032026695338585,0.998262202040341,GMM estimator,0.5,0.4,3411,1.0,1.0,1.0,0
88,1.0005534443909967,1.0024051558679337,1.002376413757058,GMM estimator,0.5,0.4,3411,1.0,1.0,1.0,0
89,1.0006428809948629,1.0002006060395212,1.0012927823540916,GMM estimator,0.5,0.4,3411,1.0,1.0,1.0,0
90,0.9998905005809012,1.000114223115194,0.9985354437929924,GMM estimator,0.5,0.4,3411,1.0,1.0,1.0,0
91,1.0054826930396503,0.9998392411268966,1.0015787345047018,GMM estimator,0.5,0.4,3411,1.0,1.0,1.0,0
92,1.0014066684957221,0.9992600359069544,1.003087047314227,GMM estimator,0.5,0.4,3411,1.0,1.0,1.0,0
93,0.9948750101788391,0.9982438678274533,0.9980777867017678,GMM estimator,0.5,0.4,3411,1.0,1.0,1.0,0
94,0.9991486051881426,1.0009322725861918,1.0004896560514025,GMM estimator,0.5,0.4,3411,1.0,1.0,1.0,0
95,0.9990830036121874,0.9978946480149249,0.9993882340163442,GMM estimator,0.5,0.4,3411,1.0,1.0,1.0,0
96,1.001124951949798,0.9995005861421976,1.000831459981844,GMM estimator,0.5,0.4,3411,1.0,1.0,1.0,0
97,0.9998639944227127,0.9997853090904081,1.0005914008846848,GMM estimator,0.5,0.4,3411,1.0,1.0,1.0,0
98,1.0002885011419118,0.9988414684588093,0.9997396580457014,GMM estimator,0.5,0.4,3411,1.0,1.0,1.0,0
99,1.0006772114006928,1.0017412316209975,1.0003329610947418,GMM estimator,0.5,0.4,3411,1.0,1.0,1.0,0
100,1.0002129008287628,0.9998354207125228,0.9985424395565052,GMM estimator,0.5,0.4,3411,1.0,1.0,1.0,0
1,1.0010025218474492,1.0012047536182338,1.0001288972765447,Three-step,0.75,0.4,3411,1.0,1.0,1.0,0
2,1.002261774469663,0.9988708700787549,0.9995132862749951,Three-step,0.75,0.4,3411,1.0,1.0,1.0,0
3,1.0027335567649172,1.00459813959485,1.0026643623530167,Three-step,0.75,0.4,3411,1.0,1.0,1.0,0
4,1.0014536430941767,1.0030379875223694,1.001426123391022,Three-step,0.75,0.4,3411,1.0,1.0,1.0,0
5,1.0027917733426919,1.0015514269534342,1.002228660949547,Three-step,0.75,0.4,3411,1.0,1.0,1.0,0
6,0.9998682119506199,1.002651369097607,1.0010956226229542,Three-step,0.75,0.4,3411,1.0,1.0,1.0,0
7,1.000497100141063,0.9968725843805721,0.9983216642876231,Three-step,0.75,0.4,3411,1.0,1.0,1.0,0
8,0.9991102811704458,1.0026012422532395,1.0005783696322819,Three-step,0.75,0.4,3411,1.0,1.0,1.0,0
9,0.9968325594001625,1.000754253880925,1.0016650372696072,Three-step,0.75,0.4,3411,1.0,1.0,1.0,0
10,0.9993186781937465,0.9963198515520707,0.9981363391535435,Three-step,0.75,0.4,3411,1.0,1.0,1.0,0
11,0.9991002797543036,0.9964609736390535,0.9953305925298409,Three-step,0.75,0.4,3411,1.0,1.0,1.0,0
12,0.9995161065409593,0.9979358613546462,0.9985906278977058,Three-step,0.75,0.4,3411,1.0,1.0,1.0,0
13,1.0032771253379869,1.0001080109844387,0.9990718787252882,Three-step,0.75,0.4,3411,1.0,1.0,1.0,0
14,0.9922930650660211,1.005451053369585,1.0036884156093437,Three-step,0.75,0.4,3411,1.0,1.0,1.0,0
15,1.0012548943799802,0.999597886350096,1.001427053035973,Three-step,0.75,0.4,3411,1.0,1.0,1.0,0
16,0.9977397229611072,0.9979933601413774,0.9983744641071043,Three-step,0.75,0.4,3411,1.0,1.0,1.0,0
17,1.0007949389663637,0.9991274054563977,0.9996552171800238,Three-step,0.75,0.4,3411,1.0,1.0,1.0,0
18,1.000371067384194,0.9968816419203204,0.9973158816585598,Three-step,0.75,0.4,3411,1.0,1.0,1.0,0
19,1.0005330176272011,1.0003803492341234,1.0002808670574235,Three-step,0.75,0.4,3411,1.0,1.0,1.0,0
20,0.9986701272846484,0.9961481518803814,0.9975512183920372,Three-step,0.75,0.4,3411,1.0,1.0,1.0,0
21,0.9971152909851475,0.9995809391333308,1.0011817723663061,Three-step,0.75,0.4,3411,1.0,1.0,1.0,0
22,0.996640748768495,0.9952231103182725,0.9989817784469184,Three-step,0.75,0.4,3411,1.0,1.0,1.0,0
23,1.001320827772249,0.9992495954034455,1.0000807845083182,Three-step,0.75,0.4,3411,1.0,1.0,1.0,0
24,1.001705200369204,1.001149198643772,1.000292906060905,Three-step,0.75,0.4,3411,1.0,1.0,1.0,0
25,1.000782975734891,1.0032263547401736,0.9988888666138191,Three-step,0.75,0.4,3411,1.0,1.0,1.0,0
26,0.996654956131748,0.9998629403109336,0.99875916738073,Three-step,0.75,0.4,3411,1.0,1.0,1.0,0
27,1.002001139958249,0.9995909571080418,1.002090617565817,Three-step,0.75,0.4,3411,1.0,1.0,1.0,0
28,0.9997387399772251,0.998485720550683,0.9980401492389335,Three-step,0.75,0.4,3411,1.0,1.0,1.0,0
29,0.9986560055520726,0.9995476235277068,1.0014978264155654,Three-step,0.75,0.4,3411,1.0,1.0,1.0,0
30,1.000729176164222,1.0004765831217488,1.0009157255768142,Three-step,0.75,0.4,3411,1.0,1.0,1.0,0
31,0.9979903768998922,0.9983368149559837,1.0014702361749885,Three-step,0.75,0.4,3411,1.0,1.0,1.0,0
32,0.9981454442059906,0.9968543692542863,0.9979475959309981,Three-step,0.75,0.4,3411,1.0,1.0,1.0,0
33,1.0014726720450868,1.0005534185788927,0.9989544806022504,Three-step,0.75,0.4,3411,1.0,1.0,1.0,0
34,1.0000353018951929,1.0010555774995191,0.9997922354883824,Three-step,0.75,0.4,3411,1.0,1.0,1.0,0
35,0.9975803365189285,1.0011925779227424,1.0018306701136372,Three-step,0.75,0.4,3411,1.0,1.0,1.0,0
36,1.001552200982947,1.0032318658891624,1.0009781895842618,Three-step,0.75,0.4,3411,1.0,1.0,1.0,0
37,1.0004430177196495,0.9995506880970242,0.999730994009045,Three-step,0.75,0.4,3411,1.0,1.0,1.0,0
38,0.997837303358924,0.9978498374566663,0.9978112804438315,Three-step,0.75,0.4,3411,1.0,1.0,1.0,0
39,1.0000593948395404,0.9986866825887224,0.9985188267444507,Three-step,0.75,0.4,3411,1.0,1.0,1.0,0
40,1.0037367911078254,1.0008009459746812,1.0001011015110577,Three-step,0.75,0.4,3411,1.0,1.0,1.0,0
41,0.9996360472055814,1.0025736870960327,1.0020797897149163,Three-step,0.75,0.4,3411,1.0,1.0,1.0,0
42,0.9943576506667197,0.996751535829923,0.9982993231672971,Three-step,0.75,0.4,3411,1.0,1.0,1.0,0
43,1.001983256022158,1.002915958037824,1.0031289934892045,Three-step,0.75,0.4,3411,1.0,1.0,1.0,0
44,0.9973232531018493,1.000783670173094,0.999564592510195,Three-step,0.75,0.4,3411,1.0,1.0,1.0,0
45,1.0033973130697336,0.999974170081131,0.999950165707228,Three-step,0.75,0.4,3411,1.0,1.0,1.0,0
46,1.0011141629244276,1.0023209720868118,1.0016404180011647,Three-step,0.75,0.4,3411,1.0,1.0,1.0,0
47,1.001982870968689,1.0034958972115144,1.0027311134013353,Three-step,0.75,0.4,3411,1.0,1.0,1.0,0
48,1.0027791702350164,1.001157178667503,1.0009904330197008,Three-step,0.75,0.4,3411,1.0,1.0,1.0,0
49,0.9958650360808177,0.9999744942094498,1.0001715652326806,Three-step,0.75,0.4,3411,1.0,1.0,1.0,0
50,1.0008265749755743,1.0028980584411826,1.0043567369488444,Three-step,0.75,0.4,3411,1.0,1.0,1.0,0
51,0.9974236461279442,0.9991474412607808,0.9969240812790721,Three-step,0.75,0.4,3411,1.0,1.0,1.0,0
52,0.9996990316606167,0.9976889896782414,0.9980629839435419,Three-step,0.75,0.4,3411,1.0,1.0,1.0,0
53,1.000506903916891,1.0023036408872898,1.000776962880748,Three-step,0.75,0.4,3411,1.0,1.0,1.0,0
54,1.0010025423800166,0.9959441624323396,0.9959491762451484,Three-step,0.75,0.4,3411,1.0,1.0,1.0,0
55,0.9992327910129999,0.9971176606340598,0.9994272900040482,Three-step,0.75,0.4,3411,1.0,1.0,1.0,0
56,0.9964005187400474,0.9998403805674891,0.9997469913921078,Three-step,0.75,0.4,3411,1.0,1.0,1.0,0
57,1.0012576629683714,1.0033436931980155,1.0048206481058195,Three-step,0.75,0.4,3411,1.0,1.0,1.0,0
58,1.0105075583357048,0.9986265179064988,0.9994784446080691,Three-step,0.75,0.4,3411,1.0,1.0,1.0,0
59,1.0011637849377348,1.0019504556553052,1.0012659157110075,Three-step,0.75,0.4,3411,1.0,1.0,1.0,0
60,0.9969918125158771,1.001680067493073,1.0024176698377947,Three-step,0.75,0.4,3411,1.0,1.0,1.0,0
61,0.9961201261265662,1.001064755255484,1.0009611659417506,Three-step,0.75,0.4,3411,1.0,1.0,1.0,0
62,1.000189148084081,0.9996055108549705,1.0009045152972171,Three-step,0.75,0.4,3411,1.0,1.0,1.0,0
63,1.0028112826286786,0.9974407288308578,0.9978906330698928,Three-step,0.75,0.4,3411,1.0,1.0,1.0,0
64,0.9977869326682828,0.9985111525226611,1.0002364040159166,Three-step,0.75,0.4,3411,1.0,1.0,1.0,0
65,0.9996023665907718,0.9993271017596617,1.0001078430312547,Three-step,0.75,0.4,3411,1.0,1.0,1.0,0
66,0.9946011263750754,0.9959884887999869,0.9993409100745938,Three-step,0.75,0.4,3411,1.0,1.0,1.0,0
67,0.9988182830629921,0.9979483565849315,1.0004086182071965,Three-step,0.75,0.4,3411,1.0,1.0,1.0,0
68,0.9991948687051752,1.0010995575489177,1.0004101734283033,Three-step,0.75,0.4,3411,1.0,1.0,1.0,0
69,0.9950454865434908,0.9997599695414835,1.0013409907923738,Three-step,0.75,0.4,3411,1.0,1.0,1.0,0
70,0.9976878416629367,0.9997014680870306,1.0014786355943532,Three-step,0.75,0.4,3411,1.0,1.0,1.0,0
71,1.0010040240532683,1.000594570304248,1.0004085476417823,Three-step,0.75,0.4,3411,1.0,1.0,1.0,0
72,0.9968534154250176,1.000256581226976,0.9984402200249034,Three-step,0.75,0.4,3411,1.0,1.0,1.0,0
73,0.9966099643043398,0.9952023958893822,0.9977732852688076,Three-step,0.75,0.4,3411,1.0,1.0,1.0,0
74,0.9979338173602851,0.9988715397577261,0.9991507989393017,Three-step,0.75,0.4,3411,1.0,1.0,1.0,0
75,1.0016922100810284,1.0020407304521155,1.0001728029812924,Three-step,0.75,0.4,3411,1.0,1.0,1.0,0
76,1.0001805094737273,1.0010020025114275,1.0007364513620565,Three-step,0.75,0.4,3411,1.0,1.0,1.0,0
77,1.004087478569393,0.9988499135439304,0.998456778763237,Three-step,0.75,0.4,3411,1.0,1.0,1.0,0
78,1.004985754255537,1.0015492370445491,1.0021970831416764,Three-step,0.75,0.4,3411,1.0,1.0,1.0,0
79,0.9991586742812464,0.9991816101172668,0.9975367838728472,Three-step,0.75,0.4,3411,1.0,1.0,1.0,0
80,0.9999951640148422,0.9990337576611669,0.9995266288491056,Three-step,0.75,0.4,3411,1.0,1.0,1.0,0
81,0.9975418826702239,1.0023234635856086,1.0019815728190529,Three-step,0.75,0.4,3411,1.0,1.0,1.0,0
82,0.9997612943252848,1.0000685527582343,0.9997153879737665,Three-step,0.75,0.4,3411,1.0,1.0,1.0,0
83,0.9998992937616891,0.9987419781503312,1.001111587301284,Three-step,0.75,0.4,3411,1.0,1.0,1.0,0
84,1.000329861877704,0.9988370123870791,0.9996284313792672,Three-step,0.75,0.4,3411,1.0,1.0,1.0,0
85,1.0015268631795573,1.0022318824328285,1.0014952218573017,Three-step,0.75,0.4,3411,1.0,1.0,1.0,0
86,0.9974622308583643,1.0009498662641683,1.0023206041958075,Three-step,0.75,0.4,3411,1.0,1.0,1.0,0
87,1.000318292589144,1.0012473841531981,0.9990577914372581,Three-step,0.75,0.4,3411,1.0,1.0,1.0,0
88,1.0016277683002894,1.0009480798435824,1.0014957529538362,Three-step,0.75,0.4,3411,1.0,1.0,1.0,0
89,1.0025826865926435,1.0029345814950892,1.002346492559305,Three-step,0.75,0.4,3411,1.0,1.0,1.0,0
90,0.9980503776166411,0.9991886835953927,1.0012012342375478,Three-step,0.75,0.4,3411,1.0,1.0,1.0,0
91,1.0056852556555642,1.000804557136208,1.0010614354996044,Three-step,0.75,0.4,3411,1.0,1.0,1.0,0
92,1.0019609644122736,1.0014539014641932,0.9994462973662006,Three-step,0.75,0.4,3411,1.0,1.0,1.0,0
93,0.9946070476388111,0.9966496301667124,1.0000330647575513,Three-step,0.75,0.4,3411,1.0,1.0,1.0,0
94,1.0024100613123215,1.0013821154946339,1.0018568798575473,Three-step,0.75,0.4,3411,1.0,1.0,1.0,0
95,0.9992460276780629,0.9999298057640964,0.9997413333939167,Three-step,0.75,0.4,3411,1.0,1.0,1.0,0
96,1.0001566010078862,0.9970033670241996,1.0001547707081446,Three-step,0.75,0.4,3411,1.0,1.0,1.0,0
97,0.9997832762263283,0.9982870989018071,0.998942908971052,Three-step,0.75,0.4,3411,1.0,1.0,1.0,0
98,1.0002143471197293,0.9990062862496936,0.9976622534007905,Three-step,0.75,0.4,3411,1.0,1.0,1.0,0
99,0.9986450870615069,1.0005471840486606,1.0016922031344964,Three-step,0.75,0.4,3411,1.0,1.0,1.0,0
100,0.9994081699113294,0.9992015270713019,1.0011254339503777,Three-step,0.75,0.4,3411,1.0,1.0,1.0,0
1,1.001939061330536,1.0007947452346437,1.0001288972765447,Robins' estimator,0.75,0.4,3411,1.0,1.0,1.0,0
2,1.0005438145685261,0.9992519898852913,0.9995132862749951,Robins' estimator,0.75,0.4,3411,1.0,1.0,1.0,0
3,1.0019118803068006,1.00445530379428,1.002664362353017,Robins' estimator,0.75,0.4,3411,1.0,1.0,1.0,0
4,1.001418662028092,1.0028267218024505,1.0014261233910222,Robins' estimator,0.75,0.4,3411,1.0,1.0,1.0,0
5,1.0017531175082022,1.001643451810526,1.002228660949547,Robins' estimator,0.75,0.4,3411,1.0,1.0,1.0,0
6,1.0015056639552555,1.0025041161676038,1.001095622622954,Robins' estimator,0.75,0.4,3411,1.0,1.0,1.0,0
7,0.998263596296789,0.9961278936344933,0.9983216642876233,Robins' estimator,0.75,0.4,3411,1.0,1.0,1.0,0
8,1.0004093353208208,1.0007409543328316,1.0005783696322819,Robins' estimator,0.75,0.4,3411,1.0,1.0,1.0,0
9,1.0002821371719344,1.0017202444182884,1.0016650372696072,Robins' estimator,0.75,0.4,3411,1.0,1.0,1.0,0
10,1.0014290825822827,0.9991110385841849,0.9981363391535435,Robins' estimator,0.75,0.4,3411,1.0,1.0,1.0,0
11,0.9956693471788051,0.9969380348930115,0.9953305925298409,Robins' estimator,0.75,0.4,3411,1.0,1.0,1.0,0
12,0.9986703739764433,0.99610644283342,0.9985906278977057,Robins' estimator,0.75,0.4,3411,1.0,1.0,1.0,0
13,1.0003992321749604,1.000348337116166,0.9990718787252884,Robins' estimator,0.75,0.4,3411,1.0,1.0,1.0,0
14,1.0003870400088557,1.0040195072397324,1.003688415609344,Robins' estimator,0.75,0.4,3411,1.0,1.0,1.0,0
15,1.0025385196118253,1.001004096224484,1.001427053035973,Robins' estimator,0.75,0.4,3411,1.0,1.0,1.0,0
16,0.9985795199165447,0.9975312377930587,0.9983744641071044,Robins' estimator,0.75,0.4,3411,1.0,1.0,1.0,0
17,1.000346685557574,0.9984457388497937,0.9996552171800238,Robins' estimator,0.75,0.4,3411,1.0,1.0,1.0,0
18,0.999136054527786,0.9974460179674874,0.9973158816585598,Robins' estimator,0.75,0.4,3411,1.0,1.0,1.0,0
19,0.9994276150161522,1.0010568400895135,1.0002808670574235,Robins' estimator,0.75,0.4,3411,1.0,1.0,1.0,0
20,0.9973541761431992,0.9974185483050116,0.9975512183920372,Robins' estimator,0.75,0.4,3411,1.0,1.0,1.0,0
21,1.0013534177410315,1.0008163011177693,1.0011817723663061,Robins' estimator,0.75,0.4,3411,1.0,1.0,1.0,0
22,0.9982608254812212,0.9981735432723979,0.9989817784469185,Robins' estimator,0.75,0.4,3411,1.0,1.0,1.0,0
23,1.000293772302813,0.9994741796665615,1.0000807845083182,Robins' estimator,0.75,0.4,3411,1.0,1.0,1.0,0
24,0.9984381666734233,1.0010608190175396,1.000292906060905,Robins' estimator,0.75,0.4,3411,1.0,1.0,1.0,0
25,0.9999877308031612,1.0017738999784063,0.9988888666138188,Robins' estimator,0.75,0.4,3411,1.0,1.0,1.0,0
26,0.9971818580762266,0.9992258458967621,0.9987591673807298,Robins' estimator,0.75,0.4,3411,1.0,1.0,1.0,0
27,1.0010390632863442,1.0022801588272592,1.002090617565817,Robins' estimator,0.75,0.4,3411,1.0,1.0,1.0,0
28,0.9997213145816701,0.9986277211809057,0.9980401492389337,Robins' estimator,0.75,0.4,3411,1.0,1.0,1.0,0
29,0.9999998691716997,1.0014021240969129,1.0014978264155656,Robins' estimator,0.75,0.4,3411,1.0,1.0,1.0,0
30,1.0011002324211073,1.0016868004214867,1.0009157255768144,Robins' estimator,0.75,0.4,3411,1.0,1.0,1.0,0
31,0.9999694307217176,0.9987987719701423,1.0014702361749885,Robins' estimator,0.75,0.4,3411,1.0,1.0,1.0,0
32,0.9977381742589745,0.9981044687737164,0.9979475959309981,Robins' estimator,0.75,0.4,3411,1.0,1.0,1.0,0
33,1.0007323033828297,1.0010954282355877,0.9989544806022504,Robins' estimator,0.75,0.4,3411,1.0,1.0,1.0,0
34,0.9991245615838836,1.0007704268107447,0.9997922354883824,Robins' estimator,0.75,0.4,3411,1.0,1.0,1.0,0
35,1.0012163812519292,1.00053409098134,1.001830670113637,Robins' estimator,0.75,0.4,3411,1.0,1.0,1.0,0
36,1.0024870597010416,1.0021497709641274,1.0009781895842618,Robins' estimator,0.75,0.4,3411,1.0,1.0,1.0,0
37,1.0007581966650934,0.9994746820102517,0.9997309940090451,Robins' estimator,0.75,0.4,3411,1.0,1.0,1.0,0
38,0.9969218983829491,0.9979262601052052,0.9978112804438316,Robins' estimator,0.75,0.4,3411,1.0,1.0,1.0,0
39,0.998857840151797,0.9982601673308075,0.9985188267444507,Robins' estimator,0.75,0.4,3411,1.0,1.0,1.0,0
40,1.0018679176319432,1.0009815976499135,1.0001011015110577,Robins' estimator,0.75,0.4,3411,1.0,1.0,1.0,0
41,0.9995806250022548,1.0007715541134818,1.002079789714916,Robins' estimator,0.75,0.4,3411,1.0,1.0,1.0,0
42,0.9971108730323595,0.9975950498933616,0.998299323167297,Robins' estimator,0.75,0.4,3411,1.0,1.0,1.0,0
43,1.0043569453483938,1.0036525054194951,1.0031289934892043,Robins' estimator,0.75,0.4,3411,1.0,1.0,1.0,0
44,1.0009986919076532,1.0005934107061811,0.9995645925101949,Robins' estimator,0.75,0.4,3411,1.0,1.0,1.0,0
45,1.0020127514855486,1.000436469671714,0.9999501657072281,Robins' estimator,0.75,0.4,3411,1.0,1.0,1.0,0
46,0.999832699467288,1.0023082952667066,1.0016404180011647,Robins' estimator,0.75,0.4,3411,1.0,1.0,1.0,0
47,1.0048443495120154,1.0026295364764315,1.0027311134013353,Robins' estimator,0.75,0.4,3411,1.0,1.0,1.0,0
48,1.0020352778895805,1.0007171915037252,1.0009904330197008,Robins' estimator,0.75,0.4,3411,1.0,1.0,1.0,0
49,1.0002409300313952,0.9990439968187473,1.0001715652326806,Robins' estimator,0.75,0.4,3411,1.0,1.0,1.0,0
50,1.0047040105379452,1.003068215711339,1.0043567369488444,Robins' estimator,0.75,0.4,3411,1.0,1.0,1.0,0
51,0.9958559183301477,0.9976661908435658,0.9969240812790723,Robins' estimator,0.75,0.4,3411,1.0,1.0,1.0,0
52,0.9970635440451183,0.9978816586958725,0.9980629839435418,Robins' estimator,0.75,0.4,3411,1.0,1.0,1.0,0
53,1.0008827085541387,1.0008647127809844,1.000776962880748,Robins' estimator,0.75,0.4,3411,1.0,1.0,1.0,0
54,0.9963183291763551,0.9958456772516914,0.9959491762451487,Robins' estimator,0.75,0.4,3411,1.0,1.0,1.0,0
55,1.0002176511568877,0.9983931160831748,0.9994272900040482,Robins' estimator,0.75,0.4,3411,1.0,1.0,1.0,0
56,0.9996619296340022,0.9992555163860614,0.9997469913921077,Robins' estimator,0.75,0.4,3411,1.0,1.0,1.0,0
57,1.0056591318231296,1.0061042465638093,1.0048206481058195,Robins' estimator,0.75,0.4,3411,1.0,1.0,1.0,0
58,0.9998744933963666,0.9994304059074258,0.9994784446080693,Robins' estimator,0.75,0.4,3411,1.0,1.0,1.0,0
59,1.001559187549972,1.0032714100758513,1.0012659157110075,Robins' estimator,0.75,0.4,3411,1.0,1.0,1.0,0
60,1.000457092390223,1.0008708933630392,1.0024176698377947,Robins' estimator,0.75,0.4,3411,1.0,1.0,1.0,0
61,1.0001201356129172,1.0003665666167434,1.0009611659417503,Robins' estimator,0.75,0.4,3411,1.0,1.0,1.0,0
62,1.00055104753431,1.0016320287735239,1.0009045152972174,Robins' estimator,0.75,0.4,3411,1.0,1.0,1.0,0
63,1.0002404269411609,0.9978512141387081,0.9978906330698929,Robins' estimator,0.75,0.4,3411,1.0,1.0,1.0,0
64,1.000827450961589,0.9996346549140357,1.0002364040159166,Robins' estimator,0.75,0.4,3411,1.0,1.0,1.0,0
65,0.9996834873841323,1.0001314834141841,1.0001078430312547,Robins' estimator,0.75,0.4,3411,1.0,1.0,1.0,0
66,0.9998531473845427,0.9979328943820225,0.9993409100745935,Robins' estimator,0.75,0.4,3411,1.0,1.0,1.0,0
67,1.0006806307099698,0.9989954001937175,1.0004086182071965,Robins' estimator,0.75,0.4,3411,1.0,1.0,1.0,0
68,0.9990811386496784,0.9994256795818901,1.0004101734283033,Robins' estimator,0.75,0.4,3411,1.0,1.0,1.0,0
69,0.9994956862505464,1.0008685834257454,1.0013409907923738,Robins' estimator,0.75,0.4,3411,1.0,1.0,1.0,0
70,1.0004101393249614,1.0004690228849717,1.0014786355943532,Robins' estimator,0.75,0.4,3411,1.0,1.0,1.0,0
71,1.0012021530732862,1.0002440290458323,1.0004085476417826,Robins' estimator,0.75,0.4,3411,1.0,1.0,1.0,0
72,0.9978120163474756,0.998825657643036,0.9984402200249034,Robins' estimator,0.75,0.4,3411,1.0,1.0,1.0,0
73,0.9991048419255044,0.9968985093110448,0.9977732852688078,Robins' estimator,0.75,0.4,3411,1.0,1.0,1.0,0
74,0.9989816267994858,0.9983054362914631,0.9991507989393017,Robins' estimator,0.75,0.4,3411,1.0,1.0,1.0,0
75,1.0030311896679132,1.0013772429211185,1.0001728029812922,Robins' estimator,0.75,0.4,3411,1.0,1.0,1.0,0
76,1.0017415711172346,1.0007042371028316,1.0007364513620565,Robins' estimator,0.75,0.4,3411,1.0,1.0,1.0,0
77,0.9985157905140668,0.9986669296924949,0.998456778763237,Robins' estimator,0.75,0.4,3411,1.0,1.0,1.0,0
78,1.0028413923467685,1.0024717180691638,1.0021970831416767,Robins' estimator,0.75,0.4,3411,1.0,1.0,1.0,0
79,0.9985933805696445,0.9985449870998472,0.9975367838728472,Robins' estimator,0.75,0.4,3411,1.0,1.0,1.0,0
80,1.0017583004368935,0.9996670776768973,0.9995266288491058,Robins' estimator,0.75,0.4,3411,1.0,1.0,1.0,0
81,1.0011432224470422,1.0028493018268396,1.0019815728190529,Robins' estimator,0.75,0.4,3411,1.0,1.0,1.0,0
82,0.9999725361703727,0.9993594227394778,0.9997153879737664,Robins' estimator,0.75,0.4,3411,1.0,1.0,1.0,0
83,0.9996562370472232,0.9994777696223439,1.001111587301284,Robins' estimator,0.75,0.4,3411,1.0,1.0,1.0,0
84,0.9991727040296253,1.0007241738282147,0.9996284313792669,Robins' estimator,0.75,0.4,3411,1.0,1.0,1.0,0
85,0.9987653382196292,1.0009567780084228,1.0014952218573017,Robins' estimator,0.75,0.4,3411,1.0,1.0,1.0,0
86,1.0013422247754533,0.9994804248545911,1.0023206041958075,Robins' estimator,0.75,0.4,3411,1.0,1.0,1.0,0
87,0.9979604592541395,1.0001924465131093,0.999057791437258,Robins' estimator,0.75,0.4,3411,1.0,1.0,1.0,0
88,1.0024373727551892,1.0033724064701453,1.0014957529538362,Robins' estimator,0.75,0.4,3411,1.0,1.0,1.0,0
89,1.0030977530055025,1.001708738357384,1.002346492559305,Robins' estimator,0.75,0.4,3411,1.0,1.0,1.0,0
90,1.001885702767131,1.0005914713626474,1.0012012342375478,Robins' estimator,0.75,0.4,3411,1.0,1.0,1.0,0
91,1.0039275982813984,1.00140831173742,1.0010614354996044,Robins' estimator,0.75,0.4,3411,1.0,1.0,1.0,0
92,1.0009634570946397,1.0015874123778503,0.9994462973662008,Robins' estimator,0.75,0.4,3411,1.0,1.0,1.0,0
93,0.9992194997960141,0.9976376543665613,1.0000330647575513,Robins' estimator,0.75,0.4,3411,1.0,1.0,1.0,0
94,1.0025513283246763,1.0016479630391306,1.0018568798575473,Robins' estimator,0.75,0.4,3411,1.0,1.0,1.0,0
95,0.9991319559031633,0.9982684766389627,0.999741333393917,Robins' estimator,0.75,0.4,3411,1.0,1.0,1.0,0
96,1.0005321512525363,0.9989749958041877,1.0001547707081446,Robins' estimator,0.75,0.4,3411,1.0,1.0,1.0,0
97,0.9993613621809881,0.9984932105526193,0.9989429089710519,Robins' estimator,0.75,0.4,3411,1.0,1.0,1.0,0
98,0.9974315200118219,0.9986340674271352,0.9976622534007904,Robins' estimator,0.75,0.4,3411,1.0,1.0,1.0,0
99,0.9999748807605215,1.0002569951723344,1.0016922031344966,Robins' estimator,0.75,0.4,3411,1.0,1.0,1.0,0
100,1.0013174344561881,0.9994938462458655,1.0011254339503777,Robins' estimator,0.75,0.4,3411,1.0,1.0,1.0,0
1,1.001852796327971,1.0008462013320876,1.0000052778462543,GMM estimator,0.75,0.4,3411,1.0,1.0,1.0,0
2,1.0009298725500928,0.9995710263957502,1.0000879373969904,GMM estimator,0.75,0.4,3411,1.0,1.0,1.0,0
3,1.0022772937433102,1.0045627621826838,1.002904966428158,GMM estimator,0.75,0.4,3411,1.0,1.0,1.0,0
4,1.001427340668846,1.0028532880091567,1.0014293621927048,GMM estimator,0.75,0.4,3411,1.0,1.0,1.0,0
5,1.0019866419130585,1.0017570002026113,1.002508871103242,GMM estimator,0.75,0.4,3411,1.0,1.0,1.0,0
6,1.001134889730755,1.0023319877327954,1.0006131920916372,GMM estimator,0.75,0.4,3411,1.0,1.0,1.0,0
7,0.9983936073050877,0.99643173454238,0.9987039145236956,GMM estimator,0.75,0.4,3411,1.0,1.0,1.0,0
8,1.000103744799568,1.0006404675216602,1.0004035599464105,GMM estimator,0.75,0.4,3411,1.0,1.0,1.0,0
9,0.9990398706390893,1.0007441689992407,1.0002007038722394,GMM estimator,0.75,0.4,3411,1.0,1.0,1.0,0
10,1.0012263547162397,0.9991176981852137,0.9983474701436919,GMM estimator,0.75,0.4,3411,1.0,1.0,1.0,0
11,0.9977175787687853,0.9982086100992242,0.9974355122564651,GMM estimator,0.75,0.4,3411,1.0,1.0,1.0,0
12,0.9994132881486324,0.9964798682690504,0.9992244850747919,GMM estimator,0.75,0.4,3411,1.0,1.0,1.0,0
13,1.000781518256068,1.00060790394617,0.9995505097376203,GMM estimator,0.75,0.4,3411,1.0,1.0,1.0,0
14,1.0010157562590758,1.0043993644594473,1.004020963712296,GMM estimator,0.75,0.4,3411,1.0,1.0,1.0,0
15,1.0021549097570805,1.000797232959324,1.001022203956413,GMM estimator,0.75,0.4,3411,1.0,1.0,1.0,0
16,0.9981209918331616,0.9971216497433615,0.9978418491359833,GMM estimator,0.75,0.4,3411,1.0,1.0,1.0,0
17,1.0005384114701994,0.9986272883589844,0.9998960554964909,GMM estimator,0.75,0.4,3411,1.0,1.0,1.0,0
18,0.9996648467407608,0.9976143093300234,0.9975965615799416,GMM estimator,0.75,0.4,3411,1.0,1.0,1.0,0
19,1.0000786372240626,1.0013531895502075,1.0008898786752378,GMM estimator,0.75,0.4,3411,1.0,1.0,1.0,0
20,0.997972886110636,0.9978224259232499,0.9982268927930517,GMM estimator,0.75,0.4,3411,1.0,1.0,1.0,0
21,1.0010268856311888,1.0006827391395876,1.0006062233925372,GMM estimator,0.75,0.4,3411,1.0,1.0,1.0,0
22,0.9978940170622809,0.9977170394989571,0.9984496265221845,GMM estimator,0.75,0.4,3411,1.0,1.0,1.0,0
23,1.0004620242752944,0.9993587996358049,1.0000851112418323,GMM estimator,0.75,0.4,3411,1.0,1.0,1.0,0
24,0.9989317573015867,1.0012630451313915,1.0006788898605115,GMM estimator,0.75,0.4,3411,1.0,1.0,1.0,0
25,1.0000161665518212,1.0017863504320654,0.9987604623790757,GMM estimator,0.75,0.4,3411,1.0,1.0,1.0,0
26,0.9970089031358556,0.9990296683850256,0.9985320305516757,GMM estimator,0.75,0.4,3411,1.0,1.0,1.0,0
27,1.0014342192369532,1.0020492167136252,1.0018714641376483,GMM estimator,0.75,0.4,3411,1.0,1.0,1.0,0
28,0.9997120437658611,0.9986177108741427,0.9980253626150144,GMM estimator,0.75,0.4,3411,1.0,1.0,1.0,0
29,0.9995985652011599,1.0007995466908721,1.000956948448974,GMM estimator,0.75,0.4,3411,1.0,1.0,1.0,0
30,1.0012777617516941,1.0019027408448744,1.001149257665533,GMM estimator,0.75,0.4,3411,1.0,1.0,1.0,0
31,0.9992782314477874,0.9983015364396061,1.0007644882232305,GMM estimator,0.75,0.4,3411,1.0,1.0,1.0,0
32,0.9974432812285365,0.9978936062253523,0.9979320015837234,GMM estimator,0.75,0.4,3411,1.0,1.0,1.0,0
33,1.0010418521583737,1.0012834988832908,0.9992206099666403,GMM estimator,0.75,0.4,3411,1.0,1.0,1.0,0
34,0.999602594375626,1.0011363854110629,1.0003352153030587,GMM estimator,0.75,0.4,3411,1.0,1.0,1.0,0
35,1.0000040881645482,0.9996981437588067,1.0007540709204972,GMM estimator,0.75,0.4,3411,1.0,1.0,1.0,0
36,1.0024857977241277,1.0020961612196664,1.0004933593366236,GMM estimator,0.75,0.4,3411,1.0,1.0,1.0,0
37,1.0006703028174664,0.9994277847186375,0.9996415697806976,GMM estimator,0.75,0.4,3411,1.0,1.0,1.0,0
38,0.9969445684383326,0.9979547608819338,0.99788804903246,GMM estimator,0.75,0.4,3411,1.0,1.0,1.0,0
39,0.9991011635717553,0.9985576204501905,0.9989013921284424,GMM estimator,0.75,0.4,3411,1.0,1.0,1.0,0
40,1.0025110964895696,1.0011020925162866,1.0006340128052258,GMM estimator,0.75,0.4,3411,1.0,1.0,1.0,0
41,0.9997576506808319,1.0010548149242413,1.002265828991837,GMM estimator,0.75,0.4,3411,1.0,1.0,1.0,0
42,0.9971875477140755,0.9978177418673198,0.9984028785182039,GMM estimator,0.75,0.4,3411,1.0,1.0,1.0,0
43,1.0033339099137424,1.0029364337794906,1.0019253732107591,GMM estimator,0.75,0.4,3411,1.0,1.0,1.0,0
44,1.0007235201298694,1.0005607395685692,0.9992104129831352,GMM estimator,0.75,0.4,3411,1.0,1.0,1.0,0
45,1.0019771680035465,1.0002598046773685,0.9999137253870347,GMM estimator,0.75,0.4,3411,1.0,1.0,1.0,0
46,1.0004421811926663,1.002763474993715,1.002310367278409,GMM estimator,0.75,0.4,3411,1.0,1.0,1.0,0
47,1.0044451171182527,1.0019545653469046,1.001808597122939,GMM estimator,0.75,0.4,3411,1.0,1.0,1.0,0
48,1.0024475104793216,1.0010937205642962,1.0014626810779448,GMM estimator,0.75,0.4,3411,1.0,1.0,1.0,0
49,0.9992129387639419,0.9986324809152569,0.9992092327123574,GMM estimator,0.75,0.4,3411,1.0,1.0,1.0,0
50,1.003036807421236,1.002057760394933,1.0026012850524804,GMM estimator,0.75,0.4,3411,1.0,1.0,1.0,0
51,0.9965316133533026,0.9980972243855434,0.9976013370353709,GMM estimator,0.75,0.4,3411,1.0,1.0,1.0,0
52,0.9980521269487569,0.9981907732293167,0.9989061730000519,GMM estimator,0.75,0.4,3411,1.0,1.0,1.0,0
53,1.0008749823573269,1.0008960867693861,1.0008534672006744,GMM estimator,0.75,0.4,3411,1.0,1.0,1.0,0
54,0.9980426145868626,0.9965227923720656,0.9975090647956805,GMM estimator,0.75,0.4,3411,1.0,1.0,1.0,0
55,0.9999464033282492,0.9980072717650945,0.9989201797382454,GMM estimator,0.75,0.4,3411,1.0,1.0,1.0,0
56,0.9988075077368621,0.9987513237662362,0.9988596344771741,GMM estimator,0.75,0.4,3411,1.0,1.0,1.0,0
57,1.0044408678573362,1.0052322946493355,1.0036473566156943,GMM estimator,0.75,0.4,3411,1.0,1.0,1.0,0
58,1.0006880997805878,0.9991149754460285,0.9995010912656465,GMM estimator,0.75,0.4,3411,1.0,1.0,1.0,0
59,1.0013720879572734,1.0029110543052573,1.0009393514479297,GMM estimator,0.75,0.4,3411,1.0,1.0,1.0,0
60,0.9994924086949688,0.9998577852719248,1.000930115459557,GMM estimator,0.75,0.4,3411,1.0,1.0,1.0,0
61,0.999037632027801,1.0008465745534207,1.000583352122387,GMM estimator,0.75,0.4,3411,1.0,1.0,1.0,0
62,0.9999108112162203,1.0013009676950744,1.000438501595637,GMM estimator,0.75,0.4,3411,1.0,1.0,1.0,0
63,1.0010029171584507,0.9984395339846351,0.9992088672776795,GMM estimator,0.75,0.4,3411,1.0,1.0,1.0,0
64,0.9995414036918211,0.9993217510381872,0.9994358723185648,GMM estimator,0.75,0.4,3411,1.0,1.0,1.0,0
65,0.9995290821534759,0.9998976815491409,0.9998940516345205,GMM estimator,0.75,0.4,3411,1.0,1.0,1.0,0
66,1.0010729155820979,0.9988637348909808,0.999658730015392,GMM estimator,0.75,0.4,3411,1.0,1.0,1.0,0
67,1.000511619712831,0.9988766266949495,1.000119978055173,GMM estimator,0.75,0.4,3411,1.0,1.0,1.0,0
68,0.9998137550144139,1.0001209378082423,1.0010512118361914,GMM estimator,0.75,0.4,3411,1.0,1.0,1.0,0
69,0.9979863328567229,0.9998945729692821,0.9997168208005065,GMM estimator,0.75,0.4,3411,1.0,1.0,1.0,0
70,0.9988254672427263,0.9992493698174376,0.9999332293208887,GMM estimator,0.75,0.4,3411,1.0,1.0,1.0,0
71,1.0014022635436994,1.0003734527905754,1.000493834915607,GMM estimator,0.75,0.4,3411,1.0,1.0,1.0,0
72,0.9976131404902115,0.9987866245564965,0.9980970688989608,GMM estimator,0.75,0.4,3411,1.0,1.0,1.0,0
73,0.9973697916375733,0.9957310999590048,0.996058921614893,GMM estimator,0.75,0.4,3411,1.0,1.0,1.0,0
74,0.9989632136858272,0.9985153072903017,0.9991739759855207,GMM estimator,0.75,0.4,3411,1.0,1.0,1.0,0
75,1.0028623655688034,1.0012618163589897,0.9999326631513548,GMM estimator,0.75,0.4,3411,1.0,1.0,1.0,0
76,1.0015700697681136,1.000743656555733,1.0005796065330435,GMM estimator,0.75,0.4,3411,1.0,1.0,1.0,0
77,0.999887692257427,0.999385292026206,1.0002453437177836,GMM estimator,0.75,0.4,3411,1.0,1.0,1.0,0
78,1.0035325052962067,1.0030251262087477,1.0030169444789305,GMM estimator,0.75,0.4,3411,1.0,1.0,1.0,0
79,0.9985796588302404,0.9984594838521306,0.9974273278574608,GMM estimator,0.75,0.4,3411,1.0,1.0,1.0,0
80,1.0012798345545675,0.9994154250315881,0.9991142346505228,GMM estimator,0.75,0.4,3411,1.0,1.0,1.0,0
81,1.000217046438375,1.0020260118791233,1.0012201399502,GMM estimator,0.75,0.4,3411,1.0,1.0,1.0,0
82,0.9999150712927011,0.9993287406232251,0.9996153642238867,GMM estimator,0.75,0.4,3411,1.0,1.0,1.0,0
83,0.999636354970725,0.9992277245188196,1.0010246590913043,GMM estimator,0.75,0.4,3411,1.0,1.0,1.0,0
84,0.9998243504799996,1.0014107381567814,1.0005970227288845,GMM estimator,0.75,0.4,3411,1.0,1.0,1.0,0
85,0.9990174789253589,1.0009264661903012,1.0015816072757007,GMM estimator,0.75,0.4,3411,1.0,1.0,1.0,0
86,0.999926929346495,0.9981936729926992,1.0000012918865764,GMM estimator,0.75,0.4,3411,1.0,1.0,1.0,0
87,0.998243854517326,1.0004850607488875,0.9993699117171311,GMM estimator,0.75,0.4,3411,1.0,1.0,1.0,0
88,1.001488591738037,1.0026960140284025,1.0005298171097445,GMM estimator,0.75,0.4,3411,1.0,1.0,1.0,0
89,1.0030410689726008,1.002071330236489,1.002587383792306,GMM estimator,0.75,0.4,3411,1.0,1.0,1.0,0
90,1.001379816428773,1.0003698259194287,1.0004747973653152,GMM estimator,0.75,0.4,3411,1.0,1.0,1.0,0
91,1.0047421425292935,1.0018578855007854,1.0018501836418576,GMM estimator,0.75,0.4,3411,1.0,1.0,1.0,0
92,1.001441427123439,1.0019540227618653,0.9999430102105127,GMM estimator,0.75,0.4,3411,1.0,1.0,1.0,0
93,0.998566471089469,0.9976870795621496,0.9994633733055518,GMM estimator,0.75,0.4,3411,1.0,1.0,1.0,0
94,1.002551776314631,1.0016831514362465,1.001851949388686,GMM estimator,0.75,0.4,3411,1.0,1.0,1.0,0
95,0.9991094284337507,0.998378211099672,0.9996091415258785,GMM estimator,0.75,0.4,3411,1.0,1.0,1.0,0
96,1.0002237743145848,0.9987966241150801,0.9998338333953467,GMM estimator,0.75,0.4,3411,1.0,1.0,1.0,0
97,0.9995958988063233,0.9986429379335469,0.9991741416950238,GMM estimator,0.75,0.4,3411,1.0,1.0,1.0,0
98,0.9980685052656331,0.9991308357819954,0.9983898867987799,GMM estimator,0.75,0.4,3411,1.0,1.0,1.0,0
99,1.0000569777282737,1.0002900679375475,1.0017808619904427,GMM estimator,0.75,0.4,3411,1.0,1.0,1.0,0
100,1.0007261092631359,0.9990989831075874,1.0005156945776088,GMM estimator,0.75,0.4,3411,1.0,1.0,1.0,0
1,1.0010118623470117,1.0005597783156412,1.0000582379783975,Three-step,1.0,0.4,3411,1.0,1.0,1.0,0
2,1.002268660205804,0.9996941397974927,0.9992945831565573,Three-step,1.0,0.4,3411,1.0,1.0,1.0,0
3,1.0027441401958022,1.0027447551492443,1.0030738147044191,Three-step,1.0,0.4,3411,1.0,1.0,1.0,0
4,1.001443361389259,1.0021890647887413,1.001502738696859,Three-step,1.0,0.4,3411,1.0,1.0,1.0,0
5,1.0027971702312373,1.001052877232944,1.001919240305437,Three-step,1.0,0.4,3411,1.0,1.0,1.0,0
6,0.9998698834641766,1.0022184320835805,1.0023620555127606,Three-step,1.0,0.4,3411,1.0,1.0,1.0,0
7,1.0005194101368542,0.9976617869642944,0.9980045344387213,Three-step,1.0,0.4,3411,1.0,1.0,1.0,0
8,0.9990958307581863,1.0023959785198726,1.0011266580491767,Three-step,1.0,0.4,3411,1.0,1.0,1.0,0
9,0.9968433557382984,1.0010975924858339,1.0014933664099883,Three-step,1.0,0.4,3411,1.0,1.0,1.0,0
10,0.9993463865341907,0.9980263726369016,0.9994729805429994,Three-step,1.0,0.4,3411,1.0,1.0,1.0,0
11,0.9991031435494276,0.9972605303411448,0.9969018681325792,Three-step,1.0,0.4,3411,1.0,1.0,1.0,0
12,0.9995080153101618,0.9978444119350536,0.9990867614582493,Three-step,1.0,0.4,3411,1.0,1.0,1.0,0
13,1.0032609713912966,0.999568443870437,0.999927345971628,Three-step,1.0,0.4,3411,1.0,1.0,1.0,0
14,0.9922800818101132,1.0023352392114404,1.0039892713521152,Three-step,1.0,0.4,3411,1.0,1.0,1.0,0
15,1.0012413236031446,0.9995177555246546,0.9997993040513735,Three-step,1.0,0.4,3411,1.0,1.0,1.0,0
16,0.9977821702815136,0.9977423726954842,0.9982047405046394,Three-step,1.0,0.4,3411,1.0,1.0,1.0,0
17,1.0007938723907235,0.9988852819371788,0.9987265815496695,Three-step,1.0,0.4,3411,1.0,1.0,1.0,0
18,1.0003799338847457,0.9976919778374483,0.9978917843661892,Three-step,1.0,0.4,3411,1.0,1.0,1.0,0
19,1.0005317260833688,0.9997873341733237,1.000686526940308,Three-step,1.0,0.4,3411,1.0,1.0,1.0,0
20,0.9986742568351273,0.9963058817246474,0.9972448362906468,Three-step,1.0,0.4,3411,1.0,1.0,1.0,0
21,0.9971267357603874,0.9999868610476109,1.0010556953353789,Three-step,1.0,0.4,3411,1.0,1.0,1.0,0
22,0.9966204409962388,0.9972624099963169,0.9990372074863265,Three-step,1.0,0.4,3411,1.0,1.0,1.0,0
23,1.0013062705581102,0.9997356838453352,0.9998099316865228,Three-step,1.0,0.4,3411,1.0,1.0,1.0,0
24,1.0017117358729903,1.0003855476428516,1.0006967699616065,Three-step,1.0,0.4,3411,1.0,1.0,1.0,0
25,1.0007826857571918,1.0029839206492324,1.000399006749516,Three-step,1.0,0.4,3411,1.0,1.0,1.0,0
26,0.9966037946647385,0.9980823165890824,0.9992983198489652,Three-step,1.0,0.4,3411,1.0,1.0,1.0,0
27,1.0019887041445845,1.0007024315079964,1.0005900187894023,Three-step,1.0,0.4,3411,1.0,1.0,1.0,0
28,0.9997204233098117,0.9986661605834665,0.9982386306254619,Three-step,1.0,0.4,3411,1.0,1.0,1.0,0
29,0.9986820258929656,1.0012115110327706,1.0014844723213518,Three-step,1.0,0.4,3411,1.0,1.0,1.0,0
30,1.000717626739986,1.001708934815672,1.002032709539526,Three-step,1.0,0.4,3411,1.0,1.0,1.0,0
31,0.997984710165945,0.999423090760897,0.9995253681439328,Three-step,1.0,0.4,3411,1.0,1.0,1.0,0
32,0.9981543942579805,0.9980282649551946,0.9986012050382863,Three-step,1.0,0.4,3411,1.0,1.0,1.0,0
33,1.001431286052103,1.0001212075909456,1.000005246259851,Three-step,1.0,0.4,3411,1.0,1.0,1.0,0
34,1.000024801678203,1.0004843419866232,0.9998011968721181,Three-step,1.0,0.4,3411,1.0,1.0,1.0,0
35,0.9975613376086121,1.0012244084512276,1.0009493767873576,Three-step,1.0,0.4,3411,1.0,1.0,1.0,0
36,1.0015504689012336,1.0014690836201674,1.0005407854968067,Three-step,1.0,0.4,3411,1.0,1.0,1.0,0
37,1.0004331681735528,1.0000007783077847,0.9990222992116075,Three-step,1.0,0.4,3411,1.0,1.0,1.0,0
38,0.9978410135117266,0.9979428805942668,0.9982079556296062,Three-step,1.0,0.4,3411,1.0,1.0,1.0,0
39,1.0000502822769783,0.9993406609649548,0.9989490082560245,Three-step,1.0,0.4,3411,1.0,1.0,1.0,0
40,1.0037321790039881,1.0000612682807397,1.0004051637272375,Three-step,1.0,0.4,3411,1.0,1.0,1.0,0
41,0.9996213499766319,1.0021568267030412,1.001725976604402,Three-step,1.0,0.4,3411,1.0,1.0,1.0,0
42,0.9943353142989683,0.9961443958235203,0.9981983605267425,Three-step,1.0,0.4,3411,1.0,1.0,1.0,0
43,1.0019739434642672,1.0024194731782643,1.0029271582596253,Three-step,1.0,0.4,3411,1.0,1.0,1.0,0
44,0.9973266694517974,0.9996291471857387,1.0000340452635013,Three-step,1.0,0.4,3411,1.0,1.0,1.0,0
45,1.003398331371523,1.0009711478877485,0.999610815574402,Three-step,1.0,0.4,3411,1.0,1.0,1.0,0
46,1.0011174417804627,1.0020085956561298,1.0022703025155413,Three-step,1.0,0.4,3411,1.0,1.0,1.0,0
47,1.0019881218870137,1.0025699613514072,1.0020482248250182,Three-step,1.0,0.4,3411,1.0,1.0,1.0,0
48,1.0027755015377917,1.0003278281091559,1.000648132526174,Three-step,1.0,0.4,3411,1.0,1.0,1.0,0
49,0.9958756092746038,0.9991756754854153,0.9994638265316602,Three-step,1.0,0.4,3411,1.0,1.0,1.0,0
50,1.0008262620406763,1.0029721142931536,1.0026965650475084,Three-step,1.0,0.4,3411,1.0,1.0,1.0,0
51,0.9974687364058028,0.9978644086837408,0.9975704158840996,Three-step,1.0,0.4,3411,1.0,1.0,1.0,0
52,0.9997211725848512,0.9985926267514993,0.9987697984011485,Three-step,1.0,0.4,3411,1.0,1.0,1.0,0
53,1.0004949187040102,1.0005983635368174,1.0009717743068633,Three-step,1.0,0.4,3411,1.0,1.0,1.0,0
54,1.001045407717519,0.9959658666563286,0.9958968347214331,Three-step,1.0,0.4,3411,1.0,1.0,1.0,0
55,0.9992205260648297,0.9974678420325442,0.9988944514672562,Three-step,1.0,0.4,3411,1.0,1.0,1.0,0
56,0.9964041818586181,0.9983321952054054,0.9983985903330976,Three-step,1.0,0.4,3411,1.0,1.0,1.0,0
57,1.001285199629614,1.0041979463712905,1.0049261958712277,Three-step,1.0,0.4,3411,1.0,1.0,1.0,0
58,1.010511958962658,0.9995996570961415,0.999388644161297,Three-step,1.0,0.4,3411,1.0,1.0,1.0,0
59,1.001156248591097,1.0019050905595799,1.0032908096591888,Three-step,1.0,0.4,3411,1.0,1.0,1.0,0
60,0.9970274814165774,1.0014143341952506,1.0029109758690198,Three-step,1.0,0.4,3411,1.0,1.0,1.0,0
61,0.9961226527070959,1.0005350513721896,0.9998440924147667,Three-step,1.0,0.4,3411,1.0,1.0,1.0,0
62,1.000185227254084,1.0002976946931292,1.0013108421572916,Three-step,1.0,0.4,3411,1.0,1.0,1.0,0
63,1.0028053246294575,0.9972350579099143,0.9978537858384351,Three-step,1.0,0.4,3411,1.0,1.0,1.0,0
64,0.9977933592510171,0.9989599500340078,1.0000211579227518,Three-step,1.0,0.4,3411,1.0,1.0,1.0,0
65,0.9995984269045571,0.9994941165458273,0.9998348546933324,Three-step,1.0,0.4,3411,1.0,1.0,1.0,0
66,0.9945928050647262,0.9982799041336561,0.9991671401082378,Three-step,1.0,0.4,3411,1.0,1.0,1.0,0
67,0.9987973250128614,0.9984256698771707,0.999939259251892,Three-step,1.0,0.4,3411,1.0,1.0,1.0,0
68,0.9992248562199401,0.999926833609961,0.9999199283079279,Three-step,1.0,0.4,3411,1.0,1.0,1.0,0
69,0.9950584261541263,1.0007797510903862,1.0013689649068547,Three-step,1.0,0.4,3411,1.0,1.0,1.0,0
70,0.9976994491260088,0.9999102863323339,1.000122033381914,Three-step,1.0,0.4,3411,1.0,1.0,1.0,0
71,1.0010318344870521,0.999956145493527,0.9999042965848016,Three-step,1.0,0.4,3411,1.0,1.0,1.0,0
72,0.9968527349735666,0.9982672939422441,0.9985541470256419,Three-step,1.0,0.4,3411,1.0,1.0,1.0,0
73,0.9966096516756687,0.9968849549077488,0.9980683037882543,Three-step,1.0,0.4,3411,1.0,1.0,1.0,0
74,0.9979316126457307,0.9995145748187476,0.9993574453232229,Three-step,1.0,0.4,3411,1.0,1.0,1.0,0
75,1.001690696571413,1.0019925733421162,1.000155736675098,Three-step,1.0,0.4,3411,1.0,1.0,1.0,0
76,1.000168252125086,1.0013431274914382,1.0007134910920668,Three-step,1.0,0.4,3411,1.0,1.0,1.0,0
77,1.0040955476306779,0.9991432401149635,0.9989216635758393,Three-step,1.0,0.4,3411,1.0,1.0,1.0,0
78,1.0049790501296312,1.002161428990644,1.0019009872772737,Three-step,1.0,0.4,3411,1.0,1.0,1.0,0
79,0.9991672376509336,0.9991543421795411,0.9987851598874937,Three-step,1.0,0.4,3411,1.0,1.0,1.0,0
80,0.9999445697322054,0.9998122917937663,1.000010283233828,Three-step,1.0,0.4,3411,1.0,1.0,1.0,0
81,0.9975483162138136,1.0026913919643274,1.0026930503949987,Three-step,1.0,0.4,3411,1.0,1.0,1.0,0
82,0.9997848858605745,0.9997237772282541,0.9993551377606759,Three-step,1.0,0.4,3411,1.0,1.0,1.0,0
83,0.9998955295203318,0.9987239806400802,1.0000266284656678,Three-step,1.0,0.4,3411,1.0,1.0,1.0,0
84,1.0003337852193959,0.9989366019605787,1.0006565141827408,Three-step,1.0,0.4,3411,1.0,1.0,1.0,0
85,1.0015189334356034,1.0019308302318368,1.0004107147758667,Three-step,1.0,0.4,3411,1.0,1.0,1.0,0
86,0.9974561724392046,1.000615222240037,0.9999482997491185,Three-step,1.0,0.4,3411,1.0,1.0,1.0,0
87,1.0003213433612832,1.0020981686260553,0.9995891126542945,Three-step,1.0,0.4,3411,1.0,1.0,1.0,0
88,1.0015971969016104,1.0009897764968072,1.002336922086432,Three-step,1.0,0.4,3411,1.0,1.0,1.0,0
89,1.002578624027286,1.0018355634772462,1.0016843939011526,Three-step,1.0,0.4,3411,1.0,1.0,1.0,0
90,0.9980416932593722,0.9993174069503075,1.0007254901085376,Three-step,1.0,0.4,3411,1.0,1.0,1.0,0
91,1.005678290847876,1.0007057829746326,1.0006424588050988,Three-step,1.0,0.4,3411,1.0,1.0,1.0,0
92,1.001968073295226,1.0000850107237755,1.0007137665680108,Three-step,1.0,0.4,3411,1.0,1.0,1.0,0
93,0.9945699728851242,0.9972823806981361,0.9992269905730911,Three-step,1.0,0.4,3411,1.0,1.0,1.0,0
94,1.00240947352464,1.0017297832661538,1.0007360881042355,Three-step,1.0,0.4,3411,1.0,1.0,1.0,0
95,0.9992425460058127,0.9986828126411711,0.9995247812587391,Three-step,1.0,0.4,3411,1.0,1.0,1.0,0
96,1.0001700172233476,0.9986452421104691,0.9999957342886747,Three-step,1.0,0.4,3411,1.0,1.0,1.0,0
97,0.9997790739160239,0.9987108450026982,0.9996373807946674,Three-step,1.0,0.4,3411,1.0,1.0,1.0,0
98,1.0002797688177103,0.9984961904411597,0.9978912820471726,Three-step,1.0,0.4,3411,1.0,1.0,1.0,0
99,0.9986357255507741,1.0009340642185425,1.0010723315371053,Three-step,1.0,0.4,3411,1.0,1.0,1.0,0
100,0.9994125495885892,0.9989581890898169,1.0002819978814912,Three-step,1.0,0.4,3411,1.0,1.0,1.0,0
1,1.0008042505016115,1.0004288736535558,1.0000582379783973,Robins' estimator,1.0,0.4,3411,1.0,1.0,1.0,0
2,0.9993572414550955,0.9990090196134713,0.9992945831565574,Robins' estimator,1.0,0.4,3411,1.0,1.0,1.0,0
3,1.0033684014036912,1.0036470421487962,1.0030738147044191,Robins' estimator,1.0,0.4,3411,1.0,1.0,1.0,0
4,1.0017848638003437,1.0018685841993027,1.001502738696859,Robins' estimator,1.0,0.4,3411,1.0,1.0,1.0,0
5,1.0021340189304369,1.0016608563361218,1.001919240305437,Robins' estimator,1.0,0.4,3411,1.0,1.0,1.0,0
6,1.0030927758116615,1.002552370912835,1.0023620555127606,Robins' estimator,1.0,0.4,3411,1.0,1.0,1.0,0
7,0.9983357008171185,0.9976792900841966,0.9980045344387214,Robins' estimator,1.0,0.4,3411,1.0,1.0,1.0,0
8,1.0009952097357697,1.000866054516527,1.0011266580491767,Robins' estimator,1.0,0.4,3411,1.0,1.0,1.0,0
9,1.0008225916841667,1.0014555788332566,1.0014933664099883,Robins' estimator,1.0,0.4,3411,1.0,1.0,1.0,0
10,0.9997999961824595,0.9996053505506917,0.9994729805429993,Robins' estimator,1.0,0.4,3411,1.0,1.0,1.0,0
11,0.996719976435021,0.9966364243067501,0.9969018681325792,Robins' estimator,1.0,0.4,3411,1.0,1.0,1.0,0
12,0.9987955227001654,0.9990235505247864,0.9990867614582493,Robins' estimator,1.0,0.4,3411,1.0,1.0,1.0,0
13,0.9997126390189879,1.000037572232183,0.9999273459716277,Robins' estimator,1.0,0.4,3411,1.0,1.0,1.0,0
14,1.003786486882778,1.003597259367939,1.0039892713521152,Robins' estimator,1.0,0.4,3411,1.0,1.0,1.0,0
15,0.9996320721088645,0.9998867028542946,0.9997993040513735,Robins' estimator,1.0,0.4,3411,1.0,1.0,1.0,0
16,0.9977129084978057,0.9979362701514395,0.9982047405046393,Robins' estimator,1.0,0.4,3411,1.0,1.0,1.0,0
17,0.9982286701909098,0.9988073248632758,0.9987265815496695,Robins' estimator,1.0,0.4,3411,1.0,1.0,1.0,0
18,0.9977640596549712,0.9978098157430543,0.9978917843661891,Robins' estimator,1.0,0.4,3411,1.0,1.0,1.0,0
19,1.000741530597101,1.0005745288283718,1.000686526940308,Robins' estimator,1.0,0.4,3411,1.0,1.0,1.0,0
20,0.9969425557973228,0.9969807695704906,0.9972448362906469,Robins' estimator,1.0,0.4,3411,1.0,1.0,1.0,0
21,1.000586270215087,1.0007768379455182,1.0010556953353789,Robins' estimator,1.0,0.4,3411,1.0,1.0,1.0,0
22,0.9981676851461577,0.9982418412068221,0.9990372074863265,Robins' estimator,1.0,0.4,3411,1.0,1.0,1.0,0
23,1.000099296808965,1.0001896678520716,0.9998099316865225,Robins' estimator,1.0,0.4,3411,1.0,1.0,1.0,0
24,1.0013094449806081,1.0009498008637339,1.0006967699616067,Robins' estimator,1.0,0.4,3411,1.0,1.0,1.0,0
25,1.0003181834220392,1.0002917822160442,1.000399006749516,Robins' estimator,1.0,0.4,3411,1.0,1.0,1.0,0
26,0.9988341078506954,0.9987963499008551,0.9992983198489651,Robins' estimator,1.0,0.4,3411,1.0,1.0,1.0,0
27,1.0003692420868038,1.000991324683644,1.0005900187894021,Robins' estimator,1.0,0.4,3411,1.0,1.0,1.0,0
28,0.9984308421789736,0.998006237012153,0.9982386306254618,Robins' estimator,1.0,0.4,3411,1.0,1.0,1.0,0
29,1.001749596588569,1.0019562214287134,1.0014844723213516,Robins' estimator,1.0,0.4,3411,1.0,1.0,1.0,0
30,1.0023767779144543,1.0018344115474571,1.0020327095395258,Robins' estimator,1.0,0.4,3411,1.0,1.0,1.0,0
31,0.9983517098217396,0.9987553438691849,0.9995253681439329,Robins' estimator,1.0,0.4,3411,1.0,1.0,1.0,0
32,0.9973386998880871,0.998502077030945,0.9986012050382861,Robins' estimator,1.0,0.4,3411,1.0,1.0,1.0,0
33,1.000427409499463,1.0005317160657101,1.000005246259851,Robins' estimator,1.0,0.4,3411,1.0,1.0,1.0,0
34,0.9997668270543184,1.0002682829068112,0.999801196872118,Robins' estimator,1.0,0.4,3411,1.0,1.0,1.0,0
35,1.0013130553551444,1.0015642731883996,1.0009493767873576,Robins' estimator,1.0,0.4,3411,1.0,1.0,1.0,0
36,1.0007295429377618,1.0009437044511262,1.0005407854968067,Robins' estimator,1.0,0.4,3411,1.0,1.0,1.0,0
37,0.9991192319286155,0.9988175298111338,0.9990222992116073,Robins' estimator,1.0,0.4,3411,1.0,1.0,1.0,0
38,0.9969004008611052,0.9972904154071073,0.9982079556296064,Robins' estimator,1.0,0.4,3411,1.0,1.0,1.0,0
39,0.998511905469103,0.998879830976702,0.9989490082560247,Robins' estimator,1.0,0.4,3411,1.0,1.0,1.0,0
40,1.0011789140932594,1.0006612584029004,1.0004051637272375,Robins' estimator,1.0,0.4,3411,1.0,1.0,1.0,0
41,1.0014399657785382,1.0017379872029089,1.001725976604402,Robins' estimator,1.0,0.4,3411,1.0,1.0,1.0,0
42,0.9972387728442843,0.997392828258561,0.9981983605267424,Robins' estimator,1.0,0.4,3411,1.0,1.0,1.0,0
43,1.0034602451265071,1.0032750362471492,1.0029271582596253,Robins' estimator,1.0,0.4,3411,1.0,1.0,1.0,0
44,1.0004566928043308,1.0001491840895465,1.0000340452635013,Robins' estimator,1.0,0.4,3411,1.0,1.0,1.0,0
45,1.0003845474476618,1.0003168683884616,0.999610815574402,Robins' estimator,1.0,0.4,3411,1.0,1.0,1.0,0
46,1.001455485205984,1.0020468062261816,1.0022703025155413,Robins' estimator,1.0,0.4,3411,1.0,1.0,1.0,0
47,1.003953323922705,1.002715688299824,1.0020482248250182,Robins' estimator,1.0,0.4,3411,1.0,1.0,1.0,0
48,1.0012505819295132,1.0008274377930126,1.000648132526174,Robins' estimator,1.0,0.4,3411,1.0,1.0,1.0,0
49,0.9988665936443419,0.9990929422064313,0.9994638265316603,Robins' estimator,1.0,0.4,3411,1.0,1.0,1.0,0
50,1.0027032517014665,1.0030075662916487,1.0026965650475086,Robins' estimator,1.0,0.4,3411,1.0,1.0,1.0,0
51,0.997157566182704,0.9973803485651603,0.9975704158840997,Robins' estimator,1.0,0.4,3411,1.0,1.0,1.0,0
52,0.998241566737358,0.9982739564757906,0.9987697984011483,Robins' estimator,1.0,0.4,3411,1.0,1.0,1.0,0
53,1.0015837353044743,1.0011614673811606,1.0009717743068636,Robins' estimator,1.0,0.4,3411,1.0,1.0,1.0,0
54,0.995770198625313,0.9955174487543679,0.9958968347214331,Robins' estimator,1.0,0.4,3411,1.0,1.0,1.0,0
55,0.9988374001901632,0.9984608962594559,0.9988944514672563,Robins' estimator,1.0,0.4,3411,1.0,1.0,1.0,0
56,0.9980177332739822,0.9981789995308038,0.9983985903330976,Robins' estimator,1.0,0.4,3411,1.0,1.0,1.0,0
57,1.0052556142326092,1.0052407610337404,1.0049261958712277,Robins' estimator,1.0,0.4,3411,1.0,1.0,1.0,0
58,0.9992171201573052,0.9994409399264211,0.9993886441612969,Robins' estimator,1.0,0.4,3411,1.0,1.0,1.0,0
59,1.0041327157887847,1.0036635992124157,1.0032908096591886,Robins' estimator,1.0,0.4,3411,1.0,1.0,1.0,0
60,1.002482191681518,1.0024671492402037,1.00291097586902,Robins' estimator,1.0,0.4,3411,1.0,1.0,1.0,0
61,0.9993614430363206,0.9999516861384984,0.999844092414767,Robins' estimator,1.0,0.4,3411,1.0,1.0,1.0,0
62,1.0011010823461015,1.0015170614668694,1.0013108421572914,Robins' estimator,1.0,0.4,3411,1.0,1.0,1.0,0
63,0.9977780715951999,0.9975287713779851,0.9978537858384351,Robins' estimator,1.0,0.4,3411,1.0,1.0,1.0,0
64,1.0003133992563644,0.9997704390145962,1.0000211579227518,Robins' estimator,1.0,0.4,3411,1.0,1.0,1.0,0
65,0.9995495603485105,1.0002158541899147,0.9998348546933327,Robins' estimator,1.0,0.4,3411,1.0,1.0,1.0,0
66,0.9994056740287782,0.998693244943849,0.9991671401082377,Robins' estimator,1.0,0.4,3411,1.0,1.0,1.0,0
67,1.0000573413722897,0.9994484371147451,0.9999392592518921,Robins' estimator,1.0,0.4,3411,1.0,1.0,1.0,0
68,0.9993637425724952,0.999691374300605,0.999919928307928,Robins' estimator,1.0,0.4,3411,1.0,1.0,1.0,0
69,1.0006065430706788,1.0009324122534204,1.001368964906855,Robins' estimator,1.0,0.4,3411,1.0,1.0,1.0,0
70,0.9993366017964604,0.9996448355570222,1.0001220333819143,Robins' estimator,1.0,0.4,3411,1.0,1.0,1.0,0
71,1.000166112645329,1.0008376023774395,0.9999042965848015,Robins' estimator,1.0,0.4,3411,1.0,1.0,1.0,0
72,0.9986480142557228,0.9984627517196161,0.9985541470256416,Robins' estimator,1.0,0.4,3411,1.0,1.0,1.0,0
73,0.9971189004105561,0.9972931243351577,0.9980683037882542,Robins' estimator,1.0,0.4,3411,1.0,1.0,1.0,0
74,0.9984217106177452,0.9988066247732886,0.999357445323223,Robins' estimator,1.0,0.4,3411,1.0,1.0,1.0,0
75,1.001542552716834,1.0010248657242065,1.000155736675098,Robins' estimator,1.0,0.4,3411,1.0,1.0,1.0,0
76,1.0006905953459213,1.0008226084357252,1.0007134910920668,Robins' estimator,1.0,0.4,3411,1.0,1.0,1.0,0
77,0.9988801908951029,0.9988747383596972,0.9989216635758394,Robins' estimator,1.0,0.4,3411,1.0,1.0,1.0,0
78,1.0020872915391605,1.002330470613852,1.0019009872772735,Robins' estimator,1.0,0.4,3411,1.0,1.0,1.0,0
79,0.9986559548061796,0.998333571671865,0.9987851598874937,Robins' estimator,1.0,0.4,3411,1.0,1.0,1.0,0
80,0.9991837675913957,0.9997627644303103,1.000010283233828,Robins' estimator,1.0,0.4,3411,1.0,1.0,1.0,0
81,1.0020708683885635,1.0030096588484467,1.0026930503949987,Robins' estimator,1.0,0.4,3411,1.0,1.0,1.0,0
82,0.999609179680595,0.9998197606615795,0.9993551377606755,Robins' estimator,1.0,0.4,3411,1.0,1.0,1.0,0
83,0.9991757144845324,0.9996093414685143,1.0000266284656678,Robins' estimator,1.0,0.4,3411,1.0,1.0,1.0,0
84,1.001348168588825,1.001304134706912,1.0006565141827408,Robins' estimator,1.0,0.4,3411,1.0,1.0,1.0,0
85,1.0005727772819633,1.0009863517918618,1.0004107147758667,Robins' estimator,1.0,0.4,3411,1.0,1.0,1.0,0
86,0.9997220304189843,1.0000320241937544,0.9999482997491187,Robins' estimator,1.0,0.4,3411,1.0,1.0,1.0,0
87,1.0003090090355757,1.0004435724260992,0.9995891126542946,Robins' estimator,1.0,0.4,3411,1.0,1.0,1.0,0
88,1.0031090511298928,1.0030367713434496,1.002336922086432,Robins' estimator,1.0,0.4,3411,1.0,1.0,1.0,0
89,1.0019610475952043,1.002104554959253,1.0016843939011526,Robins' estimator,1.0,0.4,3411,1.0,1.0,1.0,0
90,1.0010542981013926,1.000512309720916,1.0007254901085376,Robins' estimator,1.0,0.4,3411,1.0,1.0,1.0,0
91,1.0017617962248135,1.0008988700140027,1.0006424588050988,Robins' estimator,1.0,0.4,3411,1.0,1.0,1.0,0
92,1.0009166136373318,1.000850961281319,1.0007137665680108,Robins' estimator,1.0,0.4,3411,1.0,1.0,1.0,0
93,0.999175019020784,0.9988561703767501,0.9992269905730914,Robins' estimator,1.0,0.4,3411,1.0,1.0,1.0,0
94,1.0011272343283817,1.000874527424252,1.0007360881042355,Robins' estimator,1.0,0.4,3411,1.0,1.0,1.0,0
95,0.9991494123617457,0.9992111047786042,0.9995247812587391,Robins' estimator,1.0,0.4,3411,1.0,1.0,1.0,0
96,0.9995251930470928,0.9997179138046437,0.9999957342886746,Robins' estimator,1.0,0.4,3411,1.0,1.0,1.0,0
97,0.999744783853792,0.9990927961734998,0.9996373807946671,Robins' estimator,1.0,0.4,3411,1.0,1.0,1.0,0
98,0.9977688326736688,0.9980328910500803,0.9978912820471726,Robins' estimator,1.0,0.4,3411,1.0,1.0,1.0,0
99,1.001577944496158,1.000929996471404,1.0010723315371053,Robins' estimator,1.0,0.4,3411,1.0,1.0,1.0,0
100,1.0002948209675189,1.0001772936774236,1.0002819978814914,Robins' estimator,1.0,0.4,3411,1.0,1.0,1.0,0
1,1.0008133335435985,1.0004401220176855,1.0000667289823033,GMM estimator,1.0,0.4,3411,1.0,1.0,1.0,0
2,0.9999406371098435,0.9995381638866655,0.9998084779293889,GMM estimator,1.0,0.4,3411,1.0,1.0,1.0,0
3,1.0023624841352348,1.0026696344625103,1.0021562475140737,GMM estimator,1.0,0.4,3411,1.0,1.0,1.0,0
4,1.001714590644188,1.0017941613411976,1.0014082116899676,GMM estimator,1.0,0.4,3411,1.0,1.0,1.0,0
5,1.0023782184193724,1.0018633822110692,1.0021015800220354,GMM estimator,1.0,0.4,3411,1.0,1.0,1.0,0
6,1.0025200699754668,1.0019800210061718,1.0017289087778438,GMM estimator,1.0,0.4,3411,1.0,1.0,1.0,0
7,0.9983977490527461,0.9977392986074712,0.9981260853135767,GMM estimator,1.0,0.4,3411,1.0,1.0,1.0,0
8,1.0010499846079643,1.000758544991115,1.0010418258213953,GMM estimator,1.0,0.4,3411,1.0,1.0,1.0,0
9,0.9994105761634042,1.0000719116610215,1.00014689837394,GMM estimator,1.0,0.4,3411,1.0,1.0,1.0,0
10,0.999381839517207,0.9992241128885331,0.9992132677196292,GMM estimator,1.0,0.4,3411,1.0,1.0,1.0,0
11,0.9979737242791885,0.9979339876601933,0.9981534170123902,GMM estimator,1.0,0.4,3411,1.0,1.0,1.0,0
12,0.9993394491732254,0.9995417601269408,0.9995824080101356,GMM estimator,1.0,0.4,3411,1.0,1.0,1.0,0
13,0.9997096176395334,0.9999749248220318,0.9999589968619508,GMM estimator,1.0,0.4,3411,1.0,1.0,1.0,0
14,1.004070364039803,1.0038812029225728,1.0041207832038566,GMM estimator,1.0,0.4,3411,1.0,1.0,1.0,0
15,0.9999732925727041,1.0002770261874316,1.0001658563094753,GMM estimator,1.0,0.4,3411,1.0,1.0,1.0,0
16,0.9978360522226765,0.998044257015189,0.998297210412782,GMM estimator,1.0,0.4,3411,1.0,1.0,1.0,0
17,0.9990966239268676,0.9997774760506328,0.9996549458790921,GMM estimator,1.0,0.4,3411,1.0,1.0,1.0,0
18,0.9983603219084889,0.9984443091021716,0.9984587146964642,GMM estimator,1.0,0.4,3411,1.0,1.0,1.0,0
19,1.0006107128138373,1.000428249240041,1.0005526828705518,GMM estimator,1.0,0.4,3411,1.0,1.0,1.0,0
20,0.9974546175907746,0.997522440923782,0.9976876193564965,GMM estimator,1.0,0.4,3411,1.0,1.0,1.0,0
21,1.0001866949372837,1.0003445920813046,1.0006713652141288,GMM estimator,1.0,0.4,3411,1.0,1.0,1.0,0
22,0.9975288006012695,0.9976772717154231,0.9984876741443698,GMM estimator,1.0,0.4,3411,1.0,1.0,1.0,0
23,0.9999003347129319,0.999932604239304,0.9995824297433777,GMM estimator,1.0,0.4,3411,1.0,1.0,1.0,0
24,1.0014892212768218,1.001125548514077,1.0008892234895501,GMM estimator,1.0,0.4,3411,1.0,1.0,1.0,0
25,0.9999516141808393,0.9999587788798654,1.0000798562807187,GMM estimator,1.0,0.4,3411,1.0,1.0,1.0,0
26,0.9980518911929074,0.9981570564908209,0.998681241933261,GMM estimator,1.0,0.4,3411,1.0,1.0,1.0,0
27,1.0006031325540314,1.0012685576303668,1.0008825103302472,GMM estimator,1.0,0.4,3411,1.0,1.0,1.0,0
28,0.9990913598432555,0.9986929703829701,0.9988615627873908,GMM estimator,1.0,0.4,3411,1.0,1.0,1.0,0
29,1.0013623667352407,1.0015766732161089,1.0010971791078607,GMM estimator,1.0,0.4,3411,1.0,1.0,1.0,0
30,1.0016553540081745,1.0011719202757865,1.0013815761690466,GMM estimator,1.0,0.4,3411,1.0,1.0,1.0,0
31,0.9981769532051342,0.9985680831256627,0.9993909652195522,GMM estimator,1.0,0.4,3411,1.0,1.0,1.0,0
32,0.997531075113932,0.9987283814634711,0.9988003704801817,GMM estimator,1.0,0.4,3411,1.0,1.0,1.0,0
33,1.0004723856286177,1.0005686102679827,1.0000759749041128,GMM estimator,1.0,0.4,3411,1.0,1.0,1.0,0
34,0.9999508177336665,1.0004501978817237,0.9999671992242299,GMM estimator,1.0,0.4,3411,1.0,1.0,1.0,0
35,1.0004811993548979,1.0006697293747164,1.000117628720069,GMM estimator,1.0,0.4,3411,1.0,1.0,1.0,0
36,1.0006792115527299,1.0009194136862503,1.0005009571088763,GMM estimator,1.0,0.4,3411,1.0,1.0,1.0,0
37,0.998806819827586,0.998493207475595,0.9987754664171367,GMM estimator,1.0,0.4,3411,1.0,1.0,1.0,0
38,0.9973658960638208,0.9977303185893274,0.9985220167500135,GMM estimator,1.0,0.4,3411,1.0,1.0,1.0,0
39,0.9988993739679451,0.9993075068194559,0.9993498888409753,GMM estimator,1.0,0.4,3411,1.0,1.0,1.0,0
40,1.0018708699489447,1.001495664173031,1.0012587666924178,GMM estimator,1.0,0.4,3411,1.0,1.0,1.0,0
41,1.0004570815314713,1.0007028181723907,1.0006886250076852,GMM estimator,1.0,0.4,3411,1.0,1.0,1.0,0
42,0.9975414246914288,0.997688518390319,0.9984573564669156,GMM estimator,1.0,0.4,3411,1.0,1.0,1.0,0
43,1.0026960765123765,1.002472504725929,1.0021884845693474,GMM estimator,1.0,0.4,3411,1.0,1.0,1.0,0
44,0.9998701525672288,0.9995203952094884,0.999423514052165,GMM estimator,1.0,0.4,3411,1.0,1.0,1.0,0
45,1.0006114637384365,1.0005550089326167,0.9999117433174001,GMM estimator,1.0,0.4,3411,1.0,1.0,1.0,0
46,1.0013295181014115,1.0019193534663042,1.002148104722968,GMM estimator,1.0,0.4,3411,1.0,1.0,1.0,0
47,1.003592898972562,1.0022762121795816,1.0016269327291898,GMM estimator,1.0,0.4,3411,1.0,1.0,1.0,0
48,1.0012632457091697,1.0008874099160936,1.0007869128104334,GMM estimator,1.0,0.4,3411,1.0,1.0,1.0,0
49,0.9984280094581466,0.9986081349718308,0.9989357688286852,GMM estimator,1.0,0.4,3411,1.0,1.0,1.0,0
50,1.0020182553888328,1.0022924729450118,1.0019973447159636,GMM estimator,1.0,0.4,3411,1.0,1.0,1.0,0
51,0.9973439447988488,0.9975472941718855,0.997719294219051,GMM estimator,1.0,0.4,3411,1.0,1.0,1.0,0
52,0.998792556051257,0.9988681355688611,0.9993025101778163,GMM estimator,1.0,0.4,3411,1.0,1.0,1.0,0
53,1.0012442346635777,1.000737309714633,1.0005879892935945,GMM estimator,1.0,0.4,3411,1.0,1.0,1.0,0
54,0.9970357562731031,0.9967166283167632,0.997196029737496,GMM estimator,1.0,0.4,3411,1.0,1.0,1.0,0
55,0.9982600760273902,0.9978385784797498,0.9982820702116226,GMM estimator,1.0,0.4,3411,1.0,1.0,1.0,0
56,0.9976265888169945,0.997815326638072,0.998036151353022,GMM estimator,1.0,0.4,3411,1.0,1.0,1.0,0
57,1.0042286937885998,1.0041595396389065,1.0039073714244315,GMM estimator,1.0,0.4,3411,1.0,1.0,1.0,0
58,0.9999165286759291,1.000163641205622,1.0002191268574583,GMM estimator,1.0,0.4,3411,1.0,1.0,1.0,0
59,1.0028076209467727,1.0022625828589007,1.0020585567515385,GMM estimator,1.0,0.4,3411,1.0,1.0,1.0,0
60,1.000753156987516,1.0007008790978809,1.0011233584078476,GMM estimator,1.0,0.4,3411,1.0,1.0,1.0,0
61,0.9994268614642808,0.9999402598588596,0.9998388259553145,GMM estimator,1.0,0.4,3411,1.0,1.0,1.0,0
62,1.0004687610894185,1.0010450101915367,1.0009517622546198,GMM estimator,1.0,0.4,3411,1.0,1.0,1.0,0
63,0.9988834748805103,0.9987281371666479,0.9991282166975555,GMM estimator,1.0,0.4,3411,1.0,1.0,1.0,0
64,0.9994399516330957,0.9988971229534095,0.9992269871195694,GMM estimator,1.0,0.4,3411,1.0,1.0,1.0,0
65,0.9997216151442272,1.0004459375327455,1.0000634612778578,GMM estimator,1.0,0.4,3411,1.0,1.0,1.0,0
66,0.9994641145245273,0.9987606387359123,0.99922490914257,GMM estimator,1.0,0.4,3411,1.0,1.0,1.0,0
67,1.000057611874302,0.9994413995862547,0.9999068300575182,GMM estimator,1.0,0.4,3411,1.0,1.0,1.0,0
68,0.9994012354968059,0.9997587404253485,0.9999674275239583,GMM estimator,1.0,0.4,3411,1.0,1.0,1.0,0
69,1.0001562899080882,1.0005336861365535,1.0008870197772817,GMM estimator,1.0,0.4,3411,1.0,1.0,1.0,0
70,0.9984665417007754,0.9988000220553652,0.9993523048915494,GMM estimator,1.0,0.4,3411,1.0,1.0,1.0,0
71,0.9996734658251836,1.0002807782273382,0.9995237261573868,GMM estimator,1.0,0.4,3411,1.0,1.0,1.0,0
72,0.9981021310419147,0.9979055936873407,0.9980324251608239,GMM estimator,1.0,0.4,3411,1.0,1.0,1.0,0
73,0.9968906627910655,0.997054027256665,0.9978419466620672,GMM estimator,1.0,0.4,3411,1.0,1.0,1.0,0
74,0.9986222044105701,0.998996761915429,0.999473915435043,GMM estimator,1.0,0.4,3411,1.0,1.0,1.0,0
75,1.0015259000552557,1.0010037885843697,1.0001019933861564,GMM estimator,1.0,0.4,3411,1.0,1.0,1.0,0
76,1.0005716122540353,1.0006963994004503,1.000583815947077,GMM estimator,1.0,0.4,3411,1.0,1.0,1.0,0
77,0.9999631876615125,0.9999070227159647,0.999923173873719,GMM estimator,1.0,0.4,3411,1.0,1.0,1.0,0
78,1.0028436416170554,1.0031211619736078,1.0025812170274482,GMM estimator,1.0,0.4,3411,1.0,1.0,1.0,0
79,0.9984369169724081,0.9980716323739339,0.9985437836727242,GMM estimator,1.0,0.4,3411,1.0,1.0,1.0,0
80,0.9993158569893552,0.9998952067772414,1.0001266498603498,GMM estimator,1.0,0.4,3411,1.0,1.0,1.0,0
81,1.0011639318682302,1.0021196712358182,1.001890139027467,GMM estimator,1.0,0.4,3411,1.0,1.0,1.0,0
82,0.999690623917884,0.9998942625240698,0.9994304747134303,GMM estimator,1.0,0.4,3411,1.0,1.0,1.0,0
83,0.9993333411769894,0.9997817954839958,1.0002111913563072,GMM estimator,1.0,0.4,3411,1.0,1.0,1.0,0
84,1.0019156549713522,1.0018968115941098,1.0012488010227234,GMM estimator,1.0,0.4,3411,1.0,1.0,1.0,0
85,1.0011456058435049,1.0016195427745953,1.0009918601085441,GMM estimator,1.0,0.4,3411,1.0,1.0,1.0,0
86,0.9986040809615447,0.9990012978758909,0.998979763181502,GMM estimator,1.0,0.4,3411,1.0,1.0,1.0,0
87,1.0007265579943412,1.0012302383007985,1.0002780433368315,GMM estimator,1.0,0.4,3411,1.0,1.0,1.0,0
88,1.0022135577353817,1.0020631959215491,1.0015278298684616,GMM estimator,1.0,0.4,3411,1.0,1.0,1.0,0
89,1.0021588735578288,1.0023126024248996,1.0018877224137752,GMM estimator,1.0,0.4,3411,1.0,1.0,1.0,0
90,1.000574240304135,1.000040749369359,1.0002674756736838,GMM estimator,1.0,0.4,3411,1.0,1.0,1.0,0
91,1.0035673966994283,1.002575029530148,1.002235768695777,GMM estimator,1.0,0.4,3411,1.0,1.0,1.0,0
92,1.0016399998674257,1.0015300229502713,1.0013084267609202,GMM estimator,1.0,0.4,3411,1.0,1.0,1.0,0
93,0.998420415200542,0.9980275185070249,0.9983350704766935,GMM estimator,1.0,0.4,3411,1.0,1.0,1.0,0
94,1.0011616212830572,1.0009493525257462,1.0008421269250096,GMM estimator,1.0,0.4,3411,1.0,1.0,1.0,0
95,0.9991200004432924,0.999195345465306,0.9995323389201685,GMM estimator,1.0,0.4,3411,1.0,1.0,1.0,0
96,0.9999727533540121,1.000084640434511,1.000350486063568,GMM estimator,1.0,0.4,3411,1.0,1.0,1.0,0
97,0.9996027436565815,0.9989768671703867,0.9995259955388887,GMM estimator,1.0,0.4,3411,1.0,1.0,1.0,0
98,0.9983061969904461,0.9986659540350689,0.9984336377935916,GMM estimator,1.0,0.4,3411,1.0,1.0,1.0,0
99,1.0015232074784288,1.0008594334283016,1.0009833022268153,GMM estimator,1.0,0.4,3411,1.0,1.0,1.0,0
100,1.0001745375797375,1.0000281666817386,1.0001489749459984,GMM estimator,1.0,0.4,3411,1.0,1.0,1.0,0
1,1.0002625424036573,1.0065614361879218,1.000432336151923,Three-step,0.25,0.6,3411,1.0,1.0,1.0,0
2,1.0001105985823229,1.0003135205979197,0.9998858671824176,Three-step,0.25,0.6,3411,1.0,1.0,1.0,0
3,0.9994489271794657,1.0018237860266512,1.0050211229596084,Three-step,0.25,0.6,3411,1.0,1.0,1.0,0
4,1.0008038934006054,1.0025434127897062,0.9977584893409619,Three-step,0.25,0.6,3411,1.0,1.0,1.0,0
5,1.0014309436942372,1.0018625142796327,0.9999895516307438,Three-step,0.25,0.6,3411,1.0,1.0,1.0,0
6,1.0002853376712744,1.0033917926900089,1.0005769807844813,Three-step,0.25,0.6,3411,1.0,1.0,1.0,0
7,0.9997621808728844,1.0009520371634963,0.9990806035297598,Three-step,0.25,0.6,3411,1.0,1.0,1.0,0
8,1.0003081139881531,0.9997616665599817,0.9973394310245192,Three-step,0.25,0.6,3411,1.0,1.0,1.0,0
9,0.9992270332173412,1.0002455902176757,0.999732311863722,Three-step,0.25,0.6,3411,1.0,1.0,1.0,0
10,1.000765222134756,0.998661819986399,1.0008133074351204,Three-step,0.25,0.6,3411,1.0,1.0,1.0,0
11,0.9995089167350198,0.9991523910255906,1.0004029117162687,Three-step,0.25,0.6,3411,1.0,1.0,1.0,0
12,0.9998503490633525,0.9999888150504771,0.997684475175547,Three-step,0.25,0.6,3411,1.0,1.0,1.0,0
13,0.9998016707709289,0.9985431186815587,1.0016241008966242,Three-step,0.25,0.6,3411,1.0,1.0,1.0,0
14,0.9997289581208123,1.0030875149106662,0.999000993774749,Three-step,0.25,0.6,3411,1.0,1.0,1.0,0
15,1.0000257729525,0.999475511117909,0.9985796048019845,Three-step,0.25,0.6,3411,1.0,1.0,1.0,0
16,1.0007121584643326,0.9974517788399784,0.9990501189734367,Three-step,0.25,0.6,3411,1.0,1.0,1.0,0
17,0.9997850465646163,0.9985814747457192,0.9997750489592537,Three-step,0.25,0.6,3411,1.0,1.0,1.0,0
18,0.9996263120491263,0.9984276473258293,0.9997371952841243,Three-step,0.25,0.6,3411,1.0,1.0,1.0,0
19,0.9999130046778902,1.0037808940279658,1.0013731958072862,Three-step,0.25,0.6,3411,1.0,1.0,1.0,0
20,0.9998311210792722,0.9981842479912187,0.9996608921433499,Three-step,0.25,0.6,3411,1.0,1.0,1.0,0
21,0.999401148576032,1.0009062193764902,1.0009720399175142,Three-step,0.25,0.6,3411,1.0,1.0,1.0,0
22,0.9998452760243977,1.001953000697723,0.999877859389158,Three-step,0.25,0.6,3411,1.0,1.0,1.0,0
23,0.9992026541340688,1.0001389489958252,1.0040162584059569,Three-step,0.25,0.6,3411,1.0,1.0,1.0,0
24,1.0003066129101152,1.0048199321154307,1.0020665257217252,Three-step,0.25,0.6,3411,1.0,1.0,1.0,0
25,0.999270033793288,0.9987751625784418,1.0006857735507648,Three-step,0.25,0.6,3411,1.0,1.0,1.0,0
26,0.9996011915787895,0.9942085242197548,0.9983729090302049,Three-step,0.25,0.6,3411,1.0,1.0,1.0,0
27,0.9990897613219749,0.9971633216934461,0.9979731778249059,Three-step,0.25,0.6,3411,1.0,1.0,1.0,0
28,0.9993138956366862,1.0018951320752802,1.001147906492255,Three-step,0.25,0.6,3411,1.0,1.0,1.0,0
29,0.9994899681480273,0.9980405350929907,0.9998250750705268,Three-step,0.25,0.6,3411,1.0,1.0,1.0,0
30,0.9988778054674146,0.9980323325707644,0.9952506260973502,Three-step,0.25,0.6,3411,1.0,1.0,1.0,0
31,0.999663746296407,0.9993516659027687,0.996314321683727,Three-step,0.25,0.6,3411,1.0,1.0,1.0,0
32,0.9999796663705649,0.9978918626442902,0.9967227527520046,Three-step,0.25,0.6,3411,1.0,1.0,1.0,0
33,0.9995965383720203,1.0010315390130629,1.0017865524845138,Three-step,0.25,0.6,3411,1.0,1.0,1.0,0
34,1.0007749444644785,1.0004925830783122,1.001773389572564,Three-step,0.25,0.6,3411,1.0,1.0,1.0,0
35,1.0003903966735908,0.9961757746867741,0.9998467986225229,Three-step,0.25,0.6,3411,1.0,1.0,1.0,0
36,0.9997430372832239,1.0022908122180696,0.9999137272223128,Three-step,0.25,0.6,3411,1.0,1.0,1.0,0
37,1.000254975043106,1.0020471497178813,1.0045220452284604,Three-step,0.25,0.6,3411,1.0,1.0,1.0,0
38,1.0002428477933927,1.003658430295701,1.0007826527291046,Three-step,0.25,0.6,3411,1.0,1.0,1.0,0
39,1.0002383419800651,1.0001551274866822,1.0009234669329325,Three-step,0.25,0.6,3411,1.0,1.0,1.0,0
40,0.9997278751445003,0.9966490222669369,0.9993475957266179,Three-step,0.25,0.6,3411,1.0,1.0,1.0,0
41,1.0007417441803528,1.003659801576912,1.0000801748590233,Three-step,0.25,0.6,3411,1.0,1.0,1.0,0
42,0.9997637934534449,1.0039887920225834,1.000728971747803,Three-step,0.25,0.6,3411,1.0,1.0,1.0,0
43,0.9991077990949899,1.0046938344203298,1.001759515179583,Three-step,0.25,0.6,3411,1.0,1.0,1.0,0
44,1.000668285186756,1.002403545149652,1.0019820739141947,Three-step,0.25,0.6,3411,1.0,1.0,1.0,0
45,1.0008767068654032,0.9993471200425205,1.000717011215745,Three-step,0.25,0.6,3411,1.0,1.0,1.0,0
46,0.9998341244121061,1.0041729057228588,1.000899161960341,Three-step,0.25,0.6,3411,1.0,1.0,1.0,0
47,1.0011758266680673,0.9974329849833232,1.0033449827466019,Three-step,0.25,0.6,3411,1.0,1.0,1.0,0
48,1.000351715935802,1.0004723848655397,0.999031381616853,Three-step,0.25,0.6,3411,1.0,1.0,1.0,0
49,0.9996723901585881,0.9982153424793961,1.0026804711709634,Three-step,0.25,0.6,3411,1.0,1.0,1.0,0
50,0.9995622300719813,1.0036190950668842,0.9994174292833143,Three-step,0.25,0.6,3411,1.0,1.0,1.0,0
51,1.0000354418211972,1.001323329051705,1.0024714222801834,Three-step,0.25,0.6,3411,1.0,1.0,1.0,0
52,1.0011423166979794,0.9981117758859365,1.0051759539394487,Three-step,0.25,0.6,3411,1.0,1.0,1.0,0
53,1.0006156602903058,1.0002163215509625,0.9977460874265941,Three-step,0.25,0.6,3411,1.0,1.0,1.0,0
54,0.9998255382489561,0.9990456394427655,1.0014137792063962,Three-step,0.25,0.6,3411,1.0,1.0,1.0,0
55,1.0004277294865989,0.9969310037038952,0.9987062131065909,Three-step,0.25,0.6,3411,1.0,1.0,1.0,0
56,1.0002345159707837,1.0001821143771816,1.0016804832586845,Three-step,0.25,0.6,3411,1.0,1.0,1.0,0
57,1.000738753238157,1.0034153332207916,1.0039029508364292,Three-step,0.25,0.6,3411,1.0,1.0,1.0,0
58,0.9994322388417165,0.9978759676282949,0.9970757062558732,Three-step,0.25,0.6,3411,1.0,1.0,1.0,0
59,0.9994065278616646,0.9998324498107597,0.9989496617182444,Three-step,0.25,0.6,3411,1.0,1.0,1.0,0
60,1.0007636577845676,1.0022313590947596,1.000440945279189,Three-step,0.25,0.6,3411,1.0,1.0,1.0,0
61,0.9999744050380199,0.9992898628182971,0.9978686563851201,Three-step,0.25,0.6,3411,1.0,1.0,1.0,0
62,1.0008643618449307,0.9959650743587534,1.002740038437233,Three-step,0.25,0.6,3411,1.0,1.0,1.0,0
63,1.000159224969165,1.0047174238243053,1.0020129617862064,Three-step,0.25,0.6,3411,1.0,1.0,1.0,0
64,0.9995226854316936,1.0023438183195938,1.0012144974664652,Three-step,0.25,0.6,3411,1.0,1.0,1.0,0
65,0.9994550802505804,1.0005015367122037,1.000203352072584,Three-step,0.25,0.6,3411,1.0,1.0,1.0,0
66,0.9996004299939142,1.0000941932453773,0.9982185572465208,Three-step,0.25,0.6,3411,1.0,1.0,1.0,0
67,0.999985140748094,1.0022489213765091,1.0002834903054056,Three-step,0.25,0.6,3411,1.0,1.0,1.0,0
68,1.0003538266987948,1.0000775807396067,1.0044485677309007,Three-step,0.25,0.6,3411,1.0,1.0,1.0,0
69,0.9985073795518309,1.0015476053207837,0.9952020990635331,Three-step,0.25,0.6,3411,1.0,1.0,1.0,0
70,1.0002290077390146,1.0020305197613588,0.9975278107034714,Three-step,0.25,0.6,3411,1.0,1.0,1.0,0
71,1.0009079034430175,0.9973913076972019,1.000250299283097,Three-step,0.25,0.6,3411,1.0,1.0,1.0,0
72,0.9995052577793239,0.9999746441083229,1.0024334860606654,Three-step,0.25,0.6,3411,1.0,1.0,1.0,0
73,0.9992637266523239,0.9978638088480367,0.9995258615865275,Three-step,0.25,0.6,3411,1.0,1.0,1.0,0
74,1.0010507640185626,0.9959593912288246,1.0008610973714152,Three-step,0.25,0.6,3411,1.0,1.0,1.0,0
75,1.0000955721950384,0.9946832389974206,1.0002678754413312,Three-step,0.25,0.6,3411,1.0,1.0,1.0,0
76,1.000451068696466,1.0024793494334179,1.0006941700297491,Three-step,0.25,0.6,3411,1.0,1.0,1.0,0
77,0.9997087204593944,1.0002710003003996,0.9977005344877603,Three-step,0.25,0.6,3411,1.0,1.0,1.0,0
78,1.0003926749914491,0.9951810977316291,1.0065595755089491,Three-step,0.25,0.6,3411,1.0,1.0,1.0,0
79,0.9999197765972009,0.9970696353823127,0.9991556341756652,Three-step,0.25,0.6,3411,1.0,1.0,1.0,0
80,0.9991838368110556,0.999921662052376,1.0008309575920857,Three-step,0.25,0.6,3411,1.0,1.0,1.0,0
81,0.9994157246468041,1.0008031845021366,0.9992839244259161,Three-step,0.25,0.6,3411,1.0,1.0,1.0,0
82,0.9998797779246805,0.9973012741998177,1.001945743350051,Three-step,0.25,0.6,3411,1.0,1.0,1.0,0
83,0.999592353236721,0.9993483675730667,0.9995706194109355,Three-step,0.25,0.6,3411,1.0,1.0,1.0,0
84,1.000475586986338,0.99837340466942,0.9994414666793244,Three-step,0.25,0.6,3411,1.0,1.0,1.0,0
85,1.0008854771713214,1.0024770154939624,0.9999034481453133,Three-step,0.25,0.6,3411,1.0,1.0,1.0,0
86,0.9995857605396701,0.9993087635168042,0.9960281975646831,Three-step,0.25,0.6,3411,1.0,1.0,1.0,0
87,0.9999715630217563,0.9956167878567891,0.9995249291377339,Three-step,0.25,0.6,3411,1.0,1.0,1.0,0
88,0.9999151990509743,0.9987371942568987,1.001367335553393,Three-step,0.25,0.6,3411,1.0,1.0,1.0,0
89,0.9998340549050898,1.003316696547538,0.9975894540561814,Three-step,0.25,0.6,3411,1.0,1.0,1.0,0
90,1.000576808277271,0.9974503057615252,1.001095401222185,Three-step,0.25,0.6,3411,1.0,1.0,1.0,0
91,1.0003618164908492,1.0054135674964542,1.0001016441084436,Three-step,0.25,0.6,3411,1.0,1.0,1.0,0
92,0.9997212939831929,0.999908717741255,0.9993574060338807,Three-step,0.25,0.6,3411,1.0,1.0,1.0,0
93,0.9999449499862171,0.9960070215740818,0.9978914979943573,Three-step,0.25,0.6,3411,1.0,1.0,1.0,0
94,0.9989299666794359,0.9950774574744831,0.9983716331543867,Three-step,0.25,0.6,3411,1.0,1.0,1.0,0
95,0.9999343279599349,1.0005084192862963,0.9983994449249691,Three-step,0.25,0.6,3411,1.0,1.0,1.0,0
96,0.9995339626555011,0.9987848336260564,1.0012122531011354,Three-step,0.25,0.6,3411,1.0,1.0,1.0,0
97,0.999554616066952,1.0008974842277492,0.9986283921632152,Three-step,0.25,0.6,3411,1.0,1.0,1.0,0
98,0.9996717037481271,1.000709361139034,1.0002347921422066,Three-step,0.25,0.6,3411,1.0,1.0,1.0,0
99,0.9997421204764283,0.9970013868490658,0.995776816381263,Three-step,0.25,0.6,3411,1.0,1.0,1.0,0
100,1.0003347194806065,0.9953830261009161,0.998772896579112,Three-step,0.25,0.6,3411,1.0,1.0,1.0,0
1,1.000203720179684,1.004459550527605,1.000432336151923,Robins' estimator,0.25,0.6,3411,1.0,1.0,1.0,0
2,1.0000338123719066,1.0006830039096273,0.9998858671824177,Robins' estimator,0.25,0.6,3411,1.0,1.0,1.0,0
3,1.0004057282682088,1.002572871355309,1.0050211229596084,Robins' estimator,0.25,0.6,3411,1.0,1.0,1.0,0
4,1.0001904943525965,1.0022962497215984,0.9977584893409619,Robins' estimator,0.25,0.6,3411,1.0,1.0,1.0,0
5,1.001345830874471,1.0011812203255355,0.9999895516307438,Robins' estimator,0.25,0.6,3411,1.0,1.0,1.0,0
6,0.9996947073459665,1.002036403518842,1.000576980784481,Robins' estimator,0.25,0.6,3411,1.0,1.0,1.0,0
7,0.9998416253669205,1.0014676057875802,0.9990806035297598,Robins' estimator,0.25,0.6,3411,1.0,1.0,1.0,0
8,0.9995439002231425,1.0014387399010256,0.9973394310245193,Robins' estimator,0.25,0.6,3411,1.0,1.0,1.0,0
9,0.9991130903219791,1.0002996044125538,0.999732311863722,Robins' estimator,0.25,0.6,3411,1.0,1.0,1.0,0
10,1.0002237485990404,0.9985045148399909,1.0008133074351204,Robins' estimator,0.25,0.6,3411,1.0,1.0,1.0,0
11,0.9998258453173726,0.9994121525036753,1.0004029117162687,Robins' estimator,0.25,0.6,3411,1.0,1.0,1.0,0
12,0.9994722148840212,0.9989520011331435,0.997684475175547,Robins' estimator,0.25,0.6,3411,1.0,1.0,1.0,0
13,1.0000871863810732,0.99914620146298,1.0016241008966242,Robins' estimator,0.25,0.6,3411,1.0,1.0,1.0,0
14,1.0000818711245527,1.0025594868595542,0.999000993774749,Robins' estimator,0.25,0.6,3411,1.0,1.0,1.0,0
15,0.9993885950985536,0.9986134688246804,0.9985796048019845,Robins' estimator,0.25,0.6,3411,1.0,1.0,1.0,0
16,1.0010332901905754,0.9983587096324344,0.9990501189734367,Robins' estimator,0.25,0.6,3411,1.0,1.0,1.0,0
17,0.9996248998715809,0.9976748252041768,0.9997750489592537,Robins' estimator,0.25,0.6,3411,1.0,1.0,1.0,0
18,0.9996411701480324,0.9987605530143804,0.9997371952841243,Robins' estimator,0.25,0.6,3411,1.0,1.0,1.0,0
19,1.000257311542128,1.004452441972323,1.0013731958072862,Robins' estimator,0.25,0.6,3411,1.0,1.0,1.0,0
20,0.9998975928398017,0.9987847725421278,0.9996608921433496,Robins' estimator,0.25,0.6,3411,1.0,1.0,1.0,0
21,0.9991811754881503,1.002323146726216,1.0009720399175142,Robins' estimator,0.25,0.6,3411,1.0,1.0,1.0,0
22,0.9997791082247969,1.00079679554901,0.999877859389158,Robins' estimator,0.25,0.6,3411,1.0,1.0,1.0,0
23,0.9997928704416303,1.000565697457676,1.0040162584059569,Robins' estimator,0.25,0.6,3411,1.0,1.0,1.0,0
24,0.9997563629313834,1.005331042884565,1.0020665257217252,Robins' estimator,0.25,0.6,3411,1.0,1.0,1.0,0
25,0.9995557433245411,0.9996136544478924,1.0006857735507648,Robins' estimator,0.25,0.6,3411,1.0,1.0,1.0,0
26,0.9999269392700134,0.9961214068029078,0.9983729090302049,Robins' estimator,0.25,0.6,3411,1.0,1.0,1.0,0
27,0.9991537308898507,0.9974889135768348,0.9979731778249059,Robins' estimator,0.25,0.6,3411,1.0,1.0,1.0,0
28,0.9999017442743383,1.001907752727056,1.001147906492255,Robins' estimator,0.25,0.6,3411,1.0,1.0,1.0,0
29,0.9999535772684051,0.9977397703908667,0.9998250750705265,Robins' estimator,0.25,0.6,3411,1.0,1.0,1.0,0
30,0.9982296733601792,0.9992159670694278,0.9952506260973504,Robins' estimator,0.25,0.6,3411,1.0,1.0,1.0,0
31,0.9990072842965385,0.9986578640468883,0.996314321683727,Robins' estimator,0.25,0.6,3411,1.0,1.0,1.0,0
32,0.9994664753353203,0.9987024729393308,0.9967227527520047,Robins' estimator,0.25,0.6,3411,1.0,1.0,1.0,0
33,0.999613029895233,1.0012302613805983,1.0017865524845138,Robins' estimator,0.25,0.6,3411,1.0,1.0,1.0,0
34,1.0008516133786722,1.000137617978906,1.001773389572564,Robins' estimator,0.25,0.6,3411,1.0,1.0,1.0,0
35,1.0006683135399213,0.9975245084834783,0.9998467986225228,Robins' estimator,0.25,0.6,3411,1.0,1.0,1.0,0
36,0.9991386228329805,1.0005878313311412,0.9999137272223128,Robins' estimator,0.25,0.6,3411,1.0,1.0,1.0,0
37,1.0012531321000304,1.0008019163507087,1.0045220452284604,Robins' estimator,0.25,0.6,3411,1.0,1.0,1.0,0
38,0.9996168177454636,1.005358376325465,1.0007826527291044,Robins' estimator,0.25,0.6,3411,1.0,1.0,1.0,0
39,1.0008548562713442,0.9997257556505088,1.0009234669329325,Robins' estimator,0.25,0.6,3411,1.0,1.0,1.0,0
40,0.9998411953830254,0.996446691565921,0.999347595726618,Robins' estimator,0.25,0.6,3411,1.0,1.0,1.0,0
41,1.0001631561297875,1.001911011675108,1.0000801748590233,Robins' estimator,0.25,0.6,3411,1.0,1.0,1.0,0
42,0.9996388119314563,1.0024933001929104,1.000728971747803,Robins' estimator,0.25,0.6,3411,1.0,1.0,1.0,0
43,0.9996726800711586,1.003382909025699,1.0017595151795828,Robins' estimator,0.25,0.6,3411,1.0,1.0,1.0,0
44,1.0007084149869416,1.0016624325953825,1.0019820739141947,Robins' estimator,0.25,0.6,3411,1.0,1.0,1.0,0
45,1.000829273426232,1.0007751624620724,1.000717011215745,Robins' estimator,0.25,0.6,3411,1.0,1.0,1.0,0
46,0.9994182014556151,1.00339275993552,1.000899161960341,Robins' estimator,0.25,0.6,3411,1.0,1.0,1.0,0
47,1.0010252621632503,1.0007232660957033,1.0033449827466017,Robins' estimator,0.25,0.6,3411,1.0,1.0,1.0,0
48,0.9994938501116376,1.0012594736038591,0.999031381616853,Robins' estimator,0.25,0.6,3411,1.0,1.0,1.0,0
49,1.00044940369264,0.9979371955208427,1.0026804711709636,Robins' estimator,0.25,0.6,3411,1.0,1.0,1.0,0
50,0.9986856950699982,1.004239796972156,0.9994174292833146,Robins' estimator,0.25,0.6,3411,1.0,1.0,1.0,0
51,1.0001860337261421,1.0020688329931895,1.0024714222801834,Robins' estimator,0.25,0.6,3411,1.0,1.0,1.0,0
52,1.0020377294135596,1.0000379054951338,1.0051759539394487,Robins' estimator,0.25,0.6,3411,1.0,1.0,1.0,0
53,0.9993829205662953,0.9995266083230632,0.9977460874265944,Robins' estimator,0.25,0.6,3411,1.0,1.0,1.0,0
54,1.0005197137097022,0.9973991889600434,1.0014137792063962,Robins' estimator,0.25,0.6,3411,1.0,1.0,1.0,0
55,0.9999136916937557,0.9997919553371142,0.9987062131065909,Robins' estimator,0.25,0.6,3411,1.0,1.0,1.0,0
56,1.0003880785957466,1.0016513194228063,1.0016804832586845,Robins' estimator,0.25,0.6,3411,1.0,1.0,1.0,0
57,1.0013285917750296,1.0025758635216466,1.0039029508364292,Robins' estimator,0.25,0.6,3411,1.0,1.0,1.0,0
58,0.999095374460633,0.9992310229099752,0.997075706255873,Robins' estimator,0.25,0.6,3411,1.0,1.0,1.0,0
59,0.9992263719104542,0.9984294424033844,0.9989496617182445,Robins' estimator,0.25,0.6,3411,1.0,1.0,1.0,0
60,1.0006974947882792,1.0014792716615069,1.000440945279189,Robins' estimator,0.25,0.6,3411,1.0,1.0,1.0,0
61,1.0001683313851624,0.9985205548635401,0.99786865638512,Robins' estimator,0.25,0.6,3411,1.0,1.0,1.0,0
62,1.001448996516823,0.9955036953016794,1.0027400384372331,Robins' estimator,0.25,0.6,3411,1.0,1.0,1.0,0
63,0.999657374518456,1.004855499379024,1.0020129617862064,Robins' estimator,0.25,0.6,3411,1.0,1.0,1.0,0
64,0.9998595920513381,1.0009005768741357,1.0012144974664654,Robins' estimator,0.25,0.6,3411,1.0,1.0,1.0,0
65,0.9995789104956667,1.0014204209749857,1.000203352072584,Robins' estimator,0.25,0.6,3411,1.0,1.0,1.0,0
66,0.9993617357295349,1.0002917025080729,0.9982185572465206,Robins' estimator,0.25,0.6,3411,1.0,1.0,1.0,0
67,1.000362666096999,1.0020085482975989,1.0002834903054056,Robins' estimator,0.25,0.6,3411,1.0,1.0,1.0,0
68,1.0013337969904186,0.999927231726819,1.004448567730901,Robins' estimator,0.25,0.6,3411,1.0,1.0,1.0,0
69,0.9978399062746454,1.0009124292325653,0.995202099063533,Robins' estimator,0.25,0.6,3411,1.0,1.0,1.0,0
70,0.9999684127142849,1.0027210378700186,0.9975278107034719,Robins' estimator,0.25,0.6,3411,1.0,1.0,1.0,0
71,1.000561098193475,0.9983804435151302,1.000250299283097,Robins' estimator,0.25,0.6,3411,1.0,1.0,1.0,0
72,0.9996603325617336,1.0004673435837397,1.0024334860606654,Robins' estimator,0.25,0.6,3411,1.0,1.0,1.0,0
73,0.9994977981849478,0.9977034526146926,0.9995258615865272,Robins' estimator,0.25,0.6,3411,1.0,1.0,1.0,0
74,1.0014286843490243,0.996372192955675,1.0008610973714152,Robins' estimator,0.25,0.6,3411,1.0,1.0,1.0,0
75,1.0003701376492369,0.9970832192237997,1.0002678754413312,Robins' estimator,0.25,0.6,3411,1.0,1.0,1.0,0
76,1.0005447298935077,1.0014266537206111,1.0006941700297491,Robins' estimator,0.25,0.6,3411,1.0,1.0,1.0,0
77,0.999702346732885,0.9998706147812193,0.99770053448776,Robins' estimator,0.25,0.6,3411,1.0,1.0,1.0,0
78,1.001561381785616,0.9965291902201543,1.006559575508949,Robins' estimator,0.25,0.6,3411,1.0,1.0,1.0,0
79,1.0001339823903808,0.9974687868892385,0.9991556341756652,Robins' estimator,0.25,0.6,3411,1.0,1.0,1.0,0
80,0.9998247185271654,0.9994778718309831,1.0008309575920857,Robins' estimator,0.25,0.6,3411,1.0,1.0,1.0,0
81,0.999126951173053,0.9986111895612342,0.9992839244259157,Robins' estimator,0.25,0.6,3411,1.0,1.0,1.0,0
82,1.000228210592233,0.9986738865054536,1.0019457433500507,Robins' estimator,0.25,0.6,3411,1.0,1.0,1.0,0
83,0.9997215778813481,0.9984570280753831,0.9995706194109354,Robins' estimator,0.25,0.6,3411,1.0,1.0,1.0,0
84,1.0002766107642826,0.9984368636888579,0.9994414666793243,Robins' estimator,0.25,0.6,3411,1.0,1.0,1.0,0
85,1.0010175046225602,1.0017621114832898,0.9999034481453133,Robins' estimator,0.25,0.6,3411,1.0,1.0,1.0,0
86,0.9987894325013159,0.9995690398037795,0.9960281975646831,Robins' estimator,0.25,0.6,3411,1.0,1.0,1.0,0
87,0.9998707994370604,0.9956874542092011,0.9995249291377339,Robins' estimator,0.25,0.6,3411,1.0,1.0,1.0,0
88,1.0001124178121983,0.9994971625953883,1.001367335553393,Robins' estimator,0.25,0.6,3411,1.0,1.0,1.0,0
89,0.9990833076789867,1.0024906425566624,0.9975894540561812,Robins' estimator,0.25,0.6,3411,1.0,1.0,1.0,0
90,1.0019267992922551,0.996509065343735,1.0010954012221849,Robins' estimator,0.25,0.6,3411,1.0,1.0,1.0,0
91,1.000463958131668,1.004172366159114,1.0001016441084436,Robins' estimator,0.25,0.6,3411,1.0,1.0,1.0,0
92,0.9998319046167965,0.9999645449448589,0.9993574060338808,Robins' estimator,0.25,0.6,3411,1.0,1.0,1.0,0
93,1.0000542152529166,0.9955654390458473,0.9978914979943575,Robins' estimator,0.25,0.6,3411,1.0,1.0,1.0,0
94,0.9990165081397057,0.9952327867422567,0.9983716331543869,Robins' estimator,0.25,0.6,3411,1.0,1.0,1.0,0
95,0.9991489925258085,1.0004333622952606,0.9983994449249691,Robins' estimator,0.25,0.6,3411,1.0,1.0,1.0,0
96,0.999929991652612,0.9992233807852953,1.0012122531011354,Robins' estimator,0.25,0.6,3411,1.0,1.0,1.0,0
97,0.999600542892339,1.000908271377701,0.9986283921632151,Robins' estimator,0.25,0.6,3411,1.0,1.0,1.0,0
98,0.9993693504675187,1.0014024658230944,1.0002347921422063,Robins' estimator,0.25,0.6,3411,1.0,1.0,1.0,0
99,0.998525858164746,0.9985161982589309,0.9957768163812634,Robins' estimator,0.25,0.6,3411,1.0,1.0,1.0,0
100,1.00025086325041,0.9988709757751723,0.9987728965791118,Robins' estimator,0.25,0.6,3411,1.0,1.0,1.0,0
1,1.000278227269802,1.0040919341887289,1.0004821402515498,GMM estimator,0.25,0.6,3411,1.0,1.0,1.0,0
2,1.000104980049703,1.0006689752168783,1.000011301275204,GMM estimator,0.25,0.6,3411,1.0,1.0,1.0,0
3,0.9995621638921157,1.0031242562106564,1.001422366393856,GMM estimator,0.25,0.6,3411,1.0,1.0,1.0,0
4,1.0007066476089315,1.0019761934778804,0.999458650905392,GMM estimator,0.25,0.6,3411,1.0,1.0,1.0,0
5,1.0013570594139427,1.0010096121553915,1.000064854320077,GMM estimator,0.25,0.6,3411,1.0,1.0,1.0,0
6,1.0000766642846044,1.0018011354737375,1.0024071607518885,GMM estimator,0.25,0.6,3411,1.0,1.0,1.0,0
7,0.9997077667178554,1.0014597450688234,0.9985545679112464,GMM estimator,0.25,0.6,3411,1.0,1.0,1.0,0
8,1.0002043530950624,0.9997879818934858,0.9997918608430529,GMM estimator,0.25,0.6,3411,1.0,1.0,1.0,0
9,0.9991563434985401,1.0002150220630388,1.0000116834528092,GMM estimator,0.25,0.6,3411,1.0,1.0,1.0,0
10,1.0006585183755632,0.9981691677436848,1.0025863704704556,GMM estimator,0.25,0.6,3411,1.0,1.0,1.0,0
11,0.9995881033663064,0.999502148747448,0.9996350147829638,GMM estimator,0.25,0.6,3411,1.0,1.0,1.0,0
12,0.999827028795361,0.9986036831415908,0.9983447785906672,GMM estimator,0.25,0.6,3411,1.0,1.0,1.0,0
13,0.9998710220673341,0.9998218561940966,1.0009912889882404,GMM estimator,0.25,0.6,3411,1.0,1.0,1.0,0
14,0.9998379249917155,1.0026726575381777,0.9980543796297314,GMM estimator,0.25,0.6,3411,1.0,1.0,1.0,0
15,0.9998271459315297,0.9974583907328118,0.9997203475141594,GMM estimator,0.25,0.6,3411,1.0,1.0,1.0,0
16,1.000810195766276,0.9984860729853384,0.9985093447730784,GMM estimator,0.25,0.6,3411,1.0,1.0,1.0,0
17,0.9997541583882419,0.9979698759732639,1.000245538440971,GMM estimator,0.25,0.6,3411,1.0,1.0,1.0,0
18,0.9996538477044963,0.998817783487531,0.9998068536775722,GMM estimator,0.25,0.6,3411,1.0,1.0,1.0,0
19,0.9999873785345682,1.0043771649951645,1.000192969757713,GMM estimator,0.25,0.6,3411,1.0,1.0,1.0,0
20,0.999810896589798,0.9986392991506208,0.9993900475021122,GMM estimator,0.25,0.6,3411,1.0,1.0,1.0,0
21,0.9993638261608164,1.002211547894127,1.001623653721037,GMM estimator,0.25,0.6,3411,1.0,1.0,1.0,0
22,0.9998147477616484,1.0008114878980854,1.0001136195733293,GMM estimator,0.25,0.6,3411,1.0,1.0,1.0,0
23,0.9992787175956588,1.0013269740747446,1.0031055791259234,GMM estimator,0.25,0.6,3411,1.0,1.0,1.0,0
24,1.0000761222102381,1.0039769568321693,1.0026869020087252,GMM estimator,0.25,0.6,3411,1.0,1.0,1.0,0
25,0.9993175581543899,0.999488912616999,0.999670220199961,GMM estimator,0.25,0.6,3411,1.0,1.0,1.0,0
26,0.999793106914828,0.9966596398404309,0.9973875567131758,GMM estimator,0.25,0.6,3411,1.0,1.0,1.0,0
27,0.9991297522190417,0.9975441687851639,0.9979000132383704,GMM estimator,0.25,0.6,3411,1.0,1.0,1.0,0
28,0.9994593379584321,1.0028572637741995,0.9992133559132204,GMM estimator,0.25,0.6,3411,1.0,1.0,1.0,0
29,0.99964361181729,0.9980579285109483,0.9985681045188546,GMM estimator,0.25,0.6,3411,1.0,1.0,1.0,0
30,0.9988791592596877,0.9992201494319772,0.997351170572566,GMM estimator,0.25,0.6,3411,1.0,1.0,1.0,0
31,0.9993521694159687,0.9989026267538634,0.9978852763800488,GMM estimator,0.25,0.6,3411,1.0,1.0,1.0,0
32,0.9999123397999574,0.997639857082645,0.9981523821196991,GMM estimator,0.25,0.6,3411,1.0,1.0,1.0,0
33,0.999599534065303,1.0012564878284582,1.0017079303919143,GMM estimator,0.25,0.6,3411,1.0,1.0,1.0,0
34,1.0007626589524974,1.0000882125980688,1.0014181910466617,GMM estimator,0.25,0.6,3411,1.0,1.0,1.0,0
35,1.0005414312963428,0.9980693849412386,0.9995820240663962,GMM estimator,0.25,0.6,3411,1.0,1.0,1.0,0
36,0.9995623120039498,0.9997064520517873,1.0014050420276144,GMM estimator,0.25,0.6,3411,1.0,1.0,1.0,0
37,1.000556531490677,1.0008700582021592,1.0021133618432416,GMM estimator,0.25,0.6,3411,1.0,1.0,1.0,0
38,1.0001950422456556,1.004191527771027,1.001681157509113,GMM estimator,0.25,0.6,3411,1.0,1.0,1.0,0
39,1.0003624351334024,1.0010481483413947,0.9998915504631518,GMM estimator,0.25,0.6,3411,1.0,1.0,1.0,0
40,0.9997418281425787,0.9964109578642755,0.9990506603980527,GMM estimator,0.25,0.6,3411,1.0,1.0,1.0,0
41,1.0004717024980891,1.0006090093860371,0.9999352668600396,GMM estimator,0.25,0.6,3411,1.0,1.0,1.0,0
42,0.9999155109301436,1.002674095446327,1.0014673698078473,GMM estimator,0.25,0.6,3411,1.0,1.0,1.0,0
43,0.9994493149431634,1.0035754866042308,1.000283606496719,GMM estimator,0.25,0.6,3411,1.0,1.0,1.0,0
44,1.0006710227570332,1.0014680325781105,1.0016176301389523,GMM estimator,0.25,0.6,3411,1.0,1.0,1.0,0
45,1.0009044004315433,1.0010373882478607,1.0012732374392452,GMM estimator,0.25,0.6,3411,1.0,1.0,1.0,0
46,0.9997026328957945,1.0031270331036006,1.0020605884562253,GMM estimator,0.25,0.6,3411,1.0,1.0,1.0,0
47,1.0011677768389642,1.0014751951043,1.004713827181114,GMM estimator,0.25,0.6,3411,1.0,1.0,1.0,0
48,1.0002453570340204,0.9996452327453634,1.0008179104921968,GMM estimator,0.25,0.6,3411,1.0,1.0,1.0,0
49,0.9998493408006672,0.9975335480230683,1.0007156228554175,GMM estimator,0.25,0.6,3411,1.0,1.0,1.0,0
50,0.999359530796355,1.0029064192614228,1.0010793389939954,GMM estimator,0.25,0.6,3411,1.0,1.0,1.0,0
51,1.000057219804522,1.00211543186249,1.002015190965344,GMM estimator,0.25,0.6,3411,1.0,1.0,1.0,0
52,1.0012876229106022,1.0003229331528491,1.0015688586944376,GMM estimator,0.25,0.6,3411,1.0,1.0,1.0,0
53,1.0002674945788435,0.9971757293449799,1.0002798639101087,GMM estimator,0.25,0.6,3411,1.0,1.0,1.0,0
54,0.999956601681215,0.9970052580777371,0.9990139747687374,GMM estimator,0.25,0.6,3411,1.0,1.0,1.0,0
55,1.0003951598167218,0.9997573198962053,1.0007292457961987,GMM estimator,0.25,0.6,3411,1.0,1.0,1.0,0
56,1.0000568109623273,1.00146997866106,1.0001516363240133,GMM estimator,0.25,0.6,3411,1.0,1.0,1.0,0
57,1.0008222640703834,1.0031814573390607,1.0021274709199375,GMM estimator,0.25,0.6,3411,1.0,1.0,1.0,0
58,0.999358178984429,0.9988494962519966,0.9978192601104805,GMM estimator,0.25,0.6,3411,1.0,1.0,1.0,0
59,0.9994964394153107,0.9987457829681644,0.9999005829100296,GMM estimator,0.25,0.6,3411,1.0,1.0,1.0,0
60,1.0007705620549798,1.0007816708906265,0.9996870948110022,GMM estimator,0.25,0.6,3411,1.0,1.0,1.0,0
61,1.0001010681286366,0.9989570107036245,0.9979494435097394,GMM estimator,0.25,0.6,3411,1.0,1.0,1.0,0
62,1.0009178771580487,0.9963369998185672,1.0013006817776278,GMM estimator,0.25,0.6,3411,1.0,1.0,1.0,0
63,1.0001370342266431,1.0045187446466135,1.0036528684668804,GMM estimator,0.25,0.6,3411,1.0,1.0,1.0,0
64,0.9997948927178752,1.0009382214869844,1.0009686588703222,GMM estimator,0.25,0.6,3411,1.0,1.0,1.0,0
65,0.9994672044346173,1.0017067321565898,1.0000977174528622,GMM estimator,0.25,0.6,3411,1.0,1.0,1.0,0
66,0.9995101596838856,1.000011912266525,0.9988142341336093,GMM estimator,0.25,0.6,3411,1.0,1.0,1.0,0
67,1.0000675312962468,1.0023581956015757,0.9993184152821164,GMM estimator,0.25,0.6,3411,1.0,1.0,1.0,0
68,1.0004507658498305,0.9995009980808716,1.0025628092760062,GMM estimator,0.25,0.6,3411,1.0,1.0,1.0,0
69,0.9983396649353229,1.0004320014522552,0.996543519184447,GMM estimator,0.25,0.6,3411,1.0,1.0,1.0,0
70,1.0001462757019421,1.002198225365265,0.9976657715921111,GMM estimator,0.25,0.6,3411,1.0,1.0,1.0,0
71,1.000737751659937,0.9976928874507801,1.0012187485829742,GMM estimator,0.25,0.6,3411,1.0,1.0,1.0,0
72,0.9995481061253403,1.0004649951918068,1.0017736504196502,GMM estimator,0.25,0.6,3411,1.0,1.0,1.0,0
73,0.9993073274960287,0.9981781686785572,0.999104198592049,GMM estimator,0.25,0.6,3411,1.0,1.0,1.0,0
74,1.0011820035071237,0.9968167483507332,0.9998898376398266,GMM estimator,0.25,0.6,3411,1.0,1.0,1.0,0
75,1.0003808722545324,0.9977026664473093,1.001142441770705,GMM estimator,0.25,0.6,3411,1.0,1.0,1.0,0
76,1.000357432065965,1.0015045210457962,1.0006349924395688,GMM estimator,0.25,0.6,3411,1.0,1.0,1.0,0
77,0.9997096703439318,1.0000480846935367,0.9979179727950409,GMM estimator,0.25,0.6,3411,1.0,1.0,1.0,0
78,1.000724574588795,0.997368700842353,1.0034331519787898,GMM estimator,0.25,0.6,3411,1.0,1.0,1.0,0
79,0.9999708722652615,0.9973337455276591,0.9983608369006332,GMM estimator,0.25,0.6,3411,1.0,1.0,1.0,0
80,0.9993604302742948,1.0002651889643297,0.9988509483931489,GMM estimator,0.25,0.6,3411,1.0,1.0,1.0,0
81,0.9993769043104087,0.9982146053826084,0.9997450678493625,GMM estimator,0.25,0.6,3411,1.0,1.0,1.0,0
82,0.9999704786556024,1.0001374713000066,1.0016892453452,GMM estimator,0.25,0.6,3411,1.0,1.0,1.0,0
83,0.9996044010360403,0.9985880953754123,0.9995557756019426,GMM estimator,0.25,0.6,3411,1.0,1.0,1.0,0
84,1.0004523072168392,0.9983651698711129,1.000043604409476,GMM estimator,0.25,0.6,3411,1.0,1.0,1.0,0
85,1.000924245027358,1.0017134215853536,0.9996889985459163,GMM estimator,0.25,0.6,3411,1.0,1.0,1.0,0
86,0.9993977594621064,0.9990468597937159,0.9981226492165334,GMM estimator,0.25,0.6,3411,1.0,1.0,1.0,0
87,0.9999344516735336,0.9956602328079145,0.9997617936095324,GMM estimator,0.25,0.6,3411,1.0,1.0,1.0,0
88,0.9998829130637075,0.9993861450218148,1.0005613685428627,GMM estimator,0.25,0.6,3411,1.0,1.0,1.0,0
89,0.9996318750625891,1.0013392202546154,0.9984565932536575,GMM estimator,0.25,0.6,3411,1.0,1.0,1.0,0
90,1.0007195679617966,1.0018640445146323,1.0005036271185994,GMM estimator,0.25,0.6,3411,1.0,1.0,1.0,0
91,1.0003318693500192,1.0038159313674422,0.9995283620731379,GMM estimator,0.25,0.6,3411,1.0,1.0,1.0,0
92,0.9997499137175474,0.9999481448320519,0.9990211020572382,GMM estimator,0.25,0.6,3411,1.0,1.0,1.0,0
93,0.99994360923673,0.9955215780460522,0.997513462158977,GMM estimator,0.25,0.6,3411,1.0,1.0,1.0,0
94,0.9989438632260523,0.995262979469185,0.9981268542846937,GMM estimator,0.25,0.6,3411,1.0,1.0,1.0,0
95,0.9996687318244928,1.0000584672564439,1.0001771346898067,GMM estimator,0.25,0.6,3411,1.0,1.0,1.0,0
96,0.9996385034503427,0.9994787938626277,1.000411955611499,GMM estimator,0.25,0.6,3411,1.0,1.0,1.0,0
97,0.9995610420956414,1.0009521982136003,0.9985264861475129,GMM estimator,0.25,0.6,3411,1.0,1.0,1.0,0
98,0.9996018358087702,1.0010410550041104,1.0011117318320015,GMM estimator,0.25,0.6,3411,1.0,1.0,1.0,0
99,0.9994946499426283,0.9979397713232829,0.9995131464831841,GMM estimator,0.25,0.6,3411,1.0,1.0,1.0,0
100,1.0004928805646183,0.9996469180094156,0.9999926877681129,GMM estimator,0.25,0.6,3411,1.0,1.0,1.0,0
1,1.0002521703285894,1.0029634442992013,1.000137111480483,Three-step,0.5,0.6,3411,1.0,1.0,1.0,0
2,1.0001107934615927,1.0006789797339273,1.0012421212094869,Three-step,0.5,0.6,3411,1.0,1.0,1.0,0
3,0.9994513537903508,1.0002874159969848,1.0031016401865278,Three-step,0.5,0.6,3411,1.0,1.0,1.0,0
4,1.0008051522721693,0.999427867785598,0.9989490282385096,Three-step,0.5,0.6,3411,1.0,1.0,1.0,0
5,1.0014313675169142,1.0020070576550704,0.9997700257905525,Three-step,0.5,0.6,3411,1.0,1.0,1.0,0
6,1.0002838727486805,1.001131946079655,1.0002186890415206,Three-step,0.5,0.6,3411,1.0,1.0,1.0,0
7,0.9997615458928627,1.0006596820687197,0.9994082324876749,Three-step,0.5,0.6,3411,1.0,1.0,1.0,0
8,1.000308986790919,0.9972408954952776,0.9984523687426494,Three-step,0.5,0.6,3411,1.0,1.0,1.0,0
9,0.9992329751909395,0.9998130996748048,1.00037432966507,Three-step,0.5,0.6,3411,1.0,1.0,1.0,0
10,1.0007684258130012,0.9987024238566524,1.0001505508058415,Three-step,0.5,0.6,3411,1.0,1.0,1.0,0
11,0.9995058923184957,1.0006039659480823,1.0008362582673958,Three-step,0.5,0.6,3411,1.0,1.0,1.0,0
12,0.9998478669496511,1.001133429070576,0.9992573571895011,Three-step,0.5,0.6,3411,1.0,1.0,1.0,0
13,0.9998048961212624,1.0005386190311005,0.999786137761281,Three-step,0.5,0.6,3411,1.0,1.0,1.0,0
14,0.9997298917966764,1.0008340216890839,1.0000109117481382,Three-step,0.5,0.6,3411,1.0,1.0,1.0,0
15,1.000031410358045,0.9977777218825242,0.9990745755217904,Three-step,0.5,0.6,3411,1.0,1.0,1.0,0
16,1.00071627143653,0.9999990835796707,1.0008025397672324,Three-step,0.5,0.6,3411,1.0,1.0,1.0,0
17,0.9997837757708916,1.000392784427052,0.9998518153446451,Three-step,0.5,0.6,3411,1.0,1.0,1.0,0
18,0.9996281595769841,0.9995898740602029,0.9991851270330006,Three-step,0.5,0.6,3411,1.0,1.0,1.0,0
19,0.9999156716633827,1.0049539393611229,1.0030151447942222,Three-step,0.5,0.6,3411,1.0,1.0,1.0,0
20,0.999830223475819,0.9992026621524869,0.9998406272123953,Three-step,0.5,0.6,3411,1.0,1.0,1.0,0
21,0.9993978354624958,1.0019061063114452,1.0008091210545773,Three-step,0.5,0.6,3411,1.0,1.0,1.0,0
22,0.9998453773320922,0.9995670253832858,1.0008717563127958,Three-step,0.5,0.6,3411,1.0,1.0,1.0,0
23,0.9992024892661413,1.0004508528756282,1.0024187499047559,Three-step,0.5,0.6,3411,1.0,1.0,1.0,0
24,1.0003101017812048,1.0013238104161268,1.0021189515651359,Three-step,0.5,0.6,3411,1.0,1.0,1.0,0
25,0.9992720880723173,0.9984521653107061,0.998006010838204,Three-step,0.5,0.6,3411,1.0,1.0,1.0,0
26,0.9995986479456728,0.999317980524992,0.9988772501345693,Three-step,0.5,0.6,3411,1.0,1.0,1.0,0
27,0.9990953165793577,0.999042290233666,0.9979551913447894,Three-step,0.5,0.6,3411,1.0,1.0,1.0,0
28,0.9993092915308855,1.0021621149853814,1.0013647764865043,Three-step,0.5,0.6,3411,1.0,1.0,1.0,0
29,0.9994905008289798,0.9985739081983236,0.9999516059359348,Three-step,0.5,0.6,3411,1.0,1.0,1.0,0
30,0.9988799826164588,0.9991044761492099,0.9977072504849582,Three-step,0.5,0.6,3411,1.0,1.0,1.0,0
31,0.9996626674770905,0.9995791126533612,0.997686556296644,Three-step,0.5,0.6,3411,1.0,1.0,1.0,0
32,0.9999783863200497,0.9983411083714473,0.9975176334051512,Three-step,0.5,0.6,3411,1.0,1.0,1.0,0
33,0.9995971873154946,1.0011156250950595,1.001578280730318,Three-step,0.5,0.6,3411,1.0,1.0,1.0,0
34,1.0007875941469988,1.0012575858504948,0.9995838970581983,Three-step,0.5,0.6,3411,1.0,1.0,1.0,0
35,1.0003904879051921,0.9994881530986975,0.9994813418931597,Three-step,0.5,0.6,3411,1.0,1.0,1.0,0
36,0.9997414965194795,1.0001381327732197,0.999931847177123,Three-step,0.5,0.6,3411,1.0,1.0,1.0,0
37,1.00024876126492,1.000857227363662,1.0036698602238927,Three-step,0.5,0.6,3411,1.0,1.0,1.0,0
38,1.000243670650423,1.002812674435088,1.0011574969478851,Three-step,0.5,0.6,3411,1.0,1.0,1.0,0
39,1.00023816903125,1.0018079286535555,1.0008087760749191,Three-step,0.5,0.6,3411,1.0,1.0,1.0,0
40,0.9997261620743545,0.9974848420105051,0.9992422157172585,Three-step,0.5,0.6,3411,1.0,1.0,1.0,0
41,1.0007412261500388,1.0033703997758683,0.9993730518080086,Three-step,0.5,0.6,3411,1.0,1.0,1.0,0
42,0.9997608020335605,1.0034599163021318,1.0006601834206728,Three-step,0.5,0.6,3411,1.0,1.0,1.0,0
43,0.9991080524240239,1.0021983122803582,1.0018816241969222,Three-step,0.5,0.6,3411,1.0,1.0,1.0,0
44,1.0006709309574422,1.0023576800988463,1.001377678847917,Three-step,0.5,0.6,3411,1.0,1.0,1.0,0
45,1.0008753866992455,1.0003386051195755,0.9994407081950809,Three-step,0.5,0.6,3411,1.0,1.0,1.0,0
46,0.9998343373437966,1.0016922458262663,1.0024847325122956,Three-step,0.5,0.6,3411,1.0,1.0,1.0,0
47,1.001176226190699,1.0010156818488216,1.0023998893764752,Three-step,0.5,0.6,3411,1.0,1.0,1.0,0
48,1.0003462625989346,0.999516836082639,0.9980867918604152,Three-step,0.5,0.6,3411,1.0,1.0,1.0,0
49,0.9996728023758576,0.9969567368205733,1.0005426697828896,Three-step,0.5,0.6,3411,1.0,1.0,1.0,0
50,0.9995606887017214,1.003443898442726,1.0011594125758219,Three-step,0.5,0.6,3411,1.0,1.0,1.0,0
51,1.0000311086147373,1.0013541153505465,1.0020117779488096,Three-step,0.5,0.6,3411,1.0,1.0,1.0,0
52,1.001139619798408,0.9972143414424304,1.0016031722897698,Three-step,0.5,0.6,3411,1.0,1.0,1.0,0
53,1.0006151777699326,0.9994751792157945,0.9986474025867713,Three-step,0.5,0.6,3411,1.0,1.0,1.0,0
54,0.9998155503871857,0.9982238309251812,1.000007978504483,Three-step,0.5,0.6,3411,1.0,1.0,1.0,0
55,1.0004359793976207,0.9992304824629146,0.9994125976701159,Three-step,0.5,0.6,3411,1.0,1.0,1.0,0
56,1.0002350331306509,0.9992269440365626,1.0007583064998873,Three-step,0.5,0.6,3411,1.0,1.0,1.0,0
57,1.0007441888438358,1.0012075213862461,1.0019680237693402,Three-step,0.5,0.6,3411,1.0,1.0,1.0,0
58,0.9994342685143668,0.9981346139466933,0.9986258040080596,Three-step,0.5,0.6,3411,1.0,1.0,1.0,0
59,0.9994060218111315,1.000131241085527,0.9997272989038748,Three-step,0.5,0.6,3411,1.0,1.0,1.0,0
60,1.000756075653968,1.001801956949904,1.000610038770665,Three-step,0.5,0.6,3411,1.0,1.0,1.0,0
61,0.9999744783349018,1.0001081755763441,0.9986800646598105,Three-step,0.5,0.6,3411,1.0,1.0,1.0,0
62,1.0008601734805715,0.9979738227677818,0.998815454722248,Three-step,0.5,0.6,3411,1.0,1.0,1.0,0
63,1.0001593865460692,1.0036410734954553,1.0037232843519923,Three-step,0.5,0.6,3411,1.0,1.0,1.0,0
64,0.9995207645742208,1.000585975246096,1.0011223848284008,Three-step,0.5,0.6,3411,1.0,1.0,1.0,0
65,0.9994542067365738,0.9996054960364964,1.0012366486613575,Three-step,0.5,0.6,3411,1.0,1.0,1.0,0
66,0.9996011192001195,0.9979504097022601,0.997938944404732,Three-step,0.5,0.6,3411,1.0,1.0,1.0,0
67,0.9999836277776254,1.0006600449254204,1.0008351801159647,Three-step,0.5,0.6,3411,1.0,1.0,1.0,0
68,1.0003618106342298,0.9994157519351774,1.0027523501553701,Three-step,0.5,0.6,3411,1.0,1.0,1.0,0
69,0.9985076577240967,0.9981654631105104,0.9963402303515994,Three-step,0.5,0.6,3411,1.0,1.0,1.0,0
70,1.0002283085167776,1.0016874006245509,0.9994798121288225,Three-step,0.5,0.6,3411,1.0,1.0,1.0,0
71,1.0009059801113498,0.9993478468986092,1.0009054603977074,Three-step,0.5,0.6,3411,1.0,1.0,1.0,0
72,0.9995066582448469,1.0001038513479288,1.0008295590385712,Three-step,0.5,0.6,3411,1.0,1.0,1.0,0
73,0.9992646073846272,0.9988998510858106,0.9983383675503031,Three-step,0.5,0.6,3411,1.0,1.0,1.0,0
74,1.001053871202342,0.9990052043177788,0.9995385427774913,Three-step,0.5,0.6,3411,1.0,1.0,1.0,0
75,1.0000954710312364,0.9983938695518166,0.9985187465597594,Three-step,0.5,0.6,3411,1.0,1.0,1.0,0
76,1.0004466440574276,1.0004652953203652,0.9999653342846477,Three-step,0.5,0.6,3411,1.0,1.0,1.0,0
77,0.9997092210028086,1.000649181706015,0.997156620869879,Three-step,0.5,0.6,3411,1.0,1.0,1.0,0
78,1.0003950862068043,0.9990902221880322,1.0025498058245237,Three-step,0.5,0.6,3411,1.0,1.0,1.0,0
79,0.9999186634407475,0.9981677003723841,1.00021204382345,Three-step,0.5,0.6,3411,1.0,1.0,1.0,0
80,0.999183919450371,0.9993721370014766,0.9986107000680037,Three-step,0.5,0.6,3411,1.0,1.0,1.0,0
81,0.9994148057998969,0.9994005336262803,0.9990620298651152,Three-step,0.5,0.6,3411,1.0,1.0,1.0,0
82,0.9998785694536222,0.9996050268002674,1.0015447324025455,Three-step,0.5,0.6,3411,1.0,1.0,1.0,0
83,0.999593438797921,0.9991870654239519,0.9993289646413134,Three-step,0.5,0.6,3411,1.0,1.0,1.0,0
84,1.0004718505628833,0.9995225234717341,0.999121961608456,Three-step,0.5,0.6,3411,1.0,1.0,1.0,0
85,1.0008822436235898,1.0027899205700639,1.0015277490952832,Three-step,0.5,0.6,3411,1.0,1.0,1.0,0
86,0.9995854390932326,0.9976625865207057,0.9988395879544185,Three-step,0.5,0.6,3411,1.0,1.0,1.0,0
87,0.9999732243912338,0.9965990841344734,0.9997551584653442,Three-step,0.5,0.6,3411,1.0,1.0,1.0,0
88,0.9999150891348921,0.9994527753649798,1.0014484022342913,Three-step,0.5,0.6,3411,1.0,1.0,1.0,0
89,0.9998341946692739,1.0009988658638067,0.9986006136096973,Three-step,0.5,0.6,3411,1.0,1.0,1.0,0
90,1.0005681479339248,1.000961376796277,1.0007490768560499,Three-step,0.5,0.6,3411,1.0,1.0,1.0,0
91,1.0003601842996181,1.0035571051443828,1.0008978480381663,Three-step,0.5,0.6,3411,1.0,1.0,1.0,0
92,0.9997133646315671,0.9996342231139979,0.9982357710139862,Three-step,0.5,0.6,3411,1.0,1.0,1.0,0
93,0.9999482606039951,0.9972582645503629,0.9980018674237325,Three-step,0.5,0.6,3411,1.0,1.0,1.0,0
94,0.998929516143338,0.9967885230274663,0.9973573558204951,Three-step,0.5,0.6,3411,1.0,1.0,1.0,0
95,0.9999283418527117,1.002144447119947,1.0003132692309005,Three-step,0.5,0.6,3411,1.0,1.0,1.0,0
96,0.9995334530311091,0.9988444758457412,0.9998309961539623,Three-step,0.5,0.6,3411,1.0,1.0,1.0,0
97,0.9995544465557499,1.0011025826786064,0.99925216652488,Three-step,0.5,0.6,3411,1.0,1.0,1.0,0
98,0.9996734057292436,1.0015250797228263,0.9984206238899114,Three-step,0.5,0.6,3411,1.0,1.0,1.0,0
99,0.9997451961914703,0.9972696121990879,0.9977077973297923,Three-step,0.5,0.6,3411,1.0,1.0,1.0,0
100,1.0003357308440777,0.9986085469998682,0.9997097916557433,Three-step,0.5,0.6,3411,1.0,1.0,1.0,0
1,1.0000386259524923,1.0021165354580337,1.000137111480483,Robins' estimator,0.5,0.6,3411,1.0,1.0,1.0,0
2,1.0008396738492782,1.0001738161663238,1.0012421212094869,Robins' estimator,0.5,0.6,3411,1.0,1.0,1.0,0
3,1.0009944933215662,1.0012993083212018,1.0031016401865276,Robins' estimator,0.5,0.6,3411,1.0,1.0,1.0,0
4,1.0003160207886546,0.9998094020645387,0.9989490282385097,Robins' estimator,0.5,0.6,3411,1.0,1.0,1.0,0
5,1.000464860064628,1.0004700052857405,0.9997700257905529,Robins' estimator,0.5,0.6,3411,1.0,1.0,1.0,0
6,0.9998565572763494,1.0002935468346248,1.0002186890415203,Robins' estimator,0.5,0.6,3411,1.0,1.0,1.0,0
7,0.9994870179390875,1.0015304273805115,0.9994082324876749,Robins' estimator,0.5,0.6,3411,1.0,1.0,1.0,0
8,0.999450400903101,0.9997765187795952,0.9984523687426495,Robins' estimator,0.5,0.6,3411,1.0,1.0,1.0,0
9,0.9990363374068828,0.9999937111244658,1.00037432966507,Robins' estimator,0.5,0.6,3411,1.0,1.0,1.0,0
10,1.0010215034435128,0.9986526838653068,1.0001505508058415,Robins' estimator,0.5,0.6,3411,1.0,1.0,1.0,0
11,0.9999740032600568,0.9996939778033457,1.0008362582673958,Robins' estimator,0.5,0.6,3411,1.0,1.0,1.0,0
12,0.9994254218068376,1.0003449600667598,0.9992573571895011,Robins' estimator,0.5,0.6,3411,1.0,1.0,1.0,0
13,0.9997129623669767,1.0000313369763996,0.999786137761281,Robins' estimator,0.5,0.6,3411,1.0,1.0,1.0,0
14,1.0002306652606114,1.0006163949873654,1.000010911748138,Robins' estimator,0.5,0.6,3411,1.0,1.0,1.0,0
15,0.9995112918736486,0.9986038578941651,0.9990745755217904,Robins' estimator,0.5,0.6,3411,1.0,1.0,1.0,0
16,1.000994989776437,1.0003020461298282,1.0008025397672324,Robins' estimator,0.5,0.6,3411,1.0,1.0,1.0,0
17,0.9992085233405099,1.0011647265197219,0.9998518153446452,Robins' estimator,0.5,0.6,3411,1.0,1.0,1.0,0
18,0.9998916615319987,0.9990144094184223,0.9991851270330004,Robins' estimator,0.5,0.6,3411,1.0,1.0,1.0,0
19,1.0012513249869677,1.003118609012244,1.0030151447942224,Robins' estimator,0.5,0.6,3411,1.0,1.0,1.0,0
20,1.0000046990844775,0.9996528252420046,0.9998406272123955,Robins' estimator,0.5,0.6,3411,1.0,1.0,1.0,0
21,0.9994200966127408,1.0021188141434947,1.000809121054577,Robins' estimator,0.5,0.6,3411,1.0,1.0,1.0,0
22,0.9999500629536525,1.0006984245371517,1.0008717563127958,Robins' estimator,0.5,0.6,3411,1.0,1.0,1.0,0
23,0.9996807591740157,1.0011685238012245,1.0024187499047559,Robins' estimator,0.5,0.6,3411,1.0,1.0,1.0,0
24,1.0007810852969319,1.002486648335675,1.002118951565136,Robins' estimator,0.5,0.6,3411,1.0,1.0,1.0,0
25,0.9995058106356507,0.9980877578608617,0.9980060108382041,Robins' estimator,0.5,0.6,3411,1.0,1.0,1.0,0
26,0.9994628557503551,1.0000034510514284,0.9988772501345693,Robins' estimator,0.5,0.6,3411,1.0,1.0,1.0,0
27,0.9982991103589316,0.9992297295208438,0.997955191344789,Robins' estimator,0.5,0.6,3411,1.0,1.0,1.0,0
28,1.000127530260832,1.0020502637947226,1.0013647764865043,Robins' estimator,0.5,0.6,3411,1.0,1.0,1.0,0
29,0.9993142705316743,0.9990276272674512,0.9999516059359348,Robins' estimator,0.5,0.6,3411,1.0,1.0,1.0,0
30,0.9989183892625687,0.9986823746025275,0.997707250484958,Robins' estimator,0.5,0.6,3411,1.0,1.0,1.0,0
31,0.998600479606686,0.9994120298378507,0.9976865562966443,Robins' estimator,0.5,0.6,3411,1.0,1.0,1.0,0
32,0.999639782835888,1.0000325249271422,0.9975176334051513,Robins' estimator,0.5,0.6,3411,1.0,1.0,1.0,0
33,0.9999285584456485,1.002379196743581,1.001578280730318,Robins' estimator,0.5,0.6,3411,1.0,1.0,1.0,0
34,1.0004261022509962,1.0009616375272965,0.9995838970581982,Robins' estimator,0.5,0.6,3411,1.0,1.0,1.0,0
35,0.9999959172787838,1.0001085786808162,0.9994813418931596,Robins' estimator,0.5,0.6,3411,1.0,1.0,1.0,0
36,0.9990682693114576,0.9998635187009158,0.9999318471771229,Robins' estimator,0.5,0.6,3411,1.0,1.0,1.0,0
37,1.0017773626777526,1.0006459023947922,1.0036698602238927,Robins' estimator,0.5,0.6,3411,1.0,1.0,1.0,0
38,1.0000397482874168,1.0032108713912795,1.001157496947885,Robins' estimator,0.5,0.6,3411,1.0,1.0,1.0,0
39,1.000747495170266,1.001147651457224,1.000808776074919,Robins' estimator,0.5,0.6,3411,1.0,1.0,1.0,0
40,0.9997427995178668,0.9967785856400044,0.9992422157172585,Robins' estimator,0.5,0.6,3411,1.0,1.0,1.0,0
41,0.9991196065057691,1.0029190298643114,0.9993730518080087,Robins' estimator,0.5,0.6,3411,1.0,1.0,1.0,0
42,1.0000342727567462,1.0026539647261845,1.0006601834206728,Robins' estimator,0.5,0.6,3411,1.0,1.0,1.0,0
43,0.9995670056113153,1.0020919361329081,1.001881624196922,Robins' estimator,0.5,0.6,3411,1.0,1.0,1.0,0
44,1.0003451108519652,1.0013076946159836,1.001377678847917,Robins' estimator,0.5,0.6,3411,1.0,1.0,1.0,0
45,1.0001801864991358,1.0000880332562698,0.999440708195081,Robins' estimator,0.5,0.6,3411,1.0,1.0,1.0,0
46,1.0006736450576819,1.0014443182071624,1.0024847325122959,Robins' estimator,0.5,0.6,3411,1.0,1.0,1.0,0
47,1.001105208928182,1.002189500901119,1.0023998893764752,Robins' estimator,0.5,0.6,3411,1.0,1.0,1.0,0
48,0.9988665509356598,0.9994998478265358,0.9980867918604152,Robins' estimator,0.5,0.6,3411,1.0,1.0,1.0,0
49,1.00034358237494,0.9978807916275074,1.0005426697828894,Robins' estimator,0.5,0.6,3411,1.0,1.0,1.0,0
50,0.9994452611735206,1.0028078547506523,1.001159412575822,Robins' estimator,0.5,0.6,3411,1.0,1.0,1.0,0
51,1.0004771307546598,1.0013229126973138,1.0020117779488098,Robins' estimator,0.5,0.6,3411,1.0,1.0,1.0,0
52,1.001792099614975,0.998860104075186,1.00160317228977,Robins' estimator,0.5,0.6,3411,1.0,1.0,1.0,0
53,0.999006627310805,0.9988824034068796,0.9986474025867712,Robins' estimator,0.5,0.6,3411,1.0,1.0,1.0,0
54,1.0002673753880738,0.9990189340522019,1.000007978504483,Robins' estimator,0.5,0.6,3411,1.0,1.0,1.0,0
55,1.0004053995708309,1.000144237027632,0.9994125976701159,Robins' estimator,0.5,0.6,3411,1.0,1.0,1.0,0
56,1.000528529007993,0.9996335047381537,1.0007583064998873,Robins' estimator,0.5,0.6,3411,1.0,1.0,1.0,0
57,1.0010236635441518,1.001335389142975,1.0019680237693402,Robins' estimator,0.5,0.6,3411,1.0,1.0,1.0,0
58,0.9992119336081251,0.9988798126925184,0.9986258040080594,Robins' estimator,0.5,0.6,3411,1.0,1.0,1.0,0
59,0.9990727699360876,0.9996244974403605,0.9997272989038747,Robins' estimator,0.5,0.6,3411,1.0,1.0,1.0,0
60,1.0002923890055675,1.0024104438061374,1.000610038770665,Robins' estimator,0.5,0.6,3411,1.0,1.0,1.0,0
61,0.9998892666728479,0.9989344333498034,0.9986800646598106,Robins' estimator,0.5,0.6,3411,1.0,1.0,1.0,0
62,1.0005151098446852,0.9993830084906935,0.998815454722248,Robins' estimator,0.5,0.6,3411,1.0,1.0,1.0,0
63,1.0007092460023872,1.002923327424703,1.0037232843519923,Robins' estimator,0.5,0.6,3411,1.0,1.0,1.0,0
64,0.9997924041253778,1.0002603283082607,1.0011223848284005,Robins' estimator,0.5,0.6,3411,1.0,1.0,1.0,0
65,1.0001028871393969,0.999005738973597,1.0012366486613575,Robins' estimator,0.5,0.6,3411,1.0,1.0,1.0,0
66,0.9990665299868473,0.99832853346001,0.997938944404732,Robins' estimator,0.5,0.6,3411,1.0,1.0,1.0,0
67,1.000990613589367,0.9995930428117855,1.0008351801159647,Robins' estimator,0.5,0.6,3411,1.0,1.0,1.0,0
68,1.0015326280473462,0.9993790266734383,1.0027523501553701,Robins' estimator,0.5,0.6,3411,1.0,1.0,1.0,0
69,0.9977606034111922,0.9993393119005519,0.9963402303515991,Robins' estimator,0.5,0.6,3411,1.0,1.0,1.0,0
70,0.9997025948628104,1.0014291511677862,0.9994798121288225,Robins' estimator,0.5,0.6,3411,1.0,1.0,1.0,0
71,1.0003942621997521,1.0001370367949727,1.0009054603977077,Robins' estimator,0.5,0.6,3411,1.0,1.0,1.0,0
72,0.999666409686993,1.000003965185657,1.0008295590385714,Robins' estimator,0.5,0.6,3411,1.0,1.0,1.0,0
73,0.9989102922050869,0.9984452231813535,0.998338367550303,Robins' estimator,0.5,0.6,3411,1.0,1.0,1.0,0
74,1.0006234721769753,0.9988901520637293,0.9995385427774911,Robins' estimator,0.5,0.6,3411,1.0,1.0,1.0,0
75,0.9996190455408382,0.9998520505299342,0.9985187465597597,Robins' estimator,0.5,0.6,3411,1.0,1.0,1.0,0
76,1.0006431713480026,1.0000843872409377,0.9999653342846476,Robins' estimator,0.5,0.6,3411,1.0,1.0,1.0,0
77,0.9986522520723407,0.9997209794378207,0.997156620869879,Robins' estimator,0.5,0.6,3411,1.0,1.0,1.0,0
78,1.000777633563103,1.001476397888399,1.0025498058245237,Robins' estimator,0.5,0.6,3411,1.0,1.0,1.0,0
79,1.0006586762946188,0.9977367949002487,1.00021204382345,Robins' estimator,0.5,0.6,3411,1.0,1.0,1.0,0
80,0.9990863438375708,0.9993412921640273,0.9986107000680038,Robins' estimator,0.5,0.6,3411,1.0,1.0,1.0,0
81,0.9993358676893042,0.999404126813066,0.9990620298651153,Robins' estimator,0.5,0.6,3411,1.0,1.0,1.0,0
82,1.0002884704763926,0.9990446333778893,1.0015447324025455,Robins' estimator,0.5,0.6,3411,1.0,1.0,1.0,0
83,0.9995662357455429,0.9992816387040369,0.9993289646413134,Robins' estimator,0.5,0.6,3411,1.0,1.0,1.0,0
84,0.9997872405968732,1.0000751282843519,0.9991219616084563,Robins' estimator,0.5,0.6,3411,1.0,1.0,1.0,0
85,1.0014595777308355,1.001276465286381,1.0015277490952832,Robins' estimator,0.5,0.6,3411,1.0,1.0,1.0,0
86,0.9999899008260736,0.9976227796713396,0.9988395879544185,Robins' estimator,0.5,0.6,3411,1.0,1.0,1.0,0
87,1.0000091020745456,0.9971986872059185,0.9997551584653444,Robins' estimator,0.5,0.6,3411,1.0,1.0,1.0,0
88,1.0003839458392196,1.0004458119482769,1.0014484022342913,Robins' estimator,0.5,0.6,3411,1.0,1.0,1.0,0
89,0.9981387839505016,1.0007802193024846,0.9986006136096972,Robins' estimator,0.5,0.6,3411,1.0,1.0,1.0,0
90,1.000803288669101,1.0009501519696098,1.0007490768560499,Robins' estimator,0.5,0.6,3411,1.0,1.0,1.0,0
91,1.000428878299903,1.0032958894558273,1.0008978480381663,Robins' estimator,0.5,0.6,3411,1.0,1.0,1.0,0
92,0.9988554980552193,1.0003382424929552,0.9982357710139861,Robins' estimator,0.5,0.6,3411,1.0,1.0,1.0,0
93,0.9989126520250229,0.9978553953299149,0.9980018674237326,Robins' estimator,0.5,0.6,3411,1.0,1.0,1.0,0
94,0.9989299718412136,0.997323923735037,0.9973573558204953,Robins' estimator,0.5,0.6,3411,1.0,1.0,1.0,0
95,0.9997465642916722,1.0014534610418637,1.0003132692309005,Robins' estimator,0.5,0.6,3411,1.0,1.0,1.0,0
96,0.9999456763842715,0.9985207622274511,0.9998309961539624,Robins' estimator,0.5,0.6,3411,1.0,1.0,1.0,0
97,1.0001247883385078,1.0009422419368434,0.9992521665248802,Robins' estimator,0.5,0.6,3411,1.0,1.0,1.0,0
98,0.9980616597542741,1.0020565501992138,0.9984206238899114,Robins' estimator,0.5,0.6,3411,1.0,1.0,1.0,0
99,0.9986954326990324,0.9993516621842673,0.9977077973297925,Robins' estimator,0.5,0.6,3411,1.0,1.0,1.0,0
100,1.0002893792513112,1.0001720959880545,0.9997097916557431,Robins' estimator,0.5,0.6,3411,1.0,1.0,1.0,0
1,1.0001747416217461,1.0019571216315566,1.0003695602298657,GMM estimator,0.5,0.6,3411,1.0,1.0,1.0,0
2,1.0002084497505876,0.9999927458710361,1.00022165294217,GMM estimator,0.5,0.6,3411,1.0,1.0,1.0,0
3,0.9996875940694957,1.0010662120086087,1.0000238859013593,GMM estimator,0.5,0.6,3411,1.0,1.0,1.0,0
4,1.0007226985638522,1.000051938614645,0.9998479482597435,GMM estimator,0.5,0.6,3411,1.0,1.0,1.0,0
5,1.0010100194422584,1.0006155693454457,1.001171035471589,GMM estimator,0.5,0.6,3411,1.0,1.0,1.0,0
6,1.0001017425807552,1.000256360422027,1.0007465838209755,GMM estimator,0.5,0.6,3411,1.0,1.0,1.0,0
7,0.9997220333616338,1.0014773250455558,0.999713274768376,GMM estimator,0.5,0.6,3411,1.0,1.0,1.0,0
8,1.0002180070646847,1.000064408157583,1.000155860246089,GMM estimator,0.5,0.6,3411,1.0,1.0,1.0,0
9,0.99917249412468,1.0000875412149384,1.0006748682580016,GMM estimator,0.5,0.6,3411,1.0,1.0,1.0,0
10,1.0007925065853345,0.9986411995128212,0.9997554198684437,GMM estimator,0.5,0.6,3411,1.0,1.0,1.0,0
11,0.999588134014167,0.9993148067077005,0.9998226009235118,GMM estimator,0.5,0.6,3411,1.0,1.0,1.0,0
12,0.9996783406836529,1.000411437371193,1.000055789396281,GMM estimator,0.5,0.6,3411,1.0,1.0,1.0,0
13,0.99975046774828,0.9997351963600686,0.9996323882285223,GMM estimator,0.5,0.6,3411,1.0,1.0,1.0,0
14,0.9999041809659599,1.0005197440289193,0.9993668704377334,GMM estimator,0.5,0.6,3411,1.0,1.0,1.0,0
15,0.9999595445860442,0.9986929879126158,0.9999445932227775,GMM estimator,0.5,0.6,3411,1.0,1.0,1.0,0
16,1.0008073753879785,1.0003460726719173,1.0005504747139293,GMM estimator,0.5,0.6,3411,1.0,1.0,1.0,0
17,0.9997032712830797,1.0012699899993105,1.0008964031744894,GMM estimator,0.5,0.6,3411,1.0,1.0,1.0,0
18,0.9996594187685638,0.99884882032095,0.9986511865180292,GMM estimator,0.5,0.6,3411,1.0,1.0,1.0,0
19,1.0000565127808874,1.0028785872182806,1.0008453574679173,GMM estimator,0.5,0.6,3411,1.0,1.0,1.0,0
20,0.9998734669679366,0.9997153476676723,0.9996633755377681,GMM estimator,0.5,0.6,3411,1.0,1.0,1.0,0
21,0.9994195079046977,1.0021722442295045,1.0008396805044353,GMM estimator,0.5,0.6,3411,1.0,1.0,1.0,0
22,0.9998502080543561,1.0010267450681714,1.0009764006586543,GMM estimator,0.5,0.6,3411,1.0,1.0,1.0,0
23,0.9993817860827787,1.0011352826531426,1.0018512500208954,GMM estimator,0.5,0.6,3411,1.0,1.0,1.0,0
24,1.0003522517533558,1.0022497878700294,1.0011515361542738,GMM estimator,0.5,0.6,3411,1.0,1.0,1.0,0
25,0.9993050327786658,0.9980929077530365,0.9976467940496672,GMM estimator,0.5,0.6,3411,1.0,1.0,1.0,0
26,0.9995226021493817,1.000126474131068,0.9989972930666363,GMM estimator,0.5,0.6,3411,1.0,1.0,1.0,0
27,0.998869764359398,0.9993638350286126,0.9991396730939814,GMM estimator,0.5,0.6,3411,1.0,1.0,1.0,0
28,0.9996271916535596,1.0021472990421623,1.0001648819342592,GMM estimator,0.5,0.6,3411,1.0,1.0,1.0,0
29,0.9994517445895645,0.9991321427188073,1.0003066449932645,GMM estimator,0.5,0.6,3411,1.0,1.0,1.0,0
30,0.9988452190270405,0.9986038523436533,0.9975800660971488,GMM estimator,0.5,0.6,3411,1.0,1.0,1.0,0
31,0.9990919122335797,0.9996763991217023,0.9987047411612846,GMM estimator,0.5,0.6,3411,1.0,1.0,1.0,0
32,0.999947921234042,1.000522159413528,0.9985203482923783,GMM estimator,0.5,0.6,3411,1.0,1.0,1.0,0
33,0.9998381618656247,1.002259078906335,1.0014526898601843,GMM estimator,0.5,0.6,3411,1.0,1.0,1.0,0
34,1.0006939226243607,1.0009825249558828,1.00022962074708,GMM estimator,0.5,0.6,3411,1.0,1.0,1.0,0
35,1.0003106491782097,1.0000450827934826,1.000138746472755,GMM estimator,0.5,0.6,3411,1.0,1.0,1.0,0
36,0.999599858572523,1.0000456984163875,1.000883937196476,GMM estimator,0.5,0.6,3411,1.0,1.0,1.0,0
37,1.0007217185226034,0.9999517069478648,1.001157684807637,GMM estimator,0.5,0.6,3411,1.0,1.0,1.0,0
38,1.0002173179516074,1.0031573532936013,1.0014881359583834,GMM estimator,0.5,0.6,3411,1.0,1.0,1.0,0
39,1.0003136275406181,1.0011217367229701,0.9999685620988197,GMM estimator,0.5,0.6,3411,1.0,1.0,1.0,0
40,0.9996888974409548,0.9968611593893505,0.9991331930310705,GMM estimator,0.5,0.6,3411,1.0,1.0,1.0,0
41,1.0002539813686735,1.002065208382266,1.0009634996142707,GMM estimator,0.5,0.6,3411,1.0,1.0,1.0,0
42,0.9998406338112599,1.0028715411327016,1.0003877380671495,GMM estimator,0.5,0.6,3411,1.0,1.0,1.0,0
43,0.999306673392077,1.0020653124957764,1.0012476576371085,GMM estimator,0.5,0.6,3411,1.0,1.0,1.0,0
44,1.0005664191520516,1.0007529584405426,1.0013275754644333,GMM estimator,0.5,0.6,3411,1.0,1.0,1.0,0
45,1.0006822772726816,1.0001982255242408,1.0003294904894195,GMM estimator,0.5,0.6,3411,1.0,1.0,1.0,0
46,1.000035921559599,1.0013015978982542,1.001027803254898,GMM estimator,0.5,0.6,3411,1.0,1.0,1.0,0
47,1.0011700148448481,1.0024843882942276,1.0028483159445818,GMM estimator,0.5,0.6,3411,1.0,1.0,1.0,0
48,1.0001481303934368,0.9992959973915461,1.0004504284143454,GMM estimator,0.5,0.6,3411,1.0,1.0,1.0,0
49,0.9998628862411909,0.9978592649182554,0.9999123320937986,GMM estimator,0.5,0.6,3411,1.0,1.0,1.0,0
50,0.9994619884391488,1.0027225191570988,1.0011314529183033,GMM estimator,0.5,0.6,3411,1.0,1.0,1.0,0
51,1.0001353831357231,1.0011220777059062,1.0012154869989414,GMM estimator,0.5,0.6,3411,1.0,1.0,1.0,0
52,1.0012450126672814,0.9988893685144554,1.000343169871536,GMM estimator,0.5,0.6,3411,1.0,1.0,1.0,0
53,1.0001586987833886,0.9981254480827196,1.0003869021240774,GMM estimator,0.5,0.6,3411,1.0,1.0,1.0,0
54,0.9999888613728949,0.9988909559297641,0.9993437547442618,GMM estimator,0.5,0.6,3411,1.0,1.0,1.0,0
55,1.000454150576334,1.0002321200360682,0.9995527534788597,GMM estimator,0.5,0.6,3411,1.0,1.0,1.0,0
56,1.0002491840054852,0.9997262475607102,1.0003940227511507,GMM estimator,0.5,0.6,3411,1.0,1.0,1.0,0
57,1.0008350360901526,1.001372697713291,1.001634511254506,GMM estimator,0.5,0.6,3411,1.0,1.0,1.0,0
58,0.9994271343784038,0.9990506848250268,0.9992105967746929,GMM estimator,0.5,0.6,3411,1.0,1.0,1.0,0
59,0.9993144131774063,0.9994562956743347,1.0000475976875818,GMM estimator,0.5,0.6,3411,1.0,1.0,1.0,0
60,1.000660675861459,1.0025437300242401,1.0014352872156056,GMM estimator,0.5,0.6,3411,1.0,1.0,1.0,0
61,0.9999914434755655,0.9989517164367764,0.9986126913586018,GMM estimator,0.5,0.6,3411,1.0,1.0,1.0,0
62,1.0008274128559873,0.9994628573236709,0.9997678315215695,GMM estimator,0.5,0.6,3411,1.0,1.0,1.0,0
63,1.0001900075425727,1.0028851324408974,1.0027587833102207,GMM estimator,0.5,0.6,3411,1.0,1.0,1.0,0
64,0.9996470212789357,1.000092998432902,1.0006922098646747,GMM estimator,0.5,0.6,3411,1.0,1.0,1.0,0
65,0.999567564374936,0.9989336902814325,1.0001494172454186,GMM estimator,0.5,0.6,3411,1.0,1.0,1.0,0
66,0.9994369931694658,0.9983899756848931,0.99880506967022,GMM estimator,0.5,0.6,3411,1.0,1.0,1.0,0
67,1.0001938200527314,0.999769483113569,0.9993382141713756,GMM estimator,0.5,0.6,3411,1.0,1.0,1.0,0
68,1.0005449094365158,0.9989718327512078,1.0015488947116242,GMM estimator,0.5,0.6,3411,1.0,1.0,1.0,0
69,0.9983864536693666,0.9996313377444558,0.9976826440220519,GMM estimator,0.5,0.6,3411,1.0,1.0,1.0,0
70,1.000087507483247,1.0014796918793998,1.000128465185921,GMM estimator,0.5,0.6,3411,1.0,1.0,1.0,0
71,1.0006493136407268,1.0000203958837508,1.0015447905065757,GMM estimator,0.5,0.6,3411,1.0,1.0,1.0,0
72,0.9995152606094032,1.000086485397197,1.0006916077993315,GMM estimator,0.5,0.6,3411,1.0,1.0,1.0,0
73,0.9991290871966665,0.9981827951706629,0.9985822663842303,GMM estimator,0.5,0.6,3411,1.0,1.0,1.0,0
74,1.0008970105833166,0.9987964591011713,1.0000941142238169,GMM estimator,0.5,0.6,3411,1.0,1.0,1.0,0
75,0.9999616949503478,1.00018638962551,0.9994817274548053,GMM estimator,0.5,0.6,3411,1.0,1.0,1.0,0
76,1.000470202808624,0.9999695674695698,0.999600907450374,GMM estimator,0.5,0.6,3411,1.0,1.0,1.0,0
77,0.9993770411805167,0.999992122810176,0.9982408265587166,GMM estimator,0.5,0.6,3411,1.0,1.0,1.0,0
78,1.0005815254571895,1.0014819498846586,1.0018838711862774,GMM estimator,0.5,0.6,3411,1.0,1.0,1.0,0
79,1.0000719567144147,0.997402779580975,0.9987440175478137,GMM estimator,0.5,0.6,3411,1.0,1.0,1.0,0
80,0.9991601989344345,0.9993367596205056,0.9987444515297615,GMM estimator,0.5,0.6,3411,1.0,1.0,1.0,0
81,0.9993953884240463,0.999415613507781,0.9991675441424126,GMM estimator,0.5,0.6,3411,1.0,1.0,1.0,0
82,0.9999599647022398,0.9992727262920702,1.0010895006477378,GMM estimator,0.5,0.6,3411,1.0,1.0,1.0,0
83,0.9995837871411084,0.999300892072631,0.9993724684001931,GMM estimator,0.5,0.6,3411,1.0,1.0,1.0,0
84,1.0003750488325673,1.0002073627469226,1.0002816062683226,GMM estimator,0.5,0.6,3411,1.0,1.0,1.0,0
85,1.0009295921786923,1.0008539352031818,1.000220949004085,GMM estimator,0.5,0.6,3411,1.0,1.0,1.0,0
86,0.9996748013883047,0.9976545491351018,0.9982806160031328,GMM estimator,0.5,0.6,3411,1.0,1.0,1.0,0
87,1.0001001105389817,0.9972874665341458,0.9999372018008619,GMM estimator,0.5,0.6,3411,1.0,1.0,1.0,0
88,1.0001569824613326,1.000206045247309,1.0008049778646104,GMM estimator,0.5,0.6,3411,1.0,1.0,1.0,0
89,0.9995287893589451,1.0004820254065583,1.0007511599077379,GMM estimator,0.5,0.6,3411,1.0,1.0,1.0,0
90,1.0006479605283038,1.0010249406764982,1.0004598351865213,GMM estimator,0.5,0.6,3411,1.0,1.0,1.0,0
91,1.0003661319784904,1.0032115362373508,1.0007292663540828,GMM estimator,0.5,0.6,3411,1.0,1.0,1.0,0
92,0.9994433745881259,1.0004738405377807,0.9995357278777994,GMM estimator,0.5,0.6,3411,1.0,1.0,1.0,0
93,0.999712485438965,0.9983039224476028,0.9997622776278487,GMM estimator,0.5,0.6,3411,1.0,1.0,1.0,0
94,0.9989468502694864,0.997386796181888,0.9974324171820728,GMM estimator,0.5,0.6,3411,1.0,1.0,1.0,0
95,0.9997520694114099,1.0013793775130952,1.000342176136602,GMM estimator,0.5,0.6,3411,1.0,1.0,1.0,0
96,0.99959610746748,0.9986187742706503,0.9992144877880973,GMM estimator,0.5,0.6,3411,1.0,1.0,1.0,0
97,0.99976243082694,1.000854438737724,0.9985287897868217,GMM estimator,0.5,0.6,3411,1.0,1.0,1.0,0
98,0.9992345841294819,1.0019004510898109,1.000714392912042,GMM estimator,0.5,0.6,3411,1.0,1.0,1.0,0
99,0.9995080650365027,0.9995711637218246,0.9994192892743976,GMM estimator,0.5,0.6,3411,1.0,1.0,1.0,0
100,1.00052223572511,1.000632259660521,1.000358220408439,GMM estimator,0.5,0.6,3411,1.0,1.0,1.0,0
1,1.000256162614852,0.999138982732105,1.0005262251468816,Three-step,0.75,0.6,3411,1.0,1.0,1.0,0
2,1.0001100424102558,1.001767998880377,1.0018165885444357,Three-step,0.75,0.6,3411,1.0,1.0,1.0,0
3,0.9994498783569676,1.0024872305298806,1.001693027681202,Three-step,0.75,0.6,3411,1.0,1.0,1.0,0
4,1.0008056773521155,0.9982490926420506,1.0002085516955934,Three-step,0.75,0.6,3411,1.0,1.0,1.0,0
5,1.001431334061776,0.9998346888472943,1.0004924501440853,Three-step,0.75,0.6,3411,1.0,1.0,1.0,0
6,1.0002856153610196,0.9989640789967106,1.001021879445227,Three-step,0.75,0.6,3411,1.0,1.0,1.0,0
7,0.9997597970259744,1.0008019783802748,1.0010464175492968,Three-step,0.75,0.6,3411,1.0,1.0,1.0,0
8,1.0003067947906128,0.9982831552911751,1.0000329745155063,Three-step,0.75,0.6,3411,1.0,1.0,1.0,0
9,0.9992269223423026,0.9998904564866795,1.001082427766266,Three-step,0.75,0.6,3411,1.0,1.0,1.0,0
10,1.0007650081580688,0.999562056377766,0.9987826360523845,Three-step,0.75,0.6,3411,1.0,1.0,1.0,0
11,0.999506356468018,1.0010100930009864,1.0013863311113926,Three-step,0.75,0.6,3411,1.0,1.0,1.0,0
12,0.9998444521266989,0.9994416498055814,1.0014714948130055,Three-step,0.75,0.6,3411,1.0,1.0,1.0,0
13,0.9997990946988581,0.9995227280407579,0.9997347535207816,Three-step,0.75,0.6,3411,1.0,1.0,1.0,0
14,0.9997243272463192,1.0010045023122638,1.0015694953828063,Three-step,0.75,0.6,3411,1.0,1.0,1.0,0
15,1.0000291137956494,0.9981243684573224,0.9985331184750074,Three-step,0.75,0.6,3411,1.0,1.0,1.0,0
16,1.0007139433013783,1.0020144875034696,1.0010888552588602,Three-step,0.75,0.6,3411,1.0,1.0,1.0,0
17,0.9997889366060747,0.9988650443944804,0.999788420228924,Three-step,0.75,0.6,3411,1.0,1.0,1.0,0
18,0.9996267691813525,0.9993120569905931,0.9991512926354675,Three-step,0.75,0.6,3411,1.0,1.0,1.0,0
19,0.9999133704074555,1.0023952936382916,1.0034380579715096,Three-step,0.75,0.6,3411,1.0,1.0,1.0,0
20,0.9998329946948115,0.9993918670959863,0.9996812733891172,Three-step,0.75,0.6,3411,1.0,1.0,1.0,0
21,0.9993910094304173,1.0003499663661464,1.0013897248933858,Three-step,0.75,0.6,3411,1.0,1.0,1.0,0
22,0.9998466607770834,0.9996614520072441,1.0003231841808675,Three-step,0.75,0.6,3411,1.0,1.0,1.0,0
23,0.999204388405207,1.0014214362476388,1.0006450682707835,Three-step,0.75,0.6,3411,1.0,1.0,1.0,0
24,1.0003110192121358,1.001223385585416,1.0026861557570246,Three-step,0.75,0.6,3411,1.0,1.0,1.0,0
25,0.999270008205266,0.9975263275123181,0.9972184693117407,Three-step,0.75,0.6,3411,1.0,1.0,1.0,0
26,0.9996006364670661,1.0011402753084322,0.999057656098485,Three-step,0.75,0.6,3411,1.0,1.0,1.0,0
27,0.9990899030238279,1.000635507257606,1.0003614954798905,Three-step,0.75,0.6,3411,1.0,1.0,1.0,0
28,0.9993133485424326,1.0006644753113434,1.0012743139618518,Three-step,0.75,0.6,3411,1.0,1.0,1.0,0
29,0.9994906088349699,0.9998068955746443,0.9994228940378301,Three-step,0.75,0.6,3411,1.0,1.0,1.0,0
30,0.9988788264930578,1.0001289869544108,1.0001561979909335,Three-step,0.75,0.6,3411,1.0,1.0,1.0,0
31,0.9996635750622703,0.9996452044037784,1.0002033163522484,Three-step,0.75,0.6,3411,1.0,1.0,1.0,0
32,0.999974828569118,1.0002723887355494,1.0017783232047397,Three-step,0.75,0.6,3411,1.0,1.0,1.0,0
33,0.9995961997317285,1.0025396875634556,1.001858940864785,Three-step,0.75,0.6,3411,1.0,1.0,1.0,0
34,1.0007794924026727,1.0007303438602348,1.000844217237551,Three-step,0.75,0.6,3411,1.0,1.0,1.0,0
35,1.000391730379957,1.0012856056991333,0.9997872629589194,Three-step,0.75,0.6,3411,1.0,1.0,1.0,0
36,0.9997398995880611,0.9994863403994374,0.9994921988435645,Three-step,0.75,0.6,3411,1.0,1.0,1.0,0
37,1.0002541106241714,1.000655541312901,1.0000843489969424,Three-step,0.75,0.6,3411,1.0,1.0,1.0,0
38,1.000243254205316,1.0013711166881845,1.0026053025051835,Three-step,0.75,0.6,3411,1.0,1.0,1.0,0
39,1.0002331144864287,1.0010083266196994,1.0015013245540978,Three-step,0.75,0.6,3411,1.0,1.0,1.0,0
40,0.999723645343638,0.9978422624545968,0.9984754457406287,Three-step,0.75,0.6,3411,1.0,1.0,1.0,0
41,1.0007415485883568,1.0010220754547812,1.0022123530287048,Three-step,0.75,0.6,3411,1.0,1.0,1.0,0
42,0.9997614309916134,1.00006230202477,1.0003745926200394,Three-step,0.75,0.6,3411,1.0,1.0,1.0,0
43,0.9991075522063453,0.9990086709385941,1.0013939460945216,Three-step,0.75,0.6,3411,1.0,1.0,1.0,0
44,1.0006730270542605,1.0011447693874387,1.0015560390337315,Three-step,0.75,0.6,3411,1.0,1.0,1.0,0
45,1.000876144625555,1.0012745786281645,1.0002477771592564,Three-step,0.75,0.6,3411,1.0,1.0,1.0,0
46,0.999836019204313,1.0017691983060564,1.0036430753446208,Three-step,0.75,0.6,3411,1.0,1.0,1.0,0
47,1.0011744859539253,1.002513656903605,1.0010232266947952,Three-step,0.75,0.6,3411,1.0,1.0,1.0,0
48,1.0003508072933054,0.9994501082851115,1.0002844898626835,Three-step,0.75,0.6,3411,1.0,1.0,1.0,0
49,0.999674239507459,0.999987452584225,0.9994702034875795,Three-step,0.75,0.6,3411,1.0,1.0,1.0,0
50,0.9995633228877268,1.0009234841541739,1.0021621805307872,Three-step,0.75,0.6,3411,1.0,1.0,1.0,0
51,1.000043949811665,1.0009647041632765,1.0021472285705884,Three-step,0.75,0.6,3411,1.0,1.0,1.0,0
52,1.0011424317395496,1.0002846445559035,0.9979195873262534,Three-step,0.75,0.6,3411,1.0,1.0,1.0,0
53,1.0006195390042045,0.9976122929041328,0.9995543180353793,Three-step,0.75,0.6,3411,1.0,1.0,1.0,0
54,0.9998227759129384,0.9990047816643531,0.998345626376047,Three-step,0.75,0.6,3411,1.0,1.0,1.0,0
55,1.0004362945335152,1.000618661546917,0.9993821885623595,Three-step,0.75,0.6,3411,1.0,1.0,1.0,0
56,1.0002376464295963,1.0006956984467825,1.0000870288443233,Three-step,0.75,0.6,3411,1.0,1.0,1.0,0
57,1.0007427425461248,0.9995382122687795,0.9996460510342993,Three-step,0.75,0.6,3411,1.0,1.0,1.0,0
58,0.9994347525233596,0.9991468932760064,0.9997671430577268,Three-step,0.75,0.6,3411,1.0,1.0,1.0,0
59,0.9994053225766296,0.9996938225517338,1.0000821134520985,Three-step,0.75,0.6,3411,1.0,1.0,1.0,0
60,1.0007585660214138,1.0011760865036792,1.0012316181098162,Three-step,0.75,0.6,3411,1.0,1.0,1.0,0
61,0.9999739209048929,0.9986679377148286,0.9989622142133048,Three-step,0.75,0.6,3411,1.0,1.0,1.0,0
62,1.0008597722152643,1.001173134779684,0.9982639266931009,Three-step,0.75,0.6,3411,1.0,1.0,1.0,0
63,1.0001623107612632,1.0004070033847219,1.002149672139234,Three-step,0.75,0.6,3411,1.0,1.0,1.0,0
64,0.9995178132311422,0.9990433912881278,1.000242914031875,Three-step,0.75,0.6,3411,1.0,1.0,1.0,0
65,0.9994551594271106,1.0007572281018926,0.9998057769775877,Three-step,0.75,0.6,3411,1.0,1.0,1.0,0
66,0.9995997706262094,0.9976481637400317,0.9985290908299722,Three-step,0.75,0.6,3411,1.0,1.0,1.0,0
67,0.9999845637051062,0.9981762884008613,0.9980894102651435,Three-step,0.75,0.6,3411,1.0,1.0,1.0,0
68,1.0003534816008883,1.001059728316002,1.0002792501883175,Three-step,0.75,0.6,3411,1.0,1.0,1.0,0
69,0.9985058690713229,0.9971128420483326,0.9988651297164104,Three-step,0.75,0.6,3411,1.0,1.0,1.0,0
70,1.0002272359418114,0.9992964420293913,1.0007378573617305,Three-step,0.75,0.6,3411,1.0,1.0,1.0,0
71,1.0009123751183358,1.0008692832688968,1.0005287642305967,Three-step,0.75,0.6,3411,1.0,1.0,1.0,0
72,0.9995074204796107,0.9987723365480117,0.9987465390516694,Three-step,0.75,0.6,3411,1.0,1.0,1.0,0
73,0.9992668295876441,0.9978929483498036,0.9975792854980166,Three-step,0.75,0.6,3411,1.0,1.0,1.0,0
74,1.0010569101485645,1.0010583103800546,0.9990896355747794,Three-step,0.75,0.6,3411,1.0,1.0,1.0,0
75,1.0000974361834176,1.0009473287091912,0.9985689137658602,Three-step,0.75,0.6,3411,1.0,1.0,1.0,0
76,1.0004503494086625,1.000049461080534,1.0004969688390155,Three-step,0.75,0.6,3411,1.0,1.0,1.0,0
77,0.9997075544193633,0.9993322217011332,0.9993480422927131,Three-step,0.75,0.6,3411,1.0,1.0,1.0,0
78,1.000395263879844,1.0036495913831418,0.9998397404180128,Three-step,0.75,0.6,3411,1.0,1.0,1.0,0
79,0.9999179593486037,0.9990113608645428,0.9985994291593517,Three-step,0.75,0.6,3411,1.0,1.0,1.0,0
80,0.9991849590263794,0.9977482919518227,0.997759598763938,Three-step,0.75,0.6,3411,1.0,1.0,1.0,0
81,0.9994147027681094,0.9988658599147897,1.0002494080821673,Three-step,0.75,0.6,3411,1.0,1.0,1.0,0
82,0.999877435113498,1.0020053612242201,1.0009361959662486,Three-step,0.75,0.6,3411,1.0,1.0,1.0,0
83,0.9995920638272376,0.9979492328264008,0.9983153997717619,Three-step,0.75,0.6,3411,1.0,1.0,1.0,0
84,1.0004747337259494,1.0003567779845777,0.999829473580243,Three-step,0.75,0.6,3411,1.0,1.0,1.0,0
85,1.0008801300016439,1.001044826102323,1.001414607382526,Three-step,0.75,0.6,3411,1.0,1.0,1.0,0
86,0.9995879485693848,0.9969432128951252,0.9988420871228708,Three-step,0.75,0.6,3411,1.0,1.0,1.0,0
87,0.9999716907757812,0.999630734690754,0.9983692366984572,Three-step,0.75,0.6,3411,1.0,1.0,1.0,0
88,0.9999135104146333,1.0018042328952341,1.0013282644379733,Three-step,0.75,0.6,3411,1.0,1.0,1.0,0
89,0.9998341925638987,0.9985774723214804,1.0012593465574777,Three-step,0.75,0.6,3411,1.0,1.0,1.0,0
90,1.0005696977337513,0.9999939016388648,0.9993186254880272,Three-step,0.75,0.6,3411,1.0,1.0,1.0,0
91,1.0003605568008485,1.000004377561677,1.0016522455503574,Three-step,0.75,0.6,3411,1.0,1.0,1.0,0
92,0.9997133285089054,0.9995477252955546,0.9996377177337579,Three-step,0.75,0.6,3411,1.0,1.0,1.0,0
93,0.9999475072318765,0.998079392879501,0.9985221451853978,Three-step,0.75,0.6,3411,1.0,1.0,1.0,0
94,0.9989409097476329,0.998491505005204,0.9979581661606606,Three-step,0.75,0.6,3411,1.0,1.0,1.0,0
95,0.9999308339649574,1.000542582438813,1.0023881683297884,Three-step,0.75,0.6,3411,1.0,1.0,1.0,0
96,0.9995336334345408,0.9989711094915736,0.9986913424561139,Three-step,0.75,0.6,3411,1.0,1.0,1.0,0
97,0.9995534046412349,0.9998928602286627,1.0006479496855625,Three-step,0.75,0.6,3411,1.0,1.0,1.0,0
98,0.9996729882561971,1.0002932400552778,1.0007787236513974,Three-step,0.75,0.6,3411,1.0,1.0,1.0,0
99,0.999742358447063,0.9989915560362839,0.9998290847333959,Three-step,0.75,0.6,3411,1.0,1.0,1.0,0
100,1.000336659109166,1.0008049038928177,1.0010376655708908,Three-step,0.75,0.6,3411,1.0,1.0,1.0,0
1,1.0009522042478871,0.9999435813267242,1.0005262251468814,Robins' estimator,0.75,0.6,3411,1.0,1.0,1.0,0
2,1.0008315895534927,1.0009284725812146,1.001816588544436,Robins' estimator,0.75,0.6,3411,1.0,1.0,1.0,0
3,1.0001053403824982,1.0021641978085376,1.001693027681202,Robins' estimator,0.75,0.6,3411,1.0,1.0,1.0,0
4,1.0000843811242415,0.9993135050180824,1.0002085516955936,Robins' estimator,0.75,0.6,3411,1.0,1.0,1.0,0
5,1.0009002711858912,1.0002159502441594,1.0004924501440853,Robins' estimator,0.75,0.6,3411,1.0,1.0,1.0,0
6,1.000088001230845,1.0000137327134928,1.001021879445227,Robins' estimator,0.75,0.6,3411,1.0,1.0,1.0,0
7,1.000431405434676,1.0003965454655526,1.001046417549297,Robins' estimator,0.75,0.6,3411,1.0,1.0,1.0,0
8,0.9999387450886478,0.9992906511665373,1.0000329745155065,Robins' estimator,0.75,0.6,3411,1.0,1.0,1.0,0
9,1.000430765701186,1.000941241116644,1.001082427766266,Robins' estimator,0.75,0.6,3411,1.0,1.0,1.0,0
10,1.0000181092669032,0.9997682381523236,0.9987826360523843,Robins' estimator,0.75,0.6,3411,1.0,1.0,1.0,0
11,1.0002489875945098,1.0007403926986291,1.0013863311113926,Robins' estimator,0.75,0.6,3411,1.0,1.0,1.0,0
12,1.0004960722958147,0.9993228362480178,1.0014714948130057,Robins' estimator,0.75,0.6,3411,1.0,1.0,1.0,0
13,0.9995382429028525,1.0004771353473845,0.9997347535207817,Robins' estimator,0.75,0.6,3411,1.0,1.0,1.0,0
14,1.0005312575279814,1.0011388325337518,1.0015694953828063,Robins' estimator,0.75,0.6,3411,1.0,1.0,1.0,0
15,0.9996985019396151,0.9987087730853644,0.9985331184750075,Robins' estimator,0.75,0.6,3411,1.0,1.0,1.0,0
16,1.000843384113237,1.000842730327485,1.0010888552588604,Robins' estimator,0.75,0.6,3411,1.0,1.0,1.0,0
17,0.9999792844821574,0.9986756067315558,0.999788420228924,Robins' estimator,0.75,0.6,3411,1.0,1.0,1.0,0
18,0.999792251411879,0.9996745670580091,0.9991512926354674,Robins' estimator,0.75,0.6,3411,1.0,1.0,1.0,0
19,1.0020309075255778,1.002536377857418,1.0034380579715096,Robins' estimator,0.75,0.6,3411,1.0,1.0,1.0,0
20,0.9993709707224523,0.9997604739195953,0.999681273389117,Robins' estimator,0.75,0.6,3411,1.0,1.0,1.0,0
21,1.0011641509269067,1.0014720360550915,1.0013897248933858,Robins' estimator,0.75,0.6,3411,1.0,1.0,1.0,0
22,0.9997090569286975,0.9998831355816785,1.0003231841808675,Robins' estimator,0.75,0.6,3411,1.0,1.0,1.0,0
23,1.0001916734240663,1.0012853524443623,1.0006450682707833,Robins' estimator,0.75,0.6,3411,1.0,1.0,1.0,0
24,1.002025001504687,1.0015656305348086,1.0026861557570248,Robins' estimator,0.75,0.6,3411,1.0,1.0,1.0,0
25,0.9983487563960608,0.9986212415320234,0.9972184693117405,Robins' estimator,0.75,0.6,3411,1.0,1.0,1.0,0
26,0.9992089152780087,0.9996426361623271,0.9990576560984847,Robins' estimator,0.75,0.6,3411,1.0,1.0,1.0,0
27,0.9999376339747746,0.9998993371857214,1.0003614954798905,Robins' estimator,0.75,0.6,3411,1.0,1.0,1.0,0
28,1.0002363040315108,1.0008430994852116,1.001274313961852,Robins' estimator,0.75,0.6,3411,1.0,1.0,1.0,0
29,0.9997558221680857,0.9998717756267986,0.99942289403783,Robins' estimator,0.75,0.6,3411,1.0,1.0,1.0,0
30,0.9999325140641814,0.9990886858449203,1.0001561979909335,Robins' estimator,0.75,0.6,3411,1.0,1.0,1.0,0
31,1.0005126997942784,0.9989014683136967,1.0002033163522481,Robins' estimator,0.75,0.6,3411,1.0,1.0,1.0,0
32,1.001009979280297,1.0003393573348232,1.0017783232047395,Robins' estimator,0.75,0.6,3411,1.0,1.0,1.0,0
33,1.000998195951652,1.001550770507178,1.001858940864785,Robins' estimator,0.75,0.6,3411,1.0,1.0,1.0,0
34,1.0005449432885882,1.0006634290357301,1.0008442172375507,Robins' estimator,0.75,0.6,3411,1.0,1.0,1.0,0
35,0.999681144199273,1.000831958806667,0.9997872629589194,Robins' estimator,0.75,0.6,3411,1.0,1.0,1.0,0
36,1.0000766137561612,0.9997170272571931,0.9994921988435645,Robins' estimator,0.75,0.6,3411,1.0,1.0,1.0,0
37,0.9993773494168703,1.0009807105144102,1.0000843489969427,Robins' estimator,0.75,0.6,3411,1.0,1.0,1.0,0
38,1.0013156269980288,1.0012558703185326,1.0026053025051835,Robins' estimator,0.75,0.6,3411,1.0,1.0,1.0,0
39,1.000941444267813,1.001502555897977,1.0015013245540978,Robins' estimator,0.75,0.6,3411,1.0,1.0,1.0,0
40,0.9986959490619741,0.9985615313054106,0.9984754457406286,Robins' estimator,0.75,0.6,3411,1.0,1.0,1.0,0
41,1.0021179888305454,1.0004578993171573,1.0022123530287048,Robins' estimator,0.75,0.6,3411,1.0,1.0,1.0,0
42,1.0005829468031684,1.0000858434335274,1.0003745926200394,Robins' estimator,0.75,0.6,3411,1.0,1.0,1.0,0
43,1.0006199168297756,1.000720383231373,1.0013939460945214,Robins' estimator,0.75,0.6,3411,1.0,1.0,1.0,0
44,1.0009715984331315,1.0011657216075933,1.0015560390337315,Robins' estimator,0.75,0.6,3411,1.0,1.0,1.0,0
45,1.0004389571805712,1.0005050592132128,1.0002477771592564,Robins' estimator,0.75,0.6,3411,1.0,1.0,1.0,0
46,1.0022128069921983,1.0019814607165531,1.0036430753446206,Robins' estimator,0.75,0.6,3411,1.0,1.0,1.0,0
47,1.0003039974569843,1.0021098507653565,1.0010232266947952,Robins' estimator,0.75,0.6,3411,1.0,1.0,1.0,0
48,1.000603652690632,1.0000811872008153,1.0002844898626835,Robins' estimator,0.75,0.6,3411,1.0,1.0,1.0,0
49,0.9994147204050398,0.9999424272444711,0.9994702034875795,Robins' estimator,0.75,0.6,3411,1.0,1.0,1.0,0
50,1.0013601603591369,1.001211330623647,1.0021621805307874,Robins' estimator,0.75,0.6,3411,1.0,1.0,1.0,0
51,1.0011464427535834,1.0019753224471049,1.0021472285705884,Robins' estimator,0.75,0.6,3411,1.0,1.0,1.0,0
52,0.9990209036932417,1.0015292649301477,0.9979195873262534,Robins' estimator,0.75,0.6,3411,1.0,1.0,1.0,0
53,1.0009370327104254,0.9988237164532545,0.9995543180353793,Robins' estimator,0.75,0.6,3411,1.0,1.0,1.0,0
54,0.9988071881974123,0.9986039551774315,0.998345626376047,Robins' estimator,0.75,0.6,3411,1.0,1.0,1.0,0
55,1.0003305035720054,1.0000708598654238,0.9993821885623596,Robins' estimator,0.75,0.6,3411,1.0,1.0,1.0,0
56,0.9996706380168361,1.001383754031844,1.0000870288443233,Robins' estimator,0.75,0.6,3411,1.0,1.0,1.0,0
57,0.9994399587841852,1.0005975595879788,0.9996460510342992,Robins' estimator,0.75,0.6,3411,1.0,1.0,1.0,0
58,0.9997324682077394,0.9996823716371438,0.9997671430577268,Robins' estimator,0.75,0.6,3411,1.0,1.0,1.0,0
59,1.0006363662167659,0.9991752840030851,1.0000821134520983,Robins' estimator,0.75,0.6,3411,1.0,1.0,1.0,0
60,1.0010086019132054,1.0012962025791976,1.0012316181098162,Robins' estimator,0.75,0.6,3411,1.0,1.0,1.0,0
61,0.9993470639027271,0.9986373215010819,0.9989622142133047,Robins' estimator,0.75,0.6,3411,1.0,1.0,1.0,0
62,1.0002114385441492,1.000101589904469,0.9982639266931008,Robins' estimator,0.75,0.6,3411,1.0,1.0,1.0,0
63,1.0010253767571735,1.0017380642386142,1.0021496721392342,Robins' estimator,0.75,0.6,3411,1.0,1.0,1.0,0
64,0.9994882698781122,0.9999544125408901,1.000242914031875,Robins' estimator,0.75,0.6,3411,1.0,1.0,1.0,0
65,0.9999250079264138,1.0005907369366165,0.9998057769775875,Robins' estimator,0.75,0.6,3411,1.0,1.0,1.0,0
66,0.9993236526305467,0.9983499606830484,0.9985290908299721,Robins' estimator,0.75,0.6,3411,1.0,1.0,1.0,0
67,0.9989676454553205,0.9993540084211926,0.9980894102651436,Robins' estimator,0.75,0.6,3411,1.0,1.0,1.0,0
68,0.9998208980904433,1.001259471554937,1.0002792501883173,Robins' estimator,0.75,0.6,3411,1.0,1.0,1.0,0
69,0.9992210349068803,0.9979794689901459,0.9988651297164105,Robins' estimator,0.75,0.6,3411,1.0,1.0,1.0,0
70,1.0009305994693198,1.0001385087025256,1.0007378573617305,Robins' estimator,0.75,0.6,3411,1.0,1.0,1.0,0
71,1.0006047909036149,1.000533681718813,1.0005287642305967,Robins' estimator,0.75,0.6,3411,1.0,1.0,1.0,0
72,0.9980814199286425,0.9995916051430737,0.9987465390516693,Robins' estimator,0.75,0.6,3411,1.0,1.0,1.0,0
73,0.9982570253059742,0.9984511122960248,0.9975792854980166,Robins' estimator,0.75,0.6,3411,1.0,1.0,1.0,0
74,0.9995588192341442,1.0002106478914956,0.9990896355747791,Robins' estimator,0.75,0.6,3411,1.0,1.0,1.0,0
75,0.9985347967649538,0.9999196360199178,0.9985689137658601,Robins' estimator,0.75,0.6,3411,1.0,1.0,1.0,0
76,1.0011660039690058,1.0001468999435792,1.0004969688390155,Robins' estimator,0.75,0.6,3411,1.0,1.0,1.0,0
77,0.9999681050911795,0.9994956761117194,0.9993480422927129,Robins' estimator,0.75,0.6,3411,1.0,1.0,1.0,0
78,0.9999048269614473,1.0022023971896004,0.9998397404180128,Robins' estimator,0.75,0.6,3411,1.0,1.0,1.0,0
79,0.9988198422654064,0.9992961345009372,0.9985994291593517,Robins' estimator,0.75,0.6,3411,1.0,1.0,1.0,0
80,0.9984686937467954,0.998731220871532,0.997759598763938,Robins' estimator,0.75,0.6,3411,1.0,1.0,1.0,0
81,1.0001311466488152,0.9994395300250455,1.0002494080821673,Robins' estimator,0.75,0.6,3411,1.0,1.0,1.0,0
82,1.0003799673884195,1.001526815974898,1.0009361959662488,Robins' estimator,0.75,0.6,3411,1.0,1.0,1.0,0
83,0.9991360053135887,0.9988434907957661,0.9983153997717619,Robins' estimator,0.75,0.6,3411,1.0,1.0,1.0,0
84,1.0006342751004682,1.0004218182670803,0.999829473580243,Robins' estimator,0.75,0.6,3411,1.0,1.0,1.0,0
85,1.0007454227419064,1.0007591730770617,1.001414607382526,Robins' estimator,0.75,0.6,3411,1.0,1.0,1.0,0
86,0.9995487712400071,0.9980311249786588,0.998842087122871,Robins' estimator,0.75,0.6,3411,1.0,1.0,1.0,0
87,0.9995672168248614,0.9989591806797735,0.9983692366984573,Robins' estimator,0.75,0.6,3411,1.0,1.0,1.0,0
88,1.0007589262626486,1.0011008708306242,1.0013282644379735,Robins' estimator,0.75,0.6,3411,1.0,1.0,1.0,0
89,1.0012774198040502,0.9995178855032671,1.0012593465574777,Robins' estimator,0.75,0.6,3411,1.0,1.0,1.0,0
90,0.9998289729345352,0.9998983349394935,0.9993186254880274,Robins' estimator,0.75,0.6,3411,1.0,1.0,1.0,0
91,1.0008389749091517,1.0006636049094826,1.0016522455503571,Robins' estimator,0.75,0.6,3411,1.0,1.0,1.0,0
92,0.9994560650873304,1.0004987126296745,0.9996377177337578,Robins' estimator,0.75,0.6,3411,1.0,1.0,1.0,0
93,0.9999352911746967,0.9986373122642922,0.9985221451853977,Robins' estimator,0.75,0.6,3411,1.0,1.0,1.0,0
94,0.9988554360128767,0.9987044953545698,0.9979581661606607,Robins' estimator,0.75,0.6,3411,1.0,1.0,1.0,0
95,1.0012798423656248,1.0006770216814183,1.0023881683297882,Robins' estimator,0.75,0.6,3411,1.0,1.0,1.0,0
96,0.9993257775788564,0.9995718692087606,0.9986913424561139,Robins' estimator,0.75,0.6,3411,1.0,1.0,1.0,0
97,0.9999940801010292,1.0003580977763074,1.0006479496855627,Robins' estimator,0.75,0.6,3411,1.0,1.0,1.0,0
98,1.0006071521075446,1.0005385891492107,1.0007787236513974,Robins' estimator,0.75,0.6,3411,1.0,1.0,1.0,0
99,1.0002060498066399,0.9989453489857901,0.9998290847333958,Robins' estimator,0.75,0.6,3411,1.0,1.0,1.0,0
100,1.000181918999115,1.0008448862620711,1.0010376655708908,Robins' estimator,0.75,0.6,3411,1.0,1.0,1.0,0
1,1.0004299313340221,0.9995690307477774,0.9996853657267581,GMM estimator,0.75,0.6,3411,1.0,1.0,1.0,0
2,1.000174865249792,1.0004733275888862,1.0007452184855545,GMM estimator,0.75,0.6,3411,1.0,1.0,1.0,0
3,0.9996415124023864,1.0020274180150743,1.0010644495057308,GMM estimator,0.75,0.6,3411,1.0,1.0,1.0,0
4,1.0006692575605487,0.9997679477830353,1.0012608402582763,GMM estimator,0.75,0.6,3411,1.0,1.0,1.0,0
5,1.0012542104313116,1.000357969385269,1.0010607668929772,GMM estimator,0.75,0.6,3411,1.0,1.0,1.0,0
6,1.0003024192917873,1.0002699472788423,1.0015257706789205,GMM estimator,0.75,0.6,3411,1.0,1.0,1.0,0
7,1.0000009803005958,1.0001948158334744,1.000387508374204,GMM estimator,0.75,0.6,3411,1.0,1.0,1.0,0
8,1.0002142738363422,0.9995212669331991,1.0004567862680038,GMM estimator,0.75,0.6,3411,1.0,1.0,1.0,0
9,0.999905581514063,1.000784515153204,1.0003889000273274,GMM estimator,0.75,0.6,3411,1.0,1.0,1.0,0
10,1.0006212344925944,0.9999895127756181,0.9996814113610584,GMM estimator,0.75,0.6,3411,1.0,1.0,1.0,0
11,0.9998224615144913,1.0004193454232126,1.0005246176402327,GMM estimator,0.75,0.6,3411,1.0,1.0,1.0,0
12,1.000096320829559,0.999122832087483,1.0008168514767137,GMM estimator,0.75,0.6,3411,1.0,1.0,1.0,0
13,0.9998090041377048,1.000685042215787,1.000212008747942,GMM estimator,0.75,0.6,3411,1.0,1.0,1.0,0
14,0.9999431217394296,1.00099932046593,1.0007934988387601,GMM estimator,0.75,0.6,3411,1.0,1.0,1.0,0
15,0.9999909581888384,0.9988012098768956,0.9988621165171727,GMM estimator,0.75,0.6,3411,1.0,1.0,1.0,0
16,1.000610858985097,1.0005580129724796,1.00061315844524,GMM estimator,0.75,0.6,3411,1.0,1.0,1.0,0
17,0.9998062913809246,0.9985809697152483,0.9995239568403229,GMM estimator,0.75,0.6,3411,1.0,1.0,1.0,0
18,0.9997672279793566,0.9997161700993571,0.9991086039465744,GMM estimator,0.75,0.6,3411,1.0,1.0,1.0,0
19,1.0002427789658341,1.0013600688546007,1.000862240549055,GMM estimator,0.75,0.6,3411,1.0,1.0,1.0,0
20,0.9996810277981948,0.9998638459054827,1.0001023452207067,GMM estimator,0.75,0.6,3411,1.0,1.0,1.0,0
21,0.999978638925691,1.001139079231567,1.0000204083872943,GMM estimator,0.75,0.6,3411,1.0,1.0,1.0,0
22,0.9998347611926646,1.0000358407187928,1.0005680545007185,GMM estimator,0.75,0.6,3411,1.0,1.0,1.0,0
23,0.9995071408472392,1.0008565112733265,0.9996071081930282,GMM estimator,0.75,0.6,3411,1.0,1.0,1.0,0
24,1.0008061150242304,1.0009109348640555,1.0009386081679286,GMM estimator,0.75,0.6,3411,1.0,1.0,1.0,0
25,0.9991443784112409,0.9992177035512356,0.9985226527410964,GMM estimator,0.75,0.6,3411,1.0,1.0,1.0,0
26,0.9992793793836281,0.999605380941191,0.999093705091237,GMM estimator,0.75,0.6,3411,1.0,1.0,1.0,0
27,0.9992543588709671,0.9995047699475283,0.9992981839248228,GMM estimator,0.75,0.6,3411,1.0,1.0,1.0,0
28,0.9996420411651864,1.0005643697927638,1.000316057990137,GMM estimator,0.75,0.6,3411,1.0,1.0,1.0,0
29,0.9996039398857746,0.9997675020445355,0.9991648528130079,GMM estimator,0.75,0.6,3411,1.0,1.0,1.0,0
30,0.9990676360600746,0.9984498943271367,0.9988346535410045,GMM estimator,0.75,0.6,3411,1.0,1.0,1.0,0
31,1.000006217269243,0.9985779837546565,0.9995571001488334,GMM estimator,0.75,0.6,3411,1.0,1.0,1.0,0
32,1.0001376846586008,0.9997893435124527,1.0004067548227797,GMM estimator,0.75,0.6,3411,1.0,1.0,1.0,0
33,1.000005823022756,1.0012504578436745,1.0004420846075404,GMM estimator,0.75,0.6,3411,1.0,1.0,1.0,0
34,1.0006843789328221,1.0007358944457672,1.0010520087565802,GMM estimator,0.75,0.6,3411,1.0,1.0,1.0,0
35,1.0001220028875406,1.0011481976162517,1.0005099987875887,GMM estimator,0.75,0.6,3411,1.0,1.0,1.0,0
36,0.9998486000239019,0.9996274187012311,0.9992001241721993,GMM estimator,0.75,0.6,3411,1.0,1.0,1.0,0
37,1.0000222117221904,1.0014350976908042,1.00109528120685,GMM estimator,0.75,0.6,3411,1.0,1.0,1.0,0
38,1.0004996881344446,1.0009605484865054,1.0013926991490716,GMM estimator,0.75,0.6,3411,1.0,1.0,1.0,0
39,1.0003579712461252,1.0014203213852506,1.000743027464746,GMM estimator,0.75,0.6,3411,1.0,1.0,1.0,0
40,0.9995957633044102,0.9991996780868146,0.9996506910863672,GMM estimator,0.75,0.6,3411,1.0,1.0,1.0,0
41,1.0010545891824174,0.9998091518044039,1.0006717406164656,GMM estimator,0.75,0.6,3411,1.0,1.0,1.0,0
42,1.0000221047333016,0.9998928906750906,0.9995817832889321,GMM estimator,0.75,0.6,3411,1.0,1.0,1.0,0
43,0.9997407682559456,1.000543930213928,1.0001435628689928,GMM estimator,0.75,0.6,3411,1.0,1.0,1.0,0
44,1.0007320992813622,1.001014793762541,1.001180339602552,GMM estimator,0.75,0.6,3411,1.0,1.0,1.0,0
45,1.000706864879664,1.0004991315104783,1.0005567165153795,GMM estimator,0.75,0.6,3411,1.0,1.0,1.0,0
46,1.0002666793941104,1.001722742703995,1.0015138979284588,GMM estimator,0.75,0.6,3411,1.0,1.0,1.0,0
47,1.0008708216304294,1.0021011913472608,1.001664053116714,GMM estimator,0.75,0.6,3411,1.0,1.0,1.0,0
48,1.0004499714111685,1.000034285619967,1.0001216933956365,GMM estimator,0.75,0.6,3411,1.0,1.0,1.0,0
49,0.9996074425411582,1.0000562419469814,0.999765274878649,GMM estimator,0.75,0.6,3411,1.0,1.0,1.0,0
50,0.9999528621924582,1.0000694489838553,0.9997601011801829,GMM estimator,0.75,0.6,3411,1.0,1.0,1.0,0
51,1.0004565019198375,1.0014284517246643,1.0011052582841713,GMM estimator,0.75,0.6,3411,1.0,1.0,1.0,0
52,1.0006939505961696,1.0023419488263103,1.0002818891335141,GMM estimator,0.75,0.6,3411,1.0,1.0,1.0,0
53,1.0008563226039604,0.9993102321252376,0.999773260337355,GMM estimator,0.75,0.6,3411,1.0,1.0,1.0,0
54,0.9994676476123668,0.9988111979690444,0.9992408707789424,GMM estimator,0.75,0.6,3411,1.0,1.0,1.0,0
55,1.0003535655984186,0.9999643212838772,0.9993284778864049,GMM estimator,0.75,0.6,3411,1.0,1.0,1.0,0
56,1.0000895021439986,1.001617865729485,1.000852716549487,GMM estimator,0.75,0.6,3411,1.0,1.0,1.0,0
57,1.0005012376100593,1.001132386175518,1.001269996206829,GMM estimator,0.75,0.6,3411,1.0,1.0,1.0,0
58,0.9995696574802263,0.9996842172027697,0.9996150787128383,GMM estimator,0.75,0.6,3411,1.0,1.0,1.0,0
59,0.9997298626982002,0.9986271174992447,0.9985681813216607,GMM estimator,0.75,0.6,3411,1.0,1.0,1.0,0
60,1.0008180383925593,1.0011525100469703,1.0009481422781215,GMM estimator,0.75,0.6,3411,1.0,1.0,1.0,0
61,0.9998251975659618,0.9990541267438401,0.9996943206953401,GMM estimator,0.75,0.6,3411,1.0,1.0,1.0,0
62,1.0004618586445722,1.0001807873970208,0.9986833213430784,GMM estimator,0.75,0.6,3411,1.0,1.0,1.0,0
63,1.0004412291355154,1.0017582024472564,1.00156834180133,GMM estimator,0.75,0.6,3411,1.0,1.0,1.0,0
64,0.9996880346720707,1.0001201049422292,1.0004954005139348,GMM estimator,0.75,0.6,3411,1.0,1.0,1.0,0
65,0.9995498206715028,1.0003414574143923,0.9992319324686441,GMM estimator,0.75,0.6,3411,1.0,1.0,1.0,0
66,0.999597871071878,0.9985275895911883,0.9990228711079414,GMM estimator,0.75,0.6,3411,1.0,1.0,1.0,0
67,0.9998728896479451,0.9998792593312981,0.999406446607317,GMM estimator,0.75,0.6,3411,1.0,1.0,1.0,0
68,1.0002152267845619,1.0014147818268953,1.0008563868163591,GMM estimator,0.75,0.6,3411,1.0,1.0,1.0,0
69,0.9987855936390464,0.9977228015199144,0.9982046861708804,GMM estimator,0.75,0.6,3411,1.0,1.0,1.0,0
70,1.000377994618681,0.9997623337259994,0.9999190636857431,GMM estimator,0.75,0.6,3411,1.0,1.0,1.0,0
71,1.0007718205692329,1.0006358914106315,1.0008001645888125,GMM estimator,0.75,0.6,3411,1.0,1.0,1.0,0
72,0.999378572298183,1.0002637365707447,1.0002985536757885,GMM estimator,0.75,0.6,3411,1.0,1.0,1.0,0
73,0.9989303045243438,0.9989595143367602,0.9987197998170433,GMM estimator,0.75,0.6,3411,1.0,1.0,1.0,0
74,1.0006356291711567,1.0010451583151925,1.0008126387899416,GMM estimator,0.75,0.6,3411,1.0,1.0,1.0,0
75,0.9992757303003603,1.0004052648477764,0.999903649792242,GMM estimator,0.75,0.6,3411,1.0,1.0,1.0,0
76,1.0006521829157256,0.9998267492088939,0.9997198814152941,GMM estimator,0.75,0.6,3411,1.0,1.0,1.0,0
77,0.9997997271909731,0.9994126664773124,0.9991231415929734,GMM estimator,0.75,0.6,3411,1.0,1.0,1.0,0
78,1.0000945599915114,1.0018752477728032,0.9998622890474546,GMM estimator,0.75,0.6,3411,1.0,1.0,1.0,0
79,0.9996266660096143,0.9996683525153605,0.9995492463786181,GMM estimator,0.75,0.6,3411,1.0,1.0,1.0,0
80,0.998905798258696,0.9990017730173268,0.9984893164777573,GMM estimator,0.75,0.6,3411,1.0,1.0,1.0,0
81,0.999704942948316,0.9994019895940833,0.9997224832082212,GMM estimator,0.75,0.6,3411,1.0,1.0,1.0,0
82,0.9999438449366137,1.0011879201214438,1.0002829459247766,GMM estimator,0.75,0.6,3411,1.0,1.0,1.0,0
83,0.9995004549285902,0.9990280039104238,0.9989111923764775,GMM estimator,0.75,0.6,3411,1.0,1.0,1.0,0
84,1.0005106196419107,1.000375342100702,0.9996747187043842,GMM estimator,0.75,0.6,3411,1.0,1.0,1.0,0
85,1.0008447273606458,1.000761022882283,1.00153822454774,GMM estimator,0.75,0.6,3411,1.0,1.0,1.0,0
86,0.999624415812973,0.998217130144545,0.9991177090213667,GMM estimator,0.75,0.6,3411,1.0,1.0,1.0,0
87,0.9997559099777564,0.9989648088013066,0.9985895377123951,GMM estimator,0.75,0.6,3411,1.0,1.0,1.0,0
88,1.0001153446280102,1.0008899513228378,1.0005234039929707,GMM estimator,0.75,0.6,3411,1.0,1.0,1.0,0
89,1.0002035543952108,0.998726724545399,0.9994091548877875,GMM estimator,0.75,0.6,3411,1.0,1.0,1.0,0
90,1.0003003993929478,1.000159111454522,1.0001025721391312,GMM estimator,0.75,0.6,3411,1.0,1.0,1.0,0
91,1.0005262525926601,1.0006182144986033,1.0013193342739035,GMM estimator,0.75,0.6,3411,1.0,1.0,1.0,0
92,0.9998472744903356,1.000892404300306,1.0002715156048847,GMM estimator,0.75,0.6,3411,1.0,1.0,1.0,0
93,1.0000200737416751,0.998795745786883,0.9987265313507492,GMM estimator,0.75,0.6,3411,1.0,1.0,1.0,0
94,0.9989500969552124,0.9987912855119766,0.9981344028316321,GMM estimator,0.75,0.6,3411,1.0,1.0,1.0,0
95,1.0005327664110346,1.0004071228350895,1.00136325327043,GMM estimator,0.75,0.6,3411,1.0,1.0,1.0,0
96,0.9995072501461683,0.9996943310630675,0.9990115419013321,GMM estimator,0.75,0.6,3411,1.0,1.0,1.0,0
97,0.9998232229005034,1.0002872371801454,1.000382795825943,GMM estimator,0.75,0.6,3411,1.0,1.0,1.0,0
98,0.9999236872431599,1.0000159778092597,0.9997934162767428,GMM estimator,0.75,0.6,3411,1.0,1.0,1.0,0
99,0.9999010754971442,0.9987908962097878,0.9993621483418471,GMM estimator,0.75,0.6,3411,1.0,1.0,1.0,0
100,1.000288511596747,1.0009199545130847,1.0012129203884503,GMM estimator,0.75,0.6,3411,1.0,1.0,1.0,0
1,1.0002618262027494,1.000836212825772,1.00050254688527,Three-step,1.0,0.6,3411,1.0,1.0,1.0,0
2,1.0001105811357893,1.0014184162207564,1.0013136587194473,Three-step,1.0,0.6,3411,1.0,1.0,1.0,0
3,0.9994516613577414,1.0023404875177935,1.002383992719328,Three-step,1.0,0.6,3411,1.0,1.0,1.0,0
4,1.000805691112016,0.9993251838076432,0.9995595198385475,Three-step,1.0,0.6,3411,1.0,1.0,1.0,0
5,1.0014314313473014,1.0003466675360437,1.0003623098280086,Three-step,1.0,0.6,3411,1.0,1.0,1.0,0
6,1.0002857024767224,1.0001233554078295,1.0009216820377242,Three-step,1.0,0.6,3411,1.0,1.0,1.0,0
7,0.9997581788699758,1.0008404063020775,1.000591426861609,Three-step,1.0,0.6,3411,1.0,1.0,1.0,0
8,1.0003104304882335,0.9986552776531004,0.9994303622660524,Three-step,1.0,0.6,3411,1.0,1.0,1.0,0
9,0.9992295183178301,0.9999871907923094,1.0007697671946476,Three-step,1.0,0.6,3411,1.0,1.0,1.0,0
10,1.0007645791857904,0.9993205961107138,0.9993395310638291,Three-step,1.0,0.6,3411,1.0,1.0,1.0,0
11,0.9995089608871749,1.0004747444358852,1.0011391646368664,Three-step,1.0,0.6,3411,1.0,1.0,1.0,0
12,0.9998491560162094,0.9995770362958929,1.0005168617700329,Three-step,1.0,0.6,3411,1.0,1.0,1.0,0
13,0.9997980986887001,0.9992752786448375,1.0001297789797166,Three-step,1.0,0.6,3411,1.0,1.0,1.0,0
14,0.9997316760160107,1.0015168831046397,1.0008923244911894,Three-step,1.0,0.6,3411,1.0,1.0,1.0,0
15,1.0000306206274328,0.9984721143641073,0.9985452732808957,Three-step,1.0,0.6,3411,1.0,1.0,1.0,0
16,1.0007164617700808,1.0008630599288546,1.0005311343906569,Three-step,1.0,0.6,3411,1.0,1.0,1.0,0
17,0.9997860290091286,0.9987944179200771,0.9997850766865863,Three-step,1.0,0.6,3411,1.0,1.0,1.0,0
18,0.9996286901814043,0.9990937283712772,0.99931068809777,Three-step,1.0,0.6,3411,1.0,1.0,1.0,0
19,0.9999144947385072,1.002747601750981,1.0029428623063312,Three-step,1.0,0.6,3411,1.0,1.0,1.0,0
20,0.9998310635933058,0.9991112369238321,0.9996760850319673,Three-step,1.0,0.6,3411,1.0,1.0,1.0,0
21,0.9993947868546827,1.0004893440061742,1.0012902211354775,Three-step,1.0,0.6,3411,1.0,1.0,1.0,0
22,0.9998473776010928,1.0002079763392142,1.000202694299693,Three-step,1.0,0.6,3411,1.0,1.0,1.0,0
23,0.9992011132914481,1.001084294696873,1.0016672302210552,Three-step,1.0,0.6,3411,1.0,1.0,1.0,0
24,1.0003019172595045,1.0020507810441461,1.0025377729421199,Three-step,1.0,0.6,3411,1.0,1.0,1.0,0
25,0.9992706319017652,0.9978580733271647,0.9980769656481576,Three-step,1.0,0.6,3411,1.0,1.0,1.0,0
26,0.999604647625284,0.9996804329930515,0.9988835548448437,Three-step,1.0,0.6,3411,1.0,1.0,1.0,0
27,0.9990905325894671,0.9997565028373014,0.9998305011948668,Three-step,1.0,0.6,3411,1.0,1.0,1.0,0
28,0.9993159365192967,1.0009576960259585,1.001241616814435,Three-step,1.0,0.6,3411,1.0,1.0,1.0,0
29,0.9994908592678616,0.999341644714264,0.9995267114692332,Three-step,1.0,0.6,3411,1.0,1.0,1.0,0
30,0.9988813214095049,0.9996101760449594,0.998947393482229,Three-step,1.0,0.6,3411,1.0,1.0,1.0,0
31,0.9996622473356214,0.9995718922148269,0.9992613635827541,Three-step,1.0,0.6,3411,1.0,1.0,1.0,0
32,0.9999779229628838,0.999701914863393,1.0006478742649607,Three-step,1.0,0.6,3411,1.0,1.0,1.0,0
33,0.9995940005747674,1.0021334449283026,1.0018435584277594,Three-step,1.0,0.6,3411,1.0,1.0,1.0,0
34,1.0007764519438447,1.0006656716376834,1.001071103070335,Three-step,1.0,0.6,3411,1.0,1.0,1.0,0
35,1.0003921412373906,1.0000545099407907,0.9998015700761279,Three-step,1.0,0.6,3411,1.0,1.0,1.0,0
36,0.9997445296046643,1.0001345525128709,0.9995953517496903,Three-step,1.0,0.6,3411,1.0,1.0,1.0,0
37,1.000248930415944,1.000947490314467,1.001210712361302,Three-step,1.0,0.6,3411,1.0,1.0,1.0,0
38,1.0002463692319188,1.0019319040215071,1.0021288169920912,Three-step,1.0,0.6,3411,1.0,1.0,1.0,0
39,1.0002337685612317,1.0008071980341546,1.0013495189243584,Three-step,1.0,0.6,3411,1.0,1.0,1.0,0
40,0.9997271345312326,0.9975573222042661,0.9986791557873073,Three-step,1.0,0.6,3411,1.0,1.0,1.0,0
41,1.0007426804818942,1.0016699941612157,1.0017308199186683,Three-step,1.0,0.6,3411,1.0,1.0,1.0,0
42,0.9997619255779514,1.0010462602277785,1.0004656021050446,Three-step,1.0,0.6,3411,1.0,1.0,1.0,0
43,0.999108421129817,1.0003921682852484,1.00147687585077,Three-step,1.0,0.6,3411,1.0,1.0,1.0,0
44,1.00066418366416,1.0014376499706057,1.0016571014813194,Three-step,1.0,0.6,3411,1.0,1.0,1.0,0
45,1.000878131324673,1.0007683705887664,1.0003776174551746,Three-step,1.0,0.6,3411,1.0,1.0,1.0,0
46,0.9998347424094362,1.0023765105270597,1.0029563041309426,Three-step,1.0,0.6,3411,1.0,1.0,1.0,0
47,1.00118137726146,1.0013264266904291,1.0016257799625972,Three-step,1.0,0.6,3411,1.0,1.0,1.0,0
48,1.0003473851305045,0.9996703246387709,0.9999665028689014,Three-step,1.0,0.6,3411,1.0,1.0,1.0,0
49,0.9996738274082182,0.9995528747345866,1.0002711127596298,Three-step,1.0,0.6,3411,1.0,1.0,1.0,0
50,0.999562366076705,1.0015949983095667,1.0015298358970521,Three-step,1.0,0.6,3411,1.0,1.0,1.0,0
51,1.0000357230835233,1.0010608370071858,1.0022246477729897,Three-step,1.0,0.6,3411,1.0,1.0,1.0,0
52,1.0011439442319734,0.9997659619570007,0.999586200452543,Three-step,1.0,0.6,3411,1.0,1.0,1.0,0
53,1.0006193461713686,0.9982853685658406,0.9991112802025781,Three-step,1.0,0.6,3411,1.0,1.0,1.0,0
54,0.999818085021348,0.9990144956288118,0.999139216097087,Three-step,1.0,0.6,3411,1.0,1.0,1.0,0
55,1.0004362862578644,0.9997572924037906,0.9992071283497974,Three-step,1.0,0.6,3411,1.0,1.0,1.0,0
56,1.0002354771978519,1.0005635543522187,1.000481274852561,Three-step,1.0,0.6,3411,1.0,1.0,1.0,0
57,1.00074257872714,1.0005072687748116,1.0007925206997803,Three-step,1.0,0.6,3411,1.0,1.0,1.0,0
58,0.9994356028778307,0.9988385695776762,0.9991989579003211,Three-step,1.0,0.6,3411,1.0,1.0,1.0,0
59,0.9994047484760128,0.9997284567393128,0.9997765200033515,Three-step,1.0,0.6,3411,1.0,1.0,1.0,0
60,1.0007629360877308,1.0014544241482122,1.0010603247300316,Three-step,1.0,0.6,3411,1.0,1.0,1.0,0
61,0.9999745598797898,0.9988378473595755,0.998722042125906,Three-step,1.0,0.6,3411,1.0,1.0,1.0,0
62,1.0008646723229886,0.9998940547693017,0.9993204771599805,Three-step,1.0,0.6,3411,1.0,1.0,1.0,0
63,1.0001613686331379,1.0015460572231563,1.0021142139877928,Three-step,1.0,0.6,3411,1.0,1.0,1.0,0
64,0.9995254874857206,0.9998544933947451,1.0005201712257115,Three-step,1.0,0.6,3411,1.0,1.0,1.0,0
65,0.9994558825997524,1.00069481257819,0.99990106197584,Three-step,1.0,0.6,3411,1.0,1.0,1.0,0
66,0.9995990803784899,0.9982414808190392,0.9984525867946001,Three-step,1.0,0.6,3411,1.0,1.0,1.0,0
67,0.9999802050231201,0.9990748235771519,0.9986259803906499,Three-step,1.0,0.6,3411,1.0,1.0,1.0,0
68,1.0003564190532073,1.0008112198192858,1.0013730765272697,Three-step,1.0,0.6,3411,1.0,1.0,1.0,0
69,0.9985083508679559,0.9983763389022308,0.9979863250568278,Three-step,1.0,0.6,3411,1.0,1.0,1.0,0
70,1.0002282278214452,1.000118103031394,0.9999758899672433,Three-step,1.0,0.6,3411,1.0,1.0,1.0,0
71,1.000904406611475,1.0000590383956756,1.000456733694095,Three-step,1.0,0.6,3411,1.0,1.0,1.0,0
72,0.9995069700194,0.9990494224303066,0.9995379385414357,Three-step,1.0,0.6,3411,1.0,1.0,1.0,0
73,0.9992689899421022,0.9978856394549798,0.9981144877515801,Three-step,1.0,0.6,3411,1.0,1.0,1.0,0
74,1.001054467894014,0.9997903904564823,0.9995511465177703,Three-step,1.0,0.6,3411,1.0,1.0,1.0,0
75,1.0001050178965951,0.9994497627972762,0.998964724872024,Three-step,1.0,0.6,3411,1.0,1.0,1.0,0
76,1.0004478349572554,1.0006549390199586,1.0005437942824478,Three-step,1.0,0.6,3411,1.0,1.0,1.0,0
77,0.9997074211014987,0.9995808820370228,0.9989062140290093,Three-step,1.0,0.6,3411,1.0,1.0,1.0,0
78,1.0003912371352546,1.0014525514608361,1.0016086302060745,Three-step,1.0,0.6,3411,1.0,1.0,1.0,0
79,0.9999180771772529,0.9984876399083874,0.9987274495298557,Three-step,1.0,0.6,3411,1.0,1.0,1.0,0
80,0.9991810780536001,0.9982802074567865,0.9985178554625409,Three-step,1.0,0.6,3411,1.0,1.0,1.0,0
81,0.9994165204158693,0.9992988768838479,0.9999937886733863,Three-step,1.0,0.6,3411,1.0,1.0,1.0,0
82,0.9998791932370118,1.000814482054833,1.0012233402063668,Three-step,1.0,0.6,3411,1.0,1.0,1.0,0
83,0.9995931895208563,0.998255251611436,0.9986488665131588,Three-step,1.0,0.6,3411,1.0,1.0,1.0,0
84,1.0004741804703734,0.9998517126239271,0.9997325173778334,Three-step,1.0,0.6,3411,1.0,1.0,1.0,0
85,1.0008811927261125,1.0014226150456091,1.001056526439154,Three-step,1.0,0.6,3411,1.0,1.0,1.0,0
86,0.9995847646422771,0.997558737241335,0.9981080390195658,Three-step,1.0,0.6,3411,1.0,1.0,1.0,0
87,0.9999701185648668,0.998566196471707,0.9986599483674988,Three-step,1.0,0.6,3411,1.0,1.0,1.0,0
88,0.9999077871394076,1.0011181431461256,1.0013376512450418,Three-step,1.0,0.6,3411,1.0,1.0,1.0,0
89,0.9998318566278999,0.9998188569890222,1.000363736656102,Three-step,1.0,0.6,3411,1.0,1.0,1.0,0
90,1.0005805745958978,0.9994339269316124,0.9997513143949213,Three-step,1.0,0.6,3411,1.0,1.0,1.0,0
91,1.0003618736260576,1.0014108534671522,1.0012283744686652,Three-step,1.0,0.6,3411,1.0,1.0,1.0,0
92,0.9997125123268829,0.9996359846109446,0.9995699059737297,Three-step,1.0,0.6,3411,1.0,1.0,1.0,0
93,0.9999442143564109,0.9975269489073038,0.99836535654412,Three-step,1.0,0.6,3411,1.0,1.0,1.0,0
94,0.9989272648260117,0.99766442699714,0.9980663466279125,Three-step,1.0,0.6,3411,1.0,1.0,1.0,0
95,0.9999302224845601,1.000533996336007,1.001281302853329,Three-step,1.0,0.6,3411,1.0,1.0,1.0,0
96,0.9995328017813658,0.9989223713183983,0.9993432383677805,Three-step,1.0,0.6,3411,1.0,1.0,1.0,0
97,0.999555049443739,1.000145470215411,1.0001501429442186,Three-step,1.0,0.6,3411,1.0,1.0,1.0,0
98,0.9996726603448343,1.000402402468558,1.0006453416024277,Three-step,1.0,0.6,3411,1.0,1.0,1.0,0
99,0.9997425858814938,0.9985048832329988,0.9987215803744481,Three-step,1.0,0.6,3411,1.0,1.0,1.0,0
100,1.000340132547145,0.9995152480167416,1.0004241540747365,Three-step,1.0,0.6,3411,1.0,1.0,1.0,0
1,1.000526072984278,1.0004965271192316,1.0005025468852697,Robins' estimator,1.0,0.6,3411,1.0,1.0,1.0,0
2,1.0010279724661661,1.001001830284606,1.0013136587194473,Robins' estimator,1.0,0.6,3411,1.0,1.0,1.0,0
3,1.0016582963400444,1.0016718473413393,1.002383992719328,Robins' estimator,1.0,0.6,3411,1.0,1.0,1.0,0
4,0.9996172278517114,0.9994950393511393,0.9995595198385474,Robins' estimator,1.0,0.6,3411,1.0,1.0,1.0,0
5,1.000469660729109,1.0002911168808066,1.0003623098280083,Robins' estimator,1.0,0.6,3411,1.0,1.0,1.0,0
6,1.000538069959609,1.000664025976145,1.0009216820377242,Robins' estimator,1.0,0.6,3411,1.0,1.0,1.0,0
7,1.0004347111353833,1.0003345726906325,1.0005914268616092,Robins' estimator,1.0,0.6,3411,1.0,1.0,1.0,0
8,0.9995603995274848,0.9996291866575681,0.9994303622660528,Robins' estimator,1.0,0.6,3411,1.0,1.0,1.0,0
9,1.0003158436161563,1.0004543731443238,1.0007697671946476,Robins' estimator,1.0,0.6,3411,1.0,1.0,1.0,0
10,0.999723917186319,0.9995891754546239,0.9993395310638291,Robins' estimator,1.0,0.6,3411,1.0,1.0,1.0,0
11,1.0006983124856548,1.000685600207955,1.0011391646368664,Robins' estimator,1.0,0.6,3411,1.0,1.0,1.0,0
12,1.0001925454339593,1.0002807263516544,1.0005168617700329,Robins' estimator,1.0,0.6,3411,1.0,1.0,1.0,0
13,0.9998206268351864,0.9998850421189205,1.0001297789797166,Robins' estimator,1.0,0.6,3411,1.0,1.0,1.0,0
14,1.0007469944385752,1.000712478049613,1.0008923244911894,Robins' estimator,1.0,0.6,3411,1.0,1.0,1.0,0
15,0.999031467097401,0.9989246394388516,0.9985452732808957,Robins' estimator,1.0,0.6,3411,1.0,1.0,1.0,0
16,1.000457359582788,1.0005728886851848,1.0005311343906569,Robins' estimator,1.0,0.6,3411,1.0,1.0,1.0,0
17,0.9995819961792269,0.9996979470350325,0.9997850766865862,Robins' estimator,1.0,0.6,3411,1.0,1.0,1.0,0
18,0.9996789452367647,0.9995657204649383,0.9993106880977699,Robins' estimator,1.0,0.6,3411,1.0,1.0,1.0,0
19,1.00223895110015,1.0021444911833826,1.002942862306331,Robins' estimator,1.0,0.6,3411,1.0,1.0,1.0,0
20,0.9997187925957501,0.9997615434758436,0.9996760850319673,Robins' estimator,1.0,0.6,3411,1.0,1.0,1.0,0
21,1.0010832552523152,1.0010435194615133,1.0012902211354775,Robins' estimator,1.0,0.6,3411,1.0,1.0,1.0,0
22,1.0000885683126912,1.0002225805555074,1.0002026942996933,Robins' estimator,1.0,0.6,3411,1.0,1.0,1.0,0
23,1.0010813509221006,1.0009520319216758,1.001667230221055,Robins' estimator,1.0,0.6,3411,1.0,1.0,1.0,0
24,1.0017273142631302,1.0017195905275769,1.0025377729421199,Robins' estimator,1.0,0.6,3411,1.0,1.0,1.0,0
25,0.9984963124631885,0.9984670147499746,0.9980769656481574,Robins' estimator,1.0,0.6,3411,1.0,1.0,1.0,0
26,0.9991596097809886,0.999405453813752,0.9988835548448437,Robins' estimator,1.0,0.6,3411,1.0,1.0,1.0,0
27,0.9997191965036663,0.9998754132568475,0.9998305011948665,Robins' estimator,1.0,0.6,3411,1.0,1.0,1.0,0
28,1.0008625839926695,1.0007902934368191,1.0012416168144351,Robins' estimator,1.0,0.6,3411,1.0,1.0,1.0,0
29,0.9994972724876628,0.9995315837832917,0.9995267114692333,Robins' estimator,1.0,0.6,3411,1.0,1.0,1.0,0
30,0.9991021632798919,0.9990494909713364,0.998947393482229,Robins' estimator,1.0,0.6,3411,1.0,1.0,1.0,0
31,0.9995716463503438,0.999503771086311,0.9992613635827537,Robins' estimator,1.0,0.6,3411,1.0,1.0,1.0,0
32,1.0005115814996053,1.0004905001537716,1.0006478742649607,Robins' estimator,1.0,0.6,3411,1.0,1.0,1.0,0
33,1.0011436075197266,1.0011961161675527,1.0018435584277594,Robins' estimator,1.0,0.6,3411,1.0,1.0,1.0,0
34,1.0008844678242141,1.0007637681463342,1.001071103070335,Robins' estimator,1.0,0.6,3411,1.0,1.0,1.0,0
35,0.9999187152277677,0.9999437336567145,0.9998015700761279,Robins' estimator,1.0,0.6,3411,1.0,1.0,1.0,0
36,0.9996817786488935,0.9996932203212852,0.99959535174969,Robins' estimator,1.0,0.6,3411,1.0,1.0,1.0,0
37,1.0007716323658395,1.0008859332626663,1.001210712361302,Robins' estimator,1.0,0.6,3411,1.0,1.0,1.0,0
38,1.0015458526797778,1.001419728863262,1.0021288169920912,Robins' estimator,1.0,0.6,3411,1.0,1.0,1.0,0
39,1.0009545149495216,1.0008471371036627,1.0013495189243584,Robins' estimator,1.0,0.6,3411,1.0,1.0,1.0,0
40,0.998637831728331,0.9988446273836117,0.9986791557873074,Robins' estimator,1.0,0.6,3411,1.0,1.0,1.0,0
41,1.0012024732951912,1.0011543681502877,1.0017308199186683,Robins' estimator,1.0,0.6,3411,1.0,1.0,1.0,0
42,1.0004391134093318,1.0004369653564062,1.0004656021050444,Robins' estimator,1.0,0.6,3411,1.0,1.0,1.0,0
43,1.0011821915227446,1.001019657888976,1.00147687585077,Robins' estimator,1.0,0.6,3411,1.0,1.0,1.0,0
44,1.0010970114070143,1.0012222258140424,1.0016571014813191,Robins' estimator,1.0,0.6,3411,1.0,1.0,1.0,0
45,1.0004847058650583,1.0003696853778172,1.0003776174551744,Robins' estimator,1.0,0.6,3411,1.0,1.0,1.0,0
46,1.0021241415423685,1.0020497827232802,1.0029563041309426,Robins' estimator,1.0,0.6,3411,1.0,1.0,1.0,0
47,1.001207094640292,1.0013923838335939,1.0016257799625974,Robins' estimator,1.0,0.6,3411,1.0,1.0,1.0,0
48,1.0000653692360029,0.9998631303309019,0.9999665028689015,Robins' estimator,1.0,0.6,3411,1.0,1.0,1.0,0
49,1.0002309649635432,1.0001524764651135,1.0002711127596298,Robins' estimator,1.0,0.6,3411,1.0,1.0,1.0,0
50,1.0011214511764583,1.0011778611878681,1.0015298358970521,Robins' estimator,1.0,0.6,3411,1.0,1.0,1.0,0
51,1.001544001694537,1.0013699278909698,1.00222464777299,Robins' estimator,1.0,0.6,3411,1.0,1.0,1.0,0
52,0.9997561080236189,0.9997154086101309,0.999586200452543,Robins' estimator,1.0,0.6,3411,1.0,1.0,1.0,0
53,0.9992554808706794,0.9993410967445004,0.9991112802025781,Robins' estimator,1.0,0.6,3411,1.0,1.0,1.0,0
54,0.9991644072087308,0.9992298670496994,0.999139216097087,Robins' estimator,1.0,0.6,3411,1.0,1.0,1.0,0
55,0.9996249974738584,0.999631949068925,0.9992071283497973,Robins' estimator,1.0,0.6,3411,1.0,1.0,1.0,0
56,1.000215827127591,1.0002965049461099,1.000481274852561,Robins' estimator,1.0,0.6,3411,1.0,1.0,1.0,0
57,1.000525300415482,1.0005711831248054,1.0007925206997803,Robins' estimator,1.0,0.6,3411,1.0,1.0,1.0,0
58,0.9993927466438794,0.9993365502515348,0.9991989579003212,Robins' estimator,1.0,0.6,3411,1.0,1.0,1.0,0
59,0.9999012474715757,0.9998816983758737,0.9997765200033515,Robins' estimator,1.0,0.6,3411,1.0,1.0,1.0,0
60,1.0010109090984662,1.0010298556413808,1.0010603247300316,Robins' estimator,1.0,0.6,3411,1.0,1.0,1.0,0
61,0.999032243477158,0.9991111449308778,0.9987220421259059,Robins' estimator,1.0,0.6,3411,1.0,1.0,1.0,0
62,0.9998512273723491,0.9997011416164224,0.9993204771599806,Robins' estimator,1.0,0.6,3411,1.0,1.0,1.0,0
63,1.0014843412977557,1.0015122068672127,1.0021142139877928,Robins' estimator,1.0,0.6,3411,1.0,1.0,1.0,0
64,1.0002431650374626,1.0001961254068816,1.0005201712257115,Robins' estimator,1.0,0.6,3411,1.0,1.0,1.0,0
65,1.0000111968107674,0.9999246953643203,0.99990106197584,Robins' estimator,1.0,0.6,3411,1.0,1.0,1.0,0
66,0.9987910446235079,0.9988298023736918,0.9984525867945999,Robins' estimator,1.0,0.6,3411,1.0,1.0,1.0,0
67,0.9991418799904087,0.9992004250572145,0.99862598039065,Robins' estimator,1.0,0.6,3411,1.0,1.0,1.0,0
68,1.0011521718827345,1.0009135939823026,1.00137307652727,Robins' estimator,1.0,0.6,3411,1.0,1.0,1.0,0
69,0.9982980285935363,0.9984449669957329,0.9979863250568277,Robins' estimator,1.0,0.6,3411,1.0,1.0,1.0,0
70,1.0001522865728518,1.0000776504699094,0.9999758899672433,Robins' estimator,1.0,0.6,3411,1.0,1.0,1.0,0
71,1.0003739923865254,1.0004077566893366,1.0004567336940953,Robins' estimator,1.0,0.6,3411,1.0,1.0,1.0,0
72,0.9995589970843924,0.9996522084623043,0.9995379385414357,Robins' estimator,1.0,0.6,3411,1.0,1.0,1.0,0
73,0.9983138065470208,0.9984193711081994,0.99811448775158,Robins' estimator,1.0,0.6,3411,1.0,1.0,1.0,0
74,0.9996907535432118,0.9996944003095986,0.9995511465177703,Robins' estimator,1.0,0.6,3411,1.0,1.0,1.0,0
75,0.9991210982055562,0.9992576155967353,0.9989647248720239,Robins' estimator,1.0,0.6,3411,1.0,1.0,1.0,0
76,1.0006796301208178,1.0003896349123795,1.0005437942824478,Robins' estimator,1.0,0.6,3411,1.0,1.0,1.0,0
77,0.999233785052387,0.9992515049051541,0.9989062140290096,Robins' estimator,1.0,0.6,3411,1.0,1.0,1.0,0
78,1.001385056638613,1.00134887305672,1.0016086302060747,Robins' estimator,1.0,0.6,3411,1.0,1.0,1.0,0
79,0.9991296878933799,0.9991376688965656,0.9987274495298554,Robins' estimator,1.0,0.6,3411,1.0,1.0,1.0,0
80,0.9988484389585276,0.9989916657334178,0.9985178554625409,Robins' estimator,1.0,0.6,3411,1.0,1.0,1.0,0
81,0.9999374757340448,1.0000220308024121,0.9999937886733862,Robins' estimator,1.0,0.6,3411,1.0,1.0,1.0,0
82,1.001197531842136,1.0009345954376578,1.0012233402063666,Robins' estimator,1.0,0.6,3411,1.0,1.0,1.0,0
83,0.9989398833230214,0.998953508681574,0.9986488665131588,Robins' estimator,1.0,0.6,3411,1.0,1.0,1.0,0
84,0.9999110122903081,0.9999153047815348,0.9997325173778333,Robins' estimator,1.0,0.6,3411,1.0,1.0,1.0,0
85,1.0008019200087745,1.0008964958211717,1.001056526439154,Robins' estimator,1.0,0.6,3411,1.0,1.0,1.0,0
86,0.9984375964255398,0.9985185156363182,0.9981080390195657,Robins' estimator,1.0,0.6,3411,1.0,1.0,1.0,0
87,0.9990093469171553,0.9991665560327375,0.9986599483674988,Robins' estimator,1.0,0.6,3411,1.0,1.0,1.0,0
88,1.0012579486179292,1.0009850904705895,1.0013376512450418,Robins' estimator,1.0,0.6,3411,1.0,1.0,1.0,0
89,1.0004231802044519,1.0002338286259052,1.000363736656102,Robins' estimator,1.0,0.6,3411,1.0,1.0,1.0,0
90,0.9995691045976526,0.9997399050223728,0.9997513143949215,Robins' estimator,1.0,0.6,3411,1.0,1.0,1.0,0
91,1.0010299898607409,1.001056634943873,1.0012283744686652,Robins' estimator,1.0,0.6,3411,1.0,1.0,1.0,0
92,0.9996700516644594,0.9997396506929597,0.9995699059737296,Robins' estimator,1.0,0.6,3411,1.0,1.0,1.0,0
93,0.9990965788408006,0.9987904703056837,0.9983653565441201,Robins' estimator,1.0,0.6,3411,1.0,1.0,1.0,0
94,0.9985594792190143,0.9986302224096154,0.9980663466279126,Robins' estimator,1.0,0.6,3411,1.0,1.0,1.0,0
95,1.000782613322768,1.0007518372046333,1.001281302853329,Robins' estimator,1.0,0.6,3411,1.0,1.0,1.0,0
96,0.9995336819998345,0.9993968998071403,0.9993432383677803,Robins' estimator,1.0,0.6,3411,1.0,1.0,1.0,0
97,1.0001285955135508,1.0001458338439544,1.0001501429442186,Robins' estimator,1.0,0.6,3411,1.0,1.0,1.0,0
98,1.0003914736580692,1.0004556826167135,1.0006453416024277,Robins' estimator,1.0,0.6,3411,1.0,1.0,1.0,0
99,0.9990643497618313,0.9992310713508938,0.9987215803744481,Robins' estimator,1.0,0.6,3411,1.0,1.0,1.0,0
100,1.00047142088402,1.0003410043980292,1.0004241540747367,Robins' estimator,1.0,0.6,3411,1.0,1.0,1.0,0
1,1.000152347530717,1.0001445086463692,1.0000199044741376,GMM estimator,1.0,0.6,3411,1.0,1.0,1.0,0
2,1.0002248538117322,1.0002346794787715,1.0002965396895007,GMM estimator,1.0,0.6,3411,1.0,1.0,1.0,0
3,1.0001679029738395,1.0002423494326358,1.0003803312962227,GMM estimator,1.0,0.6,3411,1.0,1.0,1.0,0
4,1.000458807462304,1.0003621524052237,1.000784485736064,GMM estimator,1.0,0.6,3411,1.0,1.0,1.0,0
5,1.000983122583313,1.0008715664633252,1.0012227050633205,GMM estimator,1.0,0.6,3411,1.0,1.0,1.0,0
6,1.0004669057567122,1.0005811644792875,1.0007979141168242,GMM estimator,1.0,0.6,3411,1.0,1.0,1.0,0
7,0.9997622813870127,0.9996732510590256,0.9996152954106736,GMM estimator,1.0,0.6,3411,1.0,1.0,1.0,0
8,1.000361629747803,1.0004059462645574,1.00046868811803,GMM estimator,1.0,0.6,3411,1.0,1.0,1.0,0
9,1.0001904780707145,1.0003341960969288,1.0005875348794506,GMM estimator,1.0,0.6,3411,1.0,1.0,1.0,0
10,1.0004989850017896,1.0004423943108292,1.0005893255014218,GMM estimator,1.0,0.6,3411,1.0,1.0,1.0,0
11,1.0003334365455538,1.0003376355833205,1.0005635763312053,GMM estimator,1.0,0.6,3411,1.0,1.0,1.0,0
12,1.0002909834964862,1.0003631200972407,1.000597287024168,GMM estimator,1.0,0.6,3411,1.0,1.0,1.0,0
13,0.9999727894998296,1.0000336561264103,1.0003419303908552,GMM estimator,1.0,0.6,3411,1.0,1.0,1.0,0
14,0.9996708325345747,0.9996892959994514,0.999529745794391,GMM estimator,1.0,0.6,3411,1.0,1.0,1.0,0
15,0.9998318273517295,0.9997060623227088,0.9996431360917164,GMM estimator,1.0,0.6,3411,1.0,1.0,1.0,0
16,1.0004702074214953,1.0005864346837694,1.0005711351092383,GMM estimator,1.0,0.6,3411,1.0,1.0,1.0,0
17,0.9999367535099241,1.0000375363552738,1.0002279038253516,GMM estimator,1.0,0.6,3411,1.0,1.0,1.0,0
18,0.99987259410142,0.9997504063150634,0.9995958722956519,GMM estimator,1.0,0.6,3411,1.0,1.0,1.0,0
19,1.0003990961972602,1.0003609481008073,1.0006915623660104,GMM estimator,1.0,0.6,3411,1.0,1.0,1.0,0
20,0.9999717731094865,0.9999997070940063,0.9999987322988968,GMM estimator,1.0,0.6,3411,1.0,1.0,1.0,0
21,1.0004055298602854,1.0003935393230003,1.0004362568874599,GMM estimator,1.0,0.6,3411,1.0,1.0,1.0,0
22,0.9999431546404939,1.0000794467213865,1.0000122113965315,GMM estimator,1.0,0.6,3411,1.0,1.0,1.0,0
23,0.9998912511124349,0.9999157656066506,1.0002703193884779,GMM estimator,1.0,0.6,3411,1.0,1.0,1.0,0
24,1.0007345394926406,1.000634833070512,1.001007565380731,GMM estimator,1.0,0.6,3411,1.0,1.0,1.0,0
25,0.9991647043597942,0.9991390289772798,0.9990050108630193,GMM estimator,1.0,0.6,3411,1.0,1.0,1.0,0
26,0.9993076613052916,0.9995233707791908,0.9990407641829837,GMM estimator,1.0,0.6,3411,1.0,1.0,1.0,0
27,0.99950707746257,0.999648792149987,0.9995031070202085,GMM estimator,1.0,0.6,3411,1.0,1.0,1.0,0
28,0.9999500216552946,0.999861026478229,0.9998099982261563,GMM estimator,1.0,0.6,3411,1.0,1.0,1.0,0
29,0.9996430125467983,0.9996761920579353,0.9997285919066905,GMM estimator,1.0,0.6,3411,1.0,1.0,1.0,0
30,0.9985400001282413,0.998519574626064,0.9982032147803475,GMM estimator,1.0,0.6,3411,1.0,1.0,1.0,0
31,0.9995901164526473,0.9995244383631032,0.9992864494181987,GMM estimator,1.0,0.6,3411,1.0,1.0,1.0,0
32,1.0001252634970255,1.0001241884620964,1.0001247289506487,GMM estimator,1.0,0.6,3411,1.0,1.0,1.0,0
33,1.0000623963079966,1.0001103705634367,1.0002227240584112,GMM estimator,1.0,0.6,3411,1.0,1.0,1.0,0
34,1.0008508355544736,1.0007348776410792,1.0010295534915852,GMM estimator,1.0,0.6,3411,1.0,1.0,1.0,0
35,1.000067687256199,1.0001037158877968,1.0000177639110417,GMM estimator,1.0,0.6,3411,1.0,1.0,1.0,0
36,0.9995650527164073,0.9995859958681625,0.9994599960451106,GMM estimator,1.0,0.6,3411,1.0,1.0,1.0,0
37,1.0004374801653568,1.0005730968064306,1.0007804338108182,GMM estimator,1.0,0.6,3411,1.0,1.0,1.0,0
38,1.0005642571328526,1.0004718172505678,1.0007567145388458,GMM estimator,1.0,0.6,3411,1.0,1.0,1.0,0
39,1.0004114836706748,1.000335751231353,1.0006184145852763,GMM estimator,1.0,0.6,3411,1.0,1.0,1.0,0
40,0.9996813214213645,0.999823768854957,0.9999962259452861,GMM estimator,1.0,0.6,3411,1.0,1.0,1.0,0
41,1.0007946412507547,1.0007478642599374,1.0011592869064252,GMM estimator,1.0,0.6,3411,1.0,1.0,1.0,0
42,0.999856794991534,0.9998610065348815,0.9997028428542081,GMM estimator,1.0,0.6,3411,1.0,1.0,1.0,0
43,1.0002168682070847,1.0001274626619376,1.0001587612020497,GMM estimator,1.0,0.6,3411,1.0,1.0,1.0,0
44,1.0007421676454173,1.0008497383214028,1.0011512482222182,GMM estimator,1.0,0.6,3411,1.0,1.0,1.0,0
45,1.0006407391525542,1.0004985213602842,1.0005745164270101,GMM estimator,1.0,0.6,3411,1.0,1.0,1.0,0
46,1.0005077920417322,1.000527766907922,1.0007853844656323,GMM estimator,1.0,0.6,3411,1.0,1.0,1.0,0
47,1.001213319220287,1.0013995920289707,1.0016343900325517,GMM estimator,1.0,0.6,3411,1.0,1.0,1.0,0
48,1.000339853741126,1.0001182781910813,1.0003082157665173,GMM estimator,1.0,0.6,3411,1.0,1.0,1.0,0
49,0.9999202425959662,0.9998628830672536,0.9998400786965986,GMM estimator,1.0,0.6,3411,1.0,1.0,1.0,0
50,0.9999733494244156,0.9999463339536243,0.999828847594648,GMM estimator,1.0,0.6,3411,1.0,1.0,1.0,0
51,1.0006351580169992,1.000496188853081,1.000983607277837,GMM estimator,1.0,0.6,3411,1.0,1.0,1.0,0
52,1.0006924329868492,1.0007629612858033,1.0009431857659374,GMM estimator,1.0,0.6,3411,1.0,1.0,1.0,0
53,1.000214192359395,1.0003567839483358,1.0004844780589208,GMM estimator,1.0,0.6,3411,1.0,1.0,1.0,0
54,0.9996430623008068,0.9997005088450118,0.9998135507568118,GMM estimator,1.0,0.6,3411,1.0,1.0,1.0,0
55,1.0000756345125947,1.0000388945537932,0.9998157608593291,GMM estimator,1.0,0.6,3411,1.0,1.0,1.0,0
56,1.000129450541523,1.000203287517595,1.0003617139866678,GMM estimator,1.0,0.6,3411,1.0,1.0,1.0,0
57,1.0006679441596686,1.000698092270095,1.0009831476735078,GMM estimator,1.0,0.6,3411,1.0,1.0,1.0,0
58,0.9996307243806855,0.9995747098706185,0.9994811774155001,GMM estimator,1.0,0.6,3411,1.0,1.0,1.0,0
59,0.9996661237613439,0.999666163953092,0.999439535046067,GMM estimator,1.0,0.6,3411,1.0,1.0,1.0,0
60,1.0006735353543925,1.0007128449519427,1.0006417566229286,GMM estimator,1.0,0.6,3411,1.0,1.0,1.0,0
61,0.9997312812600372,0.9997901063422604,0.9996374392878233,GMM estimator,1.0,0.6,3411,1.0,1.0,1.0,0
62,1.0002412142752952,1.0000320201192312,0.999857110622331,GMM estimator,1.0,0.6,3411,1.0,1.0,1.0,0
63,1.000533884656037,1.0006103839694995,1.000791602751602,GMM estimator,1.0,0.6,3411,1.0,1.0,1.0,0
64,1.000130850218625,1.0000650414627748,1.0003338118770895,GMM estimator,1.0,0.6,3411,1.0,1.0,1.0,0
65,0.9994177810880179,0.99932619225069,0.9990944874321283,GMM estimator,1.0,0.6,3411,1.0,1.0,1.0,0
66,0.9994631979143997,0.9995088696721472,0.9994386946422682,GMM estimator,1.0,0.6,3411,1.0,1.0,1.0,0
67,0.9997166152107848,0.9997654000897733,0.9994460296638337,GMM estimator,1.0,0.6,3411,1.0,1.0,1.0,0
68,1.0006242007466268,1.0004181333176345,1.0006809281536087,GMM estimator,1.0,0.6,3411,1.0,1.0,1.0,0
69,0.9984360141465664,0.9985621208518429,0.9981645971777023,GMM estimator,1.0,0.6,3411,1.0,1.0,1.0,0
70,1.0001928186871774,1.000112466661768,1.0000300644185054,GMM estimator,1.0,0.6,3411,1.0,1.0,1.0,0
71,1.0007815848322306,1.0008497536467753,1.0010978393126633,GMM estimator,1.0,0.6,3411,1.0,1.0,1.0,0
72,0.9996537806946222,0.9997494952967872,0.9996499358306664,GMM estimator,1.0,0.6,3411,1.0,1.0,1.0,0
73,0.9990646575026203,0.9991097064109041,0.9990898185606027,GMM estimator,1.0,0.6,3411,1.0,1.0,1.0,0
74,1.0004300615385215,1.000358068922054,1.0004735391340673,GMM estimator,1.0,0.6,3411,1.0,1.0,1.0,0
75,0.999530153575855,0.9996713234613082,0.999563227461769,GMM estimator,1.0,0.6,3411,1.0,1.0,1.0,0
76,1.0003792436401597,1.0001167253304457,1.0001733770236656,GMM estimator,1.0,0.6,3411,1.0,1.0,1.0,0
77,0.99939209775513,0.9993859961096767,0.9991033633987763,GMM estimator,1.0,0.6,3411,1.0,1.0,1.0,0
78,1.0007133661424323,1.0006245200054935,1.0007481359586556,GMM estimator,1.0,0.6,3411,1.0,1.0,1.0,0
79,0.9999017649089126,0.9998643075466878,0.9997253104726264,GMM estimator,1.0,0.6,3411,1.0,1.0,1.0,0
80,0.9991972091298976,0.9993201753084731,0.9990329304273362,GMM estimator,1.0,0.6,3411,1.0,1.0,1.0,0
81,0.9997748608705919,0.999856954376021,0.9997585762674328,GMM estimator,1.0,0.6,3411,1.0,1.0,1.0,0
82,1.00046169213533,1.0002462145952187,1.000351076338068,GMM estimator,1.0,0.6,3411,1.0,1.0,1.0,0
83,0.9995370446031677,0.9995177863263716,0.9993772016798981,GMM estimator,1.0,0.6,3411,1.0,1.0,1.0,0
84,1.0003611895659048,1.0003064540518147,1.000296573616759,GMM estimator,1.0,0.6,3411,1.0,1.0,1.0,0
85,1.000686079850158,1.0007635249984996,1.000849863439313,GMM estimator,1.0,0.6,3411,1.0,1.0,1.0,0
86,0.9994882770660882,0.9995705170887927,0.9995526153237873,GMM estimator,1.0,0.6,3411,1.0,1.0,1.0,0
87,0.9998882314597928,0.999986914094346,0.9997908178960961,GMM estimator,1.0,0.6,3411,1.0,1.0,1.0,0
88,1.0003575107698885,1.0001073168290546,1.00016554791741,GMM estimator,1.0,0.6,3411,1.0,1.0,1.0,0
89,1.000199439990943,1.0000163239021036,1.0000320555981752,GMM estimator,1.0,0.6,3411,1.0,1.0,1.0,0
90,1.0001243892536849,1.0003593262831711,1.0005938428928582,GMM estimator,1.0,0.6,3411,1.0,1.0,1.0,0
91,1.0005008185261162,1.0005975343244469,1.0005610033225272,GMM estimator,1.0,0.6,3411,1.0,1.0,1.0,0
92,0.9997316187206049,0.9998050684369613,0.9996515824228277,GMM estimator,1.0,0.6,3411,1.0,1.0,1.0,0
93,1.0001101783070667,0.9999267349572634,0.9998936391232469,GMM estimator,1.0,0.6,3411,1.0,1.0,1.0,0
94,0.9992341821993106,0.9993406648805248,0.9989890017631762,GMM estimator,1.0,0.6,3411,1.0,1.0,1.0,0
95,1.0004081572150942,1.0003870163934403,1.0007675752888776,GMM estimator,1.0,0.6,3411,1.0,1.0,1.0,0
96,0.9996231996131797,0.9994808666388242,0.9994662920776227,GMM estimator,1.0,0.6,3411,1.0,1.0,1.0,0
97,0.999854687158394,0.9998865456658,0.9997786568894472,GMM estimator,1.0,0.6,3411,1.0,1.0,1.0,0
98,0.9999554712481056,1.000059066330116,1.000096965427421,GMM estimator,1.0,0.6,3411,1.0,1.0,1.0,0
99,0.9997411326146317,0.9998793777989012,0.9996547530497079,GMM estimator,1.0,0.6,3411,1.0,1.0,1.0,0
100,1.0008219954106492,1.0006850775422915,1.0008681414626426,GMM estimator,1.0,0.6,3411,1.0,1.0,1.0,0
1,1.0007312827871184,1.0078927581946757,1.001420092952121,Three-step,0.25,0.8,3411,1.0,1.0,1.0,0
2,1.000151122396416,0.9971656521059205,0.996996981831225,Three-step,0.25,0.8,3411,1.0,1.0,1.0,0
3,1.0000010217259376,1.0058507721504155,0.9974624325525356,Three-step,0.25,0.8,3411,1.0,1.0,1.0,0
4,1.0001676521560052,0.999499386222218,0.9982735303042316,Three-step,0.25,0.8,3411,1.0,1.0,1.0,0
5,1.000064718189192,0.9987706793342244,1.0028213223814302,Three-step,0.25,0.8,3411,1.0,1.0,1.0,0
6,1.000121385357022,1.003194170555655,1.0009395101246523,Three-step,0.25,0.8,3411,1.0,1.0,1.0,0
7,0.9999037666796168,1.000339430023602,1.0023083805114112,Three-step,0.25,0.8,3411,1.0,1.0,1.0,0
8,0.9995508439203917,1.0039274742557298,1.000736410168623,Three-step,0.25,0.8,3411,1.0,1.0,1.0,0
9,0.9999132985981568,1.0018383726327793,1.001699148751357,Three-step,0.25,0.8,3411,1.0,1.0,1.0,0
10,0.9998064536136527,0.9947565430497533,0.9993330986628928,Three-step,0.25,0.8,3411,1.0,1.0,1.0,0
11,1.0002331461480027,0.9981841149872646,0.9995229893401216,Three-step,0.25,0.8,3411,1.0,1.0,1.0,0
12,0.9998557003595784,1.006498763319519,1.0001447340200726,Three-step,0.25,0.8,3411,1.0,1.0,1.0,0
13,1.0002170445587724,1.0044730276090927,1.0008423061530853,Three-step,0.25,0.8,3411,1.0,1.0,1.0,0
14,1.0002969353711684,1.0020933393501832,1.0009839146588637,Three-step,0.25,0.8,3411,1.0,1.0,1.0,0
15,0.9996965852797205,0.9977999256959283,0.9973060033352849,Three-step,0.25,0.8,3411,1.0,1.0,1.0,0
16,0.9992021107530079,0.9987633119366507,1.0032634227731358,Three-step,0.25,0.8,3411,1.0,1.0,1.0,0
17,1.0003274668128854,0.9989687907403897,0.9973528297901283,Three-step,0.25,0.8,3411,1.0,1.0,1.0,0
18,0.9996581251048228,0.996256049585662,0.9981339152147356,Three-step,0.25,0.8,3411,1.0,1.0,1.0,0
19,0.9997531715451246,1.0008174798185208,1.0028513023795966,Three-step,0.25,0.8,3411,1.0,1.0,1.0,0
20,0.9999469996484626,0.9988062262863273,0.9970569527925328,Three-step,0.25,0.8,3411,1.0,1.0,1.0,0
21,1.0005003543759967,0.9970844485215522,1.0018958519336676,Three-step,0.25,0.8,3411,1.0,1.0,1.0,0
22,1.00015367634978,1.0020529641847629,1.0011430040474574,Three-step,0.25,0.8,3411,1.0,1.0,1.0,0
23,0.9999402797004898,1.0033886132617689,0.9991961350410051,Three-step,0.25,0.8,3411,1.0,1.0,1.0,0
24,1.0000585762393157,0.9985456615687525,1.001050504633314,Three-step,0.25,0.8,3411,1.0,1.0,1.0,0
25,0.9999976886801087,0.9979947786952736,1.0027975537608025,Three-step,0.25,0.8,3411,1.0,1.0,1.0,0
26,0.9994791351295268,0.999864090816754,1.0002760278621634,Three-step,0.25,0.8,3411,1.0,1.0,1.0,0
27,1.000255002668949,0.9942038295249064,0.9980963767715754,Three-step,0.25,0.8,3411,1.0,1.0,1.0,0
28,0.9998719088622062,0.9988035162791516,0.9984429602530384,Three-step,0.25,0.8,3411,1.0,1.0,1.0,0
29,0.9996786169203599,1.0003468112089193,1.0016174243570293,Three-step,0.25,0.8,3411,1.0,1.0,1.0,0
30,1.0002013417889255,0.9990919501985158,0.9973625142435865,Three-step,0.25,0.8,3411,1.0,1.0,1.0,0
31,1.0000126350773604,0.9966411637470551,0.9982061238300594,Three-step,0.25,0.8,3411,1.0,1.0,1.0,0
32,0.9998959820191575,1.0020278184876021,0.9985253235592204,Three-step,0.25,0.8,3411,1.0,1.0,1.0,0
33,1.0000958970469334,0.9981897729153314,1.0020187314956144,Three-step,0.25,0.8,3411,1.0,1.0,1.0,0
34,0.9998987094374394,1.0006088219440443,1.0043457916911647,Three-step,0.25,0.8,3411,1.0,1.0,1.0,0
35,0.9999630308178489,1.0004219144003155,0.9997750696968557,Three-step,0.25,0.8,3411,1.0,1.0,1.0,0
36,1.0001487234159165,0.9984331403613896,0.9987275248766819,Three-step,0.25,0.8,3411,1.0,1.0,1.0,0
37,0.9994392496578656,1.0033999388770583,1.0024913346718944,Three-step,0.25,0.8,3411,1.0,1.0,1.0,0
38,1.000291681078334,0.9989954663756891,0.9980249179001086,Three-step,0.25,0.8,3411,1.0,1.0,1.0,0
39,1.0002031246572387,0.9983067857645597,1.0014583183014847,Three-step,0.25,0.8,3411,1.0,1.0,1.0,0
40,1.0005220464886466,0.9966077080002148,0.9969379028194953,Three-step,0.25,0.8,3411,1.0,1.0,1.0,0
41,1.000089302993088,0.9999797449154834,0.9960396768063802,Three-step,0.25,0.8,3411,1.0,1.0,1.0,0
42,1.0000254973984177,1.0021191790488808,1.0005063092431707,Three-step,0.25,0.8,3411,1.0,1.0,1.0,0
43,0.99977881561092,1.004502947552358,1.006855662948398,Three-step,0.25,0.8,3411,1.0,1.0,1.0,0
44,1.0003750932390743,0.9987342150280721,0.9993599575364485,Three-step,0.25,0.8,3411,1.0,1.0,1.0,0
45,1.0004934907330254,1.0002469907275218,1.002610893542872,Three-step,0.25,0.8,3411,1.0,1.0,1.0,0
46,1.0003062275839232,1.0043023177244768,1.0023396731827348,Three-step,0.25,0.8,3411,1.0,1.0,1.0,0
47,1.000407924570811,0.9955565843268779,1.0036648844384461,Three-step,0.25,0.8,3411,1.0,1.0,1.0,0
48,0.9999796409665368,0.9927783398019511,0.9975371516045728,Three-step,0.25,0.8,3411,1.0,1.0,1.0,0
49,0.9999198240231563,0.9976371321185371,1.001199393538127,Three-step,0.25,0.8,3411,1.0,1.0,1.0,0
50,1.0000171916283422,1.0015450655669864,0.999691581542119,Three-step,0.25,0.8,3411,1.0,1.0,1.0,0
51,0.9999299143708963,1.0005424397971232,0.9966935006372644,Three-step,0.25,0.8,3411,1.0,1.0,1.0,0
52,1.0001727301698904,0.996162119400298,0.9987627206750346,Three-step,0.25,0.8,3411,1.0,1.0,1.0,0
53,0.9998280930785727,0.9985170173973658,0.996797705941466,Three-step,0.25,0.8,3411,1.0,1.0,1.0,0
54,0.9996330671262803,1.0013282975798359,1.0051682863303797,Three-step,0.25,0.8,3411,1.0,1.0,1.0,0
55,1.0001797980105573,0.9981755670181992,0.997462593491639,Three-step,0.25,0.8,3411,1.0,1.0,1.0,0
56,0.9998137046553037,1.0001914011408612,0.9985385707998213,Three-step,0.25,0.8,3411,1.0,1.0,1.0,0
57,0.9999891133636833,1.0046662183604278,1.0023424146813973,Three-step,0.25,0.8,3411,1.0,1.0,1.0,0
58,1.0002080382202023,0.9995055748517924,1.0021311843196876,Three-step,0.25,0.8,3411,1.0,1.0,1.0,0
59,1.000100786105441,0.9974336029371063,0.99991650668037,Three-step,0.25,0.8,3411,1.0,1.0,1.0,0
60,1.0000189311473369,1.0004762585169067,1.0033041793113409,Three-step,0.25,0.8,3411,1.0,1.0,1.0,0
61,1.0004521926891081,0.9972303490940029,1.0012347667999841,Three-step,0.25,0.8,3411,1.0,1.0,1.0,0
62,0.999637894381587,1.0029029259109312,1.001035140655135,Three-step,0.25,0.8,3411,1.0,1.0,1.0,0
63,0.9998059951223024,0.9966832755200349,0.9986081824138964,Three-step,0.25,0.8,3411,1.0,1.0,1.0,0
64,1.0002014425322254,0.998345753564654,1.000344101621352,Three-step,0.25,0.8,3411,1.0,1.0,1.0,0
65,1.0000541329187809,0.9988132028801296,1.002913125041197,Three-step,0.25,0.8,3411,1.0,1.0,1.0,0
66,0.9998388929817456,1.0017592217154112,1.0018568104820067,Three-step,0.25,0.8,3411,1.0,1.0,1.0,0
67,0.9998870048474513,0.9993669391102687,0.9992732895420565,Three-step,0.25,0.8,3411,1.0,1.0,1.0,0
68,0.9999948133766928,1.0000292754871454,0.9998896383182952,Three-step,0.25,0.8,3411,1.0,1.0,1.0,0
69,1.000038773875358,0.999607856679538,1.0000365828061992,Three-step,0.25,0.8,3411,1.0,1.0,1.0,0
70,0.9996033374142181,1.001198245974855,0.9997607223467095,Three-step,0.25,0.8,3411,1.0,1.0,1.0,0
71,1.0004167876597239,0.9963978549032121,1.0002157833521992,Three-step,0.25,0.8,3411,1.0,1.0,1.0,0
72,1.000176359178548,0.9988582753884641,1.0040831167930213,Three-step,0.25,0.8,3411,1.0,1.0,1.0,0
73,0.9998453172125445,1.0009602139423461,0.9996654665575877,Three-step,0.25,0.8,3411,1.0,1.0,1.0,0
74,0.9998118239299386,0.9978218206915859,1.0016591511334667,Three-step,0.25,0.8,3411,1.0,1.0,1.0,0
75,1.0001379320482113,0.9953398656493648,1.000707005405019,Three-step,0.25,0.8,3411,1.0,1.0,1.0,0
76,1.0000586293468576,1.0038601389156723,1.0003569741132234,Three-step,0.25,0.8,3411,1.0,1.0,1.0,0
77,1.0000004323892504,0.9942610156657565,0.9981031232615439,Three-step,0.25,0.8,3411,1.0,1.0,1.0,0
78,0.9998689374397223,0.9945376067247607,1.0008414406625301,Three-step,0.25,0.8,3411,1.0,1.0,1.0,0
79,1.0003894065567027,0.9988348724072287,1.000982900818585,Three-step,0.25,0.8,3411,1.0,1.0,1.0,0
80,0.9995263077928277,1.0011752683566193,1.0027977846815235,Three-step,0.25,0.8,3411,1.0,1.0,1.0,0
81,0.9998943186274862,1.0004557893103356,1.0018051283960197,Three-step,0.25,0.8,3411,1.0,1.0,1.0,0
82,1.00073854151698,0.9990091875106268,1.0001461794260085,Three-step,0.25,0.8,3411,1.0,1.0,1.0,0
83,1.0000509800012853,1.0029290922627774,0.9994457547662317,Three-step,0.25,0.8,3411,1.0,1.0,1.0,0
84,1.0002451230505762,1.0002896738108182,1.0048125914482136,Three-step,0.25,0.8,3411,1.0,1.0,1.0,0
85,0.999788869977579,0.9982885554931279,1.0037120476398063,Three-step,0.25,0.8,3411,1.0,1.0,1.0,0
86,0.9998493168924603,1.000731563930395,1.0024417705574276,Three-step,0.25,0.8,3411,1.0,1.0,1.0,0
87,1.0002044240635728,0.9962961040065657,0.996654769172331,Three-step,0.25,0.8,3411,1.0,1.0,1.0,0
88,0.9998797304052462,0.9981484639275197,0.9993302205575464,Three-step,0.25,0.8,3411,1.0,1.0,1.0,0
89,0.999919721430975,1.0003319093358938,1.000875725216965,Three-step,0.25,0.8,3411,1.0,1.0,1.0,0
90,0.9998426283460172,0.994770587235245,1.0046206111803442,Three-step,0.25,0.8,3411,1.0,1.0,1.0,0
91,1.0000343892342132,1.0082793013460964,1.0027035987563175,Three-step,0.25,0.8,3411,1.0,1.0,1.0,0
92,1.000192772239138,1.0024135574395374,1.0001746600052848,Three-step,0.25,0.8,3411,1.0,1.0,1.0,0
93,1.0000777282799038,0.9988746008813219,0.9982044362769973,Three-step,0.25,0.8,3411,1.0,1.0,1.0,0
94,1.0000348667201187,1.005347753958718,1.0029003479566674,Three-step,0.25,0.8,3411,1.0,1.0,1.0,0
95,1.0002243623961473,1.0061356539967194,1.00356884361973,Three-step,0.25,0.8,3411,1.0,1.0,1.0,0
96,1.0000527919529503,1.0051292706725818,1.0040453242377032,Three-step,0.25,0.8,3411,1.0,1.0,1.0,0
97,0.9999161547493373,1.0021960307708824,1.0032532160750154,Three-step,0.25,0.8,3411,1.0,1.0,1.0,0
98,0.9998295866828747,0.9985243463790621,0.9999261179863069,Three-step,0.25,0.8,3411,1.0,1.0,1.0,0
99,1.0000334783800167,0.9993894624546978,0.9966950874205394,Three-step,0.25,0.8,3411,1.0,1.0,1.0,0
100,0.9999087407743801,1.0017993409610042,1.0024593448849983,Three-step,0.25,0.8,3411,1.0,1.0,1.0,0
1,1.0007936325357765,1.004932027309112,1.0014200929521209,Robins' estimator,0.25,0.8,3411,1.0,1.0,1.0,0
2,0.9997472432922648,0.9978867519505873,0.9969969818312252,Robins' estimator,0.25,0.8,3411,1.0,1.0,1.0,0
3,0.9994497237382193,1.0042197318484207,0.9974624325525354,Robins' estimator,0.25,0.8,3411,1.0,1.0,1.0,0
4,0.9997575073980011,0.9997051978594611,0.9982735303042315,Robins' estimator,0.25,0.8,3411,1.0,1.0,1.0,0
5,1.0003019330997556,0.9984669126511657,1.0028213223814302,Robins' estimator,0.25,0.8,3411,1.0,1.0,1.0,0
6,1.000175278888256,1.0015462467636853,1.000939510124652,Robins' estimator,0.25,0.8,3411,1.0,1.0,1.0,0
7,1.000243577540502,0.9990843918954634,1.0023083805114115,Robins' estimator,0.25,0.8,3411,1.0,1.0,1.0,0
8,0.9995528617479035,1.002680756990444,1.0007364101686231,Robins' estimator,0.25,0.8,3411,1.0,1.0,1.0,0
9,1.0001199944830577,1.0009699636543423,1.001699148751357,Robins' estimator,0.25,0.8,3411,1.0,1.0,1.0,0
10,0.9998194502052297,0.9969034650798388,0.9993330986628927,Robins' estimator,0.25,0.8,3411,1.0,1.0,1.0,0
11,1.0000280411377063,0.998409103287438,0.9995229893401217,Robins' estimator,0.25,0.8,3411,1.0,1.0,1.0,0
12,0.9996810835949971,1.0030365824753698,1.0001447340200724,Robins' estimator,0.25,0.8,3411,1.0,1.0,1.0,0
13,1.0000447798736636,1.0025233164461211,1.0008423061530856,Robins' estimator,0.25,0.8,3411,1.0,1.0,1.0,0
14,1.0003140309143184,1.000278845824234,1.000983914658864,Robins' estimator,0.25,0.8,3411,1.0,1.0,1.0,0
15,0.9991205492728582,0.9993674224737339,0.997306003335285,Robins' estimator,0.25,0.8,3411,1.0,1.0,1.0,0
16,0.9997945074521356,0.9993899032870783,1.0032634227731358,Robins' estimator,0.25,0.8,3411,1.0,1.0,1.0,0
17,1.0000012229851476,0.9988480863976432,0.9973528297901285,Robins' estimator,0.25,0.8,3411,1.0,1.0,1.0,0
18,0.9994776702352893,0.9960015278253986,0.9981339152147357,Robins' estimator,0.25,0.8,3411,1.0,1.0,1.0,0
19,1.0001763789290539,1.0008834476770208,1.002851302379597,Robins' estimator,0.25,0.8,3411,1.0,1.0,1.0,0
20,0.999733730794448,0.9994231838494618,0.9970569527925328,Robins' estimator,0.25,0.8,3411,1.0,1.0,1.0,0
21,1.0006832100975698,0.9971638800510731,1.0018958519336674,Robins' estimator,0.25,0.8,3411,1.0,1.0,1.0,0
22,1.0004287393535423,1.0007823101954565,1.0011430040474572,Robins' estimator,0.25,0.8,3411,1.0,1.0,1.0,0
23,0.9994981384509715,1.0048616082625623,0.9991961350410051,Robins' estimator,0.25,0.8,3411,1.0,1.0,1.0,0
24,1.0000272192386819,0.9983973438542108,1.0010505046333138,Robins' estimator,0.25,0.8,3411,1.0,1.0,1.0,0
25,1.000498551613526,0.9986557565352334,1.0027975537608023,Robins' estimator,0.25,0.8,3411,1.0,1.0,1.0,0
26,0.9997513383133966,0.9994234946434128,1.0002760278621634,Robins' estimator,0.25,0.8,3411,1.0,1.0,1.0,0
27,1.0000251767869213,0.9958755163904274,0.9980963767715751,Robins' estimator,0.25,0.8,3411,1.0,1.0,1.0,0
28,0.9997104336984584,0.9998903709616239,0.9984429602530384,Robins' estimator,0.25,0.8,3411,1.0,1.0,1.0,0
29,0.9997187902762282,0.9976742507951698,1.001617424357029,Robins' estimator,0.25,0.8,3411,1.0,1.0,1.0,0
30,0.9998294545296645,0.9990206128248391,0.9973625142435866,Robins' estimator,0.25,0.8,3411,1.0,1.0,1.0,0
31,1.0001081963611178,0.9963322859415478,0.9982061238300592,Robins' estimator,0.25,0.8,3411,1.0,1.0,1.0,0
32,1.000177856501993,1.0016398562343736,0.9985253235592202,Robins' estimator,0.25,0.8,3411,1.0,1.0,1.0,0
33,1.0004072105938722,0.998671622410021,1.0020187314956144,Robins' estimator,0.25,0.8,3411,1.0,1.0,1.0,0
34,1.0003119004284928,0.9990130820786782,1.0043457916911647,Robins' estimator,0.25,0.8,3411,1.0,1.0,1.0,0
35,0.9997137951909494,1.0010406707233273,0.9997750696968555,Robins' estimator,0.25,0.8,3411,1.0,1.0,1.0,0
36,1.0000488822173863,0.9996198518025311,0.998727524876682,Robins' estimator,0.25,0.8,3411,1.0,1.0,1.0,0
37,0.9996189908594783,1.001364450902252,1.0024913346718944,Robins' estimator,0.25,0.8,3411,1.0,1.0,1.0,0
38,1.0000615284902925,0.9992935729136035,0.9980249179001087,Robins' estimator,0.25,0.8,3411,1.0,1.0,1.0,0
39,1.0003791952560876,0.9981489593379949,1.0014583183014847,Robins' estimator,0.25,0.8,3411,1.0,1.0,1.0,0
40,1.0001731970871213,0.9972063458797196,0.9969379028194956,Robins' estimator,0.25,0.8,3411,1.0,1.0,1.0,0
41,0.9996442219097416,1.0008173976699095,0.9960396768063801,Robins' estimator,0.25,0.8,3411,1.0,1.0,1.0,0
42,0.9996719596784444,1.0015184371731662,1.0005063092431705,Robins' estimator,0.25,0.8,3411,1.0,1.0,1.0,0
43,1.0002566334350018,1.0034584798465511,1.0068556629483982,Robins' estimator,0.25,0.8,3411,1.0,1.0,1.0,0
44,1.000275829938667,0.9996239134465866,0.9993599575364485,Robins' estimator,0.25,0.8,3411,1.0,1.0,1.0,0
45,1.000574027667992,1.0001232404477067,1.0026108935428721,Robins' estimator,0.25,0.8,3411,1.0,1.0,1.0,0
46,1.000064714585405,1.0053317777609978,1.002339673182735,Robins' estimator,0.25,0.8,3411,1.0,1.0,1.0,0
47,1.0007501124354887,0.9981520988189075,1.0036648844384461,Robins' estimator,0.25,0.8,3411,1.0,1.0,1.0,0
48,0.9996640021747697,0.9954585971586796,0.9975371516045729,Robins' estimator,0.25,0.8,3411,1.0,1.0,1.0,0
49,1.0001122816584826,0.9983237626213695,1.0011993935381267,Robins' estimator,0.25,0.8,3411,1.0,1.0,1.0,0
50,1.0000238448097882,1.0010345571039037,0.9996915815421189,Robins' estimator,0.25,0.8,3411,1.0,1.0,1.0,0
51,0.99955758242933,1.0006637138077699,0.9966935006372643,Robins' estimator,0.25,0.8,3411,1.0,1.0,1.0,0
52,0.9999876397503318,0.9973666673649411,0.9987627206750342,Robins' estimator,0.25,0.8,3411,1.0,1.0,1.0,0
53,0.999317625266786,0.9993746814539576,0.996797705941466,Robins' estimator,0.25,0.8,3411,1.0,1.0,1.0,0
54,1.00011224976998,1.000310192638607,1.0051682863303795,Robins' estimator,0.25,0.8,3411,1.0,1.0,1.0,0
55,1.0001204375711579,0.9994694375725282,0.997462593491639,Robins' estimator,0.25,0.8,3411,1.0,1.0,1.0,0
56,1.0000239839320877,1.0006826987039925,0.9985385707998214,Robins' estimator,0.25,0.8,3411,1.0,1.0,1.0,0
57,0.9997185584805713,1.0040147961411752,1.0023424146813973,Robins' estimator,0.25,0.8,3411,1.0,1.0,1.0,0
58,1.0004574889378581,0.9999097106935485,1.0021311843196876,Robins' estimator,0.25,0.8,3411,1.0,1.0,1.0,0
59,0.9999985815846346,0.9972126437116723,0.9999165066803698,Robins' estimator,0.25,0.8,3411,1.0,1.0,1.0,0
60,1.0001781759009813,0.9992086690257943,1.0033041793113409,Robins' estimator,0.25,0.8,3411,1.0,1.0,1.0,0
61,1.0006597426373842,0.9975011951202835,1.0012347667999841,Robins' estimator,0.25,0.8,3411,1.0,1.0,1.0,0
62,0.9996186466616152,1.002168680615473,1.001035140655135,Robins' estimator,0.25,0.8,3411,1.0,1.0,1.0,0
63,0.9998523357526575,0.9986259592665615,0.9986081824138962,Robins' estimator,0.25,0.8,3411,1.0,1.0,1.0,0
64,0.9999162119685008,0.9990285755040179,1.000344101621352,Robins' estimator,0.25,0.8,3411,1.0,1.0,1.0,0
65,1.000363401283053,0.9974025596344116,1.002913125041197,Robins' estimator,0.25,0.8,3411,1.0,1.0,1.0,0
66,1.0000839681831173,1.0016783214048284,1.0018568104820067,Robins' estimator,0.25,0.8,3411,1.0,1.0,1.0,0
67,0.9999850967514423,1.000097698016143,0.9992732895420566,Robins' estimator,0.25,0.8,3411,1.0,1.0,1.0,0
68,0.9999659965173238,0.9998094666353223,0.9998896383182951,Robins' estimator,0.25,0.8,3411,1.0,1.0,1.0,0
69,0.9997109306931252,0.9996255840957629,1.0000365828061992,Robins' estimator,0.25,0.8,3411,1.0,1.0,1.0,0
70,0.9999170901462985,1.0013818764404363,0.9997607223467097,Robins' estimator,0.25,0.8,3411,1.0,1.0,1.0,0
71,1.000504239768065,0.9974222201397164,1.0002157833521992,Robins' estimator,0.25,0.8,3411,1.0,1.0,1.0,0
72,1.0007313600371568,0.9980983522145963,1.0040831167930213,Robins' estimator,0.25,0.8,3411,1.0,1.0,1.0,0
73,0.9999311476035765,1.0001065483873075,0.9996654665575877,Robins' estimator,0.25,0.8,3411,1.0,1.0,1.0,0
74,0.9999669880784289,0.9960432694801699,1.0016591511334665,Robins' estimator,0.25,0.8,3411,1.0,1.0,1.0,0
75,1.000179177764227,0.9974363647547173,1.000707005405019,Robins' estimator,0.25,0.8,3411,1.0,1.0,1.0,0
76,0.9998197503628564,1.0035172456787058,1.0003569741132234,Robins' estimator,0.25,0.8,3411,1.0,1.0,1.0,0
77,0.9998039334077611,0.9960585435909076,0.9981031232615439,Robins' estimator,0.25,0.8,3411,1.0,1.0,1.0,0
78,0.9999485889839541,0.9997136656023123,1.0008414406625301,Robins' estimator,0.25,0.8,3411,1.0,1.0,1.0,0
79,1.0006004994031756,0.999230294904581,1.0009829008185849,Robins' estimator,0.25,0.8,3411,1.0,1.0,1.0,0
80,0.9999144357083204,1.0005944374498634,1.0027977846815235,Robins' estimator,0.25,0.8,3411,1.0,1.0,1.0,0
81,1.00006751752306,0.9975058951649711,1.0018051283960199,Robins' estimator,0.25,0.8,3411,1.0,1.0,1.0,0
82,1.0007221660115708,0.9984619535425173,1.0001461794260083,Robins' estimator,0.25,0.8,3411,1.0,1.0,1.0,0
83,0.9998507337969013,1.0024418868736304,0.9994457547662317,Robins' estimator,0.25,0.8,3411,1.0,1.0,1.0,0
84,1.0004801053614518,0.9999734257012158,1.0048125914482138,Robins' estimator,0.25,0.8,3411,1.0,1.0,1.0,0
85,1.000454863578468,0.997631428889919,1.0037120476398058,Robins' estimator,0.25,0.8,3411,1.0,1.0,1.0,0
86,0.9995227098675076,0.9962673195591348,1.0024417705574273,Robins' estimator,0.25,0.8,3411,1.0,1.0,1.0,0
87,1.0000388690588753,0.9989927522417612,0.996654769172331,Robins' estimator,0.25,0.8,3411,1.0,1.0,1.0,0
88,1.0000870913508715,0.9980069145216204,0.9993302205575464,Robins' estimator,0.25,0.8,3411,1.0,1.0,1.0,0
89,0.999883578728647,0.9997607474498581,1.000875725216965,Robins' estimator,0.25,0.8,3411,1.0,1.0,1.0,0
90,1.0007074444644932,0.9952768197316386,1.0046206111803442,Robins' estimator,0.25,0.8,3411,1.0,1.0,1.0,0
91,1.000004154537249,1.0054294003832507,1.0027035987563175,Robins' estimator,0.25,0.8,3411,1.0,1.0,1.0,0
92,1.000197275250297,1.0017985609278404,1.0001746600052843,Robins' estimator,0.25,0.8,3411,1.0,1.0,1.0,0
93,0.9999068589750216,0.999477801763041,0.9982044362769973,Robins' estimator,0.25,0.8,3411,1.0,1.0,1.0,0
94,1.0001070503537606,1.0051773203809202,1.0029003479566674,Robins' estimator,0.25,0.8,3411,1.0,1.0,1.0,0
95,1.0002552421692956,1.0050879290738333,1.00356884361973,Robins' estimator,0.25,0.8,3411,1.0,1.0,1.0,0
96,0.9997370878952417,1.0035529209783327,1.0040453242377032,Robins' estimator,0.25,0.8,3411,1.0,1.0,1.0,0
97,1.0000672405817217,1.0035459848498676,1.0032532160750158,Robins' estimator,0.25,0.8,3411,1.0,1.0,1.0,0
98,0.9999844500183929,0.9988854545051487,0.9999261179863069,Robins' estimator,0.25,0.8,3411,1.0,1.0,1.0,0
99,0.9997594710922834,1.0006991787535127,0.9966950874205392,Robins' estimator,0.25,0.8,3411,1.0,1.0,1.0,0
100,1.0000170022150576,1.0026080370453634,1.0024593448849985,Robins' estimator,0.25,0.8,3411,1.0,1.0,1.0,0
1,1.0007226276325745,1.0050389833425672,0.9997971017716267,GMM estimator,0.25,0.8,3411,1.0,1.0,1.0,0
2,1.0000893939009765,0.9977263941898847,0.9983852286592607,GMM estimator,0.25,0.8,3411,1.0,1.0,1.0,0
3,0.9999965772505495,0.997422458587554,0.9984598115075438,GMM estimator,0.25,0.8,3411,1.0,1.0,1.0,0
4,1.0000315406294984,0.9995473454415622,1.000742043631579,GMM estimator,0.25,0.8,3411,1.0,1.0,1.0,0
5,1.0001182988579531,0.9987572373713282,1.001440268008185,GMM estimator,0.25,0.8,3411,1.0,1.0,1.0,0
6,1.0001064190350426,1.001328438784018,0.9995449228751783,GMM estimator,0.25,0.8,3411,1.0,1.0,1.0,0
7,0.9999070441966732,0.9991786306462476,0.9987207674389733,GMM estimator,0.25,0.8,3411,1.0,1.0,1.0,0
8,0.9995584677097615,1.0024292752714383,1.000596905103734,GMM estimator,0.25,0.8,3411,1.0,1.0,1.0,0
9,0.9999435340234265,1.0016650115146528,1.000824285743196,GMM estimator,0.25,0.8,3411,1.0,1.0,1.0,0
10,0.9998222548446601,0.9969674937711352,0.9993747009460137,GMM estimator,0.25,0.8,3411,1.0,1.0,1.0,0
11,1.0001674168735066,0.9978690490632836,1.000337713312161,GMM estimator,0.25,0.8,3411,1.0,1.0,1.0,0
12,0.9998619260154235,1.0024093628713067,1.001261309438128,GMM estimator,0.25,0.8,3411,1.0,1.0,1.0,0
13,1.000193569308133,0.9997387559974298,0.9994824586941302,GMM estimator,0.25,0.8,3411,1.0,1.0,1.0,0
14,1.0002470314391732,1.0001609765544919,1.0004318336390705,GMM estimator,0.25,0.8,3411,1.0,1.0,1.0,0
15,0.9996254060878882,0.9988370146989388,1.000045724701815,GMM estimator,0.25,0.8,3411,1.0,1.0,1.0,0
16,0.9992760208077909,0.9994559793909119,0.9991415825652057,GMM estimator,0.25,0.8,3411,1.0,1.0,1.0,0
17,1.0003263095300114,0.9980048186323376,0.9995970875834708,GMM estimator,0.25,0.8,3411,1.0,1.0,1.0,0
18,0.9995982986639573,0.9958144239020927,0.9994094938602487,GMM estimator,0.25,0.8,3411,1.0,1.0,1.0,0
19,0.9998136394088304,1.0009917769768035,0.9997336536549675,GMM estimator,0.25,0.8,3411,1.0,1.0,1.0,0
20,0.9999261330293294,0.9985611796558658,0.9979493666625894,GMM estimator,0.25,0.8,3411,1.0,1.0,1.0,0
21,1.0005118840075384,0.9978801182812669,1.0008058604980965,GMM estimator,0.25,0.8,3411,1.0,1.0,1.0,0
22,1.000169326697754,1.000650761799297,0.999251614834864,GMM estimator,0.25,0.8,3411,1.0,1.0,1.0,0
23,0.9999039489271576,1.0013511937038588,1.0000360156164176,GMM estimator,0.25,0.8,3411,1.0,1.0,1.0,0
24,1.0000390890970714,0.9984376232970387,1.0012868194746187,GMM estimator,0.25,0.8,3411,1.0,1.0,1.0,0
25,1.0000104941556904,1.000008358896784,1.001028681958192,GMM estimator,0.25,0.8,3411,1.0,1.0,1.0,0
26,0.9995093223176764,0.9996705782807096,0.998529913452078,GMM estimator,0.25,0.8,3411,1.0,1.0,1.0,0
27,1.0002058269395897,0.995963483520328,0.9995774608616363,GMM estimator,0.25,0.8,3411,1.0,1.0,1.0,0
28,0.9998629026497184,1.000128651017352,1.000202072946065,GMM estimator,0.25,0.8,3411,1.0,1.0,1.0,0
29,0.9997265974002161,0.9979695572670986,1.0006484545139642,GMM estimator,0.25,0.8,3411,1.0,1.0,1.0,0
30,1.0001882980030248,0.9991219827062783,0.9994585397862901,GMM estimator,0.25,0.8,3411,1.0,1.0,1.0,0
31,1.0000200388954454,0.99591074200778,0.9973128620291156,GMM estimator,0.25,0.8,3411,1.0,1.0,1.0,0
32,0.9999165995801544,1.0018367414994531,0.9972502330919757,GMM estimator,0.25,0.8,3411,1.0,1.0,1.0,0
33,1.0000879817562092,0.998439537982307,0.9989265437829022,GMM estimator,0.25,0.8,3411,1.0,1.0,1.0,0
34,0.9999081108993954,0.9988985619555591,1.000483198342117,GMM estimator,0.25,0.8,3411,1.0,1.0,1.0,0
35,0.9999356246668919,0.9992068170255255,1.000640605129262,GMM estimator,0.25,0.8,3411,1.0,1.0,1.0,0
36,1.00014521131658,0.9997255987715148,0.9995261347084519,GMM estimator,0.25,0.8,3411,1.0,1.0,1.0,0
37,0.9994380311530618,1.0015147832120634,1.0007047486212404,GMM estimator,0.25,0.8,3411,1.0,1.0,1.0,0
38,1.0002897571051395,0.9980768685159296,0.9990062185013189,GMM estimator,0.25,0.8,3411,1.0,1.0,1.0,0
39,1.0002256760861492,0.9980900529559017,1.000297194372771,GMM estimator,0.25,0.8,3411,1.0,1.0,1.0,0
40,1.0005320569046414,0.9973589922596046,0.9996736134950268,GMM estimator,0.25,0.8,3411,1.0,1.0,1.0,0
41,1.0000885255019436,0.9997235935822579,0.999312532066333,GMM estimator,0.25,0.8,3411,1.0,1.0,1.0,0
42,1.0000143755775877,1.0004388642975763,1.001921082754274,GMM estimator,0.25,0.8,3411,1.0,1.0,1.0,0
43,0.9998028947721106,1.0053875038467441,1.0037874792392154,GMM estimator,0.25,0.8,3411,1.0,1.0,1.0,0
44,1.0003714662662588,0.9996084114060262,1.0003109526955845,GMM estimator,0.25,0.8,3411,1.0,1.0,1.0,0
45,1.000501908135486,1.0002209092581131,1.0021285544676095,GMM estimator,0.25,0.8,3411,1.0,1.0,1.0,0
46,1.0002717155652316,1.0041196773843883,1.0037187589998169,GMM estimator,0.25,0.8,3411,1.0,1.0,1.0,0
47,1.000381696796519,0.9976866547132242,1.000910026766487,GMM estimator,0.25,0.8,3411,1.0,1.0,1.0,0
48,0.9999677033217763,0.9962533617577215,0.9996653268348288,GMM estimator,0.25,0.8,3411,1.0,1.0,1.0,0
49,0.9999429680593023,0.9988987022864559,0.9999907026472163,GMM estimator,0.25,0.8,3411,1.0,1.0,1.0,0
50,0.9999956670859604,1.000946467055818,0.99963824643687,GMM estimator,0.25,0.8,3411,1.0,1.0,1.0,0
51,0.9998964389649989,1.0004747806406762,0.9997121244590756,GMM estimator,0.25,0.8,3411,1.0,1.0,1.0,0
52,1.0001600061861642,0.9976927410060588,1.0001055049617644,GMM estimator,0.25,0.8,3411,1.0,1.0,1.0,0
53,0.9996571835437357,0.9955498994153666,0.9977699098253276,GMM estimator,0.25,0.8,3411,1.0,1.0,1.0,0
54,0.9996818793457355,1.0013032091183496,1.0020570605828745,GMM estimator,0.25,0.8,3411,1.0,1.0,1.0,0
55,1.0001880622165416,0.9996228734896475,0.9977693443183506,GMM estimator,0.25,0.8,3411,1.0,1.0,1.0,0
56,0.9998008751317179,1.0005069067035588,0.9970839669694067,GMM estimator,0.25,0.8,3411,1.0,1.0,1.0,0
57,0.9999797121610038,1.0019376757774774,1.0028708537071087,GMM estimator,0.25,0.8,3411,1.0,1.0,1.0,0
58,1.00021216689364,1.0000352671701664,0.999733387183225,GMM estimator,0.25,0.8,3411,1.0,1.0,1.0,0
59,1.0000753953624588,0.9969149235737784,1.00018753168087,GMM estimator,0.25,0.8,3411,1.0,1.0,1.0,0
60,1.0000385525692823,0.999476970906306,1.0018648255845948,GMM estimator,0.25,0.8,3411,1.0,1.0,1.0,0
61,1.0005334302473563,0.9985068953292777,1.0009213491901126,GMM estimator,0.25,0.8,3411,1.0,1.0,1.0,0
62,0.9996277752670872,1.0024324436345255,1.0011863208554157,GMM estimator,0.25,0.8,3411,1.0,1.0,1.0,0
63,0.9998229458879327,0.9992213189363051,0.9988634527220182,GMM estimator,0.25,0.8,3411,1.0,1.0,1.0,0
64,1.0001764554154042,0.9986782650368263,1.0018912041066699,GMM estimator,0.25,0.8,3411,1.0,1.0,1.0,0
65,1.0001094716424643,0.9980816783375408,1.0011466451708277,GMM estimator,0.25,0.8,3411,1.0,1.0,1.0,0
66,0.9998621599937255,1.002535409772936,1.0005350886119029,GMM estimator,0.25,0.8,3411,1.0,1.0,1.0,0
67,0.9999258713982733,1.0008338158272254,0.9992961747073292,GMM estimator,0.25,0.8,3411,1.0,1.0,1.0,0
68,1.0000061363242698,0.9997837651921827,1.0000726769468855,GMM estimator,0.25,0.8,3411,1.0,1.0,1.0,0
69,1.0000178186498114,0.9984628804507891,1.0012083518746948,GMM estimator,0.25,0.8,3411,1.0,1.0,1.0,0
70,0.9996789762624763,1.0029961834327237,0.9990650132810013,GMM estimator,0.25,0.8,3411,1.0,1.0,1.0,0
71,1.000410298941229,0.9979486801507695,0.9998046229076687,GMM estimator,0.25,0.8,3411,1.0,1.0,1.0,0
72,1.0002696385504297,0.9975798490180211,1.000075140725662,GMM estimator,0.25,0.8,3411,1.0,1.0,1.0,0
73,0.9998209335031234,1.000096754072238,0.998879801342512,GMM estimator,0.25,0.8,3411,1.0,1.0,1.0,0
74,0.999833174976147,0.995917800892115,1.0001042691494106,GMM estimator,0.25,0.8,3411,1.0,1.0,1.0,0
75,1.0001712290516835,0.9978214657322333,1.0006731646349962,GMM estimator,0.25,0.8,3411,1.0,1.0,1.0,0
76,1.0000563181751638,1.0016576989897619,1.0009326199690816,GMM estimator,0.25,0.8,3411,1.0,1.0,1.0,0
77,0.999995586430436,0.9962730291347771,0.9994650164336756,GMM estimator,0.25,0.8,3411,1.0,1.0,1.0,0
78,0.9998475386357717,1.0003273733115479,1.000487536515072,GMM estimator,0.25,0.8,3411,1.0,1.0,1.0,0
79,1.0003590325651968,0.9993361768592792,0.9987456607176792,GMM estimator,0.25,0.8,3411,1.0,1.0,1.0,0
80,0.9996079539285666,1.001089587186975,0.99991580949027,GMM estimator,0.25,0.8,3411,1.0,1.0,1.0,0
81,0.9998757959561378,0.9973720817623007,0.9995004264409957,GMM estimator,0.25,0.8,3411,1.0,1.0,1.0,0
82,1.000703062037431,0.9978630775525055,0.9997044595760016,GMM estimator,0.25,0.8,3411,1.0,1.0,1.0,0
83,1.0000386909574697,1.0015694301450067,0.9999238662670868,GMM estimator,0.25,0.8,3411,1.0,1.0,1.0,0
84,1.0002736404290573,1.0000415006098682,1.0029468052610255,GMM estimator,0.25,0.8,3411,1.0,1.0,1.0,0
85,0.9998098326529176,0.999252646201803,0.9992107404352009,GMM estimator,0.25,0.8,3411,1.0,1.0,1.0,0
86,0.9997824922332895,0.9983188394221383,1.0013259825435075,GMM estimator,0.25,0.8,3411,1.0,1.0,1.0,0
87,1.000293815519644,0.9989675698286302,0.9985206989924613,GMM estimator,0.25,0.8,3411,1.0,1.0,1.0,0
88,0.9998967672123824,0.9980360996223165,0.9977974258158824,GMM estimator,0.25,0.8,3411,1.0,1.0,1.0,0
89,0.9999025335826311,0.9995757871978257,1.0007215351433123,GMM estimator,0.25,0.8,3411,1.0,1.0,1.0,0
90,0.9998846705120352,0.9976488289445098,0.9981899086334387,GMM estimator,0.25,0.8,3411,1.0,1.0,1.0,0
91,1.0000048543621314,1.0038642546437715,1.0018154786249984,GMM estimator,0.25,0.8,3411,1.0,1.0,1.0,0
92,1.0002089778918493,1.001772335415629,0.9999499224063193,GMM estimator,0.25,0.8,3411,1.0,1.0,1.0,0
93,1.0000515893225779,0.9993956920890821,0.999630357011501,GMM estimator,0.25,0.8,3411,1.0,1.0,1.0,0
94,1.000037273054322,1.0051313159332744,1.0024463240610668,GMM estimator,0.25,0.8,3411,1.0,1.0,1.0,0
95,1.0002215866434192,1.0047946128897092,1.0028170994559966,GMM estimator,0.25,0.8,3411,1.0,1.0,1.0,0
96,0.9999896020268396,1.0012306196371674,1.0037233943055135,GMM estimator,0.25,0.8,3411,1.0,1.0,1.0,0
97,0.9999086564804869,1.0037915319251396,1.0021642539515048,GMM estimator,0.25,0.8,3411,1.0,1.0,1.0,0
98,0.9998627356734814,0.9994534669658404,0.9994883723313928,GMM estimator,0.25,0.8,3411,1.0,1.0,1.0,0
99,0.9999639840967218,1.0001306386597728,0.9980447086191417,GMM estimator,0.25,0.8,3411,1.0,1.0,1.0,0
100,0.9998970693733957,1.0034868939494883,1.002267289867131,GMM estimator,0.25,0.8,3411,1.0,1.0,1.0,0
1,1.0007315708279734,1.004035117057189,1.0041575301651926,Three-step,0.5,0.8,3411,1.0,1.0,1.0,0
2,1.000151285818553,1.0015368735903698,0.998464722684671,Three-step,0.5,0.8,3411,1.0,1.0,1.0,0
3,1.000000748765952,1.002906254534743,0.9970019023677212,Three-step,0.5,0.8,3411,1.0,1.0,1.0,0
4,1.0001676539260937,1.0001342353642049,0.9982981818456048,Three-step,0.5,0.8,3411,1.0,1.0,1.0,0
5,1.0000641952185287,0.9993684250334486,1.0010728656069647,Three-step,0.5,0.8,3411,1.0,1.0,1.0,0
6,1.000121288851391,1.0009660908850924,0.9994902276514938,Three-step,0.5,0.8,3411,1.0,1.0,1.0,0
7,0.9999019285019222,1.0015477737229044,1.0005691329202093,Three-step,0.5,0.8,3411,1.0,1.0,1.0,0
8,0.9995519026706474,1.0021766496389795,1.000277637183221,Three-step,0.5,0.8,3411,1.0,1.0,1.0,0
9,0.9999136392495959,1.0011438472970746,1.0006959159667737,Three-step,0.5,0.8,3411,1.0,1.0,1.0,0
10,0.9998066862721765,0.9964395512108866,0.9975239319148014,Three-step,0.5,0.8,3411,1.0,1.0,1.0,0
11,1.0002337212835963,0.998879960522492,0.9989960277049945,Three-step,0.5,0.8,3411,1.0,1.0,1.0,0
12,0.9998563406679585,1.0030511865721812,1.0007163918374444,Three-step,0.5,0.8,3411,1.0,1.0,1.0,0
13,1.0002159029057187,1.0011612077967353,1.0001355751689642,Three-step,0.5,0.8,3411,1.0,1.0,1.0,0
14,1.0002969246363997,1.0027006603630788,1.0004796835529777,Three-step,0.5,0.8,3411,1.0,1.0,1.0,0
15,0.9996984618245323,0.9991156973739115,0.9982637739610765,Three-step,0.5,0.8,3411,1.0,1.0,1.0,0
16,0.9992023173936256,1.0009121333877071,1.0019690677395467,Three-step,0.5,0.8,3411,1.0,1.0,1.0,0
17,1.000328315336414,1.0000577220024165,0.9992748866427834,Three-step,0.5,0.8,3411,1.0,1.0,1.0,0
18,0.9996581455824002,0.9963681848964799,0.9985866895191445,Three-step,0.5,0.8,3411,1.0,1.0,1.0,0
19,0.9997532959627001,0.9997367826089653,1.003550274733233,Three-step,0.5,0.8,3411,1.0,1.0,1.0,0
20,0.9999464186816452,1.0008088107569002,0.9999536286231623,Three-step,0.5,0.8,3411,1.0,1.0,1.0,0
21,1.0005013231013673,0.9997743263247504,0.9978637359065883,Three-step,0.5,0.8,3411,1.0,1.0,1.0,0
22,1.0001516120581582,0.9996592193959994,1.001027546919226,Three-step,0.5,0.8,3411,1.0,1.0,1.0,0
23,0.9999404359533032,1.0016579051953558,1.002175557081545,Three-step,0.5,0.8,3411,1.0,1.0,1.0,0
24,1.000060370678254,0.9972118319614249,1.0006717564067056,Three-step,0.5,0.8,3411,1.0,1.0,1.0,0
25,0.9999978861380596,0.99730573475684,1.0003767598958253,Three-step,0.5,0.8,3411,1.0,1.0,1.0,0
26,0.9994782048891464,1.0014944397767074,1.0004611525135483,Three-step,0.5,0.8,3411,1.0,1.0,1.0,0
27,1.0002555847813681,0.9968785344107725,0.997498547464279,Three-step,0.5,0.8,3411,1.0,1.0,1.0,0
28,0.9998718552824267,1.0012927750252354,0.9982047249729481,Three-step,0.5,0.8,3411,1.0,1.0,1.0,0
29,0.9996791865628489,0.998175467307747,0.9994595073493318,Three-step,0.5,0.8,3411,1.0,1.0,1.0,0
30,1.000200535538731,0.9975457131168648,1.0016136733764882,Three-step,0.5,0.8,3411,1.0,1.0,1.0,0
31,1.0000124630803613,1.0018729385617164,0.9996351435504074,Three-step,0.5,0.8,3411,1.0,1.0,1.0,0
32,0.9998965928438303,0.9992650879565779,0.9989571232068936,Three-step,0.5,0.8,3411,1.0,1.0,1.0,0
33,1.0000953265587242,0.9996714135387732,1.0039928276054004,Three-step,0.5,0.8,3411,1.0,1.0,1.0,0
34,0.9999001194148448,1.000449482425628,1.0011153060923914,Three-step,0.5,0.8,3411,1.0,1.0,1.0,0
35,0.9999614198449243,0.9977840647622933,0.9994647565523769,Three-step,0.5,0.8,3411,1.0,1.0,1.0,0
36,1.0001488662545688,0.9983723925001883,1.0031143387627228,Three-step,0.5,0.8,3411,1.0,1.0,1.0,0
37,0.9994369747852079,1.001493105087646,1.002697440698749,Three-step,0.5,0.8,3411,1.0,1.0,1.0,0
38,1.0002919426711587,0.9993769622139597,0.9987972688309978,Three-step,0.5,0.8,3411,1.0,1.0,1.0,0
39,1.0002025856510426,0.9981616618849122,1.0003759612085583,Three-step,0.5,0.8,3411,1.0,1.0,1.0,0
40,1.0005217995058682,0.9975550063192522,0.9980976166766283,Three-step,0.5,0.8,3411,1.0,1.0,1.0,0
41,1.0000906373260294,0.9997280746261988,0.9977509149180772,Three-step,0.5,0.8,3411,1.0,1.0,1.0,0
42,1.0000254698945559,0.9998737489727104,1.001728262261863,Three-step,0.5,0.8,3411,1.0,1.0,1.0,0
43,0.9997787050878283,1.0034384228206805,1.0067482363120577,Three-step,0.5,0.8,3411,1.0,1.0,1.0,0
44,1.0003736645468053,1.0018450237302443,1.000780708893531,Three-step,0.5,0.8,3411,1.0,1.0,1.0,0
45,1.0004933949661143,1.0011954538113665,1.0007761261737134,Three-step,0.5,0.8,3411,1.0,1.0,1.0,0
46,1.0003061554854493,1.000557500714622,1.0011152823386433,Three-step,0.5,0.8,3411,1.0,1.0,1.0,0
47,1.0004065272353766,0.9988285989825713,1.0007447485297745,Three-step,0.5,0.8,3411,1.0,1.0,1.0,0
48,0.9999805085588851,0.9937812485552396,0.9959498779028367,Three-step,0.5,0.8,3411,1.0,1.0,1.0,0
49,0.9999198001458348,0.9977131168087662,0.9999315480951962,Three-step,0.5,0.8,3411,1.0,1.0,1.0,0
50,1.0000161878382503,1.0007083615176193,0.9995578238275062,Three-step,0.5,0.8,3411,1.0,1.0,1.0,0
51,0.999930127455669,0.9996769739960211,1.0002155174301488,Three-step,0.5,0.8,3411,1.0,1.0,1.0,0
52,1.0001724562538528,0.9975814620551029,0.9988644267391389,Three-step,0.5,0.8,3411,1.0,1.0,1.0,0
53,0.9998288642077353,1.0001296902784824,1.0004022457233008,Three-step,0.5,0.8,3411,1.0,1.0,1.0,0
54,0.9996322366203568,1.000408727552997,1.0031569970374068,Three-step,0.5,0.8,3411,1.0,1.0,1.0,0
55,1.000180485632236,1.0020836548858079,0.9982733653350404,Three-step,0.5,0.8,3411,1.0,1.0,1.0,0
56,0.9998137255999039,0.9999679516873263,0.9979269187155126,Three-step,0.5,0.8,3411,1.0,1.0,1.0,0
57,0.9999886643413199,1.0030036117526095,1.000217715230581,Three-step,0.5,0.8,3411,1.0,1.0,1.0,0
58,1.0002081463007277,1.0007725973429649,1.0012543744715887,Three-step,0.5,0.8,3411,1.0,1.0,1.0,0
59,1.0001010570828712,0.9990059780779752,1.0008700311656287,Three-step,0.5,0.8,3411,1.0,1.0,1.0,0
60,1.0000194438572834,1.0004884884372283,1.0000737691568926,Three-step,0.5,0.8,3411,1.0,1.0,1.0,0
61,1.0004519513427246,0.9981873353029496,0.9986913115538851,Three-step,0.5,0.8,3411,1.0,1.0,1.0,0
62,0.9996379858475319,1.0015118063780506,1.0018111152357185,Three-step,0.5,0.8,3411,1.0,1.0,1.0,0
63,0.9998045617731053,0.9993410585804444,0.9996413791862603,Three-step,0.5,0.8,3411,1.0,1.0,1.0,0
64,1.000201373203193,0.9974476539864726,1.000431937879555,Three-step,0.5,0.8,3411,1.0,1.0,1.0,0
65,1.00005530624294,0.9990887687835368,1.0039904785285356,Three-step,0.5,0.8,3411,1.0,1.0,1.0,0
66,0.9998402573665188,1.0003154281712405,1.0000993728762457,Three-step,0.5,0.8,3411,1.0,1.0,1.0,0
67,0.9998887429144493,0.9980071678277348,0.9991475743771195,Three-step,0.5,0.8,3411,1.0,1.0,1.0,0
68,0.9999960747873309,1.0006439877470081,1.0011067920201713,Three-step,0.5,0.8,3411,1.0,1.0,1.0,0
69,1.0000387055922557,0.9996157917814124,1.0018400954500453,Three-step,0.5,0.8,3411,1.0,1.0,1.0,0
70,0.999602114449663,1.0001554061641493,0.9998314294135427,Three-step,0.5,0.8,3411,1.0,1.0,1.0,0
71,1.000417361095113,0.9987610072650835,1.0008294629879428,Three-step,0.5,0.8,3411,1.0,1.0,1.0,0
72,1.0001756667863106,1.001252628647502,1.003727832778467,Three-step,0.5,0.8,3411,1.0,1.0,1.0,0
73,0.9998448023093266,1.0015637918467106,0.9987893368690017,Three-step,0.5,0.8,3411,1.0,1.0,1.0,0
74,0.9998121677839678,1.0009377478467276,0.9989908423736307,Three-step,0.5,0.8,3411,1.0,1.0,1.0,0
75,1.0001377406128493,0.9936286883141767,0.9964617284946374,Three-step,0.5,0.8,3411,1.0,1.0,1.0,0
76,1.0000593766551045,0.9999111343470223,1.000479046343362,Three-step,0.5,0.8,3411,1.0,1.0,1.0,0
77,0.9999998582259464,0.9973770999528814,0.9970060004331629,Three-step,0.5,0.8,3411,1.0,1.0,1.0,0
78,0.9998689825243278,0.9970468527783451,1.0008830837712261,Three-step,0.5,0.8,3411,1.0,1.0,1.0,0
79,1.0003899907881617,0.9995369576571188,0.9996498140067043,Three-step,0.5,0.8,3411,1.0,1.0,1.0,0
80,0.9995275422796153,1.0003051193567276,1.0024148452329429,Three-step,0.5,0.8,3411,1.0,1.0,1.0,0
81,0.9998933313133953,0.9995908852310397,1.0007674146489953,Three-step,0.5,0.8,3411,1.0,1.0,1.0,0
82,1.0007394718188252,1.000599091707724,1.0016683202728545,Three-step,0.5,0.8,3411,1.0,1.0,1.0,0
83,1.0000512201973668,0.9993948499298254,1.0001883965654401,Three-step,0.5,0.8,3411,1.0,1.0,1.0,0
84,1.0002451949615085,0.9989635238778164,1.0026784428234399,Three-step,0.5,0.8,3411,1.0,1.0,1.0,0
85,0.9997893828374319,1.0009351144748664,1.001140862413743,Three-step,0.5,0.8,3411,1.0,1.0,1.0,0
86,0.9998498177914592,0.9972619691658337,1.0001754127886748,Three-step,0.5,0.8,3411,1.0,1.0,1.0,0
87,1.0002066711736814,0.9956739735007006,0.9965278061917822,Three-step,0.5,0.8,3411,1.0,1.0,1.0,0
88,0.9998800367902613,0.9979806469760599,1.0025847788122406,Three-step,0.5,0.8,3411,1.0,1.0,1.0,0
89,0.9999201871372981,1.0024066355792574,1.0021168974843448,Three-step,0.5,0.8,3411,1.0,1.0,1.0,0
90,0.9998427249413779,0.9986214023505051,1.0002040617422976,Three-step,0.5,0.8,3411,1.0,1.0,1.0,0
91,1.0000348793127212,1.003211444105954,1.0008477189941847,Three-step,0.5,0.8,3411,1.0,1.0,1.0,0
92,1.0001910601363313,1.000045806368585,0.9997592579126644,Three-step,0.5,0.8,3411,1.0,1.0,1.0,0
93,1.0000764304348135,0.9969913481770071,0.997617274130333,Three-step,0.5,0.8,3411,1.0,1.0,1.0,0
94,1.000034975237624,1.0058035559130334,1.0032890993116763,Three-step,0.5,0.8,3411,1.0,1.0,1.0,0
95,1.0002268606565448,1.0014191408782138,1.0023226502574283,Three-step,0.5,0.8,3411,1.0,1.0,1.0,0
96,1.0000522965605594,1.0031225341873855,1.0044569027286638,Three-step,0.5,0.8,3411,1.0,1.0,1.0,0
97,0.9999169768363186,1.0023118644225157,1.0048217456609112,Three-step,0.5,0.8,3411,1.0,1.0,1.0,0
98,0.9998300750483377,1.001264844962495,0.9999862297942566,Three-step,0.5,0.8,3411,1.0,1.0,1.0,0
99,1.0000339485965466,0.9998145973170816,0.9989190855091765,Three-step,0.5,0.8,3411,1.0,1.0,1.0,0
100,0.9999081519994231,1.0006963651947651,1.002018098601031,Three-step,0.5,0.8,3411,1.0,1.0,1.0,0
1,1.0010480541361142,1.001937336102703,1.0041575301651926,Robins' estimator,0.5,0.8,3411,1.0,1.0,1.0,0
2,0.9994143279442419,1.0005667288092863,0.998464722684671,Robins' estimator,0.5,0.8,3411,1.0,1.0,1.0,0
3,0.9991655923395121,1.0021040343386118,0.9970019023677211,Robins' estimator,0.5,0.8,3411,1.0,1.0,1.0,0
4,0.9995724009932562,1.0003144557416936,0.9982981818456049,Robins' estimator,0.5,0.8,3411,1.0,1.0,1.0,0
5,1.0001250734974554,1.0003307836242263,1.001072865606965,Robins' estimator,0.5,0.8,3411,1.0,1.0,1.0,0
6,0.9999284357178483,1.0006428576624673,0.999490227651494,Robins' estimator,0.5,0.8,3411,1.0,1.0,1.0,0
7,1.0001196929901106,1.0009616782864188,1.000569132920209,Robins' estimator,0.5,0.8,3411,1.0,1.0,1.0,0
8,0.9998176402506304,1.0006571802430015,1.000277637183221,Robins' estimator,0.5,0.8,3411,1.0,1.0,1.0,0
9,1.0002262996029416,1.0002898128851587,1.0006959159667734,Robins' estimator,0.5,0.8,3411,1.0,1.0,1.0,0
10,0.999516190838946,0.9973163305358995,0.9975239319148014,Robins' estimator,0.5,0.8,3411,1.0,1.0,1.0,0
11,0.9996275570552964,0.9998035615739987,0.9989960277049945,Robins' estimator,0.5,0.8,3411,1.0,1.0,1.0,0
12,0.9996316943701894,1.0029278745723493,1.0007163918374444,Robins' estimator,0.5,0.8,3411,1.0,1.0,1.0,0
13,1.000289948429867,0.9999835870344017,1.000135575168964,Robins' estimator,0.5,0.8,3411,1.0,1.0,1.0,0
14,1.0004805171242461,1.0020657264933095,1.0004796835529777,Robins' estimator,0.5,0.8,3411,1.0,1.0,1.0,0
15,0.999219142257492,1.0005638890810793,0.9982637739610765,Robins' estimator,0.5,0.8,3411,1.0,1.0,1.0,0
16,0.9998642924451094,1.000233631192039,1.0019690677395467,Robins' estimator,0.5,0.8,3411,1.0,1.0,1.0,0
17,1.0000198006003533,0.9998416984032826,0.9992748866427834,Robins' estimator,0.5,0.8,3411,1.0,1.0,1.0,0
18,0.9994440194278931,0.998644514279245,0.9985866895191446,Robins' estimator,0.5,0.8,3411,1.0,1.0,1.0,0
19,1.000676876503273,0.9982408950041385,1.003550274733233,Robins' estimator,0.5,0.8,3411,1.0,1.0,1.0,0
20,0.9999258428703688,0.9999898311905,0.9999536286231618,Robins' estimator,0.5,0.8,3411,1.0,1.0,1.0,0
21,0.9999999492819909,1.0011504562128726,0.9978637359065878,Robins' estimator,0.5,0.8,3411,1.0,1.0,1.0,0
22,1.0003726255001637,0.9998729286215149,1.001027546919226,Robins' estimator,0.5,0.8,3411,1.0,1.0,1.0,0
23,1.0000978228767778,1.0005475899361205,1.002175557081545,Robins' estimator,0.5,0.8,3411,1.0,1.0,1.0,0
24,1.000318976671946,0.9978814260531907,1.0006717564067058,Robins' estimator,0.5,0.8,3411,1.0,1.0,1.0,0
25,1.0005564647375471,0.9972454056186384,1.0003767598958249,Robins' estimator,0.5,0.8,3411,1.0,1.0,1.0,0
26,0.9999410542697899,1.0002712446216175,1.0004611525135483,Robins' estimator,0.5,0.8,3411,1.0,1.0,1.0,0
27,0.9992046631786834,0.9998871917509959,0.9974985474642787,Robins' estimator,0.5,0.8,3411,1.0,1.0,1.0,0
28,0.9995281295975499,1.0017419389426252,0.9982047249729479,Robins' estimator,0.5,0.8,3411,1.0,1.0,1.0,0
29,0.9996363854260991,0.9986183138895436,0.9994595073493318,Robins' estimator,0.5,0.8,3411,1.0,1.0,1.0,0
30,1.0005096928699604,0.9984893763294197,1.0016136733764882,Robins' estimator,0.5,0.8,3411,1.0,1.0,1.0,0
31,0.9997808484842096,0.9995014620345588,0.9996351435504072,Robins' estimator,0.5,0.8,3411,1.0,1.0,1.0,0
32,1.0001810055510518,0.999504209999335,0.9989571232068933,Robins' estimator,0.5,0.8,3411,1.0,1.0,1.0,0
33,1.000790274340571,1.0000261015110834,1.0039928276054007,Robins' estimator,0.5,0.8,3411,1.0,1.0,1.0,0
34,1.0002594228880228,0.999517870164934,1.0011153060923912,Robins' estimator,0.5,0.8,3411,1.0,1.0,1.0,0
35,1.0001859505944015,0.9979433275343952,0.9994647565523767,Robins' estimator,0.5,0.8,3411,1.0,1.0,1.0,0
36,1.0008208800279748,1.0006641093745747,1.0031143387627226,Robins' estimator,0.5,0.8,3411,1.0,1.0,1.0,0
37,1.00023317129665,1.0003116308397462,1.002697440698749,Robins' estimator,0.5,0.8,3411,1.0,1.0,1.0,0
38,0.9999456607994461,1.0013489830619697,0.998797268830998,Robins' estimator,0.5,0.8,3411,1.0,1.0,1.0,0
39,1.0001638105881234,0.9987639030687301,1.000375961208558,Robins' estimator,0.5,0.8,3411,1.0,1.0,1.0,0
40,0.9997762953629974,0.999636345015547,0.9980976166766284,Robins' estimator,0.5,0.8,3411,1.0,1.0,1.0,0
41,0.9994371622370946,1.0015915060075478,0.997750914918077,Robins' estimator,0.5,0.8,3411,1.0,1.0,1.0,0
42,1.0000398319970616,1.0001328174498387,1.001728262261863,Robins' estimator,0.5,0.8,3411,1.0,1.0,1.0,0
43,1.0009413113864216,1.0026006141149726,1.0067482363120575,Robins' estimator,0.5,0.8,3411,1.0,1.0,1.0,0
44,1.000201899192966,1.0012759137343112,1.000780708893531,Robins' estimator,0.5,0.8,3411,1.0,1.0,1.0,0
45,1.0001771317158439,1.0006291520940318,1.0007761261737136,Robins' estimator,0.5,0.8,3411,1.0,1.0,1.0,0
46,1.0002304903143786,1.0017923539042504,1.0011152823386433,Robins' estimator,0.5,0.8,3411,1.0,1.0,1.0,0
47,1.0003393652561836,1.000687581117263,1.0007447485297745,Robins' estimator,0.5,0.8,3411,1.0,1.0,1.0,0
48,0.9992332631024751,0.9985609620789669,0.9959498779028366,Robins' estimator,0.5,0.8,3411,1.0,1.0,1.0,0
49,1.0000574192506584,0.998200455314122,0.9999315480951961,Robins' estimator,0.5,0.8,3411,1.0,1.0,1.0,0
50,0.9998627737074678,1.0008300835425226,0.9995578238275061,Robins' estimator,0.5,0.8,3411,1.0,1.0,1.0,0
51,1.000114889870759,0.9994346746094598,1.0002155174301492,Robins' estimator,0.5,0.8,3411,1.0,1.0,1.0,0
52,0.9999903225539781,0.9974918007805686,0.998864426739139,Robins' estimator,0.5,0.8,3411,1.0,1.0,1.0,0
53,0.9998163862252621,0.998981646125094,1.0004022457233008,Robins' estimator,0.5,0.8,3411,1.0,1.0,1.0,0
54,1.0003643808811977,0.9998814507300493,1.003156997037407,Robins' estimator,0.5,0.8,3411,1.0,1.0,1.0,0
55,0.9997094519426073,1.0026046005274476,0.9982733653350404,Robins' estimator,0.5,0.8,3411,1.0,1.0,1.0,0
56,0.9999444171016637,0.9997063375231292,0.9979269187155126,Robins' estimator,0.5,0.8,3411,1.0,1.0,1.0,0
57,0.999594490616912,1.0025965870943214,1.000217715230581,Robins' estimator,0.5,0.8,3411,1.0,1.0,1.0,0
58,1.0002152023410278,1.001286443279664,1.0012543744715887,Robins' estimator,0.5,0.8,3411,1.0,1.0,1.0,0
59,1.0001363240583114,0.998999578474659,1.0008700311656284,Robins' estimator,0.5,0.8,3411,1.0,1.0,1.0,0
60,0.9997449044036879,1.0008691660848466,1.0000737691568926,Robins' estimator,0.5,0.8,3411,1.0,1.0,1.0,0
61,0.9999930434741362,0.9991002586772019,0.998691311553885,Robins' estimator,0.5,0.8,3411,1.0,1.0,1.0,0
62,0.9999779472138471,1.0011519763175436,1.0018111152357188,Robins' estimator,0.5,0.8,3411,1.0,1.0,1.0,0
63,0.9995522006527976,1.0000238641864287,0.9996413791862602,Robins' estimator,0.5,0.8,3411,1.0,1.0,1.0,0
64,1.0000657998970082,0.9993978827851119,1.000431937879555,Robins' estimator,0.5,0.8,3411,1.0,1.0,1.0,0
65,1.0009840916363555,0.9982273625246644,1.003990478528536,Robins' estimator,0.5,0.8,3411,1.0,1.0,1.0,0
66,0.9995764291188693,1.0023558043678276,1.0000993728762455,Robins' estimator,0.5,0.8,3411,1.0,1.0,1.0,0
67,0.9999862545269155,0.9987887893516022,0.9991475743771195,Robins' estimator,0.5,0.8,3411,1.0,1.0,1.0,0
68,1.0003193461422735,1.0003508017505203,1.001106792020171,Robins' estimator,0.5,0.8,3411,1.0,1.0,1.0,0
69,1.0003000915974274,0.9984088585481116,1.0018400954500455,Robins' estimator,0.5,0.8,3411,1.0,1.0,1.0,0
70,1.0000739931887148,1.0003972285460114,0.9998314294135426,Robins' estimator,0.5,0.8,3411,1.0,1.0,1.0,0
71,1.000254123882128,1.0000075794274457,1.0008294629879428,Robins' estimator,0.5,0.8,3411,1.0,1.0,1.0,0
72,1.0009120638618283,0.9996863669524976,1.003727832778467,Robins' estimator,0.5,0.8,3411,1.0,1.0,1.0,0
73,0.9995435876550532,1.0011330096235374,0.9987893368690017,Robins' estimator,0.5,0.8,3411,1.0,1.0,1.0,0
74,0.9993322778034253,0.9995903657957322,0.9989908423736302,Robins' estimator,0.5,0.8,3411,1.0,1.0,1.0,0
75,0.9991792001683849,0.9980135275726898,0.9964617284946372,Robins' estimator,0.5,0.8,3411,1.0,1.0,1.0,0
76,0.9997378155133284,1.0001496919547583,1.000479046343362,Robins' estimator,0.5,0.8,3411,1.0,1.0,1.0,0
77,0.9991280110827959,0.9987833758074187,0.9970060004331627,Robins' estimator,0.5,0.8,3411,1.0,1.0,1.0,0
78,1.0000315123227255,1.0002146598117632,1.0008830837712261,Robins' estimator,0.5,0.8,3411,1.0,1.0,1.0,0
79,1.000162603288143,1.0002758095557784,0.9996498140067043,Robins' estimator,0.5,0.8,3411,1.0,1.0,1.0,0
80,1.000366261491364,0.9996003900480632,1.0024148452329429,Robins' estimator,0.5,0.8,3411,1.0,1.0,1.0,0
81,1.0002724403542569,0.9983297204097922,1.0007674146489953,Robins' estimator,0.5,0.8,3411,1.0,1.0,1.0,0
82,1.0010725790960084,0.999610825496988,1.0016683202728547,Robins' estimator,0.5,0.8,3411,1.0,1.0,1.0,0
83,1.0000419274497003,1.001452475621633,1.0001883965654401,Robins' estimator,0.5,0.8,3411,1.0,1.0,1.0,0
84,1.0002778056476676,0.9989826399121252,1.00267844282344,Robins' estimator,0.5,0.8,3411,1.0,1.0,1.0,0
85,1.0001752453308117,0.9987364042241622,1.001140862413743,Robins' estimator,0.5,0.8,3411,1.0,1.0,1.0,0
86,0.9994817301714162,0.9966622488153075,1.0001754127886748,Robins' estimator,0.5,0.8,3411,1.0,1.0,1.0,0
87,0.9996817099760361,0.9972785972041608,0.9965278061917824,Robins' estimator,0.5,0.8,3411,1.0,1.0,1.0,0
88,1.0006748618182013,0.9986967289596451,1.0025847788122404,Robins' estimator,0.5,0.8,3411,1.0,1.0,1.0,0
89,1.000004538354345,1.0013368332552333,1.002116897484345,Robins' estimator,0.5,0.8,3411,1.0,1.0,1.0,0
90,0.99996448647354,0.9988559841140431,1.0002040617422976,Robins' estimator,0.5,0.8,3411,1.0,1.0,1.0,0
91,0.9997238654645755,1.0031749937482206,1.000847718994185,Robins' estimator,0.5,0.8,3411,1.0,1.0,1.0,0
92,1.0000959949275898,1.0011824181796947,0.9997592579126644,Robins' estimator,0.5,0.8,3411,1.0,1.0,1.0,0
93,0.9994839345135546,0.9983893586933321,0.997617274130333,Robins' estimator,0.5,0.8,3411,1.0,1.0,1.0,0
94,1.0003603699112729,1.0062317836902013,1.0032890993116763,Robins' estimator,0.5,0.8,3411,1.0,1.0,1.0,0
95,1.000370224905146,1.0015186369544067,1.0023226502574283,Robins' estimator,0.5,0.8,3411,1.0,1.0,1.0,0
96,1.0007799071064998,1.0008360077753342,1.0044569027286638,Robins' estimator,0.5,0.8,3411,1.0,1.0,1.0,0
97,1.0005342564305468,1.0021315363174965,1.0048217456609112,Robins' estimator,0.5,0.8,3411,1.0,1.0,1.0,0
98,0.9999918345173193,1.0006702780121075,0.9999862297942564,Robins' estimator,0.5,0.8,3411,1.0,1.0,1.0,0
99,0.9996959093797894,1.000365088576862,0.9989190855091765,Robins' estimator,0.5,0.8,3411,1.0,1.0,1.0,0
100,1.0005445338487502,1.0011655258426335,1.0020180986010307,Robins' estimator,0.5,0.8,3411,1.0,1.0,1.0,0
1,1.000723416883927,1.0013522445318017,1.0021559240521105,GMM estimator,0.5,0.8,3411,1.0,1.0,1.0,0
2,1.0000328216317165,0.9998111646213372,0.9996578016519946,GMM estimator,0.5,0.8,3411,1.0,1.0,1.0,0
3,0.9999486103374781,0.9984086839060056,0.9981627832980839,GMM estimator,0.5,0.8,3411,1.0,1.0,1.0,0
4,1.0000035198458572,1.0002673203062526,0.9997791186018765,GMM estimator,0.5,0.8,3411,1.0,1.0,1.0,0
5,1.000103203766388,1.000543538070504,1.0012288955759052,GMM estimator,0.5,0.8,3411,1.0,1.0,1.0,0
6,1.00007382693986,1.0004220018698724,1.0001935303878602,GMM estimator,0.5,0.8,3411,1.0,1.0,1.0,0
7,0.9999166148389546,1.0009540973293287,0.9995896641786484,GMM estimator,0.5,0.8,3411,1.0,1.0,1.0,0
8,0.9995388630623513,1.0003781630449635,0.9987729786191761,GMM estimator,0.5,0.8,3411,1.0,1.0,1.0,0
9,0.9999390591549476,1.0000997004967407,0.9993952169533413,GMM estimator,0.5,0.8,3411,1.0,1.0,1.0,0
10,0.9997891003893511,0.9972305951712789,0.99868461539157,GMM estimator,0.5,0.8,3411,1.0,1.0,1.0,0
11,1.0000696260481323,0.9997080666088639,1.0006429163782642,GMM estimator,0.5,0.8,3411,1.0,1.0,1.0,0
12,0.9998406859319792,1.002751325192913,1.0015498569654255,GMM estimator,0.5,0.8,3411,1.0,1.0,1.0,0
13,1.0001893174352694,0.9992654848655576,0.9989736922259334,GMM estimator,0.5,0.8,3411,1.0,1.0,1.0,0
14,1.0002820941735309,1.0018647188377499,0.9997322298785258,GMM estimator,0.5,0.8,3411,1.0,1.0,1.0,0
15,0.9996727407311119,1.0004722073194106,0.9999599274452686,GMM estimator,0.5,0.8,3411,1.0,1.0,1.0,0
16,0.9992868679908533,0.9998308581998351,0.9993236566071282,GMM estimator,0.5,0.8,3411,1.0,1.0,1.0,0
17,1.0002866227395213,0.9993778338727302,1.0001914588465977,GMM estimator,0.5,0.8,3411,1.0,1.0,1.0,0
18,0.9996497276236862,0.9987279545923818,0.9999607182471788,GMM estimator,0.5,0.8,3411,1.0,1.0,1.0,0
19,0.9998562334381996,0.997735298694922,0.9997107555831777,GMM estimator,0.5,0.8,3411,1.0,1.0,1.0,0
20,0.9999087586230132,0.999750270149073,0.999681186737529,GMM estimator,0.5,0.8,3411,1.0,1.0,1.0,0
21,1.0004633773046148,1.001304439577713,0.9999003505150235,GMM estimator,0.5,0.8,3411,1.0,1.0,1.0,0
22,1.0002152836135507,0.9999678802904189,1.0005068366983711,GMM estimator,0.5,0.8,3411,1.0,1.0,1.0,0
23,0.999940257223339,1.0005717162106,1.0015410607260309,GMM estimator,0.5,0.8,3411,1.0,1.0,1.0,0
24,1.0001421320401511,0.9984392549721571,1.0003405640712515,GMM estimator,0.5,0.8,3411,1.0,1.0,1.0,0
25,1.0000220673367244,0.9994332169219877,0.9997949938935782,GMM estimator,0.5,0.8,3411,1.0,1.0,1.0,0
26,0.9994783804072662,0.9998829939923908,0.9985662854731454,GMM estimator,0.5,0.8,3411,1.0,1.0,1.0,0
27,1.0001013344810696,1.0001833814776555,1.0016440275141778,GMM estimator,0.5,0.8,3411,1.0,1.0,1.0,0
28,0.9997671073794997,1.0015508333993222,0.9992119400820068,GMM estimator,0.5,0.8,3411,1.0,1.0,1.0,0
29,0.9996903736489954,0.9986795731052652,0.9997521784906991,GMM estimator,0.5,0.8,3411,1.0,1.0,1.0,0
30,1.000257141406463,0.9984605676015328,1.000512057021604,GMM estimator,0.5,0.8,3411,1.0,1.0,1.0,0
31,0.999921620225644,0.9997148237800125,0.9997537955140534,GMM estimator,0.5,0.8,3411,1.0,1.0,1.0,0
32,0.9999176880680879,0.9993820721290444,0.9980371362198066,GMM estimator,0.5,0.8,3411,1.0,1.0,1.0,0
33,1.0001583219436971,0.9995738657223209,1.0003566827238073,GMM estimator,0.5,0.8,3411,1.0,1.0,1.0,0
34,0.9999435018775034,0.9993120877905097,0.9995477026771535,GMM estimator,0.5,0.8,3411,1.0,1.0,1.0,0
35,0.9999845415060036,0.9987058683823131,0.9990260480192212,GMM estimator,0.5,0.8,3411,1.0,1.0,1.0,0
36,1.0002127979577162,1.000938901523653,1.0010311497268898,GMM estimator,0.5,0.8,3411,1.0,1.0,1.0,0
37,0.9994562521305748,1.0004952174279287,0.999414073217713,GMM estimator,0.5,0.8,3411,1.0,1.0,1.0,0
38,1.000273771252193,1.0009487654390896,0.999674239751859,GMM estimator,0.5,0.8,3411,1.0,1.0,1.0,0
39,1.0002039950555708,0.9988231355925171,1.000588936898534,GMM estimator,0.5,0.8,3411,1.0,1.0,1.0,0
40,1.0005068065019116,0.999896334464085,1.0009528864346775,GMM estimator,0.5,0.8,3411,1.0,1.0,1.0,0
41,1.0000289546706556,1.001407974211442,1.0000849652754353,GMM estimator,0.5,0.8,3411,1.0,1.0,1.0,0
42,1.0000197487006517,1.0001229376828615,1.0017036548240839,GMM estimator,0.5,0.8,3411,1.0,1.0,1.0,0
43,0.9998225788703194,1.0033931445202136,1.0029439280290822,GMM estimator,0.5,0.8,3411,1.0,1.0,1.0,0
44,1.0002971768716682,1.0010922443510863,1.0009823000634213,GMM estimator,0.5,0.8,3411,1.0,1.0,1.0,0
45,1.0004074511910894,1.0004619336590155,1.0015136193808063,GMM estimator,0.5,0.8,3411,1.0,1.0,1.0,0
46,1.0003259543764802,1.0019250965264312,1.0018330607714816,GMM estimator,0.5,0.8,3411,1.0,1.0,1.0,0
47,1.0004145327811447,1.0010286025384632,1.001327693633589,GMM estimator,0.5,0.8,3411,1.0,1.0,1.0,0
48,0.9999675407224342,0.9992733929915298,0.9992387559205165,GMM estimator,0.5,0.8,3411,1.0,1.0,1.0,0
49,0.9999626326340336,0.9985593078311972,0.9997418674443845,GMM estimator,0.5,0.8,3411,1.0,1.0,1.0,0
50,1.0000060044623713,1.0007984129779148,1.0000581471042302,GMM estimator,0.5,0.8,3411,1.0,1.0,1.0,0
51,0.9999362218977131,0.999301429089625,0.9994873682437877,GMM estimator,0.5,0.8,3411,1.0,1.0,1.0,0
52,1.000124683782922,0.9976727371866055,0.9995105383247203,GMM estimator,0.5,0.8,3411,1.0,1.0,1.0,0
53,0.9997230272719602,0.9980763920435036,0.9995581115635681,GMM estimator,0.5,0.8,3411,1.0,1.0,1.0,0
54,0.9997381497289325,0.9999611589789013,1.0006568770524966,GMM estimator,0.5,0.8,3411,1.0,1.0,1.0,0
55,1.0001604257409484,1.0021373475444002,1.0000077973248445,GMM estimator,0.5,0.8,3411,1.0,1.0,1.0,0
56,0.9998229705959667,0.9997302273189176,0.9974081048520778,GMM estimator,0.5,0.8,3411,1.0,1.0,1.0,0
57,0.9999680898917127,1.0013982442203464,1.0008272601231685,GMM estimator,0.5,0.8,3411,1.0,1.0,1.0,0
58,1.0002066755068568,1.0015365836109835,1.001473200687009,GMM estimator,0.5,0.8,3411,1.0,1.0,1.0,0
59,1.0001030449534956,0.9990282235305624,1.0007554705033854,GMM estimator,0.5,0.8,3411,1.0,1.0,1.0,0
60,0.9999887608545495,1.0007866989000276,1.0013014723836529,GMM estimator,0.5,0.8,3411,1.0,1.0,1.0,0
61,1.0004075006239561,0.9986910110967884,1.0001096350857617,GMM estimator,0.5,0.8,3411,1.0,1.0,1.0,0
62,0.9996749266644874,1.0008260872370678,1.0000687618594997,GMM estimator,0.5,0.8,3411,1.0,1.0,1.0,0
63,0.9997871762601007,0.9999402603816243,1.0006309179137194,GMM estimator,0.5,0.8,3411,1.0,1.0,1.0,0
64,1.0001917245170853,0.9995574527131454,1.0012367135471716,GMM estimator,0.5,0.8,3411,1.0,1.0,1.0,0
65,1.0001264649146275,0.9979658767376698,1.0003558429808037,GMM estimator,0.5,0.8,3411,1.0,1.0,1.0,0
66,0.9998188076698231,1.0029755578882014,1.0016974732882944,GMM estimator,0.5,0.8,3411,1.0,1.0,1.0,0
67,0.9999771570404069,0.9991621432370534,0.999339666566101,GMM estimator,0.5,0.8,3411,1.0,1.0,1.0,0
68,1.0000103065940094,1.000172833681292,0.999834529550458,GMM estimator,0.5,0.8,3411,1.0,1.0,1.0,0
69,1.00002557417145,0.9981368032848836,1.0004554007966457,GMM estimator,0.5,0.8,3411,1.0,1.0,1.0,0
70,0.999739553968171,1.0013737618646839,0.999242617705236,GMM estimator,0.5,0.8,3411,1.0,1.0,1.0,0
71,1.0004006779684744,0.9999423591458882,1.001576469441103,GMM estimator,0.5,0.8,3411,1.0,1.0,1.0,0
72,1.0002458532261562,0.999390348207364,1.0014121951900896,GMM estimator,0.5,0.8,3411,1.0,1.0,1.0,0
73,0.9997595289782165,1.0007525390167458,0.9992102920202419,GMM estimator,0.5,0.8,3411,1.0,1.0,1.0,0
74,0.9998090542652712,0.996895986034382,0.9989182446767593,GMM estimator,0.5,0.8,3411,1.0,1.0,1.0,0
75,1.0001834550368027,0.9989685191177432,1.0008173245705874,GMM estimator,0.5,0.8,3411,1.0,1.0,1.0,0
76,1.0000121843252017,0.9998538081404696,1.0015384154788567,GMM estimator,0.5,0.8,3411,1.0,1.0,1.0,0
77,0.9999673234395705,0.9982692314771515,0.999301327320671,GMM estimator,0.5,0.8,3411,1.0,1.0,1.0,0
78,0.9998632566715063,1.0003455844252382,1.0003301689215687,GMM estimator,0.5,0.8,3411,1.0,1.0,1.0,0
79,1.0003609760667436,1.0003955584109643,1.0007863191207154,GMM estimator,0.5,0.8,3411,1.0,1.0,1.0,0
80,0.9997145971343626,0.9991700283182205,0.9993773596907016,GMM estimator,0.5,0.8,3411,1.0,1.0,1.0,0
81,0.999909585442813,0.998206238651334,0.9989629919907226,GMM estimator,0.5,0.8,3411,1.0,1.0,1.0,0
82,1.0007730897258593,0.9996045933626362,1.0004962050242716,GMM estimator,0.5,0.8,3411,1.0,1.0,1.0,0
83,1.0000847440138783,1.0010226012977936,1.0002389514973706,GMM estimator,0.5,0.8,3411,1.0,1.0,1.0,0
84,1.0002502872418135,0.9989509375892938,1.0025843500811513,GMM estimator,0.5,0.8,3411,1.0,1.0,1.0,0
85,0.9997809010784369,0.9983245325833723,0.9992193951794341,GMM estimator,0.5,0.8,3411,1.0,1.0,1.0,0
86,0.9998451014131513,0.9972024695615274,1.0016893190025247,GMM estimator,0.5,0.8,3411,1.0,1.0,1.0,0
87,1.0001407270841494,0.9975366485831401,0.9989273349612207,GMM estimator,0.5,0.8,3411,1.0,1.0,1.0,0
88,0.9999310726538444,0.9982934616845804,0.9991911251314587,GMM estimator,0.5,0.8,3411,1.0,1.0,1.0,0
89,0.9998945021455308,1.0009224084777792,1.0012720373710233,GMM estimator,0.5,0.8,3411,1.0,1.0,1.0,0
90,0.9998621371532354,0.9991929304218986,0.999997432210471,GMM estimator,0.5,0.8,3411,1.0,1.0,1.0,0
91,0.9999739425991245,1.002393763061554,1.0012970559718015,GMM estimator,0.5,0.8,3411,1.0,1.0,1.0,0
92,1.0001851569209819,1.001111563645564,1.000561700600906,GMM estimator,0.5,0.8,3411,1.0,1.0,1.0,0
93,0.9999398886208595,0.99837959464084,0.9996630592794515,GMM estimator,0.5,0.8,3411,1.0,1.0,1.0,0
94,1.0000704912050473,1.0064161371303602,1.0023407840872944,GMM estimator,0.5,0.8,3411,1.0,1.0,1.0,0
95,1.0002426087697114,1.0017309534855858,1.001915786359239,GMM estimator,0.5,0.8,3411,1.0,1.0,1.0,0
96,1.000046198999797,1.0010208667475344,1.0010194534007315,GMM estimator,0.5,0.8,3411,1.0,1.0,1.0,0
97,0.9999280319536945,1.0017745405871215,1.00200159829616,GMM estimator,0.5,0.8,3411,1.0,1.0,1.0,0
98,0.9998300981197308,1.0006258289834125,0.9992429363393085,GMM estimator,0.5,0.8,3411,1.0,1.0,1.0,0
99,0.9999772423759319,1.0002209553177812,0.9999177126294794,GMM estimator,0.5,0.8,3411,1.0,1.0,1.0,0
100,0.9999695630316063,1.0026173350044587,1.0007193825291685,GMM estimator,0.5,0.8,3411,1.0,1.0,1.0,0
1,1.0007311484226706,0.9987499674703252,1.0014312074593579,Three-step,0.75,0.8,3411,1.0,1.0,1.0,0
2,1.000150824599341,0.9999323462697757,1.0005749396523407,Three-step,0.75,0.8,3411,1.0,1.0,1.0,0
3,1.0000010204683896,0.9975821667320413,0.9999736992058501,Three-step,0.75,0.8,3411,1.0,1.0,1.0,0
4,1.0001669594696772,0.9979070935213038,0.9983213405290061,Three-step,0.75,0.8,3411,1.0,1.0,1.0,0
5,1.000063583268943,1.000296590650114,0.9993016766028568,Three-step,0.75,0.8,3411,1.0,1.0,1.0,0
6,1.0001217245972354,0.9999418723162394,1.0015898809925676,Three-step,0.75,0.8,3411,1.0,1.0,1.0,0
7,0.999901088117902,0.9999592803801177,0.9988669915375243,Three-step,0.75,0.8,3411,1.0,1.0,1.0,0
8,0.9995495809022861,1.0008320052321464,1.0019129235088924,Three-step,0.75,0.8,3411,1.0,1.0,1.0,0
9,0.9999124860966979,0.9991529346159936,0.9991085696991043,Three-step,0.75,0.8,3411,1.0,1.0,1.0,0
10,0.9998066329352883,0.9985827849602733,0.9980967127151535,Three-step,0.75,0.8,3411,1.0,1.0,1.0,0
11,1.0002345397854422,1.0019297062392154,1.0017278253803041,Three-step,0.75,0.8,3411,1.0,1.0,1.0,0
12,0.9998559078325006,1.0005886602399425,1.0028640512265317,Three-step,0.75,0.8,3411,1.0,1.0,1.0,0
13,1.0002170596512605,0.9982382578588481,0.9998375270891434,Three-step,0.75,0.8,3411,1.0,1.0,1.0,0
14,1.000295876356542,0.9995604908408362,1.0005803935959845,Three-step,0.75,0.8,3411,1.0,1.0,1.0,0
15,0.9996987646962695,1.0006786518066602,1.0011988369716165,Three-step,0.75,0.8,3411,1.0,1.0,1.0,0
16,0.9992022651295511,1.0036783085272658,1.0009604904398388,Three-step,0.75,0.8,3411,1.0,1.0,1.0,0
17,1.00032682319611,0.9995587377955607,1.0006294113504552,Three-step,0.75,0.8,3411,1.0,1.0,1.0,0
18,0.9996569073104175,0.9973489699800283,0.9963653043744225,Three-step,0.75,0.8,3411,1.0,1.0,1.0,0
19,0.9997532050274833,1.0007537277582612,0.9991786209118138,Three-step,0.75,0.8,3411,1.0,1.0,1.0,0
20,0.9999471779080996,0.9999741499679763,1.0001378269794232,Three-step,0.75,0.8,3411,1.0,1.0,1.0,0
21,1.0005006186516565,0.9977735506395367,0.9978586021624718,Three-step,0.75,0.8,3411,1.0,1.0,1.0,0
22,1.0001527716737615,0.9991391796736815,0.9989944049654824,Three-step,0.75,0.8,3411,1.0,1.0,1.0,0
23,0.9999402226986863,1.0012712973199482,1.0026313754007359,Three-step,0.75,0.8,3411,1.0,1.0,1.0,0
24,1.0000603483744976,0.9987686276657806,0.9980365526073216,Three-step,0.75,0.8,3411,1.0,1.0,1.0,0
25,0.9999968225324893,0.9977782253107046,0.9971514345765494,Three-step,0.75,0.8,3411,1.0,1.0,1.0,0
26,0.9994785581231881,1.000448665797158,0.9994478269061273,Three-step,0.75,0.8,3411,1.0,1.0,1.0,0
27,1.0002554261864036,0.9991652986602431,0.999276931712233,Three-step,0.75,0.8,3411,1.0,1.0,1.0,0
28,0.9998715794631058,1.0007690265415183,1.00061511064179,Three-step,0.75,0.8,3411,1.0,1.0,1.0,0
29,0.9996783886270085,0.9985541470525336,0.9978390351093585,Three-step,0.75,0.8,3411,1.0,1.0,1.0,0
30,1.0002014477134884,1.0001741961672967,1.0019274476206492,Three-step,0.75,0.8,3411,1.0,1.0,1.0,0
31,1.0000111204957138,0.9999167097720402,0.9999717105549225,Three-step,0.75,0.8,3411,1.0,1.0,1.0,0
32,0.9998964237038888,1.0002181870752331,1.0010283828479765,Three-step,0.75,0.8,3411,1.0,1.0,1.0,0
33,1.0000949633475984,1.002316808569891,1.0003149765941464,Three-step,0.75,0.8,3411,1.0,1.0,1.0,0
34,0.9998985267462047,0.9992793791725454,0.9982837096904471,Three-step,0.75,0.8,3411,1.0,1.0,1.0,0
35,0.9999625162561512,0.9997262110980627,1.0002522609906987,Three-step,0.75,0.8,3411,1.0,1.0,1.0,0
36,1.0001488243852168,1.0032890121459994,1.0036433993243379,Three-step,0.75,0.8,3411,1.0,1.0,1.0,0
37,0.9994389874435,1.0010328226701204,1.0013435121038357,Three-step,0.75,0.8,3411,1.0,1.0,1.0,0
38,1.0002916999938654,1.0022676370862724,1.0016196366538272,Three-step,0.75,0.8,3411,1.0,1.0,1.0,0
39,1.000203175944187,1.0005132435551487,0.9997743712525323,Three-step,0.75,0.8,3411,1.0,1.0,1.0,0
40,1.0005219152015306,1.0000676662505577,1.0008331512935549,Three-step,0.75,0.8,3411,1.0,1.0,1.0,0
41,1.0000903406583823,0.9992333931257431,1.0008595072160975,Three-step,0.75,0.8,3411,1.0,1.0,1.0,0
42,1.000025425829313,0.9989295662509734,0.9999537975638473,Three-step,0.75,0.8,3411,1.0,1.0,1.0,0
43,0.9997792999608718,1.0027040011816024,1.0023062335201094,Three-step,0.75,0.8,3411,1.0,1.0,1.0,0
44,1.000373600716645,1.0023068934920463,1.001890524195168,Three-step,0.75,0.8,3411,1.0,1.0,1.0,0
45,1.0004932132682718,0.9991420881143925,0.9993280915520981,Three-step,0.75,0.8,3411,1.0,1.0,1.0,0
46,1.0003062570093637,1.000745736562639,1.0023585733203002,Three-step,0.75,0.8,3411,1.0,1.0,1.0,0
47,1.000407669010853,1.001836975518015,0.9998224397400107,Three-step,0.75,0.8,3411,1.0,1.0,1.0,0
48,0.9999801549227344,0.9984198830175965,0.9978499617493283,Three-step,0.75,0.8,3411,1.0,1.0,1.0,0
49,0.9999198464548252,0.9990026881271159,0.9983311683718131,Three-step,0.75,0.8,3411,1.0,1.0,1.0,0
50,1.0000158054655572,0.9997329793589145,1.0012938656699215,Three-step,0.75,0.8,3411,1.0,1.0,1.0,0
51,0.9999302520330221,0.9994603976319775,1.0000792902402507,Three-step,0.75,0.8,3411,1.0,1.0,1.0,0
52,1.000173638005763,0.9979177873491137,0.9982119213021092,Three-step,0.75,0.8,3411,1.0,1.0,1.0,0
53,0.9998295670323957,0.9976510355949026,0.9994944720633155,Three-step,0.75,0.8,3411,1.0,1.0,1.0,0
54,0.999632756989243,1.0004173171449215,0.9993128104587575,Three-step,0.75,0.8,3411,1.0,1.0,1.0,0
55,1.000179958493822,1.001372134982757,1.0010271117659935,Three-step,0.75,0.8,3411,1.0,1.0,1.0,0
56,0.9998136854245964,0.9974526215691168,0.9990559470924992,Three-step,0.75,0.8,3411,1.0,1.0,1.0,0
57,0.9999894954352418,0.9985242477181925,0.9997207531443764,Three-step,0.75,0.8,3411,1.0,1.0,1.0,0
58,1.0002073264955063,1.001686991596299,1.0008466593642662,Three-step,0.75,0.8,3411,1.0,1.0,1.0,0
59,1.0001012693822784,1.0007196821393913,0.9994228523058334,Three-step,0.75,0.8,3411,1.0,1.0,1.0,0
60,1.0000191918241101,0.9998703094979265,0.9982332758992967,Three-step,0.75,0.8,3411,1.0,1.0,1.0,0
61,1.000452355069724,0.9985400161525086,0.9977665590441636,Three-step,0.75,0.8,3411,1.0,1.0,1.0,0
62,0.9996383120386305,1.0002964903397185,1.0020253881948558,Three-step,0.75,0.8,3411,1.0,1.0,1.0,0
63,0.9998017617222313,0.9999709186072737,0.9993439800504732,Three-step,0.75,0.8,3411,1.0,1.0,1.0,0
64,1.0002016755623397,0.9992860344699546,0.9989080834184707,Three-step,0.75,0.8,3411,1.0,1.0,1.0,0
65,1.0000555472776569,1.000398968077782,0.9997105613921418,Three-step,0.75,0.8,3411,1.0,1.0,1.0,0
66,0.9998395900105997,0.9991684540957944,0.9989747651007018,Three-step,0.75,0.8,3411,1.0,1.0,1.0,0
67,0.9998875207378712,0.9983226846326212,0.9983991549937384,Three-step,0.75,0.8,3411,1.0,1.0,1.0,0
68,0.9999923106819155,1.0008960203601185,1.000963084814579,Three-step,0.75,0.8,3411,1.0,1.0,1.0,0
69,1.000038240212689,1.0001481405695527,1.0003233078293485,Three-step,0.75,0.8,3411,1.0,1.0,1.0,0
70,0.9996036727326779,0.9977509620564236,0.9983637201829034,Three-step,0.75,0.8,3411,1.0,1.0,1.0,0
71,1.0004176880270572,1.001486373227738,1.0008989245801385,Three-step,0.75,0.8,3411,1.0,1.0,1.0,0
72,1.000175504826771,1.0005368769522944,1.0000745244582052,Three-step,0.75,0.8,3411,1.0,1.0,1.0,0
73,0.9998441869755472,1.0007648625141627,1.0006606626972692,Three-step,0.75,0.8,3411,1.0,1.0,1.0,0
74,0.9998119992769827,1.0000908715561858,0.9987445323825664,Three-step,0.75,0.8,3411,1.0,1.0,1.0,0
75,1.0001381171375894,0.9978633894805642,0.9962896729327435,Three-step,0.75,0.8,3411,1.0,1.0,1.0,0
76,1.0000588869489664,0.9990821896127354,0.9997192676636729,Three-step,0.75,0.8,3411,1.0,1.0,1.0,0
77,0.9999996814361451,0.9998848419276144,0.9985528356626296,Three-step,0.75,0.8,3411,1.0,1.0,1.0,0
78,0.999868631140136,0.9992294071026155,0.9983022016551232,Three-step,0.75,0.8,3411,1.0,1.0,1.0,0
79,1.0003856225889423,0.9994831604455328,0.9998845798020858,Three-step,0.75,0.8,3411,1.0,1.0,1.0,0
80,0.9995266477616307,1.000461480102891,1.000088572655565,Three-step,0.75,0.8,3411,1.0,1.0,1.0,0
81,0.9998930796666419,0.999641520988187,0.9994311664335868,Three-step,0.75,0.8,3411,1.0,1.0,1.0,0
82,1.0007389111952834,1.001632821059708,1.0021890556314221,Three-step,0.75,0.8,3411,1.0,1.0,1.0,0
83,1.0000509766907197,0.9997003539913636,1.0010279843656635,Three-step,0.75,0.8,3411,1.0,1.0,1.0,0
84,1.0002456927433314,1.000403711875336,1.0005616554712058,Three-step,0.75,0.8,3411,1.0,1.0,1.0,0
85,0.9997889919859073,0.9994429457198817,0.9976922668236177,Three-step,0.75,0.8,3411,1.0,1.0,1.0,0
86,0.9998497803431158,0.9935658417486187,0.9952748185944464,Three-step,0.75,0.8,3411,1.0,1.0,1.0,0
87,1.0002058238661866,0.996631988867412,0.9971470664082732,Three-step,0.75,0.8,3411,1.0,1.0,1.0,0
88,0.9998799375499825,1.0018425860785087,1.0012109787669887,Three-step,0.75,0.8,3411,1.0,1.0,1.0,0
89,0.9999195065512816,1.0021525395355575,1.0023534932418108,Three-step,0.75,0.8,3411,1.0,1.0,1.0,0
90,0.9998430372294954,1.0014846179544534,0.9985340739350119,Three-step,0.75,0.8,3411,1.0,1.0,1.0,0
91,1.0000343216342331,0.9978856279496602,0.9995662109369657,Three-step,0.75,0.8,3411,1.0,1.0,1.0,0
92,1.0001939799639359,0.9979262855338871,0.999467999813224,Three-step,0.75,0.8,3411,1.0,1.0,1.0,0
93,1.0000774180961154,0.9988356179495677,0.9998677060632476,Three-step,0.75,0.8,3411,1.0,1.0,1.0,0
94,1.0000347499215563,1.0020185947051998,1.0037772947108257,Three-step,0.75,0.8,3411,1.0,1.0,1.0,0
95,1.0002265045685237,1.0003025966279278,1.0018589408059397,Three-step,0.75,0.8,3411,1.0,1.0,1.0,0
96,1.000052625390029,1.0014332760083464,1.0028162967031946,Three-step,0.75,0.8,3411,1.0,1.0,1.0,0
97,0.9999158508845473,1.0018275133309522,1.0018296069504982,Three-step,0.75,0.8,3411,1.0,1.0,1.0,0
98,0.9998297695840468,1.0005198265748414,1.000004989964919,Three-step,0.75,0.8,3411,1.0,1.0,1.0,0
99,1.000034059969317,0.999111198060689,1.0007329208748823,Three-step,0.75,0.8,3411,1.0,1.0,1.0,0
100,0.999908112762896,1.0019957888649207,1.0020588433446613,Three-step,0.75,0.8,3411,1.0,1.0,1.0,0
1,1.0002310568491464,0.9995568286215041,1.001431207459358,Robins' estimator,0.75,0.8,3411,1.0,1.0,1.0,0
2,1.0002192727833656,0.9994355603184631,1.0005749396523407,Robins' estimator,0.75,0.8,3411,1.0,1.0,1.0,0
3,1.000373370556584,0.9989063301249829,0.9999736992058501,Robins' estimator,0.75,0.8,3411,1.0,1.0,1.0,0
4,0.9998833882633843,0.9991994756390948,0.9983213405290061,Robins' estimator,0.75,0.8,3411,1.0,1.0,1.0,0
5,0.9998760886286469,1.000392484229789,0.9993016766028566,Robins' estimator,0.75,0.8,3411,1.0,1.0,1.0,0
6,1.00060645209146,0.9996589020915829,1.0015898809925676,Robins' estimator,0.75,0.8,3411,1.0,1.0,1.0,0
7,0.9999016159519108,0.9999926805203535,0.9988669915375242,Robins' estimator,0.75,0.8,3411,1.0,1.0,1.0,0
8,1.0005794441670497,1.0001344694312642,1.0019129235088924,Robins' estimator,0.75,0.8,3411,1.0,1.0,1.0,0
9,0.9998587020800679,0.9999422889896309,0.9991085696991046,Robins' estimator,0.75,0.8,3411,1.0,1.0,1.0,0
10,0.9995392179692635,0.9994477411567833,0.9980967127151537,Robins' estimator,0.75,0.8,3411,1.0,1.0,1.0,0
11,1.0005851056608264,1.0002910704312296,1.001727825380304,Robins' estimator,0.75,0.8,3411,1.0,1.0,1.0,0
12,1.001019135290454,0.9993235748580686,1.0028640512265317,Robins' estimator,0.75,0.8,3411,1.0,1.0,1.0,0
13,1.0000419163316405,0.999699317142535,0.9998375270891433,Robins' estimator,0.75,0.8,3411,1.0,1.0,1.0,0
14,1.0003809322961166,0.9996020282488618,1.0005803935959845,Robins' estimator,0.75,0.8,3411,1.0,1.0,1.0,0
15,1.0003009588613723,0.9999911672658061,1.0011988369716165,Robins' estimator,0.75,0.8,3411,1.0,1.0,1.0,0
16,0.9997481863395434,1.0017320606851832,1.0009604904398388,Robins' estimator,0.75,0.8,3411,1.0,1.0,1.0,0
17,1.0005113063783524,0.9995042168879225,1.0006294113504552,Robins' estimator,0.75,0.8,3411,1.0,1.0,1.0,0
18,0.9996221187526126,0.9981756434076544,0.9963653043744226,Robins' estimator,0.75,0.8,3411,1.0,1.0,1.0,0
19,0.9998489263992882,1.0014546587208943,0.9991786209118133,Robins' estimator,0.75,0.8,3411,1.0,1.0,1.0,0
20,1.0000766884744867,0.9994095806895791,1.0001378269794232,Robins' estimator,0.75,0.8,3411,1.0,1.0,1.0,0
21,0.9995438366055387,1.0001581159519641,0.997858602162472,Robins' estimator,0.75,0.8,3411,1.0,1.0,1.0,0
22,0.9996764467931333,0.9998354752948998,0.9989944049654823,Robins' estimator,0.75,0.8,3411,1.0,1.0,1.0,0
23,1.000611050690044,1.0004404812917187,1.0026313754007359,Robins' estimator,0.75,0.8,3411,1.0,1.0,1.0,0
24,0.9993849240897366,0.9996949133950328,0.9980365526073217,Robins' estimator,0.75,0.8,3411,1.0,1.0,1.0,0
25,0.9991222655381765,0.9999673759593902,0.9971514345765492,Robins' estimator,0.75,0.8,3411,1.0,1.0,1.0,0
26,0.9996839622536706,1.0003771034145792,0.9994478269061273,Robins' estimator,0.75,0.8,3411,1.0,1.0,1.0,0
27,0.9996935605720642,0.9997579014424686,0.9992769317122331,Robins' estimator,0.75,0.8,3411,1.0,1.0,1.0,0
28,1.0002945355104516,0.9995991383861639,1.00061511064179,Robins' estimator,0.75,0.8,3411,1.0,1.0,1.0,0
29,0.9995946375787247,0.9994014637872181,0.9978390351093585,Robins' estimator,0.75,0.8,3411,1.0,1.0,1.0,0
30,1.0006000592129063,0.9990137683888609,1.001927447620649,Robins' estimator,0.75,0.8,3411,1.0,1.0,1.0,0
31,0.999599511429853,0.9986219452894572,0.9999717105549222,Robins' estimator,0.75,0.8,3411,1.0,1.0,1.0,0
32,1.0001116438272455,0.9999018855769093,1.0010283828479762,Robins' estimator,0.75,0.8,3411,1.0,1.0,1.0,0
33,0.9999654910319113,1.0009242522949733,1.0003149765941464,Robins' estimator,0.75,0.8,3411,1.0,1.0,1.0,0
34,0.9997664487523893,0.9999164023879897,0.998283709690447,Robins' estimator,0.75,0.8,3411,1.0,1.0,1.0,0
35,1.0001962001695612,1.0000741315988984,1.0002522609906987,Robins' estimator,0.75,0.8,3411,1.0,1.0,1.0,0
36,1.0010530814282028,1.0010208944188979,1.0036433993243377,Robins' estimator,0.75,0.8,3411,1.0,1.0,1.0,0
37,1.0001841213468223,1.0008119757856964,1.0013435121038357,Robins' estimator,0.75,0.8,3411,1.0,1.0,1.0,0
38,1.0007195754570861,0.9997587081285906,1.0016196366538272,Robins' estimator,0.75,0.8,3411,1.0,1.0,1.0,0
39,0.9999140097747277,1.000490221953443,0.9997743712525322,Robins' estimator,0.75,0.8,3411,1.0,1.0,1.0,0
40,1.000701145461903,0.9992231127163091,1.0008331512935549,Robins' estimator,0.75,0.8,3411,1.0,1.0,1.0,0
41,1.0004895365673807,0.9985172363529903,1.0008595072160975,Robins' estimator,0.75,0.8,3411,1.0,1.0,1.0,0
42,1.0002019407807,0.999678681270426,0.9999537975638473,Robins' estimator,0.75,0.8,3411,1.0,1.0,1.0,0
43,1.0005893846034468,1.0023727757511856,1.0023062335201094,Robins' estimator,0.75,0.8,3411,1.0,1.0,1.0,0
44,1.0006313212277913,1.0007052625709192,1.001890524195168,Robins' estimator,0.75,0.8,3411,1.0,1.0,1.0,0
45,0.9996700779578702,0.9999658013895453,0.9993280915520979,Robins' estimator,0.75,0.8,3411,1.0,1.0,1.0,0
46,1.0006064571269544,1.0009404484278128,1.0023585733203002,Robins' estimator,0.75,0.8,3411,1.0,1.0,1.0,0
47,0.9998405031921025,1.0015909669391412,0.9998224397400106,Robins' estimator,0.75,0.8,3411,1.0,1.0,1.0,0
48,0.9992422436610301,0.9994030422142968,0.9978499617493284,Robins' estimator,0.75,0.8,3411,1.0,1.0,1.0,0
49,0.9995834435532269,1.0002221389830483,0.9983311683718131,Robins' estimator,0.75,0.8,3411,1.0,1.0,1.0,0
50,1.0005968473072997,0.9999005793266023,1.0012938656699215,Robins' estimator,0.75,0.8,3411,1.0,1.0,1.0,0
51,1.0001409676222937,0.9993623737286751,1.0000792902402509,Robins' estimator,0.75,0.8,3411,1.0,1.0,1.0,0
52,0.9996022905176513,0.9993048806464437,0.9982119213021095,Robins' estimator,0.75,0.8,3411,1.0,1.0,1.0,0
53,0.9998309650484931,0.9991285415090663,0.9994944720633154,Robins' estimator,0.75,0.8,3411,1.0,1.0,1.0,0
54,0.9992397422760293,1.001088119573817,0.9993128104587575,Robins' estimator,0.75,0.8,3411,1.0,1.0,1.0,0
55,1.0005106836759416,0.9999348633349066,1.0010271117659932,Robins' estimator,0.75,0.8,3411,1.0,1.0,1.0,0
56,0.9994892022558156,0.9991683672049441,0.9990559470924992,Robins' estimator,0.75,0.8,3411,1.0,1.0,1.0,0
57,0.9998017114836656,0.9999446562656555,0.9997207531443765,Robins' estimator,0.75,0.8,3411,1.0,1.0,1.0,0
58,1.0001476910933547,1.0010146759246166,1.0008466593642662,Robins' estimator,0.75,0.8,3411,1.0,1.0,1.0,0
59,1.0001776820099397,0.9992660951626098,0.9994228523058333,Robins' estimator,0.75,0.8,3411,1.0,1.0,1.0,0
60,0.999575864328826,1.0001551894582588,0.9982332758992968,Robins' estimator,0.75,0.8,3411,1.0,1.0,1.0,0
61,0.9995055036676583,0.9995638438488867,0.9977665590441634,Robins' estimator,0.75,0.8,3411,1.0,1.0,1.0,0
62,1.0007599128683933,0.9999433767949052,1.0020253881948558,Robins' estimator,0.75,0.8,3411,1.0,1.0,1.0,0
63,0.999508559420673,0.9998071087672546,0.9993439800504732,Robins' estimator,0.75,0.8,3411,1.0,1.0,1.0,0
64,0.9999782120374454,0.9997853826353994,0.9989080834184706,Robins' estimator,0.75,0.8,3411,1.0,1.0,1.0,0
65,0.9997532304079362,1.0004165114684527,0.9997105613921421,Robins' estimator,0.75,0.8,3411,1.0,1.0,1.0,0
66,0.9996356746697975,1.0000871815586254,0.9989747651007019,Robins' estimator,0.75,0.8,3411,1.0,1.0,1.0,0
67,0.9992170202372106,0.9994011481006966,0.9983991549937382,Robins' estimator,0.75,0.8,3411,1.0,1.0,1.0,0
68,1.000173211306235,1.00000945708661,1.000963084814579,Robins' estimator,0.75,0.8,3411,1.0,1.0,1.0,0
69,0.9999937961781676,1.0001175664197846,1.0003233078293485,Robins' estimator,0.75,0.8,3411,1.0,1.0,1.0,0
70,0.9991883127489419,0.9995866058752587,0.9983637201829036,Robins' estimator,0.75,0.8,3411,1.0,1.0,1.0,0
71,1.0001453433769492,1.0008889206792397,1.0008989245801383,Robins' estimator,0.75,0.8,3411,1.0,1.0,1.0,0
72,0.9997633875501244,1.0012783856473497,1.0000745244582052,Robins' estimator,0.75,0.8,3411,1.0,1.0,1.0,0
73,1.0001527789750155,1.0000557409882982,1.0006606626972692,Robins' estimator,0.75,0.8,3411,1.0,1.0,1.0,0
74,0.9996195887877533,0.9993609618981617,0.9987445323825664,Robins' estimator,0.75,0.8,3411,1.0,1.0,1.0,0
75,0.9992284488182951,1.0001124007630187,0.9962896729327433,Robins' estimator,0.75,0.8,3411,1.0,1.0,1.0,0
76,1.0001299521836735,1.0001613810947931,0.9997192676636726,Robins' estimator,0.75,0.8,3411,1.0,1.0,1.0,0
77,0.9996917252202968,0.999362183066854,0.9985528356626296,Robins' estimator,0.75,0.8,3411,1.0,1.0,1.0,0
78,0.9995498927252207,1.0005414901671938,0.9983022016551231,Robins' estimator,0.75,0.8,3411,1.0,1.0,1.0,0
79,0.9998084212633538,0.9998908948298456,0.9998845798020856,Robins' estimator,0.75,0.8,3411,1.0,1.0,1.0,0
80,0.9998545687436159,1.0005346312318129,1.0000885726555653,Robins' estimator,0.75,0.8,3411,1.0,1.0,1.0,0
81,0.9998832694579524,0.9995323726468958,0.9994311664335869,Robins' estimator,0.75,0.8,3411,1.0,1.0,1.0,0
82,1.001236554452479,1.0005812501728686,1.0021890556314221,Robins' estimator,0.75,0.8,3411,1.0,1.0,1.0,0
83,1.0003478958338445,1.0002538152433684,1.0010279843656635,Robins' estimator,0.75,0.8,3411,1.0,1.0,1.0,0
84,1.0001162605522962,1.0008910934636215,1.0005616554712058,Robins' estimator,0.75,0.8,3411,1.0,1.0,1.0,0
85,0.999159149551118,1.0004346478358688,0.9976922668236176,Robins' estimator,0.75,0.8,3411,1.0,1.0,1.0,0
86,0.99887408268355,0.9980938293582254,0.9952748185944468,Robins' estimator,0.75,0.8,3411,1.0,1.0,1.0,0
87,0.9988609130901187,0.9989546036704505,0.9971470664082732,Robins' estimator,0.75,0.8,3411,1.0,1.0,1.0,0
88,1.0001998038558177,0.9999535026652125,1.0012109787669887,Robins' estimator,0.75,0.8,3411,1.0,1.0,1.0,0
89,1.0007759311805509,1.0006233460119598,1.0023534932418108,Robins' estimator,0.75,0.8,3411,1.0,1.0,1.0,0
90,0.9997811720161519,1.0009156766441447,0.9985340739350121,Robins' estimator,0.75,0.8,3411,1.0,1.0,1.0,0
91,0.9999402389783542,0.9995955527921322,0.9995662109369655,Robins' estimator,0.75,0.8,3411,1.0,1.0,1.0,0
92,0.9997879664682081,0.9992243856068461,0.999467999813224,Robins' estimator,0.75,0.8,3411,1.0,1.0,1.0,0
93,0.999944578482994,0.9996706841995531,0.9998677060632475,Robins' estimator,0.75,0.8,3411,1.0,1.0,1.0,0
94,1.001137050633131,1.0008859005927764,1.0037772947108257,Robins' estimator,0.75,0.8,3411,1.0,1.0,1.0,0
95,1.0003327384581393,1.0011168165450361,1.0018589408059395,Robins' estimator,0.75,0.8,3411,1.0,1.0,1.0,0
96,1.0007246024781056,1.0013456716908802,1.0028162967031946,Robins' estimator,0.75,0.8,3411,1.0,1.0,1.0,0
97,1.0003993099769721,1.001314206490072,1.001829606950498,Robins' estimator,0.75,0.8,3411,1.0,1.0,1.0,0
98,0.9999857538351272,1.0001305953151864,1.0000049899649188,Robins' estimator,0.75,0.8,3411,1.0,1.0,1.0,0
99,1.000158959131408,0.9999726072137722,1.000732920874882,Robins' estimator,0.75,0.8,3411,1.0,1.0,1.0,0
100,1.0004935001948074,1.001574782579017,1.002058843344661,Robins' estimator,0.75,0.8,3411,1.0,1.0,1.0,0
1,1.000667693215367,0.9997759044215893,1.003006725253894,GMM estimator,0.75,0.8,3411,1.0,1.0,1.0,0
2,1.0001333683617148,0.9993532819323523,1.0002294326402992,GMM estimator,0.75,0.8,3411,1.0,1.0,1.0,0
3,1.000067722789002,0.9988903289798894,0.9991050604982181,GMM estimator,0.75,0.8,3411,1.0,1.0,1.0,0
4,1.0001845586287348,0.9995674690897907,0.9994468631018429,GMM estimator,0.75,0.8,3411,1.0,1.0,1.0,0
5,1.0000010790701213,1.0003708462259369,0.9996000522257715,GMM estimator,0.75,0.8,3411,1.0,1.0,1.0,0
6,1.000320427852202,0.9994692013817015,1.000707687044317,GMM estimator,0.75,0.8,3411,1.0,1.0,1.0,0
7,0.999902236543424,0.9999968135836966,0.998873942824676,GMM estimator,0.75,0.8,3411,1.0,1.0,1.0,0
8,0.9996115599874755,0.9991207421316526,0.9988549675640335,GMM estimator,0.75,0.8,3411,1.0,1.0,1.0,0
9,0.9999260160102281,1.0000407296260905,0.9993879748962016,GMM estimator,0.75,0.8,3411,1.0,1.0,1.0,0
10,0.9998119207178511,0.9996433037682082,0.9991786228990227,GMM estimator,0.75,0.8,3411,1.0,1.0,1.0,0
11,1.0001515464195065,0.9996148565682692,1.0000533668715996,GMM estimator,0.75,0.8,3411,1.0,1.0,1.0,0
12,1.0000162741148602,0.9994915231789483,1.0002161767926432,GMM estimator,0.75,0.8,3411,1.0,1.0,1.0,0
13,1.0002485067625753,0.9999423599169798,1.0005732275505936,GMM estimator,0.75,0.8,3411,1.0,1.0,1.0,0
14,1.0003073228563797,0.9996292164014215,1.0003870770391083,GMM estimator,0.75,0.8,3411,1.0,1.0,1.0,0
15,0.9997821645661313,0.9995553342390433,0.9994431297240376,GMM estimator,0.75,0.8,3411,1.0,1.0,1.0,0
16,0.9991910687078607,1.0015905447796585,0.9991510500405449,GMM estimator,0.75,0.8,3411,1.0,1.0,1.0,0
17,1.0004014518858098,0.9994839394099451,1.000271182232518,GMM estimator,0.75,0.8,3411,1.0,1.0,1.0,0
18,0.9997156414465234,0.998447839818341,0.9972088484374302,GMM estimator,0.75,0.8,3411,1.0,1.0,1.0,0
19,0.9998401675820532,1.001445309165225,0.999412104605442,GMM estimator,0.75,0.8,3411,1.0,1.0,1.0,0
20,0.9999542348898348,0.9992486128432776,0.9996611669523077,GMM estimator,0.75,0.8,3411,1.0,1.0,1.0,0
21,1.0004605578097572,1.0010605746662762,1.0005801559613257,GMM estimator,0.75,0.8,3411,1.0,1.0,1.0,0
22,1.0000460094300392,0.9998382094514533,0.9999842118077034,GMM estimator,0.75,0.8,3411,1.0,1.0,1.0,0
23,0.9999580978310805,1.0002166298001332,1.0004767418824585,GMM estimator,0.75,0.8,3411,1.0,1.0,1.0,0
24,0.9998276272931483,1.0000675804482926,0.9994716572823861,GMM estimator,0.75,0.8,3411,1.0,1.0,1.0,0
25,0.9997925616175166,1.000271247341468,0.9990979161260993,GMM estimator,0.75,0.8,3411,1.0,1.0,1.0,0
26,0.9995522951126738,1.0005112293044773,0.9992436383260332,GMM estimator,0.75,0.8,3411,1.0,1.0,1.0,0
27,1.0001645823767396,0.9996612548986719,1.0003556313472068,GMM estimator,0.75,0.8,3411,1.0,1.0,1.0,0
28,0.9998866227635516,0.9993145716705927,0.9990298675799631,GMM estimator,0.75,0.8,3411,1.0,1.0,1.0,0
29,0.9997726687066903,0.9997985180606237,0.9985292655287911,GMM estimator,0.75,0.8,3411,1.0,1.0,1.0,0
30,1.0002194934775244,0.9987195268360067,1.0006280143445951,GMM estimator,0.75,0.8,3411,1.0,1.0,1.0,0
31,0.9999648872321668,0.9988537206021838,1.0004691341852952,GMM estimator,0.75,0.8,3411,1.0,1.0,1.0,0
32,0.9999165766814802,0.9997664925167817,1.0003699581221004,GMM estimator,0.75,0.8,3411,1.0,1.0,1.0,0
33,1.0000279967095058,0.9994500025196112,0.9991497935678586,GMM estimator,0.75,0.8,3411,1.0,1.0,1.0,0
34,0.9998906504972322,0.9999781491389527,0.9988472791590814,GMM estimator,0.75,0.8,3411,1.0,1.0,1.0,0
35,0.9999930862174116,0.9999312820248913,0.9996753794537132,GMM estimator,0.75,0.8,3411,1.0,1.0,1.0,0
36,1.0001749108482496,1.0004072931418988,1.0007211730153922,GMM estimator,0.75,0.8,3411,1.0,1.0,1.0,0
37,0.9995182144697407,1.0004797712233773,0.9990568314081592,GMM estimator,0.75,0.8,3411,1.0,1.0,1.0,0
38,1.0002376524817993,0.9991430472440954,0.9998005498518157,GMM estimator,0.75,0.8,3411,1.0,1.0,1.0,0
39,1.0001562301030444,1.0003503214122418,1.0003215534461254,GMM estimator,0.75,0.8,3411,1.0,1.0,1.0,0
40,1.0005164890882579,0.9989288204014526,1.0002110821389456,GMM estimator,0.75,0.8,3411,1.0,1.0,1.0,0
41,1.0001475083013265,0.998459158204604,0.9998988835783478,GMM estimator,0.75,0.8,3411,1.0,1.0,1.0,0
42,1.000090275846248,0.9997938703577083,0.9997034019078388,GMM estimator,0.75,0.8,3411,1.0,1.0,1.0,0
43,0.9998163361528095,1.0023521475717623,1.0002744228294378,GMM estimator,0.75,0.8,3411,1.0,1.0,1.0,0
44,1.0003474464477855,1.0002556314448585,1.0008529546886429,GMM estimator,0.75,0.8,3411,1.0,1.0,1.0,0
45,1.0004036780341319,0.9999683327405473,1.000815156617629,GMM estimator,0.75,0.8,3411,1.0,1.0,1.0,0
46,1.0003629779330834,1.0012943411845039,1.0018818343164875,GMM estimator,0.75,0.8,3411,1.0,1.0,1.0,0
47,1.0002396801866456,1.0008907891366938,1.0005550690663867,GMM estimator,0.75,0.8,3411,1.0,1.0,1.0,0
48,0.999889832668351,0.9997244089357604,0.9999371669573307,GMM estimator,0.75,0.8,3411,1.0,1.0,1.0,0
49,0.999903932413736,1.0006702269113352,0.9997376809591758,GMM estimator,0.75,0.8,3411,1.0,1.0,1.0,0
50,1.0003357442725993,0.9996806082906886,1.0005143162769359,GMM estimator,0.75,0.8,3411,1.0,1.0,1.0,0
51,0.9999496766553315,0.9993767603978023,0.9996250322717724,GMM estimator,0.75,0.8,3411,1.0,1.0,1.0,0
52,1.000123405833649,0.9994712715578811,0.9996447158282931,GMM estimator,0.75,0.8,3411,1.0,1.0,1.0,0
53,0.9998382008139697,0.9990672685946103,0.9994951187615819,GMM estimator,0.75,0.8,3411,1.0,1.0,1.0,0
54,0.9995856043053643,1.0009722460651969,1.0002543846026055,GMM estimator,0.75,0.8,3411,1.0,1.0,1.0,0
55,1.0001686551200157,0.9994530337689225,0.9997552070813955,GMM estimator,0.75,0.8,3411,1.0,1.0,1.0,0
56,0.9998131199364948,0.999422909550935,1.000003338602919,GMM estimator,0.75,0.8,3411,1.0,1.0,1.0,0
57,0.9999860259780393,1.0001005455555976,1.000344336367367,GMM estimator,0.75,0.8,3411,1.0,1.0,1.0,0
58,1.0001357012938439,1.0005067926831699,1.00053769711313,GMM estimator,0.75,0.8,3411,1.0,1.0,1.0,0
59,1.0000153469638617,0.999013445428892,0.9988664809325409,GMM estimator,0.75,0.8,3411,1.0,1.0,1.0,0
60,0.9999926461278372,1.000342960531839,0.999417309545096,GMM estimator,0.75,0.8,3411,1.0,1.0,1.0,0
61,1.0004237826747044,1.0002184426067242,1.0002444711544514,GMM estimator,0.75,0.8,3411,1.0,1.0,1.0,0
62,0.9997407624766506,0.9996988797616705,0.9989114683925324,GMM estimator,0.75,0.8,3411,1.0,1.0,1.0,0
63,0.9996742253921498,0.99957584966589,0.9995813780039007,GMM estimator,0.75,0.8,3411,1.0,1.0,1.0,0
64,1.0001800564864554,0.9999143844583366,0.9995990576464266,GMM estimator,0.75,0.8,3411,1.0,1.0,1.0,0
65,0.9999825500530046,1.0005417118111384,1.0003938652404551,GMM estimator,0.75,0.8,3411,1.0,1.0,1.0,0
66,0.999847819176344,1.0002958589041264,0.9998562343124671,GMM estimator,0.75,0.8,3411,1.0,1.0,1.0,0
67,0.9998398229251305,0.999823471195995,1.000170929946338,GMM estimator,0.75,0.8,3411,1.0,1.0,1.0,0
68,0.9999729580240921,0.9996859491678131,1.0001161686632574,GMM estimator,0.75,0.8,3411,1.0,1.0,1.0,0
69,1.0000323869368914,1.0001425586344546,1.0004341289477865,GMM estimator,0.75,0.8,3411,1.0,1.0,1.0,0
70,0.9995915245384865,1.000058526349775,0.9997689790555251,GMM estimator,0.75,0.8,3411,1.0,1.0,1.0,0
71,1.000338827602624,1.000794083270226,1.0013446743955066,GMM estimator,0.75,0.8,3411,1.0,1.0,1.0,0
72,1.000158797844852,1.001398696383411,1.0010431755295022,GMM estimator,0.75,0.8,3411,1.0,1.0,1.0,0
73,0.999874605149213,0.9998738198992415,0.9997524520961205,GMM estimator,0.75,0.8,3411,1.0,1.0,1.0,0
74,0.9997334343596304,0.9994854596178188,0.998973098577705,GMM estimator,0.75,0.8,3411,1.0,1.0,1.0,0
75,1.000120925385485,1.0016999163918658,0.9990498321362424,GMM estimator,0.75,0.8,3411,1.0,1.0,1.0,0
76,1.0000878912359064,1.0002696270211129,0.9996047149109741,GMM estimator,0.75,0.8,3411,1.0,1.0,1.0,0
77,0.9999502055107197,0.999513364876175,0.9993156690734972,GMM estimator,0.75,0.8,3411,1.0,1.0,1.0,0
78,0.9998709581092374,1.001078883090531,0.9993358221510271,GMM estimator,0.75,0.8,3411,1.0,1.0,1.0,0
79,1.000228588203195,0.9998334241025357,1.0007323913296235,GMM estimator,0.75,0.8,3411,1.0,1.0,1.0,0
80,0.9996825311549218,1.0005919415649878,0.9997035446640448,GMM estimator,0.75,0.8,3411,1.0,1.0,1.0,0
81,0.9998823325531054,0.9994949998261238,0.9994043238297736,GMM estimator,0.75,0.8,3411,1.0,1.0,1.0,0
82,1.0007948153444433,1.0001486911888686,1.0007185787426396,GMM estimator,0.75,0.8,3411,1.0,1.0,1.0,0
83,1.0000869578895246,1.000132027827144,1.0002757302818783,GMM estimator,0.75,0.8,3411,1.0,1.0,1.0,0
84,1.0002389000070595,1.0009631405677,1.0009511468536116,GMM estimator,0.75,0.8,3411,1.0,1.0,1.0,0
85,0.9996971258438705,1.0004307152240122,0.9991498322076289,GMM estimator,0.75,0.8,3411,1.0,1.0,1.0,0
86,0.9998515814562221,0.9990238595220524,0.9984516581993099,GMM estimator,0.75,0.8,3411,1.0,1.0,1.0,0
87,0.9994882290125564,0.9993395304733409,0.9989028470650273,GMM estimator,0.75,0.8,3411,1.0,1.0,1.0,0
88,0.9998036221496361,0.9992341416241377,0.9996396622188728,GMM estimator,0.75,0.8,3411,1.0,1.0,1.0,0
89,1.0000611701375166,0.9999326575477141,1.000012975032574,GMM estimator,0.75,0.8,3411,1.0,1.0,1.0,0
90,0.9998249572383544,1.0009391488468715,0.9985874085460633,GMM estimator,0.75,0.8,3411,1.0,1.0,1.0,0
91,1.0000894247009011,0.9998096119159308,1.0002369383870802,GMM estimator,0.75,0.8,3411,1.0,1.0,1.0,0
92,1.0002142175018351,0.9996250904975139,1.0009781966248195,GMM estimator,0.75,0.8,3411,1.0,1.0,1.0,0
93,1.00011655665981,0.9999066954018865,1.0005855880494763,GMM estimator,0.75,0.8,3411,1.0,1.0,1.0,0
94,1.0000867001157643,1.0000454342736962,0.999894585348899,GMM estimator,0.75,0.8,3411,1.0,1.0,1.0,0
95,1.0002010895185993,1.0011103479413626,1.0015063386298824,GMM estimator,0.75,0.8,3411,1.0,1.0,1.0,0
96,1.000094528005521,1.0008847683284827,1.0006820830712195,GMM estimator,0.75,0.8,3411,1.0,1.0,1.0,0
97,0.999953112995456,1.0013596604953543,1.0007984263549639,GMM estimator,0.75,0.8,3411,1.0,1.0,1.0,0
98,0.9998246983602953,0.9999834016354814,0.9994943045688411,GMM estimator,0.75,0.8,3411,1.0,1.0,1.0,0
99,1.0001223633213998,1.0000382639208025,1.000648912808332,GMM estimator,0.75,0.8,3411,1.0,1.0,1.0,0
100,1.0000163590825422,1.0012950858287917,1.00043808743722,GMM estimator,0.75,0.8,3411,1.0,1.0,1.0,0
1,1.0007316599448164,1.0008948294928623,1.0014283031382472,Three-step,1.0,0.8,3411,1.0,1.0,1.0,0
2,1.0001515047975014,0.9992999145061714,0.9996056397164563,Three-step,1.0,0.8,3411,1.0,1.0,1.0,0
3,1.000000935254314,0.9993669170393285,0.9994270888039111,Three-step,1.0,0.8,3411,1.0,1.0,1.0,0
4,1.000167260179618,0.9983357824849398,0.9983082297253422,Three-step,1.0,0.8,3411,1.0,1.0,1.0,0
5,1.0000651638956815,0.9998932204174734,1.0002631271847222,Three-step,1.0,0.8,3411,1.0,1.0,1.0,0
6,1.0001210637357427,1.0008662045976484,1.001423374323728,Three-step,1.0,0.8,3411,1.0,1.0,1.0,0
7,0.9999040436679748,1.0000597403162514,0.9996808975891488,Three-step,1.0,0.8,3411,1.0,1.0,1.0,0
8,0.999551964734167,1.0016138359054545,1.0016100328797097,Three-step,1.0,0.8,3411,1.0,1.0,1.0,0
9,0.9999132608451374,0.9998858953525864,0.9997438739471354,Three-step,1.0,0.8,3411,1.0,1.0,1.0,0
10,0.9998075114171325,0.9975934156389535,0.9984333947410414,Three-step,1.0,0.8,3411,1.0,1.0,1.0,0
11,1.000233325141989,1.0008482196505595,1.0012165248518305,Three-step,1.0,0.8,3411,1.0,1.0,1.0,0
12,0.9998561775688197,1.0021057718971782,1.0021489396886796,Three-step,1.0,0.8,3411,1.0,1.0,1.0,0
13,1.0002164522213213,0.9996792359612424,1.000050357389525,Three-step,1.0,0.8,3411,1.0,1.0,1.0,0
14,1.0002975052392893,1.0001579503296205,1.000702635817071,Three-step,1.0,0.8,3411,1.0,1.0,1.0,0
15,0.9996979322485051,0.999932776115621,1.0001226996518144,Three-step,1.0,0.8,3411,1.0,1.0,1.0,0
16,0.9992020454599843,1.0025066409743386,1.0016849039810958,Three-step,1.0,0.8,3411,1.0,1.0,1.0,0
17,1.0003273904460828,0.9994306784844823,0.9998155820061166,Three-step,1.0,0.8,3411,1.0,1.0,1.0,0
18,0.9996574400823057,0.9971125289456844,0.9968971890790226,Three-step,1.0,0.8,3411,1.0,1.0,1.0,0
19,0.9997525412790622,1.0007678749109588,1.0000975409392203,Three-step,1.0,0.8,3411,1.0,1.0,1.0,0
20,0.9999483139731119,0.9996835370813689,0.9993295628364264,Three-step,1.0,0.8,3411,1.0,1.0,1.0,0
21,1.0005006835418344,0.9976173988802589,0.9986894035279624,Three-step,1.0,0.8,3411,1.0,1.0,1.0,0
22,1.0001524308031888,0.9998204036489964,0.9996410877339919,Three-step,1.0,0.8,3411,1.0,1.0,1.0,0
23,0.9999406693578936,1.0017877920924028,1.001561008741019,Three-step,1.0,0.8,3411,1.0,1.0,1.0,0
24,1.0000594912347907,0.998713556227108,0.9988063263694423,Three-step,1.0,0.8,3411,1.0,1.0,1.0,0
25,0.9999965108186529,0.9978282243377351,0.9985290237392203,Three-step,1.0,0.8,3411,1.0,1.0,1.0,0
26,0.9994782439157698,1.0003195037999455,0.9996849844158208,Three-step,1.0,0.8,3411,1.0,1.0,1.0,0
27,1.0002574668812163,0.9979428117736642,0.9989853030459994,Three-step,1.0,0.8,3411,1.0,1.0,1.0,0
28,0.9998720320119756,1.0003072995762283,1.0000955256234823,Three-step,1.0,0.8,3411,1.0,1.0,1.0,0
29,0.9996795206386067,0.9990556812143038,0.9987364792511391,Three-step,1.0,0.8,3411,1.0,1.0,1.0,0
30,1.0002015935277435,0.9998833907956195,1.0007841002946207,Three-step,1.0,0.8,3411,1.0,1.0,1.0,0
31,1.0000108287117262,0.9990604916642861,0.9995703421948422,Three-step,1.0,0.8,3411,1.0,1.0,1.0,0
32,0.999896298095754,1.0005972643765648,1.0004584762764335,Three-step,1.0,0.8,3411,1.0,1.0,1.0,0
33,1.0000943959925424,1.001180473625449,1.0007203027866216,Three-step,1.0,0.8,3411,1.0,1.0,1.0,0
34,0.9998997008152107,0.9996469819738049,0.9996849749039945,Three-step,1.0,0.8,3411,1.0,1.0,1.0,0
35,0.9999619697042874,0.9999100478982939,1.0001288607403158,Three-step,1.0,0.8,3411,1.0,1.0,1.0,0
36,1.0001489408525834,1.0021536537660005,1.0022939752334434,Three-step,1.0,0.8,3411,1.0,1.0,1.0,0
37,0.9994389787014608,1.0015359243755468,1.0016413890773612,Three-step,1.0,0.8,3411,1.0,1.0,1.0,0
38,1.0002928616881939,1.001473325036136,1.0007647260647679,Three-step,1.0,0.8,3411,1.0,1.0,1.0,0
39,1.0002021354885233,1.0000304577094679,1.000231897360115,Three-step,1.0,0.8,3411,1.0,1.0,1.0,0
40,1.000520963267142,0.9992065771506502,0.9998097909384555,Three-step,1.0,0.8,3411,1.0,1.0,1.0,0
41,1.000089934562232,0.9994145399953198,0.999740210730922,Three-step,1.0,0.8,3411,1.0,1.0,1.0,0
42,1.000024442105233,0.9996490253371159,1.000106930806069,Three-step,1.0,0.8,3411,1.0,1.0,1.0,0
43,0.9997783588567707,1.0030771385328419,1.0033213991075018,Three-step,1.0,0.8,3411,1.0,1.0,1.0,0
44,1.0003751025908605,1.0013702349435705,1.0013089118746392,Three-step,1.0,0.8,3411,1.0,1.0,1.0,0
45,1.0004933267491196,0.999423395463924,1.000238644862816,Three-step,1.0,0.8,3411,1.0,1.0,1.0,0
46,1.0003058351516816,1.0016078541343572,1.0023538852736276,Three-step,1.0,0.8,3411,1.0,1.0,1.0,0
47,1.0004077113076182,1.0004610831347545,1.0008727552666226,Three-step,1.0,0.8,3411,1.0,1.0,1.0,0
48,0.9999802672784844,0.9970725635136141,0.9977606321473088,Three-step,1.0,0.8,3411,1.0,1.0,1.0,0
49,0.9999201365698146,0.9986677088524119,0.9989733358314682,Three-step,1.0,0.8,3411,1.0,1.0,1.0,0
50,1.0000158115672282,1.000192181599087,1.0009188072498194,Three-step,1.0,0.8,3411,1.0,1.0,1.0,0
51,0.9999304314995197,0.9997612827741846,0.9992447615451765,Three-step,1.0,0.8,3411,1.0,1.0,1.0,0
52,1.0001748985748558,0.9974911811117604,0.9983392435710361,Three-step,1.0,0.8,3411,1.0,1.0,1.0,0
53,0.9998282577499212,0.9978745408069243,0.9987859125074328,Three-step,1.0,0.8,3411,1.0,1.0,1.0,0
54,0.9996327364823262,1.0006075979664288,1.0007267114044531,Three-step,1.0,0.8,3411,1.0,1.0,1.0,0
55,1.0001811533719056,1.000724720075517,1.0002096566258312,Three-step,1.0,0.8,3411,1.0,1.0,1.0,0
56,0.9998130217388341,0.9981443380135168,0.9989326242619476,Three-step,1.0,0.8,3411,1.0,1.0,1.0,0
57,0.9999893744709656,1.0002121673582522,1.0003224512948825,Three-step,1.0,0.8,3411,1.0,1.0,1.0,0
58,1.0002085849212647,1.0011228790227427,1.001065191602795,Three-step,1.0,0.8,3411,1.0,1.0,1.0,0
59,1.0001008029997065,0.9997450322616451,0.9995571677714533,Three-step,1.0,0.8,3411,1.0,1.0,1.0,0
60,1.0000180930156817,1.000023728776463,0.999401904542221,Three-step,1.0,0.8,3411,1.0,1.0,1.0,0
61,1.0004523319771754,0.9982031749103197,0.998426779591835,Three-step,1.0,0.8,3411,1.0,1.0,1.0,0
62,0.9996379853595522,1.0009443838862249,1.0017957353523554,Three-step,1.0,0.8,3411,1.0,1.0,1.0,0
63,0.9998062144338511,0.999185032273339,0.9991514524811367,Three-step,1.0,0.8,3411,1.0,1.0,1.0,0
64,1.000200739712519,0.9990561135756845,0.9993394257743103,Three-step,1.0,0.8,3411,1.0,1.0,1.0,0
65,1.0000556694891765,1.000066227100742,1.0005157301627494,Three-step,1.0,0.8,3411,1.0,1.0,1.0,0
66,0.999840915825624,0.9998698150006995,0.9997554168321905,Three-step,1.0,0.8,3411,1.0,1.0,1.0,0
67,0.9998876188866104,0.9985415794593149,0.9986213777573727,Three-step,1.0,0.8,3411,1.0,1.0,1.0,0
68,0.999990990299193,1.000668732762634,1.0006842997980185,Three-step,1.0,0.8,3411,1.0,1.0,1.0,0
69,1.000038117927073,0.9999944249123349,1.0002606488198182,Three-step,1.0,0.8,3411,1.0,1.0,1.0,0
70,0.9996040434435443,0.9987030536976228,0.9986705104499485,Three-step,1.0,0.8,3411,1.0,1.0,1.0,0
71,1.0004174535591894,1.0003523806251275,1.0007085671135747,Three-step,1.0,0.8,3411,1.0,1.0,1.0,0
72,1.0001753025062643,1.0001465471296078,1.0010361928261369,Three-step,1.0,0.8,3411,1.0,1.0,1.0,0
73,0.9998446720815917,1.0008152458707502,1.000400801811571,Three-step,1.0,0.8,3411,1.0,1.0,1.0,0
74,0.999811973870403,0.9994799087598979,0.9994527469162527,Three-step,1.0,0.8,3411,1.0,1.0,1.0,0
75,1.000137807076224,0.99729935635478,0.9974358510968889,Three-step,1.0,0.8,3411,1.0,1.0,1.0,0
76,1.000059463026087,1.0002179444875856,0.9998945236629087,Three-step,1.0,0.8,3411,1.0,1.0,1.0,0
77,0.9999989024423889,0.9982754293613475,0.9984250351889216,Three-step,1.0,0.8,3411,1.0,1.0,1.0,0
78,0.9998658453907052,0.9980293001121194,0.9989309449631556,Three-step,1.0,0.8,3411,1.0,1.0,1.0,0
79,1.000388359697979,0.99930197813602,1.0001335544137961,Three-step,1.0,0.8,3411,1.0,1.0,1.0,0
80,0.9995276065613621,1.0006417798507306,1.0007464348316808,Three-step,1.0,0.8,3411,1.0,1.0,1.0,0
81,0.9998932302067222,0.9998336172759918,1.000014054400873,Three-step,1.0,0.8,3411,1.0,1.0,1.0,0
82,1.0007391447252205,1.000953687121646,1.0016628927595232,Three-step,1.0,0.8,3411,1.0,1.0,1.0,0
83,1.0000501423858232,1.0004128322759593,1.0006165233140147,Three-step,1.0,0.8,3411,1.0,1.0,1.0,0
84,1.0002452264222361,1.0003756386906222,1.001586207141836,Three-step,1.0,0.8,3411,1.0,1.0,1.0,0
85,0.9997888255335051,0.9991516491206297,0.9992864703492002,Three-step,1.0,0.8,3411,1.0,1.0,1.0,0
86,0.9998497995692394,0.9953271621837622,0.9969997956696577,Three-step,1.0,0.8,3411,1.0,1.0,1.0,0
87,1.000207128654419,0.9965485203754508,0.997025584650459,Three-step,1.0,0.8,3411,1.0,1.0,1.0,0
88,0.9998796630238179,1.000962862257406,1.000774902596468,Three-step,1.0,0.8,3411,1.0,1.0,1.0,0
89,0.999920007857735,1.0017057171193544,1.0020304526206227,Three-step,1.0,0.8,3411,1.0,1.0,1.0,0
90,0.9998419741565525,0.9998699058173839,0.9998723240455865,Three-step,1.0,0.8,3411,1.0,1.0,1.0,0
91,1.0000340933833916,1.0003612289088455,1.000532674799345,Three-step,1.0,0.8,3411,1.0,1.0,1.0,0
92,1.0001932018301496,0.9990103350186368,0.999640786278554,Three-step,1.0,0.8,3411,1.0,1.0,1.0,0
93,1.0000767877606118,0.9988448466372165,0.9994553687786565,Three-step,1.0,0.8,3411,1.0,1.0,1.0,0
94,1.0000353926043182,1.0028105054312835,1.0035408869500608,Three-step,1.0,0.8,3411,1.0,1.0,1.0,0
95,1.0002265360132638,1.0016830537626307,1.002310211858957,Three-step,1.0,0.8,3411,1.0,1.0,1.0,0
96,1.00005261333324,1.0024427827380038,1.0030840489047066,Three-step,1.0,0.8,3411,1.0,1.0,1.0,0
97,0.9999157661712448,1.0019038061650318,1.0021624287063922,Three-step,1.0,0.8,3411,1.0,1.0,1.0,0
98,0.9998297764574274,0.9999832761710259,0.9999853688102149,Three-step,1.0,0.8,3411,1.0,1.0,1.0,0
99,1.0000344755110913,0.9991801607563958,0.9996542865346927,Three-step,1.0,0.8,3411,1.0,1.0,1.0,0
100,0.9999082011217478,1.0019488898846707,1.0021666221762353,Three-step,1.0,0.8,3411,1.0,1.0,1.0,0
1,1.000459915115786,1.0004184516148407,1.0014283031382472,Robins' estimator,1.0,0.8,3411,1.0,1.0,1.0,0
2,0.9998037965839026,0.9998140177858048,0.9996056397164567,Robins' estimator,1.0,0.8,3411,1.0,1.0,1.0,0
3,0.9997926227490972,0.999851267495916,0.9994270888039112,Robins' estimator,1.0,0.8,3411,1.0,1.0,1.0,0
4,0.9994345182876141,0.99944578992448,0.9983082297253422,Robins' estimator,1.0,0.8,3411,1.0,1.0,1.0,0
5,1.0000416481635015,1.0000479338917894,1.000263127184722,Robins' estimator,1.0,0.8,3411,1.0,1.0,1.0,0
6,1.000543210414306,1.0004142065675283,1.001423374323728,Robins' estimator,1.0,0.8,3411,1.0,1.0,1.0,0
7,0.9998260817574395,0.9998546371586825,0.9996808975891488,Robins' estimator,1.0,0.8,3411,1.0,1.0,1.0,0
8,1.000529595251158,1.0005243432266595,1.0016100328797095,Robins' estimator,1.0,0.8,3411,1.0,1.0,1.0,0
9,0.9998801386348078,1.000056220914356,0.9997438739471357,Robins' estimator,1.0,0.8,3411,1.0,1.0,1.0,0
10,0.9994871181677183,0.9995468030770882,0.9984333947410414,Robins' estimator,1.0,0.8,3411,1.0,1.0,1.0,0
11,1.0004257506520629,1.0004223536674557,1.0012165248518308,Robins' estimator,1.0,0.8,3411,1.0,1.0,1.0,0
12,1.0007265219855148,1.000683156928143,1.0021489396886796,Robins' estimator,1.0,0.8,3411,1.0,1.0,1.0,0
13,1.0000637297543316,1.0000337987551222,1.000050357389525,Robins' estimator,1.0,0.8,3411,1.0,1.0,1.0,0
14,1.0003390149282063,1.000464453337734,1.000702635817071,Robins' estimator,1.0,0.8,3411,1.0,1.0,1.0,0
15,0.9999725119871541,1.0000265876604453,1.0001226996518144,Robins' estimator,1.0,0.8,3411,1.0,1.0,1.0,0
16,1.000388052937139,1.0004958050388848,1.0016849039810958,Robins' estimator,1.0,0.8,3411,1.0,1.0,1.0,0
17,1.0000389804264367,1.000002707511949,0.9998155820061168,Robins' estimator,1.0,0.8,3411,1.0,1.0,1.0,0
18,0.9990098482367866,0.9991019988843662,0.9968971890790226,Robins' estimator,1.0,0.8,3411,1.0,1.0,1.0,0
19,1.0000902474343243,1.0000525095911015,1.0000975409392203,Robins' estimator,1.0,0.8,3411,1.0,1.0,1.0,0
20,0.9997468414225804,0.9997703261748087,0.9993295628364263,Robins' estimator,1.0,0.8,3411,1.0,1.0,1.0,0
21,0.9996774150944766,0.9995874296089003,0.9986894035279625,Robins' estimator,1.0,0.8,3411,1.0,1.0,1.0,0
22,0.9999198123393633,0.9999535719354229,0.9996410877339921,Robins' estimator,1.0,0.8,3411,1.0,1.0,1.0,0
23,1.0006168149212378,1.0004526323184073,1.001561008741019,Robins' estimator,1.0,0.8,3411,1.0,1.0,1.0,0
24,0.9995402760164288,0.9995213911191807,0.9988063263694423,Robins' estimator,1.0,0.8,3411,1.0,1.0,1.0,0
25,0.9994477770709047,0.9993978784217051,0.9985290237392204,Robins' estimator,1.0,0.8,3411,1.0,1.0,1.0,0
26,0.9998524355290117,0.999934627456112,0.9996849844158209,Robins' estimator,1.0,0.8,3411,1.0,1.0,1.0,0
27,0.9995671748010938,0.9996703923919105,0.9989853030459993,Robins' estimator,1.0,0.8,3411,1.0,1.0,1.0,0
28,1.0000540206405175,1.0000523262883274,1.0000955256234823,Robins' estimator,1.0,0.8,3411,1.0,1.0,1.0,0
29,0.999577170156253,0.9996126948620768,0.9987364792511392,Robins' estimator,1.0,0.8,3411,1.0,1.0,1.0,0
30,1.0003081021784834,1.0002853104657061,1.000784100294621,Robins' estimator,1.0,0.8,3411,1.0,1.0,1.0,0
31,0.9997217585944425,0.999718828632846,0.9995703421948423,Robins' estimator,1.0,0.8,3411,1.0,1.0,1.0,0
32,1.0001375013277636,1.0001122720456876,1.0004584762764335,Robins' estimator,1.0,0.8,3411,1.0,1.0,1.0,0
33,1.0002824956775607,1.0002729913924728,1.0007203027866216,Robins' estimator,1.0,0.8,3411,1.0,1.0,1.0,0
34,0.9999199955642163,0.9998942950145984,0.9996849749039945,Robins' estimator,1.0,0.8,3411,1.0,1.0,1.0,0
35,1.0000047932825138,1.00007733863856,1.0001288607403158,Robins' estimator,1.0,0.8,3411,1.0,1.0,1.0,0
36,1.001058381347864,1.0007962847288299,1.0022939752334434,Robins' estimator,1.0,0.8,3411,1.0,1.0,1.0,0
37,1.000543364379565,1.000574819472623,1.0016413890773612,Robins' estimator,1.0,0.8,3411,1.0,1.0,1.0,0
38,1.0002619770996108,1.000299346670152,1.0007647260647676,Robins' estimator,1.0,0.8,3411,1.0,1.0,1.0,0
39,1.0001309745089615,1.000078723743292,1.0002318973601148,Robins' estimator,1.0,0.8,3411,1.0,1.0,1.0,0
40,1.0000454597119812,1.0001710323472237,0.9998097909384555,Robins' estimator,1.0,0.8,3411,1.0,1.0,1.0,0
41,0.9999824191043287,1.0000475130185773,0.9997402107309218,Robins' estimator,1.0,0.8,3411,1.0,1.0,1.0,0
42,0.999982588596324,1.0001265720346493,1.000106930806069,Robins' estimator,1.0,0.8,3411,1.0,1.0,1.0,0
43,1.001353105457904,1.0013213242892407,1.0033213991075018,Robins' estimator,1.0,0.8,3411,1.0,1.0,1.0,0
44,1.0005489698279935,1.0006465061867265,1.0013089118746394,Robins' estimator,1.0,0.8,3411,1.0,1.0,1.0,0
45,1.0002301913744984,1.0000962964400362,1.000238644862816,Robins' estimator,1.0,0.8,3411,1.0,1.0,1.0,0
46,1.0007403506196877,1.0008504928718398,1.0023538852736276,Robins' estimator,1.0,0.8,3411,1.0,1.0,1.0,0
47,1.000349793101305,1.0003126184131341,1.0008727552666228,Robins' estimator,1.0,0.8,3411,1.0,1.0,1.0,0
48,0.9990560561514572,0.9991982697706873,0.9977606321473085,Robins' estimator,1.0,0.8,3411,1.0,1.0,1.0,0
49,0.9997220220240737,0.999720702562775,0.998973335831468,Robins' estimator,1.0,0.8,3411,1.0,1.0,1.0,0
50,1.000443544339589,1.0003199003913952,1.0009188072498196,Robins' estimator,1.0,0.8,3411,1.0,1.0,1.0,0
51,0.9996079382105765,0.9996615103570965,0.9992447615451763,Robins' estimator,1.0,0.8,3411,1.0,1.0,1.0,0
52,0.9993540824175725,0.999283137913554,0.9983392435710362,Robins' estimator,1.0,0.8,3411,1.0,1.0,1.0,0
53,0.9994457724378254,0.9995063092912714,0.9987859125074328,Robins' estimator,1.0,0.8,3411,1.0,1.0,1.0,0
54,1.0001805085540756,1.0002303460319422,1.0007267114044531,Robins' estimator,1.0,0.8,3411,1.0,1.0,1.0,0
55,1.000113655997781,1.0001300042156551,1.0002096566258312,Robins' estimator,1.0,0.8,3411,1.0,1.0,1.0,0
56,0.9995664310333422,0.9994951684862725,0.9989326242619478,Robins' estimator,1.0,0.8,3411,1.0,1.0,1.0,0
57,1.0001749931974713,1.0000901046310415,1.0003224512948827,Robins' estimator,1.0,0.8,3411,1.0,1.0,1.0,0
58,1.0005287452725504,1.0004144433723121,1.0010651916027953,Robins' estimator,1.0,0.8,3411,1.0,1.0,1.0,0
59,0.9998458783284194,0.99994149954419,0.9995571677714531,Robins' estimator,1.0,0.8,3411,1.0,1.0,1.0,0
60,0.9997836396618794,0.9997763069470469,0.9994019045422208,Robins' estimator,1.0,0.8,3411,1.0,1.0,1.0,0
61,0.9994475930473316,0.9995219267811966,0.9984267795918348,Robins' estimator,1.0,0.8,3411,1.0,1.0,1.0,0
62,1.0005832914997421,1.0003741293545194,1.0017957353523554,Robins' estimator,1.0,0.8,3411,1.0,1.0,1.0,0
63,0.9995990602115774,0.9995949907560424,0.9991514524811365,Robins' estimator,1.0,0.8,3411,1.0,1.0,1.0,0
64,0.9997595182456872,0.9997815377439442,0.9993394257743106,Robins' estimator,1.0,0.8,3411,1.0,1.0,1.0,0
65,1.0002262292860828,1.000313228505513,1.0005157301627492,Robins' estimator,1.0,0.8,3411,1.0,1.0,1.0,0
66,0.9998570990819663,0.9998344507752028,0.9997554168321905,Robins' estimator,1.0,0.8,3411,1.0,1.0,1.0,0
67,0.9992929961991094,0.9993985512656025,0.9986213777573727,Robins' estimator,1.0,0.8,3411,1.0,1.0,1.0,0
68,1.0003249901503997,1.0002202908046112,1.0006842997980185,Robins' estimator,1.0,0.8,3411,1.0,1.0,1.0,0
69,1.0001343991585234,1.0001279967675307,1.0002606488198182,Robins' estimator,1.0,0.8,3411,1.0,1.0,1.0,0
70,0.9994284708728768,0.999376533213146,0.9986705104499486,Robins' estimator,1.0,0.8,3411,1.0,1.0,1.0,0
71,1.0003461776804403,1.0003715055571896,1.0007085671135747,Robins' estimator,1.0,0.8,3411,1.0,1.0,1.0,0
72,1.0004897001917166,1.0003817904950136,1.0010361928261367,Robins' estimator,1.0,0.8,3411,1.0,1.0,1.0,0
73,1.00015204535443,1.0001025874531475,1.0004008018115709,Robins' estimator,1.0,0.8,3411,1.0,1.0,1.0,0
74,0.9997225142262318,0.9996447275558188,0.9994527469162526,Robins' estimator,1.0,0.8,3411,1.0,1.0,1.0,0
75,0.9991064175717642,0.999045195315988,0.9974358510968891,Robins' estimator,1.0,0.8,3411,1.0,1.0,1.0,0
76,0.9999661965900536,0.9999470141017659,0.9998945236629089,Robins' estimator,1.0,0.8,3411,1.0,1.0,1.0,0
77,0.9993195543068587,0.9993205024600753,0.9984250351889215,Robins' estimator,1.0,0.8,3411,1.0,1.0,1.0,0
78,0.9994678895689866,0.9995555982029347,0.9989309449631556,Robins' estimator,1.0,0.8,3411,1.0,1.0,1.0,0
79,1.0000883947877692,1.0001060397100185,1.000133554413796,Robins' estimator,1.0,0.8,3411,1.0,1.0,1.0,0
80,1.0001682223209185,1.000117267316584,1.0007464348316806,Robins' estimator,1.0,0.8,3411,1.0,1.0,1.0,0
81,1.0000693492102677,1.0000937393144433,1.000014054400873,Robins' estimator,1.0,0.8,3411,1.0,1.0,1.0,0
82,1.0009468427655837,1.0006576906609714,1.0016628927595235,Robins' estimator,1.0,0.8,3411,1.0,1.0,1.0,0
83,1.000237700928494,1.000350364671319,1.0006165233140147,Robins' estimator,1.0,0.8,3411,1.0,1.0,1.0,0
84,1.0006165862948069,1.000439532838728,1.001586207141836,Robins' estimator,1.0,0.8,3411,1.0,1.0,1.0,0
85,0.9996734584004575,0.9997979605168656,0.9992864703492002,Robins' estimator,1.0,0.8,3411,1.0,1.0,1.0,0
86,0.9988019486080845,0.9989180453366164,0.9969997956696576,Robins' estimator,1.0,0.8,3411,1.0,1.0,1.0,0
87,0.9986729159421888,0.9986653025698886,0.9970255846504589,Robins' estimator,1.0,0.8,3411,1.0,1.0,1.0,0
88,1.000297570819751,1.000240437267471,1.000774902596468,Robins' estimator,1.0,0.8,3411,1.0,1.0,1.0,0
89,1.000708418929456,1.0006057700405895,1.0020304526206227,Robins' estimator,1.0,0.8,3411,1.0,1.0,1.0,0
90,0.9999667582713939,0.999902211685959,0.9998723240455867,Robins' estimator,1.0,0.8,3411,1.0,1.0,1.0,0
91,1.0001848876078259,1.0001977503924802,1.0005326747993448,Robins' estimator,1.0,0.8,3411,1.0,1.0,1.0,0
92,0.9997972314337571,0.9998411764467771,0.9996407862785539,Robins' estimator,1.0,0.8,3411,1.0,1.0,1.0,0
93,0.9998051045534987,0.9997949148000552,0.9994553687786565,Robins' estimator,1.0,0.8,3411,1.0,1.0,1.0,0
94,1.0013185619775693,1.0011402782174934,1.0035408869500608,Robins' estimator,1.0,0.8,3411,1.0,1.0,1.0,0
95,1.0007909397388912,1.0009022715219267,1.002310211858957,Robins' estimator,1.0,0.8,3411,1.0,1.0,1.0,0
96,1.0010705336867918,1.0012238069486323,1.0030840489047068,Robins' estimator,1.0,0.8,3411,1.0,1.0,1.0,0
97,1.00086629782124,1.0009225489756253,1.0021624287063922,Robins' estimator,1.0,0.8,3411,1.0,1.0,1.0,0
98,1.0000061974668322,0.9999752102809657,0.999985368810215,Robins' estimator,1.0,0.8,3411,1.0,1.0,1.0,0
99,0.9999141716043856,0.9999685273223178,0.9996542865346926,Robins' estimator,1.0,0.8,3411,1.0,1.0,1.0,0
100,1.0009217048392531,1.0008712768193757,1.0021666221762353,Robins' estimator,1.0,0.8,3411,1.0,1.0,1.0,0
1,1.0002653558892411,1.0001788865578933,1.000791466877979,GMM estimator,1.0,0.8,3411,1.0,1.0,1.0,0
2,1.0001130382290513,1.000106204585848,1.0004446559295743,GMM estimator,1.0,0.8,3411,1.0,1.0,1.0,0
3,1.0000112539922361,1.0000605933532045,0.9999701362562363,GMM estimator,1.0,0.8,3411,1.0,1.0,1.0,0
4,0.9999468095216393,0.9999389176049636,0.9997501974756877,GMM estimator,1.0,0.8,3411,1.0,1.0,1.0,0
5,1.0000927082627313,1.0001018041726217,1.0003974016065604,GMM estimator,1.0,0.8,3411,1.0,1.0,1.0,0
6,1.0003041852978343,1.0001968607713336,1.0007506522996008,GMM estimator,1.0,0.8,3411,1.0,1.0,1.0,0
7,0.9998678062826243,0.9998958817859251,0.9998018523694776,GMM estimator,1.0,0.8,3411,1.0,1.0,1.0,0
8,0.9997381933128596,0.999770120802486,0.9995466928755476,GMM estimator,1.0,0.8,3411,1.0,1.0,1.0,0
9,0.9999717626806595,1.0001421275647775,0.9999577438695373,GMM estimator,1.0,0.8,3411,1.0,1.0,1.0,0
10,0.9999029966319596,0.9999325485891325,0.9996878702503671,GMM estimator,1.0,0.8,3411,1.0,1.0,1.0,0
11,1.000173230577448,1.000146745179265,1.0005109664236969,GMM estimator,1.0,0.8,3411,1.0,1.0,1.0,0
12,0.9999864397935896,0.9999577692245807,1.0000525843426964,GMM estimator,1.0,0.8,3411,1.0,1.0,1.0,0
13,1.0002409272173187,1.000192089241514,1.000554681684505,GMM estimator,1.0,0.8,3411,1.0,1.0,1.0,0
14,1.0004032129798075,1.000534352185159,1.0008684137869523,GMM estimator,1.0,0.8,3411,1.0,1.0,1.0,0
15,0.9998747480061998,0.9999358023763896,0.9998446855589833,GMM estimator,1.0,0.8,3411,1.0,1.0,1.0,0
16,0.9993402158866642,0.9992864351734895,0.9988514636691646,GMM estimator,1.0,0.8,3411,1.0,1.0,1.0,0
17,1.000282138960079,1.0002703039561764,1.0005516852731011,GMM estimator,1.0,0.8,3411,1.0,1.0,1.0,0
18,0.99974033911973,0.9998528247375098,0.9993471677673107,GMM estimator,1.0,0.8,3411,1.0,1.0,1.0,0
19,0.999725684461968,0.9996778718703324,0.9992067900533672,GMM estimator,1.0,0.8,3411,1.0,1.0,1.0,0
20,0.9998384186398306,0.9998616849958675,0.9995918696465107,GMM estimator,1.0,0.8,3411,1.0,1.0,1.0,0
21,1.000541086669167,1.000471811322997,1.000841337027454,GMM estimator,1.0,0.8,3411,1.0,1.0,1.0,0
22,1.0000148220651368,1.0000295502413594,0.9998817418925339,GMM estimator,1.0,0.8,3411,1.0,1.0,1.0,0
23,0.9999568584163598,0.9999187111100166,0.9999578287537312,GMM estimator,1.0,0.8,3411,1.0,1.0,1.0,0
24,0.9999245168080796,0.9999432682709076,0.9999526967367585,GMM estimator,1.0,0.8,3411,1.0,1.0,1.0,0
25,0.9998842979148499,0.9998696864173463,0.9997250926102645,GMM estimator,1.0,0.8,3411,1.0,1.0,1.0,0
26,0.9996280570688071,0.9997212587526886,0.9991547531988052,GMM estimator,1.0,0.8,3411,1.0,1.0,1.0,0
27,1.0003199040369397,1.0003869979163564,1.0008873164428058,GMM estimator,1.0,0.8,3411,1.0,1.0,1.0,0
28,0.9999324548666542,0.9999146849832721,0.9996982365360898,GMM estimator,1.0,0.8,3411,1.0,1.0,1.0,0
29,0.9998507927139151,0.9999009108948397,0.9995023808684854,GMM estimator,1.0,0.8,3411,1.0,1.0,1.0,0
30,1.0003132917332933,1.000295448450089,1.0007848177561,GMM estimator,1.0,0.8,3411,1.0,1.0,1.0,0
31,1.0000199515859058,1.000004614093232,1.0002759833085841,GMM estimator,1.0,0.8,3411,1.0,1.0,1.0,0
32,0.9999072069209207,0.9998841312202114,0.9998245509258818,GMM estimator,1.0,0.8,3411,1.0,1.0,1.0,0
33,1.0000002065827813,0.9999781159781215,0.9998553318690968,GMM estimator,1.0,0.8,3411,1.0,1.0,1.0,0
34,1.000022157813269,0.9999988909572485,0.9999656697362498,GMM estimator,1.0,0.8,3411,1.0,1.0,1.0,0
35,1.0000187172383028,1.0000924443341088,1.000161090976821,GMM estimator,1.0,0.8,3411,1.0,1.0,1.0,0
36,1.0002431816451542,1.0001236606922963,1.0002965972124669,GMM estimator,1.0,0.8,3411,1.0,1.0,1.0,0
37,0.9996974275312186,0.9996709512683527,0.999244397424671,GMM estimator,1.0,0.8,3411,1.0,1.0,1.0,0
38,1.0000222352353818,1.00001209564186,1.0001144952263017,GMM estimator,1.0,0.8,3411,1.0,1.0,1.0,0
39,1.000169709859895,1.0001128909745802,1.0003392874430035,GMM estimator,1.0,0.8,3411,1.0,1.0,1.0,0
40,1.000489306273022,1.0005460016266596,1.0008062505674828,GMM estimator,1.0,0.8,3411,1.0,1.0,1.0,0
41,1.0001736278424327,1.0002372174878207,1.000276654258386,GMM estimator,1.0,0.8,3411,1.0,1.0,1.0,0
42,1.0000981796474402,1.000238678360439,1.0004020044338855,GMM estimator,1.0,0.8,3411,1.0,1.0,1.0,0
43,1.0000022471688474,1.0001259913453049,1.0001024113974812,GMM estimator,1.0,0.8,3411,1.0,1.0,1.0,0
44,1.0002651554753368,1.0003379579023777,1.0005920306498326,GMM estimator,1.0,0.8,3411,1.0,1.0,1.0,0
45,1.0005151981745928,1.0003566519158054,1.0009785941400626,GMM estimator,1.0,0.8,3411,1.0,1.0,1.0,0
46,1.0003568668110057,1.0004119203505346,1.0010931654146662,GMM estimator,1.0,0.8,3411,1.0,1.0,1.0,0
47,1.000323153745138,1.0002800309433226,1.0008159941118338,GMM estimator,1.0,0.8,3411,1.0,1.0,1.0,0
48,0.9999750818847724,1.0000751731496598,1.0000401022416139,GMM estimator,1.0,0.8,3411,1.0,1.0,1.0,0
49,1.0000441004676135,1.0000888767478293,1.000036710356016,GMM estimator,1.0,0.8,3411,1.0,1.0,1.0,0
50,1.0005441605279466,1.0004290874918733,1.0011574051534722,GMM estimator,1.0,0.8,3411,1.0,1.0,1.0,0
51,0.999799650003353,0.9998052407558199,0.9997463870573784,GMM estimator,1.0,0.8,3411,1.0,1.0,1.0,0
52,1.0000580048398677,1.0000335988638152,1.000099528434688,GMM estimator,1.0,0.8,3411,1.0,1.0,1.0,0
53,0.9999377146455408,0.9999429934551984,0.999922128102438,GMM estimator,1.0,0.8,3411,1.0,1.0,1.0,0
54,0.999857495224995,0.9998919592365823,0.9998705202142335,GMM estimator,1.0,0.8,3411,1.0,1.0,1.0,0
55,1.0000549451131975,1.0000496064046993,1.000023819922133,GMM estimator,1.0,0.8,3411,1.0,1.0,1.0,0
56,0.9999808311561854,0.9999168224307283,0.9999168496360156,GMM estimator,1.0,0.8,3411,1.0,1.0,1.0,0
57,1.0000516940742796,0.9999929242993362,0.9999989102616447,GMM estimator,1.0,0.8,3411,1.0,1.0,1.0,0
58,1.0001717181614622,1.0001008520420418,1.0002274558024653,GMM estimator,1.0,0.8,3411,1.0,1.0,1.0,0
59,0.999992978043883,1.0000548864401038,0.999945119229193,GMM estimator,1.0,0.8,3411,1.0,1.0,1.0,0
60,0.9998707914734224,0.9998464135675283,0.9996552098134448,GMM estimator,1.0,0.8,3411,1.0,1.0,1.0,0
61,1.0004321728371228,1.0003410900326013,1.000771901174587,GMM estimator,1.0,0.8,3411,1.0,1.0,1.0,0
62,0.9999258703196269,0.9997728017450583,0.9998844294727751,GMM estimator,1.0,0.8,3411,1.0,1.0,1.0,0
63,0.9998159751640855,0.999789999216299,0.9997140332071361,GMM estimator,1.0,0.8,3411,1.0,1.0,1.0,0
64,1.0001391375904358,1.0001469216891574,1.0003523521294275,GMM estimator,1.0,0.8,3411,1.0,1.0,1.0,0
65,1.0002763764182956,1.0003765907282358,1.000651647972147,GMM estimator,1.0,0.8,3411,1.0,1.0,1.0,0
66,0.999841243470519,0.9998186698782761,0.9997092990526939,GMM estimator,1.0,0.8,3411,1.0,1.0,1.0,0
67,0.9998256668783876,0.999853167349665,0.9998784083030385,GMM estimator,1.0,0.8,3411,1.0,1.0,1.0,0
68,1.0000336799668674,0.9999715749292558,0.9999739652157185,GMM estimator,1.0,0.8,3411,1.0,1.0,1.0,0
69,1.0001105075091674,1.000111035118369,1.0001991882214623,GMM estimator,1.0,0.8,3411,1.0,1.0,1.0,0
70,0.9996515408327049,0.9996303676645335,0.9992885704969741,GMM estimator,1.0,0.8,3411,1.0,1.0,1.0,0
71,1.0003834954893571,1.0004004417328138,1.0008120357302188,GMM estimator,1.0,0.8,3411,1.0,1.0,1.0,0
72,1.0002927072641887,1.0002254479662809,1.0006010960946146,GMM estimator,1.0,0.8,3411,1.0,1.0,1.0,0
73,0.999767412465224,0.9998095108441134,0.9995093620449942,GMM estimator,1.0,0.8,3411,1.0,1.0,1.0,0
74,0.9998060170407892,0.9997158452626234,0.999666113687971,GMM estimator,1.0,0.8,3411,1.0,1.0,1.0,0
75,1.0000680655352083,0.9999800855823688,0.9999827842220506,GMM estimator,1.0,0.8,3411,1.0,1.0,1.0,0
76,0.9999379793544194,0.9999064277500971,0.9998297811005272,GMM estimator,1.0,0.8,3411,1.0,1.0,1.0,0
77,0.9999572369077568,0.9998640253069628,0.9998780746305667,GMM estimator,1.0,0.8,3411,1.0,1.0,1.0,0
78,0.9998785076343044,0.999931878487794,0.9998396567990102,GMM estimator,1.0,0.8,3411,1.0,1.0,1.0,0
79,1.0004296061141393,1.000442408955253,1.001032996226923,GMM estimator,1.0,0.8,3411,1.0,1.0,1.0,0
80,0.9998836427243083,0.999902770611667,1.000000952203579,GMM estimator,1.0,0.8,3411,1.0,1.0,1.0,0
81,1.0000747668859038,1.0001264006698969,1.0000133043269763,GMM estimator,1.0,0.8,3411,1.0,1.0,1.0,0
82,1.0007849037838348,1.000491080360222,1.0012436781102387,GMM estimator,1.0,0.8,3411,1.0,1.0,1.0,0
83,1.0001050741080828,1.0002355776251002,1.00029455081284,GMM estimator,1.0,0.8,3411,1.0,1.0,1.0,0
84,1.0003753160938662,1.0002362730123666,1.0009492871388557,GMM estimator,1.0,0.8,3411,1.0,1.0,1.0,0
85,0.9999924960500188,1.0000893827746429,1.0001810281278471,GMM estimator,1.0,0.8,3411,1.0,1.0,1.0,0
86,0.999904540951539,0.999997936402501,0.9998622182368426,GMM estimator,1.0,0.8,3411,1.0,1.0,1.0,0
87,0.9997915506472803,0.9996742512067416,0.9995524257402166,GMM estimator,1.0,0.8,3411,1.0,1.0,1.0,0
88,0.9998844238230156,0.9998417742085628,0.9997828173321872,GMM estimator,1.0,0.8,3411,1.0,1.0,1.0,0
89,1.0000609473708333,1.000045772072616,1.000314208159777,GMM estimator,1.0,0.8,3411,1.0,1.0,1.0,0
90,0.9999409686889646,0.9998892121951998,0.9997966300993539,GMM estimator,1.0,0.8,3411,1.0,1.0,1.0,0
91,1.0000902401035918,1.0001150157772927,1.0003062691032056,GMM estimator,1.0,0.8,3411,1.0,1.0,1.0,0
92,1.0002470892708355,1.0002527702068207,1.000829851372287,GMM estimator,1.0,0.8,3411,1.0,1.0,1.0,0
93,1.0002338761629948,1.0002987695866998,1.0006978790463132,GMM estimator,1.0,0.8,3411,1.0,1.0,1.0,0
94,1.0001807434078365,1.000134863859427,1.0004945583549443,GMM estimator,1.0,0.8,3411,1.0,1.0,1.0,0
95,1.000310360471658,1.0003458349251981,1.0008483882845052,GMM estimator,1.0,0.8,3411,1.0,1.0,1.0,0
96,1.0002156680217145,1.000242997895747,1.0006258606885148,GMM estimator,1.0,0.8,3411,1.0,1.0,1.0,0
97,1.000148036199416,1.0001585669225184,1.0003834399546032,GMM estimator,1.0,0.8,3411,1.0,1.0,1.0,0
98,0.9999302550073526,0.9999131290329151,0.9997764172607171,GMM estimator,1.0,0.8,3411,1.0,1.0,1.0,0
99,1.000188815206947,1.0002694235913379,1.0004737146168026,GMM estimator,1.0,0.8,3411,1.0,1.0,1.0,0
100,1.000270886409536,1.0002124279121518,1.0004678198425552,GMM estimator,1.0,0.8,3411,1.0,1.0,1.0,0
