id,est_psi05,est_psi15,est_psi25,est_psi35,est_psi45,method,p_I1,p_I2,p_I3,p_I4,ph1,ph2,ph3,ph4,seed,psi05,psi15,psi25,psi35,psi45
1,0.822974116269331,1.049000907001874,1.1405740871317998,1.3932262566158748,0.9748344073228602,Three-step-g,0.2,0.2,0.2,0.2,0.3,0.3,0.3,0.3,3411,1.0,1.0,1.0,1.0,1.0
2,1.1779395803681814,1.1605485001374953,1.7931932634988108,1.3968143666991486,1.1416508715511606,Three-step-g,0.2,0.2,0.2,0.2,0.3,0.3,0.3,0.3,3411,1.0,1.0,1.0,1.0,1.0
3,0.9533466503235433,0.5381193894485649,2.0923984228983135,0.8950305452869358,1.0921720492491043,Three-step-g,0.2,0.2,0.2,0.2,0.3,0.3,0.3,0.3,3411,1.0,1.0,1.0,1.0,1.0
4,0.43110041882378264,0.5419188146752235,0.5804319505555664,0.9790947836049769,0.9276827331765626,Three-step-g,0.2,0.2,0.2,0.2,0.3,0.3,0.3,0.3,3411,1.0,1.0,1.0,1.0,1.0
5,1.0547830314100073,1.5999748109903122,1.8811327325302198,0.9973452167867703,0.9639716307774807,Three-step-g,0.2,0.2,0.2,0.2,0.3,0.3,0.3,0.3,3411,1.0,1.0,1.0,1.0,1.0
6,1.6822500073797375,1.235904699241467,1.3739084202610794,0.7323877638779726,1.0806047185228818,Three-step-g,0.2,0.2,0.2,0.2,0.3,0.3,0.3,0.3,3411,1.0,1.0,1.0,1.0,1.0
7,1.3970108700445611,0.995944468119825,0.9595108862240633,0.961407026625042,0.8927590650628118,Three-step-g,0.2,0.2,0.2,0.2,0.3,0.3,0.3,0.3,3411,1.0,1.0,1.0,1.0,1.0
8,0.7485653058876441,1.3508245590802235,0.7405546007809175,0.699679137376508,1.098195551501976,Three-step-g,0.2,0.2,0.2,0.2,0.3,0.3,0.3,0.3,3411,1.0,1.0,1.0,1.0,1.0
9,0.4355089443597055,0.5150872245203907,1.8708902092157156,0.9434891207849115,0.980683625737114,Three-step-g,0.2,0.2,0.2,0.2,0.3,0.3,0.3,0.3,3411,1.0,1.0,1.0,1.0,1.0
10,1.2835742867037832,0.7493436030407776,1.0561117507296685,1.0046887162332452,1.0303324644164054,Three-step-g,0.2,0.2,0.2,0.2,0.3,0.3,0.3,0.3,3411,1.0,1.0,1.0,1.0,1.0
11,0.8934776040628791,0.941507148480716,0.6023610548294267,0.8815624923247275,0.9531464458917203,Three-step-g,0.2,0.2,0.2,0.2,0.3,0.3,0.3,0.3,3411,1.0,1.0,1.0,1.0,1.0
12,2.361305132452955,1.2414581532786961,1.000627733930423,1.0353806697098826,0.8788578801598307,Three-step-g,0.2,0.2,0.2,0.2,0.3,0.3,0.3,0.3,3411,1.0,1.0,1.0,1.0,1.0
13,-0.06606534435859132,0.39474704097698776,0.3891410680737419,0.8962305107084539,0.971492952605124,Three-step-g,0.2,0.2,0.2,0.2,0.3,0.3,0.3,0.3,3411,1.0,1.0,1.0,1.0,1.0
14,1.0992003910099015,0.5577560840457789,1.2895388362509088,1.081457493981567,0.9147655319228473,Three-step-g,0.2,0.2,0.2,0.2,0.3,0.3,0.3,0.3,3411,1.0,1.0,1.0,1.0,1.0
15,1.1128289790928585,0.5841160346206079,1.1874101070093248,1.1131293972966378,1.1411160881481237,Three-step-g,0.2,0.2,0.2,0.2,0.3,0.3,0.3,0.3,3411,1.0,1.0,1.0,1.0,1.0
16,1.796274954506518,2.2321921469677375,1.8831334117649303,1.0356676622408643,0.9820151895380541,Three-step-g,0.2,0.2,0.2,0.2,0.3,0.3,0.3,0.3,3411,1.0,1.0,1.0,1.0,1.0
17,0.863281798118652,0.8859952513312827,0.4256583520558803,1.2466157496321248,1.1718545934540945,Three-step-g,0.2,0.2,0.2,0.2,0.3,0.3,0.3,0.3,3411,1.0,1.0,1.0,1.0,1.0
18,1.7006642883226075,1.0707573436620275,0.8809485932671082,1.2706390125955895,0.994517431009876,Three-step-g,0.2,0.2,0.2,0.2,0.3,0.3,0.3,0.3,3411,1.0,1.0,1.0,1.0,1.0
19,0.45129682335818966,1.456967196472291,1.3565386105853128,1.159340263722598,0.9140690127539226,Three-step-g,0.2,0.2,0.2,0.2,0.3,0.3,0.3,0.3,3411,1.0,1.0,1.0,1.0,1.0
20,0.26831053989409026,0.12183112769569329,1.1800590100620472,0.7549725329107471,0.9193830935602287,Three-step-g,0.2,0.2,0.2,0.2,0.3,0.3,0.3,0.3,3411,1.0,1.0,1.0,1.0,1.0
21,0.9682524224360507,0.35181115202391916,0.7804634574536585,0.7908115549922176,1.191598279319025,Three-step-g,0.2,0.2,0.2,0.2,0.3,0.3,0.3,0.3,3411,1.0,1.0,1.0,1.0,1.0
22,1.9608940388927385,1.7877660926595746,1.4873896174675751,1.0420020174248503,1.047675380933653,Three-step-g,0.2,0.2,0.2,0.2,0.3,0.3,0.3,0.3,3411,1.0,1.0,1.0,1.0,1.0
23,0.46823195329190903,1.9364440720662757,0.19853594952460027,0.9918301234420618,1.043465869474332,Three-step-g,0.2,0.2,0.2,0.2,0.3,0.3,0.3,0.3,3411,1.0,1.0,1.0,1.0,1.0
24,0.034641319316415606,-1.0900253442363594,0.03590043691136255,0.4496213279743169,0.9275819912245753,Three-step-g,0.2,0.2,0.2,0.2,0.3,0.3,0.3,0.3,3411,1.0,1.0,1.0,1.0,1.0
25,0.1245297526286861,0.1903773904683736,1.0204690808519647,0.9454154639613522,0.9557351860612564,Three-step-g,0.2,0.2,0.2,0.2,0.3,0.3,0.3,0.3,3411,1.0,1.0,1.0,1.0,1.0
26,-0.03356443571441362,0.3005017615275067,0.6611355656058526,1.0798339287854037,0.9920663897454621,Three-step-g,0.2,0.2,0.2,0.2,0.3,0.3,0.3,0.3,3411,1.0,1.0,1.0,1.0,1.0
27,1.5690457808022782,0.9762266953778957,0.8351223808532532,1.2668851121604268,1.0718886216898935,Three-step-g,0.2,0.2,0.2,0.2,0.3,0.3,0.3,0.3,3411,1.0,1.0,1.0,1.0,1.0
28,0.6211796973623065,0.4592963069646075,1.8247095525995858,1.2338169939650119,1.0709315381858677,Three-step-g,0.2,0.2,0.2,0.2,0.3,0.3,0.3,0.3,3411,1.0,1.0,1.0,1.0,1.0
29,1.3625377350796837,1.0409242898714417,0.596910351718102,1.2419119445059792,1.087110107007283,Three-step-g,0.2,0.2,0.2,0.2,0.3,0.3,0.3,0.3,3411,1.0,1.0,1.0,1.0,1.0
30,1.1514045718200807,1.5741926308850993,1.1439133438060536,1.1042049681298096,0.8325127559380218,Three-step-g,0.2,0.2,0.2,0.2,0.3,0.3,0.3,0.3,3411,1.0,1.0,1.0,1.0,1.0
31,1.7705240611400332,2.41883449227118,1.099844955118482,1.2289120859913152,0.8894298215398104,Three-step-g,0.2,0.2,0.2,0.2,0.3,0.3,0.3,0.3,3411,1.0,1.0,1.0,1.0,1.0
32,1.3536653990356156,1.783281205235292,1.6259592189414098,0.9648683002503824,1.078945717422732,Three-step-g,0.2,0.2,0.2,0.2,0.3,0.3,0.3,0.3,3411,1.0,1.0,1.0,1.0,1.0
33,0.3387414895410684,1.4244695561980252,0.8111777592083333,0.9138404067557798,1.1812436076157466,Three-step-g,0.2,0.2,0.2,0.2,0.3,0.3,0.3,0.3,3411,1.0,1.0,1.0,1.0,1.0
34,1.2542339863002376,0.3626833224506401,1.164619429893115,0.9221577475095457,1.0209198887236817,Three-step-g,0.2,0.2,0.2,0.2,0.3,0.3,0.3,0.3,3411,1.0,1.0,1.0,1.0,1.0
35,0.4577947231094577,-0.2701004434263536,0.8615700356989494,0.9184756629968651,0.9347107018780861,Three-step-g,0.2,0.2,0.2,0.2,0.3,0.3,0.3,0.3,3411,1.0,1.0,1.0,1.0,1.0
36,1.0483427299963999,1.2881587372134762,1.057722835815498,1.0907584720885193,0.9504423507845119,Three-step-g,0.2,0.2,0.2,0.2,0.3,0.3,0.3,0.3,3411,1.0,1.0,1.0,1.0,1.0
37,1.1759519225616761,2.068304680194277,1.6554188901417128,0.9884641466818984,1.08354055154288,Three-step-g,0.2,0.2,0.2,0.2,0.3,0.3,0.3,0.3,3411,1.0,1.0,1.0,1.0,1.0
38,0.5615956892147578,-0.16792610031016852,0.633724167682179,1.1056494904632435,1.1389868831259782,Three-step-g,0.2,0.2,0.2,0.2,0.3,0.3,0.3,0.3,3411,1.0,1.0,1.0,1.0,1.0
39,1.5586400916597094,2.1348485845411136,1.2722421899288854,1.078439474509892,1.0862705360159093,Three-step-g,0.2,0.2,0.2,0.2,0.3,0.3,0.3,0.3,3411,1.0,1.0,1.0,1.0,1.0
40,0.4572874234454957,0.7936368300837716,1.2413888669689908,0.701467316743187,1.1243515808483209,Three-step-g,0.2,0.2,0.2,0.2,0.3,0.3,0.3,0.3,3411,1.0,1.0,1.0,1.0,1.0
41,0.2623960970304374,1.583645626057541,0.3152699931612622,0.9243405567267032,1.0957789551285608,Three-step-g,0.2,0.2,0.2,0.2,0.3,0.3,0.3,0.3,3411,1.0,1.0,1.0,1.0,1.0
42,0.852869369033015,0.47471633737785063,1.038220855012659,1.1155311529314171,0.9014788881242741,Three-step-g,0.2,0.2,0.2,0.2,0.3,0.3,0.3,0.3,3411,1.0,1.0,1.0,1.0,1.0
43,1.2264093527844029,1.2680155733832303,1.5628171517031089,1.0082059887772046,0.8397878388970061,Three-step-g,0.2,0.2,0.2,0.2,0.3,0.3,0.3,0.3,3411,1.0,1.0,1.0,1.0,1.0
44,-0.04977976268785268,0.6370977280332869,1.4974330175556585,0.7509616982978478,1.060159208978752,Three-step-g,0.2,0.2,0.2,0.2,0.3,0.3,0.3,0.3,3411,1.0,1.0,1.0,1.0,1.0
45,0.6658478795405025,1.9524008482882744,1.0016751102370889,1.1104859638065192,1.0441766308044298,Three-step-g,0.2,0.2,0.2,0.2,0.3,0.3,0.3,0.3,3411,1.0,1.0,1.0,1.0,1.0
46,0.6448160751495324,0.3034517918878328,0.9933431706175222,1.1460370482833422,1.0712619007020903,Three-step-g,0.2,0.2,0.2,0.2,0.3,0.3,0.3,0.3,3411,1.0,1.0,1.0,1.0,1.0
47,0.9646086091063959,1.0568109387083655,1.3991022788650382,1.1672885117581073,0.9013608718883257,Three-step-g,0.2,0.2,0.2,0.2,0.3,0.3,0.3,0.3,3411,1.0,1.0,1.0,1.0,1.0
48,1.3134827861453668,1.7810181828203693,0.9881958774163513,0.7907521176649532,1.1612247774948856,Three-step-g,0.2,0.2,0.2,0.2,0.3,0.3,0.3,0.3,3411,1.0,1.0,1.0,1.0,1.0
49,1.0879787847897406,0.6055012967980139,0.674959324018107,0.8686583687496652,1.17160397739042,Three-step-g,0.2,0.2,0.2,0.2,0.3,0.3,0.3,0.3,3411,1.0,1.0,1.0,1.0,1.0
50,0.31242177760999695,-0.028113158943464184,0.8372328107956202,1.1692106753193454,0.6894901894082854,Three-step-g,0.2,0.2,0.2,0.2,0.3,0.3,0.3,0.3,3411,1.0,1.0,1.0,1.0,1.0
51,1.4950381597021596,1.422177414178112,0.9186534636840382,1.0431458208762763,1.047282906138987,Three-step-g,0.2,0.2,0.2,0.2,0.3,0.3,0.3,0.3,3411,1.0,1.0,1.0,1.0,1.0
52,2.0100911595513806,1.7550244803265858,0.7190304185813231,0.884258361040088,1.0692444770211966,Three-step-g,0.2,0.2,0.2,0.2,0.3,0.3,0.3,0.3,3411,1.0,1.0,1.0,1.0,1.0
53,1.6023753305257722,0.7099715308803108,0.19092517688436292,0.9005837759699243,1.0627742378184666,Three-step-g,0.2,0.2,0.2,0.2,0.3,0.3,0.3,0.3,3411,1.0,1.0,1.0,1.0,1.0
54,1.086831084374913,2.6505362628220266,0.8077842177151906,1.147424285896998,1.094364182783129,Three-step-g,0.2,0.2,0.2,0.2,0.3,0.3,0.3,0.3,3411,1.0,1.0,1.0,1.0,1.0
55,1.9169971183300942,2.0536226991303317,0.8927568003159055,0.932959911191954,1.0738824609128024,Three-step-g,0.2,0.2,0.2,0.2,0.3,0.3,0.3,0.3,3411,1.0,1.0,1.0,1.0,1.0
56,0.6850006606030647,-0.0996298667890774,1.1852436154507744,0.9796710491698265,0.9775141369105697,Three-step-g,0.2,0.2,0.2,0.2,0.3,0.3,0.3,0.3,3411,1.0,1.0,1.0,1.0,1.0
57,0.42350340090196914,0.9450016221386385,0.7818184904071216,0.44790730065442647,0.9610993964532106,Three-step-g,0.2,0.2,0.2,0.2,0.3,0.3,0.3,0.3,3411,1.0,1.0,1.0,1.0,1.0
58,0.23319549223038868,0.6004789377574593,1.613958248629717,1.2079053868499845,1.066402995784648,Three-step-g,0.2,0.2,0.2,0.2,0.3,0.3,0.3,0.3,3411,1.0,1.0,1.0,1.0,1.0
59,1.6549359043787617,0.8816784501684568,0.9608350276861705,1.1011509711348217,0.9847682004727593,Three-step-g,0.2,0.2,0.2,0.2,0.3,0.3,0.3,0.3,3411,1.0,1.0,1.0,1.0,1.0
60,0.645488437793599,0.7671003248964694,0.5746241156078915,1.0779168990541441,1.0005537536593685,Three-step-g,0.2,0.2,0.2,0.2,0.3,0.3,0.3,0.3,3411,1.0,1.0,1.0,1.0,1.0
61,0.9952412056174157,0.8429189212627938,1.1641039610704482,0.9959078448874384,1.0173704771193885,Three-step-g,0.2,0.2,0.2,0.2,0.3,0.3,0.3,0.3,3411,1.0,1.0,1.0,1.0,1.0
62,1.3681131997802247,2.9600822223447443,0.7605803203485482,1.3053300314692426,0.9092452669060295,Three-step-g,0.2,0.2,0.2,0.2,0.3,0.3,0.3,0.3,3411,1.0,1.0,1.0,1.0,1.0
63,1.1994795568701104,0.1867230258908071,1.3729217062301555,1.1270481185818133,0.9950912344328257,Three-step-g,0.2,0.2,0.2,0.2,0.3,0.3,0.3,0.3,3411,1.0,1.0,1.0,1.0,1.0
64,0.79250961353728,0.8774684345765276,1.4668077829956916,0.9377638503581401,0.9429602228654062,Three-step-g,0.2,0.2,0.2,0.2,0.3,0.3,0.3,0.3,3411,1.0,1.0,1.0,1.0,1.0
65,1.4914774319073412,1.776215517494187,1.504909775066258,1.2053377737030841,1.0150142662769734,Three-step-g,0.2,0.2,0.2,0.2,0.3,0.3,0.3,0.3,3411,1.0,1.0,1.0,1.0,1.0
66,1.4070594222511401,1.6971377986244025,0.9568584982255861,0.8529194007428929,1.0263193127154477,Three-step-g,0.2,0.2,0.2,0.2,0.3,0.3,0.3,0.3,3411,1.0,1.0,1.0,1.0,1.0
67,0.8049566005065013,0.7450359139678437,0.60697879330081,0.8571018879179558,1.1109645503390002,Three-step-g,0.2,0.2,0.2,0.2,0.3,0.3,0.3,0.3,3411,1.0,1.0,1.0,1.0,1.0
68,1.3793610205534796,1.3619070345246087,1.0047488247730152,1.047144126563869,1.1437144155434815,Three-step-g,0.2,0.2,0.2,0.2,0.3,0.3,0.3,0.3,3411,1.0,1.0,1.0,1.0,1.0
69,1.253094827819065,2.5563751025259323,0.9450495219905691,0.8699092021142338,1.1494733553613128,Three-step-g,0.2,0.2,0.2,0.2,0.3,0.3,0.3,0.3,3411,1.0,1.0,1.0,1.0,1.0
70,0.4520705329268855,0.6588542617646135,1.2979449506787297,1.020677306213351,0.9827211469290806,Three-step-g,0.2,0.2,0.2,0.2,0.3,0.3,0.3,0.3,3411,1.0,1.0,1.0,1.0,1.0
71,0.9211612148736769,1.4871372543815786,0.9260973962818664,1.2837005460871083,1.226862354172693,Three-step-g,0.2,0.2,0.2,0.2,0.3,0.3,0.3,0.3,3411,1.0,1.0,1.0,1.0,1.0
72,0.3627823118077791,0.1975779894449263,1.2517865787777902,0.8554727098046241,1.080112337226139,Three-step-g,0.2,0.2,0.2,0.2,0.3,0.3,0.3,0.3,3411,1.0,1.0,1.0,1.0,1.0
73,1.8045511336638038,3.2383045597604347,1.7661914695184402,0.9632951214235033,1.0433766155299398,Three-step-g,0.2,0.2,0.2,0.2,0.3,0.3,0.3,0.3,3411,1.0,1.0,1.0,1.0,1.0
74,0.38330326489524363,-0.706839251357688,0.8784088029962805,1.3230346312000298,0.9148635548755276,Three-step-g,0.2,0.2,0.2,0.2,0.3,0.3,0.3,0.3,3411,1.0,1.0,1.0,1.0,1.0
75,1.0903513865711056,1.1416003913900095,0.28033490664052535,0.8524088230797097,0.9045482605400441,Three-step-g,0.2,0.2,0.2,0.2,0.3,0.3,0.3,0.3,3411,1.0,1.0,1.0,1.0,1.0
76,0.38496952727564027,0.9902967135080029,1.6670677787339692,0.905475725783377,0.9229312021816549,Three-step-g,0.2,0.2,0.2,0.2,0.3,0.3,0.3,0.3,3411,1.0,1.0,1.0,1.0,1.0
77,1.3719729829736618,0.6893416322495328,1.8342105343144284,1.3961074131377589,1.0457095055793586,Three-step-g,0.2,0.2,0.2,0.2,0.3,0.3,0.3,0.3,3411,1.0,1.0,1.0,1.0,1.0
78,-0.11905435009412359,0.27650436279599344,0.6422731666294719,0.9900404542392278,1.1790878907282507,Three-step-g,0.2,0.2,0.2,0.2,0.3,0.3,0.3,0.3,3411,1.0,1.0,1.0,1.0,1.0
79,1.2784393434859667,0.2646797224987601,1.0450645997847186,0.578809589919855,0.935625898603015,Three-step-g,0.2,0.2,0.2,0.2,0.3,0.3,0.3,0.3,3411,1.0,1.0,1.0,1.0,1.0
80,1.1131019993175422,0.9401694098489384,1.0313973885821428,1.1279307795157962,1.0673549943964469,Three-step-g,0.2,0.2,0.2,0.2,0.3,0.3,0.3,0.3,3411,1.0,1.0,1.0,1.0,1.0
81,2.1599788793779466,1.519398788195957,0.7795999355319452,0.7364421531432935,1.1453919911956811,Three-step-g,0.2,0.2,0.2,0.2,0.3,0.3,0.3,0.3,3411,1.0,1.0,1.0,1.0,1.0
82,0.848784077058769,0.9164918284468804,0.8122645084679079,0.7152148317774094,0.9752640151653401,Three-step-g,0.2,0.2,0.2,0.2,0.3,0.3,0.3,0.3,3411,1.0,1.0,1.0,1.0,1.0
83,0.653340367047273,0.3971745170166398,1.154656406883359,0.9420572889096528,0.87733435988133,Three-step-g,0.2,0.2,0.2,0.2,0.3,0.3,0.3,0.3,3411,1.0,1.0,1.0,1.0,1.0
84,0.8253584272169469,0.8515027596820786,0.9868495532904936,0.7528117228359033,0.8419056369048082,Three-step-g,0.2,0.2,0.2,0.2,0.3,0.3,0.3,0.3,3411,1.0,1.0,1.0,1.0,1.0
85,0.9415594507518328,0.8413994505495378,1.1796302643461691,1.1978371091105575,1.0852722664913477,Three-step-g,0.2,0.2,0.2,0.2,0.3,0.3,0.3,0.3,3411,1.0,1.0,1.0,1.0,1.0
86,1.1112009158231646,0.6157826749763898,0.8485917770493425,0.9123788516602707,1.0462509655620882,Three-step-g,0.2,0.2,0.2,0.2,0.3,0.3,0.3,0.3,3411,1.0,1.0,1.0,1.0,1.0
87,0.9162832238068718,0.36922621739482897,0.9888728439863474,0.8878580733663141,0.9009069585779869,Three-step-g,0.2,0.2,0.2,0.2,0.3,0.3,0.3,0.3,3411,1.0,1.0,1.0,1.0,1.0
88,0.5217943282228628,1.0125710456841752,1.092370278046977,1.1061810844377804,1.131659864995167,Three-step-g,0.2,0.2,0.2,0.2,0.3,0.3,0.3,0.3,3411,1.0,1.0,1.0,1.0,1.0
89,0.6250940834416823,0.5581802817874051,0.8645503796697963,0.5728809074675852,1.0281199024669816,Three-step-g,0.2,0.2,0.2,0.2,0.3,0.3,0.3,0.3,3411,1.0,1.0,1.0,1.0,1.0
90,0.44922131744607097,0.8501166544029741,0.5508503516349998,0.5368798852656914,1.00381348548274,Three-step-g,0.2,0.2,0.2,0.2,0.3,0.3,0.3,0.3,3411,1.0,1.0,1.0,1.0,1.0
91,0.2863543881233433,1.2050964405046156,0.9531865283796459,0.907549159964953,1.1294103065087875,Three-step-g,0.2,0.2,0.2,0.2,0.3,0.3,0.3,0.3,3411,1.0,1.0,1.0,1.0,1.0
92,1.6377015706933136,0.1327496066673672,1.293873354639195,1.0279882605362902,0.8834680154221872,Three-step-g,0.2,0.2,0.2,0.2,0.3,0.3,0.3,0.3,3411,1.0,1.0,1.0,1.0,1.0
93,0.4420348821236161,1.0596397340937167,0.9664106207144989,0.7138804306861657,1.011428513179338,Three-step-g,0.2,0.2,0.2,0.2,0.3,0.3,0.3,0.3,3411,1.0,1.0,1.0,1.0,1.0
94,0.8218275500035325,0.6194737432592694,0.8688980951586981,0.6917988956869219,1.0479856791145663,Three-step-g,0.2,0.2,0.2,0.2,0.3,0.3,0.3,0.3,3411,1.0,1.0,1.0,1.0,1.0
95,1.4713434057850228,1.9168915303428935,0.8645609926622847,0.7805181027423987,1.0925144086586427,Three-step-g,0.2,0.2,0.2,0.2,0.3,0.3,0.3,0.3,3411,1.0,1.0,1.0,1.0,1.0
96,0.6670173628969527,0.6865901704421767,0.8244338205374233,0.9254229707498173,0.8619839391442272,Three-step-g,0.2,0.2,0.2,0.2,0.3,0.3,0.3,0.3,3411,1.0,1.0,1.0,1.0,1.0
97,0.7516403859948945,0.5834189222388431,0.6700701288622416,1.2968353832950261,1.123084722502943,Three-step-g,0.2,0.2,0.2,0.2,0.3,0.3,0.3,0.3,3411,1.0,1.0,1.0,1.0,1.0
98,1.1610827847989982,1.207793208198953,1.0352153012739023,1.115643415250012,0.9477434669758644,Three-step-g,0.2,0.2,0.2,0.2,0.3,0.3,0.3,0.3,3411,1.0,1.0,1.0,1.0,1.0
99,0.20897118995222128,1.1888102512550414,0.9508163683250528,0.7606217331606897,0.9420659686951538,Three-step-g,0.2,0.2,0.2,0.2,0.3,0.3,0.3,0.3,3411,1.0,1.0,1.0,1.0,1.0
100,0.6312197339859269,1.1225522271001986,0.3484490352159895,0.7613097706220265,1.1621585627084778,Three-step-g,0.2,0.2,0.2,0.2,0.3,0.3,0.3,0.3,3411,1.0,1.0,1.0,1.0,1.0
101,1.2303547165013644,1.0721040972211742,1.2539713860957993,1.212673565154732,1.1209972443277876,Three-step-g,0.2,0.2,0.2,0.2,0.3,0.3,0.3,0.3,3411,1.0,1.0,1.0,1.0,1.0
102,0.7551632924996865,0.982596626464147,1.3895669541076572,0.8159662730694771,0.9846080066118319,Three-step-g,0.2,0.2,0.2,0.2,0.3,0.3,0.3,0.3,3411,1.0,1.0,1.0,1.0,1.0
103,0.3839147857095025,0.4784317011086319,1.0697665860986076,0.9871307283907271,1.031164212402199,Three-step-g,0.2,0.2,0.2,0.2,0.3,0.3,0.3,0.3,3411,1.0,1.0,1.0,1.0,1.0
104,1.6135783956940335,2.4727540140039665,1.5793504144339328,1.1663398813829686,1.0965148769991295,Three-step-g,0.2,0.2,0.2,0.2,0.3,0.3,0.3,0.3,3411,1.0,1.0,1.0,1.0,1.0
105,0.8329580839190952,1.7052432739057781,0.8324534494161372,0.9979110344752606,0.8862944036379271,Three-step-g,0.2,0.2,0.2,0.2,0.3,0.3,0.3,0.3,3411,1.0,1.0,1.0,1.0,1.0
106,0.31171528590393266,0.5005286508216793,1.343640034220715,0.9364588014362273,1.1050814405501799,Three-step-g,0.2,0.2,0.2,0.2,0.3,0.3,0.3,0.3,3411,1.0,1.0,1.0,1.0,1.0
107,0.23102071466915866,0.6365301973986996,0.7711635115478513,1.2087461283373517,1.2522031900547046,Three-step-g,0.2,0.2,0.2,0.2,0.3,0.3,0.3,0.3,3411,1.0,1.0,1.0,1.0,1.0
108,1.3159979436910128,1.3362996326021512,0.8006672157344698,1.1347174135174032,1.171232190744343,Three-step-g,0.2,0.2,0.2,0.2,0.3,0.3,0.3,0.3,3411,1.0,1.0,1.0,1.0,1.0
109,1.2778639364086524,1.9768645457196445,0.9472434934267788,0.957411510663819,1.1375305192042506,Three-step-g,0.2,0.2,0.2,0.2,0.3,0.3,0.3,0.3,3411,1.0,1.0,1.0,1.0,1.0
110,0.840611994248497,2.2599298040762004,0.7070742255240757,1.335056164752405,1.0334241387706973,Three-step-g,0.2,0.2,0.2,0.2,0.3,0.3,0.3,0.3,3411,1.0,1.0,1.0,1.0,1.0
111,0.9922309392061417,1.6683649933560523,0.8634560794219566,1.168517130444588,1.0838382239544844,Three-step-g,0.2,0.2,0.2,0.2,0.3,0.3,0.3,0.3,3411,1.0,1.0,1.0,1.0,1.0
112,0.268936297199947,0.43780387308786256,0.11064623183220575,0.7681831487661577,0.8850116213808275,Three-step-g,0.2,0.2,0.2,0.2,0.3,0.3,0.3,0.3,3411,1.0,1.0,1.0,1.0,1.0
113,0.3430151414147188,0.8870290058333882,0.35244088705036547,1.2530793405586498,1.1382234151475854,Three-step-g,0.2,0.2,0.2,0.2,0.3,0.3,0.3,0.3,3411,1.0,1.0,1.0,1.0,1.0
114,0.5867300726020745,1.7375056999418552,0.4902801681280626,1.05432343234281,1.1184976044505464,Three-step-g,0.2,0.2,0.2,0.2,0.3,0.3,0.3,0.3,3411,1.0,1.0,1.0,1.0,1.0
115,0.7513982292133062,1.1575059034252306,1.1134269254402909,1.095619280415854,0.9660387483937432,Three-step-g,0.2,0.2,0.2,0.2,0.3,0.3,0.3,0.3,3411,1.0,1.0,1.0,1.0,1.0
116,0.7588487315793,0.3787638077390813,1.4684943174973841,1.222038416719352,1.226873143416921,Three-step-g,0.2,0.2,0.2,0.2,0.3,0.3,0.3,0.3,3411,1.0,1.0,1.0,1.0,1.0
117,2.0788078504684964,2.0395702104006226,1.1612380987267412,0.9266075956028976,0.9657922608897128,Three-step-g,0.2,0.2,0.2,0.2,0.3,0.3,0.3,0.3,3411,1.0,1.0,1.0,1.0,1.0
118,1.4044340440566485,1.4490646119439143,0.39458051989710724,0.8810844169757419,1.015905444180932,Three-step-g,0.2,0.2,0.2,0.2,0.3,0.3,0.3,0.3,3411,1.0,1.0,1.0,1.0,1.0
119,1.7779711798887081,1.3660508078331546,1.132648510548789,1.0451457041092507,0.9155705398663084,Three-step-g,0.2,0.2,0.2,0.2,0.3,0.3,0.3,0.3,3411,1.0,1.0,1.0,1.0,1.0
120,0.9466630563674752,1.0823643657856257,1.292985463854547,1.4801182500584589,1.1759869834634245,Three-step-g,0.2,0.2,0.2,0.2,0.3,0.3,0.3,0.3,3411,1.0,1.0,1.0,1.0,1.0
121,1.6476346849797232,0.6851214144333554,0.715610352143428,0.9421756160464304,1.0286698460120185,Three-step-g,0.2,0.2,0.2,0.2,0.3,0.3,0.3,0.3,3411,1.0,1.0,1.0,1.0,1.0
122,1.5234812846354784,1.0204059438933994,1.414159206775487,1.409978765211032,0.9635867393011645,Three-step-g,0.2,0.2,0.2,0.2,0.3,0.3,0.3,0.3,3411,1.0,1.0,1.0,1.0,1.0
123,0.40097384717902423,0.10221023665026761,0.8706640070801551,0.7886576708770106,0.7526933129801162,Three-step-g,0.2,0.2,0.2,0.2,0.3,0.3,0.3,0.3,3411,1.0,1.0,1.0,1.0,1.0
124,1.3579907370696271,1.1543075104437928,1.0985908664218778,1.44256405411116,1.1708551476432438,Three-step-g,0.2,0.2,0.2,0.2,0.3,0.3,0.3,0.3,3411,1.0,1.0,1.0,1.0,1.0
125,1.122312075274606,1.036151843967221,0.6510046740328214,0.8486922961292422,0.9755135717379346,Three-step-g,0.2,0.2,0.2,0.2,0.3,0.3,0.3,0.3,3411,1.0,1.0,1.0,1.0,1.0
126,1.1776195519245223,0.9418781295565405,1.0106156728660447,1.0782415901110678,1.028198331826488,Three-step-g,0.2,0.2,0.2,0.2,0.3,0.3,0.3,0.3,3411,1.0,1.0,1.0,1.0,1.0
127,1.2326014418418105,0.9489191306281068,1.230289878890275,1.1417183477320807,1.209577453830005,Three-step-g,0.2,0.2,0.2,0.2,0.3,0.3,0.3,0.3,3411,1.0,1.0,1.0,1.0,1.0
128,0.27356992372449346,1.93011477768443,0.9628214845886074,1.0645488278239559,0.8182404228205769,Three-step-g,0.2,0.2,0.2,0.2,0.3,0.3,0.3,0.3,3411,1.0,1.0,1.0,1.0,1.0
129,1.2540059872572125,0.3033954899131681,1.0877869924242303,1.1204407870805009,0.8315451469884145,Three-step-g,0.2,0.2,0.2,0.2,0.3,0.3,0.3,0.3,3411,1.0,1.0,1.0,1.0,1.0
130,1.6197425179148506,0.854681540679381,0.9495777058125425,0.8771403057074975,0.8946940710828698,Three-step-g,0.2,0.2,0.2,0.2,0.3,0.3,0.3,0.3,3411,1.0,1.0,1.0,1.0,1.0
131,1.2611147978609336,0.7115765252910297,0.27831062304738763,1.1709230423531096,0.9170200383670596,Three-step-g,0.2,0.2,0.2,0.2,0.3,0.3,0.3,0.3,3411,1.0,1.0,1.0,1.0,1.0
132,0.19059942485277262,0.09457664410337359,1.1276404358404604,0.9809439162607874,0.9835056185664829,Three-step-g,0.2,0.2,0.2,0.2,0.3,0.3,0.3,0.3,3411,1.0,1.0,1.0,1.0,1.0
133,1.9108899691853993,1.1360580810137844,0.7888622574939873,0.6628854560558696,1.012700494776499,Three-step-g,0.2,0.2,0.2,0.2,0.3,0.3,0.3,0.3,3411,1.0,1.0,1.0,1.0,1.0
134,-0.6370073046551263,0.23272163213627267,0.7543236416321593,1.0137860488850265,0.9704931955858788,Three-step-g,0.2,0.2,0.2,0.2,0.3,0.3,0.3,0.3,3411,1.0,1.0,1.0,1.0,1.0
135,1.1979210266161135,0.5709964345162254,1.1109147733604123,0.7952355910901636,1.020464007421422,Three-step-g,0.2,0.2,0.2,0.2,0.3,0.3,0.3,0.3,3411,1.0,1.0,1.0,1.0,1.0
136,0.9854993503158671,1.7447411376692517,1.0695099118153846,1.0089006170274046,1.186130901093695,Three-step-g,0.2,0.2,0.2,0.2,0.3,0.3,0.3,0.3,3411,1.0,1.0,1.0,1.0,1.0
137,0.5468399881439774,0.15892737638126467,0.12547748916478657,0.8387086793447758,0.7090400845426477,Three-step-g,0.2,0.2,0.2,0.2,0.3,0.3,0.3,0.3,3411,1.0,1.0,1.0,1.0,1.0
138,0.8170239286296126,1.7634514171492857,2.205234569240294,0.5416974275091689,1.0714012653623781,Three-step-g,0.2,0.2,0.2,0.2,0.3,0.3,0.3,0.3,3411,1.0,1.0,1.0,1.0,1.0
139,1.0880141399111638,0.71563944143428,1.6022396890989838,1.163817849195774,1.1095211166058194,Three-step-g,0.2,0.2,0.2,0.2,0.3,0.3,0.3,0.3,3411,1.0,1.0,1.0,1.0,1.0
140,0.3640278595953803,1.3408945248267483,1.0071636092575282,0.9558960019916626,1.0509690823609723,Three-step-g,0.2,0.2,0.2,0.2,0.3,0.3,0.3,0.3,3411,1.0,1.0,1.0,1.0,1.0
141,0.5395711662470678,0.6249640275953368,0.47234704620822804,0.764667628080214,1.073447846366219,Three-step-g,0.2,0.2,0.2,0.2,0.3,0.3,0.3,0.3,3411,1.0,1.0,1.0,1.0,1.0
142,2.473668741139807,1.9409267209975718,1.803392094869294,1.070087212506714,1.0128013886822733,Three-step-g,0.2,0.2,0.2,0.2,0.3,0.3,0.3,0.3,3411,1.0,1.0,1.0,1.0,1.0
143,0.8210265522030841,0.7270393656707276,0.7483488018184055,1.0271862880330347,1.1199112941507612,Three-step-g,0.2,0.2,0.2,0.2,0.3,0.3,0.3,0.3,3411,1.0,1.0,1.0,1.0,1.0
144,1.4861344469946263,0.6969347866052347,1.2067925223582576,1.0880207810568137,1.0331177133760474,Three-step-g,0.2,0.2,0.2,0.2,0.3,0.3,0.3,0.3,3411,1.0,1.0,1.0,1.0,1.0
145,0.35575436527777254,0.23204283707885243,0.485800872959841,1.0049158448668325,0.8201689949632694,Three-step-g,0.2,0.2,0.2,0.2,0.3,0.3,0.3,0.3,3411,1.0,1.0,1.0,1.0,1.0
146,1.4315653674859663,0.47319937930861367,1.3676630980762774,0.877495704703119,1.021002733076485,Three-step-g,0.2,0.2,0.2,0.2,0.3,0.3,0.3,0.3,3411,1.0,1.0,1.0,1.0,1.0
147,2.504027516380239,1.2643745866789193,0.9739859799803162,0.8822881243975954,0.9228759573212202,Three-step-g,0.2,0.2,0.2,0.2,0.3,0.3,0.3,0.3,3411,1.0,1.0,1.0,1.0,1.0
148,1.334307400205624,1.9683672617376873,0.8593154009254,0.8794441816380892,1.0595641931826256,Three-step-g,0.2,0.2,0.2,0.2,0.3,0.3,0.3,0.3,3411,1.0,1.0,1.0,1.0,1.0
149,0.9716286068105527,1.0166677111799303,0.4825811418787043,0.7384462762157517,0.9637577828692759,Three-step-g,0.2,0.2,0.2,0.2,0.3,0.3,0.3,0.3,3411,1.0,1.0,1.0,1.0,1.0
150,0.6598566425376367,1.1001904543538932,0.2122467598583905,0.862001085542097,0.9077429507907067,Three-step-g,0.2,0.2,0.2,0.2,0.3,0.3,0.3,0.3,3411,1.0,1.0,1.0,1.0,1.0
151,0.7300988690948599,0.5068711057605612,0.25819148431093863,0.842393985177765,0.8801829720563942,Three-step-g,0.2,0.2,0.2,0.2,0.3,0.3,0.3,0.3,3411,1.0,1.0,1.0,1.0,1.0
152,1.96121036715907,3.637946448518451,1.1957261675049942,0.9785021451968724,0.875373287257294,Three-step-g,0.2,0.2,0.2,0.2,0.3,0.3,0.3,0.3,3411,1.0,1.0,1.0,1.0,1.0
153,1.2661856089934869,2.2584575457238154,1.0475620585476313,1.19653825320326,0.9042391629998509,Three-step-g,0.2,0.2,0.2,0.2,0.3,0.3,0.3,0.3,3411,1.0,1.0,1.0,1.0,1.0
154,0.5920919402272071,0.3737824835500165,1.693080404083108,1.039163828996383,1.123627459394231,Three-step-g,0.2,0.2,0.2,0.2,0.3,0.3,0.3,0.3,3411,1.0,1.0,1.0,1.0,1.0
155,0.9584776758945365,0.7279812629734249,1.047890935258584,0.9281652834650336,0.8182193320752966,Three-step-g,0.2,0.2,0.2,0.2,0.3,0.3,0.3,0.3,3411,1.0,1.0,1.0,1.0,1.0
156,0.3519460716631039,0.01486791290229905,0.952785486708131,0.9649764100312751,1.0865607360540317,Three-step-g,0.2,0.2,0.2,0.2,0.3,0.3,0.3,0.3,3411,1.0,1.0,1.0,1.0,1.0
157,0.7709789988688025,1.1701262184660246,0.6548299489309387,1.1725211540590899,0.9803135196657706,Three-step-g,0.2,0.2,0.2,0.2,0.3,0.3,0.3,0.3,3411,1.0,1.0,1.0,1.0,1.0
158,2.1370967298155,1.3526326601735685,1.3112306824391429,1.126764451907683,0.9209938673917565,Three-step-g,0.2,0.2,0.2,0.2,0.3,0.3,0.3,0.3,3411,1.0,1.0,1.0,1.0,1.0
159,0.26786201504529034,0.3248912908212702,0.5429900636865271,0.9061460358346719,1.0938952225823975,Three-step-g,0.2,0.2,0.2,0.2,0.3,0.3,0.3,0.3,3411,1.0,1.0,1.0,1.0,1.0
160,0.92148853435519,0.8787458938594773,0.8400427392380363,1.199145035617369,0.8813485984461752,Three-step-g,0.2,0.2,0.2,0.2,0.3,0.3,0.3,0.3,3411,1.0,1.0,1.0,1.0,1.0
161,0.9608194999474646,1.5326706370703853,1.6207104703189803,1.0451690762128008,0.9565591528745483,Three-step-g,0.2,0.2,0.2,0.2,0.3,0.3,0.3,0.3,3411,1.0,1.0,1.0,1.0,1.0
162,1.5847965188980864,2.1236995484516736,1.2069170812819188,1.5442866045054098,0.9423233090677661,Three-step-g,0.2,0.2,0.2,0.2,0.3,0.3,0.3,0.3,3411,1.0,1.0,1.0,1.0,1.0
163,1.3179569710087684,0.7816333474863187,0.8956738178345356,0.9504938011187691,1.003592639511329,Three-step-g,0.2,0.2,0.2,0.2,0.3,0.3,0.3,0.3,3411,1.0,1.0,1.0,1.0,1.0
164,1.5714202612423867,1.4457094982564187,1.7461786022030694,1.0707621032892194,1.0633814932636028,Three-step-g,0.2,0.2,0.2,0.2,0.3,0.3,0.3,0.3,3411,1.0,1.0,1.0,1.0,1.0
165,2.219088494351178,0.71831191651421,1.002885065137699,0.8848004588822569,0.9866758024698759,Three-step-g,0.2,0.2,0.2,0.2,0.3,0.3,0.3,0.3,3411,1.0,1.0,1.0,1.0,1.0
166,1.0837286898382334,0.6458126211401953,1.6505646110457441,1.319612704432947,1.125992345189442,Three-step-g,0.2,0.2,0.2,0.2,0.3,0.3,0.3,0.3,3411,1.0,1.0,1.0,1.0,1.0
167,0.4116241876433935,0.9337167394236422,1.4117289772015236,0.9527086018660095,0.832927327085704,Three-step-g,0.2,0.2,0.2,0.2,0.3,0.3,0.3,0.3,3411,1.0,1.0,1.0,1.0,1.0
168,0.7483564416485108,0.6830798475636429,1.4364313085435143,1.1228896204697634,0.8586580307514077,Three-step-g,0.2,0.2,0.2,0.2,0.3,0.3,0.3,0.3,3411,1.0,1.0,1.0,1.0,1.0
169,1.1803574025652481,0.8616930918106327,0.4973156294748444,0.9817737095326405,1.0759500110028484,Three-step-g,0.2,0.2,0.2,0.2,0.3,0.3,0.3,0.3,3411,1.0,1.0,1.0,1.0,1.0
170,0.7543270992768674,1.0713987491187271,1.2432213146840003,0.8625848645767125,0.9739947648352415,Three-step-g,0.2,0.2,0.2,0.2,0.3,0.3,0.3,0.3,3411,1.0,1.0,1.0,1.0,1.0
171,1.0534805421660562,1.998081205058385,1.2382180062815331,1.0788818401548508,1.040935916369961,Three-step-g,0.2,0.2,0.2,0.2,0.3,0.3,0.3,0.3,3411,1.0,1.0,1.0,1.0,1.0
172,0.704911771630372,0.14050474538317265,0.5067376620300238,0.8063256758542181,0.935768421482223,Three-step-g,0.2,0.2,0.2,0.2,0.3,0.3,0.3,0.3,3411,1.0,1.0,1.0,1.0,1.0
173,0.3324156375487682,1.6029037856242647,1.2169984135398761,0.8839353538618219,0.98108330354732,Three-step-g,0.2,0.2,0.2,0.2,0.3,0.3,0.3,0.3,3411,1.0,1.0,1.0,1.0,1.0
174,1.6821058010872676,2.9995397647871154,1.36822500259736,0.8564513147426014,1.1564469743952608,Three-step-g,0.2,0.2,0.2,0.2,0.3,0.3,0.3,0.3,3411,1.0,1.0,1.0,1.0,1.0
175,0.2682487881218397,1.3531842023229173,1.1099144473532074,0.8566184038253556,1.0742210548277988,Three-step-g,0.2,0.2,0.2,0.2,0.3,0.3,0.3,0.3,3411,1.0,1.0,1.0,1.0,1.0
176,1.1166655810813866,1.5391320042158092,0.6297826885828147,0.6984545247707005,0.9565343078166593,Three-step-g,0.2,0.2,0.2,0.2,0.3,0.3,0.3,0.3,3411,1.0,1.0,1.0,1.0,1.0
177,0.7670119317725811,0.9749254455063514,0.20497754963761022,1.2772300541474932,1.119803848888214,Three-step-g,0.2,0.2,0.2,0.2,0.3,0.3,0.3,0.3,3411,1.0,1.0,1.0,1.0,1.0
178,0.6934183013274666,1.6332466874669627,0.8468791800609208,1.2014507735635644,0.9028688475683095,Three-step-g,0.2,0.2,0.2,0.2,0.3,0.3,0.3,0.3,3411,1.0,1.0,1.0,1.0,1.0
179,0.8043889890602044,0.8644999452827977,0.6645504014091209,0.841441426302586,0.8183607749889775,Three-step-g,0.2,0.2,0.2,0.2,0.3,0.3,0.3,0.3,3411,1.0,1.0,1.0,1.0,1.0
180,1.4873928726666845,1.4478631923110896,1.2834443925758432,1.2396975121253053,1.0197186122646809,Three-step-g,0.2,0.2,0.2,0.2,0.3,0.3,0.3,0.3,3411,1.0,1.0,1.0,1.0,1.0
181,0.2493686948297975,0.3082632546413686,0.7684032524710315,0.7645297063817341,1.0666454626186064,Three-step-g,0.2,0.2,0.2,0.2,0.3,0.3,0.3,0.3,3411,1.0,1.0,1.0,1.0,1.0
182,1.5543060921814067,0.9438007463218626,1.0790951671135762,1.4526404404085964,0.7786713846636844,Three-step-g,0.2,0.2,0.2,0.2,0.3,0.3,0.3,0.3,3411,1.0,1.0,1.0,1.0,1.0
183,0.4817126772130186,1.0472266581709162,0.4097621334956516,0.8843387199419153,0.8260641325500626,Three-step-g,0.2,0.2,0.2,0.2,0.3,0.3,0.3,0.3,3411,1.0,1.0,1.0,1.0,1.0
184,0.7814600181874524,0.5851749564342579,1.4159979811738237,0.8139526450450292,0.9764123643029098,Three-step-g,0.2,0.2,0.2,0.2,0.3,0.3,0.3,0.3,3411,1.0,1.0,1.0,1.0,1.0
185,0.9665100027476755,1.5893778831826837,0.9273571285700004,0.7783380584306804,1.0019616216036178,Three-step-g,0.2,0.2,0.2,0.2,0.3,0.3,0.3,0.3,3411,1.0,1.0,1.0,1.0,1.0
186,0.9504183924201521,0.3697570645496112,1.710660555900576,1.0667995418327811,0.9718888983719588,Three-step-g,0.2,0.2,0.2,0.2,0.3,0.3,0.3,0.3,3411,1.0,1.0,1.0,1.0,1.0
187,1.671993732172047,2.4474286115898343,1.1196129278911746,1.0243250063251628,0.9679318232427964,Three-step-g,0.2,0.2,0.2,0.2,0.3,0.3,0.3,0.3,3411,1.0,1.0,1.0,1.0,1.0
188,0.0030692655309885585,0.7159624639959374,1.1006437698626506,1.1360021312067894,1.0788034803488384,Three-step-g,0.2,0.2,0.2,0.2,0.3,0.3,0.3,0.3,3411,1.0,1.0,1.0,1.0,1.0
189,0.8422318324081447,0.5801281806887856,1.1733637529400183,0.4434330225263978,0.9126101636695031,Three-step-g,0.2,0.2,0.2,0.2,0.3,0.3,0.3,0.3,3411,1.0,1.0,1.0,1.0,1.0
190,2.2546962027154387,1.6344888343041164,1.0851184924427277,1.0436562502915578,0.9646564638722068,Three-step-g,0.2,0.2,0.2,0.2,0.3,0.3,0.3,0.3,3411,1.0,1.0,1.0,1.0,1.0
191,1.1112039427504032,2.4011741636626396,1.2065002652479164,0.9675733324391484,1.0085282238380597,Three-step-g,0.2,0.2,0.2,0.2,0.3,0.3,0.3,0.3,3411,1.0,1.0,1.0,1.0,1.0
192,2.252857665288,1.9562869801825442,0.708055335960515,1.3561378050053106,1.1112985873707173,Three-step-g,0.2,0.2,0.2,0.2,0.3,0.3,0.3,0.3,3411,1.0,1.0,1.0,1.0,1.0
193,1.2286234927468995,0.33413658888548914,1.1480423072946453,0.8535483183467016,1.2026545810065514,Three-step-g,0.2,0.2,0.2,0.2,0.3,0.3,0.3,0.3,3411,1.0,1.0,1.0,1.0,1.0
194,-0.026378157616867914,1.4105554205954027,1.4732048600510665,0.720024210927289,0.8795650600300541,Three-step-g,0.2,0.2,0.2,0.2,0.3,0.3,0.3,0.3,3411,1.0,1.0,1.0,1.0,1.0
195,1.0191001614891195,0.04537157948073263,0.5602757744585817,1.148539344302757,1.0911572074172142,Three-step-g,0.2,0.2,0.2,0.2,0.3,0.3,0.3,0.3,3411,1.0,1.0,1.0,1.0,1.0
196,0.9071005432385416,2.1344620851372684,0.7288517206475125,1.3516268613716125,1.084752910452743,Three-step-g,0.2,0.2,0.2,0.2,0.3,0.3,0.3,0.3,3411,1.0,1.0,1.0,1.0,1.0
197,-0.1120772081124509,0.8574586342762501,0.5520138164815304,0.8152995142422581,0.8771458350786898,Three-step-g,0.2,0.2,0.2,0.2,0.3,0.3,0.3,0.3,3411,1.0,1.0,1.0,1.0,1.0
198,0.8186067225079492,1.1013253714176467,0.8773421606959242,0.8450939259430201,1.0649040277671793,Three-step-g,0.2,0.2,0.2,0.2,0.3,0.3,0.3,0.3,3411,1.0,1.0,1.0,1.0,1.0
199,0.7504769605089966,0.548774339116954,0.8568844256205278,0.9413129043113265,0.9795871213409092,Three-step-g,0.2,0.2,0.2,0.2,0.3,0.3,0.3,0.3,3411,1.0,1.0,1.0,1.0,1.0
200,1.1829097547695557,0.8333600875740532,1.3587910282978115,1.2103114651689155,1.1230892595899726,Three-step-g,0.2,0.2,0.2,0.2,0.3,0.3,0.3,0.3,3411,1.0,1.0,1.0,1.0,1.0
201,0.11969606094310956,0.2788614074125514,1.0906772473786333,1.0125988754363056,1.0097085505598984,Three-step-g,0.2,0.2,0.2,0.2,0.3,0.3,0.3,0.3,3411,1.0,1.0,1.0,1.0,1.0
202,0.23441531668933643,0.8129999762057724,1.4242093372241946,1.3375991339505264,1.0868622526378215,Three-step-g,0.2,0.2,0.2,0.2,0.3,0.3,0.3,0.3,3411,1.0,1.0,1.0,1.0,1.0
203,0.6589718198980681,0.35694158122888425,0.8099598385459637,1.0619974845666738,0.9735532953657521,Three-step-g,0.2,0.2,0.2,0.2,0.3,0.3,0.3,0.3,3411,1.0,1.0,1.0,1.0,1.0
204,2.4309326329518677,1.0607247967752544,1.222092171556538,0.8999316350747528,0.9268933150108424,Three-step-g,0.2,0.2,0.2,0.2,0.3,0.3,0.3,0.3,3411,1.0,1.0,1.0,1.0,1.0
205,0.7657507338494232,1.6730624537368934,1.2018121282144425,1.0570792456777989,0.7612693066128575,Three-step-g,0.2,0.2,0.2,0.2,0.3,0.3,0.3,0.3,3411,1.0,1.0,1.0,1.0,1.0
206,0.5942573060083602,0.9836820317276768,0.6089674503898872,0.9661423528508574,0.9812451437297158,Three-step-g,0.2,0.2,0.2,0.2,0.3,0.3,0.3,0.3,3411,1.0,1.0,1.0,1.0,1.0
207,0.899404731846045,1.1068265352626516,1.671755108816174,0.8810491734199752,0.9768490048433391,Three-step-g,0.2,0.2,0.2,0.2,0.3,0.3,0.3,0.3,3411,1.0,1.0,1.0,1.0,1.0
208,0.24920589623238104,0.9112591278267969,0.47765534921020153,1.0146191960765347,0.9740948384136606,Three-step-g,0.2,0.2,0.2,0.2,0.3,0.3,0.3,0.3,3411,1.0,1.0,1.0,1.0,1.0
209,1.8437834612995245,0.6835612610499908,1.5273709060973475,0.7702284981417903,1.0074459361936592,Three-step-g,0.2,0.2,0.2,0.2,0.3,0.3,0.3,0.3,3411,1.0,1.0,1.0,1.0,1.0
210,0.9335862270428686,0.9519990408185957,0.706045595319115,0.957491321736539,1.0831559308233938,Three-step-g,0.2,0.2,0.2,0.2,0.3,0.3,0.3,0.3,3411,1.0,1.0,1.0,1.0,1.0
211,1.5607858510610297,1.0496035593875033,0.9271929841750798,1.042283974534247,0.9901792565990707,Three-step-g,0.2,0.2,0.2,0.2,0.3,0.3,0.3,0.3,3411,1.0,1.0,1.0,1.0,1.0
212,0.8595143603416214,0.9030367698026147,1.164415667973522,1.0813441442813707,0.8641596312287947,Three-step-g,0.2,0.2,0.2,0.2,0.3,0.3,0.3,0.3,3411,1.0,1.0,1.0,1.0,1.0
213,0.6011875582115287,0.23516026915496405,1.3015807244837845,1.0206736117688553,1.0089960138879346,Three-step-g,0.2,0.2,0.2,0.2,0.3,0.3,0.3,0.3,3411,1.0,1.0,1.0,1.0,1.0
214,0.6785459473294865,1.0053353558403126,1.1326337791624992,1.234728784455828,0.6789987208775446,Three-step-g,0.2,0.2,0.2,0.2,0.3,0.3,0.3,0.3,3411,1.0,1.0,1.0,1.0,1.0
215,0.6287559948611156,1.170233747367128,0.8483493044052013,0.9463701065736327,0.9057754695499046,Three-step-g,0.2,0.2,0.2,0.2,0.3,0.3,0.3,0.3,3411,1.0,1.0,1.0,1.0,1.0
216,1.4466828453747176,0.37962332245684227,0.989002511049758,1.1922307242754038,0.996686713110152,Three-step-g,0.2,0.2,0.2,0.2,0.3,0.3,0.3,0.3,3411,1.0,1.0,1.0,1.0,1.0
217,1.3228758231162647,0.8208010408095334,1.3516280401561087,1.16395251759918,1.0063100149139528,Three-step-g,0.2,0.2,0.2,0.2,0.3,0.3,0.3,0.3,3411,1.0,1.0,1.0,1.0,1.0
218,1.046243017678779,1.1561062165777982,1.7187038278189357,0.9195681470347341,1.1138286361030165,Three-step-g,0.2,0.2,0.2,0.2,0.3,0.3,0.3,0.3,3411,1.0,1.0,1.0,1.0,1.0
219,0.9557054795133949,1.3060580143144562,0.782308986877487,1.027460102840971,1.0755963473903942,Three-step-g,0.2,0.2,0.2,0.2,0.3,0.3,0.3,0.3,3411,1.0,1.0,1.0,1.0,1.0
220,0.8920041794949343,1.1759442509159308,0.9612392333435951,1.225400055240276,0.9379861897758426,Three-step-g,0.2,0.2,0.2,0.2,0.3,0.3,0.3,0.3,3411,1.0,1.0,1.0,1.0,1.0
221,2.1473559358879437,0.41419544991679125,0.9180202755617319,1.1432335815948906,0.8187121461937903,Three-step-g,0.2,0.2,0.2,0.2,0.3,0.3,0.3,0.3,3411,1.0,1.0,1.0,1.0,1.0
222,1.2393246689327402,0.2364328557536186,0.31406741243976966,0.7619277945077476,1.0072653668695188,Three-step-g,0.2,0.2,0.2,0.2,0.3,0.3,0.3,0.3,3411,1.0,1.0,1.0,1.0,1.0
223,1.2092488432800579,1.0116133416847486,0.8222827774436723,0.7022572287239754,0.9310881372975454,Three-step-g,0.2,0.2,0.2,0.2,0.3,0.3,0.3,0.3,3411,1.0,1.0,1.0,1.0,1.0
224,-0.1265234067887596,-0.05340540054622142,1.0771071869913174,0.7509667008252647,1.0817414433601016,Three-step-g,0.2,0.2,0.2,0.2,0.3,0.3,0.3,0.3,3411,1.0,1.0,1.0,1.0,1.0
225,-0.061954551073341704,0.35231366157559535,1.1678287046211884,1.2548615029118582,1.0857152683211453,Three-step-g,0.2,0.2,0.2,0.2,0.3,0.3,0.3,0.3,3411,1.0,1.0,1.0,1.0,1.0
226,1.5821776421138216,0.757256175941225,1.0550658729457825,1.0716594787630267,0.9349473865252471,Three-step-g,0.2,0.2,0.2,0.2,0.3,0.3,0.3,0.3,3411,1.0,1.0,1.0,1.0,1.0
227,1.0456889229314679,2.099224672515382,1.532512453695241,1.4117509659667533,1.1112954736319312,Three-step-g,0.2,0.2,0.2,0.2,0.3,0.3,0.3,0.3,3411,1.0,1.0,1.0,1.0,1.0
228,1.5712876384969565,1.515389108902846,1.7963322709362772,0.9012474251711184,0.828757287411176,Three-step-g,0.2,0.2,0.2,0.2,0.3,0.3,0.3,0.3,3411,1.0,1.0,1.0,1.0,1.0
229,2.399905907675168,2.8011191651327594,1.1178494276717628,0.9932705887600475,1.030411493359366,Three-step-g,0.2,0.2,0.2,0.2,0.3,0.3,0.3,0.3,3411,1.0,1.0,1.0,1.0,1.0
230,1.5041333411229045,1.5994254566297532,1.426950610674068,1.0421764187220768,1.116893978003796,Three-step-g,0.2,0.2,0.2,0.2,0.3,0.3,0.3,0.3,3411,1.0,1.0,1.0,1.0,1.0
231,0.9011340590857353,1.0153907624323284,1.0264878107602895,0.9243167659442961,1.1670727773064717,Three-step-g,0.2,0.2,0.2,0.2,0.3,0.3,0.3,0.3,3411,1.0,1.0,1.0,1.0,1.0
232,0.6197155056875718,-0.3875389709648917,0.27966162731071803,0.8480344299443355,0.8299486654997426,Three-step-g,0.2,0.2,0.2,0.2,0.3,0.3,0.3,0.3,3411,1.0,1.0,1.0,1.0,1.0
233,1.6994316922814285,1.89164216354012,1.3809492894739441,1.3256220491747783,1.1827760477045617,Three-step-g,0.2,0.2,0.2,0.2,0.3,0.3,0.3,0.3,3411,1.0,1.0,1.0,1.0,1.0
234,0.9462617494957721,0.7614417048947572,0.6281572715212439,0.774920139202826,1.2029784863440163,Three-step-g,0.2,0.2,0.2,0.2,0.3,0.3,0.3,0.3,3411,1.0,1.0,1.0,1.0,1.0
235,0.7479531485416034,0.3791196335494864,0.5290151435403886,0.9285776231401578,1.0151220513108592,Three-step-g,0.2,0.2,0.2,0.2,0.3,0.3,0.3,0.3,3411,1.0,1.0,1.0,1.0,1.0
236,0.8611747181774255,0.6303848247071636,0.9256276100874044,1.0436379677588017,0.9390123972625541,Three-step-g,0.2,0.2,0.2,0.2,0.3,0.3,0.3,0.3,3411,1.0,1.0,1.0,1.0,1.0
237,0.04986725454040236,-0.07791908988931397,1.2091418525390891,1.1292078590161796,0.974462427762378,Three-step-g,0.2,0.2,0.2,0.2,0.3,0.3,0.3,0.3,3411,1.0,1.0,1.0,1.0,1.0
238,1.2982400069005215,1.2645951771017343,1.7193154046968664,0.965877444472875,1.1797186745233401,Three-step-g,0.2,0.2,0.2,0.2,0.3,0.3,0.3,0.3,3411,1.0,1.0,1.0,1.0,1.0
239,1.762008549546103,0.28525141835268175,1.4297973074457468,1.3181842659889023,0.9500783581715516,Three-step-g,0.2,0.2,0.2,0.2,0.3,0.3,0.3,0.3,3411,1.0,1.0,1.0,1.0,1.0
240,1.759530827789285,1.4738638287352324,1.1937940771268085,0.9227298943540679,0.7179829937693216,Three-step-g,0.2,0.2,0.2,0.2,0.3,0.3,0.3,0.3,3411,1.0,1.0,1.0,1.0,1.0
241,1.0477161917094557,0.119959786163005,0.5958638877424239,0.9798323500357988,0.9521104233161698,Three-step-g,0.2,0.2,0.2,0.2,0.3,0.3,0.3,0.3,3411,1.0,1.0,1.0,1.0,1.0
242,1.1257998989101683,0.62492790092837,1.2089125341625055,0.9458010982314726,0.7835807987130569,Three-step-g,0.2,0.2,0.2,0.2,0.3,0.3,0.3,0.3,3411,1.0,1.0,1.0,1.0,1.0
243,0.04601500365808084,0.7183116825405597,1.321837142208485,1.3634833832479667,1.0595886029303896,Three-step-g,0.2,0.2,0.2,0.2,0.3,0.3,0.3,0.3,3411,1.0,1.0,1.0,1.0,1.0
244,1.0793931364847305,1.9310345658462051,0.6049655910748469,1.1355380511862545,0.8238401710298168,Three-step-g,0.2,0.2,0.2,0.2,0.3,0.3,0.3,0.3,3411,1.0,1.0,1.0,1.0,1.0
245,1.4846459877686713,0.723988676617718,0.8323176998891271,1.135450286378557,1.1044243871411878,Three-step-g,0.2,0.2,0.2,0.2,0.3,0.3,0.3,0.3,3411,1.0,1.0,1.0,1.0,1.0
246,1.503833244361078,1.2330030093976083,0.7479334423791733,0.9482592084715891,0.9629958916143259,Three-step-g,0.2,0.2,0.2,0.2,0.3,0.3,0.3,0.3,3411,1.0,1.0,1.0,1.0,1.0
247,0.8806354816090071,1.9643186157955272,1.1110961238050259,0.8714829509994764,1.0203726825603598,Three-step-g,0.2,0.2,0.2,0.2,0.3,0.3,0.3,0.3,3411,1.0,1.0,1.0,1.0,1.0
248,0.6187244959577343,1.6367589897545551,1.0354069591352206,1.2203413988126899,0.8038794333283477,Three-step-g,0.2,0.2,0.2,0.2,0.3,0.3,0.3,0.3,3411,1.0,1.0,1.0,1.0,1.0
249,1.4274254672921767,1.5034759705098,0.33940271431391766,0.8452342211258249,0.784434544962845,Three-step-g,0.2,0.2,0.2,0.2,0.3,0.3,0.3,0.3,3411,1.0,1.0,1.0,1.0,1.0
250,1.4216653931406429,0.05620897315014503,1.1691562749714612,0.6606471979545218,0.8197060980656657,Three-step-g,0.2,0.2,0.2,0.2,0.3,0.3,0.3,0.3,3411,1.0,1.0,1.0,1.0,1.0
251,0.7878523250102162,0.5825867492251443,0.9536220266863971,1.214803048606788,0.9572627669854176,Three-step-g,0.2,0.2,0.2,0.2,0.3,0.3,0.3,0.3,3411,1.0,1.0,1.0,1.0,1.0
252,1.9543339989014012,1.4089574977503074,0.9217978799388564,1.065500572308927,0.976866231564585,Three-step-g,0.2,0.2,0.2,0.2,0.3,0.3,0.3,0.3,3411,1.0,1.0,1.0,1.0,1.0
253,0.04810281993831854,0.39819802053147635,0.41654170473591867,0.7633124311172212,0.9385466241650945,Three-step-g,0.2,0.2,0.2,0.2,0.3,0.3,0.3,0.3,3411,1.0,1.0,1.0,1.0,1.0
254,1.7345275799189923,1.6843135611554305,0.060164322044272224,0.9623723471334334,0.8588702755533759,Three-step-g,0.2,0.2,0.2,0.2,0.3,0.3,0.3,0.3,3411,1.0,1.0,1.0,1.0,1.0
255,1.3367746739936366,2.6627461538690014,0.7898207858611079,1.1465439899739978,0.9310300757825343,Three-step-g,0.2,0.2,0.2,0.2,0.3,0.3,0.3,0.3,3411,1.0,1.0,1.0,1.0,1.0
256,1.029435776585743,1.1196794717349132,0.5209811380204595,1.0722944474986316,0.9654649987437096,Three-step-g,0.2,0.2,0.2,0.2,0.3,0.3,0.3,0.3,3411,1.0,1.0,1.0,1.0,1.0
257,1.2299449370989577,0.34305835913806243,1.0673138498668109,1.0917779085279489,0.8725238751045734,Three-step-g,0.2,0.2,0.2,0.2,0.3,0.3,0.3,0.3,3411,1.0,1.0,1.0,1.0,1.0
258,0.2827061295839378,0.9313185170666689,2.0689148820652385,1.063816060029778,1.0142105673817183,Three-step-g,0.2,0.2,0.2,0.2,0.3,0.3,0.3,0.3,3411,1.0,1.0,1.0,1.0,1.0
259,1.3441223833162141,1.0024075799076864,1.2820702898035639,1.055003283019845,0.9767259750598352,Three-step-g,0.2,0.2,0.2,0.2,0.3,0.3,0.3,0.3,3411,1.0,1.0,1.0,1.0,1.0
260,1.3335560258317554,0.6823701107961249,1.1310114510863345,1.0038821980924797,0.9930120680279246,Three-step-g,0.2,0.2,0.2,0.2,0.3,0.3,0.3,0.3,3411,1.0,1.0,1.0,1.0,1.0
261,0.9066342776882884,0.26232511933792424,1.3095715971418243,1.307250506996753,0.9421428801456374,Three-step-g,0.2,0.2,0.2,0.2,0.3,0.3,0.3,0.3,3411,1.0,1.0,1.0,1.0,1.0
262,1.6989575254660647,1.921848944374431,1.2525166781288395,0.7297240829219049,0.8798510818185931,Three-step-g,0.2,0.2,0.2,0.2,0.3,0.3,0.3,0.3,3411,1.0,1.0,1.0,1.0,1.0
263,0.4826187386058129,0.9019058198124736,0.7865443841354164,0.8908657494456524,1.104560566742658,Three-step-g,0.2,0.2,0.2,0.2,0.3,0.3,0.3,0.3,3411,1.0,1.0,1.0,1.0,1.0
264,0.7978621628450243,0.28074226342384834,1.2099600863898352,0.9513236896368538,0.9383714931025283,Three-step-g,0.2,0.2,0.2,0.2,0.3,0.3,0.3,0.3,3411,1.0,1.0,1.0,1.0,1.0
265,0.3809840119976803,-0.3551907052873493,0.8610166582169141,0.5639689191515104,1.0318783612145768,Three-step-g,0.2,0.2,0.2,0.2,0.3,0.3,0.3,0.3,3411,1.0,1.0,1.0,1.0,1.0
266,0.7893499180223232,-0.22542009641356892,0.7926563856656034,0.8372423896130934,1.0351115087836462,Three-step-g,0.2,0.2,0.2,0.2,0.3,0.3,0.3,0.3,3411,1.0,1.0,1.0,1.0,1.0
267,0.875633173265245,0.3754944577086123,1.2165745857858374,1.1553288710406135,1.1025661885120328,Three-step-g,0.2,0.2,0.2,0.2,0.3,0.3,0.3,0.3,3411,1.0,1.0,1.0,1.0,1.0
268,0.310843017652195,0.6088313778164222,0.8671180452592381,0.968767715365476,0.9487722728968583,Three-step-g,0.2,0.2,0.2,0.2,0.3,0.3,0.3,0.3,3411,1.0,1.0,1.0,1.0,1.0
269,1.331464946177633,2.9315552378786687,1.4814485370991464,1.4570017098227053,1.0302060112453986,Three-step-g,0.2,0.2,0.2,0.2,0.3,0.3,0.3,0.3,3411,1.0,1.0,1.0,1.0,1.0
270,1.0022593281092818,1.1331308058086098,1.2142993701572018,1.1003987772856834,0.9349567339632278,Three-step-g,0.2,0.2,0.2,0.2,0.3,0.3,0.3,0.3,3411,1.0,1.0,1.0,1.0,1.0
271,1.3259271269326591,1.6257002600312855,1.5331938615430587,1.1030984460060973,0.9685580264109919,Three-step-g,0.2,0.2,0.2,0.2,0.3,0.3,0.3,0.3,3411,1.0,1.0,1.0,1.0,1.0
272,-0.2727564245622801,0.5732285386285416,0.9349094106872176,1.0888610653334305,0.8755893496606652,Three-step-g,0.2,0.2,0.2,0.2,0.3,0.3,0.3,0.3,3411,1.0,1.0,1.0,1.0,1.0
273,0.6292859696023216,0.37897138517459705,0.4444540274822873,0.663706835426807,0.796055561986027,Three-step-g,0.2,0.2,0.2,0.2,0.3,0.3,0.3,0.3,3411,1.0,1.0,1.0,1.0,1.0
274,0.6877137596725228,0.2949385726007202,1.002027869073154,1.0299715827258327,0.8294609966525542,Three-step-g,0.2,0.2,0.2,0.2,0.3,0.3,0.3,0.3,3411,1.0,1.0,1.0,1.0,1.0
275,0.8544341198053746,1.173442045933702,1.4939148476149429,1.0805487389377573,0.9944843564957233,Three-step-g,0.2,0.2,0.2,0.2,0.3,0.3,0.3,0.3,3411,1.0,1.0,1.0,1.0,1.0
276,0.5955394725051917,0.35221902863511767,0.6988282961581174,1.049286588394433,0.9875075421291071,Three-step-g,0.2,0.2,0.2,0.2,0.3,0.3,0.3,0.3,3411,1.0,1.0,1.0,1.0,1.0
277,1.2332041572276957,1.0014722175403206,0.4089152644563067,0.580731626790588,0.9350558546916476,Three-step-g,0.2,0.2,0.2,0.2,0.3,0.3,0.3,0.3,3411,1.0,1.0,1.0,1.0,1.0
278,1.3351307840653464,2.8590525897098167,0.8999054395174219,0.9530708662215724,1.2184532750518746,Three-step-g,0.2,0.2,0.2,0.2,0.3,0.3,0.3,0.3,3411,1.0,1.0,1.0,1.0,1.0
279,1.4345584687180066,1.519899457549547,0.7954476359434337,0.9148980869693978,0.9302345189316924,Three-step-g,0.2,0.2,0.2,0.2,0.3,0.3,0.3,0.3,3411,1.0,1.0,1.0,1.0,1.0
280,1.8246923200055694,6.364907183331064,0.7378761781598652,0.7268137858050521,1.1447513295987153,Three-step-g,0.2,0.2,0.2,0.2,0.3,0.3,0.3,0.3,3411,1.0,1.0,1.0,1.0,1.0
281,1.045461998359832,2.135108190808424,0.8310642261917833,1.0205948737500785,0.9677155650148718,Three-step-g,0.2,0.2,0.2,0.2,0.3,0.3,0.3,0.3,3411,1.0,1.0,1.0,1.0,1.0
282,1.4597507784291832,0.18951216879852864,0.9284678653211188,1.0353813842500605,1.075268382892942,Three-step-g,0.2,0.2,0.2,0.2,0.3,0.3,0.3,0.3,3411,1.0,1.0,1.0,1.0,1.0
283,1.6142100204017928,1.9769707600655855,1.40961161395499,1.1008897367557433,0.7900775167485052,Three-step-g,0.2,0.2,0.2,0.2,0.3,0.3,0.3,0.3,3411,1.0,1.0,1.0,1.0,1.0
284,0.05725062635023804,1.2458461271388184,0.4088341137715054,0.5779837452847372,0.8886783606643094,Three-step-g,0.2,0.2,0.2,0.2,0.3,0.3,0.3,0.3,3411,1.0,1.0,1.0,1.0,1.0
285,1.3664628991734291,0.7129522030230145,1.006697514562763,1.161029744195648,1.0364575548110708,Three-step-g,0.2,0.2,0.2,0.2,0.3,0.3,0.3,0.3,3411,1.0,1.0,1.0,1.0,1.0
286,1.5827811987157305,1.112096927869941,0.8249245329897547,1.30570277293658,1.1027389516035109,Three-step-g,0.2,0.2,0.2,0.2,0.3,0.3,0.3,0.3,3411,1.0,1.0,1.0,1.0,1.0
287,1.1941551112893525,-0.10948523334520707,1.2222964143729906,0.9693164174128832,1.184663710139667,Three-step-g,0.2,0.2,0.2,0.2,0.3,0.3,0.3,0.3,3411,1.0,1.0,1.0,1.0,1.0
288,1.3635582013339596,0.6914364171657317,1.2501789157849061,1.0777101001736955,0.9577906910281564,Three-step-g,0.2,0.2,0.2,0.2,0.3,0.3,0.3,0.3,3411,1.0,1.0,1.0,1.0,1.0
289,0.9078226489277393,0.4052822012051497,0.5868201622097244,1.0481909840108727,1.0410896114098853,Three-step-g,0.2,0.2,0.2,0.2,0.3,0.3,0.3,0.3,3411,1.0,1.0,1.0,1.0,1.0
290,1.344095518243393,1.2918446130504369,1.5934591980498634,1.3774863490429865,1.1042937355226372,Three-step-g,0.2,0.2,0.2,0.2,0.3,0.3,0.3,0.3,3411,1.0,1.0,1.0,1.0,1.0
291,0.5041407564815941,0.5370309172994124,0.5811076416350361,0.8639241048489559,0.9071313669495653,Three-step-g,0.2,0.2,0.2,0.2,0.3,0.3,0.3,0.3,3411,1.0,1.0,1.0,1.0,1.0
292,0.3314293457084713,0.4829535234702555,0.8502853504999227,1.1263094318477336,0.7849197936876623,Three-step-g,0.2,0.2,0.2,0.2,0.3,0.3,0.3,0.3,3411,1.0,1.0,1.0,1.0,1.0
293,1.1051860347539475,1.1494053743311523,0.6644327057717497,0.9347840393048472,1.0359305448560165,Three-step-g,0.2,0.2,0.2,0.2,0.3,0.3,0.3,0.3,3411,1.0,1.0,1.0,1.0,1.0
294,1.1739035611248476,1.252938652173836,0.9827846929545412,1.3050635213796582,1.1219756520473168,Three-step-g,0.2,0.2,0.2,0.2,0.3,0.3,0.3,0.3,3411,1.0,1.0,1.0,1.0,1.0
295,1.7374103721035428,0.4492634094579802,1.2974528277680453,0.7428874321359218,1.1023135083238005,Three-step-g,0.2,0.2,0.2,0.2,0.3,0.3,0.3,0.3,3411,1.0,1.0,1.0,1.0,1.0
296,0.4102840986730473,0.12254150986436357,1.0168394298370749,1.0172354304394466,0.9179189144096951,Three-step-g,0.2,0.2,0.2,0.2,0.3,0.3,0.3,0.3,3411,1.0,1.0,1.0,1.0,1.0
297,1.8197771399471725,0.9730965176569609,1.0595788225121003,0.5230776961973596,0.9678346055228036,Three-step-g,0.2,0.2,0.2,0.2,0.3,0.3,0.3,0.3,3411,1.0,1.0,1.0,1.0,1.0
298,0.9388450450471386,0.4094563875523288,0.5759095606159422,0.9594468473737415,0.9972015101794522,Three-step-g,0.2,0.2,0.2,0.2,0.3,0.3,0.3,0.3,3411,1.0,1.0,1.0,1.0,1.0
299,0.8928305643611805,0.218240318354367,1.390545481603732,0.4972856335383688,0.9424750203260325,Three-step-g,0.2,0.2,0.2,0.2,0.3,0.3,0.3,0.3,3411,1.0,1.0,1.0,1.0,1.0
300,0.2869972773505438,-0.0380251213594675,0.8148946596897232,0.9195228052356414,0.9571821594622723,Three-step-g,0.2,0.2,0.2,0.2,0.3,0.3,0.3,0.3,3411,1.0,1.0,1.0,1.0,1.0
1,0.8230518721560965,1.0539504954526726,1.1463900010620274,1.4006881878781576,0.9748344073228601,Three-step-ipw,0.2,0.2,0.2,0.2,0.3,0.3,0.3,0.3,3411,1.0,1.0,1.0,1.0,1.0
2,1.180959964213853,1.1835587892484472,1.7839866448026251,1.3935292868385087,1.1416508715521405,Three-step-ipw,0.2,0.2,0.2,0.2,0.3,0.3,0.3,0.3,3411,1.0,1.0,1.0,1.0,1.0
3,0.9532066011726136,0.5474495350954022,2.060039449439241,0.8955845353169587,1.0921720492492966,Three-step-ipw,0.2,0.2,0.2,0.2,0.3,0.3,0.3,0.3,3411,1.0,1.0,1.0,1.0,1.0
4,0.45121028737111396,0.5058969035016648,0.5592441113619303,0.9789813641054413,0.9276827331765557,Three-step-ipw,0.2,0.2,0.2,0.2,0.3,0.3,0.3,0.3,3411,1.0,1.0,1.0,1.0,1.0
5,1.057238109674394,1.5775243420297729,1.9272649312964478,0.9974215617276231,0.9639716307772513,Three-step-ipw,0.2,0.2,0.2,0.2,0.3,0.3,0.3,0.3,3411,1.0,1.0,1.0,1.0,1.0
6,1.656488784330513,1.2414838106504718,1.3622195121359402,0.734878937118992,1.0806047185228698,Three-step-ipw,0.2,0.2,0.2,0.2,0.3,0.3,0.3,0.3,3411,1.0,1.0,1.0,1.0,1.0
7,1.426804849189945,0.9963580595822058,0.9602905257791818,0.9614602743440732,0.8927590650521211,Three-step-ipw,0.2,0.2,0.2,0.2,0.3,0.3,0.3,0.3,3411,1.0,1.0,1.0,1.0,1.0
8,0.7553098486123647,1.3189403144160254,0.734433801312324,0.7062591049552815,1.0981955515019735,Three-step-ipw,0.2,0.2,0.2,0.2,0.3,0.3,0.3,0.3,3411,1.0,1.0,1.0,1.0,1.0
9,0.46059597667284524,0.534457738227942,1.8614797280660031,0.9441506668049667,0.9806836257371282,Three-step-ipw,0.2,0.2,0.2,0.2,0.3,0.3,0.3,0.3,3411,1.0,1.0,1.0,1.0,1.0
10,1.2892982558424677,0.7640345549681619,1.054405363537089,1.0047375738725892,1.0303324644164054,Three-step-ipw,0.2,0.2,0.2,0.2,0.3,0.3,0.3,0.3,3411,1.0,1.0,1.0,1.0,1.0
11,0.8958187015794767,0.9434342718522567,0.6055219823159494,0.8842678791731309,0.9531464458916173,Three-step-ipw,0.2,0.2,0.2,0.2,0.3,0.3,0.3,0.3,3411,1.0,1.0,1.0,1.0,1.0
12,2.404855631329212,1.2205790275037516,1.000592524872684,1.0356643182081249,0.8788578801601263,Three-step-ipw,0.2,0.2,0.2,0.2,0.3,0.3,0.3,0.3,3411,1.0,1.0,1.0,1.0,1.0
13,-0.03780264811458675,0.3793850558558212,0.36718813011772133,0.8971557702425216,0.9714929526051241,Three-step-ipw,0.2,0.2,0.2,0.2,0.3,0.3,0.3,0.3,3411,1.0,1.0,1.0,1.0,1.0
14,1.1044178922711523,0.5433551649554677,1.2990104543307117,1.080540167232844,0.9147655319227367,Three-step-ipw,0.2,0.2,0.2,0.2,0.3,0.3,0.3,0.3,3411,1.0,1.0,1.0,1.0,1.0
15,1.1087877210240193,0.5550434160361339,1.2015835665330743,1.1154050013546226,1.1411160881479239,Three-step-ipw,0.2,0.2,0.2,0.2,0.3,0.3,0.3,0.3,3411,1.0,1.0,1.0,1.0,1.0
16,1.791306066404041,2.3236196338557877,1.896508428734389,1.0355266811473032,0.9820151895380512,Three-step-ipw,0.2,0.2,0.2,0.2,0.3,0.3,0.3,0.3,3411,1.0,1.0,1.0,1.0,1.0
17,0.8648517897415717,0.8809442432964255,0.4312127196394368,1.2458913097107072,1.1718545934549771,Three-step-ipw,0.2,0.2,0.2,0.2,0.3,0.3,0.3,0.3,3411,1.0,1.0,1.0,1.0,1.0
18,1.6840713219473016,1.0685737039424397,0.8795290343304114,1.263433270788111,0.9945174310098761,Three-step-ipw,0.2,0.2,0.2,0.2,0.3,0.3,0.3,0.3,3411,1.0,1.0,1.0,1.0,1.0
19,0.4717355409792132,1.4942271210307307,1.351586979869085,1.1637305366311559,0.9140690127539279,Three-step-ipw,0.2,0.2,0.2,0.2,0.3,0.3,0.3,0.3,3411,1.0,1.0,1.0,1.0,1.0
20,0.26015894113430144,0.1354432669330833,1.1887165883387172,0.7511626823498637,0.9193830935602287,Three-step-ipw,0.2,0.2,0.2,0.2,0.3,0.3,0.3,0.3,3411,1.0,1.0,1.0,1.0,1.0
21,0.9652342388686425,0.4084328743852733,0.7794055334789547,0.7908188280194447,1.191598279323444,Three-step-ipw,0.2,0.2,0.2,0.2,0.3,0.3,0.3,0.3,3411,1.0,1.0,1.0,1.0,1.0
22,1.9244009534956725,1.8494434047962252,1.4983018786011717,1.042367815127941,1.0476753809336536,Three-step-ipw,0.2,0.2,0.2,0.2,0.3,0.3,0.3,0.3,3411,1.0,1.0,1.0,1.0,1.0
23,0.5237021325511083,1.9414044999469509,0.16345944772476947,0.9917909787430434,1.043465869474332,Three-step-ipw,0.2,0.2,0.2,0.2,0.3,0.3,0.3,0.3,3411,1.0,1.0,1.0,1.0,1.0
24,-0.02242536782195465,-1.2379416793696068,0.05295325597888247,0.4422596259791061,0.9275819912245769,Three-step-ipw,0.2,0.2,0.2,0.2,0.3,0.3,0.3,0.3,3411,1.0,1.0,1.0,1.0,1.0
25,0.1705842391914043,0.19943614030445747,1.0209858916395504,0.9450799380708319,0.9557351860612563,Three-step-ipw,0.2,0.2,0.2,0.2,0.3,0.3,0.3,0.3,3411,1.0,1.0,1.0,1.0,1.0
26,0.022221707323615288,0.2656874056192981,0.6551002917726743,1.0784509590943436,0.9920663897454619,Three-step-ipw,0.2,0.2,0.2,0.2,0.3,0.3,0.3,0.3,3411,1.0,1.0,1.0,1.0,1.0
27,1.5569582754859168,0.976811356133306,0.830751735883077,1.2655894368348621,1.0718886216898942,Three-step-ipw,0.2,0.2,0.2,0.2,0.3,0.3,0.3,0.3,3411,1.0,1.0,1.0,1.0,1.0
28,0.6191443357955367,0.4314930842775413,1.8212455189492953,1.2337743712451927,1.0709315381858548,Three-step-ipw,0.2,0.2,0.2,0.2,0.3,0.3,0.3,0.3,3411,1.0,1.0,1.0,1.0,1.0
29,1.3345617682278643,1.0414936435097302,0.5890240612265373,1.2391014640371578,1.0871101070072817,Three-step-ipw,0.2,0.2,0.2,0.2,0.3,0.3,0.3,0.3,3411,1.0,1.0,1.0,1.0,1.0
30,1.1434469576729624,1.5824244826333387,1.147989704799989,1.1038196336167856,0.8325127559362128,Three-step-ipw,0.2,0.2,0.2,0.2,0.3,0.3,0.3,0.3,3411,1.0,1.0,1.0,1.0,1.0
31,1.7608742207589714,2.5060662304722596,1.1013515395431748,1.2268016481480224,0.8894298215398038,Three-step-ipw,0.2,0.2,0.2,0.2,0.3,0.3,0.3,0.3,3411,1.0,1.0,1.0,1.0,1.0
32,1.339455706542645,1.7768698831813494,1.6015750806846625,0.9641569986869758,1.0789457174227326,Three-step-ipw,0.2,0.2,0.2,0.2,0.3,0.3,0.3,0.3,3411,1.0,1.0,1.0,1.0,1.0
33,0.3515970672949909,1.4151503741637539,0.8097504533867644,0.914153906745398,1.1812436076157573,Three-step-ipw,0.2,0.2,0.2,0.2,0.3,0.3,0.3,0.3,3411,1.0,1.0,1.0,1.0,1.0
34,1.267352263728999,0.3478736431520312,1.169435996034834,0.9223645575373945,1.0209198887236817,Three-step-ipw,0.2,0.2,0.2,0.2,0.3,0.3,0.3,0.3,3411,1.0,1.0,1.0,1.0,1.0
35,0.4557678727464854,-0.31708908770300503,0.8591258978610541,0.9198354145336299,0.934710701878086,Three-step-ipw,0.2,0.2,0.2,0.2,0.3,0.3,0.3,0.3,3411,1.0,1.0,1.0,1.0,1.0
36,1.0494709122346326,1.2753309369147916,1.0558530351898379,1.0908699349907887,0.9504423507845822,Three-step-ipw,0.2,0.2,0.2,0.2,0.3,0.3,0.3,0.3,3411,1.0,1.0,1.0,1.0,1.0
37,1.1817757161692486,2.015294922861505,1.6728815334439535,0.9885344127235244,1.0835405515426262,Three-step-ipw,0.2,0.2,0.2,0.2,0.3,0.3,0.3,0.3,3411,1.0,1.0,1.0,1.0,1.0
38,0.5548389194896021,-0.09605450532251095,0.6234097699550969,1.105269970605724,1.138986883125981,Three-step-ipw,0.2,0.2,0.2,0.2,0.3,0.3,0.3,0.3,3411,1.0,1.0,1.0,1.0,1.0
39,1.5542450198951723,2.019505027053572,1.2836666867205373,1.0769837421963895,1.086270536015895,Three-step-ipw,0.2,0.2,0.2,0.2,0.3,0.3,0.3,0.3,3411,1.0,1.0,1.0,1.0,1.0
40,0.4694818477588466,0.7882487661287765,1.2346851307455735,0.6992346778046511,1.1243515808483207,Three-step-ipw,0.2,0.2,0.2,0.2,0.3,0.3,0.3,0.3,3411,1.0,1.0,1.0,1.0,1.0
41,0.28198800903117077,1.570785295305516,0.2811518518202321,0.9232159187850216,1.0957789551285633,Three-step-ipw,0.2,0.2,0.2,0.2,0.3,0.3,0.3,0.3,3411,1.0,1.0,1.0,1.0,1.0
42,0.8577516421597005,0.47374066265498815,1.0382423886693892,1.1174870648632913,0.9014788881242684,Three-step-ipw,0.2,0.2,0.2,0.2,0.3,0.3,0.3,0.3,3411,1.0,1.0,1.0,1.0,1.0
43,1.224628479530548,1.2598897209566,1.5517380261133726,1.0082139114985844,0.8397878388990371,Three-step-ipw,0.2,0.2,0.2,0.2,0.3,0.3,0.3,0.3,3411,1.0,1.0,1.0,1.0,1.0
44,-0.06900692082662775,0.6501788231196415,1.48784152507723,0.7518388124463561,1.0601592089787517,Three-step-ipw,0.2,0.2,0.2,0.2,0.3,0.3,0.3,0.3,3411,1.0,1.0,1.0,1.0,1.0
45,0.6499665996995322,2.0283083479721817,1.0016784409508641,1.109943335815197,1.044176630804427,Three-step-ipw,0.2,0.2,0.2,0.2,0.3,0.3,0.3,0.3,3411,1.0,1.0,1.0,1.0,1.0
46,0.6313347070028587,0.2749838433926207,0.9933891130060271,1.1479771019797036,1.0712619007020905,Three-step-ipw,0.2,0.2,0.2,0.2,0.3,0.3,0.3,0.3,3411,1.0,1.0,1.0,1.0,1.0
47,0.9647307209109622,1.0659812908411135,1.390312514720487,1.1649746468950815,0.9013608718882162,Three-step-ipw,0.2,0.2,0.2,0.2,0.3,0.3,0.3,0.3,3411,1.0,1.0,1.0,1.0,1.0
48,1.2958392937951881,1.7797785243878819,0.9879340023657738,0.7870178514849282,1.1612247774951674,Three-step-ipw,0.2,0.2,0.2,0.2,0.3,0.3,0.3,0.3,3411,1.0,1.0,1.0,1.0,1.0
49,1.0859812000153677,0.6257625748079302,0.6644011137705784,0.8675660817763404,1.1716039773916767,Three-step-ipw,0.2,0.2,0.2,0.2,0.3,0.3,0.3,0.3,3411,1.0,1.0,1.0,1.0,1.0
50,0.3105600685796204,-0.046801372450893164,0.8372999194527503,1.167345286025555,0.6894901895058173,Three-step-ipw,0.2,0.2,0.2,0.2,0.3,0.3,0.3,0.3,3411,1.0,1.0,1.0,1.0,1.0
51,1.4447001531170527,1.4643885292305534,0.9178401981682989,1.0432688493261073,1.047282906138987,Three-step-ipw,0.2,0.2,0.2,0.2,0.3,0.3,0.3,0.3,3411,1.0,1.0,1.0,1.0,1.0
52,2.032688067259533,1.8063795016907631,0.7188983408904437,0.8848231336906035,1.0692444770211966,Three-step-ipw,0.2,0.2,0.2,0.2,0.3,0.3,0.3,0.3,3411,1.0,1.0,1.0,1.0,1.0
53,1.645786317959914,0.741715272193737,0.20906862588881311,0.8996242870756365,1.0627742378184657,Three-step-ipw,0.2,0.2,0.2,0.2,0.3,0.3,0.3,0.3,3411,1.0,1.0,1.0,1.0,1.0
54,1.0831415489035474,2.7918656075665944,0.8099935704431728,1.1478962613482164,1.0943641827831603,Three-step-ipw,0.2,0.2,0.2,0.2,0.3,0.3,0.3,0.3,3411,1.0,1.0,1.0,1.0,1.0
55,1.9322079876932206,1.9994378841745064,0.8892785052487177,0.9326711877758067,1.0738824609128026,Three-step-ipw,0.2,0.2,0.2,0.2,0.3,0.3,0.3,0.3,3411,1.0,1.0,1.0,1.0,1.0
56,0.7247192522862858,-0.10713297585677097,1.1838727648552605,0.9792345744386912,0.9775141369105694,Three-step-ipw,0.2,0.2,0.2,0.2,0.3,0.3,0.3,0.3,3411,1.0,1.0,1.0,1.0,1.0
57,0.45952351178147843,0.9489353625490772,0.7753677796837337,0.43531557136936366,0.9610993964532109,Three-step-ipw,0.2,0.2,0.2,0.2,0.3,0.3,0.3,0.3,3411,1.0,1.0,1.0,1.0,1.0
58,0.29712708827979767,0.5607305347721266,1.6112528483017132,1.2119373439603518,1.0664029957846552,Three-step-ipw,0.2,0.2,0.2,0.2,0.3,0.3,0.3,0.3,3411,1.0,1.0,1.0,1.0,1.0
59,1.6711875670776317,0.8908439391251255,0.9610537102841602,1.1000587974890044,0.9847682004727594,Three-step-ipw,0.2,0.2,0.2,0.2,0.3,0.3,0.3,0.3,3411,1.0,1.0,1.0,1.0,1.0
60,0.6331154157806714,0.7385904252862434,0.5805388054344257,1.0774596727530994,1.0005537536593685,Three-step-ipw,0.2,0.2,0.2,0.2,0.3,0.3,0.3,0.3,3411,1.0,1.0,1.0,1.0,1.0
61,0.9954774459330512,0.8401372053480207,1.1648584392039583,0.9958416968347212,1.017370477119389,Three-step-ipw,0.2,0.2,0.2,0.2,0.3,0.3,0.3,0.3,3411,1.0,1.0,1.0,1.0,1.0
62,1.3578438683869278,2.8895330884511803,0.7625270298098691,1.301597015934614,0.9092452669057488,Three-step-ipw,0.2,0.2,0.2,0.2,0.3,0.3,0.3,0.3,3411,1.0,1.0,1.0,1.0,1.0
63,1.1888456625548445,0.1787641647675813,1.3758946083774157,1.1262383171779389,0.9950912344328257,Three-step-ipw,0.2,0.2,0.2,0.2,0.3,0.3,0.3,0.3,3411,1.0,1.0,1.0,1.0,1.0
64,0.7928573150666747,0.8763561333262321,1.4656763456740687,0.9363089107792129,0.9429602228654057,Three-step-ipw,0.2,0.2,0.2,0.2,0.3,0.3,0.3,0.3,3411,1.0,1.0,1.0,1.0,1.0
65,1.488224256960195,1.794284406735119,1.5156476875244336,1.204326568541852,1.0150142662769734,Three-step-ipw,0.2,0.2,0.2,0.2,0.3,0.3,0.3,0.3,3411,1.0,1.0,1.0,1.0,1.0
66,1.3767327820279978,1.6788965891288532,0.9579532712891139,0.8545032479722457,1.0263193127154477,Three-step-ipw,0.2,0.2,0.2,0.2,0.3,0.3,0.3,0.3,3411,1.0,1.0,1.0,1.0,1.0
67,0.8100035621954397,0.746654283821254,0.5841740417774927,0.855626972624124,1.1109645503393903,Three-step-ipw,0.2,0.2,0.2,0.2,0.3,0.3,0.3,0.3,3411,1.0,1.0,1.0,1.0,1.0
68,1.3630449859587732,1.374844413805751,1.0046155435441424,1.0483614231693732,1.1437144155434813,Three-step-ipw,0.2,0.2,0.2,0.2,0.3,0.3,0.3,0.3,3411,1.0,1.0,1.0,1.0,1.0
69,1.2614803323981072,2.525856455875102,0.9475793850794909,0.8700750165884712,1.1494733553614371,Three-step-ipw,0.2,0.2,0.2,0.2,0.3,0.3,0.3,0.3,3411,1.0,1.0,1.0,1.0,1.0
70,0.4299726617697911,0.6592892829130551,1.3041518973321637,1.0205381772025326,0.9827211469290806,Three-step-ipw,0.2,0.2,0.2,0.2,0.3,0.3,0.3,0.3,3411,1.0,1.0,1.0,1.0,1.0
71,0.9229785739776064,1.4875465878789793,0.9252954557132836,1.2853838740906225,1.2268623541767794,Three-step-ipw,0.2,0.2,0.2,0.2,0.3,0.3,0.3,0.3,3411,1.0,1.0,1.0,1.0,1.0
72,0.37090148329220984,0.20200150743841713,1.2418652782960995,0.8547056898335849,1.0801123372261356,Three-step-ipw,0.2,0.2,0.2,0.2,0.3,0.3,0.3,0.3,3411,1.0,1.0,1.0,1.0,1.0
73,1.7757341866436893,3.6518510349402784,1.7631302851146968,0.9632676599024455,1.0433766155299427,Three-step-ipw,0.2,0.2,0.2,0.2,0.3,0.3,0.3,0.3,3411,1.0,1.0,1.0,1.0,1.0
74,0.3825358392312285,-0.6620678462762924,0.8790480745139291,1.324351894962735,0.9148635548755083,Three-step-ipw,0.2,0.2,0.2,0.2,0.3,0.3,0.3,0.3,3411,1.0,1.0,1.0,1.0,1.0
75,1.0886290528224434,1.1416419231452142,0.28946716535827494,0.8522912250038183,0.9045482605400901,Three-step-ipw,0.2,0.2,0.2,0.2,0.3,0.3,0.3,0.3,3411,1.0,1.0,1.0,1.0,1.0
76,0.414116279964209,0.9902667859910464,1.712105997742172,0.9050322942507573,0.922931202181655,Three-step-ipw,0.2,0.2,0.2,0.2,0.3,0.3,0.3,0.3,3411,1.0,1.0,1.0,1.0,1.0
77,1.3844259717514402,0.6940743995991124,1.8216680459023344,1.3994198780508218,1.0457095055793584,Three-step-ipw,0.2,0.2,0.2,0.2,0.3,0.3,0.3,0.3,3411,1.0,1.0,1.0,1.0,1.0
78,-0.028036439376110885,0.3101585258714953,0.6621824608324649,0.990113471970911,1.1790878907282476,Three-step-ipw,0.2,0.2,0.2,0.2,0.3,0.3,0.3,0.3,3411,1.0,1.0,1.0,1.0,1.0
79,1.2777222854105927,0.26724924757300106,1.0439368042962658,0.5804803104443961,0.9356258986030122,Three-step-ipw,0.2,0.2,0.2,0.2,0.3,0.3,0.3,0.3,3411,1.0,1.0,1.0,1.0,1.0
80,1.1113340772867422,0.9412862179105896,1.0310712662144745,1.1280000210837313,1.067354994396545,Three-step-ipw,0.2,0.2,0.2,0.2,0.3,0.3,0.3,0.3,3411,1.0,1.0,1.0,1.0,1.0
81,2.191144092031649,1.4975166315778494,0.7762372048309201,0.7350415787321928,1.1453919911957087,Three-step-ipw,0.2,0.2,0.2,0.2,0.3,0.3,0.3,0.3,3411,1.0,1.0,1.0,1.0,1.0
82,0.847035951493052,0.9208071577238902,0.8204957335193905,0.718633173744436,0.97526401516534,Three-step-ipw,0.2,0.2,0.2,0.2,0.3,0.3,0.3,0.3,3411,1.0,1.0,1.0,1.0,1.0
83,0.6445737291403966,0.4174715915613788,1.1596672381954474,0.9411772982150618,0.8773343598813274,Three-step-ipw,0.2,0.2,0.2,0.2,0.3,0.3,0.3,0.3,3411,1.0,1.0,1.0,1.0,1.0
84,0.8272189069567353,0.8656717850976671,0.9865754813236943,0.7502612258139136,0.8419056369049723,Three-step-ipw,0.2,0.2,0.2,0.2,0.3,0.3,0.3,0.3,3411,1.0,1.0,1.0,1.0,1.0
85,0.9412943843123249,0.8566928655770232,1.1793960150951959,1.2044117974575366,1.0852722664893246,Three-step-ipw,0.2,0.2,0.2,0.2,0.3,0.3,0.3,0.3,3411,1.0,1.0,1.0,1.0,1.0
86,1.1080073774364192,0.6209120687971581,0.852444054209557,0.9124073016138227,1.0462509655620877,Three-step-ipw,0.2,0.2,0.2,0.2,0.3,0.3,0.3,0.3,3411,1.0,1.0,1.0,1.0,1.0
87,0.9125764450664231,0.3550546007473378,0.9884212139867965,0.8904599903331558,0.9009069585779858,Three-step-ipw,0.2,0.2,0.2,0.2,0.3,0.3,0.3,0.3,3411,1.0,1.0,1.0,1.0,1.0
88,0.5316043205596709,1.0131521764155909,1.0942736502525687,1.1054228916444513,1.131659864995163,Three-step-ipw,0.2,0.2,0.2,0.2,0.3,0.3,0.3,0.3,3411,1.0,1.0,1.0,1.0,1.0
89,0.6262848535463333,0.5794098747220601,0.8649604917464627,0.5786348925600626,1.0281199024669818,Three-step-ipw,0.2,0.2,0.2,0.2,0.3,0.3,0.3,0.3,3411,1.0,1.0,1.0,1.0,1.0
90,0.4245299709118896,0.8492915701236454,0.5696420726876794,0.5261646997346956,1.0038134854827399,Three-step-ipw,0.2,0.2,0.2,0.2,0.3,0.3,0.3,0.3,3411,1.0,1.0,1.0,1.0,1.0
91,0.2918413141429878,1.210354541854297,0.9542095393468242,0.9089507213380892,1.1294103065087893,Three-step-ipw,0.2,0.2,0.2,0.2,0.3,0.3,0.3,0.3,3411,1.0,1.0,1.0,1.0,1.0
92,1.5911296329710494,0.15421284934468596,1.2943092970601346,1.0279168137535535,0.8834680154221414,Three-step-ipw,0.2,0.2,0.2,0.2,0.3,0.3,0.3,0.3,3411,1.0,1.0,1.0,1.0,1.0
93,0.41035051545814905,1.0615259866562616,0.9658811491354953,0.7198313925123118,1.011428513179338,Three-step-ipw,0.2,0.2,0.2,0.2,0.3,0.3,0.3,0.3,3411,1.0,1.0,1.0,1.0,1.0
94,0.819788715098192,0.6065252232145818,0.8718735017794086,0.6919303562445874,1.047985679114567,Three-step-ipw,0.2,0.2,0.2,0.2,0.3,0.3,0.3,0.3,3411,1.0,1.0,1.0,1.0,1.0
95,1.4480555206581474,2.004690883227214,0.8654553953394899,0.7769387912187014,1.0925144086586782,Three-step-ipw,0.2,0.2,0.2,0.2,0.3,0.3,0.3,0.3,3411,1.0,1.0,1.0,1.0,1.0
96,0.684334791776355,0.7187212277083304,0.8250612395379412,0.9260781481801968,0.8619839391442522,Three-step-ipw,0.2,0.2,0.2,0.2,0.3,0.3,0.3,0.3,3411,1.0,1.0,1.0,1.0,1.0
97,0.7322463469107172,0.5720588472308418,0.6663598795882921,1.2975653880150875,1.1230847225029443,Three-step-ipw,0.2,0.2,0.2,0.2,0.3,0.3,0.3,0.3,3411,1.0,1.0,1.0,1.0,1.0
98,1.1626867887394403,1.2182066327192376,1.0358858842317349,1.1148038247919516,0.9477434669758742,Three-step-ipw,0.2,0.2,0.2,0.2,0.3,0.3,0.3,0.3,3411,1.0,1.0,1.0,1.0,1.0
99,0.1968263258185176,1.186548360530376,0.9522246654409018,0.7631189300682316,0.9420659686951443,Three-step-ipw,0.2,0.2,0.2,0.2,0.3,0.3,0.3,0.3,3411,1.0,1.0,1.0,1.0,1.0
100,0.639265660078857,1.1155070248930334,0.3590139117709965,0.7625820227200033,1.162158562708408,Three-step-ipw,0.2,0.2,0.2,0.2,0.3,0.3,0.3,0.3,3411,1.0,1.0,1.0,1.0,1.0
101,1.2344523516651127,1.070692538683791,1.2451222958848192,1.213272757716115,1.1209972443278309,Three-step-ipw,0.2,0.2,0.2,0.2,0.3,0.3,0.3,0.3,3411,1.0,1.0,1.0,1.0,1.0
102,0.7767730875206941,0.9840135457889079,1.382909957563759,0.8160762608315189,0.9846080066118318,Three-step-ipw,0.2,0.2,0.2,0.2,0.3,0.3,0.3,0.3,3411,1.0,1.0,1.0,1.0,1.0
103,0.38226722828077875,0.46305801009623404,1.0720666835762431,0.9869260844291147,1.031164212402199,Three-step-ipw,0.2,0.2,0.2,0.2,0.3,0.3,0.3,0.3,3411,1.0,1.0,1.0,1.0,1.0
104,1.6384345793491095,2.365780043751166,1.5878425625489128,1.1631755898733034,1.09651487699939,Three-step-ipw,0.2,0.2,0.2,0.2,0.3,0.3,0.3,0.3,3411,1.0,1.0,1.0,1.0,1.0
105,0.8365748049818611,1.7587159925522153,0.8296793707626855,0.9979550508718326,0.8862944036377052,Three-step-ipw,0.2,0.2,0.2,0.2,0.3,0.3,0.3,0.3,3411,1.0,1.0,1.0,1.0,1.0
106,0.35527243652952406,0.4974127385494324,1.3445454401393024,0.9367727721204978,1.105081440550178,Three-step-ipw,0.2,0.2,0.2,0.2,0.3,0.3,0.3,0.3,3411,1.0,1.0,1.0,1.0,1.0
107,0.23804785873496526,0.625693810147805,0.7721265240051517,1.206832626332096,1.2522031900548616,Three-step-ipw,0.2,0.2,0.2,0.2,0.3,0.3,0.3,0.3,3411,1.0,1.0,1.0,1.0,1.0
108,1.2995042425776329,1.3524044395408477,0.7988603775069062,1.1359626315779328,1.1712321907432917,Three-step-ipw,0.2,0.2,0.2,0.2,0.3,0.3,0.3,0.3,3411,1.0,1.0,1.0,1.0,1.0
109,1.2645007718999786,1.9882119269616643,0.9469368101090161,0.9578761927684482,1.1375305192042524,Three-step-ipw,0.2,0.2,0.2,0.2,0.3,0.3,0.3,0.3,3411,1.0,1.0,1.0,1.0,1.0
110,0.8451446677889841,2.226549776983092,0.7039738437030179,1.3344692819367363,1.0334241387706982,Three-step-ipw,0.2,0.2,0.2,0.2,0.3,0.3,0.3,0.3,3411,1.0,1.0,1.0,1.0,1.0
111,0.9919896226159046,1.7082148699513025,0.8585032675899842,1.1686520219869907,1.0838382239529525,Three-step-ipw,0.2,0.2,0.2,0.2,0.3,0.3,0.3,0.3,3411,1.0,1.0,1.0,1.0,1.0
112,0.2862410682702665,0.400110568459193,0.11083672640786409,0.7719720307867997,0.8850116213810908,Three-step-ipw,0.2,0.2,0.2,0.2,0.3,0.3,0.3,0.3,3411,1.0,1.0,1.0,1.0,1.0
113,0.3658827948267836,0.8942951857962417,0.3487764394557787,1.2469802300580275,1.1382234151475796,Three-step-ipw,0.2,0.2,0.2,0.2,0.3,0.3,0.3,0.3,3411,1.0,1.0,1.0,1.0,1.0
114,0.5696031031164627,1.7034836712190797,0.5012137370423793,1.0539324367971818,1.1184976044503778,Three-step-ipw,0.2,0.2,0.2,0.2,0.3,0.3,0.3,0.3,3411,1.0,1.0,1.0,1.0,1.0
115,0.7446418309767123,1.1463612822509397,1.1161903082856592,1.0968179808001677,0.9660387483937429,Three-step-ipw,0.2,0.2,0.2,0.2,0.3,0.3,0.3,0.3,3411,1.0,1.0,1.0,1.0,1.0
116,0.7583380207689723,0.3719028291585147,1.473505811375048,1.2253432574955367,1.2268731434169349,Three-step-ipw,0.2,0.2,0.2,0.2,0.3,0.3,0.3,0.3,3411,1.0,1.0,1.0,1.0,1.0
117,2.0135194088415864,2.01728019351597,1.161513948255413,0.9276629285120102,0.9657922608897128,Three-step-ipw,0.2,0.2,0.2,0.2,0.3,0.3,0.3,0.3,3411,1.0,1.0,1.0,1.0,1.0
118,1.3788239716193282,1.4313907812643993,0.40475349734692856,0.8836110066922861,1.0159054441809319,Three-step-ipw,0.2,0.2,0.2,0.2,0.3,0.3,0.3,0.3,3411,1.0,1.0,1.0,1.0,1.0
119,1.7333342462837806,1.407073493303278,1.1297871906216552,1.0442275699521453,0.9155705398663104,Three-step-ipw,0.2,0.2,0.2,0.2,0.3,0.3,0.3,0.3,3411,1.0,1.0,1.0,1.0,1.0
120,0.9473047627220997,1.0874182437231745,1.296434137228692,1.4889947950619224,1.1759869834631111,Three-step-ipw,0.2,0.2,0.2,0.2,0.3,0.3,0.3,0.3,3411,1.0,1.0,1.0,1.0,1.0
121,1.627966221173484,0.6705366802095806,0.723199064156993,0.9415312486381427,1.028669846012018,Three-step-ipw,0.2,0.2,0.2,0.2,0.3,0.3,0.3,0.3,3411,1.0,1.0,1.0,1.0,1.0
122,1.5741772377399894,1.0208736495050115,1.432432587515262,1.4028699522567631,0.9635867393011098,Three-step-ipw,0.2,0.2,0.2,0.2,0.3,0.3,0.3,0.3,3411,1.0,1.0,1.0,1.0,1.0
123,0.4278962083880118,0.09100229802412332,0.8739630021641802,0.7899551050972655,0.75269331298062,Three-step-ipw,0.2,0.2,0.2,0.2,0.3,0.3,0.3,0.3,3411,1.0,1.0,1.0,1.0,1.0
124,1.351596867640601,1.1444360809901293,1.0933954156784653,1.442976363776232,1.17085514764318,Three-step-ipw,0.2,0.2,0.2,0.2,0.3,0.3,0.3,0.3,3411,1.0,1.0,1.0,1.0,1.0
125,1.1186209850171163,1.035100447037992,0.6539147309410341,0.8503447735602717,0.9755135717379348,Three-step-ipw,0.2,0.2,0.2,0.2,0.3,0.3,0.3,0.3,3411,1.0,1.0,1.0,1.0,1.0
126,1.1719614306578086,0.9448766815644545,1.0108692532045422,1.076860703610358,1.028198331826481,Three-step-ipw,0.2,0.2,0.2,0.2,0.3,0.3,0.3,0.3,3411,1.0,1.0,1.0,1.0,1.0
127,1.229810213408972,0.9493693595567566,1.2301098365589722,1.1432110606729586,1.2095774538238482,Three-step-ipw,0.2,0.2,0.2,0.2,0.3,0.3,0.3,0.3,3411,1.0,1.0,1.0,1.0,1.0
128,0.1793741852553333,1.9275570977024976,0.9623175970263097,1.0654055687706452,0.8182404228205649,Three-step-ipw,0.2,0.2,0.2,0.2,0.3,0.3,0.3,0.3,3411,1.0,1.0,1.0,1.0,1.0
129,1.2709473222190997,0.2986405300515587,1.0893612641676298,1.1228533900815185,0.8315451469872934,Three-step-ipw,0.2,0.2,0.2,0.2,0.3,0.3,0.3,0.3,3411,1.0,1.0,1.0,1.0,1.0
130,1.6166632189916144,0.8612989526082755,0.9488870280275428,0.8738868756070513,0.8946940710829744,Three-step-ipw,0.2,0.2,0.2,0.2,0.3,0.3,0.3,0.3,3411,1.0,1.0,1.0,1.0,1.0
131,1.2457094185535946,0.7170398368254025,0.2652106776473173,1.1721794695858572,0.9170200383674904,Three-step-ipw,0.2,0.2,0.2,0.2,0.3,0.3,0.3,0.3,3411,1.0,1.0,1.0,1.0,1.0
132,0.2061553099880378,0.13051453375563388,1.1296956009431078,0.9805786726785811,0.9835056185664829,Three-step-ipw,0.2,0.2,0.2,0.2,0.3,0.3,0.3,0.3,3411,1.0,1.0,1.0,1.0,1.0
133,1.8539430375997232,1.1294572654515094,0.7888974396124804,0.6606186088302775,1.0127004947764928,Three-step-ipw,0.2,0.2,0.2,0.2,0.3,0.3,0.3,0.3,3411,1.0,1.0,1.0,1.0,1.0
134,-0.5983361711060244,0.21444954240391523,0.7558292735728678,1.0135535185265123,0.9704931955858788,Three-step-ipw,0.2,0.2,0.2,0.2,0.3,0.3,0.3,0.3,3411,1.0,1.0,1.0,1.0,1.0
135,1.1896988691801542,0.5640472365715358,1.110543121269253,0.7956712254003757,1.020464007421441,Three-step-ipw,0.2,0.2,0.2,0.2,0.3,0.3,0.3,0.3,3411,1.0,1.0,1.0,1.0,1.0
136,0.9860058845740513,1.7093100737539517,1.067626455606669,1.0090634255900437,1.1861309010925787,Three-step-ipw,0.2,0.2,0.2,0.2,0.3,0.3,0.3,0.3,3411,1.0,1.0,1.0,1.0,1.0
137,0.5502226996199966,0.1289944794500015,0.09755591974448961,0.8416315588146555,0.709040084542497,Three-step-ipw,0.2,0.2,0.2,0.2,0.3,0.3,0.3,0.3,3411,1.0,1.0,1.0,1.0,1.0
138,0.8197334648935887,1.8273655501717236,2.2348447757954837,0.5500358267707941,1.0714012653624059,Three-step-ipw,0.2,0.2,0.2,0.2,0.3,0.3,0.3,0.3,3411,1.0,1.0,1.0,1.0,1.0
139,1.0882499231028657,0.7162849854677656,1.5851067809544825,1.1626923693339581,1.1095211166060865,Three-step-ipw,0.2,0.2,0.2,0.2,0.3,0.3,0.3,0.3,3411,1.0,1.0,1.0,1.0,1.0
140,0.32735912583161936,1.335172703010873,1.0070659713720163,0.9553488804384248,1.0509690823609719,Three-step-ipw,0.2,0.2,0.2,0.2,0.3,0.3,0.3,0.3,3411,1.0,1.0,1.0,1.0,1.0
141,0.5254714842262305,0.6260423740924915,0.4963582165798566,0.7737406121707656,1.0734478463662285,Three-step-ipw,0.2,0.2,0.2,0.2,0.3,0.3,0.3,0.3,3411,1.0,1.0,1.0,1.0,1.0
142,2.652792907177527,1.943090955107535,1.8174169092994836,1.0697809684837318,1.0128013886822733,Three-step-ipw,0.2,0.2,0.2,0.2,0.3,0.3,0.3,0.3,3411,1.0,1.0,1.0,1.0,1.0
143,0.8286399588893812,0.7445878465339374,0.747286271144259,1.027182410666229,1.1199112941508906,Three-step-ipw,0.2,0.2,0.2,0.2,0.3,0.3,0.3,0.3,3411,1.0,1.0,1.0,1.0,1.0
144,1.4927057735324483,0.6990020668496082,1.2084435847714596,1.08696751467962,1.0331177133760474,Three-step-ipw,0.2,0.2,0.2,0.2,0.3,0.3,0.3,0.3,3411,1.0,1.0,1.0,1.0,1.0
145,0.326680395596662,0.25694636811280136,0.48342212816266605,1.0049476998763995,0.8201689949629903,Three-step-ipw,0.2,0.2,0.2,0.2,0.3,0.3,0.3,0.3,3411,1.0,1.0,1.0,1.0,1.0
146,1.4540022836236701,0.4736323546520488,1.3553471129185024,0.8809838365206559,1.0210027330764841,Three-step-ipw,0.2,0.2,0.2,0.2,0.3,0.3,0.3,0.3,3411,1.0,1.0,1.0,1.0,1.0
147,2.558534578513239,1.291624449755978,0.9737470242980305,0.880172494655357,0.9228759573213313,Three-step-ipw,0.2,0.2,0.2,0.2,0.3,0.3,0.3,0.3,3411,1.0,1.0,1.0,1.0,1.0
148,1.359035584810708,1.9866511281306138,0.8516436017375646,0.8806414217909199,1.0595641931826254,Three-step-ipw,0.2,0.2,0.2,0.2,0.3,0.3,0.3,0.3,3411,1.0,1.0,1.0,1.0,1.0
149,0.9740884432042223,1.0157001942602226,0.4926008545693672,0.7370181533844463,0.9637577828691338,Three-step-ipw,0.2,0.2,0.2,0.2,0.3,0.3,0.3,0.3,3411,1.0,1.0,1.0,1.0,1.0
150,0.6457117684814826,1.10589795860345,0.25310989583546223,0.8625047587024793,0.9077429507905267,Three-step-ipw,0.2,0.2,0.2,0.2,0.3,0.3,0.3,0.3,3411,1.0,1.0,1.0,1.0,1.0
151,0.7385185519644853,0.5196842732903348,0.29203902834634776,0.8407523983005563,0.8801829720563952,Three-step-ipw,0.2,0.2,0.2,0.2,0.3,0.3,0.3,0.3,3411,1.0,1.0,1.0,1.0,1.0
152,1.9683690739600683,6.127894645356268,1.2003235238558205,0.9780765765696464,0.8753732872587692,Three-step-ipw,0.2,0.2,0.2,0.2,0.3,0.3,0.3,0.3,3411,1.0,1.0,1.0,1.0,1.0
153,1.2590959904129098,2.1727310853902866,1.0490422258959666,1.1964025063644046,0.9042391629998572,Three-step-ipw,0.2,0.2,0.2,0.2,0.3,0.3,0.3,0.3,3411,1.0,1.0,1.0,1.0,1.0
154,0.6051502040421686,0.3662773135638664,1.6724594021870358,1.0385391075017671,1.1236274593942954,Three-step-ipw,0.2,0.2,0.2,0.2,0.3,0.3,0.3,0.3,3411,1.0,1.0,1.0,1.0,1.0
155,0.9614916883855037,0.7121031873879005,1.0491258326911381,0.9292105751855111,0.818219332077892,Three-step-ipw,0.2,0.2,0.2,0.2,0.3,0.3,0.3,0.3,3411,1.0,1.0,1.0,1.0,1.0
156,0.3868526856382251,0.03201254597577098,0.9503971262936491,0.964412028094855,1.0865607360540313,Three-step-ipw,0.2,0.2,0.2,0.2,0.3,0.3,0.3,0.3,3411,1.0,1.0,1.0,1.0,1.0
157,0.7833689157125237,1.1660214688456694,0.6554768679845221,1.1781749315020742,0.9803135196657652,Three-step-ipw,0.2,0.2,0.2,0.2,0.3,0.3,0.3,0.3,3411,1.0,1.0,1.0,1.0,1.0
158,2.1335597909860784,1.3571826282806965,1.306834051152335,1.1255634252138182,0.9209938673917262,Three-step-ipw,0.2,0.2,0.2,0.2,0.3,0.3,0.3,0.3,3411,1.0,1.0,1.0,1.0,1.0
159,0.24638907164705184,0.3531153913506626,0.5412260849252457,0.9075939271680576,1.0938952225823961,Three-step-ipw,0.2,0.2,0.2,0.2,0.3,0.3,0.3,0.3,3411,1.0,1.0,1.0,1.0,1.0
160,0.9192465020770868,0.8854799437663197,0.8385853731051197,1.1997546050045844,0.8813485984467251,Three-step-ipw,0.2,0.2,0.2,0.2,0.3,0.3,0.3,0.3,3411,1.0,1.0,1.0,1.0,1.0
161,0.9598823971426762,1.570691690323523,1.6021889318180784,1.0446269485040152,0.9565591528745507,Three-step-ipw,0.2,0.2,0.2,0.2,0.3,0.3,0.3,0.3,3411,1.0,1.0,1.0,1.0,1.0
162,1.5857337021160824,2.2332412393255034,1.2022679490919532,1.5400898389419981,0.9423233090677665,Three-step-ipw,0.2,0.2,0.2,0.2,0.3,0.3,0.3,0.3,3411,1.0,1.0,1.0,1.0,1.0
163,1.3033332524287244,0.7830640077670791,0.8953569408988559,0.950417049133118,1.0035926395113288,Three-step-ipw,0.2,0.2,0.2,0.2,0.3,0.3,0.3,0.3,3411,1.0,1.0,1.0,1.0,1.0
164,1.5931309080648663,1.433904035162536,1.760419907875875,1.072381805809908,1.063381493263631,Three-step-ipw,0.2,0.2,0.2,0.2,0.3,0.3,0.3,0.3,3411,1.0,1.0,1.0,1.0,1.0
165,2.240078441100109,0.715570030225286,1.0028294447576824,0.8842506784955375,0.9866758024698759,Three-step-ipw,0.2,0.2,0.2,0.2,0.3,0.3,0.3,0.3,3411,1.0,1.0,1.0,1.0,1.0
166,1.0831289585085906,0.6703714214800969,1.6773681613793054,1.3194681117814901,1.125992345189452,Three-step-ipw,0.2,0.2,0.2,0.2,0.3,0.3,0.3,0.3,3411,1.0,1.0,1.0,1.0,1.0
167,0.42564293105003975,0.9326112709166977,1.4203916264429517,0.9528387450510813,0.8329273270984029,Three-step-ipw,0.2,0.2,0.2,0.2,0.3,0.3,0.3,0.3,3411,1.0,1.0,1.0,1.0,1.0
168,0.740466630079615,0.6738763859091902,1.4343730614569519,1.1224157001968533,0.8586580307371289,Three-step-ipw,0.2,0.2,0.2,0.2,0.3,0.3,0.3,0.3,3411,1.0,1.0,1.0,1.0,1.0
169,1.1749806576873651,0.8568429354659371,0.4935141277631755,0.9814662552608575,1.0759500110028761,Three-step-ipw,0.2,0.2,0.2,0.2,0.3,0.3,0.3,0.3,3411,1.0,1.0,1.0,1.0,1.0
170,0.7493013251213471,1.0760378306699507,1.2403842435747297,0.8642986918847537,0.9739947648352308,Three-step-ipw,0.2,0.2,0.2,0.2,0.3,0.3,0.3,0.3,3411,1.0,1.0,1.0,1.0,1.0
171,1.0549929805015235,1.994510398468802,1.2359181434009092,1.0790215315838891,1.0409359163699592,Three-step-ipw,0.2,0.2,0.2,0.2,0.3,0.3,0.3,0.3,3411,1.0,1.0,1.0,1.0,1.0
172,0.6879501855776515,0.1271004588912956,0.4973306019022517,0.8041033528480039,0.9357684214822181,Three-step-ipw,0.2,0.2,0.2,0.2,0.3,0.3,0.3,0.3,3411,1.0,1.0,1.0,1.0,1.0
173,0.35589113260361444,1.570276739756494,1.2184540298978555,0.8849999476608204,0.9810833035473201,Three-step-ipw,0.2,0.2,0.2,0.2,0.3,0.3,0.3,0.3,3411,1.0,1.0,1.0,1.0,1.0
174,1.704827316383219,2.9600088782923706,1.385576763376864,0.8582850791103906,1.1564469743952324,Three-step-ipw,0.2,0.2,0.2,0.2,0.3,0.3,0.3,0.3,3411,1.0,1.0,1.0,1.0,1.0
175,0.25910521869543285,1.3328904440175913,1.1176014012179842,0.8576019648361266,1.0742210548277988,Three-step-ipw,0.2,0.2,0.2,0.2,0.3,0.3,0.3,0.3,3411,1.0,1.0,1.0,1.0,1.0
176,1.110352542439227,1.538479324158696,0.6190556721939391,0.6978660423283058,0.956534307816817,Three-step-ipw,0.2,0.2,0.2,0.2,0.3,0.3,0.3,0.3,3411,1.0,1.0,1.0,1.0,1.0
177,0.7559623994202238,0.9757460223051776,0.19441772426161025,1.2719434212886518,1.1198038488882118,Three-step-ipw,0.2,0.2,0.2,0.2,0.3,0.3,0.3,0.3,3411,1.0,1.0,1.0,1.0,1.0
178,0.70812846627601,1.6855180680558732,0.8490598219117352,1.2015937793671885,0.9028688475639215,Three-step-ipw,0.2,0.2,0.2,0.2,0.3,0.3,0.3,0.3,3411,1.0,1.0,1.0,1.0,1.0
179,0.7859139030583744,0.8667060124764313,0.6521681369853828,0.8440638915572557,0.8183607749884292,Three-step-ipw,0.2,0.2,0.2,0.2,0.3,0.3,0.3,0.3,3411,1.0,1.0,1.0,1.0,1.0
180,1.472365014781844,1.4235645916687456,1.2924790263363797,1.2347904346859877,1.0197186122646809,Three-step-ipw,0.2,0.2,0.2,0.2,0.3,0.3,0.3,0.3,3411,1.0,1.0,1.0,1.0,1.0
181,0.28758706054000505,0.3150266058919834,0.7816501578837524,0.768276592392167,1.0666454626186064,Three-step-ipw,0.2,0.2,0.2,0.2,0.3,0.3,0.3,0.3,3411,1.0,1.0,1.0,1.0,1.0
182,1.547888799126346,0.9445984293949772,1.079555071683803,1.444613654654738,0.77867138444249,Three-step-ipw,0.2,0.2,0.2,0.2,0.3,0.3,0.3,0.3,3411,1.0,1.0,1.0,1.0,1.0
183,0.44836093051664033,1.0425383958040444,0.4220553937099218,0.8812361217013386,0.8260641325517928,Three-step-ipw,0.2,0.2,0.2,0.2,0.3,0.3,0.3,0.3,3411,1.0,1.0,1.0,1.0,1.0
184,0.767225283705814,0.5936737450627622,1.3928726508383547,0.8134853324097178,0.9764123643029116,Three-step-ipw,0.2,0.2,0.2,0.2,0.3,0.3,0.3,0.3,3411,1.0,1.0,1.0,1.0,1.0
185,0.9673976287521315,1.6086575919603814,0.9291191155203565,0.7807781519433965,1.001961621603618,Three-step-ipw,0.2,0.2,0.2,0.2,0.3,0.3,0.3,0.3,3411,1.0,1.0,1.0,1.0,1.0
186,0.9498990371491558,0.3741466387824313,1.7114425143269167,1.0686692504566315,0.9718888983719551,Three-step-ipw,0.2,0.2,0.2,0.2,0.3,0.3,0.3,0.3,3411,1.0,1.0,1.0,1.0,1.0
187,1.6436529200831935,2.4879367890924837,1.1224804634589995,1.024796830133178,0.9679318232427965,Three-step-ipw,0.2,0.2,0.2,0.2,0.3,0.3,0.3,0.3,3411,1.0,1.0,1.0,1.0,1.0
188,-0.014930145713562156,0.7153087346255033,1.102002708139538,1.1342147737523338,1.0788034803488382,Three-step-ipw,0.2,0.2,0.2,0.2,0.3,0.3,0.3,0.3,3411,1.0,1.0,1.0,1.0,1.0
189,0.8442431207102818,0.5653681792716649,1.174834131241003,0.44598262765988483,0.9126101636695026,Three-step-ipw,0.2,0.2,0.2,0.2,0.3,0.3,0.3,0.3,3411,1.0,1.0,1.0,1.0,1.0
190,2.306188058491268,1.62753095826878,1.0847590702155394,1.0430945614053135,0.9646564638722069,Three-step-ipw,0.2,0.2,0.2,0.2,0.3,0.3,0.3,0.3,3411,1.0,1.0,1.0,1.0,1.0
191,1.1142151087161765,2.2861143118953566,1.2022940221590135,0.968171298083363,1.0085282238380597,Three-step-ipw,0.2,0.2,0.2,0.2,0.3,0.3,0.3,0.3,3411,1.0,1.0,1.0,1.0,1.0
192,2.3314917499628502,1.8893396201113406,0.7205782453512506,1.3531411014404844,1.111298587370718,Three-step-ipw,0.2,0.2,0.2,0.2,0.3,0.3,0.3,0.3,3411,1.0,1.0,1.0,1.0,1.0
193,1.2360583608518065,0.36859973890835684,1.1520788960667927,0.8546847459541462,1.2026545810033675,Three-step-ipw,0.2,0.2,0.2,0.2,0.3,0.3,0.3,0.3,3411,1.0,1.0,1.0,1.0,1.0
194,0.04294734617784673,1.4071265529339836,1.4765312502634909,0.7208254665058756,0.8795650600300662,Three-step-ipw,0.2,0.2,0.2,0.2,0.3,0.3,0.3,0.3,3411,1.0,1.0,1.0,1.0,1.0
195,1.0192219256217374,0.060417965765313414,0.5740748487962762,1.1516838666826708,1.0911572074168538,Three-step-ipw,0.2,0.2,0.2,0.2,0.3,0.3,0.3,0.3,3411,1.0,1.0,1.0,1.0,1.0
196,0.9083864260526323,2.174307025066065,0.7056490533190427,1.358266578674797,1.0847529104526976,Three-step-ipw,0.2,0.2,0.2,0.2,0.3,0.3,0.3,0.3,3411,1.0,1.0,1.0,1.0,1.0
197,-0.08478750561144834,0.8593688081067808,0.5495933305261083,0.8149476158503758,0.8771458350786786,Three-step-ipw,0.2,0.2,0.2,0.2,0.3,0.3,0.3,0.3,3411,1.0,1.0,1.0,1.0,1.0
198,0.8151699856874822,1.106315499110281,0.878688084057588,0.8472359068434556,1.064904027767176,Three-step-ipw,0.2,0.2,0.2,0.2,0.3,0.3,0.3,0.3,3411,1.0,1.0,1.0,1.0,1.0
199,0.742911779110187,0.5599933574511048,0.85649213941157,0.9400418909188906,0.979587121340908,Three-step-ipw,0.2,0.2,0.2,0.2,0.3,0.3,0.3,0.3,3411,1.0,1.0,1.0,1.0,1.0
200,1.1763838491172012,0.8385065168666808,1.3699362954533552,1.2116267888691825,1.1230892595885165,Three-step-ipw,0.2,0.2,0.2,0.2,0.3,0.3,0.3,0.3,3411,1.0,1.0,1.0,1.0,1.0
201,0.1477714030867448,0.2561436660045034,1.0886409293690853,1.012797147345134,1.0097085505598984,Three-step-ipw,0.2,0.2,0.2,0.2,0.3,0.3,0.3,0.3,3411,1.0,1.0,1.0,1.0,1.0
202,0.2408515708052135,0.8131731681674397,1.4162667447887396,1.3406999791171268,1.0868622526378546,Three-step-ipw,0.2,0.2,0.2,0.2,0.3,0.3,0.3,0.3,3411,1.0,1.0,1.0,1.0,1.0
203,0.693080348931633,0.4230544852109137,0.803066256088744,1.0625683971443947,0.9735532953657522,Three-step-ipw,0.2,0.2,0.2,0.2,0.3,0.3,0.3,0.3,3411,1.0,1.0,1.0,1.0,1.0
204,2.4623223739704163,1.054937015740934,1.2308538050134457,0.9017725615775987,0.9268933150108423,Three-step-ipw,0.2,0.2,0.2,0.2,0.3,0.3,0.3,0.3,3411,1.0,1.0,1.0,1.0,1.0
205,0.7593376794174901,1.6841583126455721,1.210988489635273,1.0572687028801542,0.7612693066612413,Three-step-ipw,0.2,0.2,0.2,0.2,0.3,0.3,0.3,0.3,3411,1.0,1.0,1.0,1.0,1.0
206,0.6170219790445635,0.9837072332468122,0.6078357930875453,0.9651668682529597,0.9812451437297158,Three-step-ipw,0.2,0.2,0.2,0.2,0.3,0.3,0.3,0.3,3411,1.0,1.0,1.0,1.0,1.0
207,0.8972822746626622,1.1061620848584761,1.6557813703276245,0.8793480081153573,0.9768490048433472,Three-step-ipw,0.2,0.2,0.2,0.2,0.3,0.3,0.3,0.3,3411,1.0,1.0,1.0,1.0,1.0
208,0.2592699021278493,0.9119654006298679,0.46528890627684993,1.0143860991768963,0.9740948384136606,Three-step-ipw,0.2,0.2,0.2,0.2,0.3,0.3,0.3,0.3,3411,1.0,1.0,1.0,1.0,1.0
209,1.8253074820282043,0.6798617214842294,1.5432596734740927,0.771099105941375,1.0074459361936592,Three-step-ipw,0.2,0.2,0.2,0.2,0.3,0.3,0.3,0.3,3411,1.0,1.0,1.0,1.0,1.0
210,0.9298765131345722,0.950153734840321,0.712082994770307,0.956504361593619,1.08315593082374,Three-step-ipw,0.2,0.2,0.2,0.2,0.3,0.3,0.3,0.3,3411,1.0,1.0,1.0,1.0,1.0
211,1.5784228682409625,1.0503861564125068,0.9251493440952543,1.0424072447185613,0.9901792565990706,Three-step-ipw,0.2,0.2,0.2,0.2,0.3,0.3,0.3,0.3,3411,1.0,1.0,1.0,1.0,1.0
212,0.8592206743297809,0.9020540285838414,1.1712439546446098,1.0836836064817894,0.8641596312303628,Three-step-ipw,0.2,0.2,0.2,0.2,0.3,0.3,0.3,0.3,3411,1.0,1.0,1.0,1.0,1.0
213,0.6062348034650591,0.22657770397426258,1.3056666260503915,1.0205982895607166,1.0089960138879344,Three-step-ipw,0.2,0.2,0.2,0.2,0.3,0.3,0.3,0.3,3411,1.0,1.0,1.0,1.0,1.0
214,0.6959891750883002,1.0054778657489614,1.1331791741642576,1.2317889367518111,0.6789987208783954,Three-step-ipw,0.2,0.2,0.2,0.2,0.3,0.3,0.3,0.3,3411,1.0,1.0,1.0,1.0,1.0
215,0.6298743800768052,1.1533524555846881,0.84758684105575,0.9465990127397491,0.9057754695499977,Three-step-ipw,0.2,0.2,0.2,0.2,0.3,0.3,0.3,0.3,3411,1.0,1.0,1.0,1.0,1.0
216,1.4530593654053745,0.3919417427887162,0.9881936698925349,1.1969647113955901,0.996686713110152,Three-step-ipw,0.2,0.2,0.2,0.2,0.3,0.3,0.3,0.3,3411,1.0,1.0,1.0,1.0,1.0
217,1.3172139257097009,0.8163004153710242,1.3583088977329696,1.1651154868915214,1.0063100149139526,Three-step-ipw,0.2,0.2,0.2,0.2,0.3,0.3,0.3,0.3,3411,1.0,1.0,1.0,1.0,1.0
218,1.0428856490116742,1.1569095701247405,1.7466270839846545,0.9213652650010653,1.1138286361036003,Three-step-ipw,0.2,0.2,0.2,0.2,0.3,0.3,0.3,0.3,3411,1.0,1.0,1.0,1.0,1.0
219,0.9564360248459598,1.307137362147088,0.7865865251172411,1.028001807220798,1.0755963473907517,Three-step-ipw,0.2,0.2,0.2,0.2,0.3,0.3,0.3,0.3,3411,1.0,1.0,1.0,1.0,1.0
220,0.8960077864051124,1.1747212689083995,0.9605301228132606,1.2215650666774391,0.9379861897758541,Three-step-ipw,0.2,0.2,0.2,0.2,0.3,0.3,0.3,0.3,3411,1.0,1.0,1.0,1.0,1.0
221,2.056739211559359,0.4076389049660433,0.9221621968824387,1.1436992059193136,0.8187121461928469,Three-step-ipw,0.2,0.2,0.2,0.2,0.3,0.3,0.3,0.3,3411,1.0,1.0,1.0,1.0,1.0
222,1.246425389220391,0.15197607116298512,0.2968047354598839,0.7605737565877295,1.0072653668695188,Three-step-ipw,0.2,0.2,0.2,0.2,0.3,0.3,0.3,0.3,3411,1.0,1.0,1.0,1.0,1.0
223,1.1978556397897797,1.0112601050148418,0.8215461038720984,0.705071503268924,0.9310881372975552,Three-step-ipw,0.2,0.2,0.2,0.2,0.3,0.3,0.3,0.3,3411,1.0,1.0,1.0,1.0,1.0
224,-0.10749959600384278,-0.10612684044962421,1.0741042373552265,0.7522926591919804,1.0817414433601016,Three-step-ipw,0.2,0.2,0.2,0.2,0.3,0.3,0.3,0.3,3411,1.0,1.0,1.0,1.0,1.0
225,-0.11303692546065322,0.2936783391941299,1.173669668347253,1.2509219967306573,1.0857152683211462,Three-step-ipw,0.2,0.2,0.2,0.2,0.3,0.3,0.3,0.3,3411,1.0,1.0,1.0,1.0,1.0
226,1.5687296905035608,0.7643000523459734,1.052527376232022,1.0720117546605559,0.9349473865252471,Three-step-ipw,0.2,0.2,0.2,0.2,0.3,0.3,0.3,0.3,3411,1.0,1.0,1.0,1.0,1.0
227,1.0463882908419255,2.0792753009962297,1.513604196746641,1.406392694697892,1.111295473632287,Three-step-ipw,0.2,0.2,0.2,0.2,0.3,0.3,0.3,0.3,3411,1.0,1.0,1.0,1.0,1.0
228,1.5624482196391651,1.5128819629544707,1.8292988994224764,0.9025332485240176,0.8287572874397962,Three-step-ipw,0.2,0.2,0.2,0.2,0.3,0.3,0.3,0.3,3411,1.0,1.0,1.0,1.0,1.0
229,2.2934219475798656,2.8756411276535063,1.1162867184894225,0.9931914390298247,1.0304114933593658,Three-step-ipw,0.2,0.2,0.2,0.2,0.3,0.3,0.3,0.3,3411,1.0,1.0,1.0,1.0,1.0
230,1.5078489835084194,1.588872335860568,1.424140461439256,1.0426609532757742,1.116893978004467,Three-step-ipw,0.2,0.2,0.2,0.2,0.3,0.3,0.3,0.3,3411,1.0,1.0,1.0,1.0,1.0
231,0.910267266739064,1.0160676874522252,1.0264073982737514,0.9244888221310751,1.1670727773065477,Three-step-ipw,0.2,0.2,0.2,0.2,0.3,0.3,0.3,0.3,3411,1.0,1.0,1.0,1.0,1.0
232,0.6144239799139203,-0.3572626620192119,0.2889134166230998,0.8479832765223283,0.8299486654997523,Three-step-ipw,0.2,0.2,0.2,0.2,0.3,0.3,0.3,0.3,3411,1.0,1.0,1.0,1.0,1.0
233,1.701759117928276,1.7999485806534643,1.4001852882522188,1.3294185718146254,1.1827760477044928,Three-step-ipw,0.2,0.2,0.2,0.2,0.3,0.3,0.3,0.3,3411,1.0,1.0,1.0,1.0,1.0
234,0.9455039992035085,0.7581902648878861,0.636940296601967,0.7742500421102829,1.2029784863422859,Three-step-ipw,0.2,0.2,0.2,0.2,0.3,0.3,0.3,0.3,3411,1.0,1.0,1.0,1.0,1.0
235,0.758831917840833,0.3892786742849903,0.5126356534420801,0.9292679091232866,1.0151220513108636,Three-step-ipw,0.2,0.2,0.2,0.2,0.3,0.3,0.3,0.3,3411,1.0,1.0,1.0,1.0,1.0
236,0.8646204277522662,0.6162882232247924,0.926597578911559,1.043675596973998,0.9390123972625615,Three-step-ipw,0.2,0.2,0.2,0.2,0.3,0.3,0.3,0.3,3411,1.0,1.0,1.0,1.0,1.0
237,0.0572536568678273,-0.11726191174803176,1.2083896288733995,1.1288857182853569,0.9744624277623779,Three-step-ipw,0.2,0.2,0.2,0.2,0.3,0.3,0.3,0.3,3411,1.0,1.0,1.0,1.0,1.0
238,1.2673682839923741,1.2703981922199756,1.6970609551826057,0.966565283455577,1.1797186745239527,Three-step-ipw,0.2,0.2,0.2,0.2,0.3,0.3,0.3,0.3,3411,1.0,1.0,1.0,1.0,1.0
239,1.7327839329516797,0.2790303772416893,1.446320468538406,1.3197953232592345,0.9500783581715972,Three-step-ipw,0.2,0.2,0.2,0.2,0.3,0.3,0.3,0.3,3411,1.0,1.0,1.0,1.0,1.0
240,1.7278498710767218,1.5013515694446324,1.187129624675746,0.9230078885546461,0.7179829937729202,Three-step-ipw,0.2,0.2,0.2,0.2,0.3,0.3,0.3,0.3,3411,1.0,1.0,1.0,1.0,1.0
241,1.0460798531151771,0.14596019120029285,0.5735811199261971,0.9801346620731292,0.9521104233161697,Three-step-ipw,0.2,0.2,0.2,0.2,0.3,0.3,0.3,0.3,3411,1.0,1.0,1.0,1.0,1.0
242,1.1239365103597831,0.6424363623286492,1.1954411321894103,0.9463628086944922,0.7835807987137018,Three-step-ipw,0.2,0.2,0.2,0.2,0.3,0.3,0.3,0.3,3411,1.0,1.0,1.0,1.0,1.0
243,0.027634573707925672,0.7346146730017153,1.3208452971005038,1.3607041742064356,1.0595886029303896,Three-step-ipw,0.2,0.2,0.2,0.2,0.3,0.3,0.3,0.3,3411,1.0,1.0,1.0,1.0,1.0
244,1.0875759366195539,1.9472959020646197,0.603004823183573,1.1352526817281583,0.8238401710375366,Three-step-ipw,0.2,0.2,0.2,0.2,0.3,0.3,0.3,0.3,3411,1.0,1.0,1.0,1.0,1.0
245,1.4952162710230654,0.7233676496353352,0.8279800293937838,1.1339255606518979,1.1044243871411876,Three-step-ipw,0.2,0.2,0.2,0.2,0.3,0.3,0.3,0.3,3411,1.0,1.0,1.0,1.0,1.0
246,1.5061626711539537,1.2429298240124405,0.7438629346694793,0.9490189117418089,0.9629958916143259,Three-step-ipw,0.2,0.2,0.2,0.2,0.3,0.3,0.3,0.3,3411,1.0,1.0,1.0,1.0,1.0
247,0.8858168703571938,1.9782725631014422,1.1147286689094353,0.8739452260495325,1.0203726825603594,Three-step-ipw,0.2,0.2,0.2,0.2,0.3,0.3,0.3,0.3,3411,1.0,1.0,1.0,1.0,1.0
248,0.5739463223619861,1.6608949082439703,1.0362784312499067,1.2233619261568784,0.8038794333285861,Three-step-ipw,0.2,0.2,0.2,0.2,0.3,0.3,0.3,0.3,3411,1.0,1.0,1.0,1.0,1.0
249,1.4431209889907828,1.529847859944708,0.32550569582645394,0.8426216257205279,0.7844345449520862,Three-step-ipw,0.2,0.2,0.2,0.2,0.3,0.3,0.3,0.3,3411,1.0,1.0,1.0,1.0,1.0
250,1.4375262949041652,0.044004591479894294,1.1721476043460288,0.6687227508185186,0.8197060980659509,Three-step-ipw,0.2,0.2,0.2,0.2,0.3,0.3,0.3,0.3,3411,1.0,1.0,1.0,1.0,1.0
251,0.8028530296528628,0.5704962407054176,0.9513693011518647,1.21807729696145,0.9572627669854289,Three-step-ipw,0.2,0.2,0.2,0.2,0.3,0.3,0.3,0.3,3411,1.0,1.0,1.0,1.0,1.0
252,1.9191713053721795,1.356251283048292,0.9175938010591451,1.0657067980142505,0.9768662315645851,Three-step-ipw,0.2,0.2,0.2,0.2,0.3,0.3,0.3,0.3,3411,1.0,1.0,1.0,1.0,1.0
253,0.02425162702490404,0.43337190242307677,0.40546519405465914,0.761888064707958,0.9385466241650962,Three-step-ipw,0.2,0.2,0.2,0.2,0.3,0.3,0.3,0.3,3411,1.0,1.0,1.0,1.0,1.0
254,1.7557108874982206,1.6213673350280928,0.08728670017896661,0.9630170009216444,0.8588702755536958,Three-step-ipw,0.2,0.2,0.2,0.2,0.3,0.3,0.3,0.3,3411,1.0,1.0,1.0,1.0,1.0
255,1.3545652427813293,2.6287112969253426,0.776135714100831,1.148004212157157,0.9310300757825346,Three-step-ipw,0.2,0.2,0.2,0.2,0.3,0.3,0.3,0.3,3411,1.0,1.0,1.0,1.0,1.0
256,1.029601244167624,1.1199814518707492,0.5270495377247975,1.0712567692651553,0.9654649987437086,Three-step-ipw,0.2,0.2,0.2,0.2,0.3,0.3,0.3,0.3,3411,1.0,1.0,1.0,1.0,1.0
257,1.2373179307540736,0.3742504649252045,1.0670496425705076,1.09172469985277,0.8725238751045874,Three-step-ipw,0.2,0.2,0.2,0.2,0.3,0.3,0.3,0.3,3411,1.0,1.0,1.0,1.0,1.0
258,0.2481102999418569,0.9320503184185344,2.0230345038132618,1.063801008251839,1.0142105673817183,Three-step-ipw,0.2,0.2,0.2,0.2,0.3,0.3,0.3,0.3,3411,1.0,1.0,1.0,1.0,1.0
259,1.324835078442042,1.002513774818106,1.2755931975384214,1.0532596382877142,0.9767259750598446,Three-step-ipw,0.2,0.2,0.2,0.2,0.3,0.3,0.3,0.3,3411,1.0,1.0,1.0,1.0,1.0
260,1.324750424146391,0.6714424829390325,1.1323875761568343,1.0037828518807825,0.9930120680279246,Three-step-ipw,0.2,0.2,0.2,0.2,0.3,0.3,0.3,0.3,3411,1.0,1.0,1.0,1.0,1.0
261,0.905152421427874,0.2630201918033075,1.3209970783383347,1.308021653970679,0.9421428801456453,Three-step-ipw,0.2,0.2,0.2,0.2,0.3,0.3,0.3,0.3,3411,1.0,1.0,1.0,1.0,1.0
262,1.7449010451688856,1.883460653221204,1.255230836791578,0.7353911225774334,0.8798510818185938,Three-step-ipw,0.2,0.2,0.2,0.2,0.3,0.3,0.3,0.3,3411,1.0,1.0,1.0,1.0,1.0
263,0.49628805671475856,0.9011613413416247,0.7774377396558693,0.8876704285288115,1.1045605667426353,Three-step-ipw,0.2,0.2,0.2,0.2,0.3,0.3,0.3,0.3,3411,1.0,1.0,1.0,1.0,1.0
264,0.7981879549029162,0.3257732082326137,1.2054336738141396,0.9502393872837398,0.938371493102382,Three-step-ipw,0.2,0.2,0.2,0.2,0.3,0.3,0.3,0.3,3411,1.0,1.0,1.0,1.0,1.0
265,0.3991973284209344,-0.2620897821305639,0.8535461953185094,0.558759464710382,1.0318783612145752,Three-step-ipw,0.2,0.2,0.2,0.2,0.3,0.3,0.3,0.3,3411,1.0,1.0,1.0,1.0,1.0
266,0.8005543918884472,-0.226354783399561,0.7936394410517991,0.8343891913605574,1.0351115087836462,Three-step-ipw,0.2,0.2,0.2,0.2,0.3,0.3,0.3,0.3,3411,1.0,1.0,1.0,1.0,1.0
267,0.8742917592504602,0.36872519956682526,1.223153697944583,1.156753477416793,1.102566188506654,Three-step-ipw,0.2,0.2,0.2,0.2,0.3,0.3,0.3,0.3,3411,1.0,1.0,1.0,1.0,1.0
268,0.30119739868939577,0.5898813697464002,0.8676024943136263,0.9689331040120206,0.9487722728968581,Three-step-ipw,0.2,0.2,0.2,0.2,0.3,0.3,0.3,0.3,3411,1.0,1.0,1.0,1.0,1.0
269,1.33629068622166,2.882192647590475,1.451274622100323,1.459646019562273,1.030206011245408,Three-step-ipw,0.2,0.2,0.2,0.2,0.3,0.3,0.3,0.3,3411,1.0,1.0,1.0,1.0,1.0
270,1.00223018614296,1.1471568506218015,1.215836598756627,1.1013145453096487,0.9349567339636912,Three-step-ipw,0.2,0.2,0.2,0.2,0.3,0.3,0.3,0.3,3411,1.0,1.0,1.0,1.0,1.0
271,1.3467902314868507,1.6050516175398877,1.5087623528890326,1.102028386261726,0.9685580264109898,Three-step-ipw,0.2,0.2,0.2,0.2,0.3,0.3,0.3,0.3,3411,1.0,1.0,1.0,1.0,1.0
272,-0.22543786599737053,0.5852194712916726,0.9360156191940758,1.0879299437400813,0.8755893496606644,Three-step-ipw,0.2,0.2,0.2,0.2,0.3,0.3,0.3,0.3,3411,1.0,1.0,1.0,1.0,1.0
273,0.6258078762416245,0.4162162633663375,0.4401677874723311,0.6632713537404749,0.7960555619864428,Three-step-ipw,0.2,0.2,0.2,0.2,0.3,0.3,0.3,0.3,3411,1.0,1.0,1.0,1.0,1.0
274,0.6796217349225486,0.27334176645879277,1.0021027388172317,1.0301345509893172,0.8294609966525597,Three-step-ipw,0.2,0.2,0.2,0.2,0.3,0.3,0.3,0.3,3411,1.0,1.0,1.0,1.0,1.0
275,0.8530837257366799,1.1583347702100717,1.4993112580253927,1.0811679551728681,0.9944843564957236,Three-step-ipw,0.2,0.2,0.2,0.2,0.3,0.3,0.3,0.3,3411,1.0,1.0,1.0,1.0,1.0
276,0.5630197871696927,0.31646567077519894,0.7042024480894501,1.0494411622708373,0.9875075421291071,Three-step-ipw,0.2,0.2,0.2,0.2,0.3,0.3,0.3,0.3,3411,1.0,1.0,1.0,1.0,1.0
277,1.2290522973241877,1.0015108141519733,0.41732451429121836,0.575474146555579,0.9350558546917205,Three-step-ipw,0.2,0.2,0.2,0.2,0.3,0.3,0.3,0.3,3411,1.0,1.0,1.0,1.0,1.0
278,1.3107999960665246,2.745924886767573,0.8950991171333352,0.9542021167161072,1.2184532750520127,Three-step-ipw,0.2,0.2,0.2,0.2,0.3,0.3,0.3,0.3,3411,1.0,1.0,1.0,1.0,1.0
279,1.408572698360741,1.5355332887895716,0.7951452563158931,0.9147412135011566,0.9302345189311911,Three-step-ipw,0.2,0.2,0.2,0.2,0.3,0.3,0.3,0.3,3411,1.0,1.0,1.0,1.0,1.0
280,1.8239764151255062,6.333752004044458,0.7365565440035421,0.729886419428207,1.1447513295987526,Three-step-ipw,0.2,0.2,0.2,0.2,0.3,0.3,0.3,0.3,3411,1.0,1.0,1.0,1.0,1.0
281,1.0447815888106928,2.1218747354064695,0.8253482584046219,1.0199663330976063,0.9677155650148742,Three-step-ipw,0.2,0.2,0.2,0.2,0.3,0.3,0.3,0.3,3411,1.0,1.0,1.0,1.0,1.0
282,1.4663924893494866,0.18933485868164177,0.9298702670723222,1.034780664848155,1.075268382892942,Three-step-ipw,0.2,0.2,0.2,0.2,0.3,0.3,0.3,0.3,3411,1.0,1.0,1.0,1.0,1.0
283,1.6095885022687002,1.9931344761178578,1.4164159222085158,1.1012166475390193,0.7900775167489301,Three-step-ipw,0.2,0.2,0.2,0.2,0.3,0.3,0.3,0.3,3411,1.0,1.0,1.0,1.0,1.0
284,0.09620684183208393,1.2478790367483568,0.385650318991751,0.5871733488898313,0.8886783606643093,Three-step-ipw,0.2,0.2,0.2,0.2,0.3,0.3,0.3,0.3,3411,1.0,1.0,1.0,1.0,1.0
285,1.3847656168055493,0.6986355194109498,1.0069866183887068,1.158247090800834,1.0364575548110702,Three-step-ipw,0.2,0.2,0.2,0.2,0.3,0.3,0.3,0.3,3411,1.0,1.0,1.0,1.0,1.0
286,1.5714906307908263,1.1129040032725674,0.8318715929398153,1.3101909851201592,1.1027389516035129,Three-step-ipw,0.2,0.2,0.2,0.2,0.3,0.3,0.3,0.3,3411,1.0,1.0,1.0,1.0,1.0
287,1.1859569065257842,-0.13109969592776646,1.2351000232193803,0.9695600889874078,1.1846637101396162,Three-step-ipw,0.2,0.2,0.2,0.2,0.3,0.3,0.3,0.3,3411,1.0,1.0,1.0,1.0,1.0
288,1.377894488301934,0.6990781306432915,1.2281352234387282,1.0782115174651128,0.9577906910281622,Three-step-ipw,0.2,0.2,0.2,0.2,0.3,0.3,0.3,0.3,3411,1.0,1.0,1.0,1.0,1.0
289,0.9058551922570218,0.4028879090307445,0.5943208854442044,1.048323748639032,1.0410896114098673,Three-step-ipw,0.2,0.2,0.2,0.2,0.3,0.3,0.3,0.3,3411,1.0,1.0,1.0,1.0,1.0
290,1.3361990343387524,1.3068615199464013,1.5780877702921008,1.3758314166510077,1.1042937355226063,Three-step-ipw,0.2,0.2,0.2,0.2,0.3,0.3,0.3,0.3,3411,1.0,1.0,1.0,1.0,1.0
291,0.4848982931922056,0.5383501427859103,0.5925542126016554,0.8651015322976411,0.9071313669495671,Three-step-ipw,0.2,0.2,0.2,0.2,0.3,0.3,0.3,0.3,3411,1.0,1.0,1.0,1.0,1.0
292,0.3818974773440142,0.48388551333690893,0.843077573276776,1.1254567739882355,0.7849197936875919,Three-step-ipw,0.2,0.2,0.2,0.2,0.3,0.3,0.3,0.3,3411,1.0,1.0,1.0,1.0,1.0
293,1.1004973861806424,1.1413938881428516,0.6631036214229605,0.9350906474374663,1.035930544855894,Three-step-ipw,0.2,0.2,0.2,0.2,0.3,0.3,0.3,0.3,3411,1.0,1.0,1.0,1.0,1.0
294,1.1768673728137444,1.236178315680528,0.9826368246704217,1.3063126303185335,1.12197565204722,Three-step-ipw,0.2,0.2,0.2,0.2,0.3,0.3,0.3,0.3,3411,1.0,1.0,1.0,1.0,1.0
295,1.714926832205283,0.43068329690012014,1.2901606222058162,0.7409687244788516,1.1023135083238007,Three-step-ipw,0.2,0.2,0.2,0.2,0.3,0.3,0.3,0.3,3411,1.0,1.0,1.0,1.0,1.0
296,0.46888748092462873,0.10229511711583805,1.016400921234814,1.0172297673991684,0.9179189144097022,Three-step-ipw,0.2,0.2,0.2,0.2,0.3,0.3,0.3,0.3,3411,1.0,1.0,1.0,1.0,1.0
297,1.8220148010027868,0.9732450342326068,1.0585086436070723,0.5325117499569758,0.9678346055228036,Three-step-ipw,0.2,0.2,0.2,0.2,0.3,0.3,0.3,0.3,3411,1.0,1.0,1.0,1.0,1.0
298,0.9391361156927626,0.37607444557451686,0.5949958186541092,0.9590644703907156,0.9972015101794524,Three-step-ipw,0.2,0.2,0.2,0.2,0.3,0.3,0.3,0.3,3411,1.0,1.0,1.0,1.0,1.0
299,0.8917796814451422,0.18513430589191968,1.397070267361395,0.501713493084534,0.9424750203260757,Three-step-ipw,0.2,0.2,0.2,0.2,0.3,0.3,0.3,0.3,3411,1.0,1.0,1.0,1.0,1.0
300,0.2764837247796396,0.022049424948650777,0.8106027361393137,0.9180359071146929,0.9571821594622724,Three-step-ipw,0.2,0.2,0.2,0.2,0.3,0.3,0.3,0.3,3411,1.0,1.0,1.0,1.0,1.0
1,0.935798444857372,1.2338553914017831,1.2573094970923289,1.1735449310488757,0.9748344073228593,Robins' estimator,0.2,0.2,0.2,0.2,0.3,0.3,0.3,0.3,3411,1.0,1.0,1.0,1.0,1.0
2,0.6300862651519673,0.5911211833179468,1.2187866357298895,1.3606153424626108,1.1416508715535194,Robins' estimator,0.2,0.2,0.2,0.2,0.3,0.3,0.3,0.3,3411,1.0,1.0,1.0,1.0,1.0
3,1.1048710484133586,0.39655207446776164,1.6695577714502257,0.9161436093893796,1.092172049249038,Robins' estimator,0.2,0.2,0.2,0.2,0.3,0.3,0.3,0.3,3411,1.0,1.0,1.0,1.0,1.0
4,0.2106421863638511,0.5444212045665899,0.1317284898924687,0.8480929734879689,0.9276827331765273,Robins' estimator,0.2,0.2,0.2,0.2,0.3,0.3,0.3,0.3,3411,1.0,1.0,1.0,1.0,1.0
5,0.9205954774445814,1.5151355452673378,1.3472841473318957,1.0048630529637315,0.9639716307774749,Robins' estimator,0.2,0.2,0.2,0.2,0.3,0.3,0.3,0.3,3411,1.0,1.0,1.0,1.0,1.0
6,2.149595804643951,1.2096519395085088,1.1227986370725822,0.8001170774042476,1.0806047185229242,Robins' estimator,0.2,0.2,0.2,0.2,0.3,0.3,0.3,0.3,3411,1.0,1.0,1.0,1.0,1.0
7,1.2001601964261486,1.028845312102065,0.6944246056137656,1.037860321155853,0.8927590651455621,Robins' estimator,0.2,0.2,0.2,0.2,0.3,0.3,0.3,0.3,3411,1.0,1.0,1.0,1.0,1.0
8,1.02623410821425,1.4363886185892007,0.7276246928466594,0.6890656627080696,1.0981955515010537,Robins' estimator,0.2,0.2,0.2,0.2,0.3,0.3,0.3,0.3,3411,1.0,1.0,1.0,1.0,1.0
9,0.46835774708513583,0.7472830170219033,1.5287917179665802,0.9122130371301902,0.9806836257371147,Robins' estimator,0.2,0.2,0.2,0.2,0.3,0.3,0.3,0.3,3411,1.0,1.0,1.0,1.0,1.0
10,0.9770750214045593,1.2410567870713802,1.171923138900459,1.0165157982983137,1.030332464416456,Robins' estimator,0.2,0.2,0.2,0.2,0.3,0.3,0.3,0.3,3411,1.0,1.0,1.0,1.0,1.0
11,0.9675867570034457,1.3027898205555544,0.8824969566128892,0.9255027647458413,0.9531464458922893,Robins' estimator,0.2,0.2,0.2,0.2,0.3,0.3,0.3,0.3,3411,1.0,1.0,1.0,1.0,1.0
12,2.312407824760329,1.7246756445855504,0.9225730606135734,1.0393270110476447,0.87885788015643,Robins' estimator,0.2,0.2,0.2,0.2,0.3,0.3,0.3,0.3,3411,1.0,1.0,1.0,1.0,1.0
13,0.19283144646279538,0.31843465015030165,0.5964402267197252,0.9186752540436569,0.9714929526051239,Robins' estimator,0.2,0.2,0.2,0.2,0.3,0.3,0.3,0.3,3411,1.0,1.0,1.0,1.0,1.0
14,1.092202582515528,0.46942353647824964,1.2249384021995164,1.1546503669998032,0.9147655319217799,Robins' estimator,0.2,0.2,0.2,0.2,0.3,0.3,0.3,0.3,3411,1.0,1.0,1.0,1.0,1.0
15,0.8661721198135046,0.9642478083950592,1.3404033432709124,1.0644619244737477,1.1411160881443574,Robins' estimator,0.2,0.2,0.2,0.2,0.3,0.3,0.3,0.3,3411,1.0,1.0,1.0,1.0,1.0
16,1.5444104029712729,1.5621308657996824,1.7753236464643818,1.0347883646864526,0.9820151895380733,Robins' estimator,0.2,0.2,0.2,0.2,0.3,0.3,0.3,0.3,3411,1.0,1.0,1.0,1.0,1.0
17,1.1832666720800402,1.566337704967172,0.5063200083637298,1.223833299528933,1.171854593449506,Robins' estimator,0.2,0.2,0.2,0.2,0.3,0.3,0.3,0.3,3411,1.0,1.0,1.0,1.0,1.0
18,1.431624150058423,1.1924882272520567,0.965339258369051,1.2311532950025215,0.9945174310098764,Robins' estimator,0.2,0.2,0.2,0.2,0.3,0.3,0.3,0.3,3411,1.0,1.0,1.0,1.0,1.0
19,0.7892276490073838,1.7715482324767526,1.684030373530346,1.2468756385384623,0.9140690127538638,Robins' estimator,0.2,0.2,0.2,0.2,0.3,0.3,0.3,0.3,3411,1.0,1.0,1.0,1.0,1.0
20,0.7420342842510306,0.4222535150393569,0.930314506309237,0.9185933245431763,0.9193830935602119,Robins' estimator,0.2,0.2,0.2,0.2,0.3,0.3,0.3,0.3,3411,1.0,1.0,1.0,1.0,1.0
21,1.2195722953696473,0.49838840046093735,0.630559866410504,0.7206300289146124,1.191598279334874,Robins' estimator,0.2,0.2,0.2,0.2,0.3,0.3,0.3,0.3,3411,1.0,1.0,1.0,1.0,1.0
22,1.4326786733393049,2.1856505782327442,1.2942271074361098,0.8962241532400913,1.0476753809336534,Robins' estimator,0.2,0.2,0.2,0.2,0.3,0.3,0.3,0.3,3411,1.0,1.0,1.0,1.0,1.0
23,0.6092655383396234,1.7032876291420365,0.2637644474444725,0.9344281908167241,1.0434658694743322,Robins' estimator,0.2,0.2,0.2,0.2,0.3,0.3,0.3,0.3,3411,1.0,1.0,1.0,1.0,1.0
24,0.6366794679651054,-0.0011924964742576654,-0.024221310565661115,0.44443823070646216,0.9275819912245803,Robins' estimator,0.2,0.2,0.2,0.2,0.3,0.3,0.3,0.3,3411,1.0,1.0,1.0,1.0,1.0
25,0.3185077629959288,0.05181932018534572,0.8390467850975898,0.9765630632959205,0.9557351860612563,Robins' estimator,0.2,0.2,0.2,0.2,0.3,0.3,0.3,0.3,3411,1.0,1.0,1.0,1.0,1.0
26,0.05073825391094444,0.1280911217974365,0.6678459487607256,1.0471405836375873,0.9920663897454621,Robins' estimator,0.2,0.2,0.2,0.2,0.3,0.3,0.3,0.3,3411,1.0,1.0,1.0,1.0,1.0
27,1.4286958075897669,0.9255560017647916,0.9954966514143743,1.1832388914093144,1.0718886216898866,Robins' estimator,0.2,0.2,0.2,0.2,0.3,0.3,0.3,0.3,3411,1.0,1.0,1.0,1.0,1.0
28,0.772761603491075,1.429571689408544,1.3973253171459386,1.194434612452711,1.0709315381858362,Robins' estimator,0.2,0.2,0.2,0.2,0.3,0.3,0.3,0.3,3411,1.0,1.0,1.0,1.0,1.0
29,0.7318713506520171,1.0055507586180061,0.946561144427871,1.218660013741124,1.0871101070074798,Robins' estimator,0.2,0.2,0.2,0.2,0.3,0.3,0.3,0.3,3411,1.0,1.0,1.0,1.0,1.0
30,1.0553611934907046,0.7377208214037164,1.0224143318930414,1.1610772171070212,0.8325127558943792,Robins' estimator,0.2,0.2,0.2,0.2,0.3,0.3,0.3,0.3,3411,1.0,1.0,1.0,1.0,1.0
31,1.8504986875194323,1.8436793780920526,1.2481144718031922,1.1836352483778054,0.8894298215394266,Robins' estimator,0.2,0.2,0.2,0.2,0.3,0.3,0.3,0.3,3411,1.0,1.0,1.0,1.0,1.0
32,0.9957707159637863,0.9183655169586744,1.3254775241402326,1.0053205172602537,1.0789457174219184,Robins' estimator,0.2,0.2,0.2,0.2,0.3,0.3,0.3,0.3,3411,1.0,1.0,1.0,1.0,1.0
33,0.5359343870688292,1.4305497945668226,0.8283628284814737,0.9109689985285877,1.1812436076157529,Robins' estimator,0.2,0.2,0.2,0.2,0.3,0.3,0.3,0.3,3411,1.0,1.0,1.0,1.0,1.0
34,1.9439947879122574,0.7967409595491501,1.1807407630845557,0.9599519247978735,1.020919888723682,Robins' estimator,0.2,0.2,0.2,0.2,0.3,0.3,0.3,0.3,3411,1.0,1.0,1.0,1.0,1.0
35,0.21580491134221103,0.30466560189886677,1.0279420702554822,0.9840416789405038,0.9347107018780904,Robins' estimator,0.2,0.2,0.2,0.2,0.3,0.3,0.3,0.3,3411,1.0,1.0,1.0,1.0,1.0
36,0.5138572473153216,0.8861872679054217,0.9197631355794056,1.0318514597249266,0.9504423507856362,Robins' estimator,0.2,0.2,0.2,0.2,0.3,0.3,0.3,0.3,3411,1.0,1.0,1.0,1.0,1.0
37,1.218786331179653,2.3308974547360615,1.2692671896579892,0.9897006616218785,1.0835405515429977,Robins' estimator,0.2,0.2,0.2,0.2,0.3,0.3,0.3,0.3,3411,1.0,1.0,1.0,1.0,1.0
38,1.1096086688776043,0.03560740558870627,0.6584344671131793,0.9296869418223441,1.1389868831260035,Robins' estimator,0.2,0.2,0.2,0.2,0.3,0.3,0.3,0.3,3411,1.0,1.0,1.0,1.0,1.0
39,1.1886510112841584,1.3774650690838859,0.9719685622315234,1.0316710110452592,1.0862705360153113,Robins' estimator,0.2,0.2,0.2,0.2,0.3,0.3,0.3,0.3,3411,1.0,1.0,1.0,1.0,1.0
40,1.040882599080197,1.3627303670861848,1.1242548970260644,0.8357223374136531,1.1243515808482003,Robins' estimator,0.2,0.2,0.2,0.2,0.3,0.3,0.3,0.3,3411,1.0,1.0,1.0,1.0,1.0
41,0.3594523320481168,1.3683512135611304,0.3880763812901512,0.9999413671768766,1.0957789551285573,Robins' estimator,0.2,0.2,0.2,0.2,0.3,0.3,0.3,0.3,3411,1.0,1.0,1.0,1.0,1.0
42,0.759157284723497,0.5646618281212546,0.9862116407818903,1.0535778078050932,0.9014788881239371,Robins' estimator,0.2,0.2,0.2,0.2,0.3,0.3,0.3,0.3,3411,1.0,1.0,1.0,1.0,1.0
43,1.4353949685893657,1.6796249112344543,1.2872953574327708,1.072624154415764,0.8397878388531451,Robins' estimator,0.2,0.2,0.2,0.2,0.3,0.3,0.3,0.3,3411,1.0,1.0,1.0,1.0,1.0
44,0.16659360806560675,0.7850642872270448,1.086904807566451,0.7859218311259416,1.060159208978754,Robins' estimator,0.2,0.2,0.2,0.2,0.3,0.3,0.3,0.3,3411,1.0,1.0,1.0,1.0,1.0
45,0.8947165920880574,1.518853999676693,1.062523933070528,1.1382985594661472,1.0441766308044118,Robins' estimator,0.2,0.2,0.2,0.2,0.3,0.3,0.3,0.3,3411,1.0,1.0,1.0,1.0,1.0
46,1.026623673694674,0.9460189609199754,1.3638118336665983,1.2654092804312373,1.0712619007036965,Robins' estimator,0.2,0.2,0.2,0.2,0.3,0.3,0.3,0.3,3411,1.0,1.0,1.0,1.0,1.0
47,1.0328611547464952,1.1698072889353146,1.132515468785156,1.1933444192396772,0.9013608718524462,Robins' estimator,0.2,0.2,0.2,0.2,0.3,0.3,0.3,0.3,3411,1.0,1.0,1.0,1.0,1.0
48,2.021008050490722,1.436104582775216,1.1953042739550277,0.8172962811726271,1.1612247774952167,Robins' estimator,0.2,0.2,0.2,0.2,0.3,0.3,0.3,0.3,3411,1.0,1.0,1.0,1.0,1.0
49,0.887503631040007,0.9066688247699828,0.7743963336737674,0.9409920564365709,1.1716039773804294,Robins' estimator,0.2,0.2,0.2,0.2,0.3,0.3,0.3,0.3,3411,1.0,1.0,1.0,1.0,1.0
50,0.5941116157087236,0.3641753033825188,0.8315056506568831,1.0744293531740403,0.6894901894678928,Robins' estimator,0.2,0.2,0.2,0.2,0.3,0.3,0.3,0.3,3411,1.0,1.0,1.0,1.0,1.0
51,1.2052793383347966,1.3954387246012985,0.8640306579652601,1.023726555480346,1.0472829061389757,Robins' estimator,0.2,0.2,0.2,0.2,0.3,0.3,0.3,0.3,3411,1.0,1.0,1.0,1.0,1.0
52,2.1709185446615207,1.471529166421476,1.0585017784227884,1.0792271692614412,1.0692444770211966,Robins' estimator,0.2,0.2,0.2,0.2,0.3,0.3,0.3,0.3,3411,1.0,1.0,1.0,1.0,1.0
53,1.4757404484315253,0.5401221040007527,0.13734958947663423,0.8168819135183137,1.0627742378184626,Robins' estimator,0.2,0.2,0.2,0.2,0.3,0.3,0.3,0.3,3411,1.0,1.0,1.0,1.0,1.0
54,1.2103504011015085,1.2733608148742863,0.5761448809025592,1.2549207403712332,1.0943641827831139,Robins' estimator,0.2,0.2,0.2,0.2,0.3,0.3,0.3,0.3,3411,1.0,1.0,1.0,1.0,1.0
55,1.1158662867996278,1.5630833652922551,0.9898459868091872,1.0112222486563633,1.0738824609127984,Robins' estimator,0.2,0.2,0.2,0.2,0.3,0.3,0.3,0.3,3411,1.0,1.0,1.0,1.0,1.0
56,0.8730260705933122,-0.0958465640484591,0.8560143994271191,0.9962745230378328,0.9775141369105697,Robins' estimator,0.2,0.2,0.2,0.2,0.3,0.3,0.3,0.3,3411,1.0,1.0,1.0,1.0,1.0
57,0.29188408722004516,0.6468939707602667,0.8714050137474368,0.5644342674958478,0.9610993964532097,Robins' estimator,0.2,0.2,0.2,0.2,0.3,0.3,0.3,0.3,3411,1.0,1.0,1.0,1.0,1.0
58,1.06348438685221,1.0924626540458857,1.6055638019391636,1.2693477186563384,1.0664029957845382,Robins' estimator,0.2,0.2,0.2,0.2,0.3,0.3,0.3,0.3,3411,1.0,1.0,1.0,1.0,1.0
59,1.723232759099557,0.5380402780210511,0.8646802410461407,1.0192867697400012,0.9847682004727596,Robins' estimator,0.2,0.2,0.2,0.2,0.3,0.3,0.3,0.3,3411,1.0,1.0,1.0,1.0,1.0
60,0.9242256421873757,0.7667561475925218,1.0453724680627998,1.1060394535249056,1.0005537536593685,Robins' estimator,0.2,0.2,0.2,0.2,0.3,0.3,0.3,0.3,3411,1.0,1.0,1.0,1.0,1.0
61,0.9154750070005779,0.7939453116611408,1.3109376843116405,1.0157188704001037,1.0173704771193945,Robins' estimator,0.2,0.2,0.2,0.2,0.3,0.3,0.3,0.3,3411,1.0,1.0,1.0,1.0,1.0
62,1.5078753701430179,2.1033031042123898,0.83536598486207,1.5269426633261556,0.9092452669059575,Robins' estimator,0.2,0.2,0.2,0.2,0.3,0.3,0.3,0.3,3411,1.0,1.0,1.0,1.0,1.0
63,1.2912797582214057,0.015020147413247104,1.3028739420233244,1.2857368336001542,0.9950912344328253,Robins' estimator,0.2,0.2,0.2,0.2,0.3,0.3,0.3,0.3,3411,1.0,1.0,1.0,1.0,1.0
64,1.073095890679745,0.834360036708878,1.230784584715451,0.9533076488766091,0.9429602228653751,Robins' estimator,0.2,0.2,0.2,0.2,0.3,0.3,0.3,0.3,3411,1.0,1.0,1.0,1.0,1.0
65,1.9645140342821648,2.026563961642703,1.2268086407219874,1.1710431106972332,1.0150142662769734,Robins' estimator,0.2,0.2,0.2,0.2,0.3,0.3,0.3,0.3,3411,1.0,1.0,1.0,1.0,1.0
66,1.0564243495330286,1.5686827148866396,0.9765554084039543,0.8611591794719478,1.026319312715424,Robins' estimator,0.2,0.2,0.2,0.2,0.3,0.3,0.3,0.3,3411,1.0,1.0,1.0,1.0,1.0
67,0.976078730071428,1.1101851370492577,0.7192171479727206,0.8995829366271367,1.1109645503485384,Robins' estimator,0.2,0.2,0.2,0.2,0.3,0.3,0.3,0.3,3411,1.0,1.0,1.0,1.0,1.0
68,1.0992802142705225,1.367673874136033,1.0289420781380285,1.000948551713713,1.1437144155433123,Robins' estimator,0.2,0.2,0.2,0.2,0.3,0.3,0.3,0.3,3411,1.0,1.0,1.0,1.0,1.0
69,0.5039562049137801,0.9814003782474726,1.1255575363007355,1.0211653305250232,1.1494733553594287,Robins' estimator,0.2,0.2,0.2,0.2,0.3,0.3,0.3,0.3,3411,1.0,1.0,1.0,1.0,1.0
70,0.1421389991419326,0.2565968554202817,1.121966377628305,0.9377057667733606,0.9827211469290807,Robins' estimator,0.2,0.2,0.2,0.2,0.3,0.3,0.3,0.3,3411,1.0,1.0,1.0,1.0,1.0
71,0.8139823472778682,1.536165324185172,1.099750950105751,1.2435017703832518,1.2268623542387045,Robins' estimator,0.2,0.2,0.2,0.2,0.3,0.3,0.3,0.3,3411,1.0,1.0,1.0,1.0,1.0
72,1.329467286510393,0.6199668902370477,1.2870901727447626,0.7843126749776722,1.080112337226698,Robins' estimator,0.2,0.2,0.2,0.2,0.3,0.3,0.3,0.3,3411,1.0,1.0,1.0,1.0,1.0
73,1.881776649219579,1.6908959610043703,1.4313123345971996,1.0849785640739893,1.0433766155299422,Robins' estimator,0.2,0.2,0.2,0.2,0.3,0.3,0.3,0.3,3411,1.0,1.0,1.0,1.0,1.0
74,0.27675529238726976,0.05954901225553014,0.622610335392459,1.1414637070547358,0.9148635548755063,Robins' estimator,0.2,0.2,0.2,0.2,0.3,0.3,0.3,0.3,3411,1.0,1.0,1.0,1.0,1.0
75,1.2529929998771707,1.4058248533325506,0.35771543036654785,0.8014059650970244,0.9045482605408076,Robins' estimator,0.2,0.2,0.2,0.2,0.3,0.3,0.3,0.3,3411,1.0,1.0,1.0,1.0,1.0
76,0.7466227456384782,1.0742415211531446,1.8740857775652062,0.9272132012898191,0.9229312021830466,Robins' estimator,0.2,0.2,0.2,0.2,0.3,0.3,0.3,0.3,3411,1.0,1.0,1.0,1.0,1.0
77,1.261414562118578,0.8236537512789781,1.8149770768174807,1.3609243679273642,1.0457095055789731,Robins' estimator,0.2,0.2,0.2,0.2,0.3,0.3,0.3,0.3,3411,1.0,1.0,1.0,1.0,1.0
78,0.3951509739938181,0.8571283669038391,0.8910083375176491,1.0831872884441702,1.1790878907281026,Robins' estimator,0.2,0.2,0.2,0.2,0.3,0.3,0.3,0.3,3411,1.0,1.0,1.0,1.0,1.0
79,1.6806053846511866,0.8359375093991867,0.9431682873350316,0.5046502128154575,0.9356258986030355,Robins' estimator,0.2,0.2,0.2,0.2,0.3,0.3,0.3,0.3,3411,1.0,1.0,1.0,1.0,1.0
80,1.764901534686621,1.3144341393845105,0.8902936554239134,1.0032790604078061,1.0673549943974157,Robins' estimator,0.2,0.2,0.2,0.2,0.3,0.3,0.3,0.3,3411,1.0,1.0,1.0,1.0,1.0
81,2.417164740834287,1.574127974192968,0.8472629813557759,0.7642800191064291,1.1453919911957802,Robins' estimator,0.2,0.2,0.2,0.2,0.3,0.3,0.3,0.3,3411,1.0,1.0,1.0,1.0,1.0
82,0.9711027532255968,0.8397696025310717,0.8728621204891548,0.735632718964577,0.9752640151653409,Robins' estimator,0.2,0.2,0.2,0.2,0.3,0.3,0.3,0.3,3411,1.0,1.0,1.0,1.0,1.0
83,0.1383574282364716,0.6304520886644929,1.286349893248796,0.974671029147568,0.8773343598813836,Robins' estimator,0.2,0.2,0.2,0.2,0.3,0.3,0.3,0.3,3411,1.0,1.0,1.0,1.0,1.0
84,1.0341228424549616,0.710856164276479,1.1233923249793483,0.739575265938788,0.8419056369075967,Robins' estimator,0.2,0.2,0.2,0.2,0.3,0.3,0.3,0.3,3411,1.0,1.0,1.0,1.0,1.0
85,1.2167327604169254,0.6035981808786142,1.161478420247791,1.1035253884539866,1.085272266483455,Robins' estimator,0.2,0.2,0.2,0.2,0.3,0.3,0.3,0.3,3411,1.0,1.0,1.0,1.0,1.0
86,0.7886396984909969,0.8778215498740176,0.46606997301964354,0.9408088029956051,1.0462509655620513,Robins' estimator,0.2,0.2,0.2,0.2,0.3,0.3,0.3,0.3,3411,1.0,1.0,1.0,1.0,1.0
87,1.50103148891401,1.2050024997467987,0.7845322128352583,0.8871744534660273,0.9009069585779829,Robins' estimator,0.2,0.2,0.2,0.2,0.3,0.3,0.3,0.3,3411,1.0,1.0,1.0,1.0,1.0
88,0.7638651225320483,1.2287781476575563,0.9814998858854506,1.1004044998593006,1.13165986499586,Robins' estimator,0.2,0.2,0.2,0.2,0.3,0.3,0.3,0.3,3411,1.0,1.0,1.0,1.0,1.0
89,0.551539641660442,0.6163739165938286,1.005835816887233,0.6448751678902576,1.0281199024669885,Robins' estimator,0.2,0.2,0.2,0.2,0.3,0.3,0.3,0.3,3411,1.0,1.0,1.0,1.0,1.0
90,0.9543015885697979,0.7141853150569031,0.5699791374195098,0.5910397014269129,1.0038134854827399,Robins' estimator,0.2,0.2,0.2,0.2,0.3,0.3,0.3,0.3,3411,1.0,1.0,1.0,1.0,1.0
91,0.04826444975164929,0.710738869737015,0.8849756545346046,0.9501677803771275,1.1294103065087293,Robins' estimator,0.2,0.2,0.2,0.2,0.3,0.3,0.3,0.3,3411,1.0,1.0,1.0,1.0,1.0
92,1.3093437135828339,0.1757277757530169,1.238313800233781,1.0175145281479454,0.8834680154220864,Robins' estimator,0.2,0.2,0.2,0.2,0.3,0.3,0.3,0.3,3411,1.0,1.0,1.0,1.0,1.0
93,0.5898740113230277,1.3130769208940185,0.9432415806931982,0.8051686146100782,1.011428513179338,Robins' estimator,0.2,0.2,0.2,0.2,0.3,0.3,0.3,0.3,3411,1.0,1.0,1.0,1.0,1.0
94,0.9441940902623235,0.7485211685320595,0.9554538840120295,0.6728247862867339,1.0479856791145274,Robins' estimator,0.2,0.2,0.2,0.2,0.3,0.3,0.3,0.3,3411,1.0,1.0,1.0,1.0,1.0
95,1.3618331071127958,1.8520903236431303,0.7356298778071088,0.7693720016703092,1.0925144086588052,Robins' estimator,0.2,0.2,0.2,0.2,0.3,0.3,0.3,0.3,3411,1.0,1.0,1.0,1.0,1.0
96,0.8454325299365218,1.0851571753927307,0.8045155524834353,0.929379169998147,0.8619839391441995,Robins' estimator,0.2,0.2,0.2,0.2,0.3,0.3,0.3,0.3,3411,1.0,1.0,1.0,1.0,1.0
97,0.9427890038172999,0.5231932066245549,0.6240163319903317,1.2259208934035255,1.1230847225040217,Robins' estimator,0.2,0.2,0.2,0.2,0.3,0.3,0.3,0.3,3411,1.0,1.0,1.0,1.0,1.0
98,1.2345287911297091,0.6784669662100974,1.1605294198258072,1.1515670327967147,0.9477434669757049,Robins' estimator,0.2,0.2,0.2,0.2,0.3,0.3,0.3,0.3,3411,1.0,1.0,1.0,1.0,1.0
99,0.4787517439683022,0.9481166462714573,0.8486237173387129,0.7666334338328273,0.9420659686951716,Robins' estimator,0.2,0.2,0.2,0.2,0.3,0.3,0.3,0.3,3411,1.0,1.0,1.0,1.0,1.0
100,1.2599693461881045,1.8820047624591356,0.5754241019817739,0.7775077553513652,1.162158562717506,Robins' estimator,0.2,0.2,0.2,0.2,0.3,0.3,0.3,0.3,3411,1.0,1.0,1.0,1.0,1.0
101,1.8818608808017412,1.6358145116807916,1.357173417469915,1.1616871782509608,1.120997244328126,Robins' estimator,0.2,0.2,0.2,0.2,0.3,0.3,0.3,0.3,3411,1.0,1.0,1.0,1.0,1.0
102,1.1656065089744185,1.5346834395936186,1.1976620401571316,0.9035123306570504,0.9846080066118313,Robins' estimator,0.2,0.2,0.2,0.2,0.3,0.3,0.3,0.3,3411,1.0,1.0,1.0,1.0,1.0
103,0.36163770998394945,1.203104107187826,0.9304628192302035,0.9002823619244484,1.031164212402199,Robins' estimator,0.2,0.2,0.2,0.2,0.3,0.3,0.3,0.3,3411,1.0,1.0,1.0,1.0,1.0
104,1.4102768710626186,1.4328251303097375,1.8576718052525658,1.209846882137564,1.0965148769991102,Robins' estimator,0.2,0.2,0.2,0.2,0.3,0.3,0.3,0.3,3411,1.0,1.0,1.0,1.0,1.0
105,1.1222529540510362,0.9066402260066849,1.0096438112785535,1.0558246323135387,0.8862944036390329,Robins' estimator,0.2,0.2,0.2,0.2,0.3,0.3,0.3,0.3,3411,1.0,1.0,1.0,1.0,1.0
106,0.7928364303225006,1.0747051910560734,1.3353858284711897,0.9096566881194666,1.1050814405502198,Robins' estimator,0.2,0.2,0.2,0.2,0.3,0.3,0.3,0.3,3411,1.0,1.0,1.0,1.0,1.0
107,0.5030431975222126,0.6872217064118821,0.7915009641106058,1.1983424039413546,1.2522031900536743,Robins' estimator,0.2,0.2,0.2,0.2,0.3,0.3,0.3,0.3,3411,1.0,1.0,1.0,1.0,1.0
108,1.0067835908419356,1.4045902690468788,0.6841859961293858,1.1019256714992882,1.1712321907537606,Robins' estimator,0.2,0.2,0.2,0.2,0.3,0.3,0.3,0.3,3411,1.0,1.0,1.0,1.0,1.0
109,1.5606180881650875,1.308728367477693,0.9132754682684429,1.0210578706952897,1.1375305192042808,Robins' estimator,0.2,0.2,0.2,0.2,0.3,0.3,0.3,0.3,3411,1.0,1.0,1.0,1.0,1.0
110,1.3670675590262564,1.2803306919872073,0.9688262586993337,1.2137442171891113,1.0334241387707073,Robins' estimator,0.2,0.2,0.2,0.2,0.3,0.3,0.3,0.3,3411,1.0,1.0,1.0,1.0,1.0
111,0.9113158325463045,1.4315319786761713,0.7943466170440537,1.1820053802862753,1.0838382239521511,Robins' estimator,0.2,0.2,0.2,0.2,0.3,0.3,0.3,0.3,3411,1.0,1.0,1.0,1.0,1.0
112,0.5271289548916009,-0.014391205744664003,0.32880434435282346,0.9328801827898309,0.8850116213811172,Robins' estimator,0.2,0.2,0.2,0.2,0.3,0.3,0.3,0.3,3411,1.0,1.0,1.0,1.0,1.0
113,0.8704486289797373,1.1002749283228423,0.5287599766518211,1.333259419321957,1.1382234151532304,Robins' estimator,0.2,0.2,0.2,0.2,0.3,0.3,0.3,0.3,3411,1.0,1.0,1.0,1.0,1.0
114,0.7969174671989069,1.2723323310598615,0.5234159492813297,1.19524214227963,1.1184976044509398,Robins' estimator,0.2,0.2,0.2,0.2,0.3,0.3,0.3,0.3,3411,1.0,1.0,1.0,1.0,1.0
115,1.435088360889057,1.157442246551157,0.9893887785620937,1.1505154791474017,0.9660387483937721,Robins' estimator,0.2,0.2,0.2,0.2,0.3,0.3,0.3,0.3,3411,1.0,1.0,1.0,1.0,1.0
116,0.5280332997362966,0.6376689172471696,1.1190150037525857,1.1151659382613894,1.2268731434168314,Robins' estimator,0.2,0.2,0.2,0.2,0.3,0.3,0.3,0.3,3411,1.0,1.0,1.0,1.0,1.0
117,2.2169053245609236,1.9555852873689956,1.2845411374548943,0.9119614487385174,0.9657922608897128,Robins' estimator,0.2,0.2,0.2,0.2,0.3,0.3,0.3,0.3,3411,1.0,1.0,1.0,1.0,1.0
118,1.0805471242478533,0.8967371015514876,0.6675311261376043,0.7292247858990699,1.015905444180939,Robins' estimator,0.2,0.2,0.2,0.2,0.3,0.3,0.3,0.3,3411,1.0,1.0,1.0,1.0,1.0
119,1.531851928535614,0.853556585596914,1.2541274633358261,1.009135819994089,0.9155705398658834,Robins' estimator,0.2,0.2,0.2,0.2,0.3,0.3,0.3,0.3,3411,1.0,1.0,1.0,1.0,1.0
120,0.4583833010799067,0.9412849652955692,1.341393461177266,1.292017206654143,1.175986983463104,Robins' estimator,0.2,0.2,0.2,0.2,0.3,0.3,0.3,0.3,3411,1.0,1.0,1.0,1.0,1.0
121,1.1312318628494265,0.6139561174097903,0.6277503197137438,1.0703498618538836,1.0286698460120192,Robins' estimator,0.2,0.2,0.2,0.2,0.3,0.3,0.3,0.3,3411,1.0,1.0,1.0,1.0,1.0
122,1.861014470365679,1.5984236368249922,1.9065360557140552,1.5161533143875927,0.9635867393011647,Robins' estimator,0.2,0.2,0.2,0.2,0.3,0.3,0.3,0.3,3411,1.0,1.0,1.0,1.0,1.0
123,0.682943611000669,0.674491967115352,1.0268621964571465,0.9902850684928306,0.7526933129887438,Robins' estimator,0.2,0.2,0.2,0.2,0.3,0.3,0.3,0.3,3411,1.0,1.0,1.0,1.0,1.0
124,1.5864190472302273,0.894933200181332,1.4282851611041958,1.344901864019315,1.1708551476456381,Robins' estimator,0.2,0.2,0.2,0.2,0.3,0.3,0.3,0.3,3411,1.0,1.0,1.0,1.0,1.0
125,1.6210326773242216,0.8125995047296223,0.8099612271821581,0.9595058009890736,0.975513571737932,Robins' estimator,0.2,0.2,0.2,0.2,0.3,0.3,0.3,0.3,3411,1.0,1.0,1.0,1.0,1.0
126,1.5961736013619636,0.893746221691982,0.8756337356775176,0.9653248475481422,1.0281983318264727,Robins' estimator,0.2,0.2,0.2,0.2,0.3,0.3,0.3,0.3,3411,1.0,1.0,1.0,1.0,1.0
127,0.9166789114452045,1.2088438086928166,1.093842983463444,1.0701675502653993,1.209577453760978,Robins' estimator,0.2,0.2,0.2,0.2,0.3,0.3,0.3,0.3,3411,1.0,1.0,1.0,1.0,1.0
128,0.8155768003181871,1.7053587369425085,1.2160115481946294,1.067318913224347,0.8182404228210762,Robins' estimator,0.2,0.2,0.2,0.2,0.3,0.3,0.3,0.3,3411,1.0,1.0,1.0,1.0,1.0
129,1.1286986692115883,0.43144417723939665,1.1740515659968187,1.0829606713954019,0.8315451470339457,Robins' estimator,0.2,0.2,0.2,0.2,0.3,0.3,0.3,0.3,3411,1.0,1.0,1.0,1.0,1.0
130,1.7978245689669592,1.3136071037947745,1.0689383756022661,0.8098568109631882,0.89469407108503,Robins' estimator,0.2,0.2,0.2,0.2,0.3,0.3,0.3,0.3,3411,1.0,1.0,1.0,1.0,1.0
131,1.2661764717516448,0.9334706260645164,0.7074067084966214,1.1944166899532642,0.9170200383682736,Robins' estimator,0.2,0.2,0.2,0.2,0.3,0.3,0.3,0.3,3411,1.0,1.0,1.0,1.0,1.0
132,0.5775673983970168,0.7783648978496189,1.2776297933429444,1.002428781125109,0.983505618566483,Robins' estimator,0.2,0.2,0.2,0.2,0.3,0.3,0.3,0.3,3411,1.0,1.0,1.0,1.0,1.0
133,2.284853481508537,0.8347631710838557,0.9133428991642928,0.7277733807714852,1.0127004947764993,Robins' estimator,0.2,0.2,0.2,0.2,0.3,0.3,0.3,0.3,3411,1.0,1.0,1.0,1.0,1.0
134,-0.30073108572160345,0.7197585272733944,0.7245240778177834,1.0634928933444125,0.9704931955858788,Robins' estimator,0.2,0.2,0.2,0.2,0.3,0.3,0.3,0.3,3411,1.0,1.0,1.0,1.0,1.0
135,1.2525865177577595,0.6616837030359888,1.172809176173047,0.7899630247262052,1.020464007421429,Robins' estimator,0.2,0.2,0.2,0.2,0.3,0.3,0.3,0.3,3411,1.0,1.0,1.0,1.0,1.0
136,0.8502069165443509,0.907785677755256,1.0896215023221454,0.9963217125307703,1.1861309010713903,Robins' estimator,0.2,0.2,0.2,0.2,0.3,0.3,0.3,0.3,3411,1.0,1.0,1.0,1.0,1.0
137,0.38809237723841306,0.5063463763470573,0.4476065061173261,0.742432086334675,0.7090400845428753,Robins' estimator,0.2,0.2,0.2,0.2,0.3,0.3,0.3,0.3,3411,1.0,1.0,1.0,1.0,1.0
138,1.2527379416436264,1.1684251706640953,1.5474263313811265,0.6287438279270776,1.0714012653623866,Robins' estimator,0.2,0.2,0.2,0.2,0.3,0.3,0.3,0.3,3411,1.0,1.0,1.0,1.0,1.0
139,1.0596820976850334,1.085676631941553,0.9974426452585483,1.2486873934342198,1.1095211166070285,Robins' estimator,0.2,0.2,0.2,0.2,0.3,0.3,0.3,0.3,3411,1.0,1.0,1.0,1.0,1.0
140,0.1737477071607478,1.7417713462422577,1.2277098256098573,0.8790257293049408,1.0509690823609705,Robins' estimator,0.2,0.2,0.2,0.2,0.3,0.3,0.3,0.3,3411,1.0,1.0,1.0,1.0,1.0
141,0.5048591362234907,0.4483923763410153,0.5821006740006216,0.6778883978456507,1.0734478463662296,Robins' estimator,0.2,0.2,0.2,0.2,0.3,0.3,0.3,0.3,3411,1.0,1.0,1.0,1.0,1.0
142,2.8256330233155116,2.711464093019619,1.847060572942093,1.1201371346440454,1.0128013886822733,Robins' estimator,0.2,0.2,0.2,0.2,0.3,0.3,0.3,0.3,3411,1.0,1.0,1.0,1.0,1.0
143,0.706923868086689,0.6428800517661227,0.7305751959820049,0.9813331072346084,1.1199112941525502,Robins' estimator,0.2,0.2,0.2,0.2,0.3,0.3,0.3,0.3,3411,1.0,1.0,1.0,1.0,1.0
144,2.028328611215391,0.9620517536541002,0.9010352499393912,1.1445436148776251,1.0331177133760454,Robins' estimator,0.2,0.2,0.2,0.2,0.3,0.3,0.3,0.3,3411,1.0,1.0,1.0,1.0,1.0
145,0.17908628711600888,0.5324447952700689,0.8846646905748397,0.8980668198350412,0.8201689949676487,Robins' estimator,0.2,0.2,0.2,0.2,0.3,0.3,0.3,0.3,3411,1.0,1.0,1.0,1.0,1.0
146,1.0460619362047199,0.7032337277942368,1.0885159253799948,0.8921925299832532,1.0210027330764808,Robins' estimator,0.2,0.2,0.2,0.2,0.3,0.3,0.3,0.3,3411,1.0,1.0,1.0,1.0,1.0
147,1.7722646040279264,0.6855474338932958,1.0494575917555649,0.8809783747045941,0.9228759573213521,Robins' estimator,0.2,0.2,0.2,0.2,0.3,0.3,0.3,0.3,3411,1.0,1.0,1.0,1.0,1.0
148,1.0026744849776266,1.4611208887034544,0.8657335341493858,1.0598856702571713,1.05956419318263,Robins' estimator,0.2,0.2,0.2,0.2,0.3,0.3,0.3,0.3,3411,1.0,1.0,1.0,1.0,1.0
149,0.6396332138650891,0.7669171931269657,0.525049575487279,0.8398339098968871,0.9637577828690822,Robins' estimator,0.2,0.2,0.2,0.2,0.3,0.3,0.3,0.3,3411,1.0,1.0,1.0,1.0,1.0
150,0.6128798129683296,0.8461722519032719,0.18167923355792706,0.9345724946890417,0.9077429507888471,Robins' estimator,0.2,0.2,0.2,0.2,0.3,0.3,0.3,0.3,3411,1.0,1.0,1.0,1.0,1.0
151,0.7802961282817222,0.24287787273404965,0.43447818714731495,0.8964783715887376,0.8801829720570397,Robins' estimator,0.2,0.2,0.2,0.2,0.3,0.3,0.3,0.3,3411,1.0,1.0,1.0,1.0,1.0
152,1.8653061351530287,2.4764326546315227,1.219930516161571,0.9369111438084401,0.875373287258477,Robins' estimator,0.2,0.2,0.2,0.2,0.3,0.3,0.3,0.3,3411,1.0,1.0,1.0,1.0,1.0
153,2.0316952642303057,1.7427178456262162,1.0165855721626136,1.1304550690837154,0.904239162999754,Robins' estimator,0.2,0.2,0.2,0.2,0.3,0.3,0.3,0.3,3411,1.0,1.0,1.0,1.0,1.0
154,0.5985418100405622,0.22264240020122864,1.6386018018327422,1.0319499860503192,1.1236274593944566,Robins' estimator,0.2,0.2,0.2,0.2,0.3,0.3,0.3,0.3,3411,1.0,1.0,1.0,1.0,1.0
155,0.6708091441538121,0.7616940049105982,1.1003334973295964,0.9911692783634019,0.8182193320684628,Robins' estimator,0.2,0.2,0.2,0.2,0.3,0.3,0.3,0.3,3411,1.0,1.0,1.0,1.0,1.0
156,0.3549064696531078,0.4947400220160461,0.995908587511322,0.8841331136226455,1.0865607360540337,Robins' estimator,0.2,0.2,0.2,0.2,0.3,0.3,0.3,0.3,3411,1.0,1.0,1.0,1.0,1.0
157,0.3590106995432548,1.1242407132160315,0.8930199420308601,1.125737693231038,0.9803135196657559,Robins' estimator,0.2,0.2,0.2,0.2,0.3,0.3,0.3,0.3,3411,1.0,1.0,1.0,1.0,1.0
158,1.8524472410172854,1.612666325922551,0.9638355708569082,1.2673880714908214,0.920993867390374,Robins' estimator,0.2,0.2,0.2,0.2,0.3,0.3,0.3,0.3,3411,1.0,1.0,1.0,1.0,1.0
159,0.8169551492664087,1.3648074117713604,0.7221716814168497,0.9023319265694071,1.0938952225833762,Robins' estimator,0.2,0.2,0.2,0.2,0.3,0.3,0.3,0.3,3411,1.0,1.0,1.0,1.0,1.0
160,0.8101986155933374,1.114219828824235,0.6916168746322894,1.150706060143201,0.8813485984303417,Robins' estimator,0.2,0.2,0.2,0.2,0.3,0.3,0.3,0.3,3411,1.0,1.0,1.0,1.0,1.0
161,1.2288217301552116,0.5926663685327146,1.7176169983479959,1.057256818258629,0.9565591528745699,Robins' estimator,0.2,0.2,0.2,0.2,0.3,0.3,0.3,0.3,3411,1.0,1.0,1.0,1.0,1.0
162,2.295462176335161,1.8651490537857947,1.3343379013096721,1.4571342361424438,0.9423233090677657,Robins' estimator,0.2,0.2,0.2,0.2,0.3,0.3,0.3,0.3,3411,1.0,1.0,1.0,1.0,1.0
163,1.2202669600183746,1.8115627443701494,0.7612044786077198,0.9196452884478116,1.0035926395113288,Robins' estimator,0.2,0.2,0.2,0.2,0.3,0.3,0.3,0.3,3411,1.0,1.0,1.0,1.0,1.0
164,1.1294464466865621,0.630758789538215,1.5653136426791068,0.9527717764870008,1.063381493263623,Robins' estimator,0.2,0.2,0.2,0.2,0.3,0.3,0.3,0.3,3411,1.0,1.0,1.0,1.0,1.0
165,2.558499971217501,1.010275819467084,0.9546551062012262,0.9075827342057828,0.986675802469876,Robins' estimator,0.2,0.2,0.2,0.2,0.3,0.3,0.3,0.3,3411,1.0,1.0,1.0,1.0,1.0
166,0.9104552198074036,0.8407771480552678,1.7142005164876775,1.3876482930245013,1.1259923451912022,Robins' estimator,0.2,0.2,0.2,0.2,0.3,0.3,0.3,0.3,3411,1.0,1.0,1.0,1.0,1.0
167,0.23874518411337808,1.0928072229539174,1.0042021379835337,1.0327045285976866,0.8329273270854545,Robins' estimator,0.2,0.2,0.2,0.2,0.3,0.3,0.3,0.3,3411,1.0,1.0,1.0,1.0,1.0
168,0.6399358757166135,0.3308072194139032,1.1226374317402887,0.9785379546902985,0.8586580307365674,Robins' estimator,0.2,0.2,0.2,0.2,0.3,0.3,0.3,0.3,3411,1.0,1.0,1.0,1.0,1.0
169,1.6996256626355282,1.5499682535019088,0.9303454933991319,1.0543221863718206,1.0759500110027393,Robins' estimator,0.2,0.2,0.2,0.2,0.3,0.3,0.3,0.3,3411,1.0,1.0,1.0,1.0,1.0
170,0.8838819212861411,1.1829107980246683,1.1551693163124144,0.9755684114646676,0.9739947648352043,Robins' estimator,0.2,0.2,0.2,0.2,0.3,0.3,0.3,0.3,3411,1.0,1.0,1.0,1.0,1.0
171,1.1173430170532104,1.3044798688893229,0.9581883957476479,0.9478602187178833,1.0409359163699645,Robins' estimator,0.2,0.2,0.2,0.2,0.3,0.3,0.3,0.3,3411,1.0,1.0,1.0,1.0,1.0
172,0.7459115934727581,0.5497274975371331,0.6533328090295324,0.9232145535623095,0.9357684214822424,Robins' estimator,0.2,0.2,0.2,0.2,0.3,0.3,0.3,0.3,3411,1.0,1.0,1.0,1.0,1.0
173,0.3161993352188685,1.2370293375150432,0.8920413212692393,0.8154471743094435,0.9810833035473199,Robins' estimator,0.2,0.2,0.2,0.2,0.3,0.3,0.3,0.3,3411,1.0,1.0,1.0,1.0,1.0
174,2.04965278059555,2.284270553749455,1.0245881191318622,0.807588679497747,1.1564469743960262,Robins' estimator,0.2,0.2,0.2,0.2,0.3,0.3,0.3,0.3,3411,1.0,1.0,1.0,1.0,1.0
175,0.23606550547148028,1.6243364466166754,1.0213321568980827,0.8757766872081095,1.0742210548277977,Robins' estimator,0.2,0.2,0.2,0.2,0.3,0.3,0.3,0.3,3411,1.0,1.0,1.0,1.0,1.0
176,0.8692996894624491,1.0968275208711946,0.41086953311692964,0.8745259125374909,0.9565343078168004,Robins' estimator,0.2,0.2,0.2,0.2,0.3,0.3,0.3,0.3,3411,1.0,1.0,1.0,1.0,1.0
177,1.6932900949222995,1.6104769296423986,0.274607754679538,1.261914029119422,1.1198038488881812,Robins' estimator,0.2,0.2,0.2,0.2,0.3,0.3,0.3,0.3,3411,1.0,1.0,1.0,1.0,1.0
178,1.1899122841184862,0.9915907202598127,0.8507926545957343,1.2654759131140274,0.9028688475689306,Robins' estimator,0.2,0.2,0.2,0.2,0.3,0.3,0.3,0.3,3411,1.0,1.0,1.0,1.0,1.0
179,0.6787508384375915,0.6998188107463255,0.9204744449402503,1.0296892014330712,0.8183607749876557,Robins' estimator,0.2,0.2,0.2,0.2,0.3,0.3,0.3,0.3,3411,1.0,1.0,1.0,1.0,1.0
180,1.1941486243731356,1.220743676035613,1.157486149506696,1.2254721496993326,1.0197186122646849,Robins' estimator,0.2,0.2,0.2,0.2,0.3,0.3,0.3,0.3,3411,1.0,1.0,1.0,1.0,1.0
181,0.4044512317753939,0.6127455303816873,0.38120905087758694,0.7780777788733102,1.0666454626186068,Robins' estimator,0.2,0.2,0.2,0.2,0.3,0.3,0.3,0.3,3411,1.0,1.0,1.0,1.0,1.0
182,1.1365564656761844,0.8131525518973438,0.8364066976672377,1.3442816039302405,0.7786713843956692,Robins' estimator,0.2,0.2,0.2,0.2,0.3,0.3,0.3,0.3,3411,1.0,1.0,1.0,1.0,1.0
183,0.6668352599301292,0.8966144726321276,0.3316713647509732,0.8536538650583976,0.8260641325626925,Robins' estimator,0.2,0.2,0.2,0.2,0.3,0.3,0.3,0.3,3411,1.0,1.0,1.0,1.0,1.0
184,1.1604048654418273,0.6835851560122533,1.2546755880007328,0.813722827456901,0.976412364302903,Robins' estimator,0.2,0.2,0.2,0.2,0.3,0.3,0.3,0.3,3411,1.0,1.0,1.0,1.0,1.0
185,1.3932831798200576,2.1528161623141187,0.7228620633068807,0.9165926198151777,1.001961621603618,Robins' estimator,0.2,0.2,0.2,0.2,0.3,0.3,0.3,0.3,3411,1.0,1.0,1.0,1.0,1.0
186,0.975017334321421,0.09183675747737138,1.1024843353133085,1.0639120065224057,0.9718888983719547,Robins' estimator,0.2,0.2,0.2,0.2,0.3,0.3,0.3,0.3,3411,1.0,1.0,1.0,1.0,1.0
187,2.6757217381203957,2.282874335805287,1.0234137101215741,1.0294773193326436,0.9679318232427964,Robins' estimator,0.2,0.2,0.2,0.2,0.3,0.3,0.3,0.3,3411,1.0,1.0,1.0,1.0,1.0
188,0.1630000233398708,1.3417574395320355,1.6923442932572401,1.1634823508083918,1.0788034803488402,Robins' estimator,0.2,0.2,0.2,0.2,0.3,0.3,0.3,0.3,3411,1.0,1.0,1.0,1.0,1.0
189,1.0913561930600424,0.5392642956976118,0.9917603011267907,0.48451691068960007,0.9126101636694596,Robins' estimator,0.2,0.2,0.2,0.2,0.3,0.3,0.3,0.3,3411,1.0,1.0,1.0,1.0,1.0
190,1.149338139790906,1.5753299898925048,0.8027050686782673,1.0600366387382028,0.9646564638721916,Robins' estimator,0.2,0.2,0.2,0.2,0.3,0.3,0.3,0.3,3411,1.0,1.0,1.0,1.0,1.0
191,1.3260390140727256,1.7649996407753128,1.2003922350551268,1.0283946158490118,1.00852822383806,Robins' estimator,0.2,0.2,0.2,0.2,0.3,0.3,0.3,0.3,3411,1.0,1.0,1.0,1.0,1.0
192,2.1928087855162137,1.3214684453232943,0.8759237548191913,1.3826873466617096,1.1112985873707695,Robins' estimator,0.2,0.2,0.2,0.2,0.3,0.3,0.3,0.3,3411,1.0,1.0,1.0,1.0,1.0
193,1.0821874146733934,0.5621923100314813,1.3180185009457006,0.9201893420483684,1.2026545809339069,Robins' estimator,0.2,0.2,0.2,0.2,0.3,0.3,0.3,0.3,3411,1.0,1.0,1.0,1.0,1.0
194,0.15688616828296367,1.4376953450640986,1.1742506988099752,0.829244860052209,0.8795650600303302,Robins' estimator,0.2,0.2,0.2,0.2,0.3,0.3,0.3,0.3,3411,1.0,1.0,1.0,1.0,1.0
195,0.654679271403467,0.36424044390361443,0.6897670678790795,1.088205772822417,1.0911572074168587,Robins' estimator,0.2,0.2,0.2,0.2,0.3,0.3,0.3,0.3,3411,1.0,1.0,1.0,1.0,1.0
196,0.8002013836754208,2.160218390300673,1.0433632465785567,1.345089390884386,1.0847529104527422,Robins' estimator,0.2,0.2,0.2,0.2,0.3,0.3,0.3,0.3,3411,1.0,1.0,1.0,1.0,1.0
197,0.20666535402288796,1.0766788591986387,0.6695112679728634,0.7694934385432096,0.8771458350787014,Robins' estimator,0.2,0.2,0.2,0.2,0.3,0.3,0.3,0.3,3411,1.0,1.0,1.0,1.0,1.0
198,1.1788889239083995,1.1590750252284703,1.1406205122702386,0.8723783643165678,1.0649040277670645,Robins' estimator,0.2,0.2,0.2,0.2,0.3,0.3,0.3,0.3,3411,1.0,1.0,1.0,1.0,1.0
199,1.0747828065685128,0.4525748312880357,1.171598931222984,0.9787380308993486,0.9795871213409089,Robins' estimator,0.2,0.2,0.2,0.2,0.3,0.3,0.3,0.3,3411,1.0,1.0,1.0,1.0,1.0
200,0.9070442357495279,0.5452763831035198,1.238868072593648,1.2798309619118955,1.1230892595902804,Robins' estimator,0.2,0.2,0.2,0.2,0.3,0.3,0.3,0.3,3411,1.0,1.0,1.0,1.0,1.0
201,0.713356454884885,0.6633337753497005,0.9628126337620546,0.9539860182960862,1.0097085505598984,Robins' estimator,0.2,0.2,0.2,0.2,0.3,0.3,0.3,0.3,3411,1.0,1.0,1.0,1.0,1.0
202,1.0764496980218368,1.4288791730520425,1.0685201178974684,1.2768880056771925,1.0868622526376912,Robins' estimator,0.2,0.2,0.2,0.2,0.3,0.3,0.3,0.3,3411,1.0,1.0,1.0,1.0,1.0
203,0.9731734931567946,0.6130783809255371,0.7533152796854865,1.083566126500566,0.9735532953657522,Robins' estimator,0.2,0.2,0.2,0.2,0.3,0.3,0.3,0.3,3411,1.0,1.0,1.0,1.0,1.0
204,1.9381847061531634,1.0318375031907125,1.0588769796305222,0.9088790543897579,0.9268933150108922,Robins' estimator,0.2,0.2,0.2,0.2,0.3,0.3,0.3,0.3,3411,1.0,1.0,1.0,1.0,1.0
205,0.750319374253352,1.1246589795528905,1.119296122483583,0.9933573321395245,0.7612693068044736,Robins' estimator,0.2,0.2,0.2,0.2,0.3,0.3,0.3,0.3,3411,1.0,1.0,1.0,1.0,1.0
206,0.5441048259576943,0.6136591185799865,0.5279018881807415,0.9940990509923184,0.9812451437297213,Robins' estimator,0.2,0.2,0.2,0.2,0.3,0.3,0.3,0.3,3411,1.0,1.0,1.0,1.0,1.0
207,1.21620199383299,0.9060284040050215,1.3603877233862522,0.8804552419398024,0.9768490048433456,Robins' estimator,0.2,0.2,0.2,0.2,0.3,0.3,0.3,0.3,3411,1.0,1.0,1.0,1.0,1.0
208,0.14516609594562244,0.14966444788873012,0.44616325352854336,0.9735755693955469,0.9740948384136577,Robins' estimator,0.2,0.2,0.2,0.2,0.3,0.3,0.3,0.3,3411,1.0,1.0,1.0,1.0,1.0
209,1.9001908114543362,1.0904985902334354,1.7987627108374893,0.7152950076439403,1.007445936193659,Robins' estimator,0.2,0.2,0.2,0.2,0.3,0.3,0.3,0.3,3411,1.0,1.0,1.0,1.0,1.0
210,1.130906595344092,0.6186214206664675,1.0403894535454226,0.9977113129544268,1.083155930825,Robins' estimator,0.2,0.2,0.2,0.2,0.3,0.3,0.3,0.3,3411,1.0,1.0,1.0,1.0,1.0
211,1.203806075212311,1.166901210476878,1.0030608598002448,1.0769690794119038,0.9901792565990707,Robins' estimator,0.2,0.2,0.2,0.2,0.3,0.3,0.3,0.3,3411,1.0,1.0,1.0,1.0,1.0
212,0.5629499555621226,0.5813674079005173,0.8754035061429364,1.0631733265952505,0.8641596312300572,Robins' estimator,0.2,0.2,0.2,0.2,0.3,0.3,0.3,0.3,3411,1.0,1.0,1.0,1.0,1.0
213,0.9432338859760878,-0.15522903727485646,0.9012726717467273,1.1041689169985551,1.0089960138879344,Robins' estimator,0.2,0.2,0.2,0.2,0.3,0.3,0.3,0.3,3411,1.0,1.0,1.0,1.0,1.0
214,0.7606583018860581,0.669417843899157,1.2204063323729857,1.269701364892522,0.67899872081359,Robins' estimator,0.2,0.2,0.2,0.2,0.3,0.3,0.3,0.3,3411,1.0,1.0,1.0,1.0,1.0
215,0.5258858162076382,0.6659252152857462,0.7131306560054188,0.906417717920844,0.9057754695504522,Robins' estimator,0.2,0.2,0.2,0.2,0.3,0.3,0.3,0.3,3411,1.0,1.0,1.0,1.0,1.0
216,1.3958919179315317,1.1233531071383553,0.9143703565649985,1.1975099264930371,0.996686713110152,Robins' estimator,0.2,0.2,0.2,0.2,0.3,0.3,0.3,0.3,3411,1.0,1.0,1.0,1.0,1.0
217,1.5577600942977998,1.6380103393142447,1.7335299828638717,1.0957033690608722,1.0063100149139543,Robins' estimator,0.2,0.2,0.2,0.2,0.3,0.3,0.3,0.3,3411,1.0,1.0,1.0,1.0,1.0
218,0.846465604679447,1.234786513087114,1.1049107665654332,0.9381582405897155,1.113828636104637,Robins' estimator,0.2,0.2,0.2,0.2,0.3,0.3,0.3,0.3,3411,1.0,1.0,1.0,1.0,1.0
219,1.1245243152856639,1.384442033627598,0.7092658087871349,1.0666198891400438,1.0755963473816574,Robins' estimator,0.2,0.2,0.2,0.2,0.3,0.3,0.3,0.3,3411,1.0,1.0,1.0,1.0,1.0
220,0.573439792979317,0.7593766786544951,0.8927376825387852,1.2001423987300042,0.9379861897758913,Robins' estimator,0.2,0.2,0.2,0.2,0.3,0.3,0.3,0.3,3411,1.0,1.0,1.0,1.0,1.0
221,2.621367934085237,0.45226592297573937,0.8580853790378391,1.2364116737787127,0.8187121461897955,Robins' estimator,0.2,0.2,0.2,0.2,0.3,0.3,0.3,0.3,3411,1.0,1.0,1.0,1.0,1.0
222,1.252001385876722,0.3138360342054178,0.13207407962749276,0.7855484104132663,1.0072653668695188,Robins' estimator,0.2,0.2,0.2,0.2,0.3,0.3,0.3,0.3,3411,1.0,1.0,1.0,1.0,1.0
223,0.675641712851856,1.2016960169514175,1.285218501420279,0.6856621846517126,0.9310881372975627,Robins' estimator,0.2,0.2,0.2,0.2,0.3,0.3,0.3,0.3,3411,1.0,1.0,1.0,1.0,1.0
224,0.19251788392507418,0.5121110229745884,1.1290924256683883,0.8780383888366325,1.0817414433601016,Robins' estimator,0.2,0.2,0.2,0.2,0.3,0.3,0.3,0.3,3411,1.0,1.0,1.0,1.0,1.0
225,0.23697259770371532,0.1491563406579438,1.0330155982504987,1.20143933863598,1.085715268321145,Robins' estimator,0.2,0.2,0.2,0.2,0.3,0.3,0.3,0.3,3411,1.0,1.0,1.0,1.0,1.0
226,1.0599619919276446,1.1756844030799078,0.892449784364834,1.012098908605274,0.9349473865229561,Robins' estimator,0.2,0.2,0.2,0.2,0.3,0.3,0.3,0.3,3411,1.0,1.0,1.0,1.0,1.0
227,1.9109262115361214,1.7831069058749092,1.6237482249354764,1.532740222579874,1.1112954736334233,Robins' estimator,0.2,0.2,0.2,0.2,0.3,0.3,0.3,0.3,3411,1.0,1.0,1.0,1.0,1.0
228,1.3985234011109708,1.8195442424727548,1.1824915928192403,0.9508930560137823,0.8287572873960444,Robins' estimator,0.2,0.2,0.2,0.2,0.3,0.3,0.3,0.3,3411,1.0,1.0,1.0,1.0,1.0
229,1.3155882478093308,1.6320151655000517,0.999002491237814,1.1090388526286539,1.0304114933593658,Robins' estimator,0.2,0.2,0.2,0.2,0.3,0.3,0.3,0.3,3411,1.0,1.0,1.0,1.0,1.0
230,1.1254781021904092,1.0845657677390659,1.1883039668111703,0.9891725848894535,1.1168939779837725,Robins' estimator,0.2,0.2,0.2,0.2,0.3,0.3,0.3,0.3,3411,1.0,1.0,1.0,1.0,1.0
231,1.0913514985318689,0.7862046111119256,1.469116632763808,0.886468414058431,1.1670727773084735,Robins' estimator,0.2,0.2,0.2,0.2,0.3,0.3,0.3,0.3,3411,1.0,1.0,1.0,1.0,1.0
232,0.4370234924500317,0.005559196326512434,0.5249570973855106,0.8988013449632848,0.829948665499453,Robins' estimator,0.2,0.2,0.2,0.2,0.3,0.3,0.3,0.3,3411,1.0,1.0,1.0,1.0,1.0
233,1.8388913308596102,1.639515001465047,1.3305066687040015,1.2996755454495588,1.1827760477046247,Robins' estimator,0.2,0.2,0.2,0.2,0.3,0.3,0.3,0.3,3411,1.0,1.0,1.0,1.0,1.0
234,0.46701278293024956,0.769787436403982,0.8378129699072759,0.7567392347437927,1.2029784863487822,Robins' estimator,0.2,0.2,0.2,0.2,0.3,0.3,0.3,0.3,3411,1.0,1.0,1.0,1.0,1.0
235,0.5175966829211539,-0.0175529668958116,0.4536716449045082,1.0021527761605329,1.0151220513108636,Robins' estimator,0.2,0.2,0.2,0.2,0.3,0.3,0.3,0.3,3411,1.0,1.0,1.0,1.0,1.0
236,1.5863899167673938,0.8492094877831354,0.7728583937167318,1.1279764457256083,0.939012397262475,Robins' estimator,0.2,0.2,0.2,0.2,0.3,0.3,0.3,0.3,3411,1.0,1.0,1.0,1.0,1.0
237,0.2571535256789226,0.8976763940757565,1.2610569166988312,1.1972936832310084,0.9744624277623819,Robins' estimator,0.2,0.2,0.2,0.2,0.3,0.3,0.3,0.3,3411,1.0,1.0,1.0,1.0,1.0
238,1.7366155433281005,0.3110776898555953,1.3954891834754826,0.9138681564643343,1.1797186745274377,Robins' estimator,0.2,0.2,0.2,0.2,0.3,0.3,0.3,0.3,3411,1.0,1.0,1.0,1.0,1.0
239,1.6337398211008543,0.7000919949851275,1.2045026139585262,1.2379751471102283,0.9500783581716191,Robins' estimator,0.2,0.2,0.2,0.2,0.3,0.3,0.3,0.3,3411,1.0,1.0,1.0,1.0,1.0
240,0.6642154436123793,0.7317181734796766,1.0715231464075943,0.8613420836133963,0.717982993869792,Robins' estimator,0.2,0.2,0.2,0.2,0.3,0.3,0.3,0.3,3411,1.0,1.0,1.0,1.0,1.0
241,1.4625846110802436,0.3931210371569459,0.9911298968145481,1.0007310110839973,0.9521104233161694,Robins' estimator,0.2,0.2,0.2,0.2,0.3,0.3,0.3,0.3,3411,1.0,1.0,1.0,1.0,1.0
242,1.052556822025553,1.3952638230271897,1.0159193473564994,1.005498230693858,0.7835807988529683,Robins' estimator,0.2,0.2,0.2,0.2,0.3,0.3,0.3,0.3,3411,1.0,1.0,1.0,1.0,1.0
243,0.7721347576624072,0.6309006613584598,1.2287003299373653,1.2569526878093367,1.0595886029303827,Robins' estimator,0.2,0.2,0.2,0.2,0.3,0.3,0.3,0.3,3411,1.0,1.0,1.0,1.0,1.0
244,0.8225875744664264,1.8286244548197328,0.8898201159183128,0.951608995805918,0.8238401710033424,Robins' estimator,0.2,0.2,0.2,0.2,0.3,0.3,0.3,0.3,3411,1.0,1.0,1.0,1.0,1.0
245,1.9191744908539987,0.9702442128123206,0.9322836632874115,1.1275681403846392,1.1044243871408979,Robins' estimator,0.2,0.2,0.2,0.2,0.3,0.3,0.3,0.3,3411,1.0,1.0,1.0,1.0,1.0
246,1.213582156664607,0.6543782629812808,0.853363128099584,1.1075377707217195,0.962995891614321,Robins' estimator,0.2,0.2,0.2,0.2,0.3,0.3,0.3,0.3,3411,1.0,1.0,1.0,1.0,1.0
247,0.4033534300342284,1.5546509199644365,0.8998033366111897,1.04352681123669,1.0203726825603596,Robins' estimator,0.2,0.2,0.2,0.2,0.3,0.3,0.3,0.3,3411,1.0,1.0,1.0,1.0,1.0
248,1.1279699352004549,1.148761763054327,0.8677604068534243,1.230628398294483,0.8038794333328885,Robins' estimator,0.2,0.2,0.2,0.2,0.3,0.3,0.3,0.3,3411,1.0,1.0,1.0,1.0,1.0
249,1.7778362887914794,1.7199672450140047,0.5105933375267798,0.7844519486664684,0.7844345449520506,Robins' estimator,0.2,0.2,0.2,0.2,0.3,0.3,0.3,0.3,3411,1.0,1.0,1.0,1.0,1.0
250,1.454106971871703,-0.1346917067432769,1.0954996682254776,0.7623221439574375,0.8197060980673806,Robins' estimator,0.2,0.2,0.2,0.2,0.3,0.3,0.3,0.3,3411,1.0,1.0,1.0,1.0,1.0
251,0.968724465352788,0.7613008294322726,0.7683260371722415,1.0911046716017623,0.9572627669852185,Robins' estimator,0.2,0.2,0.2,0.2,0.3,0.3,0.3,0.3,3411,1.0,1.0,1.0,1.0,1.0
252,1.7120500191120012,0.49762216915188695,1.3099653847214852,1.0522318856281003,0.9768662315645851,Robins' estimator,0.2,0.2,0.2,0.2,0.3,0.3,0.3,0.3,3411,1.0,1.0,1.0,1.0,1.0
253,1.0143720323900272,1.3523803893045743,0.7693875788947663,0.8908601587235327,0.9385466241650126,Robins' estimator,0.2,0.2,0.2,0.2,0.3,0.3,0.3,0.3,3411,1.0,1.0,1.0,1.0,1.0
254,1.4929192222190615,0.9184366038663019,0.08117597148495233,1.0536799230031748,0.8588702755559418,Robins' estimator,0.2,0.2,0.2,0.2,0.3,0.3,0.3,0.3,3411,1.0,1.0,1.0,1.0,1.0
255,1.1871222224864322,1.5334438349674575,0.5616533406984103,1.0735965204625322,0.9310300757825904,Robins' estimator,0.2,0.2,0.2,0.2,0.3,0.3,0.3,0.3,3411,1.0,1.0,1.0,1.0,1.0
256,0.786144910623142,1.0901378579913086,0.8022469574126176,0.9797612680659171,0.9654649987437166,Robins' estimator,0.2,0.2,0.2,0.2,0.3,0.3,0.3,0.3,3411,1.0,1.0,1.0,1.0,1.0
257,1.1784772805481447,1.2688504849726954,1.2339774981906317,0.985660745270572,0.8725238751084023,Robins' estimator,0.2,0.2,0.2,0.2,0.3,0.3,0.3,0.3,3411,1.0,1.0,1.0,1.0,1.0
258,0.3484124779815635,0.8136593456931879,1.89478107006163,1.0735763790256712,1.014210567381718,Robins' estimator,0.2,0.2,0.2,0.2,0.3,0.3,0.3,0.3,3411,1.0,1.0,1.0,1.0,1.0
259,0.9368297066486112,1.3410956914181942,1.4247534238356845,1.0590517090003366,0.9767259750598931,Robins' estimator,0.2,0.2,0.2,0.2,0.3,0.3,0.3,0.3,3411,1.0,1.0,1.0,1.0,1.0
260,1.1858424133952483,0.5568381176922896,0.9670216633731232,0.9172904856898527,0.9930120680279244,Robins' estimator,0.2,0.2,0.2,0.2,0.3,0.3,0.3,0.3,3411,1.0,1.0,1.0,1.0,1.0
261,1.335902888229706,0.4824668039975718,1.4024148303791952,1.4350816250049252,0.9421428801456625,Robins' estimator,0.2,0.2,0.2,0.2,0.3,0.3,0.3,0.3,3411,1.0,1.0,1.0,1.0,1.0
262,2.2222979394261864,1.4190947239185852,1.3126066260849558,0.762602517836383,0.8798510818160071,Robins' estimator,0.2,0.2,0.2,0.2,0.3,0.3,0.3,0.3,3411,1.0,1.0,1.0,1.0,1.0
263,0.7985914362139679,1.141291759511564,0.9152705426406001,0.9245435112382273,1.104560566742766,Robins' estimator,0.2,0.2,0.2,0.2,0.3,0.3,0.3,0.3,3411,1.0,1.0,1.0,1.0,1.0
264,0.8140756743796835,1.1769086561214863,1.1255016898285612,0.8587247495292955,0.9383714931023536,Robins' estimator,0.2,0.2,0.2,0.2,0.3,0.3,0.3,0.3,3411,1.0,1.0,1.0,1.0,1.0
265,0.7030560778882798,-0.21358533031827354,0.8391138495185246,0.6695794717372292,1.0318783612145754,Robins' estimator,0.2,0.2,0.2,0.2,0.3,0.3,0.3,0.3,3411,1.0,1.0,1.0,1.0,1.0
266,0.7307634699609241,0.2777010536519471,0.874765191551666,0.9190141628362923,1.0351115087836458,Robins' estimator,0.2,0.2,0.2,0.2,0.3,0.3,0.3,0.3,3411,1.0,1.0,1.0,1.0,1.0
267,0.7144044197734281,-0.02801367409861687,0.7643440353964037,1.2938757646388244,1.1025661885064182,Robins' estimator,0.2,0.2,0.2,0.2,0.3,0.3,0.3,0.3,3411,1.0,1.0,1.0,1.0,1.0
268,0.4086514316967826,0.35664405816747663,0.878148159978697,1.0740965305501782,0.948772272896858,Robins' estimator,0.2,0.2,0.2,0.2,0.3,0.3,0.3,0.3,3411,1.0,1.0,1.0,1.0,1.0
269,2.017346877855872,3.1952809098422703,1.4562071173010067,1.4851820227128638,1.0302060112453917,Robins' estimator,0.2,0.2,0.2,0.2,0.3,0.3,0.3,0.3,3411,1.0,1.0,1.0,1.0,1.0
270,1.249934960010411,1.5380122833996055,1.203727935519485,1.1247632682634983,0.9349567339652913,Robins' estimator,0.2,0.2,0.2,0.2,0.3,0.3,0.3,0.3,3411,1.0,1.0,1.0,1.0,1.0
271,0.9218043232586625,1.2770441530741545,1.2900138946297848,1.0054310986446682,0.968558026410984,Robins' estimator,0.2,0.2,0.2,0.2,0.3,0.3,0.3,0.3,3411,1.0,1.0,1.0,1.0,1.0
272,0.5131209482335944,1.0433183828021078,0.9305506467184856,1.0386260176236437,0.8755893496595221,Robins' estimator,0.2,0.2,0.2,0.2,0.3,0.3,0.3,0.3,3411,1.0,1.0,1.0,1.0,1.0
273,0.9914024216526749,0.7217407827588367,0.1549448990170557,0.7504593831344452,0.7960555620051217,Robins' estimator,0.2,0.2,0.2,0.2,0.3,0.3,0.3,0.3,3411,1.0,1.0,1.0,1.0,1.0
274,0.8457821008142291,0.4676756460841075,0.8450420048917721,1.0941433728104168,0.8294609966586769,Robins' estimator,0.2,0.2,0.2,0.2,0.3,0.3,0.3,0.3,3411,1.0,1.0,1.0,1.0,1.0
275,1.4676817966993105,1.674419921201974,1.4567017769102968,1.0181385332388762,0.9944843564957236,Robins' estimator,0.2,0.2,0.2,0.2,0.3,0.3,0.3,0.3,3411,1.0,1.0,1.0,1.0,1.0
276,0.6118723246012113,0.8792288026723584,0.9614075095345204,1.0333007891456847,0.9875075421291073,Robins' estimator,0.2,0.2,0.2,0.2,0.3,0.3,0.3,0.3,3411,1.0,1.0,1.0,1.0,1.0
277,1.0267438098007502,0.5865770129896638,0.5109539742313292,0.48005494285727457,0.9350558546916728,Robins' estimator,0.2,0.2,0.2,0.2,0.3,0.3,0.3,0.3,3411,1.0,1.0,1.0,1.0,1.0
278,0.815736997737802,1.8581701222943858,0.9574055698975735,1.113493643743853,1.2184532750521875,Robins' estimator,0.2,0.2,0.2,0.2,0.3,0.3,0.3,0.3,3411,1.0,1.0,1.0,1.0,1.0
279,1.2711225216432338,1.555276793566046,0.9882168843393041,0.9481259434856782,0.930234518931191,Robins' estimator,0.2,0.2,0.2,0.2,0.3,0.3,0.3,0.3,3411,1.0,1.0,1.0,1.0,1.0
280,1.6679066479955165,2.1197203476951554,0.9141631192253514,0.8076786934319411,1.1447513295989686,Robins' estimator,0.2,0.2,0.2,0.2,0.3,0.3,0.3,0.3,3411,1.0,1.0,1.0,1.0,1.0
281,0.37512472530844165,2.477846718380666,0.9409415047153825,1.0212703074425218,0.9677155650148719,Robins' estimator,0.2,0.2,0.2,0.2,0.3,0.3,0.3,0.3,3411,1.0,1.0,1.0,1.0,1.0
282,1.9552885500212782,0.4644488588879513,0.996165834165787,0.9367442094251738,1.0752683828929412,Robins' estimator,0.2,0.2,0.2,0.2,0.3,0.3,0.3,0.3,3411,1.0,1.0,1.0,1.0,1.0
283,1.8215141987562877,2.1395971637763247,1.4008812573056568,0.9555434865876475,0.7900775167442708,Robins' estimator,0.2,0.2,0.2,0.2,0.3,0.3,0.3,0.3,3411,1.0,1.0,1.0,1.0,1.0
284,0.21506958891419284,0.5625428846200886,0.3739429273814884,0.6740733839078873,0.88867836066427,Robins' estimator,0.2,0.2,0.2,0.2,0.3,0.3,0.3,0.3,3411,1.0,1.0,1.0,1.0,1.0
285,1.713336239252862,1.2602081199420965,0.8003951317690966,1.1619450880874127,1.0364575548110622,Robins' estimator,0.2,0.2,0.2,0.2,0.3,0.3,0.3,0.3,3411,1.0,1.0,1.0,1.0,1.0
286,1.5385432004708801,1.391937816720279,0.8205743834744904,1.1089326742319017,1.102738951603053,Robins' estimator,0.2,0.2,0.2,0.2,0.3,0.3,0.3,0.3,3411,1.0,1.0,1.0,1.0,1.0
287,0.4047737785468726,0.32218288173545245,0.9361918655930286,0.9645791106387568,1.1846637101386972,Robins' estimator,0.2,0.2,0.2,0.2,0.3,0.3,0.3,0.3,3411,1.0,1.0,1.0,1.0,1.0
288,1.80101501898561,0.7889772120064363,1.1546532038912236,1.0264269977534384,0.957790691028179,Robins' estimator,0.2,0.2,0.2,0.2,0.3,0.3,0.3,0.3,3411,1.0,1.0,1.0,1.0,1.0
289,1.2152644610166456,0.9652990288805527,0.36727551631740096,1.060851532577228,1.0410896114099484,Robins' estimator,0.2,0.2,0.2,0.2,0.3,0.3,0.3,0.3,3411,1.0,1.0,1.0,1.0,1.0
290,1.3121011033371812,0.9850485690714423,1.159428564150747,1.369418593861636,1.1042937355221156,Robins' estimator,0.2,0.2,0.2,0.2,0.3,0.3,0.3,0.3,3411,1.0,1.0,1.0,1.0,1.0
291,0.9070146780246713,0.8826198687514393,0.8832004544298141,0.917964121164163,0.9071313669496182,Robins' estimator,0.2,0.2,0.2,0.2,0.3,0.3,0.3,0.3,3411,1.0,1.0,1.0,1.0,1.0
292,0.46717434244335687,0.35367495289659806,0.8731667492692948,1.1639105585177838,0.7849197936866744,Robins' estimator,0.2,0.2,0.2,0.2,0.3,0.3,0.3,0.3,3411,1.0,1.0,1.0,1.0,1.0
293,2.0766043564311762,1.6060781985941033,0.7290867989185513,0.9621337802918398,1.0359305448553005,Robins' estimator,0.2,0.2,0.2,0.2,0.3,0.3,0.3,0.3,3411,1.0,1.0,1.0,1.0,1.0
294,1.3069391259925618,1.0382434735434085,1.360844255934305,1.3332702162152659,1.121975652047254,Robins' estimator,0.2,0.2,0.2,0.2,0.3,0.3,0.3,0.3,3411,1.0,1.0,1.0,1.0,1.0
295,1.2963501827654673,0.5569655382336571,1.1956326389440968,0.7994625575545496,1.1023135083258413,Robins' estimator,0.2,0.2,0.2,0.2,0.3,0.3,0.3,0.3,3411,1.0,1.0,1.0,1.0,1.0
296,1.1204597845659159,0.43555721637176853,1.197417058222553,0.9499835004345387,0.9179189144085358,Robins' estimator,0.2,0.2,0.2,0.2,0.3,0.3,0.3,0.3,3411,1.0,1.0,1.0,1.0,1.0
297,1.6359607420856057,0.5738174267870177,1.1157856505873844,0.5327661968510479,0.9678346055228033,Robins' estimator,0.2,0.2,0.2,0.2,0.3,0.3,0.3,0.3,3411,1.0,1.0,1.0,1.0,1.0
298,0.5256127952107443,0.15313814453476535,0.6960677714796584,0.8278296784458934,0.9972015101794524,Robins' estimator,0.2,0.2,0.2,0.2,0.3,0.3,0.3,0.3,3411,1.0,1.0,1.0,1.0,1.0
299,0.36657236242654867,0.377521812808164,1.3697782697902592,0.5015125520341136,0.9424750203260306,Robins' estimator,0.2,0.2,0.2,0.2,0.3,0.3,0.3,0.3,3411,1.0,1.0,1.0,1.0,1.0
300,1.1977584678755502,0.15732738858581496,1.2416230310500225,0.8292996363276312,0.9571821594622821,Robins' estimator,0.2,0.2,0.2,0.2,0.3,0.3,0.3,0.3,3411,1.0,1.0,1.0,1.0,1.0
