id,est_psi05,est_psi15,est_psi25,est_psi35,est_psi45,method,p_I1,p_I2,p_I3,p_I4,ph1,ph2,ph3,ph4,seed,psi05,psi15,psi25,psi35,psi45
1,1.7445426536560118,2.097702416060458,1.04013788371419,0.3569595245060731,0.6146620523487,Three-step-g,0.2,0.2,0.2,0.2,0.3,0.3,0.3,0.3,3411,1.0,1.0,1.0,1.0,1.0
2,-0.34326719537026734,0.21354652185312256,-0.015614653089898624,1.055176671868006,0.9634115642828118,Three-step-g,0.2,0.2,0.2,0.2,0.3,0.3,0.3,0.3,3411,1.0,1.0,1.0,1.0,1.0
3,0.12923148180118513,2.3307477788946738,3.0848325596377295,1.2821013467855176,1.1245241285903593,Three-step-g,0.2,0.2,0.2,0.2,0.3,0.3,0.3,0.3,3411,1.0,1.0,1.0,1.0,1.0
4,1.3077928949598976,1.6525159618137362,0.9245968670431857,0.9841556034623883,1.0963388177149154,Three-step-g,0.2,0.2,0.2,0.2,0.3,0.3,0.3,0.3,3411,1.0,1.0,1.0,1.0,1.0
5,-0.18545085572831138,1.6707571370272112,0.9192557156396208,0.5071609977378475,1.1598105336936466,Three-step-g,0.2,0.2,0.2,0.2,0.3,0.3,0.3,0.3,3411,1.0,1.0,1.0,1.0,1.0
6,0.7784367992960426,0.37539547458517963,1.7195411875509108,0.659004572614817,1.0887969642357467,Three-step-g,0.2,0.2,0.2,0.2,0.3,0.3,0.3,0.3,3411,1.0,1.0,1.0,1.0,1.0
7,2.5530931007368856,1.1152175720354982,0.2574663774450264,0.7794694415122033,1.1141977483737546,Three-step-g,0.2,0.2,0.2,0.2,0.3,0.3,0.3,0.3,3411,1.0,1.0,1.0,1.0,1.0
8,2.336246257075974,2.3881620524472473,1.64531072301368,1.1988707972026864,1.1117724066381813,Three-step-g,0.2,0.2,0.2,0.2,0.3,0.3,0.3,0.3,3411,1.0,1.0,1.0,1.0,1.0
9,2.2240576864713844,2.073035823575094,1.4104622320270002,0.9363563468842041,0.632029171327979,Three-step-g,0.2,0.2,0.2,0.2,0.3,0.3,0.3,0.3,3411,1.0,1.0,1.0,1.0,1.0
10,1.8948274845094606,2.3575387142525823,1.2974432294481355,0.9256823008617142,0.9178835884391651,Three-step-g,0.2,0.2,0.2,0.2,0.3,0.3,0.3,0.3,3411,1.0,1.0,1.0,1.0,1.0
11,0.5099621248251144,1.7246925843159446,1.111704467417608,0.6169950230605967,1.111816115522009,Three-step-g,0.2,0.2,0.2,0.2,0.3,0.3,0.3,0.3,3411,1.0,1.0,1.0,1.0,1.0
12,0.4244862442490824,1.261624457716391,0.6698072737947366,0.9061637746797827,0.8139660879433078,Three-step-g,0.2,0.2,0.2,0.2,0.3,0.3,0.3,0.3,3411,1.0,1.0,1.0,1.0,1.0
13,2.3463227929644797,2.1693480692170275,1.2425827364279154,1.1697229478536892,1.1509106953990687,Three-step-g,0.2,0.2,0.2,0.2,0.3,0.3,0.3,0.3,3411,1.0,1.0,1.0,1.0,1.0
14,4.939766428479276,2.5390817943223123,0.420035242826837,0.8701281871562251,1.1813326591727498,Three-step-g,0.2,0.2,0.2,0.2,0.3,0.3,0.3,0.3,3411,1.0,1.0,1.0,1.0,1.0
15,0.20793236825342143,0.31532109479548087,0.44479170242542504,0.9759222530493695,0.8911177639007053,Three-step-g,0.2,0.2,0.2,0.2,0.3,0.3,0.3,0.3,3411,1.0,1.0,1.0,1.0,1.0
16,1.8134122555299403,-0.504998799623323,0.3877974068018756,0.8832332078180912,1.1887064967221084,Three-step-g,0.2,0.2,0.2,0.2,0.3,0.3,0.3,0.3,3411,1.0,1.0,1.0,1.0,1.0
17,-0.4999664645951825,2.0674597137916897,1.3351556520829602,1.190303324075239,1.042914429943716,Three-step-g,0.2,0.2,0.2,0.2,0.3,0.3,0.3,0.3,3411,1.0,1.0,1.0,1.0,1.0
18,-0.4886976070749199,-0.5713890468841718,0.2862889553218585,0.5855448368430629,1.0999891234560517,Three-step-g,0.2,0.2,0.2,0.2,0.3,0.3,0.3,0.3,3411,1.0,1.0,1.0,1.0,1.0
19,1.416894182879763,0.048781870585721254,1.3262274448091005,1.1008661806780247,0.8373718330816393,Three-step-g,0.2,0.2,0.2,0.2,0.3,0.3,0.3,0.3,3411,1.0,1.0,1.0,1.0,1.0
20,1.2246499382394624,-0.6458543326154453,1.1044891261002279,1.1519226251310788,0.9029384037265171,Three-step-g,0.2,0.2,0.2,0.2,0.3,0.3,0.3,0.3,3411,1.0,1.0,1.0,1.0,1.0
21,0.8753510683342803,0.4625242224872344,2.0603570970471567,1.4456788469367505,1.0138746372117096,Three-step-g,0.2,0.2,0.2,0.2,0.3,0.3,0.3,0.3,3411,1.0,1.0,1.0,1.0,1.0
22,3.408639073972152,0.5989334078355739,0.7719092473699251,1.4879925142215797,1.1496979621562198,Three-step-g,0.2,0.2,0.2,0.2,0.3,0.3,0.3,0.3,3411,1.0,1.0,1.0,1.0,1.0
23,4.38628670656888,5.173607569090106,1.4982443635829024,1.140350873277203,1.0906655197291255,Three-step-g,0.2,0.2,0.2,0.2,0.3,0.3,0.3,0.3,3411,1.0,1.0,1.0,1.0,1.0
24,0.24725901372309986,0.6926953284703175,1.4840352559751873,1.519458962223347,0.8295222775229186,Three-step-g,0.2,0.2,0.2,0.2,0.3,0.3,0.3,0.3,3411,1.0,1.0,1.0,1.0,1.0
25,0.9084100409149499,1.602169124540392,0.26532535034535115,1.2863102210071116,1.140955595382568,Three-step-g,0.2,0.2,0.2,0.2,0.3,0.3,0.3,0.3,3411,1.0,1.0,1.0,1.0,1.0
26,-0.007509326419757442,-0.447013981433134,1.383762820374411,1.5338002272240174,1.0301093986759837,Three-step-g,0.2,0.2,0.2,0.2,0.3,0.3,0.3,0.3,3411,1.0,1.0,1.0,1.0,1.0
27,2.6167735843972637,3.8003347895991224,1.743848405524131,1.6912063915048205,0.7777312222951113,Three-step-g,0.2,0.2,0.2,0.2,0.3,0.3,0.3,0.3,3411,1.0,1.0,1.0,1.0,1.0
28,3.021074496181097,2.6321988027321073,1.3247812725867447,1.6783122950070737,1.1311773887294776,Three-step-g,0.2,0.2,0.2,0.2,0.3,0.3,0.3,0.3,3411,1.0,1.0,1.0,1.0,1.0
29,3.2734069642361576,0.9166615886812967,-0.39086543880753116,1.2732464778952262,1.0960292247105832,Three-step-g,0.2,0.2,0.2,0.2,0.3,0.3,0.3,0.3,3411,1.0,1.0,1.0,1.0,1.0
30,1.108082710228639,-0.09092268373355646,2.9870373934934453,1.0788905589617448,1.1963280501695877,Three-step-g,0.2,0.2,0.2,0.2,0.3,0.3,0.3,0.3,3411,1.0,1.0,1.0,1.0,1.0
31,1.1771259430346563,0.5127622835924848,0.3167586361514711,1.841236328976826,1.1643818839827917,Three-step-g,0.2,0.2,0.2,0.2,0.3,0.3,0.3,0.3,3411,1.0,1.0,1.0,1.0,1.0
32,1.1543497239438567,-0.16861341247467926,1.6120207978217402,0.9197046722299218,0.9090614817420103,Three-step-g,0.2,0.2,0.2,0.2,0.3,0.3,0.3,0.3,3411,1.0,1.0,1.0,1.0,1.0
33,0.9612391867867486,2.839840378248432,0.6343501124688745,1.452107229455509,1.1286261192175338,Three-step-g,0.2,0.2,0.2,0.2,0.3,0.3,0.3,0.3,3411,1.0,1.0,1.0,1.0,1.0
34,-0.4445006123957951,0.8266219554653567,0.6033237776270942,1.3744617840685656,0.7820165331419472,Three-step-g,0.2,0.2,0.2,0.2,0.3,0.3,0.3,0.3,3411,1.0,1.0,1.0,1.0,1.0
35,1.9512379163905975,0.3639420300476724,1.3689321933513061,1.2709153402465412,1.3285453641272265,Three-step-g,0.2,0.2,0.2,0.2,0.3,0.3,0.3,0.3,3411,1.0,1.0,1.0,1.0,1.0
36,-2.3349525706794516,0.9783103394336397,0.375934716204111,1.094977267966014,1.0876593955685587,Three-step-g,0.2,0.2,0.2,0.2,0.3,0.3,0.3,0.3,3411,1.0,1.0,1.0,1.0,1.0
37,1.8757662500288832,1.4004200266033193,0.2902573564623464,1.483060895122704,1.0754340458952936,Three-step-g,0.2,0.2,0.2,0.2,0.3,0.3,0.3,0.3,3411,1.0,1.0,1.0,1.0,1.0
38,0.14885132539880452,1.4734198579980442,0.5675211072360127,0.9627428429771544,0.9249067574053415,Three-step-g,0.2,0.2,0.2,0.2,0.3,0.3,0.3,0.3,3411,1.0,1.0,1.0,1.0,1.0
39,3.101256229062141,1.427521875313764,0.9434071246062763,0.6921037454363199,0.9782118896890551,Three-step-g,0.2,0.2,0.2,0.2,0.3,0.3,0.3,0.3,3411,1.0,1.0,1.0,1.0,1.0
40,0.6000938871200392,0.8500935515522725,1.2693355785552178,0.9966765491135997,1.2756866664567716,Three-step-g,0.2,0.2,0.2,0.2,0.3,0.3,0.3,0.3,3411,1.0,1.0,1.0,1.0,1.0
41,-0.10863864639840713,0.7159776804671204,1.1881269020620902,0.5275905517015738,0.9081640274986371,Three-step-g,0.2,0.2,0.2,0.2,0.3,0.3,0.3,0.3,3411,1.0,1.0,1.0,1.0,1.0
42,0.5708987577648889,0.3222643028501463,1.2304717040687285,1.3364824546124767,0.999950458226222,Three-step-g,0.2,0.2,0.2,0.2,0.3,0.3,0.3,0.3,3411,1.0,1.0,1.0,1.0,1.0
43,0.21472784794112496,2.8115463902257094,2.537335321697664,1.2349419126095835,0.8368264706702314,Three-step-g,0.2,0.2,0.2,0.2,0.3,0.3,0.3,0.3,3411,1.0,1.0,1.0,1.0,1.0
44,-0.3124736434397889,-0.44425861101234176,0.2360534192366213,1.3774918039522484,0.8116105625742188,Three-step-g,0.2,0.2,0.2,0.2,0.3,0.3,0.3,0.3,3411,1.0,1.0,1.0,1.0,1.0
45,0.8789316224877812,-0.822606879400452,0.9407084315472765,1.2682793087339317,0.9989557630969547,Three-step-g,0.2,0.2,0.2,0.2,0.3,0.3,0.3,0.3,3411,1.0,1.0,1.0,1.0,1.0
46,2.2788526971231686,3.2532603978551657,0.6557976172559428,1.1236405196668207,1.1154130750525617,Three-step-g,0.2,0.2,0.2,0.2,0.3,0.3,0.3,0.3,3411,1.0,1.0,1.0,1.0,1.0
47,1.0262010152883758,2.753768333302969,0.8134267103217487,1.152688548047535,0.8710152270961897,Three-step-g,0.2,0.2,0.2,0.2,0.3,0.3,0.3,0.3,3411,1.0,1.0,1.0,1.0,1.0
48,1.2783583172837552,0.5803559458972822,0.5074871054037893,0.8646148656417117,0.9033173415271265,Three-step-g,0.2,0.2,0.2,0.2,0.3,0.3,0.3,0.3,3411,1.0,1.0,1.0,1.0,1.0
49,0.3954905642664253,0.8912332113592774,0.9994545212581405,1.1142964009493816,0.9473801620374034,Three-step-g,0.2,0.2,0.2,0.2,0.3,0.3,0.3,0.3,3411,1.0,1.0,1.0,1.0,1.0
50,-0.05788745194196855,1.2814616237122167,1.8120629929149799,0.788216556894036,0.6914532854801084,Three-step-g,0.2,0.2,0.2,0.2,0.3,0.3,0.3,0.3,3411,1.0,1.0,1.0,1.0,1.0
51,-0.34025207681241165,1.15766845787781,-0.22293347906244618,0.8964965125293849,1.053858810269023,Three-step-g,0.2,0.2,0.2,0.2,0.3,0.3,0.3,0.3,3411,1.0,1.0,1.0,1.0,1.0
52,0.6359626250465219,1.2476352003042257,1.0035397097121896,1.3312192964704257,0.9431736338387359,Three-step-g,0.2,0.2,0.2,0.2,0.3,0.3,0.3,0.3,3411,1.0,1.0,1.0,1.0,1.0
53,1.708258802913964,0.6851458732377337,1.0287690367260987,0.7562238863393772,1.0326560957270026,Three-step-g,0.2,0.2,0.2,0.2,0.3,0.3,0.3,0.3,3411,1.0,1.0,1.0,1.0,1.0
54,2.9743547175400593,0.003974680820132727,1.3626817397034467,1.2774544994190478,0.826279072661763,Three-step-g,0.2,0.2,0.2,0.2,0.3,0.3,0.3,0.3,3411,1.0,1.0,1.0,1.0,1.0
55,0.6790919272936582,3.138923186287718,1.2430506635100742,0.9620011532030729,1.1115079663197875,Three-step-g,0.2,0.2,0.2,0.2,0.3,0.3,0.3,0.3,3411,1.0,1.0,1.0,1.0,1.0
56,2.6540121891683657,1.9659862132407746,0.9485044303028961,1.0083252363014088,1.0644934050569996,Three-step-g,0.2,0.2,0.2,0.2,0.3,0.3,0.3,0.3,3411,1.0,1.0,1.0,1.0,1.0
57,0.13702545551201997,2.5466146818524726,4.011701377678296,1.3677324202619494,1.141069795241934,Three-step-g,0.2,0.2,0.2,0.2,0.3,0.3,0.3,0.3,3411,1.0,1.0,1.0,1.0,1.0
58,0.7787870133899593,2.5599332164186452,1.0028143900254194,1.2447908592184884,0.9707189664874214,Three-step-g,0.2,0.2,0.2,0.2,0.3,0.3,0.3,0.3,3411,1.0,1.0,1.0,1.0,1.0
59,0.09777684433765564,0.7586758142325091,1.2740987171062021,0.6804660657657718,0.8477490182739016,Three-step-g,0.2,0.2,0.2,0.2,0.3,0.3,0.3,0.3,3411,1.0,1.0,1.0,1.0,1.0
60,0.7134557223681697,0.7404538280607394,1.0660864232378657,1.1769537702381916,0.8132353723320652,Three-step-g,0.2,0.2,0.2,0.2,0.3,0.3,0.3,0.3,3411,1.0,1.0,1.0,1.0,1.0
61,2.06724500393956,1.0019054387779762,0.6891146518490808,1.1352500882679628,0.9880205964836013,Three-step-g,0.2,0.2,0.2,0.2,0.3,0.3,0.3,0.3,3411,1.0,1.0,1.0,1.0,1.0
62,0.572336478192606,1.029721041182533,1.2764472402730647,1.2949427286242958,0.8528725443789043,Three-step-g,0.2,0.2,0.2,0.2,0.3,0.3,0.3,0.3,3411,1.0,1.0,1.0,1.0,1.0
63,-0.1770814758447077,0.820129715275587,1.9116774967082473,0.8293969885751908,0.9966072205668425,Three-step-g,0.2,0.2,0.2,0.2,0.3,0.3,0.3,0.3,3411,1.0,1.0,1.0,1.0,1.0
64,3.7274592581705868,3.486273522463824,2.422302031272217,1.312856586851957,0.9097216562344534,Three-step-g,0.2,0.2,0.2,0.2,0.3,0.3,0.3,0.3,3411,1.0,1.0,1.0,1.0,1.0
65,-0.008076507838992044,0.12467183566536288,0.8823181634032623,0.8587648130278708,1.056657830544643,Three-step-g,0.2,0.2,0.2,0.2,0.3,0.3,0.3,0.3,3411,1.0,1.0,1.0,1.0,1.0
66,-0.4642100620172503,0.5922145467542317,0.6379917739280103,1.416023220237472,0.9679264124222386,Three-step-g,0.2,0.2,0.2,0.2,0.3,0.3,0.3,0.3,3411,1.0,1.0,1.0,1.0,1.0
67,0.3613043697118335,2.5983729983807633,1.8308687773734929,0.7878169458773981,0.9629019531033712,Three-step-g,0.2,0.2,0.2,0.2,0.3,0.3,0.3,0.3,3411,1.0,1.0,1.0,1.0,1.0
68,0.5760450407241813,1.1141725297163534,0.22291391209760544,0.8876152502285403,0.8601235333480111,Three-step-g,0.2,0.2,0.2,0.2,0.3,0.3,0.3,0.3,3411,1.0,1.0,1.0,1.0,1.0
69,0.06375289463841236,1.737804200715242,1.6322578130131622,1.1880764269613848,0.9538881767223732,Three-step-g,0.2,0.2,0.2,0.2,0.3,0.3,0.3,0.3,3411,1.0,1.0,1.0,1.0,1.0
70,0.47475242506152154,0.0819521233138387,1.3009654638468537,1.0473178101933662,1.187326297411491,Three-step-g,0.2,0.2,0.2,0.2,0.3,0.3,0.3,0.3,3411,1.0,1.0,1.0,1.0,1.0
71,0.28674775755560666,0.6959051704674386,0.5159389210662931,0.741659321926175,1.0245750390202977,Three-step-g,0.2,0.2,0.2,0.2,0.3,0.3,0.3,0.3,3411,1.0,1.0,1.0,1.0,1.0
72,-0.583545972325341,0.6486193559275356,1.66854931683602,1.381935811999844,0.9141495494224884,Three-step-g,0.2,0.2,0.2,0.2,0.3,0.3,0.3,0.3,3411,1.0,1.0,1.0,1.0,1.0
73,1.183264418594139,3.0661862247873435,0.6105705246567441,0.85298389273429,0.9802339068118123,Three-step-g,0.2,0.2,0.2,0.2,0.3,0.3,0.3,0.3,3411,1.0,1.0,1.0,1.0,1.0
74,-1.0882415877803775,0.6891944880122569,1.6653876636991263,0.893555136254102,0.9661555426254045,Three-step-g,0.2,0.2,0.2,0.2,0.3,0.3,0.3,0.3,3411,1.0,1.0,1.0,1.0,1.0
75,2.445817362269458,2.040188704838952,1.5661330534957931,1.648870067148843,1.210119945659582,Three-step-g,0.2,0.2,0.2,0.2,0.3,0.3,0.3,0.3,3411,1.0,1.0,1.0,1.0,1.0
76,5.880784459573515,1.4302564299299696,1.3131865876544668,1.2243576708810682,1.163554129210446,Three-step-g,0.2,0.2,0.2,0.2,0.3,0.3,0.3,0.3,3411,1.0,1.0,1.0,1.0,1.0
77,0.1988023821433566,3.6202541139291915,-0.03032272545030516,0.8029044388515333,0.8206327661984744,Three-step-g,0.2,0.2,0.2,0.2,0.3,0.3,0.3,0.3,3411,1.0,1.0,1.0,1.0,1.0
78,2.3677309368281896,0.3204429841945035,1.4326644768175631,1.0912868137984075,1.2890854033942465,Three-step-g,0.2,0.2,0.2,0.2,0.3,0.3,0.3,0.3,3411,1.0,1.0,1.0,1.0,1.0
79,0.685885916632311,-0.19288372609559726,1.22674225259184,1.2043008624625569,1.087547054645056,Three-step-g,0.2,0.2,0.2,0.2,0.3,0.3,0.3,0.3,3411,1.0,1.0,1.0,1.0,1.0
80,0.06859594525295411,2.0092509196807518,0.316785147967345,0.9710612241427541,1.3014817513248353,Three-step-g,0.2,0.2,0.2,0.2,0.3,0.3,0.3,0.3,3411,1.0,1.0,1.0,1.0,1.0
81,0.17031533134894927,1.4589525294320553,1.4694321296682908,0.9824457831504321,0.759072726650782,Three-step-g,0.2,0.2,0.2,0.2,0.3,0.3,0.3,0.3,3411,1.0,1.0,1.0,1.0,1.0
82,1.0493919393382867,-0.8577172159612964,0.8269028529111523,0.9421573028103976,1.0395070322601225,Three-step-g,0.2,0.2,0.2,0.2,0.3,0.3,0.3,0.3,3411,1.0,1.0,1.0,1.0,1.0
83,0.818191115622216,0.010233823733254483,2.1833684836024823,0.84987415143239,1.097316460741339,Three-step-g,0.2,0.2,0.2,0.2,0.3,0.3,0.3,0.3,3411,1.0,1.0,1.0,1.0,1.0
84,0.224115836305663,-0.0684398935246401,0.3174105291826513,1.2959259975672732,0.94974258248891,Three-step-g,0.2,0.2,0.2,0.2,0.3,0.3,0.3,0.3,3411,1.0,1.0,1.0,1.0,1.0
85,0.288824107822054,-0.3036267279968398,2.3213814048431605,1.0354161546462117,1.2436270774580993,Three-step-g,0.2,0.2,0.2,0.2,0.3,0.3,0.3,0.3,3411,1.0,1.0,1.0,1.0,1.0
86,0.3005684354780028,-0.5299232282740999,0.7510677975510756,0.7897932355899684,1.023094787333074,Three-step-g,0.2,0.2,0.2,0.2,0.3,0.3,0.3,0.3,3411,1.0,1.0,1.0,1.0,1.0
87,0.8160893657303855,0.9703804963844055,0.9664437048522163,1.405374719373752,1.1155634710107611,Three-step-g,0.2,0.2,0.2,0.2,0.3,0.3,0.3,0.3,3411,1.0,1.0,1.0,1.0,1.0
88,2.0477068454033613,1.7950788149893735,0.6491313206375774,0.25917366816697546,1.011057719757071,Three-step-g,0.2,0.2,0.2,0.2,0.3,0.3,0.3,0.3,3411,1.0,1.0,1.0,1.0,1.0
89,2.570118925451503,2.4422481879374307,1.1157149425393036,0.5912892924972752,1.3547752681838041,Three-step-g,0.2,0.2,0.2,0.2,0.3,0.3,0.3,0.3,3411,1.0,1.0,1.0,1.0,1.0
90,2.2835395433411123,3.17140270519324,1.6622748864806294,1.2380722806854387,1.1918459401002603,Three-step-g,0.2,0.2,0.2,0.2,0.3,0.3,0.3,0.3,3411,1.0,1.0,1.0,1.0,1.0
91,0.10634049737243327,1.6804061462007551,1.6733239197261165,1.3619765313124899,1.0020697186181116,Three-step-g,0.2,0.2,0.2,0.2,0.3,0.3,0.3,0.3,3411,1.0,1.0,1.0,1.0,1.0
92,0.730665770497593,0.20341160573496309,1.2551642629587116,0.7574181258653769,0.8551449260471063,Three-step-g,0.2,0.2,0.2,0.2,0.3,0.3,0.3,0.3,3411,1.0,1.0,1.0,1.0,1.0
93,0.3198625577627712,1.7274958770120687,1.1358833167825209,0.6356438163575495,1.1114620865399405,Three-step-g,0.2,0.2,0.2,0.2,0.3,0.3,0.3,0.3,3411,1.0,1.0,1.0,1.0,1.0
94,0.6895296699726058,2.658489877153596,0.2764951723068487,1.3122609146749293,1.033683436961707,Three-step-g,0.2,0.2,0.2,0.2,0.3,0.3,0.3,0.3,3411,1.0,1.0,1.0,1.0,1.0
95,2.070887671113883,0.7879866413142091,2.1952839881830606,1.079271465041783,0.9173803440697756,Three-step-g,0.2,0.2,0.2,0.2,0.3,0.3,0.3,0.3,3411,1.0,1.0,1.0,1.0,1.0
96,0.06901606519862725,0.961357785876142,1.4417568570147758,0.872891904363002,1.157883937771288,Three-step-g,0.2,0.2,0.2,0.2,0.3,0.3,0.3,0.3,3411,1.0,1.0,1.0,1.0,1.0
97,1.2006508131905296,-0.42155279151020075,1.4098380411984008,0.540689763098548,1.052107721823409,Three-step-g,0.2,0.2,0.2,0.2,0.3,0.3,0.3,0.3,3411,1.0,1.0,1.0,1.0,1.0
98,1.6279433664075358,2.128171281369052,1.4589986970246234,1.285579930677042,1.3215260149089014,Three-step-g,0.2,0.2,0.2,0.2,0.3,0.3,0.3,0.3,3411,1.0,1.0,1.0,1.0,1.0
99,1.1151386690299538,1.6786146914294922,0.3324401515749371,0.9000901735861054,0.9766942340634952,Three-step-g,0.2,0.2,0.2,0.2,0.3,0.3,0.3,0.3,3411,1.0,1.0,1.0,1.0,1.0
100,-0.21889177055891063,-0.46046809787801873,0.6923123417224777,1.209958128059944,0.91342801128797,Three-step-g,0.2,0.2,0.2,0.2,0.3,0.3,0.3,0.3,3411,1.0,1.0,1.0,1.0,1.0
101,3.460346851475007,0.6810263408631853,2.107308259370935,1.0207932889930873,1.1896216235036676,Three-step-g,0.2,0.2,0.2,0.2,0.3,0.3,0.3,0.3,3411,1.0,1.0,1.0,1.0,1.0
102,0.39381726812424017,-0.5715218161347125,0.8283853727573608,0.9240878255710366,0.8911362496236485,Three-step-g,0.2,0.2,0.2,0.2,0.3,0.3,0.3,0.3,3411,1.0,1.0,1.0,1.0,1.0
103,1.1076698723209764,0.9089108301676099,1.0291728261146968,1.3341489782902942,1.003386534216089,Three-step-g,0.2,0.2,0.2,0.2,0.3,0.3,0.3,0.3,3411,1.0,1.0,1.0,1.0,1.0
104,3.8911627620939986,2.125415330797549,2.0257802157201747,1.7441213637228798,1.133106147779497,Three-step-g,0.2,0.2,0.2,0.2,0.3,0.3,0.3,0.3,3411,1.0,1.0,1.0,1.0,1.0
105,1.1814846605132219,0.8178653166631779,2.3010109334522033,1.0430836560655126,0.861185867096509,Three-step-g,0.2,0.2,0.2,0.2,0.3,0.3,0.3,0.3,3411,1.0,1.0,1.0,1.0,1.0
106,3.401027070086828,-0.7444613007310626,0.9532495280783326,0.5808558099947374,0.71894872866404,Three-step-g,0.2,0.2,0.2,0.2,0.3,0.3,0.3,0.3,3411,1.0,1.0,1.0,1.0,1.0
107,1.4476196119778308,-0.18844323707569807,1.9203215785775716,0.773926485894292,1.1566520708475707,Three-step-g,0.2,0.2,0.2,0.2,0.3,0.3,0.3,0.3,3411,1.0,1.0,1.0,1.0,1.0
108,0.6571227154932542,1.5086253435471275,0.8776382576104399,1.467539257985048,1.2407511046539146,Three-step-g,0.2,0.2,0.2,0.2,0.3,0.3,0.3,0.3,3411,1.0,1.0,1.0,1.0,1.0
109,2.752284851610804,0.6618923353212866,0.5451890009395829,1.5655740506631308,0.9454166043565286,Three-step-g,0.2,0.2,0.2,0.2,0.3,0.3,0.3,0.3,3411,1.0,1.0,1.0,1.0,1.0
110,0.8913177825924816,2.34287405563518,0.3995266537507004,0.6742922634993952,1.0587398165507271,Three-step-g,0.2,0.2,0.2,0.2,0.3,0.3,0.3,0.3,3411,1.0,1.0,1.0,1.0,1.0
111,1.6119998072392612,-0.29894338876165527,0.36952778114284207,0.9554462674659542,1.1351009480037813,Three-step-g,0.2,0.2,0.2,0.2,0.3,0.3,0.3,0.3,3411,1.0,1.0,1.0,1.0,1.0
112,-0.05334608963617274,0.24961606774094294,0.5686507619355702,0.7985834067943606,1.0205741090207723,Three-step-g,0.2,0.2,0.2,0.2,0.3,0.3,0.3,0.3,3411,1.0,1.0,1.0,1.0,1.0
113,2.002508187549639,0.08792216291701307,0.6208401209627706,0.9370536260604756,1.2064638993166146,Three-step-g,0.2,0.2,0.2,0.2,0.3,0.3,0.3,0.3,3411,1.0,1.0,1.0,1.0,1.0
114,0.41096418439829097,-0.6157790819251753,0.4890387334288252,0.80857360996212,1.106159402116615,Three-step-g,0.2,0.2,0.2,0.2,0.3,0.3,0.3,0.3,3411,1.0,1.0,1.0,1.0,1.0
115,1.1826874207548663,0.7841738327744019,0.658732719183834,1.1194606305285917,1.1469359545869733,Three-step-g,0.2,0.2,0.2,0.2,0.3,0.3,0.3,0.3,3411,1.0,1.0,1.0,1.0,1.0
116,0.14627545778290607,1.850932785736881,0.9208571345421491,1.4472029949699534,1.1046457897473827,Three-step-g,0.2,0.2,0.2,0.2,0.3,0.3,0.3,0.3,3411,1.0,1.0,1.0,1.0,1.0
117,0.43791882588943654,-0.08600614154818088,-0.4068182322563692,0.7872315453184913,0.8572206077638647,Three-step-g,0.2,0.2,0.2,0.2,0.3,0.3,0.3,0.3,3411,1.0,1.0,1.0,1.0,1.0
118,-0.016018147596731303,0.3248354909489498,2.109541045674925,1.6999289410907241,1.1633315815087986,Three-step-g,0.2,0.2,0.2,0.2,0.3,0.3,0.3,0.3,3411,1.0,1.0,1.0,1.0,1.0
119,-1.1669034007610013,0.17459794959032743,1.1230426208349877,1.2895420687957926,0.8460447796955741,Three-step-g,0.2,0.2,0.2,0.2,0.3,0.3,0.3,0.3,3411,1.0,1.0,1.0,1.0,1.0
120,0.5624667255456746,1.9807081603472976,0.3879179361465527,0.45836350620751815,0.6305433283337506,Three-step-g,0.2,0.2,0.2,0.2,0.3,0.3,0.3,0.3,3411,1.0,1.0,1.0,1.0,1.0
121,0.33823603108759476,1.721295839242421,1.5262821106216242,0.6003767095240469,1.2529830785349794,Three-step-g,0.2,0.2,0.2,0.2,0.3,0.3,0.3,0.3,3411,1.0,1.0,1.0,1.0,1.0
122,1.8336244882810182,2.744186563019252,0.7640519648233408,1.1835566187379705,1.2542681655519712,Three-step-g,0.2,0.2,0.2,0.2,0.3,0.3,0.3,0.3,3411,1.0,1.0,1.0,1.0,1.0
123,1.9216193813299782,1.4527968907731177,1.05192366250271,0.7760624809322099,0.7919744378087684,Three-step-g,0.2,0.2,0.2,0.2,0.3,0.3,0.3,0.3,3411,1.0,1.0,1.0,1.0,1.0
124,1.0189696623346527,0.9098203107580043,1.9905865366073825,1.4650361384813875,0.903469292152339,Three-step-g,0.2,0.2,0.2,0.2,0.3,0.3,0.3,0.3,3411,1.0,1.0,1.0,1.0,1.0
125,1.100763879581063,0.9576564914206129,1.7420006605458194,0.49616527726479465,1.1359971478326705,Three-step-g,0.2,0.2,0.2,0.2,0.3,0.3,0.3,0.3,3411,1.0,1.0,1.0,1.0,1.0
126,1.896651610532059,0.12738981842217129,2.921081623774137,1.728612095262102,1.0127538884622302,Three-step-g,0.2,0.2,0.2,0.2,0.3,0.3,0.3,0.3,3411,1.0,1.0,1.0,1.0,1.0
127,0.31371313704978304,-0.5440240911113351,0.30788175176223415,1.014811243305024,0.8180521631286927,Three-step-g,0.2,0.2,0.2,0.2,0.3,0.3,0.3,0.3,3411,1.0,1.0,1.0,1.0,1.0
128,2.0480043416874496,-0.3309832367330492,1.9399855518138827,1.008464396033827,0.7906862617804015,Three-step-g,0.2,0.2,0.2,0.2,0.3,0.3,0.3,0.3,3411,1.0,1.0,1.0,1.0,1.0
129,0.30788866530051,-0.002956723916328912,1.3450202109081895,0.8640621557113685,1.0372354583588552,Three-step-g,0.2,0.2,0.2,0.2,0.3,0.3,0.3,0.3,3411,1.0,1.0,1.0,1.0,1.0
130,1.5754716923402983,1.2452843090907184,1.0186396894912861,1.2816494405738048,1.0401502426339613,Three-step-g,0.2,0.2,0.2,0.2,0.3,0.3,0.3,0.3,3411,1.0,1.0,1.0,1.0,1.0
131,-0.46999879641920467,-1.3344707172798795,1.6877049379932167,0.9996561150206598,0.8575677878816481,Three-step-g,0.2,0.2,0.2,0.2,0.3,0.3,0.3,0.3,3411,1.0,1.0,1.0,1.0,1.0
132,2.7456631192064695,0.1966470926944199,1.0180085337637306,1.6076249900801136,1.3646034105468299,Three-step-g,0.2,0.2,0.2,0.2,0.3,0.3,0.3,0.3,3411,1.0,1.0,1.0,1.0,1.0
133,-1.4863773356813834,1.1829990406432893,1.229508948035289,1.010206196474675,1.0121578341669866,Three-step-g,0.2,0.2,0.2,0.2,0.3,0.3,0.3,0.3,3411,1.0,1.0,1.0,1.0,1.0
134,0.6776131233845258,0.610326416819265,0.7895345888670439,0.9327695431450973,0.7988497202058245,Three-step-g,0.2,0.2,0.2,0.2,0.3,0.3,0.3,0.3,3411,1.0,1.0,1.0,1.0,1.0
135,0.44032213858357333,3.3600996632445885,1.1858291438903739,0.9843685314063372,1.0631471531736183,Three-step-g,0.2,0.2,0.2,0.2,0.3,0.3,0.3,0.3,3411,1.0,1.0,1.0,1.0,1.0
136,-0.3653084520164642,1.1985777046709236,1.1094171305674958,1.5459835235699089,0.8282018012782179,Three-step-g,0.2,0.2,0.2,0.2,0.3,0.3,0.3,0.3,3411,1.0,1.0,1.0,1.0,1.0
137,-1.2450537643286272,-0.4742475260099061,0.4062133572520174,0.6848358758111507,0.9391659127577583,Three-step-g,0.2,0.2,0.2,0.2,0.3,0.3,0.3,0.3,3411,1.0,1.0,1.0,1.0,1.0
138,-0.7643309655117938,2.534045882989996,0.9433787347043061,0.7206327666813891,1.0368586835480087,Three-step-g,0.2,0.2,0.2,0.2,0.3,0.3,0.3,0.3,3411,1.0,1.0,1.0,1.0,1.0
139,2.4274482434041147,1.8880929291724033,0.9363625376583257,1.1455179827659743,0.6612511088403348,Three-step-g,0.2,0.2,0.2,0.2,0.3,0.3,0.3,0.3,3411,1.0,1.0,1.0,1.0,1.0
140,-0.192572439280397,0.8639597818762744,0.6592445968784535,0.8566027441041644,1.0034186930363822,Three-step-g,0.2,0.2,0.2,0.2,0.3,0.3,0.3,0.3,3411,1.0,1.0,1.0,1.0,1.0
141,2.0298225584068477,1.1406071050931832,1.3487766011140785,1.1111443611666243,1.2466310712538982,Three-step-g,0.2,0.2,0.2,0.2,0.3,0.3,0.3,0.3,3411,1.0,1.0,1.0,1.0,1.0
142,-0.3182851885189206,1.1535703733170888,0.7798379257633096,1.6543168549882317,0.8378485238367076,Three-step-g,0.2,0.2,0.2,0.2,0.3,0.3,0.3,0.3,3411,1.0,1.0,1.0,1.0,1.0
143,0.7077206025244209,3.5930807188633542,1.8208531500271659,0.9762225032680524,0.9836477739959176,Three-step-g,0.2,0.2,0.2,0.2,0.3,0.3,0.3,0.3,3411,1.0,1.0,1.0,1.0,1.0
144,1.9458545300741852,0.8342030137772392,0.8746305783097883,1.6815729355064033,1.1534529078417444,Three-step-g,0.2,0.2,0.2,0.2,0.3,0.3,0.3,0.3,3411,1.0,1.0,1.0,1.0,1.0
145,-0.08173507187254073,0.8760911568406398,1.360345657995009,1.4647426119150424,0.7409164862588761,Three-step-g,0.2,0.2,0.2,0.2,0.3,0.3,0.3,0.3,3411,1.0,1.0,1.0,1.0,1.0
146,-0.14925461349003374,-0.562784435884958,-0.9875365270485026,0.9218629773688646,0.9503761969267698,Three-step-g,0.2,0.2,0.2,0.2,0.3,0.3,0.3,0.3,3411,1.0,1.0,1.0,1.0,1.0
147,-0.4622427252718218,0.4250826268498411,1.2414362903237715,0.7372601839177373,0.8751013999938296,Three-step-g,0.2,0.2,0.2,0.2,0.3,0.3,0.3,0.3,3411,1.0,1.0,1.0,1.0,1.0
148,-0.49861764658147384,1.5969159089482259,1.1112072186256052,0.6413955982072365,1.035638229941806,Three-step-g,0.2,0.2,0.2,0.2,0.3,0.3,0.3,0.3,3411,1.0,1.0,1.0,1.0,1.0
149,1.1925321257100174,3.756970966636754,2.22567309937621,0.640297143016201,0.9061564361955612,Three-step-g,0.2,0.2,0.2,0.2,0.3,0.3,0.3,0.3,3411,1.0,1.0,1.0,1.0,1.0
150,0.9887729076343936,0.49148675652944435,0.9462176365154442,1.5328239590463946,1.0446704014678851,Three-step-g,0.2,0.2,0.2,0.2,0.3,0.3,0.3,0.3,3411,1.0,1.0,1.0,1.0,1.0
151,2.1559850321821292,1.1337107581911932,2.344406884184637,0.8146157361090481,1.02357344020535,Three-step-g,0.2,0.2,0.2,0.2,0.3,0.3,0.3,0.3,3411,1.0,1.0,1.0,1.0,1.0
152,1.0279375709244836,1.2237127018665679,0.861147158663897,1.4990192483318232,1.046335685553975,Three-step-g,0.2,0.2,0.2,0.2,0.3,0.3,0.3,0.3,3411,1.0,1.0,1.0,1.0,1.0
153,2.1872955289314895,2.974011845521755,2.025687767094807,0.8933593126388683,0.8080889358565998,Three-step-g,0.2,0.2,0.2,0.2,0.3,0.3,0.3,0.3,3411,1.0,1.0,1.0,1.0,1.0
154,-0.04099913759140783,0.4124139500422431,0.9019105179400064,1.1739621631763086,1.1450320049342408,Three-step-g,0.2,0.2,0.2,0.2,0.3,0.3,0.3,0.3,3411,1.0,1.0,1.0,1.0,1.0
155,2.200010011756161,3.902600464720265,1.1156041567422046,0.9510921759222141,1.2797570458611731,Three-step-g,0.2,0.2,0.2,0.2,0.3,0.3,0.3,0.3,3411,1.0,1.0,1.0,1.0,1.0
156,0.7822400900139526,1.0499424341898305,0.9235525525460426,1.0292018776614085,0.8130666431975565,Three-step-g,0.2,0.2,0.2,0.2,0.3,0.3,0.3,0.3,3411,1.0,1.0,1.0,1.0,1.0
157,2.4352606524971416,3.28277855471255,0.6801064022369047,1.2818150048332033,1.0165466681418631,Three-step-g,0.2,0.2,0.2,0.2,0.3,0.3,0.3,0.3,3411,1.0,1.0,1.0,1.0,1.0
158,0.8036147575117079,0.01184562027428041,1.5975946033267667,1.0770381221238818,1.052162447362932,Three-step-g,0.2,0.2,0.2,0.2,0.3,0.3,0.3,0.3,3411,1.0,1.0,1.0,1.0,1.0
159,0.6689233940687251,0.8257419890617858,0.8019515372606573,0.9293175847377059,0.8251876192914421,Three-step-g,0.2,0.2,0.2,0.2,0.3,0.3,0.3,0.3,3411,1.0,1.0,1.0,1.0,1.0
160,2.5139506259919577,0.1387622512924244,1.225170328506594,1.1588706543915468,0.7792811940719129,Three-step-g,0.2,0.2,0.2,0.2,0.3,0.3,0.3,0.3,3411,1.0,1.0,1.0,1.0,1.0
161,0.5890101633359527,4.467019919535602,1.0041025069794636,1.2363176455571085,0.9358305077385426,Three-step-g,0.2,0.2,0.2,0.2,0.3,0.3,0.3,0.3,3411,1.0,1.0,1.0,1.0,1.0
162,1.8263966684289559,0.5968048959277328,2.035542505351825,0.6995741583535907,1.0571161089696566,Three-step-g,0.2,0.2,0.2,0.2,0.3,0.3,0.3,0.3,3411,1.0,1.0,1.0,1.0,1.0
163,2.496334572973932,0.01266862959800732,1.373769468314612,1.0196201169152284,1.1730231030663498,Three-step-g,0.2,0.2,0.2,0.2,0.3,0.3,0.3,0.3,3411,1.0,1.0,1.0,1.0,1.0
164,0.5232658745360379,1.7338814764722652,0.3598443995970566,1.178673307999194,0.873167806357906,Three-step-g,0.2,0.2,0.2,0.2,0.3,0.3,0.3,0.3,3411,1.0,1.0,1.0,1.0,1.0
165,0.3105688610803921,2.559531768881961,0.9036112641463657,1.217577971902644,0.8940895894720384,Three-step-g,0.2,0.2,0.2,0.2,0.3,0.3,0.3,0.3,3411,1.0,1.0,1.0,1.0,1.0
166,0.7763690799792992,0.672240823730602,1.8144653247407696,1.2227862467180823,0.9730615947260499,Three-step-g,0.2,0.2,0.2,0.2,0.3,0.3,0.3,0.3,3411,1.0,1.0,1.0,1.0,1.0
167,1.116594846720933,1.3003190774334674,2.587917946141359,1.235405183054119,1.0514839494183783,Three-step-g,0.2,0.2,0.2,0.2,0.3,0.3,0.3,0.3,3411,1.0,1.0,1.0,1.0,1.0
168,1.2314462734926528,1.6607996467184898,1.1269470316291623,1.0445378388198832,0.8035901165196618,Three-step-g,0.2,0.2,0.2,0.2,0.3,0.3,0.3,0.3,3411,1.0,1.0,1.0,1.0,1.0
169,2.3636834163095846,1.2039568008567783,1.929074131706804,1.2793801259559934,0.9927213641459749,Three-step-g,0.2,0.2,0.2,0.2,0.3,0.3,0.3,0.3,3411,1.0,1.0,1.0,1.0,1.0
170,1.4300968519336075,4.907768208739427,1.602224259789124,0.976009206630566,1.2725413006227173,Three-step-g,0.2,0.2,0.2,0.2,0.3,0.3,0.3,0.3,3411,1.0,1.0,1.0,1.0,1.0
171,0.40758438238614736,0.370968227574327,0.9615630649557472,0.5809518894840169,0.7737585197749371,Three-step-g,0.2,0.2,0.2,0.2,0.3,0.3,0.3,0.3,3411,1.0,1.0,1.0,1.0,1.0
172,1.2924750011620034,1.2296330760911631,1.0239835633518521,0.989305189254878,0.9138203094516982,Three-step-g,0.2,0.2,0.2,0.2,0.3,0.3,0.3,0.3,3411,1.0,1.0,1.0,1.0,1.0
173,0.9565316293162315,-0.642503984458169,1.3822144104466685,0.7814690113245887,0.9063536095566522,Three-step-g,0.2,0.2,0.2,0.2,0.3,0.3,0.3,0.3,3411,1.0,1.0,1.0,1.0,1.0
174,-2.1099119826317114,-0.21817979341520988,0.507632316312982,0.9490020129192838,0.6878754907418577,Three-step-g,0.2,0.2,0.2,0.2,0.3,0.3,0.3,0.3,3411,1.0,1.0,1.0,1.0,1.0
175,3.3738975279871894,2.168298811851937,0.9618849570544233,1.3029758943639145,1.2429821201326472,Three-step-g,0.2,0.2,0.2,0.2,0.3,0.3,0.3,0.3,3411,1.0,1.0,1.0,1.0,1.0
176,0.9328956176191222,3.539454762574325,1.6037591025086209,1.1400152325722972,1.0796146326536589,Three-step-g,0.2,0.2,0.2,0.2,0.3,0.3,0.3,0.3,3411,1.0,1.0,1.0,1.0,1.0
177,-0.9062579037503663,-0.5193605189824532,0.6764692710664665,0.9729134728974882,0.9167018008041479,Three-step-g,0.2,0.2,0.2,0.2,0.3,0.3,0.3,0.3,3411,1.0,1.0,1.0,1.0,1.0
178,1.1849623446336128,0.5877370197324997,0.801673412868718,0.5528413413077397,0.8528143513518112,Three-step-g,0.2,0.2,0.2,0.2,0.3,0.3,0.3,0.3,3411,1.0,1.0,1.0,1.0,1.0
179,-0.035422487845204874,1.943896401194148,1.5370541744386343,1.0038230352328728,1.206696660765215,Three-step-g,0.2,0.2,0.2,0.2,0.3,0.3,0.3,0.3,3411,1.0,1.0,1.0,1.0,1.0
180,0.8603184973032122,-0.9390674919582441,0.6089144784155895,1.0063743482487264,1.2151429498673862,Three-step-g,0.2,0.2,0.2,0.2,0.3,0.3,0.3,0.3,3411,1.0,1.0,1.0,1.0,1.0
181,0.24310307972185835,2.672014934239225,1.1011857655946202,1.0728929154733795,1.1438703648677306,Three-step-g,0.2,0.2,0.2,0.2,0.3,0.3,0.3,0.3,3411,1.0,1.0,1.0,1.0,1.0
182,-0.019648453750543873,1.4075352277080335,1.8039657236176232,1.2202271814718058,1.1936340163178365,Three-step-g,0.2,0.2,0.2,0.2,0.3,0.3,0.3,0.3,3411,1.0,1.0,1.0,1.0,1.0
183,0.8635792601711977,0.08005317758830549,1.4509382624482847,0.7852313956537225,0.7800803254503504,Three-step-g,0.2,0.2,0.2,0.2,0.3,0.3,0.3,0.3,3411,1.0,1.0,1.0,1.0,1.0
184,-1.0749280663885177,-0.8845463635752673,0.13331803265820752,0.9305888592171685,0.9395658759486332,Three-step-g,0.2,0.2,0.2,0.2,0.3,0.3,0.3,0.3,3411,1.0,1.0,1.0,1.0,1.0
185,2.25883620651816,2.037693383751622,0.4810224150091447,0.9969463487436502,1.0883191127917031,Three-step-g,0.2,0.2,0.2,0.2,0.3,0.3,0.3,0.3,3411,1.0,1.0,1.0,1.0,1.0
186,-0.2539485482495918,3.8741816003661778,2.7399548438784076,1.1813238561849004,0.9401492803065359,Three-step-g,0.2,0.2,0.2,0.2,0.3,0.3,0.3,0.3,3411,1.0,1.0,1.0,1.0,1.0
187,-0.17219828382013772,-0.24927257897043542,1.4878777314674418,0.547947853632099,1.073079117512534,Three-step-g,0.2,0.2,0.2,0.2,0.3,0.3,0.3,0.3,3411,1.0,1.0,1.0,1.0,1.0
188,2.103151696318528,4.681853332570678,0.7777422208165559,1.1337672714032019,1.1589970902757225,Three-step-g,0.2,0.2,0.2,0.2,0.3,0.3,0.3,0.3,3411,1.0,1.0,1.0,1.0,1.0
189,1.8448296968735043,3.7598163333773473,0.6697149377372685,1.1438755816638324,0.9986034017747768,Three-step-g,0.2,0.2,0.2,0.2,0.3,0.3,0.3,0.3,3411,1.0,1.0,1.0,1.0,1.0
190,2.8060987187736215,0.28069878671866,0.5033295241213581,0.6667577929816308,1.2125673369206051,Three-step-g,0.2,0.2,0.2,0.2,0.3,0.3,0.3,0.3,3411,1.0,1.0,1.0,1.0,1.0
191,2.5448949245728723,3.0560641304085414,1.2941705272391455,0.949314428256266,1.1764674606060437,Three-step-g,0.2,0.2,0.2,0.2,0.3,0.3,0.3,0.3,3411,1.0,1.0,1.0,1.0,1.0
192,0.21704975369064455,1.186308994148622,1.4517806235272672,0.6755885974447257,1.0373036679914527,Three-step-g,0.2,0.2,0.2,0.2,0.3,0.3,0.3,0.3,3411,1.0,1.0,1.0,1.0,1.0
193,1.1023346475867979,1.1620206687764143,2.5310810354283655,0.806612861492412,0.9015412579359753,Three-step-g,0.2,0.2,0.2,0.2,0.3,0.3,0.3,0.3,3411,1.0,1.0,1.0,1.0,1.0
194,-0.6655628148353866,0.3444135868652766,0.6153533367902765,1.1200703774437757,1.0717561128186113,Three-step-g,0.2,0.2,0.2,0.2,0.3,0.3,0.3,0.3,3411,1.0,1.0,1.0,1.0,1.0
195,-0.5659474551324886,-0.33366548044040967,1.0677019248834878,1.0793615576550968,1.0633703093434508,Three-step-g,0.2,0.2,0.2,0.2,0.3,0.3,0.3,0.3,3411,1.0,1.0,1.0,1.0,1.0
196,0.3001126710154408,0.5013798483918447,0.8863547552752493,0.9192809500642383,1.0572877967590713,Three-step-g,0.2,0.2,0.2,0.2,0.3,0.3,0.3,0.3,3411,1.0,1.0,1.0,1.0,1.0
197,2.3677551309456555,3.907368901797828,0.8125258679730446,0.9819073590830293,0.8806509528495222,Three-step-g,0.2,0.2,0.2,0.2,0.3,0.3,0.3,0.3,3411,1.0,1.0,1.0,1.0,1.0
198,3.024680566480586,4.301251274976489,1.5635963658398675,1.094938430428004,1.3484735086692898,Three-step-g,0.2,0.2,0.2,0.2,0.3,0.3,0.3,0.3,3411,1.0,1.0,1.0,1.0,1.0
199,2.193481648840896,3.0853537684632943,0.5845559272570908,0.9986596781370272,0.9140710357492678,Three-step-g,0.2,0.2,0.2,0.2,0.3,0.3,0.3,0.3,3411,1.0,1.0,1.0,1.0,1.0
200,1.9337858615927102,-0.8922013195893279,2.1327231307141044,1.2723039960844376,0.947318523720623,Three-step-g,0.2,0.2,0.2,0.2,0.3,0.3,0.3,0.3,3411,1.0,1.0,1.0,1.0,1.0
201,1.3234101087622672,2.0560739514447692,1.4511553350881345,1.3649787449277087,0.897503488119697,Three-step-g,0.2,0.2,0.2,0.2,0.3,0.3,0.3,0.3,3411,1.0,1.0,1.0,1.0,1.0
202,1.293427877282216,4.302463134409285,1.1053206717496666,1.2400629391269897,1.0824878739007133,Three-step-g,0.2,0.2,0.2,0.2,0.3,0.3,0.3,0.3,3411,1.0,1.0,1.0,1.0,1.0
203,1.2791168312929595,2.9399691966111496,1.3713047362785127,1.3700343935253974,1.155577907579446,Three-step-g,0.2,0.2,0.2,0.2,0.3,0.3,0.3,0.3,3411,1.0,1.0,1.0,1.0,1.0
204,-0.0831699499707135,1.5604357475151422,0.7546773677677746,1.0415386949351446,0.9895555166546732,Three-step-g,0.2,0.2,0.2,0.2,0.3,0.3,0.3,0.3,3411,1.0,1.0,1.0,1.0,1.0
205,2.036059812076141,-0.274027925822046,-0.1583172172185415,0.7033592392107352,1.0175185295689755,Three-step-g,0.2,0.2,0.2,0.2,0.3,0.3,0.3,0.3,3411,1.0,1.0,1.0,1.0,1.0
206,-1.2502104792253246,0.4651970100230205,1.2259182869781926,0.9912338873191956,1.143340561908166,Three-step-g,0.2,0.2,0.2,0.2,0.3,0.3,0.3,0.3,3411,1.0,1.0,1.0,1.0,1.0
207,2.1296113335732896,1.434515633708441,1.2067266872769786,1.3561383297278222,1.2951502684393161,Three-step-g,0.2,0.2,0.2,0.2,0.3,0.3,0.3,0.3,3411,1.0,1.0,1.0,1.0,1.0
208,-0.22369982458430862,4.450446115011091,0.8836022137144423,1.1333801507237848,1.323341813051923,Three-step-g,0.2,0.2,0.2,0.2,0.3,0.3,0.3,0.3,3411,1.0,1.0,1.0,1.0,1.0
209,-0.5991878558411341,0.7445450283460315,1.8759419270293758,1.193488309319971,0.9540750646792766,Three-step-g,0.2,0.2,0.2,0.2,0.3,0.3,0.3,0.3,3411,1.0,1.0,1.0,1.0,1.0
210,1.6124245807210953,0.8602380424748536,0.7102531741241215,1.496638683505953,0.8219050410993863,Three-step-g,0.2,0.2,0.2,0.2,0.3,0.3,0.3,0.3,3411,1.0,1.0,1.0,1.0,1.0
211,3.9676211363168927,1.8451171206447625,1.0135323594131627,1.1147928120433306,1.0636550267714733,Three-step-g,0.2,0.2,0.2,0.2,0.3,0.3,0.3,0.3,3411,1.0,1.0,1.0,1.0,1.0
212,1.2096900742121512,1.7316434776809517,2.309022526993245,1.2436983767690375,1.0264999967881632,Three-step-g,0.2,0.2,0.2,0.2,0.3,0.3,0.3,0.3,3411,1.0,1.0,1.0,1.0,1.0
213,1.402279343756059,1.7861360685108878,0.9435278494447729,1.2648094575704094,1.2222551896993812,Three-step-g,0.2,0.2,0.2,0.2,0.3,0.3,0.3,0.3,3411,1.0,1.0,1.0,1.0,1.0
214,1.113689707345372,-0.07046744207855213,0.7649160702653212,0.9208587042990362,1.1312498164913702,Three-step-g,0.2,0.2,0.2,0.2,0.3,0.3,0.3,0.3,3411,1.0,1.0,1.0,1.0,1.0
215,0.3658255928903579,1.0453126579438592,1.8864423237484764,0.8719579620989112,0.964225164191316,Three-step-g,0.2,0.2,0.2,0.2,0.3,0.3,0.3,0.3,3411,1.0,1.0,1.0,1.0,1.0
216,0.37252466675081,0.9478264944716153,1.4201890106474593,1.086364835811625,0.9526694043322742,Three-step-g,0.2,0.2,0.2,0.2,0.3,0.3,0.3,0.3,3411,1.0,1.0,1.0,1.0,1.0
217,0.8704786888236368,0.7594443297678642,1.5999078427019315,0.8705282876696729,0.9689706183956631,Three-step-g,0.2,0.2,0.2,0.2,0.3,0.3,0.3,0.3,3411,1.0,1.0,1.0,1.0,1.0
218,1.1048977408794185,1.4997956847535843,1.1237768118938158,0.8914057402723173,0.8075239090064833,Three-step-g,0.2,0.2,0.2,0.2,0.3,0.3,0.3,0.3,3411,1.0,1.0,1.0,1.0,1.0
219,2.7154275730813526,1.6600057598438276,1.0440445691153322,1.3801184435983322,1.1184731741968519,Three-step-g,0.2,0.2,0.2,0.2,0.3,0.3,0.3,0.3,3411,1.0,1.0,1.0,1.0,1.0
220,1.7588650331046096,3.0312785700912515,0.6740036558707707,1.7096109017150467,1.2159929470342297,Three-step-g,0.2,0.2,0.2,0.2,0.3,0.3,0.3,0.3,3411,1.0,1.0,1.0,1.0,1.0
221,1.842786088774768,1.4760901440263159,1.0775948105296687,0.7409181208417124,0.852809805792804,Three-step-g,0.2,0.2,0.2,0.2,0.3,0.3,0.3,0.3,3411,1.0,1.0,1.0,1.0,1.0
222,2.0726956495769415,2.018091352496408,0.11923188699879868,0.9621407093759932,1.2236586102878768,Three-step-g,0.2,0.2,0.2,0.2,0.3,0.3,0.3,0.3,3411,1.0,1.0,1.0,1.0,1.0
223,1.0848315810341516,0.5659938682054445,1.7176232192849494,1.1711211703380353,0.8621546196574551,Three-step-g,0.2,0.2,0.2,0.2,0.3,0.3,0.3,0.3,3411,1.0,1.0,1.0,1.0,1.0
224,2.3515222268685885,0.950290174701456,0.6509875942769064,0.9527432701767642,0.8108635533288427,Three-step-g,0.2,0.2,0.2,0.2,0.3,0.3,0.3,0.3,3411,1.0,1.0,1.0,1.0,1.0
225,2.553905082308485,0.7649061703446222,1.7632763171442627,1.061373284796982,1.02146495067867,Three-step-g,0.2,0.2,0.2,0.2,0.3,0.3,0.3,0.3,3411,1.0,1.0,1.0,1.0,1.0
226,-0.11343724335707901,-0.8217312918106177,0.6748006315783387,0.6369027685044479,0.9836476596311862,Three-step-g,0.2,0.2,0.2,0.2,0.3,0.3,0.3,0.3,3411,1.0,1.0,1.0,1.0,1.0
227,0.7640210873327876,1.3059187324512005,2.021728272817938,1.3924331409272186,0.9341654404962226,Three-step-g,0.2,0.2,0.2,0.2,0.3,0.3,0.3,0.3,3411,1.0,1.0,1.0,1.0,1.0
228,-0.1927515235504325,-0.230621929326117,0.2899277526013203,1.0183067918185258,0.9102947452699188,Three-step-g,0.2,0.2,0.2,0.2,0.3,0.3,0.3,0.3,3411,1.0,1.0,1.0,1.0,1.0
229,1.3518321171220078,1.5372139613595854,0.8826092264972053,1.2978312139447952,1.231708062821946,Three-step-g,0.2,0.2,0.2,0.2,0.3,0.3,0.3,0.3,3411,1.0,1.0,1.0,1.0,1.0
230,1.3789522416429214,1.2312363666915487,1.269917361250699,1.2210275457556663,0.9199775150941423,Three-step-g,0.2,0.2,0.2,0.2,0.3,0.3,0.3,0.3,3411,1.0,1.0,1.0,1.0,1.0
231,0.7120900826713837,1.8017513944679773,1.984758300647818,1.7144380070357579,0.9909748556727652,Three-step-g,0.2,0.2,0.2,0.2,0.3,0.3,0.3,0.3,3411,1.0,1.0,1.0,1.0,1.0
232,1.196877477090722,0.5558772639353471,2.2495389593852746,1.290932415691741,0.9496271140157203,Three-step-g,0.2,0.2,0.2,0.2,0.3,0.3,0.3,0.3,3411,1.0,1.0,1.0,1.0,1.0
233,0.9369503239668998,1.2837450707123168,1.643840125256369,0.9018039225727299,1.1072176579247919,Three-step-g,0.2,0.2,0.2,0.2,0.3,0.3,0.3,0.3,3411,1.0,1.0,1.0,1.0,1.0
234,0.1732928431281299,1.3895934685852032,2.268153380943989,1.0577286984242507,0.8405749979670443,Three-step-g,0.2,0.2,0.2,0.2,0.3,0.3,0.3,0.3,3411,1.0,1.0,1.0,1.0,1.0
235,1.4675230035269318,0.6938134031964444,0.8429442266921228,0.9762958250189647,1.2364056261837217,Three-step-g,0.2,0.2,0.2,0.2,0.3,0.3,0.3,0.3,3411,1.0,1.0,1.0,1.0,1.0
236,-1.7330457673446396,2.3589044165412534,0.7326481594397851,1.3676563712018368,0.9063127521132726,Three-step-g,0.2,0.2,0.2,0.2,0.3,0.3,0.3,0.3,3411,1.0,1.0,1.0,1.0,1.0
237,0.8856759485006291,1.1051799256983574,0.5920038783379376,1.007221810009938,0.8889347031145004,Three-step-g,0.2,0.2,0.2,0.2,0.3,0.3,0.3,0.3,3411,1.0,1.0,1.0,1.0,1.0
238,0.48729880060179553,2.357920065561024,1.7255971429225,0.7693219393347897,1.0836569375323535,Three-step-g,0.2,0.2,0.2,0.2,0.3,0.3,0.3,0.3,3411,1.0,1.0,1.0,1.0,1.0
239,0.3185714246362169,1.765173125415138,-0.29309265669731144,1.0691750655002985,1.1813559409449799,Three-step-g,0.2,0.2,0.2,0.2,0.3,0.3,0.3,0.3,3411,1.0,1.0,1.0,1.0,1.0
240,2.7504016535205897,1.357088968728613,0.17055935778062098,0.666513077989738,0.9960383563587132,Three-step-g,0.2,0.2,0.2,0.2,0.3,0.3,0.3,0.3,3411,1.0,1.0,1.0,1.0,1.0
241,2.242888659959019,2.3496506940454993,1.1131080322822888,1.225474240617257,1.0088817578264389,Three-step-g,0.2,0.2,0.2,0.2,0.3,0.3,0.3,0.3,3411,1.0,1.0,1.0,1.0,1.0
242,2.5125325504355014,3.2877222551445824,1.8346818552038922,1.1679934897699393,1.248073976251483,Three-step-g,0.2,0.2,0.2,0.2,0.3,0.3,0.3,0.3,3411,1.0,1.0,1.0,1.0,1.0
243,5.637394060771114,1.5910331901881976,2.014989835158157,0.7093788005598941,1.2137122053462603,Three-step-g,0.2,0.2,0.2,0.2,0.3,0.3,0.3,0.3,3411,1.0,1.0,1.0,1.0,1.0
244,1.7104270606834533,0.19094695958425592,1.8128265902435539,1.3781810370506462,1.0821843650837282,Three-step-g,0.2,0.2,0.2,0.2,0.3,0.3,0.3,0.3,3411,1.0,1.0,1.0,1.0,1.0
245,-0.12901500881065944,0.7594240709618996,0.946239829812809,0.9228185233728471,0.926049882184408,Three-step-g,0.2,0.2,0.2,0.2,0.3,0.3,0.3,0.3,3411,1.0,1.0,1.0,1.0,1.0
246,0.5871142392704564,2.478463073527477,0.7662066272377743,0.9802557226337333,1.0774955877045411,Three-step-g,0.2,0.2,0.2,0.2,0.3,0.3,0.3,0.3,3411,1.0,1.0,1.0,1.0,1.0
247,0.02828168212344527,1.9276013833171268,0.8779061480228363,0.7910780011411046,0.9766207588349807,Three-step-g,0.2,0.2,0.2,0.2,0.3,0.3,0.3,0.3,3411,1.0,1.0,1.0,1.0,1.0
248,0.9038398390428222,2.9767671911888263,1.1559560351095661,1.2811966585127006,0.7158113694734893,Three-step-g,0.2,0.2,0.2,0.2,0.3,0.3,0.3,0.3,3411,1.0,1.0,1.0,1.0,1.0
249,1.4797631504433422,1.1580571302508225,-0.15600754510344247,0.36637981676849946,0.7355906100239549,Three-step-g,0.2,0.2,0.2,0.2,0.3,0.3,0.3,0.3,3411,1.0,1.0,1.0,1.0,1.0
250,-0.25912779572803896,2.718764297718033,1.563213290794209,0.9078129955355287,0.7785487425474188,Three-step-g,0.2,0.2,0.2,0.2,0.3,0.3,0.3,0.3,3411,1.0,1.0,1.0,1.0,1.0
251,-0.4747619028381506,2.2963520495069814,0.9693208349105699,1.5489302404421168,0.8260049302326716,Three-step-g,0.2,0.2,0.2,0.2,0.3,0.3,0.3,0.3,3411,1.0,1.0,1.0,1.0,1.0
252,0.6758116570228471,-1.0082254087312135,0.83088087247761,1.0057213753315573,0.9490325787361614,Three-step-g,0.2,0.2,0.2,0.2,0.3,0.3,0.3,0.3,3411,1.0,1.0,1.0,1.0,1.0
253,0.5224433372048046,0.08393321737677101,0.8026405843331202,1.0893682732415384,0.9526072752709065,Three-step-g,0.2,0.2,0.2,0.2,0.3,0.3,0.3,0.3,3411,1.0,1.0,1.0,1.0,1.0
254,1.7449701712138157,0.9497586098085689,0.657393370837827,1.5226961467576672,1.1084114745607583,Three-step-g,0.2,0.2,0.2,0.2,0.3,0.3,0.3,0.3,3411,1.0,1.0,1.0,1.0,1.0
255,2.484610467317233,0.567446681685948,1.1382603486333418,0.652720667137574,0.8154967858859133,Three-step-g,0.2,0.2,0.2,0.2,0.3,0.3,0.3,0.3,3411,1.0,1.0,1.0,1.0,1.0
256,-0.6662069748487532,-1.8303038174800292,2.040202183996246,0.9579092236772284,1.1284191540875022,Three-step-g,0.2,0.2,0.2,0.2,0.3,0.3,0.3,0.3,3411,1.0,1.0,1.0,1.0,1.0
257,0.681420360373509,1.3317513412711697,1.024139757016129,1.222255286395617,0.9912216210987009,Three-step-g,0.2,0.2,0.2,0.2,0.3,0.3,0.3,0.3,3411,1.0,1.0,1.0,1.0,1.0
258,1.783794167608101,1.0229586070013992,1.0767488711572302,0.8866360061666296,0.8474142569956035,Three-step-g,0.2,0.2,0.2,0.2,0.3,0.3,0.3,0.3,3411,1.0,1.0,1.0,1.0,1.0
259,3.1160070625616982,3.8330514607993003,1.8482584289275463,1.5839419267087467,0.9710976046922695,Three-step-g,0.2,0.2,0.2,0.2,0.3,0.3,0.3,0.3,3411,1.0,1.0,1.0,1.0,1.0
260,-0.040600127924795934,0.5197260926754518,1.6246877098742223,0.44610673983993654,1.0797719785191386,Three-step-g,0.2,0.2,0.2,0.2,0.3,0.3,0.3,0.3,3411,1.0,1.0,1.0,1.0,1.0
261,1.8042260936014938,2.7196535127466794,2.214867723980705,1.649080679719905,1.1544472510964157,Three-step-g,0.2,0.2,0.2,0.2,0.3,0.3,0.3,0.3,3411,1.0,1.0,1.0,1.0,1.0
262,3.037655492647926,0.8685578961055263,0.5579104535840564,1.065740229256644,1.1978576485304522,Three-step-g,0.2,0.2,0.2,0.2,0.3,0.3,0.3,0.3,3411,1.0,1.0,1.0,1.0,1.0
263,2.372486533193109,2.1282290017330343,1.271883192717114,1.0851125618626452,0.8973875208999398,Three-step-g,0.2,0.2,0.2,0.2,0.3,0.3,0.3,0.3,3411,1.0,1.0,1.0,1.0,1.0
264,-2.1741698273053323,-1.2416895988524463,-0.12976935365760495,0.7780240870420683,0.9137872279303048,Three-step-g,0.2,0.2,0.2,0.2,0.3,0.3,0.3,0.3,3411,1.0,1.0,1.0,1.0,1.0
265,5.102875070570817,0.44572728499086384,0.8726970393272335,0.7116910106488896,0.8879120329685564,Three-step-g,0.2,0.2,0.2,0.2,0.3,0.3,0.3,0.3,3411,1.0,1.0,1.0,1.0,1.0
266,-1.621233538975671,-0.7406490313115532,0.3132670425283698,0.4661485557737356,1.0262543373731854,Three-step-g,0.2,0.2,0.2,0.2,0.3,0.3,0.3,0.3,3411,1.0,1.0,1.0,1.0,1.0
267,1.1357653968856163,2.012596967807398,2.9733534826553814,0.6575887517397883,0.9500888132980493,Three-step-g,0.2,0.2,0.2,0.2,0.3,0.3,0.3,0.3,3411,1.0,1.0,1.0,1.0,1.0
268,-2.7335407047893576,-0.313351055786392,0.07553218001033839,1.177448098204317,1.0575298736228684,Three-step-g,0.2,0.2,0.2,0.2,0.3,0.3,0.3,0.3,3411,1.0,1.0,1.0,1.0,1.0
269,0.6418530807814496,-1.1577121346537265,2.3030908875434495,1.71685562516983,0.7486113125456224,Three-step-g,0.2,0.2,0.2,0.2,0.3,0.3,0.3,0.3,3411,1.0,1.0,1.0,1.0,1.0
270,0.24562512295869698,1.118836486029443,1.1644281421655251,1.092004596399277,0.8732597670831705,Three-step-g,0.2,0.2,0.2,0.2,0.3,0.3,0.3,0.3,3411,1.0,1.0,1.0,1.0,1.0
271,2.3732685397673765,2.27550112026512,1.5130973560907979,1.381365391902073,1.04569325778119,Three-step-g,0.2,0.2,0.2,0.2,0.3,0.3,0.3,0.3,3411,1.0,1.0,1.0,1.0,1.0
272,-1.210414782173253,0.544787710604544,0.9352883367068584,0.7400124031512257,1.0724663231198543,Three-step-g,0.2,0.2,0.2,0.2,0.3,0.3,0.3,0.3,3411,1.0,1.0,1.0,1.0,1.0
273,-0.7094809288052593,0.9197643327783371,0.49816883479625396,1.0998748710132062,0.9864832675251742,Three-step-g,0.2,0.2,0.2,0.2,0.3,0.3,0.3,0.3,3411,1.0,1.0,1.0,1.0,1.0
274,1.9108143947824476,0.1360246074888276,0.3659110502153548,0.7561384448919396,1.0083472376757758,Three-step-g,0.2,0.2,0.2,0.2,0.3,0.3,0.3,0.3,3411,1.0,1.0,1.0,1.0,1.0
275,1.9820437628483834,1.851551632898073,2.1021622005664367,0.9990934138767684,1.0644049552222696,Three-step-g,0.2,0.2,0.2,0.2,0.3,0.3,0.3,0.3,3411,1.0,1.0,1.0,1.0,1.0
276,2.8020638677868317,1.064592721835515,1.255155846422227,1.2089917669137822,1.1714077312913014,Three-step-g,0.2,0.2,0.2,0.2,0.3,0.3,0.3,0.3,3411,1.0,1.0,1.0,1.0,1.0
277,0.6853355202340117,-0.8869688259933538,0.5215303607690057,0.5326902973642562,0.935045610714342,Three-step-g,0.2,0.2,0.2,0.2,0.3,0.3,0.3,0.3,3411,1.0,1.0,1.0,1.0,1.0
278,0.7414759577589501,0.6907668851050619,3.1328405881889845,0.9621478279566543,0.8698829565553935,Three-step-g,0.2,0.2,0.2,0.2,0.3,0.3,0.3,0.3,3411,1.0,1.0,1.0,1.0,1.0
279,0.3369327706873633,-0.3668338011449807,1.4377500445262854,0.6520656617226742,0.853911364059758,Three-step-g,0.2,0.2,0.2,0.2,0.3,0.3,0.3,0.3,3411,1.0,1.0,1.0,1.0,1.0
280,2.160334471647201,1.3749837721966243,1.3510349172599716,1.1332647158636024,0.9739090664964901,Three-step-g,0.2,0.2,0.2,0.2,0.3,0.3,0.3,0.3,3411,1.0,1.0,1.0,1.0,1.0
281,3.772676068165143,1.2911461740633599,1.1300592893196097,1.7811471627589475,0.948050132164112,Three-step-g,0.2,0.2,0.2,0.2,0.3,0.3,0.3,0.3,3411,1.0,1.0,1.0,1.0,1.0
282,1.8703973851969502,2.3425664938835165,1.432888092108283,1.2235950108078644,0.9792990489791142,Three-step-g,0.2,0.2,0.2,0.2,0.3,0.3,0.3,0.3,3411,1.0,1.0,1.0,1.0,1.0
283,0.11183057652788435,0.7784319499617104,2.623860452560722,1.132287668796201,1.1773975098493408,Three-step-g,0.2,0.2,0.2,0.2,0.3,0.3,0.3,0.3,3411,1.0,1.0,1.0,1.0,1.0
284,0.3842942475206463,0.38138860300810007,1.2371820982447668,1.045996356803633,1.0665131517655975,Three-step-g,0.2,0.2,0.2,0.2,0.3,0.3,0.3,0.3,3411,1.0,1.0,1.0,1.0,1.0
285,6.377021442876025,2.612454006197145,0.2163145537851561,1.1298534199824308,1.022179365137961,Three-step-g,0.2,0.2,0.2,0.2,0.3,0.3,0.3,0.3,3411,1.0,1.0,1.0,1.0,1.0
286,0.8768237433605037,0.9818278840598211,1.3045311861216782,0.9703182875642616,0.918706453366131,Three-step-g,0.2,0.2,0.2,0.2,0.3,0.3,0.3,0.3,3411,1.0,1.0,1.0,1.0,1.0
287,1.907061178736304,1.1888348654403802,0.40685880168098515,1.274682941487923,0.882047799743742,Three-step-g,0.2,0.2,0.2,0.2,0.3,0.3,0.3,0.3,3411,1.0,1.0,1.0,1.0,1.0
288,0.8739747608611019,2.163581599697499,0.6105686752382973,1.366220155677069,1.110304689154981,Three-step-g,0.2,0.2,0.2,0.2,0.3,0.3,0.3,0.3,3411,1.0,1.0,1.0,1.0,1.0
289,1.929714910685056,4.083743514069013,2.9279123290997786,1.3625693470161988,1.1054467737202225,Three-step-g,0.2,0.2,0.2,0.2,0.3,0.3,0.3,0.3,3411,1.0,1.0,1.0,1.0,1.0
290,1.6892966540221799,3.760159220243951,0.9842263726614756,0.8550508391159057,1.0096815683902642,Three-step-g,0.2,0.2,0.2,0.2,0.3,0.3,0.3,0.3,3411,1.0,1.0,1.0,1.0,1.0
291,1.834295118635165,2.082311131932947,0.6379190088841621,0.8874222460865582,0.7780963440543641,Three-step-g,0.2,0.2,0.2,0.2,0.3,0.3,0.3,0.3,3411,1.0,1.0,1.0,1.0,1.0
292,3.248672369079361,0.45285431581494756,0.8593408911377309,0.9691947177635996,1.1530457815933672,Three-step-g,0.2,0.2,0.2,0.2,0.3,0.3,0.3,0.3,3411,1.0,1.0,1.0,1.0,1.0
293,2.3003675605306335,1.2829916932051169,2.1450742228065143,0.7965965257049038,0.9745956476459848,Three-step-g,0.2,0.2,0.2,0.2,0.3,0.3,0.3,0.3,3411,1.0,1.0,1.0,1.0,1.0
294,2.5553005181669186,1.9063396095262464,0.4399526152726476,0.6897816135902061,1.2181663455670444,Three-step-g,0.2,0.2,0.2,0.2,0.3,0.3,0.3,0.3,3411,1.0,1.0,1.0,1.0,1.0
295,1.9285210129456578,3.329687697329633,1.4221591550842243,0.8675993826693589,1.088257342425016,Three-step-g,0.2,0.2,0.2,0.2,0.3,0.3,0.3,0.3,3411,1.0,1.0,1.0,1.0,1.0
296,0.4823392242051433,0.13873278107692505,0.28253448350837457,0.9736845458672767,0.8130342260123604,Three-step-g,0.2,0.2,0.2,0.2,0.3,0.3,0.3,0.3,3411,1.0,1.0,1.0,1.0,1.0
297,0.3263933262722121,1.2593641613102384,0.945849449955301,1.0559299666005186,1.0951881817159121,Three-step-g,0.2,0.2,0.2,0.2,0.3,0.3,0.3,0.3,3411,1.0,1.0,1.0,1.0,1.0
298,1.582738166200055,1.582061301710913,0.4071736577349509,0.6071066699378328,1.0953612792840834,Three-step-g,0.2,0.2,0.2,0.2,0.3,0.3,0.3,0.3,3411,1.0,1.0,1.0,1.0,1.0
299,1.3428241721450604,1.3732139531810361,1.7171088876758471,0.9339717999171859,1.0164430867838072,Three-step-g,0.2,0.2,0.2,0.2,0.3,0.3,0.3,0.3,3411,1.0,1.0,1.0,1.0,1.0
300,0.9209444908806653,3.953523139938372,1.1131964872848885,1.293754999429099,1.2389147551389434,Three-step-g,0.2,0.2,0.2,0.2,0.3,0.3,0.3,0.3,3411,1.0,1.0,1.0,1.0,1.0
1,1.4606280217192658,1.150312971930092,0.8147293084177933,0.3759710419245129,0.6335902990356969,Three-step-ipw,0.2,0.2,0.2,0.2,0.3,0.3,0.3,0.3,3411,1.0,1.0,1.0,1.0,1.0
2,0.08032402231389647,0.584173213248053,-0.0615471070615679,0.9168028186349756,0.934094500269443,Three-step-ipw,0.2,0.2,0.2,0.2,0.3,0.3,0.3,0.3,3411,1.0,1.0,1.0,1.0,1.0
3,0.5080496174829571,3.04512251270467,2.2516557775627173,1.2487596841881903,1.0531617572198329,Three-step-ipw,0.2,0.2,0.2,0.2,0.3,0.3,0.3,0.3,3411,1.0,1.0,1.0,1.0,1.0
4,1.5742693075949794,1.522135622817346,0.8442623290644587,0.9414705524633376,1.0955395667143264,Three-step-ipw,0.2,0.2,0.2,0.2,0.3,0.3,0.3,0.3,3411,1.0,1.0,1.0,1.0,1.0
5,0.40493835440435216,1.092735475630391,0.645920077225809,0.4094350088603629,1.1364692319938785,Three-step-ipw,0.2,0.2,0.2,0.2,0.3,0.3,0.3,0.3,3411,1.0,1.0,1.0,1.0,1.0
6,0.8150130322647653,0.5118955181177227,1.4738963070353959,0.593014180875798,1.0828850998438198,Three-step-ipw,0.2,0.2,0.2,0.2,0.3,0.3,0.3,0.3,3411,1.0,1.0,1.0,1.0,1.0
7,1.3111401106747715,0.9452296427193653,0.6525293781326887,0.8229442170669741,1.1341382024721989,Three-step-ipw,0.2,0.2,0.2,0.2,0.3,0.3,0.3,0.3,3411,1.0,1.0,1.0,1.0,1.0
8,1.5082443942480754,2.2460548493650814,1.432743954578015,1.1896767478706465,1.1232754040955746,Three-step-ipw,0.2,0.2,0.2,0.2,0.3,0.3,0.3,0.3,3411,1.0,1.0,1.0,1.0,1.0
9,0.9881512452680508,1.5050660049902878,1.1863328710891674,0.8175233807625947,0.6087932103363083,Three-step-ipw,0.2,0.2,0.2,0.2,0.3,0.3,0.3,0.3,3411,1.0,1.0,1.0,1.0,1.0
10,1.0450144664717607,1.4618056524761052,0.8716019878842591,0.8717473229438847,0.9201271924146743,Three-step-ipw,0.2,0.2,0.2,0.2,0.3,0.3,0.3,0.3,3411,1.0,1.0,1.0,1.0,1.0
11,1.3262691959055681,1.367500774512279,1.0706756891677371,0.7241150713811204,1.1254069649128942,Three-step-ipw,0.2,0.2,0.2,0.2,0.3,0.3,0.3,0.3,3411,1.0,1.0,1.0,1.0,1.0
12,1.3494222185618978,1.6454738318611426,0.8349420575912929,1.0447220901312135,0.8099584206525835,Three-step-ipw,0.2,0.2,0.2,0.2,0.3,0.3,0.3,0.3,3411,1.0,1.0,1.0,1.0,1.0
13,2.0481313403833292,2.522974298205298,1.1646460071318905,0.9263857203102762,1.1251809011456098,Three-step-ipw,0.2,0.2,0.2,0.2,0.3,0.3,0.3,0.3,3411,1.0,1.0,1.0,1.0,1.0
14,1.9890582399306793,1.7069430544355533,0.023924730790811755,0.6886531575320948,1.1435391399020893,Three-step-ipw,0.2,0.2,0.2,0.2,0.3,0.3,0.3,0.3,3411,1.0,1.0,1.0,1.0,1.0
15,0.21856295439269885,0.5580796167532549,0.48207585221596394,0.8800327939073561,0.9785158410516441,Three-step-ipw,0.2,0.2,0.2,0.2,0.3,0.3,0.3,0.3,3411,1.0,1.0,1.0,1.0,1.0
16,0.5754054266681757,-0.6919537919391965,0.46631166903202026,0.8657191200405745,1.1907664567169194,Three-step-ipw,0.2,0.2,0.2,0.2,0.3,0.3,0.3,0.3,3411,1.0,1.0,1.0,1.0,1.0
17,0.6726796013065297,2.179949526190133,1.425052704700409,1.2943850461800863,1.0581938665641963,Three-step-ipw,0.2,0.2,0.2,0.2,0.3,0.3,0.3,0.3,3411,1.0,1.0,1.0,1.0,1.0
18,0.5855301351653176,0.15687740414682155,0.48447472105212097,0.6111680685233646,1.1497450081608647,Three-step-ipw,0.2,0.2,0.2,0.2,0.3,0.3,0.3,0.3,3411,1.0,1.0,1.0,1.0,1.0
19,0.15542804141883945,0.011662482519462856,1.4438736403507402,1.0488711780386901,0.871381837292921,Three-step-ipw,0.2,0.2,0.2,0.2,0.3,0.3,0.3,0.3,3411,1.0,1.0,1.0,1.0,1.0
20,0.799337160247968,-0.4492057788158664,1.2698562742535555,1.109977365838619,0.8480654666390189,Three-step-ipw,0.2,0.2,0.2,0.2,0.3,0.3,0.3,0.3,3411,1.0,1.0,1.0,1.0,1.0
21,0.6020211172103839,0.8126204852184854,1.6187102552511625,1.38591874901442,0.9706943697790357,Three-step-ipw,0.2,0.2,0.2,0.2,0.3,0.3,0.3,0.3,3411,1.0,1.0,1.0,1.0,1.0
22,2.162067465407038,0.2391546532317228,0.7136271580625356,1.3358182362526998,1.1710481327848052,Three-step-ipw,0.2,0.2,0.2,0.2,0.3,0.3,0.3,0.3,3411,1.0,1.0,1.0,1.0,1.0
23,2.900463856509568,3.1428198381800727,1.4151777071552616,1.0866783649906322,1.0771789794534368,Three-step-ipw,0.2,0.2,0.2,0.2,0.3,0.3,0.3,0.3,3411,1.0,1.0,1.0,1.0,1.0
24,0.9366407652577136,1.036329873462404,1.5784275930067173,1.4337876497315525,0.8243489472880069,Three-step-ipw,0.2,0.2,0.2,0.2,0.3,0.3,0.3,0.3,3411,1.0,1.0,1.0,1.0,1.0
25,1.2993476904237646,2.348300205054761,0.23273202707058377,1.32810761178672,1.1544833359987274,Three-step-ipw,0.2,0.2,0.2,0.2,0.3,0.3,0.3,0.3,3411,1.0,1.0,1.0,1.0,1.0
26,1.0631940534183761,-0.15084580372208015,1.491459511166797,1.393314757083797,1.0380499063446984,Three-step-ipw,0.2,0.2,0.2,0.2,0.3,0.3,0.3,0.3,3411,1.0,1.0,1.0,1.0,1.0
27,1.4502962417586427,3.1983932849293724,1.196494067529125,1.5776296870222761,0.7245135837717901,Three-step-ipw,0.2,0.2,0.2,0.2,0.3,0.3,0.3,0.3,3411,1.0,1.0,1.0,1.0,1.0
28,0.99443457739314,1.7906867028645168,1.4436970871521584,1.5674495447187324,1.1787146012211125,Three-step-ipw,0.2,0.2,0.2,0.2,0.3,0.3,0.3,0.3,3411,1.0,1.0,1.0,1.0,1.0
29,2.1409198452038156,0.7381190139834094,0.10156710612043893,1.2621429549661751,1.1192621594818366,Three-step-ipw,0.2,0.2,0.2,0.2,0.3,0.3,0.3,0.3,3411,1.0,1.0,1.0,1.0,1.0
30,0.3733776523898142,-0.35627993765603333,2.583690696829752,1.0270841142076892,1.1877526330464336,Three-step-ipw,0.2,0.2,0.2,0.2,0.3,0.3,0.3,0.3,3411,1.0,1.0,1.0,1.0,1.0
31,0.6125647120171245,0.5607393054503015,0.4977896097354093,1.7773452308072835,1.1922440072556526,Three-step-ipw,0.2,0.2,0.2,0.2,0.3,0.3,0.3,0.3,3411,1.0,1.0,1.0,1.0,1.0
32,0.4571474548527541,0.34459813945291706,1.3993209966484046,0.8094096375949112,0.928654382431598,Three-step-ipw,0.2,0.2,0.2,0.2,0.3,0.3,0.3,0.3,3411,1.0,1.0,1.0,1.0,1.0
33,2.0654861613751936,1.8033546084360959,0.6548340206726088,1.4074829620234355,1.0773281488836555,Three-step-ipw,0.2,0.2,0.2,0.2,0.3,0.3,0.3,0.3,3411,1.0,1.0,1.0,1.0,1.0
34,0.15241474898226517,1.2370199033613305,0.5850962193967522,1.3164579107402605,0.780312159250587,Three-step-ipw,0.2,0.2,0.2,0.2,0.3,0.3,0.3,0.3,3411,1.0,1.0,1.0,1.0,1.0
35,1.474782452299567,0.5215447826343983,0.9972751507862097,1.0930416833676593,1.2531750183014658,Three-step-ipw,0.2,0.2,0.2,0.2,0.3,0.3,0.3,0.3,3411,1.0,1.0,1.0,1.0,1.0
36,-0.34598990565935506,1.8497701704664435,0.3697106916004077,0.9218815582946358,1.0376302278172655,Three-step-ipw,0.2,0.2,0.2,0.2,0.3,0.3,0.3,0.3,3411,1.0,1.0,1.0,1.0,1.0
37,0.7755775509991673,1.0706753571262695,0.4783092598472491,1.3436868330491343,1.0765198940749492,Three-step-ipw,0.2,0.2,0.2,0.2,0.3,0.3,0.3,0.3,3411,1.0,1.0,1.0,1.0,1.0
38,1.1258696467143179,1.1756649962717856,0.5816631561095884,0.9323343105205198,0.9430553302180819,Three-step-ipw,0.2,0.2,0.2,0.2,0.3,0.3,0.3,0.3,3411,1.0,1.0,1.0,1.0,1.0
39,2.2279944538476606,1.3125861329649071,0.9398915592141546,0.7166376174631065,1.0102636421653095,Three-step-ipw,0.2,0.2,0.2,0.2,0.3,0.3,0.3,0.3,3411,1.0,1.0,1.0,1.0,1.0
40,0.8115019646531326,1.0509144604276086,0.9285788927822988,1.0127254303833764,1.285358935976808,Three-step-ipw,0.2,0.2,0.2,0.2,0.3,0.3,0.3,0.3,3411,1.0,1.0,1.0,1.0,1.0
41,-0.36461154681624475,0.9537527160886875,0.8029120811627156,0.4784605209987001,0.9109391228212897,Three-step-ipw,0.2,0.2,0.2,0.2,0.3,0.3,0.3,0.3,3411,1.0,1.0,1.0,1.0,1.0
42,1.3779508626257373,0.8169837962235523,0.9605456542206713,1.2166149217921969,0.9546282771500628,Three-step-ipw,0.2,0.2,0.2,0.2,0.3,0.3,0.3,0.3,3411,1.0,1.0,1.0,1.0,1.0
43,1.2529859765056828,2.890718583452641,2.096608706002955,1.355669939627262,0.8699171059436938,Three-step-ipw,0.2,0.2,0.2,0.2,0.3,0.3,0.3,0.3,3411,1.0,1.0,1.0,1.0,1.0
44,0.402843587498801,-0.6801791268577397,0.3627981916677,1.2017955208840907,0.8290012961656361,Three-step-ipw,0.2,0.2,0.2,0.2,0.3,0.3,0.3,0.3,3411,1.0,1.0,1.0,1.0,1.0
45,-0.15718194514782222,-0.5708070057853087,0.8445969099866062,1.1523362927688343,1.0016335138184258,Three-step-ipw,0.2,0.2,0.2,0.2,0.3,0.3,0.3,0.3,3411,1.0,1.0,1.0,1.0,1.0
46,2.0492589201849376,3.158105719308944,0.4670806188906453,1.1202869356662108,1.108095874223292,Three-step-ipw,0.2,0.2,0.2,0.2,0.3,0.3,0.3,0.3,3411,1.0,1.0,1.0,1.0,1.0
47,1.1575988813506888,1.2115655660500209,1.0617459101105804,1.085613974526303,0.8880778166219013,Three-step-ipw,0.2,0.2,0.2,0.2,0.3,0.3,0.3,0.3,3411,1.0,1.0,1.0,1.0,1.0
48,0.6366043365449608,0.7731005047016406,0.7142155239402226,0.846722812060494,0.9218416150991862,Three-step-ipw,0.2,0.2,0.2,0.2,0.3,0.3,0.3,0.3,3411,1.0,1.0,1.0,1.0,1.0
49,1.8899796614887354,1.8146259139592427,0.6636891674176012,1.0641136935291058,1.0035143947432779,Three-step-ipw,0.2,0.2,0.2,0.2,0.3,0.3,0.3,0.3,3411,1.0,1.0,1.0,1.0,1.0
50,1.7295121363080292,1.3897820409586743,2.119919250205899,0.7434615272027497,0.707852980703735,Three-step-ipw,0.2,0.2,0.2,0.2,0.3,0.3,0.3,0.3,3411,1.0,1.0,1.0,1.0,1.0
51,0.04940921894304775,1.5611982390380366,-0.2701081480579444,0.9029416505742466,1.0594049007442023,Three-step-ipw,0.2,0.2,0.2,0.2,0.3,0.3,0.3,0.3,3411,1.0,1.0,1.0,1.0,1.0
52,0.28388961066027146,0.09050511363464124,0.6841998166764393,1.2132803795126423,0.9341819898259964,Three-step-ipw,0.2,0.2,0.2,0.2,0.3,0.3,0.3,0.3,3411,1.0,1.0,1.0,1.0,1.0
53,1.7889588191996908,0.6313667310362634,0.5179995933750474,0.5674719049705333,1.0308435706968333,Three-step-ipw,0.2,0.2,0.2,0.2,0.3,0.3,0.3,0.3,3411,1.0,1.0,1.0,1.0,1.0
54,1.1389842756466086,-0.1752950786811975,1.2225378473587423,1.2564736249994282,0.8513825050744536,Three-step-ipw,0.2,0.2,0.2,0.2,0.3,0.3,0.3,0.3,3411,1.0,1.0,1.0,1.0,1.0
55,0.4985614471978019,1.6627637756852005,1.0518343200380407,1.0371027964981054,1.1624400891812858,Three-step-ipw,0.2,0.2,0.2,0.2,0.3,0.3,0.3,0.3,3411,1.0,1.0,1.0,1.0,1.0
56,1.232540394519872,1.8911950614212942,1.0001527880882994,1.0245264482365313,1.0642650012301456,Three-step-ipw,0.2,0.2,0.2,0.2,0.3,0.3,0.3,0.3,3411,1.0,1.0,1.0,1.0,1.0
57,1.1236728218478125,1.5954548007669558,2.6854061640472704,1.3006688854752309,1.1424740877135406,Three-step-ipw,0.2,0.2,0.2,0.2,0.3,0.3,0.3,0.3,3411,1.0,1.0,1.0,1.0,1.0
58,0.31408232233084593,2.280936536029173,0.9761521333070129,1.1874644482281065,0.9721627808454018,Three-step-ipw,0.2,0.2,0.2,0.2,0.3,0.3,0.3,0.3,3411,1.0,1.0,1.0,1.0,1.0
59,0.9902501917871788,2.0116853047689367,1.2571651329906885,0.6262357772290125,0.8692754368888618,Three-step-ipw,0.2,0.2,0.2,0.2,0.3,0.3,0.3,0.3,3411,1.0,1.0,1.0,1.0,1.0
60,0.7475544416866703,1.2033384758297556,1.2700448225040613,1.2658768214408984,0.8296340675078474,Three-step-ipw,0.2,0.2,0.2,0.2,0.3,0.3,0.3,0.3,3411,1.0,1.0,1.0,1.0,1.0
61,2.006948448939595,0.998358720617184,1.0130377369849004,1.0026642969999275,1.0176805680278527,Three-step-ipw,0.2,0.2,0.2,0.2,0.3,0.3,0.3,0.3,3411,1.0,1.0,1.0,1.0,1.0
62,0.3146411310940294,0.9171148147761221,1.354948824566635,1.3267114116901446,0.8878420237800141,Three-step-ipw,0.2,0.2,0.2,0.2,0.3,0.3,0.3,0.3,3411,1.0,1.0,1.0,1.0,1.0
63,0.08909296458586437,0.6813184795398337,1.6609735087844475,0.8619631079298736,1.0708957979852747,Three-step-ipw,0.2,0.2,0.2,0.2,0.3,0.3,0.3,0.3,3411,1.0,1.0,1.0,1.0,1.0
64,2.7839714003686438,2.5865889623980243,2.290371585277386,1.1676130482578175,0.9366979487810548,Three-step-ipw,0.2,0.2,0.2,0.2,0.3,0.3,0.3,0.3,3411,1.0,1.0,1.0,1.0,1.0
65,0.5375478857669433,0.33138171090430785,0.942665630599069,0.9054720201016525,1.0585534661725722,Three-step-ipw,0.2,0.2,0.2,0.2,0.3,0.3,0.3,0.3,3411,1.0,1.0,1.0,1.0,1.0
66,-0.2947304851643068,0.27706568334165416,0.7619575394366089,1.3366927000831377,0.9858647008755191,Three-step-ipw,0.2,0.2,0.2,0.2,0.3,0.3,0.3,0.3,3411,1.0,1.0,1.0,1.0,1.0
67,1.819252388228265,3.196862649728072,1.848304467532765,0.880347272171981,0.9273328232642039,Three-step-ipw,0.2,0.2,0.2,0.2,0.3,0.3,0.3,0.3,3411,1.0,1.0,1.0,1.0,1.0
68,0.10752107863569726,1.2919532826446611,0.2997283901466203,0.7227158188110209,0.8810269711410564,Three-step-ipw,0.2,0.2,0.2,0.2,0.3,0.3,0.3,0.3,3411,1.0,1.0,1.0,1.0,1.0
69,0.342723998504332,1.3974590593208602,1.4274350001186842,1.0664753244999199,0.9810115798961225,Three-step-ipw,0.2,0.2,0.2,0.2,0.3,0.3,0.3,0.3,3411,1.0,1.0,1.0,1.0,1.0
70,0.9326357531012822,0.3852138718696959,1.234662366889418,0.9913969883100128,1.185836518214867,Three-step-ipw,0.2,0.2,0.2,0.2,0.3,0.3,0.3,0.3,3411,1.0,1.0,1.0,1.0,1.0
71,0.7129233058702305,0.8899126265934508,0.4009394817090065,0.7098206591135017,0.9676913568544396,Three-step-ipw,0.2,0.2,0.2,0.2,0.3,0.3,0.3,0.3,3411,1.0,1.0,1.0,1.0,1.0
72,-0.25400285490717417,0.10477879662195605,1.1268313109582726,1.4157482785482711,0.9380540224002173,Three-step-ipw,0.2,0.2,0.2,0.2,0.3,0.3,0.3,0.3,3411,1.0,1.0,1.0,1.0,1.0
73,0.8280867671091546,1.7320185782030257,0.7205695339107122,0.9573972394797536,0.9651949126760133,Three-step-ipw,0.2,0.2,0.2,0.2,0.3,0.3,0.3,0.3,3411,1.0,1.0,1.0,1.0,1.0
74,-0.35450082009511646,0.1864462033192447,1.8134956586023108,0.980648575137329,0.9752150279548175,Three-step-ipw,0.2,0.2,0.2,0.2,0.3,0.3,0.3,0.3,3411,1.0,1.0,1.0,1.0,1.0
75,3.0428813476376915,4.991694764114245,1.5345170421883332,1.557838067972848,1.2261093066322262,Three-step-ipw,0.2,0.2,0.2,0.2,0.3,0.3,0.3,0.3,3411,1.0,1.0,1.0,1.0,1.0
76,3.0257176843286624,1.5339730615396356,1.0492201690852536,1.156168356509922,1.2298580526119263,Three-step-ipw,0.2,0.2,0.2,0.2,0.3,0.3,0.3,0.3,3411,1.0,1.0,1.0,1.0,1.0
77,0.3685295033907155,1.095310927659516,-0.02884491557476222,0.7206139617548896,0.7816375298223702,Three-step-ipw,0.2,0.2,0.2,0.2,0.3,0.3,0.3,0.3,3411,1.0,1.0,1.0,1.0,1.0
78,1.9692684251426789,0.021623954492354224,1.181778485344327,1.3275845095339016,1.2783820891929116,Three-step-ipw,0.2,0.2,0.2,0.2,0.3,0.3,0.3,0.3,3411,1.0,1.0,1.0,1.0,1.0
79,0.3760804146504039,-0.10304351585071159,0.9263674772069572,1.0615942669236071,1.0890779613149646,Three-step-ipw,0.2,0.2,0.2,0.2,0.3,0.3,0.3,0.3,3411,1.0,1.0,1.0,1.0,1.0
80,0.3488154349734708,0.768282727840568,0.2649249993381707,0.9523483656328408,1.2458264181289052,Three-step-ipw,0.2,0.2,0.2,0.2,0.3,0.3,0.3,0.3,3411,1.0,1.0,1.0,1.0,1.0
81,0.5324818367593479,1.4458407825408635,1.125957745673145,0.9828851139444573,0.8214447162101229,Three-step-ipw,0.2,0.2,0.2,0.2,0.3,0.3,0.3,0.3,3411,1.0,1.0,1.0,1.0,1.0
82,1.817866086472718,-0.07948606776331495,1.2281120641510341,0.9581151719987944,1.0478015881193223,Three-step-ipw,0.2,0.2,0.2,0.2,0.3,0.3,0.3,0.3,3411,1.0,1.0,1.0,1.0,1.0
83,1.3752749953857553,0.45215207370739446,1.958270868566398,0.9245426753336922,1.1321824507544533,Three-step-ipw,0.2,0.2,0.2,0.2,0.3,0.3,0.3,0.3,3411,1.0,1.0,1.0,1.0,1.0
84,0.765932805483737,0.3374594512774634,0.37389287746299155,1.3040888825639503,0.943032342959867,Three-step-ipw,0.2,0.2,0.2,0.2,0.3,0.3,0.3,0.3,3411,1.0,1.0,1.0,1.0,1.0
85,-0.22890486162254864,-0.44881621667314636,2.0578487518334714,0.9464972273299465,1.2748832264856311,Three-step-ipw,0.2,0.2,0.2,0.2,0.3,0.3,0.3,0.3,3411,1.0,1.0,1.0,1.0,1.0
86,0.7271759935377022,-0.3058992280826172,0.7284777703994538,0.8086859040987642,1.0491091390038196,Three-step-ipw,0.2,0.2,0.2,0.2,0.3,0.3,0.3,0.3,3411,1.0,1.0,1.0,1.0,1.0
87,0.8169698060002044,0.5642950069460819,0.7525844514375082,1.2014019262818112,1.1017875579345342,Three-step-ipw,0.2,0.2,0.2,0.2,0.3,0.3,0.3,0.3,3411,1.0,1.0,1.0,1.0,1.0
88,0.7340199003769433,1.0343046812846044,0.42150923203780055,0.20287564503910338,1.022936954534246,Three-step-ipw,0.2,0.2,0.2,0.2,0.3,0.3,0.3,0.3,3411,1.0,1.0,1.0,1.0,1.0
89,1.998076405642004,2.5007984465430195,1.4906452055041914,0.3720974051706409,1.393323882401878,Three-step-ipw,0.2,0.2,0.2,0.2,0.3,0.3,0.3,0.3,3411,1.0,1.0,1.0,1.0,1.0
90,2.048807331387681,2.2464892519161053,1.4672336625090205,1.2188710574356327,1.2443457876314399,Three-step-ipw,0.2,0.2,0.2,0.2,0.3,0.3,0.3,0.3,3411,1.0,1.0,1.0,1.0,1.0
91,0.08510956982057481,1.580892712549132,1.5341654805674014,1.3005112514267343,1.004905065111549,Three-step-ipw,0.2,0.2,0.2,0.2,0.3,0.3,0.3,0.3,3411,1.0,1.0,1.0,1.0,1.0
92,1.0452745778155867,0.3466659395465377,1.1475516804276813,1.0094399081929617,0.8491765051173543,Three-step-ipw,0.2,0.2,0.2,0.2,0.3,0.3,0.3,0.3,3411,1.0,1.0,1.0,1.0,1.0
93,1.2330902758894995,1.3183894024221636,0.9084905798678298,0.6373800759323577,1.0386316446632937,Three-step-ipw,0.2,0.2,0.2,0.2,0.3,0.3,0.3,0.3,3411,1.0,1.0,1.0,1.0,1.0
94,-0.5930846180152202,1.497557928528651,0.41819819141205067,1.1791385653024629,1.0422595086270883,Three-step-ipw,0.2,0.2,0.2,0.2,0.3,0.3,0.3,0.3,3411,1.0,1.0,1.0,1.0,1.0
95,1.1217787886008763,0.14411902430602327,1.7247466640469022,1.0418372534356022,0.9377675968035615,Three-step-ipw,0.2,0.2,0.2,0.2,0.3,0.3,0.3,0.3,3411,1.0,1.0,1.0,1.0,1.0
96,0.8656625539685207,1.8563745198335984,1.1062198389476956,0.8041024038847221,1.186707578850785,Three-step-ipw,0.2,0.2,0.2,0.2,0.3,0.3,0.3,0.3,3411,1.0,1.0,1.0,1.0,1.0
97,1.0544854822867604,0.9124399332080255,0.854966842111914,0.49599013643691003,1.0412305640450956,Three-step-ipw,0.2,0.2,0.2,0.2,0.3,0.3,0.3,0.3,3411,1.0,1.0,1.0,1.0,1.0
98,1.8869384643816252,1.2832141302868647,1.100648832222655,1.1333157489275814,1.2954713166546175,Three-step-ipw,0.2,0.2,0.2,0.2,0.3,0.3,0.3,0.3,3411,1.0,1.0,1.0,1.0,1.0
99,0.691093552865158,1.639457701066266,0.12388346009385355,0.8622449439656935,0.9919851033447015,Three-step-ipw,0.2,0.2,0.2,0.2,0.3,0.3,0.3,0.3,3411,1.0,1.0,1.0,1.0,1.0
100,0.40028629661183307,0.2941196374041214,0.8234411934948876,0.9306891079524348,0.9500251231793231,Three-step-ipw,0.2,0.2,0.2,0.2,0.3,0.3,0.3,0.3,3411,1.0,1.0,1.0,1.0,1.0
101,1.7165703375776804,0.7666598462231867,1.7113556311771931,1.0474043085256801,1.1357505967786634,Three-step-ipw,0.2,0.2,0.2,0.2,0.3,0.3,0.3,0.3,3411,1.0,1.0,1.0,1.0,1.0
102,0.5436656033208042,0.004228021316482602,0.6870768248791692,0.8295161142244999,0.8965679805514366,Three-step-ipw,0.2,0.2,0.2,0.2,0.3,0.3,0.3,0.3,3411,1.0,1.0,1.0,1.0,1.0
103,2.502154629216474,0.775402202715348,0.9864397459603135,1.3349737481314108,0.9706132718563117,Three-step-ipw,0.2,0.2,0.2,0.2,0.3,0.3,0.3,0.3,3411,1.0,1.0,1.0,1.0,1.0
104,1.7316042111005365,1.2476526416110478,1.619988118844311,1.6818719297824194,1.1373087093347327,Three-step-ipw,0.2,0.2,0.2,0.2,0.3,0.3,0.3,0.3,3411,1.0,1.0,1.0,1.0,1.0
105,0.49983591484358847,0.9498767557361205,1.9157419002071951,0.9982344082286967,0.8838045153740482,Three-step-ipw,0.2,0.2,0.2,0.2,0.3,0.3,0.3,0.3,3411,1.0,1.0,1.0,1.0,1.0
106,2.3245819462782413,-1.0288299086277506,0.8581647344363958,0.5443911061186593,0.725821585905108,Three-step-ipw,0.2,0.2,0.2,0.2,0.3,0.3,0.3,0.3,3411,1.0,1.0,1.0,1.0,1.0
107,1.026820120760033,0.11677370109476609,1.9948600780607086,0.7781089348466618,1.1048111739471353,Three-step-ipw,0.2,0.2,0.2,0.2,0.3,0.3,0.3,0.3,3411,1.0,1.0,1.0,1.0,1.0
108,1.5041913010222028,1.3732489497035436,1.0588746002300242,1.2651513780799706,1.2471224314457787,Three-step-ipw,0.2,0.2,0.2,0.2,0.3,0.3,0.3,0.3,3411,1.0,1.0,1.0,1.0,1.0
109,1.7995913033293605,0.5439787398799841,0.5277145564185349,1.4160795085465525,0.9338714394232814,Three-step-ipw,0.2,0.2,0.2,0.2,0.3,0.3,0.3,0.3,3411,1.0,1.0,1.0,1.0,1.0
110,0.9558416745632412,2.0591523710311237,0.46112053288880844,0.7402111536304764,1.0900234959932715,Three-step-ipw,0.2,0.2,0.2,0.2,0.3,0.3,0.3,0.3,3411,1.0,1.0,1.0,1.0,1.0
111,0.9424639594628881,-0.34515562749834533,0.6560010401833527,1.0030579590331292,1.1689306171041889,Three-step-ipw,0.2,0.2,0.2,0.2,0.3,0.3,0.3,0.3,3411,1.0,1.0,1.0,1.0,1.0
112,0.6270074572631867,0.6944980532819786,0.7618249712156625,0.8996396395264227,1.0381368044030037,Three-step-ipw,0.2,0.2,0.2,0.2,0.3,0.3,0.3,0.3,3411,1.0,1.0,1.0,1.0,1.0
113,1.2907137475585475,-0.002056931171725893,0.6555516503722906,0.9800825756057171,1.1775766849422271,Three-step-ipw,0.2,0.2,0.2,0.2,0.3,0.3,0.3,0.3,3411,1.0,1.0,1.0,1.0,1.0
114,0.28679879302666744,-0.5636039396113078,0.5863825738820081,0.8001882377028219,1.1058124264952507,Three-step-ipw,0.2,0.2,0.2,0.2,0.3,0.3,0.3,0.3,3411,1.0,1.0,1.0,1.0,1.0
115,0.4567283247277001,0.3539701291370312,0.66208386464495,1.100715693842296,1.1452028446214642,Three-step-ipw,0.2,0.2,0.2,0.2,0.3,0.3,0.3,0.3,3411,1.0,1.0,1.0,1.0,1.0
116,0.43276919880262826,2.9328082981980006,0.9063066010638601,1.1933966252005657,1.1575271044761435,Three-step-ipw,0.2,0.2,0.2,0.2,0.3,0.3,0.3,0.3,3411,1.0,1.0,1.0,1.0,1.0
117,0.23734587306208854,-0.38439023099822506,-0.5064306594064402,0.8394459306406524,0.8204780063525305,Three-step-ipw,0.2,0.2,0.2,0.2,0.3,0.3,0.3,0.3,3411,1.0,1.0,1.0,1.0,1.0
118,0.2809403143061773,-0.6416346543169535,1.8211046252028387,1.526533833718058,1.2657020787741242,Three-step-ipw,0.2,0.2,0.2,0.2,0.3,0.3,0.3,0.3,3411,1.0,1.0,1.0,1.0,1.0
119,-0.5884767264553532,0.21155796347431158,1.2674439695427597,1.190812112654528,0.8440267495163357,Three-step-ipw,0.2,0.2,0.2,0.2,0.3,0.3,0.3,0.3,3411,1.0,1.0,1.0,1.0,1.0
120,1.205799776003325,1.7752762149711419,0.3061151633448263,0.47537031243428385,0.6435887253867543,Three-step-ipw,0.2,0.2,0.2,0.2,0.3,0.3,0.3,0.3,3411,1.0,1.0,1.0,1.0,1.0
121,-0.2304354117880471,1.3062876488137156,1.218272378925941,0.6139973359940605,1.189293919271592,Three-step-ipw,0.2,0.2,0.2,0.2,0.3,0.3,0.3,0.3,3411,1.0,1.0,1.0,1.0,1.0
122,1.6658841910027462,2.6548773713704086,0.8518963386768911,1.2217067834486235,1.2591399444669158,Three-step-ipw,0.2,0.2,0.2,0.2,0.3,0.3,0.3,0.3,3411,1.0,1.0,1.0,1.0,1.0
123,1.557702982175287,1.6451855694209085,0.8057703624896212,0.5666284266341376,0.7922106797106139,Three-step-ipw,0.2,0.2,0.2,0.2,0.3,0.3,0.3,0.3,3411,1.0,1.0,1.0,1.0,1.0
124,0.8272826006965748,0.5668729174691948,1.5759685683610603,1.4033558030659383,0.8828239693202887,Three-step-ipw,0.2,0.2,0.2,0.2,0.3,0.3,0.3,0.3,3411,1.0,1.0,1.0,1.0,1.0
125,0.9300697085151957,1.317989112594798,1.663865467608417,0.5346113040018344,1.0062884901609903,Three-step-ipw,0.2,0.2,0.2,0.2,0.3,0.3,0.3,0.3,3411,1.0,1.0,1.0,1.0,1.0
126,1.4650802433854164,-0.016294072198732395,1.9256936638567697,1.4979853049274778,1.023080318415468,Three-step-ipw,0.2,0.2,0.2,0.2,0.3,0.3,0.3,0.3,3411,1.0,1.0,1.0,1.0,1.0
127,-0.24569458647518944,-0.5648984930802949,0.1182654660989585,0.9299496001262493,0.7953051779781095,Three-step-ipw,0.2,0.2,0.2,0.2,0.3,0.3,0.3,0.3,3411,1.0,1.0,1.0,1.0,1.0
128,2.2203493610449665,0.1149737688647238,1.655151291973409,1.0777032343175863,0.7985603205967419,Three-step-ipw,0.2,0.2,0.2,0.2,0.3,0.3,0.3,0.3,3411,1.0,1.0,1.0,1.0,1.0
129,0.4115875979735107,0.4618458562785836,1.0535483396966403,0.7722117767072604,1.064003789369223,Three-step-ipw,0.2,0.2,0.2,0.2,0.3,0.3,0.3,0.3,3411,1.0,1.0,1.0,1.0,1.0
130,0.640909433075108,0.6649143264518024,0.8547987540981049,1.1161548569585544,1.032714107228559,Three-step-ipw,0.2,0.2,0.2,0.2,0.3,0.3,0.3,0.3,3411,1.0,1.0,1.0,1.0,1.0
131,0.601086474692644,-1.2043378754465333,1.4802049451460497,0.8243001002204058,0.8230041772412998,Three-step-ipw,0.2,0.2,0.2,0.2,0.3,0.3,0.3,0.3,3411,1.0,1.0,1.0,1.0,1.0
132,1.8832849680253099,-0.1489433747154681,0.6287315036026848,1.4794839353655904,1.3882401953897507,Three-step-ipw,0.2,0.2,0.2,0.2,0.3,0.3,0.3,0.3,3411,1.0,1.0,1.0,1.0,1.0
133,0.3887726632688658,1.8140648972052,1.2405351554364268,0.8942520697586,1.0156422768118245,Three-step-ipw,0.2,0.2,0.2,0.2,0.3,0.3,0.3,0.3,3411,1.0,1.0,1.0,1.0,1.0
134,0.8907841381782217,1.0360876269981036,0.6230748263941063,0.8106172740558246,0.8295561272865548,Three-step-ipw,0.2,0.2,0.2,0.2,0.3,0.3,0.3,0.3,3411,1.0,1.0,1.0,1.0,1.0
135,1.228324155272307,1.0179393628527642,0.908371245880433,0.9022161573535981,1.089471272463288,Three-step-ipw,0.2,0.2,0.2,0.2,0.3,0.3,0.3,0.3,3411,1.0,1.0,1.0,1.0,1.0
136,0.10573664875371568,1.05065226762702,1.4470743380811495,1.5148851258071563,0.8162815319763076,Three-step-ipw,0.2,0.2,0.2,0.2,0.3,0.3,0.3,0.3,3411,1.0,1.0,1.0,1.0,1.0
137,-0.5913538489568649,-0.4408481260832603,0.09232978483804229,0.7220853540629336,0.9263739071977535,Three-step-ipw,0.2,0.2,0.2,0.2,0.3,0.3,0.3,0.3,3411,1.0,1.0,1.0,1.0,1.0
138,-0.1304168439792639,1.1547952944529407,0.6231837177301529,0.6834810497553615,1.0234061355100623,Three-step-ipw,0.2,0.2,0.2,0.2,0.3,0.3,0.3,0.3,3411,1.0,1.0,1.0,1.0,1.0
139,1.7739199496410585,1.0528132966106825,0.8621524399649428,1.0129191899288132,0.6734860974159497,Three-step-ipw,0.2,0.2,0.2,0.2,0.3,0.3,0.3,0.3,3411,1.0,1.0,1.0,1.0,1.0
140,1.0283448865946936,1.0496555373217893,0.6075667696462386,0.6911332679970704,1.0459650783040124,Three-step-ipw,0.2,0.2,0.2,0.2,0.3,0.3,0.3,0.3,3411,1.0,1.0,1.0,1.0,1.0
141,1.2075549897550875,0.4635836706317335,1.272000647395294,1.0701946353416782,1.2553771059330636,Three-step-ipw,0.2,0.2,0.2,0.2,0.3,0.3,0.3,0.3,3411,1.0,1.0,1.0,1.0,1.0
142,-0.30339912386285367,1.0139114552879076,0.7913453046169522,1.6287581182621191,0.7846355184312412,Three-step-ipw,0.2,0.2,0.2,0.2,0.3,0.3,0.3,0.3,3411,1.0,1.0,1.0,1.0,1.0
143,0.9351511559237397,2.0519635291289156,1.9322766738823767,0.7074962469081745,0.9426985307911807,Three-step-ipw,0.2,0.2,0.2,0.2,0.3,0.3,0.3,0.3,3411,1.0,1.0,1.0,1.0,1.0
144,0.6132871882570096,0.4441858083911936,0.6201564215359144,1.5321259801284848,1.1621677929671168,Three-step-ipw,0.2,0.2,0.2,0.2,0.3,0.3,0.3,0.3,3411,1.0,1.0,1.0,1.0,1.0
145,0.10972843332903685,0.742364638117463,1.3329420959927272,1.3671084089603738,0.7702299879569977,Three-step-ipw,0.2,0.2,0.2,0.2,0.3,0.3,0.3,0.3,3411,1.0,1.0,1.0,1.0,1.0
146,0.31304160100110434,-0.725789733128025,-0.6636588150304863,0.8821608616050126,0.8821399703306809,Three-step-ipw,0.2,0.2,0.2,0.2,0.3,0.3,0.3,0.3,3411,1.0,1.0,1.0,1.0,1.0
147,-0.12483075801174419,0.5478059452735767,1.137971427419278,0.7499124195982475,0.855735462253735,Three-step-ipw,0.2,0.2,0.2,0.2,0.3,0.3,0.3,0.3,3411,1.0,1.0,1.0,1.0,1.0
148,0.46413602275318355,1.5016650443615203,0.9453117217220544,0.5416406378262248,0.9999976874225766,Three-step-ipw,0.2,0.2,0.2,0.2,0.3,0.3,0.3,0.3,3411,1.0,1.0,1.0,1.0,1.0
149,1.230846300840037,3.3055290354189903,1.6151280944507005,0.5456874356105774,0.8647995608099148,Three-step-ipw,0.2,0.2,0.2,0.2,0.3,0.3,0.3,0.3,3411,1.0,1.0,1.0,1.0,1.0
150,1.162879220730279,0.5038461536540764,0.9066698369340074,1.3309867728849998,1.0216427829325034,Three-step-ipw,0.2,0.2,0.2,0.2,0.3,0.3,0.3,0.3,3411,1.0,1.0,1.0,1.0,1.0
151,0.7052380969378226,0.715139919876581,2.2960065865124983,0.8914670725717624,1.0477284834387308,Three-step-ipw,0.2,0.2,0.2,0.2,0.3,0.3,0.3,0.3,3411,1.0,1.0,1.0,1.0,1.0
152,0.476204566847454,0.6742725830016404,0.6938560935006545,1.331550212868587,0.9894018224014612,Three-step-ipw,0.2,0.2,0.2,0.2,0.3,0.3,0.3,0.3,3411,1.0,1.0,1.0,1.0,1.0
153,0.8788918754970959,0.46683394952827,1.5701783564967688,0.8812491134703869,0.7705213408280491,Three-step-ipw,0.2,0.2,0.2,0.2,0.3,0.3,0.3,0.3,3411,1.0,1.0,1.0,1.0,1.0
154,1.3539594672501707,0.02137348134850333,1.056697100748962,1.0948089115527964,1.1686090579253225,Three-step-ipw,0.2,0.2,0.2,0.2,0.3,0.3,0.3,0.3,3411,1.0,1.0,1.0,1.0,1.0
155,2.222571542159793,1.5227930009020407,1.1033432391989155,0.8127151863789085,1.2796390484390503,Three-step-ipw,0.2,0.2,0.2,0.2,0.3,0.3,0.3,0.3,3411,1.0,1.0,1.0,1.0,1.0
156,-0.4009241385554102,0.7657915206852808,0.8146911384735791,0.8832700824992941,0.8314592160300442,Three-step-ipw,0.2,0.2,0.2,0.2,0.3,0.3,0.3,0.3,3411,1.0,1.0,1.0,1.0,1.0
157,2.273875746248988,2.9909197225759274,1.039643670357348,1.136258792446549,1.0239534465774502,Three-step-ipw,0.2,0.2,0.2,0.2,0.3,0.3,0.3,0.3,3411,1.0,1.0,1.0,1.0,1.0
158,0.6180088427385235,0.46923746299768493,0.9962891518135969,1.0030887946639448,1.0683962928503894,Three-step-ipw,0.2,0.2,0.2,0.2,0.3,0.3,0.3,0.3,3411,1.0,1.0,1.0,1.0,1.0
159,1.012480137044984,1.2670807137018392,1.1672658723625498,0.8651475016627054,0.8347871207354411,Three-step-ipw,0.2,0.2,0.2,0.2,0.3,0.3,0.3,0.3,3411,1.0,1.0,1.0,1.0,1.0
160,0.6257074927779864,0.6820543929646476,1.1203531074803437,0.9131762166409213,0.769018980152423,Three-step-ipw,0.2,0.2,0.2,0.2,0.3,0.3,0.3,0.3,3411,1.0,1.0,1.0,1.0,1.0
161,0.8845316874292911,2.601691372347461,0.9078696335807186,1.2528306608857473,0.9209315717717924,Three-step-ipw,0.2,0.2,0.2,0.2,0.3,0.3,0.3,0.3,3411,1.0,1.0,1.0,1.0,1.0
162,2.132872599913646,0.695468313805875,1.3453739917223448,0.6201781744268205,1.0428643971272589,Three-step-ipw,0.2,0.2,0.2,0.2,0.3,0.3,0.3,0.3,3411,1.0,1.0,1.0,1.0,1.0
163,1.684926738074258,0.06438095355023149,1.6102501871581392,1.1178779607770233,1.1885118454566843,Three-step-ipw,0.2,0.2,0.2,0.2,0.3,0.3,0.3,0.3,3411,1.0,1.0,1.0,1.0,1.0
164,0.8989198208323302,1.0066715106821957,0.3669993883742047,1.1258723448871908,0.8884462167135291,Three-step-ipw,0.2,0.2,0.2,0.2,0.3,0.3,0.3,0.3,3411,1.0,1.0,1.0,1.0,1.0
165,0.1968808900050573,1.4644972687790192,0.6651647926327049,0.9808197304432215,0.9041729373642011,Three-step-ipw,0.2,0.2,0.2,0.2,0.3,0.3,0.3,0.3,3411,1.0,1.0,1.0,1.0,1.0
166,1.2986521967791542,0.5690044666363043,1.6889692559578813,1.2504220428143296,0.985360552110034,Three-step-ipw,0.2,0.2,0.2,0.2,0.3,0.3,0.3,0.3,3411,1.0,1.0,1.0,1.0,1.0
167,0.5761220811415921,1.2228583900761565,2.42236188047589,1.015376958828508,0.9938228686542527,Three-step-ipw,0.2,0.2,0.2,0.2,0.3,0.3,0.3,0.3,3411,1.0,1.0,1.0,1.0,1.0
168,2.273237971761613,1.7026845990277049,0.9010430264255386,0.8282479980119443,0.8382898685328346,Three-step-ipw,0.2,0.2,0.2,0.2,0.3,0.3,0.3,0.3,3411,1.0,1.0,1.0,1.0,1.0
169,2.3043724970205828,1.488151674601871,2.148869117700439,1.307868609727195,0.9981696124540402,Three-step-ipw,0.2,0.2,0.2,0.2,0.3,0.3,0.3,0.3,3411,1.0,1.0,1.0,1.0,1.0
170,1.4947390303794204,1.8888714585554136,1.2918329468164906,0.8996970466358505,1.2489640728586429,Three-step-ipw,0.2,0.2,0.2,0.2,0.3,0.3,0.3,0.3,3411,1.0,1.0,1.0,1.0,1.0
171,0.4986394163120214,0.22715051708185427,1.0072317512750892,0.5980221463567594,0.8063733007068481,Three-step-ipw,0.2,0.2,0.2,0.2,0.3,0.3,0.3,0.3,3411,1.0,1.0,1.0,1.0,1.0
172,1.7371610334905347,1.0141484471156406,1.0540392322506424,0.9642393993455463,0.9346256107845035,Three-step-ipw,0.2,0.2,0.2,0.2,0.3,0.3,0.3,0.3,3411,1.0,1.0,1.0,1.0,1.0
173,0.9320827676939757,0.04262616859510111,1.1495083853192163,0.7336237005908106,0.8295770507235058,Three-step-ipw,0.2,0.2,0.2,0.2,0.3,0.3,0.3,0.3,3411,1.0,1.0,1.0,1.0,1.0
174,0.09212724827766655,0.729932478088597,0.9049032550170515,0.9539647960036529,0.7389939834720509,Three-step-ipw,0.2,0.2,0.2,0.2,0.3,0.3,0.3,0.3,3411,1.0,1.0,1.0,1.0,1.0
175,1.5769431389377693,1.992666500867142,0.5441042380524005,1.2984708028592924,1.2832720322822142,Three-step-ipw,0.2,0.2,0.2,0.2,0.3,0.3,0.3,0.3,3411,1.0,1.0,1.0,1.0,1.0
176,0.848447484153274,1.9707162474024387,1.5149625178739328,1.112186384449372,1.075034477931396,Three-step-ipw,0.2,0.2,0.2,0.2,0.3,0.3,0.3,0.3,3411,1.0,1.0,1.0,1.0,1.0
177,0.8794124173839399,-1.1348357467130534,0.4778843746335566,0.9733446751888717,0.8827239057754466,Three-step-ipw,0.2,0.2,0.2,0.2,0.3,0.3,0.3,0.3,3411,1.0,1.0,1.0,1.0,1.0
178,0.9710754020568667,0.36955844182611375,1.0130835489100005,0.5691891259927093,0.8428668656066227,Three-step-ipw,0.2,0.2,0.2,0.2,0.3,0.3,0.3,0.3,3411,1.0,1.0,1.0,1.0,1.0
179,0.7660380091952083,2.1002203508010795,1.7073806434252001,0.8390639595300549,1.2425020197950554,Three-step-ipw,0.2,0.2,0.2,0.2,0.3,0.3,0.3,0.3,3411,1.0,1.0,1.0,1.0,1.0
180,1.2370514543033306,-0.8411654262531496,0.8299271878959931,1.082683201008234,1.2343408700936815,Three-step-ipw,0.2,0.2,0.2,0.2,0.3,0.3,0.3,0.3,3411,1.0,1.0,1.0,1.0,1.0
181,0.8580029156205118,1.9207209638575513,1.3787935346215006,1.0662324805213808,1.122448296886847,Three-step-ipw,0.2,0.2,0.2,0.2,0.3,0.3,0.3,0.3,3411,1.0,1.0,1.0,1.0,1.0
182,0.6743189900687455,1.1290868210450802,1.6035152156378134,1.0582194570389625,1.2245799245728606,Three-step-ipw,0.2,0.2,0.2,0.2,0.3,0.3,0.3,0.3,3411,1.0,1.0,1.0,1.0,1.0
183,1.2997401266032913,0.1616968870256022,0.6396464759283323,0.7523503324838843,0.8180594887242703,Three-step-ipw,0.2,0.2,0.2,0.2,0.3,0.3,0.3,0.3,3411,1.0,1.0,1.0,1.0,1.0
184,-0.21737362911043295,-0.5848292062396769,0.1460816661197531,0.8305103643545836,0.9718162715404778,Three-step-ipw,0.2,0.2,0.2,0.2,0.3,0.3,0.3,0.3,3411,1.0,1.0,1.0,1.0,1.0
185,1.5213625341175199,0.5821087573918133,0.4133171777143651,0.8831397704700846,1.055208017232467,Three-step-ipw,0.2,0.2,0.2,0.2,0.3,0.3,0.3,0.3,3411,1.0,1.0,1.0,1.0,1.0
186,0.2911168250541167,1.4266818662889875,1.9951722135825738,1.2129463211554876,0.9129154220395074,Three-step-ipw,0.2,0.2,0.2,0.2,0.3,0.3,0.3,0.3,3411,1.0,1.0,1.0,1.0,1.0
187,0.012658224428841626,-0.2490839466082363,1.3654575673257698,0.6091130819316652,1.0771230407797856,Three-step-ipw,0.2,0.2,0.2,0.2,0.3,0.3,0.3,0.3,3411,1.0,1.0,1.0,1.0,1.0
188,2.4053745858498266,3.778765240142561,0.9390056734062808,1.01549366410719,1.155162595809169,Three-step-ipw,0.2,0.2,0.2,0.2,0.3,0.3,0.3,0.3,3411,1.0,1.0,1.0,1.0,1.0
189,0.7473204716861186,2.3882439459773903,0.708160800662897,1.0698928100480858,0.9646340522435856,Three-step-ipw,0.2,0.2,0.2,0.2,0.3,0.3,0.3,0.3,3411,1.0,1.0,1.0,1.0,1.0
190,0.6180020546658803,0.17939335223220962,0.32978356800521147,0.5246705315432011,1.2446242362543662,Three-step-ipw,0.2,0.2,0.2,0.2,0.3,0.3,0.3,0.3,3411,1.0,1.0,1.0,1.0,1.0
191,2.467753710253177,3.1145876739713034,1.2262918594267636,0.9334975803137209,1.1585447408193967,Three-step-ipw,0.2,0.2,0.2,0.2,0.3,0.3,0.3,0.3,3411,1.0,1.0,1.0,1.0,1.0
192,0.6827330774657039,1.3005538560772072,0.780509986503535,0.6406264670911034,1.0681540691272713,Three-step-ipw,0.2,0.2,0.2,0.2,0.3,0.3,0.3,0.3,3411,1.0,1.0,1.0,1.0,1.0
193,0.690936596411953,0.1093241956830353,1.8736958345420374,0.767094728013437,0.9182001441009431,Three-step-ipw,0.2,0.2,0.2,0.2,0.3,0.3,0.3,0.3,3411,1.0,1.0,1.0,1.0,1.0
194,0.8207048147857012,0.4760322127454915,0.4007546107838926,1.1707353743000781,1.084481224418747,Three-step-ipw,0.2,0.2,0.2,0.2,0.3,0.3,0.3,0.3,3411,1.0,1.0,1.0,1.0,1.0
195,0.1274819077103758,-0.01751769490245325,0.7505455064027204,0.9279734797237906,1.0461693641563965,Three-step-ipw,0.2,0.2,0.2,0.2,0.3,0.3,0.3,0.3,3411,1.0,1.0,1.0,1.0,1.0
196,-0.1217029201706991,0.19479495735938504,0.8626895785423041,0.8951021558612712,0.9863194260629261,Three-step-ipw,0.2,0.2,0.2,0.2,0.3,0.3,0.3,0.3,3411,1.0,1.0,1.0,1.0,1.0
197,1.8908155330148784,3.1853493952428047,0.7448498856303319,0.8927428735394252,0.9288019188235064,Three-step-ipw,0.2,0.2,0.2,0.2,0.3,0.3,0.3,0.3,3411,1.0,1.0,1.0,1.0,1.0
198,3.0423541863977985,3.735332495655287,1.4812462769178918,1.0714590805598612,1.3274453053968456,Three-step-ipw,0.2,0.2,0.2,0.2,0.3,0.3,0.3,0.3,3411,1.0,1.0,1.0,1.0,1.0
199,2.194609648289272,2.000433887341637,0.6690327644620053,1.094169848659897,0.900930595736112,Three-step-ipw,0.2,0.2,0.2,0.2,0.3,0.3,0.3,0.3,3411,1.0,1.0,1.0,1.0,1.0
200,0.9411755547580573,-0.4392724240455841,1.7120916141979448,1.1891538418134384,0.9827933015522531,Three-step-ipw,0.2,0.2,0.2,0.2,0.3,0.3,0.3,0.3,3411,1.0,1.0,1.0,1.0,1.0
201,0.36501367893553577,2.6591093659851444,1.1470282420837856,1.357019177061525,0.8880689807035042,Three-step-ipw,0.2,0.2,0.2,0.2,0.3,0.3,0.3,0.3,3411,1.0,1.0,1.0,1.0,1.0
202,1.4498614497108755,2.4565846356157826,1.1378386554253415,1.0399266948613652,1.0577013846419345,Three-step-ipw,0.2,0.2,0.2,0.2,0.3,0.3,0.3,0.3,3411,1.0,1.0,1.0,1.0,1.0
203,1.8381371306271093,2.041298725404276,1.417877690193055,1.4039754999145098,1.2199259318076787,Three-step-ipw,0.2,0.2,0.2,0.2,0.3,0.3,0.3,0.3,3411,1.0,1.0,1.0,1.0,1.0
204,0.4759750369081751,1.6674974618397171,0.7045477092599424,0.9493525014995396,0.9887925824288223,Three-step-ipw,0.2,0.2,0.2,0.2,0.3,0.3,0.3,0.3,3411,1.0,1.0,1.0,1.0,1.0
205,0.35509624403310874,-0.22006739920973928,-0.03859301791922377,0.7697222977177942,1.0170374007769634,Three-step-ipw,0.2,0.2,0.2,0.2,0.3,0.3,0.3,0.3,3411,1.0,1.0,1.0,1.0,1.0
206,-0.6214331847926036,0.40226416608938953,0.624459180499508,0.9667692932587997,1.1503688861356691,Three-step-ipw,0.2,0.2,0.2,0.2,0.3,0.3,0.3,0.3,3411,1.0,1.0,1.0,1.0,1.0
207,1.4962743955953497,1.1290820442787555,1.237422648291044,1.30918482886987,1.3041497730824396,Three-step-ipw,0.2,0.2,0.2,0.2,0.3,0.3,0.3,0.3,3411,1.0,1.0,1.0,1.0,1.0
208,-0.054101314469462,1.904073161554603,0.6986041161948275,0.9726142125683672,1.3021046231109221,Three-step-ipw,0.2,0.2,0.2,0.2,0.3,0.3,0.3,0.3,3411,1.0,1.0,1.0,1.0,1.0
209,0.862600301114401,1.0332442022772346,1.624151574097476,1.1771375201791139,0.9186292280005169,Three-step-ipw,0.2,0.2,0.2,0.2,0.3,0.3,0.3,0.3,3411,1.0,1.0,1.0,1.0,1.0
210,2.0396038149408238,0.9958558341189948,0.9595283544137376,1.4572665082613927,0.8765503921246993,Three-step-ipw,0.2,0.2,0.2,0.2,0.3,0.3,0.3,0.3,3411,1.0,1.0,1.0,1.0,1.0
211,2.520477981845393,1.1204268867013265,0.8922953919822333,1.0275457418881344,1.0805591544546076,Three-step-ipw,0.2,0.2,0.2,0.2,0.3,0.3,0.3,0.3,3411,1.0,1.0,1.0,1.0,1.0
212,1.1545075845871904,1.0648768127823145,1.9156785461045633,1.2167128066144368,1.0209689916729832,Three-step-ipw,0.2,0.2,0.2,0.2,0.3,0.3,0.3,0.3,3411,1.0,1.0,1.0,1.0,1.0
213,1.0584056351572382,0.865859467392283,0.944263979369898,1.3407025457941868,1.1846925639603865,Three-step-ipw,0.2,0.2,0.2,0.2,0.3,0.3,0.3,0.3,3411,1.0,1.0,1.0,1.0,1.0
214,1.5466123941227987,0.1504016326176977,0.8841295768302958,0.9012073962482315,1.1042053527164462,Three-step-ipw,0.2,0.2,0.2,0.2,0.3,0.3,0.3,0.3,3411,1.0,1.0,1.0,1.0,1.0
215,0.2993783855993271,0.46570303816197506,1.556239713184056,0.9154175699964073,0.9236103184737129,Three-step-ipw,0.2,0.2,0.2,0.2,0.3,0.3,0.3,0.3,3411,1.0,1.0,1.0,1.0,1.0
216,0.41115833333146434,0.6846815419171055,1.2234381824884895,0.9878349361759231,0.9311459758660007,Three-step-ipw,0.2,0.2,0.2,0.2,0.3,0.3,0.3,0.3,3411,1.0,1.0,1.0,1.0,1.0
217,-0.04923710447818406,0.534853277062072,1.2581381244723793,0.907732691025137,1.0204218510465586,Three-step-ipw,0.2,0.2,0.2,0.2,0.3,0.3,0.3,0.3,3411,1.0,1.0,1.0,1.0,1.0
218,0.7562929284941482,1.5370631144319373,0.8701327786038424,0.7275338437893246,0.8248819502983902,Three-step-ipw,0.2,0.2,0.2,0.2,0.3,0.3,0.3,0.3,3411,1.0,1.0,1.0,1.0,1.0
219,1.5917430803639756,1.6336363845176782,1.2668697270920286,1.2769615590031176,1.1100371628718517,Three-step-ipw,0.2,0.2,0.2,0.2,0.3,0.3,0.3,0.3,3411,1.0,1.0,1.0,1.0,1.0
220,0.9118262266740984,2.2876506954340883,0.8959313379078421,1.5911709171904405,1.20846191123227,Three-step-ipw,0.2,0.2,0.2,0.2,0.3,0.3,0.3,0.3,3411,1.0,1.0,1.0,1.0,1.0
221,0.4807879718964136,1.1850304284433975,0.8019393449204841,0.7838995068449394,0.874891331444175,Three-step-ipw,0.2,0.2,0.2,0.2,0.3,0.3,0.3,0.3,3411,1.0,1.0,1.0,1.0,1.0
222,2.0107809836272312,2.1839279774062406,0.030987381543793453,0.9542119752742466,1.2028305613187038,Three-step-ipw,0.2,0.2,0.2,0.2,0.3,0.3,0.3,0.3,3411,1.0,1.0,1.0,1.0,1.0
223,0.8574744821070462,0.37820416159650694,1.7018660381634334,1.03284982698203,0.851503545433117,Three-step-ipw,0.2,0.2,0.2,0.2,0.3,0.3,0.3,0.3,3411,1.0,1.0,1.0,1.0,1.0
224,1.114052056644978,0.5347992299295626,0.7578014504900182,0.7336594397200727,0.7773730912595734,Three-step-ipw,0.2,0.2,0.2,0.2,0.3,0.3,0.3,0.3,3411,1.0,1.0,1.0,1.0,1.0
225,2.4045999921818786,1.0820490361862591,1.8535289504094934,1.047323605109253,1.038776814355271,Three-step-ipw,0.2,0.2,0.2,0.2,0.3,0.3,0.3,0.3,3411,1.0,1.0,1.0,1.0,1.0
226,0.3670919195895948,-0.5605367376732431,0.2742946289028973,0.63504254517158,0.962453855479959,Three-step-ipw,0.2,0.2,0.2,0.2,0.3,0.3,0.3,0.3,3411,1.0,1.0,1.0,1.0,1.0
227,0.13997773249954207,1.0220031062799864,1.5001406413822957,1.4371911796661652,0.9138233496467554,Three-step-ipw,0.2,0.2,0.2,0.2,0.3,0.3,0.3,0.3,3411,1.0,1.0,1.0,1.0,1.0
228,0.5071716888659381,0.002778308127903461,0.11794586482580613,0.8904543080774756,0.9115769250901915,Three-step-ipw,0.2,0.2,0.2,0.2,0.3,0.3,0.3,0.3,3411,1.0,1.0,1.0,1.0,1.0
229,1.6724001493902503,0.9797832609686884,0.9953604073361039,1.2293554714554973,1.2697698329274492,Three-step-ipw,0.2,0.2,0.2,0.2,0.3,0.3,0.3,0.3,3411,1.0,1.0,1.0,1.0,1.0
230,1.1137271859470346,1.4454934833953075,1.444528099351396,1.0800345934835294,0.9252924297821076,Three-step-ipw,0.2,0.2,0.2,0.2,0.3,0.3,0.3,0.3,3411,1.0,1.0,1.0,1.0,1.0
231,0.9666844299761342,1.0712523600939354,1.3853612228592085,1.7235918395727,0.9910920451708648,Three-step-ipw,0.2,0.2,0.2,0.2,0.3,0.3,0.3,0.3,3411,1.0,1.0,1.0,1.0,1.0
232,1.1928026878684042,0.5441025840036554,1.6461808820344457,1.3040690255732572,0.9743785822845574,Three-step-ipw,0.2,0.2,0.2,0.2,0.3,0.3,0.3,0.3,3411,1.0,1.0,1.0,1.0,1.0
233,1.0836512650383179,1.171534185218675,1.20877881877123,0.8818105840682574,1.1291154878029535,Three-step-ipw,0.2,0.2,0.2,0.2,0.3,0.3,0.3,0.3,3411,1.0,1.0,1.0,1.0,1.0
234,0.9610434615459236,1.1366576842139129,1.7221657252887614,0.86220679768055,0.8117993579620233,Three-step-ipw,0.2,0.2,0.2,0.2,0.3,0.3,0.3,0.3,3411,1.0,1.0,1.0,1.0,1.0
235,0.9697367160718953,0.18012634109058548,0.7329033934122869,0.9212681132830838,1.2103977660735679,Three-step-ipw,0.2,0.2,0.2,0.2,0.3,0.3,0.3,0.3,3411,1.0,1.0,1.0,1.0,1.0
236,-0.890284468721939,1.2708984986960439,0.7823969960276079,1.3238836965950487,0.9533117408754933,Three-step-ipw,0.2,0.2,0.2,0.2,0.3,0.3,0.3,0.3,3411,1.0,1.0,1.0,1.0,1.0
237,0.39919066176356954,0.7776321916522103,0.5839200214378917,1.082232003366865,0.9466309279181857,Three-step-ipw,0.2,0.2,0.2,0.2,0.3,0.3,0.3,0.3,3411,1.0,1.0,1.0,1.0,1.0
238,0.08731103005162899,0.6210342658983301,1.5947562001149926,0.7859584942846944,1.0964079604375385,Three-step-ipw,0.2,0.2,0.2,0.2,0.3,0.3,0.3,0.3,3411,1.0,1.0,1.0,1.0,1.0
239,0.5333537811901571,1.2629435361419035,-0.2661632603776881,1.1441381369965724,1.1867626092777013,Three-step-ipw,0.2,0.2,0.2,0.2,0.3,0.3,0.3,0.3,3411,1.0,1.0,1.0,1.0,1.0
240,1.6639165059866956,0.7669368288971574,0.3072058813404538,0.7140722747368958,0.9850552247082089,Three-step-ipw,0.2,0.2,0.2,0.2,0.3,0.3,0.3,0.3,3411,1.0,1.0,1.0,1.0,1.0
241,1.6457784513220763,1.4592795024728795,0.8277442899175761,1.2004477476455846,1.0236481509042612,Three-step-ipw,0.2,0.2,0.2,0.2,0.3,0.3,0.3,0.3,3411,1.0,1.0,1.0,1.0,1.0
242,1.371938319100686,2.054971007184214,1.6384608659344044,1.10806503812654,1.2145997640377455,Three-step-ipw,0.2,0.2,0.2,0.2,0.3,0.3,0.3,0.3,3411,1.0,1.0,1.0,1.0,1.0
243,2.5487777220427064,1.660296237501713,1.8247048839980409,0.61924754130502,1.2065504482487917,Three-step-ipw,0.2,0.2,0.2,0.2,0.3,0.3,0.3,0.3,3411,1.0,1.0,1.0,1.0,1.0
244,1.5279267530764378,-0.001508497447390492,1.5070807490068927,1.3017992432973458,1.098253956596526,Three-step-ipw,0.2,0.2,0.2,0.2,0.3,0.3,0.3,0.3,3411,1.0,1.0,1.0,1.0,1.0
245,0.7598739847658776,0.42604718696989347,0.7772910477081674,0.8037549484060179,0.9227134122074963,Three-step-ipw,0.2,0.2,0.2,0.2,0.3,0.3,0.3,0.3,3411,1.0,1.0,1.0,1.0,1.0
246,1.0804533310198667,1.837884441978155,1.3955128246792694,0.8288478947668361,1.0760966093206654,Three-step-ipw,0.2,0.2,0.2,0.2,0.3,0.3,0.3,0.3,3411,1.0,1.0,1.0,1.0,1.0
247,0.730233775990724,1.428261763447899,1.0131287389793437,0.7983565659659658,0.9796316265483098,Three-step-ipw,0.2,0.2,0.2,0.2,0.3,0.3,0.3,0.3,3411,1.0,1.0,1.0,1.0,1.0
248,0.6897097501458945,1.981543885090726,1.1162204250514363,1.1260462492222727,0.7172262182473372,Three-step-ipw,0.2,0.2,0.2,0.2,0.3,0.3,0.3,0.3,3411,1.0,1.0,1.0,1.0,1.0
249,0.9466480573756313,1.1578887233700623,-0.21249409375484737,0.3539594276680264,0.7216211965867169,Three-step-ipw,0.2,0.2,0.2,0.2,0.3,0.3,0.3,0.3,3411,1.0,1.0,1.0,1.0,1.0
250,0.28506787257750343,1.715176724279032,1.3199449997584964,0.8683851233666259,0.759808407987939,Three-step-ipw,0.2,0.2,0.2,0.2,0.3,0.3,0.3,0.3,3411,1.0,1.0,1.0,1.0,1.0
251,0.7710454498866571,2.743172436328889,1.0560398298341362,1.4132818608012976,0.8125250901393769,Three-step-ipw,0.2,0.2,0.2,0.2,0.3,0.3,0.3,0.3,3411,1.0,1.0,1.0,1.0,1.0
252,0.7750441755543793,-0.5547532996817921,0.603108212000568,0.9318582616829854,0.9245413081783243,Three-step-ipw,0.2,0.2,0.2,0.2,0.3,0.3,0.3,0.3,3411,1.0,1.0,1.0,1.0,1.0
253,-0.15879716235354288,-0.09638585926294196,0.8577229622229949,0.9171477138017018,0.9086803301276939,Three-step-ipw,0.2,0.2,0.2,0.2,0.3,0.3,0.3,0.3,3411,1.0,1.0,1.0,1.0,1.0
254,1.8059219166131557,1.4422431033540428,0.908575563224049,1.4211733507448108,1.1369315516446499,Three-step-ipw,0.2,0.2,0.2,0.2,0.3,0.3,0.3,0.3,3411,1.0,1.0,1.0,1.0,1.0
255,1.1685156349974912,0.8206757083099645,1.0983407867427906,0.5963323305236156,0.8080287711556841,Three-step-ipw,0.2,0.2,0.2,0.2,0.3,0.3,0.3,0.3,3411,1.0,1.0,1.0,1.0,1.0
256,0.5570176039468512,-1.0180069018112825,1.4562755676975383,0.9952059147170167,1.0994123695351694,Three-step-ipw,0.2,0.2,0.2,0.2,0.3,0.3,0.3,0.3,3411,1.0,1.0,1.0,1.0,1.0
257,0.8536261662129316,1.0143528564648925,1.0936558549189126,1.1546036687825336,0.9532548091090821,Three-step-ipw,0.2,0.2,0.2,0.2,0.3,0.3,0.3,0.3,3411,1.0,1.0,1.0,1.0,1.0
258,1.0489701583716324,0.6816105464378258,0.7196804638456235,0.8765382832020299,0.8585389118953178,Three-step-ipw,0.2,0.2,0.2,0.2,0.3,0.3,0.3,0.3,3411,1.0,1.0,1.0,1.0,1.0
259,4.051075405215888,3.0868314673413315,1.613988890001794,1.4833266400536835,1.036804622362599,Three-step-ipw,0.2,0.2,0.2,0.2,0.3,0.3,0.3,0.3,3411,1.0,1.0,1.0,1.0,1.0
260,0.4308922356957288,0.5684650644590421,0.9472059204932354,0.4313588417630326,1.0353044646952074,Three-step-ipw,0.2,0.2,0.2,0.2,0.3,0.3,0.3,0.3,3411,1.0,1.0,1.0,1.0,1.0
261,2.1456003427729615,1.5528636512237022,1.6728250076452116,1.5972000503159158,1.1508554366531671,Three-step-ipw,0.2,0.2,0.2,0.2,0.3,0.3,0.3,0.3,3411,1.0,1.0,1.0,1.0,1.0
262,1.8042445836670291,1.0866692704144039,0.9583348757430454,1.0400432383253968,1.18439367764082,Three-step-ipw,0.2,0.2,0.2,0.2,0.3,0.3,0.3,0.3,3411,1.0,1.0,1.0,1.0,1.0
263,2.043269832544594,2.151961736380202,1.1654606040793827,0.9770787651867734,0.8781590797101384,Three-step-ipw,0.2,0.2,0.2,0.2,0.3,0.3,0.3,0.3,3411,1.0,1.0,1.0,1.0,1.0
264,-0.18170053729273186,-0.6659620360331169,0.13849862671281135,0.7615677224745793,0.9326011008047539,Three-step-ipw,0.2,0.2,0.2,0.2,0.3,0.3,0.3,0.3,3411,1.0,1.0,1.0,1.0,1.0
265,2.182022064205775,1.2066931566720414,0.41865326854946383,0.6006959823995236,0.8845352779718103,Three-step-ipw,0.2,0.2,0.2,0.2,0.3,0.3,0.3,0.3,3411,1.0,1.0,1.0,1.0,1.0
266,-0.40392914805180974,-0.10683080234450712,0.3697547581867302,0.5114969694945757,1.0242679390340268,Three-step-ipw,0.2,0.2,0.2,0.2,0.3,0.3,0.3,0.3,3411,1.0,1.0,1.0,1.0,1.0
267,1.300017988717663,1.7729938244606849,2.145618802340103,0.8243098156151203,0.9376393402108142,Three-step-ipw,0.2,0.2,0.2,0.2,0.3,0.3,0.3,0.3,3411,1.0,1.0,1.0,1.0,1.0
268,-1.2496660042367111,0.20384825115500144,0.18925391419084656,1.0499999039583114,1.0200609534754639,Three-step-ipw,0.2,0.2,0.2,0.2,0.3,0.3,0.3,0.3,3411,1.0,1.0,1.0,1.0,1.0
269,-0.029917948582782027,-0.9886961916187469,1.1153566222923506,1.5514484604297831,0.7680938688946445,Three-step-ipw,0.2,0.2,0.2,0.2,0.3,0.3,0.3,0.3,3411,1.0,1.0,1.0,1.0,1.0
270,0.3491374597302094,0.742743298127235,1.1274505544708386,1.0485342563000213,0.8320582172298076,Three-step-ipw,0.2,0.2,0.2,0.2,0.3,0.3,0.3,0.3,3411,1.0,1.0,1.0,1.0,1.0
271,1.0681400058136827,1.679559629897193,1.2489151063653827,1.0814235175303064,1.0142768547689032,Three-step-ipw,0.2,0.2,0.2,0.2,0.3,0.3,0.3,0.3,3411,1.0,1.0,1.0,1.0,1.0
272,0.052316865790055254,0.40258314544256885,0.9663155938452975,0.7808769191384533,1.0627415936336944,Three-step-ipw,0.2,0.2,0.2,0.2,0.3,0.3,0.3,0.3,3411,1.0,1.0,1.0,1.0,1.0
273,-0.05371139294577857,0.5585738888623234,0.5679444441323138,0.9962978203191081,0.9692652465218073,Three-step-ipw,0.2,0.2,0.2,0.2,0.3,0.3,0.3,0.3,3411,1.0,1.0,1.0,1.0,1.0
274,1.2485922799402767,-0.09766721583523409,0.5235161742208406,0.7020276727701585,0.9905841185441371,Three-step-ipw,0.2,0.2,0.2,0.2,0.3,0.3,0.3,0.3,3411,1.0,1.0,1.0,1.0,1.0
275,2.0338782768039176,1.2394350812569268,2.1255966487985996,0.9023614093732193,1.1258592818201698,Three-step-ipw,0.2,0.2,0.2,0.2,0.3,0.3,0.3,0.3,3411,1.0,1.0,1.0,1.0,1.0
276,2.3923901167773582,1.016835131927964,1.372803656795953,1.2129168654594593,1.1717335475256714,Three-step-ipw,0.2,0.2,0.2,0.2,0.3,0.3,0.3,0.3,3411,1.0,1.0,1.0,1.0,1.0
277,0.7615169828502572,-0.14864834495198218,0.7362271536101435,0.5523703417134647,0.9565572069097107,Three-step-ipw,0.2,0.2,0.2,0.2,0.3,0.3,0.3,0.3,3411,1.0,1.0,1.0,1.0,1.0
278,0.8303327090821823,1.2307165488882985,2.710509453225282,0.9030768153525705,0.8847219320245222,Three-step-ipw,0.2,0.2,0.2,0.2,0.3,0.3,0.3,0.3,3411,1.0,1.0,1.0,1.0,1.0
279,0.7499486654473099,-0.23689425234854739,1.114771023912556,0.6496334656203687,0.8542250599153272,Three-step-ipw,0.2,0.2,0.2,0.2,0.3,0.3,0.3,0.3,3411,1.0,1.0,1.0,1.0,1.0
280,1.9429513900448143,0.4816909016405127,0.9989981022342889,1.1069145487015446,0.9174551511577753,Three-step-ipw,0.2,0.2,0.2,0.2,0.3,0.3,0.3,0.3,3411,1.0,1.0,1.0,1.0,1.0
281,2.2463323509845057,3.5192593228400986,0.9717594446846233,1.6509641979489966,0.9789678595360997,Three-step-ipw,0.2,0.2,0.2,0.2,0.3,0.3,0.3,0.3,3411,1.0,1.0,1.0,1.0,1.0
282,1.2631489448577233,3.3275450206499424,1.3790616245649971,1.2270772875080715,0.9882633106131438,Three-step-ipw,0.2,0.2,0.2,0.2,0.3,0.3,0.3,0.3,3411,1.0,1.0,1.0,1.0,1.0
283,0.05933246282254009,0.5089806809143241,2.0770988159345567,1.1257599357012822,1.18079984642323,Three-step-ipw,0.2,0.2,0.2,0.2,0.3,0.3,0.3,0.3,3411,1.0,1.0,1.0,1.0,1.0
284,0.011533607272231822,0.27207887840731554,1.1599519378055476,0.8858702704997383,1.088727667671894,Three-step-ipw,0.2,0.2,0.2,0.2,0.3,0.3,0.3,0.3,3411,1.0,1.0,1.0,1.0,1.0
285,1.6750719535743503,2.9144346908005256,0.04752059095886785,1.050279686699068,1.0342497116415648,Three-step-ipw,0.2,0.2,0.2,0.2,0.3,0.3,0.3,0.3,3411,1.0,1.0,1.0,1.0,1.0
286,1.3603193777507105,1.464828641586906,1.1090644215593506,0.912008393915988,0.9031658249498816,Three-step-ipw,0.2,0.2,0.2,0.2,0.3,0.3,0.3,0.3,3411,1.0,1.0,1.0,1.0,1.0
287,1.5020506571438526,2.8580372689509805,0.3398402320765274,1.19873406895412,0.8999264862915523,Three-step-ipw,0.2,0.2,0.2,0.2,0.3,0.3,0.3,0.3,3411,1.0,1.0,1.0,1.0,1.0
288,0.994705091582705,1.8588907187060484,0.6654731011517837,1.3543937995258784,1.1073355072593405,Three-step-ipw,0.2,0.2,0.2,0.2,0.3,0.3,0.3,0.3,3411,1.0,1.0,1.0,1.0,1.0
289,2.323422487366218,3.8933579993927694,2.346582030277322,1.328243443793419,1.134714351240873,Three-step-ipw,0.2,0.2,0.2,0.2,0.3,0.3,0.3,0.3,3411,1.0,1.0,1.0,1.0,1.0
290,1.4461751734549253,1.9939335065667674,0.7973022895821236,0.8812453518609652,1.0259443718724994,Three-step-ipw,0.2,0.2,0.2,0.2,0.3,0.3,0.3,0.3,3411,1.0,1.0,1.0,1.0,1.0
291,0.5204698190704389,1.4523324154072428,0.4451412739157198,0.8427499558317014,0.7832888743206375,Three-step-ipw,0.2,0.2,0.2,0.2,0.3,0.3,0.3,0.3,3411,1.0,1.0,1.0,1.0,1.0
292,2.1192080427265654,0.20713297794139693,1.1599766795559303,0.9683637399606171,1.1557342953704175,Three-step-ipw,0.2,0.2,0.2,0.2,0.3,0.3,0.3,0.3,3411,1.0,1.0,1.0,1.0,1.0
293,1.5074432137237068,1.8520643462822075,2.0812292736875273,0.786205966731926,0.9907439781816734,Three-step-ipw,0.2,0.2,0.2,0.2,0.3,0.3,0.3,0.3,3411,1.0,1.0,1.0,1.0,1.0
294,1.3684443414004437,2.1978438082643743,0.26515306172597153,0.623441198203408,1.187691523660986,Three-step-ipw,0.2,0.2,0.2,0.2,0.3,0.3,0.3,0.3,3411,1.0,1.0,1.0,1.0,1.0
295,1.6498621110365315,2.9786023969947837,1.2549364283987043,0.8616064688125901,1.1045307229015755,Three-step-ipw,0.2,0.2,0.2,0.2,0.3,0.3,0.3,0.3,3411,1.0,1.0,1.0,1.0,1.0
296,0.5709783085206119,-0.34787543015917,0.2420392308935124,1.0021326922898286,0.8239418425804643,Three-step-ipw,0.2,0.2,0.2,0.2,0.3,0.3,0.3,0.3,3411,1.0,1.0,1.0,1.0,1.0
297,0.2249594032606287,0.7729967616300828,0.9827701428183327,0.9027381365209654,1.0971111738055062,Three-step-ipw,0.2,0.2,0.2,0.2,0.3,0.3,0.3,0.3,3411,1.0,1.0,1.0,1.0,1.0
298,1.9041945427918114,1.406178725782045,0.7219997702753499,0.5643789178896226,1.1092855353665247,Three-step-ipw,0.2,0.2,0.2,0.2,0.3,0.3,0.3,0.3,3411,1.0,1.0,1.0,1.0,1.0
299,-0.07859142176827767,0.9161370284171618,2.1898664737948677,0.8590333486983065,0.9627843270050658,Three-step-ipw,0.2,0.2,0.2,0.2,0.3,0.3,0.3,0.3,3411,1.0,1.0,1.0,1.0,1.0
300,2.0505612826571498,3.0739535259534336,0.8970763487190582,1.119976286849394,1.3234024745027706,Three-step-ipw,0.2,0.2,0.2,0.2,0.3,0.3,0.3,0.3,3411,1.0,1.0,1.0,1.0,1.0
1,1.0925199573236388,2.5281338508587377,0.8705690557725937,0.3784211584108761,0.6146620525904349,Robins' estimator,0.2,0.2,0.2,0.2,0.3,0.3,0.3,0.3,3411,1.0,1.0,1.0,1.0,1.0
2,0.10138346143291858,-0.33978950255784623,0.5252634678528336,1.2104427461330685,0.9634115642703432,Robins' estimator,0.2,0.2,0.2,0.2,0.3,0.3,0.3,0.3,3411,1.0,1.0,1.0,1.0,1.0
3,0.6212408967492209,2.4084696067102254,1.8484354268488645,1.4585244084967623,1.124524127789411,Robins' estimator,0.2,0.2,0.2,0.2,0.3,0.3,0.3,0.3,3411,1.0,1.0,1.0,1.0,1.0
4,1.3088619983373493,0.6339924957519787,0.8900264672867806,1.079135576228928,1.0963388180159201,Robins' estimator,0.2,0.2,0.2,0.2,0.3,0.3,0.3,0.3,3411,1.0,1.0,1.0,1.0,1.0
5,0.7343740819332324,1.985602337900182,0.7028783128756991,0.6660313164855782,1.159810533571729,Robins' estimator,0.2,0.2,0.2,0.2,0.3,0.3,0.3,0.3,3411,1.0,1.0,1.0,1.0,1.0
6,1.2388136800707872,1.0835166809913341,1.4061843180723452,0.6683527520883542,1.0887969653964022,Robins' estimator,0.2,0.2,0.2,0.2,0.3,0.3,0.3,0.3,3411,1.0,1.0,1.0,1.0,1.0
7,4.001354093375665,0.9620005192422677,-0.04825980870108642,1.0034128686577322,1.1141977476965215,Robins' estimator,0.2,0.2,0.2,0.2,0.3,0.3,0.3,0.3,3411,1.0,1.0,1.0,1.0,1.0
8,0.744382384114573,1.2306138528810755,1.2256411240670881,1.219222296354802,1.111772406680704,Robins' estimator,0.2,0.2,0.2,0.2,0.3,0.3,0.3,0.3,3411,1.0,1.0,1.0,1.0,1.0
9,1.9708380891172554,1.4271660693628354,1.5495897940838725,0.9143281705674114,0.6320291714874652,Robins' estimator,0.2,0.2,0.2,0.2,0.3,0.3,0.3,0.3,3411,1.0,1.0,1.0,1.0,1.0
10,3.6002753310020243,2.5796397105009534,1.6030452535710515,1.0522331793529593,0.9178835901300357,Robins' estimator,0.2,0.2,0.2,0.2,0.3,0.3,0.3,0.3,3411,1.0,1.0,1.0,1.0,1.0
11,1.183552704078529,2.3332972286779428,1.2452207267399429,0.7797986481950103,1.1118161159165862,Robins' estimator,0.2,0.2,0.2,0.2,0.3,0.3,0.3,0.3,3411,1.0,1.0,1.0,1.0,1.0
12,1.0194511747738317,0.7153354865478829,1.0175053322607654,1.0740454292844757,0.8139660879615815,Robins' estimator,0.2,0.2,0.2,0.2,0.3,0.3,0.3,0.3,3411,1.0,1.0,1.0,1.0,1.0
13,1.206292963253869,0.8755767616924122,0.9525174561818675,1.0443723218150394,1.150909991110133,Robins' estimator,0.2,0.2,0.2,0.2,0.3,0.3,0.3,0.3,3411,1.0,1.0,1.0,1.0,1.0
14,3.299420249986195,2.2348342836892243,0.622109790698763,1.1212626786470212,1.181332663126691,Robins' estimator,0.2,0.2,0.2,0.2,0.3,0.3,0.3,0.3,3411,1.0,1.0,1.0,1.0,1.0
15,1.4808539305335668,0.976889720432979,0.44790124042366997,1.1849096980238831,0.8911177642565968,Robins' estimator,0.2,0.2,0.2,0.2,0.3,0.3,0.3,0.3,3411,1.0,1.0,1.0,1.0,1.0
16,0.9936923268245228,0.05986034084876061,0.13525691196818646,1.0664899519051378,1.1887065016137377,Robins' estimator,0.2,0.2,0.2,0.2,0.3,0.3,0.3,0.3,3411,1.0,1.0,1.0,1.0,1.0
17,0.5454149072849442,1.8013198935355335,1.186649590109098,1.3428959638213303,1.0429144295123562,Robins' estimator,0.2,0.2,0.2,0.2,0.3,0.3,0.3,0.3,3411,1.0,1.0,1.0,1.0,1.0
18,0.41466170237096034,0.4669172325609948,1.3481723661316556,0.7927965651127676,1.0999891234705912,Robins' estimator,0.2,0.2,0.2,0.2,0.3,0.3,0.3,0.3,3411,1.0,1.0,1.0,1.0,1.0
19,5.196433866066317,0.9984358289185007,1.5604023775035158,1.2789921977247678,0.8373718328779881,Robins' estimator,0.2,0.2,0.2,0.2,0.3,0.3,0.3,0.3,3411,1.0,1.0,1.0,1.0,1.0
20,0.9010843538526351,0.08051185830990192,1.047382034122579,1.0627669247353477,0.9029384035902668,Robins' estimator,0.2,0.2,0.2,0.2,0.3,0.3,0.3,0.3,3411,1.0,1.0,1.0,1.0,1.0
21,0.6102759673039594,-0.4850470801368975,1.7239814731402818,1.4536274594140155,1.0138746346276077,Robins' estimator,0.2,0.2,0.2,0.2,0.3,0.3,0.3,0.3,3411,1.0,1.0,1.0,1.0,1.0
22,1.6048192277983648,0.2233362865110004,0.7040362172660912,1.4189204294714188,1.149697962059105,Robins' estimator,0.2,0.2,0.2,0.2,0.3,0.3,0.3,0.3,3411,1.0,1.0,1.0,1.0,1.0
23,3.1643797831618317,2.782057360554193,1.1447038171842192,1.3015506270964894,1.0906655201383186,Robins' estimator,0.2,0.2,0.2,0.2,0.3,0.3,0.3,0.3,3411,1.0,1.0,1.0,1.0,1.0
24,0.8371513094196779,0.9359176959336251,1.4333898619623924,1.5476790939183982,0.8295222773900193,Robins' estimator,0.2,0.2,0.2,0.2,0.3,0.3,0.3,0.3,3411,1.0,1.0,1.0,1.0,1.0
25,0.562638233815402,1.5389848119975638,0.5663895933852728,1.3618023940856634,1.1409555949668797,Robins' estimator,0.2,0.2,0.2,0.2,0.3,0.3,0.3,0.3,3411,1.0,1.0,1.0,1.0,1.0
26,0.13625910243001738,0.19906533492866757,1.530957023271444,1.5746238331358595,1.0301093966728356,Robins' estimator,0.2,0.2,0.2,0.2,0.3,0.3,0.3,0.3,3411,1.0,1.0,1.0,1.0,1.0
27,2.3188916995311386,2.12749673245119,1.4414176201713524,1.6967066671191433,0.7777312218700734,Robins' estimator,0.2,0.2,0.2,0.2,0.3,0.3,0.3,0.3,3411,1.0,1.0,1.0,1.0,1.0
28,2.572659571373033,2.4434361524943498,1.2454455756158183,1.6209599788996036,1.1311773880867846,Robins' estimator,0.2,0.2,0.2,0.2,0.3,0.3,0.3,0.3,3411,1.0,1.0,1.0,1.0,1.0
29,1.6489933778419141,1.8290146299666352,0.0003104833340040644,1.1865425108287548,1.0960292210515783,Robins' estimator,0.2,0.2,0.2,0.2,0.3,0.3,0.3,0.3,3411,1.0,1.0,1.0,1.0,1.0
30,1.9142107832823405,0.8474813486120446,1.7439322006135691,1.1115657141495694,1.1963280501025728,Robins' estimator,0.2,0.2,0.2,0.2,0.3,0.3,0.3,0.3,3411,1.0,1.0,1.0,1.0,1.0
31,2.254792461976791,0.40453436151816063,1.070620156337483,1.8935086951833604,1.1643818848238716,Robins' estimator,0.2,0.2,0.2,0.2,0.3,0.3,0.3,0.3,3411,1.0,1.0,1.0,1.0,1.0
32,1.7068447579274473,0.1563901622130945,1.028117229904597,1.0798666567450868,0.9090614814179566,Robins' estimator,0.2,0.2,0.2,0.2,0.3,0.3,0.3,0.3,3411,1.0,1.0,1.0,1.0,1.0
33,0.9210831264484788,3.091878103710515,1.2009560345191195,1.5958691515300916,1.1286261190320497,Robins' estimator,0.2,0.2,0.2,0.2,0.3,0.3,0.3,0.3,3411,1.0,1.0,1.0,1.0,1.0
34,0.11527977886980581,0.034870397099489726,0.37993336448435683,1.4408034358191006,0.7820165333201776,Robins' estimator,0.2,0.2,0.2,0.2,0.3,0.3,0.3,0.3,3411,1.0,1.0,1.0,1.0,1.0
35,1.3170749737342766,0.9401869279870306,1.7610561534248441,1.621609488724971,1.3285453634758324,Robins' estimator,0.2,0.2,0.2,0.2,0.3,0.3,0.3,0.3,3411,1.0,1.0,1.0,1.0,1.0
36,-1.250393017774731,1.8000129560575548,0.447381502946925,1.2589736324678693,1.0876593991188241,Robins' estimator,0.2,0.2,0.2,0.2,0.3,0.3,0.3,0.3,3411,1.0,1.0,1.0,1.0,1.0
37,1.6323333449948012,0.36518700610916394,0.6835809987894923,1.4448961086122278,1.0754340453063171,Robins' estimator,0.2,0.2,0.2,0.2,0.3,0.3,0.3,0.3,3411,1.0,1.0,1.0,1.0,1.0
38,0.7818180961673754,1.775050225232664,1.2164046896822258,1.1294528497414458,0.9249067574733617,Robins' estimator,0.2,0.2,0.2,0.2,0.3,0.3,0.3,0.3,3411,1.0,1.0,1.0,1.0,1.0
39,1.5621390352406646,1.1401554934057512,1.0652523789116488,0.5875433531843549,0.9782118898662072,Robins' estimator,0.2,0.2,0.2,0.2,0.3,0.3,0.3,0.3,3411,1.0,1.0,1.0,1.0,1.0
40,0.4515036011943679,0.8725090659173196,1.151186364906512,1.1808281411039594,1.275686665600575,Robins' estimator,0.2,0.2,0.2,0.2,0.3,0.3,0.3,0.3,3411,1.0,1.0,1.0,1.0,1.0
41,0.6718103437047046,1.8136332189265305,1.134113848805508,0.5152355285088339,0.9081640273306619,Robins' estimator,0.2,0.2,0.2,0.2,0.3,0.3,0.3,0.3,3411,1.0,1.0,1.0,1.0,1.0
42,1.0581227698824243,0.17576159580575426,1.2048412976007503,1.5598274377734707,0.9999504581966814,Robins' estimator,0.2,0.2,0.2,0.2,0.3,0.3,0.3,0.3,3411,1.0,1.0,1.0,1.0,1.0
43,-0.0685925158708172,2.1368403016758504,2.004614753198985,1.4038421563387409,0.8368264712420819,Robins' estimator,0.2,0.2,0.2,0.2,0.3,0.3,0.3,0.3,3411,1.0,1.0,1.0,1.0,1.0
44,-0.19894264815846951,-0.9082935318542169,0.6134878042539609,1.5322134541086703,0.8116105625593464,Robins' estimator,0.2,0.2,0.2,0.2,0.3,0.3,0.3,0.3,3411,1.0,1.0,1.0,1.0,1.0
45,0.7000300774735687,-0.2274608689521857,1.0539730270595278,1.3538470130432678,0.9989557632212229,Robins' estimator,0.2,0.2,0.2,0.2,0.3,0.3,0.3,0.3,3411,1.0,1.0,1.0,1.0,1.0
46,1.9627691612133786,0.9521345932517629,0.9960822737372819,1.1725236517007374,1.1154130740096408,Robins' estimator,0.2,0.2,0.2,0.2,0.3,0.3,0.3,0.3,3411,1.0,1.0,1.0,1.0,1.0
47,0.6248172898287092,1.6266562193282579,0.929611098178696,1.3456843091120887,0.8710152270128719,Robins' estimator,0.2,0.2,0.2,0.2,0.3,0.3,0.3,0.3,3411,1.0,1.0,1.0,1.0,1.0
48,0.8642457154119079,1.023899968015075,0.4133511431974583,0.8740364440775248,0.9033173415222023,Robins' estimator,0.2,0.2,0.2,0.2,0.3,0.3,0.3,0.3,3411,1.0,1.0,1.0,1.0,1.0
49,0.8899133544202091,1.1149454378620551,1.1904850575268482,1.1219709256621564,0.9473801625956972,Robins' estimator,0.2,0.2,0.2,0.2,0.3,0.3,0.3,0.3,3411,1.0,1.0,1.0,1.0,1.0
50,0.8763924581254743,1.8030538576344592,1.6578130594431537,0.8974673131708283,0.6914532846475778,Robins' estimator,0.2,0.2,0.2,0.2,0.3,0.3,0.3,0.3,3411,1.0,1.0,1.0,1.0,1.0
51,-0.27058604868340486,1.4167309049190397,0.4311443718663959,0.8688670236650454,1.053858810254609,Robins' estimator,0.2,0.2,0.2,0.2,0.3,0.3,0.3,0.3,3411,1.0,1.0,1.0,1.0,1.0
52,0.8885669844316773,0.820070668408062,0.64220796291589,1.2321733192751918,0.9431736323226378,Robins' estimator,0.2,0.2,0.2,0.2,0.3,0.3,0.3,0.3,3411,1.0,1.0,1.0,1.0,1.0
53,1.6555983328464634,0.2634453978314086,0.6719769599025723,0.8366246924936791,1.03265609616492,Robins' estimator,0.2,0.2,0.2,0.2,0.3,0.3,0.3,0.3,3411,1.0,1.0,1.0,1.0,1.0
54,2.805191454050894,1.5756771041642776,0.9134595109831736,1.3621458070062287,0.8262790705793381,Robins' estimator,0.2,0.2,0.2,0.2,0.3,0.3,0.3,0.3,3411,1.0,1.0,1.0,1.0,1.0
55,3.224729064992875,2.3762339087121407,1.462934458133812,1.1168202787503447,1.11151261583742,Robins' estimator,0.2,0.2,0.2,0.2,0.3,0.3,0.3,0.3,3411,1.0,1.0,1.0,1.0,1.0
56,1.7765310886575831,1.4025792676683229,0.8837839194915769,0.8865981818184782,1.0644934030932156,Robins' estimator,0.2,0.2,0.2,0.2,0.3,0.3,0.3,0.3,3411,1.0,1.0,1.0,1.0,1.0
57,1.1858183241024387,2.9237518132972022,2.0117238091771403,1.3468439221022344,1.14106979519857,Robins' estimator,0.2,0.2,0.2,0.2,0.3,0.3,0.3,0.3,3411,1.0,1.0,1.0,1.0,1.0
58,1.0996319500093492,2.0901377635088028,0.7018821281118002,1.2594259616296661,0.9707189664862405,Robins' estimator,0.2,0.2,0.2,0.2,0.3,0.3,0.3,0.3,3411,1.0,1.0,1.0,1.0,1.0
59,-0.035719755736464104,0.24883083732635444,0.9362787273666203,0.6550728675743438,0.8477490185468778,Robins' estimator,0.2,0.2,0.2,0.2,0.3,0.3,0.3,0.3,3411,1.0,1.0,1.0,1.0,1.0
60,1.202628824705022,1.619086227755845,1.2008792482132156,1.2652806062382698,0.8132353733498534,Robins' estimator,0.2,0.2,0.2,0.2,0.3,0.3,0.3,0.3,3411,1.0,1.0,1.0,1.0,1.0
61,1.1828789540720237,1.5942116979571483,0.8193752576180979,1.284226195442465,0.9880205959010601,Robins' estimator,0.2,0.2,0.2,0.2,0.3,0.3,0.3,0.3,3411,1.0,1.0,1.0,1.0,1.0
62,0.2609118196206151,0.8013590826869725,1.1421569272002141,1.5628082467712963,0.8528725441051135,Robins' estimator,0.2,0.2,0.2,0.2,0.3,0.3,0.3,0.3,3411,1.0,1.0,1.0,1.0,1.0
63,0.09991098969382542,1.0141106134190827,1.931543852097221,0.8810624371320922,0.9966072208450482,Robins' estimator,0.2,0.2,0.2,0.2,0.3,0.3,0.3,0.3,3411,1.0,1.0,1.0,1.0,1.0
64,1.871183733998097,2.917376882736221,2.0844751969836124,1.1609358634916411,0.9097216562042286,Robins' estimator,0.2,0.2,0.2,0.2,0.3,0.3,0.3,0.3,3411,1.0,1.0,1.0,1.0,1.0
65,1.102825681025572,1.1880912052699748,1.0268218037187835,0.9975369978901226,1.0566578296048181,Robins' estimator,0.2,0.2,0.2,0.2,0.3,0.3,0.3,0.3,3411,1.0,1.0,1.0,1.0,1.0
66,0.17180636208325123,0.04697073529702668,0.869120342315708,1.402647868556754,0.9679264124498236,Robins' estimator,0.2,0.2,0.2,0.2,0.3,0.3,0.3,0.3,3411,1.0,1.0,1.0,1.0,1.0
67,2.3409967287550115,2.696840174759552,1.5878523910417923,1.0748411092574126,0.9629019531958467,Robins' estimator,0.2,0.2,0.2,0.2,0.3,0.3,0.3,0.3,3411,1.0,1.0,1.0,1.0,1.0
68,0.5918244352979432,0.9634047948802799,1.0163864261962878,0.7786497142819498,0.8601235333649614,Robins' estimator,0.2,0.2,0.2,0.2,0.3,0.3,0.3,0.3,3411,1.0,1.0,1.0,1.0,1.0
69,0.47839254677256027,1.3487586838619876,1.14139857993539,1.2040920156485562,0.9538881765110059,Robins' estimator,0.2,0.2,0.2,0.2,0.3,0.3,0.3,0.3,3411,1.0,1.0,1.0,1.0,1.0
70,0.7389864485118414,0.2987038922318824,1.6075684653029334,1.1423761273030408,1.1873262967489295,Robins' estimator,0.2,0.2,0.2,0.2,0.3,0.3,0.3,0.3,3411,1.0,1.0,1.0,1.0,1.0
71,0.7358810756889922,1.445481898197394,0.4218479133762299,0.8027184019244161,1.02457503895268,Robins' estimator,0.2,0.2,0.2,0.2,0.3,0.3,0.3,0.3,3411,1.0,1.0,1.0,1.0,1.0
72,0.2341416821997388,1.3814544752879665,1.4895460809348953,1.5762452646312914,0.9141495482962598,Robins' estimator,0.2,0.2,0.2,0.2,0.3,0.3,0.3,0.3,3411,1.0,1.0,1.0,1.0,1.0
73,0.7549552335020825,2.054303123187045,0.6635551314290321,0.9865297426849327,0.9802339102673451,Robins' estimator,0.2,0.2,0.2,0.2,0.3,0.3,0.3,0.3,3411,1.0,1.0,1.0,1.0,1.0
74,1.125311525598209,0.36621604780992817,1.0955281084568842,1.048825844799605,0.9661555448977254,Robins' estimator,0.2,0.2,0.2,0.2,0.3,0.3,0.3,0.3,3411,1.0,1.0,1.0,1.0,1.0
75,2.464462949808959,2.5349692931427246,1.8548459730888038,1.3494977920303546,1.210283796249183,Robins' estimator,0.2,0.2,0.2,0.2,0.3,0.3,0.3,0.3,3411,1.0,1.0,1.0,1.0,1.0
76,5.332458960827988,1.0068084523931857,1.586402249321869,1.294331946733371,1.1635541067905473,Robins' estimator,0.2,0.2,0.2,0.2,0.3,0.3,0.3,0.3,3411,1.0,1.0,1.0,1.0,1.0
77,1.0809694698070489,2.1509546070867667,-0.18506640618798392,0.9202354106992877,0.8206118190092282,Robins' estimator,0.2,0.2,0.2,0.2,0.3,0.3,0.3,0.3,3411,1.0,1.0,1.0,1.0,1.0
78,2.642637337503114,-0.07450664249722712,0.7457850000094551,1.0878248344856372,1.289085407680368,Robins' estimator,0.2,0.2,0.2,0.2,0.3,0.3,0.3,0.3,3411,1.0,1.0,1.0,1.0,1.0
79,-0.07067489024200689,-0.6702788961535959,0.7409444203560068,1.118760433326426,1.0875470544588584,Robins' estimator,0.2,0.2,0.2,0.2,0.3,0.3,0.3,0.3,3411,1.0,1.0,1.0,1.0,1.0
80,-0.03473695399469058,0.6779501759018993,0.5244100418896949,1.2087381974816909,1.3014817513363366,Robins' estimator,0.2,0.2,0.2,0.2,0.3,0.3,0.3,0.3,3411,1.0,1.0,1.0,1.0,1.0
81,-0.32141592649177086,1.1044717561865218,0.6961719301966716,1.0891881740234346,0.7590727266615068,Robins' estimator,0.2,0.2,0.2,0.2,0.3,0.3,0.3,0.3,3411,1.0,1.0,1.0,1.0,1.0
82,2.331119919635814,-1.1269595526813574,1.2765965135486204,1.0047944952289634,1.0395070316458959,Robins' estimator,0.2,0.2,0.2,0.2,0.3,0.3,0.3,0.3,3411,1.0,1.0,1.0,1.0,1.0
83,0.992516103555152,0.30040065048169207,1.9537934608036922,0.8972071386086458,1.0973164608116117,Robins' estimator,0.2,0.2,0.2,0.2,0.3,0.3,0.3,0.3,3411,1.0,1.0,1.0,1.0,1.0
84,0.6543339682567852,1.0634369987462484,0.7427109904164114,1.16317543948238,0.9497425824759581,Robins' estimator,0.2,0.2,0.2,0.2,0.3,0.3,0.3,0.3,3411,1.0,1.0,1.0,1.0,1.0
85,1.5397859198376502,-0.4216367072100337,2.12163363124414,1.17473372181372,1.2436270726573102,Robins' estimator,0.2,0.2,0.2,0.2,0.3,0.3,0.3,0.3,3411,1.0,1.0,1.0,1.0,1.0
86,0.10123620492683498,-0.003842847581868007,0.602213878675282,1.0028707309551692,1.0230947873418272,Robins' estimator,0.2,0.2,0.2,0.2,0.3,0.3,0.3,0.3,3411,1.0,1.0,1.0,1.0,1.0
87,0.5132638901922956,0.4171009097479316,0.9233568895577781,1.3135218876522659,1.1155634695695533,Robins' estimator,0.2,0.2,0.2,0.2,0.3,0.3,0.3,0.3,3411,1.0,1.0,1.0,1.0,1.0
88,3.3626517767028603,2.5294477026006796,0.9656364390379566,0.5597595837370138,1.0110577218579404,Robins' estimator,0.2,0.2,0.2,0.2,0.3,0.3,0.3,0.3,3411,1.0,1.0,1.0,1.0,1.0
89,3.807747221322187,1.4171183944852566,1.3502389915943571,0.7459398084454574,1.354775273124242,Robins' estimator,0.2,0.2,0.2,0.2,0.3,0.3,0.3,0.3,3411,1.0,1.0,1.0,1.0,1.0
90,4.906909012371786,2.6661216635097804,1.2657339874479474,1.2971900430245822,1.1918459436597888,Robins' estimator,0.2,0.2,0.2,0.2,0.3,0.3,0.3,0.3,3411,1.0,1.0,1.0,1.0,1.0
91,0.6388682500488795,2.6054863866128164,1.9002595805160494,1.3553525220109208,1.0020697191633978,Robins' estimator,0.2,0.2,0.2,0.2,0.3,0.3,0.3,0.3,3411,1.0,1.0,1.0,1.0,1.0
92,1.0822508009512002,0.8866539969617688,1.005536036901566,0.9270015730627635,0.8551449259780303,Robins' estimator,0.2,0.2,0.2,0.2,0.3,0.3,0.3,0.3,3411,1.0,1.0,1.0,1.0,1.0
93,0.18344886991903747,1.7500720087520263,1.1672860322735288,0.8058533911969298,1.1114620866670057,Robins' estimator,0.2,0.2,0.2,0.2,0.3,0.3,0.3,0.3,3411,1.0,1.0,1.0,1.0,1.0
94,2.1082697275854883,2.084474521268844,0.43650805927004355,1.1518969370857701,1.033683436878819,Robins' estimator,0.2,0.2,0.2,0.2,0.3,0.3,0.3,0.3,3411,1.0,1.0,1.0,1.0,1.0
95,1.770375481634028,0.2371731672062346,1.6264283387975151,1.279166911379653,0.9173803436418939,Robins' estimator,0.2,0.2,0.2,0.2,0.3,0.3,0.3,0.3,3411,1.0,1.0,1.0,1.0,1.0
96,0.0051280441788450195,1.1211178756999562,1.196110743231927,0.8376168503044082,1.1578839378043368,Robins' estimator,0.2,0.2,0.2,0.2,0.3,0.3,0.3,0.3,3411,1.0,1.0,1.0,1.0,1.0
97,2.2946594916284653,-0.3600390387909226,1.1931143795524766,0.6790943629927763,1.0521077221312112,Robins' estimator,0.2,0.2,0.2,0.2,0.3,0.3,0.3,0.3,3411,1.0,1.0,1.0,1.0,1.0
98,0.9464065661110077,3.008545377188254,1.464466973298148,1.2835637463523728,1.3215260141044871,Robins' estimator,0.2,0.2,0.2,0.2,0.3,0.3,0.3,0.3,3411,1.0,1.0,1.0,1.0,1.0
99,2.3062920355915666,1.421254087942329,1.1680890232523722,1.060108102652898,0.9766942330698495,Robins' estimator,0.2,0.2,0.2,0.2,0.3,0.3,0.3,0.3,3411,1.0,1.0,1.0,1.0,1.0
100,-0.461733302887308,-0.42703468321314353,0.8100745423513647,1.061533594928377,0.9134280105111862,Robins' estimator,0.2,0.2,0.2,0.2,0.3,0.3,0.3,0.3,3411,1.0,1.0,1.0,1.0,1.0
101,2.9770025737618315,1.1114654493878513,1.8101863135101737,1.0492802544403426,1.189621623848377,Robins' estimator,0.2,0.2,0.2,0.2,0.3,0.3,0.3,0.3,3411,1.0,1.0,1.0,1.0,1.0
102,-0.16689544912472892,-0.5699238729293543,0.846078522463183,0.993877248708818,0.891136248604935,Robins' estimator,0.2,0.2,0.2,0.2,0.3,0.3,0.3,0.3,3411,1.0,1.0,1.0,1.0,1.0
103,1.2696776035154431,1.455387782782658,1.3506392849300093,1.219787686240927,1.003386535216322,Robins' estimator,0.2,0.2,0.2,0.2,0.3,0.3,0.3,0.3,3411,1.0,1.0,1.0,1.0,1.0
104,8.527889197519215,1.599056519526106,2.002376094029888,1.4855084988280112,1.1331061410074028,Robins' estimator,0.2,0.2,0.2,0.2,0.3,0.3,0.3,0.3,3411,1.0,1.0,1.0,1.0,1.0
105,0.745491673627806,1.447081958376454,1.50225233884077,1.1151165045095441,0.8611858662476208,Robins' estimator,0.2,0.2,0.2,0.2,0.3,0.3,0.3,0.3,3411,1.0,1.0,1.0,1.0,1.0
106,3.524661543904498,-0.2243226449641599,0.8640489013471202,0.7212203542960625,0.718948730178482,Robins' estimator,0.2,0.2,0.2,0.2,0.3,0.3,0.3,0.3,3411,1.0,1.0,1.0,1.0,1.0
107,0.8653702494007582,0.08461652921508787,1.7953685886742434,0.7783539965700685,1.1566520713152622,Robins' estimator,0.2,0.2,0.2,0.2,0.3,0.3,0.3,0.3,3411,1.0,1.0,1.0,1.0,1.0
108,0.819302994689165,1.5753374270566562,1.2599093348271526,1.3643141769737865,1.2407511047010837,Robins' estimator,0.2,0.2,0.2,0.2,0.3,0.3,0.3,0.3,3411,1.0,1.0,1.0,1.0,1.0
109,2.580282790650566,0.5976908454703709,0.3882587833183027,1.4062161783566816,0.9454166032357434,Robins' estimator,0.2,0.2,0.2,0.2,0.3,0.3,0.3,0.3,3411,1.0,1.0,1.0,1.0,1.0
110,0.8689032517867487,1.7338403664931126,0.7103467641899424,0.7542009188270936,1.0587398158598726,Robins' estimator,0.2,0.2,0.2,0.2,0.3,0.3,0.3,0.3,3411,1.0,1.0,1.0,1.0,1.0
111,1.5770104009415224,1.28423508329551,0.29320990481253256,1.1036475248731172,1.1351009475586775,Robins' estimator,0.2,0.2,0.2,0.2,0.3,0.3,0.3,0.3,3411,1.0,1.0,1.0,1.0,1.0
112,-0.22569156837327045,0.8236608123719665,0.5550500357861125,1.0220476745350302,1.0205741090610647,Robins' estimator,0.2,0.2,0.2,0.2,0.3,0.3,0.3,0.3,3411,1.0,1.0,1.0,1.0,1.0
113,2.0912113310915164,0.6656079247423884,0.821524968050567,0.9959615438446793,1.2064638993848378,Robins' estimator,0.2,0.2,0.2,0.2,0.3,0.3,0.3,0.3,3411,1.0,1.0,1.0,1.0,1.0
114,1.5226107138095786,0.42701024606595567,0.309222878408923,0.815272672804232,1.106159400363053,Robins' estimator,0.2,0.2,0.2,0.2,0.3,0.3,0.3,0.3,3411,1.0,1.0,1.0,1.0,1.0
115,1.3710664548703502,1.0750204769697367,0.9545110933493851,1.2471593002703587,1.1469359546846472,Robins' estimator,0.2,0.2,0.2,0.2,0.3,0.3,0.3,0.3,3411,1.0,1.0,1.0,1.0,1.0
116,1.933554750272854,1.9489926563827848,0.7610380765295607,1.447201415007194,1.1046457899788777,Robins' estimator,0.2,0.2,0.2,0.2,0.3,0.3,0.3,0.3,3411,1.0,1.0,1.0,1.0,1.0
117,1.2297740623531161,0.32434646347527457,0.08618433824758022,0.7782778756415821,0.8572206089154193,Robins' estimator,0.2,0.2,0.2,0.2,0.3,0.3,0.3,0.3,3411,1.0,1.0,1.0,1.0,1.0
118,1.3964311390262034,1.7618318658334375,1.7711642146391002,1.5608748267045671,1.1633315812348697,Robins' estimator,0.2,0.2,0.2,0.2,0.3,0.3,0.3,0.3,3411,1.0,1.0,1.0,1.0,1.0
119,-0.5618090825088509,0.2657726167005436,1.434668809744909,1.1820338183825474,0.846044779692319,Robins' estimator,0.2,0.2,0.2,0.2,0.3,0.3,0.3,0.3,3411,1.0,1.0,1.0,1.0,1.0
120,1.3637209715421772,1.4249676043117951,0.009989801385938036,0.6853958940862799,0.6305433287715969,Robins' estimator,0.2,0.2,0.2,0.2,0.3,0.3,0.3,0.3,3411,1.0,1.0,1.0,1.0,1.0
121,1.0909312157928206,0.9281393825554672,1.5394839130657363,0.6338676796805577,1.2529830783695262,Robins' estimator,0.2,0.2,0.2,0.2,0.3,0.3,0.3,0.3,3411,1.0,1.0,1.0,1.0,1.0
122,2.005936452927529,1.8810376307541126,0.9313385298427438,1.4931910067571978,1.2542681649286977,Robins' estimator,0.2,0.2,0.2,0.2,0.3,0.3,0.3,0.3,3411,1.0,1.0,1.0,1.0,1.0
123,1.5635958545863389,1.8003008941021,1.3623485526134003,0.6180223042239098,0.7919744374513584,Robins' estimator,0.2,0.2,0.2,0.2,0.3,0.3,0.3,0.3,3411,1.0,1.0,1.0,1.0,1.0
124,1.4231598736898619,0.7119674752644954,1.6037593279957085,1.3935625093467912,0.9034692930705339,Robins' estimator,0.2,0.2,0.2,0.2,0.3,0.3,0.3,0.3,3411,1.0,1.0,1.0,1.0,1.0
125,0.7660333446696377,0.7821866547706352,1.279606677260319,0.6010103782131699,1.1359971474338824,Robins' estimator,0.2,0.2,0.2,0.2,0.3,0.3,0.3,0.3,3411,1.0,1.0,1.0,1.0,1.0
126,2.145594409600747,0.5500278362523163,2.1471728612610397,1.3924582428806591,1.0127538908784885,Robins' estimator,0.2,0.2,0.2,0.2,0.3,0.3,0.3,0.3,3411,1.0,1.0,1.0,1.0,1.0
127,0.688853751180377,-0.9014521264329051,0.6178029097755049,1.018352464395981,0.8180521631065996,Robins' estimator,0.2,0.2,0.2,0.2,0.3,0.3,0.3,0.3,3411,1.0,1.0,1.0,1.0,1.0
128,1.5362680923420122,1.1979391231431806,0.9221008474875827,0.9072044613636681,0.7906862591429277,Robins' estimator,0.2,0.2,0.2,0.2,0.3,0.3,0.3,0.3,3411,1.0,1.0,1.0,1.0,1.0
129,1.6171735204107922,1.29379428752519,1.2904241857737984,1.133979725662239,1.0372354584732182,Robins' estimator,0.2,0.2,0.2,0.2,0.3,0.3,0.3,0.3,3411,1.0,1.0,1.0,1.0,1.0
130,1.4354769387377253,0.8042134857431,1.2115030615518503,1.277239845821207,1.0401502407142729,Robins' estimator,0.2,0.2,0.2,0.2,0.3,0.3,0.3,0.3,3411,1.0,1.0,1.0,1.0,1.0
131,1.1600491777873851,0.0615428760767353,1.680175615431601,0.8361553184423577,0.8575677880477741,Robins' estimator,0.2,0.2,0.2,0.2,0.3,0.3,0.3,0.3,3411,1.0,1.0,1.0,1.0,1.0
132,2.2297025170223796,1.4305409992877711,1.3319404425773167,1.535273605244965,1.364603410575566,Robins' estimator,0.2,0.2,0.2,0.2,0.3,0.3,0.3,0.3,3411,1.0,1.0,1.0,1.0,1.0
133,-0.612614083303381,2.2513704932242273,1.0953521664300043,1.1476007294519837,1.0121578340979764,Robins' estimator,0.2,0.2,0.2,0.2,0.3,0.3,0.3,0.3,3411,1.0,1.0,1.0,1.0,1.0
134,1.833827666316249,1.132012345070395,1.0610805050278234,1.09831554065835,0.7988497205317686,Robins' estimator,0.2,0.2,0.2,0.2,0.3,0.3,0.3,0.3,3411,1.0,1.0,1.0,1.0,1.0
135,2.248268731249922,2.1818396333620442,1.26851531797479,1.1027285794138968,1.0632722017221365,Robins' estimator,0.2,0.2,0.2,0.2,0.3,0.3,0.3,0.3,3411,1.0,1.0,1.0,1.0,1.0
136,0.16795073132502517,0.3550583029125386,1.1752336440086104,1.5775763835095742,0.828201801688044,Robins' estimator,0.2,0.2,0.2,0.2,0.3,0.3,0.3,0.3,3411,1.0,1.0,1.0,1.0,1.0
137,-0.008851376104583898,1.3350042724995015,0.9591683029745834,0.6946099129147583,0.9391659128446035,Robins' estimator,0.2,0.2,0.2,0.2,0.3,0.3,0.3,0.3,3411,1.0,1.0,1.0,1.0,1.0
138,0.9363669904970887,2.6356555666698114,1.267510512635071,0.9804857711708469,1.0368586836742477,Robins' estimator,0.2,0.2,0.2,0.2,0.3,0.3,0.3,0.3,3411,1.0,1.0,1.0,1.0,1.0
139,2.5777430855707326,1.9317631458994489,0.9279016416887641,1.098758321477522,0.6612511083695567,Robins' estimator,0.2,0.2,0.2,0.2,0.3,0.3,0.3,0.3,3411,1.0,1.0,1.0,1.0,1.0
140,0.08362294717531103,1.401153019432909,0.8565602583601907,0.6826411696443808,1.0034186930507596,Robins' estimator,0.2,0.2,0.2,0.2,0.3,0.3,0.3,0.3,3411,1.0,1.0,1.0,1.0,1.0
141,2.312481170224441,2.2963544780951306,1.6197250035608286,1.2087579338166772,1.2466310696439555,Robins' estimator,0.2,0.2,0.2,0.2,0.3,0.3,0.3,0.3,3411,1.0,1.0,1.0,1.0,1.0
142,0.034492164581360556,2.203935834196869,0.7100385778164692,1.552608617373879,0.8378485249574099,Robins' estimator,0.2,0.2,0.2,0.2,0.3,0.3,0.3,0.3,3411,1.0,1.0,1.0,1.0,1.0
143,1.5622062787870916,3.288951330660566,1.0722396023860552,1.1229605098293702,0.9836477744051704,Robins' estimator,0.2,0.2,0.2,0.2,0.3,0.3,0.3,0.3,3411,1.0,1.0,1.0,1.0,1.0
144,3.404025417168289,2.2719092562644314,1.0160335885920828,1.6583294739623702,1.1534529075442186,Robins' estimator,0.2,0.2,0.2,0.2,0.3,0.3,0.3,0.3,3411,1.0,1.0,1.0,1.0,1.0
145,0.2234368702647711,0.8878583277755151,1.4492365468041741,1.5315758628241596,0.7409164861389405,Robins' estimator,0.2,0.2,0.2,0.2,0.3,0.3,0.3,0.3,3411,1.0,1.0,1.0,1.0,1.0
146,0.0998589318727457,-0.21519002740654525,-0.5744755309922747,1.0835879188767614,0.9503761969638373,Robins' estimator,0.2,0.2,0.2,0.2,0.3,0.3,0.3,0.3,3411,1.0,1.0,1.0,1.0,1.0
147,-0.2663465518382915,1.1221248195949012,1.2886478220315019,0.9059289945490511,0.8751014000080239,Robins' estimator,0.2,0.2,0.2,0.2,0.3,0.3,0.3,0.3,3411,1.0,1.0,1.0,1.0,1.0
148,0.3533495298952258,1.707200703160648,1.1146122616157206,0.8944943286539754,1.0356382299963292,Robins' estimator,0.2,0.2,0.2,0.2,0.3,0.3,0.3,0.3,3411,1.0,1.0,1.0,1.0,1.0
149,1.5047026076799868,2.2523902441233155,1.238195981594482,0.7363619985689519,0.9061564360720942,Robins' estimator,0.2,0.2,0.2,0.2,0.3,0.3,0.3,0.3,3411,1.0,1.0,1.0,1.0,1.0
150,1.132739784601516,1.7251134318270163,1.0114756181628548,1.548834990908301,1.04467040166888,Robins' estimator,0.2,0.2,0.2,0.2,0.3,0.3,0.3,0.3,3411,1.0,1.0,1.0,1.0,1.0
151,1.1999018493006888,1.9300311743870697,2.0396487051968637,0.8160827521028766,1.0235734402534833,Robins' estimator,0.2,0.2,0.2,0.2,0.3,0.3,0.3,0.3,3411,1.0,1.0,1.0,1.0,1.0
152,1.0912197788402123,2.026918790837883,0.9258955456669391,1.4955527404779958,1.0463356846013447,Robins' estimator,0.2,0.2,0.2,0.2,0.3,0.3,0.3,0.3,3411,1.0,1.0,1.0,1.0,1.0
153,2.6242082765740267,2.120439786865993,1.6573519786346906,1.0050572690884545,0.8080889358832679,Robins' estimator,0.2,0.2,0.2,0.2,0.3,0.3,0.3,0.3,3411,1.0,1.0,1.0,1.0,1.0
154,0.2632906222737145,0.6665982867784949,1.0243070494813802,1.068903253902318,1.1450320049275775,Robins' estimator,0.2,0.2,0.2,0.2,0.3,0.3,0.3,0.3,3411,1.0,1.0,1.0,1.0,1.0
155,2.715970841861736,2.141077862547307,1.1454332281626376,1.0139955848545832,1.2797570465844317,Robins' estimator,0.2,0.2,0.2,0.2,0.3,0.3,0.3,0.3,3411,1.0,1.0,1.0,1.0,1.0
156,3.1436806663651042,0.6839820195864375,0.9507935606379843,1.288248142996421,0.8130666446188658,Robins' estimator,0.2,0.2,0.2,0.2,0.3,0.3,0.3,0.3,3411,1.0,1.0,1.0,1.0,1.0
157,2.382065628334993,1.3671346106215503,1.0705642031175193,1.228655303502573,1.0165466647081858,Robins' estimator,0.2,0.2,0.2,0.2,0.3,0.3,0.3,0.3,3411,1.0,1.0,1.0,1.0,1.0
158,3.2683509501371963,1.3817573934710559,1.452505268603396,1.1211617501445763,1.0521624471717634,Robins' estimator,0.2,0.2,0.2,0.2,0.3,0.3,0.3,0.3,3411,1.0,1.0,1.0,1.0,1.0
159,0.5748499171725646,0.8567938942744031,0.9463192350447445,1.0009374674608724,0.8251876193917765,Robins' estimator,0.2,0.2,0.2,0.2,0.3,0.3,0.3,0.3,3411,1.0,1.0,1.0,1.0,1.0
160,2.6368874496493238,1.0656672680727228,1.4373437096756874,1.1094249839819412,0.7792811924065842,Robins' estimator,0.2,0.2,0.2,0.2,0.3,0.3,0.3,0.3,3411,1.0,1.0,1.0,1.0,1.0
161,1.9447296784329353,2.1966520366360753,1.134382578638392,1.3091975171207828,0.935830507557561,Robins' estimator,0.2,0.2,0.2,0.2,0.3,0.3,0.3,0.3,3411,1.0,1.0,1.0,1.0,1.0
162,0.609244892008631,-0.7100945539427381,1.3658200972876695,0.7755784311214943,1.057116109512814,Robins' estimator,0.2,0.2,0.2,0.2,0.3,0.3,0.3,0.3,3411,1.0,1.0,1.0,1.0,1.0
163,1.8554118703744082,0.22997581401764164,1.02016528498873,1.1731124079537303,1.1730231031343208,Robins' estimator,0.2,0.2,0.2,0.2,0.3,0.3,0.3,0.3,3411,1.0,1.0,1.0,1.0,1.0
164,0.44241740398645735,1.5886648105207002,1.098338039531137,1.287711836345642,0.8731678072030012,Robins' estimator,0.2,0.2,0.2,0.2,0.3,0.3,0.3,0.3,3411,1.0,1.0,1.0,1.0,1.0
165,2.246860948031605,2.9902866724347046,1.0907651902153008,1.2823079025524817,0.8940895893905006,Robins' estimator,0.2,0.2,0.2,0.2,0.3,0.3,0.3,0.3,3411,1.0,1.0,1.0,1.0,1.0
166,0.8100717878805196,0.5409655438428708,1.7190643977432993,1.3793705531697533,0.9730615945307585,Robins' estimator,0.2,0.2,0.2,0.2,0.3,0.3,0.3,0.3,3411,1.0,1.0,1.0,1.0,1.0
167,2.787555473856477,1.7540428191470077,1.5181629472519829,1.2182336246512353,1.0514839488279402,Robins' estimator,0.2,0.2,0.2,0.2,0.3,0.3,0.3,0.3,3411,1.0,1.0,1.0,1.0,1.0
168,0.9989598828044711,1.7644475116621903,0.8556130318877457,1.0041526806075163,0.8035901168889277,Robins' estimator,0.2,0.2,0.2,0.2,0.3,0.3,0.3,0.3,3411,1.0,1.0,1.0,1.0,1.0
169,3.88012159890481,1.5443164650033228,1.7392780272523063,1.5012814158740468,0.992721358733604,Robins' estimator,0.2,0.2,0.2,0.2,0.3,0.3,0.3,0.3,3411,1.0,1.0,1.0,1.0,1.0
170,3.811639843505581,2.3391927703560214,1.7811867046937897,1.0464808901335878,1.2725412979364206,Robins' estimator,0.2,0.2,0.2,0.2,0.3,0.3,0.3,0.3,3411,1.0,1.0,1.0,1.0,1.0
171,0.2784417199001152,0.7915313731271295,0.718943675563311,0.6569227233082061,0.773758519126355,Robins' estimator,0.2,0.2,0.2,0.2,0.3,0.3,0.3,0.3,3411,1.0,1.0,1.0,1.0,1.0
172,0.5919493534413213,1.1929347387579636,1.3130487834305842,1.2882863088895864,0.9138203092883569,Robins' estimator,0.2,0.2,0.2,0.2,0.3,0.3,0.3,0.3,3411,1.0,1.0,1.0,1.0,1.0
173,0.6042729484280799,-0.806623468578703,1.2946245680689767,0.9472258831724981,0.9063536095909057,Robins' estimator,0.2,0.2,0.2,0.2,0.3,0.3,0.3,0.3,3411,1.0,1.0,1.0,1.0,1.0
174,-0.912073544165923,-0.1944704722401383,0.8782191213291686,1.1285852004170904,0.6878754907933079,Robins' estimator,0.2,0.2,0.2,0.2,0.3,0.3,0.3,0.3,3411,1.0,1.0,1.0,1.0,1.0
175,4.05259976453394,1.3222623642477325,0.7340154650447996,1.3074016514512699,1.2429821208157352,Robins' estimator,0.2,0.2,0.2,0.2,0.3,0.3,0.3,0.3,3411,1.0,1.0,1.0,1.0,1.0
176,2.4023243044077534,2.194037381400691,1.7713753259065765,1.0888567090978079,1.0816097170058918,Robins' estimator,0.2,0.2,0.2,0.2,0.3,0.3,0.3,0.3,3411,1.0,1.0,1.0,1.0,1.0
177,-0.7925093376261545,-0.7291531492018398,0.8265958691745117,1.0923573732043665,0.9167018003973754,Robins' estimator,0.2,0.2,0.2,0.2,0.3,0.3,0.3,0.3,3411,1.0,1.0,1.0,1.0,1.0
178,2.4752505011954336,0.612087010215352,0.5897339286440018,0.6971590467657515,0.8528143510958569,Robins' estimator,0.2,0.2,0.2,0.2,0.3,0.3,0.3,0.3,3411,1.0,1.0,1.0,1.0,1.0
179,0.48689981921908415,1.9573712038893902,1.0701419908432777,1.0860570516936736,1.2066966612739936,Robins' estimator,0.2,0.2,0.2,0.2,0.3,0.3,0.3,0.3,3411,1.0,1.0,1.0,1.0,1.0
180,1.2658289967511829,0.33799074070479157,0.9443993134238167,1.108163132336798,1.2151429501727147,Robins' estimator,0.2,0.2,0.2,0.2,0.3,0.3,0.3,0.3,3411,1.0,1.0,1.0,1.0,1.0
181,0.36983065208592986,2.595731858665351,1.482806121567144,1.3258214886819248,1.1438703663282874,Robins' estimator,0.2,0.2,0.2,0.2,0.3,0.3,0.3,0.3,3411,1.0,1.0,1.0,1.0,1.0
182,0.5775958569430214,0.06746103092646853,1.3648740716640368,1.138775252423314,1.1936340163210188,Robins' estimator,0.2,0.2,0.2,0.2,0.3,0.3,0.3,0.3,3411,1.0,1.0,1.0,1.0,1.0
183,1.2219907405655384,0.06671450889783162,1.0968374952190938,0.9457052891453848,0.7800803250289298,Robins' estimator,0.2,0.2,0.2,0.2,0.3,0.3,0.3,0.3,3411,1.0,1.0,1.0,1.0,1.0
184,0.28417014639715293,-0.5632583925168008,0.832857379407824,1.0957962607244218,0.939565875927891,Robins' estimator,0.2,0.2,0.2,0.2,0.3,0.3,0.3,0.3,3411,1.0,1.0,1.0,1.0,1.0
185,2.293606835906645,2.3313095863451405,0.742529065331999,1.1958329736099829,1.0883191073190277,Robins' estimator,0.2,0.2,0.2,0.2,0.3,0.3,0.3,0.3,3411,1.0,1.0,1.0,1.0,1.0
186,0.0044468328701848785,3.040153555964617,1.6481323592424693,1.3214836404750807,0.9401492805673014,Robins' estimator,0.2,0.2,0.2,0.2,0.3,0.3,0.3,0.3,3411,1.0,1.0,1.0,1.0,1.0
187,0.7642969072645892,-0.3964323184550478,1.393516941696322,0.7376263127729759,1.0730791170112854,Robins' estimator,0.2,0.2,0.2,0.2,0.3,0.3,0.3,0.3,3411,1.0,1.0,1.0,1.0,1.0
188,3.2362200208648986,1.8994235447998937,0.763509646680586,0.9950343233365567,1.1589970901960531,Robins' estimator,0.2,0.2,0.2,0.2,0.3,0.3,0.3,0.3,3411,1.0,1.0,1.0,1.0,1.0
189,1.2318796002448673,2.139626173777922,0.556475951659074,1.4486305275493623,0.9986034015938945,Robins' estimator,0.2,0.2,0.2,0.2,0.3,0.3,0.3,0.3,3411,1.0,1.0,1.0,1.0,1.0
190,4.700265383734893,0.8205760827010209,0.4692252752403092,0.9523986208035089,1.2125673368630008,Robins' estimator,0.2,0.2,0.2,0.2,0.3,0.3,0.3,0.3,3411,1.0,1.0,1.0,1.0,1.0
191,1.9754550614161241,0.3405260240045985,1.3531122830894415,1.1623663082913953,1.1764674578953336,Robins' estimator,0.2,0.2,0.2,0.2,0.3,0.3,0.3,0.3,3411,1.0,1.0,1.0,1.0,1.0
192,0.5996872118506755,1.6457910259083461,1.5890736771337224,0.7428504687003376,1.0373036681210155,Robins' estimator,0.2,0.2,0.2,0.2,0.3,0.3,0.3,0.3,3411,1.0,1.0,1.0,1.0,1.0
193,0.6997940821748272,2.225496088418625,1.428429604284331,1.0185618248250803,0.9015412575709496,Robins' estimator,0.2,0.2,0.2,0.2,0.3,0.3,0.3,0.3,3411,1.0,1.0,1.0,1.0,1.0
194,-0.16279185056486156,0.30187123636395297,1.0759630691380075,1.1810421609060981,1.0717561122425268,Robins' estimator,0.2,0.2,0.2,0.2,0.3,0.3,0.3,0.3,3411,1.0,1.0,1.0,1.0,1.0
195,0.20744403796492614,-0.34352325297628666,1.2891912453100765,1.139292491714414,1.0633703102583436,Robins' estimator,0.2,0.2,0.2,0.2,0.3,0.3,0.3,0.3,3411,1.0,1.0,1.0,1.0,1.0
196,1.150504187668636,0.4071124114340505,1.0025811949968209,0.9856310555605636,1.05728779693396,Robins' estimator,0.2,0.2,0.2,0.2,0.3,0.3,0.3,0.3,3411,1.0,1.0,1.0,1.0,1.0
197,1.968109078253493,2.6679047678882237,1.26371538272114,1.0327156865299043,0.8806509521689996,Robins' estimator,0.2,0.2,0.2,0.2,0.3,0.3,0.3,0.3,3411,1.0,1.0,1.0,1.0,1.0
198,2.6164839593516676,2.565729566333396,1.297807240009595,1.0938681348643984,1.3484735084221222,Robins' estimator,0.2,0.2,0.2,0.2,0.3,0.3,0.3,0.3,3411,1.0,1.0,1.0,1.0,1.0
199,3.3218965449643263,2.485842666203091,1.1454144040531837,1.1724984358049084,0.9140710352886792,Robins' estimator,0.2,0.2,0.2,0.2,0.3,0.3,0.3,0.3,3411,1.0,1.0,1.0,1.0,1.0
200,4.985229606577533,-0.29821701995437006,1.5403221799472242,1.3096172574649165,0.9473185224525089,Robins' estimator,0.2,0.2,0.2,0.2,0.3,0.3,0.3,0.3,3411,1.0,1.0,1.0,1.0,1.0
201,0.8309601595947211,1.2354940365803164,1.1714883213338283,1.4816599186884662,0.8975034883267397,Robins' estimator,0.2,0.2,0.2,0.2,0.3,0.3,0.3,0.3,3411,1.0,1.0,1.0,1.0,1.0
202,2.751558514259144,2.3661669566672194,1.2321680808353763,1.2229432500620951,1.0820979759106513,Robins' estimator,0.2,0.2,0.2,0.2,0.3,0.3,0.3,0.3,3411,1.0,1.0,1.0,1.0,1.0
203,1.282593174641496,1.3229112760668598,1.3747939324009097,1.5764230912198627,1.1534674437731098,Robins' estimator,0.2,0.2,0.2,0.2,0.3,0.3,0.3,0.3,3411,1.0,1.0,1.0,1.0,1.0
204,0.8299661269123163,1.5700970378401764,1.0818374905471897,1.1376171786927773,0.9895555165951069,Robins' estimator,0.2,0.2,0.2,0.2,0.3,0.3,0.3,0.3,3411,1.0,1.0,1.0,1.0,1.0
205,2.0934184867949264,-0.3690269508672878,0.1774813199075602,1.0604825642573172,1.0175185271069305,Robins' estimator,0.2,0.2,0.2,0.2,0.3,0.3,0.3,0.3,3411,1.0,1.0,1.0,1.0,1.0
206,-0.3507591617539976,0.6157969300632824,0.9756486831450059,1.0541810534271012,1.143340561972882,Robins' estimator,0.2,0.2,0.2,0.2,0.3,0.3,0.3,0.3,3411,1.0,1.0,1.0,1.0,1.0
207,1.8729579756937331,0.9339813718039245,1.1841752089005209,1.2623525919402523,1.2951502677899094,Robins' estimator,0.2,0.2,0.2,0.2,0.3,0.3,0.3,0.3,3411,1.0,1.0,1.0,1.0,1.0
208,0.1298395832382074,1.9415891706354662,0.7927827597580637,1.106897222079651,1.3233418138274342,Robins' estimator,0.2,0.2,0.2,0.2,0.3,0.3,0.3,0.3,3411,1.0,1.0,1.0,1.0,1.0
209,1.0259832633310975,1.324978470850875,1.5098916594122427,1.3263156066352528,0.9540750645887895,Robins' estimator,0.2,0.2,0.2,0.2,0.3,0.3,0.3,0.3,3411,1.0,1.0,1.0,1.0,1.0
210,0.12483684317437732,0.849497535581935,1.0598527411884129,1.4006686810302513,0.8219050401892413,Robins' estimator,0.2,0.2,0.2,0.2,0.3,0.3,0.3,0.3,3411,1.0,1.0,1.0,1.0,1.0
211,2.5729932889665377,1.8566337509118396,1.1816234452947845,1.1887295139802496,1.0636550271077176,Robins' estimator,0.2,0.2,0.2,0.2,0.3,0.3,0.3,0.3,3411,1.0,1.0,1.0,1.0,1.0
212,2.1428527188050355,1.8744037402482283,1.686733046501168,1.3519127270424134,1.026499996917524,Robins' estimator,0.2,0.2,0.2,0.2,0.3,0.3,0.3,0.3,3411,1.0,1.0,1.0,1.0,1.0
213,0.5658052197834652,2.072614680910303,0.6599343124627898,1.3561667865496692,1.2222551907687986,Robins' estimator,0.2,0.2,0.2,0.2,0.3,0.3,0.3,0.3,3411,1.0,1.0,1.0,1.0,1.0
214,0.3371858764629773,0.6302686787489037,0.9972855831201577,1.0735551753772274,1.131249817429452,Robins' estimator,0.2,0.2,0.2,0.2,0.3,0.3,0.3,0.3,3411,1.0,1.0,1.0,1.0,1.0
215,0.11640101135455973,1.1291509554784103,1.5118815435583008,0.8754227860545729,0.9642251642820822,Robins' estimator,0.2,0.2,0.2,0.2,0.3,0.3,0.3,0.3,3411,1.0,1.0,1.0,1.0,1.0
216,0.6617051859610068,1.2240853560996166,1.3019411373743484,0.9594359441656954,0.9526694044291903,Robins' estimator,0.2,0.2,0.2,0.2,0.3,0.3,0.3,0.3,3411,1.0,1.0,1.0,1.0,1.0
217,0.6410825082377416,0.7160813742588601,1.826508514791444,0.9729145913624032,0.9689706186035449,Robins' estimator,0.2,0.2,0.2,0.2,0.3,0.3,0.3,0.3,3411,1.0,1.0,1.0,1.0,1.0
218,1.289189875057327,1.8065475885902003,1.4994297966666508,0.9546959717255388,0.807523908947118,Robins' estimator,0.2,0.2,0.2,0.2,0.3,0.3,0.3,0.3,3411,1.0,1.0,1.0,1.0,1.0
219,1.8938205295435033,1.2901711984830786,1.0588137264390718,1.379545674874717,1.1184731677529576,Robins' estimator,0.2,0.2,0.2,0.2,0.3,0.3,0.3,0.3,3411,1.0,1.0,1.0,1.0,1.0
220,2.2477235390514143,2.091962004371846,0.651264693942336,1.5622527194643725,1.2159929464092873,Robins' estimator,0.2,0.2,0.2,0.2,0.3,0.3,0.3,0.3,3411,1.0,1.0,1.0,1.0,1.0
221,4.7640313843770405,1.558400197580061,1.44764882915104,1.0114267499458622,0.8528098006805411,Robins' estimator,0.2,0.2,0.2,0.2,0.3,0.3,0.3,0.3,3411,1.0,1.0,1.0,1.0,1.0
222,2.785346135577824,2.2826135588750622,0.2990406652629992,0.8600815335649371,1.2236586110699676,Robins' estimator,0.2,0.2,0.2,0.2,0.3,0.3,0.3,0.3,3411,1.0,1.0,1.0,1.0,1.0
223,3.462081092372096,1.920305806162944,1.2232668131903561,1.1923986849595198,0.8621546193367685,Robins' estimator,0.2,0.2,0.2,0.2,0.3,0.3,0.3,0.3,3411,1.0,1.0,1.0,1.0,1.0
224,3.228742037567011,1.479329633957914,0.5018734144343354,1.1174618411147754,0.810863552110763,Robins' estimator,0.2,0.2,0.2,0.2,0.3,0.3,0.3,0.3,3411,1.0,1.0,1.0,1.0,1.0
225,2.1131829563853217,0.7954485147192607,1.3473146093791413,1.0889257614817445,1.0214649440102517,Robins' estimator,0.2,0.2,0.2,0.2,0.3,0.3,0.3,0.3,3411,1.0,1.0,1.0,1.0,1.0
226,0.20628733662412158,0.25144838748421683,0.6738092406325754,0.8581465106880172,0.9836476597118987,Robins' estimator,0.2,0.2,0.2,0.2,0.3,0.3,0.3,0.3,3411,1.0,1.0,1.0,1.0,1.0
227,1.3413565920676267,1.4544203315065534,1.3428107071995217,1.359807366579026,0.9341654403992661,Robins' estimator,0.2,0.2,0.2,0.2,0.3,0.3,0.3,0.3,3411,1.0,1.0,1.0,1.0,1.0
228,-0.30012164823878357,-0.05653127201580621,0.6813867115155304,1.140596939900788,0.9102947452700264,Robins' estimator,0.2,0.2,0.2,0.2,0.3,0.3,0.3,0.3,3411,1.0,1.0,1.0,1.0,1.0
229,1.5811477235393947,1.2756296438633363,1.1799014147472535,1.452161491927788,1.231708062320616,Robins' estimator,0.2,0.2,0.2,0.2,0.3,0.3,0.3,0.3,3411,1.0,1.0,1.0,1.0,1.0
230,1.7263297519536067,1.132192401971966,1.4610833762671782,1.1874379871306646,0.919977514697054,Robins' estimator,0.2,0.2,0.2,0.2,0.3,0.3,0.3,0.3,3411,1.0,1.0,1.0,1.0,1.0
231,3.1016598256441266,1.6507073900141624,1.7064353777677082,1.3839706255835011,0.9909748557951722,Robins' estimator,0.2,0.2,0.2,0.2,0.3,0.3,0.3,0.3,3411,1.0,1.0,1.0,1.0,1.0
232,1.2602474252629658,0.43937778596087973,1.3505783144627006,1.2227484036080247,0.9496271152461537,Robins' estimator,0.2,0.2,0.2,0.2,0.3,0.3,0.3,0.3,3411,1.0,1.0,1.0,1.0,1.0
233,1.7108940892787443,1.6314449608401518,1.3375067573082693,0.903212399896523,1.1072176580924857,Robins' estimator,0.2,0.2,0.2,0.2,0.3,0.3,0.3,0.3,3411,1.0,1.0,1.0,1.0,1.0
234,2.1149042853002644,1.1504847117857335,1.6822601864448443,1.1484926394155779,0.840574999089135,Robins' estimator,0.2,0.2,0.2,0.2,0.3,0.3,0.3,0.3,3411,1.0,1.0,1.0,1.0,1.0
235,1.2648418821207401,1.7264086774058063,0.8461207661752408,1.1252948961182507,1.2364056268048904,Robins' estimator,0.2,0.2,0.2,0.2,0.3,0.3,0.3,0.3,3411,1.0,1.0,1.0,1.0,1.0
236,-0.32876845294008455,1.928632401019449,0.843972760555671,1.2266618530386495,0.9063127521694729,Robins' estimator,0.2,0.2,0.2,0.2,0.3,0.3,0.3,0.3,3411,1.0,1.0,1.0,1.0,1.0
237,0.705153197386425,1.7954359631745884,0.6713326686537219,0.9846713795352855,0.8889347028127876,Robins' estimator,0.2,0.2,0.2,0.2,0.3,0.3,0.3,0.3,3411,1.0,1.0,1.0,1.0,1.0
238,0.37959315078042577,1.7460753643797093,1.5767001401644933,0.9230736850911133,1.083656938060904,Robins' estimator,0.2,0.2,0.2,0.2,0.3,0.3,0.3,0.3,3411,1.0,1.0,1.0,1.0,1.0
239,0.5523422709228369,1.485874793494646,0.09454968586565173,1.0697447644905853,1.181355940149668,Robins' estimator,0.2,0.2,0.2,0.2,0.3,0.3,0.3,0.3,3411,1.0,1.0,1.0,1.0,1.0
240,1.9335830233234006,0.4467292382824,0.09670097645998858,0.7531550110241884,0.9960383584379898,Robins' estimator,0.2,0.2,0.2,0.2,0.3,0.3,0.3,0.3,3411,1.0,1.0,1.0,1.0,1.0
241,2.4084275112254168,2.858701509997158,1.5247240653719198,1.3367430944311547,1.008881757670803,Robins' estimator,0.2,0.2,0.2,0.2,0.3,0.3,0.3,0.3,3411,1.0,1.0,1.0,1.0,1.0
242,2.0776965047194933,2.3710165264176277,1.47285141488855,1.2893743478996862,1.2480739758278658,Robins' estimator,0.2,0.2,0.2,0.2,0.3,0.3,0.3,0.3,3411,1.0,1.0,1.0,1.0,1.0
243,3.859472123290785,0.8051167380899066,1.6960480519142003,0.9158629942794778,1.2137122032344043,Robins' estimator,0.2,0.2,0.2,0.2,0.3,0.3,0.3,0.3,3411,1.0,1.0,1.0,1.0,1.0
244,0.9764780219751176,0.7943216843399318,1.5071213445681733,1.3190530827329745,1.082184368501569,Robins' estimator,0.2,0.2,0.2,0.2,0.3,0.3,0.3,0.3,3411,1.0,1.0,1.0,1.0,1.0
245,-0.27026230044823324,-0.46604264396959777,1.094630579238396,0.8625491341040996,0.9260498821106073,Robins' estimator,0.2,0.2,0.2,0.2,0.3,0.3,0.3,0.3,3411,1.0,1.0,1.0,1.0,1.0
246,1.2901749162422176,2.0348848626209293,1.010493882540379,1.0395040046920236,1.0774955869573966,Robins' estimator,0.2,0.2,0.2,0.2,0.3,0.3,0.3,0.3,3411,1.0,1.0,1.0,1.0,1.0
247,0.36997032495025484,1.6856832293627382,0.84156865274401,0.7491887313739676,0.9766207591058492,Robins' estimator,0.2,0.2,0.2,0.2,0.3,0.3,0.3,0.3,3411,1.0,1.0,1.0,1.0,1.0
248,0.46761998694831514,1.039308887018444,1.3128921165944059,1.1402021737330663,0.7158875590241334,Robins' estimator,0.2,0.2,0.2,0.2,0.3,0.3,0.3,0.3,3411,1.0,1.0,1.0,1.0,1.0
249,1.1178083394889373,0.49268140648809,0.3977063087662744,0.6840407831024452,0.7355906100167843,Robins' estimator,0.2,0.2,0.2,0.2,0.3,0.3,0.3,0.3,3411,1.0,1.0,1.0,1.0,1.0
250,1.359438675321492,2.778192711732191,1.4670267530336043,0.5946616267203664,0.778548743687317,Robins' estimator,0.2,0.2,0.2,0.2,0.3,0.3,0.3,0.3,3411,1.0,1.0,1.0,1.0,1.0
251,-0.22992755105189408,0.69024605092069,0.787417322607084,1.2616759542208469,0.8260049302264327,Robins' estimator,0.2,0.2,0.2,0.2,0.3,0.3,0.3,0.3,3411,1.0,1.0,1.0,1.0,1.0
252,0.9667463362279052,-1.0168155883073609,0.8784296268326278,1.1693682700895343,0.9490325781035475,Robins' estimator,0.2,0.2,0.2,0.2,0.3,0.3,0.3,0.3,3411,1.0,1.0,1.0,1.0,1.0
253,0.9972681170650578,1.4132715055400444,1.0782356134379423,1.006013845149691,0.9526072754710361,Robins' estimator,0.2,0.2,0.2,0.2,0.3,0.3,0.3,0.3,3411,1.0,1.0,1.0,1.0,1.0
254,0.6151723078150203,0.5050543051369013,1.1395664476319256,1.4734818854100282,1.1084114745291447,Robins' estimator,0.2,0.2,0.2,0.2,0.3,0.3,0.3,0.3,3411,1.0,1.0,1.0,1.0,1.0
255,1.8133028306061392,0.1362245020567379,1.0593797658323805,0.7571245255760279,0.8154967852630953,Robins' estimator,0.2,0.2,0.2,0.2,0.3,0.3,0.3,0.3,3411,1.0,1.0,1.0,1.0,1.0
256,0.4520414249800223,-0.35590915107696586,1.7119757051744435,0.9576237665299171,1.1284191538524213,Robins' estimator,0.2,0.2,0.2,0.2,0.3,0.3,0.3,0.3,3411,1.0,1.0,1.0,1.0,1.0
257,1.0587206197604349,0.9943601332970224,1.289527413128633,1.1425059394777901,0.9912216220116122,Robins' estimator,0.2,0.2,0.2,0.2,0.3,0.3,0.3,0.3,3411,1.0,1.0,1.0,1.0,1.0
258,1.8831139032689368,1.7452748958294044,0.7830667029353966,1.0273415064703662,0.847414257359041,Robins' estimator,0.2,0.2,0.2,0.2,0.3,0.3,0.3,0.3,3411,1.0,1.0,1.0,1.0,1.0
259,1.841339869706692,2.3745024835049873,1.3323517072121736,1.6047987628314186,0.9710976031478216,Robins' estimator,0.2,0.2,0.2,0.2,0.3,0.3,0.3,0.3,3411,1.0,1.0,1.0,1.0,1.0
260,0.8490284732874315,0.806339633854816,1.1883533816122702,0.6193836802796409,1.079771978541507,Robins' estimator,0.2,0.2,0.2,0.2,0.3,0.3,0.3,0.3,3411,1.0,1.0,1.0,1.0,1.0
261,1.0949155109527924,1.472815145920495,1.5127956918432537,1.7026765436814393,1.1544472502468277,Robins' estimator,0.2,0.2,0.2,0.2,0.3,0.3,0.3,0.3,3411,1.0,1.0,1.0,1.0,1.0
262,10.522322935870507,2.137570645363546,1.3309724572383221,1.3072667477120274,1.1978576489414616,Robins' estimator,0.2,0.2,0.2,0.2,0.3,0.3,0.3,0.3,3411,1.0,1.0,1.0,1.0,1.0
263,5.615365102033711,2.6605384020616674,1.5368989019004888,1.1375210218917353,0.8973935533603975,Robins' estimator,0.2,0.2,0.2,0.2,0.3,0.3,0.3,0.3,3411,1.0,1.0,1.0,1.0,1.0
264,-0.955758058061333,-0.9700781213703827,-0.06364336682426538,0.8206675677939844,0.9137872278157202,Robins' estimator,0.2,0.2,0.2,0.2,0.3,0.3,0.3,0.3,3411,1.0,1.0,1.0,1.0,1.0
265,3.0743733621171905,0.9935223221313519,1.1277256584363393,0.8384563409986172,0.8879120338936441,Robins' estimator,0.2,0.2,0.2,0.2,0.3,0.3,0.3,0.3,3411,1.0,1.0,1.0,1.0,1.0
266,-0.5100522289202667,-0.5086364352967079,0.06651769768389847,0.5153755388837913,1.0262543382126235,Robins' estimator,0.2,0.2,0.2,0.2,0.3,0.3,0.3,0.3,3411,1.0,1.0,1.0,1.0,1.0
267,1.2948457948631114,2.3053093918135388,1.3503413865964164,0.7501568585361041,0.9500888131484351,Robins' estimator,0.2,0.2,0.2,0.2,0.3,0.3,0.3,0.3,3411,1.0,1.0,1.0,1.0,1.0
268,-0.8680207678935357,-0.29901526848645266,0.6436214771672041,1.0560569845005483,1.0575298736721586,Robins' estimator,0.2,0.2,0.2,0.2,0.3,0.3,0.3,0.3,3411,1.0,1.0,1.0,1.0,1.0
269,0.8631600307041926,-0.9734983589118122,1.5102733723688828,1.6700885083075587,0.7486113120596655,Robins' estimator,0.2,0.2,0.2,0.2,0.3,0.3,0.3,0.3,3411,1.0,1.0,1.0,1.0,1.0
270,2.457756879200561,1.116063606531343,1.156030075057082,1.1162026162514795,0.8732597668392755,Robins' estimator,0.2,0.2,0.2,0.2,0.3,0.3,0.3,0.3,3411,1.0,1.0,1.0,1.0,1.0
271,3.9608031813633624,2.2781034714006756,1.470349249912762,1.3405958608841628,1.0456932571570272,Robins' estimator,0.2,0.2,0.2,0.2,0.3,0.3,0.3,0.3,3411,1.0,1.0,1.0,1.0,1.0
272,0.00111046666995337,1.0677360249958554,0.9882116684934495,0.9226503516734391,1.0724663237607464,Robins' estimator,0.2,0.2,0.2,0.2,0.3,0.3,0.3,0.3,3411,1.0,1.0,1.0,1.0,1.0
273,0.3597485394160714,2.2793205950787736,0.9749637640483112,1.046458839837201,0.9864832679599943,Robins' estimator,0.2,0.2,0.2,0.2,0.3,0.3,0.3,0.3,3411,1.0,1.0,1.0,1.0,1.0
274,2.063757282474085,1.2100595909280727,0.27582823714328747,0.8388695472020378,1.0083472376619331,Robins' estimator,0.2,0.2,0.2,0.2,0.3,0.3,0.3,0.3,3411,1.0,1.0,1.0,1.0,1.0
275,2.47492170890725,2.2647055590693634,1.566728143225481,1.0864382465834577,1.0644049553414132,Robins' estimator,0.2,0.2,0.2,0.2,0.3,0.3,0.3,0.3,3411,1.0,1.0,1.0,1.0,1.0
276,1.1185628017294982,0.35674116913406545,1.591116194274435,1.3385123435669848,1.171407730211453,Robins' estimator,0.2,0.2,0.2,0.2,0.3,0.3,0.3,0.3,3411,1.0,1.0,1.0,1.0,1.0
277,0.6791949040337011,-0.797916056973132,0.8978808478814888,0.6354719493083066,0.9350456105482049,Robins' estimator,0.2,0.2,0.2,0.2,0.3,0.3,0.3,0.3,3411,1.0,1.0,1.0,1.0,1.0
278,1.1425309302545006,1.9261948955751942,2.1073348462174097,1.0274282478094636,0.8698829568407371,Robins' estimator,0.2,0.2,0.2,0.2,0.3,0.3,0.3,0.3,3411,1.0,1.0,1.0,1.0,1.0
279,0.6378210649037845,1.5105302091611064,1.524604852502137,0.7951443721063468,0.8539113640583071,Robins' estimator,0.2,0.2,0.2,0.2,0.3,0.3,0.3,0.3,3411,1.0,1.0,1.0,1.0,1.0
280,2.1650578469079855,1.956219724911761,1.377381128539879,1.0324640109910124,0.9739090674272503,Robins' estimator,0.2,0.2,0.2,0.2,0.3,0.3,0.3,0.3,3411,1.0,1.0,1.0,1.0,1.0
281,1.9211070632485332,0.22418557078348447,0.7712932941865753,1.5075331910871514,0.9480501296542986,Robins' estimator,0.2,0.2,0.2,0.2,0.3,0.3,0.3,0.3,3411,1.0,1.0,1.0,1.0,1.0
282,1.9567399492433883,1.799885388371228,1.396250533640336,1.2271989115911937,0.9792990487700364,Robins' estimator,0.2,0.2,0.2,0.2,0.3,0.3,0.3,0.3,3411,1.0,1.0,1.0,1.0,1.0
283,0.2645564281392227,1.870775009424601,1.9161335469789629,1.309747404589191,1.177397509825763,Robins' estimator,0.2,0.2,0.2,0.2,0.3,0.3,0.3,0.3,3411,1.0,1.0,1.0,1.0,1.0
284,-0.20347145272315126,0.4762602522611344,1.0418887160096362,0.9844897541409248,1.0665131518929063,Robins' estimator,0.2,0.2,0.2,0.2,0.3,0.3,0.3,0.3,3411,1.0,1.0,1.0,1.0,1.0
285,13.273823020139861,2.5378814407239667,0.7503188082128341,1.1064613448872305,1.0221793663918846,Robins' estimator,0.2,0.2,0.2,0.2,0.3,0.3,0.3,0.3,3411,1.0,1.0,1.0,1.0,1.0
286,1.2267991713385855,1.551698061554522,1.4644061859805964,0.7561769675995031,0.9187064532986018,Robins' estimator,0.2,0.2,0.2,0.2,0.3,0.3,0.3,0.3,3411,1.0,1.0,1.0,1.0,1.0
287,1.478657189133621,1.5558896257533112,0.8657591871950759,1.4881244482364417,0.8820477996775458,Robins' estimator,0.2,0.2,0.2,0.2,0.3,0.3,0.3,0.3,3411,1.0,1.0,1.0,1.0,1.0
288,2.1217247261726313,1.243211355252294,0.5036943534569185,1.1806266238369205,1.1103046889706998,Robins' estimator,0.2,0.2,0.2,0.2,0.3,0.3,0.3,0.3,3411,1.0,1.0,1.0,1.0,1.0
289,0.8117904324547089,1.940298023309723,1.7674021602738894,1.3151109327433115,1.1054467739898453,Robins' estimator,0.2,0.2,0.2,0.2,0.3,0.3,0.3,0.3,3411,1.0,1.0,1.0,1.0,1.0
290,2.0849820231265164,2.117745716445002,1.3515792475630661,0.9461491910167271,1.0096815692364465,Robins' estimator,0.2,0.2,0.2,0.2,0.3,0.3,0.3,0.3,3411,1.0,1.0,1.0,1.0,1.0
291,3.6382541241027493,1.9548173910776132,0.7975878600164172,0.8580221848761805,0.778096342817551,Robins' estimator,0.2,0.2,0.2,0.2,0.3,0.3,0.3,0.3,3411,1.0,1.0,1.0,1.0,1.0
292,2.561329836809725,1.3259136451212141,1.0672607006870258,1.0333594547685518,1.1530457826406688,Robins' estimator,0.2,0.2,0.2,0.2,0.3,0.3,0.3,0.3,3411,1.0,1.0,1.0,1.0,1.0
293,1.8759627744321992,1.4157137403046254,1.327412150757617,0.7158875699027907,0.9745956568326872,Robins' estimator,0.2,0.2,0.2,0.2,0.3,0.3,0.3,0.3,3411,1.0,1.0,1.0,1.0,1.0
294,1.6109692500733632,1.4006711400772216,0.8335071431917621,0.7586254136464448,1.2181663464074846,Robins' estimator,0.2,0.2,0.2,0.2,0.3,0.3,0.3,0.3,3411,1.0,1.0,1.0,1.0,1.0
295,1.0789982779462315,2.8812709009291626,1.1478291871602304,1.0471869557225721,1.0882573439890295,Robins' estimator,0.2,0.2,0.2,0.2,0.3,0.3,0.3,0.3,3411,1.0,1.0,1.0,1.0,1.0
296,0.5711393247614811,0.1294855875507985,0.38790129365064446,1.0858705520218999,0.8130342260479758,Robins' estimator,0.2,0.2,0.2,0.2,0.3,0.3,0.3,0.3,3411,1.0,1.0,1.0,1.0,1.0
297,1.4055569026381993,1.0069429970603796,0.8784375338808738,0.9141929739494485,1.0951881823579406,Robins' estimator,0.2,0.2,0.2,0.2,0.3,0.3,0.3,0.3,3411,1.0,1.0,1.0,1.0,1.0
298,1.4779591203858824,1.5906483445450632,0.2593952844867384,0.8095737596665957,1.0953612795383743,Robins' estimator,0.2,0.2,0.2,0.2,0.3,0.3,0.3,0.3,3411,1.0,1.0,1.0,1.0,1.0
299,1.6798489235983658,1.644241753445744,1.3535840908613082,1.1661380863765107,1.016443086463425,Robins' estimator,0.2,0.2,0.2,0.2,0.3,0.3,0.3,0.3,3411,1.0,1.0,1.0,1.0,1.0
300,1.095554254425224,2.6096173137764778,1.1896816280442193,1.2008579221824613,1.2390220655093158,Robins' estimator,0.2,0.2,0.2,0.2,0.3,0.3,0.3,0.3,3411,1.0,1.0,1.0,1.0,1.0
