id,est_psi03,est_psi13,est_psi23,method,p_I,ph,seed,psi03,psi13,psi23
1,-0.2846174466270394,-0.673122800712483,0.4772156029825806,Three-step,0.25,0.4,3411,0.0,0.0,0.0
2,-0.563986050158951,0.2990578059086784,-0.32388712024604915,Three-step,0.25,0.4,3411,0.0,0.0,0.0
3,-0.21828576203370725,0.4356670170137949,0.3500644101755262,Three-step,0.25,0.4,3411,0.0,0.0,0.0
4,1.0814851876024623,-0.5712555653806934,-0.18436672659058012,Three-step,0.25,0.4,3411,0.0,0.0,0.0
5,1.2903173298111215,0.7081938975769629,-0.1679246968231544,Three-step,0.25,0.4,3411,0.0,0.0,0.0
6,0.9129477090508484,1.6324467193415788,0.5977915938119188,Three-step,0.25,0.4,3411,0.0,0.0,0.0
7,0.6235834363634626,1.1130953135702888,0.15704270823342648,Three-step,0.25,0.4,3411,0.0,0.0,0.0
8,-0.1132467308761806,-0.04784872939978653,-0.12067016800994304,Three-step,0.25,0.4,3411,0.0,0.0,0.0
9,-0.664195005807176,-0.8514740337738197,-0.4843248775242203,Three-step,0.25,0.4,3411,0.0,0.0,0.0
10,-1.5149608853965137,-0.9353582251607157,-0.10651992531354956,Three-step,0.25,0.4,3411,0.0,0.0,0.0
11,-0.48257480933889935,-0.12844499906331427,0.03221944686632445,Three-step,0.25,0.4,3411,0.0,0.0,0.0
12,1.1753627636487702,-0.3261396810794086,0.5605757848375531,Three-step,0.25,0.4,3411,0.0,0.0,0.0
13,-0.05975314900899529,-0.4812752938513986,0.28485912370380684,Three-step,0.25,0.4,3411,0.0,0.0,0.0
14,-0.4148829987390345,-0.23357446350018224,-0.28826737619177617,Three-step,0.25,0.4,3411,0.0,0.0,0.0
15,1.5773643915152735,1.1685792086498732,0.5931829111092926,Three-step,0.25,0.4,3411,0.0,0.0,0.0
16,1.0978672359975836,0.8006079291789003,0.19196940017390476,Three-step,0.25,0.4,3411,0.0,0.0,0.0
17,2.5004561464787836,0.6414725697642595,0.06538373754514623,Three-step,0.25,0.4,3411,0.0,0.0,0.0
18,0.40871357789497265,0.2375115236781983,0.8854629087892482,Three-step,0.25,0.4,3411,0.0,0.0,0.0
19,-0.5902254029159741,0.11799965873291914,0.13995777185795494,Three-step,0.25,0.4,3411,0.0,0.0,0.0
20,0.5006875575803067,0.7757695010798432,-0.5035546187483901,Three-step,0.25,0.4,3411,0.0,0.0,0.0
21,1.3532397690404598,1.1841767161593992,0.526364881913734,Three-step,0.25,0.4,3411,0.0,0.0,0.0
22,-0.3408544603719783,-0.13148077758606125,-0.12406971533166943,Three-step,0.25,0.4,3411,0.0,0.0,0.0
23,-0.5325703766246522,0.2812497605215346,-0.7644559729596165,Three-step,0.25,0.4,3411,0.0,0.0,0.0
24,-0.6565427480623416,0.8376265696108155,-0.12535674880732606,Three-step,0.25,0.4,3411,0.0,0.0,0.0
25,0.23376766088993994,0.05138617898120531,-0.6027883118314535,Three-step,0.25,0.4,3411,0.0,0.0,0.0
26,1.9294318295762314,0.07173405997105116,-0.018866583452171525,Three-step,0.25,0.4,3411,0.0,0.0,0.0
27,-0.15439811394271916,-0.2332168111423934,0.1592292613575824,Three-step,0.25,0.4,3411,0.0,0.0,0.0
28,1.4437208161811395,0.02349461404543887,0.07106141372496581,Three-step,0.25,0.4,3411,0.0,0.0,0.0
29,0.4697831247276476,0.39949280215104793,-0.21022299551731885,Three-step,0.25,0.4,3411,0.0,0.0,0.0
30,0.33625899001141657,0.3286952112541753,0.34102322597060564,Three-step,0.25,0.4,3411,0.0,0.0,0.0
31,0.09134410015778029,0.6097525865084865,0.05363800801557983,Three-step,0.25,0.4,3411,0.0,0.0,0.0
32,1.049631440750234,1.3520471938627812,0.3813721218053149,Three-step,0.25,0.4,3411,0.0,0.0,0.0
33,-0.05388589009700703,0.26484968911702744,-0.6978936288631218,Three-step,0.25,0.4,3411,0.0,0.0,0.0
34,0.12120053863261612,-0.1845790348110408,0.18703310144676005,Three-step,0.25,0.4,3411,0.0,0.0,0.0
35,2.1481796675483746,0.36087778979540897,-0.044648347459276726,Three-step,0.25,0.4,3411,0.0,0.0,0.0
36,-0.2524177898792235,-0.9774830541922772,-0.8780293564113543,Three-step,0.25,0.4,3411,0.0,0.0,0.0
37,0.9002181840459405,1.7176615151120933,0.294168371021962,Three-step,0.25,0.4,3411,0.0,0.0,0.0
38,-0.2959698229900371,-0.6328993986399483,0.1853266950514918,Three-step,0.25,0.4,3411,0.0,0.0,0.0
39,0.3702363465561831,0.5322759872222086,0.2915686639344272,Three-step,0.25,0.4,3411,0.0,0.0,0.0
40,2.05468780469417,0.9387256932015964,-0.35422532996890604,Three-step,0.25,0.4,3411,0.0,0.0,0.0
41,1.1760684324815371,0.9461002031035006,0.6418174413445322,Three-step,0.25,0.4,3411,0.0,0.0,0.0
42,-0.00839181936649,-0.6777759944961921,-0.5201480391162989,Three-step,0.25,0.4,3411,0.0,0.0,0.0
43,0.4080207301267355,-0.09908867380513116,0.3541275577606529,Three-step,0.25,0.4,3411,0.0,0.0,0.0
44,0.3634486991518471,-0.6049742457712473,-0.19275392920749057,Three-step,0.25,0.4,3411,0.0,0.0,0.0
45,-0.8324756416853971,-1.136260933448583,-0.4507039760087592,Three-step,0.25,0.4,3411,0.0,0.0,0.0
46,-0.12360168054137971,-0.9052925655231263,-0.335708851668168,Three-step,0.25,0.4,3411,0.0,0.0,0.0
47,0.36780091977511836,0.527655551179949,0.2009715490343174,Three-step,0.25,0.4,3411,0.0,0.0,0.0
48,-1.2222390149348292,-0.3669885079479066,-0.4179064425153271,Three-step,0.25,0.4,3411,0.0,0.0,0.0
49,-0.8040334025263962,-0.33049057484870115,0.6519106351049506,Three-step,0.25,0.4,3411,0.0,0.0,0.0
50,-0.4174238278475683,0.17447790175242284,0.0040284030748299875,Three-step,0.25,0.4,3411,0.0,0.0,0.0
51,-1.3092666944767093,-1.292654032476868,-0.7980150156131801,Three-step,0.25,0.4,3411,0.0,0.0,0.0
52,-1.063718848975513,-0.13745399876033568,0.27303829253534817,Three-step,0.25,0.4,3411,0.0,0.0,0.0
53,-0.3376496102695959,-0.2746475505583603,0.5421450501420081,Three-step,0.25,0.4,3411,0.0,0.0,0.0
54,-1.0982533229486333,1.3093811154167936,-0.17666652528550061,Three-step,0.25,0.4,3411,0.0,0.0,0.0
55,-0.41825253955184216,-0.7596159959935851,0.15883736599223627,Three-step,0.25,0.4,3411,0.0,0.0,0.0
56,-0.16631471179528526,0.48374688394516596,-0.8426841261824533,Three-step,0.25,0.4,3411,0.0,0.0,0.0
57,0.569057313212427,0.2832211037945422,0.5003981973201473,Three-step,0.25,0.4,3411,0.0,0.0,0.0
58,-0.2980729129207184,-1.1456925579194466,-0.09917831550740056,Three-step,0.25,0.4,3411,0.0,0.0,0.0
59,0.0825528245828042,1.6605271069993939,-0.08141046802377828,Three-step,0.25,0.4,3411,0.0,0.0,0.0
60,0.22388100182237092,-0.31768766633007983,-0.1696568263443502,Three-step,0.25,0.4,3411,0.0,0.0,0.0
61,0.2951407001670799,0.2669975817418726,-0.38987884169095094,Three-step,0.25,0.4,3411,0.0,0.0,0.0
62,0.23381339394477416,-0.20681595832605126,-0.7210596047463378,Three-step,0.25,0.4,3411,0.0,0.0,0.0
63,1.0290581561781262,1.144832248779129,-0.46222502837111734,Three-step,0.25,0.4,3411,0.0,0.0,0.0
64,0.09246190874495058,0.12601573390524917,-0.8363371833763859,Three-step,0.25,0.4,3411,0.0,0.0,0.0
65,-0.44784395214159095,0.15216139543034854,-0.009638312741098396,Three-step,0.25,0.4,3411,0.0,0.0,0.0
66,0.5764810875541655,-0.355022276125615,-0.2026051544843529,Three-step,0.25,0.4,3411,0.0,0.0,0.0
67,-0.03509366376571717,0.02285315982489058,0.6739028202022882,Three-step,0.25,0.4,3411,0.0,0.0,0.0
68,-0.19190137590330061,-0.6960529061212463,0.136051363664358,Three-step,0.25,0.4,3411,0.0,0.0,0.0
69,-0.21954966512450633,-0.5729036601121463,0.14805531432290361,Three-step,0.25,0.4,3411,0.0,0.0,0.0
70,-0.03208441772563286,-0.8428748899179856,-0.5003136242309326,Three-step,0.25,0.4,3411,0.0,0.0,0.0
71,-0.8007807504028142,0.09306541891700648,-0.32796016779862247,Three-step,0.25,0.4,3411,0.0,0.0,0.0
72,0.4188563792577992,-0.3496578103687275,0.277360099519565,Three-step,0.25,0.4,3411,0.0,0.0,0.0
73,-0.5788470554136372,0.2877537449192739,-0.0017534159867561084,Three-step,0.25,0.4,3411,0.0,0.0,0.0
74,-0.009299384930223264,0.39694609624577887,0.4892561290588795,Three-step,0.25,0.4,3411,0.0,0.0,0.0
75,0.11651764929370848,0.37666279157768817,0.6270625360847454,Three-step,0.25,0.4,3411,0.0,0.0,0.0
76,0.7653237085650496,-0.6164809308925797,0.05162383300251208,Three-step,0.25,0.4,3411,0.0,0.0,0.0
77,-0.459219837596635,0.9024046485708007,-0.21623988724003812,Three-step,0.25,0.4,3411,0.0,0.0,0.0
78,-1.3563021017899726,-0.004900135589153323,-0.9914027967165371,Three-step,0.25,0.4,3411,0.0,0.0,0.0
79,1.6563718648121886,0.5530188234969236,0.09565802753893107,Three-step,0.25,0.4,3411,0.0,0.0,0.0
80,0.5890130780561873,1.2707644715663098,0.20054854915045506,Three-step,0.25,0.4,3411,0.0,0.0,0.0
81,0.47913384094804284,0.28962165057856387,-0.47994266541238684,Three-step,0.25,0.4,3411,0.0,0.0,0.0
82,-0.4112994417888358,-0.9561743771726526,0.5996989286369873,Three-step,0.25,0.4,3411,0.0,0.0,0.0
83,-0.06456799885921452,0.526042323599675,0.6040522352528531,Three-step,0.25,0.4,3411,0.0,0.0,0.0
84,-0.06684735762532948,-0.06066576868013567,-0.3804533375888104,Three-step,0.25,0.4,3411,0.0,0.0,0.0
85,-0.7327104499475909,-0.4444725484475318,0.04686635344602619,Three-step,0.25,0.4,3411,0.0,0.0,0.0
86,1.2133654464734727,0.2009001963702309,0.012492750979220464,Three-step,0.25,0.4,3411,0.0,0.0,0.0
87,-0.07827144716421763,-1.083091134577694,-0.17257227836435654,Three-step,0.25,0.4,3411,0.0,0.0,0.0
88,-1.111521854517685,-0.14835254141643403,-0.3560576102452481,Three-step,0.25,0.4,3411,0.0,0.0,0.0
89,-0.3426357736630487,-0.42578686385351916,-0.33099427953998595,Three-step,0.25,0.4,3411,0.0,0.0,0.0
90,-0.04571596463441724,0.6557119922686492,0.019360805676148844,Three-step,0.25,0.4,3411,0.0,0.0,0.0
91,-0.07944170182873474,1.4670501376495524,0.27395326096731665,Three-step,0.25,0.4,3411,0.0,0.0,0.0
92,-0.10861376014746371,1.0624267794222426,0.043209749603794756,Three-step,0.25,0.4,3411,0.0,0.0,0.0
93,-0.41398807521141645,-0.6377013623659942,-0.31546773624296853,Three-step,0.25,0.4,3411,0.0,0.0,0.0
94,-0.28206061482829903,-0.047565151507777806,0.131850118410405,Three-step,0.25,0.4,3411,0.0,0.0,0.0
95,1.2707211282952726,-0.1494892243129543,0.31079199143253,Three-step,0.25,0.4,3411,0.0,0.0,0.0
96,0.17517595478340883,-0.02319782369431368,0.9337352829834866,Three-step,0.25,0.4,3411,0.0,0.0,0.0
97,0.13597272043727185,-1.1012550576919216,0.03460962698496312,Three-step,0.25,0.4,3411,0.0,0.0,0.0
98,-0.3926590378479319,0.4846189375484834,-0.6228979954607964,Three-step,0.25,0.4,3411,0.0,0.0,0.0
99,0.03157116692112207,0.852768365400846,0.11474466348105078,Three-step,0.25,0.4,3411,0.0,0.0,0.0
100,0.6216722576585003,0.43976347574968216,-0.31936049462943344,Three-step,0.25,0.4,3411,0.0,0.0,0.0
1,0.1669921728063893,-0.7365936412693551,0.4772156030371085,Robins' estimator,0.25,0.4,3411,0.0,0.0,0.0
2,-0.4631347263450071,0.19512483692652477,-0.3238871203262601,Robins' estimator,0.25,0.4,3411,0.0,0.0,0.0
3,-0.30615752318823924,0.22948272640903145,0.3500644101773221,Robins' estimator,0.25,0.4,3411,0.0,0.0,0.0
4,0.8412520982191042,-0.48421103044116964,-0.18436672659093958,Robins' estimator,0.25,0.4,3411,0.0,0.0,0.0
5,1.6864959966179123,0.8782316032770097,-0.16792469682306282,Robins' estimator,0.25,0.4,3411,0.0,0.0,0.0
6,0.4552423331369685,1.4824089007926378,0.597791593810596,Robins' estimator,0.25,0.4,3411,0.0,0.0,0.0
7,0.600559148068239,0.9170121519355743,0.15704270823351726,Robins' estimator,0.25,0.4,3411,0.0,0.0,0.0
8,-0.3391931736235235,-0.2948544978128652,-0.12067016800998709,Robins' estimator,0.25,0.4,3411,0.0,0.0,0.0
9,-0.32577849977585616,-0.7134821001874491,-0.48432487752587483,Robins' estimator,0.25,0.4,3411,0.0,0.0,0.0
10,-1.319839803099965,-1.0151710351743695,-0.10651992531354931,Robins' estimator,0.25,0.4,3411,0.0,0.0,0.0
11,-0.6574543447629712,-0.6325251187594487,0.03221944686632452,Robins' estimator,0.25,0.4,3411,0.0,0.0,0.0
12,0.4562244978682501,-0.3390977889813441,0.5605757848383236,Robins' estimator,0.25,0.4,3411,0.0,0.0,0.0
13,0.46812326966082607,-0.4512438353621373,0.28485912370542243,Robins' estimator,0.25,0.4,3411,0.0,0.0,0.0
14,0.1554398713111358,0.05740852960424339,-0.2882673761974629,Robins' estimator,0.25,0.4,3411,0.0,0.0,0.0
15,1.2670951669239756,0.73675693346635,0.5931829111679605,Robins' estimator,0.25,0.4,3411,0.0,0.0,0.0
16,1.025893717197658,0.7997844046397153,0.19196940017390468,Robins' estimator,0.25,0.4,3411,0.0,0.0,0.0
17,0.999246088212436,0.6541247885929369,0.06538373754514631,Robins' estimator,0.25,0.4,3411,0.0,0.0,0.0
18,0.8367699239752965,0.33907145632428176,0.8854629087825132,Robins' estimator,0.25,0.4,3411,0.0,0.0,0.0
19,-0.5032907673741207,0.4066442228377712,0.13995777185793704,Robins' estimator,0.25,0.4,3411,0.0,0.0,0.0
20,0.4536529892294847,0.5783674450753742,-0.5035546187507223,Robins' estimator,0.25,0.4,3411,0.0,0.0,0.0
21,0.939261182077423,1.6133590664885054,0.5263648819136817,Robins' estimator,0.25,0.4,3411,0.0,0.0,0.0
22,-0.5730399943794241,-0.06169734113132406,-0.12406971533306846,Robins' estimator,0.25,0.4,3411,0.0,0.0,0.0
23,-0.5579438457020264,-0.051811667926433276,-0.7644559733919566,Robins' estimator,0.25,0.4,3411,0.0,0.0,0.0
24,-0.6414319286696355,1.071017936067102,-0.1253567488073258,Robins' estimator,0.25,0.4,3411,0.0,0.0,0.0
25,0.7404870904199445,0.217207626353534,-0.6027883118320496,Robins' estimator,0.25,0.4,3411,0.0,0.0,0.0
26,1.8166934000714434,-0.050702353092832185,-0.018866583457324657,Robins' estimator,0.25,0.4,3411,0.0,0.0,0.0
27,0.4355331646303548,-0.4528055357389991,0.1592292613576004,Robins' estimator,0.25,0.4,3411,0.0,0.0,0.0
28,1.670216702427245,0.06942033787714968,0.071061413724967,Robins' estimator,0.25,0.4,3411,0.0,0.0,0.0
29,0.32458652380089525,0.16733659389254377,-0.2102229955173163,Robins' estimator,0.25,0.4,3411,0.0,0.0,0.0
30,0.5631849759533506,0.6113875495964972,0.34102322597334195,Robins' estimator,0.25,0.4,3411,0.0,0.0,0.0
31,0.1269561767542969,0.16876520693331354,0.05363800801557987,Robins' estimator,0.25,0.4,3411,0.0,0.0,0.0
32,1.081310082531268,1.5863867215490508,0.3813721217944708,Robins' estimator,0.25,0.4,3411,0.0,0.0,0.0
33,0.017307687795239585,0.1340756816408744,-0.6978936288811768,Robins' estimator,0.25,0.4,3411,0.0,0.0,0.0
34,-0.1368980673431255,-0.05258409647803256,0.18703310144191562,Robins' estimator,0.25,0.4,3411,0.0,0.0,0.0
35,1.9689253009477667,0.04742078617170033,-0.044648347459296446,Robins' estimator,0.25,0.4,3411,0.0,0.0,0.0
36,-0.09226518487398307,-0.9967493793184463,-0.8780293564281226,Robins' estimator,0.25,0.4,3411,0.0,0.0,0.0
37,0.49071634353045773,1.6925231897198205,0.29416837085101416,Robins' estimator,0.25,0.4,3411,0.0,0.0,0.0
38,-0.33997280935075913,-0.6445712771557595,0.1853266950514915,Robins' estimator,0.25,0.4,3411,0.0,0.0,0.0
39,-0.08880088176256852,0.5998628137345706,0.291568663934093,Robins' estimator,0.25,0.4,3411,0.0,0.0,0.0
40,1.2954233338591612,1.02965001193888,-0.3542253299719886,Robins' estimator,0.25,0.4,3411,0.0,0.0,0.0
41,0.9441910767139766,1.1290163295064157,0.6418174413391131,Robins' estimator,0.25,0.4,3411,0.0,0.0,0.0
42,0.3532473736870883,-0.7136215168521727,-0.5201480391460003,Robins' estimator,0.25,0.4,3411,0.0,0.0,0.0
43,0.48214997114849734,-0.06127986814230159,0.35412755776064647,Robins' estimator,0.25,0.4,3411,0.0,0.0,0.0
44,-0.020356162538287446,-0.4637690451659612,-0.19275392919513706,Robins' estimator,0.25,0.4,3411,0.0,0.0,0.0
45,-0.549009810507424,-1.0248484812809913,-0.4507039760091768,Robins' estimator,0.25,0.4,3411,0.0,0.0,0.0
46,0.3567813582947439,-0.6419706819661894,-0.33570885189032657,Robins' estimator,0.25,0.4,3411,0.0,0.0,0.0
47,0.8096538343130996,0.23665566164963303,0.2009715490354737,Robins' estimator,0.25,0.4,3411,0.0,0.0,0.0
48,-1.115763652071531,-0.2936226528912148,-0.4179064425128194,Robins' estimator,0.25,0.4,3411,0.0,0.0,0.0
49,-0.8129033691447752,-0.24401571407963013,0.6519106351212625,Robins' estimator,0.25,0.4,3411,0.0,0.0,0.0
50,-0.09004946290372697,0.3338519194799547,0.004028403074829894,Robins' estimator,0.25,0.4,3411,0.0,0.0,0.0
51,-0.8616007451379789,-1.1841135903002178,-0.7980150156143705,Robins' estimator,0.25,0.4,3411,0.0,0.0,0.0
52,-0.9585843138492756,-0.1816766012114654,0.27303829253534556,Robins' estimator,0.25,0.4,3411,0.0,0.0,0.0
53,-0.059061924027717656,-0.6061316875920517,0.5421450501638803,Robins' estimator,0.25,0.4,3411,0.0,0.0,0.0
54,-1.1000695503783284,0.8395899645104585,-0.1766665252855015,Robins' estimator,0.25,0.4,3411,0.0,0.0,0.0
55,-0.27678054037081806,-0.8854066954256493,0.15883736599223344,Robins' estimator,0.25,0.4,3411,0.0,0.0,0.0
56,-0.1591219554057715,0.24139224773273257,-0.8426841261824457,Robins' estimator,0.25,0.4,3411,0.0,0.0,0.0
57,0.6214576474295986,0.45979902591383104,0.5003981973200393,Robins' estimator,0.25,0.4,3411,0.0,0.0,0.0
58,-0.2695255929200266,-0.5367624538163684,-0.09917831550740054,Robins' estimator,0.25,0.4,3411,0.0,0.0,0.0
59,0.05477978129834676,1.3719458730379233,-0.08141046802377869,Robins' estimator,0.25,0.4,3411,0.0,0.0,0.0
60,-0.08823726280122099,-0.29342974380973647,-0.16965682634431625,Robins' estimator,0.25,0.4,3411,0.0,0.0,0.0
61,0.057959365052166034,0.3953964451996484,-0.3898788416901977,Robins' estimator,0.25,0.4,3411,0.0,0.0,0.0
62,-0.06010036447269788,-0.4121512547412217,-0.7210596047534796,Robins' estimator,0.25,0.4,3411,0.0,0.0,0.0
63,0.832029385485342,0.3721852319375538,-0.46222502844040586,Robins' estimator,0.25,0.4,3411,0.0,0.0,0.0
64,-0.09010239511153485,-0.027219617968812705,-0.8363371833764082,Robins' estimator,0.25,0.4,3411,0.0,0.0,0.0
65,-0.10529569179299242,0.10913881969002959,-0.009638312741098349,Robins' estimator,0.25,0.4,3411,0.0,0.0,0.0
66,0.25851039342942744,-0.06382322698437916,-0.2026051544843903,Robins' estimator,0.25,0.4,3411,0.0,0.0,0.0
67,-0.023527432802941194,-0.023143422661587473,0.6739028202120357,Robins' estimator,0.25,0.4,3411,0.0,0.0,0.0
68,0.2594612473781563,-0.7497304765060734,0.1360513636643678,Robins' estimator,0.25,0.4,3411,0.0,0.0,0.0
69,0.10736557698166545,-0.5954571661374828,0.14805531431281063,Robins' estimator,0.25,0.4,3411,0.0,0.0,0.0
70,0.34060558227453464,-0.911648984321967,-0.5003136242172087,Robins' estimator,0.25,0.4,3411,0.0,0.0,0.0
71,-0.9051681014271061,-0.19258940367547944,-0.32796016782555126,Robins' estimator,0.25,0.4,3411,0.0,0.0,0.0
72,0.15482761002047699,-0.4774741374492347,0.27736009951957974,Robins' estimator,0.25,0.4,3411,0.0,0.0,0.0
73,-0.7843879231372874,-0.2990980620774781,-0.0017534159867561765,Robins' estimator,0.25,0.4,3411,0.0,0.0,0.0
74,-0.5261575980453893,0.42749148911001017,0.489256129058768,Robins' estimator,0.25,0.4,3411,0.0,0.0,0.0
75,-0.17074915920907058,0.4788317943612146,0.6270625360847876,Robins' estimator,0.25,0.4,3411,0.0,0.0,0.0
76,0.5495575342831914,-0.39885515753350326,0.0516238330025123,Robins' estimator,0.25,0.4,3411,0.0,0.0,0.0
77,-0.05629891129232322,0.8875062789063594,-0.2162398872400384,Robins' estimator,0.25,0.4,3411,0.0,0.0,0.0
78,-0.8738262015248597,-0.2972835342079111,-0.9914027967211364,Robins' estimator,0.25,0.4,3411,0.0,0.0,0.0
79,0.9853035154149303,0.8268786366650797,0.09565802753908133,Robins' estimator,0.25,0.4,3411,0.0,0.0,0.0
80,1.1261027602573621,1.1988465530560124,0.2005485491504576,Robins' estimator,0.25,0.4,3411,0.0,0.0,0.0
81,0.3748496517636416,0.30448313902896684,-0.4799426653515014,Robins' estimator,0.25,0.4,3411,0.0,0.0,0.0
82,-0.4615420942614776,-0.7354120768663037,0.5996989286507316,Robins' estimator,0.25,0.4,3411,0.0,0.0,0.0
83,0.12103560655552333,0.5432670255335743,0.6040522352531802,Robins' estimator,0.25,0.4,3411,0.0,0.0,0.0
84,-0.1669207168232837,-0.15648595949373711,-0.3804533375887485,Robins' estimator,0.25,0.4,3411,0.0,0.0,0.0
85,-1.1160486609534066,-0.5145014080329704,0.046866353446026084,Robins' estimator,0.25,0.4,3411,0.0,0.0,0.0
86,0.8936764078907088,0.30831063629099,0.012492750979220504,Robins' estimator,0.25,0.4,3411,0.0,0.0,0.0
87,-0.3938511804341806,-0.7000925759134051,-0.1725722783644377,Robins' estimator,0.25,0.4,3411,0.0,0.0,0.0
88,-0.9816886583708354,0.0833746915594641,-0.3560576102377818,Robins' estimator,0.25,0.4,3411,0.0,0.0,0.0
89,-0.1610675864375529,-0.2763127803297701,-0.33099427952209487,Robins' estimator,0.25,0.4,3411,0.0,0.0,0.0
90,-0.33902155683342705,0.5877516136109037,0.01936080567614874,Robins' estimator,0.25,0.4,3411,0.0,0.0,0.0
91,0.4137867913321934,1.337313206561792,0.27395326097833245,Robins' estimator,0.25,0.4,3411,0.0,0.0,0.0
92,-0.1185194307231762,0.9965737067255821,0.04320974960379477,Robins' estimator,0.25,0.4,3411,0.0,0.0,0.0
93,-0.5186662457724933,-0.5956572655664382,-0.3154677362429685,Robins' estimator,0.25,0.4,3411,0.0,0.0,0.0
94,-0.415291905925074,-0.3640107780404534,0.131850118410422,Robins' estimator,0.25,0.4,3411,0.0,0.0,0.0
95,0.8522399476934954,-0.322920888723171,0.31079199143252983,Robins' estimator,0.25,0.4,3411,0.0,0.0,0.0
96,-0.029700765628261672,-0.03245274107236734,0.9337352829840572,Robins' estimator,0.25,0.4,3411,0.0,0.0,0.0
97,0.19473329865418165,-0.9460247357277288,0.034609626984964593,Robins' estimator,0.25,0.4,3411,0.0,0.0,0.0
98,-0.2814696381605839,0.3681415839327979,-0.622897995503833,Robins' estimator,0.25,0.4,3411,0.0,0.0,0.0
99,0.03758288476213506,0.7953149430695392,0.11474466348105457,Robins' estimator,0.25,0.4,3411,0.0,0.0,0.0
100,0.7097988448257216,0.1347371429402529,-0.31936049462779753,Robins' estimator,0.25,0.4,3411,0.0,0.0,0.0
1,-0.3989914525465839,-0.6584371410372839,0.32659973937258285,GMM estimator,0.25,0.4,3411,0.0,0.0,0.0
2,-0.5104863203572574,0.235262138503753,-0.3262746323127459,GMM estimator,0.25,0.4,3411,0.0,0.0,0.0
3,-0.20765992337234151,0.24136258089248377,0.3156534232189486,GMM estimator,0.25,0.4,3411,0.0,0.0,0.0
4,0.6866167440722224,-0.4590096459658943,-0.19810117833440674,GMM estimator,0.25,0.4,3411,0.0,0.0,0.0
5,1.0888543230141952,0.8398745540592549,-0.12976343893013317,GMM estimator,0.25,0.4,3411,0.0,0.0,0.0
6,0.24824277337501321,1.5701514985701572,0.5839170706655012,GMM estimator,0.25,0.4,3411,0.0,0.0,0.0
7,0.6073284108757047,0.9767029775244007,0.19740751893790778,GMM estimator,0.25,0.4,3411,0.0,0.0,0.0
8,-0.4071524566631901,-0.40485137819858713,-0.08198852602300893,GMM estimator,0.25,0.4,3411,0.0,0.0,0.0
9,-0.4219762848496976,-0.6821001108236624,-0.47361670592366206,GMM estimator,0.25,0.4,3411,0.0,0.0,0.0
10,-1.3938082491422377,-1.0015042595362313,-0.22651120048968287,GMM estimator,0.25,0.4,3411,0.0,0.0,0.0
11,-0.7973665534795552,-1.2303008515359661,-0.12005698802894563,GMM estimator,0.25,0.4,3411,0.0,0.0,0.0
12,0.050451898744088286,-0.43827456870381587,0.5394740285330153,GMM estimator,0.25,0.4,3411,0.0,0.0,0.0
13,0.031388463816829054,-0.402006402732303,0.31087198327756316,GMM estimator,0.25,0.4,3411,0.0,0.0,0.0
14,-0.37764448453000043,-0.2584817039505598,-0.3733163391079556,GMM estimator,0.25,0.4,3411,0.0,0.0,0.0
15,1.1754995395590866,0.7099943781825157,0.6447505322788477,GMM estimator,0.25,0.4,3411,0.0,0.0,0.0
16,1.0087081240360987,0.8011993825898431,0.19835518742466746,GMM estimator,0.25,0.4,3411,0.0,0.0,0.0
17,0.9094805330992412,0.6192441892562629,0.04698153716335393,GMM estimator,0.25,0.4,3411,0.0,0.0,0.0
18,0.6486186756255791,0.37859129812248277,1.0697521183553125,GMM estimator,0.25,0.4,3411,0.0,0.0,0.0
19,-0.5265083128431807,0.31335390025951015,0.13074313494716683,GMM estimator,0.25,0.4,3411,0.0,0.0,0.0
20,0.4318156331756035,0.5744647727498136,-0.5689918967029823,GMM estimator,0.25,0.4,3411,0.0,0.0,0.0
21,0.7079862803026206,1.5118972242712794,0.38647496533609427,GMM estimator,0.25,0.4,3411,0.0,0.0,0.0
22,-0.7014710106136038,-0.16953333162913287,-0.09890629267821535,GMM estimator,0.25,0.4,3411,0.0,0.0,0.0
23,-0.5634877383224384,-0.02393864794542947,-0.534518022842779,GMM estimator,0.25,0.4,3411,0.0,0.0,0.0
24,-0.6902682870031087,1.064955808178948,-0.20806857199483594,GMM estimator,0.25,0.4,3411,0.0,0.0,0.0
25,0.13580536152895256,-0.12004016885207214,-0.6904355675463514,GMM estimator,0.25,0.4,3411,0.0,0.0,0.0
26,1.86063442383899,-0.08214262437748465,-0.011457310873300097,GMM estimator,0.25,0.4,3411,0.0,0.0,0.0
27,-0.6184053664104145,-0.5410816648884671,0.05549652875162962,GMM estimator,0.25,0.4,3411,0.0,0.0,0.0
28,1.6872837919325654,0.041042495220908526,0.08192646227058303,GMM estimator,0.25,0.4,3411,0.0,0.0,0.0
29,0.25463605621081187,0.05510039724891977,-0.20965872123534923,GMM estimator,0.25,0.4,3411,0.0,0.0,0.0
30,0.30449411425022666,0.4859046842938233,0.33113078616047453,GMM estimator,0.25,0.4,3411,0.0,0.0,0.0
31,0.0029677389402201215,-0.003952835355997636,-0.06654966148716288,GMM estimator,0.25,0.4,3411,0.0,0.0,0.0
32,1.1049888042520097,1.6578680251441376,0.4693568529822489,GMM estimator,0.25,0.4,3411,0.0,0.0,0.0
33,-0.09549698979535912,0.025021084801277127,-0.722624632553731,GMM estimator,0.25,0.4,3411,0.0,0.0,0.0
34,-0.3347972554872117,-0.16010801491635518,0.13519472900745785,GMM estimator,0.25,0.4,3411,0.0,0.0,0.0
35,1.7973378537169156,-0.024211685586553594,-0.04209764862978843,GMM estimator,0.25,0.4,3411,0.0,0.0,0.0
36,-0.1797794586424321,-0.929244805233979,-0.8254302579533992,GMM estimator,0.25,0.4,3411,0.0,0.0,0.0
37,0.4367211000766394,1.8476622461611898,0.3520102419624185,GMM estimator,0.25,0.4,3411,0.0,0.0,0.0
38,-0.3380043834180815,-0.6645862805074525,0.17668818723415336,GMM estimator,0.25,0.4,3411,0.0,0.0,0.0
39,-0.3877669043952421,0.5857523092765499,0.22889330872443203,GMM estimator,0.25,0.4,3411,0.0,0.0,0.0
40,0.6824693008798313,0.9847691343780824,-0.3518262976304376,GMM estimator,0.25,0.4,3411,0.0,0.0,0.0
41,0.8990015192241005,1.083828634539103,0.5933264083019473,GMM estimator,0.25,0.4,3411,0.0,0.0,0.0
42,0.07052606895352079,-0.6142917714147426,-0.63712056260667,GMM estimator,0.25,0.4,3411,0.0,0.0,0.0
43,0.42826157566034095,-0.06873415712244398,0.35232384726162463,GMM estimator,0.25,0.4,3411,0.0,0.0,0.0
44,-0.33624498464556085,-0.5907935446682335,-0.18380318385592945,GMM estimator,0.25,0.4,3411,0.0,0.0,0.0
45,-0.6166750296897952,-1.0014642280563695,-0.4194080355196428,GMM estimator,0.25,0.4,3411,0.0,0.0,0.0
46,-0.19829782458779158,-0.9991090897040017,-0.28715089732328436,GMM estimator,0.25,0.4,3411,0.0,0.0,0.0
47,0.27600057612463785,-0.14715793411590417,0.15861525108189026,GMM estimator,0.25,0.4,3411,0.0,0.0,0.0
48,-1.1165401603068645,-0.25656449405467696,-0.406795874525427,GMM estimator,0.25,0.4,3411,0.0,0.0,0.0
49,-0.8180956517276385,-0.247582837118944,0.6849587245392095,GMM estimator,0.25,0.4,3411,0.0,0.0,0.0
50,-0.3858850930704594,0.26546905777717816,-0.05806177388548288,GMM estimator,0.25,0.4,3411,0.0,0.0,0.0
51,-1.218265611484362,-0.9014261376043361,-0.6724826224597977,GMM estimator,0.25,0.4,3411,0.0,0.0,0.0
52,-0.9162080922286254,-0.11184413545980132,0.33389794106833176,GMM estimator,0.25,0.4,3411,0.0,0.0,0.0
53,-0.17147738991257505,-0.6689801227301597,0.638022212595088,GMM estimator,0.25,0.4,3411,0.0,0.0,0.0
54,-1.0353567185904748,0.8029306417033287,-0.07114505213538425,GMM estimator,0.25,0.4,3411,0.0,0.0,0.0
55,-0.28212037442270405,-0.8695177600904361,0.15255908735363477,GMM estimator,0.25,0.4,3411,0.0,0.0,0.0
56,-0.14960995112372746,0.23637950810683844,-0.8165916275655376,GMM estimator,0.25,0.4,3411,0.0,0.0,0.0
57,0.6145726332579332,0.3545038646271681,0.5196387208327703,GMM estimator,0.25,0.4,3411,0.0,0.0,0.0
58,-0.4572536854743012,-1.432272171613376,-0.015429396716240051,GMM estimator,0.25,0.4,3411,0.0,0.0,0.0
59,0.04600469861594949,1.387941800034974,-0.031219408002998966,GMM estimator,0.25,0.4,3411,0.0,0.0,0.0
60,-0.3162734740396805,-0.40140512341514734,-0.19203359435413225,GMM estimator,0.25,0.4,3411,0.0,0.0,0.0
61,-0.2039988145506979,0.30835715795476004,-0.40127871758043165,GMM estimator,0.25,0.4,3411,0.0,0.0,0.0
62,-0.17857766186801768,-0.569987973625376,-0.7675830022379854,GMM estimator,0.25,0.4,3411,0.0,0.0,0.0
63,1.1133342490712785,0.23299695747542537,-0.233138443098055,GMM estimator,0.25,0.4,3411,0.0,0.0,0.0
64,-0.19173738719150224,-0.08264239024612191,-0.8595243215378667,GMM estimator,0.25,0.4,3411,0.0,0.0,0.0
65,-0.5310646466709804,0.0539085594632883,-0.01982538117700094,GMM estimator,0.25,0.4,3411,0.0,0.0,0.0
66,-0.07887926301619924,-0.2864934596320358,-0.17313909005916064,GMM estimator,0.25,0.4,3411,0.0,0.0,0.0
67,-0.015292995341862476,-0.04326026130315479,0.673314349726249,GMM estimator,0.25,0.4,3411,0.0,0.0,0.0
68,0.3921566078604225,-0.768204122276982,0.22538967875127788,GMM estimator,0.25,0.4,3411,0.0,0.0,0.0
69,-0.13048896052976502,-0.598958780064003,0.11665456504068274,GMM estimator,0.25,0.4,3411,0.0,0.0,0.0
70,0.07547309615630876,-0.750291417471565,-0.46277382688712904,GMM estimator,0.25,0.4,3411,0.0,0.0,0.0
71,-0.9609511732390454,-0.27061808088411243,-0.3577519766881272,GMM estimator,0.25,0.4,3411,0.0,0.0,0.0
72,0.07110647601633248,-0.5991336169897186,0.3221060014311957,GMM estimator,0.25,0.4,3411,0.0,0.0,0.0
73,-0.9489701671351525,-0.7142433233257923,-0.19908067121116524,GMM estimator,0.25,0.4,3411,0.0,0.0,0.0
74,-0.8721094250872142,0.41771029019384776,0.49001694558366987,GMM estimator,0.25,0.4,3411,0.0,0.0,0.0
75,-0.28126459989548264,0.4439568324232918,0.5571448779390855,GMM estimator,0.25,0.4,3411,0.0,0.0,0.0
76,0.4440173253975881,-0.622817772498758,0.07374896081365956,GMM estimator,0.25,0.4,3411,0.0,0.0,0.0
77,-0.3972418340953006,0.5856922974623141,-0.2533201564893181,GMM estimator,0.25,0.4,3411,0.0,0.0,0.0
78,-1.3263890192401235,-0.22408377431327076,-0.9899849570575954,GMM estimator,0.25,0.4,3411,0.0,0.0,0.0
79,0.4289713584882633,0.6677755032026549,0.08581331730223501,GMM estimator,0.25,0.4,3411,0.0,0.0,0.0
80,0.22811926396231752,0.9340597032170025,0.10913058615664384,GMM estimator,0.25,0.4,3411,0.0,0.0,0.0
81,0.30560238661986916,0.2984418171668731,-0.4840368445981388,GMM estimator,0.25,0.4,3411,0.0,0.0,0.0
82,-0.3616878979214855,-0.7520043343979573,0.6522677683700695,GMM estimator,0.25,0.4,3411,0.0,0.0,0.0
83,0.002634814522661094,0.4733510260332333,0.5993547693912804,GMM estimator,0.25,0.4,3411,0.0,0.0,0.0
84,-0.2423504652663385,-0.17486311328064238,-0.4159759851767119,GMM estimator,0.25,0.4,3411,0.0,0.0,0.0
85,-1.384457075580924,-0.6594127185990106,0.028881060951441176,GMM estimator,0.25,0.4,3411,0.0,0.0,0.0
86,0.7503820751620979,0.1685105507344808,-0.009967556905815148,GMM estimator,0.25,0.4,3411,0.0,0.0,0.0
87,-0.6467422049124275,-1.4265513488609134,-0.3155469859138382,GMM estimator,0.25,0.4,3411,0.0,0.0,0.0
88,-1.0854284804861938,0.0610526937367423,-0.46149873767221883,GMM estimator,0.25,0.4,3411,0.0,0.0,0.0
89,-0.18633914661051915,-0.2939377285137057,-0.23193662052759548,GMM estimator,0.25,0.4,3411,0.0,0.0,0.0
90,-0.4958001306625132,0.5160455451023724,-0.019028003849199726,GMM estimator,0.25,0.4,3411,0.0,0.0,0.0
91,-0.3409599017969953,0.9091981962954748,0.19120343082977215,GMM estimator,0.25,0.4,3411,0.0,0.0,0.0
92,-0.1010414382536538,0.9966171896681592,0.05905132520041004,GMM estimator,0.25,0.4,3411,0.0,0.0,0.0
93,-0.5183519390938046,-0.6618418715431034,-0.3506601099758873,GMM estimator,0.25,0.4,3411,0.0,0.0,0.0
94,-0.48856694052719996,-0.4718285787042286,0.22465682606941995,GMM estimator,0.25,0.4,3411,0.0,0.0,0.0
95,0.6748184263680741,-0.46231834344783507,0.2043472941517778,GMM estimator,0.25,0.4,3411,0.0,0.0,0.0
96,-0.18363673349543944,-0.08933138966903041,0.8676495343130208,GMM estimator,0.25,0.4,3411,0.0,0.0,0.0
97,0.25899750650442066,-1.0258075055767066,0.00821860449397177,GMM estimator,0.25,0.4,3411,0.0,0.0,0.0
98,-0.2923061896269076,0.3365092366860821,-0.6374172325099567,GMM estimator,0.25,0.4,3411,0.0,0.0,0.0
99,0.05669642855816226,0.7826633013876547,0.1180052063852268,GMM estimator,0.25,0.4,3411,0.0,0.0,0.0
100,0.6320391419805045,0.03883605462647721,-0.2439220933286364,GMM estimator,0.25,0.4,3411,0.0,0.0,0.0
1,-0.28185259988653955,-0.43279063837113796,0.5671951082302931,Three-step,0.5,0.4,3411,0.0,0.0,0.0
2,-0.5639860501586602,0.28899707032836564,-0.0835813228054943,Three-step,0.5,0.4,3411,0.0,0.0,0.0
3,-0.20825811753896192,-0.029030776801329698,0.1678506821046882,Three-step,0.5,0.4,3411,0.0,0.0,0.0
4,1.0712120915017804,-0.11274913920338694,-0.1821332553043285,Three-step,0.5,0.4,3411,0.0,0.0,0.0
5,1.3347992886892652,0.2264960973779417,-0.14375682516172691,Three-step,0.5,0.4,3411,0.0,0.0,0.0
6,0.9608796240142246,1.367951981562439,0.15974542376025513,Three-step,0.5,0.4,3411,0.0,0.0,0.0
7,0.6737827273816234,0.3257485564671463,0.020093760931033256,Three-step,0.5,0.4,3411,0.0,0.0,0.0
8,-0.11914689247251917,0.011449088797096461,0.39676794336655075,Three-step,0.5,0.4,3411,0.0,0.0,0.0
9,-0.6683998390627364,-0.3712467807896631,-0.7961712449880773,Three-step,0.5,0.4,3411,0.0,0.0,0.0
10,-1.4985192659361044,-0.8655479825722063,-0.14135826893283107,Three-step,0.5,0.4,3411,0.0,0.0,0.0
11,-0.48684969834549646,-0.027047315900004004,-0.055101945985678066,Three-step,0.5,0.4,3411,0.0,0.0,0.0
12,1.2005418209267864,0.18293218966249064,0.08994382296844618,Three-step,0.5,0.4,3411,0.0,0.0,0.0
13,-0.08382394850306756,0.3813746426346236,0.0914730956564202,Three-step,0.5,0.4,3411,0.0,0.0,0.0
14,-0.42458555853036595,-0.39003776471951523,-0.16685270865856666,Three-step,0.5,0.4,3411,0.0,0.0,0.0
15,1.6119596919423689,1.1016458546144667,0.755389309217342,Three-step,0.5,0.4,3411,0.0,0.0,0.0
16,1.103147403312425,0.9858906416719337,0.10164723042085046,Three-step,0.5,0.4,3411,0.0,0.0,0.0
17,2.43020053527392,0.3094753902528821,0.12444441498504714,Three-step,0.5,0.4,3411,0.0,0.0,0.0
18,0.4220319627949286,0.6671394836148161,0.4503385106897076,Three-step,0.5,0.4,3411,0.0,0.0,0.0
19,-0.5914184814348827,0.08487568954040256,0.13603553842262697,Three-step,0.5,0.4,3411,0.0,0.0,0.0
20,0.5227042285241916,0.36297485524183354,-0.33576826199109644,Three-step,0.5,0.4,3411,0.0,0.0,0.0
21,1.3419293454581178,0.7081692276459023,0.5423966228188525,Three-step,0.5,0.4,3411,0.0,0.0,0.0
22,-0.3543274048245463,-0.22532326385759024,-0.16017648644910878,Three-step,0.5,0.4,3411,0.0,0.0,0.0
23,-0.5205870083058881,-0.0697030151086824,-0.4709068928449961,Three-step,0.5,0.4,3411,0.0,0.0,0.0
24,-0.6699271844018246,0.5440324739847131,-0.1716649348299732,Three-step,0.5,0.4,3411,0.0,0.0,0.0
25,0.23376766089088502,0.423447802186954,-0.3035792749282156,Three-step,0.5,0.4,3411,0.0,0.0,0.0
26,1.9377786458359505,0.18814357587832675,-0.0801088800744781,Three-step,0.5,0.4,3411,0.0,0.0,0.0
27,-0.16554362013708143,0.19476376099350046,0.02994080048889812,Three-step,0.5,0.4,3411,0.0,0.0,0.0
28,1.4391600651086223,0.1368152694166153,-0.12135315694736985,Three-step,0.5,0.4,3411,0.0,0.0,0.0
29,0.45213239342319567,0.24704968392871332,-0.004792611906357279,Three-step,0.5,0.4,3411,0.0,0.0,0.0
30,0.3216218125699238,0.3781501343845835,0.7031291863720962,Three-step,0.5,0.4,3411,0.0,0.0,0.0
31,0.09890172387995927,0.08945654703224305,0.1678420820650697,Three-step,0.5,0.4,3411,0.0,0.0,0.0
32,1.0664078504091963,0.9919315790320764,-0.04784825005278967,Three-step,0.5,0.4,3411,0.0,0.0,0.0
33,-0.05851030299387394,0.11194104432318244,-0.5096568900967052,Three-step,0.5,0.4,3411,0.0,0.0,0.0
34,0.12655357928719554,0.13961202749505577,0.01664410154556259,Three-step,0.5,0.4,3411,0.0,0.0,0.0
35,2.136164676831006,-0.24980193640834567,0.22821741173750862,Three-step,0.5,0.4,3411,0.0,0.0,0.0
36,-0.25361096607583755,-0.058692893645283434,-0.6431974183583051,Three-step,0.5,0.4,3411,0.0,0.0,0.0
37,0.9181256715387078,0.7849049216441171,0.2506035051195016,Three-step,0.5,0.4,3411,0.0,0.0,0.0
38,-0.28017546114931413,-0.28472339087136656,0.17783337439707853,Three-step,0.5,0.4,3411,0.0,0.0,0.0
39,0.3613121508364121,0.7427629549409579,0.3494662674885438,Three-step,0.5,0.4,3411,0.0,0.0,0.0
40,2.0457567384448074,1.0176388565631096,-0.20814158253954929,Three-step,0.5,0.4,3411,0.0,0.0,0.0
41,1.1991244788405024,0.5134722125877051,-0.046167904926687584,Three-step,0.5,0.4,3411,0.0,0.0,0.0
42,-0.008391819366612981,-0.3631947091067105,-0.37835105645030764,Three-step,0.5,0.4,3411,0.0,0.0,0.0
43,0.4236545742449143,0.09110642448389292,0.07139510296545577,Three-step,0.5,0.4,3411,0.0,0.0,0.0
44,0.3659072045430667,-0.1706934966721477,-0.07902860069643548,Three-step,0.5,0.4,3411,0.0,0.0,0.0
45,-0.8242206827337463,-0.6329923238045831,-0.2003757758672294,Three-step,0.5,0.4,3411,0.0,0.0,0.0
46,-0.12360168052558457,-0.8082935009076695,-0.3001335617086939,Three-step,0.5,0.4,3411,0.0,0.0,0.0
47,0.3620059265360613,0.7593432786380916,0.5054644657225594,Three-step,0.5,0.4,3411,0.0,0.0,0.0
48,-1.2147999518066233,-0.37791168743592146,-0.5197556782553167,Three-step,0.5,0.4,3411,0.0,0.0,0.0
49,-0.8127522164676816,-0.3202006090013397,0.19920835635752945,Three-step,0.5,0.4,3411,0.0,0.0,0.0
50,-0.4104204406315732,0.08772252931197384,0.22793468321082885,Three-step,0.5,0.4,3411,0.0,0.0,0.0
51,-1.3190998907447522,-0.8528507694397445,-0.5843324651363281,Three-step,0.5,0.4,3411,0.0,0.0,0.0
52,-1.0637188489732177,0.0759293548909131,-0.019570841777829737,Three-step,0.5,0.4,3411,0.0,0.0,0.0
53,-0.34382202763485514,0.15804727932148763,-0.03527140045634624,Three-step,0.5,0.4,3411,0.0,0.0,0.0
54,-1.1039005595164713,-0.18595761618469261,-0.06324907670527416,Three-step,0.5,0.4,3411,0.0,0.0,0.0
55,-0.42718376494969934,-0.11534421718410717,-0.10998375324904834,Three-step,0.5,0.4,3411,0.0,0.0,0.0
56,-0.1738184686316147,-0.043550714463678634,-0.43237004426880293,Three-step,0.5,0.4,3411,0.0,0.0,0.0
57,0.541309751044181,-0.31703511572015525,0.309442787070191,Three-step,0.5,0.4,3411,0.0,0.0,0.0
58,-0.2913539180918845,-0.6906608188203222,-0.08397143726942473,Three-step,0.5,0.4,3411,0.0,0.0,0.0
59,0.0911369339314156,1.2714844920403814,0.034738294371967675,Three-step,0.5,0.4,3411,0.0,0.0,0.0
60,0.2238810018223891,-0.09436619495504302,-0.012694720981013388,Three-step,0.5,0.4,3411,0.0,0.0,0.0
61,0.28883390494226835,0.1575334903385493,-0.40791281258402,Three-step,0.5,0.4,3411,0.0,0.0,0.0
62,0.2504329608663459,-0.18572902726378995,-0.30888153172437655,Three-step,0.5,0.4,3411,0.0,0.0,0.0
63,1.0375360344985238,1.1600008017190306,-0.08876045878190357,Three-step,0.5,0.4,3411,0.0,0.0,0.0
64,0.09120674306096513,0.11913265580407821,-0.05002067314895113,Three-step,0.5,0.4,3411,0.0,0.0,0.0
65,-0.4542781399281895,-0.09667277570688851,0.04414891362990415,Three-step,0.5,0.4,3411,0.0,0.0,0.0
66,0.5727574257693951,-0.3472405606064973,-0.18507953825839984,Three-step,0.5,0.4,3411,0.0,0.0,0.0
67,-0.03509366376545736,0.5284776834974747,0.3448086222923795,Three-step,0.5,0.4,3411,0.0,0.0,0.0
68,-0.1681204846120834,-0.5588011780537451,0.42355439618035273,Three-step,0.5,0.4,3411,0.0,0.0,0.0
69,-0.23532440939159985,-0.08012709093888415,0.18915482667968753,Three-step,0.5,0.4,3411,0.0,0.0,0.0
70,-0.03208441772574899,-0.5490013123620435,-0.26312814121315337,Three-step,0.5,0.4,3411,0.0,0.0,0.0
71,-0.8071645535098135,-0.345177136198855,-0.14077762474442315,Three-step,0.5,0.4,3411,0.0,0.0,0.0
72,0.40404438938833265,-0.03494026332448005,0.2663534085176294,Three-step,0.5,0.4,3411,0.0,0.0,0.0
73,-0.5936014753575156,-0.4970906910974928,-0.14791825423485733,Three-step,0.5,0.4,3411,0.0,0.0,0.0
74,-0.004248247493445096,-0.14293219133802076,0.14507137861439914,Three-step,0.5,0.4,3411,0.0,0.0,0.0
75,0.10543978678173296,0.7570013549057715,0.34393341129942173,Three-step,0.5,0.4,3411,0.0,0.0,0.0
76,0.765323708564048,-0.54367254831496,0.20981553468552228,Three-step,0.5,0.4,3411,0.0,0.0,0.0
77,-0.46085150926775775,0.17786341623153812,-0.18620240673624508,Three-step,0.5,0.4,3411,0.0,0.0,0.0
78,-1.3303063959771408,-0.7334164113495936,-0.5439247417523708,Three-step,0.5,0.4,3411,0.0,0.0,0.0
79,1.6508317267035133,0.10702054147048706,-0.30078519785057967,Three-step,0.5,0.4,3411,0.0,0.0,0.0
80,0.5624948213830138,0.7487638533186154,0.17236297156443128,Three-step,0.5,0.4,3411,0.0,0.0,0.0
81,0.558052874388997,0.4987990199904062,0.06612780954251361,Three-step,0.5,0.4,3411,0.0,0.0,0.0
82,-0.40502377717608695,-0.43142152164855807,-0.05609132781975776,Three-step,0.5,0.4,3411,0.0,0.0,0.0
83,-0.047725344085196963,0.6321062949628099,0.026523556678683228,Three-step,0.5,0.4,3411,0.0,0.0,0.0
84,-0.08121413253811083,-0.19953958896402235,-0.1756946383827951,Three-step,0.5,0.4,3411,0.0,0.0,0.0
85,-0.7238004824229024,-0.6584103518105732,0.2767539022721689,Three-step,0.5,0.4,3411,0.0,0.0,0.0
86,1.2133654464744053,0.37413216274492234,-0.08377145516124962,Three-step,0.5,0.4,3411,0.0,0.0,0.0
87,-0.0802163917225098,-0.6044825493203443,-0.13244740270480354,Three-step,0.5,0.4,3411,0.0,0.0,0.0
88,-1.1078594956464063,0.07144636449856125,0.0697232072909191,Three-step,0.5,0.4,3411,0.0,0.0,0.0
89,-0.34263577366447795,-0.31522452172225496,-0.23251499289146824,Three-step,0.5,0.4,3411,0.0,0.0,0.0
90,-0.059766374415895704,-0.17643760409273215,0.4618602751811362,Three-step,0.5,0.4,3411,0.0,0.0,0.0
91,-0.08248305201540196,0.2835068747585136,0.43638958538276384,Three-step,0.5,0.4,3411,0.0,0.0,0.0
92,-0.1386878856829484,0.4632888444686386,0.023547189348115047,Three-step,0.5,0.4,3411,0.0,0.0,0.0
93,-0.4169086294646682,-0.3308286430606069,-0.7892953342131401,Three-step,0.5,0.4,3411,0.0,0.0,0.0
94,-0.26738543838217155,0.1943405300407156,-0.024811068678992822,Three-step,0.5,0.4,3411,0.0,0.0,0.0
95,1.229081428808949,0.4859903333257705,0.3548168800438298,Three-step,0.5,0.4,3411,0.0,0.0,0.0
96,0.1773357515438167,0.20000042572924248,0.4914564891552804,Three-step,0.5,0.4,3411,0.0,0.0,0.0
97,0.11265210743548856,-0.5284973159356073,0.17992653302683326,Three-step,0.5,0.4,3411,0.0,0.0,0.0
98,-0.3866430383131892,-0.01351639413649374,-0.5037182000885377,Three-step,0.5,0.4,3411,0.0,0.0,0.0
99,0.02781301760863641,0.730910409281974,-0.0015613411704430633,Three-step,0.5,0.4,3411,0.0,0.0,0.0
100,0.6274466250242355,0.057459383239152804,-0.06098611980109544,Three-step,0.5,0.4,3411,0.0,0.0,0.0
1,0.2509890478490261,-0.39299107095708297,0.5671951082302928,Robins' estimator,0.5,0.4,3411,0.0,0.0,0.0
2,-0.5398380442243189,0.22902895289490277,-0.08358132280549171,Robins' estimator,0.5,0.4,3411,0.0,0.0,0.0
3,-0.2110401815656564,0.15870698461845048,0.1678506821065816,Robins' estimator,0.5,0.4,3411,0.0,0.0,0.0
4,0.19544681054239194,-0.13188940717574874,-0.18213325530432836,Robins' estimator,0.5,0.4,3411,0.0,0.0,0.0
5,1.5325313966378233,0.4020915754915931,-0.14375682516169805,Robins' estimator,0.5,0.4,3411,0.0,0.0,0.0
6,0.4847505766856666,0.9698893791313532,0.15974542376025705,Robins' estimator,0.5,0.4,3411,0.0,0.0,0.0
7,0.34303978978426386,0.20861812878661573,0.02009376093103274,Robins' estimator,0.5,0.4,3411,0.0,0.0,0.0
8,-0.0731234665556192,-0.039926914638523145,0.3967679433659605,Robins' estimator,0.5,0.4,3411,0.0,0.0,0.0
9,-0.37356384643271956,-0.3486972565254377,-0.7961712450148148,Robins' estimator,0.5,0.4,3411,0.0,0.0,0.0
10,-0.8906788302876965,-0.8442047405791343,-0.14135826893283127,Robins' estimator,0.5,0.4,3411,0.0,0.0,0.0
11,-0.5685622428648732,-0.12382147432283816,-0.05510194598567806,Robins' estimator,0.5,0.4,3411,0.0,0.0,0.0
12,0.4032367401186592,0.11079887464585272,0.08994382296844629,Robins' estimator,0.5,0.4,3411,0.0,0.0,0.0
13,0.37929848954504536,-0.021045593071885308,0.09147309565647206,Robins' estimator,0.5,0.4,3411,0.0,0.0,0.0
14,0.5479395176252909,-0.05752567319975422,-0.16685270865856397,Robins' estimator,0.5,0.4,3411,0.0,0.0,0.0
15,1.466276558855355,0.8332692235178859,0.7553893092204828,Robins' estimator,0.5,0.4,3411,0.0,0.0,0.0
16,0.8634509222802628,0.5390682217893881,0.10164723042085062,Robins' estimator,0.5,0.4,3411,0.0,0.0,0.0
17,0.3965149872890458,-0.052518895042821936,0.12444441498594958,Robins' estimator,0.5,0.4,3411,0.0,0.0,0.0
18,0.5172290686472629,0.7419070382065921,0.450338510755568,Robins' estimator,0.5,0.4,3411,0.0,0.0,0.0
19,-0.6036391164437134,0.2169145971971023,0.13603553842261473,Robins' estimator,0.5,0.4,3411,0.0,0.0,0.0
20,0.515500375237584,0.28198852230222204,-0.33576826201204896,Robins' estimator,0.5,0.4,3411,0.0,0.0,0.0
21,0.7904208289149157,0.9396338624752251,0.5423966228317141,Robins' estimator,0.5,0.4,3411,0.0,0.0,0.0
22,-0.5862778513021583,-0.10924814789608124,-0.16017648643658003,Robins' estimator,0.5,0.4,3411,0.0,0.0,0.0
23,-0.5264678066923919,-0.18411902040819378,-0.4709068928460764,Robins' estimator,0.5,0.4,3411,0.0,0.0,0.0
24,-0.24475844155186152,0.4689699480826335,-0.17166493483048192,Robins' estimator,0.5,0.4,3411,0.0,0.0,0.0
25,0.6080999454580831,0.11117489988668781,-0.3035792749274301,Robins' estimator,0.5,0.4,3411,0.0,0.0,0.0
26,1.5733582582184622,0.4874180227838117,-0.08010888007445072,Robins' estimator,0.5,0.4,3411,0.0,0.0,0.0
27,0.17741284473474567,0.45973488454617484,0.02994080048889802,Robins' estimator,0.5,0.4,3411,0.0,0.0,0.0
28,1.9309157497776142,0.01713726415164547,-0.12135315694751414,Robins' estimator,0.5,0.4,3411,0.0,0.0,0.0
29,0.04384864221006758,0.25313605985971444,-0.004792611906357322,Robins' estimator,0.5,0.4,3411,0.0,0.0,0.0
30,0.49428268959853633,0.1649779333134384,0.7031291863841562,Robins' estimator,0.5,0.4,3411,0.0,0.0,0.0
31,0.038506356733262644,-0.14776327664677807,0.16784208206484003,Robins' estimator,0.5,0.4,3411,0.0,0.0,0.0
32,0.8447608734653803,0.8066917326051387,-0.04784825005278958,Robins' estimator,0.5,0.4,3411,0.0,0.0,0.0
33,-0.06602752242133669,0.15575501797882152,-0.5096568900964735,Robins' estimator,0.5,0.4,3411,0.0,0.0,0.0
34,-0.08638492381963982,0.16997685649164254,0.016644101545562617,Robins' estimator,0.5,0.4,3411,0.0,0.0,0.0
35,1.4099398633465703,-0.1489052198539952,0.22821741173733054,Robins' estimator,0.5,0.4,3411,0.0,0.0,0.0
36,-0.27220365671357727,-0.18936987999171154,-0.6431974183580641,Robins' estimator,0.5,0.4,3411,0.0,0.0,0.0
37,0.948442068120744,0.5973705052192799,0.2506035051188204,Robins' estimator,0.5,0.4,3411,0.0,0.0,0.0
38,-0.2004327249101215,-0.3283296891374374,0.17783337439718544,Robins' estimator,0.5,0.4,3411,0.0,0.0,0.0
39,-0.19257753164247135,0.3293610838246684,0.34946626749023835,Robins' estimator,0.5,0.4,3411,0.0,0.0,0.0
40,1.2402658967071514,0.9309894759891139,-0.20814158253954942,Robins' estimator,0.5,0.4,3411,0.0,0.0,0.0
41,1.2492124145390584,0.37750652111662064,-0.04616790492668748,Robins' estimator,0.5,0.4,3411,0.0,0.0,0.0
42,0.1932699715319883,-0.2918864123244948,-0.37835105645019274,Robins' estimator,0.5,0.4,3411,0.0,0.0,0.0
43,0.6014617642662824,0.18997762997523931,0.07139510296545581,Robins' estimator,0.5,0.4,3411,0.0,0.0,0.0
44,0.03974490465345476,-0.09885397350600385,-0.07902860069653854,Robins' estimator,0.5,0.4,3411,0.0,0.0,0.0
45,-0.7031071831247069,-0.5830852501930184,-0.2003757758672245,Robins' estimator,0.5,0.4,3411,0.0,0.0,0.0
46,0.5205068578045242,-0.5019365492572176,-0.3001335617087393,Robins' estimator,0.5,0.4,3411,0.0,0.0,0.0
47,1.361474814114508,0.5345644870294051,0.5054644656167451,Robins' estimator,0.5,0.4,3411,0.0,0.0,0.0
48,-0.8309209737455244,-0.3481209578913682,-0.519755678246706,Robins' estimator,0.5,0.4,3411,0.0,0.0,0.0
49,-0.7863022965542638,-0.2858408544664988,0.19920835635750234,Robins' estimator,0.5,0.4,3411,0.0,0.0,0.0
50,0.10759245646828439,0.2893473243059533,0.2279346832108281,Robins' estimator,0.5,0.4,3411,0.0,0.0,0.0
51,-0.4374370213306623,-0.6007495898424475,-0.5843324651363331,Robins' estimator,0.5,0.4,3411,0.0,0.0,0.0
52,-0.8470647468760061,0.0224803043395553,-0.01957084177782958,Robins' estimator,0.5,0.4,3411,0.0,0.0,0.0
53,0.08617431089853775,0.24283195348665665,-0.03527140045634596,Robins' estimator,0.5,0.4,3411,0.0,0.0,0.0
54,-0.9358536929148051,-0.291400134310352,-0.06324907670527415,Robins' estimator,0.5,0.4,3411,0.0,0.0,0.0
55,-0.2755278000537319,-0.42804451230330054,-0.10998375324904824,Robins' estimator,0.5,0.4,3411,0.0,0.0,0.0
56,-0.19584657457413665,-0.11202710216964988,-0.4323700442691682,Robins' estimator,0.5,0.4,3411,0.0,0.0,0.0
57,-0.055032975946069124,-0.33161276091601466,0.30944278707017264,Robins' estimator,0.5,0.4,3411,0.0,0.0,0.0
58,-0.31559487914124323,-0.4853108476139597,-0.08397143726942469,Robins' estimator,0.5,0.4,3411,0.0,0.0,0.0
59,0.0994430680560868,0.9653611699810177,0.034738294371967696,Robins' estimator,0.5,0.4,3411,0.0,0.0,0.0
60,0.04708226984009075,0.08188672448772005,-0.01269472098101337,Robins' estimator,0.5,0.4,3411,0.0,0.0,0.0
61,0.31248980017388583,0.0909300182050385,-0.4079128125851839,Robins' estimator,0.5,0.4,3411,0.0,0.0,0.0
62,-0.09666936142223131,-0.4030969931571093,-0.3088815317090073,Robins' estimator,0.5,0.4,3411,0.0,0.0,0.0
63,0.2849396777836381,0.9434182687617728,-0.08876045878190733,Robins' estimator,0.5,0.4,3411,0.0,0.0,0.0
64,-0.08979920520428722,0.3872618315728206,-0.050020673148982266,Robins' estimator,0.5,0.4,3411,0.0,0.0,0.0
65,-0.22625329200130978,0.0016700268193834535,0.044148913629902364,Robins' estimator,0.5,0.4,3411,0.0,0.0,0.0
66,-0.08894203072987426,-0.2508353185218799,-0.18507953825835896,Robins' estimator,0.5,0.4,3411,0.0,0.0,0.0
67,0.11873069034987979,0.5874699272284301,0.344808622292396,Robins' estimator,0.5,0.4,3411,0.0,0.0,0.0
68,0.2692670504748123,-0.3909021588577773,0.4235543961812635,Robins' estimator,0.5,0.4,3411,0.0,0.0,0.0
69,-0.26033675727139666,-0.10943514440189393,0.18915482667956585,Robins' estimator,0.5,0.4,3411,0.0,0.0,0.0
70,0.3680876095062794,-0.6688173177684349,-0.2631281412133514,Robins' estimator,0.5,0.4,3411,0.0,0.0,0.0
71,-0.29551514495777614,0.1093289592406484,-0.14077762474444447,Robins' estimator,0.5,0.4,3411,0.0,0.0,0.0
72,-0.01374804272171882,-0.18831578540729849,0.2663534085178532,Robins' estimator,0.5,0.4,3411,0.0,0.0,0.0
73,-0.6477600428397167,-0.6467176744734044,-0.147918254234857,Robins' estimator,0.5,0.4,3411,0.0,0.0,0.0
74,0.21935435110849302,0.02149664441756559,0.14507137861439334,Robins' estimator,0.5,0.4,3411,0.0,0.0,0.0
75,0.3424847465024276,0.8214992441932146,0.34393341131300215,Robins' estimator,0.5,0.4,3411,0.0,0.0,0.0
76,0.6109851242870332,-0.7133221082507095,0.2098155346860372,Robins' estimator,0.5,0.4,3411,0.0,0.0,0.0
77,0.1505153477863008,0.662554935653427,-0.18620240673624533,Robins' estimator,0.5,0.4,3411,0.0,0.0,0.0
78,-0.9645876044069466,-0.8891379652217531,-0.5439247417545574,Robins' estimator,0.5,0.4,3411,0.0,0.0,0.0
79,0.7146833750975573,0.3269468196386535,-0.30078519763812994,Robins' estimator,0.5,0.4,3411,0.0,0.0,0.0
80,0.7876779573380835,0.5806487982089815,0.17236297156443134,Robins' estimator,0.5,0.4,3411,0.0,0.0,0.0
81,0.5762830305712878,0.38899301028522365,0.06612780954251352,Robins' estimator,0.5,0.4,3411,0.0,0.0,0.0
82,-0.5636433077651486,-0.3577188802347282,-0.056091327819757855,Robins' estimator,0.5,0.4,3411,0.0,0.0,0.0
83,0.7393735625115041,0.3296285045135324,0.026523556678683363,Robins' estimator,0.5,0.4,3411,0.0,0.0,0.0
84,-0.16117039921509813,-0.0483482081256635,-0.17569463838392144,Robins' estimator,0.5,0.4,3411,0.0,0.0,0.0
85,-0.6471997578608977,-0.34205574419418994,0.276753902272169,Robins' estimator,0.5,0.4,3411,0.0,0.0,0.0
86,0.7643773783791297,0.3990872552483178,-0.08377145516125238,Robins' estimator,0.5,0.4,3411,0.0,0.0,0.0
87,-0.2596001277606519,-0.564576040018131,-0.13244740270480473,Robins' estimator,0.5,0.4,3411,0.0,0.0,0.0
88,-0.7434966542385353,0.19412140089250005,0.06972320729067946,Robins' estimator,0.5,0.4,3411,0.0,0.0,0.0
89,-0.17471993384861412,-0.18180293874147024,-0.23251499289242877,Robins' estimator,0.5,0.4,3411,0.0,0.0,0.0
90,-0.11111618661200087,-0.23008859476114887,0.4618602751812138,Robins' estimator,0.5,0.4,3411,0.0,0.0,0.0
91,0.2969288602239076,0.07096243973915058,0.43638958537534667,Robins' estimator,0.5,0.4,3411,0.0,0.0,0.0
92,-0.18192526482445273,0.5458351457027802,0.023547189348116015,Robins' estimator,0.5,0.4,3411,0.0,0.0,0.0
93,-0.5718681242481977,-0.45947634973673046,-0.789295334213187,Robins' estimator,0.5,0.4,3411,0.0,0.0,0.0
94,-0.4722667891785468,-0.13881662743575374,-0.02481106867899304,Robins' estimator,0.5,0.4,3411,0.0,0.0,0.0
95,0.5704447665060884,0.22344986451253374,0.35481688004463924,Robins' estimator,0.5,0.4,3411,0.0,0.0,0.0
96,0.06623805767309568,0.2091402247918976,0.4914564891580134,Robins' estimator,0.5,0.4,3411,0.0,0.0,0.0
97,0.05782090081718484,-0.267723463556807,0.1799265330270506,Robins' estimator,0.5,0.4,3411,0.0,0.0,0.0
98,-0.10430302937455542,0.08854603757661156,-0.5037182000895768,Robins' estimator,0.5,0.4,3411,0.0,0.0,0.0
99,0.12278706724733132,0.7301033060123301,-0.0015613411704428516,Robins' estimator,0.5,0.4,3411,0.0,0.0,0.0
100,0.20150037930838927,0.17000096497694697,-0.0609861198010922,Robins' estimator,0.5,0.4,3411,0.0,0.0,0.0
1,-0.039394636838319785,-0.4189415225483757,0.4347512837720817,GMM estimator,0.5,0.4,3411,0.0,0.0,0.0
2,-0.5462790396148905,0.229610224554121,-0.08359093651886988,GMM estimator,0.5,0.4,3411,0.0,0.0,0.0
3,-0.2384053611645408,0.12677548684008413,0.18518145101945582,GMM estimator,0.5,0.4,3411,0.0,0.0,0.0
4,-0.042098362252981913,-0.16585903997801674,-0.19260905118309768,GMM estimator,0.5,0.4,3411,0.0,0.0,0.0
5,1.3843992886711456,0.3950911253614208,-0.1802128911822114,GMM estimator,0.5,0.4,3411,0.0,0.0,0.0
6,0.46681293641419763,0.9635516837277245,0.15482409076503434,GMM estimator,0.5,0.4,3411,0.0,0.0,0.0
7,0.22509630876548747,0.14949298591190363,-0.009516920509719862,GMM estimator,0.5,0.4,3411,0.0,0.0,0.0
8,-0.07433367764381807,-0.05295375344908068,0.3957010274367038,GMM estimator,0.5,0.4,3411,0.0,0.0,0.0
9,-0.4718663407510196,-0.3476575216423026,-0.7914661766456657,GMM estimator,0.5,0.4,3411,0.0,0.0,0.0
10,-1.2192136325490368,-0.8476233640260891,-0.1257420244224533,GMM estimator,0.5,0.4,3411,0.0,0.0,0.0
11,-0.5742877148172197,-0.16400236319651715,-0.075812435295596,GMM estimator,0.5,0.4,3411,0.0,0.0,0.0
12,0.11469073361561832,0.0352307710998092,0.05914828788641964,GMM estimator,0.5,0.4,3411,0.0,0.0,0.0
13,-0.2395067672212117,-0.202479706163768,0.04751206795841407,GMM estimator,0.5,0.4,3411,0.0,0.0,0.0
14,-0.15841717132438599,-0.4390301485011202,-0.3235357905081209,GMM estimator,0.5,0.4,3411,0.0,0.0,0.0
15,1.602056239569699,0.8814690643467196,0.7823247695349078,GMM estimator,0.5,0.4,3411,0.0,0.0,0.0
16,0.9011989876749036,0.5156049550200512,0.17009306418177245,GMM estimator,0.5,0.4,3411,0.0,0.0,0.0
17,0.3005593266428421,-0.16337157338209868,0.14155548260079232,GMM estimator,0.5,0.4,3411,0.0,0.0,0.0
18,0.5676635006384487,0.7706897082602104,0.47970631355720283,GMM estimator,0.5,0.4,3411,0.0,0.0,0.0
19,-0.6035136092631521,0.2086985180166435,0.14085532012027688,GMM estimator,0.5,0.4,3411,0.0,0.0,0.0
20,0.48756874128296573,0.2705746529817323,-0.34895735821022983,GMM estimator,0.5,0.4,3411,0.0,0.0,0.0
21,0.5705156556415548,0.7734820163235367,0.5147715112271605,GMM estimator,0.5,0.4,3411,0.0,0.0,0.0
22,-0.733382229146889,-0.1690960145948684,-0.15269763409368342,GMM estimator,0.5,0.4,3411,0.0,0.0,0.0
23,-0.552114557226786,-0.22002614626807565,-0.4971769221379915,GMM estimator,0.5,0.4,3411,0.0,0.0,0.0
24,-0.307768056885726,0.42608418205899834,-0.15359519161641355,GMM estimator,0.5,0.4,3411,0.0,0.0,0.0
25,0.4091684652394675,-0.056716380635969094,-0.42892935411131305,GMM estimator,0.5,0.4,3411,0.0,0.0,0.0
26,1.2283122096653647,0.4365707897826582,-0.13494118310246045,GMM estimator,0.5,0.4,3411,0.0,0.0,0.0
27,-0.06163403036688486,0.4578983498555074,0.043861729424397214,GMM estimator,0.5,0.4,3411,0.0,0.0,0.0
28,1.5109126744445245,-0.10017979268349608,-0.14590123508520297,GMM estimator,0.5,0.4,3411,0.0,0.0,0.0
29,-0.08520342094907532,0.20472224984598095,-0.012832736495436911,GMM estimator,0.5,0.4,3411,0.0,0.0,0.0
30,0.4681723715574966,0.12690037334121568,0.6812266714062982,GMM estimator,0.5,0.4,3411,0.0,0.0,0.0
31,0.0057826060588532895,-0.26724291809242245,0.10513524128945262,GMM estimator,0.5,0.4,3411,0.0,0.0,0.0
32,0.76768407623576,0.7663767743250296,-0.10262162776125205,GMM estimator,0.5,0.4,3411,0.0,0.0,0.0
33,-0.05717535630209768,0.16298589856672283,-0.4964955752703567,GMM estimator,0.5,0.4,3411,0.0,0.0,0.0
34,-0.1981395856074231,0.14147845255913624,0.0008427377418680493,GMM estimator,0.5,0.4,3411,0.0,0.0,0.0
35,1.1439480151251664,-0.22627539555695603,0.191777914979773,GMM estimator,0.5,0.4,3411,0.0,0.0,0.0
36,-0.27677201356350634,-0.22105684770432005,-0.6483610933557914,GMM estimator,0.5,0.4,3411,0.0,0.0,0.0
37,0.8711204986880816,0.4866903449630897,0.20795630836850956,GMM estimator,0.5,0.4,3411,0.0,0.0,0.0
38,-0.23903900031100112,-0.3405829195923886,0.16350154201841155,GMM estimator,0.5,0.4,3411,0.0,0.0,0.0
39,-0.43539010601890593,0.12210695370761948,0.24764987285164092,GMM estimator,0.5,0.4,3411,0.0,0.0,0.0
40,0.8978490478025332,0.8770619297275245,-0.24081184617368412,GMM estimator,0.5,0.4,3411,0.0,0.0,0.0
41,1.2463902998249121,0.3832613638580743,-0.04168353267227469,GMM estimator,0.5,0.4,3411,0.0,0.0,0.0
42,0.21626738544411936,-0.2747656522137213,-0.37711692520658047,GMM estimator,0.5,0.4,3411,0.0,0.0,0.0
43,0.5671149446649679,0.18691689275460435,0.08708646857597803,GMM estimator,0.5,0.4,3411,0.0,0.0,0.0
44,-0.1538158952787778,-0.18444085293580834,-0.08066383089528245,GMM estimator,0.5,0.4,3411,0.0,0.0,0.0
45,-0.7000097547864552,-0.5815087603893352,-0.1874898512918432,GMM estimator,0.5,0.4,3411,0.0,0.0,0.0
46,0.08432032808466589,-0.7095070548356603,-0.41627109828652165,GMM estimator,0.5,0.4,3411,0.0,0.0,0.0
47,0.23530517598507178,0.21930294858569188,0.4047697650069619,GMM estimator,0.5,0.4,3411,0.0,0.0,0.0
48,-0.8484007763362662,-0.2991217339226239,-0.5089069646345035,GMM estimator,0.5,0.4,3411,0.0,0.0,0.0
49,-0.779730595562709,-0.2774954367173236,0.20909704446611668,GMM estimator,0.5,0.4,3411,0.0,0.0,0.0
50,-0.2704454378928308,0.09747669271824355,0.16930417283744806,GMM estimator,0.5,0.4,3411,0.0,0.0,0.0
51,-1.1599842633800836,-0.603077375654233,-0.6027170638614385,GMM estimator,0.5,0.4,3411,0.0,0.0,0.0
52,-0.8511258500958264,0.014574744754934775,-0.0108873356677653,GMM estimator,0.5,0.4,3411,0.0,0.0,0.0
53,-0.07244832668576916,0.21724014973794464,-0.01573239019443216,GMM estimator,0.5,0.4,3411,0.0,0.0,0.0
54,-0.9694327848582656,-0.3143999400411462,-0.09943613381236771,GMM estimator,0.5,0.4,3411,0.0,0.0,0.0
55,-0.4829463828035377,-0.5355732774889799,-0.13681203807346384,GMM estimator,0.5,0.4,3411,0.0,0.0,0.0
56,-0.21246584600949145,-0.12460644012580778,-0.4558856284593671,GMM estimator,0.5,0.4,3411,0.0,0.0,0.0
57,-0.32709045034302076,-0.4561416255019189,0.2674721248343956,GMM estimator,0.5,0.4,3411,0.0,0.0,0.0
58,-0.3958990661855676,-0.5683182479667062,-0.09850577827124067,GMM estimator,0.5,0.4,3411,0.0,0.0,0.0
59,0.0867923960305004,1.0125495455460247,0.03956686694887799,GMM estimator,0.5,0.4,3411,0.0,0.0,0.0
60,0.0032098471357065797,0.039226944045061066,0.011328615928301214,GMM estimator,0.5,0.4,3411,0.0,0.0,0.0
61,0.2890897382404307,0.08227920221161646,-0.4158460785275557,GMM estimator,0.5,0.4,3411,0.0,0.0,0.0
62,-0.1887688595042224,-0.47451736298175995,-0.36556259369496,GMM estimator,0.5,0.4,3411,0.0,0.0,0.0
63,0.045376146830597215,0.8020447851074162,-0.11944717823381118,GMM estimator,0.5,0.4,3411,0.0,0.0,0.0
64,-0.14016332899508174,0.3116265755748424,-0.054393557522621865,GMM estimator,0.5,0.4,3411,0.0,0.0,0.0
65,-0.35026703004992843,0.02158075424084141,0.038734376498136575,GMM estimator,0.5,0.4,3411,0.0,0.0,0.0
66,-0.32585712616750395,-0.34936611792328837,-0.20354194345317367,GMM estimator,0.5,0.4,3411,0.0,0.0,0.0
67,0.12364067444536937,0.5691397754436598,0.3347335122733517,GMM estimator,0.5,0.4,3411,0.0,0.0,0.0
68,0.41233557987200986,-0.36524073726671924,0.4417076382893944,GMM estimator,0.5,0.4,3411,0.0,0.0,0.0
69,-0.2649671221254679,-0.11441114919133832,0.19008631044931995,GMM estimator,0.5,0.4,3411,0.0,0.0,0.0
70,0.3049856093164511,-0.6094129019129233,-0.24475070321529074,GMM estimator,0.5,0.4,3411,0.0,0.0,0.0
71,-0.6180645304201122,-0.2374364587088313,-0.1551802752182749,GMM estimator,0.5,0.4,3411,0.0,0.0,0.0
72,-0.1504265361834026,-0.2927659076119538,0.23980156614130277,GMM estimator,0.5,0.4,3411,0.0,0.0,0.0
73,-0.6737913977366794,-0.6670944180402125,-0.16029851449054852,GMM estimator,0.5,0.4,3411,0.0,0.0,0.0
74,0.14944594216922844,0.009525478865362933,0.14740025168560966,GMM estimator,0.5,0.4,3411,0.0,0.0,0.0
75,0.26288658368207274,0.7865989163559517,0.3341533311339031,GMM estimator,0.5,0.4,3411,0.0,0.0,0.0
76,0.5358645968611198,-0.8160321722513235,0.12759366266266675,GMM estimator,0.5,0.4,3411,0.0,0.0,0.0
77,-0.2669896852751725,0.35536761363875263,-0.22940118766256917,GMM estimator,0.5,0.4,3411,0.0,0.0,0.0
78,-1.0447504468473903,-0.798899560925785,-0.5415711538760846,GMM estimator,0.5,0.4,3411,0.0,0.0,0.0
79,0.24577678253979296,0.1912587564669621,-0.3444024786489568,GMM estimator,0.5,0.4,3411,0.0,0.0,0.0
80,0.690839224414457,0.5275688558231166,0.1366267428934109,GMM estimator,0.5,0.4,3411,0.0,0.0,0.0
81,0.5427590279111705,0.3451442827041923,0.04146146983164306,GMM estimator,0.5,0.4,3411,0.0,0.0,0.0
82,-0.6258909317148992,-0.356524107322713,-0.05707556129478533,GMM estimator,0.5,0.4,3411,0.0,0.0,0.0
83,0.20721593550532097,0.09676416491003209,-0.005902435299856262,GMM estimator,0.5,0.4,3411,0.0,0.0,0.0
84,-0.24528771376610875,-0.08822537499350552,-0.170111750100143,GMM estimator,0.5,0.4,3411,0.0,0.0,0.0
85,-0.6522259207598902,-0.4227036114263459,0.22679246005626066,GMM estimator,0.5,0.4,3411,0.0,0.0,0.0
86,0.6430990530154861,0.31647539247214834,-0.10376344030983752,GMM estimator,0.5,0.4,3411,0.0,0.0,0.0
87,-0.3117785990425116,-0.6145882176059244,-0.1531151911962768,GMM estimator,0.5,0.4,3411,0.0,0.0,0.0
88,-0.8763562182467624,0.1494630852494573,0.07802147459027321,GMM estimator,0.5,0.4,3411,0.0,0.0,0.0
89,-0.1321459720422369,-0.19722982633103525,-0.2183732819862928,GMM estimator,0.5,0.4,3411,0.0,0.0,0.0
90,-0.10765180666977532,-0.22710120152822322,0.45939199225241967,GMM estimator,0.5,0.4,3411,0.0,0.0,0.0
91,0.23650904439119652,0.02314812111057648,0.3619264630438617,GMM estimator,0.5,0.4,3411,0.0,0.0,0.0
92,-0.1813329062162491,0.5628513394012813,0.019037542394684893,GMM estimator,0.5,0.4,3411,0.0,0.0,0.0
93,-0.6011145543068679,-0.5196555332595605,-0.8151603066981992,GMM estimator,0.5,0.4,3411,0.0,0.0,0.0
94,-0.5442301288982728,-0.24020321383791707,-0.010302586938249076,GMM estimator,0.5,0.4,3411,0.0,0.0,0.0
95,0.31362221549628366,0.058223636841360706,0.3181652480763817,GMM estimator,0.5,0.4,3411,0.0,0.0,0.0
96,0.02947282885197605,0.19267345523610063,0.48587378521851887,GMM estimator,0.5,0.4,3411,0.0,0.0,0.0
97,0.001997356415584897,-0.4225006649878446,0.10675704394663267,GMM estimator,0.5,0.4,3411,0.0,0.0,0.0
98,-0.1529760495522168,0.06546432889288695,-0.5927097643320284,GMM estimator,0.5,0.4,3411,0.0,0.0,0.0
99,0.10748989231467841,0.7294894405209279,-0.00034354434659649227,GMM estimator,0.5,0.4,3411,0.0,0.0,0.0
100,-0.029633253652350755,0.1007858830672369,-0.05396989695211785,GMM estimator,0.5,0.4,3411,0.0,0.0,0.0
1,-0.27357247474859797,0.2715149242678216,0.08978366713456776,Three-step,0.75,0.4,3411,0.0,0.0,0.0
2,-0.5557021931086008,-0.3807924486074812,-0.27811526315967405,Three-step,0.75,0.4,3411,0.0,0.0,0.0
3,-0.20825811753898252,-0.3658955892279368,-0.30361956049558564,Three-step,0.75,0.4,3411,0.0,0.0,0.0
4,1.0712120915018348,0.5476067232248679,0.16971295354033433,Three-step,0.75,0.4,3411,0.0,0.0,0.0
5,1.356628110523288,0.023992757136649993,-0.018015354780256156,Three-step,0.75,0.4,3411,0.0,0.0,0.0
6,0.9564356278369267,-0.015861281219619116,0.1344056547723849,Three-step,0.75,0.4,3411,0.0,0.0,0.0
7,0.6212917903544042,-0.0027729349727417005,-0.021597306193365962,Three-step,0.75,0.4,3411,0.0,0.0,0.0
8,-0.13401445820168362,0.37368011333579004,0.531938905082464,Three-step,0.75,0.4,3411,0.0,0.0,0.0
9,-0.6763552998922374,-0.3046803843522415,-0.3965965710168787,Three-step,0.75,0.4,3411,0.0,0.0,0.0
10,-1.5305898473703672,-0.5470244974023943,-0.2894552398077515,Three-step,0.75,0.4,3411,0.0,0.0,0.0
11,-0.4857225404549329,-0.207422646477021,-0.03623294588403223,Three-step,0.75,0.4,3411,0.0,0.0,0.0
12,1.175362763647153,0.1928624549121162,-0.22193593884191767,Three-step,0.75,0.4,3411,0.0,0.0,0.0
13,-0.08382394850305731,0.039625464014862326,-0.02854516148033325,Three-step,0.75,0.4,3411,0.0,0.0,0.0
14,-0.4427373745775093,0.035649534119018944,0.0957647666171859,Three-step,0.75,0.4,3411,0.0,0.0,0.0
15,1.6119596922292998,0.2651190686369067,0.6052446727640758,Three-step,0.75,0.4,3411,0.0,0.0,0.0
16,1.0626996060093319,0.018206521392806336,0.5491242334481332,Three-step,0.75,0.4,3411,0.0,0.0,0.0
17,2.5004561464731996,0.47860108389396233,0.2595808598939597,Three-step,0.75,0.4,3411,0.0,0.0,0.0
18,0.4221270427687974,0.47124269287380405,0.1517159964094014,Three-step,0.75,0.4,3411,0.0,0.0,0.0
19,-0.5902254029199238,0.050880473305041606,-0.15946067612079143,Three-step,0.75,0.4,3411,0.0,0.0,0.0
20,0.5094470817468781,0.1730088467252173,0.13472838872093257,Three-step,0.75,0.4,3411,0.0,0.0,0.0
21,1.3625017501283558,0.44736320198545765,0.36733362934666774,Three-step,0.75,0.4,3411,0.0,0.0,0.0
22,-0.34835063185311094,-0.27889334202878174,-0.39565371920783043,Three-step,0.75,0.4,3411,0.0,0.0,0.0
23,-0.5202476030453956,-0.6007828631409345,0.08033420327487044,Three-step,0.75,0.4,3411,0.0,0.0,0.0
24,-0.6515800993309305,-0.0057486561765637545,-0.14651275402044653,Three-step,0.75,0.4,3411,0.0,0.0,0.0
25,0.23376766088818413,0.1325087696376318,0.31714748323036307,Three-step,0.75,0.4,3411,0.0,0.0,0.0
26,1.9214375237982853,0.8174427134644138,0.024410279100630764,Three-step,0.75,0.4,3411,0.0,0.0,0.0
27,-0.16297179586928537,-0.004388262205236695,0.03556925725393827,Three-step,0.75,0.4,3411,0.0,0.0,0.0
28,1.4898682450154899,0.4937363583178619,0.2010235339667692,Three-step,0.75,0.4,3411,0.0,0.0,0.0
29,0.45359624496950535,0.38225576665725725,0.18590159158714234,Three-step,0.75,0.4,3411,0.0,0.0,0.0
30,0.3362589900091688,0.41519530389677545,0.6581933484787954,Three-step,0.75,0.4,3411,0.0,0.0,0.0
31,0.09277229757510128,-0.1146401516460601,0.015317511093095414,Three-step,0.75,0.4,3411,0.0,0.0,0.0
32,1.0247514748994861,-0.009286700566389722,0.02987172504762581,Three-step,0.75,0.4,3411,0.0,0.0,0.0
33,-0.06924463041090251,0.06310744139530143,0.1454068018569903,Three-step,0.75,0.4,3411,0.0,0.0,0.0
34,0.13462225826087248,0.7081318497718199,-0.1911738375195019,Three-step,0.75,0.4,3411,0.0,0.0,0.0
35,2.1559387275931448,0.6768524875478525,0.3462218091956361,Three-step,0.75,0.4,3411,0.0,0.0,0.0
36,-0.25100371245896935,0.15634137130617765,0.2302434981246721,Three-step,0.75,0.4,3411,0.0,0.0,0.0
37,0.9181256715416712,0.4933891792832479,0.31797501197986294,Three-step,0.75,0.4,3411,0.0,0.0,0.0
38,-0.2964344786560292,0.23054738364148836,0.14962519270059055,Three-step,0.75,0.4,3411,0.0,0.0,0.0
39,0.3664083847993854,0.010260454654068708,0.10783461258958683,Three-step,0.75,0.4,3411,0.0,0.0,0.0
40,2.0494551183517418,-0.04839872684473721,-0.11799936703645814,Three-step,0.75,0.4,3411,0.0,0.0,0.0
41,1.2212731887082104,0.25644675551289003,-0.23384598748165802,Three-step,0.75,0.4,3411,0.0,0.0,0.0
42,-0.008391819365651611,0.008989145098221588,-0.43973692858463104,Three-step,0.75,0.4,3411,0.0,0.0,0.0
43,0.4185422855683367,0.11664189816374024,-0.11119463592620439,Three-step,0.75,0.4,3411,0.0,0.0,0.0
44,0.3546795200736017,0.025839137833920955,0.049373171031418375,Three-step,0.75,0.4,3411,0.0,0.0,0.0
45,-0.8253205610580727,-0.07489406841640016,-0.10517464804470296,Three-step,0.75,0.4,3411,0.0,0.0,0.0
46,-0.11442528719177801,0.24614555632006083,-0.022820481295411796,Three-step,0.75,0.4,3411,0.0,0.0,0.0
47,0.3545740064123913,0.3067397432378142,0.17115472458580977,Three-step,0.75,0.4,3411,0.0,0.0,0.0
48,-1.2169036609388086,-1.0973790649034039,-0.416924472079113,Three-step,0.75,0.4,3411,0.0,0.0,0.0
49,-0.8081740293015479,-0.12648072753474882,-0.4490167463433809,Three-step,0.75,0.4,3411,0.0,0.0,0.0
50,-0.41741330529823345,0.13374411615079224,0.23768751115278217,Three-step,0.75,0.4,3411,0.0,0.0,0.0
51,-1.3190998907443916,-0.03399683070552844,0.1275645087035516,Three-step,0.75,0.4,3411,0.0,0.0,0.0
52,-1.0637188489749863,-0.10161606020649615,-0.15277513925590605,Three-step,0.75,0.4,3411,0.0,0.0,0.0
53,-0.33439075217095254,-0.3100564782464507,-0.19003520343330227,Three-step,0.75,0.4,3411,0.0,0.0,0.0
54,-1.1040571528178798,-0.7658241017383022,-0.1335892285550345,Three-step,0.75,0.4,3411,0.0,0.0,0.0
55,-0.4361583759286399,-0.29554158980125034,-0.4215833775971853,Three-step,0.75,0.4,3411,0.0,0.0,0.0
56,-0.16631471179528365,-0.6603805123808328,-0.2509142576458291,Three-step,0.75,0.4,3411,0.0,0.0,0.0
57,0.548815767724438,-0.284786401743685,-0.2056633808119814,Three-step,0.75,0.4,3411,0.0,0.0,0.0
58,-0.291353918092374,0.18497551046453686,-0.10949033128057296,Three-step,0.75,0.4,3411,0.0,0.0,0.0
59,0.09630223172666959,0.006743482991967484,0.1554824533435451,Three-step,0.75,0.4,3411,0.0,0.0,0.0
60,0.21602803766314652,0.371984361075441,0.21386214707144313,Three-step,0.75,0.4,3411,0.0,0.0,0.0
61,0.30359725610939625,0.02894787087637939,-0.020224075680510642,Three-step,0.75,0.4,3411,0.0,0.0,0.0
62,0.23758399322051976,-0.08232454076596839,-0.16199157657329727,Three-step,0.75,0.4,3411,0.0,0.0,0.0
63,1.0290581561887755,0.007459079637217941,-0.10498991997780344,Three-step,0.75,0.4,3411,0.0,0.0,0.0
64,0.092461908744004,-0.04115981637709092,0.4207127199775564,Three-step,0.75,0.4,3411,0.0,0.0,0.0
65,-0.4549243348539271,0.09308679777592273,0.1585100835366396,Three-step,0.75,0.4,3411,0.0,0.0,0.0
66,0.5780401786821014,-0.12558849915609327,-0.15451835458932886,Three-step,0.75,0.4,3411,0.0,0.0,0.0
67,-0.030401160874231795,0.6023706141629501,0.35783073610295774,Three-step,0.75,0.4,3411,0.0,0.0,0.0
68,-0.20823037013460985,-0.18656287831784465,0.12026891962189386,Three-step,0.75,0.4,3411,0.0,0.0,0.0
69,-0.2397964337348924,0.33081364270759006,0.06586610694087522,Three-step,0.75,0.4,3411,0.0,0.0,0.0
70,-0.03208441772569852,-0.42421121570795717,-0.2838318255541908,Three-step,0.75,0.4,3411,0.0,0.0,0.0
71,-0.7947268312786466,-0.2798006651293463,-0.0860171998205633,Three-step,0.75,0.4,3411,0.0,0.0,0.0
72,0.40404438938820336,0.32871862232304727,-0.007859248704688349,Three-step,0.75,0.4,3411,0.0,0.0,0.0
73,-0.5854829981072499,-0.5488168482131803,-0.19807310379967993,Three-step,0.75,0.4,3411,0.0,0.0,0.0
74,-0.009299384930220315,-0.1670062002402165,-0.43726846416358384,Three-step,0.75,0.4,3411,0.0,0.0,0.0
75,0.1401201725113516,0.3592182180741624,0.04997093406374704,Three-step,0.75,0.4,3411,0.0,0.0,0.0
76,0.786406886300404,-0.0394245720097004,0.10196510825051222,Three-step,0.75,0.4,3411,0.0,0.0,0.0
77,-0.4678611184165699,-0.03164938664968886,0.1539158746469075,Three-step,0.75,0.4,3411,0.0,0.0,0.0
78,-1.3446599417886018,-0.7128767878414329,-0.3347286545002333,Three-step,0.75,0.4,3411,0.0,0.0,0.0
79,1.6563718648186831,0.04716748014090386,-0.18712046518563138,Three-step,0.75,0.4,3411,0.0,0.0,0.0
80,0.5512003662574022,-0.05381127325556369,0.11725309676603812,Three-step,0.75,0.4,3411,0.0,0.0,0.0
81,0.5130522967119836,0.003666573995155658,0.15963086699071938,Three-step,0.75,0.4,3411,0.0,0.0,0.0
82,-0.40502717295199747,0.02462879160389805,-0.3631716893001368,Three-step,0.75,0.4,3411,0.0,0.0,0.0
83,-0.06456799886006072,0.03782050298878986,-0.2912003802316203,Three-step,0.75,0.4,3411,0.0,0.0,0.0
84,-0.03204970085290685,0.2391417074650697,-0.1223201430401201,Three-step,0.75,0.4,3411,0.0,0.0,0.0
85,-0.7378219735733982,-0.08950623814093188,0.09806765400682611,Three-step,0.75,0.4,3411,0.0,0.0,0.0
86,1.2104563865871645,0.3660136599958045,0.11138454565918308,Three-step,0.75,0.4,3411,0.0,0.0,0.0
87,-0.08021639172253703,-0.26263098953357733,-0.10987266675751729,Three-step,0.75,0.4,3411,0.0,0.0,0.0
88,-1.107859495649845,0.12143205786219914,0.09542761812066772,Three-step,0.75,0.4,3411,0.0,0.0,0.0
89,-0.33519959358894047,0.007936218452104933,0.10770740809729099,Three-step,0.75,0.4,3411,0.0,0.0,0.0
90,-0.060239706204018785,-0.3739817352743364,0.25379720026046926,Three-step,0.75,0.4,3411,0.0,0.0,0.0
91,-0.08248305201929546,-0.21439582431595353,-0.025472748741097027,Three-step,0.75,0.4,3411,0.0,0.0,0.0
92,-0.1386878856835715,-0.04120939042256266,0.3775715006909477,Three-step,0.75,0.4,3411,0.0,0.0,0.0
93,-0.41101904665962935,-0.22235222304395458,-0.2583147449664176,Three-step,0.75,0.4,3411,0.0,0.0,0.0
94,-0.24619791554344564,0.610784074851851,-0.05699659250726387,Three-step,0.75,0.4,3411,0.0,0.0,0.0
95,1.272816274415084,0.47551939018143313,0.12750194173413104,Three-step,0.75,0.4,3411,0.0,0.0,0.0
96,0.1738901362156987,0.3165634046088951,0.17118016196359312,Three-step,0.75,0.4,3411,0.0,0.0,0.0
97,0.09792434249939622,0.8216033800356279,0.35990430637422466,Three-step,0.75,0.4,3411,0.0,0.0,0.0
98,-0.3926590378392637,-0.2651430988981096,-0.08677545590525908,Three-step,0.75,0.4,3411,0.0,0.0,0.0
99,0.02781301760886945,0.46492825403135435,0.20553233281236327,Three-step,0.75,0.4,3411,0.0,0.0,0.0
100,0.5984882425355266,0.012734125611193527,0.06344717631218594,Three-step,0.75,0.4,3411,0.0,0.0,0.0
1,-0.19093679085436452,0.31338530069043485,0.08978366713456513,Robins' estimator,0.75,0.4,3411,0.0,0.0,0.0
2,-0.22087978862108273,-0.3588077413649812,-0.27811526315967355,Robins' estimator,0.75,0.4,3411,0.0,0.0,0.0
3,-0.4229862526439215,-0.2983560944110789,-0.3036195604955844,Robins' estimator,0.75,0.4,3411,0.0,0.0,0.0
4,0.5041442031430347,0.3387262232273218,0.1697129535403343,Robins' estimator,0.75,0.4,3411,0.0,0.0,0.0
5,0.8769115110800264,-0.06723975361182918,-0.018015354780253928,Robins' estimator,0.75,0.4,3411,0.0,0.0,0.0
6,1.0064013947788037,0.18340842796468684,0.13440565477336364,Robins' estimator,0.75,0.4,3411,0.0,0.0,0.0
7,0.21250637812592366,0.12332601034159606,-0.021597306193366018,Robins' estimator,0.75,0.4,3411,0.0,0.0,0.0
8,-0.019281119849325467,0.5067208920600282,0.5319389050802523,Robins' estimator,0.75,0.4,3411,0.0,0.0,0.0
9,-0.9775462064389525,-0.4044784001779434,-0.3965965710168788,Robins' estimator,0.75,0.4,3411,0.0,0.0,0.0
10,-0.6640455438373302,-0.5934469383409928,-0.28945523980777826,Robins' estimator,0.75,0.4,3411,0.0,0.0,0.0
11,-0.28566393464720113,-0.3107102197319038,-0.03623294588403207,Robins' estimator,0.75,0.4,3411,0.0,0.0,0.0
12,0.2846697182905825,-0.09842883752190466,-0.22193593884192447,Robins' estimator,0.75,0.4,3411,0.0,0.0,0.0
13,-0.3136831376350214,-0.04182039951213482,-0.02854516148033237,Robins' estimator,0.75,0.4,3411,0.0,0.0,0.0
14,0.10247721234116577,0.07553990598655502,0.09576476661718604,Robins' estimator,0.75,0.4,3411,0.0,0.0,0.0
15,0.5079315014353756,0.36174810034013266,0.6052446727376389,Robins' estimator,0.75,0.4,3411,0.0,0.0,0.0
16,0.9562284051763609,0.20090217484264103,0.5491242334412555,Robins' estimator,0.75,0.4,3411,0.0,0.0,0.0
17,1.4062013745809494,0.42332648516437676,0.25958085989393787,Robins' estimator,0.75,0.4,3411,0.0,0.0,0.0
18,-0.2490448725093509,0.4307323943519074,0.15171599640969136,Robins' estimator,0.75,0.4,3411,0.0,0.0,0.0
19,-0.34915328927862077,0.0014233792877828796,-0.15946067612164808,Robins' estimator,0.75,0.4,3411,0.0,0.0,0.0
20,0.44814240818373074,0.17834583480952373,0.13472838872092732,Robins' estimator,0.75,0.4,3411,0.0,0.0,0.0
21,1.4470617368473477,0.6219467757519865,0.36733362934591895,Robins' estimator,0.75,0.4,3411,0.0,0.0,0.0
22,-0.16936575119337385,-0.3521297815117066,-0.3956537192078303,Robins' estimator,0.75,0.4,3411,0.0,0.0,0.0
23,-0.22925530096212182,-0.5565043963790486,0.08033420327487051,Robins' estimator,0.75,0.4,3411,0.0,0.0,0.0
24,0.09019217781898294,0.3749377515010938,-0.14651275402374744,Robins' estimator,0.75,0.4,3411,0.0,0.0,0.0
25,-0.20613306959595637,0.21820294911961494,0.31714748323730085,Robins' estimator,0.75,0.4,3411,0.0,0.0,0.0
26,1.3237328022206674,0.6575697947177528,0.024410279100630945,Robins' estimator,0.75,0.4,3411,0.0,0.0,0.0
27,-0.12173600682011318,-0.03837172387372261,0.03556925725393918,Robins' estimator,0.75,0.4,3411,0.0,0.0,0.0
28,0.6785401342499462,0.4725240400040598,0.201023533967629,Robins' estimator,0.75,0.4,3411,0.0,0.0,0.0
29,0.5649708836882443,0.3151776889541764,0.1859015915871432,Robins' estimator,0.75,0.4,3411,0.0,0.0,0.0
30,0.16883895119992864,0.2186692784346908,0.6581933484874459,Robins' estimator,0.75,0.4,3411,0.0,0.0,0.0
31,0.4193807767912965,-0.10610096375352987,0.015317511093095478,Robins' estimator,0.75,0.4,3411,0.0,0.0,0.0
32,0.24800445146862266,-0.04870382493025902,0.02987172504762594,Robins' estimator,0.75,0.4,3411,0.0,0.0,0.0
33,0.3099154006997831,0.11854537050249345,0.14540680185618313,Robins' estimator,0.75,0.4,3411,0.0,0.0,0.0
34,0.2020098817208604,0.30298874927323677,-0.1911738375195194,Robins' estimator,0.75,0.4,3411,0.0,0.0,0.0
35,1.2883025796835357,0.5867673615923078,0.3462218092276591,Robins' estimator,0.75,0.4,3411,0.0,0.0,0.0
36,-0.4002396576793656,0.05792659186225501,0.2302434981246677,Robins' estimator,0.75,0.4,3411,0.0,0.0,0.0
37,1.6924377604645873,0.6954497867273236,0.31797501197986283,Robins' estimator,0.75,0.4,3411,0.0,0.0,0.0
38,0.17924245625920798,0.08733551689582492,0.1496251927004858,Robins' estimator,0.75,0.4,3411,0.0,0.0,0.0
39,0.2094693412984975,0.3509506302141677,0.10783461258617258,Robins' estimator,0.75,0.4,3411,0.0,0.0,0.0
40,0.669402178293048,-0.027506835306131974,-0.11799936703645793,Robins' estimator,0.75,0.4,3411,0.0,0.0,0.0
41,0.7887074912243424,0.18154686135839979,-0.23384598748166363,Robins' estimator,0.75,0.4,3411,0.0,0.0,0.0
42,-0.09751854190365103,-0.006536274138375822,-0.4397369285846701,Robins' estimator,0.75,0.4,3411,0.0,0.0,0.0
43,0.6453514077054959,-0.018319598707981312,-0.11119463592619956,Robins' estimator,0.75,0.4,3411,0.0,0.0,0.0
44,0.5218990064067589,-0.11535848706307747,0.04937317103134804,Robins' estimator,0.75,0.4,3411,0.0,0.0,0.0
45,-0.9933227617278919,-0.09307981507476319,-0.10517464804470596,Robins' estimator,0.75,0.4,3411,0.0,0.0,0.0
46,0.4939971420025228,0.05379984583189803,-0.022820481295411282,Robins' estimator,0.75,0.4,3411,0.0,0.0,0.0
47,0.39332307529989996,0.38869203471773617,0.17115472458580994,Robins' estimator,0.75,0.4,3411,0.0,0.0,0.0
48,-0.9504756594621244,-0.9316718319972447,-0.41692447207859984,Robins' estimator,0.75,0.4,3411,0.0,0.0,0.0
49,-0.7215579688260095,-0.09130488865453593,-0.4490167463433994,Robins' estimator,0.75,0.4,3411,0.0,0.0,0.0
50,-0.10064022524777826,0.1653152225456205,0.23768751115278372,Robins' estimator,0.75,0.4,3411,0.0,0.0,0.0
51,-0.9301034057992826,-0.3272266935556342,0.1275645087035518,Robins' estimator,0.75,0.4,3411,0.0,0.0,0.0
52,-0.7775408171934931,-0.10531699298348902,-0.15277513925590552,Robins' estimator,0.75,0.4,3411,0.0,0.0,0.0
53,0.00828197988453429,-0.37991902444209136,-0.19003520343337635,Robins' estimator,0.75,0.4,3411,0.0,0.0,0.0
54,-0.7655465749338726,-0.4985137321963399,-0.13358922855503422,Robins' estimator,0.75,0.4,3411,0.0,0.0,0.0
55,-0.07363635781162288,-0.26380838306173837,-0.42158337759724335,Robins' estimator,0.75,0.4,3411,0.0,0.0,0.0
56,-0.27018514804501403,-0.7032686912409105,-0.2509142576458289,Robins' estimator,0.75,0.4,3411,0.0,0.0,0.0
57,-0.3944176234165809,-0.14042915201311718,-0.20566338081198143,Robins' estimator,0.75,0.4,3411,0.0,0.0,0.0
58,-0.2967664047435683,0.1785519342308683,-0.10949033128057309,Robins' estimator,0.75,0.4,3411,0.0,0.0,0.0
59,0.3668301921528969,-0.011515400074412183,0.1554824533436102,Robins' estimator,0.75,0.4,3411,0.0,0.0,0.0
60,0.5941464471392582,0.14170825066203632,0.21386214707144327,Robins' estimator,0.75,0.4,3411,0.0,0.0,0.0
61,0.020041571524636894,-0.05651230704785712,-0.020224075680511464,Robins' estimator,0.75,0.4,3411,0.0,0.0,0.0
62,0.32350309613788786,-0.31817244970236874,-0.16199157657914356,Robins' estimator,0.75,0.4,3411,0.0,0.0,0.0
63,0.21503313438577099,-0.13623947149568127,-0.1049899199778371,Robins' estimator,0.75,0.4,3411,0.0,0.0,0.0
64,0.02028776059329231,-0.2558783298448614,0.4207127199774549,Robins' estimator,0.75,0.4,3411,0.0,0.0,0.0
65,-0.7443032267849355,-0.018024116060419784,0.15851008353665538,Robins' estimator,0.75,0.4,3411,0.0,0.0,0.0
66,-0.3633560091809686,-0.3132897462950418,-0.15451835458932908,Robins' estimator,0.75,0.4,3411,0.0,0.0,0.0
67,0.28720282531738817,0.633591972799114,0.35783073610293364,Robins' estimator,0.75,0.4,3411,0.0,0.0,0.0
68,-0.4938935415614848,-0.20613593385300027,0.12026891962190585,Robins' estimator,0.75,0.4,3411,0.0,0.0,0.0
69,-0.17545552668195663,0.37317434435320246,0.06586610694087534,Robins' estimator,0.75,0.4,3411,0.0,0.0,0.0
70,-0.4339460211903631,-0.4533851747545543,-0.28383182555437964,Robins' estimator,0.75,0.4,3411,0.0,0.0,0.0
71,0.13413129875120902,-0.06870709379597904,-0.08601719982056341,Robins' estimator,0.75,0.4,3411,0.0,0.0,0.0
72,0.13854531490542213,0.10075470564059714,-0.007859248704688486,Robins' estimator,0.75,0.4,3411,0.0,0.0,0.0
73,-0.43233206324788337,-0.5242726883221344,-0.19807310379968016,Robins' estimator,0.75,0.4,3411,0.0,0.0,0.0
74,0.514247326320332,-0.1702182204075086,-0.4372684641633039,Robins' estimator,0.75,0.4,3411,0.0,0.0,0.0
75,-0.003272809887676013,0.45242249974823107,0.049970934063747016,Robins' estimator,0.75,0.4,3411,0.0,0.0,0.0
76,0.6176139997782093,0.1390452231269121,0.1019651082505127,Robins' estimator,0.75,0.4,3411,0.0,0.0,0.0
77,-0.16621859608988243,-0.08999842390318978,0.15391587464669318,Robins' estimator,0.75,0.4,3411,0.0,0.0,0.0
78,-1.1198958074261927,-0.8043528322054997,-0.33472865450024,Robins' estimator,0.75,0.4,3411,0.0,0.0,0.0
79,0.7308566465638596,0.08981636365930909,-0.18712046520102002,Robins' estimator,0.75,0.4,3411,0.0,0.0,0.0
80,0.0623641801727559,0.2267521917639643,0.117253096766025,Robins' estimator,0.75,0.4,3411,0.0,0.0,0.0
81,0.4729456557023226,-0.022666899703066946,0.15963086699080395,Robins' estimator,0.75,0.4,3411,0.0,0.0,0.0
82,-0.30201481872759667,0.06776450860523688,-0.36317168930013843,Robins' estimator,0.75,0.4,3411,0.0,0.0,0.0
83,0.011774250660398278,0.07339039199735484,-0.2912003802311783,Robins' estimator,0.75,0.4,3411,0.0,0.0,0.0
84,0.06989538082292375,0.18768051108959313,-0.12232014303979459,Robins' estimator,0.75,0.4,3411,0.0,0.0,0.0
85,0.43476843777778024,0.024157055341030513,0.09806765400679672,Robins' estimator,0.75,0.4,3411,0.0,0.0,0.0
86,0.3475784664828933,0.18215132669618453,0.11138454565918299,Robins' estimator,0.75,0.4,3411,0.0,0.0,0.0
87,0.11369124469048698,-0.2770815819489077,-0.10987266675752304,Robins' estimator,0.75,0.4,3411,0.0,0.0,0.0
88,-0.4015577765221939,0.32492080520386385,0.09542761812067656,Robins' estimator,0.75,0.4,3411,0.0,0.0,0.0
89,-0.41826851402754406,-0.11483434949632691,0.10770740809729082,Robins' estimator,0.75,0.4,3411,0.0,0.0,0.0
90,0.49067575969911964,-0.09287659059794161,0.25379720026270874,Robins' estimator,0.75,0.4,3411,0.0,0.0,0.0
91,-0.17903880416322596,-0.27534176747541084,-0.025472748741096993,Robins' estimator,0.75,0.4,3411,0.0,0.0,0.0
92,0.20769931626301064,0.3482618976180364,0.37757150069030726,Robins' estimator,0.75,0.4,3411,0.0,0.0,0.0
93,-0.30245798235846766,-0.14894693449712396,-0.2583147449664296,Robins' estimator,0.75,0.4,3411,0.0,0.0,0.0
94,0.6940295774485445,0.47990520176902557,-0.05699659250726398,Robins' estimator,0.75,0.4,3411,0.0,0.0,0.0
95,0.8354625697323951,0.293327742283423,0.1275019417341313,Robins' estimator,0.75,0.4,3411,0.0,0.0,0.0
96,0.40135050832596325,0.23892058017713894,0.1711801619646466,Robins' estimator,0.75,0.4,3411,0.0,0.0,0.0
97,0.4626150529589236,0.5500721275315708,0.35990430637665227,Robins' estimator,0.75,0.4,3411,0.0,0.0,0.0
98,-0.557435093911423,-0.4357846281630673,-0.08677545590525906,Robins' estimator,0.75,0.4,3411,0.0,0.0,0.0
99,0.29617960877645966,0.6044875571928648,0.20553233281373748,Robins' estimator,0.75,0.4,3411,0.0,0.0,0.0
100,-0.12035265244940059,-0.16791888756553983,0.06344717631218563,Robins' estimator,0.75,0.4,3411,0.0,0.0,0.0
1,-0.18555673144748838,0.33034042025462845,0.09757057596542106,GMM estimator,0.75,0.4,3411,0.0,0.0,0.0
2,-0.30524293248755574,-0.3224586611735768,-0.24614499180419525,GMM estimator,0.75,0.4,3411,0.0,0.0,0.0
3,-0.45689845713011373,-0.3488447605624749,-0.33146203097620874,GMM estimator,0.75,0.4,3411,0.0,0.0,0.0
4,0.3567744949111742,0.2516976127374725,0.1499984798641958,GMM estimator,0.75,0.4,3411,0.0,0.0,0.0
5,0.690316326180858,-0.1292621229499315,-0.040261947044949474,GMM estimator,0.75,0.4,3411,0.0,0.0,0.0
6,0.9725656600036693,0.12901293231279615,0.11918988986238284,GMM estimator,0.75,0.4,3411,0.0,0.0,0.0
7,0.04273441850117543,0.016579334076016805,-0.04187975017080636,GMM estimator,0.75,0.4,3411,0.0,0.0,0.0
8,-0.05713793169866724,0.48772286162520107,0.5302655898134815,GMM estimator,0.75,0.4,3411,0.0,0.0,0.0
9,-1.0482544372731768,-0.4630634662815531,-0.4193741792104663,GMM estimator,0.75,0.4,3411,0.0,0.0,0.0
10,-1.0421539408929896,-0.595009407909428,-0.31450573696461853,GMM estimator,0.75,0.4,3411,0.0,0.0,0.0
11,-0.2679177450018563,-0.28745283314559755,-0.017230101825946004,GMM estimator,0.75,0.4,3411,0.0,0.0,0.0
12,-0.06308493796620107,-0.28638927331129854,-0.24432548662364545,GMM estimator,0.75,0.4,3411,0.0,0.0,0.0
13,-0.334455747905301,-0.06913046981688234,-0.041740033837378156,GMM estimator,0.75,0.4,3411,0.0,0.0,0.0
14,-0.05914590918832779,0.02329442824060629,0.025421133830931884,GMM estimator,0.75,0.4,3411,0.0,0.0,0.0
15,0.19195386873219822,0.24534075789836157,0.5792493666235077,GMM estimator,0.75,0.4,3411,0.0,0.0,0.0
16,0.8544111283406,0.11976375258277694,0.5309151352939427,GMM estimator,0.75,0.4,3411,0.0,0.0,0.0
17,1.3385231262167865,0.3921082825352847,0.24941049569006812,GMM estimator,0.75,0.4,3411,0.0,0.0,0.0
18,-0.4370338192904965,0.3507090933809857,0.11215387707347153,GMM estimator,0.75,0.4,3411,0.0,0.0,0.0
19,-0.31920391182222363,-0.021093506235280106,-0.15706540979832123,GMM estimator,0.75,0.4,3411,0.0,0.0,0.0
20,0.4552470494662802,0.1757941886394667,0.1323610983257491,GMM estimator,0.75,0.4,3411,0.0,0.0,0.0
21,1.3038565589774633,0.5847288682792415,0.3737619541854307,GMM estimator,0.75,0.4,3411,0.0,0.0,0.0
22,-0.20192548838439742,-0.34484482872626876,-0.40170569834294767,GMM estimator,0.75,0.4,3411,0.0,0.0,0.0
23,-0.21619580408151365,-0.520862192557353,0.09002910369445404,GMM estimator,0.75,0.4,3411,0.0,0.0,0.0
24,-0.2240267463113882,0.202446113014178,-0.3082959101515602,GMM estimator,0.75,0.4,3411,0.0,0.0,0.0
25,-0.45212767448249214,0.04780817403133222,0.22431708453242247,GMM estimator,0.75,0.4,3411,0.0,0.0,0.0
26,1.111027615292247,0.5747882417237566,0.014323266166274646,GMM estimator,0.75,0.4,3411,0.0,0.0,0.0
27,-0.12792373882222222,-0.03000995447118534,0.046787384327357545,GMM estimator,0.75,0.4,3411,0.0,0.0,0.0
28,0.3189039812181593,0.37060788426093677,0.1758081452887138,GMM estimator,0.75,0.4,3411,0.0,0.0,0.0
29,0.5519966634996991,0.3066547225630766,0.19833158484620786,GMM estimator,0.75,0.4,3411,0.0,0.0,0.0
30,0.05232091866029602,0.08907828582948918,0.5742667954638196,GMM estimator,0.75,0.4,3411,0.0,0.0,0.0
31,0.4354177753145733,-0.11375634760342392,0.015086685213979208,GMM estimator,0.75,0.4,3411,0.0,0.0,0.0
32,0.06551208753101026,-0.11338822321433148,0.0002725301291098825,GMM estimator,0.75,0.4,3411,0.0,0.0,0.0
33,0.2718276691280153,0.1399779882575549,0.1534712162501214,GMM estimator,0.75,0.4,3411,0.0,0.0,0.0
34,-0.05330341741237285,0.0950748520873963,-0.3481084196684749,GMM estimator,0.75,0.4,3411,0.0,0.0,0.0
35,1.1344947323107055,0.5799442798393881,0.34244004867286637,GMM estimator,0.75,0.4,3411,0.0,0.0,0.0
36,-0.43645425108203384,0.02434879973837177,0.20889447914404205,GMM estimator,0.75,0.4,3411,0.0,0.0,0.0
37,1.3435378581638797,0.6066948061224438,0.2804282494634664,GMM estimator,0.75,0.4,3411,0.0,0.0,0.0
38,-0.078959153127634,0.013379391690540657,0.16230422434943748,GMM estimator,0.75,0.4,3411,0.0,0.0,0.0
39,0.0956649633720014,0.1795072300697436,0.10489793081138994,GMM estimator,0.75,0.4,3411,0.0,0.0,0.0
40,0.30084556132312634,-0.13010127437738742,-0.17935668967938856,GMM estimator,0.75,0.4,3411,0.0,0.0,0.0
41,0.6667483762569489,0.1244880949477786,-0.2703091421137162,GMM estimator,0.75,0.4,3411,0.0,0.0,0.0
42,-0.11831280896439213,-0.0306203552538288,-0.45643876744338874,GMM estimator,0.75,0.4,3411,0.0,0.0,0.0
43,0.6777845885313267,-0.03362401032385691,-0.11022489052335041,GMM estimator,0.75,0.4,3411,0.0,0.0,0.0
44,0.4658898698269914,-0.16850288110492484,0.018504887932269218,GMM estimator,0.75,0.4,3411,0.0,0.0,0.0
45,-1.015519447624351,-0.09552240924191775,-0.09183129682057145,GMM estimator,0.75,0.4,3411,0.0,0.0,0.0
46,-0.029922538604175205,-0.1602832595168782,-0.10534666924619022,GMM estimator,0.75,0.4,3411,0.0,0.0,0.0
47,0.370594802983235,0.38002333697439156,0.15971775105330194,GMM estimator,0.75,0.4,3411,0.0,0.0,0.0
48,-0.983096749167226,-0.9706281887880557,-0.3987308125690656,GMM estimator,0.75,0.4,3411,0.0,0.0,0.0
49,-0.7074894248423779,-0.08930278149339285,-0.4544701003994169,GMM estimator,0.75,0.4,3411,0.0,0.0,0.0
50,-0.1405656220544017,0.1524344564272101,0.2373226720094122,GMM estimator,0.75,0.4,3411,0.0,0.0,0.0
51,-0.9727249862151344,-0.409130196837795,0.15974956970844023,GMM estimator,0.75,0.4,3411,0.0,0.0,0.0
52,-0.7380609216911974,-0.05800944088083254,-0.13914066851927764,GMM estimator,0.75,0.4,3411,0.0,0.0,0.0
53,0.035883502778131654,-0.30986784885860197,-0.15319645204120452,GMM estimator,0.75,0.4,3411,0.0,0.0,0.0
54,-0.9305578821230114,-0.6383778580226149,-0.1901328859154822,GMM estimator,0.75,0.4,3411,0.0,0.0,0.0
55,-0.14523475063769326,-0.26957253780238033,-0.4461640876924924,GMM estimator,0.75,0.4,3411,0.0,0.0,0.0
56,-0.2998918726077442,-0.7239013961348117,-0.25456150220422696,GMM estimator,0.75,0.4,3411,0.0,0.0,0.0
57,-0.8169898305559191,-0.39796367194229476,-0.24400473937408595,GMM estimator,0.75,0.4,3411,0.0,0.0,0.0
58,-0.2995590696615679,0.17566865942283616,-0.1109918217116487,GMM estimator,0.75,0.4,3411,0.0,0.0,0.0
59,0.3047112096605465,-0.03828778169246617,0.1406733019462354,GMM estimator,0.75,0.4,3411,0.0,0.0,0.0
60,0.5345782180643825,0.10821656625703135,0.16896188105528653,GMM estimator,0.75,0.4,3411,0.0,0.0,0.0
61,-0.05643804535631504,-0.10801727010384142,-0.051910808951108535,GMM estimator,0.75,0.4,3411,0.0,0.0,0.0
62,0.1902972407912121,-0.41837046277400447,-0.18266404292227523,GMM estimator,0.75,0.4,3411,0.0,0.0,0.0
63,0.0299043549577111,-0.2856465757821575,-0.13654161434954715,GMM estimator,0.75,0.4,3411,0.0,0.0,0.0
64,-0.06683466809973983,-0.3091511991168817,0.40246251843110936,GMM estimator,0.75,0.4,3411,0.0,0.0,0.0
65,-0.8173077716139826,-0.06902293612624089,0.13912594879455137,GMM estimator,0.75,0.4,3411,0.0,0.0,0.0
66,-0.6164462269738525,-0.5210331241057873,-0.2246677478964963,GMM estimator,0.75,0.4,3411,0.0,0.0,0.0
67,0.2757055839692984,0.6136995196010139,0.3337333467155376,GMM estimator,0.75,0.4,3411,0.0,0.0,0.0
68,-0.5681489635468113,-0.24531711058681188,0.11481962365194123,GMM estimator,0.75,0.4,3411,0.0,0.0,0.0
69,-0.19650974514263211,0.366066469531327,0.07074609292888429,GMM estimator,0.75,0.4,3411,0.0,0.0,0.0
70,-0.518206376789289,-0.5408461547021327,-0.3169589607118578,GMM estimator,0.75,0.4,3411,0.0,0.0,0.0
71,-0.48810485868714537,-0.3845545481096319,-0.2500831776831701,GMM estimator,0.75,0.4,3411,0.0,0.0,0.0
72,0.11549714662811385,0.027382403867358268,-0.0304512596698067,GMM estimator,0.75,0.4,3411,0.0,0.0,0.0
73,-0.4082605535084608,-0.506909582527414,-0.17443340208452562,GMM estimator,0.75,0.4,3411,0.0,0.0,0.0
74,0.5298793085984949,-0.12232462397064829,-0.4203891939325656,GMM estimator,0.75,0.4,3411,0.0,0.0,0.0
75,-0.05003989941731264,0.39148747026506897,0.05548094965063792,GMM estimator,0.75,0.4,3411,0.0,0.0,0.0
76,0.49569246555775537,0.13930847237001265,0.10313703961764079,GMM estimator,0.75,0.4,3411,0.0,0.0,0.0
77,-0.15409879210335453,-0.018126998655527932,0.1895595082607749,GMM estimator,0.75,0.4,3411,0.0,0.0,0.0
78,-1.069026378805078,-0.7867024528931281,-0.3096183489810685,GMM estimator,0.75,0.4,3411,0.0,0.0,0.0
79,0.45182865020677354,0.013253502447946562,-0.23724430110386918,GMM estimator,0.75,0.4,3411,0.0,0.0,0.0
80,-0.3331802018645146,0.0008438785812717106,0.015099921632338427,GMM estimator,0.75,0.4,3411,0.0,0.0,0.0
81,0.468152658861078,-0.034495624797923605,0.14902685984658004,GMM estimator,0.75,0.4,3411,0.0,0.0,0.0
82,-0.28357600487364826,0.07364519249296456,-0.3603343503160037,GMM estimator,0.75,0.4,3411,0.0,0.0,0.0
83,0.033994224456288955,0.08611687138943908,-0.2910290848638621,GMM estimator,0.75,0.4,3411,0.0,0.0,0.0
84,0.010379082266303019,0.16171794126838354,-0.14753027685058584,GMM estimator,0.75,0.4,3411,0.0,0.0,0.0
85,-0.40864929151849205,-0.14318014441987092,0.05933016597805363,GMM estimator,0.75,0.4,3411,0.0,0.0,0.0
86,0.15099991772504276,0.07373758655135321,0.04967187427775922,GMM estimator,0.75,0.4,3411,0.0,0.0,0.0
87,0.14509766954947112,-0.1952581264442566,-0.08068346874182285,GMM estimator,0.75,0.4,3411,0.0,0.0,0.0
88,-0.7915211785363271,0.18451587178643558,-0.010575465198891576,GMM estimator,0.75,0.4,3411,0.0,0.0,0.0
89,-0.42031905907249484,-0.14993569160648662,0.11553265453068252,GMM estimator,0.75,0.4,3411,0.0,0.0,0.0
90,0.4715882955550007,-0.08244687520267188,0.29281644967436216,GMM estimator,0.75,0.4,3411,0.0,0.0,0.0
91,-0.2332523573632899,-0.30234152160600436,-0.049064459656408696,GMM estimator,0.75,0.4,3411,0.0,0.0,0.0
92,0.04514908632154578,0.3083274464163885,0.3982874721603371,GMM estimator,0.75,0.4,3411,0.0,0.0,0.0
93,-0.2583775524687515,-0.1249586421799201,-0.2560342229709611,GMM estimator,0.75,0.4,3411,0.0,0.0,0.0
94,0.04331043502288223,0.30093502002286676,-0.12766294803345102,GMM estimator,0.75,0.4,3411,0.0,0.0,0.0
95,0.8721751519678715,0.27254012976550684,0.12193406987193817,GMM estimator,0.75,0.4,3411,0.0,0.0,0.0
96,0.3241376688246017,0.20816488513791193,0.13965296985672762,GMM estimator,0.75,0.4,3411,0.0,0.0,0.0
97,0.15425349421394452,0.33784724595804827,0.24242992789814963,GMM estimator,0.75,0.4,3411,0.0,0.0,0.0
98,-0.6208526424091454,-0.5176069208966168,-0.1343351889403312,GMM estimator,0.75,0.4,3411,0.0,0.0,0.0
99,0.2937199525245682,0.5892056232236847,0.22350391625783256,GMM estimator,0.75,0.4,3411,0.0,0.0,0.0
100,-0.27428962944755453,-0.3032987112973609,-0.01297817892082654,GMM estimator,0.75,0.4,3411,0.0,0.0,0.0
1,-0.27052774998532825,-0.011941226824821264,0.18331274893785898,Three-step,1.0,0.4,3411,0.0,0.0,0.0
2,-0.562589871580911,-0.21592502907139935,-0.28805343313555554,Three-step,1.0,0.4,3411,0.0,0.0,0.0
3,-0.22645524945627638,-0.18716649720239972,-0.09533120442561838,Three-step,1.0,0.4,3411,0.0,0.0,0.0
4,1.0712120915010004,0.21011805553576404,0.08547712277216032,Three-step,1.0,0.4,3411,0.0,0.0,0.0
5,1.3491417500755363,0.1937864753347538,-0.0595064338842672,Three-step,1.0,0.4,3411,0.0,0.0,0.0
6,0.9118086014414081,0.32313987736821703,0.24928249514976908,Three-step,1.0,0.4,3411,0.0,0.0,0.0
7,0.6382351056839491,0.2599606315885763,0.018455400339616092,Three-step,1.0,0.4,3411,0.0,0.0,0.0
8,-0.11779609912195523,0.2588550078757955,0.3399173651629365,Three-step,1.0,0.4,3411,0.0,0.0,0.0
9,-0.6936012406862091,-0.4567957232300846,-0.41980847683236605,Three-step,1.0,0.4,3411,0.0,0.0,0.0
10,-1.522651612081765,-0.655359556483514,-0.24768565130871179,Three-step,1.0,0.4,3411,0.0,0.0,0.0
11,-0.4802112109093123,-0.18663920777203438,-0.020437643992179937,Three-step,1.0,0.4,3411,0.0,0.0,0.0
12,1.2069184040368324,0.07142152029820027,-0.012716585408594244,Three-step,1.0,0.4,3411,0.0,0.0,0.0
13,-0.08504118861430598,-0.09562527615453678,0.03901237496253862,Three-step,1.0,0.4,3411,0.0,0.0,0.0
14,-0.4427373745778908,-0.029081605176994166,0.010731630661602749,Three-step,1.0,0.4,3411,0.0,0.0,0.0
15,1.5698032363937622,0.470807395582609,0.602225864185105,Three-step,1.0,0.4,3411,0.0,0.0,0.0
16,1.0934853802976086,0.20816305790901146,0.47523434482138766,Three-step,1.0,0.4,3411,0.0,0.0,0.0
17,2.439786169869005,0.5099773638582981,0.2114120095468681,Three-step,1.0,0.4,3411,0.0,0.0,0.0
18,0.44528248015767197,0.41279429303406545,0.3087060349667642,Three-step,1.0,0.4,3411,0.0,0.0,0.0
19,-0.5902254029161841,0.06654931216133927,-0.1050508763042131,Three-step,1.0,0.4,3411,0.0,0.0,0.0
20,0.5219252955801228,0.32587683834983394,-0.030065818075969974,Three-step,1.0,0.4,3411,0.0,0.0,0.0
21,1.346181848806384,0.6084309819721255,0.4051145764574124,Three-step,1.0,0.4,3411,0.0,0.0,0.0
22,-0.3497208339061355,-0.24980969754268,-0.3280155740103024,Three-step,1.0,0.4,3411,0.0,0.0,0.0
23,-0.5655697041719047,-0.40361971852357464,-0.07994119543467519,Three-step,1.0,0.4,3411,0.0,0.0,0.0
24,-0.6663055864895596,0.18990508600234376,-0.1399172614265083,Three-step,1.0,0.4,3411,0.0,0.0,0.0
25,0.21880887359345189,0.11250598206318387,0.11504522663444774,Three-step,1.0,0.4,3411,0.0,0.0,0.0
26,1.9294318295756188,0.6249474837000167,0.016028499214694982,Three-step,1.0,0.4,3411,0.0,0.0,0.0
27,-0.17334864864440686,-0.06225580599061391,0.07036529719714796,Three-step,1.0,0.4,3411,0.0,0.0,0.0
28,1.439160065111685,0.38394410987891964,0.16296396893192527,Three-step,1.0,0.4,3411,0.0,0.0,0.0
29,0.46978312472784783,0.38336083105311086,0.08448973627686517,Three-step,1.0,0.4,3411,0.0,0.0,0.0
30,0.3455935166270316,0.39297100191401746,0.5744343281197923,Three-step,1.0,0.4,3411,0.0,0.0,0.0
31,0.08742525972820728,0.04950132206947689,0.02678811975173374,Three-step,1.0,0.4,3411,0.0,0.0,0.0
32,1.0664078504090426,0.3288077383041658,0.09955718458565044,Three-step,1.0,0.4,3411,0.0,0.0,0.0
33,-0.05777352125063399,0.11593343043509,-0.06695194999336564,Three-step,1.0,0.4,3411,0.0,0.0,0.0
34,0.1281523733780681,0.46468651072868566,-0.09431226243491245,Three-step,1.0,0.4,3411,0.0,0.0,0.0
35,2.1361646768234976,0.5910318947665439,0.24951467016166076,Three-step,1.0,0.4,3411,0.0,0.0,0.0
36,-0.2458591127840582,-0.16793386452575296,-0.05781335097402543,Three-step,1.0,0.4,3411,0.0,0.0,0.0
37,0.9002181840335324,0.7360785933315134,0.31313152477574374,Three-step,1.0,0.4,3411,0.0,0.0,0.0
38,-0.2959698229947198,-0.0069316034594140135,0.15815680516095304,Three-step,1.0,0.4,3411,0.0,0.0,0.0
39,0.37023634654549864,0.1286967447887999,0.16062205909043514,Three-step,1.0,0.4,3411,0.0,0.0,0.0
40,2.0434481334464234,0.17969433495532447,-0.18278120549541402,Three-step,1.0,0.4,3411,0.0,0.0,0.0
41,1.193577603961152,0.4266262340607632,-0.04483281699854444,Three-step,1.0,0.4,3411,0.0,0.0,0.0
42,-0.0083918193604766,-0.18324445250792276,-0.45885680977445875,Three-step,1.0,0.4,3411,0.0,0.0,0.0
43,0.42365457424490605,0.0628424141762142,0.00539546317480663,Three-step,1.0,0.4,3411,0.0,0.0,0.0
44,0.36907012262624195,-0.15339449071215552,-0.020199873624776564,Three-step,1.0,0.4,3411,0.0,0.0,0.0
45,-0.8419549645453698,-0.3752726904983062,-0.16468645541381158,Three-step,1.0,0.4,3411,0.0,0.0,0.0
46,-0.12360168052552763,-0.09247192733236391,-0.09376765887079683,Three-step,1.0,0.4,3411,0.0,0.0,0.0
47,0.36780091977298496,0.3527880190280299,0.1799523957778354,Three-step,1.0,0.4,3411,0.0,0.0,0.0
48,-1.213082076285471,-0.9352860453910207,-0.41717135642471825,Three-step,1.0,0.4,3411,0.0,0.0,0.0
49,-0.8040334025250533,-0.17782685484433844,-0.2317394729659973,Three-step,1.0,0.4,3411,0.0,0.0,0.0
50,-0.44866352260568904,0.14531678092187392,0.18324608922747837,Three-step,1.0,0.4,3411,0.0,0.0,0.0
51,-1.3224229929687448,-0.398794032348027,-0.08171015273253349,Three-step,1.0,0.4,3411,0.0,0.0,0.0
52,-1.0692865066002502,-0.10975961058775857,-0.052996414444728086,Three-step,1.0,0.4,3411,0.0,0.0,0.0
53,-0.34255504473137194,-0.3032065183331548,-0.028515751709045963,Three-step,1.0,0.4,3411,0.0,0.0,0.0
54,-1.0982533229487894,-0.34169334167921683,-0.1454465736631102,Three-step,1.0,0.4,3411,0.0,0.0,0.0
55,-0.43253760059839724,-0.42671051943704696,-0.27723072380938646,Three-step,1.0,0.4,3411,0.0,0.0,0.0
56,-0.16631471179692842,-0.40845290806053497,-0.40092944806184994,Three-step,1.0,0.4,3411,0.0,0.0,0.0
57,0.5220989349374362,-0.1349905375138674,-0.011851355469598614,Three-step,1.0,0.4,3411,0.0,0.0,0.0
58,-0.29135391809229366,-0.15689737068230938,-0.10698583994412796,Three-step,1.0,0.4,3411,0.0,0.0,0.0
59,0.0734107724764387,0.34112388627388934,0.09677878332401794,Three-step,1.0,0.4,3411,0.0,0.0,0.0
60,0.21930824433917534,0.18017869739600859,0.09647672961165474,Three-step,1.0,0.4,3411,0.0,0.0,0.0
61,0.28883390494209277,0.08511655185250504,-0.1249937701814693,Three-step,1.0,0.4,3411,0.0,0.0,0.0
62,0.22758122832867828,-0.11210230177362841,-0.29509167428171373,Three-step,1.0,0.4,3411,0.0,0.0,0.0
63,1.0290581561868324,0.25131104112862124,-0.18769449009569902,Three-step,1.0,0.4,3411,0.0,0.0,0.0
64,0.11676893512131212,-0.00038395699773374786,0.04138657598969555,Three-step,1.0,0.4,3411,0.0,0.0,0.0
65,-0.4337327153550506,0.10677492641843926,0.11139823138380883,Three-step,1.0,0.4,3411,0.0,0.0,0.0
66,0.5727574257690993,-0.1844533473385618,-0.1688574213775032,Three-step,1.0,0.4,3411,0.0,0.0,0.0
67,-0.03757616238089686,0.43776067705881566,0.42916503068747175,Three-step,1.0,0.4,3411,0.0,0.0,0.0
68,-0.19730130529751452,-0.3263881161135903,0.1236267519565607,Three-step,1.0,0.4,3411,0.0,0.0,0.0
69,-0.2339938153818542,0.09842662403444459,0.0857555933732601,Three-step,1.0,0.4,3411,0.0,0.0,0.0
70,-0.030535210398374094,-0.5371216127637192,-0.3289238571512631,Three-step,1.0,0.4,3411,0.0,0.0,0.0
71,-0.8043555202197605,-0.19232728598466733,-0.16082053547192685,Three-step,1.0,0.4,3411,0.0,0.0,0.0
72,0.4040443893879891,0.13605770922255353,0.06679336224998189,Three-step,1.0,0.4,3411,0.0,0.0,0.0
73,-0.581886749432979,-0.3584389893713544,-0.14312236157974498,Three-step,1.0,0.4,3411,0.0,0.0,0.0
74,-0.009299384930219241,-0.03024046255459432,-0.2106629359273531,Three-step,1.0,0.4,3411,0.0,0.0,0.0
75,0.11372786727444079,0.3632925663930479,0.18448933290113043,Three-step,1.0,0.4,3411,0.0,0.0,0.0
76,0.7653237085650412,-0.18264708615899813,0.09064697893784553,Three-step,1.0,0.4,3411,0.0,0.0,0.0
77,-0.46671924131241155,0.20019831764335105,0.06046153619904665,Three-step,1.0,0.4,3411,0.0,0.0,0.0
78,-1.3361670305573907,-0.5483895680363522,-0.5156814447799113,Three-step,1.0,0.4,3411,0.0,0.0,0.0
79,1.6349672411333382,0.16048371274373535,-0.10727147833114663,Three-step,1.0,0.4,3411,0.0,0.0,0.0
80,0.5624948213829627,0.2579026032590025,0.13878236554372075,Three-step,1.0,0.4,3411,0.0,0.0,0.0
81,0.4833803803528613,0.0807859845724525,-0.02447998546160504,Three-step,1.0,0.4,3411,0.0,0.0,0.0
82,-0.41240423838904394,-0.2599718809217565,-0.10952168305552042,Three-step,1.0,0.4,3411,0.0,0.0,0.0
83,-0.0907428880001067,0.15164264905989117,-0.016185850436660085,Three-step,1.0,0.4,3411,0.0,0.0,0.0
84,-0.0909772405764049,0.15787394703115293,-0.17922141122951246,Three-step,1.0,0.4,3411,0.0,0.0,0.0
85,-0.7327104499474061,-0.18795739452399904,0.08319606269477728,Three-step,1.0,0.4,3411,0.0,0.0,0.0
86,1.2191764721068292,0.32872339051859567,0.08738255464211128,Three-step,1.0,0.4,3411,0.0,0.0,0.0
87,-0.08526252355859652,-0.4698151348130649,-0.12582875162227605,Three-step,1.0,0.4,3411,0.0,0.0,0.0
88,-1.1115218545147638,0.04663309450090552,-0.008625871991369358,Three-step,1.0,0.4,3411,0.0,0.0,0.0
89,-0.3351942237686526,-0.10021184868376325,0.0008283562115766741,Three-step,1.0,0.4,3411,0.0,0.0,0.0
90,-0.05654931116171219,-0.14022705594714724,0.1942709496110907,Three-step,1.0,0.4,3411,0.0,0.0,0.0
91,-0.08257397454213777,0.15508502725636983,0.04488051746475289,Three-step,1.0,0.4,3411,0.0,0.0,0.0
92,-0.10861376014731665,0.23903401934602606,0.30748090760281055,Three-step,1.0,0.4,3411,0.0,0.0,0.0
93,-0.4136273355680371,-0.3325626405417905,-0.27326200813964974,Three-step,1.0,0.4,3411,0.0,0.0,0.0
94,-0.28036723655788803,0.43141310340250205,-0.010224435489703063,Three-step,1.0,0.4,3411,0.0,0.0,0.0
95,1.2068553845470826,0.30603698159300624,0.16847754551682997,Three-step,1.0,0.4,3411,0.0,0.0,0.0
96,0.15119676860894893,0.22365055728855018,0.36682827078287805,Three-step,1.0,0.4,3411,0.0,0.0,0.0
97,0.13597272044346873,0.1964050926096485,0.2574974976372438,Three-step,1.0,0.4,3411,0.0,0.0,0.0
98,-0.40262851471021455,-0.11507160909313345,-0.23218444490469275,Three-step,1.0,0.4,3411,0.0,0.0,0.0
99,0.022992141465345235,0.5611714663638245,0.18039139624784706,Three-step,1.0,0.4,3411,0.0,0.0,0.0
100,0.6063557238891298,0.1102013870550828,-0.01725239350933383,Three-step,1.0,0.4,3411,0.0,0.0,0.0
1,0.0016268719210768036,-0.017793468517308234,0.18331274893790594,Robins' estimator,1.0,0.4,3411,0.0,0.0,0.0
2,-0.32138670631312,-0.10306858486539083,-0.28805343313428766,Robins' estimator,1.0,0.4,3411,0.0,0.0,0.0
3,-0.5581402304353781,-0.1431739483868813,-0.09533120442570234,Robins' estimator,1.0,0.4,3411,0.0,0.0,0.0
4,0.31970697398733655,0.16549293437037862,0.08547712277216055,Robins' estimator,1.0,0.4,3411,0.0,0.0,0.0
5,1.1187186590670184,0.09187273185921366,-0.05950643388426526,Robins' estimator,1.0,0.4,3411,0.0,0.0,0.0
6,0.5450617829091544,0.26877867529729993,0.24928249515116546,Robins' estimator,1.0,0.4,3411,0.0,0.0,0.0
7,0.28815895242767886,0.3081004630598937,0.018455400339616287,Robins' estimator,1.0,0.4,3411,0.0,0.0,0.0
8,-0.08919364486143244,0.382106900186664,0.3399173651595364,Robins' estimator,1.0,0.4,3411,0.0,0.0,0.0
9,-0.6006725839265054,-0.37946537572323114,-0.41980847683236533,Robins' estimator,1.0,0.4,3411,0.0,0.0,0.0
10,-0.6857122751654712,-0.6457788111660029,-0.24768565130869954,Robins' estimator,1.0,0.4,3411,0.0,0.0,0.0
11,-0.3316584014927103,-0.16653815456513496,-0.020437643992179934,Robins' estimator,1.0,0.4,3411,0.0,0.0,0.0
12,-0.06787634410561916,-0.05981105720073717,-0.012716585408594232,Robins' estimator,1.0,0.4,3411,0.0,0.0,0.0
13,0.06618006780982341,-0.013903723078539177,0.039012374962538204,Robins' estimator,1.0,0.4,3411,0.0,0.0,0.0
14,0.47235923412964487,0.05696649015548288,0.010731630661602697,Robins' estimator,1.0,0.4,3411,0.0,0.0,0.0
15,0.5099861475172625,0.36905281258857925,0.6022258641861363,Robins' estimator,1.0,0.4,3411,0.0,0.0,0.0
16,1.1324065440056748,0.39813014318621703,0.4752343448215167,Robins' estimator,1.0,0.4,3411,0.0,0.0,0.0
17,0.69929195826024,0.36459134559131484,0.21141200954728562,Robins' estimator,1.0,0.4,3411,0.0,0.0,0.0
18,0.15423101488434565,0.34265001525209554,0.30870603496636484,Robins' estimator,1.0,0.4,3411,0.0,0.0,0.0
19,-0.18304794982823056,0.10320934690118438,-0.10505087630419817,Robins' estimator,1.0,0.4,3411,0.0,0.0,0.0
20,0.27679132397938894,0.2939258204508124,-0.03006581807596981,Robins' estimator,1.0,0.4,3411,0.0,0.0,0.0
21,1.1785617360352294,0.5680526004485498,0.4051145764576149,Robins' estimator,1.0,0.4,3411,0.0,0.0,0.0
22,-0.25832723070258357,-0.3278407095050003,-0.32801557401027887,Robins' estimator,1.0,0.4,3411,0.0,0.0,0.0
23,-0.5340911405246784,-0.46254549328281974,-0.07994119543467539,Robins' estimator,1.0,0.4,3411,0.0,0.0,0.0
24,-0.08876816207124856,0.268105662559734,-0.13991726142714875,Robins' estimator,1.0,0.4,3411,0.0,0.0,0.0
25,0.20039105835347865,0.03012073259512807,0.11504522663444461,Robins' estimator,1.0,0.4,3411,0.0,0.0,0.0
26,1.1339026649284123,0.5969029764014625,0.016028499214695187,Robins' estimator,1.0,0.4,3411,0.0,0.0,0.0
27,0.25944121486786703,0.03326051312117617,0.07036529719714978,Robins' estimator,1.0,0.4,3411,0.0,0.0,0.0
28,0.8684480309175555,0.40576824233252856,0.1629639689319275,Robins' estimator,1.0,0.4,3411,0.0,0.0,0.0
29,0.2902834833099978,0.46406242150539634,0.08448973627686521,Robins' estimator,1.0,0.4,3411,0.0,0.0,0.0
30,0.31502881393957427,0.3151379542760854,0.5744343281198515,Robins' estimator,1.0,0.4,3411,0.0,0.0,0.0
31,0.18885471465068313,0.014405911207848057,0.026788119751734327,Robins' estimator,1.0,0.4,3411,0.0,0.0,0.0
32,0.1788580008010397,0.18044708323470784,0.09955718458559827,Robins' estimator,1.0,0.4,3411,0.0,0.0,0.0
33,0.30590587822558635,0.14874880498883714,-0.06695194999336572,Robins' estimator,1.0,0.4,3411,0.0,0.0,0.0
34,0.03277605021403274,0.21599191706947263,-0.09431226243490633,Robins' estimator,1.0,0.4,3411,0.0,0.0,0.0
35,0.9540603701093123,0.505432537435079,0.24951467016176113,Robins' estimator,1.0,0.4,3411,0.0,0.0,0.0
36,-0.5247364350040225,-0.08784345096322006,-0.05781335097402567,Robins' estimator,1.0,0.4,3411,0.0,0.0,0.0
37,0.8208519256401385,0.6698117481587604,0.3131315247761124,Robins' estimator,1.0,0.4,3411,0.0,0.0,0.0
38,-0.07345289721328956,-0.010842442812111608,0.15815680516158084,Robins' estimator,1.0,0.4,3411,0.0,0.0,0.0
39,-0.004842901129266092,0.27379419218410345,0.16062205909089666,Robins' estimator,1.0,0.4,3411,0.0,0.0,0.0
40,0.290176554261204,-0.0289324631664029,-0.18278120549552032,Robins' estimator,1.0,0.4,3411,0.0,0.0,0.0
41,0.6671495014995716,0.30693187300188857,-0.04483281699854455,Robins' estimator,1.0,0.4,3411,0.0,0.0,0.0
42,0.17335921079297267,-0.06576705528097936,-0.45885680977450355,Robins' estimator,1.0,0.4,3411,0.0,0.0,0.0
43,0.6689459073956767,-0.010013654457260315,0.005395463174806616,Robins' estimator,1.0,0.4,3411,0.0,0.0,0.0
44,0.2018154623477511,-0.10354658191004278,-0.020199873624776897,Robins' estimator,1.0,0.4,3411,0.0,0.0,0.0
45,-0.7649101461514777,-0.3133499926113479,-0.16468645541381152,Robins' estimator,1.0,0.4,3411,0.0,0.0,0.0
46,0.723217846035418,-0.0748740883897637,-0.09376765887059821,Robins' estimator,1.0,0.4,3411,0.0,0.0,0.0
47,0.7822214618634005,0.46089578008521903,0.1799523957778665,Robins' estimator,1.0,0.4,3411,0.0,0.0,0.0
48,-0.7973719926268076,-0.8314190566744024,-0.4171713564247233,Robins' estimator,1.0,0.4,3411,0.0,0.0,0.0
49,-0.595240370492182,-0.13324625454655661,-0.2317394729659988,Robins' estimator,1.0,0.4,3411,0.0,0.0,0.0
50,0.15573542680498806,0.11661233575785294,0.1832460892274784,Robins' estimator,1.0,0.4,3411,0.0,0.0,0.0
51,-0.7617746915763182,-0.43627616537356234,-0.08171015273253351,Robins' estimator,1.0,0.4,3411,0.0,0.0,0.0
52,-0.635945974541052,-0.07374735197239668,-0.05299641444472813,Robins' estimator,1.0,0.4,3411,0.0,0.0,0.0
53,0.2622963680038798,-0.23350031857193593,-0.028515751709045967,Robins' estimator,1.0,0.4,3411,0.0,0.0,0.0
54,-0.7078817603731359,-0.28997848299509726,-0.14544657366310806,Robins' estimator,1.0,0.4,3411,0.0,0.0,0.0
55,0.13822506303544269,-0.2874726513051229,-0.27723072380939695,Robins' estimator,1.0,0.4,3411,0.0,0.0,0.0
56,-0.24226996752556546,-0.43692097881093245,-0.40092944806178277,Robins' estimator,1.0,0.4,3411,0.0,0.0,0.0
57,-0.29979454028366953,-0.24761545697643053,-0.011851355469598413,Robins' estimator,1.0,0.4,3411,0.0,0.0,0.0
58,-0.25969059519442067,-0.14453377121965524,-0.10698583994412869,Robins' estimator,1.0,0.4,3411,0.0,0.0,0.0
59,0.22617308321721857,0.22754757634396977,0.09677878332401686,Robins' estimator,1.0,0.4,3411,0.0,0.0,0.0
60,0.15766616397737163,0.1361570598385684,0.09647672961165468,Robins' estimator,1.0,0.4,3411,0.0,0.0,0.0
61,-0.18658915284403993,0.047960209878581746,-0.12499377018149475,Robins' estimator,1.0,0.4,3411,0.0,0.0,0.0
62,-0.05813941534213295,-0.2546538669220105,-0.2950916742801348,Robins' estimator,1.0,0.4,3411,0.0,0.0,0.0
63,-0.12906392438529388,-0.059531996445119924,-0.18769449009572511,Robins' estimator,1.0,0.4,3411,0.0,0.0,0.0
64,-0.17313482554025716,-0.15006756564284254,0.04138657598968794,Robins' estimator,1.0,0.4,3411,0.0,0.0,0.0
65,-0.5618452265655114,-0.01885209539582318,0.11139823138380905,Robins' estimator,1.0,0.4,3411,0.0,0.0,0.0
66,-0.3668348466198447,-0.40269562891567584,-0.16885742137750323,Robins' estimator,1.0,0.4,3411,0.0,0.0,0.0
67,0.485044533359514,0.6121875091046837,0.4291650306891564,Robins' estimator,1.0,0.4,3411,0.0,0.0,0.0
68,-0.19007767792742786,-0.3257311639288095,0.1236267519566152,Robins' estimator,1.0,0.4,3411,0.0,0.0,0.0
69,0.054759515210010275,0.16804935414212188,0.08575559337325286,Robins' estimator,1.0,0.4,3411,0.0,0.0,0.0
70,-0.294647164928849,-0.57450683413316,-0.3289238571512628,Robins' estimator,1.0,0.4,3411,0.0,0.0,0.0
71,-0.06206793515839694,-0.04056555205194708,-0.16082053547190286,Robins' estimator,1.0,0.4,3411,0.0,0.0,0.0
72,-0.11816712555790314,0.050464082466050365,0.06679336224998184,Robins' estimator,1.0,0.4,3411,0.0,0.0,0.0
73,-0.7585112098069506,-0.3656224377376042,-0.14312236157974473,Robins' estimator,1.0,0.4,3411,0.0,0.0,0.0
74,0.13193302424570855,-0.12450777572921633,-0.2106629359273526,Robins' estimator,1.0,0.4,3411,0.0,0.0,0.0
75,-0.07029762645405525,0.4338841789413955,0.18448933290290118,Robins' estimator,1.0,0.4,3411,0.0,0.0,0.0
76,0.5813950345777847,-0.1209015468573258,0.09064697893784557,Robins' estimator,1.0,0.4,3411,0.0,0.0,0.0
77,0.18768651141718729,0.17840615377166666,0.060461536199045644,Robins' estimator,1.0,0.4,3411,0.0,0.0,0.0
78,-0.8139620925978395,-0.6206564066259102,-0.5156814447799112,Robins' estimator,1.0,0.4,3411,0.0,0.0,0.0
79,0.31099277306539247,0.042783349506411175,-0.1072714783314067,Robins' estimator,1.0,0.4,3411,0.0,0.0,0.0
80,0.27471851251437995,0.30069095870155554,0.1387823655437207,Robins' estimator,1.0,0.4,3411,0.0,0.0,0.0
81,0.3850022537109861,0.013833609904345871,-0.024479985461605056,Robins' estimator,1.0,0.4,3411,0.0,0.0,0.0
82,-0.379492542092646,-0.11420859305069968,-0.10952168305552047,Robins' estimator,1.0,0.4,3411,0.0,0.0,0.0
83,0.10990512000027762,0.16759208123404312,-0.016185850436660106,Robins' estimator,1.0,0.4,3411,0.0,0.0,0.0
84,-0.10671948875596428,0.0800099946677886,-0.17922141122622606,Robins' estimator,1.0,0.4,3411,0.0,0.0,0.0
85,0.042199983803525555,0.02132340144853927,0.08319606269475796,Robins' estimator,1.0,0.4,3411,0.0,0.0,0.0
86,0.19115344143483867,0.11073084150998133,0.08738255464210773,Robins' estimator,1.0,0.4,3411,0.0,0.0,0.0
87,-0.030021549222872295,-0.5386596251324901,-0.125828751622276,Robins' estimator,1.0,0.4,3411,0.0,0.0,0.0
88,-0.3904909053621672,0.16937674797424979,-0.008625871991369542,Robins' estimator,1.0,0.4,3411,0.0,0.0,0.0
89,-0.283490695113554,-0.06738573176924753,0.0008283562115766677,Robins' estimator,1.0,0.4,3411,0.0,0.0,0.0
90,0.18227895805587574,-0.054579098590777496,0.19427094961109345,Robins' estimator,1.0,0.4,3411,0.0,0.0,0.0
91,0.09000177477934032,0.05740823812091722,0.04488051746475286,Robins' estimator,1.0,0.4,3411,0.0,0.0,0.0
92,0.1159860250715933,0.2053091498096737,0.30748090760845087,Robins' estimator,1.0,0.4,3411,0.0,0.0,0.0
93,-0.4834905890247797,-0.4240855684654659,-0.2732620081396497,Robins' estimator,1.0,0.4,3411,0.0,0.0,0.0
94,0.24430152006545394,0.3924426665560037,-0.010224435489703048,Robins' estimator,1.0,0.4,3411,0.0,0.0,0.0
95,0.5249878041518594,0.19423278238688851,0.16847754551683009,Robins' estimator,1.0,0.4,3411,0.0,0.0,0.0
96,0.31486669836426984,0.30101323058550583,0.3668282707881783,Robins' estimator,1.0,0.4,3411,0.0,0.0,0.0
97,0.45727514442735745,0.1798681409403392,0.25749749763744506,Robins' estimator,1.0,0.4,3411,0.0,0.0,0.0
98,-0.49187555227492663,-0.09574809680054783,-0.23218444490467202,Robins' estimator,1.0,0.4,3411,0.0,0.0,0.0
99,0.24285960383072497,0.5253694442431497,0.1803913962484475,Robins' estimator,1.0,0.4,3411,0.0,0.0,0.0
100,0.10041303883423998,0.0950311471011919,-0.01725239350933373,Robins' estimator,1.0,0.4,3411,0.0,0.0,0.0
1,-0.03552427501662256,-0.02975144464273341,0.16680049507238576,GMM estimator,1.0,0.4,3411,0.0,0.0,0.0
2,-0.2658028463048051,-0.031406276355997576,-0.21687055723579207,GMM estimator,1.0,0.4,3411,0.0,0.0,0.0
3,-0.684540013487388,-0.20917150675443213,-0.11996005504665844,GMM estimator,1.0,0.4,3411,0.0,0.0,0.0
4,0.23928643988851483,0.13925582373204948,0.08136336112403555,GMM estimator,1.0,0.4,3411,0.0,0.0,0.0
5,1.115977868035766,0.034199773301180195,-0.07187432696981497,GMM estimator,1.0,0.4,3411,0.0,0.0,0.0
6,0.4816373594084955,0.2068546356443064,0.22112710004612823,GMM estimator,1.0,0.4,3411,0.0,0.0,0.0
7,0.1973167355138189,0.3114300108634923,0.023362056486580032,GMM estimator,1.0,0.4,3411,0.0,0.0,0.0
8,-0.07023258691030856,0.36978202726406545,0.33989543597381755,GMM estimator,1.0,0.4,3411,0.0,0.0,0.0
9,-0.5674262512124106,-0.3754711972401137,-0.4208332253808643,GMM estimator,1.0,0.4,3411,0.0,0.0,0.0
10,-1.0524024990663063,-0.7033739686876932,-0.30141071745458614,GMM estimator,1.0,0.4,3411,0.0,0.0,0.0
11,-0.3196591238674999,-0.1411119359362889,-0.01368900053495909,GMM estimator,1.0,0.4,3411,0.0,0.0,0.0
12,-0.26172296994978156,-0.1674132950020266,-0.03857556726741577,GMM estimator,1.0,0.4,3411,0.0,0.0,0.0
13,0.11197704979548165,-0.010372226003581371,0.05263683573319812,GMM estimator,1.0,0.4,3411,0.0,0.0,0.0
14,0.20606660826790174,-0.016030604031502728,-0.052389363383223725,GMM estimator,1.0,0.4,3411,0.0,0.0,0.0
15,0.4009824650499403,0.3162839647941284,0.6153721529417246,GMM estimator,1.0,0.4,3411,0.0,0.0,0.0
16,1.0296329864875071,0.35777122057430977,0.4839619242551261,GMM estimator,1.0,0.4,3411,0.0,0.0,0.0
17,0.7109272619552002,0.31335147540017594,0.1984811279882029,GMM estimator,1.0,0.4,3411,0.0,0.0,0.0
18,0.06490632666912374,0.2692060532690587,0.2801553906205619,GMM estimator,1.0,0.4,3411,0.0,0.0,0.0
19,-0.18910803571293872,0.12084305582386376,-0.083114249171526,GMM estimator,1.0,0.4,3411,0.0,0.0,0.0
20,0.25792136301178503,0.2709247923239419,-0.040634909860116517,GMM estimator,1.0,0.4,3411,0.0,0.0,0.0
21,1.1443202909677241,0.5477683288966926,0.39508280083178826,GMM estimator,1.0,0.4,3411,0.0,0.0,0.0
22,-0.22191358324293198,-0.33152576786127225,-0.33290958838968693,GMM estimator,1.0,0.4,3411,0.0,0.0,0.0
23,-0.5684993592790132,-0.483322592300759,-0.07640546010380528,GMM estimator,1.0,0.4,3411,0.0,0.0,0.0
24,-0.20034124559045186,0.2378523845259059,-0.15111627795960142,GMM estimator,1.0,0.4,3411,0.0,0.0,0.0
25,0.19624524945595145,-0.01916724148140555,0.10232586921343392,GMM estimator,1.0,0.4,3411,0.0,0.0,0.0
26,1.0363389963551355,0.5674287935653661,0.0024665554306164683,GMM estimator,1.0,0.4,3411,0.0,0.0,0.0
27,0.21442815344611993,0.053298071596139474,0.07135910644220764,GMM estimator,1.0,0.4,3411,0.0,0.0,0.0
28,0.6889384424073878,0.3821450533944147,0.15113360743972576,GMM estimator,1.0,0.4,3411,0.0,0.0,0.0
29,0.2470105413175336,0.4250669177711018,0.07020668444856676,GMM estimator,1.0,0.4,3411,0.0,0.0,0.0
30,0.2501714076414606,0.2684449489569279,0.5382363576436403,GMM estimator,1.0,0.4,3411,0.0,0.0,0.0
31,0.18744684331387812,-0.01145069260292485,0.014618129377105259,GMM estimator,1.0,0.4,3411,0.0,0.0,0.0
32,-0.040214173407474796,0.008826685465728124,0.006311252550013913,GMM estimator,1.0,0.4,3411,0.0,0.0,0.0
33,0.3030052962854507,0.1694878124480126,-0.06457958580402597,GMM estimator,1.0,0.4,3411,0.0,0.0,0.0
34,-0.026610224613387204,0.04779754850352369,-0.15603322428321856,GMM estimator,1.0,0.4,3411,0.0,0.0,0.0
35,0.795249682272309,0.42716826369646715,0.22068333734529413,GMM estimator,1.0,0.4,3411,0.0,0.0,0.0
36,-0.6181499293583647,-0.12802030689304383,-0.08542307466671792,GMM estimator,1.0,0.4,3411,0.0,0.0,0.0
37,0.7504563598703898,0.6337433456984389,0.2953438282737328,GMM estimator,1.0,0.4,3411,0.0,0.0,0.0
38,-0.09238122938442661,-0.029796825065193686,0.15627810344897897,GMM estimator,1.0,0.4,3411,0.0,0.0,0.0
39,-0.0853066713258398,0.26490598305949786,0.18307446450656611,GMM estimator,1.0,0.4,3411,0.0,0.0,0.0
40,0.1736970382006402,-0.10506267599888014,-0.2027406846981457,GMM estimator,1.0,0.4,3411,0.0,0.0,0.0
41,0.521182907054305,0.21320552771037404,-0.07563533517659513,GMM estimator,1.0,0.4,3411,0.0,0.0,0.0
42,0.13503081385605992,-0.09933642729217203,-0.5095494548080964,GMM estimator,1.0,0.4,3411,0.0,0.0,0.0
43,0.6945144200532918,-0.020560063986216143,8.750207970903597e-05,GMM estimator,1.0,0.4,3411,0.0,0.0,0.0
44,0.13995860010199873,-0.1149638370444798,-0.0201820795239979,GMM estimator,1.0,0.4,3411,0.0,0.0,0.0
45,-0.7758662381788567,-0.3191004537840828,-0.1708407644710081,GMM estimator,1.0,0.4,3411,0.0,0.0,0.0
46,0.22201386085333016,-0.17627956544171533,-0.13230939437366765,GMM estimator,1.0,0.4,3411,0.0,0.0,0.0
47,0.7281405121136013,0.4364310052383829,0.1625198509355682,GMM estimator,1.0,0.4,3411,0.0,0.0,0.0
48,-0.804125500085641,-0.7946994768135098,-0.3920113455165903,GMM estimator,1.0,0.4,3411,0.0,0.0,0.0
49,-0.5949494733513678,-0.134971099551296,-0.23199809453152487,GMM estimator,1.0,0.4,3411,0.0,0.0,0.0
50,-0.13425194651093147,0.006612554758720801,0.11494535987382562,GMM estimator,1.0,0.4,3411,0.0,0.0,0.0
51,-0.8588109394359561,-0.4309420627782986,-0.04837635953220055,GMM estimator,1.0,0.4,3411,0.0,0.0,0.0
52,-0.6192450733474302,-0.04111022929619683,-0.0288973102736244,GMM estimator,1.0,0.4,3411,0.0,0.0,0.0
53,0.20411543538901178,-0.19814240598455152,0.000844836595165599,GMM estimator,1.0,0.4,3411,0.0,0.0,0.0
54,-0.719502620650794,-0.3119429126453213,-0.17451863092850234,GMM estimator,1.0,0.4,3411,0.0,0.0,0.0
55,0.11650841261655492,-0.30124632967523535,-0.305603162289298,GMM estimator,1.0,0.4,3411,0.0,0.0,0.0
56,-0.24589135860238737,-0.4477302159010041,-0.40742712479408955,GMM estimator,1.0,0.4,3411,0.0,0.0,0.0
57,-0.46199411934500223,-0.39975807530361646,-0.0720365254693342,GMM estimator,1.0,0.4,3411,0.0,0.0,0.0
58,-0.2518321754499857,-0.13849974111412455,-0.1044927520609665,GMM estimator,1.0,0.4,3411,0.0,0.0,0.0
59,0.08201021696153005,0.07988719675999062,0.001860849771129519,GMM estimator,1.0,0.4,3411,0.0,0.0,0.0
60,0.1403600020435046,0.114665628044463,0.07356199995277754,GMM estimator,1.0,0.4,3411,0.0,0.0,0.0
61,-0.2995579507482157,-0.04373825558345149,-0.17992706581788753,GMM estimator,1.0,0.4,3411,0.0,0.0,0.0
62,-0.15472348121669893,-0.3387281706638964,-0.32639887011363966,GMM estimator,1.0,0.4,3411,0.0,0.0,0.0
63,-0.31455558318103827,-0.31359870634244813,-0.30210280438393744,GMM estimator,1.0,0.4,3411,0.0,0.0,0.0
64,-0.24983187638050003,-0.2610922426991746,-0.04887851971885605,GMM estimator,1.0,0.4,3411,0.0,0.0,0.0
65,-0.7188231569041132,-0.15883417951297574,0.0451655140028001,GMM estimator,1.0,0.4,3411,0.0,0.0,0.0
66,-0.5224970492113052,-0.6126584494759582,-0.2657917673004001,GMM estimator,1.0,0.4,3411,0.0,0.0,0.0
67,0.5041299221720379,0.5848871992358969,0.38574704846691343,GMM estimator,1.0,0.4,3411,0.0,0.0,0.0
68,-0.18888373569365485,-0.3249810862852024,0.12390528155655636,GMM estimator,1.0,0.4,3411,0.0,0.0,0.0
69,0.014980958647617027,0.15330116784809258,0.08520834397044322,GMM estimator,1.0,0.4,3411,0.0,0.0,0.0
70,-0.3393060470658659,-0.6054069346423194,-0.3492330347331004,GMM estimator,1.0,0.4,3411,0.0,0.0,0.0
71,-0.24748946981093278,-0.11808032189545864,-0.20013140676188065,GMM estimator,1.0,0.4,3411,0.0,0.0,0.0
72,-0.19685966722555756,0.00737186201088573,0.06241668382581094,GMM estimator,1.0,0.4,3411,0.0,0.0,0.0
73,-0.7954539707152192,-0.38998296817767286,-0.15557118042886603,GMM estimator,1.0,0.4,3411,0.0,0.0,0.0
74,0.1577991541696901,-0.18665651136474773,-0.2507302256282808,GMM estimator,1.0,0.4,3411,0.0,0.0,0.0
75,-0.17182846950321978,0.29308800829321685,0.12340273115702277,GMM estimator,1.0,0.4,3411,0.0,0.0,0.0
76,0.5658624680086478,-0.10502257039444404,0.11261001541214505,GMM estimator,1.0,0.4,3411,0.0,0.0,0.0
77,0.09973924851579552,0.15953081735216337,0.021442355245200898,GMM estimator,1.0,0.4,3411,0.0,0.0,0.0
78,-0.8584326432438089,-0.5557936456213461,-0.4286633681216249,GMM estimator,1.0,0.4,3411,0.0,0.0,0.0
79,0.14205931833056618,-0.047254446837544,-0.14006751832948483,GMM estimator,1.0,0.4,3411,0.0,0.0,0.0
80,0.17020117646769722,0.28787505993124324,0.1227229480262857,GMM estimator,1.0,0.4,3411,0.0,0.0,0.0
81,0.32965476200412097,-0.034237914966487766,-0.06048624224446765,GMM estimator,1.0,0.4,3411,0.0,0.0,0.0
82,-0.5771049556725392,-0.2000496444641016,-0.15684827380113342,GMM estimator,1.0,0.4,3411,0.0,0.0,0.0
83,0.16302735328077655,0.19680886265559014,-0.002325231994300906,GMM estimator,1.0,0.4,3411,0.0,0.0,0.0
84,-0.14799804170647107,0.022716931586535927,-0.222189264270586,GMM estimator,1.0,0.4,3411,0.0,0.0,0.0
85,-0.0170511791613698,-0.04873382359860211,0.02618639152351282,GMM estimator,1.0,0.4,3411,0.0,0.0,0.0
86,-0.0735918075713527,-0.15143907576262342,-0.053226400277892105,GMM estimator,1.0,0.4,3411,0.0,0.0,0.0
87,-0.07880516180435221,-0.5802705877321204,-0.14551983562346843,GMM estimator,1.0,0.4,3411,0.0,0.0,0.0
88,-0.4870442684277101,0.12006803711305739,-0.06378476706300329,GMM estimator,1.0,0.4,3411,0.0,0.0,0.0
89,-0.27154563167796464,-0.05847351925533617,-0.0024494553712442885,GMM estimator,1.0,0.4,3411,0.0,0.0,0.0
90,0.1966595545124066,-0.007801077984737621,0.22626930370814313,GMM estimator,1.0,0.4,3411,0.0,0.0,0.0
91,0.007682840351343784,-0.017210743539265466,-0.011066678993698037,GMM estimator,1.0,0.4,3411,0.0,0.0,0.0
92,0.09134796977018583,0.15371703307792786,0.2779410601293494,GMM estimator,1.0,0.4,3411,0.0,0.0,0.0
93,-0.5254936187754835,-0.4578545305450694,-0.2844703869103945,GMM estimator,1.0,0.4,3411,0.0,0.0,0.0
94,0.16944633553884816,0.36249694824919065,-0.0389689976811487,GMM estimator,1.0,0.4,3411,0.0,0.0,0.0
95,0.49190143943056697,0.15676280258459102,0.16653925983918688,GMM estimator,1.0,0.4,3411,0.0,0.0,0.0
96,0.2923793444297986,0.30127871680091894,0.37530759907377653,GMM estimator,1.0,0.4,3411,0.0,0.0,0.0
97,0.43583192605522125,0.13910068952389076,0.24257048781210658,GMM estimator,1.0,0.4,3411,0.0,0.0,0.0
98,-0.5196179098737238,-0.10809044374334159,-0.23940474604398726,GMM estimator,1.0,0.4,3411,0.0,0.0,0.0
99,0.16605574759737507,0.48162706277485917,0.16914137213329106,GMM estimator,1.0,0.4,3411,0.0,0.0,0.0
100,0.002878302456781584,0.04857049210885082,-0.04956183573867527,GMM estimator,1.0,0.4,3411,0.0,0.0,0.0
1,0.11752611905289313,1.634306485295526,0.44682836106382046,Three-step,0.25,0.6,3411,0.0,0.0,0.0
2,-0.898658503416496,-1.2289501121664712,-0.3723074724682197,Three-step,0.25,0.6,3411,0.0,0.0,0.0
3,-0.6504065901721885,0.01051405341513894,0.08007637127727778,Three-step,0.25,0.6,3411,0.0,0.0,0.0
4,0.20902826317313236,0.08091295406692604,0.13035937223206917,Three-step,0.25,0.6,3411,0.0,0.0,0.0
5,0.18485080911651833,-0.2709756801728372,-0.16997883554425194,Three-step,0.25,0.6,3411,0.0,0.0,0.0
6,-0.21515482043560108,0.023632451923055138,0.6168727387074359,Three-step,0.25,0.6,3411,0.0,0.0,0.0
7,0.1260880440504568,-0.24652457674943642,0.22454991141607897,Three-step,0.25,0.6,3411,0.0,0.0,0.0
8,-0.5556541138564041,0.48446056575468194,-0.07261573497832725,Three-step,0.25,0.6,3411,0.0,0.0,0.0
9,-0.5862372912348438,0.010105437207892488,-0.5453242585445098,Three-step,0.25,0.6,3411,0.0,0.0,0.0
10,0.3108246630099219,-0.06558747959734214,-0.45992766155450554,Three-step,0.25,0.6,3411,0.0,0.0,0.0
11,0.2552907338869194,-0.25233427529012353,0.014359964605421665,Three-step,0.25,0.6,3411,0.0,0.0,0.0
12,-0.5774522483906788,-0.620248776585032,0.6138605390341633,Three-step,0.25,0.6,3411,0.0,0.0,0.0
13,0.5896727602347747,0.7882022529397227,0.454969744925944,Three-step,0.25,0.6,3411,0.0,0.0,0.0
14,0.33781034693957634,-0.6716747562601242,-0.4697533100432712,Three-step,0.25,0.6,3411,0.0,0.0,0.0
15,0.5755159091262065,1.7333482576242758,0.5229128456432227,Three-step,0.25,0.6,3411,0.0,0.0,0.0
16,1.0857829831834929,0.3296366589315872,0.3879516795220105,Three-step,0.25,0.6,3411,0.0,0.0,0.0
17,-0.12388684212248212,0.2843654404708333,-0.027044117417603323,Three-step,0.25,0.6,3411,0.0,0.0,0.0
18,0.9498074327501039,1.1905947219298116,0.8569043747313824,Three-step,0.25,0.6,3411,0.0,0.0,0.0
19,0.02498503216516116,-0.5620665478267799,-0.19351895280015416,Three-step,0.25,0.6,3411,0.0,0.0,0.0
20,-0.39343820009978486,-0.27923933641793,-0.3134290455424285,Three-step,0.25,0.6,3411,0.0,0.0,0.0
21,1.0315074095955419,0.13066309885665559,0.34563303255129035,Three-step,0.25,0.6,3411,0.0,0.0,0.0
22,-0.29042627929472664,-0.7110109955427589,-0.33448703839648325,Three-step,0.25,0.6,3411,0.0,0.0,0.0
23,0.060943833687512446,0.18370767326410264,-0.6891580109697064,Three-step,0.25,0.6,3411,0.0,0.0,0.0
24,-1.0765180841865694,-0.18229309228566312,0.038057758325251635,Three-step,0.25,0.6,3411,0.0,0.0,0.0
25,0.08816205179309491,0.7673502004888453,-0.5798122061088534,Three-step,0.25,0.6,3411,0.0,0.0,0.0
26,-0.4700005929911625,0.020192840684568582,0.0015603025595996797,Three-step,0.25,0.6,3411,0.0,0.0,0.0
27,-0.24266474276944883,0.6511212210002885,0.07312526032171389,Three-step,0.25,0.6,3411,0.0,0.0,0.0
28,0.0659992731168619,0.456707026929419,0.14019530360457794,Three-step,0.25,0.6,3411,0.0,0.0,0.0
29,-0.2228306530306076,-0.6258119179885553,-0.2515202636778435,Three-step,0.25,0.6,3411,0.0,0.0,0.0
30,0.49990378627071075,0.4647321551103753,0.13849896019545796,Three-step,0.25,0.6,3411,0.0,0.0,0.0
31,0.10410400584155977,-0.13340425794189967,0.1719116391550461,Three-step,0.25,0.6,3411,0.0,0.0,0.0
32,-0.5729520174788131,-0.81074611017651,0.3438382667397244,Three-step,0.25,0.6,3411,0.0,0.0,0.0
33,0.18538175039165905,-0.07998280404406123,-0.6790363763499203,Three-step,0.25,0.6,3411,0.0,0.0,0.0
34,-0.2936872809124431,-0.6770431772963705,0.33581444282681633,Three-step,0.25,0.6,3411,0.0,0.0,0.0
35,-0.049956907800576336,0.724901225104461,-0.07308821960921832,Three-step,0.25,0.6,3411,0.0,0.0,0.0
36,-0.5572518499390301,0.5129628967428316,-0.8830284041618107,Three-step,0.25,0.6,3411,0.0,0.0,0.0
37,-0.28179735935540823,0.09323088823783043,0.07074755360611404,Three-step,0.25,0.6,3411,0.0,0.0,0.0
38,0.3553241504719316,0.05404357446506007,0.09873815679126292,Three-step,0.25,0.6,3411,0.0,0.0,0.0
39,0.22637906053368514,-0.012767114776473626,0.2934937977669568,Three-step,0.25,0.6,3411,0.0,0.0,0.0
40,-0.7582208699390476,-0.3021413725574578,-0.6681102857473692,Three-step,0.25,0.6,3411,0.0,0.0,0.0
41,-0.14470941086653122,-0.5577334484150127,0.6033195408354489,Three-step,0.25,0.6,3411,0.0,0.0,0.0
42,-0.5742541430876152,-0.1120987734459626,-0.2849745546496308,Three-step,0.25,0.6,3411,0.0,0.0,0.0
43,0.7644721169383583,-0.3856808363715331,0.5895299215043482,Three-step,0.25,0.6,3411,0.0,0.0,0.0
44,0.4524078054865699,-0.3865179787363524,0.09586293662250038,Three-step,0.25,0.6,3411,0.0,0.0,0.0
45,-0.14065281375679495,0.7197433254016545,-0.014217432539131302,Three-step,0.25,0.6,3411,0.0,0.0,0.0
46,-0.04753663875794224,-0.5884860730952176,-0.31799969335168426,Three-step,0.25,0.6,3411,0.0,0.0,0.0
47,0.4169179926919931,0.27153137866812294,0.04151077878925366,Three-step,0.25,0.6,3411,0.0,0.0,0.0
48,-0.11431423720380346,0.197130135263046,-0.3357566456771687,Three-step,0.25,0.6,3411,0.0,0.0,0.0
49,-0.15224093357765348,-0.541719080918589,0.595038234986816,Three-step,0.25,0.6,3411,0.0,0.0,0.0
50,0.9884563067135588,-0.08888731358673181,0.0168027909797331,Three-step,0.25,0.6,3411,0.0,0.0,0.0
51,0.04081931227987786,0.176926286524997,-0.6270749166422331,Three-step,0.25,0.6,3411,0.0,0.0,0.0
52,0.29938927943501975,0.12811991782148743,0.4304169220015274,Three-step,0.25,0.6,3411,0.0,0.0,0.0
53,0.9580021580762184,-0.08635316244665224,0.6296797348629978,Three-step,0.25,0.6,3411,0.0,0.0,0.0
54,0.024510796051492742,0.019483379323145103,-0.18122386522267145,Three-step,0.25,0.6,3411,0.0,0.0,0.0
55,0.2158318784954438,0.35763710998942433,0.059808399132489844,Three-step,0.25,0.6,3411,0.0,0.0,0.0
56,-0.45390097945531377,-0.9139517948413154,-0.4955274152100872,Three-step,0.25,0.6,3411,0.0,0.0,0.0
57,0.318851106738547,0.7213244800319306,0.43281027249219567,Three-step,0.25,0.6,3411,0.0,0.0,0.0
58,-0.4087854410407392,-0.7037632472204969,0.023787473745190132,Three-step,0.25,0.6,3411,0.0,0.0,0.0
59,0.46037336381450567,0.46376119046260345,0.19223287257339594,Three-step,0.25,0.6,3411,0.0,0.0,0.0
60,-0.7319188620124356,-0.3254341248479532,0.07463145296235324,Three-step,0.25,0.6,3411,0.0,0.0,0.0
61,-0.46135085806913384,-0.3430199338358975,-0.6716124600829081,Three-step,0.25,0.6,3411,0.0,0.0,0.0
62,-0.408194485192952,-1.0278864485561443,-0.5195797331670744,Three-step,0.25,0.6,3411,0.0,0.0,0.0
63,-0.45222147022791087,0.021782176250517798,-0.6621869958184573,Three-step,0.25,0.6,3411,0.0,0.0,0.0
64,-0.5795694868065929,-0.5592838203072493,-0.7583925157373897,Three-step,0.25,0.6,3411,0.0,0.0,0.0
65,0.8528728654387709,1.0360324053265983,-0.12208535758123902,Three-step,0.25,0.6,3411,0.0,0.0,0.0
66,-0.1638386499354001,-0.39814923519421186,-0.19954171154737194,Three-step,0.25,0.6,3411,0.0,0.0,0.0
67,0.004896435155879674,0.15910599801878064,0.5255554771801138,Three-step,0.25,0.6,3411,0.0,0.0,0.0
68,0.45467684466974484,1.5804107334107467,0.275580590357688,Three-step,0.25,0.6,3411,0.0,0.0,0.0
69,-0.18839847598469017,0.9392656317874044,0.2432527363760852,Three-step,0.25,0.6,3411,0.0,0.0,0.0
70,-0.2344274717249932,0.3156923094164801,-0.49087113093583706,Three-step,0.25,0.6,3411,0.0,0.0,0.0
71,0.14584343128540916,-0.023441424293994772,-0.34031519813387684,Three-step,0.25,0.6,3411,0.0,0.0,0.0
72,-0.13570434406632678,0.3210553563895383,0.39398446220306527,Three-step,0.25,0.6,3411,0.0,0.0,0.0
73,-0.9337516363233757,0.2901032943876832,-0.24859597279136977,Three-step,0.25,0.6,3411,0.0,0.0,0.0
74,-0.08142992617243365,-0.06212391919800473,0.42474908249627263,Three-step,0.25,0.6,3411,0.0,0.0,0.0
75,0.4846146579335575,0.2280565119174383,0.681532835961665,Three-step,0.25,0.6,3411,0.0,0.0,0.0
76,0.24092784409442125,0.35665662740062093,-0.02082934129907592,Three-step,0.25,0.6,3411,0.0,0.0,0.0
77,-0.3225413015760404,-0.5527491245178895,-0.3647779282832758,Three-step,0.25,0.6,3411,0.0,0.0,0.0
78,-0.08745507757023059,-0.42019794037042923,-1.2919745474308022,Three-step,0.25,0.6,3411,0.0,0.0,0.0
79,-0.44281018762277957,-0.19645494375956082,0.022979037875762304,Three-step,0.25,0.6,3411,0.0,0.0,0.0
80,-0.07493722974253939,0.03146449158453915,0.12647508076639202,Three-step,0.25,0.6,3411,0.0,0.0,0.0
81,-0.43168273522390044,-0.30887621136857074,-0.4082641022680496,Three-step,0.25,0.6,3411,0.0,0.0,0.0
82,-0.26416494075785785,0.3630343727295759,0.5856187611332334,Three-step,0.25,0.6,3411,0.0,0.0,0.0
83,-0.15198652893411263,-0.44691920483629016,0.5041270908295806,Three-step,0.25,0.6,3411,0.0,0.0,0.0
84,-0.9283973847538,-0.17044748296412063,-0.5264768513321154,Three-step,0.25,0.6,3411,0.0,0.0,0.0
85,0.7896148667670769,0.13808063120258277,0.1396836633332381,Three-step,0.25,0.6,3411,0.0,0.0,0.0
86,-0.03546860281029961,0.20689763572120962,0.026322684242634526,Three-step,0.25,0.6,3411,0.0,0.0,0.0
87,0.9455031887167793,-0.1845547461777209,-0.11306343144157029,Three-step,0.25,0.6,3411,0.0,0.0,0.0
88,0.005701115924489112,-0.06257730093560528,-0.2704170885299873,Three-step,0.25,0.6,3411,0.0,0.0,0.0
89,0.07896955624411192,-0.18245348654079988,-0.2528117480670509,Three-step,0.25,0.6,3411,0.0,0.0,0.0
90,0.8406734767004714,0.7900158727417799,0.11071441030625058,Three-step,0.25,0.6,3411,0.0,0.0,0.0
91,-0.18441221515441616,-0.5435461594187546,0.11976795739616097,Three-step,0.25,0.6,3411,0.0,0.0,0.0
92,-0.26907488224225584,1.0969402806743629,-0.10280831263426539,Three-step,0.25,0.6,3411,0.0,0.0,0.0
93,0.18595967585151077,0.611056292583435,-0.5620003123998897,Three-step,0.25,0.6,3411,0.0,0.0,0.0
94,-0.34047080368878035,-0.06952531575121346,0.1880952712449581,Three-step,0.25,0.6,3411,0.0,0.0,0.0
95,0.09361307107460996,0.18285078706433577,0.24548570917915424,Three-step,0.25,0.6,3411,0.0,0.0,0.0
96,0.28246674244161385,0.2271272546807458,0.9080305450471275,Three-step,0.25,0.6,3411,0.0,0.0,0.0
97,0.6456593047486524,1.0375858605547432,0.0027798690950651076,Three-step,0.25,0.6,3411,0.0,0.0,0.0
98,-0.46193869168966273,-0.6947913608580657,-0.8624604345314981,Three-step,0.25,0.6,3411,0.0,0.0,0.0
99,-0.3694265999343822,0.6680871057173482,0.2254098223989423,Three-step,0.25,0.6,3411,0.0,0.0,0.0
100,-0.21099146792981222,-0.3341689537073818,-0.46706413117345247,Three-step,0.25,0.6,3411,0.0,0.0,0.0
1,0.19901971912764596,1.593336714073991,0.4468283610603607,Robins' estimator,0.25,0.6,3411,0.0,0.0,0.0
2,-0.7394732408728732,-1.3426109295883533,-0.3723074723976698,Robins' estimator,0.25,0.6,3411,0.0,0.0,0.0
3,-0.5912847621973866,-0.1798495508701819,0.08007637127939651,Robins' estimator,0.25,0.6,3411,0.0,0.0,0.0
4,0.37906868391001125,0.11524597697432758,0.13035937223225189,Robins' estimator,0.25,0.6,3411,0.0,0.0,0.0
5,0.14462368575354215,-0.21075838794473115,-0.16997883554413906,Robins' estimator,0.25,0.6,3411,0.0,0.0,0.0
6,-0.1956488953646854,0.02550817896042762,0.6168727387074245,Robins' estimator,0.25,0.6,3411,0.0,0.0,0.0
7,0.09128733000019966,-0.46025216694272314,0.22454991141839312,Robins' estimator,0.25,0.6,3411,0.0,0.0,0.0
8,-0.4789226657417569,0.210413206783895,-0.0726157349783502,Robins' estimator,0.25,0.6,3411,0.0,0.0,0.0
9,-0.6732168500579886,-0.07186873181915933,-0.5453242585446623,Robins' estimator,0.25,0.6,3411,0.0,0.0,0.0
10,0.32306720289595875,-0.029386651127631225,-0.45992766155477255,Robins' estimator,0.25,0.6,3411,0.0,0.0,0.0
11,0.23537425044163196,-0.5093776344152497,0.014359964605421728,Robins' estimator,0.25,0.6,3411,0.0,0.0,0.0
12,-0.5060118133787719,-0.6345094167733737,0.613860539021577,Robins' estimator,0.25,0.6,3411,0.0,0.0,0.0
13,0.5172794461795537,0.5701034892718813,0.4549697449290081,Robins' estimator,0.25,0.6,3411,0.0,0.0,0.0
14,0.2708183532710186,-0.45321300604645126,-0.46975331004359505,Robins' estimator,0.25,0.6,3411,0.0,0.0,0.0
15,0.4843485548106569,1.4925560932854627,0.5229128456322221,Robins' estimator,0.25,0.6,3411,0.0,0.0,0.0
16,1.0345444721425137,0.37402490540448285,0.38795167951633275,Robins' estimator,0.25,0.6,3411,0.0,0.0,0.0
17,-0.024521449782948884,0.3055902914651108,-0.027044117417598226,Robins' estimator,0.25,0.6,3411,0.0,0.0,0.0
18,0.5700903278431901,1.130665853194078,0.8569043747313825,Robins' estimator,0.25,0.6,3411,0.0,0.0,0.0
19,0.011865019918131567,-0.39658285265278087,-0.19351895280186626,Robins' estimator,0.25,0.6,3411,0.0,0.0,0.0
20,-0.24198765950781123,-0.4878472179902692,-0.3134290456031058,Robins' estimator,0.25,0.6,3411,0.0,0.0,0.0
21,0.8625900099731115,0.2836715280657623,0.3456330324669861,Robins' estimator,0.25,0.6,3411,0.0,0.0,0.0
22,-0.262091520856828,-0.653800053861972,-0.33448703839473276,Robins' estimator,0.25,0.6,3411,0.0,0.0,0.0
23,0.1288463231705423,0.20756430200519196,-0.6891580109570784,Robins' estimator,0.25,0.6,3411,0.0,0.0,0.0
24,-0.9897242611172605,-0.06711533330192733,0.03805775832529471,Robins' estimator,0.25,0.6,3411,0.0,0.0,0.0
25,0.012133937094724134,0.7587455603243705,-0.5798122060995216,Robins' estimator,0.25,0.6,3411,0.0,0.0,0.0
26,-0.48082930607888213,-0.022715679425172483,0.0015603025595997233,Robins' estimator,0.25,0.6,3411,0.0,0.0,0.0
27,-0.26206583132646594,0.45391179794515346,0.07312526032165521,Robins' estimator,0.25,0.6,3411,0.0,0.0,0.0
28,-0.056425060048532975,0.48873412557222595,0.1401953036121595,Robins' estimator,0.25,0.6,3411,0.0,0.0,0.0
29,-0.06266353781465385,-0.7545292189226301,-0.2515202636777924,Robins' estimator,0.25,0.6,3411,0.0,0.0,0.0
30,0.4136693930712469,0.7185163652518312,0.13849896019545796,Robins' estimator,0.25,0.6,3411,0.0,0.0,0.0
31,0.20893203058126877,-0.17890692043719758,0.1719116391892699,Robins' estimator,0.25,0.6,3411,0.0,0.0,0.0
32,-0.5909879168353366,-0.7159830598389123,0.34383826673454826,Robins' estimator,0.25,0.6,3411,0.0,0.0,0.0
33,0.15513077489297397,-0.06292539732730747,-0.6790363763544748,Robins' estimator,0.25,0.6,3411,0.0,0.0,0.0
34,-0.35928169847107594,-0.553990337452453,0.3358144428292553,Robins' estimator,0.25,0.6,3411,0.0,0.0,0.0
35,0.019085414576515355,0.40095777822556916,-0.07308821960895989,Robins' estimator,0.25,0.6,3411,0.0,0.0,0.0
36,-0.44359978722655713,0.32441649104656806,-0.8830284041579017,Robins' estimator,0.25,0.6,3411,0.0,0.0,0.0
37,-0.03819918176563448,0.22543419658121647,0.07074755360617406,Robins' estimator,0.25,0.6,3411,0.0,0.0,0.0
38,0.466902593059476,-0.042906116722266525,0.09873815679082604,Robins' estimator,0.25,0.6,3411,0.0,0.0,0.0
39,0.14419270409404306,0.12859479317483455,0.2934937977604516,Robins' estimator,0.25,0.6,3411,0.0,0.0,0.0
40,-0.7533087984956939,-0.2568622416450872,-0.6681102857466622,Robins' estimator,0.25,0.6,3411,0.0,0.0,0.0
41,-0.07033136664396196,-0.5227289003493708,0.6033195408345992,Robins' estimator,0.25,0.6,3411,0.0,0.0,0.0
42,-0.4317340560392834,-0.18078821509269738,-0.28497455465986377,Robins' estimator,0.25,0.6,3411,0.0,0.0,0.0
43,0.6526369158890408,-0.3941423515788708,0.5895299215043761,Robins' estimator,0.25,0.6,3411,0.0,0.0,0.0
44,0.4619015839899071,-0.27697113641846316,0.09586293662241702,Robins' estimator,0.25,0.6,3411,0.0,0.0,0.0
45,-0.14530832094901647,0.9009817881102797,-0.014217432539131295,Robins' estimator,0.25,0.6,3411,0.0,0.0,0.0
46,0.05028386919694752,-0.4207532712642841,-0.31799969335299616,Robins' estimator,0.25,0.6,3411,0.0,0.0,0.0
47,0.396153548985395,-0.00912716158088645,0.041510778794618085,Robins' estimator,0.25,0.6,3411,0.0,0.0,0.0
48,-0.05131355400976594,0.20851615083610578,-0.33575664567839325,Robins' estimator,0.25,0.6,3411,0.0,0.0,0.0
49,-0.08734134637146514,-0.4899570169755741,0.5950382349862436,Robins' estimator,0.25,0.6,3411,0.0,0.0,0.0
50,0.8635734700729053,0.04472718980202018,0.016802790979733407,Robins' estimator,0.25,0.6,3411,0.0,0.0,0.0
51,0.05793423062240146,0.25784259553430455,-0.6270749166182028,Robins' estimator,0.25,0.6,3411,0.0,0.0,0.0
52,0.08063147281424858,0.1533341260241428,0.4304169220015027,Robins' estimator,0.25,0.6,3411,0.0,0.0,0.0
53,0.9165270126409623,-0.22350332653691027,0.6296797348642825,Robins' estimator,0.25,0.6,3411,0.0,0.0,0.0
54,-0.07613503207304859,-0.13123486989758126,-0.1812238652225429,Robins' estimator,0.25,0.6,3411,0.0,0.0,0.0
55,-0.010035002144098863,0.31469136454465557,0.05980839913253838,Robins' estimator,0.25,0.6,3411,0.0,0.0,0.0
56,-0.2722643073378283,-0.8739359130820326,-0.49552741521641847,Robins' estimator,0.25,0.6,3411,0.0,0.0,0.0
57,0.3165202308065891,0.8641373306302728,0.4328102724921958,Robins' estimator,0.25,0.6,3411,0.0,0.0,0.0
58,-0.29718892752959436,-0.30984420072612284,0.0237874737451901,Robins' estimator,0.25,0.6,3411,0.0,0.0,0.0
59,0.48627198513961817,0.2852103931354258,0.19223287257365723,Robins' estimator,0.25,0.6,3411,0.0,0.0,0.0
60,-0.5298040278983843,-0.2298428383990552,0.07463145296234672,Robins' estimator,0.25,0.6,3411,0.0,0.0,0.0
61,-0.32498928419930806,-0.23847479818392742,-0.6716124597385769,Robins' estimator,0.25,0.6,3411,0.0,0.0,0.0
62,-0.23109351375389917,-1.0564315279322964,-0.5195797331675649,Robins' estimator,0.25,0.6,3411,0.0,0.0,0.0
63,-0.2708904199658859,-0.31047852604005566,-0.6621869958184712,Robins' estimator,0.25,0.6,3411,0.0,0.0,0.0
64,-0.43225692955781103,-0.5590252666061246,-0.7583925157368272,Robins' estimator,0.25,0.6,3411,0.0,0.0,0.0
65,0.6738075587106008,1.0414737685064765,-0.12208535758123905,Robins' estimator,0.25,0.6,3411,0.0,0.0,0.0
66,-0.03264490441908213,-0.2309684879779172,-0.19954171154605038,Robins' estimator,0.25,0.6,3411,0.0,0.0,0.0
67,-0.09133008268092206,0.18857333240292662,0.5255554771799411,Robins' estimator,0.25,0.6,3411,0.0,0.0,0.0
68,0.4682863986145589,1.6871981631337436,0.2755805903576873,Robins' estimator,0.25,0.6,3411,0.0,0.0,0.0
69,-0.2863713357440361,0.7064566775852639,0.24325273645316134,Robins' estimator,0.25,0.6,3411,0.0,0.0,0.0
70,-0.27235335322451576,0.32695588947932536,-0.4908711309344145,Robins' estimator,0.25,0.6,3411,0.0,0.0,0.0
71,0.2100825891530972,-0.26718514631751117,-0.3403151981340522,Robins' estimator,0.25,0.6,3411,0.0,0.0,0.0
72,-0.08710461796414348,0.2726664527144586,0.3939844622030203,Robins' estimator,0.25,0.6,3411,0.0,0.0,0.0
73,-0.756421395145939,0.034033444630326946,-0.24859597289013252,Robins' estimator,0.25,0.6,3411,0.0,0.0,0.0
74,0.004161806000011465,-0.010808741410175382,0.42474908249918714,Robins' estimator,0.25,0.6,3411,0.0,0.0,0.0
75,0.3119592383946801,0.33628868936390793,0.6815328358534115,Robins' estimator,0.25,0.6,3411,0.0,0.0,0.0
76,0.29953640880451754,0.6797817585077511,-0.020829341299075706,Robins' estimator,0.25,0.6,3411,0.0,0.0,0.0
77,-0.46107080711643017,-0.5815869678986618,-0.3647779281811658,Robins' estimator,0.25,0.6,3411,0.0,0.0,0.0
78,0.06309763167914301,-0.6011342617359948,-1.2919745474212991,Robins' estimator,0.25,0.6,3411,0.0,0.0,0.0
79,-0.35619817393930703,-0.055641198808857935,0.022979037875762377,Robins' estimator,0.25,0.6,3411,0.0,0.0,0.0
80,-0.07373211341261283,-0.04457133583941534,0.12647508076388866,Robins' estimator,0.25,0.6,3411,0.0,0.0,0.0
81,-0.3550855604074891,-0.3324531565053264,-0.40826410225905363,Robins' estimator,0.25,0.6,3411,0.0,0.0,0.0
82,-0.278571171284894,0.3974114850520423,0.5856187611332344,Robins' estimator,0.25,0.6,3411,0.0,0.0,0.0
83,-0.2597948866683478,-0.434939806313992,0.5041270908268907,Robins' estimator,0.25,0.6,3411,0.0,0.0,0.0
84,-0.8181720066696211,-0.12657971180630154,-0.5264768513327351,Robins' estimator,0.25,0.6,3411,0.0,0.0,0.0
85,0.846206304909742,0.053643079483615595,0.13968366333332058,Robins' estimator,0.25,0.6,3411,0.0,0.0,0.0
86,-0.03330949128424419,0.3872372730377318,0.026322684242634595,Robins' estimator,0.25,0.6,3411,0.0,0.0,0.0
87,0.7804515903656171,-0.05518378776206579,-0.11306343144156754,Robins' estimator,0.25,0.6,3411,0.0,0.0,0.0
88,0.028375040969913282,0.07018562366034663,-0.2704170885300417,Robins' estimator,0.25,0.6,3411,0.0,0.0,0.0
89,0.016693122282037988,-0.12874834038821562,-0.25281174806693574,Robins' estimator,0.25,0.6,3411,0.0,0.0,0.0
90,1.0088538980765673,0.764897697210879,0.11071441030625041,Robins' estimator,0.25,0.6,3411,0.0,0.0,0.0
91,-0.10408533494254109,-0.47565555263292425,0.11976795739617524,Robins' estimator,0.25,0.6,3411,0.0,0.0,0.0
92,-0.08887606793139215,1.1654419626288044,-0.1028083126343169,Robins' estimator,0.25,0.6,3411,0.0,0.0,0.0
93,0.40752093209286905,0.3517309438184644,-0.5620003124031674,Robins' estimator,0.25,0.6,3411,0.0,0.0,0.0
94,-0.13598439394834383,-0.38370135643737524,0.18809527124518027,Robins' estimator,0.25,0.6,3411,0.0,0.0,0.0
95,0.3503148094542,0.09779941808009733,0.24548570917092513,Robins' estimator,0.25,0.6,3411,0.0,0.0,0.0
96,0.35262001249161967,0.11973177586299635,0.9080305450415531,Robins' estimator,0.25,0.6,3411,0.0,0.0,0.0
97,0.5374863836238587,0.9210000800753817,0.00277986909506507,Robins' estimator,0.25,0.6,3411,0.0,0.0,0.0
98,-0.5287556685160402,-0.7704147428067484,-0.8624604345315076,Robins' estimator,0.25,0.6,3411,0.0,0.0,0.0
99,-0.3089478980767865,0.6489320737956539,0.22540982240245072,Robins' estimator,0.25,0.6,3411,0.0,0.0,0.0
100,-0.20768826635295695,-0.40920769950637526,-0.4670641310593608,Robins' estimator,0.25,0.6,3411,0.0,0.0,0.0
1,0.09906738440339136,1.5284631439837293,0.30134289605080955,GMM estimator,0.25,0.6,3411,0.0,0.0,0.0
2,-0.8475765629299961,-1.258239417954309,-0.3413307528374303,GMM estimator,0.25,0.6,3411,0.0,0.0,0.0
3,-0.6125977891594188,-0.3790288242058927,0.03510138084588649,GMM estimator,0.25,0.6,3411,0.0,0.0,0.0
4,0.2000195435895168,0.1345709050663357,0.07624020555750587,GMM estimator,0.25,0.6,3411,0.0,0.0,0.0
5,0.17874134388291088,-0.2631376960276371,-0.13241337555577068,GMM estimator,0.25,0.6,3411,0.0,0.0,0.0
6,-0.19374809153016087,0.03230874016076703,0.6197983499756137,GMM estimator,0.25,0.6,3411,0.0,0.0,0.0
7,0.0007883624930446476,-0.5285202685935464,0.21714185732026772,GMM estimator,0.25,0.6,3411,0.0,0.0,0.0
8,-0.4785318515763286,0.0952747511170085,-0.15837819481965826,GMM estimator,0.25,0.6,3411,0.0,0.0,0.0
9,-0.6735724990182741,-0.0957808332853902,-0.35682892330750415,GMM estimator,0.25,0.6,3411,0.0,0.0,0.0
10,0.33489537255588936,-0.031231167723483666,-0.44577369926973565,GMM estimator,0.25,0.6,3411,0.0,0.0,0.0
11,0.09108576261444323,-0.6857555277294543,0.011151623721024712,GMM estimator,0.25,0.6,3411,0.0,0.0,0.0
12,-0.5030983880678838,-0.5796424595754731,0.6356218024956615,GMM estimator,0.25,0.6,3411,0.0,0.0,0.0
13,0.5310185973533075,0.5517394341765864,0.3422551853692688,GMM estimator,0.25,0.6,3411,0.0,0.0,0.0
14,0.23425811956966294,-0.5617154320894556,-0.4176291372721004,GMM estimator,0.25,0.6,3411,0.0,0.0,0.0
15,0.4960095268121605,1.5332926476777495,0.4275711381277596,GMM estimator,0.25,0.6,3411,0.0,0.0,0.0
16,1.0293979004288378,0.3289554988318689,0.36513873648276585,GMM estimator,0.25,0.6,3411,0.0,0.0,0.0
17,-0.04707567277410786,0.32040971404133134,-0.03838998134487877,GMM estimator,0.25,0.6,3411,0.0,0.0,0.0
18,0.06976732528801,0.9620378893752516,0.4927907755617251,GMM estimator,0.25,0.6,3411,0.0,0.0,0.0
19,-0.011313001042872854,-0.49440969170663507,-0.23325233877614257,GMM estimator,0.25,0.6,3411,0.0,0.0,0.0
20,-0.25029968159184446,-0.4547660523743512,-0.33726937622563435,GMM estimator,0.25,0.6,3411,0.0,0.0,0.0
21,0.7350778341613542,0.16842232417542197,0.3495972534966467,GMM estimator,0.25,0.6,3411,0.0,0.0,0.0
22,-0.2563386041807241,-0.6050538835117573,-0.34154443899789744,GMM estimator,0.25,0.6,3411,0.0,0.0,0.0
23,0.11618255333419902,0.2424270887785499,-0.6555606880593702,GMM estimator,0.25,0.6,3411,0.0,0.0,0.0
24,-1.018384793973848,-0.0912442101094521,0.019019936252237524,GMM estimator,0.25,0.6,3411,0.0,0.0,0.0
25,0.012707427991461795,0.7803428439064543,-0.4951709632573994,GMM estimator,0.25,0.6,3411,0.0,0.0,0.0
26,-0.494270367501485,-0.027197603126776018,-0.011063054441112996,GMM estimator,0.25,0.6,3411,0.0,0.0,0.0
27,-0.30571007436471775,0.37968140285086527,0.09923687580324972,GMM estimator,0.25,0.6,3411,0.0,0.0,0.0
28,-0.0683425472018227,0.5152930616040547,0.1530930997568862,GMM estimator,0.25,0.6,3411,0.0,0.0,0.0
29,-0.14517732373267264,-0.7254295536867618,-0.3658870402883073,GMM estimator,0.25,0.6,3411,0.0,0.0,0.0
30,0.29340771186917636,0.5095073546527857,0.12308814798198575,GMM estimator,0.25,0.6,3411,0.0,0.0,0.0
31,0.23394045022223087,-0.08997226293612462,0.18938631804620032,GMM estimator,0.25,0.6,3411,0.0,0.0,0.0
32,-0.5806886815221914,-0.7623294814233916,0.31348669984657096,GMM estimator,0.25,0.6,3411,0.0,0.0,0.0
33,0.14875463591317467,-0.10454831814735542,-0.684257713243615,GMM estimator,0.25,0.6,3411,0.0,0.0,0.0
34,-0.4221998361987448,-0.6341352771859563,0.25997259693948305,GMM estimator,0.25,0.6,3411,0.0,0.0,0.0
35,0.05007489078235991,0.35279727327139565,0.1235587625390589,GMM estimator,0.25,0.6,3411,0.0,0.0,0.0
36,-0.4770480462128766,0.375748279332935,-0.9690130649157531,GMM estimator,0.25,0.6,3411,0.0,0.0,0.0
37,-0.3357934618495136,0.36212170696144735,0.2131667753335658,GMM estimator,0.25,0.6,3411,0.0,0.0,0.0
38,0.46417556928687836,-0.021583303628397138,0.15048180404120629,GMM estimator,0.25,0.6,3411,0.0,0.0,0.0
39,0.13765063475248174,0.04775069744334842,0.32473581707715926,GMM estimator,0.25,0.6,3411,0.0,0.0,0.0
40,-0.7419052324590194,-0.2762359522741802,-0.6267242865608452,GMM estimator,0.25,0.6,3411,0.0,0.0,0.0
41,-0.05270753380838815,-0.47241700383555046,0.6337302792164322,GMM estimator,0.25,0.6,3411,0.0,0.0,0.0
42,-0.56457961630946,-0.16168384988815426,-0.2525862381074102,GMM estimator,0.25,0.6,3411,0.0,0.0,0.0
43,0.5953001254422334,-0.45722087996388305,0.5660424726346017,GMM estimator,0.25,0.6,3411,0.0,0.0,0.0
44,0.41329805734108677,-0.3135726989370136,0.1655174344344449,GMM estimator,0.25,0.6,3411,0.0,0.0,0.0
45,-0.19159581025736191,0.7610437292953968,-0.034376934171147844,GMM estimator,0.25,0.6,3411,0.0,0.0,0.0
46,-0.051228644619491476,-0.4864988283003544,-0.46761341525266176,GMM estimator,0.25,0.6,3411,0.0,0.0,0.0
47,0.30930924722165704,-0.18792259222918026,-0.07085547229963507,GMM estimator,0.25,0.6,3411,0.0,0.0,0.0
48,-0.07812805913260357,0.23413708133140845,-0.3874947149265654,GMM estimator,0.25,0.6,3411,0.0,0.0,0.0
49,-0.08474548508519679,-0.487853972340638,0.48654796188308325,GMM estimator,0.25,0.6,3411,0.0,0.0,0.0
50,0.7270935487057678,-0.04520740197100903,-0.053299688314990934,GMM estimator,0.25,0.6,3411,0.0,0.0,0.0
51,0.0531480807005953,0.2386176162535942,-0.5813571552609239,GMM estimator,0.25,0.6,3411,0.0,0.0,0.0
52,-0.0781331324744042,0.036131729427290905,0.46245996014592516,GMM estimator,0.25,0.6,3411,0.0,0.0,0.0
53,0.8432969025536372,-0.32480434170489736,0.6693331658698172,GMM estimator,0.25,0.6,3411,0.0,0.0,0.0
54,-0.09245926379096603,-0.17052111558249963,-0.3068296617212609,GMM estimator,0.25,0.6,3411,0.0,0.0,0.0
55,-0.18577761554646904,0.2668901004644578,0.131330171847463,GMM estimator,0.25,0.6,3411,0.0,0.0,0.0
56,-0.33903861472462365,-0.8842415952572029,-0.531785448678815,GMM estimator,0.25,0.6,3411,0.0,0.0,0.0
57,0.30131583355876124,0.8048740865215573,0.4598982317210375,GMM estimator,0.25,0.6,3411,0.0,0.0,0.0
58,-0.47767120136450336,-0.8775554624801017,0.03610563190021568,GMM estimator,0.25,0.6,3411,0.0,0.0,0.0
59,0.46704589582719214,0.2348895506288617,0.27623352164471604,GMM estimator,0.25,0.6,3411,0.0,0.0,0.0
60,-0.7334673597527822,-0.21682381328303696,0.05203115513401408,GMM estimator,0.25,0.6,3411,0.0,0.0,0.0
61,-0.37088178039207265,-0.20423375445808467,-0.5398434633694561,GMM estimator,0.25,0.6,3411,0.0,0.0,0.0
62,-0.343669865392258,-0.9192682500125338,-0.48776563967858266,GMM estimator,0.25,0.6,3411,0.0,0.0,0.0
63,-0.5081260404043497,-0.4496840778586997,-0.4963309116200755,GMM estimator,0.25,0.6,3411,0.0,0.0,0.0
64,-0.5032577199355606,-0.43828544398110314,-0.8653800733902529,GMM estimator,0.25,0.6,3411,0.0,0.0,0.0
65,0.5530831100264243,1.1542420361270604,-0.009421315444094636,GMM estimator,0.25,0.6,3411,0.0,0.0,0.0
66,-0.15696941416407179,-0.25509183611069586,-0.22412541951751816,GMM estimator,0.25,0.6,3411,0.0,0.0,0.0
67,-0.09478738289766606,0.1786396727735902,0.5177563833794545,GMM estimator,0.25,0.6,3411,0.0,0.0,0.0
68,0.4607683890950375,1.6883039429094937,0.2491035043768537,GMM estimator,0.25,0.6,3411,0.0,0.0,0.0
69,-0.35073058705517457,0.6703119548922978,0.14998133797695345,GMM estimator,0.25,0.6,3411,0.0,0.0,0.0
70,-0.2636863495103164,0.3319715455666505,-0.4768796946984154,GMM estimator,0.25,0.6,3411,0.0,0.0,0.0
71,0.18119358007745134,-0.35707656943499977,-0.3290128003143451,GMM estimator,0.25,0.6,3411,0.0,0.0,0.0
72,-0.09404754824699509,0.2772974606663079,0.45674158580259666,GMM estimator,0.25,0.6,3411,0.0,0.0,0.0
73,-0.8179100269403811,-0.1417766901840477,-0.2640776087233092,GMM estimator,0.25,0.6,3411,0.0,0.0,0.0
74,-0.031589502562649245,-0.020271814736571192,0.41832925915702485,GMM estimator,0.25,0.6,3411,0.0,0.0,0.0
75,0.24219505356984428,0.23301100690116644,0.55254512844476,GMM estimator,0.25,0.6,3411,0.0,0.0,0.0
76,0.23158415920548397,0.48480650303059336,0.13209067857552345,GMM estimator,0.25,0.6,3411,0.0,0.0,0.0
77,-0.5832388181806796,-0.7204175825145298,-0.40232819002686937,GMM estimator,0.25,0.6,3411,0.0,0.0,0.0
78,-0.04415323511868152,-0.5734374808499938,-1.038456710839398,GMM estimator,0.25,0.6,3411,0.0,0.0,0.0
79,-0.4602759546808234,-0.05810423487476915,-0.09485101594742125,GMM estimator,0.25,0.6,3411,0.0,0.0,0.0
80,-0.05389789606165151,-0.047721681967157564,0.17565814779231947,GMM estimator,0.25,0.6,3411,0.0,0.0,0.0
81,-0.3370923908149878,-0.2950393583359181,-0.43436999728980585,GMM estimator,0.25,0.6,3411,0.0,0.0,0.0
82,-0.27586578122205924,0.3932470156637895,0.6168355278362315,GMM estimator,0.25,0.6,3411,0.0,0.0,0.0
83,-0.309676222333357,-0.48781627466697264,0.42612049493844595,GMM estimator,0.25,0.6,3411,0.0,0.0,0.0
84,-0.8850339699409725,0.008005656483348389,-0.6491632498801455,GMM estimator,0.25,0.6,3411,0.0,0.0,0.0
85,0.8384606915349024,0.01819366052107213,0.18188709215080973,GMM estimator,0.25,0.6,3411,0.0,0.0,0.0
86,-0.016868037577960467,0.3040524280177065,0.11455133276336676,GMM estimator,0.25,0.6,3411,0.0,0.0,0.0
87,0.627135118429942,-0.17481089620662854,-0.21977934217063727,GMM estimator,0.25,0.6,3411,0.0,0.0,0.0
88,0.009610538685286342,-0.013660942173105105,-0.3060396327431356,GMM estimator,0.25,0.6,3411,0.0,0.0,0.0
89,-0.002427041859577494,-0.17761749440401742,-0.21515587002213327,GMM estimator,0.25,0.6,3411,0.0,0.0,0.0
90,0.9203870491775179,0.6398691997051547,0.078532138599855,GMM estimator,0.25,0.6,3411,0.0,0.0,0.0
91,-0.10910217692690014,-0.3627318474305168,0.14641463859153403,GMM estimator,0.25,0.6,3411,0.0,0.0,0.0
92,-0.2062360151627591,1.0607107679999217,-0.1659196541682903,GMM estimator,0.25,0.6,3411,0.0,0.0,0.0
93,0.17099136623388742,0.324309520233185,-0.366518023581828,GMM estimator,0.25,0.6,3411,0.0,0.0,0.0
94,-0.36786577400356807,-0.5390256076068108,0.09494472313374155,GMM estimator,0.25,0.6,3411,0.0,0.0,0.0
95,-0.009566095298611715,0.12451014641447133,0.08463414756852894,GMM estimator,0.25,0.6,3411,0.0,0.0,0.0
96,0.34127780847259925,0.16552186748777659,0.9765730486738717,GMM estimator,0.25,0.6,3411,0.0,0.0,0.0
97,0.5218567984094591,1.0098010142274971,0.0021028078282496476,GMM estimator,0.25,0.6,3411,0.0,0.0,0.0
98,-0.5426291213532464,-0.8437027463063319,-0.7816869156677138,GMM estimator,0.25,0.6,3411,0.0,0.0,0.0
99,-0.34048023001753613,0.5444366542035214,0.24668236848563552,GMM estimator,0.25,0.6,3411,0.0,0.0,0.0
100,-0.2240784629613209,-0.43303260886855943,-0.4794593111349198,GMM estimator,0.25,0.6,3411,0.0,0.0,0.0
1,0.11752935063826922,0.5841117818170912,0.43000353911500705,Three-step,0.5,0.6,3411,0.0,0.0,0.0
2,-0.8928132233287444,-0.8761145856474278,-0.1686452729654325,Three-step,0.5,0.6,3411,0.0,0.0,0.0
3,-0.6515049069058206,-0.08338462904625446,0.06582390187872851,Three-step,0.5,0.6,3411,0.0,0.0,0.0
4,0.20806347134887487,0.5957802772519857,-0.08077767346363462,Three-step,0.5,0.6,3411,0.0,0.0,0.0
5,0.18126592916458067,-0.4047763519847913,0.005125806373260392,Three-step,0.5,0.6,3411,0.0,0.0,0.0
6,-0.21515482043570358,-0.11244677081903581,0.17770440041226274,Three-step,0.5,0.6,3411,0.0,0.0,0.0
7,0.1361526747772186,-0.08891613929492123,0.011651213924591501,Three-step,0.5,0.6,3411,0.0,0.0,0.0
8,-0.556961045984123,0.5668712818288665,0.5424643808908742,Three-step,0.5,0.6,3411,0.0,0.0,0.0
9,-0.5836271183013704,-0.17341730096750965,-0.8185709639297092,Three-step,0.5,0.6,3411,0.0,0.0,0.0
10,0.31082466301057826,0.36848773342118024,-0.27956155880054906,Three-step,0.5,0.6,3411,0.0,0.0,0.0
11,0.24902784797677058,-0.0703156703004835,0.06472904936922827,Three-step,0.5,0.6,3411,0.0,0.0,0.0
12,-0.5714269068197982,-0.3983871407108114,0.026474995930841204,Three-step,0.5,0.6,3411,0.0,0.0,0.0
13,0.5896727602092063,0.534928090722985,0.32917095609388297,Three-step,0.5,0.6,3411,0.0,0.0,0.0
14,0.3421361698070566,-0.12143982799511178,-0.17033004704860946,Three-step,0.5,0.6,3411,0.0,0.0,0.0
15,0.5755159091343002,0.9862647887479147,0.49489848280740095,Three-step,0.5,0.6,3411,0.0,0.0,0.0
16,1.1088214107483216,0.7396125731019035,0.27898956332149427,Three-step,0.5,0.6,3411,0.0,0.0,0.0
17,-0.12832404371479833,0.490571630233817,0.022463388337664016,Three-step,0.5,0.6,3411,0.0,0.0,0.0
18,0.945709988057124,0.603284279641781,0.3618614582499727,Three-step,0.5,0.6,3411,0.0,0.0,0.0
19,0.03052427940289824,-0.20432987257725752,-0.21296320544660727,Three-step,0.5,0.6,3411,0.0,0.0,0.0
20,-0.3912580469347125,-0.3050307269658595,-0.16753380896620984,Three-step,0.5,0.6,3411,0.0,0.0,0.0
21,1.0315074095954249,0.11543702798016993,0.33589516428319527,Three-step,0.5,0.6,3411,0.0,0.0,0.0
22,-0.2861348833856247,-0.729598865137026,-0.32101324375509876,Three-step,0.5,0.6,3411,0.0,0.0,0.0
23,0.0589778942447349,-0.06395427170162611,-0.4772814376087656,Three-step,0.5,0.6,3411,0.0,0.0,0.0
24,-1.084640501007191,-0.47896909844762003,-0.21758324300256088,Three-step,0.5,0.6,3411,0.0,0.0,0.0
25,0.08816205179367864,0.3119854712310276,-0.1090151550111016,Three-step,0.5,0.6,3411,0.0,0.0,0.0
26,-0.4700005929911637,-0.49694638835515414,-0.028173067752726766,Three-step,0.5,0.6,3411,0.0,0.0,0.0
27,-0.24283097337642132,0.24093311861621208,0.03157957032958456,Three-step,0.5,0.6,3411,0.0,0.0,0.0
28,0.06599927311657466,0.42247824599147615,-0.004846864377204687,Three-step,0.5,0.6,3411,0.0,0.0,0.0
29,-0.22283065303074065,-0.2376133179122496,-0.026246721685219618,Three-step,0.5,0.6,3411,0.0,0.0,0.0
30,0.5141734277898246,0.8399001963598163,0.4793851544117251,Three-step,0.5,0.6,3411,0.0,0.0,0.0
31,0.10410400584971427,0.2120627818750915,0.27364414232317585,Three-step,0.5,0.6,3411,0.0,0.0,0.0
32,-0.5641674653191913,-0.26991653991726944,-0.06905169770890106,Three-step,0.5,0.6,3411,0.0,0.0,0.0
33,0.17726713529268534,-0.11410253200715992,-0.5373427556441561,Three-step,0.5,0.6,3411,0.0,0.0,0.0
34,-0.2936872809104046,-0.34854794133946776,0.0738829875856011,Three-step,0.5,0.6,3411,0.0,0.0,0.0
35,-0.05312654709165173,0.16011703348096074,0.1312523683935621,Three-step,0.5,0.6,3411,0.0,0.0,0.0
36,-0.564200488259261,0.10221983561768214,-0.5709583681894254,Three-step,0.5,0.6,3411,0.0,0.0,0.0
37,-0.25500724753193293,0.15753256209187377,0.27577441971413913,Three-step,0.5,0.6,3411,0.0,0.0,0.0
38,0.3553241504782938,0.4492313577339052,0.10556930180060231,Three-step,0.5,0.6,3411,0.0,0.0,0.0
39,0.20758836956397636,-0.028670092931764646,0.2891540110371179,Three-step,0.5,0.6,3411,0.0,0.0,0.0
40,-0.7456388370580288,-0.19661158188219408,-0.1455005157173774,Three-step,0.5,0.6,3411,0.0,0.0,0.0
41,-0.14930383991768292,-0.1867195669456305,0.058309181416042924,Three-step,0.5,0.6,3411,0.0,0.0,0.0
42,-0.5742476966331453,-0.44422848828862355,-0.41013165244981314,Three-step,0.5,0.6,3411,0.0,0.0,0.0
43,0.7722241848660425,-0.3283370822565768,0.04495213497941108,Three-step,0.5,0.6,3411,0.0,0.0,0.0
44,0.4715639062052376,-0.15331176724304574,0.15239678336355947,Three-step,0.5,0.6,3411,0.0,0.0,0.0
45,-0.13051341121990284,0.042292849292298436,0.014499483305576238,Three-step,0.5,0.6,3411,0.0,0.0,0.0
46,-0.034607769701000386,-0.7274948967875146,-0.26906769565912375,Three-step,0.5,0.6,3411,0.0,0.0,0.0
47,0.40739272906187407,0.24884760420289656,0.3771175856127271,Three-step,0.5,0.6,3411,0.0,0.0,0.0
48,-0.11436542134174038,-0.11984377816549648,-0.6241738162834294,Three-step,0.5,0.6,3411,0.0,0.0,0.0
49,-0.14933743061843172,-0.38802249352231843,0.24164728466028654,Three-step,0.5,0.6,3411,0.0,0.0,0.0
50,0.9884563067307595,-0.10009808736242691,0.2677534443543473,Three-step,0.5,0.6,3411,0.0,0.0,0.0
51,0.0408171471652692,-0.07760217653696204,-0.34981423610549134,Three-step,0.5,0.6,3411,0.0,0.0,0.0
52,0.29938927943488297,-0.01163045613769334,0.04836774730384384,Three-step,0.5,0.6,3411,0.0,0.0,0.0
53,0.9565728168539259,-0.3241712374247189,-0.009780891414889104,Three-step,0.5,0.6,3411,0.0,0.0,0.0
54,0.024500928435739675,0.16507110970442623,0.017635105741608422,Three-step,0.5,0.6,3411,0.0,0.0,0.0
55,0.22152576205242105,-0.02770171620862787,-0.25249838210177666,Three-step,0.5,0.6,3411,0.0,0.0,0.0
56,-0.45570018417031977,-0.3765582816736696,-0.3114338284584754,Three-step,0.5,0.6,3411,0.0,0.0,0.0
57,0.32447149023264055,0.4544367209817871,0.23061549492045902,Three-step,0.5,0.6,3411,0.0,0.0,0.0
58,-0.4179964349237854,-0.4781634784044636,-0.08307964809907922,Three-step,0.5,0.6,3411,0.0,0.0,0.0
59,0.4617286073830171,0.7083399291275196,0.07259700977599988,Three-step,0.5,0.6,3411,0.0,0.0,0.0
60,-0.7358663886419827,0.07181627898611989,0.18059287192759763,Three-step,0.5,0.6,3411,0.0,0.0,0.0
61,-0.4759252986408948,0.14957182313700026,-0.3998518080457059,Three-step,0.5,0.6,3411,0.0,0.0,0.0
62,-0.39942537807454276,-0.23599738622361383,-0.26881818278900277,Three-step,0.5,0.6,3411,0.0,0.0,0.0
63,-0.448824583855635,-0.3699880156676626,-0.16897437696351852,Three-step,0.5,0.6,3411,0.0,0.0,0.0
64,-0.574695214411647,-0.3625080731950453,-0.005424785474796509,Three-step,0.5,0.6,3411,0.0,0.0,0.0
65,0.8531322038418826,0.46953778836344245,0.051653424147287026,Three-step,0.5,0.6,3411,0.0,0.0,0.0
66,-0.16383864993550146,0.04451793924903741,-0.08162937169107178,Three-step,0.5,0.6,3411,0.0,0.0,0.0
67,0.014638072774317896,-0.1665503730340211,0.22261389519977753,Three-step,0.5,0.6,3411,0.0,0.0,0.0
68,0.4646856768619993,1.4585708087967741,0.5568787360795714,Three-step,0.5,0.6,3411,0.0,0.0,0.0
69,-0.18936971927863241,0.3319383762706566,0.1887154243105052,Three-step,0.5,0.6,3411,0.0,0.0,0.0
70,-0.23442747172533968,0.01209620612318071,-0.2811284291648697,Three-step,0.5,0.6,3411,0.0,0.0,0.0
71,0.13293751580561217,-0.12286777424877543,-0.25109497410623244,Three-step,0.5,0.6,3411,0.0,0.0,0.0
72,-0.1365273214845609,0.5737511599029383,0.2519698452149942,Three-step,0.5,0.6,3411,0.0,0.0,0.0
73,-0.933751636244751,-1.3316198355742998e-05,-0.3586025940322417,Three-step,0.5,0.6,3411,0.0,0.0,0.0
74,-0.08093466858969851,-0.28865632424276977,0.27700848885242163,Three-step,0.5,0.6,3411,0.0,0.0,0.0
75,0.4846146579343351,0.23388965004114226,0.3806106910594075,Three-step,0.5,0.6,3411,0.0,0.0,0.0
76,0.24092784409704437,0.7163766362714821,0.1605571722332318,Three-step,0.5,0.6,3411,0.0,0.0,0.0
77,-0.3336188648988065,-0.3878979696774603,-0.25094521124971236,Three-step,0.5,0.6,3411,0.0,0.0,0.0
78,-0.0881476128041712,-0.7265111778978549,-0.7025326820597039,Three-step,0.5,0.6,3411,0.0,0.0,0.0
79,-0.4507592244898837,-0.542459736842485,-0.2652661944137666,Three-step,0.5,0.6,3411,0.0,0.0,0.0
80,-0.07308101980097594,-0.059872448297906285,0.05962699770205061,Three-step,0.5,0.6,3411,0.0,0.0,0.0
81,-0.440039552533063,0.08934187051383077,0.11913826991528784,Three-step,0.5,0.6,3411,0.0,0.0,0.0
82,-0.2651353798011205,0.273281654628382,-0.04805723474060602,Three-step,0.5,0.6,3411,0.0,0.0,0.0
83,-0.14746464513340318,-0.3366215489165061,-0.0036378203689527563,Three-step,0.5,0.6,3411,0.0,0.0,0.0
84,-0.9177597383595494,-0.2212139169182964,-0.36254578432549794,Three-step,0.5,0.6,3411,0.0,0.0,0.0
85,0.789614866804103,-0.04040619898177223,0.44150464276201656,Three-step,0.5,0.6,3411,0.0,0.0,0.0
86,-0.025947098906611708,0.27706669902579767,-0.005085336600741988,Three-step,0.5,0.6,3411,0.0,0.0,0.0
87,0.9469113282862883,-0.07492375379877003,-0.06054185916787757,Three-step,0.5,0.6,3411,0.0,0.0,0.0
88,0.0028446553518995657,-0.2253375347049283,0.14919321787743214,Three-step,0.5,0.6,3411,0.0,0.0,0.0
89,0.08464844805396059,0.3587847282870323,-0.13563010178926435,Three-step,0.5,0.6,3411,0.0,0.0,0.0
90,0.862932235754124,0.3488656061207454,0.32171486558279205,Three-step,0.5,0.6,3411,0.0,0.0,0.0
91,-0.18441221515415868,-0.0490259126505506,0.3571362503687662,Three-step,0.5,0.6,3411,0.0,0.0,0.0
92,-0.2658972649590361,0.4703302454714846,-0.05678094630135808,Three-step,0.5,0.6,3411,0.0,0.0,0.0
93,0.1740530670776767,-0.04628065057245015,-0.796343043908719,Three-step,0.5,0.6,3411,0.0,0.0,0.0
94,-0.34047080368899824,-0.2533610758043107,0.013569082727233419,Three-step,0.5,0.6,3411,0.0,0.0,0.0
95,0.06884076840456023,0.48645924279250063,0.24114092588007344,Three-step,0.5,0.6,3411,0.0,0.0,0.0
96,0.2881908038548072,0.764323375380912,0.47660077228126085,Three-step,0.5,0.6,3411,0.0,0.0,0.0
97,0.6456593047485948,0.36995416444337803,0.027315102131586194,Three-step,0.5,0.6,3411,0.0,0.0,0.0
98,-0.4716530931720805,-0.267311875231589,-0.5617712662758229,Three-step,0.5,0.6,3411,0.0,0.0,0.0
99,-0.35699463551946997,0.21510293261443938,0.07504629676158124,Three-step,0.5,0.6,3411,0.0,0.0,0.0
100,-0.20109073173415784,-0.6457012085638132,-0.1815936592339686,Three-step,0.5,0.6,3411,0.0,0.0,0.0
1,0.16525099103591626,0.5796382689120635,0.4300035391145804,Robins' estimator,0.5,0.6,3411,0.0,0.0,0.0
2,-0.7127499332634812,-0.9877341500013586,-0.16864527296549844,Robins' estimator,0.5,0.6,3411,0.0,0.0,0.0
3,-0.5842578320609155,-0.02348874638651035,0.06582390187870173,Robins' estimator,0.5,0.6,3411,0.0,0.0,0.0
4,0.35204294554974097,0.4892750468692793,-0.08077767346363532,Robins' estimator,0.5,0.6,3411,0.0,0.0,0.0
5,0.15484630575878666,-0.3766860928535631,0.005125806373260303,Robins' estimator,0.5,0.6,3411,0.0,0.0,0.0
6,4.793538341629906e-05,-0.21991804347260843,0.1777044004121534,Robins' estimator,0.5,0.6,3411,0.0,0.0,0.0
7,0.24897960357201337,-0.2768823531956672,0.011651213924591784,Robins' estimator,0.5,0.6,3411,0.0,0.0,0.0
8,-0.6588992801160217,0.4274283989726275,0.5424643808878796,Robins' estimator,0.5,0.6,3411,0.0,0.0,0.0
9,-0.6337179586535389,-0.22599278105024678,-0.81857096392927,Robins' estimator,0.5,0.6,3411,0.0,0.0,0.0
10,0.09643033394692137,0.42915466653645723,-0.27956155879156,Robins' estimator,0.5,0.6,3411,0.0,0.0,0.0
11,0.3347683155342856,-0.16899257242593396,0.06472904936935281,Robins' estimator,0.5,0.6,3411,0.0,0.0,0.0
12,-0.39932109108169483,-0.5131439608233778,0.026474995930841287,Robins' estimator,0.5,0.6,3411,0.0,0.0,0.0
13,0.5265174926886195,0.13905785083316827,0.3291709561428578,Robins' estimator,0.5,0.6,3411,0.0,0.0,0.0
14,0.10101039803861112,0.053505640714472925,-0.17033004703320542,Robins' estimator,0.5,0.6,3411,0.0,0.0,0.0
15,0.35825305526409773,0.8098543188711504,0.49489848281250803,Robins' estimator,0.5,0.6,3411,0.0,0.0,0.0
16,1.1165932720360603,0.5026424657581757,0.27898956332153435,Robins' estimator,0.5,0.6,3411,0.0,0.0,0.0
17,0.008636296967732056,0.36052867139696626,0.02246338833766068,Robins' estimator,0.5,0.6,3411,0.0,0.0,0.0
18,0.5699697743612352,0.6680011792935874,0.36186145825082483,Robins' estimator,0.5,0.6,3411,0.0,0.0,0.0
19,-0.018544455907009906,-0.13546336503323098,-0.212963205446598,Robins' estimator,0.5,0.6,3411,0.0,0.0,0.0
20,-0.21752351908329612,-0.2997251867913076,-0.1675338089675278,Robins' estimator,0.5,0.6,3411,0.0,0.0,0.0
21,0.9288883384517146,0.32490063231756316,0.33589516425606425,Robins' estimator,0.5,0.6,3411,0.0,0.0,0.0
22,-0.07516903648321586,-0.6150884016110227,-0.32101324371492795,Robins' estimator,0.5,0.6,3411,0.0,0.0,0.0
23,0.1888715615091114,-0.10166060342886606,-0.4772814376088942,Robins' estimator,0.5,0.6,3411,0.0,0.0,0.0
24,-0.8260742159969766,-0.5319985984629454,-0.21758324300308904,Robins' estimator,0.5,0.6,3411,0.0,0.0,0.0
25,0.06879489257191375,0.20576634526409754,-0.10901515501111303,Robins' estimator,0.5,0.6,3411,0.0,0.0,0.0
26,-0.3719853054981414,-0.3982275966819885,-0.02817306775272651,Robins' estimator,0.5,0.6,3411,0.0,0.0,0.0
27,-0.08228738038524008,0.3104561490365414,0.03157957032958388,Robins' estimator,0.5,0.6,3411,0.0,0.0,0.0
28,-0.14951000660570324,0.30055276583966684,-0.004846864377204746,Robins' estimator,0.5,0.6,3411,0.0,0.0,0.0
29,-0.09191111728041597,-0.35985416090610384,-0.026246721685220374,Robins' estimator,0.5,0.6,3411,0.0,0.0,0.0
30,0.2776102256973496,0.7375439227847304,0.4793851544085288,Robins' estimator,0.5,0.6,3411,0.0,0.0,0.0
31,0.1532581961802031,0.1415598078440187,0.27364414232154527,Robins' estimator,0.5,0.6,3411,0.0,0.0,0.0
32,-0.5948603573231243,-0.3837203872951705,-0.06905169770891013,Robins' estimator,0.5,0.6,3411,0.0,0.0,0.0
33,0.1315459639117686,-0.21721303846320944,-0.5373427556626227,Robins' estimator,0.5,0.6,3411,0.0,0.0,0.0
34,-0.37139933392605495,-0.27864819277595315,0.07388298758560255,Robins' estimator,0.5,0.6,3411,0.0,0.0,0.0
35,0.21971095695961199,0.31597538918379997,0.13125236837433824,Robins' estimator,0.5,0.6,3411,0.0,0.0,0.0
36,-0.36592772450718847,-0.1651683502156667,-0.5709583681892807,Robins' estimator,0.5,0.6,3411,0.0,0.0,0.0
37,0.14025732072809613,0.12533764209397305,0.27577441967374694,Robins' estimator,0.5,0.6,3411,0.0,0.0,0.0
38,0.5062091223109411,0.3543321548792802,0.10556930180060269,Robins' estimator,0.5,0.6,3411,0.0,0.0,0.0
39,0.2895887572232674,-0.18315770987912544,0.28915401103714655,Robins' estimator,0.5,0.6,3411,0.0,0.0,0.0
40,-0.7012711370752764,-0.24685806360742946,-0.1455005157174108,Robins' estimator,0.5,0.6,3411,0.0,0.0,0.0
41,-0.0034832268608373674,-0.21568494989541018,0.05830918141476243,Robins' estimator,0.5,0.6,3411,0.0,0.0,0.0
42,-0.22099808246928257,-0.38980654568960843,-0.4101316524402249,Robins' estimator,0.5,0.6,3411,0.0,0.0,0.0
43,0.557709561683921,-0.33812419456565584,0.04495213497941127,Robins' estimator,0.5,0.6,3411,0.0,0.0,0.0
44,0.47729867852804375,0.025800634009343137,0.1523967833645386,Robins' estimator,0.5,0.6,3411,0.0,0.0,0.0
45,0.028211946094192558,0.1591541326067681,0.014499483305576401,Robins' estimator,0.5,0.6,3411,0.0,0.0,0.0
46,0.12424954853150325,-0.5867807227018839,-0.2690676956599637,Robins' estimator,0.5,0.6,3411,0.0,0.0,0.0
47,0.31219572027475767,0.006485428787175258,0.3771175856325003,Robins' estimator,0.5,0.6,3411,0.0,0.0,0.0
48,-0.053176656919689425,-0.13891552671641497,-0.6241738162836779,Robins' estimator,0.5,0.6,3411,0.0,0.0,0.0
49,-0.15572970564426483,-0.4577860260549717,0.24164728466081903,Robins' estimator,0.5,0.6,3411,0.0,0.0,0.0
50,0.8856578385381972,0.14456743162589375,0.2677534443543473,Robins' estimator,0.5,0.6,3411,0.0,0.0,0.0
51,0.13415420708126885,0.12283376451672764,-0.34981423610524476,Robins' estimator,0.5,0.6,3411,0.0,0.0,0.0
52,0.08207736281506542,-0.12106916812111915,0.04836774730335434,Robins' estimator,0.5,0.6,3411,0.0,0.0,0.0
53,0.9015296911855181,-0.28857367232330766,-0.00978089141488886,Robins' estimator,0.5,0.6,3411,0.0,0.0,0.0
54,-0.06417424787094007,0.109820253265649,0.017635105741613546,Robins' estimator,0.5,0.6,3411,0.0,0.0,0.0
55,-0.08268076900926392,-0.21436265597419835,-0.25249838209848563,Robins' estimator,0.5,0.6,3411,0.0,0.0,0.0
56,-0.32018670919672665,-0.36313650594655006,-0.3114338284614422,Robins' estimator,0.5,0.6,3411,0.0,0.0,0.0
57,0.42213583670423216,0.4695483444326555,0.23061549492045913,Robins' estimator,0.5,0.6,3411,0.0,0.0,0.0
58,-0.2750869958078096,-0.20458449851352933,-0.0830796480985373,Robins' estimator,0.5,0.6,3411,0.0,0.0,0.0
59,0.16495766706567266,0.4564878258713138,0.0725970097760014,Robins' estimator,0.5,0.6,3411,0.0,0.0,0.0
60,-0.45304007769533466,0.13206586063287154,0.18059287203294613,Robins' estimator,0.5,0.6,3411,0.0,0.0,0.0
61,-0.3615902920839814,0.011667003741582069,-0.3998518080486434,Robins' estimator,0.5,0.6,3411,0.0,0.0,0.0
62,-0.17715770516552048,-0.18518275844806067,-0.26881818275181163,Robins' estimator,0.5,0.6,3411,0.0,0.0,0.0
63,-0.2925825197095734,-0.41443146376009127,-0.16897437695974593,Robins' estimator,0.5,0.6,3411,0.0,0.0,0.0
64,-0.45446252700130435,-0.13805366086112736,-0.0054247854747965915,Robins' estimator,0.5,0.6,3411,0.0,0.0,0.0
65,0.7864418910974641,0.4510102763805234,0.05165342414728729,Robins' estimator,0.5,0.6,3411,0.0,0.0,0.0
66,0.014453334403923775,0.16588677319665293,-0.08162937169130029,Robins' estimator,0.5,0.6,3411,0.0,0.0,0.0
67,-0.004096665002959335,-0.04938165431843598,0.22261389519977856,Robins' estimator,0.5,0.6,3411,0.0,0.0,0.0
68,0.4982782127548467,1.388582482077848,0.5568787360907861,Robins' estimator,0.5,0.6,3411,0.0,0.0,0.0
69,-0.2751440824291377,0.21084887551203518,0.1887154243110147,Robins' estimator,0.5,0.6,3411,0.0,0.0,0.0
70,-0.49748362890903947,-0.023991643416339133,-0.28112842916091235,Robins' estimator,0.5,0.6,3411,0.0,0.0,0.0
71,-0.08927388583592137,0.06002505990466703,-0.2510949741040016,Robins' estimator,0.5,0.6,3411,0.0,0.0,0.0
72,-0.08077623675768325,0.539973718408785,0.25196984521479066,Robins' estimator,0.5,0.6,3411,0.0,0.0,0.0
73,-0.7905711288979947,-0.08587374359326463,-0.35860259399103744,Robins' estimator,0.5,0.6,3411,0.0,0.0,0.0
74,-0.2612362129957239,-0.09489469514052758,0.2770084888524063,Robins' estimator,0.5,0.6,3411,0.0,0.0,0.0
75,0.2361685584687984,0.2209885258382648,0.38061069106576356,Robins' estimator,0.5,0.6,3411,0.0,0.0,0.0
76,0.35704551078427627,0.5257747058167976,0.16055717223284663,Robins' estimator,0.5,0.6,3411,0.0,0.0,0.0
77,-0.4192826391514405,-0.19630084532384515,-0.25094521125330477,Robins' estimator,0.5,0.6,3411,0.0,0.0,0.0
78,-0.09227511375015802,-0.6923658571777396,-0.7025326820638008,Robins' estimator,0.5,0.6,3411,0.0,0.0,0.0
79,-0.34014815967839523,-0.42398031438374023,-0.26526619443576455,Robins' estimator,0.5,0.6,3411,0.0,0.0,0.0
80,-0.024633941314173353,-0.15846549648452465,0.0596269976988574,Robins' estimator,0.5,0.6,3411,0.0,0.0,0.0
81,-0.45247939470919085,-0.035587196684958564,0.11913826991308704,Robins' estimator,0.5,0.6,3411,0.0,0.0,0.0
82,-0.1579206413726383,0.1622960570884109,-0.04805723474049192,Robins' estimator,0.5,0.6,3411,0.0,0.0,0.0
83,-0.22942263917628403,-0.40156821689893973,-0.003637820368952508,Robins' estimator,0.5,0.6,3411,0.0,0.0,0.0
84,-0.7636339709686845,-0.1097547200241451,-0.36254578435759105,Robins' estimator,0.5,0.6,3411,0.0,0.0,0.0
85,0.6944222884962942,0.10669140019033309,0.441504642762075,Robins' estimator,0.5,0.6,3411,0.0,0.0,0.0
86,0.04383341010854055,0.35518657015903604,-0.00508533660074281,Robins' estimator,0.5,0.6,3411,0.0,0.0,0.0
87,0.7672763805452757,0.009514541425772979,-0.06054185916787806,Robins' estimator,0.5,0.6,3411,0.0,0.0,0.0
88,-0.21681015389946728,-0.18518422411372412,0.14919321787615528,Robins' estimator,0.5,0.6,3411,0.0,0.0,0.0
89,-0.015330625598945526,0.33308966783542365,-0.13563010180102175,Robins' estimator,0.5,0.6,3411,0.0,0.0,0.0
90,0.8764334122588207,0.2966000016775333,0.32171486558283674,Robins' estimator,0.5,0.6,3411,0.0,0.0,0.0
91,-0.023755422566973168,-0.11520688524010027,0.3571362503685804,Robins' estimator,0.5,0.6,3411,0.0,0.0,0.0
92,0.036506119719869085,0.49177826070421715,-0.056780946301228145,Robins' estimator,0.5,0.6,3411,0.0,0.0,0.0
93,0.2958139705521676,-0.11666465379480805,-0.796343043910955,Robins' estimator,0.5,0.6,3411,0.0,0.0,0.0
94,0.03557719202301407,-0.385206126897934,0.013569082727233422,Robins' estimator,0.5,0.6,3411,0.0,0.0,0.0
95,0.562091529315101,0.4975612352100011,0.241140925866676,Robins' estimator,0.5,0.6,3411,0.0,0.0,0.0
96,0.378830982905269,0.6876026394698841,0.47660077228120634,Robins' estimator,0.5,0.6,3411,0.0,0.0,0.0
97,0.5919562010076936,0.558229886738044,0.027315102131586177,Robins' estimator,0.5,0.6,3411,0.0,0.0,0.0
98,-0.5278631581790079,-0.1772933327989618,-0.5617712662806413,Robins' estimator,0.5,0.6,3411,0.0,0.0,0.0
99,-0.19511275709884654,0.23077990199286497,0.07504629676174591,Robins' estimator,0.5,0.6,3411,0.0,0.0,0.0
100,-0.16806959705621485,-0.35801672931053125,-0.18159365923311666,Robins' estimator,0.5,0.6,3411,0.0,0.0,0.0
1,0.1456245659121182,0.5685582391704276,0.4303662966643742,GMM estimator,0.5,0.6,3411,0.0,0.0,0.0
2,-0.7391421649712092,-0.939329031737854,-0.20098752295988356,GMM estimator,0.5,0.6,3411,0.0,0.0,0.0
3,-0.5725176833040595,0.00036311630409655796,0.10462252588339166,GMM estimator,0.5,0.6,3411,0.0,0.0,0.0
4,0.33733944671337496,0.4794966227719774,-0.09734032530117456,GMM estimator,0.5,0.6,3411,0.0,0.0,0.0
5,0.14084646798007755,-0.38745044195411044,-0.02230436127200658,GMM estimator,0.5,0.6,3411,0.0,0.0,0.0
6,-0.06563462553063062,-0.20470971256774753,0.1467359847189983,GMM estimator,0.5,0.6,3411,0.0,0.0,0.0
7,0.18510527909784158,-0.30644211346858397,0.054297885996048234,GMM estimator,0.5,0.6,3411,0.0,0.0,0.0
8,-0.7243259946742417,0.36190706431167236,0.500654375683728,GMM estimator,0.5,0.6,3411,0.0,0.0,0.0
9,-0.6393036354285769,-0.24705324213925406,-0.8213188850288538,GMM estimator,0.5,0.6,3411,0.0,0.0,0.0
10,-0.012514764284101608,0.4056108181893916,-0.32988810067426566,GMM estimator,0.5,0.6,3411,0.0,0.0,0.0
11,0.32375581808559206,-0.13238026774489428,0.060558609324794566,GMM estimator,0.5,0.6,3411,0.0,0.0,0.0
12,-0.36329031627230196,-0.43678907626729796,0.028895052627054534,GMM estimator,0.5,0.6,3411,0.0,0.0,0.0
13,0.37966958535226303,-0.11620379941850517,0.20272800977926764,GMM estimator,0.5,0.6,3411,0.0,0.0,0.0
14,0.03701749885877742,-0.04019272779624588,-0.21987653095343124,GMM estimator,0.5,0.6,3411,0.0,0.0,0.0
15,0.21865357052100876,0.62038228287871,0.3682584563571201,GMM estimator,0.5,0.6,3411,0.0,0.0,0.0
16,1.1494611234517036,0.4385148677308658,0.3331011281761907,GMM estimator,0.5,0.6,3411,0.0,0.0,0.0
17,0.008711055167258442,0.3294370578261433,0.02393564097898021,GMM estimator,0.5,0.6,3411,0.0,0.0,0.0
18,0.2901921035317565,0.42999584200416685,0.2494192470264809,GMM estimator,0.5,0.6,3411,0.0,0.0,0.0
19,-0.02894088540383907,-0.1470223504550452,-0.20904797731356056,GMM estimator,0.5,0.6,3411,0.0,0.0,0.0
20,-0.20646006931374758,-0.2271568911643012,-0.19521671322144574,GMM estimator,0.5,0.6,3411,0.0,0.0,0.0
21,0.8758081602895765,0.21839585194876532,0.3205540648265881,GMM estimator,0.5,0.6,3411,0.0,0.0,0.0
22,-0.19423239731020514,-0.5738001132390211,-0.2636034384011153,GMM estimator,0.5,0.6,3411,0.0,0.0,0.0
23,0.1923433813916315,-0.07370988397776973,-0.463291737320208,GMM estimator,0.5,0.6,3411,0.0,0.0,0.0
24,-0.8869902999051873,-0.43483440928515593,-0.14533400849186318,GMM estimator,0.5,0.6,3411,0.0,0.0,0.0
25,0.052727905989202475,0.1314407572916835,-0.13118831442725604,GMM estimator,0.5,0.6,3411,0.0,0.0,0.0
26,-0.31492229108412967,-0.37787981486713096,-0.01610828827470745,GMM estimator,0.5,0.6,3411,0.0,0.0,0.0
27,-0.0969829701040504,0.3212058980310885,0.052254209819709366,GMM estimator,0.5,0.6,3411,0.0,0.0,0.0
28,-0.20147952552096104,0.3087900282742223,0.022573935324918228,GMM estimator,0.5,0.6,3411,0.0,0.0,0.0
29,-0.12751106874673918,-0.39462697425755555,-0.06005429890736913,GMM estimator,0.5,0.6,3411,0.0,0.0,0.0
30,0.1536243365078972,0.695808592365009,0.39721635155213714,GMM estimator,0.5,0.6,3411,0.0,0.0,0.0
31,0.14615574535765924,0.16089173218925873,0.2730800350614234,GMM estimator,0.5,0.6,3411,0.0,0.0,0.0
32,-0.6160051625205865,-0.46745576449279536,-0.1045041198636423,GMM estimator,0.5,0.6,3411,0.0,0.0,0.0
33,0.09760635806796353,-0.26965430827782566,-0.5810662375934503,GMM estimator,0.5,0.6,3411,0.0,0.0,0.0
34,-0.4430507387706179,-0.32358623154260785,0.027860479453033743,GMM estimator,0.5,0.6,3411,0.0,0.0,0.0
35,0.0555598080495566,0.21817018846967792,0.16373691775507557,GMM estimator,0.5,0.6,3411,0.0,0.0,0.0
36,-0.43019584228772445,-0.19838218014428285,-0.6398511495290558,GMM estimator,0.5,0.6,3411,0.0,0.0,0.0
37,-0.15403046246791868,0.13331494004835845,0.26937923999358915,GMM estimator,0.5,0.6,3411,0.0,0.0,0.0
38,0.4712327580860707,0.32191525084929196,0.06967071520497085,GMM estimator,0.5,0.6,3411,0.0,0.0,0.0
39,0.26824428952216345,-0.22059786150313626,0.3011626507008238,GMM estimator,0.5,0.6,3411,0.0,0.0,0.0
40,-0.7053825495994467,-0.2546510830440147,-0.17113559665736566,GMM estimator,0.5,0.6,3411,0.0,0.0,0.0
41,0.023740518291935204,-0.17518455172455433,0.06525290918054952,GMM estimator,0.5,0.6,3411,0.0,0.0,0.0
42,-0.5948459081427803,-0.44668604809821444,-0.36158063202319224,GMM estimator,0.5,0.6,3411,0.0,0.0,0.0
43,0.47265585068183663,-0.41672613582164797,-0.007153664100084667,GMM estimator,0.5,0.6,3411,0.0,0.0,0.0
44,0.42289522583345174,-0.026048314689737825,0.2553423510663748,GMM estimator,0.5,0.6,3411,0.0,0.0,0.0
45,0.016694609710077572,0.19102577508611013,0.04486314504583313,GMM estimator,0.5,0.6,3411,0.0,0.0,0.0
46,0.033729818190998406,-0.6378452386474383,-0.35356437638520277,GMM estimator,0.5,0.6,3411,0.0,0.0,0.0
47,0.24515281280709478,-0.07654282198124066,0.35031494990619944,GMM estimator,0.5,0.6,3411,0.0,0.0,0.0
48,-0.05647665351290832,-0.11650618053840792,-0.6179063834586778,GMM estimator,0.5,0.6,3411,0.0,0.0,0.0
49,-0.16631948507695782,-0.5003547350969519,0.2209961982318875,GMM estimator,0.5,0.6,3411,0.0,0.0,0.0
50,0.7605540128370509,0.08174364373532626,0.271835406951676,GMM estimator,0.5,0.6,3411,0.0,0.0,0.0
51,-0.040734306050974924,-0.029828475388612725,-0.3868838628725728,GMM estimator,0.5,0.6,3411,0.0,0.0,0.0
52,-0.034042713624677645,-0.25843738042339076,0.010832266412651951,GMM estimator,0.5,0.6,3411,0.0,0.0,0.0
53,0.8796542132036416,-0.29563004442110036,-0.002091241303654401,GMM estimator,0.5,0.6,3411,0.0,0.0,0.0
54,-0.06218397406476921,0.07396839125661663,-0.01917187317337505,GMM estimator,0.5,0.6,3411,0.0,0.0,0.0
55,-0.34441241708310427,-0.42649818414520874,-0.3810199949502419,GMM estimator,0.5,0.6,3411,0.0,0.0,0.0
56,-0.30978060726923784,-0.3075470330993316,-0.29001321231436417,GMM estimator,0.5,0.6,3411,0.0,0.0,0.0
57,0.43814771806325326,0.4759434972811988,0.21934596117702054,GMM estimator,0.5,0.6,3411,0.0,0.0,0.0
58,-0.33398344795480706,-0.36893752517252976,-0.07442266077695861,GMM estimator,0.5,0.6,3411,0.0,0.0,0.0
59,0.023992890461347727,0.31042182271608754,0.07748641354938732,GMM estimator,0.5,0.6,3411,0.0,0.0,0.0
60,-0.6030173656839027,0.13035933225263832,0.17696843270030496,GMM estimator,0.5,0.6,3411,0.0,0.0,0.0
61,-0.37077594863957136,0.012969141519836164,-0.3703843136591854,GMM estimator,0.5,0.6,3411,0.0,0.0,0.0
62,-0.2805205975233366,-0.20223913791834688,-0.25707394310172904,GMM estimator,0.5,0.6,3411,0.0,0.0,0.0
63,-0.29424119758587286,-0.32821558054294964,-0.1663943233806341,GMM estimator,0.5,0.6,3411,0.0,0.0,0.0
64,-0.5015490673308759,-0.20692888165031129,-0.02679393675114647,GMM estimator,0.5,0.6,3411,0.0,0.0,0.0
65,0.7661782178694242,0.45655957063224056,0.055355485986899156,GMM estimator,0.5,0.6,3411,0.0,0.0,0.0
66,-0.07032834974711047,0.11688036457115061,-0.1347011421210439,GMM estimator,0.5,0.6,3411,0.0,0.0,0.0
67,-0.005285321762419405,-0.10167898874259557,0.19098930503741884,GMM estimator,0.5,0.6,3411,0.0,0.0,0.0
68,0.4965216252178927,1.3624848723042249,0.5501579703698352,GMM estimator,0.5,0.6,3411,0.0,0.0,0.0
69,-0.3421056780468382,0.15908632624836544,0.09985593306347162,GMM estimator,0.5,0.6,3411,0.0,0.0,0.0
70,-0.6357233555254174,-0.09787204226452312,-0.34032960121830375,GMM estimator,0.5,0.6,3411,0.0,0.0,0.0
71,-0.13350902994849473,-0.058792297403735955,-0.23267477660270286,GMM estimator,0.5,0.6,3411,0.0,0.0,0.0
72,-0.08964701252759821,0.5484218019075379,0.2443105591673477,GMM estimator,0.5,0.6,3411,0.0,0.0,0.0
73,-0.7655256840367304,-0.0978109526809984,-0.35819376387142526,GMM estimator,0.5,0.6,3411,0.0,0.0,0.0
74,-0.32323031649380884,-0.3000699381876937,0.12378450981695105,GMM estimator,0.5,0.6,3411,0.0,0.0,0.0
75,0.08542373925903465,0.1282062475299491,0.32090019506436035,GMM estimator,0.5,0.6,3411,0.0,0.0,0.0
76,0.293974552774981,0.5022945229537071,0.05755187740640838,GMM estimator,0.5,0.6,3411,0.0,0.0,0.0
77,-0.5064902938238682,-0.3393975066760612,-0.2961872238761898,GMM estimator,0.5,0.6,3411,0.0,0.0,0.0
78,-0.08955534798698042,-0.6982010863686046,-0.6744731963772788,GMM estimator,0.5,0.6,3411,0.0,0.0,0.0
79,-0.43027096634612727,-0.41651976879515185,-0.28369603274629274,GMM estimator,0.5,0.6,3411,0.0,0.0,0.0
80,-0.01768907030880032,-0.1534411207060151,0.07986946470108752,GMM estimator,0.5,0.6,3411,0.0,0.0,0.0
81,-0.4194104277275357,-0.051964046192596126,0.1339818253943364,GMM estimator,0.5,0.6,3411,0.0,0.0,0.0
82,-0.21035541494108662,0.16259758404572527,-0.06469964497273539,GMM estimator,0.5,0.6,3411,0.0,0.0,0.0
83,-0.2594585514573747,-0.4283229588315192,-0.05477166576531062,GMM estimator,0.5,0.6,3411,0.0,0.0,0.0
84,-0.8215831153104067,-0.10108769715249674,-0.4557859589836494,GMM estimator,0.5,0.6,3411,0.0,0.0,0.0
85,0.6777348458094652,0.05553467913870112,0.4453161509408163,GMM estimator,0.5,0.6,3411,0.0,0.0,0.0
86,0.053172776178936024,0.3157293716515744,-0.005878666483566039,GMM estimator,0.5,0.6,3411,0.0,0.0,0.0
87,0.6799044572914228,-0.02079625378019309,-0.09980523741626124,GMM estimator,0.5,0.6,3411,0.0,0.0,0.0
88,-0.3726218097549511,-0.2418307885424296,0.12705694590865496,GMM estimator,0.5,0.6,3411,0.0,0.0,0.0
89,-0.06586395173263933,0.3057401263892706,-0.14234129088836622,GMM estimator,0.5,0.6,3411,0.0,0.0,0.0
90,0.8663204369113775,0.290460889448946,0.323235848130831,GMM estimator,0.5,0.6,3411,0.0,0.0,0.0
91,-0.003934735398315799,-0.07632659794239674,0.36795051394753947,GMM estimator,0.5,0.6,3411,0.0,0.0,0.0
92,0.008420053561311452,0.5226760654169322,-0.07008341440715268,GMM estimator,0.5,0.6,3411,0.0,0.0,0.0
93,0.30194811364046387,-0.07477008260104591,-0.7917804992931896,GMM estimator,0.5,0.6,3411,0.0,0.0,0.0
94,-0.34421697217826497,-0.4063196898042357,-0.044961267873940176,GMM estimator,0.5,0.6,3411,0.0,0.0,0.0
95,-0.022707090880179054,0.37822326583584076,0.13204980723487186,GMM estimator,0.5,0.6,3411,0.0,0.0,0.0
96,0.3299310164302571,0.672902879208219,0.492698667242128,GMM estimator,0.5,0.6,3411,0.0,0.0,0.0
97,0.45193973805040083,0.42832457728095563,0.015228467813841795,GMM estimator,0.5,0.6,3411,0.0,0.0,0.0
98,-0.5654883225562563,-0.23231753680885409,-0.5279619269232942,GMM estimator,0.5,0.6,3411,0.0,0.0,0.0
99,-0.24498610087341804,0.20157051978019117,0.10751720499231164,GMM estimator,0.5,0.6,3411,0.0,0.0,0.0
100,-0.19225474611935994,-0.5623376449473149,-0.1598898789313452,GMM estimator,0.5,0.6,3411,0.0,0.0,0.0
1,0.11752611905256541,-0.1912464898796117,0.006896873461521451,Three-step,0.75,0.6,3411,0.0,0.0,0.0
2,-0.8929023858542566,-0.37691510368946596,-0.39608254191032904,Three-step,0.75,0.6,3411,0.0,0.0,0.0
3,-0.650406323323055,-0.11028693159250207,-0.2566505739111675,Three-step,0.75,0.6,3411,0.0,0.0,0.0
4,0.19951590984736534,0.227276241774516,0.19460596201062474,Three-step,0.75,0.6,3411,0.0,0.0,0.0
5,0.1779722299833412,-0.04625967562842667,-0.015456169670662379,Three-step,0.75,0.6,3411,0.0,0.0,0.0
6,-0.21515482042948827,-0.006844989262487291,0.07391138362763561,Three-step,0.75,0.6,3411,0.0,0.0,0.0
7,0.12608804405053062,-0.3696876085489538,-0.23315176542363544,Three-step,0.75,0.6,3411,0.0,0.0,0.0
8,-0.5493154582496615,0.06613830598021016,0.671076022792951,Three-step,0.75,0.6,3411,0.0,0.0,0.0
9,-0.5862372912280471,-0.19595933453867775,-0.40373862968213414,Three-step,0.75,0.6,3411,0.0,0.0,0.0
10,0.31082466298371064,0.16365227923378184,-0.36273761409984484,Three-step,0.75,0.6,3411,0.0,0.0,0.0
11,0.2552907338868828,0.14346908595765484,0.0038992058107332702,Three-step,0.75,0.6,3411,0.0,0.0,0.0
12,-0.5774522484286614,0.43131984430933695,-0.24174674324935977,Three-step,0.75,0.6,3411,0.0,0.0,0.0
13,0.5896727602348739,0.13009822915321811,0.161296319992335,Three-step,0.75,0.6,3411,0.0,0.0,0.0
14,0.34720256919279574,0.18849732669271035,0.15262906230952325,Three-step,0.75,0.6,3411,0.0,0.0,0.0
15,0.5755159091192991,0.2052032566463545,0.5061447304963951,Three-step,0.75,0.6,3411,0.0,0.0,0.0
16,1.1010716514382062,0.7686786848443585,0.4854587149712411,Three-step,0.75,0.6,3411,0.0,0.0,0.0
17,-0.1241250795514971,0.2999217477130562,0.3606233841719028,Three-step,0.75,0.6,3411,0.0,0.0,0.0
18,0.9474722708203827,0.06459384023754741,0.15726956757890256,Three-step,0.75,0.6,3411,0.0,0.0,0.0
19,0.02498503217239272,-0.21994458668717148,-0.1371937863667084,Three-step,0.75,0.6,3411,0.0,0.0,0.0
20,-0.3912589132277972,-0.16496266669620227,0.13841005103292423,Three-step,0.75,0.6,3411,0.0,0.0,0.0
21,1.031507409594991,0.19391930751859351,0.2817286759293076,Three-step,0.75,0.6,3411,0.0,0.0,0.0
22,-0.2861348833960809,-0.17897309795293492,-0.4703521983590499,Three-step,0.75,0.6,3411,0.0,0.0,0.0
23,0.06506684109217736,0.38275949638053275,0.09478994769469716,Three-step,0.75,0.6,3411,0.0,0.0,0.0
24,-1.0765180841941393,-0.6806906132470156,-0.2588176820139562,Three-step,0.75,0.6,3411,0.0,0.0,0.0
25,0.08816205178554054,0.04515087493282395,0.37092737343979193,Three-step,0.75,0.6,3411,0.0,0.0,0.0
26,-0.4737811579272727,-0.5737804808109342,-0.05521825568465484,Three-step,0.75,0.6,3411,0.0,0.0,0.0
27,-0.22393985058574706,-0.04930673336300242,0.00044742477380905565,Three-step,0.75,0.6,3411,0.0,0.0,0.0
28,0.06599927311223912,-0.022378218504006293,0.17445970808361644,Three-step,0.75,0.6,3411,0.0,0.0,0.0
29,-0.21105967844265755,-0.01242298835944401,0.1483464784672544,Three-step,0.75,0.6,3411,0.0,0.0,0.0
30,0.5300273995541412,0.9481892614997163,0.5647666721671789,Three-step,0.75,0.6,3411,0.0,0.0,0.0
31,0.09515882981844145,0.16166907290456065,0.05290574944671529,Three-step,0.75,0.6,3411,0.0,0.0,0.0
32,-0.5673292559115052,0.07241256577848373,-0.024443608311978334,Three-step,0.75,0.6,3411,0.0,0.0,0.0
33,0.18538175038827548,-0.07958951885911146,0.18819052018447727,Three-step,0.75,0.6,3411,0.0,0.0,0.0
34,-0.29368728091041,0.1460223902170047,-0.2306525318096329,Three-step,0.75,0.6,3411,0.0,0.0,0.0
35,-0.04996366645818235,-0.08239866878269082,0.2991453835488563,Three-step,0.75,0.6,3411,0.0,0.0,0.0
36,-0.5643328867111183,-0.008762353075977308,0.16594242999357087,Three-step,0.75,0.6,3411,0.0,0.0,0.0
37,-0.2780046487779436,-0.08865244359571361,0.5094628420873145,Three-step,0.75,0.6,3411,0.0,0.0,0.0
38,0.34365731807774325,0.26204312122774914,0.296676926689058,Three-step,0.75,0.6,3411,0.0,0.0,0.0
39,0.2224409615391313,-0.029943133123004843,0.12035400826782357,Three-step,0.75,0.6,3411,0.0,0.0,0.0
40,-0.7456388370581316,0.000985408337148515,-0.06010854738752104,Three-step,0.75,0.6,3411,0.0,0.0,0.0
41,-0.1491889922334089,-0.1719827730076943,-0.21355068610231662,Three-step,0.75,0.6,3411,0.0,0.0,0.0
42,-0.5748456549124522,-0.4281807359003437,-0.48503519563805914,Three-step,0.75,0.6,3411,0.0,0.0,0.0
43,0.7644721169442766,0.14955436573809042,-0.19393394839212508,Three-step,0.75,0.6,3411,0.0,0.0,0.0
44,0.46025507291936696,0.15649013562555858,0.032821515739293323,Three-step,0.75,0.6,3411,0.0,0.0,0.0
45,-0.1265077379020813,0.027760432504604145,0.007401871554330836,Three-step,0.75,0.6,3411,0.0,0.0,0.0
46,-0.0475245956220574,-0.0561746359123521,-0.028243564754186535,Three-step,0.75,0.6,3411,0.0,0.0,0.0
47,0.40739272903873064,-0.1748933002261307,0.13945691072630387,Three-step,0.75,0.6,3411,0.0,0.0,0.0
48,-0.11431423720955716,0.05297478616463333,-0.5699528543658163,Three-step,0.75,0.6,3411,0.0,0.0,0.0
49,-0.15224093356488955,-0.15825603392162957,-0.3791038470813822,Three-step,0.75,0.6,3411,0.0,0.0,0.0
50,0.9864130561675036,0.16114250327825574,0.3503054039968666,Three-step,0.75,0.6,3411,0.0,0.0,0.0
51,0.040817147166276956,0.057987997781801574,0.09584528174271843,Three-step,0.75,0.6,3411,0.0,0.0,0.0
52,0.29938927943532706,-0.07489932257497639,-0.07588420506220873,Three-step,0.75,0.6,3411,0.0,0.0,0.0
53,0.9565728168391403,0.0466324402799998,-0.30248141402328355,Three-step,0.75,0.6,3411,0.0,0.0,0.0
54,0.02335802919711712,0.039304993742244596,-0.03280884468079371,Three-step,0.75,0.6,3411,0.0,0.0,0.0
55,0.22152576205242863,-0.3571401862716861,-0.42216480464370726,Three-step,0.75,0.6,3411,0.0,0.0,0.0
56,-0.4544601997328147,-0.0505352212248483,-0.2167014205069331,Three-step,0.75,0.6,3411,0.0,0.0,0.0
57,0.32447149023200816,0.164918467207266,-0.10627392849903448,Three-step,0.75,0.6,3411,0.0,0.0,0.0
58,-0.4070809149928659,0.007808568396446243,-0.16016800504473871,Three-step,0.75,0.6,3411,0.0,0.0,0.0
59,0.460373363814066,0.24298933972415585,0.17034375131312599,Three-step,0.75,0.6,3411,0.0,0.0,0.0
60,-0.7403447077237868,0.3260770552818377,0.19569877080186257,Three-step,0.75,0.6,3411,0.0,0.0,0.0
61,-0.4613508580709813,0.27308500957666604,0.04882305001375473,Three-step,0.75,0.6,3411,0.0,0.0,0.0
62,-0.3970907700241078,-0.11761320568066777,-0.24330875330869536,Three-step,0.75,0.6,3411,0.0,0.0,0.0
63,-0.4522214702323439,-0.2728704230521552,-0.30030212500016973,Three-step,0.75,0.6,3411,0.0,0.0,0.0
64,-0.5795694868262506,0.46628229526466464,0.3419559859217163,Three-step,0.75,0.6,3411,0.0,0.0,0.0
65,0.853131603010223,0.4476635981383014,0.367921519865599,Three-step,0.75,0.6,3411,0.0,0.0,0.0
66,-0.16383864993361022,0.459715267605796,-0.05554712368191558,Three-step,0.75,0.6,3411,0.0,0.0,0.0
67,0.010121507956894213,0.03517712328243866,0.2004685822183213,Three-step,0.75,0.6,3411,0.0,0.0,0.0
68,0.46245114432725015,0.39535505593080367,0.18165304740329233,Three-step,0.75,0.6,3411,0.0,0.0,0.0
69,-0.19254318729211678,-0.20156271335037534,0.12513094759373836,Three-step,0.75,0.6,3411,0.0,0.0,0.0
70,-0.23387234193897094,-0.3599030163030743,-0.20439663583213666,Three-step,0.75,0.6,3411,0.0,0.0,0.0
71,0.13296533106011463,0.14015254452164752,-0.08919540536748398,Three-step,0.75,0.6,3411,0.0,0.0,0.0
72,-0.13652732148169383,0.10760400065403454,-0.027040214362406202,Three-step,0.75,0.6,3411,0.0,0.0,0.0
73,-0.9267564262789515,0.039429271643730474,-0.2443817114608894,Three-step,0.75,0.6,3411,0.0,0.0,0.0
74,-0.0814299261720206,-0.054925441864822185,-0.33635757598858956,Three-step,0.75,0.6,3411,0.0,0.0,0.0
75,0.49368220389139184,0.151984590990871,0.14866588150329368,Three-step,0.75,0.6,3411,0.0,0.0,0.0
76,0.24092784409440834,0.21761159821503223,0.13886826223165982,Three-step,0.75,0.6,3411,0.0,0.0,0.0
77,-0.3246884041277417,-0.2006464523181433,0.1750987535902253,Three-step,0.75,0.6,3411,0.0,0.0,0.0
78,-0.08346561199972218,-0.22805454153993612,-0.4430763406124142,Three-step,0.75,0.6,3411,0.0,0.0,0.0
79,-0.44956754328662296,-0.0757713318654136,-0.07408382192651339,Three-step,0.75,0.6,3411,0.0,0.0,0.0
80,-0.07474266802868502,0.13459274352777942,0.10236002715815959,Three-step,0.75,0.6,3411,0.0,0.0,0.0
81,-0.4268979768714698,-0.16011567169629268,0.08789886115680817,Three-step,0.75,0.6,3411,0.0,0.0,0.0
82,-0.2642583554911819,-0.07782388158792909,-0.14961405035695197,Three-step,0.75,0.6,3411,0.0,0.0,0.0
83,-0.15204682453653628,-0.0034613663049099445,-0.1834833427526922,Three-step,0.75,0.6,3411,0.0,0.0,0.0
84,-0.917759738360172,-0.6721614961728515,-0.2782356026102448,Three-step,0.75,0.6,3411,0.0,0.0,0.0
85,0.791764914780938,0.22024711412231443,0.10774664640496588,Three-step,0.75,0.6,3411,0.0,0.0,0.0
86,-0.03546860280945092,0.13100417243683382,0.1354655189215875,Three-step,0.75,0.6,3411,0.0,0.0,0.0
87,0.946911328296062,0.29568903688825343,-0.02919604458989722,Three-step,0.75,0.6,3411,0.0,0.0,0.0
88,0.009228619063542874,-0.046331207614060094,0.233049560170604,Three-step,0.75,0.6,3411,0.0,0.0,0.0
89,0.0807103001851179,0.43761439479556535,0.16363290646857953,Three-step,0.75,0.6,3411,0.0,0.0,0.0
90,0.8629700687420123,0.2139507556706145,0.11184081765059108,Three-step,0.75,0.6,3411,0.0,0.0,0.0
91,-0.1908710534975889,0.20158688755509996,0.15073015007992555,Three-step,0.75,0.6,3411,0.0,0.0,0.0
92,-0.27130581965493017,-0.038266845759569706,0.3335233748891484,Three-step,0.75,0.6,3411,0.0,0.0,0.0
93,0.1859596758518381,-0.024868115667711018,-0.2287507682200458,Three-step,0.75,0.6,3411,0.0,0.0,0.0
94,-0.3356529812380143,-0.23593516173790444,-0.03586712758616322,Three-step,0.75,0.6,3411,0.0,0.0,0.0
95,0.06677466780961813,0.1663274126595708,0.10786977824655186,Three-step,0.75,0.6,3411,0.0,0.0,0.0
96,0.2811729513201066,0.1257573662244287,0.12634643924063152,Three-step,0.75,0.6,3411,0.0,0.0,0.0
97,0.6496171667624848,0.11053694136693948,0.31057653226429893,Three-step,0.75,0.6,3411,0.0,0.0,0.0
98,-0.461938691688013,-0.0014328060773453513,-0.13658915224356588,Three-step,0.75,0.6,3411,0.0,0.0,0.0
99,-0.3694265999314266,-0.17363881592728342,0.2939972589953031,Three-step,0.75,0.6,3411,0.0,0.0,0.0
100,-0.21099146793242612,-0.4172247948709147,-0.07075044494585442,Three-step,0.75,0.6,3411,0.0,0.0,0.0
1,0.4352373001421528,-0.09606548333810834,0.006896873461521394,Robins' estimator,0.75,0.6,3411,0.0,0.0,0.0
2,-0.8457905220162955,-0.4804981199264657,-0.39608254190978603,Robins' estimator,0.75,0.6,3411,0.0,0.0,0.0
3,-0.4707382467326884,-0.022079716325220117,-0.2566505739095396,Robins' estimator,0.75,0.6,3411,0.0,0.0,0.0
4,0.16528874496567555,0.08425244614983787,0.19460596201063723,Robins' estimator,0.75,0.6,3411,0.0,0.0,0.0
5,0.4256402174369571,-0.03198854397721203,-0.015456169670662349,Robins' estimator,0.75,0.6,3411,0.0,0.0,0.0
6,-0.03938353285033303,0.12276989970096731,0.07391138363581834,Robins' estimator,0.75,0.6,3411,0.0,0.0,0.0
7,0.1284140168309521,-0.28611924294163876,-0.23315176542362967,Robins' estimator,0.75,0.6,3411,0.0,0.0,0.0
8,-0.7052751531155974,0.048681864066652016,0.6710760227935331,Robins' estimator,0.75,0.6,3411,0.0,0.0,0.0
9,-0.4808784970306188,-0.27214867936918197,-0.40373862967144214,Robins' estimator,0.75,0.6,3411,0.0,0.0,0.0
10,0.3080666862676335,0.06845640237073682,-0.3627376141201067,Robins' estimator,0.75,0.6,3411,0.0,0.0,0.0
11,0.26105607009029785,0.028004545925408998,0.0038992058107330534,Robins' estimator,0.75,0.6,3411,0.0,0.0,0.0
12,-0.3141835871411047,0.2571030169771826,-0.2417467432548779,Robins' estimator,0.75,0.6,3411,0.0,0.0,0.0
13,0.6427361256981,0.19136751859560652,0.16129631999228597,Robins' estimator,0.75,0.6,3411,0.0,0.0,0.0
14,0.11975053944029092,0.13789948463102586,0.15262906230949275,Robins' estimator,0.75,0.6,3411,0.0,0.0,0.0
15,0.4857888176023658,0.33652100961205655,0.5061447305088836,Robins' estimator,0.75,0.6,3411,0.0,0.0,0.0
16,1.0192123238299546,0.7794844503815811,0.48545871497214904,Robins' estimator,0.75,0.6,3411,0.0,0.0,0.0
17,-0.20916238967680512,0.29541421676400975,0.3606233841719041,Robins' estimator,0.75,0.6,3411,0.0,0.0,0.0
18,1.0704373447474682,0.10098661634517149,0.15726956757970775,Robins' estimator,0.75,0.6,3411,0.0,0.0,0.0
19,-0.1496133385126597,-0.17285549300835307,-0.13719378636401883,Robins' estimator,0.75,0.6,3411,0.0,0.0,0.0
20,-0.1911241803447512,-0.21805931908386092,0.13841005102694914,Robins' estimator,0.75,0.6,3411,0.0,0.0,0.0
21,0.5682869073525239,0.23144567933953986,0.28172867593024337,Robins' estimator,0.75,0.6,3411,0.0,0.0,0.0
22,-0.2863043878187371,-0.16997952103591635,-0.470352198359468,Robins' estimator,0.75,0.6,3411,0.0,0.0,0.0
23,-0.006860967825144757,0.42313106345943674,0.09478994769474776,Robins' estimator,0.75,0.6,3411,0.0,0.0,0.0
24,-0.8883472997099502,-0.5562607418071922,-0.2588176820206327,Robins' estimator,0.75,0.6,3411,0.0,0.0,0.0
25,0.19633507261733887,-0.003470049755741168,0.37092737343478044,Robins' estimator,0.75,0.6,3411,0.0,0.0,0.0
26,-0.3148702629853777,-0.5965392516544855,-0.05521825568464564,Robins' estimator,0.75,0.6,3411,0.0,0.0,0.0
27,-0.030893865519967444,-0.14297061217989732,0.0004474247738088902,Robins' estimator,0.75,0.6,3411,0.0,0.0,0.0
28,0.08749248414116696,-0.07520324763957853,0.17445970808166916,Robins' estimator,0.75,0.6,3411,0.0,0.0,0.0
29,-0.41918468747086024,-0.134614785309829,0.14834647846710014,Robins' estimator,0.75,0.6,3411,0.0,0.0,0.0
30,0.5220034700904761,0.9313283468886562,0.564766672167141,Robins' estimator,0.75,0.6,3411,0.0,0.0,0.0
31,-0.03958601805762986,0.12167125207771667,0.05290574944675416,Robins' estimator,0.75,0.6,3411,0.0,0.0,0.0
32,-0.5082998236322326,0.15029235119006795,-0.024443608311977706,Robins' estimator,0.75,0.6,3411,0.0,0.0,0.0
33,0.011195983278777778,-0.09294324384988861,0.18819052018320717,Robins' estimator,0.75,0.6,3411,0.0,0.0,0.0
34,-0.3225002393521141,-0.005551051697980802,-0.23065253180962073,Robins' estimator,0.75,0.6,3411,0.0,0.0,0.0
35,0.2845703639727386,-0.16837218383530933,0.2991453835490907,Robins' estimator,0.75,0.6,3411,0.0,0.0,0.0
36,-0.39360642545489777,-0.0603400825190755,0.16594242999590533,Robins' estimator,0.75,0.6,3411,0.0,0.0,0.0
37,-0.0317135008935827,-0.013682682246055441,0.5094628420870551,Robins' estimator,0.75,0.6,3411,0.0,0.0,0.0
38,0.3308609987655563,0.15732549287785363,0.2966769266907825,Robins' estimator,0.75,0.6,3411,0.0,0.0,0.0
39,0.13456486519117228,0.052846517592498435,0.12035400826768532,Robins' estimator,0.75,0.6,3411,0.0,0.0,0.0
40,-0.4641780175986688,0.0428989499125267,-0.06010854738752026,Robins' estimator,0.75,0.6,3411,0.0,0.0,0.0
41,0.31779246147810974,-0.12988942848415047,-0.2135506861034182,Robins' estimator,0.75,0.6,3411,0.0,0.0,0.0
42,-0.38621202426375306,-0.457289307781234,-0.4850351956381027,Robins' estimator,0.75,0.6,3411,0.0,0.0,0.0
43,0.38977862219095705,-0.0025715585840310473,-0.19393394838877112,Robins' estimator,0.75,0.6,3411,0.0,0.0,0.0
44,0.3512098168525625,0.1268367532580371,0.03282151573928052,Robins' estimator,0.75,0.6,3411,0.0,0.0,0.0
45,-0.1380549737629889,-0.002716259496251127,0.007401871554329642,Robins' estimator,0.75,0.6,3411,0.0,0.0,0.0
46,-0.0431496743482737,-0.06055842573342945,-0.02824356475421337,Robins' estimator,0.75,0.6,3411,0.0,0.0,0.0
47,0.4438759416653952,-0.11935359905902591,0.13945691070769858,Robins' estimator,0.75,0.6,3411,0.0,0.0,0.0
48,0.10831322430362034,0.13668746351562402,-0.5699528543646397,Robins' estimator,0.75,0.6,3411,0.0,0.0,0.0
49,-0.2920497319214654,-0.29442133063345655,-0.37910384708617567,Robins' estimator,0.75,0.6,3411,0.0,0.0,0.0
50,0.8964856625405648,0.17420430466191375,0.35030540399684695,Robins' estimator,0.75,0.6,3411,0.0,0.0,0.0
51,0.24348304201997684,-0.042114283167696394,0.0958452817428108,Robins' estimator,0.75,0.6,3411,0.0,0.0,0.0
52,0.12098988160056602,-0.06473333705339715,-0.07588420506211734,Robins' estimator,0.75,0.6,3411,0.0,0.0,0.0
53,0.8966688857660015,-0.04486096884508119,-0.30248141402417056,Robins' estimator,0.75,0.6,3411,0.0,0.0,0.0
54,-0.03892247396060662,0.2166594271979731,-0.032808844680791524,Robins' estimator,0.75,0.6,3411,0.0,0.0,0.0
55,-0.02467062518930671,-0.37455772392790543,-0.4221648046436176,Robins' estimator,0.75,0.6,3411,0.0,0.0,0.0
56,-0.372066655150361,-0.03582268497297731,-0.21670142050754207,Robins' estimator,0.75,0.6,3411,0.0,0.0,0.0
57,0.36936554944865363,0.11253945753256478,-0.1062739284990343,Robins' estimator,0.75,0.6,3411,0.0,0.0,0.0
58,-0.3486181942590428,-0.0032020055626675085,-0.16016800504477097,Robins' estimator,0.75,0.6,3411,0.0,0.0,0.0
59,0.20016035620009384,0.2793747709150841,0.17034375131331872,Robins' estimator,0.75,0.6,3411,0.0,0.0,0.0
60,-0.5583811597059645,0.1919209610027016,0.19569877080139716,Robins' estimator,0.75,0.6,3411,0.0,0.0,0.0
61,-0.35569537852490785,0.20090746026907855,0.048823050013754664,Robins' estimator,0.75,0.6,3411,0.0,0.0,0.0
62,-0.4463662078665518,-0.1706357005838758,-0.24330875330818152,Robins' estimator,0.75,0.6,3411,0.0,0.0,0.0
63,-0.2950362288805737,-0.2925049829075624,-0.3003021249807517,Robins' estimator,0.75,0.6,3411,0.0,0.0,0.0
64,-0.37244457375262374,0.2388534869887777,0.34195598588184134,Robins' estimator,0.75,0.6,3411,0.0,0.0,0.0
65,1.1203494799404945,0.41391871912476447,0.3679215198656606,Robins' estimator,0.75,0.6,3411,0.0,0.0,0.0
66,0.019604945700354745,0.33563420313357617,-0.055547123681902316,Robins' estimator,0.75,0.6,3411,0.0,0.0,0.0
67,0.07818058158334222,-0.054845649596389934,0.20046858221832614,Robins' estimator,0.75,0.6,3411,0.0,0.0,0.0
68,0.5097056725847685,0.37029344942716175,0.18165304740333574,Robins' estimator,0.75,0.6,3411,0.0,0.0,0.0
69,-0.08045853790311361,-0.24686942224562528,0.12513094758833132,Robins' estimator,0.75,0.6,3411,0.0,0.0,0.0
70,0.00371525332919752,-0.3955897204132222,-0.2043966358320163,Robins' estimator,0.75,0.6,3411,0.0,0.0,0.0
71,-0.0818961765097281,0.1280769935298007,-0.08919540536752034,Robins' estimator,0.75,0.6,3411,0.0,0.0,0.0
72,-0.2880733902310924,0.1135222006005649,-0.027040214362406775,Robins' estimator,0.75,0.6,3411,0.0,0.0,0.0
73,-0.7590454732841104,0.047400312494312515,-0.2443817114583178,Robins' estimator,0.75,0.6,3411,0.0,0.0,0.0
74,-0.37889501084806043,-0.017913501540971356,-0.3363575759884761,Robins' estimator,0.75,0.6,3411,0.0,0.0,0.0
75,0.39215820533100076,0.19326010204266023,0.14866588150329282,Robins' estimator,0.75,0.6,3411,0.0,0.0,0.0
76,0.3408336537739069,0.25962907425217024,0.13886826223165635,Robins' estimator,0.75,0.6,3411,0.0,0.0,0.0
77,-0.15659726003455052,-0.1455618097295049,0.17509875358082533,Robins' estimator,0.75,0.6,3411,0.0,0.0,0.0
78,-0.11453241699445568,-0.2362701581820186,-0.4430763406076876,Robins' estimator,0.75,0.6,3411,0.0,0.0,0.0
79,-0.26821335086439463,0.03551915026911808,-0.07408382192725833,Robins' estimator,0.75,0.6,3411,0.0,0.0,0.0
80,0.17586672103055884,0.10190520259331706,0.10236002715795814,Robins' estimator,0.75,0.6,3411,0.0,0.0,0.0
81,-0.49154549882290477,-0.13303561707622924,0.08789886115681121,Robins' estimator,0.75,0.6,3411,0.0,0.0,0.0
82,-0.1847126671916289,0.019050128977901436,-0.14961405035801112,Robins' estimator,0.75,0.6,3411,0.0,0.0,0.0
83,0.2768149389456219,-0.04296706753272559,-0.18348334275285372,Robins' estimator,0.75,0.6,3411,0.0,0.0,0.0
84,-0.6435668670202459,-0.6387100520276523,-0.2782356026250833,Robins' estimator,0.75,0.6,3411,0.0,0.0,0.0
85,0.5608413032262949,0.1940511788477151,0.1077466464049497,Robins' estimator,0.75,0.6,3411,0.0,0.0,0.0
86,-0.02463532878636567,0.03246607289538879,0.13546551892164035,Robins' estimator,0.75,0.6,3411,0.0,0.0,0.0
87,0.7837537162191313,0.28409833751263414,-0.02919604458989723,Robins' estimator,0.75,0.6,3411,0.0,0.0,0.0
88,-0.0688035870966823,-0.03253143870928861,0.23304956017061323,Robins' estimator,0.75,0.6,3411,0.0,0.0,0.0
89,0.10001243524422315,0.43261989635109543,0.16363290646817427,Robins' estimator,0.75,0.6,3411,0.0,0.0,0.0
90,0.580168726820641,0.3579580226645074,0.11184081765056925,Robins' estimator,0.75,0.6,3411,0.0,0.0,0.0
91,-0.17348950493338383,0.1833895822965989,0.15073015007921645,Robins' estimator,0.75,0.6,3411,0.0,0.0,0.0
92,-0.20430011095288148,0.17224156151850747,0.3335233748892674,Robins' estimator,0.75,0.6,3411,0.0,0.0,0.0
93,0.09029843066478557,-0.03582202523736878,-0.22875076822016088,Robins' estimator,0.75,0.6,3411,0.0,0.0,0.0
94,-0.3303663879988116,-0.30819901008087247,-0.03586712758600511,Robins' estimator,0.75,0.6,3411,0.0,0.0,0.0
95,0.3553811331156529,0.11130745450962129,0.10786977824580062,Robins' estimator,0.75,0.6,3411,0.0,0.0,0.0
96,0.21071924133654518,0.08331655163386426,0.12634643924211605,Robins' estimator,0.75,0.6,3411,0.0,0.0,0.0
97,0.44842818672922313,-0.01527466043610821,0.31057653226488285,Robins' estimator,0.75,0.6,3411,0.0,0.0,0.0
98,-0.38884171651971833,-0.20244336985099015,-0.13658915224426044,Robins' estimator,0.75,0.6,3411,0.0,0.0,0.0
99,-0.24851941760108232,-0.023155729778471832,0.2939972589957729,Robins' estimator,0.75,0.6,3411,0.0,0.0,0.0
100,-0.14651630288128364,-0.33844911607957384,-0.070750444945853,Robins' estimator,0.75,0.6,3411,0.0,0.0,0.0
1,0.3703286025733554,-0.09182859286189254,2.762018007418897e-05,GMM estimator,0.75,0.6,3411,0.0,0.0,0.0
2,-0.8476258746268304,-0.47229657191454616,-0.39977007106320295,GMM estimator,0.75,0.6,3411,0.0,0.0,0.0
3,-0.4683212612583747,0.016345282828684554,-0.23991573247997416,GMM estimator,0.75,0.6,3411,0.0,0.0,0.0
4,0.06718324158672292,-0.011323943508093112,0.13415396337044386,GMM estimator,0.75,0.6,3411,0.0,0.0,0.0
5,0.3789879015239928,-0.02673963876803347,-0.01620552252164992,GMM estimator,0.75,0.6,3411,0.0,0.0,0.0
6,-0.022123347366130294,0.18151399459267945,0.10725542137541486,GMM estimator,0.75,0.6,3411,0.0,0.0,0.0
7,0.128657101798951,-0.2892214360687641,-0.19438640821797887,GMM estimator,0.75,0.6,3411,0.0,0.0,0.0
8,-0.7678614335922742,0.004649929006733805,0.6239862784133754,GMM estimator,0.75,0.6,3411,0.0,0.0,0.0
9,-0.452734484052587,-0.25791915265068655,-0.39282559535674144,GMM estimator,0.75,0.6,3411,0.0,0.0,0.0
10,0.29296129054564546,0.019006417639606796,-0.3779715442543883,GMM estimator,0.75,0.6,3411,0.0,0.0,0.0
11,0.25528085239136583,0.0010261085857065505,0.013167163205019903,GMM estimator,0.75,0.6,3411,0.0,0.0,0.0
12,-0.4701359384734356,0.22086774562347905,-0.29104467000197365,GMM estimator,0.75,0.6,3411,0.0,0.0,0.0
13,0.644617975304843,0.2077320442708056,0.1551835226099651,GMM estimator,0.75,0.6,3411,0.0,0.0,0.0
14,0.05079303259953194,0.07165965105156366,0.08685296308083558,GMM estimator,0.75,0.6,3411,0.0,0.0,0.0
15,0.4388669549422407,0.31041139185841826,0.5514953184429354,GMM estimator,0.75,0.6,3411,0.0,0.0,0.0
16,1.0056238865730485,0.7654843966472437,0.47596468143253834,GMM estimator,0.75,0.6,3411,0.0,0.0,0.0
17,-0.23709313543505045,0.2884620094906759,0.3415799782783092,GMM estimator,0.75,0.6,3411,0.0,0.0,0.0
18,1.101207108080219,0.14061440898101335,0.17075682462665565,GMM estimator,0.75,0.6,3411,0.0,0.0,0.0
19,-0.1921624715444739,-0.20754581209309386,-0.1433592317111321,GMM estimator,0.75,0.6,3411,0.0,0.0,0.0
20,-0.21850547050496386,-0.20599583949363678,0.12600267790251668,GMM estimator,0.75,0.6,3411,0.0,0.0,0.0
21,0.3266671573510942,0.17320737175354373,0.2362547244616084,GMM estimator,0.75,0.6,3411,0.0,0.0,0.0
22,-0.285147458369283,-0.1702510141583839,-0.4719542873269501,GMM estimator,0.75,0.6,3411,0.0,0.0,0.0
23,-0.024079899391411808,0.4167382102482973,0.10662363560801766,GMM estimator,0.75,0.6,3411,0.0,0.0,0.0
24,-0.851850866068265,-0.515888508919484,-0.15905449469530117,GMM estimator,0.75,0.6,3411,0.0,0.0,0.0
25,0.18604676061145925,-0.017061183704751254,0.35873290331123564,GMM estimator,0.75,0.6,3411,0.0,0.0,0.0
26,-0.273546017583744,-0.546889291080372,-0.03676525823366489,GMM estimator,0.75,0.6,3411,0.0,0.0,0.0
27,-0.02778659397800884,-0.15538684124628033,-0.0062255914412879245,GMM estimator,0.75,0.6,3411,0.0,0.0,0.0
28,0.08099541745226181,-0.08632360449723532,0.17588184715415725,GMM estimator,0.75,0.6,3411,0.0,0.0,0.0
29,-0.49703966443163583,-0.1620729609781317,0.15605755193712903,GMM estimator,0.75,0.6,3411,0.0,0.0,0.0
30,0.5220382073619836,0.9315559590752543,0.565644345038162,GMM estimator,0.75,0.6,3411,0.0,0.0,0.0
31,-0.14043309249638067,0.053508125037000934,0.0014560043525337074,GMM estimator,0.75,0.6,3411,0.0,0.0,0.0
32,-0.4518722852682567,0.17741141155277423,0.00023367109718833157,GMM estimator,0.75,0.6,3411,0.0,0.0,0.0
33,-0.054569816469990255,-0.12428951819045295,0.1572962201090975,GMM estimator,0.75,0.6,3411,0.0,0.0,0.0
34,-0.3800454792826775,-0.04028634229213396,-0.22245641835914565,GMM estimator,0.75,0.6,3411,0.0,0.0,0.0
35,0.2172250596409785,-0.16003862875846173,0.27201978246300773,GMM estimator,0.75,0.6,3411,0.0,0.0,0.0
36,-0.40632123362496264,-0.03941643266921359,0.157434295279207,GMM estimator,0.75,0.6,3411,0.0,0.0,0.0
37,-0.11048557415681104,-0.01743623919903422,0.468241174831884,GMM estimator,0.75,0.6,3411,0.0,0.0,0.0
38,0.3561070312813127,0.14957685859736125,0.3013570280063899,GMM estimator,0.75,0.6,3411,0.0,0.0,0.0
39,0.1428823260756104,0.06435969957087656,0.13487442641382374,GMM estimator,0.75,0.6,3411,0.0,0.0,0.0
40,-0.5429091546538602,0.06829010062641369,-0.06520286205041972,GMM estimator,0.75,0.6,3411,0.0,0.0,0.0
41,0.31807434996954054,-0.0789900199090951,-0.12893464282422573,GMM estimator,0.75,0.6,3411,0.0,0.0,0.0
42,-0.4246852126449605,-0.40690866729363445,-0.40934596075473967,GMM estimator,0.75,0.6,3411,0.0,0.0,0.0
43,0.15941064890900425,-0.1934358772577366,-0.29628127611397514,GMM estimator,0.75,0.6,3411,0.0,0.0,0.0
44,0.31180561696778264,0.10500750385180299,0.018238495667801332,GMM estimator,0.75,0.6,3411,0.0,0.0,0.0
45,-0.14512325431497086,-0.015981548945814522,-0.002068044422466081,GMM estimator,0.75,0.6,3411,0.0,0.0,0.0
46,-0.04050967479069528,-0.058741566120485936,-0.027250308878543676,GMM estimator,0.75,0.6,3411,0.0,0.0,0.0
47,0.43785443345259006,-0.12604560127189357,0.12654256502761874,GMM estimator,0.75,0.6,3411,0.0,0.0,0.0
48,0.12233485347032003,0.15462964498058707,-0.5535134093288303,GMM estimator,0.75,0.6,3411,0.0,0.0,0.0
49,-0.42220112150633765,-0.36607883173528244,-0.4377575377199804,GMM estimator,0.75,0.6,3411,0.0,0.0,0.0
50,0.8748680099803837,0.1697777226127114,0.3496150690901271,GMM estimator,0.75,0.6,3411,0.0,0.0,0.0
51,0.13062483739263991,-0.10094745536689054,0.03100581319146952,GMM estimator,0.75,0.6,3411,0.0,0.0,0.0
52,0.04325815750043141,-0.12629435643343262,-0.10626613923285941,GMM estimator,0.75,0.6,3411,0.0,0.0,0.0
53,0.8592266952920631,-0.08258990153613253,-0.3154912539346454,GMM estimator,0.75,0.6,3411,0.0,0.0,0.0
54,-0.06181029943560426,0.12582629109657417,0.01392759736486529,GMM estimator,0.75,0.6,3411,0.0,0.0,0.0
55,-0.10045186938968131,-0.4309218261062925,-0.4430483321941809,GMM estimator,0.75,0.6,3411,0.0,0.0,0.0
56,-0.3605271435542844,-0.018576699748342845,-0.1883734400684026,GMM estimator,0.75,0.6,3411,0.0,0.0,0.0
57,0.3329044912868487,0.09335004584945573,-0.13188485013979517,GMM estimator,0.75,0.6,3411,0.0,0.0,0.0
58,-0.3504868767062272,0.0013695188927768387,-0.15998002981531406,GMM estimator,0.75,0.6,3411,0.0,0.0,0.0
59,0.060378017286499164,0.18869936559005998,0.09576490291589057,GMM estimator,0.75,0.6,3411,0.0,0.0,0.0
60,-0.6201533889287257,0.18884568395328938,0.1987866109433021,GMM estimator,0.75,0.6,3411,0.0,0.0,0.0
61,-0.36480547618925846,0.20536485967351598,0.029713289626228517,GMM estimator,0.75,0.6,3411,0.0,0.0,0.0
62,-0.4818802667796299,-0.20100158966282178,-0.2544102585919904,GMM estimator,0.75,0.6,3411,0.0,0.0,0.0
63,-0.2899622102134508,-0.24379521868210088,-0.28203975387250035,GMM estimator,0.75,0.6,3411,0.0,0.0,0.0
64,-0.4019824101681819,0.06271305992805865,0.26482256484447325,GMM estimator,0.75,0.6,3411,0.0,0.0,0.0
65,1.1314226775466392,0.39442467403408454,0.3801555701787582,GMM estimator,0.75,0.6,3411,0.0,0.0,0.0
66,-0.001962446875228979,0.32025879491709214,-0.10717255253005248,GMM estimator,0.75,0.6,3411,0.0,0.0,0.0
67,0.03958190283310749,-0.06339218802371567,0.2016268161018892,GMM estimator,0.75,0.6,3411,0.0,0.0,0.0
68,0.5175309195717596,0.3698000108344422,0.16244251946450555,GMM estimator,0.75,0.6,3411,0.0,0.0,0.0
69,-0.08655292822950367,-0.25897506790008956,0.11857096162395823,GMM estimator,0.75,0.6,3411,0.0,0.0,0.0
70,0.008233311970041401,-0.349224118995809,-0.175388503490847,GMM estimator,0.75,0.6,3411,0.0,0.0,0.0
71,-0.11255503770477038,0.06985410110011225,-0.11810937792934381,GMM estimator,0.75,0.6,3411,0.0,0.0,0.0
72,-0.3555907673044826,0.04708363807686761,-0.08423368275465976,GMM estimator,0.75,0.6,3411,0.0,0.0,0.0
73,-0.7808179304323042,0.06421117049530338,-0.24962332284962924,GMM estimator,0.75,0.6,3411,0.0,0.0,0.0
74,-0.5186305565621349,-0.09865967221971433,-0.3769902829072629,GMM estimator,0.75,0.6,3411,0.0,0.0,0.0
75,0.38715056031716333,0.17691780213819702,0.14348134404041069,GMM estimator,0.75,0.6,3411,0.0,0.0,0.0
76,0.31681764468438445,0.26949215115378977,0.14956150291838144,GMM estimator,0.75,0.6,3411,0.0,0.0,0.0
77,-0.11612154226294277,-0.05943695155666048,0.27015562961719874,GMM estimator,0.75,0.6,3411,0.0,0.0,0.0
78,-0.13093535855662328,-0.25261490046455337,-0.4570920915109712,GMM estimator,0.75,0.6,3411,0.0,0.0,0.0
79,-0.30328324113797317,0.03858127843102247,-0.07588430500949506,GMM estimator,0.75,0.6,3411,0.0,0.0,0.0
80,0.19221200448965997,0.10554673360115846,0.0877906502386761,GMM estimator,0.75,0.6,3411,0.0,0.0,0.0
81,-0.5002332425307484,-0.1506770731874673,0.09712488182856817,GMM estimator,0.75,0.6,3411,0.0,0.0,0.0
82,-0.20405548895769468,0.04414168028893601,-0.12209629887045215,GMM estimator,0.75,0.6,3411,0.0,0.0,0.0
83,0.05973179324806527,-0.06706199745649202,-0.28128712221043634,GMM estimator,0.75,0.6,3411,0.0,0.0,0.0
84,-0.5776563806770911,-0.5087506572492118,-0.16806001732557152,GMM estimator,0.75,0.6,3411,0.0,0.0,0.0
85,0.5542733555416727,0.2046337930816785,0.12043452565733268,GMM estimator,0.75,0.6,3411,0.0,0.0,0.0
86,-0.07109123330082644,-0.00794751379901662,0.08769581834050613,GMM estimator,0.75,0.6,3411,0.0,0.0,0.0
87,0.7315024919562025,0.2614387908509123,-0.04776205120472971,GMM estimator,0.75,0.6,3411,0.0,0.0,0.0
88,-0.09136287135076411,-0.05008059812815474,0.22621200735223485,GMM estimator,0.75,0.6,3411,0.0,0.0,0.0
89,0.10404774299367761,0.4339655210140328,0.16574825643703534,GMM estimator,0.75,0.6,3411,0.0,0.0,0.0
90,0.4770822919965326,0.3519611446974224,0.057028147437066926,GMM estimator,0.75,0.6,3411,0.0,0.0,0.0
91,-0.16703327644510166,0.18416677134096415,0.14815139195150728,GMM estimator,0.75,0.6,3411,0.0,0.0,0.0
92,-0.20628451731006336,0.15262457286506634,0.379231783511065,GMM estimator,0.75,0.6,3411,0.0,0.0,0.0
93,0.06201878289312289,-0.05457653944114448,-0.2370525136590741,GMM estimator,0.75,0.6,3411,0.0,0.0,0.0
94,-0.3293154293828742,-0.31512294511616334,-0.031000617982167022,GMM estimator,0.75,0.6,3411,0.0,0.0,0.0
95,0.222643881264431,0.09340061428842383,0.13052627156418,GMM estimator,0.75,0.6,3411,0.0,0.0,0.0
96,0.17292077832834296,0.036029049242206596,0.10548045406198372,GMM estimator,0.75,0.6,3411,0.0,0.0,0.0
97,0.18804564393281809,-0.14917769462558386,0.2516400052075534,GMM estimator,0.75,0.6,3411,0.0,0.0,0.0
98,-0.42447018862346714,-0.2755699528423074,-0.17240604028159984,GMM estimator,0.75,0.6,3411,0.0,0.0,0.0
99,-0.2316914769928583,0.0045485032795895,0.2591082914669337,GMM estimator,0.75,0.6,3411,0.0,0.0,0.0
100,-0.1469043031468017,-0.3300633746855046,-0.0512094201082068,GMM estimator,0.75,0.6,3411,0.0,0.0,0.0
1,0.11752935063732586,0.17207678210019875,0.08062615838765412,Three-step,1.0,0.6,3411,0.0,0.0,0.0
2,-0.8986585034185225,-0.6036768931183519,-0.38915687939091476,Three-step,1.0,0.6,3411,0.0,0.0,0.0
3,-0.6504063233237317,-0.08013699107311402,-0.17700341442420356,Three-step,1.0,0.6,3411,0.0,0.0,0.0
4,0.20905643271966848,0.18964141713308333,0.17485266886709314,Three-step,1.0,0.6,3411,0.0,0.0,0.0
5,0.17725188005803977,-0.09707177395670115,-0.04315985744127977,Three-step,1.0,0.6,3411,0.0,0.0,0.0
6,-0.21335543530646217,0.002563162532073383,0.23109544415693353,Three-step,1.0,0.6,3411,0.0,0.0,0.0
7,0.12608804404265322,-0.3400187602774284,-0.13092286024218158,Three-step,1.0,0.6,3411,0.0,0.0,0.0
8,-0.548640326816454,0.1586344882129981,0.4733486976083833,Three-step,1.0,0.6,3411,0.0,0.0,0.0
9,-0.58867559761106,-0.14921197258234634,-0.4299569514332162,Three-step,1.0,0.6,3411,0.0,0.0,0.0
10,0.3071662182066565,0.10378113231842176,-0.3864116395708472,Three-step,1.0,0.6,3411,0.0,0.0,0.0
11,0.24624747167720626,0.04489353148713614,0.00680093511868043,Three-step,1.0,0.6,3411,0.0,0.0,0.0
12,-0.5774522484189308,0.13484438466372808,-0.06261903281657195,Three-step,1.0,0.6,3411,0.0,0.0,0.0
13,0.5896727602291794,0.2882299728325058,0.2186025661167406,Three-step,1.0,0.6,3411,0.0,0.0,0.0
14,0.3472025691933023,-0.051400416263138585,0.01663501258576899,Three-step,1.0,0.6,3411,0.0,0.0,0.0
15,0.575515909127575,0.5395233227467839,0.5097647131469216,Three-step,1.0,0.6,3411,0.0,0.0,0.0
16,1.1088214107274859,0.6575176427575231,0.45825822276864164,Three-step,1.0,0.6,3411,0.0,0.0,0.0
17,-0.1283240437147704,0.29524430138324814,0.24620981994819768,Three-step,1.0,0.6,3411,0.0,0.0,0.0
18,0.9425667794058649,0.3319837777111086,0.28743244936763784,Three-step,1.0,0.6,3411,0.0,0.0,0.0
19,0.02498503216518591,-0.3090580431317907,-0.14911189032842084,Three-step,1.0,0.6,3411,0.0,0.0,0.0
20,-0.39125891322846473,-0.19435054466835375,0.0328310920885415,Three-step,1.0,0.6,3411,0.0,0.0,0.0
21,1.031507409594092,0.17846259248541396,0.29765007136845517,Three-step,1.0,0.6,3411,0.0,0.0,0.0
22,-0.28921701891708096,-0.30194431518646625,-0.43469856312964067,Three-step,1.0,0.6,3411,0.0,0.0,0.0
23,0.06214476066037266,0.3320069098203233,-0.08761724340740236,Three-step,1.0,0.6,3411,0.0,0.0,0.0
24,-1.0846417464592621,-0.565656228502362,-0.16047569725701955,Three-step,1.0,0.6,3411,0.0,0.0,0.0
25,0.08816205179482256,0.20747734167436147,0.17173368286227736,Three-step,1.0,0.6,3411,0.0,0.0,0.0
26,-0.4700005929911731,-0.4390951052251818,-0.04045661240865437,Three-step,1.0,0.6,3411,0.0,0.0,0.0
27,-0.22856883254935872,0.12086276290469795,0.024992115874580605,Three-step,1.0,0.6,3411,0.0,0.0,0.0
28,0.06599927311660492,0.09669178753172783,0.16726043087209524,Three-step,1.0,0.6,3411,0.0,0.0,0.0
29,-0.2065795004330937,-0.175974851635164,0.056681856387488135,Three-step,1.0,0.6,3411,0.0,0.0,0.0
30,0.510688612526184,0.8206219860937924,0.45839145594871644,Three-step,1.0,0.6,3411,0.0,0.0,0.0
31,0.10410400584230639,0.0909367375110508,0.0761041324369632,Three-step,1.0,0.6,3411,0.0,0.0,0.0
32,-0.5553695939990912,-0.1903921983426852,0.05948109213061785,Three-step,1.0,0.6,3411,0.0,0.0,0.0
33,0.17726903474388178,-0.07919128281366923,-0.11175650001178555,Three-step,1.0,0.6,3411,0.0,0.0,0.0
34,-0.284642401218621,-0.11255220419315236,-0.08803546732336598,Three-step,1.0,0.6,3411,0.0,0.0,0.0
35,-0.04995690780106268,0.09500399797810506,0.19473506071130026,Three-step,1.0,0.6,3411,0.0,0.0,0.0
36,-0.557970995686732,0.10085666638765245,-0.07330069127013868,Three-step,1.0,0.6,3411,0.0,0.0,0.0
37,-0.26167687265118583,-0.04339000190614518,0.38404267463559283,Three-step,1.0,0.6,3411,0.0,0.0,0.0
38,0.351248274255048,0.20913464165952497,0.23581113948329024,Three-step,1.0,0.6,3411,0.0,0.0,0.0
39,0.22637906053225298,-0.02515764040937014,0.16380167980475,Three-step,1.0,0.6,3411,0.0,0.0,0.0
40,-0.7456388370579343,-0.09235115074569099,-0.1600492281115934,Three-step,1.0,0.6,3411,0.0,0.0,0.0
41,-0.14918493324385815,-0.2663458456945151,0.0033970857697481864,Three-step,1.0,0.6,3411,0.0,0.0,0.0
42,-0.5742476966331101,-0.34949957176558666,-0.43740814543902584,Three-step,1.0,0.6,3411,0.0,0.0,0.0
43,0.7654287250514276,0.02550677572196181,-0.048763377382377765,Three-step,1.0,0.6,3411,0.0,0.0,0.0
44,0.460255072919329,0.012549269087638378,0.04961939973759058,Three-step,1.0,0.6,3411,0.0,0.0,0.0
45,-0.12427637294157261,0.18113493844318798,0.0012862630973447273,Three-step,1.0,0.6,3411,0.0,0.0,0.0
46,-0.047536638758037715,-0.2033500762386664,-0.09863001988657512,Three-step,1.0,0.6,3411,0.0,0.0,0.0
47,0.4169179926798773,-0.06658272695013023,0.1173880098248996,Three-step,1.0,0.6,3411,0.0,0.0,0.0
48,-0.11431423718241422,0.08849413562400815,-0.5202189445060994,Three-step,1.0,0.6,3411,0.0,0.0,0.0
49,-0.15225878342521898,-0.2533257884593044,-0.1518834550212277,Three-step,1.0,0.6,3411,0.0,0.0,0.0
50,0.9884563066624346,0.0914381694043043,0.27499786255284503,Three-step,1.0,0.6,3411,0.0,0.0,0.0
51,0.03626721439963479,0.08908636503894826,-0.05410036928095112,Three-step,1.0,0.6,3411,0.0,0.0,0.0
52,0.3053605801930648,-0.027737796921463366,0.04790214779806113,Three-step,1.0,0.6,3411,0.0,0.0,0.0
53,0.9466714945811378,0.013993468823471276,-0.08001531700236583,Three-step,1.0,0.6,3411,0.0,0.0,0.0
54,0.01695745588108744,0.03594793836355347,-0.07685199282371437,Three-step,1.0,0.6,3411,0.0,0.0,0.0
55,0.2215257620524141,-0.1728129481925232,-0.3113304268199929,Three-step,1.0,0.6,3411,0.0,0.0,0.0
56,-0.4512236119628592,-0.2749521699207195,-0.29781038058099185,Three-step,1.0,0.6,3411,0.0,0.0,0.0
57,0.3261667985836339,0.30072076939929876,0.037708226306444895,Three-step,1.0,0.6,3411,0.0,0.0,0.0
58,-0.4162930022098508,-0.18693099861237855,-0.11808416561307837,Three-step,1.0,0.6,3411,0.0,0.0,0.0
59,0.46172860738173027,0.2931174263048332,0.1752011699190113,Three-step,1.0,0.6,3411,0.0,0.0,0.0
60,-0.7358663886788492,0.1489557859071321,0.16095687128148292,Three-step,1.0,0.6,3411,0.0,0.0,0.0
61,-0.4759252986418973,0.11064960105905036,-0.07987219479537742,Three-step,1.0,0.6,3411,0.0,0.0,0.0
62,-0.4018584978101103,-0.37992727921701613,-0.31291346576707735,Three-step,1.0,0.6,3411,0.0,0.0,0.0
63,-0.4522214702306658,-0.1974804777348653,-0.38950005091386614,Three-step,1.0,0.6,3411,0.0,0.0,0.0
64,-0.5746952144115667,0.20494375814987836,0.06362555834257386,Three-step,1.0,0.6,3411,0.0,0.0,0.0
65,0.8531523314280656,0.5880695259524421,0.26492556923195637,Three-step,1.0,0.6,3411,0.0,0.0,0.0
66,-0.16383864993299632,0.2213129045241489,-0.08540038462970675,Three-step,1.0,0.6,3411,0.0,0.0,0.0
67,0.016277158014830668,0.06833028627296646,0.28038492761738076,Three-step,1.0,0.6,3411,0.0,0.0,0.0
68,0.4546785247147683,0.6584782393567569,0.2071891756910173,Three-step,1.0,0.6,3411,0.0,0.0,0.0
69,-0.1883900392126954,0.035560379936779865,0.15453243467100267,Three-step,1.0,0.6,3411,0.0,0.0,0.0
70,-0.23442747172499567,-0.19719285112851923,-0.28154688711836634,Three-step,1.0,0.6,3411,0.0,0.0,0.0
71,0.13293751580504823,0.09429729717376785,-0.1382395615244402,Three-step,1.0,0.6,3411,0.0,0.0,0.0
72,-0.1304438294736456,0.16148071458461108,0.06316687004007263,Three-step,1.0,0.6,3411,0.0,0.0,0.0
73,-0.9337516363271825,0.10364159159047037,-0.24553913106417377,Three-step,1.0,0.6,3411,0.0,0.0,0.0
74,-0.0809346685890972,-0.057079557238613424,-0.13230744707987108,Three-step,1.0,0.6,3411,0.0,0.0,0.0
75,0.4846146579352625,0.17322836791008145,0.28916137593312086,Three-step,1.0,0.6,3411,0.0,0.0,0.0
76,0.2611050799302487,0.24976795954032727,0.10609643306564395,Three-step,1.0,0.6,3411,0.0,0.0,0.0
77,-0.3225413015985902,-0.30390751398008614,0.012075869695055912,Three-step,1.0,0.6,3411,0.0,0.0,0.0
78,-0.09074122609903487,-0.27421530451584303,-0.6162988494964553,Three-step,1.0,0.6,3411,0.0,0.0,0.0
79,-0.44782561513036667,-0.10784184360393978,-0.05184072421276551,Three-step,1.0,0.6,3411,0.0,0.0,0.0
80,-0.061072752709118515,0.10698589111972939,0.10883790446494442,Three-step,1.0,0.6,3411,0.0,0.0,0.0
81,-0.4268979768714806,-0.19635883844778954,-0.020768776828472064,Three-step,1.0,0.6,3411,0.0,0.0,0.0
82,-0.26755761934769884,0.026281647718362975,0.013158189081737227,Three-step,1.0,0.6,3411,0.0,0.0,0.0
83,-0.15202083770491562,-0.12451715913064473,-0.03756448558419819,Three-step,1.0,0.6,3411,0.0,0.0,0.0
84,-0.9283973847560821,-0.5601921535547286,-0.3389616186337146,Three-step,1.0,0.6,3411,0.0,0.0,0.0
85,0.790040123288859,0.19844306159565286,0.11496824421525499,Three-step,1.0,0.6,3411,0.0,0.0,0.0
86,-0.03614507357857757,0.14832045088623833,0.1095714039955987,Three-step,1.0,0.6,3411,0.0,0.0,0.0
87,0.9455031887162434,0.17358973338213754,-0.05169658992965535,Three-step,1.0,0.6,3411,0.0,0.0,0.0
88,0.00867768740768203,-0.05010671301731753,0.07356479522903307,Three-step,1.0,0.6,3411,0.0,0.0,0.0
89,0.08245943777451403,0.24648527336988638,0.0756209873644376,Three-step,1.0,0.6,3411,0.0,0.0,0.0
90,0.8629700687417297,0.3460995674996028,0.11158726432944746,Three-step,1.0,0.6,3411,0.0,0.0,0.0
91,-0.18441221515440312,-0.007274239319439301,0.14377279440935328,Three-step,1.0,0.6,3411,0.0,0.0,0.0
92,-0.26907488224222875,0.24281397845655067,0.24115876473916847,Three-step,1.0,0.6,3411,0.0,0.0,0.0
93,0.17405306709883725,0.13552329260977458,-0.2924283128933667,Three-step,1.0,0.6,3411,0.0,0.0,0.0
94,-0.3382723155397205,-0.19679432849936881,0.026902295251849992,Three-step,1.0,0.6,3411,0.0,0.0,0.0
95,0.06677466781064367,0.169651346016092,0.15041773758811477,Three-step,1.0,0.6,3411,0.0,0.0,0.0
96,0.28682650482067945,0.14932120930494547,0.30228903573355986,Three-step,1.0,0.6,3411,0.0,0.0,0.0
97,0.6456593047458692,0.32494029635926086,0.22521312516006117,Three-step,1.0,0.6,3411,0.0,0.0,0.0
98,-0.462653237946362,-0.19900459437658258,-0.28379365747326246,Three-step,1.0,0.6,3411,0.0,0.0,0.0
99,-0.36942659993317517,-0.002788162133223733,0.2779689150829247,Three-step,1.0,0.6,3411,0.0,0.0,0.0
100,-0.21099146793171858,-0.395366018297052,-0.14055290763336287,Three-step,1.0,0.6,3411,0.0,0.0,0.0
1,0.3933554734486281,0.19655862844911165,0.08062615838766785,Robins' estimator,1.0,0.6,3411,0.0,0.0,0.0
2,-0.7302519994337426,-0.6133878359044844,-0.38915687938182913,Robins' estimator,1.0,0.6,3411,0.0,0.0,0.0
3,-0.4531986940796704,-0.06353214622627038,-0.17700341442410605,Robins' estimator,1.0,0.6,3411,0.0,0.0,0.0
4,0.2937168741592811,0.12093700521450947,0.1748526688670901,Robins' estimator,1.0,0.6,3411,0.0,0.0,0.0
5,0.3040412080214583,-0.05830363611399615,-0.043159857441279786,Robins' estimator,1.0,0.6,3411,0.0,0.0,0.0
6,0.08433065033048139,0.07547019528022786,0.23109544415672528,Robins' estimator,1.0,0.6,3411,0.0,0.0,0.0
7,0.15668041999974527,-0.3624513116962659,-0.13092286021346766,Robins' estimator,1.0,0.6,3411,0.0,0.0,0.0
8,-0.6107782278791996,0.14236117824905156,0.4733486976376814,Robins' estimator,1.0,0.6,3411,0.0,0.0,0.0
9,-0.5612547628843005,-0.12899721242284606,-0.42995695143291796,Robins' estimator,1.0,0.6,3411,0.0,0.0,0.0
10,0.2722391123317856,0.11355879215373454,-0.3864116395530227,Robins' estimator,1.0,0.6,3411,0.0,0.0,0.0
11,0.23776714915931435,0.11279817883920015,0.006800935118680351,Robins' estimator,1.0,0.6,3411,0.0,0.0,0.0
12,-0.21639112649198686,0.05418372831186674,-0.06261903281658482,Robins' estimator,1.0,0.6,3411,0.0,0.0,0.0
13,0.518288231115741,0.33353358462981697,0.21860256611678028,Robins' estimator,1.0,0.6,3411,0.0,0.0,0.0
14,0.01699157058679092,0.02342498585094605,0.016635012585769042,Robins' estimator,1.0,0.6,3411,0.0,0.0,0.0
15,0.4210842475797447,0.534655297932696,0.5097647131469227,Robins' estimator,1.0,0.6,3411,0.0,0.0,0.0
16,0.9899010830875137,0.6686721995770866,0.4582582227691265,Robins' estimator,1.0,0.6,3411,0.0,0.0,0.0
17,-0.08120578275116239,0.2350016553570887,0.24620981994819813,Robins' estimator,1.0,0.6,3411,0.0,0.0,0.0
18,0.7544005006904436,0.3068568345609332,0.287432449367412,Robins' estimator,1.0,0.6,3411,0.0,0.0,0.0
19,-0.16501759384581416,-0.2633634801281122,-0.1491118903216997,Robins' estimator,1.0,0.6,3411,0.0,0.0,0.0
20,-0.12182471476943875,-0.27660433117438654,0.032831092088536434,Robins' estimator,1.0,0.6,3411,0.0,0.0,0.0
21,0.5560147766763853,0.1743838587882446,0.2976500713702414,Robins' estimator,1.0,0.6,3411,0.0,0.0,0.0
22,-0.2582176808307787,-0.24761938327114572,-0.43469856312756044,Robins' estimator,1.0,0.6,3411,0.0,0.0,0.0
23,0.0631734380786697,0.27840719404379394,-0.08761724340742705,Robins' estimator,1.0,0.6,3411,0.0,0.0,0.0
24,-0.8024183892634854,-0.5677266031371921,-0.1604756972769864,Robins' estimator,1.0,0.6,3411,0.0,0.0,0.0
25,0.12270234174490784,0.1688669876739716,0.17173368286226173,Robins' estimator,1.0,0.6,3411,0.0,0.0,0.0
26,-0.3541745545327297,-0.4740547474987664,-0.04045661240865403,Robins' estimator,1.0,0.6,3411,0.0,0.0,0.0
27,-0.07256745849921994,0.03818657579792412,0.024992115874622866,Robins' estimator,1.0,0.6,3411,0.0,0.0,0.0
28,0.02502309938690986,0.062201055019072866,0.16726043087212367,Robins' estimator,1.0,0.6,3411,0.0,0.0,0.0
29,-0.2745249268127515,-0.21760500300467434,0.056681856387469205,Robins' estimator,1.0,0.6,3411,0.0,0.0,0.0
30,0.42569260291725014,0.8258015505720125,0.45839145594872815,Robins' estimator,1.0,0.6,3411,0.0,0.0,0.0
31,0.00999668670074243,0.05260758655717809,0.07610413243700562,Robins' estimator,1.0,0.6,3411,0.0,0.0,0.0
32,-0.49582298416134024,-0.14793071235012545,0.059481092130617856,Robins' estimator,1.0,0.6,3411,0.0,0.0,0.0
33,-0.06023816384394668,-0.07135678791836476,-0.11175650001147454,Robins' estimator,1.0,0.6,3411,0.0,0.0,0.0
34,-0.34117038179695497,-0.11708872831133568,-0.08803546732268923,Robins' estimator,1.0,0.6,3411,0.0,0.0,0.0
35,0.28038555018175526,0.013587512637353126,0.19473506071138574,Robins' estimator,1.0,0.6,3411,0.0,0.0,0.0
36,-0.2671531494628042,0.04577898693921813,-0.07330069127026935,Robins' estimator,1.0,0.6,3411,0.0,0.0,0.0
37,0.183349817013375,-0.05067757196097121,0.3840426746327228,Robins' estimator,1.0,0.6,3411,0.0,0.0,0.0
38,0.4114542140954243,0.20131343410091193,0.23581113948320787,Robins' estimator,1.0,0.6,3411,0.0,0.0,0.0
39,0.1939618113075157,-0.03975706231055961,0.16380167980433993,Robins' estimator,1.0,0.6,3411,0.0,0.0,0.0
40,-0.3523598083702789,-0.13551917421178863,-0.16004922811010372,Robins' estimator,1.0,0.6,3411,0.0,0.0,0.0
41,0.3950946493597422,-0.2864324295077915,0.003397085769748236,Robins' estimator,1.0,0.6,3411,0.0,0.0,0.0
42,-0.31141757785819385,-0.28250068429591335,-0.4374081454360307,Robins' estimator,1.0,0.6,3411,0.0,0.0,0.0
43,0.3631668848431261,-0.010922897569718955,-0.04876337738387677,Robins' estimator,1.0,0.6,3411,0.0,0.0,0.0
44,0.3109149157100963,0.08026371272112341,0.049619399737517125,Robins' estimator,1.0,0.6,3411,0.0,0.0,0.0
45,-0.11380689820654825,0.22985172591395614,0.00128626309734478,Robins' estimator,1.0,0.6,3411,0.0,0.0,0.0
46,-0.05357308828952883,-0.11217813870381237,-0.09863001988659084,Robins' estimator,1.0,0.6,3411,0.0,0.0,0.0
47,0.42646173593015213,-0.054486336184616915,0.11738800982261394,Robins' estimator,1.0,0.6,3411,0.0,0.0,0.0
48,0.15668661118887425,0.07970365639246538,-0.5202189444980088,Robins' estimator,1.0,0.6,3411,0.0,0.0,0.0
49,-0.36530026281394834,-0.31145813914617315,-0.15188345502395928,Robins' estimator,1.0,0.6,3411,0.0,0.0,0.0
50,0.793872793821148,0.13089019762860857,0.274997862553739,Robins' estimator,1.0,0.6,3411,0.0,0.0,0.0
51,0.21965533612937324,0.116683112545959,-0.054100369280627586,Robins' estimator,1.0,0.6,3411,0.0,0.0,0.0
52,-0.08167841533447388,-0.025624664781234017,0.047902147797572174,Robins' estimator,1.0,0.6,3411,0.0,0.0,0.0
53,0.8435478216613588,0.0015232928504896215,-0.08001531700242166,Robins' estimator,1.0,0.6,3411,0.0,0.0,0.0
54,-0.05791009580144068,0.0627340668399734,-0.07685199282371107,Robins' estimator,1.0,0.6,3411,0.0,0.0,0.0
55,-0.18282131794670098,-0.11488458528062737,-0.3113304268039183,Robins' estimator,1.0,0.6,3411,0.0,0.0,0.0
56,-0.22036448682760645,-0.28074816328632896,-0.29781038057475784,Robins' estimator,1.0,0.6,3411,0.0,0.0,0.0
57,0.3233024657017782,0.15644068925222507,0.03770822630644474,Robins' estimator,1.0,0.6,3411,0.0,0.0,0.0
58,-0.28743026594214816,-0.12954398791500105,-0.11808416560967781,Robins' estimator,1.0,0.6,3411,0.0,0.0,0.0
59,0.1690118365390444,0.23126698638202303,0.1752011699144985,Robins' estimator,1.0,0.6,3411,0.0,0.0,0.0
60,-0.3716979561275728,0.07783242862014778,0.1609568712836947,Robins' estimator,1.0,0.6,3411,0.0,0.0,0.0
61,-0.24195112631942126,0.07852920181484231,-0.07987219479561562,Robins' estimator,1.0,0.6,3411,0.0,0.0,0.0
62,-0.23624868039925884,-0.3052267665796595,-0.3129134657655972,Robins' estimator,1.0,0.6,3411,0.0,0.0,0.0
63,-0.20717672528091333,-0.21561663043237758,-0.3895000508903147,Robins' estimator,1.0,0.6,3411,0.0,0.0,0.0
64,-0.29872072871914507,0.12154298145908299,0.06362555834261774,Robins' estimator,1.0,0.6,3411,0.0,0.0,0.0
65,0.8005080709280866,0.4839134917983811,0.2649255692319614,Robins' estimator,1.0,0.6,3411,0.0,0.0,0.0
66,0.23490609266230023,0.13521114762093714,-0.08540038462915427,Robins' estimator,1.0,0.6,3411,0.0,0.0,0.0
67,-0.029312842725976774,0.12460135804258722,0.2803849276169351,Robins' estimator,1.0,0.6,3411,0.0,0.0,0.0
68,0.5116835792482252,0.6242283103535469,0.207189175691107,Robins' estimator,1.0,0.6,3411,0.0,0.0,0.0
69,-0.15776711130828108,-0.038100481661009114,0.15453243467113173,Robins' estimator,1.0,0.6,3411,0.0,0.0,0.0
70,-0.12435923625707893,-0.24603898369975372,-0.2815468871160236,Robins' estimator,1.0,0.6,3411,0.0,0.0,0.0
71,-0.006985906876817338,0.04366027739392339,-0.13823956152455105,Robins' estimator,1.0,0.6,3411,0.0,0.0,0.0
72,-0.14792860258404922,0.11649414090891781,0.06316687004006001,Robins' estimator,1.0,0.6,3411,0.0,0.0,0.0
73,-0.6136995817567856,0.10508541308003791,-0.24553913106546743,Robins' estimator,1.0,0.6,3411,0.0,0.0,0.0
74,-0.23888612200783038,-0.09042087846840369,-0.13230744707956918,Robins' estimator,1.0,0.6,3411,0.0,0.0,0.0
75,0.26610131420931343,0.16194719323891574,0.28916137593370883,Robins' estimator,1.0,0.6,3411,0.0,0.0,0.0
76,0.43013347336514124,0.27183139122153055,0.10609643306564334,Robins' estimator,1.0,0.6,3411,0.0,0.0,0.0
77,-0.2842476942641538,-0.2479434887623764,0.01207586969505593,Robins' estimator,1.0,0.6,3411,0.0,0.0,0.0
78,-0.03320399471357923,-0.2933042953725111,-0.6162988494830081,Robins' estimator,1.0,0.6,3411,0.0,0.0,0.0
79,-0.10427551741640902,-0.1287343486389754,-0.051840724212746776,Robins' estimator,1.0,0.6,3411,0.0,0.0,0.0
80,0.07206339005016472,0.01765363470667594,0.10883790446479587,Robins' estimator,1.0,0.6,3411,0.0,0.0,0.0
81,-0.4418924675927789,-0.16959337329778368,-0.020768776828472075,Robins' estimator,1.0,0.6,3411,0.0,0.0,0.0
82,-0.1968066768862997,0.07162248382355044,0.013158189081734672,Robins' estimator,1.0,0.6,3411,0.0,0.0,0.0
83,0.11301562420412052,-0.1750034875756396,-0.03756448558420657,Robins' estimator,1.0,0.6,3411,0.0,0.0,0.0
84,-0.5818522459775797,-0.5471861878588624,-0.33896161863971513,Robins' estimator,1.0,0.6,3411,0.0,0.0,0.0
85,0.6295912635697565,0.19254978262466166,0.11496824421524172,Robins' estimator,1.0,0.6,3411,0.0,0.0,0.0
86,0.07363007340036835,0.06834069604191416,0.10957140399559318,Robins' estimator,1.0,0.6,3411,0.0,0.0,0.0
87,0.7499648899827812,0.1461123749730466,-0.051696589929655375,Robins' estimator,1.0,0.6,3411,0.0,0.0,0.0
88,-0.09151302568321308,-0.03320208421110006,0.07356479522764109,Robins' estimator,1.0,0.6,3411,0.0,0.0,0.0
89,0.042577621325631164,0.3136877294231198,0.07562098736447873,Robins' estimator,1.0,0.6,3411,0.0,0.0,0.0
90,0.6943134246057798,0.3276569235933322,0.11158726432944181,Robins' estimator,1.0,0.6,3411,0.0,0.0,0.0
91,-0.11811224291357879,-0.05801638541442971,0.14377279440935312,Robins' estimator,1.0,0.6,3411,0.0,0.0,0.0
92,-0.053730664101704566,0.22786501215085822,0.24115876474560727,Robins' estimator,1.0,0.6,3411,0.0,0.0,0.0
93,0.20965360314295742,0.07703157973286011,-0.29242831289698284,Robins' estimator,1.0,0.6,3411,0.0,0.0,0.0
94,-0.21921324635733141,-0.21566164763941498,0.026902295251848722,Robins' estimator,1.0,0.6,3411,0.0,0.0,0.0
95,0.6366810113693827,0.1670274621782175,0.15041773758826024,Robins' estimator,1.0,0.6,3411,0.0,0.0,0.0
96,0.2751784232047199,0.15125743426676025,0.3022890357335573,Robins' estimator,1.0,0.6,3411,0.0,0.0,0.0
97,0.38550378634487253,0.3175510510849902,0.22521312516018696,Robins' estimator,1.0,0.6,3411,0.0,0.0,0.0
98,-0.44621456521689074,-0.2354252111630031,-0.2837936574729196,Robins' estimator,1.0,0.6,3411,0.0,0.0,0.0
99,-0.26368717061227187,0.08173693238945375,0.2779689150909239,Robins' estimator,1.0,0.6,3411,0.0,0.0,0.0
100,-0.13617554746378088,-0.28440233223126543,-0.14055290762844755,Robins' estimator,1.0,0.6,3411,0.0,0.0,0.0
1,0.3804095181045527,0.1910256758483196,0.069518978053833,GMM estimator,1.0,0.6,3411,0.0,0.0,0.0
2,-0.7217516546852943,-0.6026739002561129,-0.3824614311024964,GMM estimator,1.0,0.6,3411,0.0,0.0,0.0
3,-0.4422458592100666,-0.016343738818274965,-0.14631384577329842,GMM estimator,1.0,0.6,3411,0.0,0.0,0.0
4,0.1816234503435875,0.0630266242837492,0.11496032755758592,GMM estimator,1.0,0.6,3411,0.0,0.0,0.0
5,0.3165772897570097,-0.0616696905987145,-0.03514813966144274,GMM estimator,1.0,0.6,3411,0.0,0.0,0.0
6,0.1102315061184093,0.12584727972011625,0.2695121559826661,GMM estimator,1.0,0.6,3411,0.0,0.0,0.0
7,0.14999752623305274,-0.3738939861203352,-0.14761568620728144,GMM estimator,1.0,0.6,3411,0.0,0.0,0.0
8,-0.6487388089041564,0.11999338979857316,0.44890876594733464,GMM estimator,1.0,0.6,3411,0.0,0.0,0.0
9,-0.5540482719510963,-0.11132640048232428,-0.41055185330252697,GMM estimator,1.0,0.6,3411,0.0,0.0,0.0
10,0.26570263383292947,0.11479896375702206,-0.38020838375048027,GMM estimator,1.0,0.6,3411,0.0,0.0,0.0
11,0.24018585401844128,0.08140075545435035,-0.023318573138531126,GMM estimator,1.0,0.6,3411,0.0,0.0,0.0
12,-0.2601569953555537,0.07931213149546218,-0.05441977323139895,GMM estimator,1.0,0.6,3411,0.0,0.0,0.0
13,0.5205607726912292,0.3366896231939707,0.22631306772753468,GMM estimator,1.0,0.6,3411,0.0,0.0,0.0
14,0.017424674276574563,0.03164413778524658,0.03660632774554505,GMM estimator,1.0,0.6,3411,0.0,0.0,0.0
15,0.3564972559485483,0.4897478349202943,0.48020128587351174,GMM estimator,1.0,0.6,3411,0.0,0.0,0.0
16,0.950251706481024,0.6511260973814846,0.4483845436516653,GMM estimator,1.0,0.6,3411,0.0,0.0,0.0
17,-0.13824929227349664,0.1869225823247201,0.2339572666750956,GMM estimator,1.0,0.6,3411,0.0,0.0,0.0
18,0.6524549476273543,0.22422482211029313,0.24744653842172182,GMM estimator,1.0,0.6,3411,0.0,0.0,0.0
19,-0.19924129721552047,-0.2912728131143685,-0.15462704182707562,GMM estimator,1.0,0.6,3411,0.0,0.0,0.0
20,-0.16980643228648784,-0.3549438713134387,0.012068941330496116,GMM estimator,1.0,0.6,3411,0.0,0.0,0.0
21,0.36255053972425066,0.07324082820809759,0.2364416033552025,GMM estimator,1.0,0.6,3411,0.0,0.0,0.0
22,-0.23045941301342338,-0.2289849752109317,-0.38889306265101503,GMM estimator,1.0,0.6,3411,0.0,0.0,0.0
23,0.014953623054064308,0.2271219049089775,-0.1251699077010159,GMM estimator,1.0,0.6,3411,0.0,0.0,0.0
24,-0.7823343965115045,-0.5057828089125069,-0.09017738017090937,GMM estimator,1.0,0.6,3411,0.0,0.0,0.0
25,0.1068567214894913,0.14720506769941702,0.13874186248056786,GMM estimator,1.0,0.6,3411,0.0,0.0,0.0
26,-0.36707835899473246,-0.49181494972530015,-0.05579882414766696,GMM estimator,1.0,0.6,3411,0.0,0.0,0.0
27,-0.08932520726447987,0.005054268220812105,0.021398079948169904,GMM estimator,1.0,0.6,3411,0.0,0.0,0.0
28,0.014004697986854093,0.05453969503248987,0.15933828503243172,GMM estimator,1.0,0.6,3411,0.0,0.0,0.0
29,-0.33514631852205556,-0.2651651028943284,0.04176427805694841,GMM estimator,1.0,0.6,3411,0.0,0.0,0.0
30,0.4156779062964003,0.8205779364500475,0.45605786759461353,GMM estimator,1.0,0.6,3411,0.0,0.0,0.0
31,-0.09156274854444903,-0.03464425212630029,0.02176235619555432,GMM estimator,1.0,0.6,3411,0.0,0.0,0.0
32,-0.4709308937019836,-0.1055570273943284,0.08194140230804445,GMM estimator,1.0,0.6,3411,0.0,0.0,0.0
33,-0.14256497616488278,-0.11667440678211811,-0.13683295232710732,GMM estimator,1.0,0.6,3411,0.0,0.0,0.0
34,-0.3568941312771021,-0.13950157787568054,-0.09799404906599435,GMM estimator,1.0,0.6,3411,0.0,0.0,0.0
35,0.20776351427425013,-0.06285736001930195,0.14319686910632978,GMM estimator,1.0,0.6,3411,0.0,0.0,0.0
36,-0.31836065003472125,0.009646382481668991,-0.10210589660966547,GMM estimator,1.0,0.6,3411,0.0,0.0,0.0
37,0.057487677630230175,-0.04681261687707891,0.37138049477484036,GMM estimator,1.0,0.6,3411,0.0,0.0,0.0
38,0.4168595146209976,0.203068681798311,0.2372039636107266,GMM estimator,1.0,0.6,3411,0.0,0.0,0.0
39,0.16906807127740642,-0.05793085848327939,0.14868842452395958,GMM estimator,1.0,0.6,3411,0.0,0.0,0.0
40,-0.49973496306520954,-0.18220096642655892,-0.2077926914203877,GMM estimator,1.0,0.6,3411,0.0,0.0,0.0
41,0.4394288368170763,-0.22338924191723758,0.058656351990974825,GMM estimator,1.0,0.6,3411,0.0,0.0,0.0
42,-0.3067729924868511,-0.21841607768201748,-0.3260752989886918,GMM estimator,1.0,0.6,3411,0.0,0.0,0.0
43,0.18331404219479142,-0.14737243417819165,-0.13695015581433542,GMM estimator,1.0,0.6,3411,0.0,0.0,0.0
44,0.3135760484019592,0.09700595816737642,0.1290655985294723,GMM estimator,1.0,0.6,3411,0.0,0.0,0.0
45,-0.10398443742148038,0.24574161876515443,0.01642060348458539,GMM estimator,1.0,0.6,3411,0.0,0.0,0.0
46,-0.01236000116440747,-0.07879838282132132,-0.07282358956566629,GMM estimator,1.0,0.6,3411,0.0,0.0,0.0
47,0.44564749844078544,-0.04020601942799426,0.12876445620357418,GMM estimator,1.0,0.6,3411,0.0,0.0,0.0
48,0.10793862447795723,0.0684988617691702,-0.521139674658988,GMM estimator,1.0,0.6,3411,0.0,0.0,0.0
49,-0.5148832605556509,-0.43007294408705404,-0.18502695612700756,GMM estimator,1.0,0.6,3411,0.0,0.0,0.0
50,0.775975897396191,0.15156793643011374,0.27913705729973515,GMM estimator,1.0,0.6,3411,0.0,0.0,0.0
51,0.2359995577561984,0.18560112082349559,-0.006743314287406987,GMM estimator,1.0,0.6,3411,0.0,0.0,0.0
52,-0.23938292451204396,-0.13152203124557393,0.00013833392522592802,GMM estimator,1.0,0.6,3411,0.0,0.0,0.0
53,0.7534159595200037,-0.03212944971670165,-0.10100034360139898,GMM estimator,1.0,0.6,3411,0.0,0.0,0.0
54,-0.08285425376821996,0.04124589371342436,-0.08172190405618165,GMM estimator,1.0,0.6,3411,0.0,0.0,0.0
55,-0.2748737658300734,-0.11364952755479452,-0.3068686927270587,GMM estimator,1.0,0.6,3411,0.0,0.0,0.0
56,-0.22033765638210864,-0.24891460798624887,-0.2725526157867516,GMM estimator,1.0,0.6,3411,0.0,0.0,0.0
57,0.05846294926746429,-0.08514781475773758,-0.08931959640611661,GMM estimator,1.0,0.6,3411,0.0,0.0,0.0
58,-0.26129626059818495,-0.0587539705495089,-0.04510365045718567,GMM estimator,1.0,0.6,3411,0.0,0.0,0.0
59,0.013248451838763706,0.10251550372215293,0.0982533377149646,GMM estimator,1.0,0.6,3411,0.0,0.0,0.0
60,-0.47950876508471596,0.07637857558419199,0.18394478633023612,GMM estimator,1.0,0.6,3411,0.0,0.0,0.0
61,-0.24182442681266902,0.10619421239835947,-0.08037865350693134,GMM estimator,1.0,0.6,3411,0.0,0.0,0.0
62,-0.17248318386108702,-0.22754662573988704,-0.29052177367863696,GMM estimator,1.0,0.6,3411,0.0,0.0,0.0
63,-0.202370760997235,-0.17362469962589988,-0.3605910153261881,GMM estimator,1.0,0.6,3411,0.0,0.0,0.0
64,-0.35850386734661743,0.06222305069463796,0.042834209344849106,GMM estimator,1.0,0.6,3411,0.0,0.0,0.0
65,0.6494334814980285,0.3664903615987001,0.20578850952092959,GMM estimator,1.0,0.6,3411,0.0,0.0,0.0
66,0.198476969969627,0.12409981179053436,-0.08643197120280871,GMM estimator,1.0,0.6,3411,0.0,0.0,0.0
67,-0.004969557840452568,0.10700992102808074,0.24747113975861113,GMM estimator,1.0,0.6,3411,0.0,0.0,0.0
68,0.5122632931656281,0.6015365174683421,0.1946970425335684,GMM estimator,1.0,0.6,3411,0.0,0.0,0.0
69,-0.2405982680656939,-0.13025068790141242,0.09045141672528853,GMM estimator,1.0,0.6,3411,0.0,0.0,0.0
70,-0.1746943976672976,-0.26375949675649724,-0.28648138779416543,GMM estimator,1.0,0.6,3411,0.0,0.0,0.0
71,-0.04515083157940047,-0.019380844684066326,-0.16004154024334288,GMM estimator,1.0,0.6,3411,0.0,0.0,0.0
72,-0.20613896868777093,0.06099582695801309,0.001073132946700056,GMM estimator,1.0,0.6,3411,0.0,0.0,0.0
73,-0.6375410621576549,0.12334932523336511,-0.24598374706210058,GMM estimator,1.0,0.6,3411,0.0,0.0,0.0
74,-0.33466173037695934,-0.16273955048133704,-0.16956151809277287,GMM estimator,1.0,0.6,3411,0.0,0.0,0.0
75,0.17428942356127494,0.08335420032071525,0.23932044692050794,GMM estimator,1.0,0.6,3411,0.0,0.0,0.0
76,0.40750661071570365,0.2731189930709464,0.1036856168365026,GMM estimator,1.0,0.6,3411,0.0,0.0,0.0
77,-0.2714764520467757,-0.21131956191252466,0.06209694202404979,GMM estimator,1.0,0.6,3411,0.0,0.0,0.0
78,-0.030623549965257735,-0.29621291143606027,-0.6291006076177549,GMM estimator,1.0,0.6,3411,0.0,0.0,0.0
79,-0.11987242481090823,-0.10719878473345605,-0.061382244142767356,GMM estimator,1.0,0.6,3411,0.0,0.0,0.0
80,-0.005931820560082499,-0.10955424636801214,0.019932507739948598,GMM estimator,1.0,0.6,3411,0.0,0.0,0.0
81,-0.44530256025874165,-0.15888471501230622,-0.004131448264703408,GMM estimator,1.0,0.6,3411,0.0,0.0,0.0
82,-0.17743710170635907,0.09762698479214639,0.04208168830607951,GMM estimator,1.0,0.6,3411,0.0,0.0,0.0
83,0.023555413137162556,-0.23142956435072767,-0.09640985460685896,GMM estimator,1.0,0.6,3411,0.0,0.0,0.0
84,-0.5501190355581745,-0.42745833085239415,-0.259503627639466,GMM estimator,1.0,0.6,3411,0.0,0.0,0.0
85,0.6246693456501379,0.19242899580402728,0.11069424998735095,GMM estimator,1.0,0.6,3411,0.0,0.0,0.0
86,-0.02373479822568504,-0.015101079977351911,0.048482369641942746,GMM estimator,1.0,0.6,3411,0.0,0.0,0.0
87,0.6373991676159632,0.06718768282587087,-0.10983724500721256,GMM estimator,1.0,0.6,3411,0.0,0.0,0.0
88,-0.10652819932465492,-0.0376095711720999,0.07029003904489983,GMM estimator,1.0,0.6,3411,0.0,0.0,0.0
89,0.0751012866321933,0.3591519318625328,0.09984342093210952,GMM estimator,1.0,0.6,3411,0.0,0.0,0.0
90,0.6281989439835265,0.28972709887685155,0.08666135189861493,GMM estimator,1.0,0.6,3411,0.0,0.0,0.0
91,-0.14316460279130266,-0.07375669964476278,0.12619649950660497,GMM estimator,1.0,0.6,3411,0.0,0.0,0.0
92,0.00025376510144314857,0.25108193059078765,0.2657667196778635,GMM estimator,1.0,0.6,3411,0.0,0.0,0.0
93,0.1691857142237272,0.03649520955496774,-0.30580028563023787,GMM estimator,1.0,0.6,3411,0.0,0.0,0.0
94,-0.19178151184136494,-0.1854700469937463,0.05844747324847782,GMM estimator,1.0,0.6,3411,0.0,0.0,0.0
95,0.21278907546699072,0.036520222398986724,0.1303155544181411,GMM estimator,1.0,0.6,3411,0.0,0.0,0.0
96,0.271715808620029,0.14810573416599124,0.30172897313130626,GMM estimator,1.0,0.6,3411,0.0,0.0,0.0
97,0.2883204808758132,0.2790643744824458,0.20293759998122549,GMM estimator,1.0,0.6,3411,0.0,0.0,0.0
98,-0.4713241133510645,-0.25576707154320966,-0.30386549511692607,GMM estimator,1.0,0.6,3411,0.0,0.0,0.0
99,-0.2663859447004813,0.04171836535665391,0.25863029122522574,GMM estimator,1.0,0.6,3411,0.0,0.0,0.0
100,-0.13201215936534563,-0.2276364431846894,-0.07716501872539791,GMM estimator,1.0,0.6,3411,0.0,0.0,0.0
1,-0.08278747438281461,0.8990509282791334,0.3333372638766005,Three-step,0.25,0.8,3411,0.0,0.0,0.0
2,-0.3099296630045323,-1.3385720792249718,-0.9426920884031292,Three-step,0.25,0.8,3411,0.0,0.0,0.0
3,-0.45931493078640606,-0.385362235245605,-0.2210952190199784,Three-step,0.25,0.8,3411,0.0,0.0,0.0
4,-0.04182563771939983,0.5207250816520463,0.39242541526433844,Three-step,0.25,0.8,3411,0.0,0.0,0.0
5,0.2744285142402092,-0.584923710020816,0.4947055719107363,Three-step,0.25,0.8,3411,0.0,0.0,0.0
6,-0.015934691096336193,-0.03372431857078041,-0.16285901618240672,Three-step,0.25,0.8,3411,0.0,0.0,0.0
7,0.4272095361028609,-0.5845880927783507,0.36005796838614795,Three-step,0.25,0.8,3411,0.0,0.0,0.0
8,-0.6309639574055872,-0.24371198434003555,0.6251310551948461,Three-step,0.25,0.8,3411,0.0,0.0,0.0
9,-0.3398970436128067,0.30225600394003477,-0.14541641015009119,Three-step,0.25,0.8,3411,0.0,0.0,0.0
10,0.2694797113129793,0.07046384536103825,0.4509562825360001,Three-step,0.25,0.8,3411,0.0,0.0,0.0
11,0.22306438764246753,-0.12978412493309724,-0.507443394716864,Three-step,0.25,0.8,3411,0.0,0.0,0.0
12,-0.08893535047320598,-0.05062398449743781,0.02745438612892132,Three-step,0.25,0.8,3411,0.0,0.0,0.0
13,0.2911505015059145,1.3066098834994688,0.6568190081646909,Three-step,0.25,0.8,3411,0.0,0.0,0.0
14,-0.056275617330338285,-0.46879146543393774,0.1373760520803916,Three-step,0.25,0.8,3411,0.0,0.0,0.0
15,0.11149956537492217,0.4507946237470852,0.2555086079002341,Three-step,0.25,0.8,3411,0.0,0.0,0.0
16,0.652928098287178,0.359118987435139,0.22830217133349953,Three-step,0.25,0.8,3411,0.0,0.0,0.0
17,-0.264386070232124,-0.2663834533921178,-0.15149479433679008,Three-step,0.25,0.8,3411,0.0,0.0,0.0
18,0.4547168884300938,0.464565766777731,0.6783190172145509,Three-step,0.25,0.8,3411,0.0,0.0,0.0
19,-0.007784010450544152,-0.24482076531488542,0.5656754309676427,Three-step,0.25,0.8,3411,0.0,0.0,0.0
20,-0.0839996496510213,-0.11796531637938618,-1.485796115923489,Three-step,0.25,0.8,3411,0.0,0.0,0.0
21,0.4161445439967733,-0.5799146316919409,0.6650386871445513,Three-step,0.25,0.8,3411,0.0,0.0,0.0
22,-0.1605091901674905,-0.4561571872020676,0.24389974066665132,Three-step,0.25,0.8,3411,0.0,0.0,0.0
23,-0.18632685695739792,-0.13935201865969368,0.24061179643002134,Three-step,0.25,0.8,3411,0.0,0.0,0.0
24,-0.2684875201994864,-0.38590787120537595,0.42149208464715276,Three-step,0.25,0.8,3411,0.0,0.0,0.0
25,0.054827121002154366,0.04134227605166137,0.055945883127235675,Three-step,0.25,0.8,3411,0.0,0.0,0.0
26,-0.06490974464613336,-0.31380733233436947,0.41856890148753534,Three-step,0.25,0.8,3411,0.0,0.0,0.0
27,0.07216848166247995,0.23602797352765534,0.2960442691978642,Three-step,0.25,0.8,3411,0.0,0.0,0.0
28,0.015471197957564178,-0.2187331036215933,0.9941995267615853,Three-step,0.25,0.8,3411,0.0,0.0,0.0
29,-0.2621701537863189,-0.5727022741932882,-0.6757175745491919,Three-step,0.25,0.8,3411,0.0,0.0,0.0
30,-0.01873377570655833,0.7964106762246401,0.9083063797912534,Three-step,0.25,0.8,3411,0.0,0.0,0.0
31,0.002859923029888584,-0.32052868816500585,-0.6281779678025547,Three-step,0.25,0.8,3411,0.0,0.0,0.0
32,-0.73035858007549,-0.0633429790493858,0.4940129280869603,Three-step,0.25,0.8,3411,0.0,0.0,0.0
33,0.16008340404685764,-0.4314224496115171,-0.0994328718065778,Three-step,0.25,0.8,3411,0.0,0.0,0.0
34,-0.47085043717501995,-0.8208509770961352,0.9283345179216829,Three-step,0.25,0.8,3411,0.0,0.0,0.0
35,0.043505569615146275,0.5374712502708524,-0.44707611159940924,Three-step,0.25,0.8,3411,0.0,0.0,0.0
36,-0.3356602098454527,-0.40331836712757224,-1.1217578052292225,Three-step,0.25,0.8,3411,0.0,0.0,0.0
37,0.13717838803959284,-0.7787685828245356,-0.40084704002160715,Three-step,0.25,0.8,3411,0.0,0.0,0.0
38,0.31191894873443193,0.842951067984093,0.014048721214748233,Three-step,0.25,0.8,3411,0.0,0.0,0.0
39,-0.04432131391370964,0.26646493677149663,-0.024424125861283282,Three-step,0.25,0.8,3411,0.0,0.0,0.0
40,-0.4626927271104079,-0.6959515311280784,-0.41631518668003864,Three-step,0.25,0.8,3411,0.0,0.0,0.0
41,0.35862069773527044,-0.17389869688294837,-0.49190226349450794,Three-step,0.25,0.8,3411,0.0,0.0,0.0
42,-0.014408961595271233,0.2481134009687979,-0.12301660290583358,Three-step,0.25,0.8,3411,0.0,0.0,0.0
43,0.36283875495374823,-0.8667466284597951,-0.326132592854045,Three-step,0.25,0.8,3411,0.0,0.0,0.0
44,0.5500827298668044,-0.25862904506777756,0.3735402162359326,Three-step,0.25,0.8,3411,0.0,0.0,0.0
45,-0.13196857264827222,0.4090346173429161,-0.04033229097446849,Three-step,0.25,0.8,3411,0.0,0.0,0.0
46,0.08203329725950256,0.3326937058898855,-0.4665436797701891,Three-step,0.25,0.8,3411,0.0,0.0,0.0
47,0.23414003848778275,-0.5141795336772238,-0.2649549109417731,Three-step,0.25,0.8,3411,0.0,0.0,0.0
48,0.13700102684081278,0.035484619391040355,0.15393071358261837,Three-step,0.25,0.8,3411,0.0,0.0,0.0
49,-0.2821666745758376,-0.19892228611215676,-0.07439991217128504,Three-step,0.25,0.8,3411,0.0,0.0,0.0
50,0.7842792398414724,0.23575489281534232,0.9134329698709398,Three-step,0.25,0.8,3411,0.0,0.0,0.0
51,0.20856600598382977,0.4455597049942577,0.301352983992238,Three-step,0.25,0.8,3411,0.0,0.0,0.0
52,-0.11770970798809664,0.40174660386171596,0.4904270444138777,Three-step,0.25,0.8,3411,0.0,0.0,0.0
53,1.0944579669818517,0.29934744669372465,0.7591613863846036,Three-step,0.25,0.8,3411,0.0,0.0,0.0
54,-0.030469480392438787,0.2726501680797958,-0.3101995793081128,Three-step,0.25,0.8,3411,0.0,0.0,0.0
55,0.09438183185452308,0.4365833148872935,-0.10902594175304785,Three-step,0.25,0.8,3411,0.0,0.0,0.0
56,-0.2245119818934939,-0.8581684096606196,-0.6116784583853355,Three-step,0.25,0.8,3411,0.0,0.0,0.0
57,0.167706059346565,0.60394183610233,-0.21226968290231626,Three-step,0.25,0.8,3411,0.0,0.0,0.0
58,-0.1315923498814589,-0.26650837264064736,-0.7492908849334852,Three-step,0.25,0.8,3411,0.0,0.0,0.0
59,0.03572919246045108,0.13058929135621064,0.07459998610510558,Three-step,0.25,0.8,3411,0.0,0.0,0.0
60,-0.2765368577831762,-0.15131023937870394,0.08301589238742618,Three-step,0.25,0.8,3411,0.0,0.0,0.0
61,-0.3537716498227266,-0.1694170861317232,-0.34036083405652073,Three-step,0.25,0.8,3411,0.0,0.0,0.0
62,-0.22273879370193378,-1.113851646340129,-0.13376119810841497,Three-step,0.25,0.8,3411,0.0,0.0,0.0
63,-0.4143145302906185,0.5132592394608356,-1.021975381227219,Three-step,0.25,0.8,3411,0.0,0.0,0.0
64,-0.057976578990645324,0.3027489257663903,-0.3817568512528083,Three-step,0.25,0.8,3411,0.0,0.0,0.0
65,0.11741202200776184,0.1265620449727522,0.038849489816255404,Three-step,0.25,0.8,3411,0.0,0.0,0.0
66,0.05629078572655609,-0.1885304301530551,-0.47095140030209376,Three-step,0.25,0.8,3411,0.0,0.0,0.0
67,-0.013465672989862915,0.043011022303311955,0.7895581694980149,Three-step,0.25,0.8,3411,0.0,0.0,0.0
68,0.30833943009505194,0.21800783286777042,1.069460967225922,Three-step,0.25,0.8,3411,0.0,0.0,0.0
69,-0.24853342107122042,0.8683208258193594,-0.43047529188905065,Three-step,0.25,0.8,3411,0.0,0.0,0.0
70,0.32656161774021863,-0.24962899833076088,-0.14009709179571211,Three-step,0.25,0.8,3411,0.0,0.0,0.0
71,-0.0745025224529893,-0.3136864784580205,-1.253756093815465,Three-step,0.25,0.8,3411,0.0,0.0,0.0
72,-0.5468167311428805,-0.45367800970746724,-0.6010484847896107,Three-step,0.25,0.8,3411,0.0,0.0,0.0
73,-0.6195993544821873,0.050381797984240986,-0.09119729316460493,Three-step,0.25,0.8,3411,0.0,0.0,0.0
74,-0.2869711762995813,-0.6031930972541547,-0.0026768656200681887,Three-step,0.25,0.8,3411,0.0,0.0,0.0
75,-0.01061326397221553,-0.2033161476481968,0.1893767218672498,Three-step,0.25,0.8,3411,0.0,0.0,0.0
76,0.545297901976341,0.2721202864037677,0.2335428634799885,Three-step,0.25,0.8,3411,0.0,0.0,0.0
77,0.002402640666933029,-0.3215992190077134,0.36962459251781643,Three-step,0.25,0.8,3411,0.0,0.0,0.0
78,0.12654761912550713,-0.11918155830129414,-0.9340870270149508,Three-step,0.25,0.8,3411,0.0,0.0,0.0
79,0.00016967531315953264,-0.404785452225033,0.07856749624751486,Three-step,0.25,0.8,3411,0.0,0.0,0.0
80,0.03313098197360117,0.1403952495100335,-0.6178583082163056,Three-step,0.25,0.8,3411,0.0,0.0,0.0
81,-0.3307269851568861,0.07747428826800223,0.5197574694454518,Three-step,0.25,0.8,3411,0.0,0.0,0.0
82,-0.13236997290685865,1.1759053653977283,-0.3208785376026101,Three-step,0.25,0.8,3411,0.0,0.0,0.0
83,-0.10996812212536007,-0.2412407409451005,0.11500423086436068,Three-step,0.25,0.8,3411,0.0,0.0,0.0
84,-0.25433843985963994,0.4319796763664041,-0.43591410668729397,Three-step,0.25,0.8,3411,0.0,0.0,0.0
85,0.39555903169885803,-0.06826962093112691,-0.3678064746179682,Three-step,0.25,0.8,3411,0.0,0.0,0.0
86,-0.12801375968896822,-0.1050560339028631,0.2396520053736625,Three-step,0.25,0.8,3411,0.0,0.0,0.0
87,0.29173792241015656,-0.3948274622219197,-0.15870215556267298,Three-step,0.25,0.8,3411,0.0,0.0,0.0
88,0.1298714432976045,0.3983705096651033,-0.15669607422622786,Three-step,0.25,0.8,3411,0.0,0.0,0.0
89,-0.3556718588972113,-0.37996381855444117,-0.3653044707758844,Three-step,0.25,0.8,3411,0.0,0.0,0.0
90,0.7267391613900488,-0.025010143661293276,-0.631298634168264,Three-step,0.25,0.8,3411,0.0,0.0,0.0
91,-0.12686534990946716,-1.2091129289803042,0.14836245938346565,Three-step,0.25,0.8,3411,0.0,0.0,0.0
92,-0.18919069004277672,-0.13115218337119866,0.054628545483782036,Three-step,0.25,0.8,3411,0.0,0.0,0.0
93,0.10781087972750926,1.874775206331807,0.19459329790384358,Three-step,0.25,0.8,3411,0.0,0.0,0.0
94,-0.0853743550095197,-0.4178863145576422,-0.4645665693752187,Three-step,0.25,0.8,3411,0.0,0.0,0.0
95,-0.05512234898222355,0.9170416273844725,0.011381818112538366,Three-step,0.25,0.8,3411,0.0,0.0,0.0
96,0.09451700826806439,-0.03352896714869077,0.8964477284722265,Three-step,0.25,0.8,3411,0.0,0.0,0.0
97,-0.01849159079637744,1.7005394044838507,-0.26594454394371453,Three-step,0.25,0.8,3411,0.0,0.0,0.0
98,-0.24928995067115384,-0.15462188170015403,0.5406979643414827,Three-step,0.25,0.8,3411,0.0,0.0,0.0
99,-0.31195644001970296,0.2581365838989882,0.4332391990574982,Three-step,0.25,0.8,3411,0.0,0.0,0.0
100,-0.031247220050145276,-0.23016643513046117,-1.0669632783059726,Three-step,0.25,0.8,3411,0.0,0.0,0.0
1,-0.047053128666930004,0.9062401754696388,0.3333372638641158,Robins' estimator,0.25,0.8,3411,0.0,0.0,0.0
2,-0.30259128005821634,-1.1275912224131648,-0.942692088415236,Robins' estimator,0.25,0.8,3411,0.0,0.0,0.0
3,-0.42278856862316644,-0.3793013017274901,-0.2210952189540812,Robins' estimator,0.25,0.8,3411,0.0,0.0,0.0
4,0.01967103143585115,0.5404861957408496,0.3924254152779244,Robins' estimator,0.25,0.8,3411,0.0,0.0,0.0
5,0.2800076624899545,-0.6882814482072867,0.4947055719378168,Robins' estimator,0.25,0.8,3411,0.0,0.0,0.0
6,0.017725685015139547,-0.18305094954965836,-0.1628590161822088,Robins' estimator,0.25,0.8,3411,0.0,0.0,0.0
7,0.3994813024628209,-0.6977638439272213,0.3600579683860632,Robins' estimator,0.25,0.8,3411,0.0,0.0,0.0
8,-0.6500107970195397,-0.32024746999501685,0.625131055195581,Robins' estimator,0.25,0.8,3411,0.0,0.0,0.0
9,-0.35381116421751263,0.17346246345520083,-0.14541641015350357,Robins' estimator,0.25,0.8,3411,0.0,0.0,0.0
10,0.22199546256385957,0.1476082654998902,0.45095628256348175,Robins' estimator,0.25,0.8,3411,0.0,0.0,0.0
11,0.21920785104071996,-0.3197475939258678,-0.5074433947185307,Robins' estimator,0.25,0.8,3411,0.0,0.0,0.0
12,-0.10594198520492132,0.10546869114760246,0.027454386132190117,Robins' estimator,0.25,0.8,3411,0.0,0.0,0.0
13,0.21023745625281093,1.1052071574854694,0.6568190081651449,Robins' estimator,0.25,0.8,3411,0.0,0.0,0.0
14,-0.0911370333453476,-0.4557105013190354,0.1373760520789416,Robins' estimator,0.25,0.8,3411,0.0,0.0,0.0
15,0.10292693868465638,0.3442343979471351,0.2555086078874275,Robins' estimator,0.25,0.8,3411,0.0,0.0,0.0
16,0.5850881895833471,0.23708403953211132,0.22830217140361214,Robins' estimator,0.25,0.8,3411,0.0,0.0,0.0
17,-0.2405896696714697,-0.269833640257059,-0.15149479439504526,Robins' estimator,0.25,0.8,3411,0.0,0.0,0.0
18,0.4065418582556856,0.49229064624422175,0.6783190171259093,Robins' estimator,0.25,0.8,3411,0.0,0.0,0.0
19,-0.01333579824350496,-0.12047452673622137,0.5656754309674629,Robins' estimator,0.25,0.8,3411,0.0,0.0,0.0
20,-0.09781309148344547,-0.04307739255672088,-1.4857961159190667,Robins' estimator,0.25,0.8,3411,0.0,0.0,0.0
21,0.43298647760846354,-0.582894839502363,0.6650386871456688,Robins' estimator,0.25,0.8,3411,0.0,0.0,0.0
22,-0.11423492895585394,-0.4834213366049607,0.24389974069641396,Robins' estimator,0.25,0.8,3411,0.0,0.0,0.0
23,-0.1849809426881484,-0.05285241214412577,0.2406117964098221,Robins' estimator,0.25,0.8,3411,0.0,0.0,0.0
24,-0.2076903436434992,-0.42360846106958605,0.421492084647153,Robins' estimator,0.25,0.8,3411,0.0,0.0,0.0
25,0.017423956362569368,0.05806103335738148,0.05594588312769611,Robins' estimator,0.25,0.8,3411,0.0,0.0,0.0
26,-0.06178684938497551,-0.3328936797497678,0.418568901487361,Robins' estimator,0.25,0.8,3411,0.0,0.0,0.0
27,0.01605237418824585,0.26774289682613556,0.2960442691777276,Robins' estimator,0.25,0.8,3411,0.0,0.0,0.0
28,0.02169792201130486,-0.24784567185775852,0.994199526761375,Robins' estimator,0.25,0.8,3411,0.0,0.0,0.0
29,-0.14807035348125094,-0.7104305190712231,-0.6757175746965179,Robins' estimator,0.25,0.8,3411,0.0,0.0,0.0
30,0.011747064522480663,0.6152145096644414,0.9083063798040055,Robins' estimator,0.25,0.8,3411,0.0,0.0,0.0
31,-0.0667413668660633,-0.18094491946787875,-0.6281779678041101,Robins' estimator,0.25,0.8,3411,0.0,0.0,0.0
32,-0.6457990733599867,-0.11848922341038894,0.49401292804973423,Robins' estimator,0.25,0.8,3411,0.0,0.0,0.0
33,0.1336990044453995,-0.2883710361902996,-0.0994328718190072,Robins' estimator,0.25,0.8,3411,0.0,0.0,0.0
34,-0.4127191342395395,-0.696059542811907,0.928334517921804,Robins' estimator,0.25,0.8,3411,0.0,0.0,0.0
35,0.06504459926601415,0.3703512978773991,-0.4470761115961857,Robins' estimator,0.25,0.8,3411,0.0,0.0,0.0
36,-0.2697565577958287,-0.349179498835114,-1.1217578052291515,Robins' estimator,0.25,0.8,3411,0.0,0.0,0.0
37,0.19024402413175517,-0.6471482875776668,-0.4008470400177894,Robins' estimator,0.25,0.8,3411,0.0,0.0,0.0
38,0.33273844479847475,0.7520858877469255,0.014048721214748155,Robins' estimator,0.25,0.8,3411,0.0,0.0,0.0
39,-0.025782280515260884,0.33748108045377007,-0.024424125861275108,Robins' estimator,0.25,0.8,3411,0.0,0.0,0.0
40,-0.40631953916073976,-0.576608483556804,-0.4163151866808484,Robins' estimator,0.25,0.8,3411,0.0,0.0,0.0
41,0.23269323449813248,-0.19816767032355828,-0.4919022633805194,Robins' estimator,0.25,0.8,3411,0.0,0.0,0.0
42,-0.04416945031474244,0.2889278169637876,-0.12301660290559063,Robins' estimator,0.25,0.8,3411,0.0,0.0,0.0
43,0.32502154228241786,-0.8782182402566098,-0.3261325928558028,Robins' estimator,0.25,0.8,3411,0.0,0.0,0.0
44,0.46177906063826607,-0.22114674032803197,0.37354021623579886,Robins' estimator,0.25,0.8,3411,0.0,0.0,0.0
45,-0.22250230187374495,0.4333591990947847,-0.04033229097456629,Robins' estimator,0.25,0.8,3411,0.0,0.0,0.0
46,0.024150224947596506,0.357888304762739,-0.4665436797731216,Robins' estimator,0.25,0.8,3411,0.0,0.0,0.0
47,0.2347760917709286,-0.5756901787891053,-0.2649549109419234,Robins' estimator,0.25,0.8,3411,0.0,0.0,0.0
48,0.15603989166874208,0.0988267684086258,0.153930713579095,Robins' estimator,0.25,0.8,3411,0.0,0.0,0.0
49,-0.31937082415467327,-0.2599486044166218,-0.07439991217152253,Robins' estimator,0.25,0.8,3411,0.0,0.0,0.0
50,0.797881197086397,0.2511748498388424,0.9134329698406439,Robins' estimator,0.25,0.8,3411,0.0,0.0,0.0
51,0.19028160347509002,0.5368491352758886,0.301352983961684,Robins' estimator,0.25,0.8,3411,0.0,0.0,0.0
52,-0.2340221687795657,0.5574720165228854,0.49042704441525964,Robins' estimator,0.25,0.8,3411,0.0,0.0,0.0
53,1.0083443596751263,-0.011829384870938355,0.7591613862374612,Robins' estimator,0.25,0.8,3411,0.0,0.0,0.0
54,-0.03680171253244042,0.3034635840418564,-0.310199579282162,Robins' estimator,0.25,0.8,3411,0.0,0.0,0.0
55,0.010615588476309877,0.508246026582665,-0.10902594178197805,Robins' estimator,0.25,0.8,3411,0.0,0.0,0.0
56,-0.18918628909180665,-0.5591320461842201,-0.6116784586263264,Robins' estimator,0.25,0.8,3411,0.0,0.0,0.0
57,0.1900949216164009,0.6209726861153587,-0.2122696829048951,Robins' estimator,0.25,0.8,3411,0.0,0.0,0.0
58,-0.10871412502074511,-0.025637347661864852,-0.7492908849251264,Robins' estimator,0.25,0.8,3411,0.0,0.0,0.0
59,0.0889553718051206,-0.056165487419520876,0.07459998610534066,Robins' estimator,0.25,0.8,3411,0.0,0.0,0.0
60,-0.2220092728081643,-0.04964792052648865,0.08301589239328763,Robins' estimator,0.25,0.8,3411,0.0,0.0,0.0
61,-0.30583343903280646,-0.08589064649978052,-0.34036083407759665,Robins' estimator,0.25,0.8,3411,0.0,0.0,0.0
62,-0.10907001912011477,-1.1111225115414607,-0.13376119810878548,Robins' estimator,0.25,0.8,3411,0.0,0.0,0.0
63,-0.3801125077458526,0.09912826029925642,-1.0219753814199437,Robins' estimator,0.25,0.8,3411,0.0,0.0,0.0
64,-0.06671769105558278,0.12139725761092056,-0.3817568512526659,Robins' estimator,0.25,0.8,3411,0.0,0.0,0.0
65,0.10598860336992547,0.18185949904198806,0.03884948981625474,Robins' estimator,0.25,0.8,3411,0.0,0.0,0.0
66,0.10284828783065729,-0.13402988142917185,-0.4709514003021974,Robins' estimator,0.25,0.8,3411,0.0,0.0,0.0
67,-0.06555360955272264,0.2658395995588281,0.789558169505056,Robins' estimator,0.25,0.8,3411,0.0,0.0,0.0
68,0.34139663369223744,0.21124846967924343,1.0694609671760775,Robins' estimator,0.25,0.8,3411,0.0,0.0,0.0
69,-0.26720635194925907,0.8411503180825558,-0.43047529190092776,Robins' estimator,0.25,0.8,3411,0.0,0.0,0.0
70,0.310590615302182,-0.2567466595835712,-0.14009709181487892,Robins' estimator,0.25,0.8,3411,0.0,0.0,0.0
71,-0.03026256194426956,-0.48343251913735663,-1.2537560938668912,Robins' estimator,0.25,0.8,3411,0.0,0.0,0.0
72,-0.4893731803391671,-0.4914279069044721,-0.6010484847899322,Robins' estimator,0.25,0.8,3411,0.0,0.0,0.0
73,-0.5303157108517688,-0.14388230130851468,-0.09119729316454601,Robins' estimator,0.25,0.8,3411,0.0,0.0,0.0
74,-0.25415810548924356,-0.5712810629392842,-0.0026768656200682407,Robins' estimator,0.25,0.8,3411,0.0,0.0,0.0
75,0.004837700075446198,-0.28284674814919314,0.18937672186722088,Robins' estimator,0.25,0.8,3411,0.0,0.0,0.0
76,0.482626938004514,0.26890823461577257,0.23354286350916165,Robins' estimator,0.25,0.8,3411,0.0,0.0,0.0
77,-0.029386655359461753,-0.3397172406475538,0.36962459251699287,Robins' estimator,0.25,0.8,3411,0.0,0.0,0.0
78,0.1406836380272249,-0.023285156312191045,-0.9340870270114513,Robins' estimator,0.25,0.8,3411,0.0,0.0,0.0
79,0.014700381678169309,-0.24350939703676838,0.07856749624747823,Robins' estimator,0.25,0.8,3411,0.0,0.0,0.0
80,-0.00814574339137581,0.19210308830434014,-0.6178583082151513,Robins' estimator,0.25,0.8,3411,0.0,0.0,0.0
81,-0.2831270278606923,0.11948579307295622,0.5197574694471816,Robins' estimator,0.25,0.8,3411,0.0,0.0,0.0
82,-0.15376000543978946,1.0152588675893686,-0.3208785376072228,Robins' estimator,0.25,0.8,3411,0.0,0.0,0.0
83,-0.10723174314074077,-0.23743785444161705,0.11500423086428943,Robins' estimator,0.25,0.8,3411,0.0,0.0,0.0
84,-0.20360905953323344,0.585667886564025,-0.43591410668732056,Robins' estimator,0.25,0.8,3411,0.0,0.0,0.0
85,0.4456709546644358,0.07732968244619881,-0.3678064746152336,Robins' estimator,0.25,0.8,3411,0.0,0.0,0.0
86,-0.0992748513374949,-0.012105949299401012,0.23965200537727618,Robins' estimator,0.25,0.8,3411,0.0,0.0,0.0
87,0.26702159106962864,-0.342603918551945,-0.15870215556809375,Robins' estimator,0.25,0.8,3411,0.0,0.0,0.0
88,0.11519981570022066,0.700437573564555,-0.15669607423426213,Robins' estimator,0.25,0.8,3411,0.0,0.0,0.0
89,-0.3969704858055913,-0.4390582596429685,-0.36530447006304073,Robins' estimator,0.25,0.8,3411,0.0,0.0,0.0
90,0.7387827107162179,0.12350070344935923,-0.6312986340224339,Robins' estimator,0.25,0.8,3411,0.0,0.0,0.0
91,-0.12817095698671013,-1.184307725238901,0.14836245938124518,Robins' estimator,0.25,0.8,3411,0.0,0.0,0.0
92,-0.10428507860164073,-0.19275165970569816,0.05462854548426217,Robins' estimator,0.25,0.8,3411,0.0,0.0,0.0
93,0.11860266000160022,1.8102775742246104,0.19459329790851165,Robins' estimator,0.25,0.8,3411,0.0,0.0,0.0
94,-0.038173963656928336,-0.5582085548959601,-0.4645665693734373,Robins' estimator,0.25,0.8,3411,0.0,0.0,0.0
95,0.011593842018856933,0.5940841393574187,0.011381818112538314,Robins' estimator,0.25,0.8,3411,0.0,0.0,0.0
96,0.17347920168269595,-0.08773287485977513,0.896447728474765,Robins' estimator,0.25,0.8,3411,0.0,0.0,0.0
97,0.010890658575628369,1.7246277310295497,-0.2659445439902934,Robins' estimator,0.25,0.8,3411,0.0,0.0,0.0
98,-0.2457826119773134,-0.20578824327938527,0.5406979643419513,Robins' estimator,0.25,0.8,3411,0.0,0.0,0.0
99,-0.31748301381796523,0.33244941722426047,0.4332391990573657,Robins' estimator,0.25,0.8,3411,0.0,0.0,0.0
100,-0.048504981766105085,-0.2515233167208103,-1.0669632783016945,Robins' estimator,0.25,0.8,3411,0.0,0.0,0.0
1,-0.10253445377293957,0.7269097749762636,0.17811282267336992,GMM estimator,0.25,0.8,3411,0.0,0.0,0.0
2,-0.30205878933064156,-1.2053510157362632,-0.9467391582372909,GMM estimator,0.25,0.8,3411,0.0,0.0,0.0
3,-0.4138189331797284,-0.3598304319460536,-0.2529181026626523,GMM estimator,0.25,0.8,3411,0.0,0.0,0.0
4,-0.06828122959678415,0.4182460176337034,0.311347572067165,GMM estimator,0.25,0.8,3411,0.0,0.0,0.0
5,0.2819010137722544,-0.7210709231244294,0.5757982381132685,GMM estimator,0.25,0.8,3411,0.0,0.0,0.0
6,0.01094063573050129,-0.22011847839057613,-0.17435242118453273,GMM estimator,0.25,0.8,3411,0.0,0.0,0.0
7,0.4166687285081493,-0.7784883683721111,0.4556632551873563,GMM estimator,0.25,0.8,3411,0.0,0.0,0.0
8,-0.6534038968281162,-0.349520933716875,0.5667520713732351,GMM estimator,0.25,0.8,3411,0.0,0.0,0.0
9,-0.34912676866880443,-0.05134205330495312,-0.14379652802247733,GMM estimator,0.25,0.8,3411,0.0,0.0,0.0
10,0.1579465317275187,0.06715155992839783,0.3328731122084978,GMM estimator,0.25,0.8,3411,0.0,0.0,0.0
11,0.1784731654347106,-0.42759046922070987,-0.5654432175058681,GMM estimator,0.25,0.8,3411,0.0,0.0,0.0
12,-0.12952086806058905,-0.12285001877125712,0.12256698341601702,GMM estimator,0.25,0.8,3411,0.0,0.0,0.0
13,0.11732695943281968,0.85185355227296,0.3477869584051696,GMM estimator,0.25,0.8,3411,0.0,0.0,0.0
14,-0.11573398866425207,-0.4938841911473614,0.1763969888393293,GMM estimator,0.25,0.8,3411,0.0,0.0,0.0
15,0.1548979091373104,0.22433860666924088,-0.10204335300941114,GMM estimator,0.25,0.8,3411,0.0,0.0,0.0
16,0.5104923719754879,-0.029465097036336374,0.17840565225924365,GMM estimator,0.25,0.8,3411,0.0,0.0,0.0
17,-0.2538122456012322,-0.2285484902303283,-0.15046427496161652,GMM estimator,0.25,0.8,3411,0.0,0.0,0.0
18,0.37089790367607384,0.46745306061692976,0.7093803968342272,GMM estimator,0.25,0.8,3411,0.0,0.0,0.0
19,-0.029848677111869115,-0.2647299970350545,0.40279153863180284,GMM estimator,0.25,0.8,3411,0.0,0.0,0.0
20,-0.09321411130348041,-0.12588459297032997,-1.4413959225728892,GMM estimator,0.25,0.8,3411,0.0,0.0,0.0
21,0.44213589385448615,-0.5541669213260292,0.7044488325432781,GMM estimator,0.25,0.8,3411,0.0,0.0,0.0
22,-0.13823962882136068,-0.41282991450168993,0.15905166107540883,GMM estimator,0.25,0.8,3411,0.0,0.0,0.0
23,-0.17293355295597213,-0.09459912585726382,0.170750894899399,GMM estimator,0.25,0.8,3411,0.0,0.0,0.0
24,-0.2252831524825396,-0.27961897877448383,0.5027721234126261,GMM estimator,0.25,0.8,3411,0.0,0.0,0.0
25,0.008215115382795877,-0.005260394078546764,0.05837126297040955,GMM estimator,0.25,0.8,3411,0.0,0.0,0.0
26,-0.06485930628335182,-0.35630196718489604,0.3991846719792903,GMM estimator,0.25,0.8,3411,0.0,0.0,0.0
27,-0.02116477895467278,0.18855026974488598,0.2141543776421665,GMM estimator,0.25,0.8,3411,0.0,0.0,0.0
28,0.022470492778758455,-0.22508333482119625,1.0484488528944524,GMM estimator,0.25,0.8,3411,0.0,0.0,0.0
29,-0.2982972387084069,-0.7141938579667704,-0.7484307222921165,GMM estimator,0.25,0.8,3411,0.0,0.0,0.0
30,-0.008988269839495508,0.5535462585207083,0.8002586156269059,GMM estimator,0.25,0.8,3411,0.0,0.0,0.0
31,-0.1370370173597378,-0.47619877332454064,-0.8881431106025361,GMM estimator,0.25,0.8,3411,0.0,0.0,0.0
32,-0.7137960693497973,-0.23358851074129916,0.7365088149825851,GMM estimator,0.25,0.8,3411,0.0,0.0,0.0
33,0.10987456257624895,-0.4337571012823844,-0.1061656316199665,GMM estimator,0.25,0.8,3411,0.0,0.0,0.0
34,-0.4194643311437156,-0.6305961722803417,1.2370506001390105,GMM estimator,0.25,0.8,3411,0.0,0.0,0.0
35,0.05596443109040697,0.4187433080541555,-0.3742288669284658,GMM estimator,0.25,0.8,3411,0.0,0.0,0.0
36,-0.29667592937826476,-0.27700440536361204,-0.8719850762132908,GMM estimator,0.25,0.8,3411,0.0,0.0,0.0
37,0.18648971414514598,-0.5067674997040157,-0.287766060297309,GMM estimator,0.25,0.8,3411,0.0,0.0,0.0
38,0.3466878144263235,0.7742757024794686,-0.010927557344256572,GMM estimator,0.25,0.8,3411,0.0,0.0,0.0
39,-0.01376331875332093,0.30833589994539157,0.0062177361268132,GMM estimator,0.25,0.8,3411,0.0,0.0,0.0
40,-0.47229975888942377,-0.6759857815377472,-0.283220402864373,GMM estimator,0.25,0.8,3411,0.0,0.0,0.0
41,0.07799657323927256,-0.2585111076277806,-0.1882640205845536,GMM estimator,0.25,0.8,3411,0.0,0.0,0.0
42,-0.058325142901637664,0.2566134520033966,-0.1846470688702552,GMM estimator,0.25,0.8,3411,0.0,0.0,0.0
43,0.2795134116877739,-0.950476125652571,-0.4648471647318311,GMM estimator,0.25,0.8,3411,0.0,0.0,0.0
44,0.4145317538193039,-0.29660632817199784,0.5895390279192907,GMM estimator,0.25,0.8,3411,0.0,0.0,0.0
45,-0.28437224170677106,0.4373146504660991,-0.20460991774615678,GMM estimator,0.25,0.8,3411,0.0,0.0,0.0
46,0.00044440238917053954,0.38351846051310723,-0.4046774575864575,GMM estimator,0.25,0.8,3411,0.0,0.0,0.0
47,0.2566223004586998,-0.5434217265413563,-0.2149439071080792,GMM estimator,0.25,0.8,3411,0.0,0.0,0.0
48,0.13372889866001283,0.1498646676043656,-0.015597663661442995,GMM estimator,0.25,0.8,3411,0.0,0.0,0.0
49,-0.3601214576335039,-0.2982794114106184,-0.04448678701726294,GMM estimator,0.25,0.8,3411,0.0,0.0,0.0
50,0.7956531633726451,0.24916979822876373,0.8909958900153031,GMM estimator,0.25,0.8,3411,0.0,0.0,0.0
51,0.18879165600842424,0.4766855819622988,0.29239114478779105,GMM estimator,0.25,0.8,3411,0.0,0.0,0.0
52,-0.4202366313569833,0.4418382048286731,0.47053766908281985,GMM estimator,0.25,0.8,3411,0.0,0.0,0.0
53,0.9066453248636774,-0.3816265783952409,0.43225570350794396,GMM estimator,0.25,0.8,3411,0.0,0.0,0.0
54,-0.049020613911511884,0.29424466462487164,-0.3559162545467911,GMM estimator,0.25,0.8,3411,0.0,0.0,0.0
55,-0.09065631792399662,0.4902389097149575,-0.142395227343202,GMM estimator,0.25,0.8,3411,0.0,0.0,0.0
56,-0.2285355851815608,-1.0828282060978074,-0.6442705988661058,GMM estimator,0.25,0.8,3411,0.0,0.0,0.0
57,0.17095311594702506,0.5889556751958324,-0.1958817915223332,GMM estimator,0.25,0.8,3411,0.0,0.0,0.0
58,-0.041116464781653116,-0.31433519445280256,-0.6035457140190728,GMM estimator,0.25,0.8,3411,0.0,0.0,0.0
59,0.05482369828540179,-0.11577437267207813,-0.09888571363457999,GMM estimator,0.25,0.8,3411,0.0,0.0,0.0
60,-0.2555656725581389,-0.11457544014499023,0.13672929383113633,GMM estimator,0.25,0.8,3411,0.0,0.0,0.0
61,-0.302705421309389,-0.11088164266036363,-0.2911230967695382,GMM estimator,0.25,0.8,3411,0.0,0.0,0.0
62,-0.21244135954405177,-1.032647245794735,0.08156528395631124,GMM estimator,0.25,0.8,3411,0.0,0.0,0.0
63,-0.4832375949022018,-0.14038400579106958,-0.7326560691933468,GMM estimator,0.25,0.8,3411,0.0,0.0,0.0
64,-0.0990611889180236,-0.027349796561093875,-0.03130783311693097,GMM estimator,0.25,0.8,3411,0.0,0.0,0.0
65,0.12236778411010699,0.16555574943424078,0.15202892497742107,GMM estimator,0.25,0.8,3411,0.0,0.0,0.0
66,0.12280870246104314,-0.07925620854666704,-0.3509236106010576,GMM estimator,0.25,0.8,3411,0.0,0.0,0.0
67,-0.07625356927768501,0.004265470129156245,0.6974293170741619,GMM estimator,0.25,0.8,3411,0.0,0.0,0.0
68,0.3309068637153846,0.18313150147060098,1.0915753319819208,GMM estimator,0.25,0.8,3411,0.0,0.0,0.0
69,-0.2509851343213816,0.9182294156516599,-0.39411703540671394,GMM estimator,0.25,0.8,3411,0.0,0.0,0.0
70,0.3090924877456963,-0.2756872619332911,-0.12428807365882527,GMM estimator,0.25,0.8,3411,0.0,0.0,0.0
71,-0.05688109324805848,-0.4825280873489891,-1.1136073382617895,GMM estimator,0.25,0.8,3411,0.0,0.0,0.0
72,-0.5371916018121472,-0.40583028000156357,-0.466064431287069,GMM estimator,0.25,0.8,3411,0.0,0.0,0.0
73,-0.5658259639314929,-0.2785440847342443,-0.2327633497589301,GMM estimator,0.25,0.8,3411,0.0,0.0,0.0
74,-0.2515369530773876,-0.531998340358859,0.06395046042160885,GMM estimator,0.25,0.8,3411,0.0,0.0,0.0
75,-0.028934580429127776,-0.32526671113100003,0.182304859526456,GMM estimator,0.25,0.8,3411,0.0,0.0,0.0
76,0.502380777612558,0.18152015100804064,0.4250088811297701,GMM estimator,0.25,0.8,3411,0.0,0.0,0.0
77,-0.04044748970872547,-0.3553728890877892,0.35272680372622744,GMM estimator,0.25,0.8,3411,0.0,0.0,0.0
78,0.13104588998757372,-0.08863478143713621,-0.9306196207911626,GMM estimator,0.25,0.8,3411,0.0,0.0,0.0
79,-0.05459132673496435,-0.34104380386545097,0.010466018039846342,GMM estimator,0.25,0.8,3411,0.0,0.0,0.0
80,-0.00957593939018958,0.176314876871267,-0.7160767777190666,GMM estimator,0.25,0.8,3411,0.0,0.0,0.0
81,-0.32388145499954657,0.04139009863756371,0.36654274818934685,GMM estimator,0.25,0.8,3411,0.0,0.0,0.0
82,-0.19842069245458843,0.8498799153237857,-0.45688593184807413,GMM estimator,0.25,0.8,3411,0.0,0.0,0.0
83,-0.10785644633943292,-0.23353248244174374,0.1105909242891272,GMM estimator,0.25,0.8,3411,0.0,0.0,0.0
84,-0.26790824980319083,0.5333212854166982,-0.5326624298814611,GMM estimator,0.25,0.8,3411,0.0,0.0,0.0
85,0.3741393318871795,-0.0320045687232664,-0.6135011057505153,GMM estimator,0.25,0.8,3411,0.0,0.0,0.0
86,-0.12090516402155238,-0.08225460950509245,0.4260609316498858,GMM estimator,0.25,0.8,3411,0.0,0.0,0.0
87,0.24655904606172807,-0.40766705809872034,-0.16491321452538726,GMM estimator,0.25,0.8,3411,0.0,0.0,0.0
88,0.1065546027338152,0.6309970889799358,-0.337576768616635,GMM estimator,0.25,0.8,3411,0.0,0.0,0.0
89,-0.4528547905020668,-0.5614274830578552,-0.43859820620957635,GMM estimator,0.25,0.8,3411,0.0,0.0,0.0
90,0.7283649336558102,0.02129878865522284,-0.6678255479703792,GMM estimator,0.25,0.8,3411,0.0,0.0,0.0
91,-0.13203667159126925,-1.1877407739416812,0.14366348229927806,GMM estimator,0.25,0.8,3411,0.0,0.0,0.0
92,-0.12823474818133376,-0.19613241040647852,0.08948506531795972,GMM estimator,0.25,0.8,3411,0.0,0.0,0.0
93,0.10657421079693608,1.7717263432842145,0.21677868740204964,GMM estimator,0.25,0.8,3411,0.0,0.0,0.0
94,-0.0732417839353744,-0.49794942432624606,-0.38081122323118577,GMM estimator,0.25,0.8,3411,0.0,0.0,0.0
95,-0.010800473204637895,0.5562861754209611,0.12961267946502472,GMM estimator,0.25,0.8,3411,0.0,0.0,0.0
96,0.09537486217860902,-0.10657995066586778,0.6357119608741755,GMM estimator,0.25,0.8,3411,0.0,0.0,0.0
97,-0.033363687254033575,1.4744531129805212,-0.23161522976261645,GMM estimator,0.25,0.8,3411,0.0,0.0,0.0
98,-0.25625191846167894,-0.2339065770393418,0.5286253700291692,GMM estimator,0.25,0.8,3411,0.0,0.0,0.0
99,-0.31425555263977545,0.3340982196581286,0.4658096063901156,GMM estimator,0.25,0.8,3411,0.0,0.0,0.0
100,-0.04910850437763625,-0.24293635636410005,-1.148936847997521,GMM estimator,0.25,0.8,3411,0.0,0.0,0.0
1,-0.08279310909577507,-0.09811987812446633,-0.013265026566059476,Three-step,0.5,0.8,3411,0.0,0.0,0.0
2,-0.30795540089031825,-0.8041919119749521,-0.6180413193708488,Three-step,0.5,0.8,3411,0.0,0.0,0.0
3,-0.4578764265799938,-0.3469647754793343,-0.3746001634588477,Three-step,0.5,0.8,3411,0.0,0.0,0.0
4,-0.04061810825113117,0.44734574269621763,-0.05574419292882,Three-step,0.5,0.8,3411,0.0,0.0,0.0
5,0.27823382934117724,-0.4503313243969777,0.3418315267570592,Three-step,0.5,0.8,3411,0.0,0.0,0.0
6,-0.015932779994236583,-0.20666117802653866,0.06061974630231974,Three-step,0.5,0.8,3411,0.0,0.0,0.0
7,0.4324131285523592,-0.6309220380348636,-0.12796079250812717,Three-step,0.5,0.8,3411,0.0,0.0,0.0
8,-0.6286150833742957,0.37899163397067337,0.49575466484681197,Three-step,0.5,0.8,3411,0.0,0.0,0.0
9,-0.3397947811264285,0.32638217208467524,-0.45200892707288076,Three-step,0.5,0.8,3411,0.0,0.0,0.0
10,0.26724830074888595,0.37353095926083285,-0.23775525541069314,Three-step,0.5,0.8,3411,0.0,0.0,0.0
11,0.22306903329334415,0.06547764636290977,-0.1555209270349495,Three-step,0.5,0.8,3411,0.0,0.0,0.0
12,-0.07884522513374878,-0.03922894028025522,0.02400353710065509,Three-step,0.5,0.8,3411,0.0,0.0,0.0
13,0.29115050157153183,0.6858750511578873,0.45748082543942936,Three-step,0.5,0.8,3411,0.0,0.0,0.0
14,-0.06449151577132092,-0.14986167676670192,0.48852009769871774,Three-step,0.5,0.8,3411,0.0,0.0,0.0
15,0.11324655353870453,0.2836356643360008,0.6530867139549072,Three-step,0.5,0.8,3411,0.0,0.0,0.0
16,0.651965968792794,0.27692739511268194,0.03468087249908555,Three-step,0.5,0.8,3411,0.0,0.0,0.0
17,-0.2623548984212202,-0.17816141194851268,0.07452791871570903,Three-step,0.5,0.8,3411,0.0,0.0,0.0
18,0.4541770192147373,0.4067602394218643,0.7833315333850603,Three-step,0.5,0.8,3411,0.0,0.0,0.0
19,-0.008283319295945,-0.2027414326549649,0.415641637959154,Three-step,0.5,0.8,3411,0.0,0.0,0.0
20,-0.08437111813892083,-0.014477576606182518,-0.744063933203884,Three-step,0.5,0.8,3411,0.0,0.0,0.0
21,0.42286610086846294,-0.49730700934841665,0.8901543832006992,Three-step,0.5,0.8,3411,0.0,0.0,0.0
22,-0.16196065898005021,0.003517546747339511,0.15968492666684392,Three-step,0.5,0.8,3411,0.0,0.0,0.0
23,-0.18081162255571534,0.016053797896738744,-0.2530832415922564,Three-step,0.5,0.8,3411,0.0,0.0,0.0
24,-0.2684875201995009,-0.23578769271978528,0.1273030241468694,Three-step,0.5,0.8,3411,0.0,0.0,0.0
25,0.05396332770213785,-0.2741644296487444,-0.11851554828360299,Three-step,0.5,0.8,3411,0.0,0.0,0.0
26,-0.06490974464519386,-0.518095258832849,0.2398681972074722,Three-step,0.5,0.8,3411,0.0,0.0,0.0
27,0.0721684816648976,-0.035599773510336934,-0.0534292738943347,Three-step,0.5,0.8,3411,0.0,0.0,0.0
28,-0.002709470289695138,-0.14702716193657292,0.365658568819045,Three-step,0.5,0.8,3411,0.0,0.0,0.0
29,-0.26217015378497593,-0.17435444281995802,-0.26899272352660386,Three-step,0.5,0.8,3411,0.0,0.0,0.0
30,-0.01631342115649568,0.5119209001229325,0.8008794472772538,Three-step,0.5,0.8,3411,0.0,0.0,0.0
31,0.0028599230298887307,0.01927784738950135,-0.5006035609710817,Three-step,0.5,0.8,3411,0.0,0.0,0.0
32,-0.7285955313264181,-0.025481101697036653,-0.11843439173497347,Three-step,0.5,0.8,3411,0.0,0.0,0.0
33,0.153768527904629,-0.23921914557819604,0.03917766497291265,Three-step,0.5,0.8,3411,0.0,0.0,0.0
34,-0.4739752532060747,-0.5010848688615068,0.5614032472578419,Three-step,0.5,0.8,3411,0.0,0.0,0.0
35,0.05012401337489854,0.8363555178439832,-0.549946658484792,Three-step,0.5,0.8,3411,0.0,0.0,0.0
36,-0.33998947488625786,-0.42480733771401774,-0.5576508833780603,Three-step,0.5,0.8,3411,0.0,0.0,0.0
37,0.12799794574845247,-0.2463012371425136,-0.189465087098601,Three-step,0.5,0.8,3411,0.0,0.0,0.0
38,0.31132202482229787,0.6299825698646616,-0.04853703278474876,Three-step,0.5,0.8,3411,0.0,0.0,0.0
39,-0.04431975842194926,0.4871261540727123,-0.07627092851004388,Three-step,0.5,0.8,3411,0.0,0.0,0.0
40,-0.45883100678476824,-0.45485371633894184,-0.11252952623861102,Three-step,0.5,0.8,3411,0.0,0.0,0.0
41,0.35862069773343513,0.08337374033482584,-0.15458667536414414,Three-step,0.5,0.8,3411,0.0,0.0,0.0
42,-0.01362315556684058,-0.2973103714320458,0.05244863128815644,Three-step,0.5,0.8,3411,0.0,0.0,0.0
43,0.3633676570858317,-0.5168275235609798,0.211075179710963,Three-step,0.5,0.8,3411,0.0,0.0,0.0
44,0.5500827298640125,0.10569625168550985,0.035184807770588786,Three-step,0.5,0.8,3411,0.0,0.0,0.0
45,-0.1319685726482825,0.167333342273888,0.42900342598839847,Three-step,0.5,0.8,3411,0.0,0.0,0.0
46,0.08115055793941237,0.03659005719957676,-0.0958670903327564,Three-step,0.5,0.8,3411,0.0,0.0,0.0
47,0.23414003848314296,-0.45169375694168334,0.26833242359581927,Three-step,0.5,0.8,3411,0.0,0.0,0.0
48,0.1451693361199082,0.11332406969619367,-0.19858640860373383,Three-step,0.5,0.8,3411,0.0,0.0,0.0
49,-0.2909062112076519,-0.47339487875544617,0.12823518999460423,Three-step,0.5,0.8,3411,0.0,0.0,0.0
50,0.7823458149309659,-0.18409612495719696,0.7520038794009536,Three-step,0.5,0.8,3411,0.0,0.0,0.0
51,0.2085660059860512,0.07248799523711902,0.42728742453953555,Three-step,0.5,0.8,3411,0.0,0.0,0.0
52,-0.11742573290782408,0.5310863696814302,0.2260239406453732,Three-step,0.5,0.8,3411,0.0,0.0,0.0
53,1.0944579669753003,-0.132193404929908,0.05961833345855369,Three-step,0.5,0.8,3411,0.0,0.0,0.0
54,-0.02831303663120856,0.2790363860784189,-0.1328441588895325,Three-step,0.5,0.8,3411,0.0,0.0,0.0
55,0.09570482872869207,-0.24536283832981431,0.27443867541462336,Three-step,0.5,0.8,3411,0.0,0.0,0.0
56,-0.223468555902205,-0.3420037504204491,-0.3830267306883666,Three-step,0.5,0.8,3411,0.0,0.0,0.0
57,0.16740932010604911,0.5097189747232551,0.18429175562775776,Three-step,0.5,0.8,3411,0.0,0.0,0.0
58,-0.14163841128259416,0.059369707553861895,-0.4213932803705917,Three-step,0.5,0.8,3411,0.0,0.0,0.0
59,0.03460622511274927,0.012201628667706107,0.4135501155417216,Three-step,0.5,0.8,3411,0.0,0.0,0.0
60,-0.2831586876726268,0.05127627124673439,0.35451394348830023,Three-step,0.5,0.8,3411,0.0,0.0,0.0
61,-0.35906270717756616,-0.056911172159380664,-0.24839259302167338,Three-step,0.5,0.8,3411,0.0,0.0,0.0
62,-0.21826886606035248,-0.5249108389669124,-0.2018246391763648,Three-step,0.5,0.8,3411,0.0,0.0,0.0
63,-0.4143146850684556,0.0031290958973608915,-0.3389766300683088,Three-step,0.5,0.8,3411,0.0,0.0,0.0
64,-0.057976578994212366,0.4752155455080396,0.728360943473729,Three-step,0.5,0.8,3411,0.0,0.0,0.0
65,0.12049373246115971,-0.013002587317034683,-0.03228133204183092,Three-step,0.5,0.8,3411,0.0,0.0,0.0
66,0.06101727313348986,0.1766808450919577,-0.4233020332764118,Three-step,0.5,0.8,3411,0.0,0.0,0.0
67,-0.013465672989761944,-0.19558776618736828,0.5309387484351636,Three-step,0.5,0.8,3411,0.0,0.0,0.0
68,0.3069687253709412,0.5285323732989511,0.9888342763134814,Three-step,0.5,0.8,3411,0.0,0.0,0.0
69,-0.25040790149814646,0.3913073838576055,-0.30640590767222986,Three-step,0.5,0.8,3411,0.0,0.0,0.0
70,0.3234845490731187,0.1433150693131686,-0.08293545868429092,Three-step,0.5,0.8,3411,0.0,0.0,0.0
71,-0.07560672427758293,-0.20206687900277892,-0.8603052877812167,Three-step,0.5,0.8,3411,0.0,0.0,0.0
72,-0.543969470584722,-0.3111631138272815,-0.36699870949344,Three-step,0.5,0.8,3411,0.0,0.0,0.0
73,-0.6217894680740843,0.09697438715972395,-0.2356976545408498,Three-step,0.5,0.8,3411,0.0,0.0,0.0
74,-0.28465926700900557,-0.09583328273523561,-0.2283809586835847,Three-step,0.5,0.8,3411,0.0,0.0,0.0
75,-0.011582990174604933,0.03424961996890548,-0.08464161153095834,Three-step,0.5,0.8,3411,0.0,0.0,0.0
76,0.545297901963486,0.7337745070708998,0.1576906024520935,Three-step,0.5,0.8,3411,0.0,0.0,0.0
77,-9.644307826249444e-05,0.18708465651164322,0.30409028973803265,Three-step,0.5,0.8,3411,0.0,0.0,0.0
78,0.12482074709477303,-0.09036863356598052,-0.10479219503444458,Three-step,0.5,0.8,3411,0.0,0.0,0.0
79,0.0001696753132766214,-0.7077890314094879,0.10349496176089469,Three-step,0.5,0.8,3411,0.0,0.0,0.0
80,0.034198427692758215,-0.14224428927990415,-0.24853258025419347,Three-step,0.5,0.8,3411,0.0,0.0,0.0
81,-0.3262273511257305,0.14627568945742214,0.5199363512409712,Three-step,0.5,0.8,3411,0.0,0.0,0.0
82,-0.13602954327233086,0.3617618089065115,-0.2074856467909921,Three-step,0.5,0.8,3411,0.0,0.0,0.0
83,-0.10996812211540273,-0.37865846922390334,-0.04184798501068571,Three-step,0.5,0.8,3411,0.0,0.0,0.0
84,-0.2543384398602522,0.3725813378872602,-0.6394232502602156,Three-step,0.5,0.8,3411,0.0,0.0,0.0
85,0.39833731983180054,0.13345298549983461,0.11502465409665516,Three-step,0.5,0.8,3411,0.0,0.0,0.0
86,-0.13672584065766732,-0.1318880525436505,-0.19796666334749152,Three-step,0.5,0.8,3411,0.0,0.0,0.0
87,0.29169518166441755,-0.02244565703261645,-0.09320668354450387,Three-step,0.5,0.8,3411,0.0,0.0,0.0
88,0.1298707199611382,0.006665179975505642,0.3580854936163939,Three-step,0.5,0.8,3411,0.0,0.0,0.0
89,-0.35737858785487275,0.18925585800175718,0.17598678751101418,Three-step,0.5,0.8,3411,0.0,0.0,0.0
90,0.7263950144925011,0.025593176901475112,0.03396875680136175,Three-step,0.5,0.8,3411,0.0,0.0,0.0
91,-0.12450157845827776,-0.5414912340995718,0.21198580700309577,Three-step,0.5,0.8,3411,0.0,0.0,0.0
92,-0.18919069003975358,-0.08370648406994255,0.13826695009174858,Three-step,0.5,0.8,3411,0.0,0.0,0.0
93,0.1093166936319266,0.5594044754771184,-0.10661164682481918,Three-step,0.5,0.8,3411,0.0,0.0,0.0
94,-0.09294004237884838,-0.15660431487038304,-0.3994416290470836,Three-step,0.5,0.8,3411,0.0,0.0,0.0
95,-0.05514729909259723,0.486383963150658,-0.2610196935552806,Three-step,0.5,0.8,3411,0.0,0.0,0.0
96,0.09939149811294312,0.5291303739128289,0.3581483021489072,Three-step,0.5,0.8,3411,0.0,0.0,0.0
97,-0.021838151108346856,0.3255396424763974,0.0720977323355816,Three-step,0.5,0.8,3411,0.0,0.0,0.0
98,-0.24131495702699238,0.10413089372028134,-0.11981600183251433,Three-step,0.5,0.8,3411,0.0,0.0,0.0
99,-0.3187490128688693,-0.16382979459431937,0.18490407760779354,Three-step,0.5,0.8,3411,0.0,0.0,0.0
100,-0.031029848038581564,-0.2734427466933007,-0.27204765781191637,Three-step,0.5,0.8,3411,0.0,0.0,0.0
1,-0.06015470097367747,0.04467834551397624,-0.013265026566030031,Robins' estimator,0.5,0.8,3411,0.0,0.0,0.0
2,-0.362047571708721,-0.700450005205322,-0.6180413193714175,Robins' estimator,0.5,0.8,3411,0.0,0.0,0.0
3,-0.45440488528296535,-0.36129790751765645,-0.37460016345841296,Robins' estimator,0.5,0.8,3411,0.0,0.0,0.0
4,0.11344705089972944,0.4642678481559059,-0.055744192945267945,Robins' estimator,0.5,0.8,3411,0.0,0.0,0.0
5,0.29306721976638966,-0.5009968831657429,0.34183152675281686,Robins' estimator,0.5,0.8,3411,0.0,0.0,0.0
6,0.10646573155315334,-0.3163833653424534,0.06061974630345812,Robins' estimator,0.5,0.8,3411,0.0,0.0,0.0
7,0.4086238281264416,-0.7044579345879265,-0.12796079250447442,Robins' estimator,0.5,0.8,3411,0.0,0.0,0.0
8,-0.6088488402141203,0.2092170294112365,0.4957546648489607,Robins' estimator,0.5,0.8,3411,0.0,0.0,0.0
9,-0.3807691159797972,0.2253612231430515,-0.45200892707288637,Robins' estimator,0.5,0.8,3411,0.0,0.0,0.0
10,0.2534028274340566,0.31130658544671996,-0.23775525541052553,Robins' estimator,0.5,0.8,3411,0.0,0.0,0.0
11,0.23129506258626992,0.012592227901990247,-0.1555209270345028,Robins' estimator,0.5,0.8,3411,0.0,0.0,0.0
12,-0.1179754711844312,0.034475229578162216,0.02400353710116911,Robins' estimator,0.5,0.8,3411,0.0,0.0,0.0
13,0.20410185465883832,0.5814398647524123,0.4574808258925285,Robins' estimator,0.5,0.8,3411,0.0,0.0,0.0
14,-0.1044599678409703,-0.1285919268028135,0.4885200976586058,Robins' estimator,0.5,0.8,3411,0.0,0.0,0.0
15,0.15042306203989528,0.21250253908060057,0.6530867139651447,Robins' estimator,0.5,0.8,3411,0.0,0.0,0.0
16,0.7280571472949935,0.24100689876639136,0.03468087249908683,Robins' estimator,0.5,0.8,3411,0.0,0.0,0.0
17,-0.19871438930427202,-0.22346201348479372,0.07452791871602886,Robins' estimator,0.5,0.8,3411,0.0,0.0,0.0
18,0.3853912508229188,0.48938611279809296,0.7833315333863482,Robins' estimator,0.5,0.8,3411,0.0,0.0,0.0
19,-0.08022673404689544,-0.24615140083433268,0.41564163795915243,Robins' estimator,0.5,0.8,3411,0.0,0.0,0.0
20,-0.1497538652304668,-0.000985338724959821,-0.7440639332038842,Robins' estimator,0.5,0.8,3411,0.0,0.0,0.0
21,0.43570800626080713,-0.4706946043873948,0.8901543832021025,Robins' estimator,0.5,0.8,3411,0.0,0.0,0.0
22,0.01963150936502146,-0.047292766633760995,0.1596849266669006,Robins' estimator,0.5,0.8,3411,0.0,0.0,0.0
23,-0.147745208182179,0.12076849847020414,-0.25308324159225365,Robins' estimator,0.5,0.8,3411,0.0,0.0,0.0
24,-0.24676963777159333,-0.35335685629474506,0.1273030241442357,Robins' estimator,0.5,0.8,3411,0.0,0.0,0.0
25,-0.02784934595153678,-0.3738169346713933,-0.11851554828417088,Robins' estimator,0.5,0.8,3411,0.0,0.0,0.0
26,-0.02781097674278344,-0.4904121769985786,0.23986819720636862,Robins' estimator,0.5,0.8,3411,0.0,0.0,0.0
27,0.05427563606365956,0.1085790690149102,-0.053429273897823634,Robins' estimator,0.5,0.8,3411,0.0,0.0,0.0
28,-0.02967792074805997,-0.17168529922227643,0.36565856881899744,Robins' estimator,0.5,0.8,3411,0.0,0.0,0.0
29,-0.20904860349225557,-0.2050851889584332,-0.26899272357494985,Robins' estimator,0.5,0.8,3411,0.0,0.0,0.0
30,-0.031553201335742194,0.3990608906613726,0.8008794472762241,Robins' estimator,0.5,0.8,3411,0.0,0.0,0.0
31,-0.0838314733191814,0.05288182883071157,-0.5006035609816991,Robins' estimator,0.5,0.8,3411,0.0,0.0,0.0
32,-0.6035511207372982,-0.27866550130055984,-0.11843439167938172,Robins' estimator,0.5,0.8,3411,0.0,0.0,0.0
33,0.10166553297130793,-0.08729378281365449,0.039177664972850454,Robins' estimator,0.5,0.8,3411,0.0,0.0,0.0
34,-0.431861880826895,-0.45582533187319646,0.5614032472578762,Robins' estimator,0.5,0.8,3411,0.0,0.0,0.0
35,0.16878715544028722,0.821546695474148,-0.5499466584851973,Robins' estimator,0.5,0.8,3411,0.0,0.0,0.0
36,-0.25636713360285,-0.4584634357036398,-0.5576508833780605,Robins' estimator,0.5,0.8,3411,0.0,0.0,0.0
37,0.15320727933024247,-0.07466561573346935,-0.18946508709833487,Robins' estimator,0.5,0.8,3411,0.0,0.0,0.0
38,0.29321936515136354,0.5983437828083128,-0.048537032784748906,Robins' estimator,0.5,0.8,3411,0.0,0.0,0.0
39,0.0610293045674986,0.406954020244582,-0.07627092849922806,Robins' estimator,0.5,0.8,3411,0.0,0.0,0.0
40,-0.30419990322288687,-0.48572676747268234,-0.11252952623720883,Robins' estimator,0.5,0.8,3411,0.0,0.0,0.0
41,0.26698028465237067,0.02227492162278397,-0.15458667535806928,Robins' estimator,0.5,0.8,3411,0.0,0.0,0.0
42,0.001856552969002619,-0.3149845429602963,0.05244863128441851,Robins' estimator,0.5,0.8,3411,0.0,0.0,0.0
43,0.29442291482921484,-0.5317714716772886,0.21107517970798054,Robins' estimator,0.5,0.8,3411,0.0,0.0,0.0
44,0.47102685419658996,0.19357263842447384,0.0351848077707817,Robins' estimator,0.5,0.8,3411,0.0,0.0,0.0
45,-0.19288558030050068,0.23594974544492464,0.4290034259885014,Robins' estimator,0.5,0.8,3411,0.0,0.0,0.0
46,0.055760131436914225,0.00835577867490743,-0.0958670903327399,Robins' estimator,0.5,0.8,3411,0.0,0.0,0.0
47,0.2187949607877454,-0.45830124015758644,0.2683324236290567,Robins' estimator,0.5,0.8,3411,0.0,0.0,0.0
48,0.13920928477739428,0.09517481169522303,-0.19858640860065363,Robins' estimator,0.5,0.8,3411,0.0,0.0,0.0
49,-0.34893140830793595,-0.5236924026888037,0.128235189994011,Robins' estimator,0.5,0.8,3411,0.0,0.0,0.0
50,0.7958361406653877,-0.15145531118598993,0.7520038794034133,Robins' estimator,0.5,0.8,3411,0.0,0.0,0.0
51,0.2093422096400811,0.3158639979406664,0.42728742454801755,Robins' estimator,0.5,0.8,3411,0.0,0.0,0.0
52,-0.2242809431088499,0.23216225446647165,0.2260239406453578,Robins' estimator,0.5,0.8,3411,0.0,0.0,0.0
53,0.9695322605673043,-0.17779419751293776,0.05961833345860442,Robins' estimator,0.5,0.8,3411,0.0,0.0,0.0
54,0.014110747301021277,0.33339049035486445,-0.13284415888883977,Robins' estimator,0.5,0.8,3411,0.0,0.0,0.0
55,0.06053732054393714,-0.22157523213570213,0.2744386753809906,Robins' estimator,0.5,0.8,3411,0.0,0.0,0.0
56,-0.2551737655711449,-0.2689561883086292,-0.3830267306930681,Robins' estimator,0.5,0.8,3411,0.0,0.0,0.0
57,0.24005450568959372,0.383799778004785,0.18429175563025343,Robins' estimator,0.5,0.8,3411,0.0,0.0,0.0
58,-0.10187931843564058,0.18934114978842057,-0.42139328037321455,Robins' estimator,0.5,0.8,3411,0.0,0.0,0.0
59,0.08968682269746374,-0.10263513714908969,0.41355011558644633,Robins' estimator,0.5,0.8,3411,0.0,0.0,0.0
60,-0.20368007958645803,0.09287978216907179,0.3545139435637133,Robins' estimator,0.5,0.8,3411,0.0,0.0,0.0
61,-0.3141638740989877,-0.07005133117964364,-0.24839259302534256,Robins' estimator,0.5,0.8,3411,0.0,0.0,0.0
62,-0.10474612117055072,-0.46254784112064984,-0.20182463912811416,Robins' estimator,0.5,0.8,3411,0.0,0.0,0.0
63,-0.39287916786682925,-0.13373928560145446,-0.33897663006668655,Robins' estimator,0.5,0.8,3411,0.0,0.0,0.0
64,-0.10541187750341564,0.3809207957379558,0.72836094346124,Robins' estimator,0.5,0.8,3411,0.0,0.0,0.0
65,0.15638007254031192,0.014158276997606236,-0.032281332041842574,Robins' estimator,0.5,0.8,3411,0.0,0.0,0.0
66,0.10972762790810588,0.22601783896974115,-0.42330203327503785,Robins' estimator,0.5,0.8,3411,0.0,0.0,0.0
67,-0.11266320132517135,-0.15931867898564137,0.5309387484269118,Robins' estimator,0.5,0.8,3411,0.0,0.0,0.0
68,0.3420568820370682,0.43080060294266187,0.9888342764500012,Robins' estimator,0.5,0.8,3411,0.0,0.0,0.0
69,-0.3004745066136623,0.42630718132712253,-0.30640590767064635,Robins' estimator,0.5,0.8,3411,0.0,0.0,0.0
70,0.2616313154630484,0.13164063896217507,-0.082935458683308,Robins' estimator,0.5,0.8,3411,0.0,0.0,0.0
71,-0.08337867587354823,-0.17406924650184147,-0.8603052877882172,Robins' estimator,0.5,0.8,3411,0.0,0.0,0.0
72,-0.47734559304617596,-0.228852354460428,-0.3669987095600123,Robins' estimator,0.5,0.8,3411,0.0,0.0,0.0
73,-0.556824681366289,0.12966131309510529,-0.23569765451233834,Robins' estimator,0.5,0.8,3411,0.0,0.0,0.0
74,-0.29541680767823375,-0.0057305798775493175,-0.22838095868243072,Robins' estimator,0.5,0.8,3411,0.0,0.0,0.0
75,0.003097642684926008,0.0326450269934884,-0.08464161153088781,Robins' estimator,0.5,0.8,3411,0.0,0.0,0.0
76,0.503648524548152,0.7241216787107675,0.15769060253112652,Robins' estimator,0.5,0.8,3411,0.0,0.0,0.0
77,-0.043416452231957024,0.24731092229537255,0.30409028973799657,Robins' estimator,0.5,0.8,3411,0.0,0.0,0.0
78,0.1462060285316941,0.054605091065054706,-0.10479219502997643,Robins' estimator,0.5,0.8,3411,0.0,0.0,0.0
79,0.08551753579673152,-0.6996149066068087,0.10349496182872926,Robins' estimator,0.5,0.8,3411,0.0,0.0,0.0
80,0.0683132245060893,-0.24855230014820565,-0.24853258025452007,Robins' estimator,0.5,0.8,3411,0.0,0.0,0.0
81,-0.26178926340766556,-0.007085885962457464,0.5199363512475325,Robins' estimator,0.5,0.8,3411,0.0,0.0,0.0
82,-0.19770359852901936,0.2648654727366525,-0.20748564678942846,Robins' estimator,0.5,0.8,3411,0.0,0.0,0.0
83,-0.08057830697517647,-0.3672279773964094,-0.04184798501037237,Robins' estimator,0.5,0.8,3411,0.0,0.0,0.0
84,-0.19570179590662065,0.40636860292482496,-0.6394232501531099,Robins' estimator,0.5,0.8,3411,0.0,0.0,0.0
85,0.4057495520950119,0.3143412215666114,0.11502465409494153,Robins' estimator,0.5,0.8,3411,0.0,0.0,0.0
86,-0.07627137398760774,-0.06879704938393903,-0.1979666633455437,Robins' estimator,0.5,0.8,3411,0.0,0.0,0.0
87,0.2730420081807638,0.10685704936385815,-0.09320668353822029,Robins' estimator,0.5,0.8,3411,0.0,0.0,0.0
88,0.02405540605694241,0.021985924198250597,0.3580854936164379,Robins' estimator,0.5,0.8,3411,0.0,0.0,0.0
89,-0.413639095519585,0.00829820364514893,0.17598678751377,Robins' estimator,0.5,0.8,3411,0.0,0.0,0.0
90,0.6545812371165068,0.04112227283811528,0.03396875680137094,Robins' estimator,0.5,0.8,3411,0.0,0.0,0.0
91,-0.06517863951092084,-0.5774423251091697,0.21198580700321762,Robins' estimator,0.5,0.8,3411,0.0,0.0,0.0
92,-0.049838759293370075,-0.29628707704684265,0.13826695008882062,Robins' estimator,0.5,0.8,3411,0.0,0.0,0.0
93,0.11360981214393666,0.511361256769293,-0.1066116468219024,Robins' estimator,0.5,0.8,3411,0.0,0.0,0.0
94,-0.034932676613255706,-0.1870476534952497,-0.39944162905442293,Robins' estimator,0.5,0.8,3411,0.0,0.0,0.0
95,0.01787851378871761,0.29860218290579704,-0.26101969358021143,Robins' estimator,0.5,0.8,3411,0.0,0.0,0.0
96,0.25713342155941243,0.49019632993164364,0.3581483020836887,Robins' estimator,0.5,0.8,3411,0.0,0.0,0.0
97,-0.005561676898025101,0.4361880831237232,0.07209773233620397,Robins' estimator,0.5,0.8,3411,0.0,0.0,0.0
98,-0.2637547860807162,0.13698677756250768,-0.119816001848565,Robins' estimator,0.5,0.8,3411,0.0,0.0,0.0
99,-0.3221362743306186,-0.08380381921418034,0.1849040776080577,Robins' estimator,0.5,0.8,3411,0.0,0.0,0.0
100,-0.08933350764349741,-0.17314174489968595,-0.2720476578476782,Robins' estimator,0.5,0.8,3411,0.0,0.0,0.0
1,-0.05717956286302349,0.050890520927847224,-0.09601599395647777,GMM estimator,0.5,0.8,3411,0.0,0.0,0.0
2,-0.40426128762034214,-0.7823493349487902,-0.6186082708323608,GMM estimator,0.5,0.8,3411,0.0,0.0,0.0
3,-0.45427122522405927,-0.36129007885007836,-0.3732100105012863,GMM estimator,0.5,0.8,3411,0.0,0.0,0.0
4,-0.07124482429599104,0.4300255647743505,-0.05877534119211933,GMM estimator,0.5,0.8,3411,0.0,0.0,0.0
5,0.2808548717147491,-0.5156605247792918,0.3384447057282053,GMM estimator,0.5,0.8,3411,0.0,0.0,0.0
6,-0.014336565626524876,-0.30128508597468406,0.008085693189808174,GMM estimator,0.5,0.8,3411,0.0,0.0,0.0
7,0.3608260948793405,-0.7240673063323804,-0.1270431107183723,GMM estimator,0.5,0.8,3411,0.0,0.0,0.0
8,-0.6089185328301769,0.23140280930280005,0.46976739790422917,GMM estimator,0.5,0.8,3411,0.0,0.0,0.0
9,-0.41601480038574556,0.15732692465596904,-0.43143386556909213,GMM estimator,0.5,0.8,3411,0.0,0.0,0.0
10,0.24994764046828044,0.31853226222281283,-0.24465445393319843,GMM estimator,0.5,0.8,3411,0.0,0.0,0.0
11,0.23468715779703123,0.009030149697118434,-0.16651906577266937,GMM estimator,0.5,0.8,3411,0.0,0.0,0.0
12,-0.16207500681485015,-0.032631806486117854,-0.04975612678357261,GMM estimator,0.5,0.8,3411,0.0,0.0,0.0
13,0.14418757950050937,0.5477252410792559,0.5141966285642667,GMM estimator,0.5,0.8,3411,0.0,0.0,0.0
14,-0.11157551753973399,-0.14132576506798006,0.4789216417322677,GMM estimator,0.5,0.8,3411,0.0,0.0,0.0
15,0.14500864579902384,0.14601128409440634,0.567745880790909,GMM estimator,0.5,0.8,3411,0.0,0.0,0.0
16,0.7332732471960878,0.3110063237478945,0.11335836293510271,GMM estimator,0.5,0.8,3411,0.0,0.0,0.0
17,-0.1981304401781405,-0.2106383763781285,0.05602583991977146,GMM estimator,0.5,0.8,3411,0.0,0.0,0.0
18,0.3560636126408177,0.4967155247591105,0.7829892883891546,GMM estimator,0.5,0.8,3411,0.0,0.0,0.0
19,-0.14348036972254402,-0.3672009572054228,0.38023725412580267,GMM estimator,0.5,0.8,3411,0.0,0.0,0.0
20,-0.18562271795849783,-0.08793854984986363,-0.835671938779133,GMM estimator,0.5,0.8,3411,0.0,0.0,0.0
21,0.44317219429580035,-0.44798033117509317,0.8988071967916884,GMM estimator,0.5,0.8,3411,0.0,0.0,0.0
22,-0.1907080656895006,-0.040655660202461606,-0.01169835878124851,GMM estimator,0.5,0.8,3411,0.0,0.0,0.0
23,-0.13329643930486793,0.14963768435743402,-0.10055923764540131,GMM estimator,0.5,0.8,3411,0.0,0.0,0.0
24,-0.2510224874511338,-0.35973777666280976,0.11345459575908162,GMM estimator,0.5,0.8,3411,0.0,0.0,0.0
25,-0.10975340069403927,-0.5476179858717972,-0.14234211390858897,GMM estimator,0.5,0.8,3411,0.0,0.0,0.0
26,0.02108673466390125,-0.46335090509629306,0.274086312814549,GMM estimator,0.5,0.8,3411,0.0,0.0,0.0
27,0.04113150269227873,0.01989413529982549,0.03342851021243473,GMM estimator,0.5,0.8,3411,0.0,0.0,0.0
28,-0.041027496504811835,-0.1897869127253876,0.3577901355295968,GMM estimator,0.5,0.8,3411,0.0,0.0,0.0
29,-0.2175506719117842,-0.1576117888530514,-0.30133574526658885,GMM estimator,0.5,0.8,3411,0.0,0.0,0.0
30,-0.08386910547087006,0.3338589525125089,0.7882571443567802,GMM estimator,0.5,0.8,3411,0.0,0.0,0.0
31,-0.16027178677961684,0.03282258147350924,-0.4999614757194374,GMM estimator,0.5,0.8,3411,0.0,0.0,0.0
32,-0.5600678635698115,-0.26237315515031745,0.09246464573313884,GMM estimator,0.5,0.8,3411,0.0,0.0,0.0
33,0.05688621590654902,-0.22109413856737575,-0.035583817256716305,GMM estimator,0.5,0.8,3411,0.0,0.0,0.0
34,-0.4390049498099001,-0.4037703116452386,0.5663401267467015,GMM estimator,0.5,0.8,3411,0.0,0.0,0.0
35,0.04695513550985265,0.7536012220322374,-0.607172226727144,GMM estimator,0.5,0.8,3411,0.0,0.0,0.0
36,-0.24825142280175316,-0.34062398822250617,-0.4689454701665555,GMM estimator,0.5,0.8,3411,0.0,0.0,0.0
37,0.16109544902704784,0.005990226756570349,-0.12440550866520249,GMM estimator,0.5,0.8,3411,0.0,0.0,0.0
38,0.27619670363207427,0.5782047854196635,-0.06735470610421287,GMM estimator,0.5,0.8,3411,0.0,0.0,0.0
39,0.09864336281685308,0.3979489615332962,0.022876504547304194,GMM estimator,0.5,0.8,3411,0.0,0.0,0.0
40,-0.4438100925521486,-0.42256155830039693,-0.20990300407781626,GMM estimator,0.5,0.8,3411,0.0,0.0,0.0
41,0.15896325610040984,0.007168053273172312,-0.16452563206163412,GMM estimator,0.5,0.8,3411,0.0,0.0,0.0
42,0.006821246071307437,-0.30812499708465596,0.07851334328679452,GMM estimator,0.5,0.8,3411,0.0,0.0,0.0
43,0.23974394859405246,-0.6085291777440562,0.14506296850704847,GMM estimator,0.5,0.8,3411,0.0,0.0,0.0
44,0.42959587389909615,0.13188065565736906,0.21668763434854554,GMM estimator,0.5,0.8,3411,0.0,0.0,0.0
45,-0.2455549278676816,0.23955244736137032,0.34849385774051966,GMM estimator,0.5,0.8,3411,0.0,0.0,0.0
46,0.040275290250561854,-0.00982731839700009,-0.09561433118170395,GMM estimator,0.5,0.8,3411,0.0,0.0,0.0
47,0.21389589905691878,-0.4745327493651422,0.25827400262467937,GMM estimator,0.5,0.8,3411,0.0,0.0,0.0
48,0.14203608153935035,0.07491222009027243,-0.18201638412047622,GMM estimator,0.5,0.8,3411,0.0,0.0,0.0
49,-0.40974122702406723,-0.5899075777570685,0.05523619055102624,GMM estimator,0.5,0.8,3411,0.0,0.0,0.0
50,0.7998641780734137,-0.14120001575751284,0.7541633405500634,GMM estimator,0.5,0.8,3411,0.0,0.0,0.0
51,0.18402698818547047,0.1869700429534077,0.4105701629294188,GMM estimator,0.5,0.8,3411,0.0,0.0,0.0
52,-0.3379479719862747,0.16771934430124685,0.0794789785271049,GMM estimator,0.5,0.8,3411,0.0,0.0,0.0
53,0.8237452197376833,-0.26941891521147054,-0.029453081312112217,GMM estimator,0.5,0.8,3411,0.0,0.0,0.0
54,-0.022666898753967796,0.32364921828145565,-0.028871206870790506,GMM estimator,0.5,0.8,3411,0.0,0.0,0.0
55,0.0337046146680887,-0.24075700183047782,0.27356764450486537,GMM estimator,0.5,0.8,3411,0.0,0.0,0.0
56,-0.24279698984590087,-0.3263467440514186,-0.3658596185649676,GMM estimator,0.5,0.8,3411,0.0,0.0,0.0
57,0.16853545936588074,0.37555727324650445,0.15305432825956405,GMM estimator,0.5,0.8,3411,0.0,0.0,0.0
58,-0.08076481637392662,0.21289441498163864,-0.3618022484445682,GMM estimator,0.5,0.8,3411,0.0,0.0,0.0
59,0.05249861786732524,-0.13590471944872817,0.3677006054312528,GMM estimator,0.5,0.8,3411,0.0,0.0,0.0
60,-0.23816220419473422,0.13657881142373374,0.2978527289148687,GMM estimator,0.5,0.8,3411,0.0,0.0,0.0
61,-0.30389975615323295,-0.02752894326458355,-0.24089082414848287,GMM estimator,0.5,0.8,3411,0.0,0.0,0.0
62,-0.15412979597143323,-0.4522855074779627,-0.0159655257189925,GMM estimator,0.5,0.8,3411,0.0,0.0,0.0
63,-0.46609553799504866,-0.1845379264423056,-0.47225499060125353,GMM estimator,0.5,0.8,3411,0.0,0.0,0.0
64,-0.14902748887379147,0.30165356810994126,0.6586599772888349,GMM estimator,0.5,0.8,3411,0.0,0.0,0.0
65,0.1580940920077458,0.004185614536679448,0.01660178670907546,GMM estimator,0.5,0.8,3411,0.0,0.0,0.0
66,0.15776314506570055,0.24253802453190965,-0.3819814934677752,GMM estimator,0.5,0.8,3411,0.0,0.0,0.0
67,-0.16254626386415838,-0.2660609685735366,0.4574918570486551,GMM estimator,0.5,0.8,3411,0.0,0.0,0.0
68,0.2979348888105132,0.4014782432591759,0.9677837996477917,GMM estimator,0.5,0.8,3411,0.0,0.0,0.0
69,-0.2999837806290374,0.4646843235411673,-0.2661488016285412,GMM estimator,0.5,0.8,3411,0.0,0.0,0.0
70,0.2287952419038593,0.10682239804852148,-0.10372071085336401,GMM estimator,0.5,0.8,3411,0.0,0.0,0.0
71,-0.08193332925869598,-0.18447077542618037,-0.8623848604397366,GMM estimator,0.5,0.8,3411,0.0,0.0,0.0
72,-0.4882376200817211,-0.2200111244277487,-0.31697672839555635,GMM estimator,0.5,0.8,3411,0.0,0.0,0.0
73,-0.5286015040626227,0.1530292716960508,-0.22747086277962092,GMM estimator,0.5,0.8,3411,0.0,0.0,0.0
74,-0.2742070437018851,-0.02580907760622561,-0.22669474710756812,GMM estimator,0.5,0.8,3411,0.0,0.0,0.0
75,0.008144223676240212,0.032276052500489844,-0.09510259916968458,GMM estimator,0.5,0.8,3411,0.0,0.0,0.0
76,0.4876981384420151,0.7254033558711344,0.13326732074877484,GMM estimator,0.5,0.8,3411,0.0,0.0,0.0
77,-0.05730288854928976,0.24342866856267528,0.30585585343630295,GMM estimator,0.5,0.8,3411,0.0,0.0,0.0
78,0.18724302746135285,0.0442292327637462,0.05536713923933092,GMM estimator,0.5,0.8,3411,0.0,0.0,0.0
79,0.10890418569161184,-0.6085256260466085,0.18518870915471727,GMM estimator,0.5,0.8,3411,0.0,0.0,0.0
80,0.07394886234880499,-0.29868320996001946,-0.24864311141001633,GMM estimator,0.5,0.8,3411,0.0,0.0,0.0
81,-0.25400855144060513,-0.08580223865920254,0.5171339977699283,GMM estimator,0.5,0.8,3411,0.0,0.0,0.0
82,-0.27838469156513806,0.14833056006269135,-0.2756027549188935,GMM estimator,0.5,0.8,3411,0.0,0.0,0.0
83,-0.0803322667889417,-0.33735367154472473,-0.001276631360879743,GMM estimator,0.5,0.8,3411,0.0,0.0,0.0
84,-0.2032043925348903,0.41039466325061613,-0.6381973440889048,GMM estimator,0.5,0.8,3411,0.0,0.0,0.0
85,0.3718211616876859,0.12890895956881662,-0.26980613161187605,GMM estimator,0.5,0.8,3411,0.0,0.0,0.0
86,-0.053155497595413256,-0.03908558658454076,-0.12339441113898067,GMM estimator,0.5,0.8,3411,0.0,0.0,0.0
87,0.2444115146003067,6.481154283469182e-05,-0.17624464291029818,GMM estimator,0.5,0.8,3411,0.0,0.0,0.0
88,-0.08127545264635447,-0.0823997830919024,0.21653050378161048,GMM estimator,0.5,0.8,3411,0.0,0.0,0.0
89,-0.5423919827649875,-0.19682451920639565,0.039279328453117546,GMM estimator,0.5,0.8,3411,0.0,0.0,0.0
90,0.6172814111081468,-0.020754345702167276,-0.011895153694850669,GMM estimator,0.5,0.8,3411,0.0,0.0,0.0
91,-0.031167182564969656,-0.499548800366733,0.27668218227255675,GMM estimator,0.5,0.8,3411,0.0,0.0,0.0
92,-0.04602987947418515,-0.309349097793416,0.16929646635190276,GMM estimator,0.5,0.8,3411,0.0,0.0,0.0
93,0.10958856942333411,0.5061206663760124,-0.1143857728406718,GMM estimator,0.5,0.8,3411,0.0,0.0,0.0
94,-0.010329807812472221,-0.11481062625977934,-0.34174916002600747,GMM estimator,0.5,0.8,3411,0.0,0.0,0.0
95,0.02043937120793906,0.21739484037015033,-0.3704893909383451,GMM estimator,0.5,0.8,3411,0.0,0.0,0.0
96,0.13508982911114514,0.5231930532559899,0.29222157845077473,GMM estimator,0.5,0.8,3411,0.0,0.0,0.0
97,-0.05360391369083424,0.3536851121322946,0.05095172361415147,GMM estimator,0.5,0.8,3411,0.0,0.0,0.0
98,-0.26506781985051975,0.12928209561117054,-0.06506808798401592,GMM estimator,0.5,0.8,3411,0.0,0.0,0.0
99,-0.3250771873940748,-0.11759153713927187,0.21422034720883248,GMM estimator,0.5,0.8,3411,0.0,0.0,0.0
100,-0.13469328947606765,-0.25908566948924105,-0.42289500703031857,GMM estimator,0.5,0.8,3411,0.0,0.0,0.0
1,-0.0827874743834618,-0.27249504386325935,-0.08520069520726462,Three-step,0.75,0.8,3411,0.0,0.0,0.0
2,-0.30992966300384056,-0.3014179778092891,-0.2632484377012781,Three-step,0.75,0.8,3411,0.0,0.0,0.0
3,-0.45862927799119496,0.07482034662519602,-0.07159528386840301,Three-step,0.75,0.8,3411,0.0,0.0,0.0
4,-0.041676849905541984,-0.0444800096283216,-0.07781915040774018,Three-step,0.75,0.8,3411,0.0,0.0,0.0
5,0.2782338293323923,-0.2607217522248854,0.1295761830456762,Three-step,0.75,0.8,3411,0.0,0.0,0.0
6,-0.0159346910961504,-0.33088039086514826,0.04759006021919885,Three-step,0.75,0.8,3411,0.0,0.0,0.0
7,0.4272104301730322,-0.4876909877130634,-0.4965499704136476,Three-step,0.75,0.8,3411,0.0,0.0,0.0
8,-0.6286161198457374,0.05194442948069741,-0.11206302007852098,Three-step,0.75,0.8,3411,0.0,0.0,0.0
9,-0.3399117369553656,-0.2839290817494217,0.0009092201782902124,Three-step,0.75,0.8,3411,0.0,0.0,0.0
10,0.2694797113129483,-0.24151802597757877,-0.45463047288685043,Three-step,0.75,0.8,3411,0.0,0.0,0.0
11,0.22306438764393963,0.4306719593481036,0.14760106540024906,Three-step,0.75,0.8,3411,0.0,0.0,0.0
12,-0.08893535047760637,0.3418037929423448,0.1273332710288497,Three-step,0.75,0.8,3411,0.0,0.0,0.0
13,0.3015818393429311,0.06035783762305204,-0.04805108266132353,Three-step,0.75,0.8,3411,0.0,0.0,0.0
14,-0.06618366154659731,0.030677185407359663,0.0950133530575217,Three-step,0.75,0.8,3411,0.0,0.0,0.0
15,0.10721856538072948,-0.01572605789923392,0.5673544035568167,Three-step,0.75,0.8,3411,0.0,0.0,0.0
16,0.6529280982817206,-0.17102847619480535,0.1191618219017641,Three-step,0.75,0.8,3411,0.0,0.0,0.0
17,-0.26235489841664755,-0.09501032034979978,0.1264596540700432,Three-step,0.75,0.8,3411,0.0,0.0,0.0
18,0.4550357577439705,0.19447364225381422,0.39527913308532187,Three-step,0.75,0.8,3411,0.0,0.0,0.0
19,-0.00777496319536091,-0.20536617652843428,0.2365913573031859,Three-step,0.75,0.8,3411,0.0,0.0,0.0
20,-0.0791205668825938,0.0299321878478242,0.04002872096696154,Three-step,0.75,0.8,3411,0.0,0.0,0.0
21,0.41614454399783973,-0.08772857198864706,0.40611030724554786,Three-step,0.75,0.8,3411,0.0,0.0,0.0
22,-0.1649189661994192,0.2883381409164192,0.1566450827039709,Three-step,0.75,0.8,3411,0.0,0.0,0.0
23,-0.18155072052673013,0.45097888957703125,-0.30431213800729656,Three-step,0.75,0.8,3411,0.0,0.0,0.0
24,-0.26848752017709754,-0.30736092487155703,-0.3422606548210086,Three-step,0.75,0.8,3411,0.0,0.0,0.0
25,0.05482712099590357,-0.2886064515029676,-0.17959384577425394,Three-step,0.75,0.8,3411,0.0,0.0,0.0
26,-0.0649097446461331,-0.23553805162915672,-0.11101246570993337,Three-step,0.75,0.8,3411,0.0,0.0,0.0
27,0.06606537276424307,0.11514589222107922,-0.10794520956080657,Three-step,0.75,0.8,3411,0.0,0.0,0.0
28,-0.005883886473533513,0.25354371568075945,0.22969933037419069,Three-step,0.75,0.8,3411,0.0,0.0,0.0
29,-0.26217015378647707,-0.11618831355177614,0.40051824754578613,Three-step,0.75,0.8,3411,0.0,0.0,0.0
30,-0.01950001526497868,0.3955237632331314,0.2706662675053498,Three-step,0.75,0.8,3411,0.0,0.0,0.0
31,0.0038535958376153677,-0.08127976300994182,-0.24855901577237388,Three-step,0.75,0.8,3411,0.0,0.0,0.0
32,-0.7285955312422414,-0.32271701535065844,-0.21064060262855355,Three-step,0.75,0.8,3411,0.0,0.0,0.0
33,0.16008340404666127,-0.18522567435158022,0.16449590282793874,Three-step,0.75,0.8,3411,0.0,0.0,0.0
34,-0.47397525320748074,0.28159856018790436,-0.07565909827356371,Three-step,0.75,0.8,3411,0.0,0.0,0.0
35,0.04853050841056583,0.042548624591085105,-0.27164143110881994,Three-step,0.75,0.8,3411,0.0,0.0,0.0
36,-0.33733101161137274,-0.06954862542261311,-0.10429586599837448,Three-step,0.75,0.8,3411,0.0,0.0,0.0
37,0.12653603171641759,-0.09442713374160347,0.48353001807821294,Three-step,0.75,0.8,3411,0.0,0.0,0.0
38,0.31005116260380267,0.2865668612310178,-0.02435918374782732,Three-step,0.75,0.8,3411,0.0,0.0,0.0
39,-0.04431975841933461,0.17538404066559105,0.21522771353153347,Three-step,0.75,0.8,3411,0.0,0.0,0.0
40,-0.4588324758772506,0.12478300334704638,-0.32244223142604256,Three-step,0.75,0.8,3411,0.0,0.0,0.0
41,0.35862069773670596,-0.024995237776162978,-0.02102278177773189,Three-step,0.75,0.8,3411,0.0,0.0,0.0
42,-0.016756849614817815,-0.27179333464033334,-0.09634502139311665,Three-step,0.75,0.8,3411,0.0,0.0,0.0
43,0.36736177907667766,0.05878907209422385,0.09755096705961369,Three-step,0.75,0.8,3411,0.0,0.0,0.0
44,0.5486791043635213,0.20254166863149614,0.05179579213255836,Three-step,0.75,0.8,3411,0.0,0.0,0.0
45,-0.13196857264837136,-0.23492283015065218,0.11301313832834195,Three-step,0.75,0.8,3411,0.0,0.0,0.0
46,0.08211403187078495,-0.21709099170750285,-0.04521882591096051,Three-step,0.75,0.8,3411,0.0,0.0,0.0
47,0.23376622063357552,-0.09096986257425833,0.09973717719749874,Three-step,0.75,0.8,3411,0.0,0.0,0.0
48,0.14266672871159478,0.47476311909684515,-0.2514390369839313,Three-step,0.75,0.8,3411,0.0,0.0,0.0
49,-0.2854415940589073,-0.4408784623238767,0.21168765701608883,Three-step,0.75,0.8,3411,0.0,0.0,0.0
50,0.7849194722843948,-0.06463810360511012,0.16953922214141698,Three-step,0.75,0.8,3411,0.0,0.0,0.0
51,0.20856600598511757,0.3735365632217363,0.23601282132806076,Three-step,0.75,0.8,3411,0.0,0.0,0.0
52,-0.11770970798249822,-0.49377752209928333,0.10123235874122417,Three-step,0.75,0.8,3411,0.0,0.0,0.0
53,1.1115371960167566,0.06942198797533347,-0.3087673878244926,Three-step,0.75,0.8,3411,0.0,0.0,0.0
54,-0.03316687150173511,0.4770255283821261,0.5924999680545016,Three-step,0.75,0.8,3411,0.0,0.0,0.0
55,0.09570482872874976,-0.3391267475610505,0.06434760721280713,Three-step,0.75,0.8,3411,0.0,0.0,0.0
56,-0.22438434722945205,0.10315319015533259,-0.531489658697145,Three-step,0.75,0.8,3411,0.0,0.0,0.0
57,0.16909586549079472,0.18353825961015044,-0.19836008388415288,Three-step,0.75,0.8,3411,0.0,0.0,0.0
58,-0.1376804828407515,0.011047791889627017,-0.2833176746451723,Three-step,0.75,0.8,3411,0.0,0.0,0.0
59,0.029528196967997175,0.08397349425935034,0.7216024154977447,Three-step,0.75,0.8,3411,0.0,0.0,0.0
60,-0.2831586876728247,0.24397365397613532,0.17844199014795617,Three-step,0.75,0.8,3411,0.0,0.0,0.0
61,-0.35906270717542454,0.06608217716431455,-0.2624532355639023,Three-step,0.75,0.8,3411,0.0,0.0,0.0
62,-0.21740235727776655,0.34447929942707783,0.1135084886615535,Three-step,0.75,0.8,3411,0.0,0.0,0.0
63,-0.4185659924573385,-0.3286567972733532,-0.19100733741490827,Three-step,0.75,0.8,3411,0.0,0.0,0.0
64,-0.05946151905909223,0.44252926193506487,0.6509902010134636,Three-step,0.75,0.8,3411,0.0,0.0,0.0
65,0.11741202201045034,0.36556333679893055,-0.07117059934798516,Three-step,0.75,0.8,3411,0.0,0.0,0.0
66,0.056291791737077976,0.6708275384526262,-0.0025157095256929385,Three-step,0.75,0.8,3411,0.0,0.0,0.0
67,-0.013465672989593638,-0.06844156201761836,0.07261108963988194,Three-step,0.75,0.8,3411,0.0,0.0,0.0
68,0.3072414168128075,0.6046520262004575,0.10148343581387625,Three-step,0.75,0.8,3411,0.0,0.0,0.0
69,-0.2454013011176635,-0.17602999866303606,-0.0026309666535584636,Three-step,0.75,0.8,3411,0.0,0.0,0.0
70,0.32932738206388745,0.6315499432005982,0.02724119160681572,Three-step,0.75,0.8,3411,0.0,0.0,0.0
71,-0.07450252244710731,0.028044696903559232,-0.05755833633395135,Three-step,0.75,0.8,3411,0.0,0.0,0.0
72,-0.5439694705868353,-0.26842478552368076,0.09481378542297024,Three-step,0.75,0.8,3411,0.0,0.0,0.0
73,-0.6195992436707115,0.20684034043877905,-0.08147194577394878,Three-step,0.75,0.8,3411,0.0,0.0,0.0
74,-0.29038504697180756,0.08076592144162392,-0.26053759929687187,Three-step,0.75,0.8,3411,0.0,0.0,0.0
75,-0.01704653669913955,0.20301771042093508,0.19464415138176552,Three-step,0.75,0.8,3411,0.0,0.0,0.0
76,0.547325400569375,0.7469257321842003,0.26473802828617415,Three-step,0.75,0.8,3411,0.0,0.0,0.0
77,0.0024026406669332024,0.13475383544580524,-0.03381222259771467,Three-step,0.75,0.8,3411,0.0,0.0,0.0
78,0.12502336672548414,0.01943932106003652,0.007273517274221341,Three-step,0.75,0.8,3411,0.0,0.0,0.0
79,-0.00025412777868616735,0.07327548739211788,0.3483118117737916,Three-step,0.75,0.8,3411,0.0,0.0,0.0
80,0.03313471001021436,-0.06149439172830921,0.19997680661337508,Three-step,0.75,0.8,3411,0.0,0.0,0.0
81,-0.32314846973433553,-0.15367673281830846,0.3084762833894324,Three-step,0.75,0.8,3411,0.0,0.0,0.0
82,-0.13236997290553523,-0.10974452931758996,0.2129180543683765,Three-step,0.75,0.8,3411,0.0,0.0,0.0
83,-0.10996592658658072,-0.27567590261921776,-0.27007445205916314,Three-step,0.75,0.8,3411,0.0,0.0,0.0
84,-0.2586897626340788,-0.3807903518496449,-0.40501705314859576,Three-step,0.75,0.8,3411,0.0,0.0,0.0
85,0.39555903169890316,0.23028907512367067,0.3895557838591099,Three-step,0.75,0.8,3411,0.0,0.0,0.0
86,-0.1283630511821457,-0.36790010207962104,-0.6543958620002184,Three-step,0.75,0.8,3411,0.0,0.0,0.0
87,0.28246163244421935,0.19363417373826927,-0.1208749169342242,Three-step,0.75,0.8,3411,0.0,0.0,0.0
88,0.12987144329739797,-0.14220464762623583,0.5059413437926068,Three-step,0.75,0.8,3411,0.0,0.0,0.0
89,-0.35282405449083754,-0.1518979657494545,0.24580338433024768,Three-step,0.75,0.8,3411,0.0,0.0,0.0
90,0.7248902594918405,0.21867128492325455,0.13356202330125314,Three-step,0.75,0.8,3411,0.0,0.0,0.0
91,-0.12536853185629224,-0.1351237715532556,0.0033864599742448173,Three-step,0.75,0.8,3411,0.0,0.0,0.0
92,-0.18951884178437717,-0.16457625079170635,0.14723230425718867,Three-step,0.75,0.8,3411,0.0,0.0,0.0
93,0.10931669363365719,0.07493197431222551,-0.00554640094769504,Three-step,0.75,0.8,3411,0.0,0.0,0.0
94,-0.08827128828692353,0.13874285840960818,-0.10895065997180992,Three-step,0.75,0.8,3411,0.0,0.0,0.0
95,-0.05512234898241531,-0.38303327970743845,-0.22402269453908955,Three-step,0.75,0.8,3411,0.0,0.0,0.0
96,0.10091075357892709,0.7615267914449809,0.14568942367471466,Three-step,0.75,0.8,3411,0.0,0.0,0.0
97,-0.021838151108516415,-0.20989955951200945,0.38306451086249066,Three-step,0.75,0.8,3411,0.0,0.0,0.0
98,-0.2425920120373124,-0.10700376392961863,0.08431142449633533,Three-step,0.75,0.8,3411,0.0,0.0,0.0
99,-0.31874901286906887,-0.5782741238652405,-0.040730317682677555,Three-step,0.75,0.8,3411,0.0,0.0,0.0
100,-0.031136240813788636,-0.2085499025511096,0.11265283235857025,Three-step,0.75,0.8,3411,0.0,0.0,0.0
1,0.004638913693811926,-0.1681180779639464,-0.0852006952076716,Robins' estimator,0.75,0.8,3411,0.0,0.0,0.0
2,-0.4361063994351004,-0.202965938382766,-0.26324843770574363,Robins' estimator,0.75,0.8,3411,0.0,0.0,0.0
3,-0.48062139378316515,0.2992087577116886,-0.07159528386051503,Robins' estimator,0.75,0.8,3411,0.0,0.0,0.0
4,0.05119490933442124,-0.13043993394357814,-0.07781915040820485,Robins' estimator,0.75,0.8,3411,0.0,0.0,0.0
5,0.2681188161330189,-0.28547881081106385,0.12957618304614119,Robins' estimator,0.75,0.8,3411,0.0,0.0,0.0
6,0.004952865500561026,-0.4614289751501458,0.04759006024936046,Robins' estimator,0.75,0.8,3411,0.0,0.0,0.0
7,0.2287875867509976,-0.3445815141829575,-0.496549970413535,Robins' estimator,0.75,0.8,3411,0.0,0.0,0.0
8,-0.6305206386526014,-0.0027007087618000896,-0.11206302007694295,Robins' estimator,0.75,0.8,3411,0.0,0.0,0.0
9,-0.3221954956249033,-0.26338217222594545,0.0009092201782904374,Robins' estimator,0.75,0.8,3411,0.0,0.0,0.0
10,0.3358382289216138,-0.2377827146416553,-0.4546304728877434,Robins' estimator,0.75,0.8,3411,0.0,0.0,0.0
11,0.23313058710268,0.4035208429011745,0.147601065400685,Robins' estimator,0.75,0.8,3411,0.0,0.0,0.0
12,-0.1023293051770086,0.19400518024424662,0.12733327102435849,Robins' estimator,0.75,0.8,3411,0.0,0.0,0.0
13,0.28755424977619154,-0.013145731796457416,-0.04805108269398682,Robins' estimator,0.75,0.8,3411,0.0,0.0,0.0
14,-0.08762547018545815,-0.06580864890045521,0.09501335305769153,Robins' estimator,0.75,0.8,3411,0.0,0.0,0.0
15,0.07667978603246112,-0.02634961883515254,0.5673544035565958,Robins' estimator,0.75,0.8,3411,0.0,0.0,0.0
16,0.6414746143091486,-0.05342838836805946,0.1191618219532345,Robins' estimator,0.75,0.8,3411,0.0,0.0,0.0
17,-0.2405710823444762,-0.17982251686512904,0.12645965407003637,Robins' estimator,0.75,0.8,3411,0.0,0.0,0.0
18,0.5958390956273539,0.019244094191527724,0.39527913307370466,Robins' estimator,0.75,0.8,3411,0.0,0.0,0.0
19,-0.14747375071204907,-0.03923697721616227,0.23659135730233502,Robins' estimator,0.75,0.8,3411,0.0,0.0,0.0
20,-0.023680890863550262,-0.1002612585816939,0.04002872096674542,Robins' estimator,0.75,0.8,3411,0.0,0.0,0.0
21,0.2860049854013499,-0.15481924960383697,0.40611030724972347,Robins' estimator,0.75,0.8,3411,0.0,0.0,0.0
22,0.012890153760849194,0.12616886945147227,0.15664508272039768,Robins' estimator,0.75,0.8,3411,0.0,0.0,0.0
23,-0.15855258980110218,0.3713167158554201,-0.3043121380081173,Robins' estimator,0.75,0.8,3411,0.0,0.0,0.0
24,-0.3290412563046719,-0.18729582799328978,-0.3422606547562561,Robins' estimator,0.75,0.8,3411,0.0,0.0,0.0
25,0.027919654302659424,-0.41934460817747776,-0.17959384577995516,Robins' estimator,0.75,0.8,3411,0.0,0.0,0.0
26,-0.08236945797245668,-0.2836801792907659,-0.11101246571148765,Robins' estimator,0.75,0.8,3411,0.0,0.0,0.0
27,0.07922991070210153,0.1343092152156158,-0.10794520956147201,Robins' estimator,0.75,0.8,3411,0.0,0.0,0.0
28,-0.04672868838045257,0.2433913204991409,0.22969933037421927,Robins' estimator,0.75,0.8,3411,0.0,0.0,0.0
29,-0.26925017164866805,-0.2484150096981415,0.40051824754578436,Robins' estimator,0.75,0.8,3411,0.0,0.0,0.0
30,0.030979862098994695,0.25937177645229176,0.2706662674890787,Robins' estimator,0.75,0.8,3411,0.0,0.0,0.0
31,-0.10436492415490804,-0.07238520042630428,-0.2485590157726385,Robins' estimator,0.75,0.8,3411,0.0,0.0,0.0
32,-0.6692276586465329,-0.2519984323438406,-0.21064060252833838,Robins' estimator,0.75,0.8,3411,0.0,0.0,0.0
33,0.03403072908382642,-0.1884698408586422,0.16449590282739004,Robins' estimator,0.75,0.8,3411,0.0,0.0,0.0
34,-0.4650745515435303,0.13007220175538,-0.07565909827446732,Robins' estimator,0.75,0.8,3411,0.0,0.0,0.0
35,0.20089903516774518,-0.06426042269438076,-0.27164143110972433,Robins' estimator,0.75,0.8,3411,0.0,0.0,0.0
36,-0.2585129551115959,-0.14034782977373547,-0.10429586599145305,Robins' estimator,0.75,0.8,3411,0.0,0.0,0.0
37,0.1128006748962766,-0.2137791083564317,0.4835300180717345,Robins' estimator,0.75,0.8,3411,0.0,0.0,0.0
38,0.1699519778477506,0.14687763314679753,-0.024359183747805487,Robins' estimator,0.75,0.8,3411,0.0,0.0,0.0
39,-0.00022057707842499275,0.2725351712223244,0.21522771353055856,Robins' estimator,0.75,0.8,3411,0.0,0.0,0.0
40,-0.39528637630968166,0.20459122585157719,-0.32244223142920914,Robins' estimator,0.75,0.8,3411,0.0,0.0,0.0
41,0.5575540452279735,-0.01153739443934188,-0.021022781777019175,Robins' estimator,0.75,0.8,3411,0.0,0.0,0.0
42,-0.029549847047882834,-0.17038507035869166,-0.09634502139295323,Robins' estimator,0.75,0.8,3411,0.0,0.0,0.0
43,0.31435869460096316,-0.009882584014870077,0.09755096705913761,Robins' estimator,0.75,0.8,3411,0.0,0.0,0.0
44,0.3936745007127472,0.28884985726833795,0.05179579213255607,Robins' estimator,0.75,0.8,3411,0.0,0.0,0.0
45,-0.1897405539116921,-0.27790537135800436,0.11301313832798428,Robins' estimator,0.75,0.8,3411,0.0,0.0,0.0
46,0.09997935541738395,-0.10873896420416695,-0.04521882591081144,Robins' estimator,0.75,0.8,3411,0.0,0.0,0.0
47,0.1907511367245402,-0.10475833342559086,0.09973717719659782,Robins' estimator,0.75,0.8,3411,0.0,0.0,0.0
48,0.1602297247681735,0.4931347565664677,-0.25143903698372033,Robins' estimator,0.75,0.8,3411,0.0,0.0,0.0
49,-0.3603020323162499,-0.42754109712344696,0.21168765700131115,Robins' estimator,0.75,0.8,3411,0.0,0.0,0.0
50,0.6704910657055994,0.0036757114174405183,0.16953922214181824,Robins' estimator,0.75,0.8,3411,0.0,0.0,0.0
51,0.21721951906577866,0.44626023118088853,0.2360128213285347,Robins' estimator,0.75,0.8,3411,0.0,0.0,0.0
52,-0.03274354877629678,-0.33082115097656456,0.10123235876969747,Robins' estimator,0.75,0.8,3411,0.0,0.0,0.0
53,1.0842027806796566,0.02892308433630201,-0.30876738782512975,Robins' estimator,0.75,0.8,3411,0.0,0.0,0.0
54,0.05469031638617972,0.5044614318737862,0.592499968011808,Robins' estimator,0.75,0.8,3411,0.0,0.0,0.0
55,-0.006914454114568256,-0.3383796242131527,0.06434760721093372,Robins' estimator,0.75,0.8,3411,0.0,0.0,0.0
56,-0.2139088016275805,0.14418485065605233,-0.5314896586966135,Robins' estimator,0.75,0.8,3411,0.0,0.0,0.0
57,0.1862014306161931,0.13478664960396589,-0.1983600838839359,Robins' estimator,0.75,0.8,3411,0.0,0.0,0.0
58,-0.11876435900779646,0.007168061751663426,-0.28331767464517416,Robins' estimator,0.75,0.8,3411,0.0,0.0,0.0
59,-0.019578763190396354,0.14478552776283274,0.7216024155081087,Robins' estimator,0.75,0.8,3411,0.0,0.0,0.0
60,-0.2185816233783312,0.07328110213701478,0.17844199014764103,Robins' estimator,0.75,0.8,3411,0.0,0.0,0.0
61,-0.25449297380705893,0.024538920448594747,-0.26245323556731764,Robins' estimator,0.75,0.8,3411,0.0,0.0,0.0
62,-0.17941604722564738,0.2797604246062301,0.11350848866156532,Robins' estimator,0.75,0.8,3411,0.0,0.0,0.0
63,-0.33232152719538305,-0.37937268805793617,-0.19100733740727052,Robins' estimator,0.75,0.8,3411,0.0,0.0,0.0
64,-0.033102440745354914,0.3094923050829014,0.6509902010070715,Robins' estimator,0.75,0.8,3411,0.0,0.0,0.0
65,0.19340600978199554,0.20336279149490968,-0.07117059934814828,Robins' estimator,0.75,0.8,3411,0.0,0.0,0.0
66,0.2424852925380503,0.5250475358502443,-0.0025157095256931926,Robins' estimator,0.75,0.8,3411,0.0,0.0,0.0
67,0.047951439679944204,-0.1384524613771325,0.072611089640087,Robins' estimator,0.75,0.8,3411,0.0,0.0,0.0
68,0.1981371691317036,0.4566111036257606,0.10148343581550853,Robins' estimator,0.75,0.8,3411,0.0,0.0,0.0
69,-0.2911429056361818,-0.23202231039404383,-0.002630966653558375,Robins' estimator,0.75,0.8,3411,0.0,0.0,0.0
70,0.3462621326508287,0.40886383581076186,0.02724119160681564,Robins' estimator,0.75,0.8,3411,0.0,0.0,0.0
71,-0.11440956512167114,0.008507458991322648,-0.057558336334886356,Robins' estimator,0.75,0.8,3411,0.0,0.0,0.0
72,-0.5326201050011843,-0.33099405050218483,0.09481378542267017,Robins' estimator,0.75,0.8,3411,0.0,0.0,0.0
73,-0.6047064090730809,0.3468041885788239,-0.08147194577344097,Robins' estimator,0.75,0.8,3411,0.0,0.0,0.0
74,-0.32630951691019616,0.02176193676629257,-0.2605375992973604,Robins' estimator,0.75,0.8,3411,0.0,0.0,0.0
75,0.08747672777003165,0.08046513447039763,0.19464415138147922,Robins' estimator,0.75,0.8,3411,0.0,0.0,0.0
76,0.5635499145203614,0.5749369525808279,0.2647380282865477,Robins' estimator,0.75,0.8,3411,0.0,0.0,0.0
77,-0.002326109024088261,0.09370132413520266,-0.033812222597819235,Robins' estimator,0.75,0.8,3411,0.0,0.0,0.0
78,0.17307008745450503,-0.03823462099928572,0.0072735172742216464,Robins' estimator,0.75,0.8,3411,0.0,0.0,0.0
79,0.03179449650916877,0.17294357944981098,0.34831181177437603,Robins' estimator,0.75,0.8,3411,0.0,0.0,0.0
80,0.1463590745319547,0.017261217427844328,0.1999768066134197,Robins' estimator,0.75,0.8,3411,0.0,0.0,0.0
81,-0.319583122968167,-0.09775426754057431,0.30847628338899946,Robins' estimator,0.75,0.8,3411,0.0,0.0,0.0
82,-0.15281618714416761,-0.04603120648314473,0.2129180543675794,Robins' estimator,0.75,0.8,3411,0.0,0.0,0.0
83,0.06691281708924929,-0.3153511920473546,-0.2700744519575168,Robins' estimator,0.75,0.8,3411,0.0,0.0,0.0
84,-0.2767513360815275,-0.4304922765573834,-0.4050170531810276,Robins' estimator,0.75,0.8,3411,0.0,0.0,0.0
85,0.33030565369038756,0.30804816029540705,0.3895557838467803,Robins' estimator,0.75,0.8,3411,0.0,0.0,0.0
86,-0.11091699911910527,-0.3427340345967126,-0.6543958619933671,Robins' estimator,0.75,0.8,3411,0.0,0.0,0.0
87,0.31291494114053003,-0.02469455620347216,-0.12087491695849903,Robins' estimator,0.75,0.8,3411,0.0,0.0,0.0
88,0.04735813969764518,0.03451030141533952,0.5059413437920517,Robins' estimator,0.75,0.8,3411,0.0,0.0,0.0
89,-0.2553054366757277,-0.23728899222784142,0.24580338433029078,Robins' estimator,0.75,0.8,3411,0.0,0.0,0.0
90,0.6694811946420406,0.26541139814638803,0.13356202330050215,Robins' estimator,0.75,0.8,3411,0.0,0.0,0.0
91,0.003648728968340759,-0.19260396070696803,0.003386459974244658,Robins' estimator,0.75,0.8,3411,0.0,0.0,0.0
92,-0.24071726747779248,-0.05146106332470465,0.14723230425664816,Robins' estimator,0.75,0.8,3411,0.0,0.0,0.0
93,0.08594078310816021,0.14687400433600822,-0.005546400947695199,Robins' estimator,0.75,0.8,3411,0.0,0.0,0.0
94,-0.12555553723938334,0.10878478396422576,-0.10895065997787791,Robins' estimator,0.75,0.8,3411,0.0,0.0,0.0
95,0.0442614986083561,-0.38767413167087567,-0.22402269453962162,Robins' estimator,0.75,0.8,3411,0.0,0.0,0.0
96,0.17347974822920229,0.6848143883150684,0.14568942367429638,Robins' estimator,0.75,0.8,3411,0.0,0.0,0.0
97,0.09686003649745979,-0.3409321540589241,0.3830645108624979,Robins' estimator,0.75,0.8,3411,0.0,0.0,0.0
98,-0.09957642615579519,-0.2457458886395259,0.0843114244998667,Robins' estimator,0.75,0.8,3411,0.0,0.0,0.0
99,-0.3473584050432264,-0.38129624640747806,-0.04073031768267673,Robins' estimator,0.75,0.8,3411,0.0,0.0,0.0
100,0.01785260588789234,-0.285522615181676,0.11265283235882192,Robins' estimator,0.75,0.8,3411,0.0,0.0,0.0
1,0.00888128594935771,-0.16807876447068462,-0.0716044319740526,GMM estimator,0.75,0.8,3411,0.0,0.0,0.0
2,-0.5090114175150029,-0.2790408108153796,-0.2722209827267605,GMM estimator,0.75,0.8,3411,0.0,0.0,0.0
3,-0.48580884614806824,0.24739911629977543,-0.04771504379708638,GMM estimator,0.75,0.8,3411,0.0,0.0,0.0
4,0.04617936374117805,-0.06597310348721278,-0.048613439810479185,GMM estimator,0.75,0.8,3411,0.0,0.0,0.0
5,0.25199121915104294,-0.30192452885523735,0.12150343416521239,GMM estimator,0.75,0.8,3411,0.0,0.0,0.0
6,-0.0024139295129797095,-0.5585688986184287,-0.0005497254999435042,GMM estimator,0.75,0.8,3411,0.0,0.0,0.0
7,0.12489530254664155,-0.4742029385073251,-0.5797802292805759,GMM estimator,0.75,0.8,3411,0.0,0.0,0.0
8,-0.635828632151568,-0.025986604727908647,-0.13747885016470934,GMM estimator,0.75,0.8,3411,0.0,0.0,0.0
9,-0.31470124507598063,-0.24632776345001425,0.02138673032306264,GMM estimator,0.75,0.8,3411,0.0,0.0,0.0
10,0.3581017317848842,-0.19132977616900393,-0.4580601654762903,GMM estimator,0.75,0.8,3411,0.0,0.0,0.0
11,0.23238786603862335,0.3944006401498724,0.14531628261379537,GMM estimator,0.75,0.8,3411,0.0,0.0,0.0
12,-0.14090650079291034,0.1599130540393469,0.08079599997442903,GMM estimator,0.75,0.8,3411,0.0,0.0,0.0
13,0.2508169939458048,-0.06410961366009499,-0.046171420981238775,GMM estimator,0.75,0.8,3411,0.0,0.0,0.0
14,-0.13376250879999918,-0.12915784084930934,0.07489962147210708,GMM estimator,0.75,0.8,3411,0.0,0.0,0.0
15,0.057119747667522966,-0.05161330214542678,0.5305387715116127,GMM estimator,0.75,0.8,3411,0.0,0.0,0.0
16,0.6456932298057023,-0.07762903025684165,0.18551669555715755,GMM estimator,0.75,0.8,3411,0.0,0.0,0.0
17,-0.23937411815106566,-0.18809873027692617,0.025830024815753486,GMM estimator,0.75,0.8,3411,0.0,0.0,0.0
18,0.5624290263608174,-0.04359019540982481,0.4052911079370545,GMM estimator,0.75,0.8,3411,0.0,0.0,0.0
19,-0.19659908432354053,-0.15870332500259668,0.2113872329392174,GMM estimator,0.75,0.8,3411,0.0,0.0,0.0
20,-0.014407058655512159,-0.1070360897217433,0.03125609258002192,GMM estimator,0.75,0.8,3411,0.0,0.0,0.0
21,0.13591340868998508,-0.24988405335620145,0.35793377638460183,GMM estimator,0.75,0.8,3411,0.0,0.0,0.0
22,-0.07416470890050181,0.0058651024883423775,0.16058903136603225,GMM estimator,0.75,0.8,3411,0.0,0.0,0.0
23,-0.1576961281226986,0.3643499261645814,-0.2854389228627926,GMM estimator,0.75,0.8,3411,0.0,0.0,0.0
24,-0.3370582183839277,-0.23580663164097942,-0.39719945064554696,GMM estimator,0.75,0.8,3411,0.0,0.0,0.0
25,-0.04098821821888471,-0.5174693915627628,-0.2952493820948949,GMM estimator,0.75,0.8,3411,0.0,0.0,0.0
26,-0.10898539999302417,-0.31183704935735684,-0.1265649660581306,GMM estimator,0.75,0.8,3411,0.0,0.0,0.0
27,0.08962475651679241,0.13422310879195853,-0.09746701795351437,GMM estimator,0.75,0.8,3411,0.0,0.0,0.0
28,-0.06752134459953518,0.22945817844276992,0.21246046687741438,GMM estimator,0.75,0.8,3411,0.0,0.0,0.0
29,-0.26579012060684026,-0.3137609600167034,0.348207770770945,GMM estimator,0.75,0.8,3411,0.0,0.0,0.0
30,0.010313379516404497,0.25688213649309394,0.280685536682599,GMM estimator,0.75,0.8,3411,0.0,0.0,0.0
31,-0.20397837200927227,-0.12088875278422848,-0.2618757026639198,GMM estimator,0.75,0.8,3411,0.0,0.0,0.0
32,-0.6485235904238693,-0.2171014378908569,-0.14527127647420657,GMM estimator,0.75,0.8,3411,0.0,0.0,0.0
33,-0.08774181298016398,-0.3011723452555791,0.13699207592137005,GMM estimator,0.75,0.8,3411,0.0,0.0,0.0
34,-0.4768757615547219,0.10114478558032813,-0.07271357281544472,GMM estimator,0.75,0.8,3411,0.0,0.0,0.0
35,0.1152476959024966,-0.039801190285629826,-0.26504729925067083,GMM estimator,0.75,0.8,3411,0.0,0.0,0.0
36,-0.23876954186481086,-0.11645058037069313,-0.09289195841479236,GMM estimator,0.75,0.8,3411,0.0,0.0,0.0
37,0.054785837210195115,-0.3335833580730245,0.3399418403674508,GMM estimator,0.75,0.8,3411,0.0,0.0,0.0
38,0.017406691360333654,-0.07318366929459728,-0.13643510006551335,GMM estimator,0.75,0.8,3411,0.0,0.0,0.0
39,0.08914707392856502,0.2912794394284177,0.2696375135003567,GMM estimator,0.75,0.8,3411,0.0,0.0,0.0
40,-0.3570736582554974,0.26540971104225597,-0.288176378177194,GMM estimator,0.75,0.8,3411,0.0,0.0,0.0
41,0.6028900340921759,0.08492306008216574,0.061735262036327204,GMM estimator,0.75,0.8,3411,0.0,0.0,0.0
42,-0.06339459841935358,-0.20678791064291352,-0.10623719328558637,GMM estimator,0.75,0.8,3411,0.0,0.0,0.0
43,0.2922323423295947,-0.036232578787496486,0.13077943407359852,GMM estimator,0.75,0.8,3411,0.0,0.0,0.0
44,0.28557934201300605,0.22069049480224437,0.014414547072120351,GMM estimator,0.75,0.8,3411,0.0,0.0,0.0
45,-0.25170279393243133,-0.36520083063891884,0.050822998805304345,GMM estimator,0.75,0.8,3411,0.0,0.0,0.0
46,0.10763210302049038,-0.09628602391747218,0.06202463988613366,GMM estimator,0.75,0.8,3411,0.0,0.0,0.0
47,0.1594384381909725,-0.14108804416433066,0.09559413673347816,GMM estimator,0.75,0.8,3411,0.0,0.0,0.0
48,0.1814042751444257,0.5057819425932812,-0.24241803991708905,GMM estimator,0.75,0.8,3411,0.0,0.0,0.0
49,-0.41584562628968674,-0.4545667645132542,0.18453842082172,GMM estimator,0.75,0.8,3411,0.0,0.0,0.0
50,0.6289470328592701,-0.03338108592212463,0.17117115849882494,GMM estimator,0.75,0.8,3411,0.0,0.0,0.0
51,0.2285894918778364,0.442365463416845,0.2602013982543706,GMM estimator,0.75,0.8,3411,0.0,0.0,0.0
52,0.0003365106366704021,-0.4028690824734841,0.225473124749968,GMM estimator,0.75,0.8,3411,0.0,0.0,0.0
53,1.0290151969388424,0.0015815183667863275,-0.3273246746223658,GMM estimator,0.75,0.8,3411,0.0,0.0,0.0
54,-0.023113544156165382,0.47002162323762586,0.614858066978417,GMM estimator,0.75,0.8,3411,0.0,0.0,0.0
55,-0.08498244798118307,-0.42950869473727366,0.004797379291946624,GMM estimator,0.75,0.8,3411,0.0,0.0,0.0
56,-0.2047268426446509,0.15443995962826224,-0.5112118931670179,GMM estimator,0.75,0.8,3411,0.0,0.0,0.0
57,0.17762232841750814,0.14137588761830575,-0.2016057683288448,GMM estimator,0.75,0.8,3411,0.0,0.0,0.0
58,-0.10499442775500308,0.017835998960787636,-0.27512083583518365,GMM estimator,0.75,0.8,3411,0.0,0.0,0.0
59,-0.02047410718720155,0.1298550794373105,0.6665069770412075,GMM estimator,0.75,0.8,3411,0.0,0.0,0.0
60,-0.2835161371794188,0.024117906225451624,0.13144173891406533,GMM estimator,0.75,0.8,3411,0.0,0.0,0.0
61,-0.21583030815795612,0.1147458698640984,-0.20719162303996166,GMM estimator,0.75,0.8,3411,0.0,0.0,0.0
62,-0.19047094879396612,0.2320314696305253,0.09893201008311298,GMM estimator,0.75,0.8,3411,0.0,0.0,0.0
63,-0.324240745352316,-0.3231476650133396,-0.15188795121244164,GMM estimator,0.75,0.8,3411,0.0,0.0,0.0
64,-0.05045429979759822,0.2269855526534093,0.5983003043263588,GMM estimator,0.75,0.8,3411,0.0,0.0,0.0
65,0.14498547579740442,0.09906307470003214,-0.08572235646066259,GMM estimator,0.75,0.8,3411,0.0,0.0,0.0
66,0.17206405277166617,0.4069088188408736,-0.029501038597414597,GMM estimator,0.75,0.8,3411,0.0,0.0,0.0
67,0.035407668458265915,-0.13066060282906428,0.08816575218346212,GMM estimator,0.75,0.8,3411,0.0,0.0,0.0
68,0.12918795113945158,0.4125983838023182,-0.0903175591482685,GMM estimator,0.75,0.8,3411,0.0,0.0,0.0
69,-0.32677348964188535,-0.3230560573824627,-0.046044714150464114,GMM estimator,0.75,0.8,3411,0.0,0.0,0.0
70,0.2671473272150312,0.26816137472487833,-0.11338466295303051,GMM estimator,0.75,0.8,3411,0.0,0.0,0.0
71,-0.13380304106404575,-0.002053965038301707,-0.06380520501562517,GMM estimator,0.75,0.8,3411,0.0,0.0,0.0
72,-0.562407223025249,-0.3532768332971222,0.1084811270017988,GMM estimator,0.75,0.8,3411,0.0,0.0,0.0
73,-0.6211373251118617,0.32688587714648587,-0.13933257274483787,GMM estimator,0.75,0.8,3411,0.0,0.0,0.0
74,-0.3438860073298755,-0.05888179310607805,-0.28094719762177767,GMM estimator,0.75,0.8,3411,0.0,0.0,0.0
75,0.062044636047179254,0.12263733175156694,0.1927364522775924,GMM estimator,0.75,0.8,3411,0.0,0.0,0.0
76,0.5522343716303746,0.4486995508589897,0.1417712466689,GMM estimator,0.75,0.8,3411,0.0,0.0,0.0
77,-0.004766831768951693,0.07858792675222426,-0.06190610579789073,GMM estimator,0.75,0.8,3411,0.0,0.0,0.0
78,0.17925970295122645,-0.03829997067045797,-0.05286115643578567,GMM estimator,0.75,0.8,3411,0.0,0.0,0.0
79,0.002054522605531947,0.12916924405558347,0.3455386633534895,GMM estimator,0.75,0.8,3411,0.0,0.0,0.0
80,0.1471290280994221,-0.005014415463763817,0.27125267914746076,GMM estimator,0.75,0.8,3411,0.0,0.0,0.0
81,-0.3233583342850915,-0.1086978799973001,0.29738068691707575,GMM estimator,0.75,0.8,3411,0.0,0.0,0.0
82,-0.14358334027997757,-0.04712123846287748,0.22101718436808956,GMM estimator,0.75,0.8,3411,0.0,0.0,0.0
83,0.011407475164685432,-0.27811463286082877,-0.23526231267010675,GMM estimator,0.75,0.8,3411,0.0,0.0,0.0
84,-0.30034359952044737,-0.4601618149963693,-0.4679490816202708,GMM estimator,0.75,0.8,3411,0.0,0.0,0.0
85,0.3221811124877855,0.3206481988100758,0.42799898849812423,GMM estimator,0.75,0.8,3411,0.0,0.0,0.0
86,-0.08951536492195342,-0.32914735488054664,-0.6173221745797061,GMM estimator,0.75,0.8,3411,0.0,0.0,0.0
87,0.1835725032709441,-0.19151635750398074,-0.2422192446815262,GMM estimator,0.75,0.8,3411,0.0,0.0,0.0
88,-0.0159800853381961,-0.09758562844018837,0.4290518865073662,GMM estimator,0.75,0.8,3411,0.0,0.0,0.0
89,-0.25743242210151757,-0.22246402474719656,0.26505831762786536,GMM estimator,0.75,0.8,3411,0.0,0.0,0.0
90,0.6263625121643707,0.26148264405317007,0.1253185086936212,GMM estimator,0.75,0.8,3411,0.0,0.0,0.0
91,0.03722137186567637,-0.1339740511668581,0.07430613498276542,GMM estimator,0.75,0.8,3411,0.0,0.0,0.0
92,-0.2622788563767354,-0.06455102997778646,0.15731960254708352,GMM estimator,0.75,0.8,3411,0.0,0.0,0.0
93,0.09962010791445235,0.16926456608774415,0.021836374658373847,GMM estimator,0.75,0.8,3411,0.0,0.0,0.0
94,-0.15817898681088632,0.06762141908355065,-0.13690038524252662,GMM estimator,0.75,0.8,3411,0.0,0.0,0.0
95,0.11380727833526706,-0.3100626097062228,-0.17710694190863469,GMM estimator,0.75,0.8,3411,0.0,0.0,0.0
96,0.17854811934835813,0.6702473035218827,0.1629208550346737,GMM estimator,0.75,0.8,3411,0.0,0.0,0.0
97,0.051376569993185364,-0.33942152585084584,0.3573349857723694,GMM estimator,0.75,0.8,3411,0.0,0.0,0.0
98,-0.21059549166789773,-0.3207468284291675,0.02895334595379715,GMM estimator,0.75,0.8,3411,0.0,0.0,0.0
99,-0.31654703066219925,-0.45230597777756504,-0.0007635309673031179,GMM estimator,0.75,0.8,3411,0.0,0.0,0.0
100,-0.0010152357119979083,-0.30174398483289455,0.09033325589020821,GMM estimator,0.75,0.8,3411,0.0,0.0,0.0
1,-0.08278747438277098,-0.040348506892627416,-0.023462849890069068,Three-step,1.0,0.8,3411,0.0,0.0,0.0
2,-0.31007360020523245,-0.5777383927475813,-0.4485617947917455,Three-step,1.0,0.8,3411,0.0,0.0,0.0
3,-0.4563152804061617,-0.06320965950573088,-0.10024207258351378,Three-step,1.0,0.8,3411,0.0,0.0,0.0
4,-0.04197140135634327,0.10205541198175908,0.06629958132042439,Three-step,1.0,0.8,3411,0.0,0.0,0.0
5,0.27442838869107783,-0.3372090891350833,0.18744304428145134,Three-step,1.0,0.8,3411,0.0,0.0,0.0
6,-0.021335965563811666,-0.2616865440389179,-0.024818473518991017,Three-step,1.0,0.8,3411,0.0,0.0,0.0
7,0.4272095361028635,-0.5129859101818846,-0.2725721549480035,Three-step,1.0,0.8,3411,0.0,0.0,0.0
8,-0.6286150833634772,-0.021560873726774475,0.10191849808206914,Three-step,1.0,0.8,3411,0.0,0.0,0.0
9,-0.33950114473699483,-0.15455008533448442,-0.02869023425553597,Three-step,1.0,0.8,3411,0.0,0.0,0.0
10,0.26290495405751185,-0.16438597143634456,-0.3225248767074151,Three-step,1.0,0.8,3411,0.0,0.0,0.0
11,0.22306438764403558,0.29843233508927197,-0.01731530408076638,Three-step,1.0,0.8,3411,0.0,0.0,0.0
12,-0.07927913911547964,0.24301327093266234,0.10980340123237857,Three-step,1.0,0.8,3411,0.0,0.0,0.0
13,0.29115050150490057,0.31488424331264053,0.12264706879761197,Three-step,1.0,0.8,3411,0.0,0.0,0.0
14,-0.05943366870476522,-0.09590117392271512,0.10498496205866774,Three-step,1.0,0.8,3411,0.0,0.0,0.0
15,0.1114995653756866,0.09416353691827492,0.5034273205338976,Three-step,1.0,0.8,3411,0.0,0.0,0.0
16,0.6470982538454628,-0.06197434799733164,0.15007522134085016,Three-step,1.0,0.8,3411,0.0,0.0,0.0
17,-0.26235489841660664,-0.1428066069943061,0.03634481639631135,Three-step,1.0,0.8,3411,0.0,0.0,0.0
18,0.4547168884298183,0.2650423556232039,0.46145677007599134,Three-step,1.0,0.8,3411,0.0,0.0,0.0
19,-0.007774963195361218,-0.21415568593076528,0.3088327850651204,Three-step,1.0,0.8,3411,0.0,0.0,0.0
20,-0.07916378569562059,-0.012658422951699153,-0.25735912519754267,Three-step,1.0,0.8,3411,0.0,0.0,0.0
21,0.41614454399672873,-0.20964415383915277,0.45569330166035066,Three-step,1.0,0.8,3411,0.0,0.0,0.0
22,-0.1649554029618101,0.11376465481799426,0.178391698234424,Three-step,1.0,0.8,3411,0.0,0.0,0.0
23,-0.18155072052790455,0.3005307577747504,-0.2089738693766593,Three-step,1.0,0.8,3411,0.0,0.0,0.0
24,-0.2684875201892314,-0.3246711954327337,-0.10626543526644863,Three-step,1.0,0.8,3411,0.0,0.0,0.0
25,0.05482712100134993,-0.21052614606416906,-0.11883384687673239,Three-step,1.0,0.8,3411,0.0,0.0,0.0
26,-0.06490974464604533,-0.25677087268673754,0.04041216813594451,Three-step,1.0,0.8,3411,0.0,0.0,0.0
27,0.07682695321799839,0.14369318379109206,0.002869282880800598,Three-step,1.0,0.8,3411,0.0,0.0,0.0
28,0.003771892811604346,0.11996553710092712,0.35418784226532174,Three-step,1.0,0.8,3411,0.0,0.0,0.0
29,-0.2621701537863158,-0.2241784069660789,0.12198878277795643,Three-step,1.0,0.8,3411,0.0,0.0,0.0
30,-0.01873377570655689,0.49345502582077044,0.4600108055699164,Three-step,1.0,0.8,3411,0.0,0.0,0.0
31,0.001151178670237411,-0.13642620551564796,-0.32431039091230357,Three-step,1.0,0.8,3411,0.0,0.0,0.0
32,-0.7303585800756476,-0.25019633728111934,-0.07135450284565029,Three-step,1.0,0.8,3411,0.0,0.0,0.0
33,0.1590819504566802,-0.2512881561892332,0.05576800399068195,Three-step,1.0,0.8,3411,0.0,0.0,0.0
34,-0.47302602375390096,-0.08543613775460315,0.1402103087422313,Three-step,1.0,0.8,3411,0.0,0.0,0.0
35,0.05046516666241098,0.15273166955374493,-0.3181680753897157,Three-step,1.0,0.8,3411,0.0,0.0,0.0
36,-0.3356602098457203,-0.1458521603103716,-0.32076475227353896,Three-step,1.0,0.8,3411,0.0,0.0,0.0
37,0.12653603169515723,-0.2811791641526688,0.172715371049099,Three-step,1.0,0.8,3411,0.0,0.0,0.0
38,0.3113220248223032,0.41119054035922065,-0.01422216594009441,Three-step,1.0,0.8,3411,0.0,0.0,0.0
39,-0.046999782734167765,0.19864655562244538,0.16839977050045288,Three-step,1.0,0.8,3411,0.0,0.0,0.0
40,-0.4641254536494706,-0.11749139618604063,-0.3370637637377368,Three-step,1.0,0.8,3411,0.0,0.0,0.0
41,0.35862069773625727,-0.06186504704048123,-0.1350631536165074,Three-step,1.0,0.8,3411,0.0,0.0,0.0
42,-0.017729402355226492,-0.1528379661066506,-0.10293874721110557,Three-step,1.0,0.8,3411,0.0,0.0,0.0
43,0.36283875495334583,-0.16550454884519905,0.020651583429693587,Three-step,1.0,0.8,3411,0.0,0.0,0.0
44,0.5448602375926114,0.0698367009392427,0.14173117532506035,Three-step,1.0,0.8,3411,0.0,0.0,0.0
45,-0.13240273339619657,-0.09224057376912408,0.06552045278141241,Three-step,1.0,0.8,3411,0.0,0.0,0.0
46,0.08115055793941729,-0.09118280111288776,-0.15008948699429536,Three-step,1.0,0.8,3411,0.0,0.0,0.0
47,0.23414003848778403,-0.19215671414851576,0.015264302224709004,Three-step,1.0,0.8,3411,0.0,0.0,0.0
48,0.14268484108312937,0.3482949758060986,-0.180197488565547,Three-step,1.0,0.8,3411,0.0,0.0,0.0
49,-0.2854415940607961,-0.39258300708375804,0.14681503007531468,Three-step,1.0,0.8,3411,0.0,0.0,0.0
50,0.7842792398413287,0.011491011954639824,0.3411952540320886,Three-step,1.0,0.8,3411,0.0,0.0,0.0
51,0.20856600598693173,0.3922755677886672,0.2513615648530225,Three-step,1.0,0.8,3411,0.0,0.0,0.0
52,-0.1174249500223853,-0.26774804977699795,0.21077664629339676,Three-step,1.0,0.8,3411,0.0,0.0,0.0
53,1.094448251855243,0.12423358616026005,-0.00897509459017679,Three-step,1.0,0.8,3411,0.0,0.0,0.0
54,-0.028313036631097716,0.4244708090386765,0.3604020651946284,Three-step,1.0,0.8,3411,0.0,0.0,0.0
55,0.0951616081763969,-0.1444511116852643,0.016498591363985113,Three-step,1.0,0.8,3411,0.0,0.0,0.0
56,-0.21631212533305183,-0.13817982176751245,-0.5550637410089851,Three-step,1.0,0.8,3411,0.0,0.0,0.0
57,0.16740932010456505,0.3039610792132386,-0.20183727521326694,Three-step,1.0,0.8,3411,0.0,0.0,0.0
58,-0.13555971473130665,-0.06588354866244366,-0.4239552681298359,Three-step,1.0,0.8,3411,0.0,0.0,0.0
59,0.03387371891966222,0.09323451774242186,0.5455310219704013,Three-step,1.0,0.8,3411,0.0,0.0,0.0
60,-0.28315868767266184,0.1458617152520466,0.15056219576014185,Three-step,1.0,0.8,3411,0.0,0.0,0.0
61,-0.3537716498233819,0.0045457468809665105,-0.27744976677145505,Three-step,1.0,0.8,3411,0.0,0.0,0.0
62,-0.21826886607320034,-0.12952763342159063,0.05514451035691619,Three-step,1.0,0.8,3411,0.0,0.0,0.0
63,-0.4185659924596333,-0.12017787776272398,-0.381330248175018,Three-step,1.0,0.8,3411,0.0,0.0,0.0
64,-0.057976578991982566,0.4095894712612295,0.433626891828509,Three-step,1.0,0.8,3411,0.0,0.0,0.0
65,0.11741202200828849,0.2963027513414254,-0.04689377896159335,Three-step,1.0,0.8,3411,0.0,0.0,0.0
66,0.05847243797172028,0.4278687292477748,-0.12204639714595954,Three-step,1.0,0.8,3411,0.0,0.0,0.0
67,-0.0134656729895635,-0.03997069075418545,0.26775940791710584,Three-step,1.0,0.8,3411,0.0,0.0,0.0
68,0.31691807821925094,0.5177656289299181,0.30516580151928413,Three-step,1.0,0.8,3411,0.0,0.0,0.0
69,-0.24822573415542254,0.0538923095058618,-0.12106417204655763,Three-step,1.0,0.8,3411,0.0,0.0,0.0
70,0.32949424042280945,0.3875468044006203,-0.019037058556460873,Three-step,1.0,0.8,3411,0.0,0.0,0.0
71,-0.07450252244753167,-0.06649579881272474,-0.32039656068491945,Three-step,1.0,0.8,3411,0.0,0.0,0.0
72,-0.5439694705867446,-0.3224770337481926,-0.08722500959472697,Three-step,1.0,0.8,3411,0.0,0.0,0.0
73,-0.6217894680772449,0.1600089547449771,-0.08444328955187608,Three-step,1.0,0.8,3411,0.0,0.0,0.0
74,-0.28698908474028334,-0.10599193789731023,-0.19517950165515136,Three-step,1.0,0.8,3411,0.0,0.0,0.0
75,-0.01158299017499222,0.08816858777322449,0.19329540409916313,Three-step,1.0,0.8,3411,0.0,0.0,0.0
76,0.5452979019774101,0.6353540585853074,0.2586015208219311,Three-step,1.0,0.8,3411,0.0,0.0,0.0
77,-9.644307826249108e-05,0.008324838439782016,0.07169649186423738,Three-step,1.0,0.8,3411,0.0,0.0,0.0
78,0.12532158440465552,-0.014670309218387198,-0.14180916834990767,Three-step,1.0,0.8,3411,0.0,0.0,0.0
79,0.006682052459816452,-0.055039679170377845,0.2844476510835836,Three-step,1.0,0.8,3411,0.0,0.0,0.0
80,0.0341984276936494,-0.013361790332989908,0.009212271172124397,Three-step,1.0,0.8,3411,0.0,0.0,0.0
81,-0.3307289262203617,-0.10177551932775726,0.35400612350967736,Three-step,1.0,0.8,3411,0.0,0.0,0.0
82,-0.12852021392828333,0.18391767425792374,0.08350662317638272,Three-step,1.0,0.8,3411,0.0,0.0,0.0
83,-0.11337859680250988,-0.26756079344245065,-0.19828286702938158,Three-step,1.0,0.8,3411,0.0,0.0,0.0
84,-0.2549461779786253,-0.22902229520880224,-0.41347725795999796,Three-step,1.0,0.8,3411,0.0,0.0,0.0
85,0.3976886935202929,0.14987846159830576,0.20412099343691964,Three-step,1.0,0.8,3411,0.0,0.0,0.0
86,-0.13671146752902008,-0.2972797829505775,-0.4734706345718818,Three-step,1.0,0.8,3411,0.0,0.0,0.0
87,0.28160112480481797,0.04987643311776064,-0.13147247866680206,Three-step,1.0,0.8,3411,0.0,0.0,0.0
88,0.13451365554584338,-0.013958106899915458,0.28724834521389564,Three-step,1.0,0.8,3411,0.0,0.0,0.0
89,-0.35381791867972234,-0.21675823236263667,0.1517312314657739,Three-step,1.0,0.8,3411,0.0,0.0,0.0
90,0.7284517404643589,0.15739774671622805,-0.03324044643048444,Three-step,1.0,0.8,3411,0.0,0.0,0.0
91,-0.12536853185785163,-0.4546323075477331,0.03980695991112439,Three-step,1.0,0.8,3411,0.0,0.0,0.0
92,-0.18919069004279157,-0.15629384718662526,0.12430365408330148,Three-step,1.0,0.8,3411,0.0,0.0,0.0
93,0.1078030027155759,0.4947521690104129,0.035553238249340494,Three-step,1.0,0.8,3411,0.0,0.0,0.0
94,-0.08800700509482373,0.0003260444242266166,-0.19586951105653744,Three-step,1.0,0.8,3411,0.0,0.0,0.0
95,-0.053506982083014513,-0.13298866948847748,-0.15798447841359292,Three-step,1.0,0.8,3411,0.0,0.0,0.0
96,0.09451700826596196,0.5658458017707344,0.3058100604396615,Three-step,1.0,0.8,3411,0.0,0.0,0.0
97,-0.021838151108330636,0.14163117027286176,0.24002224736037125,Three-step,1.0,0.8,3411,0.0,0.0,0.0
98,-0.24411737931456748,-0.12054794007043496,0.17820789509359986,Three-step,1.0,0.8,3411,0.0,0.0,0.0
99,-0.31874901286909885,-0.40705372515017835,0.060606064410980355,Three-step,1.0,0.8,3411,0.0,0.0,0.0
100,-0.033724027046759225,-0.21604327478045146,-0.08860214662015839,Three-step,1.0,0.8,3411,0.0,0.0,0.0
1,0.016433858138477666,-0.026314867603304645,-0.023462849890022657,Robins' estimator,1.0,0.8,3411,0.0,0.0,0.0
2,-0.40201369944568693,-0.46835538000530264,-0.44856179456306067,Robins' estimator,1.0,0.8,3411,0.0,0.0,0.0
3,-0.4421687849486287,-0.034965274752332604,-0.10024207258399397,Robins' estimator,1.0,0.8,3411,0.0,0.0,0.0
4,0.06855502663008067,-0.008607376176339337,0.06629958132050291,Robins' estimator,1.0,0.8,3411,0.0,0.0,0.0
5,0.24712720184825573,-0.3630272878406824,0.18744304428154546,Robins' estimator,1.0,0.8,3411,0.0,0.0,0.0
6,0.026374828966428992,-0.31606799690107457,-0.024818473519965436,Robins' estimator,1.0,0.8,3411,0.0,0.0,0.0
7,0.25281556438261193,-0.446145438270286,-0.2725721549480494,Robins' estimator,1.0,0.8,3411,0.0,0.0,0.0
8,-0.6315828918523394,-0.02662222892681167,0.101918498083364,Robins' estimator,1.0,0.8,3411,0.0,0.0,0.0
9,-0.3355095139794985,-0.11937974958346069,-0.028690234255547193,Robins' estimator,1.0,0.8,3411,0.0,0.0,0.0
10,0.25545605635235336,0.0008707107864682219,-0.32252487670732466,Robins' estimator,1.0,0.8,3411,0.0,0.0,0.0
11,0.21773898567331296,0.3373450785018945,-0.01731530408076533,Robins' estimator,1.0,0.8,3411,0.0,0.0,0.0
12,-0.11111525488340018,0.21321848892499762,0.1098034012369237,Robins' estimator,1.0,0.8,3411,0.0,0.0,0.0
13,0.19974131061203423,0.2457545933638932,0.12264706874401961,Robins' estimator,1.0,0.8,3411,0.0,0.0,0.0
14,-0.12186738865137146,-0.1567220625780838,0.10498496205666841,Robins' estimator,1.0,0.8,3411,0.0,0.0,0.0
15,0.07100667441868909,0.04669596304446762,0.5034273205307629,Robins' estimator,1.0,0.8,3411,0.0,0.0,0.0
16,0.56157994617458,0.11903984313808674,0.150075221339998,Robins' estimator,1.0,0.8,3411,0.0,0.0,0.0
17,-0.21289401281924225,-0.17137648598950309,0.036344816396310646,Robins' estimator,1.0,0.8,3411,0.0,0.0,0.0
18,0.4996829975654644,0.18298331134057327,0.46145677003296554,Robins' estimator,1.0,0.8,3411,0.0,0.0,0.0
19,-0.13809754340341196,-0.10840278234331531,0.30883278506511996,Robins' estimator,1.0,0.8,3411,0.0,0.0,0.0
20,-0.07736314135112109,-0.036224699627505214,-0.2573591251974171,Robins' estimator,1.0,0.8,3411,0.0,0.0,0.0
21,0.3207197640661506,-0.2585716542669808,0.4556933016603434,Robins' estimator,1.0,0.8,3411,0.0,0.0,0.0
22,0.06150233823454839,0.06374050049129124,0.17839169824726595,Robins' estimator,1.0,0.8,3411,0.0,0.0,0.0
23,-0.14636364621670056,0.3648587192692263,-0.20897386937653492,Robins' estimator,1.0,0.8,3411,0.0,0.0,0.0
24,-0.2646499974669614,-0.32109411965058027,-0.10626543526460215,Robins' estimator,1.0,0.8,3411,0.0,0.0,0.0
25,0.017977071981068446,-0.35630275314147025,-0.1188338468782312,Robins' estimator,1.0,0.8,3411,0.0,0.0,0.0
26,-0.09539619828900767,-0.2561210585577633,0.04041216813588318,Robins' estimator,1.0,0.8,3411,0.0,0.0,0.0
27,0.052347695213388314,0.20535208554177617,0.0028692828808005795,Robins' estimator,1.0,0.8,3411,0.0,0.0,0.0
28,-0.04351487729259777,0.04322665968181855,0.3541878422681078,Robins' estimator,1.0,0.8,3411,0.0,0.0,0.0
29,-0.18204015938553345,-0.2979129479336881,0.12198878277759871,Robins' estimator,1.0,0.8,3411,0.0,0.0,0.0
30,0.07890354055048321,0.29639505924393555,0.4600108055676931,Robins' estimator,1.0,0.8,3411,0.0,0.0,0.0
31,-0.1725071636145251,-0.06789218987744178,-0.324310390909686,Robins' estimator,1.0,0.8,3411,0.0,0.0,0.0
32,-0.5955107132757633,-0.27303755619303594,-0.07135450284555886,Robins' estimator,1.0,0.8,3411,0.0,0.0,0.0
33,0.003587010810476922,-0.08759359215488752,0.05576800398986924,Robins' estimator,1.0,0.8,3411,0.0,0.0,0.0
34,-0.40798008191953516,-0.20303796705046398,0.14021030872971876,Robins' estimator,1.0,0.8,3411,0.0,0.0,0.0
35,0.2187353084133168,0.001031370092667863,-0.3181680753892629,Robins' estimator,1.0,0.8,3411,0.0,0.0,0.0
36,-0.2094083188253534,-0.30157896862881484,-0.32076475227837614,Robins' estimator,1.0,0.8,3411,0.0,0.0,0.0
37,0.19408530239413066,-0.33674019859690735,0.17271537101817822,Robins' estimator,1.0,0.8,3411,0.0,0.0,0.0
38,0.20786891625495962,0.3038763885764795,-0.01422216594009263,Robins' estimator,1.0,0.8,3411,0.0,0.0,0.0
39,0.032216547080984016,0.1751650463974325,0.16839977049923083,Robins' estimator,1.0,0.8,3411,0.0,0.0,0.0
40,-0.33691173465941293,-0.14610757600478208,-0.3370637637427304,Robins' estimator,1.0,0.8,3411,0.0,0.0,0.0
41,0.45668352622013053,-0.12251825222399934,-0.13506315361606522,Robins' estimator,1.0,0.8,3411,0.0,0.0,0.0
42,-0.034056584163539745,-0.08031671403998676,-0.10293874721110396,Robins' estimator,1.0,0.8,3411,0.0,0.0,0.0
43,0.28132510084436896,-0.19269948558030267,0.02065158342969455,Robins' estimator,1.0,0.8,3411,0.0,0.0,0.0
44,0.3124935170279547,0.1914377899306264,0.14173117532379345,Robins' estimator,1.0,0.8,3411,0.0,0.0,0.0
45,-0.2506438522942101,-0.038172110642023666,0.06552045278226826,Robins' estimator,1.0,0.8,3411,0.0,0.0,0.0
46,0.03916425532303971,0.02923714263803486,-0.15008948699375868,Robins' estimator,1.0,0.8,3411,0.0,0.0,0.0
47,0.19822014758214115,-0.18835924546160607,0.015264302224708428,Robins' estimator,1.0,0.8,3411,0.0,0.0,0.0
48,0.16035374832656624,0.3445134094581338,-0.18019748856540738,Robins' estimator,1.0,0.8,3411,0.0,0.0,0.0
49,-0.39429941058836016,-0.4005484267211853,0.14681503007390634,Robins' estimator,1.0,0.8,3411,0.0,0.0,0.0
50,0.6861034557298133,0.04511706826866892,0.34119525403177703,Robins' estimator,1.0,0.8,3411,0.0,0.0,0.0
51,0.2032915042544512,0.4714765567474435,0.25136156485241695,Robins' estimator,1.0,0.8,3411,0.0,0.0,0.0
52,-0.1689440474759998,-0.1824290823790483,0.2107766462933954,Robins' estimator,1.0,0.8,3411,0.0,0.0,0.0
53,0.969221650246093,0.07869964342698707,-0.008975094590173652,Robins' estimator,1.0,0.8,3411,0.0,0.0,0.0
54,0.03827457820451843,0.3524060626884833,0.3604020651936456,Robins' estimator,1.0,0.8,3411,0.0,0.0,0.0
55,-0.07650967849513265,-0.08255491631742055,0.01649859136398359,Robins' estimator,1.0,0.8,3411,0.0,0.0,0.0
56,-0.1714278739320065,-0.15224947414027395,-0.5550637409775186,Robins' estimator,1.0,0.8,3411,0.0,0.0,0.0
57,0.1876300965141329,0.19119851129727897,-0.20183727521326114,Robins' estimator,1.0,0.8,3411,0.0,0.0,0.0
58,-0.09791025541446646,-0.024969739816762072,-0.4239552681290266,Robins' estimator,1.0,0.8,3411,0.0,0.0,0.0
59,0.0198075383905691,0.11125938206276642,0.545531021971364,Robins' estimator,1.0,0.8,3411,0.0,0.0,0.0
60,-0.1416637764899574,0.06610052973102847,0.1505621957619307,Robins' estimator,1.0,0.8,3411,0.0,0.0,0.0
61,-0.21000091005220894,-0.0007695557094257713,-0.2774497667715725,Robins' estimator,1.0,0.8,3411,0.0,0.0,0.0
62,-0.08928478546988988,-0.1492816901080644,0.05514451035770737,Robins' estimator,1.0,0.8,3411,0.0,0.0,0.0
63,-0.3290689454175804,-0.27594279684190925,-0.3813302481831816,Robins' estimator,1.0,0.8,3411,0.0,0.0,0.0
64,-0.037010007433713334,0.31113111851382347,0.43362689182871633,Robins' estimator,1.0,0.8,3411,0.0,0.0,0.0
65,0.15137433146963014,0.20940440215287418,-0.0468937789616071,Robins' estimator,1.0,0.8,3411,0.0,0.0,0.0
66,0.25768173359609964,0.27014335210871976,-0.12204639714810772,Robins' estimator,1.0,0.8,3411,0.0,0.0,0.0
67,-0.0028491842172496,-0.02728911043170424,0.267759407916799,Robins' estimator,1.0,0.8,3411,0.0,0.0,0.0
68,0.2617033135922804,0.41509268380621234,0.3051658015013165,Robins' estimator,1.0,0.8,3411,0.0,0.0,0.0
69,-0.34047276537844956,0.036710870854629034,-0.1210641720493119,Robins' estimator,1.0,0.8,3411,0.0,0.0,0.0
70,0.3041378047307129,0.2712553672431177,-0.01903705855646089,Robins' estimator,1.0,0.8,3411,0.0,0.0,0.0
71,-0.08718427824868358,-0.08301918240243208,-0.320396560682504,Robins' estimator,1.0,0.8,3411,0.0,0.0,0.0
72,-0.45834277443079136,-0.36518713470298625,-0.08722500959464737,Robins' estimator,1.0,0.8,3411,0.0,0.0,0.0
73,-0.5387629411548405,0.23658060138477047,-0.08444328955184914,Robins' estimator,1.0,0.8,3411,0.0,0.0,0.0
74,-0.30544024150024335,-0.06632945270544773,-0.1951795016553439,Robins' estimator,1.0,0.8,3411,0.0,0.0,0.0
75,0.09854233181089704,0.07003389676373946,0.19329540409879808,Robins' estimator,1.0,0.8,3411,0.0,0.0,0.0
76,0.5032950712294708,0.5399925590470684,0.2586015208219127,Robins' estimator,1.0,0.8,3411,0.0,0.0,0.0
77,-0.01719508504861095,-0.039389914864627416,0.07169649186419018,Robins' estimator,1.0,0.8,3411,0.0,0.0,0.0
78,0.17796206009334353,0.025441737618958175,-0.14180916834988463,Robins' estimator,1.0,0.8,3411,0.0,0.0,0.0
79,0.07579289243490338,-0.14921342688190456,0.28444765109495196,Robins' estimator,1.0,0.8,3411,0.0,0.0,0.0
80,0.08663597335458313,-0.028463545019567577,0.009212271172129761,Robins' estimator,1.0,0.8,3411,0.0,0.0,0.0
81,-0.28817974826251147,-0.06845426915555661,0.3540061235096395,Robins' estimator,1.0,0.8,3411,0.0,0.0,0.0
82,-0.15686860581172685,0.17532665049058946,0.08350662317306447,Robins' estimator,1.0,0.8,3411,0.0,0.0,0.0
83,0.034586065584198786,-0.2990160921071186,-0.1982828669975052,Robins' estimator,1.0,0.8,3411,0.0,0.0,0.0
84,-0.21634087268008087,-0.28909363312202224,-0.4134772579106704,Robins' estimator,1.0,0.8,3411,0.0,0.0,0.0
85,0.3901645383087907,0.2066408250944744,0.20412099341688855,Robins' estimator,1.0,0.8,3411,0.0,0.0,0.0
86,-0.08337788442725859,-0.27144483156599475,-0.47347063457017435,Robins' estimator,1.0,0.8,3411,0.0,0.0,0.0
87,0.29546161529553505,-0.025062581440610004,-0.13147247866651843,Robins' estimator,1.0,0.8,3411,0.0,0.0,0.0
88,0.03149805101320499,0.10215977656428446,0.2872483452138977,Robins' estimator,1.0,0.8,3411,0.0,0.0,0.0
89,-0.2916488232831657,-0.26803032626795803,0.1517312314657463,Robins' estimator,1.0,0.8,3411,0.0,0.0,0.0
90,0.6945150078110166,0.14595960485142123,-0.0332404464304841,Robins' estimator,1.0,0.8,3411,0.0,0.0,0.0
91,0.019628583095203597,-0.43592743476404117,0.03980695990803575,Robins' estimator,1.0,0.8,3411,0.0,0.0,0.0
92,-0.16211380649793852,-0.11340639062708519,0.12430365408330181,Robins' estimator,1.0,0.8,3411,0.0,0.0,0.0
93,0.0885627191087005,0.3644367776981435,0.03555323824934048,Robins' estimator,1.0,0.8,3411,0.0,0.0,0.0
94,-0.10641595591328494,0.005334981752622102,-0.19586951105653713,Robins' estimator,1.0,0.8,3411,0.0,0.0,0.0
95,0.1111071142817945,-0.18931952103396266,-0.15798447841257743,Robins' estimator,1.0,0.8,3411,0.0,0.0,0.0
96,0.2080579456396394,0.5819492407797748,0.3058100604239706,Robins' estimator,1.0,0.8,3411,0.0,0.0,0.0
97,0.07912004720046661,0.07508916435577842,0.24002224735978928,Robins' estimator,1.0,0.8,3411,0.0,0.0,0.0
98,-0.14276509363952072,-0.14295950531875953,0.17820789509359394,Robins' estimator,1.0,0.8,3411,0.0,0.0,0.0
99,-0.3374497375854045,-0.24906324447327968,0.06060606440768268,Robins' estimator,1.0,0.8,3411,0.0,0.0,0.0
100,-0.03167105850970585,-0.11228776553236976,-0.08860214662005972,Robins' estimator,1.0,0.8,3411,0.0,0.0,0.0
1,0.021368320685301874,-0.01281353584238816,-0.03483062672000939,GMM estimator,1.0,0.8,3411,0.0,0.0,0.0
2,-0.4285463425622701,-0.4887835607745751,-0.4410056561773403,GMM estimator,1.0,0.8,3411,0.0,0.0,0.0
3,-0.4442450937814872,-0.02246965698607392,-0.08289192066813739,GMM estimator,1.0,0.8,3411,0.0,0.0,0.0
4,0.0333101331500145,0.014817253477092054,0.05192722831479611,GMM estimator,1.0,0.8,3411,0.0,0.0,0.0
5,0.19983037284273641,-0.40385377993688937,0.16549888023639023,GMM estimator,1.0,0.8,3411,0.0,0.0,0.0
6,0.022862139821951233,-0.3366892640272502,-0.07557715837041784,GMM estimator,1.0,0.8,3411,0.0,0.0,0.0
7,0.15936462023985287,-0.5290291236667597,-0.3353626285994997,GMM estimator,1.0,0.8,3411,0.0,0.0,0.0
8,-0.6329457084117639,-0.02998747535827362,0.09846599192122926,GMM estimator,1.0,0.8,3411,0.0,0.0,0.0
9,-0.3346350792069517,-0.10557369519795691,-0.014561530891091148,GMM estimator,1.0,0.8,3411,0.0,0.0,0.0
10,0.2400041225119676,-0.020181999137879422,-0.22125151500072276,GMM estimator,1.0,0.8,3411,0.0,0.0,0.0
11,0.21911826837015497,0.3405655924285695,-0.01870471732559617,GMM estimator,1.0,0.8,3411,0.0,0.0,0.0
12,-0.1313041910896799,0.18865968714028175,0.08032474963065239,GMM estimator,1.0,0.8,3411,0.0,0.0,0.0
13,0.07595869148738187,0.10510303469173832,0.06901804118656849,GMM estimator,1.0,0.8,3411,0.0,0.0,0.0
14,-0.17078273809307823,-0.24509099459039724,0.03945343155054349,GMM estimator,1.0,0.8,3411,0.0,0.0,0.0
15,0.007758449721832511,-0.0007645126531389693,0.43794309720272717,GMM estimator,1.0,0.8,3411,0.0,0.0,0.0
16,0.480864658330882,0.031147281079927425,0.21507347338678928,GMM estimator,1.0,0.8,3411,0.0,0.0,0.0
17,-0.20297348116126693,-0.15327124173042422,0.01204580968772409,GMM estimator,1.0,0.8,3411,0.0,0.0,0.0
18,0.49246886377635,0.13746778722836311,0.4472065109497273,GMM estimator,1.0,0.8,3411,0.0,0.0,0.0
19,-0.17897103523293878,-0.1974488147240524,0.2542465359450222,GMM estimator,1.0,0.8,3411,0.0,0.0,0.0
20,-0.08235628753534298,-0.05457753960332181,-0.2640174888369451,GMM estimator,1.0,0.8,3411,0.0,0.0,0.0
21,0.22315273273888425,-0.34781475005090384,0.3928814597654444,GMM estimator,1.0,0.8,3411,0.0,0.0,0.0
22,-0.0068954498272781745,0.03895644685312133,0.16306155749385326,GMM estimator,1.0,0.8,3411,0.0,0.0,0.0
23,-0.13812348443510608,0.36803872691590955,-0.1648064111651224,GMM estimator,1.0,0.8,3411,0.0,0.0,0.0
24,-0.2613770976176477,-0.31592451301400587,-0.10444266991875195,GMM estimator,1.0,0.8,3411,0.0,0.0,0.0
25,-0.08665414326080476,-0.46820100167657125,-0.27292012068314897,GMM estimator,1.0,0.8,3411,0.0,0.0,0.0
26,-0.1265916515000315,-0.2775920832589634,0.025085464508859873,GMM estimator,1.0,0.8,3411,0.0,0.0,0.0
27,0.05847908440478137,0.18522421142613832,0.016266243449624893,GMM estimator,1.0,0.8,3411,0.0,0.0,0.0
28,-0.08670500679876937,-0.008989823029787791,0.3208840206805341,GMM estimator,1.0,0.8,3411,0.0,0.0,0.0
29,-0.1880614452429733,-0.3101299878447119,0.11395442828219451,GMM estimator,1.0,0.8,3411,0.0,0.0,0.0
30,0.006683833301873693,0.21475206794349744,0.3853003553480464,GMM estimator,1.0,0.8,3411,0.0,0.0,0.0
31,-0.2769851021790479,-0.10324173646487957,-0.312333887014998,GMM estimator,1.0,0.8,3411,0.0,0.0,0.0
32,-0.5768655465290954,-0.1955907656805141,0.00984051156698329,GMM estimator,1.0,0.8,3411,0.0,0.0,0.0
33,-0.06040585261818314,-0.21389939867074456,0.05383135026289704,GMM estimator,1.0,0.8,3411,0.0,0.0,0.0
34,-0.4046782373936282,-0.19226200530395937,0.18275746726543293,GMM estimator,1.0,0.8,3411,0.0,0.0,0.0
35,0.1409629141412112,-0.02542432588930193,-0.3781907194705842,GMM estimator,1.0,0.8,3411,0.0,0.0,0.0
36,-0.20425442951555234,-0.305736092146364,-0.3658098636172627,GMM estimator,1.0,0.8,3411,0.0,0.0,0.0
37,0.21948414746190298,-0.32983090778035273,0.1369809634500131,GMM estimator,1.0,0.8,3411,0.0,0.0,0.0
38,0.09784100278204963,0.173184179467809,-0.13194847732151446,GMM estimator,1.0,0.8,3411,0.0,0.0,0.0
39,0.053002315199184455,0.18588166073611187,0.1890975846333381,GMM estimator,1.0,0.8,3411,0.0,0.0,0.0
40,-0.32564368059828963,-0.08488931272166736,-0.33415221580959203,GMM estimator,1.0,0.8,3411,0.0,0.0,0.0
41,0.49470656604135377,-0.11426731672183182,-0.17231947963528474,GMM estimator,1.0,0.8,3411,0.0,0.0,0.0
42,-0.03931300670094145,-0.10747480417754102,-0.1154767288150122,GMM estimator,1.0,0.8,3411,0.0,0.0,0.0
43,0.22988345613487438,-0.24315329393895743,-0.012533534012331593,GMM estimator,1.0,0.8,3411,0.0,0.0,0.0
44,0.18347698682195873,0.053468032918088035,0.1482266643256781,GMM estimator,1.0,0.8,3411,0.0,0.0,0.0
45,-0.3483468679848042,-0.11599787253378344,0.021365476621659246,GMM estimator,1.0,0.8,3411,0.0,0.0,0.0
46,0.04190484690163824,0.04129427051079619,-0.05374295339725553,GMM estimator,1.0,0.8,3411,0.0,0.0,0.0
47,0.17830489873909183,-0.20627586340176424,0.009555058564792177,GMM estimator,1.0,0.8,3411,0.0,0.0,0.0
48,0.16929769697431524,0.3474705530065026,-0.18016083310062336,GMM estimator,1.0,0.8,3411,0.0,0.0,0.0
49,-0.5136547644475898,-0.4554018104569154,0.0734952708816127,GMM estimator,1.0,0.8,3411,0.0,0.0,0.0
50,0.6575625602077213,0.03178359591551719,0.33422694703254374,GMM estimator,1.0,0.8,3411,0.0,0.0,0.0
51,0.23501968330517783,0.49755279956502846,0.28520521057990744,GMM estimator,1.0,0.8,3411,0.0,0.0,0.0
52,-0.186287489446765,-0.214155746052719,0.20995093793020597,GMM estimator,1.0,0.8,3411,0.0,0.0,0.0
53,0.8282283214114702,-0.016869060381972223,-0.05049978485673237,GMM estimator,1.0,0.8,3411,0.0,0.0,0.0
54,0.0031774799439823267,0.3519027104383869,0.3806021332392064,GMM estimator,1.0,0.8,3411,0.0,0.0,0.0
55,-0.20161827346688732,-0.159598007329329,-0.0279743188548484,GMM estimator,1.0,0.8,3411,0.0,0.0,0.0
56,-0.17129648553562016,-0.138649052038003,-0.5460195609158464,GMM estimator,1.0,0.8,3411,0.0,0.0,0.0
57,0.1339071723247739,0.14284648568537955,-0.25114077433602466,GMM estimator,1.0,0.8,3411,0.0,0.0,0.0
58,-0.06247286845540212,0.029229550796544653,-0.3627609307315692,GMM estimator,1.0,0.8,3411,0.0,0.0,0.0
59,0.019309741890656953,0.11422528080052022,0.5435175524951414,GMM estimator,1.0,0.8,3411,0.0,0.0,0.0
60,-0.1735139151101306,0.13985359555295318,0.1500830444202978,GMM estimator,1.0,0.8,3411,0.0,0.0,0.0
61,-0.14013126901043604,0.16173536687049778,-0.21129794673654292,GMM estimator,1.0,0.8,3411,0.0,0.0,0.0
62,-0.09971756341731765,-0.10622155885818338,0.12391647059954322,GMM estimator,1.0,0.8,3411,0.0,0.0,0.0
63,-0.410970165699428,-0.33759770445963566,-0.45961385723867393,GMM estimator,1.0,0.8,3411,0.0,0.0,0.0
64,-0.07271110946733514,0.22842998198637998,0.3635220219262203,GMM estimator,1.0,0.8,3411,0.0,0.0,0.0
65,0.0957470042771098,0.1508093871382514,-0.10946873023191356,GMM estimator,1.0,0.8,3411,0.0,0.0,0.0
66,0.21899211467132101,0.1502495638987676,-0.11717075261924159,GMM estimator,1.0,0.8,3411,0.0,0.0,0.0
67,0.009631343310825631,-0.013553194013400017,0.28307854381464326,GMM estimator,1.0,0.8,3411,0.0,0.0,0.0
68,0.21957865940945573,0.3364351413935902,0.2076146714892603,GMM estimator,1.0,0.8,3411,0.0,0.0,0.0
69,-0.408204984390503,-0.04882591639066908,-0.1587166213463614,GMM estimator,1.0,0.8,3411,0.0,0.0,0.0
70,0.2337231085275571,0.17642120378526896,-0.09684342821870287,GMM estimator,1.0,0.8,3411,0.0,0.0,0.0
71,-0.09822058264868747,-0.09737854462124484,-0.32551923456445897,GMM estimator,1.0,0.8,3411,0.0,0.0,0.0
72,-0.4792242829468929,-0.3526076155723845,-0.06232161700980546,GMM estimator,1.0,0.8,3411,0.0,0.0,0.0
73,-0.5017860040569732,0.28786965774173856,-0.0827939016695915,GMM estimator,1.0,0.8,3411,0.0,0.0,0.0
74,-0.29192541735189304,-0.04617357234090045,-0.18222340203878318,GMM estimator,1.0,0.8,3411,0.0,0.0,0.0
75,0.1207210805626797,0.11708086231282745,0.2024485439539078,GMM estimator,1.0,0.8,3411,0.0,0.0,0.0
76,0.4688084657119725,0.44990933453394566,0.18095941668096824,GMM estimator,1.0,0.8,3411,0.0,0.0,0.0
77,-0.05798497142850492,-0.0886744760453343,0.024222111297015417,GMM estimator,1.0,0.8,3411,0.0,0.0,0.0
78,0.22542658528911536,0.08166770891307013,-0.0912574778490079,GMM estimator,1.0,0.8,3411,0.0,0.0,0.0
79,0.123205684315738,-0.1449727833773939,0.27136519882530674,GMM estimator,1.0,0.8,3411,0.0,0.0,0.0
80,0.1101291960614791,-0.03332126945607224,0.02216833550404346,GMM estimator,1.0,0.8,3411,0.0,0.0,0.0
81,-0.2954919656781536,-0.060082151770250294,0.35624807806496134,GMM estimator,1.0,0.8,3411,0.0,0.0,0.0
82,-0.17895603369129406,0.15162250486308176,0.055607801744777724,GMM estimator,1.0,0.8,3411,0.0,0.0,0.0
83,0.033497053083177186,-0.2749022136231653,-0.1462230348293986,GMM estimator,1.0,0.8,3411,0.0,0.0,0.0
84,-0.21677131772748867,-0.30488773527780666,-0.41115707879651103,GMM estimator,1.0,0.8,3411,0.0,0.0,0.0
85,0.42081845979989757,0.2210791136377521,0.2171136595808154,GMM estimator,1.0,0.8,3411,0.0,0.0,0.0
86,-0.05136968027453301,-0.24101249685685372,-0.41990506147346074,GMM estimator,1.0,0.8,3411,0.0,0.0,0.0
87,0.2415374763672994,-0.07247105288744776,-0.16517294526804394,GMM estimator,1.0,0.8,3411,0.0,0.0,0.0
88,-0.033865645353961034,0.015889171024561458,0.2556955103412807,GMM estimator,1.0,0.8,3411,0.0,0.0,0.0
89,-0.29661409194323485,-0.27991528172356517,0.15207528889685823,GMM estimator,1.0,0.8,3411,0.0,0.0,0.0
90,0.6663585937935662,0.12514763118605837,-0.05994187139515611,GMM estimator,1.0,0.8,3411,0.0,0.0,0.0
91,0.09033169373707416,-0.2665115414103164,0.17859590232129652,GMM estimator,1.0,0.8,3411,0.0,0.0,0.0
92,-0.12875420523112344,-0.0711857747301025,0.16860645149276,GMM estimator,1.0,0.8,3411,0.0,0.0,0.0
93,0.019961698860769927,0.29276990779202794,-0.023125111689914407,GMM estimator,1.0,0.8,3411,0.0,0.0,0.0
94,-0.11958145170810457,-0.007873501275462408,-0.2078404824789014,GMM estimator,1.0,0.8,3411,0.0,0.0,0.0
95,0.16253672664396676,-0.13196362493310226,-0.12537929977868253,GMM estimator,1.0,0.8,3411,0.0,0.0,0.0
96,0.20963889899045132,0.6317790856271056,0.32761628153455147,GMM estimator,1.0,0.8,3411,0.0,0.0,0.0
97,0.0960014010860513,0.10174064264347893,0.25131508056174656,GMM estimator,1.0,0.8,3411,0.0,0.0,0.0
98,-0.15184785805201123,-0.12286947241442767,0.17797592726950295,GMM estimator,1.0,0.8,3411,0.0,0.0,0.0
99,-0.32992529974789936,-0.324322378279658,0.12274753439897751,GMM estimator,1.0,0.8,3411,0.0,0.0,0.0
100,0.028595129617462252,-0.08707438004847191,-0.019125307343454093,GMM estimator,1.0,0.8,3411,0.0,0.0,0.0
