id,est_psi03,est_psi13,est_psi23,method,p_I1,p_I2,ph1,ph2,seed,psi03,psi13,psi23,gamma13,gamma23,add_const
1,-0.21558973197858922,-0.7754864049171007,0.2706254600415175,Three-step,0.2,0.2,0.5,0.5,3411,0.0,0.0,0.0,correct,correct,1.5
2,-0.12662928753753439,0.09630055561698252,0.2371927503837183,Three-step,0.2,0.2,0.5,0.5,3411,0.0,0.0,0.0,correct,correct,1.5
3,-0.26114076633765204,0.3017240400015753,-0.011670418344562585,Three-step,0.2,0.2,0.5,0.5,3411,0.0,0.0,0.0,correct,correct,1.5
4,0.2265552590635975,-0.17589413950598215,-0.016634657047821022,Three-step,0.2,0.2,0.5,0.5,3411,0.0,0.0,0.0,correct,correct,1.5
5,-0.39976433392435395,0.09171723389625662,-0.45601347903470657,Three-step,0.2,0.2,0.5,0.5,3411,0.0,0.0,0.0,correct,correct,1.5
6,0.21827799437392845,-0.1060534238687266,0.22902407626896595,Three-step,0.2,0.2,0.5,0.5,3411,0.0,0.0,0.0,correct,correct,1.5
7,0.6392850876103037,-0.2337460286391087,0.021615213387539974,Three-step,0.2,0.2,0.5,0.5,3411,0.0,0.0,0.0,correct,correct,1.5
8,-0.19844335216920342,-0.12386859522273606,0.10974218229530451,Three-step,0.2,0.2,0.5,0.5,3411,0.0,0.0,0.0,correct,correct,1.5
9,-0.21466663895936083,0.10648521797516411,0.267798346444969,Three-step,0.2,0.2,0.5,0.5,3411,0.0,0.0,0.0,correct,correct,1.5
10,-0.28805624355737763,-0.2195733838726371,-0.07988678802133792,Three-step,0.2,0.2,0.5,0.5,3411,0.0,0.0,0.0,correct,correct,1.5
11,0.2627603251888729,-0.05569490684189807,0.1596281924477521,Three-step,0.2,0.2,0.5,0.5,3411,0.0,0.0,0.0,correct,correct,1.5
12,-0.044310765593481294,-0.18876425412701262,0.20181849633487875,Three-step,0.2,0.2,0.5,0.5,3411,0.0,0.0,0.0,correct,correct,1.5
13,0.31280274794055407,0.11148435461848535,-0.010701886430405315,Three-step,0.2,0.2,0.5,0.5,3411,0.0,0.0,0.0,correct,correct,1.5
14,-0.2948173188257453,-0.47180035087072836,-0.10581508511012351,Three-step,0.2,0.2,0.5,0.5,3411,0.0,0.0,0.0,correct,correct,1.5
15,-0.29116425189321316,-0.31723059112876384,0.013176255280802468,Three-step,0.2,0.2,0.5,0.5,3411,0.0,0.0,0.0,correct,correct,1.5
16,-0.215209491151559,-0.2471121814371774,-0.4090634588478311,Three-step,0.2,0.2,0.5,0.5,3411,0.0,0.0,0.0,correct,correct,1.5
17,0.36035204108792,0.43396598226546446,0.14517232430791138,Three-step,0.2,0.2,0.5,0.5,3411,0.0,0.0,0.0,correct,correct,1.5
18,0.03716785535226,-0.34563219570870196,-0.1802428859509397,Three-step,0.2,0.2,0.5,0.5,3411,0.0,0.0,0.0,correct,correct,1.5
19,-0.05585476601269098,0.1350365635084463,-0.021122664629342928,Three-step,0.2,0.2,0.5,0.5,3411,0.0,0.0,0.0,correct,correct,1.5
20,-0.03035952139324484,0.4296295945540749,0.2853388680997139,Three-step,0.2,0.2,0.5,0.5,3411,0.0,0.0,0.0,correct,correct,1.5
21,0.06790343770086942,0.1268519443845342,0.21105453740673144,Three-step,0.2,0.2,0.5,0.5,3411,0.0,0.0,0.0,correct,correct,1.5
22,0.14496188881415673,0.13541729490795174,0.2483064153088559,Three-step,0.2,0.2,0.5,0.5,3411,0.0,0.0,0.0,correct,correct,1.5
23,-0.07302870686475896,0.22591993788077738,0.2571509216766457,Three-step,0.2,0.2,0.5,0.5,3411,0.0,0.0,0.0,correct,correct,1.5
24,0.3004217942942604,-0.25326147365957474,-0.13122119291259526,Three-step,0.2,0.2,0.5,0.5,3411,0.0,0.0,0.0,correct,correct,1.5
25,-0.07791177418665056,0.39148031160608077,-0.30302627534443954,Three-step,0.2,0.2,0.5,0.5,3411,0.0,0.0,0.0,correct,correct,1.5
26,-0.03453662109116623,-0.06727305133087118,-0.2573205441496053,Three-step,0.2,0.2,0.5,0.5,3411,0.0,0.0,0.0,correct,correct,1.5
27,0.06651777887583785,-0.048228527735620134,0.03009630362510841,Three-step,0.2,0.2,0.5,0.5,3411,0.0,0.0,0.0,correct,correct,1.5
28,0.01567649044442614,0.13703417104584759,-0.1212814847282068,Three-step,0.2,0.2,0.5,0.5,3411,0.0,0.0,0.0,correct,correct,1.5
29,0.04010520676613348,-0.40948678739320243,0.09136840143589293,Three-step,0.2,0.2,0.5,0.5,3411,0.0,0.0,0.0,correct,correct,1.5
30,-0.1733595825007723,0.0796050180083064,0.07079647987802651,Three-step,0.2,0.2,0.5,0.5,3411,0.0,0.0,0.0,correct,correct,1.5
31,0.08363857612766452,0.45217289635232794,0.36809757494192724,Three-step,0.2,0.2,0.5,0.5,3411,0.0,0.0,0.0,correct,correct,1.5
32,-0.0880883156654755,-0.4799500408279544,-0.06448616075723826,Three-step,0.2,0.2,0.5,0.5,3411,0.0,0.0,0.0,correct,correct,1.5
33,0.29593523085337353,0.18546269327937523,0.023466123829254722,Three-step,0.2,0.2,0.5,0.5,3411,0.0,0.0,0.0,correct,correct,1.5
34,0.05046729131217185,-0.6313342271024106,-0.12259606956820554,Three-step,0.2,0.2,0.5,0.5,3411,0.0,0.0,0.0,correct,correct,1.5
35,-0.023773438213564146,0.33781280565650645,-0.07918457245683046,Three-step,0.2,0.2,0.5,0.5,3411,0.0,0.0,0.0,correct,correct,1.5
36,0.11384400400971252,0.08194448156351695,-0.42055139089928606,Three-step,0.2,0.2,0.5,0.5,3411,0.0,0.0,0.0,correct,correct,1.5
37,-0.13482414919516703,-0.06624000075397007,-0.24819012089520498,Three-step,0.2,0.2,0.5,0.5,3411,0.0,0.0,0.0,correct,correct,1.5
38,-0.16057341023775498,-0.35373995891899435,-0.16660635718761385,Three-step,0.2,0.2,0.5,0.5,3411,0.0,0.0,0.0,correct,correct,1.5
39,-0.09008878871143686,-0.2864395783204049,-0.16639865798275383,Three-step,0.2,0.2,0.5,0.5,3411,0.0,0.0,0.0,correct,correct,1.5
40,0.12520992353746702,0.4683816619220132,-0.010029996409455462,Three-step,0.2,0.2,0.5,0.5,3411,0.0,0.0,0.0,correct,correct,1.5
41,-0.031541037886337636,-0.4540567814066324,0.25712219078992143,Three-step,0.2,0.2,0.5,0.5,3411,0.0,0.0,0.0,correct,correct,1.5
42,0.3904373014353322,-0.03253723739838922,-0.04387042379324541,Three-step,0.2,0.2,0.5,0.5,3411,0.0,0.0,0.0,correct,correct,1.5
43,-0.2316548743771191,-0.3800809274120127,0.10691984557593649,Three-step,0.2,0.2,0.5,0.5,3411,0.0,0.0,0.0,correct,correct,1.5
44,0.6091215229863604,-0.23929997998619096,0.1992254129911893,Three-step,0.2,0.2,0.5,0.5,3411,0.0,0.0,0.0,correct,correct,1.5
45,-0.0003776623792686796,-0.11471047536114899,-0.030648152317729924,Three-step,0.2,0.2,0.5,0.5,3411,0.0,0.0,0.0,correct,correct,1.5
46,0.026068300415257428,-0.0013875391207904427,0.3264669148314226,Three-step,0.2,0.2,0.5,0.5,3411,0.0,0.0,0.0,correct,correct,1.5
47,0.04292794048709759,0.3184060827877765,0.5585409512741673,Three-step,0.2,0.2,0.5,0.5,3411,0.0,0.0,0.0,correct,correct,1.5
48,0.2553884981465833,0.22373840607430767,0.020599189512809073,Three-step,0.2,0.2,0.5,0.5,3411,0.0,0.0,0.0,correct,correct,1.5
49,-0.27000493507784207,-0.18403042359049598,0.44838511472712883,Three-step,0.2,0.2,0.5,0.5,3411,0.0,0.0,0.0,correct,correct,1.5
50,-0.2774071286320711,-0.048252362587668116,0.004067387129141786,Three-step,0.2,0.2,0.5,0.5,3411,0.0,0.0,0.0,correct,correct,1.5
51,0.1319946293158036,0.28908237849679147,-0.08655284711100435,Three-step,0.2,0.2,0.5,0.5,3411,0.0,0.0,0.0,correct,correct,1.5
52,0.023054073274716008,0.12923430452412543,-0.13628866898857817,Three-step,0.2,0.2,0.5,0.5,3411,0.0,0.0,0.0,correct,correct,1.5
53,0.1891620456974002,0.2082115460331974,0.24399491185279168,Three-step,0.2,0.2,0.5,0.5,3411,0.0,0.0,0.0,correct,correct,1.5
54,0.0032196515996489447,0.3838147789934904,0.09497031566057638,Three-step,0.2,0.2,0.5,0.5,3411,0.0,0.0,0.0,correct,correct,1.5
55,-0.18819387469327156,0.28746329536072096,0.016096514621639055,Three-step,0.2,0.2,0.5,0.5,3411,0.0,0.0,0.0,correct,correct,1.5
56,-0.3270537904923091,0.1618610150702507,-0.27825359586837856,Three-step,0.2,0.2,0.5,0.5,3411,0.0,0.0,0.0,correct,correct,1.5
57,-0.32200665174176624,-0.6063945960278458,-0.3284401330929416,Three-step,0.2,0.2,0.5,0.5,3411,0.0,0.0,0.0,correct,correct,1.5
58,-0.18628603341712013,-0.49269129277469853,-0.3549938209433622,Three-step,0.2,0.2,0.5,0.5,3411,0.0,0.0,0.0,correct,correct,1.5
59,0.5897617922743899,0.30153783577768134,0.24131715221803046,Three-step,0.2,0.2,0.5,0.5,3411,0.0,0.0,0.0,correct,correct,1.5
60,-0.11540619808722939,0.4655067488913603,-0.004342264692896266,Three-step,0.2,0.2,0.5,0.5,3411,0.0,0.0,0.0,correct,correct,1.5
61,0.023074562796751238,-0.06292336103976988,-0.038759399165999776,Three-step,0.2,0.2,0.5,0.5,3411,0.0,0.0,0.0,correct,correct,1.5
62,0.06178395780655859,0.11629938676850565,0.36701127564096964,Three-step,0.2,0.2,0.5,0.5,3411,0.0,0.0,0.0,correct,correct,1.5
63,-0.26035030497090494,-0.07063236613438119,-0.0785143680283485,Three-step,0.2,0.2,0.5,0.5,3411,0.0,0.0,0.0,correct,correct,1.5
64,0.03851650143971274,0.40948384043320013,0.054006631880865866,Three-step,0.2,0.2,0.5,0.5,3411,0.0,0.0,0.0,correct,correct,1.5
65,-0.3537430011876774,-0.20770917583256113,0.38472100118489966,Three-step,0.2,0.2,0.5,0.5,3411,0.0,0.0,0.0,correct,correct,1.5
66,0.06612479204352179,0.5254448540784422,0.10794936299770871,Three-step,0.2,0.2,0.5,0.5,3411,0.0,0.0,0.0,correct,correct,1.5
67,0.19685431952504706,-0.4395792688512093,-0.023904716452454802,Three-step,0.2,0.2,0.5,0.5,3411,0.0,0.0,0.0,correct,correct,1.5
68,-0.022595814003842543,0.2179917926372587,-0.182203201602696,Three-step,0.2,0.2,0.5,0.5,3411,0.0,0.0,0.0,correct,correct,1.5
69,-0.25080540740305585,-0.18989837795016468,0.03439262711123661,Three-step,0.2,0.2,0.5,0.5,3411,0.0,0.0,0.0,correct,correct,1.5
70,-0.05591073529415564,-0.14520137304244257,-0.0171095505814477,Three-step,0.2,0.2,0.5,0.5,3411,0.0,0.0,0.0,correct,correct,1.5
71,-0.23327348290405567,-0.15907653005731343,0.21441361162115904,Three-step,0.2,0.2,0.5,0.5,3411,0.0,0.0,0.0,correct,correct,1.5
72,-0.05232329545513145,-0.4213084099999849,-0.5736677274185854,Three-step,0.2,0.2,0.5,0.5,3411,0.0,0.0,0.0,correct,correct,1.5
73,-0.06496411547956157,0.3371370693574904,-0.1603438444419419,Three-step,0.2,0.2,0.5,0.5,3411,0.0,0.0,0.0,correct,correct,1.5
74,-0.38163939830071086,-0.12102839697472517,0.17531196564191073,Three-step,0.2,0.2,0.5,0.5,3411,0.0,0.0,0.0,correct,correct,1.5
75,-0.008877026778969942,-0.026859618213705465,0.15458360812112135,Three-step,0.2,0.2,0.5,0.5,3411,0.0,0.0,0.0,correct,correct,1.5
76,0.052815085821141285,-0.1841350999374391,0.01827356712778419,Three-step,0.2,0.2,0.5,0.5,3411,0.0,0.0,0.0,correct,correct,1.5
77,-0.23885163740235263,0.01920139301732672,-0.400992570327117,Three-step,0.2,0.2,0.5,0.5,3411,0.0,0.0,0.0,correct,correct,1.5
78,-0.5187115330572789,-0.335454681302876,-0.5147253749417633,Three-step,0.2,0.2,0.5,0.5,3411,0.0,0.0,0.0,correct,correct,1.5
79,0.08277077405816967,-0.2900531347728138,0.5336698292071649,Three-step,0.2,0.2,0.5,0.5,3411,0.0,0.0,0.0,correct,correct,1.5
80,0.09330974838089914,-0.2567007326321185,-0.3602435286905856,Three-step,0.2,0.2,0.5,0.5,3411,0.0,0.0,0.0,correct,correct,1.5
81,-0.33332851906714905,-0.3191033400694948,-0.314910344783478,Three-step,0.2,0.2,0.5,0.5,3411,0.0,0.0,0.0,correct,correct,1.5
82,0.19845376486650204,0.44394173485653343,0.08991625247204775,Three-step,0.2,0.2,0.5,0.5,3411,0.0,0.0,0.0,correct,correct,1.5
83,-0.06020914806408664,0.1050280754297949,-0.010065627877704921,Three-step,0.2,0.2,0.5,0.5,3411,0.0,0.0,0.0,correct,correct,1.5
84,-0.2733460514106106,-0.11983229423654657,0.07271197008238159,Three-step,0.2,0.2,0.5,0.5,3411,0.0,0.0,0.0,correct,correct,1.5
85,-0.31705896608994566,-0.34238825634753106,-0.35245091076666435,Three-step,0.2,0.2,0.5,0.5,3411,0.0,0.0,0.0,correct,correct,1.5
86,-0.2048126689806088,-0.07460469754633768,-0.31908258341262,Three-step,0.2,0.2,0.5,0.5,3411,0.0,0.0,0.0,correct,correct,1.5
87,-0.023793451652724142,-0.6021900943981578,0.09855429852532593,Three-step,0.2,0.2,0.5,0.5,3411,0.0,0.0,0.0,correct,correct,1.5
88,0.225907437516813,0.22762158182746986,0.08076790960085667,Three-step,0.2,0.2,0.5,0.5,3411,0.0,0.0,0.0,correct,correct,1.5
89,0.059064992799029575,-0.3028908557022217,0.23039770620612174,Three-step,0.2,0.2,0.5,0.5,3411,0.0,0.0,0.0,correct,correct,1.5
90,-0.0012168404855268467,-0.4649551053185345,0.2702176581403296,Three-step,0.2,0.2,0.5,0.5,3411,0.0,0.0,0.0,correct,correct,1.5
91,0.016798740118153327,0.17223148756798576,-0.07993403203302724,Three-step,0.2,0.2,0.5,0.5,3411,0.0,0.0,0.0,correct,correct,1.5
92,-0.6334730868988439,0.09980744678385589,-0.3194791035383853,Three-step,0.2,0.2,0.5,0.5,3411,0.0,0.0,0.0,correct,correct,1.5
93,0.025559371457149507,0.36811393954521354,-0.3206650874330867,Three-step,0.2,0.2,0.5,0.5,3411,0.0,0.0,0.0,correct,correct,1.5
94,-0.041189017034267375,-0.14892874710153264,0.12371521826007062,Three-step,0.2,0.2,0.5,0.5,3411,0.0,0.0,0.0,correct,correct,1.5
95,-0.12642822880002372,-0.06512572789554436,0.2101182933374998,Three-step,0.2,0.2,0.5,0.5,3411,0.0,0.0,0.0,correct,correct,1.5
96,-0.06541929334828175,-0.40223203024810616,-0.15201154224015648,Three-step,0.2,0.2,0.5,0.5,3411,0.0,0.0,0.0,correct,correct,1.5
97,-0.24780208756610153,-0.11151358693743074,0.06012814326193412,Three-step,0.2,0.2,0.5,0.5,3411,0.0,0.0,0.0,correct,correct,1.5
98,0.11083336161345177,0.5066130060088877,-0.1682119665010085,Three-step,0.2,0.2,0.5,0.5,3411,0.0,0.0,0.0,correct,correct,1.5
99,-0.2573513546362739,-0.18797885851120597,0.39683785052297804,Three-step,0.2,0.2,0.5,0.5,3411,0.0,0.0,0.0,correct,correct,1.5
100,-0.16741637761810998,0.2795110240771853,-0.023496265833538196,Three-step,0.2,0.2,0.5,0.5,3411,0.0,0.0,0.0,correct,correct,1.5
101,0.04425869535983509,-0.3332979510348122,-0.0847783661223943,Three-step,0.2,0.2,0.5,0.5,3411,0.0,0.0,0.0,correct,correct,1.5
102,0.19264999777765685,-0.23257825111567895,-0.16096753803209235,Three-step,0.2,0.2,0.5,0.5,3411,0.0,0.0,0.0,correct,correct,1.5
103,0.032556304944207595,-0.09761959036015544,0.1720571348163443,Three-step,0.2,0.2,0.5,0.5,3411,0.0,0.0,0.0,correct,correct,1.5
104,-0.5980385933942837,0.27929356232255964,0.01419991686201392,Three-step,0.2,0.2,0.5,0.5,3411,0.0,0.0,0.0,correct,correct,1.5
105,-0.1509388923160057,-0.2467213762900611,-0.5268497422514596,Three-step,0.2,0.2,0.5,0.5,3411,0.0,0.0,0.0,correct,correct,1.5
106,-0.32505952462343013,-0.552816789898412,-0.3446174011570513,Three-step,0.2,0.2,0.5,0.5,3411,0.0,0.0,0.0,correct,correct,1.5
107,-0.5567034285783776,-0.20834167810524598,0.4060154669672853,Three-step,0.2,0.2,0.5,0.5,3411,0.0,0.0,0.0,correct,correct,1.5
108,-0.1013313573511288,0.06832672154849245,0.43229934692617406,Three-step,0.2,0.2,0.5,0.5,3411,0.0,0.0,0.0,correct,correct,1.5
109,0.0294455051132135,0.20645404459369276,0.2131013703683354,Three-step,0.2,0.2,0.5,0.5,3411,0.0,0.0,0.0,correct,correct,1.5
110,0.2985727860300756,-0.3980578959033772,0.22571252312338974,Three-step,0.2,0.2,0.5,0.5,3411,0.0,0.0,0.0,correct,correct,1.5
111,0.16426207637490756,0.3012790182591454,-0.04036515191663948,Three-step,0.2,0.2,0.5,0.5,3411,0.0,0.0,0.0,correct,correct,1.5
112,-0.13816403368742625,-0.12511775858238777,-0.027331394945056982,Three-step,0.2,0.2,0.5,0.5,3411,0.0,0.0,0.0,correct,correct,1.5
113,-0.4190919301969517,0.18883673696293085,0.1253482396858632,Three-step,0.2,0.2,0.5,0.5,3411,0.0,0.0,0.0,correct,correct,1.5
114,0.27648014007379845,-0.07161244882493453,-0.20591180911526857,Three-step,0.2,0.2,0.5,0.5,3411,0.0,0.0,0.0,correct,correct,1.5
115,0.1780851085733308,-0.17212717999978366,-0.05659348257902055,Three-step,0.2,0.2,0.5,0.5,3411,0.0,0.0,0.0,correct,correct,1.5
116,-0.024766485752818437,0.1304800995724404,-0.15498773255039894,Three-step,0.2,0.2,0.5,0.5,3411,0.0,0.0,0.0,correct,correct,1.5
117,-0.4003836320915101,-0.7460698501087077,-0.0516768480160623,Three-step,0.2,0.2,0.5,0.5,3411,0.0,0.0,0.0,correct,correct,1.5
118,-0.1986584488937483,-0.3734703032082163,-0.2430219148261421,Three-step,0.2,0.2,0.5,0.5,3411,0.0,0.0,0.0,correct,correct,1.5
119,0.008544020929876038,-0.11590115822476511,-0.040402513294647405,Three-step,0.2,0.2,0.5,0.5,3411,0.0,0.0,0.0,correct,correct,1.5
120,-0.12614282111344147,0.00692891904187941,0.19263359105653524,Three-step,0.2,0.2,0.5,0.5,3411,0.0,0.0,0.0,correct,correct,1.5
121,0.03479955371680549,0.11436391106735658,0.27470726673153256,Three-step,0.2,0.2,0.5,0.5,3411,0.0,0.0,0.0,correct,correct,1.5
122,0.4816600218323043,-0.2006158228434892,-0.021447961201362498,Three-step,0.2,0.2,0.5,0.5,3411,0.0,0.0,0.0,correct,correct,1.5
123,0.23657886000871114,0.4299037773872614,0.13567886157536643,Three-step,0.2,0.2,0.5,0.5,3411,0.0,0.0,0.0,correct,correct,1.5
124,-0.06656257114021578,-0.2197195824090779,-0.31224662973405615,Three-step,0.2,0.2,0.5,0.5,3411,0.0,0.0,0.0,correct,correct,1.5
125,-0.09459075942605781,0.18136761529983705,0.2531181425282805,Three-step,0.2,0.2,0.5,0.5,3411,0.0,0.0,0.0,correct,correct,1.5
126,-0.07961871100752141,-0.21286270990345235,0.02958312944439388,Three-step,0.2,0.2,0.5,0.5,3411,0.0,0.0,0.0,correct,correct,1.5
127,0.021930405217607352,0.11678635269355908,0.18517574910247006,Three-step,0.2,0.2,0.5,0.5,3411,0.0,0.0,0.0,correct,correct,1.5
128,0.3699700887166594,-0.10344019831554893,0.3442144650767685,Three-step,0.2,0.2,0.5,0.5,3411,0.0,0.0,0.0,correct,correct,1.5
129,0.05722489060095537,0.16289471411832618,0.3237067416509539,Three-step,0.2,0.2,0.5,0.5,3411,0.0,0.0,0.0,correct,correct,1.5
130,-0.14914480444208414,-0.5750239311268229,-0.20146413448086553,Three-step,0.2,0.2,0.5,0.5,3411,0.0,0.0,0.0,correct,correct,1.5
131,-0.08510690595728973,-0.08113805049149511,-0.03079862003714319,Three-step,0.2,0.2,0.5,0.5,3411,0.0,0.0,0.0,correct,correct,1.5
132,-0.43471372066213554,-0.3002797740648872,0.07071482452359344,Three-step,0.2,0.2,0.5,0.5,3411,0.0,0.0,0.0,correct,correct,1.5
133,-0.1047643622381432,-0.3482614817227468,0.055443992625648086,Three-step,0.2,0.2,0.5,0.5,3411,0.0,0.0,0.0,correct,correct,1.5
134,0.06568659774457707,-0.09477887338931928,0.17866925758999413,Three-step,0.2,0.2,0.5,0.5,3411,0.0,0.0,0.0,correct,correct,1.5
135,0.060470517804505006,-0.31433379713762494,-0.15047352511375203,Three-step,0.2,0.2,0.5,0.5,3411,0.0,0.0,0.0,correct,correct,1.5
136,-0.27630130898407185,-0.11992886270828815,-0.0825449674355061,Three-step,0.2,0.2,0.5,0.5,3411,0.0,0.0,0.0,correct,correct,1.5
137,-0.09306331004071199,0.1229222248677582,-0.05519577326663003,Three-step,0.2,0.2,0.5,0.5,3411,0.0,0.0,0.0,correct,correct,1.5
138,0.4211874099016283,0.10184475471339784,0.07695264194198644,Three-step,0.2,0.2,0.5,0.5,3411,0.0,0.0,0.0,correct,correct,1.5
139,-0.1260875647530892,-0.08050183585862378,-0.17802700460026524,Three-step,0.2,0.2,0.5,0.5,3411,0.0,0.0,0.0,correct,correct,1.5
140,0.2312207815225175,0.04410079782816706,0.20207902651086265,Three-step,0.2,0.2,0.5,0.5,3411,0.0,0.0,0.0,correct,correct,1.5
141,0.010581475532661295,-0.1840572125808693,0.047667538395767095,Three-step,0.2,0.2,0.5,0.5,3411,0.0,0.0,0.0,correct,correct,1.5
142,0.1321571434773895,-0.23028033656394886,0.20863330022940774,Three-step,0.2,0.2,0.5,0.5,3411,0.0,0.0,0.0,correct,correct,1.5
143,0.11430815184606526,0.32589281111097473,0.030757698900620915,Three-step,0.2,0.2,0.5,0.5,3411,0.0,0.0,0.0,correct,correct,1.5
144,0.2399417922829705,0.36808675635429583,0.10411046451152832,Three-step,0.2,0.2,0.5,0.5,3411,0.0,0.0,0.0,correct,correct,1.5
145,0.27630431788542176,0.08349560828027724,0.5674023871909925,Three-step,0.2,0.2,0.5,0.5,3411,0.0,0.0,0.0,correct,correct,1.5
146,-0.11974143633068268,0.036299464857911,-0.09227917651453516,Three-step,0.2,0.2,0.5,0.5,3411,0.0,0.0,0.0,correct,correct,1.5
147,-0.10347565235566039,0.10651227429651157,-0.04698409279099139,Three-step,0.2,0.2,0.5,0.5,3411,0.0,0.0,0.0,correct,correct,1.5
148,0.15107576384286928,0.06056077323731408,-0.005244723609710549,Three-step,0.2,0.2,0.5,0.5,3411,0.0,0.0,0.0,correct,correct,1.5
149,-0.1785302919818212,-0.08886613890126448,0.0676548053297297,Three-step,0.2,0.2,0.5,0.5,3411,0.0,0.0,0.0,correct,correct,1.5
150,0.24573282935389393,-0.13755754807585535,-0.0886644653101008,Three-step,0.2,0.2,0.5,0.5,3411,0.0,0.0,0.0,correct,correct,1.5
151,0.15476539642165704,-0.1972425974513858,-0.16754628744452554,Three-step,0.2,0.2,0.5,0.5,3411,0.0,0.0,0.0,correct,correct,1.5
152,0.10172359360086243,0.009566161565223663,0.0593653002890585,Three-step,0.2,0.2,0.5,0.5,3411,0.0,0.0,0.0,correct,correct,1.5
153,0.1386598416840652,-0.07269982696929637,0.2804528687605899,Three-step,0.2,0.2,0.5,0.5,3411,0.0,0.0,0.0,correct,correct,1.5
154,0.020414969873002023,0.770973346499615,0.0379812813766387,Three-step,0.2,0.2,0.5,0.5,3411,0.0,0.0,0.0,correct,correct,1.5
155,0.031185836949205497,0.16171165613849542,-0.3436055367269079,Three-step,0.2,0.2,0.5,0.5,3411,0.0,0.0,0.0,correct,correct,1.5
156,0.3599901080092902,-0.06710014745109341,0.3537212496581198,Three-step,0.2,0.2,0.5,0.5,3411,0.0,0.0,0.0,correct,correct,1.5
157,0.026566619850270735,0.15849606139153752,-0.3888686008887215,Three-step,0.2,0.2,0.5,0.5,3411,0.0,0.0,0.0,correct,correct,1.5
158,0.29909629712898905,0.42847679192020205,0.09018486584205822,Three-step,0.2,0.2,0.5,0.5,3411,0.0,0.0,0.0,correct,correct,1.5
159,-0.01855891725763957,0.9025961800856299,0.25061697685761525,Three-step,0.2,0.2,0.5,0.5,3411,0.0,0.0,0.0,correct,correct,1.5
160,0.14347427914368066,-0.19758324021973714,0.32824944270262385,Three-step,0.2,0.2,0.5,0.5,3411,0.0,0.0,0.0,correct,correct,1.5
161,0.06885099900985818,0.10426803176107806,-0.2508295732606128,Three-step,0.2,0.2,0.5,0.5,3411,0.0,0.0,0.0,correct,correct,1.5
162,0.2468414366566961,0.6767599760504522,-0.2555650218497527,Three-step,0.2,0.2,0.5,0.5,3411,0.0,0.0,0.0,correct,correct,1.5
163,0.05407906807630916,0.4444742191665184,-0.0019066650463372237,Three-step,0.2,0.2,0.5,0.5,3411,0.0,0.0,0.0,correct,correct,1.5
164,-0.5068636625430903,0.22632223327805667,-0.6698759762629604,Three-step,0.2,0.2,0.5,0.5,3411,0.0,0.0,0.0,correct,correct,1.5
165,-0.06329434138982319,0.2613893108643948,-0.04210042947759354,Three-step,0.2,0.2,0.5,0.5,3411,0.0,0.0,0.0,correct,correct,1.5
166,0.20549456103146338,-0.3301897011836649,0.22907980825061175,Three-step,0.2,0.2,0.5,0.5,3411,0.0,0.0,0.0,correct,correct,1.5
167,-0.2360309963335952,0.42334751963712686,-0.230015859841002,Three-step,0.2,0.2,0.5,0.5,3411,0.0,0.0,0.0,correct,correct,1.5
168,0.20369911332016236,-0.4087484240485001,-0.3516722226322203,Three-step,0.2,0.2,0.5,0.5,3411,0.0,0.0,0.0,correct,correct,1.5
169,-0.19005387228203519,0.6254517017883462,-0.19839457541953348,Three-step,0.2,0.2,0.5,0.5,3411,0.0,0.0,0.0,correct,correct,1.5
170,-0.03022867132281902,-0.2121289964050265,0.005874528412042026,Three-step,0.2,0.2,0.5,0.5,3411,0.0,0.0,0.0,correct,correct,1.5
171,-0.24165654699044775,0.13403100428582754,-0.3706320646698704,Three-step,0.2,0.2,0.5,0.5,3411,0.0,0.0,0.0,correct,correct,1.5
172,-0.19675320069242294,0.12286578806620672,-0.14509744838452562,Three-step,0.2,0.2,0.5,0.5,3411,0.0,0.0,0.0,correct,correct,1.5
173,-0.043839248731603817,-0.3131084946042785,0.07915609268893604,Three-step,0.2,0.2,0.5,0.5,3411,0.0,0.0,0.0,correct,correct,1.5
174,0.03402062512302527,0.2568991668547856,0.10885261275863882,Three-step,0.2,0.2,0.5,0.5,3411,0.0,0.0,0.0,correct,correct,1.5
175,0.38141748609780607,-0.2653185019786475,-0.10333016064347852,Three-step,0.2,0.2,0.5,0.5,3411,0.0,0.0,0.0,correct,correct,1.5
176,-0.3672482224310057,-0.18016355000199202,-0.19319763302541235,Three-step,0.2,0.2,0.5,0.5,3411,0.0,0.0,0.0,correct,correct,1.5
177,0.1691011435522942,0.020623220537114056,-0.2078308557039287,Three-step,0.2,0.2,0.5,0.5,3411,0.0,0.0,0.0,correct,correct,1.5
178,-0.03099230148347829,0.007684021623415837,0.3850723356582799,Three-step,0.2,0.2,0.5,0.5,3411,0.0,0.0,0.0,correct,correct,1.5
179,-0.2251892124486543,-0.08725350147424808,0.1659518552563397,Three-step,0.2,0.2,0.5,0.5,3411,0.0,0.0,0.0,correct,correct,1.5
180,0.27877500123274995,0.21964168366803485,-0.2160218984193096,Three-step,0.2,0.2,0.5,0.5,3411,0.0,0.0,0.0,correct,correct,1.5
181,0.06134067047911709,0.015936776739967583,0.29814801048878337,Three-step,0.2,0.2,0.5,0.5,3411,0.0,0.0,0.0,correct,correct,1.5
182,0.18815586049434302,-0.07603668271441262,0.028871737995649783,Three-step,0.2,0.2,0.5,0.5,3411,0.0,0.0,0.0,correct,correct,1.5
183,0.25383951659474385,0.2479266451159953,0.11393572610022365,Three-step,0.2,0.2,0.5,0.5,3411,0.0,0.0,0.0,correct,correct,1.5
184,0.11705996076549373,0.407073988038402,-0.11678188656574708,Three-step,0.2,0.2,0.5,0.5,3411,0.0,0.0,0.0,correct,correct,1.5
185,0.03751957002217892,-0.09049644289760553,-0.21520160184063472,Three-step,0.2,0.2,0.5,0.5,3411,0.0,0.0,0.0,correct,correct,1.5
186,0.17824490623586547,0.30938318935021425,0.17364164368178386,Three-step,0.2,0.2,0.5,0.5,3411,0.0,0.0,0.0,correct,correct,1.5
187,0.08451602332451107,0.27956152894642533,-0.04595758506643049,Three-step,0.2,0.2,0.5,0.5,3411,0.0,0.0,0.0,correct,correct,1.5
188,-0.014875528718203837,0.23402703920132775,-0.36351703264663315,Three-step,0.2,0.2,0.5,0.5,3411,0.0,0.0,0.0,correct,correct,1.5
189,0.2541736234372659,-0.03570039925631999,0.3548724918679995,Three-step,0.2,0.2,0.5,0.5,3411,0.0,0.0,0.0,correct,correct,1.5
190,0.0679018802458228,0.5490925209978537,0.1810672527412551,Three-step,0.2,0.2,0.5,0.5,3411,0.0,0.0,0.0,correct,correct,1.5
191,-0.2720963111695656,-0.1734711296476924,0.1286343342970956,Three-step,0.2,0.2,0.5,0.5,3411,0.0,0.0,0.0,correct,correct,1.5
192,-0.1638708785376923,0.44013627937777267,0.10039779130788457,Three-step,0.2,0.2,0.5,0.5,3411,0.0,0.0,0.0,correct,correct,1.5
193,-0.37736937967628587,0.432328964344538,0.05042562978312309,Three-step,0.2,0.2,0.5,0.5,3411,0.0,0.0,0.0,correct,correct,1.5
194,0.3453344224970605,0.03484893554621659,0.24570299740492274,Three-step,0.2,0.2,0.5,0.5,3411,0.0,0.0,0.0,correct,correct,1.5
195,-0.45783961875116463,-0.34697946979176736,-0.002002056339084722,Three-step,0.2,0.2,0.5,0.5,3411,0.0,0.0,0.0,correct,correct,1.5
196,-0.09069571403979787,-0.26533406249108515,-0.014223405145119057,Three-step,0.2,0.2,0.5,0.5,3411,0.0,0.0,0.0,correct,correct,1.5
197,0.027742679812218892,-0.13355523644007833,0.22818850178262945,Three-step,0.2,0.2,0.5,0.5,3411,0.0,0.0,0.0,correct,correct,1.5
198,0.0757287740169423,-0.18300405731618416,-0.3140775111834721,Three-step,0.2,0.2,0.5,0.5,3411,0.0,0.0,0.0,correct,correct,1.5
199,0.27998379079831953,0.28800172323751094,0.26431445782648744,Three-step,0.2,0.2,0.5,0.5,3411,0.0,0.0,0.0,correct,correct,1.5
200,-0.02878128561336236,0.36038057519961164,0.08468143182413602,Three-step,0.2,0.2,0.5,0.5,3411,0.0,0.0,0.0,correct,correct,1.5
201,0.1000279457673783,-0.021345394950058515,0.2170331050946961,Three-step,0.2,0.2,0.5,0.5,3411,0.0,0.0,0.0,correct,correct,1.5
202,-0.03487451099468611,0.02621646363935804,-0.055204715523540254,Three-step,0.2,0.2,0.5,0.5,3411,0.0,0.0,0.0,correct,correct,1.5
203,0.20836127263951684,-0.12411436842461059,0.09678586587834347,Three-step,0.2,0.2,0.5,0.5,3411,0.0,0.0,0.0,correct,correct,1.5
204,0.13469729927243165,-0.02909830069829893,0.2357189137530602,Three-step,0.2,0.2,0.5,0.5,3411,0.0,0.0,0.0,correct,correct,1.5
205,0.01371170603179326,0.19838744025587302,0.16722092995574367,Three-step,0.2,0.2,0.5,0.5,3411,0.0,0.0,0.0,correct,correct,1.5
206,0.1291364858816064,0.027022864314436363,0.10137375256241692,Three-step,0.2,0.2,0.5,0.5,3411,0.0,0.0,0.0,correct,correct,1.5
207,0.3024211125901056,0.5524347931372006,0.10376108341104537,Three-step,0.2,0.2,0.5,0.5,3411,0.0,0.0,0.0,correct,correct,1.5
208,-0.3572458594014821,-0.12851599712090092,0.13184932913598413,Three-step,0.2,0.2,0.5,0.5,3411,0.0,0.0,0.0,correct,correct,1.5
209,-0.08924459925645765,0.30349879450084705,0.04669642820694554,Three-step,0.2,0.2,0.5,0.5,3411,0.0,0.0,0.0,correct,correct,1.5
210,0.1698491523998879,-0.07651313021996388,0.5078561988546209,Three-step,0.2,0.2,0.5,0.5,3411,0.0,0.0,0.0,correct,correct,1.5
211,0.27918498596091473,0.4256425717702067,0.2155498290828788,Three-step,0.2,0.2,0.5,0.5,3411,0.0,0.0,0.0,correct,correct,1.5
212,0.3067910457039333,0.07648034226646791,-0.03880190346464307,Three-step,0.2,0.2,0.5,0.5,3411,0.0,0.0,0.0,correct,correct,1.5
213,0.021382245326378134,-0.30754436268473706,-0.11279002888776146,Three-step,0.2,0.2,0.5,0.5,3411,0.0,0.0,0.0,correct,correct,1.5
214,-0.24195161728683764,-0.133129784565408,0.20892983396675208,Three-step,0.2,0.2,0.5,0.5,3411,0.0,0.0,0.0,correct,correct,1.5
215,-0.04651533004749812,-0.280349462665854,0.11667385267023518,Three-step,0.2,0.2,0.5,0.5,3411,0.0,0.0,0.0,correct,correct,1.5
216,0.3876172667630542,0.15142540022093948,0.28805978425269396,Three-step,0.2,0.2,0.5,0.5,3411,0.0,0.0,0.0,correct,correct,1.5
217,0.4770423228008693,0.40747967621121617,0.10574806976709343,Three-step,0.2,0.2,0.5,0.5,3411,0.0,0.0,0.0,correct,correct,1.5
218,-0.13437828367442606,-0.3575065412198181,0.0959110887536454,Three-step,0.2,0.2,0.5,0.5,3411,0.0,0.0,0.0,correct,correct,1.5
219,0.0926842127780584,0.1004520546984486,0.21182196099275188,Three-step,0.2,0.2,0.5,0.5,3411,0.0,0.0,0.0,correct,correct,1.5
220,0.1791730610286982,-0.10931890664257728,-0.078251128749046,Three-step,0.2,0.2,0.5,0.5,3411,0.0,0.0,0.0,correct,correct,1.5
221,0.04388184602165159,-0.06165105936915834,-0.22530502403247504,Three-step,0.2,0.2,0.5,0.5,3411,0.0,0.0,0.0,correct,correct,1.5
222,-0.023561425429795155,0.07110275455324978,0.07918569081848213,Three-step,0.2,0.2,0.5,0.5,3411,0.0,0.0,0.0,correct,correct,1.5
223,0.07878843449439392,0.29974469704850965,0.7195645572377951,Three-step,0.2,0.2,0.5,0.5,3411,0.0,0.0,0.0,correct,correct,1.5
224,-0.15810115356782908,-0.3558300632101334,-0.26193426019587834,Three-step,0.2,0.2,0.5,0.5,3411,0.0,0.0,0.0,correct,correct,1.5
225,-0.19946805629590145,-0.26756532734122973,-0.0023623790503822456,Three-step,0.2,0.2,0.5,0.5,3411,0.0,0.0,0.0,correct,correct,1.5
226,0.316171389777148,0.19544353854984137,0.10749678952717454,Three-step,0.2,0.2,0.5,0.5,3411,0.0,0.0,0.0,correct,correct,1.5
227,0.33661226190522714,-0.21970454410118256,0.3474585868515564,Three-step,0.2,0.2,0.5,0.5,3411,0.0,0.0,0.0,correct,correct,1.5
228,0.2858540665627042,-0.012633470171362368,0.14974421356338594,Three-step,0.2,0.2,0.5,0.5,3411,0.0,0.0,0.0,correct,correct,1.5
229,-0.0253077068883926,-0.38916416205457915,-0.054412344131407955,Three-step,0.2,0.2,0.5,0.5,3411,0.0,0.0,0.0,correct,correct,1.5
230,-0.17405843187742762,0.14621306565344833,-0.2533331802650457,Three-step,0.2,0.2,0.5,0.5,3411,0.0,0.0,0.0,correct,correct,1.5
231,0.26003502007901436,0.03997782823693377,0.18692644720623783,Three-step,0.2,0.2,0.5,0.5,3411,0.0,0.0,0.0,correct,correct,1.5
232,-0.2182271114318293,-0.27338991296435833,-0.11136984958598752,Three-step,0.2,0.2,0.5,0.5,3411,0.0,0.0,0.0,correct,correct,1.5
233,-0.3404514681326146,-0.15781847417006162,0.2566161913335586,Three-step,0.2,0.2,0.5,0.5,3411,0.0,0.0,0.0,correct,correct,1.5
234,-0.03999813309604019,-0.0892209652506583,0.11846755670401232,Three-step,0.2,0.2,0.5,0.5,3411,0.0,0.0,0.0,correct,correct,1.5
235,-0.22119974597640912,-0.023338632641519547,0.003601855974117974,Three-step,0.2,0.2,0.5,0.5,3411,0.0,0.0,0.0,correct,correct,1.5
236,-0.3428391328633856,-0.12748172391268972,0.05608012204019396,Three-step,0.2,0.2,0.5,0.5,3411,0.0,0.0,0.0,correct,correct,1.5
237,-0.17317665677585692,-0.06699148252698743,0.18738269421276316,Three-step,0.2,0.2,0.5,0.5,3411,0.0,0.0,0.0,correct,correct,1.5
238,0.10576838916169598,0.16943295568167044,-0.029730357598874085,Three-step,0.2,0.2,0.5,0.5,3411,0.0,0.0,0.0,correct,correct,1.5
239,-0.2165231020858063,-0.38598224740631154,-0.1627423618709382,Three-step,0.2,0.2,0.5,0.5,3411,0.0,0.0,0.0,correct,correct,1.5
240,-0.07643503216924177,-0.06349542396914978,-0.0018479512222697103,Three-step,0.2,0.2,0.5,0.5,3411,0.0,0.0,0.0,correct,correct,1.5
241,-0.10466888501669104,0.5368635836607961,0.11484165563637821,Three-step,0.2,0.2,0.5,0.5,3411,0.0,0.0,0.0,correct,correct,1.5
242,0.2641138476837243,0.4613554027955492,-0.0031426028450610263,Three-step,0.2,0.2,0.5,0.5,3411,0.0,0.0,0.0,correct,correct,1.5
243,0.052462216500039995,0.1866096017814285,-0.06598807668329974,Three-step,0.2,0.2,0.5,0.5,3411,0.0,0.0,0.0,correct,correct,1.5
244,0.10110249250166813,0.00018837492154261375,0.28277332145845496,Three-step,0.2,0.2,0.5,0.5,3411,0.0,0.0,0.0,correct,correct,1.5
245,0.05177569532537141,-0.09643917558845128,0.0019295224077381164,Three-step,0.2,0.2,0.5,0.5,3411,0.0,0.0,0.0,correct,correct,1.5
246,-0.5363800052792509,-0.2085579627665587,-0.17408677112043772,Three-step,0.2,0.2,0.5,0.5,3411,0.0,0.0,0.0,correct,correct,1.5
247,-0.09310467140799719,-0.11582595844180538,-0.2400294069544815,Three-step,0.2,0.2,0.5,0.5,3411,0.0,0.0,0.0,correct,correct,1.5
248,0.3222744799347275,-0.239003740644973,-0.22559412519794164,Three-step,0.2,0.2,0.5,0.5,3411,0.0,0.0,0.0,correct,correct,1.5
249,0.2279661905997199,0.6054947810341467,0.010063245610932685,Three-step,0.2,0.2,0.5,0.5,3411,0.0,0.0,0.0,correct,correct,1.5
250,-0.16250392564701854,-0.02690205362886807,-0.1575892240193728,Three-step,0.2,0.2,0.5,0.5,3411,0.0,0.0,0.0,correct,correct,1.5
251,-0.08640814042949327,0.30875241825134997,-0.09663543767320532,Three-step,0.2,0.2,0.5,0.5,3411,0.0,0.0,0.0,correct,correct,1.5
252,0.07455185265237223,0.3979488177477306,-0.034265279583396,Three-step,0.2,0.2,0.5,0.5,3411,0.0,0.0,0.0,correct,correct,1.5
253,-0.21031790773771575,0.4324658015657729,0.10704843253104411,Three-step,0.2,0.2,0.5,0.5,3411,0.0,0.0,0.0,correct,correct,1.5
254,0.1598173744897907,-0.14392864350364015,-0.5120928894900201,Three-step,0.2,0.2,0.5,0.5,3411,0.0,0.0,0.0,correct,correct,1.5
255,-0.04022240639359713,-0.3763078140446515,-0.20321842402606546,Three-step,0.2,0.2,0.5,0.5,3411,0.0,0.0,0.0,correct,correct,1.5
256,-0.26000126461133716,-0.20730542125523882,-0.5551349856896944,Three-step,0.2,0.2,0.5,0.5,3411,0.0,0.0,0.0,correct,correct,1.5
257,-0.05702814181563488,0.4103572877751969,0.2185721403627743,Three-step,0.2,0.2,0.5,0.5,3411,0.0,0.0,0.0,correct,correct,1.5
258,-0.4307008153819327,0.05522106713520052,0.10233643770707804,Three-step,0.2,0.2,0.5,0.5,3411,0.0,0.0,0.0,correct,correct,1.5
259,-0.09952320318127407,-0.5207782380918412,-0.1163769680935425,Three-step,0.2,0.2,0.5,0.5,3411,0.0,0.0,0.0,correct,correct,1.5
260,-0.12798097941245487,-0.18979168062974217,-0.3280308359684389,Three-step,0.2,0.2,0.5,0.5,3411,0.0,0.0,0.0,correct,correct,1.5
261,0.07939603768131519,0.14865713214238913,0.07642301974802716,Three-step,0.2,0.2,0.5,0.5,3411,0.0,0.0,0.0,correct,correct,1.5
262,-0.16545800186862147,0.5619991530180196,0.1394062894747276,Three-step,0.2,0.2,0.5,0.5,3411,0.0,0.0,0.0,correct,correct,1.5
263,-0.2170149251005266,-0.34982503777366414,-0.025712538660757317,Three-step,0.2,0.2,0.5,0.5,3411,0.0,0.0,0.0,correct,correct,1.5
264,0.11286421148467353,0.5754971175057116,-0.07242425444446524,Three-step,0.2,0.2,0.5,0.5,3411,0.0,0.0,0.0,correct,correct,1.5
265,-0.09880841795170388,0.3402920664856028,-0.10123166366457889,Three-step,0.2,0.2,0.5,0.5,3411,0.0,0.0,0.0,correct,correct,1.5
266,-0.005442497384747176,0.05826618133345172,-0.22886220689071282,Three-step,0.2,0.2,0.5,0.5,3411,0.0,0.0,0.0,correct,correct,1.5
267,-0.08396739802236564,0.09227789037947459,-0.027316453444134973,Three-step,0.2,0.2,0.5,0.5,3411,0.0,0.0,0.0,correct,correct,1.5
268,-0.2029197607013383,0.30029902360942456,0.04469970428434337,Three-step,0.2,0.2,0.5,0.5,3411,0.0,0.0,0.0,correct,correct,1.5
269,-0.264951951444137,0.37964023288098386,0.17800503457595201,Three-step,0.2,0.2,0.5,0.5,3411,0.0,0.0,0.0,correct,correct,1.5
270,0.07846195895664598,-0.47556970616869615,0.30653338739163705,Three-step,0.2,0.2,0.5,0.5,3411,0.0,0.0,0.0,correct,correct,1.5
271,0.09081485645494337,-0.009903290037720808,-0.05943695171590789,Three-step,0.2,0.2,0.5,0.5,3411,0.0,0.0,0.0,correct,correct,1.5
272,-0.3212487179086257,-0.24381264761921112,-0.37966355992456097,Three-step,0.2,0.2,0.5,0.5,3411,0.0,0.0,0.0,correct,correct,1.5
273,0.07270825945896639,-0.14803075481935637,-0.10709706923300831,Three-step,0.2,0.2,0.5,0.5,3411,0.0,0.0,0.0,correct,correct,1.5
274,-0.08368199119747888,0.5169993986598557,-0.2859408668632014,Three-step,0.2,0.2,0.5,0.5,3411,0.0,0.0,0.0,correct,correct,1.5
275,0.04556504851821381,0.4980788924755762,-0.017981987192933164,Three-step,0.2,0.2,0.5,0.5,3411,0.0,0.0,0.0,correct,correct,1.5
276,0.050960921626797835,-0.36566224845251044,-0.12008592666980875,Three-step,0.2,0.2,0.5,0.5,3411,0.0,0.0,0.0,correct,correct,1.5
277,0.3384995745195115,0.2348830147537261,-0.013754903826170724,Three-step,0.2,0.2,0.5,0.5,3411,0.0,0.0,0.0,correct,correct,1.5
278,0.18877528092908913,0.001144452226332823,0.0840423595383413,Three-step,0.2,0.2,0.5,0.5,3411,0.0,0.0,0.0,correct,correct,1.5
279,0.04255701524066312,-0.012686898734655677,-0.10308161987293728,Three-step,0.2,0.2,0.5,0.5,3411,0.0,0.0,0.0,correct,correct,1.5
280,-7.785332456711822e-05,0.4480507897890665,0.05131503297762974,Three-step,0.2,0.2,0.5,0.5,3411,0.0,0.0,0.0,correct,correct,1.5
281,0.29977878876594966,0.5954041424033548,0.3522467717642641,Three-step,0.2,0.2,0.5,0.5,3411,0.0,0.0,0.0,correct,correct,1.5
282,0.2515506561850448,-0.5184825018358975,-0.09062196097499653,Three-step,0.2,0.2,0.5,0.5,3411,0.0,0.0,0.0,correct,correct,1.5
283,0.3086371488578402,0.1259806324446569,-0.12841952085846145,Three-step,0.2,0.2,0.5,0.5,3411,0.0,0.0,0.0,correct,correct,1.5
284,-0.12273301066868414,0.08732083618655644,-0.12167456642128124,Three-step,0.2,0.2,0.5,0.5,3411,0.0,0.0,0.0,correct,correct,1.5
285,-0.01912779000149688,-0.4612005167135225,-0.13953977695535752,Three-step,0.2,0.2,0.5,0.5,3411,0.0,0.0,0.0,correct,correct,1.5
286,-0.01391442186230044,-0.3667178452567277,-0.03603736456791732,Three-step,0.2,0.2,0.5,0.5,3411,0.0,0.0,0.0,correct,correct,1.5
287,0.2621831642404604,0.05938275881612108,-0.06953303334618781,Three-step,0.2,0.2,0.5,0.5,3411,0.0,0.0,0.0,correct,correct,1.5
288,-0.45760903970588346,-0.23850973261998645,-0.02508353640579188,Three-step,0.2,0.2,0.5,0.5,3411,0.0,0.0,0.0,correct,correct,1.5
289,-0.3867264816297536,0.4227565548140608,0.24427947169779737,Three-step,0.2,0.2,0.5,0.5,3411,0.0,0.0,0.0,correct,correct,1.5
290,-0.2959498132492225,-0.01439999307237155,-0.317739221763679,Three-step,0.2,0.2,0.5,0.5,3411,0.0,0.0,0.0,correct,correct,1.5
291,0.43955356296844933,-0.10231984458388052,0.16562431573100042,Three-step,0.2,0.2,0.5,0.5,3411,0.0,0.0,0.0,correct,correct,1.5
292,0.49205032639273605,0.2805959535467577,0.020535643185765378,Three-step,0.2,0.2,0.5,0.5,3411,0.0,0.0,0.0,correct,correct,1.5
293,-0.2825314690764623,-0.15254065790918372,0.12259044274432125,Three-step,0.2,0.2,0.5,0.5,3411,0.0,0.0,0.0,correct,correct,1.5
294,0.20967924771527757,-0.14038268929040557,0.0013179130485294762,Three-step,0.2,0.2,0.5,0.5,3411,0.0,0.0,0.0,correct,correct,1.5
295,0.08874163680084211,0.22454154597680775,0.03787079867174727,Three-step,0.2,0.2,0.5,0.5,3411,0.0,0.0,0.0,correct,correct,1.5
296,0.1393688431829392,-0.07296004290987082,-0.025133361706354353,Three-step,0.2,0.2,0.5,0.5,3411,0.0,0.0,0.0,correct,correct,1.5
297,-0.1374252198711538,-0.09646543419269214,-0.15106702670632485,Three-step,0.2,0.2,0.5,0.5,3411,0.0,0.0,0.0,correct,correct,1.5
298,0.4570802340809672,0.19355468764362316,0.04363579474102504,Three-step,0.2,0.2,0.5,0.5,3411,0.0,0.0,0.0,correct,correct,1.5
299,-0.10112725478685862,0.6901975583745761,-0.18435319385487645,Three-step,0.2,0.2,0.5,0.5,3411,0.0,0.0,0.0,correct,correct,1.5
300,0.0128608107355504,-0.2008730930182461,0.07852432980906854,Three-step,0.2,0.2,0.5,0.5,3411,0.0,0.0,0.0,correct,correct,1.5
1,-0.14731201050705076,-0.7815091933858188,0.2706254600415181,Robins' estimator,0.2,0.2,0.5,0.5,3411,0.0,0.0,0.0,correct,correct,1.5
2,-0.10807802742727388,0.15728372111342315,0.23719275038758766,Robins' estimator,0.2,0.2,0.5,0.5,3411,0.0,0.0,0.0,correct,correct,1.5
3,-0.40826749331493806,0.30007683126108853,-0.011670418344567397,Robins' estimator,0.2,0.2,0.5,0.5,3411,0.0,0.0,0.0,correct,correct,1.5
4,0.2943771562084479,-0.03986942231758992,-0.016634657047819815,Robins' estimator,0.2,0.2,0.5,0.5,3411,0.0,0.0,0.0,correct,correct,1.5
5,-0.3467779885758701,0.1681186755483183,-0.45601347903842304,Robins' estimator,0.2,0.2,0.5,0.5,3411,0.0,0.0,0.0,correct,correct,1.5
6,0.2869109528549584,0.07978585007416587,0.22902407625591706,Robins' estimator,0.2,0.2,0.5,0.5,3411,0.0,0.0,0.0,correct,correct,1.5
7,0.469587170580055,-0.14237544911013147,0.021615213389166867,Robins' estimator,0.2,0.2,0.5,0.5,3411,0.0,0.0,0.0,correct,correct,1.5
8,-0.27730726898294084,-0.11326901373813907,0.10974218229530523,Robins' estimator,0.2,0.2,0.5,0.5,3411,0.0,0.0,0.0,correct,correct,1.5
9,-0.19675470206598006,0.02327209204945322,0.2677983464444613,Robins' estimator,0.2,0.2,0.5,0.5,3411,0.0,0.0,0.0,correct,correct,1.5
10,-0.29196009584685895,-0.30045134243921084,-0.07988678802175642,Robins' estimator,0.2,0.2,0.5,0.5,3411,0.0,0.0,0.0,correct,correct,1.5
11,0.2345106874493995,-0.017721874085034346,0.1596281924477684,Robins' estimator,0.2,0.2,0.5,0.5,3411,0.0,0.0,0.0,correct,correct,1.5
12,0.0005202462260777905,-0.17963281744403164,0.20181849633546944,Robins' estimator,0.2,0.2,0.5,0.5,3411,0.0,0.0,0.0,correct,correct,1.5
13,0.32130160882550746,0.15429686348046104,-0.010701886430405228,Robins' estimator,0.2,0.2,0.5,0.5,3411,0.0,0.0,0.0,correct,correct,1.5
14,-0.300529505036354,-0.5484146846717849,-0.10581508510779064,Robins' estimator,0.2,0.2,0.5,0.5,3411,0.0,0.0,0.0,correct,correct,1.5
15,-0.23825851393823264,-0.32090056701749,0.01317625528080249,Robins' estimator,0.2,0.2,0.5,0.5,3411,0.0,0.0,0.0,correct,correct,1.5
16,-0.23488810136685798,-0.194768111847184,-0.4090634588537979,Robins' estimator,0.2,0.2,0.5,0.5,3411,0.0,0.0,0.0,correct,correct,1.5
17,0.4766503936840993,0.5609332950971267,0.14517232430791135,Robins' estimator,0.2,0.2,0.5,0.5,3411,0.0,0.0,0.0,correct,correct,1.5
18,0.078610093094203,-0.396659398021649,-0.18024288595282686,Robins' estimator,0.2,0.2,0.5,0.5,3411,0.0,0.0,0.0,correct,correct,1.5
19,0.015837795713502047,0.11580228551833989,-0.021122664629343035,Robins' estimator,0.2,0.2,0.5,0.5,3411,0.0,0.0,0.0,correct,correct,1.5
20,-0.051013945091492555,0.3335196644989627,0.2853388681032708,Robins' estimator,0.2,0.2,0.5,0.5,3411,0.0,0.0,0.0,correct,correct,1.5
21,0.050936696417676265,0.14705038697810732,0.2110545374067355,Robins' estimator,0.2,0.2,0.5,0.5,3411,0.0,0.0,0.0,correct,correct,1.5
22,0.060757948647537106,0.06601076846237174,0.24830641530923622,Robins' estimator,0.2,0.2,0.5,0.5,3411,0.0,0.0,0.0,correct,correct,1.5
23,-0.09888945773312309,0.3383191989867474,0.25715092167664644,Robins' estimator,0.2,0.2,0.5,0.5,3411,0.0,0.0,0.0,correct,correct,1.5
24,0.44463778746309696,-0.2435978597967525,-0.13122119291260764,Robins' estimator,0.2,0.2,0.5,0.5,3411,0.0,0.0,0.0,correct,correct,1.5
25,-0.03460999582197862,0.5080123814199556,-0.3030262753441812,Robins' estimator,0.2,0.2,0.5,0.5,3411,0.0,0.0,0.0,correct,correct,1.5
26,-0.08198486792201626,-0.024730294303931363,-0.2573205441491942,Robins' estimator,0.2,0.2,0.5,0.5,3411,0.0,0.0,0.0,correct,correct,1.5
27,0.057521154895324236,-0.043856264911335235,0.030096303625108334,Robins' estimator,0.2,0.2,0.5,0.5,3411,0.0,0.0,0.0,correct,correct,1.5
28,-0.11136079984502138,0.04000269616184305,-0.12128148472823548,Robins' estimator,0.2,0.2,0.5,0.5,3411,0.0,0.0,0.0,correct,correct,1.5
29,0.06463575551136155,-0.34957165948752633,0.09136840143589618,Robins' estimator,0.2,0.2,0.5,0.5,3411,0.0,0.0,0.0,correct,correct,1.5
30,-0.19955106304957584,0.14163265759105487,0.07079647987802654,Robins' estimator,0.2,0.2,0.5,0.5,3411,0.0,0.0,0.0,correct,correct,1.5
31,0.1004237404437721,0.42712494806323503,0.3680975749419254,Robins' estimator,0.2,0.2,0.5,0.5,3411,0.0,0.0,0.0,correct,correct,1.5
32,-0.05856849381188866,-0.5272691592052798,-0.06448616075723398,Robins' estimator,0.2,0.2,0.5,0.5,3411,0.0,0.0,0.0,correct,correct,1.5
33,0.17344148697814643,0.35816069144222157,0.023466123829254778,Robins' estimator,0.2,0.2,0.5,0.5,3411,0.0,0.0,0.0,correct,correct,1.5
34,0.13179932196074431,-0.6787086164827465,-0.12259606956825689,Robins' estimator,0.2,0.2,0.5,0.5,3411,0.0,0.0,0.0,correct,correct,1.5
35,0.04868429510190333,0.3581841185544802,-0.0791845724568304,Robins' estimator,0.2,0.2,0.5,0.5,3411,0.0,0.0,0.0,correct,correct,1.5
36,0.12803445529590057,0.009282824803069944,-0.4205513908992984,Robins' estimator,0.2,0.2,0.5,0.5,3411,0.0,0.0,0.0,correct,correct,1.5
37,-0.16380240065250795,-0.0024870167904446423,-0.24819012090256953,Robins' estimator,0.2,0.2,0.5,0.5,3411,0.0,0.0,0.0,correct,correct,1.5
38,-0.17351165091239515,-0.3575444475529563,-0.16660635718761393,Robins' estimator,0.2,0.2,0.5,0.5,3411,0.0,0.0,0.0,correct,correct,1.5
39,-0.22712972796222947,-0.37490190020843617,-0.16639865798275533,Robins' estimator,0.2,0.2,0.5,0.5,3411,0.0,0.0,0.0,correct,correct,1.5
40,0.11293548943241967,0.5045933396000273,-0.01002999640945527,Robins' estimator,0.2,0.2,0.5,0.5,3411,0.0,0.0,0.0,correct,correct,1.5
41,-0.08120475558871412,-0.22388679556163846,0.2571221907901024,Robins' estimator,0.2,0.2,0.5,0.5,3411,0.0,0.0,0.0,correct,correct,1.5
42,0.3355938089639666,-0.02387079075852264,-0.043870423793245475,Robins' estimator,0.2,0.2,0.5,0.5,3411,0.0,0.0,0.0,correct,correct,1.5
43,-0.03759331718770851,-0.2901144036642723,0.10691984557593584,Robins' estimator,0.2,0.2,0.5,0.5,3411,0.0,0.0,0.0,correct,correct,1.5
44,0.5113462066587172,-0.28150257750194535,0.19922541297275226,Robins' estimator,0.2,0.2,0.5,0.5,3411,0.0,0.0,0.0,correct,correct,1.5
45,0.09148278939873247,-0.042243907423601915,-0.03064815231772157,Robins' estimator,0.2,0.2,0.5,0.5,3411,0.0,0.0,0.0,correct,correct,1.5
46,0.07789679330643498,-0.11771926000913666,0.3264669148311193,Robins' estimator,0.2,0.2,0.5,0.5,3411,0.0,0.0,0.0,correct,correct,1.5
47,0.10730053673305849,0.2864106798176924,0.5585409512617794,Robins' estimator,0.2,0.2,0.5,0.5,3411,0.0,0.0,0.0,correct,correct,1.5
48,0.1511195411793758,0.2783114575982359,0.02059918951280892,Robins' estimator,0.2,0.2,0.5,0.5,3411,0.0,0.0,0.0,correct,correct,1.5
49,-0.229534361001438,-0.054187947225012106,0.4483851147275755,Robins' estimator,0.2,0.2,0.5,0.5,3411,0.0,0.0,0.0,correct,correct,1.5
50,-0.3125132503037762,-0.04485748583612615,0.004067387129141729,Robins' estimator,0.2,0.2,0.5,0.5,3411,0.0,0.0,0.0,correct,correct,1.5
51,0.07363681255598806,0.2119928963587795,-0.08655284711110137,Robins' estimator,0.2,0.2,0.5,0.5,3411,0.0,0.0,0.0,correct,correct,1.5
52,0.0236261301529253,0.1633070531848622,-0.13628866899133354,Robins' estimator,0.2,0.2,0.5,0.5,3411,0.0,0.0,0.0,correct,correct,1.5
53,0.17031675402327373,0.2503938212048346,0.24399491185283406,Robins' estimator,0.2,0.2,0.5,0.5,3411,0.0,0.0,0.0,correct,correct,1.5
54,0.021032493337955694,0.3689552628425028,0.09497031565159246,Robins' estimator,0.2,0.2,0.5,0.5,3411,0.0,0.0,0.0,correct,correct,1.5
55,-0.23512011366860663,0.2817271033077843,0.01609651462163908,Robins' estimator,0.2,0.2,0.5,0.5,3411,0.0,0.0,0.0,correct,correct,1.5
56,-0.21216906666947297,0.2055187919382595,-0.2782535958705158,Robins' estimator,0.2,0.2,0.5,0.5,3411,0.0,0.0,0.0,correct,correct,1.5
57,-0.3024448688690594,-0.6360407447849892,-0.32844013310642695,Robins' estimator,0.2,0.2,0.5,0.5,3411,0.0,0.0,0.0,correct,correct,1.5
58,-0.298359989757083,-0.4798517990373506,-0.3549938209433626,Robins' estimator,0.2,0.2,0.5,0.5,3411,0.0,0.0,0.0,correct,correct,1.5
59,0.5069980354203384,0.29617934327514234,0.2413171522180923,Robins' estimator,0.2,0.2,0.5,0.5,3411,0.0,0.0,0.0,correct,correct,1.5
60,0.007677338285751093,0.31321144684223723,-0.004342264692896213,Robins' estimator,0.2,0.2,0.5,0.5,3411,0.0,0.0,0.0,correct,correct,1.5
61,0.061386311188205527,-0.05918562206472662,-0.038759399166004765,Robins' estimator,0.2,0.2,0.5,0.5,3411,0.0,0.0,0.0,correct,correct,1.5
62,-0.017227655891850654,0.011103319409520059,0.3670112756410039,Robins' estimator,0.2,0.2,0.5,0.5,3411,0.0,0.0,0.0,correct,correct,1.5
63,-0.24040240733667156,0.061087141858034676,-0.07851436802834898,Robins' estimator,0.2,0.2,0.5,0.5,3411,0.0,0.0,0.0,correct,correct,1.5
64,-0.01083239557090969,0.3182822737331991,0.054006631880866546,Robins' estimator,0.2,0.2,0.5,0.5,3411,0.0,0.0,0.0,correct,correct,1.5
65,-0.3446710644072511,-0.2202872258527149,0.38472100118489994,Robins' estimator,0.2,0.2,0.5,0.5,3411,0.0,0.0,0.0,correct,correct,1.5
66,0.05034609372612979,0.5146534034145925,0.10794936299770953,Robins' estimator,0.2,0.2,0.5,0.5,3411,0.0,0.0,0.0,correct,correct,1.5
67,0.2965015488524566,-0.4216341531067745,-0.02390471645245498,Robins' estimator,0.2,0.2,0.5,0.5,3411,0.0,0.0,0.0,correct,correct,1.5
68,0.03807980957881002,0.2725469436444109,-0.1822032016030786,Robins' estimator,0.2,0.2,0.5,0.5,3411,0.0,0.0,0.0,correct,correct,1.5
69,-0.22845595351036235,-0.21250094154293525,0.034392627111236744,Robins' estimator,0.2,0.2,0.5,0.5,3411,0.0,0.0,0.0,correct,correct,1.5
70,-0.06964720472027316,-0.15079469855226732,-0.01710955058144789,Robins' estimator,0.2,0.2,0.5,0.5,3411,0.0,0.0,0.0,correct,correct,1.5
71,-0.17797497826155523,-0.13836784389536516,0.21441361164232242,Robins' estimator,0.2,0.2,0.5,0.5,3411,0.0,0.0,0.0,correct,correct,1.5
72,-0.17196064361722832,-0.44062410041449623,-0.5736677274204522,Robins' estimator,0.2,0.2,0.5,0.5,3411,0.0,0.0,0.0,correct,correct,1.5
73,-0.019010642673984328,0.20685925078339715,-0.16034384444185507,Robins' estimator,0.2,0.2,0.5,0.5,3411,0.0,0.0,0.0,correct,correct,1.5
74,-0.45598554478507164,-0.2524452192772264,0.1753119656434632,Robins' estimator,0.2,0.2,0.5,0.5,3411,0.0,0.0,0.0,correct,correct,1.5
75,-0.0517848371964513,-0.06543196951688575,0.15458360812115932,Robins' estimator,0.2,0.2,0.5,0.5,3411,0.0,0.0,0.0,correct,correct,1.5
76,0.042908423945714945,-0.21866335500610387,0.01827356712778425,Robins' estimator,0.2,0.2,0.5,0.5,3411,0.0,0.0,0.0,correct,correct,1.5
77,-0.257285075048419,-0.011601692238370837,-0.4009925703271732,Robins' estimator,0.2,0.2,0.5,0.5,3411,0.0,0.0,0.0,correct,correct,1.5
78,-0.559068464298054,-0.3640575084211798,-0.514725374948421,Robins' estimator,0.2,0.2,0.5,0.5,3411,0.0,0.0,0.0,correct,correct,1.5
79,0.0062845781851702896,-0.20269462168475308,0.5336698292024971,Robins' estimator,0.2,0.2,0.5,0.5,3411,0.0,0.0,0.0,correct,correct,1.5
80,0.10351913446305731,-0.20915835316137849,-0.36024352869058823,Robins' estimator,0.2,0.2,0.5,0.5,3411,0.0,0.0,0.0,correct,correct,1.5
81,-0.2490393303373998,-0.28006821836938334,-0.31491034478347807,Robins' estimator,0.2,0.2,0.5,0.5,3411,0.0,0.0,0.0,correct,correct,1.5
82,0.166585216462872,0.5093639857835612,0.08991625247204754,Robins' estimator,0.2,0.2,0.5,0.5,3411,0.0,0.0,0.0,correct,correct,1.5
83,-0.10223571856845666,0.010181230075981556,-0.010065627877704703,Robins' estimator,0.2,0.2,0.5,0.5,3411,0.0,0.0,0.0,correct,correct,1.5
84,-0.23373306697417426,-0.20072448996855716,0.07271197008238152,Robins' estimator,0.2,0.2,0.5,0.5,3411,0.0,0.0,0.0,correct,correct,1.5
85,-0.2943890945073768,-0.27498785276112475,-0.3524509107666641,Robins' estimator,0.2,0.2,0.5,0.5,3411,0.0,0.0,0.0,correct,correct,1.5
86,-0.21863694855410015,-0.006557556422631551,-0.31908258341294915,Robins' estimator,0.2,0.2,0.5,0.5,3411,0.0,0.0,0.0,correct,correct,1.5
87,-0.08987700216052869,-0.6230559980651779,0.09855429852533774,Robins' estimator,0.2,0.2,0.5,0.5,3411,0.0,0.0,0.0,correct,correct,1.5
88,0.23193755713635836,0.16272252692278424,0.08076790960085743,Robins' estimator,0.2,0.2,0.5,0.5,3411,0.0,0.0,0.0,correct,correct,1.5
89,-0.006089596861394423,-0.28940549296343293,0.23039770620479516,Robins' estimator,0.2,0.2,0.5,0.5,3411,0.0,0.0,0.0,correct,correct,1.5
90,0.05884011470153101,-0.3184050992333821,0.2702176581403289,Robins' estimator,0.2,0.2,0.5,0.5,3411,0.0,0.0,0.0,correct,correct,1.5
91,0.011807105156678124,0.1223571342828632,-0.07993403203302933,Robins' estimator,0.2,0.2,0.5,0.5,3411,0.0,0.0,0.0,correct,correct,1.5
92,-0.5521696456494882,0.02500646356855954,-0.31947910353072806,Robins' estimator,0.2,0.2,0.5,0.5,3411,0.0,0.0,0.0,correct,correct,1.5
93,-0.011545919285179444,0.33814167123905486,-0.3206650874338394,Robins' estimator,0.2,0.2,0.5,0.5,3411,0.0,0.0,0.0,correct,correct,1.5
94,-0.2571190594966513,-0.17354489153911176,0.12371521825892519,Robins' estimator,0.2,0.2,0.5,0.5,3411,0.0,0.0,0.0,correct,correct,1.5
95,-0.1270730623366983,0.06202430112549869,0.21011829333749987,Robins' estimator,0.2,0.2,0.5,0.5,3411,0.0,0.0,0.0,correct,correct,1.5
96,-0.09173672938349046,-0.4148157581591032,-0.15201154224239996,Robins' estimator,0.2,0.2,0.5,0.5,3411,0.0,0.0,0.0,correct,correct,1.5
97,-0.27760637794864057,-0.16030258267832936,0.06012814326193385,Robins' estimator,0.2,0.2,0.5,0.5,3411,0.0,0.0,0.0,correct,correct,1.5
98,0.11877376721256075,0.48180419413402553,-0.1682119665010095,Robins' estimator,0.2,0.2,0.5,0.5,3411,0.0,0.0,0.0,correct,correct,1.5
99,-0.29810630345927663,-0.12250389354291816,0.39683785052304915,Robins' estimator,0.2,0.2,0.5,0.5,3411,0.0,0.0,0.0,correct,correct,1.5
100,-0.0503586119393622,0.1973983532170613,-0.02349626583353819,Robins' estimator,0.2,0.2,0.5,0.5,3411,0.0,0.0,0.0,correct,correct,1.5
101,0.009574591729315133,-0.28052859202969893,-0.08477836612078496,Robins' estimator,0.2,0.2,0.5,0.5,3411,0.0,0.0,0.0,correct,correct,1.5
102,0.17695998912326474,-0.19081244998588315,-0.1609675380313461,Robins' estimator,0.2,0.2,0.5,0.5,3411,0.0,0.0,0.0,correct,correct,1.5
103,0.016408908897232025,-0.16447469349570992,0.1720571348163394,Robins' estimator,0.2,0.2,0.5,0.5,3411,0.0,0.0,0.0,correct,correct,1.5
104,-0.5110164640777388,0.2512338602215242,0.014199916862083996,Robins' estimator,0.2,0.2,0.5,0.5,3411,0.0,0.0,0.0,correct,correct,1.5
105,-0.19788363812355225,-0.18954901897253817,-0.5268497422572178,Robins' estimator,0.2,0.2,0.5,0.5,3411,0.0,0.0,0.0,correct,correct,1.5
106,-0.30692508253948375,-0.5353573851223143,-0.34461740116175604,Robins' estimator,0.2,0.2,0.5,0.5,3411,0.0,0.0,0.0,correct,correct,1.5
107,-0.5237361708389606,-0.3577875793184878,0.40601546698034147,Robins' estimator,0.2,0.2,0.5,0.5,3411,0.0,0.0,0.0,correct,correct,1.5
108,-0.14246906020623037,0.056758843567889815,0.4322993469262126,Robins' estimator,0.2,0.2,0.5,0.5,3411,0.0,0.0,0.0,correct,correct,1.5
109,0.01612624717199304,0.15721556773481746,0.21310137036833826,Robins' estimator,0.2,0.2,0.5,0.5,3411,0.0,0.0,0.0,correct,correct,1.5
110,0.36303787943364385,-0.448189834969253,0.22571252312336185,Robins' estimator,0.2,0.2,0.5,0.5,3411,0.0,0.0,0.0,correct,correct,1.5
111,0.12503918926912322,0.18407960058773987,-0.04036515191663959,Robins' estimator,0.2,0.2,0.5,0.5,3411,0.0,0.0,0.0,correct,correct,1.5
112,-0.11592429127648134,-0.12449406384497638,-0.027331394945057007,Robins' estimator,0.2,0.2,0.5,0.5,3411,0.0,0.0,0.0,correct,correct,1.5
113,-0.42946411720481803,0.09916397243002345,0.12534823968410722,Robins' estimator,0.2,0.2,0.5,0.5,3411,0.0,0.0,0.0,correct,correct,1.5
114,0.30038941445180023,-0.08784753326858033,-0.2059118091152923,Robins' estimator,0.2,0.2,0.5,0.5,3411,0.0,0.0,0.0,correct,correct,1.5
115,0.18038451291343258,-0.09377283355077376,-0.05659348257901766,Robins' estimator,0.2,0.2,0.5,0.5,3411,0.0,0.0,0.0,correct,correct,1.5
116,-0.031906156532328284,0.10311511989662554,-0.1549877325504668,Robins' estimator,0.2,0.2,0.5,0.5,3411,0.0,0.0,0.0,correct,correct,1.5
117,-0.4816853226910884,-0.7823881852227879,-0.0516768480159897,Robins' estimator,0.2,0.2,0.5,0.5,3411,0.0,0.0,0.0,correct,correct,1.5
118,-0.18752217961415815,-0.39566163877857685,-0.24302191482592841,Robins' estimator,0.2,0.2,0.5,0.5,3411,0.0,0.0,0.0,correct,correct,1.5
119,-0.05564474039435737,-0.05522465011493212,-0.04040251329473395,Robins' estimator,0.2,0.2,0.5,0.5,3411,0.0,0.0,0.0,correct,correct,1.5
120,-0.21939843960681402,0.051141462692363374,0.19263359105663064,Robins' estimator,0.2,0.2,0.5,0.5,3411,0.0,0.0,0.0,correct,correct,1.5
121,-0.0038365601645072756,0.3191541593917259,0.27470726672886714,Robins' estimator,0.2,0.2,0.5,0.5,3411,0.0,0.0,0.0,correct,correct,1.5
122,0.5123316003649115,-0.09052503858864994,-0.021447961200652656,Robins' estimator,0.2,0.2,0.5,0.5,3411,0.0,0.0,0.0,correct,correct,1.5
123,0.26973454332580915,0.41007803245408103,0.13567886157536638,Robins' estimator,0.2,0.2,0.5,0.5,3411,0.0,0.0,0.0,correct,correct,1.5
124,-0.04106074633417028,-0.22563681176745493,-0.3122466297353114,Robins' estimator,0.2,0.2,0.5,0.5,3411,0.0,0.0,0.0,correct,correct,1.5
125,-0.1344960745358577,0.2398895052662314,0.2531181425289293,Robins' estimator,0.2,0.2,0.5,0.5,3411,0.0,0.0,0.0,correct,correct,1.5
126,-0.09889712836904853,-0.11328672268957164,0.029583129444307292,Robins' estimator,0.2,0.2,0.5,0.5,3411,0.0,0.0,0.0,correct,correct,1.5
127,-0.0001298947837934996,0.0950301158938815,0.18517574910219892,Robins' estimator,0.2,0.2,0.5,0.5,3411,0.0,0.0,0.0,correct,correct,1.5
128,0.3246297365207206,-0.18679201764821937,0.3442144650767686,Robins' estimator,0.2,0.2,0.5,0.5,3411,0.0,0.0,0.0,correct,correct,1.5
129,-0.02543097662878505,0.08458145578765157,0.32370674165131325,Robins' estimator,0.2,0.2,0.5,0.5,3411,0.0,0.0,0.0,correct,correct,1.5
130,-0.16371656285313554,-0.533546557215282,-0.20146413448086553,Robins' estimator,0.2,0.2,0.5,0.5,3411,0.0,0.0,0.0,correct,correct,1.5
131,-0.03199126988211492,-0.00841471814288151,-0.03079862003764684,Robins' estimator,0.2,0.2,0.5,0.5,3411,0.0,0.0,0.0,correct,correct,1.5
132,-0.44449757847727833,-0.1848512369795811,0.0707148245236115,Robins' estimator,0.2,0.2,0.5,0.5,3411,0.0,0.0,0.0,correct,correct,1.5
133,-0.10079422679995624,-0.3221750845624601,0.05544399262564822,Robins' estimator,0.2,0.2,0.5,0.5,3411,0.0,0.0,0.0,correct,correct,1.5
134,0.024689367505785695,-0.19861998824995222,0.17866925758984406,Robins' estimator,0.2,0.2,0.5,0.5,3411,0.0,0.0,0.0,correct,correct,1.5
135,0.11754350150068663,-0.18095774370204482,-0.15047352511374162,Robins' estimator,0.2,0.2,0.5,0.5,3411,0.0,0.0,0.0,correct,correct,1.5
136,-0.2239435593747954,-0.12913965391935486,-0.08254496743551162,Robins' estimator,0.2,0.2,0.5,0.5,3411,0.0,0.0,0.0,correct,correct,1.5
137,-0.020217889190747084,0.22114825038515032,-0.05519577326663005,Robins' estimator,0.2,0.2,0.5,0.5,3411,0.0,0.0,0.0,correct,correct,1.5
138,0.3780975693387583,0.004043438430011042,0.07695264194198671,Robins' estimator,0.2,0.2,0.5,0.5,3411,0.0,0.0,0.0,correct,correct,1.5
139,-0.176158308832789,-0.12911208256954515,-0.17802700459998666,Robins' estimator,0.2,0.2,0.5,0.5,3411,0.0,0.0,0.0,correct,correct,1.5
140,0.33213263499427936,0.027487982702668588,0.20207902651099602,Robins' estimator,0.2,0.2,0.5,0.5,3411,0.0,0.0,0.0,correct,correct,1.5
141,0.006733857396267877,-0.22802143948278839,0.0476675383957092,Robins' estimator,0.2,0.2,0.5,0.5,3411,0.0,0.0,0.0,correct,correct,1.5
142,0.11073091977295589,-0.24014712644281638,0.2086333002274421,Robins' estimator,0.2,0.2,0.5,0.5,3411,0.0,0.0,0.0,correct,correct,1.5
143,0.18586591507890418,0.28872381001908504,0.030757698900621036,Robins' estimator,0.2,0.2,0.5,0.5,3411,0.0,0.0,0.0,correct,correct,1.5
144,0.2629195528918766,0.3856877625827099,0.10411046451152836,Robins' estimator,0.2,0.2,0.5,0.5,3411,0.0,0.0,0.0,correct,correct,1.5
145,0.2058304937480083,0.11402278622207293,0.5674023871899251,Robins' estimator,0.2,0.2,0.5,0.5,3411,0.0,0.0,0.0,correct,correct,1.5
146,-0.1308966277271725,-0.14429056088027242,-0.09227917651464349,Robins' estimator,0.2,0.2,0.5,0.5,3411,0.0,0.0,0.0,correct,correct,1.5
147,0.007003341335095773,0.009008958643774333,-0.04698409279099135,Robins' estimator,0.2,0.2,0.5,0.5,3411,0.0,0.0,0.0,correct,correct,1.5
148,0.186661418643163,-0.029105218305461308,-0.005244723609710513,Robins' estimator,0.2,0.2,0.5,0.5,3411,0.0,0.0,0.0,correct,correct,1.5
149,-0.16520255861807207,-0.22052293360165534,0.06765480532972923,Robins' estimator,0.2,0.2,0.5,0.5,3411,0.0,0.0,0.0,correct,correct,1.5
150,0.1686944566837221,-0.1274055196750832,-0.08866446530993974,Robins' estimator,0.2,0.2,0.5,0.5,3411,0.0,0.0,0.0,correct,correct,1.5
151,0.02373393124060826,-0.18559930773854283,-0.1675462874442357,Robins' estimator,0.2,0.2,0.5,0.5,3411,0.0,0.0,0.0,correct,correct,1.5
152,0.08820684817314249,-0.18630930058698364,0.05936530028905724,Robins' estimator,0.2,0.2,0.5,0.5,3411,0.0,0.0,0.0,correct,correct,1.5
153,0.15980064892117166,-0.014689452657142074,0.28045286876041947,Robins' estimator,0.2,0.2,0.5,0.5,3411,0.0,0.0,0.0,correct,correct,1.5
154,0.010848888334598373,0.7138276132681683,0.03798128137663863,Robins' estimator,0.2,0.2,0.5,0.5,3411,0.0,0.0,0.0,correct,correct,1.5
155,0.0610615493828078,0.23327211395650493,-0.3436055367258503,Robins' estimator,0.2,0.2,0.5,0.5,3411,0.0,0.0,0.0,correct,correct,1.5
156,0.40280937960952273,-0.16606340118875798,0.35372124965516044,Robins' estimator,0.2,0.2,0.5,0.5,3411,0.0,0.0,0.0,correct,correct,1.5
157,-0.04900767730641581,0.1568543713721615,-0.3888686008880536,Robins' estimator,0.2,0.2,0.5,0.5,3411,0.0,0.0,0.0,correct,correct,1.5
158,0.24210606845282362,0.3025287069714454,0.09018486584205815,Robins' estimator,0.2,0.2,0.5,0.5,3411,0.0,0.0,0.0,correct,correct,1.5
159,-0.012868928643135324,0.9311595435119494,0.2506169768576157,Robins' estimator,0.2,0.2,0.5,0.5,3411,0.0,0.0,0.0,correct,correct,1.5
160,0.14898457945827154,-0.15693690908586555,0.3282494427026072,Robins' estimator,0.2,0.2,0.5,0.5,3411,0.0,0.0,0.0,correct,correct,1.5
161,-0.0028428128214469813,0.19780860396889324,-0.25082957326057526,Robins' estimator,0.2,0.2,0.5,0.5,3411,0.0,0.0,0.0,correct,correct,1.5
162,0.2605241798696042,0.6559962942222923,-0.2555650218497543,Robins' estimator,0.2,0.2,0.5,0.5,3411,0.0,0.0,0.0,correct,correct,1.5
163,0.02189381376650232,0.31543035593347746,-0.0019066650463372859,Robins' estimator,0.2,0.2,0.5,0.5,3411,0.0,0.0,0.0,correct,correct,1.5
164,-0.5208521935170722,0.26858142758348696,-0.6698759762638453,Robins' estimator,0.2,0.2,0.5,0.5,3411,0.0,0.0,0.0,correct,correct,1.5
165,-0.10781531172723706,0.25759099593892926,-0.042100429477594355,Robins' estimator,0.2,0.2,0.5,0.5,3411,0.0,0.0,0.0,correct,correct,1.5
166,0.1275305019465638,-0.4214051640350156,0.2290798082453467,Robins' estimator,0.2,0.2,0.5,0.5,3411,0.0,0.0,0.0,correct,correct,1.5
167,-0.23786228455505348,0.31311795824132044,-0.23001585984088907,Robins' estimator,0.2,0.2,0.5,0.5,3411,0.0,0.0,0.0,correct,correct,1.5
168,0.11305460849271522,-0.3362651331486781,-0.3516722226320238,Robins' estimator,0.2,0.2,0.5,0.5,3411,0.0,0.0,0.0,correct,correct,1.5
169,-0.16805233299772868,0.6097451482453775,-0.19839457542239114,Robins' estimator,0.2,0.2,0.5,0.5,3411,0.0,0.0,0.0,correct,correct,1.5
170,0.05897928904696572,-0.14043563772373796,0.005874528412041867,Robins' estimator,0.2,0.2,0.5,0.5,3411,0.0,0.0,0.0,correct,correct,1.5
171,-0.2858492282305835,0.026625711884577147,-0.37063206467137866,Robins' estimator,0.2,0.2,0.5,0.5,3411,0.0,0.0,0.0,correct,correct,1.5
172,-0.16543712302395705,0.14872119992265012,-0.1450974483845134,Robins' estimator,0.2,0.2,0.5,0.5,3411,0.0,0.0,0.0,correct,correct,1.5
173,-0.042995955179322275,-0.2401432134507692,0.07915609268893593,Robins' estimator,0.2,0.2,0.5,0.5,3411,0.0,0.0,0.0,correct,correct,1.5
174,0.11672270331607652,0.2724246456245624,0.1088526127585209,Robins' estimator,0.2,0.2,0.5,0.5,3411,0.0,0.0,0.0,correct,correct,1.5
175,0.33958700134524267,-0.15478383287588166,-0.10333016064340303,Robins' estimator,0.2,0.2,0.5,0.5,3411,0.0,0.0,0.0,correct,correct,1.5
176,-0.2856870146015028,-0.10160221785716482,-0.19319763302497087,Robins' estimator,0.2,0.2,0.5,0.5,3411,0.0,0.0,0.0,correct,correct,1.5
177,0.13384964681850303,-0.1187037532228697,-0.20783085570367024,Robins' estimator,0.2,0.2,0.5,0.5,3411,0.0,0.0,0.0,correct,correct,1.5
178,0.07302264379540431,-0.06786435622308941,0.3850723356460368,Robins' estimator,0.2,0.2,0.5,0.5,3411,0.0,0.0,0.0,correct,correct,1.5
179,-0.1710879782371934,-0.047558070454319666,0.16595185525631634,Robins' estimator,0.2,0.2,0.5,0.5,3411,0.0,0.0,0.0,correct,correct,1.5
180,0.22433333483492895,0.1687763628377077,-0.2160218984194704,Robins' estimator,0.2,0.2,0.5,0.5,3411,0.0,0.0,0.0,correct,correct,1.5
181,0.11071211342512015,0.08366283898636995,0.29814801048829886,Robins' estimator,0.2,0.2,0.5,0.5,3411,0.0,0.0,0.0,correct,correct,1.5
182,0.1949964904608904,-0.04485393670480056,0.028871737995664334,Robins' estimator,0.2,0.2,0.5,0.5,3411,0.0,0.0,0.0,correct,correct,1.5
183,0.32579660638034375,0.33617627814374434,0.1139357261002289,Robins' estimator,0.2,0.2,0.5,0.5,3411,0.0,0.0,0.0,correct,correct,1.5
184,0.03951446316636403,0.3817809965415623,-0.11678188656584758,Robins' estimator,0.2,0.2,0.5,0.5,3411,0.0,0.0,0.0,correct,correct,1.5
185,-0.015842101574322365,0.0004595676147944622,-0.21520160184400872,Robins' estimator,0.2,0.2,0.5,0.5,3411,0.0,0.0,0.0,correct,correct,1.5
186,0.16370971023051756,0.23811643894702605,0.17364164368206786,Robins' estimator,0.2,0.2,0.5,0.5,3411,0.0,0.0,0.0,correct,correct,1.5
187,0.2532490055957168,0.16639112049110033,-0.045957585066412794,Robins' estimator,0.2,0.2,0.5,0.5,3411,0.0,0.0,0.0,correct,correct,1.5
188,-0.0931522887846841,0.022982548861044123,-0.36351703263865404,Robins' estimator,0.2,0.2,0.5,0.5,3411,0.0,0.0,0.0,correct,correct,1.5
189,0.4198825952616459,-0.11502430804426866,0.3548724918686429,Robins' estimator,0.2,0.2,0.5,0.5,3411,0.0,0.0,0.0,correct,correct,1.5
190,0.14770569964035524,0.493205207968986,0.18106725274126803,Robins' estimator,0.2,0.2,0.5,0.5,3411,0.0,0.0,0.0,correct,correct,1.5
191,-0.27175415382753787,-0.12264405737397056,0.12863433429747387,Robins' estimator,0.2,0.2,0.5,0.5,3411,0.0,0.0,0.0,correct,correct,1.5
192,-0.05468140928434711,0.3425991879604714,0.10039779130765218,Robins' estimator,0.2,0.2,0.5,0.5,3411,0.0,0.0,0.0,correct,correct,1.5
193,-0.35015606488946144,0.4068585081669405,0.050425629783101104,Robins' estimator,0.2,0.2,0.5,0.5,3411,0.0,0.0,0.0,correct,correct,1.5
194,0.43162302811484754,0.037714897154015374,0.24570299740482465,Robins' estimator,0.2,0.2,0.5,0.5,3411,0.0,0.0,0.0,correct,correct,1.5
195,-0.49344868191803687,-0.3386312761414114,-0.0020020563390847628,Robins' estimator,0.2,0.2,0.5,0.5,3411,0.0,0.0,0.0,correct,correct,1.5
196,-0.15948195692712838,-0.33467304604617665,-0.014223405145118977,Robins' estimator,0.2,0.2,0.5,0.5,3411,0.0,0.0,0.0,correct,correct,1.5
197,-0.053296704761744196,-0.05907230611987755,0.22818850178001665,Robins' estimator,0.2,0.2,0.5,0.5,3411,0.0,0.0,0.0,correct,correct,1.5
198,0.14514922438253164,-0.1067261343762527,-0.3140775111828411,Robins' estimator,0.2,0.2,0.5,0.5,3411,0.0,0.0,0.0,correct,correct,1.5
199,0.39731984102900775,0.23606462438573642,0.2643144578094624,Robins' estimator,0.2,0.2,0.5,0.5,3411,0.0,0.0,0.0,correct,correct,1.5
200,-0.02813456367087817,0.40423830002526945,0.08468143182413561,Robins' estimator,0.2,0.2,0.5,0.5,3411,0.0,0.0,0.0,correct,correct,1.5
201,0.10209087978890233,-0.13254161690887603,0.21703310509565485,Robins' estimator,0.2,0.2,0.5,0.5,3411,0.0,0.0,0.0,correct,correct,1.5
202,-0.05187015984521346,0.04555986154289597,-0.055204715523538894,Robins' estimator,0.2,0.2,0.5,0.5,3411,0.0,0.0,0.0,correct,correct,1.5
203,0.2709077768481887,-0.13337518549362984,0.0967858658783761,Robins' estimator,0.2,0.2,0.5,0.5,3411,0.0,0.0,0.0,correct,correct,1.5
204,0.17396808399631392,-0.10246930957719667,0.23571891375073237,Robins' estimator,0.2,0.2,0.5,0.5,3411,0.0,0.0,0.0,correct,correct,1.5
205,0.09955532547469424,0.3165843845627456,0.1672209299528607,Robins' estimator,0.2,0.2,0.5,0.5,3411,0.0,0.0,0.0,correct,correct,1.5
206,0.1289883164950958,0.02921122885245092,0.10137375256242151,Robins' estimator,0.2,0.2,0.5,0.5,3411,0.0,0.0,0.0,correct,correct,1.5
207,0.2083913680034721,0.3978852817166049,0.10376108341104966,Robins' estimator,0.2,0.2,0.5,0.5,3411,0.0,0.0,0.0,correct,correct,1.5
208,-0.3202099717482422,-0.11098474727337612,0.1318493291357244,Robins' estimator,0.2,0.2,0.5,0.5,3411,0.0,0.0,0.0,correct,correct,1.5
209,-0.06418687823398789,0.28018338221391187,0.04669642820693245,Robins' estimator,0.2,0.2,0.5,0.5,3411,0.0,0.0,0.0,correct,correct,1.5
210,0.13351294704732058,0.08543999181338242,0.5078561988547439,Robins' estimator,0.2,0.2,0.5,0.5,3411,0.0,0.0,0.0,correct,correct,1.5
211,0.36231957856423636,0.42308434818860047,0.21554982908255013,Robins' estimator,0.2,0.2,0.5,0.5,3411,0.0,0.0,0.0,correct,correct,1.5
212,0.2643218882321822,0.005865636577227309,-0.03880190346464316,Robins' estimator,0.2,0.2,0.5,0.5,3411,0.0,0.0,0.0,correct,correct,1.5
213,0.09940757023938991,-0.37482468394344376,-0.1127900288910351,Robins' estimator,0.2,0.2,0.5,0.5,3411,0.0,0.0,0.0,correct,correct,1.5
214,-0.27129953413411145,-0.09879963061335084,0.2089298339670063,Robins' estimator,0.2,0.2,0.5,0.5,3411,0.0,0.0,0.0,correct,correct,1.5
215,-0.07552372737161492,-0.2526819658678353,0.11667385267026924,Robins' estimator,0.2,0.2,0.5,0.5,3411,0.0,0.0,0.0,correct,correct,1.5
216,0.33268739801449493,0.07664594054700778,0.28805978425230105,Robins' estimator,0.2,0.2,0.5,0.5,3411,0.0,0.0,0.0,correct,correct,1.5
217,0.3696207764102878,0.3818844553757958,0.10574806976709336,Robins' estimator,0.2,0.2,0.5,0.5,3411,0.0,0.0,0.0,correct,correct,1.5
218,-0.12981842193528312,-0.3585071728133568,0.09591108875364934,Robins' estimator,0.2,0.2,0.5,0.5,3411,0.0,0.0,0.0,correct,correct,1.5
219,-0.005734349473631642,-0.11797512390462547,0.21182196099237235,Robins' estimator,0.2,0.2,0.5,0.5,3411,0.0,0.0,0.0,correct,correct,1.5
220,0.2502947000119629,-0.02814305699989898,-0.07825112875001912,Robins' estimator,0.2,0.2,0.5,0.5,3411,0.0,0.0,0.0,correct,correct,1.5
221,0.06554906016179092,-0.09104315433521654,-0.22530502403367067,Robins' estimator,0.2,0.2,0.5,0.5,3411,0.0,0.0,0.0,correct,correct,1.5
222,0.059760318646444086,0.1915136540823919,0.07918569081848613,Robins' estimator,0.2,0.2,0.5,0.5,3411,0.0,0.0,0.0,correct,correct,1.5
223,0.06994514872296752,0.25162091259439523,0.7195645571911435,Robins' estimator,0.2,0.2,0.5,0.5,3411,0.0,0.0,0.0,correct,correct,1.5
224,-0.175514297242401,-0.4949242660844705,-0.26193426022358685,Robins' estimator,0.2,0.2,0.5,0.5,3411,0.0,0.0,0.0,correct,correct,1.5
225,-0.13595887136720744,-0.0994056637484097,-0.00236237905038225,Robins' estimator,0.2,0.2,0.5,0.5,3411,0.0,0.0,0.0,correct,correct,1.5
226,0.2273299578287501,0.36081757401041,0.1074967895271605,Robins' estimator,0.2,0.2,0.5,0.5,3411,0.0,0.0,0.0,correct,correct,1.5
227,0.3383970136557813,-0.2240740497737388,0.34745858685084235,Robins' estimator,0.2,0.2,0.5,0.5,3411,0.0,0.0,0.0,correct,correct,1.5
228,0.20341989089902096,0.019299634510881188,0.14974421356331663,Robins' estimator,0.2,0.2,0.5,0.5,3411,0.0,0.0,0.0,correct,correct,1.5
229,-0.05746046020118456,-0.3070818083495485,-0.054412344131406165,Robins' estimator,0.2,0.2,0.5,0.5,3411,0.0,0.0,0.0,correct,correct,1.5
230,-0.2315991768876011,0.24625907935713817,-0.25333318026832347,Robins' estimator,0.2,0.2,0.5,0.5,3411,0.0,0.0,0.0,correct,correct,1.5
231,0.33639410392793156,0.13077927666174502,0.18692644720608015,Robins' estimator,0.2,0.2,0.5,0.5,3411,0.0,0.0,0.0,correct,correct,1.5
232,-0.17231337047949044,-0.290721377666863,-0.11136984958598758,Robins' estimator,0.2,0.2,0.5,0.5,3411,0.0,0.0,0.0,correct,correct,1.5
233,-0.2702317385065767,-0.13332092535802287,0.25661619133353464,Robins' estimator,0.2,0.2,0.5,0.5,3411,0.0,0.0,0.0,correct,correct,1.5
234,-0.029354237274532995,-0.13624002161797075,0.11846755670124488,Robins' estimator,0.2,0.2,0.5,0.5,3411,0.0,0.0,0.0,correct,correct,1.5
235,-0.22915584385505577,0.10083758981625454,0.0036018559741182207,Robins' estimator,0.2,0.2,0.5,0.5,3411,0.0,0.0,0.0,correct,correct,1.5
236,-0.32742751617644783,0.0626340826006211,0.056080122040054525,Robins' estimator,0.2,0.2,0.5,0.5,3411,0.0,0.0,0.0,correct,correct,1.5
237,-0.07418510433796598,-0.014334945616779584,0.18738269421312992,Robins' estimator,0.2,0.2,0.5,0.5,3411,0.0,0.0,0.0,correct,correct,1.5
238,0.16670340527955685,0.24544789395975158,-0.029730357598873488,Robins' estimator,0.2,0.2,0.5,0.5,3411,0.0,0.0,0.0,correct,correct,1.5
239,-0.23842722288232338,-0.4277003183574476,-0.1627423618709383,Robins' estimator,0.2,0.2,0.5,0.5,3411,0.0,0.0,0.0,correct,correct,1.5
240,0.08254351420081786,0.02091344569631003,-0.00184795122226953,Robins' estimator,0.2,0.2,0.5,0.5,3411,0.0,0.0,0.0,correct,correct,1.5
241,-0.13031629999994349,0.7051922419045089,0.11484165563623319,Robins' estimator,0.2,0.2,0.5,0.5,3411,0.0,0.0,0.0,correct,correct,1.5
242,0.26139216764054424,0.4845442948825189,-0.0031426028450610545,Robins' estimator,0.2,0.2,0.5,0.5,3411,0.0,0.0,0.0,correct,correct,1.5
243,0.01354441327066349,0.1580318934825042,-0.06598807668357429,Robins' estimator,0.2,0.2,0.5,0.5,3411,0.0,0.0,0.0,correct,correct,1.5
244,0.11534476943470669,0.05726165645573315,0.28277332145918727,Robins' estimator,0.2,0.2,0.5,0.5,3411,0.0,0.0,0.0,correct,correct,1.5
245,0.09350700428649783,-0.0763451092498097,0.0019295224077380657,Robins' estimator,0.2,0.2,0.5,0.5,3411,0.0,0.0,0.0,correct,correct,1.5
246,-0.5117929715003288,-0.3045100278728845,-0.1740867711215251,Robins' estimator,0.2,0.2,0.5,0.5,3411,0.0,0.0,0.0,correct,correct,1.5
247,0.015756141650481358,-0.18843513181143062,-0.24002940695491687,Robins' estimator,0.2,0.2,0.5,0.5,3411,0.0,0.0,0.0,correct,correct,1.5
248,0.233253144398217,-0.07015208766653201,-0.2255941252027151,Robins' estimator,0.2,0.2,0.5,0.5,3411,0.0,0.0,0.0,correct,correct,1.5
249,0.16691020314672345,0.4689806893565299,0.010063245610932728,Robins' estimator,0.2,0.2,0.5,0.5,3411,0.0,0.0,0.0,correct,correct,1.5
250,-0.08220326616479838,0.11400655539682575,-0.15758922404030637,Robins' estimator,0.2,0.2,0.5,0.5,3411,0.0,0.0,0.0,correct,correct,1.5
251,-0.11144797288995287,0.23769195332576032,-0.09663543767320687,Robins' estimator,0.2,0.2,0.5,0.5,3411,0.0,0.0,0.0,correct,correct,1.5
252,0.14541498305220613,0.37224776313615326,-0.03426527958339381,Robins' estimator,0.2,0.2,0.5,0.5,3411,0.0,0.0,0.0,correct,correct,1.5
253,-0.18064491261758678,0.33862451702145396,0.1070484325310211,Robins' estimator,0.2,0.2,0.5,0.5,3411,0.0,0.0,0.0,correct,correct,1.5
254,0.08739593516750893,-0.09924863994990454,-0.5120928894677218,Robins' estimator,0.2,0.2,0.5,0.5,3411,0.0,0.0,0.0,correct,correct,1.5
255,-0.022044927090300735,-0.3351173697414306,-0.20321842402552173,Robins' estimator,0.2,0.2,0.5,0.5,3411,0.0,0.0,0.0,correct,correct,1.5
256,-0.16364324737292266,-0.2437963012929553,-0.555134985814961,Robins' estimator,0.2,0.2,0.5,0.5,3411,0.0,0.0,0.0,correct,correct,1.5
257,-0.050568279798474794,0.3098350198350743,0.21857214036277411,Robins' estimator,0.2,0.2,0.5,0.5,3411,0.0,0.0,0.0,correct,correct,1.5
258,-0.42828891762360727,0.07073200928614841,0.10233643770786321,Robins' estimator,0.2,0.2,0.5,0.5,3411,0.0,0.0,0.0,correct,correct,1.5
259,-0.07166448463715261,-0.5204682420038801,-0.11637696809354243,Robins' estimator,0.2,0.2,0.5,0.5,3411,0.0,0.0,0.0,correct,correct,1.5
260,-0.10877378551759229,-0.18810550500313022,-0.328030835968464,Robins' estimator,0.2,0.2,0.5,0.5,3411,0.0,0.0,0.0,correct,correct,1.5
261,0.05790769066761485,0.12957623789853345,0.07642301974802765,Robins' estimator,0.2,0.2,0.5,0.5,3411,0.0,0.0,0.0,correct,correct,1.5
262,-0.1576382732234399,0.5261234606658053,0.13940628947145167,Robins' estimator,0.2,0.2,0.5,0.5,3411,0.0,0.0,0.0,correct,correct,1.5
263,-0.1767382182840509,-0.3487763855538813,-0.02571253866075745,Robins' estimator,0.2,0.2,0.5,0.5,3411,0.0,0.0,0.0,correct,correct,1.5
264,0.1796341468047424,0.584696471792087,-0.07242425444446511,Robins' estimator,0.2,0.2,0.5,0.5,3411,0.0,0.0,0.0,correct,correct,1.5
265,-0.04432240610801118,0.2960691407054966,-0.10123166366430579,Robins' estimator,0.2,0.2,0.5,0.5,3411,0.0,0.0,0.0,correct,correct,1.5
266,-0.0761751651282774,0.04982746880803331,-0.22886220688657288,Robins' estimator,0.2,0.2,0.5,0.5,3411,0.0,0.0,0.0,correct,correct,1.5
267,-0.14534324808159355,0.08113949708222747,-0.027316453444134785,Robins' estimator,0.2,0.2,0.5,0.5,3411,0.0,0.0,0.0,correct,correct,1.5
268,-0.22727434493146265,0.2958751603014071,0.04469970428434345,Robins' estimator,0.2,0.2,0.5,0.5,3411,0.0,0.0,0.0,correct,correct,1.5
269,-0.2551915669584626,0.2712388849259129,0.17800503457596276,Robins' estimator,0.2,0.2,0.5,0.5,3411,0.0,0.0,0.0,correct,correct,1.5
270,-0.016337879444481476,-0.38254187641350296,0.30653338738560554,Robins' estimator,0.2,0.2,0.5,0.5,3411,0.0,0.0,0.0,correct,correct,1.5
271,-0.09079175636600677,0.06610352097324185,-0.05943695171580706,Robins' estimator,0.2,0.2,0.5,0.5,3411,0.0,0.0,0.0,correct,correct,1.5
272,-0.30749736280382634,-0.13428209515997572,-0.3796635598654045,Robins' estimator,0.2,0.2,0.5,0.5,3411,0.0,0.0,0.0,correct,correct,1.5
273,0.147241699303888,0.10874467154391546,-0.10709706923273064,Robins' estimator,0.2,0.2,0.5,0.5,3411,0.0,0.0,0.0,correct,correct,1.5
274,-0.14780593557281868,0.4228121223724021,-0.28594086694378423,Robins' estimator,0.2,0.2,0.5,0.5,3411,0.0,0.0,0.0,correct,correct,1.5
275,-0.00021364116059669673,0.44622843754759145,-0.017981987192933334,Robins' estimator,0.2,0.2,0.5,0.5,3411,0.0,0.0,0.0,correct,correct,1.5
276,0.014241907587891157,-0.41812151753236176,-0.12008592666981159,Robins' estimator,0.2,0.2,0.5,0.5,3411,0.0,0.0,0.0,correct,correct,1.5
277,0.3164743814896877,0.1431781119591947,-0.013754903826170655,Robins' estimator,0.2,0.2,0.5,0.5,3411,0.0,0.0,0.0,correct,correct,1.5
278,0.24708464538900288,-0.029669350062349914,0.08404235953836633,Robins' estimator,0.2,0.2,0.5,0.5,3411,0.0,0.0,0.0,correct,correct,1.5
279,0.009494089985936977,-0.036139647145828784,-0.10308161987295038,Robins' estimator,0.2,0.2,0.5,0.5,3411,0.0,0.0,0.0,correct,correct,1.5
280,0.06720758959208369,0.40663883311467325,0.05131503297763017,Robins' estimator,0.2,0.2,0.5,0.5,3411,0.0,0.0,0.0,correct,correct,1.5
281,0.24216200007847946,0.5237729919515385,0.3522467717990349,Robins' estimator,0.2,0.2,0.5,0.5,3411,0.0,0.0,0.0,correct,correct,1.5
282,0.27423376276062084,-0.3160852709424698,-0.09062196097495465,Robins' estimator,0.2,0.2,0.5,0.5,3411,0.0,0.0,0.0,correct,correct,1.5
283,0.27890698760239263,0.01571583903723844,-0.1284195208713001,Robins' estimator,0.2,0.2,0.5,0.5,3411,0.0,0.0,0.0,correct,correct,1.5
284,-0.05072150895963884,0.12334245815904507,-0.12167456642122738,Robins' estimator,0.2,0.2,0.5,0.5,3411,0.0,0.0,0.0,correct,correct,1.5
285,0.019080315784992006,-0.4430957638003349,-0.1395397769553709,Robins' estimator,0.2,0.2,0.5,0.5,3411,0.0,0.0,0.0,correct,correct,1.5
286,0.02574589101047782,-0.20938553132766205,-0.0360373645679166,Robins' estimator,0.2,0.2,0.5,0.5,3411,0.0,0.0,0.0,correct,correct,1.5
287,0.23918622043305446,0.032168667883506225,-0.06953303334619056,Robins' estimator,0.2,0.2,0.5,0.5,3411,0.0,0.0,0.0,correct,correct,1.5
288,-0.4848754991343073,-0.07861035190521194,-0.02508353640626012,Robins' estimator,0.2,0.2,0.5,0.5,3411,0.0,0.0,0.0,correct,correct,1.5
289,-0.2652035471964315,0.41266043533366487,0.2442794717103796,Robins' estimator,0.2,0.2,0.5,0.5,3411,0.0,0.0,0.0,correct,correct,1.5
290,-0.251663211863573,-0.033229666190187405,-0.3177392217637369,Robins' estimator,0.2,0.2,0.5,0.5,3411,0.0,0.0,0.0,correct,correct,1.5
291,0.36449213541186876,-0.011544205406942065,0.16562431573097425,Robins' estimator,0.2,0.2,0.5,0.5,3411,0.0,0.0,0.0,correct,correct,1.5
292,0.38525380168327994,0.28287051185418594,0.02053564318576531,Robins' estimator,0.2,0.2,0.5,0.5,3411,0.0,0.0,0.0,correct,correct,1.5
293,-0.14947459980107958,-0.018130881981131546,0.12259044274431743,Robins' estimator,0.2,0.2,0.5,0.5,3411,0.0,0.0,0.0,correct,correct,1.5
294,0.24948760300268705,-0.13837118202794566,0.0013179130485296729,Robins' estimator,0.2,0.2,0.5,0.5,3411,0.0,0.0,0.0,correct,correct,1.5
295,0.07930001458085387,0.2849781954727397,0.03787079867174747,Robins' estimator,0.2,0.2,0.5,0.5,3411,0.0,0.0,0.0,correct,correct,1.5
296,0.17221538737947858,-0.05716980630307072,-0.02513336170635437,Robins' estimator,0.2,0.2,0.5,0.5,3411,0.0,0.0,0.0,correct,correct,1.5
297,-0.10409245902391837,-0.15835414861322453,-0.15106702670634492,Robins' estimator,0.2,0.2,0.5,0.5,3411,0.0,0.0,0.0,correct,correct,1.5
298,0.4267848698711975,0.1721931379267237,0.04363579474102472,Robins' estimator,0.2,0.2,0.5,0.5,3411,0.0,0.0,0.0,correct,correct,1.5
299,-0.027626917489579503,0.6547651512164246,-0.18435319385487772,Robins' estimator,0.2,0.2,0.5,0.5,3411,0.0,0.0,0.0,correct,correct,1.5
300,-0.028666501282280384,-0.11680170693614328,0.07852432980891218,Robins' estimator,0.2,0.2,0.5,0.5,3411,0.0,0.0,0.0,correct,correct,1.5
1,-0.1162371923714818,-0.7221067737495043,0.28583915802120397,GMM estimator,0.2,0.2,0.5,0.5,3411,0.0,0.0,0.0,correct,correct,1.5
2,-0.11652200791942395,0.1624866638092624,0.253786529051068,GMM estimator,0.2,0.2,0.5,0.5,3411,0.0,0.0,0.0,correct,correct,1.5
3,-0.516328034499169,0.3206644237860836,-0.02634091551812328,GMM estimator,0.2,0.2,0.5,0.5,3411,0.0,0.0,0.0,correct,correct,1.5
4,0.2874753872600693,-0.041798506696371605,0.0038154545179800966,GMM estimator,0.2,0.2,0.5,0.5,3411,0.0,0.0,0.0,correct,correct,1.5
5,-0.34796440500915315,0.15900230839840554,-0.48756839205172947,GMM estimator,0.2,0.2,0.5,0.5,3411,0.0,0.0,0.0,correct,correct,1.5
6,0.24540212205628054,-0.06541467479015044,0.21372377469210568,GMM estimator,0.2,0.2,0.5,0.5,3411,0.0,0.0,0.0,correct,correct,1.5
7,0.23512722575595726,-0.29480499353309164,-0.002627900089179582,GMM estimator,0.2,0.2,0.5,0.5,3411,0.0,0.0,0.0,correct,correct,1.5
8,-0.35538266335723095,-0.24932630903475253,0.0800249005011751,GMM estimator,0.2,0.2,0.5,0.5,3411,0.0,0.0,0.0,correct,correct,1.5
9,-0.21646951099980888,-0.007569624919472268,0.22947770567639394,GMM estimator,0.2,0.2,0.5,0.5,3411,0.0,0.0,0.0,correct,correct,1.5
10,-0.2691248739878562,-0.3414668055283693,-0.08519187594441367,GMM estimator,0.2,0.2,0.5,0.5,3411,0.0,0.0,0.0,correct,correct,1.5
11,0.22730548109456117,-0.06293308119492061,0.14545519877469942,GMM estimator,0.2,0.2,0.5,0.5,3411,0.0,0.0,0.0,correct,correct,1.5
12,0.007659423943897537,-0.15447042206799097,0.23093962992597392,GMM estimator,0.2,0.2,0.5,0.5,3411,0.0,0.0,0.0,correct,correct,1.5
13,0.33157365486056006,0.16309818565300535,-0.004383002382667998,GMM estimator,0.2,0.2,0.5,0.5,3411,0.0,0.0,0.0,correct,correct,1.5
14,-0.28448742661246346,-0.5430667072252349,-0.09139933280999074,GMM estimator,0.2,0.2,0.5,0.5,3411,0.0,0.0,0.0,correct,correct,1.5
15,-0.22824561861122808,-0.3157585534794966,0.030828898571511786,GMM estimator,0.2,0.2,0.5,0.5,3411,0.0,0.0,0.0,correct,correct,1.5
16,-0.24468832652846537,-0.23733850588159955,-0.39002075495814686,GMM estimator,0.2,0.2,0.5,0.5,3411,0.0,0.0,0.0,correct,correct,1.5
17,0.4297806212617659,0.5061246200474409,0.1373437818978459,GMM estimator,0.2,0.2,0.5,0.5,3411,0.0,0.0,0.0,correct,correct,1.5
18,0.0880874503484857,-0.37349371818344945,-0.16454863769156378,GMM estimator,0.2,0.2,0.5,0.5,3411,0.0,0.0,0.0,correct,correct,1.5
19,-0.01141216839374203,0.14907997308694826,-0.04276799723635062,GMM estimator,0.2,0.2,0.5,0.5,3411,0.0,0.0,0.0,correct,correct,1.5
20,-0.05346203010394771,0.33822401021439946,0.2666875869148277,GMM estimator,0.2,0.2,0.5,0.5,3411,0.0,0.0,0.0,correct,correct,1.5
21,0.04857088567582793,0.13584111506691468,0.1984810081998915,GMM estimator,0.2,0.2,0.5,0.5,3411,0.0,0.0,0.0,correct,correct,1.5
22,0.07674820444980442,0.039864306998323724,0.21014549400209404,GMM estimator,0.2,0.2,0.5,0.5,3411,0.0,0.0,0.0,correct,correct,1.5
23,-0.10695297452114769,0.2904897408520182,0.2714206801622433,GMM estimator,0.2,0.2,0.5,0.5,3411,0.0,0.0,0.0,correct,correct,1.5
24,0.39378266299053066,-0.21460493935695749,-0.14381889473450468,GMM estimator,0.2,0.2,0.5,0.5,3411,0.0,0.0,0.0,correct,correct,1.5
25,-0.05183211408839635,0.4593739811818892,-0.29115143988717557,GMM estimator,0.2,0.2,0.5,0.5,3411,0.0,0.0,0.0,correct,correct,1.5
26,-0.10748142075238687,-0.05517407798870639,-0.24865125347655886,GMM estimator,0.2,0.2,0.5,0.5,3411,0.0,0.0,0.0,correct,correct,1.5
27,0.05192262213082047,-0.0466447639893247,0.027913698382022976,GMM estimator,0.2,0.2,0.5,0.5,3411,0.0,0.0,0.0,correct,correct,1.5
28,-0.11931523129398985,0.05050052300759426,-0.1063697439249505,GMM estimator,0.2,0.2,0.5,0.5,3411,0.0,0.0,0.0,correct,correct,1.5
29,0.07619842671918896,-0.33033195666462933,0.09067793930898799,GMM estimator,0.2,0.2,0.5,0.5,3411,0.0,0.0,0.0,correct,correct,1.5
30,-0.19790467672076453,0.12637467095214905,0.08549144344101663,GMM estimator,0.2,0.2,0.5,0.5,3411,0.0,0.0,0.0,correct,correct,1.5
31,0.08750767138991397,0.43401889645108443,0.3642487668494362,GMM estimator,0.2,0.2,0.5,0.5,3411,0.0,0.0,0.0,correct,correct,1.5
32,-0.05148564528494666,-0.48088492038476544,-0.055545043223672416,GMM estimator,0.2,0.2,0.5,0.5,3411,0.0,0.0,0.0,correct,correct,1.5
33,0.07636760917763062,0.3081121053475347,-0.020126886367682735,GMM estimator,0.2,0.2,0.5,0.5,3411,0.0,0.0,0.0,correct,correct,1.5
34,0.1333855961365262,-0.5963076393644182,-0.09276527332311497,GMM estimator,0.2,0.2,0.5,0.5,3411,0.0,0.0,0.0,correct,correct,1.5
35,0.011992234975869863,0.33231498115910674,-0.08102872369086268,GMM estimator,0.2,0.2,0.5,0.5,3411,0.0,0.0,0.0,correct,correct,1.5
36,0.1224718012031426,0.01581535674066977,-0.39164868568171873,GMM estimator,0.2,0.2,0.5,0.5,3411,0.0,0.0,0.0,correct,correct,1.5
37,-0.17461470234430457,-0.05509871554644817,-0.2416052841780282,GMM estimator,0.2,0.2,0.5,0.5,3411,0.0,0.0,0.0,correct,correct,1.5
38,-0.1737908680571712,-0.3627948406697635,-0.16623453682215245,GMM estimator,0.2,0.2,0.5,0.5,3411,0.0,0.0,0.0,correct,correct,1.5
39,-0.32901267792285377,-0.44670030395750493,-0.16959110091307245,GMM estimator,0.2,0.2,0.5,0.5,3411,0.0,0.0,0.0,correct,correct,1.5
40,0.1154151345589761,0.506515965809681,-0.010856149523996144,GMM estimator,0.2,0.2,0.5,0.5,3411,0.0,0.0,0.0,correct,correct,1.5
41,-0.13814925630700725,-0.4740691583646215,0.29096001705566127,GMM estimator,0.2,0.2,0.5,0.5,3411,0.0,0.0,0.0,correct,correct,1.5
42,0.3215255051800678,-0.03616466538263325,-0.03986474091010173,GMM estimator,0.2,0.2,0.5,0.5,3411,0.0,0.0,0.0,correct,correct,1.5
43,-0.21596033174968107,-0.22414616052466108,0.04070266596761149,GMM estimator,0.2,0.2,0.5,0.5,3411,0.0,0.0,0.0,correct,correct,1.5
44,0.409031237936311,-0.38532356480192376,0.15928929463962815,GMM estimator,0.2,0.2,0.5,0.5,3411,0.0,0.0,0.0,correct,correct,1.5
45,0.04811573488101407,-0.03111620723114617,-0.052458450251178436,GMM estimator,0.2,0.2,0.5,0.5,3411,0.0,0.0,0.0,correct,correct,1.5
46,0.040059446124040506,-0.14901097299079416,0.3107675822507987,GMM estimator,0.2,0.2,0.5,0.5,3411,0.0,0.0,0.0,correct,correct,1.5
47,0.08535597585975888,0.30464385025507096,0.552396977061152,GMM estimator,0.2,0.2,0.5,0.5,3411,0.0,0.0,0.0,correct,correct,1.5
48,0.11932049421320086,0.2540983787461671,-0.03750992777778414,GMM estimator,0.2,0.2,0.5,0.5,3411,0.0,0.0,0.0,correct,correct,1.5
49,-0.2319673904819578,-0.017842756594445217,0.49712879987531045,GMM estimator,0.2,0.2,0.5,0.5,3411,0.0,0.0,0.0,correct,correct,1.5
50,-0.3200866101940858,-0.07181797191073887,-0.008029529394122815,GMM estimator,0.2,0.2,0.5,0.5,3411,0.0,0.0,0.0,correct,correct,1.5
51,0.045746812354336856,0.16349267276888335,-0.10109699923994114,GMM estimator,0.2,0.2,0.5,0.5,3411,0.0,0.0,0.0,correct,correct,1.5
52,0.018270054102495055,0.15387088787915734,-0.1415878622029478,GMM estimator,0.2,0.2,0.5,0.5,3411,0.0,0.0,0.0,correct,correct,1.5
53,0.17116986520424274,0.22708891690010186,0.24848929008326914,GMM estimator,0.2,0.2,0.5,0.5,3411,0.0,0.0,0.0,correct,correct,1.5
54,0.018229565345432488,0.3673242658345563,0.08945477860198618,GMM estimator,0.2,0.2,0.5,0.5,3411,0.0,0.0,0.0,correct,correct,1.5
55,-0.24791933333182473,0.29953291246658087,0.008381544717606165,GMM estimator,0.2,0.2,0.5,0.5,3411,0.0,0.0,0.0,correct,correct,1.5
56,-0.23530950631556674,0.2592729882012015,-0.2158878384390946,GMM estimator,0.2,0.2,0.5,0.5,3411,0.0,0.0,0.0,correct,correct,1.5
57,-0.3020144731873261,-0.6096736704675644,-0.31504409913031967,GMM estimator,0.2,0.2,0.5,0.5,3411,0.0,0.0,0.0,correct,correct,1.5
58,-0.3867908401748166,-0.6062564947165826,-0.3452266565509769,GMM estimator,0.2,0.2,0.5,0.5,3411,0.0,0.0,0.0,correct,correct,1.5
59,0.45499492927334695,0.2751337421935278,0.25363647948636425,GMM estimator,0.2,0.2,0.5,0.5,3411,0.0,0.0,0.0,correct,correct,1.5
60,-0.09807637153858043,0.20241646718506395,0.04316485818066947,GMM estimator,0.2,0.2,0.5,0.5,3411,0.0,0.0,0.0,correct,correct,1.5
61,0.06118716893235135,-0.03635032982352216,-0.04659705491268116,GMM estimator,0.2,0.2,0.5,0.5,3411,0.0,0.0,0.0,correct,correct,1.5
62,-0.04455097426338892,0.0010446622411615606,0.33128503303637963,GMM estimator,0.2,0.2,0.5,0.5,3411,0.0,0.0,0.0,correct,correct,1.5
63,-0.23815892739402558,0.059640679714627054,-0.06978620785409217,GMM estimator,0.2,0.2,0.5,0.5,3411,0.0,0.0,0.0,correct,correct,1.5
64,-0.02469168135522405,0.2962986377098806,0.04777230302220697,GMM estimator,0.2,0.2,0.5,0.5,3411,0.0,0.0,0.0,correct,correct,1.5
65,-0.34005312813163263,-0.21556062143112206,0.3940677515865543,GMM estimator,0.2,0.2,0.5,0.5,3411,0.0,0.0,0.0,correct,correct,1.5
66,0.04783867091250978,0.5117137804842349,0.10484999523353382,GMM estimator,0.2,0.2,0.5,0.5,3411,0.0,0.0,0.0,correct,correct,1.5
67,0.29785455668439564,-0.3667538179127995,-0.04827110693985639,GMM estimator,0.2,0.2,0.5,0.5,3411,0.0,0.0,0.0,correct,correct,1.5
68,0.015247974323259635,0.27509750371214564,-0.1829102290139543,GMM estimator,0.2,0.2,0.5,0.5,3411,0.0,0.0,0.0,correct,correct,1.5
69,-0.23227797963739338,-0.20510867711607728,0.024171350675046478,GMM estimator,0.2,0.2,0.5,0.5,3411,0.0,0.0,0.0,correct,correct,1.5
70,-0.0729588553425842,-0.15147741836084955,-0.013879712100221238,GMM estimator,0.2,0.2,0.5,0.5,3411,0.0,0.0,0.0,correct,correct,1.5
71,-0.20054789852893945,-0.11096465896249642,0.2207537561716245,GMM estimator,0.2,0.2,0.5,0.5,3411,0.0,0.0,0.0,correct,correct,1.5
72,-0.2547820488434609,-0.5188109479736958,-0.5539787039973593,GMM estimator,0.2,0.2,0.5,0.5,3411,0.0,0.0,0.0,correct,correct,1.5
73,-0.0807463873513313,0.14156001979874064,-0.17901303850276828,GMM estimator,0.2,0.2,0.5,0.5,3411,0.0,0.0,0.0,correct,correct,1.5
74,-0.524947784101031,-0.34596865624223094,0.13247464941286508,GMM estimator,0.2,0.2,0.5,0.5,3411,0.0,0.0,0.0,correct,correct,1.5
75,-0.07100530612743314,-0.09139773228992336,0.16187478764379798,GMM estimator,0.2,0.2,0.5,0.5,3411,0.0,0.0,0.0,correct,correct,1.5
76,0.05257275487800335,-0.2263801794549327,0.013865367682567884,GMM estimator,0.2,0.2,0.5,0.5,3411,0.0,0.0,0.0,correct,correct,1.5
77,-0.2618780998510088,-0.034997471899263666,-0.4036998514734048,GMM estimator,0.2,0.2,0.5,0.5,3411,0.0,0.0,0.0,correct,correct,1.5
78,-0.5452961956111856,-0.38324411799532665,-0.5158397301266673,GMM estimator,0.2,0.2,0.5,0.5,3411,0.0,0.0,0.0,correct,correct,1.5
79,-0.04407247144822637,-0.3086635059469908,0.44790078245074594,GMM estimator,0.2,0.2,0.5,0.5,3411,0.0,0.0,0.0,correct,correct,1.5
80,0.10848682108505335,-0.22471457940946943,-0.329910947066875,GMM estimator,0.2,0.2,0.5,0.5,3411,0.0,0.0,0.0,correct,correct,1.5
81,-0.2446407549579955,-0.22073972781870638,-0.31682484835168523,GMM estimator,0.2,0.2,0.5,0.5,3411,0.0,0.0,0.0,correct,correct,1.5
82,0.17100323900051553,0.49608177983994756,0.11435918677142565,GMM estimator,0.2,0.2,0.5,0.5,3411,0.0,0.0,0.0,correct,correct,1.5
83,-0.10183466516844124,-0.012025801375427027,-0.001013602613731619,GMM estimator,0.2,0.2,0.5,0.5,3411,0.0,0.0,0.0,correct,correct,1.5
84,-0.21546200950617436,-0.194224726647976,0.06494057430705692,GMM estimator,0.2,0.2,0.5,0.5,3411,0.0,0.0,0.0,correct,correct,1.5
85,-0.2930190139079287,-0.26250981363947734,-0.3639815517669973,GMM estimator,0.2,0.2,0.5,0.5,3411,0.0,0.0,0.0,correct,correct,1.5
86,-0.21752361464488476,0.002037519698990902,-0.29786309483895623,GMM estimator,0.2,0.2,0.5,0.5,3411,0.0,0.0,0.0,correct,correct,1.5
87,-0.09994940124270853,-0.6888108679227337,0.1037930218188048,GMM estimator,0.2,0.2,0.5,0.5,3411,0.0,0.0,0.0,correct,correct,1.5
88,0.2476383390218365,0.1616580221979272,0.08707717869589275,GMM estimator,0.2,0.2,0.5,0.5,3411,0.0,0.0,0.0,correct,correct,1.5
89,-0.019989913442130535,-0.3262872486888194,0.20296459409781067,GMM estimator,0.2,0.2,0.5,0.5,3411,0.0,0.0,0.0,correct,correct,1.5
90,0.02738519067568866,-0.40905516422989974,0.22823620853577575,GMM estimator,0.2,0.2,0.5,0.5,3411,0.0,0.0,0.0,correct,correct,1.5
91,-0.0013108222372725641,0.12518964687742756,-0.05882542099454866,GMM estimator,0.2,0.2,0.5,0.5,3411,0.0,0.0,0.0,correct,correct,1.5
92,-0.5823724886939626,0.025142878029899472,-0.33405352942782224,GMM estimator,0.2,0.2,0.5,0.5,3411,0.0,0.0,0.0,correct,correct,1.5
93,-0.04152536149073902,0.3059429148244862,-0.3440215113085409,GMM estimator,0.2,0.2,0.5,0.5,3411,0.0,0.0,0.0,correct,correct,1.5
94,-0.45712772574794136,-0.3188584346561714,0.039148734396216314,GMM estimator,0.2,0.2,0.5,0.5,3411,0.0,0.0,0.0,correct,correct,1.5
95,-0.14306525618999522,0.033803892040333,0.20248391018810175,GMM estimator,0.2,0.2,0.5,0.5,3411,0.0,0.0,0.0,correct,correct,1.5
96,-0.090261458075291,-0.42889694088125196,-0.15235618000712825,GMM estimator,0.2,0.2,0.5,0.5,3411,0.0,0.0,0.0,correct,correct,1.5
97,-0.31618049588412406,-0.20190805774073578,0.04053082171515839,GMM estimator,0.2,0.2,0.5,0.5,3411,0.0,0.0,0.0,correct,correct,1.5
98,0.11697740257627687,0.4737261569886198,-0.15827321687835427,GMM estimator,0.2,0.2,0.5,0.5,3411,0.0,0.0,0.0,correct,correct,1.5
99,-0.3220011491009421,-0.16373097102449305,0.4149833296102565,GMM estimator,0.2,0.2,0.5,0.5,3411,0.0,0.0,0.0,correct,correct,1.5
100,-0.06584450834035861,0.06049208700066277,-0.05143445850520177,GMM estimator,0.2,0.2,0.5,0.5,3411,0.0,0.0,0.0,correct,correct,1.5
101,0.002092145368499775,-0.31227450044885785,-0.07413146601992894,GMM estimator,0.2,0.2,0.5,0.5,3411,0.0,0.0,0.0,correct,correct,1.5
102,0.16737023459654438,-0.2065492649716297,-0.1551124102612262,GMM estimator,0.2,0.2,0.5,0.5,3411,0.0,0.0,0.0,correct,correct,1.5
103,-0.00557380157254973,-0.18783271751626546,0.14689814130804454,GMM estimator,0.2,0.2,0.5,0.5,3411,0.0,0.0,0.0,correct,correct,1.5
104,-0.5751211928786102,0.26866279996945347,0.07082639626549268,GMM estimator,0.2,0.2,0.5,0.5,3411,0.0,0.0,0.0,correct,correct,1.5
105,-0.21564841280640862,-0.2776620970642864,-0.5400899359624212,GMM estimator,0.2,0.2,0.5,0.5,3411,0.0,0.0,0.0,correct,correct,1.5
106,-0.3033790217942712,-0.5275770997331831,-0.3452834748278237,GMM estimator,0.2,0.2,0.5,0.5,3411,0.0,0.0,0.0,correct,correct,1.5
107,-0.5605177110826535,-0.43480335377088347,0.35529427348866516,GMM estimator,0.2,0.2,0.5,0.5,3411,0.0,0.0,0.0,correct,correct,1.5
108,-0.15388057007322872,0.03682252468553488,0.4406465997120445,GMM estimator,0.2,0.2,0.5,0.5,3411,0.0,0.0,0.0,correct,correct,1.5
109,0.01158539970978204,0.13502007005290073,0.19092068890471642,GMM estimator,0.2,0.2,0.5,0.5,3411,0.0,0.0,0.0,correct,correct,1.5
110,0.35422198072053246,-0.43542795170914783,0.2314866925309221,GMM estimator,0.2,0.2,0.5,0.5,3411,0.0,0.0,0.0,correct,correct,1.5
111,0.13384850442493146,0.11638496686383847,-0.03441316334968403,GMM estimator,0.2,0.2,0.5,0.5,3411,0.0,0.0,0.0,correct,correct,1.5
112,-0.11004252485976972,-0.10288498265085738,-0.026762192805054014,GMM estimator,0.2,0.2,0.5,0.5,3411,0.0,0.0,0.0,correct,correct,1.5
113,-0.4219466432296924,0.06890080105012328,0.08849720653637524,GMM estimator,0.2,0.2,0.5,0.5,3411,0.0,0.0,0.0,correct,correct,1.5
114,0.30930480132205357,-0.07042394252373373,-0.19839205348403385,GMM estimator,0.2,0.2,0.5,0.5,3411,0.0,0.0,0.0,correct,correct,1.5
115,0.1738022351495534,-0.1537128418276498,-0.05403592402248791,GMM estimator,0.2,0.2,0.5,0.5,3411,0.0,0.0,0.0,correct,correct,1.5
116,-0.03134360662063078,0.10114014981335055,-0.1537210281033496,GMM estimator,0.2,0.2,0.5,0.5,3411,0.0,0.0,0.0,correct,correct,1.5
117,-0.5435473223707716,-0.8438202702688123,-0.09016930479104862,GMM estimator,0.2,0.2,0.5,0.5,3411,0.0,0.0,0.0,correct,correct,1.5
118,-0.18518797519811345,-0.3904115951869778,-0.24130687119359664,GMM estimator,0.2,0.2,0.5,0.5,3411,0.0,0.0,0.0,correct,correct,1.5
119,-0.05616898659638485,-0.0974835372386787,-0.02980441501403396,GMM estimator,0.2,0.2,0.5,0.5,3411,0.0,0.0,0.0,correct,correct,1.5
120,-0.29723470728514567,-0.020946240334606434,0.17052644150432927,GMM estimator,0.2,0.2,0.5,0.5,3411,0.0,0.0,0.0,correct,correct,1.5
121,-0.04427756377749846,0.26130760668084047,0.24467945646734593,GMM estimator,0.2,0.2,0.5,0.5,3411,0.0,0.0,0.0,correct,correct,1.5
122,0.5257743620265203,-0.0762316474580524,0.0024490426574681964,GMM estimator,0.2,0.2,0.5,0.5,3411,0.0,0.0,0.0,correct,correct,1.5
123,0.27194385539604804,0.41788719656689066,0.15831907395461275,GMM estimator,0.2,0.2,0.5,0.5,3411,0.0,0.0,0.0,correct,correct,1.5
124,-0.03433605649518523,-0.19397802044205925,-0.32091983320497186,GMM estimator,0.2,0.2,0.5,0.5,3411,0.0,0.0,0.0,correct,correct,1.5
125,-0.15655432651074294,0.24442030151409547,0.24333662518188637,GMM estimator,0.2,0.2,0.5,0.5,3411,0.0,0.0,0.0,correct,correct,1.5
126,-0.14717549862496823,-0.17313884796579465,-0.010379344797078485,GMM estimator,0.2,0.2,0.5,0.5,3411,0.0,0.0,0.0,correct,correct,1.5
127,0.0027837850121638025,0.0871471020591264,0.17988067765974516,GMM estimator,0.2,0.2,0.5,0.5,3411,0.0,0.0,0.0,correct,correct,1.5
128,0.2659990519902901,-0.24920296263233094,0.33809137485819,GMM estimator,0.2,0.2,0.5,0.5,3411,0.0,0.0,0.0,correct,correct,1.5
129,-0.08301873962512624,-0.022489788623029982,0.31554276445974344,GMM estimator,0.2,0.2,0.5,0.5,3411,0.0,0.0,0.0,correct,correct,1.5
130,-0.16598958295260585,-0.5691649707722966,-0.1980520995439575,GMM estimator,0.2,0.2,0.5,0.5,3411,0.0,0.0,0.0,correct,correct,1.5
131,-0.0628822285409606,-0.014547622175348818,-0.03216524561030956,GMM estimator,0.2,0.2,0.5,0.5,3411,0.0,0.0,0.0,correct,correct,1.5
132,-0.46440181029088856,-0.28098780596432155,0.015137670874116068,GMM estimator,0.2,0.2,0.5,0.5,3411,0.0,0.0,0.0,correct,correct,1.5
133,-0.1086394811610167,-0.32452259716002974,0.05017074278358642,GMM estimator,0.2,0.2,0.5,0.5,3411,0.0,0.0,0.0,correct,correct,1.5
134,-0.013545936197574998,-0.2517082782933781,0.11695399633268636,GMM estimator,0.2,0.2,0.5,0.5,3411,0.0,0.0,0.0,correct,correct,1.5
135,0.1611929398703117,-0.176672787121426,-0.17602318986410062,GMM estimator,0.2,0.2,0.5,0.5,3411,0.0,0.0,0.0,correct,correct,1.5
136,-0.23374288928078021,-0.11400114324586805,-0.10891608410469207,GMM estimator,0.2,0.2,0.5,0.5,3411,0.0,0.0,0.0,correct,correct,1.5
137,-0.07028254193792816,0.19184943753876002,-0.07191502323770542,GMM estimator,0.2,0.2,0.5,0.5,3411,0.0,0.0,0.0,correct,correct,1.5
138,0.36590022899956054,-0.053914955843511116,0.07169499646138928,GMM estimator,0.2,0.2,0.5,0.5,3411,0.0,0.0,0.0,correct,correct,1.5
139,-0.1956560803241105,-0.16747590075152705,-0.18839298570281032,GMM estimator,0.2,0.2,0.5,0.5,3411,0.0,0.0,0.0,correct,correct,1.5
140,0.31342917625429767,0.12159072957716097,0.17196415806222556,GMM estimator,0.2,0.2,0.5,0.5,3411,0.0,0.0,0.0,correct,correct,1.5
141,0.004909499421938502,-0.22699354131684266,0.05500271820894789,GMM estimator,0.2,0.2,0.5,0.5,3411,0.0,0.0,0.0,correct,correct,1.5
142,0.10717043909724276,-0.2517148353637874,0.20741652914905828,GMM estimator,0.2,0.2,0.5,0.5,3411,0.0,0.0,0.0,correct,correct,1.5
143,0.19295824244155788,0.3149709036028377,0.04997902681473171,GMM estimator,0.2,0.2,0.5,0.5,3411,0.0,0.0,0.0,correct,correct,1.5
144,0.2753690210285852,0.41030669688985955,0.1125087152461628,GMM estimator,0.2,0.2,0.5,0.5,3411,0.0,0.0,0.0,correct,correct,1.5
145,0.18931397961668062,0.025802274493183692,0.5587871121538837,GMM estimator,0.2,0.2,0.5,0.5,3411,0.0,0.0,0.0,correct,correct,1.5
146,-0.1625017434516668,-0.22667024168831823,-0.18548444841563713,GMM estimator,0.2,0.2,0.5,0.5,3411,0.0,0.0,0.0,correct,correct,1.5
147,-0.008254207911921461,0.00644275100131502,-0.026404579947044947,GMM estimator,0.2,0.2,0.5,0.5,3411,0.0,0.0,0.0,correct,correct,1.5
148,0.16431960750297114,-0.027849801563224686,-0.04561345667989892,GMM estimator,0.2,0.2,0.5,0.5,3411,0.0,0.0,0.0,correct,correct,1.5
149,-0.15919461753724162,-0.2438340279204831,0.06551187870006785,GMM estimator,0.2,0.2,0.5,0.5,3411,0.0,0.0,0.0,correct,correct,1.5
150,0.13783748639155388,-0.1824345943439048,-0.11713721860149255,GMM estimator,0.2,0.2,0.5,0.5,3411,0.0,0.0,0.0,correct,correct,1.5
151,0.0038824313491075645,-0.26293256670258747,-0.24963815837394782,GMM estimator,0.2,0.2,0.5,0.5,3411,0.0,0.0,0.0,correct,correct,1.5
152,0.10462967404039618,-0.26018349765018217,0.13542223886893817,GMM estimator,0.2,0.2,0.5,0.5,3411,0.0,0.0,0.0,correct,correct,1.5
153,0.1681296088198424,-0.017479095469574477,0.26399603617841993,GMM estimator,0.2,0.2,0.5,0.5,3411,0.0,0.0,0.0,correct,correct,1.5
154,0.0016062582967384565,0.6743835481814586,0.04450314414462688,GMM estimator,0.2,0.2,0.5,0.5,3411,0.0,0.0,0.0,correct,correct,1.5
155,0.05687822560254358,0.23684727895302424,-0.31728559836320497,GMM estimator,0.2,0.2,0.5,0.5,3411,0.0,0.0,0.0,correct,correct,1.5
156,0.3732108172504498,-0.17024136979928722,0.3108205474956112,GMM estimator,0.2,0.2,0.5,0.5,3411,0.0,0.0,0.0,correct,correct,1.5
157,-0.08051719042029636,0.09416264597863865,-0.42595290964194843,GMM estimator,0.2,0.2,0.5,0.5,3411,0.0,0.0,0.0,correct,correct,1.5
158,0.2105532382861588,0.21602378819798526,0.056036473469518164,GMM estimator,0.2,0.2,0.5,0.5,3411,0.0,0.0,0.0,correct,correct,1.5
159,-0.005877779011795165,0.940372450709655,0.2522309683947524,GMM estimator,0.2,0.2,0.5,0.5,3411,0.0,0.0,0.0,correct,correct,1.5
160,0.15762683955888546,-0.14497841462460173,0.35690241033923714,GMM estimator,0.2,0.2,0.5,0.5,3411,0.0,0.0,0.0,correct,correct,1.5
161,-0.015197159474009873,0.17383853291141255,-0.23224696936148714,GMM estimator,0.2,0.2,0.5,0.5,3411,0.0,0.0,0.0,correct,correct,1.5
162,0.25988968347709634,0.6593743334922397,-0.2549965132622702,GMM estimator,0.2,0.2,0.5,0.5,3411,0.0,0.0,0.0,correct,correct,1.5
163,0.03894474427470157,0.2909875396459708,-0.02753299824061373,GMM estimator,0.2,0.2,0.5,0.5,3411,0.0,0.0,0.0,correct,correct,1.5
164,-0.509071030031334,0.2837025505658893,-0.6631882741799177,GMM estimator,0.2,0.2,0.5,0.5,3411,0.0,0.0,0.0,correct,correct,1.5
165,-0.10691442989134407,0.25772833371340564,-0.042700879015238745,GMM estimator,0.2,0.2,0.5,0.5,3411,0.0,0.0,0.0,correct,correct,1.5
166,0.09199199102497349,-0.48453697409380353,0.20619492357580171,GMM estimator,0.2,0.2,0.5,0.5,3411,0.0,0.0,0.0,correct,correct,1.5
167,-0.21946590431764948,0.31653969279423105,-0.22615261598294636,GMM estimator,0.2,0.2,0.5,0.5,3411,0.0,0.0,0.0,correct,correct,1.5
168,0.04741655853260676,-0.4472858348392091,-0.40867060900641233,GMM estimator,0.2,0.2,0.5,0.5,3411,0.0,0.0,0.0,correct,correct,1.5
169,-0.17519419704804212,0.6044326648543761,-0.19533799981607688,GMM estimator,0.2,0.2,0.5,0.5,3411,0.0,0.0,0.0,correct,correct,1.5
170,0.07604925508124263,-0.13941751339240196,-0.027798996488436874,GMM estimator,0.2,0.2,0.5,0.5,3411,0.0,0.0,0.0,correct,correct,1.5
171,-0.3157039227551959,-0.03205865176885116,-0.38357968092119926,GMM estimator,0.2,0.2,0.5,0.5,3411,0.0,0.0,0.0,correct,correct,1.5
172,-0.17578966172646304,0.15224545863426875,-0.14131547412529888,GMM estimator,0.2,0.2,0.5,0.5,3411,0.0,0.0,0.0,correct,correct,1.5
173,-0.049931919478461914,-0.25043537009457284,0.07576546885310867,GMM estimator,0.2,0.2,0.5,0.5,3411,0.0,0.0,0.0,correct,correct,1.5
174,0.14132825084944647,0.27001308073412444,0.1498188659300705,GMM estimator,0.2,0.2,0.5,0.5,3411,0.0,0.0,0.0,correct,correct,1.5
175,0.29570260085092803,-0.12051221664632898,-0.12599523091327788,GMM estimator,0.2,0.2,0.5,0.5,3411,0.0,0.0,0.0,correct,correct,1.5
176,-0.27643287589486615,-0.006082408424496999,-0.0865022284799995,GMM estimator,0.2,0.2,0.5,0.5,3411,0.0,0.0,0.0,correct,correct,1.5
177,0.13159870790005337,-0.1675293867576247,-0.22351552202352357,GMM estimator,0.2,0.2,0.5,0.5,3411,0.0,0.0,0.0,correct,correct,1.5
178,0.030360547561891917,-0.04409568949391855,0.3845434973137758,GMM estimator,0.2,0.2,0.5,0.5,3411,0.0,0.0,0.0,correct,correct,1.5
179,-0.16694630080572184,-0.001090061292763573,0.15703333268730432,GMM estimator,0.2,0.2,0.5,0.5,3411,0.0,0.0,0.0,correct,correct,1.5
180,0.22293417905776267,0.1856706658277979,-0.23942780598050023,GMM estimator,0.2,0.2,0.5,0.5,3411,0.0,0.0,0.0,correct,correct,1.5
181,0.10572122326380884,0.11515813936829698,0.3041243869687853,GMM estimator,0.2,0.2,0.5,0.5,3411,0.0,0.0,0.0,correct,correct,1.5
182,0.18829806106814373,-0.04454661872458292,0.01999352134366484,GMM estimator,0.2,0.2,0.5,0.5,3411,0.0,0.0,0.0,correct,correct,1.5
183,0.3151060578076924,0.2964058160390259,0.16055808835364166,GMM estimator,0.2,0.2,0.5,0.5,3411,0.0,0.0,0.0,correct,correct,1.5
184,0.00541067709683107,0.3521241354223551,-0.11666316018144139,GMM estimator,0.2,0.2,0.5,0.5,3411,0.0,0.0,0.0,correct,correct,1.5
185,-0.04885163261401827,-0.028479124672673443,-0.18889353297279615,GMM estimator,0.2,0.2,0.5,0.5,3411,0.0,0.0,0.0,correct,correct,1.5
186,0.13194992575077763,0.2438515884415819,0.16508833300115866,GMM estimator,0.2,0.2,0.5,0.5,3411,0.0,0.0,0.0,correct,correct,1.5
187,0.09846772775783713,0.18614932312144924,-0.05191546782005103,GMM estimator,0.2,0.2,0.5,0.5,3411,0.0,0.0,0.0,correct,correct,1.5
188,-0.07271052088096444,0.007645290621659724,-0.4147013514977951,GMM estimator,0.2,0.2,0.5,0.5,3411,0.0,0.0,0.0,correct,correct,1.5
189,0.286512674275758,9.580401956633451e-05,0.2387277441861384,GMM estimator,0.2,0.2,0.5,0.5,3411,0.0,0.0,0.0,correct,correct,1.5
190,0.07695797411014911,0.439767178643658,0.17981275047532458,GMM estimator,0.2,0.2,0.5,0.5,3411,0.0,0.0,0.0,correct,correct,1.5
191,-0.28325444303158853,-0.14899153592318218,0.09495402637444975,GMM estimator,0.2,0.2,0.5,0.5,3411,0.0,0.0,0.0,correct,correct,1.5
192,-0.08652304307905,0.3277520886528461,0.07957444529012635,GMM estimator,0.2,0.2,0.5,0.5,3411,0.0,0.0,0.0,correct,correct,1.5
193,-0.336247488074868,0.40964669372412504,0.04453832861151733,GMM estimator,0.2,0.2,0.5,0.5,3411,0.0,0.0,0.0,correct,correct,1.5
194,0.3999966532057529,0.07071972178510645,0.21185689269853036,GMM estimator,0.2,0.2,0.5,0.5,3411,0.0,0.0,0.0,correct,correct,1.5
195,-0.5139051070535375,-0.36798029849330594,-0.019491743149872013,GMM estimator,0.2,0.2,0.5,0.5,3411,0.0,0.0,0.0,correct,correct,1.5
196,-0.1877741134027551,-0.38626691937601515,0.006443230927979873,GMM estimator,0.2,0.2,0.5,0.5,3411,0.0,0.0,0.0,correct,correct,1.5
197,-0.07133016796714578,-0.12692016925608993,0.21190630307129033,GMM estimator,0.2,0.2,0.5,0.5,3411,0.0,0.0,0.0,correct,correct,1.5
198,0.12865938577651376,-0.11029569209556772,-0.26724647480423586,GMM estimator,0.2,0.2,0.5,0.5,3411,0.0,0.0,0.0,correct,correct,1.5
199,0.32712211842280714,0.22360169390668663,0.22915945440276814,GMM estimator,0.2,0.2,0.5,0.5,3411,0.0,0.0,0.0,correct,correct,1.5
200,-0.045592864432421346,0.38982810215909225,0.0656663829345849,GMM estimator,0.2,0.2,0.5,0.5,3411,0.0,0.0,0.0,correct,correct,1.5
201,0.08645350952971492,-0.1854438497481017,0.1781959154612044,GMM estimator,0.2,0.2,0.5,0.5,3411,0.0,0.0,0.0,correct,correct,1.5
202,-0.05296653423956842,0.04700358532540652,-0.0643233303930181,GMM estimator,0.2,0.2,0.5,0.5,3411,0.0,0.0,0.0,correct,correct,1.5
203,0.2705951356709913,-0.11185391784439687,0.08084314612859309,GMM estimator,0.2,0.2,0.5,0.5,3411,0.0,0.0,0.0,correct,correct,1.5
204,0.1882005993384705,-0.1110015674571237,0.24776906759107561,GMM estimator,0.2,0.2,0.5,0.5,3411,0.0,0.0,0.0,correct,correct,1.5
205,0.09086203821068897,0.3423766433210672,0.20622990471769187,GMM estimator,0.2,0.2,0.5,0.5,3411,0.0,0.0,0.0,correct,correct,1.5
206,0.12899472773709325,0.028829791416131845,0.10123284750611611,GMM estimator,0.2,0.2,0.5,0.5,3411,0.0,0.0,0.0,correct,correct,1.5
207,0.12780272125519493,0.30980241771037254,0.1343652793202166,GMM estimator,0.2,0.2,0.5,0.5,3411,0.0,0.0,0.0,correct,correct,1.5
208,-0.31561935887690995,-0.09067984798019264,0.1474738003259732,GMM estimator,0.2,0.2,0.5,0.5,3411,0.0,0.0,0.0,correct,correct,1.5
209,-0.0646481006082258,0.25524257492200886,0.0503226802999409,GMM estimator,0.2,0.2,0.5,0.5,3411,0.0,0.0,0.0,correct,correct,1.5
210,0.07989950944529256,0.004027708132835487,0.47804081012608585,GMM estimator,0.2,0.2,0.5,0.5,3411,0.0,0.0,0.0,correct,correct,1.5
211,0.3163183912694596,0.438535224346002,0.19651138873738141,GMM estimator,0.2,0.2,0.5,0.5,3411,0.0,0.0,0.0,correct,correct,1.5
212,0.24932540838376593,-0.013463086835626316,-0.06982518086136959,GMM estimator,0.2,0.2,0.5,0.5,3411,0.0,0.0,0.0,correct,correct,1.5
213,0.08928538233093161,-0.32990070886360934,-0.13253548971624093,GMM estimator,0.2,0.2,0.5,0.5,3411,0.0,0.0,0.0,correct,correct,1.5
214,-0.28205141115870935,-0.13037389951928402,0.21309703712752734,GMM estimator,0.2,0.2,0.5,0.5,3411,0.0,0.0,0.0,correct,correct,1.5
215,-0.09333689133186415,-0.2832528174342304,0.09782571071762812,GMM estimator,0.2,0.2,0.5,0.5,3411,0.0,0.0,0.0,correct,correct,1.5
216,0.29194638789179095,0.02587880955845419,0.29431243831777093,GMM estimator,0.2,0.2,0.5,0.5,3411,0.0,0.0,0.0,correct,correct,1.5
217,0.3519748460201989,0.4292125554912494,0.09050600125868148,GMM estimator,0.2,0.2,0.5,0.5,3411,0.0,0.0,0.0,correct,correct,1.5
218,-0.12942803550906795,-0.35549442987875907,0.09757493729624273,GMM estimator,0.2,0.2,0.5,0.5,3411,0.0,0.0,0.0,correct,correct,1.5
219,-0.1309474533710426,-0.3203396643792085,0.16219188011469093,GMM estimator,0.2,0.2,0.5,0.5,3411,0.0,0.0,0.0,correct,correct,1.5
220,0.19834072018488488,-0.019837448110017187,-0.004002436911192576,GMM estimator,0.2,0.2,0.5,0.5,3411,0.0,0.0,0.0,correct,correct,1.5
221,0.07597738546922417,-0.0882148989519741,-0.22845281614475188,GMM estimator,0.2,0.2,0.5,0.5,3411,0.0,0.0,0.0,correct,correct,1.5
222,0.009652264860450743,0.17103605557574425,0.010641540599723302,GMM estimator,0.2,0.2,0.5,0.5,3411,0.0,0.0,0.0,correct,correct,1.5
223,0.06502507035514066,0.2380681954933351,0.7239302738674545,GMM estimator,0.2,0.2,0.5,0.5,3411,0.0,0.0,0.0,correct,correct,1.5
224,-0.2447382235187563,-0.5869651288325622,-0.25654525602774786,GMM estimator,0.2,0.2,0.5,0.5,3411,0.0,0.0,0.0,correct,correct,1.5
225,-0.1974807036014754,-0.17706771946880395,0.0030332786525499866,GMM estimator,0.2,0.2,0.5,0.5,3411,0.0,0.0,0.0,correct,correct,1.5
226,0.18300654510920164,0.18280944277049804,0.10141452802160102,GMM estimator,0.2,0.2,0.5,0.5,3411,0.0,0.0,0.0,correct,correct,1.5
227,0.33862225095000537,-0.22265842039978506,0.34749604367987347,GMM estimator,0.2,0.2,0.5,0.5,3411,0.0,0.0,0.0,correct,correct,1.5
228,0.1494662686820823,-0.020136754468300596,0.19970907461216736,GMM estimator,0.2,0.2,0.5,0.5,3411,0.0,0.0,0.0,correct,correct,1.5
229,-0.06704353477347921,-0.3453155816319982,-0.06578060343450814,GMM estimator,0.2,0.2,0.5,0.5,3411,0.0,0.0,0.0,correct,correct,1.5
230,-0.2837184243911354,0.21037029191121623,-0.2846378062735519,GMM estimator,0.2,0.2,0.5,0.5,3411,0.0,0.0,0.0,correct,correct,1.5
231,0.27907931330703056,0.12316582968483292,0.16562525573630424,GMM estimator,0.2,0.2,0.5,0.5,3411,0.0,0.0,0.0,correct,correct,1.5
232,-0.17215275807354438,-0.28721541249856913,-0.10422138727715141,GMM estimator,0.2,0.2,0.5,0.5,3411,0.0,0.0,0.0,correct,correct,1.5
233,-0.2870582341843464,-0.10251707411572011,0.2658070052715087,GMM estimator,0.2,0.2,0.5,0.5,3411,0.0,0.0,0.0,correct,correct,1.5
234,-0.023922961038674372,-0.1305368638977359,0.13095096245953078,GMM estimator,0.2,0.2,0.5,0.5,3411,0.0,0.0,0.0,correct,correct,1.5
235,-0.25622584958588135,0.04805331421034817,0.024989819258591874,GMM estimator,0.2,0.2,0.5,0.5,3411,0.0,0.0,0.0,correct,correct,1.5
236,-0.28605161194217216,-0.0305171231276537,0.13658140881461917,GMM estimator,0.2,0.2,0.5,0.5,3411,0.0,0.0,0.0,correct,correct,1.5
237,-0.098945782535934,-0.02952355653423583,0.16575837472156074,GMM estimator,0.2,0.2,0.5,0.5,3411,0.0,0.0,0.0,correct,correct,1.5
238,0.18855732998127026,0.2856346757953881,0.005127089308958908,GMM estimator,0.2,0.2,0.5,0.5,3411,0.0,0.0,0.0,correct,correct,1.5
239,-0.24538986529506948,-0.43859939403946396,-0.16524564832560362,GMM estimator,0.2,0.2,0.5,0.5,3411,0.0,0.0,0.0,correct,correct,1.5
240,0.03933434469078073,0.08672528252500694,0.018214285359298765,GMM estimator,0.2,0.2,0.5,0.5,3411,0.0,0.0,0.0,correct,correct,1.5
241,-0.1208060040915741,0.6801293986792988,0.13727265221321985,GMM estimator,0.2,0.2,0.5,0.5,3411,0.0,0.0,0.0,correct,correct,1.5
242,0.2584305993660452,0.48949313432465275,-0.002321590680184815,GMM estimator,0.2,0.2,0.5,0.5,3411,0.0,0.0,0.0,correct,correct,1.5
243,-0.0006842063043138122,0.17150624218579086,-0.0581093337365102,GMM estimator,0.2,0.2,0.5,0.5,3411,0.0,0.0,0.0,correct,correct,1.5
244,0.10631201441615186,0.03594274273689988,0.28327491879586136,GMM estimator,0.2,0.2,0.5,0.5,3411,0.0,0.0,0.0,correct,correct,1.5
245,0.0907297634825331,-0.06300730217116834,0.005587864476749741,GMM estimator,0.2,0.2,0.5,0.5,3411,0.0,0.0,0.0,correct,correct,1.5
246,-0.5369648249400057,-0.31064867600554585,-0.1953406562288896,GMM estimator,0.2,0.2,0.5,0.5,3411,0.0,0.0,0.0,correct,correct,1.5
247,-0.06645427534055875,-0.11765551910000863,-0.251445419956916,GMM estimator,0.2,0.2,0.5,0.5,3411,0.0,0.0,0.0,correct,correct,1.5
248,0.14631942352996286,-0.277486299105248,-0.30133109369451455,GMM estimator,0.2,0.2,0.5,0.5,3411,0.0,0.0,0.0,correct,correct,1.5
249,0.10156282555100556,0.36815108853221007,-0.007858112639207748,GMM estimator,0.2,0.2,0.5,0.5,3411,0.0,0.0,0.0,correct,correct,1.5
250,-0.06964158140529252,0.16676815256712266,-0.1858139995575736,GMM estimator,0.2,0.2,0.5,0.5,3411,0.0,0.0,0.0,correct,correct,1.5
251,-0.13543074086308113,0.19846744331056812,-0.12268579888189009,GMM estimator,0.2,0.2,0.5,0.5,3411,0.0,0.0,0.0,correct,correct,1.5
252,0.14281414714054605,0.36352263072554375,-0.03655331554498586,GMM estimator,0.2,0.2,0.5,0.5,3411,0.0,0.0,0.0,correct,correct,1.5
253,-0.17505773520516393,0.29285716753082625,0.10141698099148833,GMM estimator,0.2,0.2,0.5,0.5,3411,0.0,0.0,0.0,correct,correct,1.5
254,0.06476094657999287,-0.12775704031637378,-0.5465211928722332,GMM estimator,0.2,0.2,0.5,0.5,3411,0.0,0.0,0.0,correct,correct,1.5
255,-0.009655543249775423,-0.31622518080686757,-0.20011749700917486,GMM estimator,0.2,0.2,0.5,0.5,3411,0.0,0.0,0.0,correct,correct,1.5
256,-0.24125837400896155,-0.21433361956280955,-0.5495822171116811,GMM estimator,0.2,0.2,0.5,0.5,3411,0.0,0.0,0.0,correct,correct,1.5
257,-0.05268077265334814,0.27778701572340614,0.2278549011214842,GMM estimator,0.2,0.2,0.5,0.5,3411,0.0,0.0,0.0,correct,correct,1.5
258,-0.42258230415209286,0.06906660710016532,0.10292864960552872,GMM estimator,0.2,0.2,0.5,0.5,3411,0.0,0.0,0.0,correct,correct,1.5
259,-0.0649486008916643,-0.5008279922382048,-0.1106270390186617,GMM estimator,0.2,0.2,0.5,0.5,3411,0.0,0.0,0.0,correct,correct,1.5
260,-0.10496191301797429,-0.17243369420047597,-0.3141570105814263,GMM estimator,0.2,0.2,0.5,0.5,3411,0.0,0.0,0.0,correct,correct,1.5
261,0.06358619189168978,0.12025707112094296,0.07901119523934737,GMM estimator,0.2,0.2,0.5,0.5,3411,0.0,0.0,0.0,correct,correct,1.5
262,-0.1630702981782674,0.5189376302415788,0.140993385360827,GMM estimator,0.2,0.2,0.5,0.5,3411,0.0,0.0,0.0,correct,correct,1.5
263,-0.17333649907723506,-0.33053899546601384,-0.03245087456004124,GMM estimator,0.2,0.2,0.5,0.5,3411,0.0,0.0,0.0,correct,correct,1.5
264,0.14118973029243032,0.5608324950054808,-0.06708003154046217,GMM estimator,0.2,0.2,0.5,0.5,3411,0.0,0.0,0.0,correct,correct,1.5
265,-0.0433894145493655,0.29437062156364147,-0.1052098201628197,GMM estimator,0.2,0.2,0.5,0.5,3411,0.0,0.0,0.0,correct,correct,1.5
266,-0.10428358332002871,-0.009897200114295691,-0.21426765460271632,GMM estimator,0.2,0.2,0.5,0.5,3411,0.0,0.0,0.0,correct,correct,1.5
267,-0.18243366698203994,0.010653976837622921,-0.05400761929928075,GMM estimator,0.2,0.2,0.5,0.5,3411,0.0,0.0,0.0,correct,correct,1.5
268,-0.22255427431445518,0.2947065158555185,0.04959652459319421,GMM estimator,0.2,0.2,0.5,0.5,3411,0.0,0.0,0.0,correct,correct,1.5
269,-0.22593249996045278,0.2610171272580827,0.17604362244828908,GMM estimator,0.2,0.2,0.5,0.5,3411,0.0,0.0,0.0,correct,correct,1.5
270,-0.07399884210769805,-0.4855878135480392,0.31950764185355446,GMM estimator,0.2,0.2,0.5,0.5,3411,0.0,0.0,0.0,correct,correct,1.5
271,-0.19449997710786512,-0.07055851388619672,-0.16843305315303309,GMM estimator,0.2,0.2,0.5,0.5,3411,0.0,0.0,0.0,correct,correct,1.5
272,-0.3044235814597052,-0.10318367409550934,-0.3858954695922409,GMM estimator,0.2,0.2,0.5,0.5,3411,0.0,0.0,0.0,correct,correct,1.5
273,0.13348311942541605,-0.0344313777359453,-0.12298930135124325,GMM estimator,0.2,0.2,0.5,0.5,3411,0.0,0.0,0.0,correct,correct,1.5
274,-0.17627621109206779,0.4205709649204479,-0.28833000697818156,GMM estimator,0.2,0.2,0.5,0.5,3411,0.0,0.0,0.0,correct,correct,1.5
275,-0.0014536642434269057,0.43017128552007333,-0.016722476766184345,GMM estimator,0.2,0.2,0.5,0.5,3411,0.0,0.0,0.0,correct,correct,1.5
276,0.028868022859902073,-0.4560585852962562,-0.09609116594824078,GMM estimator,0.2,0.2,0.5,0.5,3411,0.0,0.0,0.0,correct,correct,1.5
277,0.3146165171456013,0.07673055589614738,-0.033822135641949705,GMM estimator,0.2,0.2,0.5,0.5,3411,0.0,0.0,0.0,correct,correct,1.5
278,0.22270112355147004,0.017325119980002406,0.0930579540374756,GMM estimator,0.2,0.2,0.5,0.5,3411,0.0,0.0,0.0,correct,correct,1.5
279,-0.0062357416290553455,-0.07030778564920545,-0.11170394792097282,GMM estimator,0.2,0.2,0.5,0.5,3411,0.0,0.0,0.0,correct,correct,1.5
280,0.03048994756645576,0.36148273029642297,0.05780874311824542,GMM estimator,0.2,0.2,0.5,0.5,3411,0.0,0.0,0.0,correct,correct,1.5
281,0.2271486916761956,0.44518274578403766,0.33941308576169255,GMM estimator,0.2,0.2,0.5,0.5,3411,0.0,0.0,0.0,correct,correct,1.5
282,0.22980680373488938,-0.5060132261769665,-0.13736366076527967,GMM estimator,0.2,0.2,0.5,0.5,3411,0.0,0.0,0.0,correct,correct,1.5
283,0.2732859101519705,-0.025461824334449788,-0.12170210592380765,GMM estimator,0.2,0.2,0.5,0.5,3411,0.0,0.0,0.0,correct,correct,1.5
284,-0.05305375155278055,0.11005302799800318,-0.11278425552480086,GMM estimator,0.2,0.2,0.5,0.5,3411,0.0,0.0,0.0,correct,correct,1.5
285,0.025604722938538403,-0.413524690207285,-0.12672611615781718,GMM estimator,0.2,0.2,0.5,0.5,3411,0.0,0.0,0.0,correct,correct,1.5
286,0.02352601506335459,-0.28729441837496644,-0.0757073026980448,GMM estimator,0.2,0.2,0.5,0.5,3411,0.0,0.0,0.0,correct,correct,1.5
287,0.23400278157699378,0.003960168554243929,-0.0736059378173555,GMM estimator,0.2,0.2,0.5,0.5,3411,0.0,0.0,0.0,correct,correct,1.5
288,-0.5102578380887768,-0.15199243281180816,-0.016677438263517218,GMM estimator,0.2,0.2,0.5,0.5,3411,0.0,0.0,0.0,correct,correct,1.5
289,-0.3731961044825077,0.3402566421640478,0.1739006131968327,GMM estimator,0.2,0.2,0.5,0.5,3411,0.0,0.0,0.0,correct,correct,1.5
290,-0.2522311568642955,-0.01847645892166739,-0.33026102702262905,GMM estimator,0.2,0.2,0.5,0.5,3411,0.0,0.0,0.0,correct,correct,1.5
291,0.36393227180779364,-0.051147797703905346,0.09743163520976485,GMM estimator,0.2,0.2,0.5,0.5,3411,0.0,0.0,0.0,correct,correct,1.5
292,0.30732866444790596,0.25425789224751694,0.013905046086408789,GMM estimator,0.2,0.2,0.5,0.5,3411,0.0,0.0,0.0,correct,correct,1.5
293,-0.1875280528994466,-0.003912138427167429,0.05864827556217372,GMM estimator,0.2,0.2,0.5,0.5,3411,0.0,0.0,0.0,correct,correct,1.5
294,0.24737218617369475,-0.11451771436618709,-0.010441409551660636,GMM estimator,0.2,0.2,0.5,0.5,3411,0.0,0.0,0.0,correct,correct,1.5
295,0.07984975946163478,0.28988864464833747,0.0364106691386865,GMM estimator,0.2,0.2,0.5,0.5,3411,0.0,0.0,0.0,correct,correct,1.5
296,0.16946282654607087,-0.054148018898972104,-0.02378388125525784,GMM estimator,0.2,0.2,0.5,0.5,3411,0.0,0.0,0.0,correct,correct,1.5
297,-0.06813571115599647,-0.13296945698477694,-0.13493621381942467,GMM estimator,0.2,0.2,0.5,0.5,3411,0.0,0.0,0.0,correct,correct,1.5
298,0.4200692175745008,0.1514299284681375,0.04428059507511847,GMM estimator,0.2,0.2,0.5,0.5,3411,0.0,0.0,0.0,correct,correct,1.5
299,-0.056288576479049085,0.6386374275838046,-0.20049547054055206,GMM estimator,0.2,0.2,0.5,0.5,3411,0.0,0.0,0.0,correct,correct,1.5
300,-0.02681204332670334,-0.16928020924539086,0.09376110135407124,GMM estimator,0.2,0.2,0.5,0.5,3411,0.0,0.0,0.0,correct,correct,1.5
1,-0.210303069098355,-0.7757017810421948,-0.49896596091358225,Three-step,0.2,0.2,0.5,0.5,3411,0.0,0.0,0.0,correct,wrong,1.5
2,-0.11988873959990093,0.09668122592443394,-0.5009373564928588,Three-step,0.2,0.2,0.5,0.5,3411,0.0,0.0,0.0,correct,wrong,1.5
3,-0.26302298606766616,0.3016646106387539,-0.5236694913868366,Three-step,0.2,0.2,0.5,0.5,3411,0.0,0.0,0.0,correct,wrong,1.5
4,0.22310944963094073,-0.17625752442249476,-0.5231453436800473,Three-step,0.2,0.2,0.5,0.5,3411,0.0,0.0,0.0,correct,wrong,1.5
5,-0.3976563710996107,0.09181122279128663,-0.5588063735104188,Three-step,0.2,0.2,0.5,0.5,3411,0.0,0.0,0.0,correct,wrong,1.5
6,0.22184148131569845,-0.10596249931058477,-0.5035780854602282,Three-step,0.2,0.2,0.5,0.5,3411,0.0,0.0,0.0,correct,wrong,1.5
7,0.6370852178374099,-0.23422539175553025,-0.5213961630573162,Three-step,0.2,0.2,0.5,0.5,3411,0.0,0.0,0.0,correct,wrong,1.5
8,-0.195020587855611,-0.12428043957392353,-0.5142919135910026,Three-step,0.2,0.2,0.5,0.5,3411,0.0,0.0,0.0,correct,wrong,1.5
9,-0.21545986978481999,0.10597154461630895,-0.49892252420827055,Three-step,0.2,0.2,0.5,0.5,3411,0.0,0.0,0.0,correct,wrong,1.5
10,-0.2914328185204209,-0.22041895797988312,-0.5268615944976978,Three-step,0.2,0.2,0.5,0.5,3411,0.0,0.0,0.0,correct,wrong,1.5
11,0.2601817817811786,-0.05524410198609237,-0.5086046134404932,Three-step,0.2,0.2,0.5,0.5,3411,0.0,0.0,0.0,correct,wrong,1.5
12,-0.04227899662078398,-0.18740825587968182,-0.5028230391237635,Three-step,0.2,0.2,0.5,0.5,3411,0.0,0.0,0.0,correct,wrong,1.5
13,0.30901479031709667,0.11143004540535384,-0.5232963147474091,Three-step,0.2,0.2,0.5,0.5,3411,0.0,0.0,0.0,correct,wrong,1.5
14,-0.28954321861632765,-0.47229302185831695,-0.5340981041541182,Three-step,0.2,0.2,0.5,0.5,3411,0.0,0.0,0.0,correct,wrong,1.5
15,-0.2911704567945002,-0.3172386745083877,-0.5209760399126562,Three-step,0.2,0.2,0.5,0.5,3411,0.0,0.0,0.0,correct,wrong,1.5
16,-0.21364913701461696,-0.24828563179729898,-0.5572164397082198,Three-step,0.2,0.2,0.5,0.5,3411,0.0,0.0,0.0,correct,wrong,1.5
17,0.35824986452701485,0.43304026996921274,-0.5115197035929057,Three-step,0.2,0.2,0.5,0.5,3411,0.0,0.0,0.0,correct,wrong,1.5
18,0.037200919817350096,-0.34576549350558716,-0.5423631165348627,Three-step,0.2,0.2,0.5,0.5,3411,0.0,0.0,0.0,correct,wrong,1.5
19,-0.05585445192436152,0.1350396624526016,-0.523962081485058,Three-step,0.2,0.2,0.5,0.5,3411,0.0,0.0,0.0,correct,wrong,1.5
20,-0.0316016454977647,0.4297697316999143,-0.4971369754496117,Three-step,0.2,0.2,0.5,0.5,3411,0.0,0.0,0.0,correct,wrong,1.5
21,0.06901131685949392,0.12675195437560857,-0.5045307641898296,Three-step,0.2,0.2,0.5,0.5,3411,0.0,0.0,0.0,correct,wrong,1.5
22,0.14656559849384362,0.1364554920954802,-0.5008853519042342,Three-step,0.2,0.2,0.5,0.5,3411,0.0,0.0,0.0,correct,wrong,1.5
23,-0.07204310241140074,0.22572964585656863,-0.4995159295416818,Three-step,0.2,0.2,0.5,0.5,3411,0.0,0.0,0.0,correct,wrong,1.5
24,0.29788328457430935,-0.25210359791072806,-0.5324535512507633,Three-step,0.2,0.2,0.5,0.5,3411,0.0,0.0,0.0,correct,wrong,1.5
25,-0.07791177418036423,0.3914803117039648,-0.5501000812482356,Three-step,0.2,0.2,0.5,0.5,3411,0.0,0.0,0.0,correct,wrong,1.5
26,-0.03528787054936695,-0.06749918801732468,-0.5415353559326933,Three-step,0.2,0.2,0.5,0.5,3411,0.0,0.0,0.0,correct,wrong,1.5
27,0.06682799579351845,-0.0488618019525134,-0.5222661350248567,Three-step,0.2,0.2,0.5,0.5,3411,0.0,0.0,0.0,correct,wrong,1.5
28,0.015676490443958427,0.13703416942699198,-0.5370669800703796,Three-step,0.2,0.2,0.5,0.5,3411,0.0,0.0,0.0,correct,wrong,1.5
29,0.040105206765687,-0.409486787393642,-0.5160851878858912,Three-step,0.2,0.2,0.5,0.5,3411,0.0,0.0,0.0,correct,wrong,1.5
30,-0.1758830971168638,0.07880836646896924,-0.5154565516362778,Three-step,0.2,0.2,0.5,0.5,3411,0.0,0.0,0.0,correct,wrong,1.5
31,0.08523662958967078,0.45214974752712966,-0.4899446995695758,Three-step,0.2,0.2,0.5,0.5,3411,0.0,0.0,0.0,correct,wrong,1.5
32,-0.08952361587097607,-0.4805757486005977,-0.5292909931195857,Three-step,0.2,0.2,0.5,0.5,3411,0.0,0.0,0.0,correct,wrong,1.5
33,0.2952964237783887,0.1849228593889144,-0.5216052707692197,Three-step,0.2,0.2,0.5,0.5,3411,0.0,0.0,0.0,correct,wrong,1.5
34,0.055695380552052066,-0.6312384662377791,-0.537111825177198,Three-step,0.2,0.2,0.5,0.5,3411,0.0,0.0,0.0,correct,wrong,1.5
35,-0.023598294557377265,0.3364278181714861,-0.5282407792087883,Three-step,0.2,0.2,0.5,0.5,3411,0.0,0.0,0.0,correct,wrong,1.5
36,0.11904996260598523,0.08185856132282487,-0.5573118600409231,Three-step,0.2,0.2,0.5,0.5,3411,0.0,0.0,0.0,correct,wrong,1.5
37,-0.13562864434798033,-0.06635803348481611,-0.5467082853818761,Three-step,0.2,0.2,0.5,0.5,3411,0.0,0.0,0.0,correct,wrong,1.5
38,-0.1638782132488321,-0.3538056356322897,-0.5381885712547826,Three-step,0.2,0.2,0.5,0.5,3411,0.0,0.0,0.0,correct,wrong,1.5
39,-0.09027603533881608,-0.2872212344608347,-0.5411853005725028,Three-step,0.2,0.2,0.5,0.5,3411,0.0,0.0,0.0,correct,wrong,1.5
40,0.13265676243346627,0.46952595128275215,-0.5262531102250189,Three-step,0.2,0.2,0.5,0.5,3411,0.0,0.0,0.0,correct,wrong,1.5
41,-0.03152268048105878,-0.45405137049220734,-0.5004977310592749,Three-step,0.2,0.2,0.5,0.5,3411,0.0,0.0,0.0,correct,wrong,1.5
42,0.38417137187763717,-0.03195082785399093,-0.5249374197876923,Three-step,0.2,0.2,0.5,0.5,3411,0.0,0.0,0.0,correct,wrong,1.5
43,-0.234399124288576,-0.37834935540334375,-0.5124836629492618,Three-step,0.2,0.2,0.5,0.5,3411,0.0,0.0,0.0,correct,wrong,1.5
44,0.6091230410706228,-0.23930246113881615,-0.5069687997534121,Three-step,0.2,0.2,0.5,0.5,3411,0.0,0.0,0.0,correct,wrong,1.5
45,0.001581912404485741,-0.11394657162250456,-0.5255420017548229,Three-step,0.2,0.2,0.5,0.5,3411,0.0,0.0,0.0,correct,wrong,1.5
46,0.026490683348740357,-0.001762516832070816,-0.49335693765671573,Three-step,0.2,0.2,0.5,0.5,3411,0.0,0.0,0.0,correct,wrong,1.5
47,0.04039396105200827,0.3174678678646354,-0.47244572951867186,Three-step,0.2,0.2,0.5,0.5,3411,0.0,0.0,0.0,correct,wrong,1.5
48,0.2534297874688266,0.22330530211751973,-0.5203817486019975,Three-step,0.2,0.2,0.5,0.5,3411,0.0,0.0,0.0,correct,wrong,1.5
49,-0.26950815405391126,-0.18381605993443087,-0.4817583606616218,Three-step,0.2,0.2,0.5,0.5,3411,0.0,0.0,0.0,correct,wrong,1.5
50,-0.27831173140298704,-0.04897559051954308,-0.5234969452284353,Three-step,0.2,0.2,0.5,0.5,3411,0.0,0.0,0.0,correct,wrong,1.5
51,0.13497075371824327,0.28906827880089614,-0.5295618920522583,Three-step,0.2,0.2,0.5,0.5,3411,0.0,0.0,0.0,correct,wrong,1.5
52,0.024737810417824142,0.12975448078434962,-0.5387722016544174,Three-step,0.2,0.2,0.5,0.5,3411,0.0,0.0,0.0,correct,wrong,1.5
53,0.19020815833039087,0.20822771187724812,-0.5016002505619631,Three-step,0.2,0.2,0.5,0.5,3411,0.0,0.0,0.0,correct,wrong,1.5
54,0.003219144263025106,0.3838036485551504,-0.5156377089665842,Three-step,0.2,0.2,0.5,0.5,3411,0.0,0.0,0.0,correct,wrong,1.5
55,-0.18930356520442845,0.2861974940315199,-0.5202228308888812,Three-step,0.2,0.2,0.5,0.5,3411,0.0,0.0,0.0,correct,wrong,1.5
56,-0.32374426663856576,0.1620652929029268,-0.5494896424367297,Three-step,0.2,0.2,0.5,0.5,3411,0.0,0.0,0.0,correct,wrong,1.5
57,-0.31761444907788927,-0.6071788109641576,-0.5430118677137866,Three-step,0.2,0.2,0.5,0.5,3411,0.0,0.0,0.0,correct,wrong,1.5
58,-0.18227499252342771,-0.49137171074046426,-0.5533827374716338,Three-step,0.2,0.2,0.5,0.5,3411,0.0,0.0,0.0,correct,wrong,1.5
59,0.5928396967770039,0.30066126117842173,-0.5014930251987451,Three-step,0.2,0.2,0.5,0.5,3411,0.0,0.0,0.0,correct,wrong,1.5
60,-0.11471971655061003,0.4657357608989524,-0.5223364267642069,Three-step,0.2,0.2,0.5,0.5,3411,0.0,0.0,0.0,correct,wrong,1.5
61,0.024008567809603,-0.06330777325939063,-0.5253736806032296,Three-step,0.2,0.2,0.5,0.5,3411,0.0,0.0,0.0,correct,wrong,1.5
62,0.06182189547770708,0.11679988755785445,-0.489814870354233,Three-step,0.2,0.2,0.5,0.5,3411,0.0,0.0,0.0,correct,wrong,1.5
63,-0.2608628947429337,-0.07069308485131805,-0.5285016587097778,Three-step,0.2,0.2,0.5,0.5,3411,0.0,0.0,0.0,correct,wrong,1.5
64,0.034317936869541266,0.4084954966937063,-0.5192488824091154,Three-step,0.2,0.2,0.5,0.5,3411,0.0,0.0,0.0,correct,wrong,1.5
65,-0.3500071152546281,-0.20780778134446473,-0.4883286469398557,Three-step,0.2,0.2,0.5,0.5,3411,0.0,0.0,0.0,correct,wrong,1.5
66,0.06379406862286077,0.525998116568535,-0.5114208299824585,Three-step,0.2,0.2,0.5,0.5,3411,0.0,0.0,0.0,correct,wrong,1.5
67,0.19716222058212948,-0.4397580980401106,-0.5284717366265202,Three-step,0.2,0.2,0.5,0.5,3411,0.0,0.0,0.0,correct,wrong,1.5
68,-0.02151864123370474,0.21837721921838651,-0.5405357991539315,Three-step,0.2,0.2,0.5,0.5,3411,0.0,0.0,0.0,correct,wrong,1.5
69,-0.250805407398599,-0.18989837808286017,-0.5195159385973072,Three-step,0.2,0.2,0.5,0.5,3411,0.0,0.0,0.0,correct,wrong,1.5
70,-0.05838602229610051,-0.14539515405552753,-0.5203986930123801,Three-step,0.2,0.2,0.5,0.5,3411,0.0,0.0,0.0,correct,wrong,1.5
71,-0.23417125244364542,-0.15991828856952642,-0.5042485443567838,Three-step,0.2,0.2,0.5,0.5,3411,0.0,0.0,0.0,correct,wrong,1.5
72,-0.0493154724054477,-0.4211506766043283,-0.5738257977945038,Three-step,0.2,0.2,0.5,0.5,3411,0.0,0.0,0.0,correct,wrong,1.5
73,-0.06463790830831118,0.33752067095901334,-0.5409537593941258,Three-step,0.2,0.2,0.5,0.5,3411,0.0,0.0,0.0,correct,wrong,1.5
74,-0.38468918247500195,-0.12081016435644444,-0.5074862785465896,Three-step,0.2,0.2,0.5,0.5,3411,0.0,0.0,0.0,correct,wrong,1.5
75,-0.0055806198997767524,-0.026597333910650327,-0.508180809659289,Three-step,0.2,0.2,0.5,0.5,3411,0.0,0.0,0.0,correct,wrong,1.5
76,0.0556350323117486,-0.1845689029222974,-0.5182087030851363,Three-step,0.2,0.2,0.5,0.5,3411,0.0,0.0,0.0,correct,wrong,1.5
77,-0.24105060201766493,0.019842952260525844,-0.5580967242686362,Three-step,0.2,0.2,0.5,0.5,3411,0.0,0.0,0.0,correct,wrong,1.5
78,-0.5199994780966682,-0.3350366409981455,-0.5660272709622587,Three-step,0.2,0.2,0.5,0.5,3411,0.0,0.0,0.0,correct,wrong,1.5
79,0.0834168356562332,-0.2903594440618458,-0.4765182783391197,Three-step,0.2,0.2,0.5,0.5,3411,0.0,0.0,0.0,correct,wrong,1.5
80,0.09459595437466639,-0.25685090205784394,-0.5588712263081893,Three-step,0.2,0.2,0.5,0.5,3411,0.0,0.0,0.0,correct,wrong,1.5
81,-0.3358778324026441,-0.31893507141314903,-0.5503328415026696,Three-step,0.2,0.2,0.5,0.5,3411,0.0,0.0,0.0,correct,wrong,1.5
82,0.19723279854315706,0.44259529508483686,-0.5140370906582771,Three-step,0.2,0.2,0.5,0.5,3411,0.0,0.0,0.0,correct,wrong,1.5
83,-0.060209148068034304,0.10502807537657179,-0.5248301656183465,Three-step,0.2,0.2,0.5,0.5,3411,0.0,0.0,0.0,correct,wrong,1.5
84,-0.2759115596434967,-0.12005385616005745,-0.5186012393471546,Three-step,0.2,0.2,0.5,0.5,3411,0.0,0.0,0.0,correct,wrong,1.5
85,-0.32059187968935765,-0.3424268110740055,-0.5498653808330395,Three-step,0.2,0.2,0.5,0.5,3411,0.0,0.0,0.0,correct,wrong,1.5
86,-0.20824757731067886,-0.07586358476857341,-0.549811483824801,Three-step,0.2,0.2,0.5,0.5,3411,0.0,0.0,0.0,correct,wrong,1.5
87,-0.02192112205434854,-0.6020901143203363,-0.5147843835071723,Three-step,0.2,0.2,0.5,0.5,3411,0.0,0.0,0.0,correct,wrong,1.5
88,0.23135359931287144,0.22760564593704571,-0.5150545226456332,Three-step,0.2,0.2,0.5,0.5,3411,0.0,0.0,0.0,correct,wrong,1.5
89,0.058455687912202854,-0.3025017272545345,-0.5023653069438375,Three-step,0.2,0.2,0.5,0.5,3411,0.0,0.0,0.0,correct,wrong,1.5
90,0.0006987745384219463,-0.46477300752564144,-0.49977913254215706,Three-step,0.2,0.2,0.5,0.5,3411,0.0,0.0,0.0,correct,wrong,1.5
91,0.009910707904128131,0.17174937523104808,-0.528915058401559,Three-step,0.2,0.2,0.5,0.5,3411,0.0,0.0,0.0,correct,wrong,1.5
92,-0.6334712428814807,0.09982016173640171,-0.5499375005558633,Three-step,0.2,0.2,0.5,0.5,3411,0.0,0.0,0.0,correct,wrong,1.5
93,0.0301906171738512,0.36837771231908867,-0.5528133922954162,Three-step,0.2,0.2,0.5,0.5,3411,0.0,0.0,0.0,correct,wrong,1.5
94,-0.03810578393634927,-0.1483196535675319,-0.5104368315601064,Three-step,0.2,0.2,0.5,0.5,3411,0.0,0.0,0.0,correct,wrong,1.5
95,-0.1264233511314389,-0.06512572789361998,-0.5038247771977534,Three-step,0.2,0.2,0.5,0.5,3411,0.0,0.0,0.0,correct,wrong,1.5
96,-0.06541929328454558,-0.40223202966811455,-0.5405128203799,Three-step,0.2,0.2,0.5,0.5,3411,0.0,0.0,0.0,correct,wrong,1.5
97,-0.24784664722516045,-0.11143998679990587,-0.5177223764875303,Three-step,0.2,0.2,0.5,0.5,3411,0.0,0.0,0.0,correct,wrong,1.5
98,0.11092492162794428,0.5069038698509208,-0.5320135820841826,Three-step,0.2,0.2,0.5,0.5,3411,0.0,0.0,0.0,correct,wrong,1.5
99,-0.25735135467985804,-0.18797885788181265,-0.4878660652541079,Three-step,0.2,0.2,0.5,0.5,3411,0.0,0.0,0.0,correct,wrong,1.5
100,-0.16335468696376212,0.2794851462400891,-0.5266227986471557,Three-step,0.2,0.2,0.5,0.5,3411,0.0,0.0,0.0,correct,wrong,1.5
101,0.03892789705910349,-0.33327835088545443,-0.533142321171424,Three-step,0.2,0.2,0.5,0.5,3411,0.0,0.0,0.0,correct,wrong,1.5
102,0.18602311505714386,-0.23296359327914765,-0.541172185594685,Three-step,0.2,0.2,0.5,0.5,3411,0.0,0.0,0.0,correct,wrong,1.5
103,0.036223047283954514,-0.09690575154914241,-0.508444002197524,Three-step,0.2,0.2,0.5,0.5,3411,0.0,0.0,0.0,correct,wrong,1.5
104,-0.5973510629793002,0.27910185562446665,-0.5240073594648803,Three-step,0.2,0.2,0.5,0.5,3411,0.0,0.0,0.0,correct,wrong,1.5
105,-0.15077551006557433,-0.24702877055084557,-0.5721458296601216,Three-step,0.2,0.2,0.5,0.5,3411,0.0,0.0,0.0,correct,wrong,1.5
106,-0.3250687420200899,-0.5527161670693242,-0.5575654981470086,Three-step,0.2,0.2,0.5,0.5,3411,0.0,0.0,0.0,correct,wrong,1.5
107,-0.5580793379969629,-0.20840240656594197,-0.4863021125826091,Three-step,0.2,0.2,0.5,0.5,3411,0.0,0.0,0.0,correct,wrong,1.5
108,-0.10811107892682814,0.06855997659113672,-0.4832937918584881,Three-step,0.2,0.2,0.5,0.5,3411,0.0,0.0,0.0,correct,wrong,1.5
109,0.02672469928315317,0.20595384512866946,-0.5041128792834079,Three-step,0.2,0.2,0.5,0.5,3411,0.0,0.0,0.0,correct,wrong,1.5
110,0.3015059802178509,-0.3983913083138294,-0.5034934004662984,Three-step,0.2,0.2,0.5,0.5,3411,0.0,0.0,0.0,correct,wrong,1.5
111,0.16405053390901825,0.3031102922536734,-0.526675148773557,Three-step,0.2,0.2,0.5,0.5,3411,0.0,0.0,0.0,correct,wrong,1.5
112,-0.138164033682954,-0.12511775858753552,-0.5322033909546829,Three-step,0.2,0.2,0.5,0.5,3411,0.0,0.0,0.0,correct,wrong,1.5
113,-0.41495058439108035,0.18966875478294748,-0.513139541985742,Three-step,0.2,0.2,0.5,0.5,3411,0.0,0.0,0.0,correct,wrong,1.5
114,0.2750115007579774,-0.07143848472689339,-0.5431493609987978,Three-step,0.2,0.2,0.5,0.5,3411,0.0,0.0,0.0,correct,wrong,1.5
115,0.1730009625258765,-0.17146445440649263,-0.5287432583653667,Three-step,0.2,0.2,0.5,0.5,3411,0.0,0.0,0.0,correct,wrong,1.5
116,-0.024768482565224768,0.13047800874861182,-0.5406789438231744,Three-step,0.2,0.2,0.5,0.5,3411,0.0,0.0,0.0,correct,wrong,1.5
117,-0.39829452257392745,-0.7447562453828088,-0.5283288046645793,Three-step,0.2,0.2,0.5,0.5,3411,0.0,0.0,0.0,correct,wrong,1.5
118,-0.19461411727809402,-0.3732701274716505,-0.5428425539563203,Three-step,0.2,0.2,0.5,0.5,3411,0.0,0.0,0.0,correct,wrong,1.5
119,0.007340660547991784,-0.11648534294474466,-0.5272145693329812,Three-step,0.2,0.2,0.5,0.5,3411,0.0,0.0,0.0,correct,wrong,1.5
120,-0.12803416189311984,0.006786585371724645,-0.505909775215055,Three-step,0.2,0.2,0.5,0.5,3411,0.0,0.0,0.0,correct,wrong,1.5
121,0.029540264460211692,0.11382050232605806,-0.4975004779327024,Three-step,0.2,0.2,0.5,0.5,3411,0.0,0.0,0.0,correct,wrong,1.5
122,0.4814238680992507,-0.2021030877398583,-0.5200915411426433,Three-step,0.2,0.2,0.5,0.5,3411,0.0,0.0,0.0,correct,wrong,1.5
123,0.23645284739886138,0.42840487538467226,-0.5085726378621298,Three-step,0.2,0.2,0.5,0.5,3411,0.0,0.0,0.0,correct,wrong,1.5
124,-0.06656257114040165,-0.21971958240360825,-0.5506792080185275,Three-step,0.2,0.2,0.5,0.5,3411,0.0,0.0,0.0,correct,wrong,1.5
125,-0.09599154534566082,0.18224737954165907,-0.4998581402958939,Three-step,0.2,0.2,0.5,0.5,3411,0.0,0.0,0.0,correct,wrong,1.5
126,-0.07892054284749488,-0.21267400252670554,-0.5177448496588818,Three-step,0.2,0.2,0.5,0.5,3411,0.0,0.0,0.0,correct,wrong,1.5
127,0.017136849484270113,0.11676123288427084,-0.5054312422450371,Three-step,0.2,0.2,0.5,0.5,3411,0.0,0.0,0.0,correct,wrong,1.5
128,0.3672167157348237,-0.10383444345017026,-0.4920587874801749,Three-step,0.2,0.2,0.5,0.5,3411,0.0,0.0,0.0,correct,wrong,1.5
129,0.057221896242713205,0.16289718769294997,-0.4938616483079796,Three-step,0.2,0.2,0.5,0.5,3411,0.0,0.0,0.0,correct,wrong,1.5
130,-0.147748962255858,-0.5745749515085018,-0.5462746285894298,Three-step,0.2,0.2,0.5,0.5,3411,0.0,0.0,0.0,correct,wrong,1.5
131,-0.08206905020728635,-0.080282538926234,-0.5239476677746623,Three-step,0.2,0.2,0.5,0.5,3411,0.0,0.0,0.0,correct,wrong,1.5
132,-0.4347670322014434,-0.30034361038551605,-0.5145768614718756,Three-step,0.2,0.2,0.5,0.5,3411,0.0,0.0,0.0,correct,wrong,1.5
133,-0.09687182043029587,-0.3489281626845361,-0.518295291071686,Three-step,0.2,0.2,0.5,0.5,3411,0.0,0.0,0.0,correct,wrong,1.5
134,0.07025779159717926,-0.09406819699864771,-0.5068329919304264,Three-step,0.2,0.2,0.5,0.5,3411,0.0,0.0,0.0,correct,wrong,1.5
135,0.06526969886016269,-0.313822012614807,-0.5383608573728953,Three-step,0.2,0.2,0.5,0.5,3411,0.0,0.0,0.0,correct,wrong,1.5
136,-0.26968515809944943,-0.1207862020710871,-0.5291741929414007,Three-step,0.2,0.2,0.5,0.5,3411,0.0,0.0,0.0,correct,wrong,1.5
137,-0.09644570518725902,0.12336437887150309,-0.5285154808744443,Three-step,0.2,0.2,0.5,0.5,3411,0.0,0.0,0.0,correct,wrong,1.5
138,0.4268914946883685,0.10222566983976712,-0.5171852667113621,Three-step,0.2,0.2,0.5,0.5,3411,0.0,0.0,0.0,correct,wrong,1.5
139,-0.12923617317669778,-0.080500096493302,-0.5411689717668942,Three-step,0.2,0.2,0.5,0.5,3411,0.0,0.0,0.0,correct,wrong,1.5
140,0.23205816574325716,0.043060436310316176,-0.5040139202532541,Three-step,0.2,0.2,0.5,0.5,3411,0.0,0.0,0.0,correct,wrong,1.5
141,0.010581475533777676,-0.18405721258120877,-0.5178855720232757,Three-step,0.2,0.2,0.5,0.5,3411,0.0,0.0,0.0,correct,wrong,1.5
142,0.13610245078216437,-0.23042616662326237,-0.5043344815609834,Three-step,0.2,0.2,0.5,0.5,3411,0.0,0.0,0.0,correct,wrong,1.5
143,0.11789504220266325,0.3261280352235025,-0.5190817097850873,Three-step,0.2,0.2,0.5,0.5,3411,0.0,0.0,0.0,correct,wrong,1.5
144,0.24217080881888878,0.36922710074528564,-0.5141497015861063,Three-step,0.2,0.2,0.5,0.5,3411,0.0,0.0,0.0,correct,wrong,1.5
145,0.2798740511530211,0.08388771237419435,-0.46986773360302114,Three-step,0.2,0.2,0.5,0.5,3411,0.0,0.0,0.0,correct,wrong,1.5
146,-0.11563483888380986,0.03564396189020425,-0.5327347372514523,Three-step,0.2,0.2,0.5,0.5,3411,0.0,0.0,0.0,correct,wrong,1.5
147,-0.11083833043904824,0.10717094445725178,-0.5283942313563997,Three-step,0.2,0.2,0.5,0.5,3411,0.0,0.0,0.0,correct,wrong,1.5
148,0.15107576384545088,0.06056077324128311,-0.5245604033980652,Three-step,0.2,0.2,0.5,0.5,3411,0.0,0.0,0.0,correct,wrong,1.5
149,-0.17913687267222528,-0.08850035461358732,-0.5146448437170854,Three-step,0.2,0.2,0.5,0.5,3411,0.0,0.0,0.0,correct,wrong,1.5
150,0.24116285537903426,-0.13678549206776963,-0.5310894585037771,Three-step,0.2,0.2,0.5,0.5,3411,0.0,0.0,0.0,correct,wrong,1.5
151,0.15661383925513536,-0.197683613976829,-0.538210305729083,Three-step,0.2,0.2,0.5,0.5,3411,0.0,0.0,0.0,correct,wrong,1.5
152,0.10328136473882717,0.009753698894122576,-0.516639292916352,Three-step,0.2,0.2,0.5,0.5,3411,0.0,0.0,0.0,correct,wrong,1.5
153,0.13771525680297236,-0.07265450218384675,-0.4974455320195716,Three-step,0.2,0.2,0.5,0.5,3411,0.0,0.0,0.0,correct,wrong,1.5
154,0.018619543220871396,0.7712940982966534,-0.5159963901991445,Three-step,0.2,0.2,0.5,0.5,3411,0.0,0.0,0.0,correct,wrong,1.5
155,0.027083177973187763,0.16294393697309809,-0.555061418534674,Three-step,0.2,0.2,0.5,0.5,3411,0.0,0.0,0.0,correct,wrong,1.5
156,0.35940171576026575,-0.06748626337449987,-0.49079122286803156,Three-step,0.2,0.2,0.5,0.5,3411,0.0,0.0,0.0,correct,wrong,1.5
157,0.02656661984826041,0.15849606150101334,-0.5597099197840086,Three-step,0.2,0.2,0.5,0.5,3411,0.0,0.0,0.0,correct,wrong,1.5
158,0.28901792558859707,0.42827275292345235,-0.5153651979618153,Three-step,0.2,0.2,0.5,0.5,3411,0.0,0.0,0.0,correct,wrong,1.5
159,-0.026936211323818307,0.8993369104663412,-0.5015665429391144,Three-step,0.2,0.2,0.5,0.5,3411,0.0,0.0,0.0,correct,wrong,1.5
160,0.14462908026487417,-0.19816282289837314,-0.4934595160689887,Three-step,0.2,0.2,0.5,0.5,3411,0.0,0.0,0.0,correct,wrong,1.5
161,0.06633601645063901,0.10554831467818225,-0.5433186334159276,Three-step,0.2,0.2,0.5,0.5,3411,0.0,0.0,0.0,correct,wrong,1.5
162,0.2436434040036249,0.676409125608713,-0.5508963839593706,Three-step,0.2,0.2,0.5,0.5,3411,0.0,0.0,0.0,correct,wrong,1.5
163,0.049968336370874264,0.4437712474519749,-0.5223997868318553,Three-step,0.2,0.2,0.5,0.5,3411,0.0,0.0,0.0,correct,wrong,1.5
164,-0.5068665627602054,0.2263288403734191,-0.5671689116137801,Three-step,0.2,0.2,0.5,0.5,3411,0.0,0.0,0.0,correct,wrong,1.5
165,-0.06146595373021715,0.26134447536551275,-0.5303057790496309,Three-step,0.2,0.2,0.5,0.5,3411,0.0,0.0,0.0,correct,wrong,1.5
166,0.20407936633415397,-0.3291919615486911,-0.5022269662476563,Three-step,0.2,0.2,0.5,0.5,3411,0.0,0.0,0.0,correct,wrong,1.5
167,-0.23449710638443738,0.4243773546370509,-0.5403292324346495,Three-step,0.2,0.2,0.5,0.5,3411,0.0,0.0,0.0,correct,wrong,1.5
168,0.20369911381535163,-0.40874842401090233,-0.5552725850024494,Three-step,0.2,0.2,0.5,0.5,3411,0.0,0.0,0.0,correct,wrong,1.5
169,-0.18620003219988984,0.6253712109780121,-0.546324170183608,Three-step,0.2,0.2,0.5,0.5,3411,0.0,0.0,0.0,correct,wrong,1.5
170,-0.029184591095214877,-0.21223583517948802,-0.5235474754637061,Three-step,0.2,0.2,0.5,0.5,3411,0.0,0.0,0.0,correct,wrong,1.5
171,-0.2404748460381917,0.13439747810153668,-0.55667545903534,Three-step,0.2,0.2,0.5,0.5,3411,0.0,0.0,0.0,correct,wrong,1.5
172,-0.19418186287471706,0.12268887522653624,-0.5403785461057834,Three-step,0.2,0.2,0.5,0.5,3411,0.0,0.0,0.0,correct,wrong,1.5
173,-0.04391977203298715,-0.3129564054852231,-0.5175131048896939,Three-step,0.2,0.2,0.5,0.5,3411,0.0,0.0,0.0,correct,wrong,1.5
174,0.03401411350333463,0.2568427657213518,-0.5129713286264687,Three-step,0.2,0.2,0.5,0.5,3411,0.0,0.0,0.0,correct,wrong,1.5
175,0.38348410963894614,-0.2653531364529456,-0.5297868741711763,Three-step,0.2,0.2,0.5,0.5,3411,0.0,0.0,0.0,correct,wrong,1.5
176,-0.3644016454308564,-0.17968197073038913,-0.5396817957207988,Three-step,0.2,0.2,0.5,0.5,3411,0.0,0.0,0.0,correct,wrong,1.5
177,0.1687293721944164,0.021214910473442265,-0.5422490262481839,Three-step,0.2,0.2,0.5,0.5,3411,0.0,0.0,0.0,correct,wrong,1.5
178,-0.028381274158010873,0.006631221474608845,-0.4879315167608299,Three-step,0.2,0.2,0.5,0.5,3411,0.0,0.0,0.0,correct,wrong,1.5
179,-0.22988531621485292,-0.08703219498211243,-0.5087891556502652,Three-step,0.2,0.2,0.5,0.5,3411,0.0,0.0,0.0,correct,wrong,1.5
180,0.2743590119227498,0.220222873439996,-0.5424317401942114,Three-step,0.2,0.2,0.5,0.5,3411,0.0,0.0,0.0,correct,wrong,1.5
181,0.061348587993939364,0.015948966253808972,-0.49649337781530106,Three-step,0.2,0.2,0.5,0.5,3411,0.0,0.0,0.0,correct,wrong,1.5
182,0.18084755836317953,-0.07604046738910994,-0.5192116810978921,Three-step,0.2,0.2,0.5,0.5,3411,0.0,0.0,0.0,correct,wrong,1.5
183,0.255973439679849,0.2475781479043317,-0.5116477721332332,Three-step,0.2,0.2,0.5,0.5,3411,0.0,0.0,0.0,correct,wrong,1.5
184,0.11824015036021422,0.40639157716533847,-0.5346151660042776,Three-step,0.2,0.2,0.5,0.5,3411,0.0,0.0,0.0,correct,wrong,1.5
185,0.03859073095833515,-0.08968950259853839,-0.5428362650655596,Three-step,0.2,0.2,0.5,0.5,3411,0.0,0.0,0.0,correct,wrong,1.5
186,0.1722457813108369,0.3092657402996893,-0.5081689166375253,Three-step,0.2,0.2,0.5,0.5,3411,0.0,0.0,0.0,correct,wrong,1.5
187,0.08451602336619972,0.2795615287800539,-0.5272667657245147,Three-step,0.2,0.2,0.5,0.5,3411,0.0,0.0,0.0,correct,wrong,1.5
188,-0.006301604542688807,0.23347692408798323,-0.5492314407631498,Three-step,0.2,0.2,0.5,0.5,3411,0.0,0.0,0.0,correct,wrong,1.5
189,0.2563974177592552,-0.03653907775557887,-0.4907109544359761,Three-step,0.2,0.2,0.5,0.5,3411,0.0,0.0,0.0,correct,wrong,1.5
190,0.06750560892805232,0.5479309345127744,-0.5064273803592014,Three-step,0.2,0.2,0.5,0.5,3411,0.0,0.0,0.0,correct,wrong,1.5
191,-0.2721272645988922,-0.17361198522490676,-0.5134069226914981,Three-step,0.2,0.2,0.5,0.5,3411,0.0,0.0,0.0,correct,wrong,1.5
192,-0.16489941806315214,0.43892121011363916,-0.5120877024589011,Three-step,0.2,0.2,0.5,0.5,3411,0.0,0.0,0.0,correct,wrong,1.5
193,-0.37485158750444475,0.4329904064015378,-0.5196353103877774,Three-step,0.2,0.2,0.5,0.5,3411,0.0,0.0,0.0,correct,wrong,1.5
194,0.3510199770938537,0.03462405465059666,-0.5006252311312173,Three-step,0.2,0.2,0.5,0.5,3411,0.0,0.0,0.0,correct,wrong,1.5
195,-0.4640137698805598,-0.34648849292049316,-0.522599598145704,Three-step,0.2,0.2,0.5,0.5,3411,0.0,0.0,0.0,correct,wrong,1.5
196,-0.08109481570813541,-0.26534764775872777,-0.5253882699304074,Three-step,0.2,0.2,0.5,0.5,3411,0.0,0.0,0.0,correct,wrong,1.5
197,0.02790043386171679,-0.13315462314297208,-0.5014891322459367,Three-step,0.2,0.2,0.5,0.5,3411,0.0,0.0,0.0,correct,wrong,1.5
198,0.07215904260367526,-0.18399741516211746,-0.5518662684622779,Three-step,0.2,0.2,0.5,0.5,3411,0.0,0.0,0.0,correct,wrong,1.5
199,0.2829554794888629,0.28849001943317465,-0.4994081867421091,Three-step,0.2,0.2,0.5,0.5,3411,0.0,0.0,0.0,correct,wrong,1.5
200,-0.02932185017672159,0.361064591846408,-0.513340122183133,Three-step,0.2,0.2,0.5,0.5,3411,0.0,0.0,0.0,correct,wrong,1.5
201,0.10002794576775491,-0.02134539495006752,-0.5044170553886037,Three-step,0.2,0.2,0.5,0.5,3411,0.0,0.0,0.0,correct,wrong,1.5
202,-0.03048642144842551,0.02669854437399575,-0.5273773790348777,Three-step,0.2,0.2,0.5,0.5,3411,0.0,0.0,0.0,correct,wrong,1.5
203,0.21068917746251561,-0.12464852579212939,-0.5158068098098451,Three-step,0.2,0.2,0.5,0.5,3411,0.0,0.0,0.0,correct,wrong,1.5
204,0.13271692143645258,-0.02862014899678738,-0.501511234146525,Three-step,0.2,0.2,0.5,0.5,3411,0.0,0.0,0.0,correct,wrong,1.5
205,0.014594835939686858,0.19803262394223065,-0.5078988912932481,Three-step,0.2,0.2,0.5,0.5,3411,0.0,0.0,0.0,correct,wrong,1.5
206,0.13012406895468054,0.027843553127189963,-0.5159685611699756,Three-step,0.2,0.2,0.5,0.5,3411,0.0,0.0,0.0,correct,wrong,1.5
207,0.30242170029974746,0.5524482128536999,-0.5148872983733487,Three-step,0.2,0.2,0.5,0.5,3411,0.0,0.0,0.0,correct,wrong,1.5
208,-0.35721019800609816,-0.12814901605683438,-0.5111842463555268,Three-step,0.2,0.2,0.5,0.5,3411,0.0,0.0,0.0,correct,wrong,1.5
209,-0.09072468365465512,0.3029943694051118,-0.5182250238104466,Three-step,0.2,0.2,0.5,0.5,3411,0.0,0.0,0.0,correct,wrong,1.5
210,0.1656240572578171,-0.0773810723836811,-0.4759432881329826,Three-step,0.2,0.2,0.5,0.5,3411,0.0,0.0,0.0,correct,wrong,1.5
211,0.27818058936871454,0.4253382591927936,-0.5030396378843398,Three-step,0.2,0.2,0.5,0.5,3411,0.0,0.0,0.0,correct,wrong,1.5
212,0.30679104570642757,0.07648034226710138,-0.5238922242268571,Three-step,0.2,0.2,0.5,0.5,3411,0.0,0.0,0.0,correct,wrong,1.5
213,0.02323683728988363,-0.30676375393435173,-0.5309416793647225,Three-step,0.2,0.2,0.5,0.5,3411,0.0,0.0,0.0,correct,wrong,1.5
214,-0.24100948708817427,-0.1331784251117983,-0.5038503774815088,Three-step,0.2,0.2,0.5,0.5,3411,0.0,0.0,0.0,correct,wrong,1.5
215,-0.05765506519902198,-0.2805409149853588,-0.5128064394958067,Three-step,0.2,0.2,0.5,0.5,3411,0.0,0.0,0.0,correct,wrong,1.5
216,0.3882800251026145,0.1510006098026568,-0.4970252599757878,Three-step,0.2,0.2,0.5,0.5,3411,0.0,0.0,0.0,correct,wrong,1.5
217,0.47705344541269856,0.40752044287009365,-0.5148584614816829,Three-step,0.2,0.2,0.5,0.5,3411,0.0,0.0,0.0,correct,wrong,1.5
218,-0.1296086242595626,-0.35793840742473526,-0.5148854888399941,Three-step,0.2,0.2,0.5,0.5,3411,0.0,0.0,0.0,correct,wrong,1.5
219,0.09321047816461371,0.10120055748458866,-0.504379062155011,Three-step,0.2,0.2,0.5,0.5,3411,0.0,0.0,0.0,correct,wrong,1.5
220,0.17917510080913673,-0.10932100507539755,-0.5273641058933438,Three-step,0.2,0.2,0.5,0.5,3411,0.0,0.0,0.0,correct,wrong,1.5
221,0.04388184598169456,-0.06165105916100153,-0.5412795009636355,Three-step,0.2,0.2,0.5,0.5,3411,0.0,0.0,0.0,correct,wrong,1.5
222,-0.02291176707539331,0.07049499919545461,-0.5168922012401613,Three-step,0.2,0.2,0.5,0.5,3411,0.0,0.0,0.0,correct,wrong,1.5
223,0.07506436974308676,0.30005705022397205,-0.45926630177619615,Three-step,0.2,0.2,0.5,0.5,3411,0.0,0.0,0.0,correct,wrong,1.5
224,-0.1585108414586057,-0.355685741238564,-0.5489087652385494,Three-step,0.2,0.2,0.5,0.5,3411,0.0,0.0,0.0,correct,wrong,1.5
225,-0.19946270437383673,-0.2675731309881453,-0.5245246943078571,Three-step,0.2,0.2,0.5,0.5,3411,0.0,0.0,0.0,correct,wrong,1.5
226,0.3180991676790995,0.19461617223291824,-0.5141476866591388,Three-step,0.2,0.2,0.5,0.5,3411,0.0,0.0,0.0,correct,wrong,1.5
227,0.344324780638934,-0.2206371373373743,-0.4913573797380494,Three-step,0.2,0.2,0.5,0.5,3411,0.0,0.0,0.0,correct,wrong,1.5
228,0.27979115807874005,-0.012594798328390078,-0.5097034563932978,Three-step,0.2,0.2,0.5,0.5,3411,0.0,0.0,0.0,correct,wrong,1.5
229,-0.02307498320677034,-0.3902636160694142,-0.5266629690882908,Three-step,0.2,0.2,0.5,0.5,3411,0.0,0.0,0.0,correct,wrong,1.5
230,-0.17370995894595884,0.1466447120990778,-0.5475928126209186,Three-step,0.2,0.2,0.5,0.5,3411,0.0,0.0,0.0,correct,wrong,1.5
231,0.2623911983973073,0.04000402929810546,-0.507400419251792,Three-step,0.2,0.2,0.5,0.5,3411,0.0,0.0,0.0,correct,wrong,1.5
232,-0.2202832680572514,-0.2745595424362823,-0.5336032415056593,Three-step,0.2,0.2,0.5,0.5,3411,0.0,0.0,0.0,correct,wrong,1.5
233,-0.33956130721328187,-0.15821737749918816,-0.499705408401773,Three-step,0.2,0.2,0.5,0.5,3411,0.0,0.0,0.0,correct,wrong,1.5
234,-0.0368834826869964,-0.08982902305949053,-0.5118811936540434,Three-step,0.2,0.2,0.5,0.5,3411,0.0,0.0,0.0,correct,wrong,1.5
235,-0.22519468150065022,-0.023606159349548683,-0.5205776626321076,Three-step,0.2,0.2,0.5,0.5,3411,0.0,0.0,0.0,correct,wrong,1.5
236,-0.34370282806575203,-0.12545380339707093,-0.5165742564665246,Three-step,0.2,0.2,0.5,0.5,3411,0.0,0.0,0.0,correct,wrong,1.5
237,-0.16949645685046924,-0.06733148283900829,-0.5063841962479553,Three-step,0.2,0.2,0.5,0.5,3411,0.0,0.0,0.0,correct,wrong,1.5
238,0.10027011838946806,0.1703240906250002,-0.5284381116501544,Three-step,0.2,0.2,0.5,0.5,3411,0.0,0.0,0.0,correct,wrong,1.5
239,-0.21985972770464518,-0.3858062723294207,-0.5401830805325165,Three-step,0.2,0.2,0.5,0.5,3411,0.0,0.0,0.0,correct,wrong,1.5
240,-0.07047593958561567,-0.06249189897298652,-0.5260582408601637,Three-step,0.2,0.2,0.5,0.5,3411,0.0,0.0,0.0,correct,wrong,1.5
241,-0.1060078887200165,0.5368957074519094,-0.5121096141993938,Three-step,0.2,0.2,0.5,0.5,3411,0.0,0.0,0.0,correct,wrong,1.5
242,0.2618149445263994,0.4605935450781542,-0.5245211439242093,Three-step,0.2,0.2,0.5,0.5,3411,0.0,0.0,0.0,correct,wrong,1.5
243,0.050996281425012994,0.18724997623768502,-0.5311030502596826,Three-step,0.2,0.2,0.5,0.5,3411,0.0,0.0,0.0,correct,wrong,1.5
244,0.09609910347017217,-0.0025274689268618036,-0.49769025548524876,Three-step,0.2,0.2,0.5,0.5,3411,0.0,0.0,0.0,correct,wrong,1.5
245,0.05173532657270228,-0.09698052049764715,-0.5237828613208126,Three-step,0.2,0.2,0.5,0.5,3411,0.0,0.0,0.0,correct,wrong,1.5
246,-0.534814687813663,-0.20831558758029897,-0.5396220403071249,Three-step,0.2,0.2,0.5,0.5,3411,0.0,0.0,0.0,correct,wrong,1.5
247,-0.08757750634812408,-0.11686419743777669,-0.5446933985421624,Three-step,0.2,0.2,0.5,0.5,3411,0.0,0.0,0.0,correct,wrong,1.5
248,0.3222743962619209,-0.23900241764810812,-0.5448300604143427,Three-step,0.2,0.2,0.5,0.5,3411,0.0,0.0,0.0,correct,wrong,1.5
249,0.22829116949336775,0.6064161201407449,-0.5258839689120964,Three-step,0.2,0.2,0.5,0.5,3411,0.0,0.0,0.0,correct,wrong,1.5
250,-0.16405832510352852,-0.026625013499470898,-0.5410179594558406,Three-step,0.2,0.2,0.5,0.5,3411,0.0,0.0,0.0,correct,wrong,1.5
251,-0.0864081404232989,0.30875241827461564,-0.5334010146971313,Three-step,0.2,0.2,0.5,0.5,3411,0.0,0.0,0.0,correct,wrong,1.5
252,0.07641041041323184,0.39921530377758363,-0.5261153646019786,Three-step,0.2,0.2,0.5,0.5,3411,0.0,0.0,0.0,correct,wrong,1.5
253,-0.20983769140482866,0.4326161286645256,-0.5130790785543982,Three-step,0.2,0.2,0.5,0.5,3411,0.0,0.0,0.0,correct,wrong,1.5
254,0.15823213637790434,-0.14439090226484885,-0.5604535109141964,Three-step,0.2,0.2,0.5,0.5,3411,0.0,0.0,0.0,correct,wrong,1.5
255,-0.03888840438819575,-0.37507768784645973,-0.5424298003419559,Three-step,0.2,0.2,0.5,0.5,3411,0.0,0.0,0.0,correct,wrong,1.5
256,-0.2596023122049732,-0.20608431489801057,-0.5681221385341205,Three-step,0.2,0.2,0.5,0.5,3411,0.0,0.0,0.0,correct,wrong,1.5
257,-0.058570713052558745,0.41039894089149165,-0.5034974291801045,Three-step,0.2,0.2,0.5,0.5,3411,0.0,0.0,0.0,correct,wrong,1.5
258,-0.42882731169407834,0.055121942907418855,-0.5150865478043211,Three-step,0.2,0.2,0.5,0.5,3411,0.0,0.0,0.0,correct,wrong,1.5
259,-0.10233921919821996,-0.5206129386212152,-0.532635148390297,Three-step,0.2,0.2,0.5,0.5,3411,0.0,0.0,0.0,correct,wrong,1.5
260,-0.12698774835235072,-0.18966273658173077,-0.5522265074251305,Three-step,0.2,0.2,0.5,0.5,3411,0.0,0.0,0.0,correct,wrong,1.5
261,0.07932039539223561,0.14841110371135435,-0.517976858782665,Three-step,0.2,0.2,0.5,0.5,3411,0.0,0.0,0.0,correct,wrong,1.5
262,-0.16423904075981602,0.5601063914410318,-0.5089563906048652,Three-step,0.2,0.2,0.5,0.5,3411,0.0,0.0,0.0,correct,wrong,1.5
263,-0.2129282378064243,-0.3501011359488227,-0.526499718943285,Three-step,0.2,0.2,0.5,0.5,3411,0.0,0.0,0.0,correct,wrong,1.5
264,0.11488445393568304,0.5759332866723421,-0.5295229030201841,Three-step,0.2,0.2,0.5,0.5,3411,0.0,0.0,0.0,correct,wrong,1.5
265,-0.09705785678380556,0.33874304003633854,-0.5329017983929902,Three-step,0.2,0.2,0.5,0.5,3411,0.0,0.0,0.0,correct,wrong,1.5
266,-0.002229946379561915,0.05818390518674983,-0.5420268448622694,Three-step,0.2,0.2,0.5,0.5,3411,0.0,0.0,0.0,correct,wrong,1.5
267,-0.08479086702439247,0.09181603989943235,-0.5302874254874539,Three-step,0.2,0.2,0.5,0.5,3411,0.0,0.0,0.0,correct,wrong,1.5
268,-0.20618634145097667,0.3009178097529042,-0.5198605733383611,Three-step,0.2,0.2,0.5,0.5,3411,0.0,0.0,0.0,correct,wrong,1.5
269,-0.2779121463023165,0.3798154411357686,-0.5077259585557143,Three-step,0.2,0.2,0.5,0.5,3411,0.0,0.0,0.0,correct,wrong,1.5
270,0.07846195883705553,-0.4755697047548993,-0.49509907575609496,Three-step,0.2,0.2,0.5,0.5,3411,0.0,0.0,0.0,correct,wrong,1.5
271,0.09081909963065404,-0.009899322866328844,-0.5295309111276507,Three-step,0.2,0.2,0.5,0.5,3411,0.0,0.0,0.0,correct,wrong,1.5
272,-0.3242351215594289,-0.2438794600012773,-0.563916363521552,Three-step,0.2,0.2,0.5,0.5,3411,0.0,0.0,0.0,correct,wrong,1.5
273,0.07270825943674233,-0.1480307549720343,-0.5383099841907011,Three-step,0.2,0.2,0.5,0.5,3411,0.0,0.0,0.0,correct,wrong,1.5
274,-0.08368199120827803,0.5169993985044492,-0.5501151909244093,Three-step,0.2,0.2,0.5,0.5,3411,0.0,0.0,0.0,correct,wrong,1.5
275,0.04421087855113611,0.4981279531381448,-0.5240406731041873,Three-step,0.2,0.2,0.5,0.5,3411,0.0,0.0,0.0,correct,wrong,1.5
276,0.05096092162516995,-0.3656622484572684,-0.5332522568589275,Three-step,0.2,0.2,0.5,0.5,3411,0.0,0.0,0.0,correct,wrong,1.5
277,0.3375281652482541,0.23510404894986436,-0.5237060570173467,Three-step,0.2,0.2,0.5,0.5,3411,0.0,0.0,0.0,correct,wrong,1.5
278,0.19456596344726648,0.0017430465649830845,-0.513084414683914,Three-step,0.2,0.2,0.5,0.5,3411,0.0,0.0,0.0,correct,wrong,1.5
279,0.032739103269123375,-0.0106845622007713,-0.5304717064572152,Three-step,0.2,0.2,0.5,0.5,3411,0.0,0.0,0.0,correct,wrong,1.5
280,-0.00013321586318702604,0.4480614350187014,-0.5192307395252386,Three-step,0.2,0.2,0.5,0.5,3411,0.0,0.0,0.0,correct,wrong,1.5
281,0.2987750850461025,0.5964973982576357,-0.4912866217552114,Three-step,0.2,0.2,0.5,0.5,3411,0.0,0.0,0.0,correct,wrong,1.5
282,0.24841933163425353,-0.5187226950051724,-0.5337772992230899,Three-step,0.2,0.2,0.5,0.5,3411,0.0,0.0,0.0,correct,wrong,1.5
283,0.310814759690612,0.12667916544097743,-0.5356527586508943,Three-step,0.2,0.2,0.5,0.5,3411,0.0,0.0,0.0,correct,wrong,1.5
284,-0.1259798983978583,0.08642840308795591,-0.5345009404216237,Three-step,0.2,0.2,0.5,0.5,3411,0.0,0.0,0.0,correct,wrong,1.5
285,-0.020461708424317673,-0.46096228833980774,-0.5384780793586188,Three-step,0.2,0.2,0.5,0.5,3411,0.0,0.0,0.0,correct,wrong,1.5
286,-0.009246760794290038,-0.3665269361511163,-0.524044657235756,Three-step,0.2,0.2,0.5,0.5,3411,0.0,0.0,0.0,correct,wrong,1.5
287,0.2579146100219022,0.06005435335383121,-0.5312959295175963,Three-step,0.2,0.2,0.5,0.5,3411,0.0,0.0,0.0,correct,wrong,1.5
288,-0.44809439271051416,-0.23778095613397018,-0.5234865213061342,Three-step,0.2,0.2,0.5,0.5,3411,0.0,0.0,0.0,correct,wrong,1.5
289,-0.38422930720938236,0.42429956483864406,-0.5010688779848744,Three-step,0.2,0.2,0.5,0.5,3411,0.0,0.0,0.0,correct,wrong,1.5
290,-0.29594981324942654,-0.014399993072373345,-0.558395429369475,Three-step,0.2,0.2,0.5,0.5,3411,0.0,0.0,0.0,correct,wrong,1.5
291,0.4392116970846324,-0.10225555545433165,-0.5071146157550054,Three-step,0.2,0.2,0.5,0.5,3411,0.0,0.0,0.0,correct,wrong,1.5
292,0.4953702502257569,0.280650730548989,-0.520997861962055,Three-step,0.2,0.2,0.5,0.5,3411,0.0,0.0,0.0,correct,wrong,1.5
293,-0.2821929555337448,-0.15248127857116414,-0.512841294029136,Three-step,0.2,0.2,0.5,0.5,3411,0.0,0.0,0.0,correct,wrong,1.5
294,0.2126261069030039,-0.14002097450058582,-0.5199378908216615,Three-step,0.2,0.2,0.5,0.5,3411,0.0,0.0,0.0,correct,wrong,1.5
295,0.08949518323362621,0.22562926945883258,-0.5196558932379355,Three-step,0.2,0.2,0.5,0.5,3411,0.0,0.0,0.0,correct,wrong,1.5
296,0.1415443477097481,-0.07276068352435139,-0.5256868937250089,Three-step,0.2,0.2,0.5,0.5,3411,0.0,0.0,0.0,correct,wrong,1.5
297,-0.13743335788747008,-0.0964789801771569,-0.5388789886805718,Three-step,0.2,0.2,0.5,0.5,3411,0.0,0.0,0.0,correct,wrong,1.5
298,0.4574564166816047,0.19306319105498376,-0.5201119766276857,Three-step,0.2,0.2,0.5,0.5,3411,0.0,0.0,0.0,correct,wrong,1.5
299,-0.1039563509315601,0.6907501226821618,-0.5423650405672372,Three-step,0.2,0.2,0.5,0.5,3411,0.0,0.0,0.0,correct,wrong,1.5
300,0.01281423462171031,-0.20094604513654307,-0.5180822795832876,Three-step,0.2,0.2,0.5,0.5,3411,0.0,0.0,0.0,correct,wrong,1.5
1,-0.14274276557726512,-0.781542594521644,-0.49896596092508105,Robins' estimator,0.2,0.2,0.5,0.5,3411,0.0,0.0,0.0,correct,wrong,1.5
2,-0.09974099827294945,0.15461717117897134,-0.5009373564483516,Robins' estimator,0.2,0.2,0.5,0.5,3411,0.0,0.0,0.0,correct,wrong,1.5
3,-0.4085686142514056,0.31025366184265213,-0.5236694914055336,Robins' estimator,0.2,0.2,0.5,0.5,3411,0.0,0.0,0.0,correct,wrong,1.5
4,0.28677817373186587,-0.053114813940893,-0.5231453436482174,Robins' estimator,0.2,0.2,0.5,0.5,3411,0.0,0.0,0.0,correct,wrong,1.5
5,-0.31340786760121087,0.17833131682045195,-0.5588063735095413,Robins' estimator,0.2,0.2,0.5,0.5,3411,0.0,0.0,0.0,correct,wrong,1.5
6,0.28719538043931975,0.08089470894481274,-0.5035780854549311,Robins' estimator,0.2,0.2,0.5,0.5,3411,0.0,0.0,0.0,correct,wrong,1.5
7,0.4667334380555252,-0.14285985898769213,-0.5213961630559446,Robins' estimator,0.2,0.2,0.5,0.5,3411,0.0,0.0,0.0,correct,wrong,1.5
8,-0.2762384506981458,-0.1083393445981373,-0.5142919135933781,Robins' estimator,0.2,0.2,0.5,0.5,3411,0.0,0.0,0.0,correct,wrong,1.5
9,-0.19738500790911792,0.021572371080880594,-0.49892252420835104,Robins' estimator,0.2,0.2,0.5,0.5,3411,0.0,0.0,0.0,correct,wrong,1.5
10,-0.289918282280647,-0.2951138263551181,-0.5268615944975908,Robins' estimator,0.2,0.2,0.5,0.5,3411,0.0,0.0,0.0,correct,wrong,1.5
11,0.23154700439655357,-0.011487897619473983,-0.508604613440227,Robins' estimator,0.2,0.2,0.5,0.5,3411,0.0,0.0,0.0,correct,wrong,1.5
12,-0.0029957964497201233,-0.18001604315287112,-0.5028230391237547,Robins' estimator,0.2,0.2,0.5,0.5,3411,0.0,0.0,0.0,correct,wrong,1.5
13,0.3216337374757381,0.15489252911936735,-0.523296314828337,Robins' estimator,0.2,0.2,0.5,0.5,3411,0.0,0.0,0.0,correct,wrong,1.5
14,-0.2922106391042981,-0.541459412046268,-0.5340981041549898,Robins' estimator,0.2,0.2,0.5,0.5,3411,0.0,0.0,0.0,correct,wrong,1.5
15,-0.24122851034341336,-0.317426944723294,-0.520976039911107,Robins' estimator,0.2,0.2,0.5,0.5,3411,0.0,0.0,0.0,correct,wrong,1.5
16,-0.22691597658960647,-0.20064639893202038,-0.5572164396858905,Robins' estimator,0.2,0.2,0.5,0.5,3411,0.0,0.0,0.0,correct,wrong,1.5
17,0.47382253340025937,0.5600303079231426,-0.5115197035893915,Robins' estimator,0.2,0.2,0.5,0.5,3411,0.0,0.0,0.0,correct,wrong,1.5
18,0.06949049890385488,-0.39508371765417033,-0.5423631165338337,Robins' estimator,0.2,0.2,0.5,0.5,3411,0.0,0.0,0.0,correct,wrong,1.5
19,0.018408572972313162,0.12075538848425113,-0.523962081478872,Robins' estimator,0.2,0.2,0.5,0.5,3411,0.0,0.0,0.0,correct,wrong,1.5
20,-0.052150766854210835,0.3314002634850633,-0.49713697544962665,Robins' estimator,0.2,0.2,0.5,0.5,3411,0.0,0.0,0.0,correct,wrong,1.5
21,0.052138438805733614,0.15071724211142032,-0.5045307642231999,Robins' estimator,0.2,0.2,0.5,0.5,3411,0.0,0.0,0.0,correct,wrong,1.5
22,0.06157437358095979,0.0666474926283933,-0.5008853519096561,Robins' estimator,0.2,0.2,0.5,0.5,3411,0.0,0.0,0.0,correct,wrong,1.5
23,-0.09792658374311518,0.3381984155179043,-0.49951592953568197,Robins' estimator,0.2,0.2,0.5,0.5,3411,0.0,0.0,0.0,correct,wrong,1.5
24,0.4391765606558219,-0.23929974585818728,-0.5324535512433841,Robins' estimator,0.2,0.2,0.5,0.5,3411,0.0,0.0,0.0,correct,wrong,1.5
25,-0.048729486539613696,0.5054201505427681,-0.5501000812507343,Robins' estimator,0.2,0.2,0.5,0.5,3411,0.0,0.0,0.0,correct,wrong,1.5
26,-0.0817210195139749,-0.04879450108166813,-0.5415353559466286,Robins' estimator,0.2,0.2,0.5,0.5,3411,0.0,0.0,0.0,correct,wrong,1.5
27,0.05391428059527107,-0.051560606759773156,-0.5222661349345917,Robins' estimator,0.2,0.2,0.5,0.5,3411,0.0,0.0,0.0,correct,wrong,1.5
28,-0.11712465934314574,0.0559771531871522,-0.537066980039994,Robins' estimator,0.2,0.2,0.5,0.5,3411,0.0,0.0,0.0,correct,wrong,1.5
29,0.06648596590251014,-0.3463941423166254,-0.5160851878858917,Robins' estimator,0.2,0.2,0.5,0.5,3411,0.0,0.0,0.0,correct,wrong,1.5
30,-0.20169168889423952,0.13625559735805204,-0.5154565516504966,Robins' estimator,0.2,0.2,0.5,0.5,3411,0.0,0.0,0.0,correct,wrong,1.5
31,0.10066971306472448,0.4261276122695229,-0.4899446995693864,Robins' estimator,0.2,0.2,0.5,0.5,3411,0.0,0.0,0.0,correct,wrong,1.5
32,-0.05842897394910321,-0.5336959476470813,-0.5292909931193309,Robins' estimator,0.2,0.2,0.5,0.5,3411,0.0,0.0,0.0,correct,wrong,1.5
33,0.1697195585598176,0.3563133576182719,-0.5216052707706648,Robins' estimator,0.2,0.2,0.5,0.5,3411,0.0,0.0,0.0,correct,wrong,1.5
34,0.13034636346529427,-0.674343439208802,-0.5371118251700895,Robins' estimator,0.2,0.2,0.5,0.5,3411,0.0,0.0,0.0,correct,wrong,1.5
35,0.046972244298549036,0.34649303119065317,-0.528240779225448,Robins' estimator,0.2,0.2,0.5,0.5,3411,0.0,0.0,0.0,correct,wrong,1.5
36,0.13080293516595176,0.0203368503531789,-0.5573118600439856,Robins' estimator,0.2,0.2,0.5,0.5,3411,0.0,0.0,0.0,correct,wrong,1.5
37,-0.16675583620189133,-0.022812983693236963,-0.5467082853818642,Robins' estimator,0.2,0.2,0.5,0.5,3411,0.0,0.0,0.0,correct,wrong,1.5
38,-0.17501721736757045,-0.3477991411039625,-0.5381885712539692,Robins' estimator,0.2,0.2,0.5,0.5,3411,0.0,0.0,0.0,correct,wrong,1.5
39,-0.23458054330366776,-0.3805983026563951,-0.5411853005689197,Robins' estimator,0.2,0.2,0.5,0.5,3411,0.0,0.0,0.0,correct,wrong,1.5
40,0.11529630789517732,0.5050059906235685,-0.5262531102259937,Robins' estimator,0.2,0.2,0.5,0.5,3411,0.0,0.0,0.0,correct,wrong,1.5
41,-0.08226056020943355,-0.22448458969405516,-0.5004977310945327,Robins' estimator,0.2,0.2,0.5,0.5,3411,0.0,0.0,0.0,correct,wrong,1.5
42,0.33053279154643267,-0.022528285889495795,-0.5249374197926949,Robins' estimator,0.2,0.2,0.5,0.5,3411,0.0,0.0,0.0,correct,wrong,1.5
43,-0.03975279168765444,-0.2880391543893255,-0.5124836629492621,Robins' estimator,0.2,0.2,0.5,0.5,3411,0.0,0.0,0.0,correct,wrong,1.5
44,0.5107797206152114,-0.28223006288476316,-0.5069687997526406,Robins' estimator,0.2,0.2,0.5,0.5,3411,0.0,0.0,0.0,correct,wrong,1.5
45,0.09377156977480579,-0.05177138379496029,-0.5255420017549923,Robins' estimator,0.2,0.2,0.5,0.5,3411,0.0,0.0,0.0,correct,wrong,1.5
46,0.0787890642822255,-0.11781878974223053,-0.4933569376393129,Robins' estimator,0.2,0.2,0.5,0.5,3411,0.0,0.0,0.0,correct,wrong,1.5
47,0.0981073284822263,0.28411199601958614,-0.47244572952030245,Robins' estimator,0.2,0.2,0.5,0.5,3411,0.0,0.0,0.0,correct,wrong,1.5
48,0.14951975622786742,0.28122326277446574,-0.5203817486019998,Robins' estimator,0.2,0.2,0.5,0.5,3411,0.0,0.0,0.0,correct,wrong,1.5
49,-0.22938597611144856,-0.05524666192070367,-0.48175836065979344,Robins' estimator,0.2,0.2,0.5,0.5,3411,0.0,0.0,0.0,correct,wrong,1.5
50,-0.3122705086725435,-0.057838189532597666,-0.5234969452279158,Robins' estimator,0.2,0.2,0.5,0.5,3411,0.0,0.0,0.0,correct,wrong,1.5
51,0.06491466723933412,0.22763265426690832,-0.5295618920521158,Robins' estimator,0.2,0.2,0.5,0.5,3411,0.0,0.0,0.0,correct,wrong,1.5
52,0.024226752104500253,0.1629562988401117,-0.538772201640911,Robins' estimator,0.2,0.2,0.5,0.5,3411,0.0,0.0,0.0,correct,wrong,1.5
53,0.17066658400018878,0.2489199313231896,-0.5016002505531513,Robins' estimator,0.2,0.2,0.5,0.5,3411,0.0,0.0,0.0,correct,wrong,1.5
54,0.02038182421193923,0.35739169688820643,-0.5156377089664156,Robins' estimator,0.2,0.2,0.5,0.5,3411,0.0,0.0,0.0,correct,wrong,1.5
55,-0.2371963810222158,0.26511419718531937,-0.5202228308986436,Robins' estimator,0.2,0.2,0.5,0.5,3411,0.0,0.0,0.0,correct,wrong,1.5
56,-0.21533112684455125,0.21774762630717767,-0.5494896424348971,Robins' estimator,0.2,0.2,0.5,0.5,3411,0.0,0.0,0.0,correct,wrong,1.5
57,-0.2970883589719083,-0.6328432398544384,-0.5430118677140185,Robins' estimator,0.2,0.2,0.5,0.5,3411,0.0,0.0,0.0,correct,wrong,1.5
58,-0.28015424232336716,-0.47198857998708516,-0.5533827374716551,Robins' estimator,0.2,0.2,0.5,0.5,3411,0.0,0.0,0.0,correct,wrong,1.5
59,0.5137429102187878,0.2950764380923623,-0.5014930252055758,Robins' estimator,0.2,0.2,0.5,0.5,3411,0.0,0.0,0.0,correct,wrong,1.5
60,0.005786749700979301,0.315938049391316,-0.5223364267771944,Robins' estimator,0.2,0.2,0.5,0.5,3411,0.0,0.0,0.0,correct,wrong,1.5
61,0.060370328547997794,-0.055855748079396056,-0.525373680604564,Robins' estimator,0.2,0.2,0.5,0.5,3411,0.0,0.0,0.0,correct,wrong,1.5
62,-0.01556297711023071,0.010664504452819946,-0.4898148703502057,Robins' estimator,0.2,0.2,0.5,0.5,3411,0.0,0.0,0.0,correct,wrong,1.5
63,-0.23972434825510003,0.059266341552159874,-0.5285016587345293,Robins' estimator,0.2,0.2,0.5,0.5,3411,0.0,0.0,0.0,correct,wrong,1.5
64,-0.01878916719169948,0.3302174860046567,-0.5192488824091054,Robins' estimator,0.2,0.2,0.5,0.5,3411,0.0,0.0,0.0,correct,wrong,1.5
65,-0.3394855306598507,-0.2217709663508086,-0.4883286469395691,Robins' estimator,0.2,0.2,0.5,0.5,3411,0.0,0.0,0.0,correct,wrong,1.5
66,0.04901043209794393,0.5128033987040739,-0.5114208299823522,Robins' estimator,0.2,0.2,0.5,0.5,3411,0.0,0.0,0.0,correct,wrong,1.5
67,0.30010754787560057,-0.4236479057434322,-0.5284717366344611,Robins' estimator,0.2,0.2,0.5,0.5,3411,0.0,0.0,0.0,correct,wrong,1.5
68,0.036963243270831905,0.2717858296934199,-0.5405357991553522,Robins' estimator,0.2,0.2,0.5,0.5,3411,0.0,0.0,0.0,correct,wrong,1.5
69,-0.2270908533801269,-0.23050199662071894,-0.5195159385967281,Robins' estimator,0.2,0.2,0.5,0.5,3411,0.0,0.0,0.0,correct,wrong,1.5
70,-0.06550082431156422,-0.15641441445607204,-0.5203986930121733,Robins' estimator,0.2,0.2,0.5,0.5,3411,0.0,0.0,0.0,correct,wrong,1.5
71,-0.18102839990092925,-0.13957703001145416,-0.5042485443573061,Robins' estimator,0.2,0.2,0.5,0.5,3411,0.0,0.0,0.0,correct,wrong,1.5
72,-0.15457505828957957,-0.4163290299254232,-0.5738257977944533,Robins' estimator,0.2,0.2,0.5,0.5,3411,0.0,0.0,0.0,correct,wrong,1.5
73,-0.014544921113910852,0.1987710213562007,-0.5409537594014014,Robins' estimator,0.2,0.2,0.5,0.5,3411,0.0,0.0,0.0,correct,wrong,1.5
74,-0.4543200647965296,-0.25672000707675435,-0.5074862785498622,Robins' estimator,0.2,0.2,0.5,0.5,3411,0.0,0.0,0.0,correct,wrong,1.5
75,-0.04642287277807204,-0.049632849582804034,-0.508180809659294,Robins' estimator,0.2,0.2,0.5,0.5,3411,0.0,0.0,0.0,correct,wrong,1.5
76,0.05191044309651879,-0.21474854249229305,-0.518208703085049,Robins' estimator,0.2,0.2,0.5,0.5,3411,0.0,0.0,0.0,correct,wrong,1.5
77,-0.2702327133234691,-0.006588929157045058,-0.5580967242689142,Robins' estimator,0.2,0.2,0.5,0.5,3411,0.0,0.0,0.0,correct,wrong,1.5
78,-0.5562536527270053,-0.37271361354930677,-0.566027270961464,Robins' estimator,0.2,0.2,0.5,0.5,3411,0.0,0.0,0.0,correct,wrong,1.5
79,0.008228630171809997,-0.20717064127693763,-0.4765182783434794,Robins' estimator,0.2,0.2,0.5,0.5,3411,0.0,0.0,0.0,correct,wrong,1.5
80,0.09024851367928063,-0.22206139896974258,-0.5588712263072687,Robins' estimator,0.2,0.2,0.5,0.5,3411,0.0,0.0,0.0,correct,wrong,1.5
81,-0.24467931034624527,-0.2884113267473443,-0.55033284150098,Robins' estimator,0.2,0.2,0.5,0.5,3411,0.0,0.0,0.0,correct,wrong,1.5
82,0.16383679998036704,0.49755855422850676,-0.5140370907012732,Robins' estimator,0.2,0.2,0.5,0.5,3411,0.0,0.0,0.0,correct,wrong,1.5
83,-0.10247953498692708,0.011607901393006029,-0.5248301656170625,Robins' estimator,0.2,0.2,0.5,0.5,3411,0.0,0.0,0.0,correct,wrong,1.5
84,-0.2359423062752802,-0.2035974737906337,-0.5186012393477258,Robins' estimator,0.2,0.2,0.5,0.5,3411,0.0,0.0,0.0,correct,wrong,1.5
85,-0.30148430013500044,-0.2505991065621616,-0.5498653808337958,Robins' estimator,0.2,0.2,0.5,0.5,3411,0.0,0.0,0.0,correct,wrong,1.5
86,-0.2243057149276875,-0.03573866562525863,-0.5498114838249466,Robins' estimator,0.2,0.2,0.5,0.5,3411,0.0,0.0,0.0,correct,wrong,1.5
87,-0.0870727694042007,-0.6253647719023573,-0.514784383507424,Robins' estimator,0.2,0.2,0.5,0.5,3411,0.0,0.0,0.0,correct,wrong,1.5
88,0.24080409563597874,0.17102582231414667,-0.5150545226456411,Robins' estimator,0.2,0.2,0.5,0.5,3411,0.0,0.0,0.0,correct,wrong,1.5
89,-0.008471350219992357,-0.2852392314154659,-0.5023653069448586,Robins' estimator,0.2,0.2,0.5,0.5,3411,0.0,0.0,0.0,correct,wrong,1.5
90,0.06135343532224925,-0.31802905684135707,-0.4997791325462944,Robins' estimator,0.2,0.2,0.5,0.5,3411,0.0,0.0,0.0,correct,wrong,1.5
91,0.003734455758181006,0.13303955680840646,-0.5289150584016158,Robins' estimator,0.2,0.2,0.5,0.5,3411,0.0,0.0,0.0,correct,wrong,1.5
92,-0.5452742430568436,0.0466646682018087,-0.5499375005409466,Robins' estimator,0.2,0.2,0.5,0.5,3411,0.0,0.0,0.0,correct,wrong,1.5
93,-0.010966823571445388,0.32507052311799994,-0.5528133922951987,Robins' estimator,0.2,0.2,0.5,0.5,3411,0.0,0.0,0.0,correct,wrong,1.5
94,-0.25045892161675404,-0.1730926048087345,-0.5104368315675691,Robins' estimator,0.2,0.2,0.5,0.5,3411,0.0,0.0,0.0,correct,wrong,1.5
95,-0.12828322238091516,0.06386331944598171,-0.5038247772020118,Robins' estimator,0.2,0.2,0.5,0.5,3411,0.0,0.0,0.0,correct,wrong,1.5
96,-0.09266522974609305,-0.4090080836526404,-0.5405128204059704,Robins' estimator,0.2,0.2,0.5,0.5,3411,0.0,0.0,0.0,correct,wrong,1.5
97,-0.2812331418126042,-0.16024567998374567,-0.5177223764875927,Robins' estimator,0.2,0.2,0.5,0.5,3411,0.0,0.0,0.0,correct,wrong,1.5
98,0.11173322025995773,0.5008952526314693,-0.5320135820851305,Robins' estimator,0.2,0.2,0.5,0.5,3411,0.0,0.0,0.0,correct,wrong,1.5
99,-0.29751489719133584,-0.1209978933205571,-0.48786606525283166,Robins' estimator,0.2,0.2,0.5,0.5,3411,0.0,0.0,0.0,correct,wrong,1.5
100,-0.0499557117256531,0.2006787652732245,-0.5266227986505608,Robins' estimator,0.2,0.2,0.5,0.5,3411,0.0,0.0,0.0,correct,wrong,1.5
101,0.0043966596146747805,-0.27820670696729866,-0.5331423211697816,Robins' estimator,0.2,0.2,0.5,0.5,3411,0.0,0.0,0.0,correct,wrong,1.5
102,0.17414873000942727,-0.19777851800475635,-0.5411721855025535,Robins' estimator,0.2,0.2,0.5,0.5,3411,0.0,0.0,0.0,correct,wrong,1.5
103,0.017911397008574245,-0.17052059572398173,-0.5084440021967621,Robins' estimator,0.2,0.2,0.5,0.5,3411,0.0,0.0,0.0,correct,wrong,1.5
104,-0.5094308347291049,0.24990828986866706,-0.524007359461014,Robins' estimator,0.2,0.2,0.5,0.5,3411,0.0,0.0,0.0,correct,wrong,1.5
105,-0.2003493275824781,-0.1796989170113561,-0.572145829658534,Robins' estimator,0.2,0.2,0.5,0.5,3411,0.0,0.0,0.0,correct,wrong,1.5
106,-0.29904968388101627,-0.555096343379403,-0.5575654981488167,Robins' estimator,0.2,0.2,0.5,0.5,3411,0.0,0.0,0.0,correct,wrong,1.5
107,-0.5268566429665367,-0.35661980784430747,-0.4863021125878078,Robins' estimator,0.2,0.2,0.5,0.5,3411,0.0,0.0,0.0,correct,wrong,1.5
108,-0.14963448139589763,0.056917826412280166,-0.48329379186164706,Robins' estimator,0.2,0.2,0.5,0.5,3411,0.0,0.0,0.0,correct,wrong,1.5
109,0.010752828085200236,0.1555276932228352,-0.504112879283589,Robins' estimator,0.2,0.2,0.5,0.5,3411,0.0,0.0,0.0,correct,wrong,1.5
110,0.3642131848693527,-0.4492499383968187,-0.5034934004659627,Robins' estimator,0.2,0.2,0.5,0.5,3411,0.0,0.0,0.0,correct,wrong,1.5
111,0.12424247442065378,0.18907750786625016,-0.5266751487759436,Robins' estimator,0.2,0.2,0.5,0.5,3411,0.0,0.0,0.0,correct,wrong,1.5
112,-0.11115930300500428,-0.12033140237004035,-0.5322033909569152,Robins' estimator,0.2,0.2,0.5,0.5,3411,0.0,0.0,0.0,correct,wrong,1.5
113,-0.41932671271568334,0.09246077483311779,-0.5131395419827359,Robins' estimator,0.2,0.2,0.5,0.5,3411,0.0,0.0,0.0,correct,wrong,1.5
114,0.29482311722521337,-0.08358783822391873,-0.5431493609990756,Robins' estimator,0.2,0.2,0.5,0.5,3411,0.0,0.0,0.0,correct,wrong,1.5
115,0.17194301999233605,-0.1029539526450285,-0.5287432584357661,Robins' estimator,0.2,0.2,0.5,0.5,3411,0.0,0.0,0.0,correct,wrong,1.5
116,-0.037227995386904036,0.10259102522474263,-0.5406789438210889,Robins' estimator,0.2,0.2,0.5,0.5,3411,0.0,0.0,0.0,correct,wrong,1.5
117,-0.48356892770285564,-0.7952525229180781,-0.5283288046734106,Robins' estimator,0.2,0.2,0.5,0.5,3411,0.0,0.0,0.0,correct,wrong,1.5
118,-0.18809467080671563,-0.3996335809311507,-0.5428425539565054,Robins' estimator,0.2,0.2,0.5,0.5,3411,0.0,0.0,0.0,correct,wrong,1.5
119,-0.050354725769404925,-0.05474385282882114,-0.5272145693332103,Robins' estimator,0.2,0.2,0.5,0.5,3411,0.0,0.0,0.0,correct,wrong,1.5
120,-0.22049469279881484,0.050266042813120165,-0.5059097752157615,Robins' estimator,0.2,0.2,0.5,0.5,3411,0.0,0.0,0.0,correct,wrong,1.5
121,-0.00918025715776144,0.31985631786758084,-0.4975004779002577,Robins' estimator,0.2,0.2,0.5,0.5,3411,0.0,0.0,0.0,correct,wrong,1.5
122,0.5090244202368183,-0.09731556979828974,-0.5200915410758012,Robins' estimator,0.2,0.2,0.5,0.5,3411,0.0,0.0,0.0,correct,wrong,1.5
123,0.27396635884577425,0.4088358587163916,-0.5085726378615671,Robins' estimator,0.2,0.2,0.5,0.5,3411,0.0,0.0,0.0,correct,wrong,1.5
124,-0.03645274445269679,-0.23285878597881682,-0.5506792079449963,Robins' estimator,0.2,0.2,0.5,0.5,3411,0.0,0.0,0.0,correct,wrong,1.5
125,-0.13679224614771718,0.24244770578756522,-0.4998581402859426,Robins' estimator,0.2,0.2,0.5,0.5,3411,0.0,0.0,0.0,correct,wrong,1.5
126,-0.10249591241266852,-0.11109463226187626,-0.5177448496750204,Robins' estimator,0.2,0.2,0.5,0.5,3411,0.0,0.0,0.0,correct,wrong,1.5
127,-0.00276647257864127,0.09779793949484245,-0.5054312422079719,Robins' estimator,0.2,0.2,0.5,0.5,3411,0.0,0.0,0.0,correct,wrong,1.5
128,0.3228742188594962,-0.18775886471340794,-0.49205878748059145,Robins' estimator,0.2,0.2,0.5,0.5,3411,0.0,0.0,0.0,correct,wrong,1.5
129,-0.026124084440406356,0.08463774375841215,-0.4938616483262478,Robins' estimator,0.2,0.2,0.5,0.5,3411,0.0,0.0,0.0,correct,wrong,1.5
130,-0.15664662194237838,-0.5368705402424943,-0.546274628545437,Robins' estimator,0.2,0.2,0.5,0.5,3411,0.0,0.0,0.0,correct,wrong,1.5
131,-0.0334265525749966,-0.007112700124564429,-0.5239476677749331,Robins' estimator,0.2,0.2,0.5,0.5,3411,0.0,0.0,0.0,correct,wrong,1.5
132,-0.43974352030319874,-0.17954498769205987,-0.5145768614730123,Robins' estimator,0.2,0.2,0.5,0.5,3411,0.0,0.0,0.0,correct,wrong,1.5
133,-0.09590586854305255,-0.31928611154270137,-0.5182952910712428,Robins' estimator,0.2,0.2,0.5,0.5,3411,0.0,0.0,0.0,correct,wrong,1.5
134,0.030192319426933997,-0.19877357258648976,-0.5068329919273342,Robins' estimator,0.2,0.2,0.5,0.5,3411,0.0,0.0,0.0,correct,wrong,1.5
135,0.1383086006626924,-0.1829397037071456,-0.5383608573637783,Robins' estimator,0.2,0.2,0.5,0.5,3411,0.0,0.0,0.0,correct,wrong,1.5
136,-0.2084318525516559,-0.13857066084684286,-0.5291741929708845,Robins' estimator,0.2,0.2,0.5,0.5,3411,0.0,0.0,0.0,correct,wrong,1.5
137,-0.022789592952649387,0.2253877340242117,-0.5285154808597216,Robins' estimator,0.2,0.2,0.5,0.5,3411,0.0,0.0,0.0,correct,wrong,1.5
138,0.3797781808333534,0.004555515650551101,-0.5171852667108325,Robins' estimator,0.2,0.2,0.5,0.5,3411,0.0,0.0,0.0,correct,wrong,1.5
139,-0.18306811905290152,-0.13887944183491488,-0.5411689717614366,Robins' estimator,0.2,0.2,0.5,0.5,3411,0.0,0.0,0.0,correct,wrong,1.5
140,0.3337080618016513,0.024593350280064336,-0.5040139202584792,Robins' estimator,0.2,0.2,0.5,0.5,3411,0.0,0.0,0.0,correct,wrong,1.5
141,0.003706413398856934,-0.22472308201304925,-0.517885572021063,Robins' estimator,0.2,0.2,0.5,0.5,3411,0.0,0.0,0.0,correct,wrong,1.5
142,0.11562078805146751,-0.24454709653988815,-0.5043344816480323,Robins' estimator,0.2,0.2,0.5,0.5,3411,0.0,0.0,0.0,correct,wrong,1.5
143,0.18826250974008382,0.2927113849907738,-0.5190817098287054,Robins' estimator,0.2,0.2,0.5,0.5,3411,0.0,0.0,0.0,correct,wrong,1.5
144,0.2635225229624438,0.3757151891545635,-0.5141497015848098,Robins' estimator,0.2,0.2,0.5,0.5,3411,0.0,0.0,0.0,correct,wrong,1.5
145,0.20805730287743573,0.11173747239890605,-0.46986773360432366,Robins' estimator,0.2,0.2,0.5,0.5,3411,0.0,0.0,0.0,correct,wrong,1.5
146,-0.1419835196951177,-0.16426729628952588,-0.5327347372322876,Robins' estimator,0.2,0.2,0.5,0.5,3411,0.0,0.0,0.0,correct,wrong,1.5
147,-0.0008028516879441856,0.00577603884850014,-0.5283942313525247,Robins' estimator,0.2,0.2,0.5,0.5,3411,0.0,0.0,0.0,correct,wrong,1.5
148,0.18524646385060017,-0.03300289351069446,-0.5245604033851765,Robins' estimator,0.2,0.2,0.5,0.5,3411,0.0,0.0,0.0,correct,wrong,1.5
149,-0.16111676730358482,-0.21543294290350776,-0.5146448437002885,Robins' estimator,0.2,0.2,0.5,0.5,3411,0.0,0.0,0.0,correct,wrong,1.5
150,0.16394098380569258,-0.1265698336667888,-0.5310894583628556,Robins' estimator,0.2,0.2,0.5,0.5,3411,0.0,0.0,0.0,correct,wrong,1.5
151,0.02068539857762693,-0.17539996320667628,-0.5382103057467867,Robins' estimator,0.2,0.2,0.5,0.5,3411,0.0,0.0,0.0,correct,wrong,1.5
152,0.08797227489278434,-0.1853092812826824,-0.5166392929172576,Robins' estimator,0.2,0.2,0.5,0.5,3411,0.0,0.0,0.0,correct,wrong,1.5
153,0.15864513871351457,-0.013948733406174516,-0.49744553201166003,Robins' estimator,0.2,0.2,0.5,0.5,3411,0.0,0.0,0.0,correct,wrong,1.5
154,0.005990851310595598,0.7168990417644038,-0.5159963901970686,Robins' estimator,0.2,0.2,0.5,0.5,3411,0.0,0.0,0.0,correct,wrong,1.5
155,0.05360764205415896,0.2478859257668576,-0.5550614185791496,Robins' estimator,0.2,0.2,0.5,0.5,3411,0.0,0.0,0.0,correct,wrong,1.5
156,0.4023014127009994,-0.1661749224022881,-0.49079122286785454,Robins' estimator,0.2,0.2,0.5,0.5,3411,0.0,0.0,0.0,correct,wrong,1.5
157,-0.053076793729620264,0.15688157792317564,-0.55970991981776,Robins' estimator,0.2,0.2,0.5,0.5,3411,0.0,0.0,0.0,correct,wrong,1.5
158,0.22828624051511917,0.2929741739250131,-0.5153651979596324,Robins' estimator,0.2,0.2,0.5,0.5,3411,0.0,0.0,0.0,correct,wrong,1.5
159,-0.021419234229199613,0.9269554082267237,-0.5015665429391181,Robins' estimator,0.2,0.2,0.5,0.5,3411,0.0,0.0,0.0,correct,wrong,1.5
160,0.15001866516912232,-0.15754832937045796,-0.49345951608561356,Robins' estimator,0.2,0.2,0.5,0.5,3411,0.0,0.0,0.0,correct,wrong,1.5
161,0.0021005749773643323,0.20943539439485373,-0.5433186334491035,Robins' estimator,0.2,0.2,0.5,0.5,3411,0.0,0.0,0.0,correct,wrong,1.5
162,0.24021497099980132,0.6585425453428861,-0.5508963839517326,Robins' estimator,0.2,0.2,0.5,0.5,3411,0.0,0.0,0.0,correct,wrong,1.5
163,0.015280231036227894,0.31430827936689476,-0.5223997868317302,Robins' estimator,0.2,0.2,0.5,0.5,3411,0.0,0.0,0.0,correct,wrong,1.5
164,-0.5114314591642166,0.24328353530369187,-0.5671689116353844,Robins' estimator,0.2,0.2,0.5,0.5,3411,0.0,0.0,0.0,correct,wrong,1.5
165,-0.10279731376501736,0.25976204117740637,-0.530305778976438,Robins' estimator,0.2,0.2,0.5,0.5,3411,0.0,0.0,0.0,correct,wrong,1.5
166,0.1249737545313969,-0.41960788183508074,-0.5022269663031448,Robins' estimator,0.2,0.2,0.5,0.5,3411,0.0,0.0,0.0,correct,wrong,1.5
167,-0.23835452907077628,0.33478082040095236,-0.5403292324348458,Robins' estimator,0.2,0.2,0.5,0.5,3411,0.0,0.0,0.0,correct,wrong,1.5
168,0.09324814612861855,-0.3537576275074305,-0.5552725851390125,Robins' estimator,0.2,0.2,0.5,0.5,3411,0.0,0.0,0.0,correct,wrong,1.5
169,-0.16673131103239783,0.6010443966586415,-0.5463241701835919,Robins' estimator,0.2,0.2,0.5,0.5,3411,0.0,0.0,0.0,correct,wrong,1.5
170,0.06846831915972137,-0.13498370649534333,-0.5235474754651842,Robins' estimator,0.2,0.2,0.5,0.5,3411,0.0,0.0,0.0,correct,wrong,1.5
171,-0.2851096838670451,0.035894566436763385,-0.5566754590288582,Robins' estimator,0.2,0.2,0.5,0.5,3411,0.0,0.0,0.0,correct,wrong,1.5
172,-0.15684228987634527,0.15182549325392375,-0.5403785461358236,Robins' estimator,0.2,0.2,0.5,0.5,3411,0.0,0.0,0.0,correct,wrong,1.5
173,-0.04651889275297054,-0.24126491073809245,-0.5175131048956173,Robins' estimator,0.2,0.2,0.5,0.5,3411,0.0,0.0,0.0,correct,wrong,1.5
174,0.11464736715316601,0.2725797549685303,-0.5129713286148447,Robins' estimator,0.2,0.2,0.5,0.5,3411,0.0,0.0,0.0,correct,wrong,1.5
175,0.3309180707936501,-0.15096314470029307,-0.5297868741713329,Robins' estimator,0.2,0.2,0.5,0.5,3411,0.0,0.0,0.0,correct,wrong,1.5
176,-0.2990652283752176,-0.10470797025020417,-0.5396817957151983,Robins' estimator,0.2,0.2,0.5,0.5,3411,0.0,0.0,0.0,correct,wrong,1.5
177,0.13894498457742185,-0.12484804437588322,-0.5422490262584476,Robins' estimator,0.2,0.2,0.5,0.5,3411,0.0,0.0,0.0,correct,wrong,1.5
178,0.07481085042330442,-0.06979811093489957,-0.48793151676463503,Robins' estimator,0.2,0.2,0.5,0.5,3411,0.0,0.0,0.0,correct,wrong,1.5
179,-0.1728188998447494,-0.048396345255055935,-0.508789155650395,Robins' estimator,0.2,0.2,0.5,0.5,3411,0.0,0.0,0.0,correct,wrong,1.5
180,0.22901858019044966,0.16216557601405132,-0.5424317403718271,Robins' estimator,0.2,0.2,0.5,0.5,3411,0.0,0.0,0.0,correct,wrong,1.5
181,0.11110452480536338,0.08398545622956882,-0.49649337781787733,Robins' estimator,0.2,0.2,0.5,0.5,3411,0.0,0.0,0.0,correct,wrong,1.5
182,0.1864649373065077,-0.039980785865199264,-0.519211681095134,Robins' estimator,0.2,0.2,0.5,0.5,3411,0.0,0.0,0.0,correct,wrong,1.5
183,0.32783173480404204,0.33264975180170864,-0.5116477721320073,Robins' estimator,0.2,0.2,0.5,0.5,3411,0.0,0.0,0.0,correct,wrong,1.5
184,0.049219717055350796,0.3665094860920169,-0.5346151660066616,Robins' estimator,0.2,0.2,0.5,0.5,3411,0.0,0.0,0.0,correct,wrong,1.5
185,0.012018921515848489,-0.01397177242002656,-0.5428362650841418,Robins' estimator,0.2,0.2,0.5,0.5,3411,0.0,0.0,0.0,correct,wrong,1.5
186,0.1606405814046561,0.23848246618639196,-0.5081689166221031,Robins' estimator,0.2,0.2,0.5,0.5,3411,0.0,0.0,0.0,correct,wrong,1.5
187,0.25952399901457596,0.16917660574427423,-0.5272667657396557,Robins' estimator,0.2,0.2,0.5,0.5,3411,0.0,0.0,0.0,correct,wrong,1.5
188,-0.0620023308312554,0.012305351318184091,-0.5492314407628179,Robins' estimator,0.2,0.2,0.5,0.5,3411,0.0,0.0,0.0,correct,wrong,1.5
189,0.42187296876601493,-0.11589803980730909,-0.49071095443553664,Robins' estimator,0.2,0.2,0.5,0.5,3411,0.0,0.0,0.0,correct,wrong,1.5
190,0.14909425090657547,0.4923594353939045,-0.5064273803592552,Robins' estimator,0.2,0.2,0.5,0.5,3411,0.0,0.0,0.0,correct,wrong,1.5
191,-0.26700352589376886,-0.1213419734968323,-0.5134069226808577,Robins' estimator,0.2,0.2,0.5,0.5,3411,0.0,0.0,0.0,correct,wrong,1.5
192,-0.05184687771856466,0.34159786134266895,-0.5120877024779964,Robins' estimator,0.2,0.2,0.5,0.5,3411,0.0,0.0,0.0,correct,wrong,1.5
193,-0.3491371409252298,0.3994568332465764,-0.5196353103876832,Robins' estimator,0.2,0.2,0.5,0.5,3411,0.0,0.0,0.0,correct,wrong,1.5
194,0.4393122438140961,0.03842892840192537,-0.5006252311901578,Robins' estimator,0.2,0.2,0.5,0.5,3411,0.0,0.0,0.0,correct,wrong,1.5
195,-0.49874827749854433,-0.34485146824061197,-0.5225995981454798,Robins' estimator,0.2,0.2,0.5,0.5,3411,0.0,0.0,0.0,correct,wrong,1.5
196,-0.14837889084697298,-0.3276047172224559,-0.5253882699487415,Robins' estimator,0.2,0.2,0.5,0.5,3411,0.0,0.0,0.0,correct,wrong,1.5
197,-0.05540822866623914,-0.05531083520891536,-0.5014891322459218,Robins' estimator,0.2,0.2,0.5,0.5,3411,0.0,0.0,0.0,correct,wrong,1.5
198,0.1305806093091044,-0.12877889777008558,-0.5518662684386361,Robins' estimator,0.2,0.2,0.5,0.5,3411,0.0,0.0,0.0,correct,wrong,1.5
199,0.399162127914153,0.2345981680010244,-0.49940818667161085,Robins' estimator,0.2,0.2,0.5,0.5,3411,0.0,0.0,0.0,correct,wrong,1.5
200,-0.03257196106883857,0.4148462721541006,-0.5133401221820723,Robins' estimator,0.2,0.2,0.5,0.5,3411,0.0,0.0,0.0,correct,wrong,1.5
201,0.10226361348591405,-0.1342829454264194,-0.504417055388533,Robins' estimator,0.2,0.2,0.5,0.5,3411,0.0,0.0,0.0,correct,wrong,1.5
202,-0.04778288253293039,0.044824209409046294,-0.5273773790370835,Robins' estimator,0.2,0.2,0.5,0.5,3411,0.0,0.0,0.0,correct,wrong,1.5
203,0.27567977547837247,-0.13436140110560446,-0.515806809742603,Robins' estimator,0.2,0.2,0.5,0.5,3411,0.0,0.0,0.0,correct,wrong,1.5
204,0.17208354782269736,-0.10039843367764105,-0.5015112341433718,Robins' estimator,0.2,0.2,0.5,0.5,3411,0.0,0.0,0.0,correct,wrong,1.5
205,0.09498553700544797,0.3250069468814776,-0.5078988912931398,Robins' estimator,0.2,0.2,0.5,0.5,3411,0.0,0.0,0.0,correct,wrong,1.5
206,0.12960445857904068,0.0265293327256249,-0.515968561169961,Robins' estimator,0.2,0.2,0.5,0.5,3411,0.0,0.0,0.0,correct,wrong,1.5
207,0.21053901999124303,0.39837379029791015,-0.5148872983736831,Robins' estimator,0.2,0.2,0.5,0.5,3411,0.0,0.0,0.0,correct,wrong,1.5
208,-0.323701282151876,-0.11249686130465109,-0.5111842463514865,Robins' estimator,0.2,0.2,0.5,0.5,3411,0.0,0.0,0.0,correct,wrong,1.5
209,-0.06418233973211947,0.282707081807131,-0.5182250238104591,Robins' estimator,0.2,0.2,0.5,0.5,3411,0.0,0.0,0.0,correct,wrong,1.5
210,0.13318114608716383,0.0797781056815218,-0.4759432881380075,Robins' estimator,0.2,0.2,0.5,0.5,3411,0.0,0.0,0.0,correct,wrong,1.5
211,0.3588717979420752,0.4191612795722478,-0.5030396378830706,Robins' estimator,0.2,0.2,0.5,0.5,3411,0.0,0.0,0.0,correct,wrong,1.5
212,0.2544910723003358,0.016068923119162228,-0.5238922242474938,Robins' estimator,0.2,0.2,0.5,0.5,3411,0.0,0.0,0.0,correct,wrong,1.5
213,0.09097743171355384,-0.38807431244565144,-0.5309416793638875,Robins' estimator,0.2,0.2,0.5,0.5,3411,0.0,0.0,0.0,correct,wrong,1.5
214,-0.2699457093261509,-0.10099117120890255,-0.5038503774863691,Robins' estimator,0.2,0.2,0.5,0.5,3411,0.0,0.0,0.0,correct,wrong,1.5
215,-0.08475171345493678,-0.2507908116706,-0.5128064394961976,Robins' estimator,0.2,0.2,0.5,0.5,3411,0.0,0.0,0.0,correct,wrong,1.5
216,0.3336219015214593,0.07575292044617428,-0.49702526001914593,Robins' estimator,0.2,0.2,0.5,0.5,3411,0.0,0.0,0.0,correct,wrong,1.5
217,0.3715735661189172,0.3742969274870078,-0.5148584614966496,Robins' estimator,0.2,0.2,0.5,0.5,3411,0.0,0.0,0.0,correct,wrong,1.5
218,-0.12155573761001172,-0.35808196271754994,-0.5148854889212862,Robins' estimator,0.2,0.2,0.5,0.5,3411,0.0,0.0,0.0,correct,wrong,1.5
219,-0.007195973871998262,-0.12112346760445501,-0.5043790621542953,Robins' estimator,0.2,0.2,0.5,0.5,3411,0.0,0.0,0.0,correct,wrong,1.5
220,0.23449786420102137,-0.037800795792123726,-0.5273641058858326,Robins' estimator,0.2,0.2,0.5,0.5,3411,0.0,0.0,0.0,correct,wrong,1.5
221,0.07818960460205143,-0.09200049619881517,-0.5412795009587288,Robins' estimator,0.2,0.2,0.5,0.5,3411,0.0,0.0,0.0,correct,wrong,1.5
222,0.0589458694929688,0.19828756946116774,-0.5168922012365083,Robins' estimator,0.2,0.2,0.5,0.5,3411,0.0,0.0,0.0,correct,wrong,1.5
223,0.07012961369380244,0.258293451287956,-0.4592663017763558,Robins' estimator,0.2,0.2,0.5,0.5,3411,0.0,0.0,0.0,correct,wrong,1.5
224,-0.19126760667581838,-0.5012770103475561,-0.5489087652323653,Robins' estimator,0.2,0.2,0.5,0.5,3411,0.0,0.0,0.0,correct,wrong,1.5
225,-0.13596585872898206,-0.1129222067445865,-0.5245246943183703,Robins' estimator,0.2,0.2,0.5,0.5,3411,0.0,0.0,0.0,correct,wrong,1.5
226,0.2335448901196386,0.35247740933960653,-0.5141476866588183,Robins' estimator,0.2,0.2,0.5,0.5,3411,0.0,0.0,0.0,correct,wrong,1.5
227,0.3458756469540124,-0.22500611548810343,-0.4913573797688206,Robins' estimator,0.2,0.2,0.5,0.5,3411,0.0,0.0,0.0,correct,wrong,1.5
228,0.2022581234768972,0.01332453689196513,-0.5097034563949633,Robins' estimator,0.2,0.2,0.5,0.5,3411,0.0,0.0,0.0,correct,wrong,1.5
229,-0.054615676756152406,-0.3164846357161708,-0.5266629690882645,Robins' estimator,0.2,0.2,0.5,0.5,3411,0.0,0.0,0.0,correct,wrong,1.5
230,-0.23119268264354595,0.24570503851408304,-0.5475928126230117,Robins' estimator,0.2,0.2,0.5,0.5,3411,0.0,0.0,0.0,correct,wrong,1.5
231,0.3381080585165517,0.13240359117447137,-0.5074004192189315,Robins' estimator,0.2,0.2,0.5,0.5,3411,0.0,0.0,0.0,correct,wrong,1.5
232,-0.16721929886528952,-0.2849702956470873,-0.5336032415020489,Robins' estimator,0.2,0.2,0.5,0.5,3411,0.0,0.0,0.0,correct,wrong,1.5
233,-0.2676091090086231,-0.1348002345708736,-0.4997054084218977,Robins' estimator,0.2,0.2,0.5,0.5,3411,0.0,0.0,0.0,correct,wrong,1.5
234,-0.023619565250073943,-0.13370133385914953,-0.5118811936587777,Robins' estimator,0.2,0.2,0.5,0.5,3411,0.0,0.0,0.0,correct,wrong,1.5
235,-0.23168239846083133,0.0963912525293738,-0.5205776626527788,Robins' estimator,0.2,0.2,0.5,0.5,3411,0.0,0.0,0.0,correct,wrong,1.5
236,-0.3248871880572161,0.06030054726797238,-0.5165742564706344,Robins' estimator,0.2,0.2,0.5,0.5,3411,0.0,0.0,0.0,correct,wrong,1.5
237,-0.06993601407198102,-0.01261707623785886,-0.5063841962479003,Robins' estimator,0.2,0.2,0.5,0.5,3411,0.0,0.0,0.0,correct,wrong,1.5
238,0.16027280118086093,0.2308443487250991,-0.528438111649858,Robins' estimator,0.2,0.2,0.5,0.5,3411,0.0,0.0,0.0,correct,wrong,1.5
239,-0.24188002952219936,-0.4232908369365077,-0.5401830805325178,Robins' estimator,0.2,0.2,0.5,0.5,3411,0.0,0.0,0.0,correct,wrong,1.5
240,0.08409671833515422,0.03163835347225835,-0.5260582408660953,Robins' estimator,0.2,0.2,0.5,0.5,3411,0.0,0.0,0.0,correct,wrong,1.5
241,-0.1316534602851651,0.7005000828409684,-0.51210961419855,Robins' estimator,0.2,0.2,0.5,0.5,3411,0.0,0.0,0.0,correct,wrong,1.5
242,0.26534170564326914,0.48548703579705516,-0.5245211439227672,Robins' estimator,0.2,0.2,0.5,0.5,3411,0.0,0.0,0.0,correct,wrong,1.5
243,0.006606194838623007,0.16129387715271787,-0.5311030502597602,Robins' estimator,0.2,0.2,0.5,0.5,3411,0.0,0.0,0.0,correct,wrong,1.5
244,0.11075669917476652,0.05483767020543602,-0.4976902554938892,Robins' estimator,0.2,0.2,0.5,0.5,3411,0.0,0.0,0.0,correct,wrong,1.5
245,0.08987153136605687,-0.06807261811173818,-0.5237828613353608,Robins' estimator,0.2,0.2,0.5,0.5,3411,0.0,0.0,0.0,correct,wrong,1.5
246,-0.5070446685058921,-0.3110634241369056,-0.5396220403399625,Robins' estimator,0.2,0.2,0.5,0.5,3411,0.0,0.0,0.0,correct,wrong,1.5
247,0.0258819104571436,-0.1886376904001078,-0.5446933985512359,Robins' estimator,0.2,0.2,0.5,0.5,3411,0.0,0.0,0.0,correct,wrong,1.5
248,0.23946445830150234,-0.05048416916084674,-0.5448300604098305,Robins' estimator,0.2,0.2,0.5,0.5,3411,0.0,0.0,0.0,correct,wrong,1.5
249,0.1692128955632038,0.4654992002032013,-0.525883968918217,Robins' estimator,0.2,0.2,0.5,0.5,3411,0.0,0.0,0.0,correct,wrong,1.5
250,-0.0828532895362671,0.12035114997213671,-0.5410179594649062,Robins' estimator,0.2,0.2,0.5,0.5,3411,0.0,0.0,0.0,correct,wrong,1.5
251,-0.12073181870281861,0.2206586779157768,-0.5334010146987567,Robins' estimator,0.2,0.2,0.5,0.5,3411,0.0,0.0,0.0,correct,wrong,1.5
252,0.14007046103047607,0.3868710918079488,-0.5261153646017076,Robins' estimator,0.2,0.2,0.5,0.5,3411,0.0,0.0,0.0,correct,wrong,1.5
253,-0.1803915806813559,0.34229142589540673,-0.5130790785543871,Robins' estimator,0.2,0.2,0.5,0.5,3411,0.0,0.0,0.0,correct,wrong,1.5
254,0.07612865307022071,-0.07487749164250469,-0.5604535109170593,Robins' estimator,0.2,0.2,0.5,0.5,3411,0.0,0.0,0.0,correct,wrong,1.5
255,-0.021612539500874706,-0.35090164818270725,-0.542429800342114,Robins' estimator,0.2,0.2,0.5,0.5,3411,0.0,0.0,0.0,correct,wrong,1.5
256,-0.16175042977951215,-0.24469489294032484,-0.5681221385932483,Robins' estimator,0.2,0.2,0.5,0.5,3411,0.0,0.0,0.0,correct,wrong,1.5
257,-0.05460590061313386,0.31244421289745444,-0.5034974291847436,Robins' estimator,0.2,0.2,0.5,0.5,3411,0.0,0.0,0.0,correct,wrong,1.5
258,-0.42993266330808727,0.07070370845151384,-0.5150865478478774,Robins' estimator,0.2,0.2,0.5,0.5,3411,0.0,0.0,0.0,correct,wrong,1.5
259,-0.08839333123761116,-0.524208538623972,-0.5326351483845176,Robins' estimator,0.2,0.2,0.5,0.5,3411,0.0,0.0,0.0,correct,wrong,1.5
260,-0.13129142935102298,-0.16559156716267293,-0.5522265074611297,Robins' estimator,0.2,0.2,0.5,0.5,3411,0.0,0.0,0.0,correct,wrong,1.5
261,0.06237298396167913,0.12525902245301096,-0.517976858827594,Robins' estimator,0.2,0.2,0.5,0.5,3411,0.0,0.0,0.0,correct,wrong,1.5
262,-0.15209942590733672,0.5224703608286637,-0.5089563906048681,Robins' estimator,0.2,0.2,0.5,0.5,3411,0.0,0.0,0.0,correct,wrong,1.5
263,-0.1735199960837095,-0.36132542352726904,-0.5264997189431748,Robins' estimator,0.2,0.2,0.5,0.5,3411,0.0,0.0,0.0,correct,wrong,1.5
264,0.17634403084408437,0.5914180670986656,-0.5295229030196053,Robins' estimator,0.2,0.2,0.5,0.5,3411,0.0,0.0,0.0,correct,wrong,1.5
265,-0.052108862336356816,0.29699354340538214,-0.5329017984778943,Robins' estimator,0.2,0.2,0.5,0.5,3411,0.0,0.0,0.0,correct,wrong,1.5
266,-0.07738162109155955,0.0500544161554437,-0.5420268448612494,Robins' estimator,0.2,0.2,0.5,0.5,3411,0.0,0.0,0.0,correct,wrong,1.5
267,-0.14525408414761617,0.0656211926808679,-0.5302874254854247,Robins' estimator,0.2,0.2,0.5,0.5,3411,0.0,0.0,0.0,correct,wrong,1.5
268,-0.22754017514966798,0.2962776047146866,-0.5198605733717547,Robins' estimator,0.2,0.2,0.5,0.5,3411,0.0,0.0,0.0,correct,wrong,1.5
269,-0.26982777373220346,0.2624691476582512,-0.5077259585556525,Robins' estimator,0.2,0.2,0.5,0.5,3411,0.0,0.0,0.0,correct,wrong,1.5
270,-0.016542656882205065,-0.38271117358367934,-0.49509907574578405,Robins' estimator,0.2,0.2,0.5,0.5,3411,0.0,0.0,0.0,correct,wrong,1.5
271,-0.08689781246254322,0.07514844028980325,-0.5295309111306374,Robins' estimator,0.2,0.2,0.5,0.5,3411,0.0,0.0,0.0,correct,wrong,1.5
272,-0.30579833112058113,-0.14007781772758843,-0.5639163635212382,Robins' estimator,0.2,0.2,0.5,0.5,3411,0.0,0.0,0.0,correct,wrong,1.5
273,0.1458346304605183,0.09031420808193107,-0.5383099841694876,Robins' estimator,0.2,0.2,0.5,0.5,3411,0.0,0.0,0.0,correct,wrong,1.5
274,-0.15431910758443385,0.44519028750874795,-0.5501151909191225,Robins' estimator,0.2,0.2,0.5,0.5,3411,0.0,0.0,0.0,correct,wrong,1.5
275,-0.00908773402670577,0.4500605792703086,-0.5240406731040947,Robins' estimator,0.2,0.2,0.5,0.5,3411,0.0,0.0,0.0,correct,wrong,1.5
276,0.013208606864172615,-0.40572052476367826,-0.5332522568577371,Robins' estimator,0.2,0.2,0.5,0.5,3411,0.0,0.0,0.0,correct,wrong,1.5
277,0.30496098734867777,0.13898884253539015,-0.5237060571095362,Robins' estimator,0.2,0.2,0.5,0.5,3411,0.0,0.0,0.0,correct,wrong,1.5
278,0.25150106813098044,-0.027482485272154397,-0.5130844146681908,Robins' estimator,0.2,0.2,0.5,0.5,3411,0.0,0.0,0.0,correct,wrong,1.5
279,0.0009348413295085925,-0.05002576723208837,-0.5304717064555771,Robins' estimator,0.2,0.2,0.5,0.5,3411,0.0,0.0,0.0,correct,wrong,1.5
280,0.06696127334474179,0.4136969554237781,-0.5192307395252349,Robins' estimator,0.2,0.2,0.5,0.5,3411,0.0,0.0,0.0,correct,wrong,1.5
281,0.24141942186085227,0.5251098108974075,-0.49128662175536014,Robins' estimator,0.2,0.2,0.5,0.5,3411,0.0,0.0,0.0,correct,wrong,1.5
282,0.27528842136257037,-0.3008218450577279,-0.5337772992224684,Robins' estimator,0.2,0.2,0.5,0.5,3411,0.0,0.0,0.0,correct,wrong,1.5
283,0.28409137740142565,0.024961648598898375,-0.5356527586966126,Robins' estimator,0.2,0.2,0.5,0.5,3411,0.0,0.0,0.0,correct,wrong,1.5
284,-0.05249117355008031,0.12958913185857454,-0.5345009404590709,Robins' estimator,0.2,0.2,0.5,0.5,3411,0.0,0.0,0.0,correct,wrong,1.5
285,0.00801343765557231,-0.4345551379724503,-0.5384780793585116,Robins' estimator,0.2,0.2,0.5,0.5,3411,0.0,0.0,0.0,correct,wrong,1.5
286,0.02592790570773557,-0.20687511008628268,-0.524044657235743,Robins' estimator,0.2,0.2,0.5,0.5,3411,0.0,0.0,0.0,correct,wrong,1.5
287,0.2339542262660549,0.02433230931405862,-0.5312959295217152,Robins' estimator,0.2,0.2,0.5,0.5,3411,0.0,0.0,0.0,correct,wrong,1.5
288,-0.47784256061208774,-0.08653054999045284,-0.5234865213077143,Robins' estimator,0.2,0.2,0.5,0.5,3411,0.0,0.0,0.0,correct,wrong,1.5
289,-0.2623461919442241,0.413491046947578,-0.501068877984749,Robins' estimator,0.2,0.2,0.5,0.5,3411,0.0,0.0,0.0,correct,wrong,1.5
290,-0.2472794090459779,-0.030017173660642125,-0.5583954293706216,Robins' estimator,0.2,0.2,0.5,0.5,3411,0.0,0.0,0.0,correct,wrong,1.5
291,0.3607695480856871,-0.009829855102354153,-0.507114615754072,Robins' estimator,0.2,0.2,0.5,0.5,3411,0.0,0.0,0.0,correct,wrong,1.5
292,0.3907531649552853,0.2895710126160009,-0.5209978619693365,Robins' estimator,0.2,0.2,0.5,0.5,3411,0.0,0.0,0.0,correct,wrong,1.5
293,-0.14695386731159174,-0.019009122800657693,-0.5128412940292577,Robins' estimator,0.2,0.2,0.5,0.5,3411,0.0,0.0,0.0,correct,wrong,1.5
294,0.24989541557669137,-0.14608497919711994,-0.5199378907148093,Robins' estimator,0.2,0.2,0.5,0.5,3411,0.0,0.0,0.0,correct,wrong,1.5
295,0.08613628301579265,0.289616070259205,-0.5196558932407377,Robins' estimator,0.2,0.2,0.5,0.5,3411,0.0,0.0,0.0,correct,wrong,1.5
296,0.1717992747512363,-0.0607173958460276,-0.5256868937227674,Robins' estimator,0.2,0.2,0.5,0.5,3411,0.0,0.0,0.0,correct,wrong,1.5
297,-0.10413993233802198,-0.15058157387790058,-0.5388789886921644,Robins' estimator,0.2,0.2,0.5,0.5,3411,0.0,0.0,0.0,correct,wrong,1.5
298,0.4319368380208719,0.17969647883791837,-0.5201119766289615,Robins' estimator,0.2,0.2,0.5,0.5,3411,0.0,0.0,0.0,correct,wrong,1.5
299,-0.03537334271299298,0.6517761678967082,-0.542365040606036,Robins' estimator,0.2,0.2,0.5,0.5,3411,0.0,0.0,0.0,correct,wrong,1.5
300,-0.024651594255604484,-0.11779413071559797,-0.5180822795890706,Robins' estimator,0.2,0.2,0.5,0.5,3411,0.0,0.0,0.0,correct,wrong,1.5
1,-0.11504240718637426,-0.7238979174677022,-0.49869327567174193,GMM estimator,0.2,0.2,0.5,0.5,3411,0.0,0.0,0.0,correct,wrong,1.5
2,-0.1094673471947053,0.16091593998999482,-0.5001908363063722,GMM estimator,0.2,0.2,0.5,0.5,3411,0.0,0.0,0.0,correct,wrong,1.5
3,-0.5205287306239762,0.32419321469501705,-0.5250574860403335,GMM estimator,0.2,0.2,0.5,0.5,3411,0.0,0.0,0.0,correct,wrong,1.5
4,0.26685531631591014,-0.05493911330419539,-0.5253494623955501,GMM estimator,0.2,0.2,0.5,0.5,3411,0.0,0.0,0.0,correct,wrong,1.5
5,-0.3074235282973916,0.1715788027364953,-0.5560460988666317,GMM estimator,0.2,0.2,0.5,0.5,3411,0.0,0.0,0.0,correct,wrong,1.5
6,0.2408314386452846,-0.07044408116748356,-0.50652827659404,GMM estimator,0.2,0.2,0.5,0.5,3411,0.0,0.0,0.0,correct,wrong,1.5
7,0.2341838627621323,-0.2945717032094008,-0.5231542942947244,GMM estimator,0.2,0.2,0.5,0.5,3411,0.0,0.0,0.0,correct,wrong,1.5
8,-0.35653799314113777,-0.24701181730460214,-0.5166226377084279,GMM estimator,0.2,0.2,0.5,0.5,3411,0.0,0.0,0.0,correct,wrong,1.5
9,-0.215018683456467,-0.01183910648016866,-0.5010455119944089,GMM estimator,0.2,0.2,0.5,0.5,3411,0.0,0.0,0.0,correct,wrong,1.5
10,-0.26594274072325985,-0.3283448465572193,-0.5279393901724725,GMM estimator,0.2,0.2,0.5,0.5,3411,0.0,0.0,0.0,correct,wrong,1.5
11,0.225178934033858,-0.059704659901014305,-0.5093230284433244,GMM estimator,0.2,0.2,0.5,0.5,3411,0.0,0.0,0.0,correct,wrong,1.5
12,-0.0028196528329110762,-0.1629484858201469,-0.502934778826396,GMM estimator,0.2,0.2,0.5,0.5,3411,0.0,0.0,0.0,correct,wrong,1.5
13,0.3325810432916155,0.16268863680581327,-0.5226421893599859,GMM estimator,0.2,0.2,0.5,0.5,3411,0.0,0.0,0.0,correct,wrong,1.5
14,-0.2751871912568226,-0.5376814373651131,-0.5330798594103553,GMM estimator,0.2,0.2,0.5,0.5,3411,0.0,0.0,0.0,correct,wrong,1.5
15,-0.23201798566974655,-0.3138426369038886,-0.5202565600601443,GMM estimator,0.2,0.2,0.5,0.5,3411,0.0,0.0,0.0,correct,wrong,1.5
16,-0.2365725128338886,-0.23485892930041372,-0.5565145200189968,GMM estimator,0.2,0.2,0.5,0.5,3411,0.0,0.0,0.0,correct,wrong,1.5
17,0.4219627679299876,0.5012445367226043,-0.5127813184619717,GMM estimator,0.2,0.2,0.5,0.5,3411,0.0,0.0,0.0,correct,wrong,1.5
18,0.07996119252066074,-0.3801949211998436,-0.5419197616849455,GMM estimator,0.2,0.2,0.5,0.5,3411,0.0,0.0,0.0,correct,wrong,1.5
19,-0.009917478088437182,0.15552419237363946,-0.5257898913275884,GMM estimator,0.2,0.2,0.5,0.5,3411,0.0,0.0,0.0,correct,wrong,1.5
20,-0.04651993124925839,0.3373055464704857,-0.49690656018395996,GMM estimator,0.2,0.2,0.5,0.5,3411,0.0,0.0,0.0,correct,wrong,1.5
21,0.05109520739847379,0.13906007735032444,-0.5054279014254414,GMM estimator,0.2,0.2,0.5,0.5,3411,0.0,0.0,0.0,correct,wrong,1.5
22,0.07856045578250409,0.037130112887537814,-0.5031035228001971,GMM estimator,0.2,0.2,0.5,0.5,3411,0.0,0.0,0.0,correct,wrong,1.5
23,-0.10424765588800118,0.29043129951961993,-0.4981725095042117,GMM estimator,0.2,0.2,0.5,0.5,3411,0.0,0.0,0.0,correct,wrong,1.5
24,0.38941280725408284,-0.21136981050950365,-0.5337584316191784,GMM estimator,0.2,0.2,0.5,0.5,3411,0.0,0.0,0.0,correct,wrong,1.5
25,-0.06095122025630254,0.4615814165026558,-0.5499312523132287,GMM estimator,0.2,0.2,0.5,0.5,3411,0.0,0.0,0.0,correct,wrong,1.5
26,-0.11499252867894819,-0.07790694742658161,-0.5424786095065381,GMM estimator,0.2,0.2,0.5,0.5,3411,0.0,0.0,0.0,correct,wrong,1.5
27,0.04563832494058391,-0.058145722752899094,-0.5224936875516137,GMM estimator,0.2,0.2,0.5,0.5,3411,0.0,0.0,0.0,correct,wrong,1.5
28,-0.13211308280586276,0.071207066354809,-0.5368877699536915,GMM estimator,0.2,0.2,0.5,0.5,3411,0.0,0.0,0.0,correct,wrong,1.5
29,0.07955676423893825,-0.3246978799224752,-0.5151842456965685,GMM estimator,0.2,0.2,0.5,0.5,3411,0.0,0.0,0.0,correct,wrong,1.5
30,-0.20300574110327943,0.1217980315523691,-0.5151232811527912,GMM estimator,0.2,0.2,0.5,0.5,3411,0.0,0.0,0.0,correct,wrong,1.5
31,0.08859506220496295,0.4327416384312111,-0.4902334315595945,GMM estimator,0.2,0.2,0.5,0.5,3411,0.0,0.0,0.0,correct,wrong,1.5
32,-0.05003651289873184,-0.4870058584479411,-0.5281222514601315,GMM estimator,0.2,0.2,0.5,0.5,3411,0.0,0.0,0.0,correct,wrong,1.5
33,0.06439155445172458,0.3009288205102226,-0.5260693466618369,GMM estimator,0.2,0.2,0.5,0.5,3411,0.0,0.0,0.0,correct,wrong,1.5
34,0.13204636057503621,-0.6005910562222526,-0.5353402639613437,GMM estimator,0.2,0.2,0.5,0.5,3411,0.0,0.0,0.0,correct,wrong,1.5
35,0.016199279781860226,0.32480754882404367,-0.5289482723865002,GMM estimator,0.2,0.2,0.5,0.5,3411,0.0,0.0,0.0,correct,wrong,1.5
36,0.1265431169939677,0.022228572233494948,-0.5559519625608913,GMM estimator,0.2,0.2,0.5,0.5,3411,0.0,0.0,0.0,correct,wrong,1.5
37,-0.18011195884886286,-0.06590409008016906,-0.5469316919982684,GMM estimator,0.2,0.2,0.5,0.5,3411,0.0,0.0,0.0,correct,wrong,1.5
38,-0.17196542114520977,-0.3516838243104238,-0.538054046327492,GMM estimator,0.2,0.2,0.5,0.5,3411,0.0,0.0,0.0,correct,wrong,1.5
39,-0.3425016075492419,-0.46042472133289664,-0.5399050398127431,GMM estimator,0.2,0.2,0.5,0.5,3411,0.0,0.0,0.0,correct,wrong,1.5
40,0.11692101352696915,0.5098312271727284,-0.5265739345541451,GMM estimator,0.2,0.2,0.5,0.5,3411,0.0,0.0,0.0,correct,wrong,1.5
41,-0.13619348368010287,-0.47505372119067557,-0.4960667601829221,GMM estimator,0.2,0.2,0.5,0.5,3411,0.0,0.0,0.0,correct,wrong,1.5
42,0.31720325296494434,-0.035016856741062696,-0.524609790961901,GMM estimator,0.2,0.2,0.5,0.5,3411,0.0,0.0,0.0,correct,wrong,1.5
43,-0.21804025968460608,-0.22771599176681614,-0.5168623286616298,GMM estimator,0.2,0.2,0.5,0.5,3411,0.0,0.0,0.0,correct,wrong,1.5
44,0.4056250510493841,-0.3883693070258993,-0.5108230244794666,GMM estimator,0.2,0.2,0.5,0.5,3411,0.0,0.0,0.0,correct,wrong,1.5
45,0.04818204121989192,-0.0393174979066126,-0.5275068372290616,GMM estimator,0.2,0.2,0.5,0.5,3411,0.0,0.0,0.0,correct,wrong,1.5
46,0.03809288825112019,-0.15307226238851668,-0.49589684671691653,GMM estimator,0.2,0.2,0.5,0.5,3411,0.0,0.0,0.0,correct,wrong,1.5
47,0.08474022317417339,0.30151467847153884,-0.4713687167634216,GMM estimator,0.2,0.2,0.5,0.5,3411,0.0,0.0,0.0,correct,wrong,1.5
48,0.11577362668114277,0.26581851792722977,-0.5255736814692,GMM estimator,0.2,0.2,0.5,0.5,3411,0.0,0.0,0.0,correct,wrong,1.5
49,-0.23218390248507878,-0.013024542884677234,-0.4759815192720957,GMM estimator,0.2,0.2,0.5,0.5,3411,0.0,0.0,0.0,correct,wrong,1.5
50,-0.3185104703282721,-0.08372416582951511,-0.5242644659834929,GMM estimator,0.2,0.2,0.5,0.5,3411,0.0,0.0,0.0,correct,wrong,1.5
51,0.02436778608950475,0.18093064664717878,-0.5302614687973665,GMM estimator,0.2,0.2,0.5,0.5,3411,0.0,0.0,0.0,correct,wrong,1.5
52,0.020233543589359505,0.15401892276509363,-0.5392257436806533,GMM estimator,0.2,0.2,0.5,0.5,3411,0.0,0.0,0.0,correct,wrong,1.5
53,0.1696620521756788,0.22371950306404065,-0.5018770377620926,GMM estimator,0.2,0.2,0.5,0.5,3411,0.0,0.0,0.0,correct,wrong,1.5
54,0.017116746808190732,0.3546136456860138,-0.5159480401275209,GMM estimator,0.2,0.2,0.5,0.5,3411,0.0,0.0,0.0,correct,wrong,1.5
55,-0.2501285488350028,0.2834803389300828,-0.5208604609610517,GMM estimator,0.2,0.2,0.5,0.5,3411,0.0,0.0,0.0,correct,wrong,1.5
56,-0.23908447364727997,0.25308470633564134,-0.5471740711333924,GMM estimator,0.2,0.2,0.5,0.5,3411,0.0,0.0,0.0,correct,wrong,1.5
57,-0.29704824672825797,-0.6081585757085352,-0.5422364621327813,GMM estimator,0.2,0.2,0.5,0.5,3411,0.0,0.0,0.0,correct,wrong,1.5
58,-0.36209493688842115,-0.5754762685106395,-0.5545424482076354,GMM estimator,0.2,0.2,0.5,0.5,3411,0.0,0.0,0.0,correct,wrong,1.5
59,0.4579515869664329,0.2732569299844205,-0.5026648438019324,GMM estimator,0.2,0.2,0.5,0.5,3411,0.0,0.0,0.0,correct,wrong,1.5
60,-0.10375683172275352,0.20547406403398402,-0.5224660100398462,GMM estimator,0.2,0.2,0.5,0.5,3411,0.0,0.0,0.0,correct,wrong,1.5
61,0.06032280068857255,-0.03166477975299322,-0.5259959239516505,GMM estimator,0.2,0.2,0.5,0.5,3411,0.0,0.0,0.0,correct,wrong,1.5
62,-0.03728736655875827,0.004580582029356746,-0.4923967695495391,GMM estimator,0.2,0.2,0.5,0.5,3411,0.0,0.0,0.0,correct,wrong,1.5
63,-0.2375091228728793,0.05108769058216937,-0.5279839859169271,GMM estimator,0.2,0.2,0.5,0.5,3411,0.0,0.0,0.0,correct,wrong,1.5
64,-0.0386174280267866,0.309696645569164,-0.5205553911375995,GMM estimator,0.2,0.2,0.5,0.5,3411,0.0,0.0,0.0,correct,wrong,1.5
65,-0.3351428446840759,-0.2183231076165643,-0.48818893290879345,GMM estimator,0.2,0.2,0.5,0.5,3411,0.0,0.0,0.0,correct,wrong,1.5
66,0.046457494662038225,0.5107082461883264,-0.511611925031815,GMM estimator,0.2,0.2,0.5,0.5,3411,0.0,0.0,0.0,correct,wrong,1.5
67,0.3038003485767649,-0.36225183124378746,-0.5303927162837214,GMM estimator,0.2,0.2,0.5,0.5,3411,0.0,0.0,0.0,correct,wrong,1.5
68,0.016534926465111826,0.2776763377578091,-0.5409408901417363,GMM estimator,0.2,0.2,0.5,0.5,3411,0.0,0.0,0.0,correct,wrong,1.5
69,-0.2324332753496828,-0.22579665035572996,-0.5194487591987419,GMM estimator,0.2,0.2,0.5,0.5,3411,0.0,0.0,0.0,correct,wrong,1.5
70,-0.06884259950237263,-0.15798204833844923,-0.520480035361991,GMM estimator,0.2,0.2,0.5,0.5,3411,0.0,0.0,0.0,correct,wrong,1.5
71,-0.20370793011476696,-0.1143540620926081,-0.5043779914419817,GMM estimator,0.2,0.2,0.5,0.5,3411,0.0,0.0,0.0,correct,wrong,1.5
72,-0.24378055418377773,-0.5075203200832054,-0.5757222717048948,GMM estimator,0.2,0.2,0.5,0.5,3411,0.0,0.0,0.0,correct,wrong,1.5
73,-0.0787796226729716,0.12708392724667508,-0.5419640650955544,GMM estimator,0.2,0.2,0.5,0.5,3411,0.0,0.0,0.0,correct,wrong,1.5
74,-0.5244624957863555,-0.3567572240913264,-0.513002191131109,GMM estimator,0.2,0.2,0.5,0.5,3411,0.0,0.0,0.0,correct,wrong,1.5
75,-0.06998670942321074,-0.08513497477119278,-0.5099208875766889,GMM estimator,0.2,0.2,0.5,0.5,3411,0.0,0.0,0.0,correct,wrong,1.5
76,0.05772085848360925,-0.21714749727237592,-0.518991345001367,GMM estimator,0.2,0.2,0.5,0.5,3411,0.0,0.0,0.0,correct,wrong,1.5
77,-0.27384999252516434,-0.03608190741929748,-0.5583988379500258,GMM estimator,0.2,0.2,0.5,0.5,3411,0.0,0.0,0.0,correct,wrong,1.5
78,-0.5462301402090364,-0.3958334818310515,-0.5653752606194246,GMM estimator,0.2,0.2,0.5,0.5,3411,0.0,0.0,0.0,correct,wrong,1.5
79,-0.03714733777535539,-0.2963811449165018,-0.4806297481770095,GMM estimator,0.2,0.2,0.5,0.5,3411,0.0,0.0,0.0,correct,wrong,1.5
80,0.09213357561522222,-0.2308600374435684,-0.5573258683850918,GMM estimator,0.2,0.2,0.5,0.5,3411,0.0,0.0,0.0,correct,wrong,1.5
81,-0.23692099387365925,-0.21698255933594332,-0.5510099151156348,GMM estimator,0.2,0.2,0.5,0.5,3411,0.0,0.0,0.0,correct,wrong,1.5
82,0.16004934814103616,0.4838408263359508,-0.5135325834998923,GMM estimator,0.2,0.2,0.5,0.5,3411,0.0,0.0,0.0,correct,wrong,1.5
83,-0.10174396091702877,-0.011231660419000093,-0.5244819870571485,GMM estimator,0.2,0.2,0.5,0.5,3411,0.0,0.0,0.0,correct,wrong,1.5
84,-0.21625119865696782,-0.1992105665036776,-0.5187794570166838,GMM estimator,0.2,0.2,0.5,0.5,3411,0.0,0.0,0.0,correct,wrong,1.5
85,-0.29902872864753466,-0.2509485187472136,-0.5472161306690256,GMM estimator,0.2,0.2,0.5,0.5,3411,0.0,0.0,0.0,correct,wrong,1.5
86,-0.22728376276292458,-0.03212024663929981,-0.5497571569605992,GMM estimator,0.2,0.2,0.5,0.5,3411,0.0,0.0,0.0,correct,wrong,1.5
87,-0.09618188426256943,-0.6895830134350037,-0.514500287478691,GMM estimator,0.2,0.2,0.5,0.5,3411,0.0,0.0,0.0,correct,wrong,1.5
88,0.2520069778991456,0.1719631203660463,-0.5155263680472348,GMM estimator,0.2,0.2,0.5,0.5,3411,0.0,0.0,0.0,correct,wrong,1.5
89,-0.02173449916827128,-0.3211478217161549,-0.5036635864926552,GMM estimator,0.2,0.2,0.5,0.5,3411,0.0,0.0,0.0,correct,wrong,1.5
90,0.03353707421138333,-0.40352296857991,-0.504110569397449,GMM estimator,0.2,0.2,0.5,0.5,3411,0.0,0.0,0.0,correct,wrong,1.5
91,-0.009042176641242808,0.13277961450563383,-0.5281335926113767,GMM estimator,0.2,0.2,0.5,0.5,3411,0.0,0.0,0.0,correct,wrong,1.5
92,-0.5770019302838095,0.054358897066088825,-0.5523398333760006,GMM estimator,0.2,0.2,0.5,0.5,3411,0.0,0.0,0.0,correct,wrong,1.5
93,-0.050899455834953804,0.28011876293260396,-0.555253427645057,GMM estimator,0.2,0.2,0.5,0.5,3411,0.0,0.0,0.0,correct,wrong,1.5
94,-0.44904527001981637,-0.31844929122878435,-0.5201912312142272,GMM estimator,0.2,0.2,0.5,0.5,3411,0.0,0.0,0.0,correct,wrong,1.5
95,-0.1456402788293054,0.03824575780918706,-0.5040577582967329,GMM estimator,0.2,0.2,0.5,0.5,3411,0.0,0.0,0.0,correct,wrong,1.5
96,-0.0920669140625447,-0.4252007324783195,-0.5406688816372416,GMM estimator,0.2,0.2,0.5,0.5,3411,0.0,0.0,0.0,correct,wrong,1.5
97,-0.32172424792084775,-0.20385573186617745,-0.5189855423682987,GMM estimator,0.2,0.2,0.5,0.5,3411,0.0,0.0,0.0,correct,wrong,1.5
98,0.11156358703798423,0.499205501692666,-0.5319805978904762,GMM estimator,0.2,0.2,0.5,0.5,3411,0.0,0.0,0.0,correct,wrong,1.5
99,-0.32633646369732744,-0.16671467924114225,-0.4882941387262567,GMM estimator,0.2,0.2,0.5,0.5,3411,0.0,0.0,0.0,correct,wrong,1.5
100,-0.06542509706107891,0.0684262671159551,-0.5298577885105181,GMM estimator,0.2,0.2,0.5,0.5,3411,0.0,0.0,0.0,correct,wrong,1.5
101,-0.004321337764660478,-0.30751177823627784,-0.5320365140246891,GMM estimator,0.2,0.2,0.5,0.5,3411,0.0,0.0,0.0,correct,wrong,1.5
102,0.1665935620631864,-0.21131616383343396,-0.540794630156571,GMM estimator,0.2,0.2,0.5,0.5,3411,0.0,0.0,0.0,correct,wrong,1.5
103,-0.005444281169318112,-0.19734290597280732,-0.5095958203810195,GMM estimator,0.2,0.2,0.5,0.5,3411,0.0,0.0,0.0,correct,wrong,1.5
104,-0.5756760810852662,0.26354119261131936,-0.5179318959516628,GMM estimator,0.2,0.2,0.5,0.5,3411,0.0,0.0,0.0,correct,wrong,1.5
105,-0.22565022094965007,-0.28230583125113035,-0.572960509612562,GMM estimator,0.2,0.2,0.5,0.5,3411,0.0,0.0,0.0,correct,wrong,1.5
106,-0.3072748426568698,-0.5407658035858091,-0.5582379673946584,GMM estimator,0.2,0.2,0.5,0.5,3411,0.0,0.0,0.0,correct,wrong,1.5
107,-0.5569824508443398,-0.4347702150157054,-0.4862532734610464,GMM estimator,0.2,0.2,0.5,0.5,3411,0.0,0.0,0.0,correct,wrong,1.5
108,-0.1617557669945219,0.03494793103562807,-0.48268531390494324,GMM estimator,0.2,0.2,0.5,0.5,3411,0.0,0.0,0.0,correct,wrong,1.5
109,0.006227290056880103,0.1318209944872017,-0.5056763848189766,GMM estimator,0.2,0.2,0.5,0.5,3411,0.0,0.0,0.0,correct,wrong,1.5
110,0.35311019810287947,-0.4404976181234659,-0.5038548856936303,GMM estimator,0.2,0.2,0.5,0.5,3411,0.0,0.0,0.0,correct,wrong,1.5
111,0.13423262855784845,0.12384123278977774,-0.5268814092856728,GMM estimator,0.2,0.2,0.5,0.5,3411,0.0,0.0,0.0,correct,wrong,1.5
112,-0.10464782800056546,-0.09325232353589133,-0.5318028731534702,GMM estimator,0.2,0.2,0.5,0.5,3411,0.0,0.0,0.0,correct,wrong,1.5
113,-0.4046630353334906,0.0638551660095273,-0.5155051423669211,GMM estimator,0.2,0.2,0.5,0.5,3411,0.0,0.0,0.0,correct,wrong,1.5
114,0.3037486178476305,-0.06715661905662128,-0.5427142082215355,GMM estimator,0.2,0.2,0.5,0.5,3411,0.0,0.0,0.0,correct,wrong,1.5
115,0.1657293515068313,-0.15566888316051944,-0.5292388994722944,GMM estimator,0.2,0.2,0.5,0.5,3411,0.0,0.0,0.0,correct,wrong,1.5
116,-0.03805906469767267,0.1007003617766624,-0.5404997072326736,GMM estimator,0.2,0.2,0.5,0.5,3411,0.0,0.0,0.0,correct,wrong,1.5
117,-0.5529897340867732,-0.8655415049077506,-0.5301789913951798,GMM estimator,0.2,0.2,0.5,0.5,3411,0.0,0.0,0.0,correct,wrong,1.5
118,-0.1872565080793641,-0.4005592259932557,-0.5425654757778196,GMM estimator,0.2,0.2,0.5,0.5,3411,0.0,0.0,0.0,correct,wrong,1.5
119,-0.05100419034721574,-0.09086103101551254,-0.5275414344253108,GMM estimator,0.2,0.2,0.5,0.5,3411,0.0,0.0,0.0,correct,wrong,1.5
120,-0.2982110268396204,-0.024274490743978364,-0.5082948372030589,GMM estimator,0.2,0.2,0.5,0.5,3411,0.0,0.0,0.0,correct,wrong,1.5
121,-0.032501280663781204,0.27878442835167994,-0.4952914992586236,GMM estimator,0.2,0.2,0.5,0.5,3411,0.0,0.0,0.0,correct,wrong,1.5
122,0.513739119870977,-0.08523206970832553,-0.5200252273326017,GMM estimator,0.2,0.2,0.5,0.5,3411,0.0,0.0,0.0,correct,wrong,1.5
123,0.2758621744797979,0.4176050259218231,-0.5061443858638863,GMM estimator,0.2,0.2,0.5,0.5,3411,0.0,0.0,0.0,correct,wrong,1.5
124,-0.024434879870973036,-0.19130634336505148,-0.5509672989618539,GMM estimator,0.2,0.2,0.5,0.5,3411,0.0,0.0,0.0,correct,wrong,1.5
125,-0.15812525062262095,0.2479894244278281,-0.4997748174258177,GMM estimator,0.2,0.2,0.5,0.5,3411,0.0,0.0,0.0,correct,wrong,1.5
126,-0.1590146760929676,-0.17294581907032908,-0.5201403945498432,GMM estimator,0.2,0.2,0.5,0.5,3411,0.0,0.0,0.0,correct,wrong,1.5
127,-0.0008895113431184902,0.08961088227632741,-0.5062650756383407,GMM estimator,0.2,0.2,0.5,0.5,3411,0.0,0.0,0.0,correct,wrong,1.5
128,0.26418709826468784,-0.25016402099370416,-0.4929228358532648,GMM estimator,0.2,0.2,0.5,0.5,3411,0.0,0.0,0.0,correct,wrong,1.5
129,-0.08039978483950214,-0.02167112219924033,-0.49229967658234947,GMM estimator,0.2,0.2,0.5,0.5,3411,0.0,0.0,0.0,correct,wrong,1.5
130,-0.15866927681431414,-0.5670051866109292,-0.546837534566254,GMM estimator,0.2,0.2,0.5,0.5,3411,0.0,0.0,0.0,correct,wrong,1.5
131,-0.06373163955645234,-0.010680569615951206,-0.5242754946507611,GMM estimator,0.2,0.2,0.5,0.5,3411,0.0,0.0,0.0,correct,wrong,1.5
132,-0.4583796877417704,-0.28249289467964606,-0.5170630221201569,GMM estimator,0.2,0.2,0.5,0.5,3411,0.0,0.0,0.0,correct,wrong,1.5
133,-0.10241886506087353,-0.32237453213678063,-0.5188496974416956,GMM estimator,0.2,0.2,0.5,0.5,3411,0.0,0.0,0.0,correct,wrong,1.5
134,-0.007020871848457696,-0.25583788884028,-0.5120242485218987,GMM estimator,0.2,0.2,0.5,0.5,3411,0.0,0.0,0.0,correct,wrong,1.5
135,0.1767945078721726,-0.1775042757503646,-0.5385129767139712,GMM estimator,0.2,0.2,0.5,0.5,3411,0.0,0.0,0.0,correct,wrong,1.5
136,-0.2161294418373496,-0.12056780940895623,-0.5300928920713593,GMM estimator,0.2,0.2,0.5,0.5,3411,0.0,0.0,0.0,correct,wrong,1.5
137,-0.07304398919377578,0.19338128545672487,-0.5291496509687333,GMM estimator,0.2,0.2,0.5,0.5,3411,0.0,0.0,0.0,correct,wrong,1.5
138,0.3610844844502454,-0.0619846271875916,-0.5178336939004876,GMM estimator,0.2,0.2,0.5,0.5,3411,0.0,0.0,0.0,correct,wrong,1.5
139,-0.2030744758371118,-0.17777295365695203,-0.5418442280911829,GMM estimator,0.2,0.2,0.5,0.5,3411,0.0,0.0,0.0,correct,wrong,1.5
140,0.31349068880347003,0.11699504433426818,-0.5060147682214652,GMM estimator,0.2,0.2,0.5,0.5,3411,0.0,0.0,0.0,correct,wrong,1.5
141,0.0010572191988568638,-0.22550761426375862,-0.5177214952901383,GMM estimator,0.2,0.2,0.5,0.5,3411,0.0,0.0,0.0,correct,wrong,1.5
142,0.11413020398607703,-0.2561741599699345,-0.5042499484587237,GMM estimator,0.2,0.2,0.5,0.5,3411,0.0,0.0,0.0,correct,wrong,1.5
143,0.1963155141172565,0.3213277425207616,-0.5182757692924661,GMM estimator,0.2,0.2,0.5,0.5,3411,0.0,0.0,0.0,correct,wrong,1.5
144,0.2729387430114001,0.3960980941950121,-0.5141969277393431,GMM estimator,0.2,0.2,0.5,0.5,3411,0.0,0.0,0.0,correct,wrong,1.5
145,0.19005247007246362,0.024406313678785988,-0.47040882462007616,GMM estimator,0.2,0.2,0.5,0.5,3411,0.0,0.0,0.0,correct,wrong,1.5
146,-0.17939534837656765,-0.2822188081306183,-0.5381548130988675,GMM estimator,0.2,0.2,0.5,0.5,3411,0.0,0.0,0.0,correct,wrong,1.5
147,-0.017158290746960004,-0.0010918376229916787,-0.5261472928698748,GMM estimator,0.2,0.2,0.5,0.5,3411,0.0,0.0,0.0,correct,wrong,1.5
148,0.16309643523619433,-0.03315761168976606,-0.5280081798468564,GMM estimator,0.2,0.2,0.5,0.5,3411,0.0,0.0,0.0,correct,wrong,1.5
149,-0.1547763208323265,-0.2377537667332745,-0.5148462739455425,GMM estimator,0.2,0.2,0.5,0.5,3411,0.0,0.0,0.0,correct,wrong,1.5
150,0.1378867335833536,-0.18375025174349538,-0.533554161510571,GMM estimator,0.2,0.2,0.5,0.5,3411,0.0,0.0,0.0,correct,wrong,1.5
151,-3.097986542271965e-05,-0.2514424750553746,-0.5442355653711324,GMM estimator,0.2,0.2,0.5,0.5,3411,0.0,0.0,0.0,correct,wrong,1.5
152,0.1104769079479747,-0.2637772278408137,-0.5105879398586047,GMM estimator,0.2,0.2,0.5,0.5,3411,0.0,0.0,0.0,correct,wrong,1.5
153,0.16849440855640813,-0.016360863598174305,-0.4983619179949346,GMM estimator,0.2,0.2,0.5,0.5,3411,0.0,0.0,0.0,correct,wrong,1.5
154,-0.0027913431677540753,0.6778088368595135,-0.5157048374082789,GMM estimator,0.2,0.2,0.5,0.5,3411,0.0,0.0,0.0,correct,wrong,1.5
155,0.04850670370738853,0.24580277605457637,-0.5516400210090318,GMM estimator,0.2,0.2,0.5,0.5,3411,0.0,0.0,0.0,correct,wrong,1.5
156,0.37353229320794284,-0.17323716094749023,-0.4929205243952389,GMM estimator,0.2,0.2,0.5,0.5,3411,0.0,0.0,0.0,correct,wrong,1.5
157,-0.0897011432706195,0.09190027653191125,-0.5631361892953816,GMM estimator,0.2,0.2,0.5,0.5,3411,0.0,0.0,0.0,correct,wrong,1.5
158,0.19711939708171913,0.19887615809153292,-0.51657451915182,GMM estimator,0.2,0.2,0.5,0.5,3411,0.0,0.0,0.0,correct,wrong,1.5
159,-0.01487882022588383,0.9360438254852179,-0.5014909131006471,GMM estimator,0.2,0.2,0.5,0.5,3411,0.0,0.0,0.0,correct,wrong,1.5
160,0.15784189112750446,-0.14560734251650997,-0.49101080950378295,GMM estimator,0.2,0.2,0.5,0.5,3411,0.0,0.0,0.0,correct,wrong,1.5
161,-0.015941881441397816,0.1864051069812865,-0.5430553448114991,GMM estimator,0.2,0.2,0.5,0.5,3411,0.0,0.0,0.0,correct,wrong,1.5
162,0.24013260112341875,0.6561927072459242,-0.5513323905076738,GMM estimator,0.2,0.2,0.5,0.5,3411,0.0,0.0,0.0,correct,wrong,1.5
163,0.030000758684636954,0.28576040900012156,-0.523925199529987,GMM estimator,0.2,0.2,0.5,0.5,3411,0.0,0.0,0.0,correct,wrong,1.5
164,-0.5098001945461827,0.24947542183972138,-0.5672731228014003,GMM estimator,0.2,0.2,0.5,0.5,3411,0.0,0.0,0.0,correct,wrong,1.5
165,-0.10221468491030575,0.25787569442896224,-0.530748992428368,GMM estimator,0.2,0.2,0.5,0.5,3411,0.0,0.0,0.0,correct,wrong,1.5
166,0.0886192172742512,-0.4836323338587665,-0.5045943515007394,GMM estimator,0.2,0.2,0.5,0.5,3411,0.0,0.0,0.0,correct,wrong,1.5
167,-0.22141060828447723,0.33044228873138537,-0.5410929777191225,GMM estimator,0.2,0.2,0.5,0.5,3411,0.0,0.0,0.0,correct,wrong,1.5
168,-0.004586623697586532,-0.47447790845418675,-0.5607415348082669,GMM estimator,0.2,0.2,0.5,0.5,3411,0.0,0.0,0.0,correct,wrong,1.5
169,-0.17467286411434052,0.5946975076882726,-0.5464734477464538,GMM estimator,0.2,0.2,0.5,0.5,3411,0.0,0.0,0.0,correct,wrong,1.5
170,0.09101397304760629,-0.1282882545020469,-0.5231457469235146,GMM estimator,0.2,0.2,0.5,0.5,3411,0.0,0.0,0.0,correct,wrong,1.5
171,-0.32653469810689817,-0.0361954238141136,-0.5593433123133943,GMM estimator,0.2,0.2,0.5,0.5,3411,0.0,0.0,0.0,correct,wrong,1.5
172,-0.1691943363676838,0.15714843833974587,-0.5397128217879917,GMM estimator,0.2,0.2,0.5,0.5,3411,0.0,0.0,0.0,correct,wrong,1.5
173,-0.054814385307675406,-0.2541162345332868,-0.5182265209225938,GMM estimator,0.2,0.2,0.5,0.5,3411,0.0,0.0,0.0,correct,wrong,1.5
174,0.13830701394353073,0.2700404974026883,-0.510475987587976,GMM estimator,0.2,0.2,0.5,0.5,3411,0.0,0.0,0.0,correct,wrong,1.5
175,0.2742936179979969,-0.10862327098652422,-0.5311370692307205,GMM estimator,0.2,0.2,0.5,0.5,3411,0.0,0.0,0.0,correct,wrong,1.5
176,-0.2838754031091775,-0.0267623620887169,-0.5356228680818023,GMM estimator,0.2,0.2,0.5,0.5,3411,0.0,0.0,0.0,correct,wrong,1.5
177,0.12897980686258373,-0.18059788551740924,-0.5445666276833017,GMM estimator,0.2,0.2,0.5,0.5,3411,0.0,0.0,0.0,correct,wrong,1.5
178,0.03570512047673826,-0.048089089453290566,-0.4877952224800727,GMM estimator,0.2,0.2,0.5,0.5,3411,0.0,0.0,0.0,correct,wrong,1.5
179,-0.1662842957569969,0.00012801386161141035,-0.5090277395452457,GMM estimator,0.2,0.2,0.5,0.5,3411,0.0,0.0,0.0,correct,wrong,1.5
180,0.22600257288244024,0.17047358875939836,-0.5453168978056372,GMM estimator,0.2,0.2,0.5,0.5,3411,0.0,0.0,0.0,correct,wrong,1.5
181,0.10797115135123797,0.11564148264624985,-0.49476932753238273,GMM estimator,0.2,0.2,0.5,0.5,3411,0.0,0.0,0.0,correct,wrong,1.5
182,0.1777133477091671,-0.039513538808304764,-0.5198562425456735,GMM estimator,0.2,0.2,0.5,0.5,3411,0.0,0.0,0.0,correct,wrong,1.5
183,0.31166135593367283,0.2935482615559565,-0.5085645246963244,GMM estimator,0.2,0.2,0.5,0.5,3411,0.0,0.0,0.0,correct,wrong,1.5
184,0.013305529085585376,0.33280604363928873,-0.5359578181286194,GMM estimator,0.2,0.2,0.5,0.5,3411,0.0,0.0,0.0,correct,wrong,1.5
185,-0.010965646213991907,-0.03336044686627194,-0.5438654931265979,GMM estimator,0.2,0.2,0.5,0.5,3411,0.0,0.0,0.0,correct,wrong,1.5
186,0.12983898225430865,0.24402431968842078,-0.5092131565428578,GMM estimator,0.2,0.2,0.5,0.5,3411,0.0,0.0,0.0,correct,wrong,1.5
187,0.09887285168846532,0.20266543454697752,-0.5274781464722527,GMM estimator,0.2,0.2,0.5,0.5,3411,0.0,0.0,0.0,correct,wrong,1.5
188,-0.03582223327911014,-0.006807256809146729,-0.5553724857984512,GMM estimator,0.2,0.2,0.5,0.5,3411,0.0,0.0,0.0,correct,wrong,1.5
189,0.2957166997812311,0.0029127949187430454,-0.4967134906704581,GMM estimator,0.2,0.2,0.5,0.5,3411,0.0,0.0,0.0,correct,wrong,1.5
190,0.08112440040638173,0.44284828061084236,-0.5052700767269024,GMM estimator,0.2,0.2,0.5,0.5,3411,0.0,0.0,0.0,correct,wrong,1.5
191,-0.2740129803599771,-0.14410485766030542,-0.5164978991555753,GMM estimator,0.2,0.2,0.5,0.5,3411,0.0,0.0,0.0,correct,wrong,1.5
192,-0.0785061354825999,0.3253419629327306,-0.5118883908858612,GMM estimator,0.2,0.2,0.5,0.5,3411,0.0,0.0,0.0,correct,wrong,1.5
193,-0.3340432914567967,0.3962027115400213,-0.5199976970456157,GMM estimator,0.2,0.2,0.5,0.5,3411,0.0,0.0,0.0,correct,wrong,1.5
194,0.4102769983874252,0.07739903176013775,-0.5016445573377317,GMM estimator,0.2,0.2,0.5,0.5,3411,0.0,0.0,0.0,correct,wrong,1.5
195,-0.5201989563353884,-0.37289071125847006,-0.524317743477386,GMM estimator,0.2,0.2,0.5,0.5,3411,0.0,0.0,0.0,correct,wrong,1.5
196,-0.18005007506226514,-0.37921241010764994,-0.5241993367453652,GMM estimator,0.2,0.2,0.5,0.5,3411,0.0,0.0,0.0,correct,wrong,1.5
197,-0.06621221767788156,-0.12116831842835786,-0.4999121247773584,GMM estimator,0.2,0.2,0.5,0.5,3411,0.0,0.0,0.0,correct,wrong,1.5
198,0.11691191352309062,-0.124506161497065,-0.5506704006675068,GMM estimator,0.2,0.2,0.5,0.5,3411,0.0,0.0,0.0,correct,wrong,1.5
199,0.3272955896190934,0.21773778543482494,-0.5040713970365108,GMM estimator,0.2,0.2,0.5,0.5,3411,0.0,0.0,0.0,correct,wrong,1.5
200,-0.050853123986761825,0.39814095130438226,-0.5141739450627081,GMM estimator,0.2,0.2,0.5,0.5,3411,0.0,0.0,0.0,correct,wrong,1.5
201,0.09021896729480405,-0.19072620476394234,-0.5069336468429391,GMM estimator,0.2,0.2,0.5,0.5,3411,0.0,0.0,0.0,correct,wrong,1.5
202,-0.049144181993338774,0.04416146790301078,-0.5282115005631666,GMM estimator,0.2,0.2,0.5,0.5,3411,0.0,0.0,0.0,correct,wrong,1.5
203,0.2759853717048949,-0.11099342866593513,-0.5165348194488398,GMM estimator,0.2,0.2,0.5,0.5,3411,0.0,0.0,0.0,correct,wrong,1.5
204,0.18293627064310647,-0.11165375093898067,-0.5017314536057625,GMM estimator,0.2,0.2,0.5,0.5,3411,0.0,0.0,0.0,correct,wrong,1.5
205,0.09039692645012153,0.3484512454129694,-0.5025099125565219,GMM estimator,0.2,0.2,0.5,0.5,3411,0.0,0.0,0.0,correct,wrong,1.5
206,0.12947125848439786,0.026497859153635242,-0.5159711383520752,GMM estimator,0.2,0.2,0.5,0.5,3411,0.0,0.0,0.0,correct,wrong,1.5
207,0.13619330858110285,0.31185398735282877,-0.5123527805822397,GMM estimator,0.2,0.2,0.5,0.5,3411,0.0,0.0,0.0,correct,wrong,1.5
208,-0.3212974110586434,-0.09619166983700278,-0.5107576959269517,GMM estimator,0.2,0.2,0.5,0.5,3411,0.0,0.0,0.0,correct,wrong,1.5
209,-0.063887517294982,0.2586358732445512,-0.5177364298354596,GMM estimator,0.2,0.2,0.5,0.5,3411,0.0,0.0,0.0,correct,wrong,1.5
210,0.08347101678401557,0.015999051025572506,-0.47588084310066464,GMM estimator,0.2,0.2,0.5,0.5,3411,0.0,0.0,0.0,correct,wrong,1.5
211,0.3127289690015929,0.42827463797738513,-0.5059867805848436,GMM estimator,0.2,0.2,0.5,0.5,3411,0.0,0.0,0.0,correct,wrong,1.5
212,0.233124698707049,-0.007530622871758912,-0.5262161419336258,GMM estimator,0.2,0.2,0.5,0.5,3411,0.0,0.0,0.0,correct,wrong,1.5
213,0.0908278412101658,-0.36138097328043334,-0.5323503184112398,GMM estimator,0.2,0.2,0.5,0.5,3411,0.0,0.0,0.0,correct,wrong,1.5
214,-0.2843102584890279,-0.1327124928226046,-0.5047675946964797,GMM estimator,0.2,0.2,0.5,0.5,3411,0.0,0.0,0.0,correct,wrong,1.5
215,-0.1008303705915831,-0.2784566300986085,-0.5144681134083763,GMM estimator,0.2,0.2,0.5,0.5,3411,0.0,0.0,0.0,correct,wrong,1.5
216,0.29338221826269323,0.02824358914324636,-0.49610278762689775,GMM estimator,0.2,0.2,0.5,0.5,3411,0.0,0.0,0.0,correct,wrong,1.5
217,0.3563197710902182,0.41628056089155496,-0.5164888180499261,GMM estimator,0.2,0.2,0.5,0.5,3411,0.0,0.0,0.0,correct,wrong,1.5
218,-0.12060464092948549,-0.35319567602946894,-0.5145094290241431,GMM estimator,0.2,0.2,0.5,0.5,3411,0.0,0.0,0.0,correct,wrong,1.5
219,-0.1268637241136019,-0.32010812028119323,-0.5044716406705309,GMM estimator,0.2,0.2,0.5,0.5,3411,0.0,0.0,0.0,correct,wrong,1.5
220,0.18600947940430615,-0.032375872814448765,-0.5255354220518805,GMM estimator,0.2,0.2,0.5,0.5,3411,0.0,0.0,0.0,correct,wrong,1.5
221,0.09546931636170138,-0.08460327541991405,-0.541059305966067,GMM estimator,0.2,0.2,0.5,0.5,3411,0.0,0.0,0.0,correct,wrong,1.5
222,0.0076887694512222,0.18400442562575384,-0.5208174131896876,GMM estimator,0.2,0.2,0.5,0.5,3411,0.0,0.0,0.0,correct,wrong,1.5
223,0.07043093171850513,0.24938081641222795,-0.4584221838607452,GMM estimator,0.2,0.2,0.5,0.5,3411,0.0,0.0,0.0,correct,wrong,1.5
224,-0.2581908199090317,-0.6112296783131252,-0.5481300329391381,GMM estimator,0.2,0.2,0.5,0.5,3411,0.0,0.0,0.0,correct,wrong,1.5
225,-0.1873325396302697,-0.18914071573193347,-0.5277550723824215,GMM estimator,0.2,0.2,0.5,0.5,3411,0.0,0.0,0.0,correct,wrong,1.5
226,0.1810587182934981,0.17361515355238988,-0.5188502790264488,GMM estimator,0.2,0.2,0.5,0.5,3411,0.0,0.0,0.0,correct,wrong,1.5
227,0.34610220819075227,-0.22372196319513646,-0.49133288180652707,GMM estimator,0.2,0.2,0.5,0.5,3411,0.0,0.0,0.0,correct,wrong,1.5
228,0.14660130371428126,-0.02820504641231303,-0.5081643022866922,GMM estimator,0.2,0.2,0.5,0.5,3411,0.0,0.0,0.0,correct,wrong,1.5
229,-0.06885689619704267,-0.3536867936409234,-0.5286031493261526,GMM estimator,0.2,0.2,0.5,0.5,3411,0.0,0.0,0.0,correct,wrong,1.5
230,-0.2812432150689858,0.21158632610243439,-0.5505989681883523,GMM estimator,0.2,0.2,0.5,0.5,3411,0.0,0.0,0.0,correct,wrong,1.5
231,0.28297243225564267,0.12759720702016408,-0.5089484265874337,GMM estimator,0.2,0.2,0.5,0.5,3411,0.0,0.0,0.0,correct,wrong,1.5
232,-0.16649295876500675,-0.282314628019167,-0.5324938281067736,GMM estimator,0.2,0.2,0.5,0.5,3411,0.0,0.0,0.0,correct,wrong,1.5
233,-0.28178839844171893,-0.10213230270009792,-0.4973080099357487,GMM estimator,0.2,0.2,0.5,0.5,3411,0.0,0.0,0.0,correct,wrong,1.5
234,-0.019540308180136877,-0.12685290302642835,-0.5111117742702521,GMM estimator,0.2,0.2,0.5,0.5,3411,0.0,0.0,0.0,correct,wrong,1.5
235,-0.259744197605221,0.041706337706415145,-0.5198886361195723,GMM estimator,0.2,0.2,0.5,0.5,3411,0.0,0.0,0.0,correct,wrong,1.5
236,-0.287384041510907,-0.031478382440540645,-0.511272615461902,GMM estimator,0.2,0.2,0.5,0.5,3411,0.0,0.0,0.0,correct,wrong,1.5
237,-0.09112641175674277,-0.023350154380998744,-0.5073414422270005,GMM estimator,0.2,0.2,0.5,0.5,3411,0.0,0.0,0.0,correct,wrong,1.5
238,0.1748966901089607,0.2749907585646097,-0.5274763663464654,GMM estimator,0.2,0.2,0.5,0.5,3411,0.0,0.0,0.0,correct,wrong,1.5
239,-0.24872247411977857,-0.4346806073879682,-0.5408389726500762,GMM estimator,0.2,0.2,0.5,0.5,3411,0.0,0.0,0.0,correct,wrong,1.5
240,0.045336154682982195,0.08225192390322748,-0.5248438535325288,GMM estimator,0.2,0.2,0.5,0.5,3411,0.0,0.0,0.0,correct,wrong,1.5
241,-0.130608173396317,0.6654447391176197,-0.5127715965654606,GMM estimator,0.2,0.2,0.5,0.5,3411,0.0,0.0,0.0,correct,wrong,1.5
242,0.26226389013163925,0.49322749758385775,-0.5246891469570379,GMM estimator,0.2,0.2,0.5,0.5,3411,0.0,0.0,0.0,correct,wrong,1.5
243,-0.01006645322771527,0.17938461029363093,-0.5294906222840325,GMM estimator,0.2,0.2,0.5,0.5,3411,0.0,0.0,0.0,correct,wrong,1.5
244,0.1025297088072143,0.03389169107027873,-0.49728568080510865,GMM estimator,0.2,0.2,0.5,0.5,3411,0.0,0.0,0.0,correct,wrong,1.5
245,0.0877296927106744,-0.05728746089990843,-0.5241447984844005,GMM estimator,0.2,0.2,0.5,0.5,3411,0.0,0.0,0.0,correct,wrong,1.5
246,-0.5299659761362727,-0.314802502193862,-0.5406176639831503,GMM estimator,0.2,0.2,0.5,0.5,3411,0.0,0.0,0.0,correct,wrong,1.5
247,-0.06799422795329431,-0.12371064521969362,-0.5444491788063365,GMM estimator,0.2,0.2,0.5,0.5,3411,0.0,0.0,0.0,correct,wrong,1.5
248,0.1711430300436234,-0.2770390101072335,-0.5467004959367734,GMM estimator,0.2,0.2,0.5,0.5,3411,0.0,0.0,0.0,correct,wrong,1.5
249,0.10761789984548918,0.3637108319738758,-0.5278783717978465,GMM estimator,0.2,0.2,0.5,0.5,3411,0.0,0.0,0.0,correct,wrong,1.5
250,-0.06813980027737757,0.17592940925634065,-0.5416508770931397,GMM estimator,0.2,0.2,0.5,0.5,3411,0.0,0.0,0.0,correct,wrong,1.5
251,-0.14897284194041915,0.17271622047128826,-0.534307958938362,GMM estimator,0.2,0.2,0.5,0.5,3411,0.0,0.0,0.0,correct,wrong,1.5
252,0.1427790783882555,0.3811996130681265,-0.528081178280178,GMM estimator,0.2,0.2,0.5,0.5,3411,0.0,0.0,0.0,correct,wrong,1.5
253,-0.17658058917417796,0.2949252048095008,-0.5138780356340129,GMM estimator,0.2,0.2,0.5,0.5,3411,0.0,0.0,0.0,correct,wrong,1.5
254,0.05281151516855315,-0.10427261721059743,-0.5615191678142334,GMM estimator,0.2,0.2,0.5,0.5,3411,0.0,0.0,0.0,correct,wrong,1.5
255,-0.009346523566602519,-0.3315974214320116,-0.5431608299720708,GMM estimator,0.2,0.2,0.5,0.5,3411,0.0,0.0,0.0,correct,wrong,1.5
256,-0.2376009663426539,-0.21759167351814318,-0.5653390762638778,GMM estimator,0.2,0.2,0.5,0.5,3411,0.0,0.0,0.0,correct,wrong,1.5
257,-0.05863483440494413,0.27684595541382745,-0.5039547783604373,GMM estimator,0.2,0.2,0.5,0.5,3411,0.0,0.0,0.0,correct,wrong,1.5
258,-0.42481555739592913,0.07078325259406011,-0.5152535504968988,GMM estimator,0.2,0.2,0.5,0.5,3411,0.0,0.0,0.0,correct,wrong,1.5
259,-0.08432439625829116,-0.5159377747687088,-0.5326865247288469,GMM estimator,0.2,0.2,0.5,0.5,3411,0.0,0.0,0.0,correct,wrong,1.5
260,-0.1323934130859198,-0.1713979088868027,-0.5525084584494584,GMM estimator,0.2,0.2,0.5,0.5,3411,0.0,0.0,0.0,correct,wrong,1.5
261,0.06586062122281588,0.11605478668781218,-0.5180239792483446,GMM estimator,0.2,0.2,0.5,0.5,3411,0.0,0.0,0.0,correct,wrong,1.5
262,-0.1594719807279521,0.5131019601539423,-0.5085925441423754,GMM estimator,0.2,0.2,0.5,0.5,3411,0.0,0.0,0.0,correct,wrong,1.5
263,-0.1698856128728964,-0.34336766288383086,-0.5269648055396469,GMM estimator,0.2,0.2,0.5,0.5,3411,0.0,0.0,0.0,correct,wrong,1.5
264,0.14431232578470854,0.566446819220156,-0.5299658161254244,GMM estimator,0.2,0.2,0.5,0.5,3411,0.0,0.0,0.0,correct,wrong,1.5
265,-0.05077212969227207,0.29099535309756536,-0.5343658021717649,GMM estimator,0.2,0.2,0.5,0.5,3411,0.0,0.0,0.0,correct,wrong,1.5
266,-0.10841033000230542,-0.012457342075904104,-0.5406213742780672,GMM estimator,0.2,0.2,0.5,0.5,3411,0.0,0.0,0.0,correct,wrong,1.5
267,-0.17992274908522826,0.0017055859899317387,-0.5331219747441821,GMM estimator,0.2,0.2,0.5,0.5,3411,0.0,0.0,0.0,correct,wrong,1.5
268,-0.22306443232181014,0.2941488854100723,-0.5196669102763014,GMM estimator,0.2,0.2,0.5,0.5,3411,0.0,0.0,0.0,correct,wrong,1.5
269,-0.2327275843529217,0.25685747858301106,-0.5056248228912189,GMM estimator,0.2,0.2,0.5,0.5,3411,0.0,0.0,0.0,correct,wrong,1.5
270,-0.07877268899122124,-0.48851846250939013,-0.49597640666313125,GMM estimator,0.2,0.2,0.5,0.5,3411,0.0,0.0,0.0,correct,wrong,1.5
271,-0.1809163067600704,-0.057636692201020745,-0.540845102247451,GMM estimator,0.2,0.2,0.5,0.5,3411,0.0,0.0,0.0,correct,wrong,1.5
272,-0.2966096564010304,-0.09795676183303692,-0.5652643587675632,GMM estimator,0.2,0.2,0.5,0.5,3411,0.0,0.0,0.0,correct,wrong,1.5
273,0.13288116509857306,-0.04485027492097345,-0.5453086492688672,GMM estimator,0.2,0.2,0.5,0.5,3411,0.0,0.0,0.0,correct,wrong,1.5
274,-0.1855189448216483,0.4486878784734631,-0.5518931297348667,GMM estimator,0.2,0.2,0.5,0.5,3411,0.0,0.0,0.0,correct,wrong,1.5
275,-0.010302357829811957,0.4359231786739808,-0.5236565821705109,GMM estimator,0.2,0.2,0.5,0.5,3411,0.0,0.0,0.0,correct,wrong,1.5
276,0.02328984306506062,-0.445968130419089,-0.5318272047901834,GMM estimator,0.2,0.2,0.5,0.5,3411,0.0,0.0,0.0,correct,wrong,1.5
277,0.3031881555717044,0.06008498413784427,-0.5249575293388062,GMM estimator,0.2,0.2,0.5,0.5,3411,0.0,0.0,0.0,correct,wrong,1.5
278,0.2266826380646071,0.01820681351633055,-0.513279923833362,GMM estimator,0.2,0.2,0.5,0.5,3411,0.0,0.0,0.0,correct,wrong,1.5
279,-0.020012714754558625,-0.0942761402647726,-0.5307063096028447,GMM estimator,0.2,0.2,0.5,0.5,3411,0.0,0.0,0.0,correct,wrong,1.5
280,0.032466924155782735,0.36749647604417723,-0.5189123554473392,GMM estimator,0.2,0.2,0.5,0.5,3411,0.0,0.0,0.0,correct,wrong,1.5
281,0.22653351122134244,0.4467613478893579,-0.4927258933195227,GMM estimator,0.2,0.2,0.5,0.5,3411,0.0,0.0,0.0,correct,wrong,1.5
282,0.2238916441144577,-0.5151764642681377,-0.5358220899258579,GMM estimator,0.2,0.2,0.5,0.5,3411,0.0,0.0,0.0,correct,wrong,1.5
283,0.2779959914802699,-0.01340788141248814,-0.5364538777199697,GMM estimator,0.2,0.2,0.5,0.5,3411,0.0,0.0,0.0,correct,wrong,1.5
284,-0.05344030174744414,0.11435955290329519,-0.5335624554183378,GMM estimator,0.2,0.2,0.5,0.5,3411,0.0,0.0,0.0,correct,wrong,1.5
285,0.019645184188115537,-0.40771958471815384,-0.537877948022511,GMM estimator,0.2,0.2,0.5,0.5,3411,0.0,0.0,0.0,correct,wrong,1.5
286,0.016885068731724084,-0.2971094416595905,-0.5283447065757706,GMM estimator,0.2,0.2,0.5,0.5,3411,0.0,0.0,0.0,correct,wrong,1.5
287,0.2301826017455887,-0.007958498373771147,-0.5311667011235152,GMM estimator,0.2,0.2,0.5,0.5,3411,0.0,0.0,0.0,correct,wrong,1.5
288,-0.5077913997048845,-0.15494296952106132,-0.525382298595992,GMM estimator,0.2,0.2,0.5,0.5,3411,0.0,0.0,0.0,correct,wrong,1.5
289,-0.3661674693358441,0.34038699568329917,-0.5066830541260573,GMM estimator,0.2,0.2,0.5,0.5,3411,0.0,0.0,0.0,correct,wrong,1.5
290,-0.2506558299542508,-0.016172842305430597,-0.5591156707323672,GMM estimator,0.2,0.2,0.5,0.5,3411,0.0,0.0,0.0,correct,wrong,1.5
291,0.35752019762341475,-0.04780551734975296,-0.5111397390354688,GMM estimator,0.2,0.2,0.5,0.5,3411,0.0,0.0,0.0,correct,wrong,1.5
292,0.30962782220004176,0.2609529764456874,-0.5226588831729494,GMM estimator,0.2,0.2,0.5,0.5,3411,0.0,0.0,0.0,correct,wrong,1.5
293,-0.18047170571314433,0.0018185124866124623,-0.5180181113210249,GMM estimator,0.2,0.2,0.5,0.5,3411,0.0,0.0,0.0,correct,wrong,1.5
294,0.2497113651449256,-0.1232800025953111,-0.5214086472014076,GMM estimator,0.2,0.2,0.5,0.5,3411,0.0,0.0,0.0,correct,wrong,1.5
295,0.08911747860126945,0.2941878201805504,-0.5196905205395429,GMM estimator,0.2,0.2,0.5,0.5,3411,0.0,0.0,0.0,correct,wrong,1.5
296,0.1697380276996175,-0.05756005443271249,-0.5258874263025112,GMM estimator,0.2,0.2,0.5,0.5,3411,0.0,0.0,0.0,correct,wrong,1.5
297,-0.07264493241430679,-0.12479092893236925,-0.5379170021296935,GMM estimator,0.2,0.2,0.5,0.5,3411,0.0,0.0,0.0,correct,wrong,1.5
298,0.4248481023843481,0.1609078242635654,-0.5205434140552442,GMM estimator,0.2,0.2,0.5,0.5,3411,0.0,0.0,0.0,correct,wrong,1.5
299,-0.05763635136280285,0.635301859580961,-0.5445985465333399,GMM estimator,0.2,0.2,0.5,0.5,3411,0.0,0.0,0.0,correct,wrong,1.5
300,-0.02362769067586699,-0.17314576043749336,-0.5175981667855909,GMM estimator,0.2,0.2,0.5,0.5,3411,0.0,0.0,0.0,correct,wrong,1.5
1,-0.2167521768541633,-0.6063372858792427,0.27062546004151994,Three-step,0.2,0.2,0.5,0.5,3411,0.0,0.0,0.0,wrong,correct,1.5
2,-0.12662928753782066,-0.5149025699011697,0.23719275038498347,Three-step,0.2,0.2,0.5,0.5,3411,0.0,0.0,0.0,wrong,correct,1.5
3,-0.2618821412402894,-0.4955757158413966,-0.011670418344562637,Three-step,0.2,0.2,0.5,0.5,3411,0.0,0.0,0.0,wrong,correct,1.5
4,0.22311258735116102,-0.5403666707813518,-0.01663465704782101,Three-step,0.2,0.2,0.5,0.5,3411,0.0,0.0,0.0,wrong,correct,1.5
5,-0.3977644837956751,-0.5168072111753368,-0.45601347903942546,Three-step,0.2,0.2,0.5,0.5,3411,0.0,0.0,0.0,wrong,correct,1.5
6,0.21739762526676384,-0.5360957007063218,0.22902407625574958,Three-step,0.2,0.2,0.5,0.5,3411,0.0,0.0,0.0,wrong,correct,1.5
7,0.6436929025476986,-0.5506287923015605,0.02161521338753992,Three-step,0.2,0.2,0.5,0.5,3411,0.0,0.0,0.0,wrong,correct,1.5
8,-0.19091499367898074,-0.5381755910243312,0.10974218229530745,Three-step,0.2,0.2,0.5,0.5,3411,0.0,0.0,0.0,wrong,correct,1.5
9,-0.21512692214401816,-0.5160668310336602,0.26779834644494493,Three-step,0.2,0.2,0.5,0.5,3411,0.0,0.0,0.0,wrong,correct,1.5
10,-0.28854320147947693,-0.5499044164990694,-0.07988678802179887,Three-step,0.2,0.2,0.5,0.5,3411,0.0,0.0,0.0,wrong,correct,1.5
11,0.26018178178201323,-0.5291822026672227,0.15962819244775192,Three-step,0.2,0.2,0.5,0.5,3411,0.0,0.0,0.0,wrong,correct,1.5
12,-0.044872016215697745,-0.5470966869411553,0.20181849634055146,Three-step,0.2,0.2,0.5,0.5,3411,0.0,0.0,0.0,wrong,correct,1.5
13,0.3076964546081044,-0.5150293642064201,-0.010701886430405268,Three-step,0.2,0.2,0.5,0.5,3411,0.0,0.0,0.0,wrong,correct,1.5
14,-0.28954321861576693,-0.5718558827038208,-0.10581508510786611,Three-step,0.2,0.2,0.5,0.5,3411,0.0,0.0,0.0,wrong,correct,1.5
15,-0.2878701334754059,-0.5551737272720496,0.013176255280802409,Three-step,0.2,0.2,0.5,0.5,3411,0.0,0.0,0.0,wrong,correct,1.5
16,-0.2121862498049623,-0.5479694285085708,-0.40906345888386364,Three-step,0.2,0.2,0.5,0.5,3411,0.0,0.0,0.0,wrong,correct,1.5
17,0.3597845647902176,-0.4839370181208362,0.14517232430791124,Three-step,0.2,0.2,0.5,0.5,3411,0.0,0.0,0.0,wrong,correct,1.5
18,0.035215833312037426,-0.5630946908881123,-0.18024288595163826,Three-step,0.2,0.2,0.5,0.5,3411,0.0,0.0,0.0,wrong,correct,1.5
19,-0.05635605672620913,-0.5127666643015913,-0.021122664629343032,Three-step,0.2,0.2,0.5,0.5,3411,0.0,0.0,0.0,wrong,correct,1.5
20,-0.031601645497902654,-0.48345885364891406,0.28533886810047787,Three-step,0.2,0.2,0.5,0.5,3411,0.0,0.0,0.0,wrong,correct,1.5
21,0.06983618532567909,-0.514316313125516,0.21105453740648913,Three-step,0.2,0.2,0.5,0.5,3411,0.0,0.0,0.0,wrong,correct,1.5
22,0.145823831600611,-0.5124033227915398,0.24830641530891792,Three-step,0.2,0.2,0.5,0.5,3411,0.0,0.0,0.0,wrong,correct,1.5
23,-0.07203988009862955,-0.5033555193786027,0.25715092167659115,Three-step,0.2,0.2,0.5,0.5,3411,0.0,0.0,0.0,wrong,correct,1.5
24,0.3043889417166389,-0.5483398557761818,-0.13122119291258896,Three-step,0.2,0.2,0.5,0.5,3411,0.0,0.0,0.0,wrong,correct,1.5
25,-0.07711760459913578,-0.4877272819200661,-0.3030262753433477,Three-step,0.2,0.2,0.5,0.5,3411,0.0,0.0,0.0,wrong,correct,1.5
26,-0.03916343692407597,-0.5338617231011746,-0.25732054414950417,Three-step,0.2,0.2,0.5,0.5,3411,0.0,0.0,0.0,wrong,correct,1.5
27,0.06549682053439035,-0.5304315997672981,0.03009630362510802,Three-step,0.2,0.2,0.5,0.5,3411,0.0,0.0,0.0,wrong,correct,1.5
28,0.01565467921695993,-0.5119578722401354,-0.12128148472821829,Three-step,0.2,0.2,0.5,0.5,3411,0.0,0.0,0.0,wrong,correct,1.5
29,0.040105206771237134,-0.5695191959445393,0.09136840143589646,Three-step,0.2,0.2,0.5,0.5,3411,0.0,0.0,0.0,wrong,correct,1.5
30,-0.17588309711854697,-0.5182535650313329,0.07079647987802641,Three-step,0.2,0.2,0.5,0.5,3411,0.0,0.0,0.0,wrong,correct,1.5
31,0.08523662959099405,-0.4809255136840802,0.36809757494185436,Three-step,0.2,0.2,0.5,0.5,3411,0.0,0.0,0.0,wrong,correct,1.5
32,-0.08808831572417991,-0.5725424349717115,-0.06448616075724588,Three-step,0.2,0.2,0.5,0.5,3411,0.0,0.0,0.0,wrong,correct,1.5
33,0.29277439283811574,-0.5080783073906948,0.023466123829254875,Three-step,0.2,0.2,0.5,0.5,3411,0.0,0.0,0.0,wrong,correct,1.5
34,0.05138916708991557,-0.5918855928796132,-0.12259606956924543,Three-step,0.2,0.2,0.5,0.5,3411,0.0,0.0,0.0,wrong,correct,1.5
35,-0.029089042716727544,-0.4923543561426068,-0.07918457245685603,Three-step,0.2,0.2,0.5,0.5,3411,0.0,0.0,0.0,wrong,correct,1.5
36,0.11671491363453106,-0.5171554299921136,-0.4205513908970992,Three-step,0.2,0.2,0.5,0.5,3411,0.0,0.0,0.0,wrong,correct,1.5
37,-0.13579314616794372,-0.5328375016344891,-0.24819012089018633,Three-step,0.2,0.2,0.5,0.5,3411,0.0,0.0,0.0,wrong,correct,1.5
38,-0.16387821316517057,-0.563943111422338,-0.16660635718761402,Three-step,0.2,0.2,0.5,0.5,3411,0.0,0.0,0.0,wrong,correct,1.5
39,-0.09027603531231476,-0.5565232309173783,-0.1663986579827572,Three-step,0.2,0.2,0.5,0.5,3411,0.0,0.0,0.0,wrong,correct,1.5
40,0.12395349718821604,-0.4791551991356413,-0.010029996409455288,Three-step,0.2,0.2,0.5,0.5,3411,0.0,0.0,0.0,wrong,correct,1.5
41,-0.031522680483552036,-0.5734124963184477,0.2571221907917818,Three-step,0.2,0.2,0.5,0.5,3411,0.0,0.0,0.0,wrong,correct,1.5
42,0.38417137187847655,-0.5303370614608258,-0.04387042379324533,Three-step,0.2,0.2,0.5,0.5,3411,0.0,0.0,0.0,wrong,correct,1.5
43,-0.23621567335278648,-0.5674020030219549,0.10691984557593665,Three-step,0.2,0.2,0.5,0.5,3411,0.0,0.0,0.0,wrong,correct,1.5
44,0.614359090887393,-0.5499208245250243,0.19922541297376992,Three-step,0.2,0.2,0.5,0.5,3411,0.0,0.0,0.0,wrong,correct,1.5
45,0.003420202286669386,-0.5374615944660083,-0.030648152317731048,Three-step,0.2,0.2,0.5,0.5,3411,0.0,0.0,0.0,wrong,correct,1.5
46,0.025707302800812903,-0.5246867974926581,0.3264669148352627,Three-step,0.2,0.2,0.5,0.5,3411,0.0,0.0,0.0,wrong,correct,1.5
47,0.04000772071481575,-0.4941790366741789,0.5585409512781984,Three-step,0.2,0.2,0.5,0.5,3411,0.0,0.0,0.0,wrong,correct,1.5
48,0.25538849814661685,-0.5034215045216434,0.02059918951280898,Three-step,0.2,0.2,0.5,0.5,3411,0.0,0.0,0.0,wrong,correct,1.5
49,-0.2695081540627563,-0.5426295740164604,0.4483851147390704,Three-step,0.2,0.2,0.5,0.5,3411,0.0,0.0,0.0,wrong,correct,1.5
50,-0.27831173140384685,-0.5327688967379101,0.004067387129141702,Three-step,0.2,0.2,0.5,0.5,3411,0.0,0.0,0.0,wrong,correct,1.5
51,0.13391154775616285,-0.49698359089466165,-0.08655284711152708,Three-step,0.2,0.2,0.5,0.5,3411,0.0,0.0,0.0,wrong,correct,1.5
52,0.023054073273958548,-0.5124975491510122,-0.13628866898442873,Three-step,0.2,0.2,0.5,0.5,3411,0.0,0.0,0.0,wrong,correct,1.5
53,0.18930248473772177,-0.5046225995946237,0.2439949118529189,Three-step,0.2,0.2,0.5,0.5,3411,0.0,0.0,0.0,wrong,correct,1.5
54,0.005284615874775618,-0.4877207538047201,0.09497031565216044,Three-step,0.2,0.2,0.5,0.5,3411,0.0,0.0,0.0,wrong,correct,1.5
55,-0.1855258992739289,-0.4970011778766329,0.01609651462163907,Three-step,0.2,0.2,0.5,0.5,3411,0.0,0.0,0.0,wrong,correct,1.5
56,-0.32236027585383414,-0.5098366670418704,-0.27825359586931964,Three-step,0.2,0.2,0.5,0.5,3411,0.0,0.0,0.0,wrong,correct,1.5
57,-0.32372142826149786,-0.5802812500395989,-0.3284401331111967,Three-step,0.2,0.2,0.5,0.5,3411,0.0,0.0,0.0,wrong,correct,1.5
58,-0.18628603341600905,-0.5725361385883274,-0.3549938209433624,Three-step,0.2,0.2,0.5,0.5,3411,0.0,0.0,0.0,wrong,correct,1.5
59,0.59283969677314,-0.4961702323626189,0.2413171522142897,Three-step,0.2,0.2,0.5,0.5,3411,0.0,0.0,0.0,wrong,correct,1.5
60,-0.11435659888326885,-0.4800465719761468,-0.004342264692896299,Three-step,0.2,0.2,0.5,0.5,3411,0.0,0.0,0.0,wrong,correct,1.5
61,0.02307456279763936,-0.5316417073945381,-0.0387593991660051,Three-step,0.2,0.2,0.5,0.5,3411,0.0,0.0,0.0,wrong,correct,1.5
62,0.06182189550441336,-0.513967203834847,0.36701127564421415,Three-step,0.2,0.2,0.5,0.5,3411,0.0,0.0,0.0,wrong,correct,1.5
63,-0.2653843847417466,-0.5332632042087811,-0.07851436802834895,Three-step,0.2,0.2,0.5,0.5,3411,0.0,0.0,0.0,wrong,correct,1.5
64,0.03851650144109051,-0.4854669975882336,0.05400663188086468,Three-step,0.2,0.2,0.5,0.5,3411,0.0,0.0,0.0,wrong,correct,1.5
65,-0.3517563280424259,-0.547222554125278,0.38472100118490127,Three-step,0.2,0.2,0.5,0.5,3411,0.0,0.0,0.0,wrong,correct,1.5
66,0.06612479204620034,-0.47340559139478955,0.10794936299770658,Three-step,0.2,0.2,0.5,0.5,3411,0.0,0.0,0.0,wrong,correct,1.5
67,0.19716222055725613,-0.5754791202904884,-0.023904716452454858,Three-step,0.2,0.2,0.5,0.5,3411,0.0,0.0,0.0,wrong,correct,1.5
68,-0.02259581399778218,-0.5037396964774485,-0.18220320159992295,Three-step,0.2,0.2,0.5,0.5,3411,0.0,0.0,0.0,wrong,correct,1.5
69,-0.25029943385099707,-0.5455347624915949,0.03439262711123729,Three-step,0.2,0.2,0.5,0.5,3411,0.0,0.0,0.0,wrong,correct,1.5
70,-0.05310828312401885,-0.538065943491813,-0.017109550581208718,Three-step,0.2,0.2,0.5,0.5,3411,0.0,0.0,0.0,wrong,correct,1.5
71,-0.23382475375181627,-0.5419715904541205,0.21441361165925532,Three-step,0.2,0.2,0.5,0.5,3411,0.0,0.0,0.0,wrong,correct,1.5
72,-0.04818398647497035,-0.5716401188962392,-0.5736677274936169,Three-step,0.2,0.2,0.5,0.5,3411,0.0,0.0,0.0,wrong,correct,1.5
73,-0.0628453119731906,-0.4926001308229287,-0.16034384444167088,Three-step,0.2,0.2,0.5,0.5,3411,0.0,0.0,0.0,wrong,correct,1.5
74,-0.38164221661067455,-0.5373233071524768,0.17531196564217033,Three-step,0.2,0.2,0.5,0.5,3411,0.0,0.0,0.0,wrong,correct,1.5
75,-0.004466164439187448,-0.5245647190198496,0.1545836081284772,Three-step,0.2,0.2,0.5,0.5,3411,0.0,0.0,0.0,wrong,correct,1.5
76,0.04806639239701168,-0.5428878230877248,0.01827356712778427,Three-step,0.2,0.2,0.5,0.5,3411,0.0,0.0,0.0,wrong,correct,1.5
77,-0.2399222875066843,-0.5201728929636372,-0.4009925703279754,Three-step,0.2,0.2,0.5,0.5,3411,0.0,0.0,0.0,wrong,correct,1.5
78,-0.5216480500655837,-0.5589835299823116,-0.5147253749491107,Three-step,0.2,0.2,0.5,0.5,3411,0.0,0.0,0.0,wrong,correct,1.5
79,0.08172996927581534,-0.5538590797469314,0.5336698292022352,Three-step,0.2,0.2,0.5,0.5,3411,0.0,0.0,0.0,wrong,correct,1.5
80,0.09235016748071151,-0.5544271122712007,-0.3602435286905984,Three-step,0.2,0.2,0.5,0.5,3411,0.0,0.0,0.0,wrong,correct,1.5
81,-0.337698711329555,-0.5571031110035448,-0.31491034478347807,Three-step,0.2,0.2,0.5,0.5,3411,0.0,0.0,0.0,wrong,correct,1.5
82,0.19820645226947656,-0.48188921915651717,0.08991625247207283,Three-step,0.2,0.2,0.5,0.5,3411,0.0,0.0,0.0,wrong,correct,1.5
83,-0.05458069218233375,-0.5146645589933457,-0.010065627877704986,Three-step,0.2,0.2,0.5,0.5,3411,0.0,0.0,0.0,wrong,correct,1.5
84,-0.2733252440330118,-0.5385304929241415,0.07271197008238169,Three-step,0.2,0.2,0.5,0.5,3411,0.0,0.0,0.0,wrong,correct,1.5
85,-0.32880588724831794,-0.5560643807184136,-0.3524509107666685,Three-step,0.2,0.2,0.5,0.5,3411,0.0,0.0,0.0,wrong,correct,1.5
86,-0.20717566699408488,-0.5337331789538523,-0.31908258341301204,Three-step,0.2,0.2,0.5,0.5,3411,0.0,0.0,0.0,wrong,correct,1.5
87,-0.02379345165384358,-0.5832781672227629,0.09855429852580119,Three-step,0.2,0.2,0.5,0.5,3411,0.0,0.0,0.0,wrong,correct,1.5
88,0.22839073345081085,-0.5028987989526603,0.0807679096008594,Three-step,0.2,0.2,0.5,0.5,3411,0.0,0.0,0.0,wrong,correct,1.5
89,0.0578313289381118,-0.558017698886157,0.23039770621197916,Three-step,0.2,0.2,0.5,0.5,3411,0.0,0.0,0.0,wrong,correct,1.5
90,0.0006987745387399294,-0.5766698155107751,0.2702176581403487,Three-step,0.2,0.2,0.5,0.5,3411,0.0,0.0,0.0,wrong,correct,1.5
91,0.014538746189214243,-0.5084132855903377,-0.07993403203302882,Three-step,0.2,0.2,0.5,0.5,3411,0.0,0.0,0.0,wrong,correct,1.5
92,-0.6351270281849537,-0.5152599945233138,-0.3194791035318107,Three-step,0.2,0.2,0.5,0.5,3411,0.0,0.0,0.0,wrong,correct,1.5
93,0.026805983203570718,-0.4898248433981147,-0.3206650874264567,Three-step,0.2,0.2,0.5,0.5,3411,0.0,0.0,0.0,wrong,correct,1.5
94,-0.03610328583692493,-0.541947892097657,0.12371521826129213,Three-step,0.2,0.2,0.5,0.5,3411,0.0,0.0,0.0,wrong,correct,1.5
95,-0.12124765360825518,-0.5300395631315402,0.21011829333749982,Three-step,0.2,0.2,0.5,0.5,3411,0.0,0.0,0.0,wrong,correct,1.5
96,-0.06541929335855835,-0.5650720921746022,-0.15201154224772032,Three-step,0.2,0.2,0.5,0.5,3411,0.0,0.0,0.0,wrong,correct,1.5
97,-0.2478020875665043,-0.5338853742657321,0.06012814326193543,Three-step,0.2,0.2,0.5,0.5,3411,0.0,0.0,0.0,wrong,correct,1.5
98,0.11404903235516772,-0.4779993385018913,-0.1682119665017021,Three-step,0.2,0.2,0.5,0.5,3411,0.0,0.0,0.0,wrong,correct,1.5
99,-0.258565810872811,-0.5429921417401123,0.3968378507798985,Three-step,0.2,0.2,0.5,0.5,3411,0.0,0.0,0.0,wrong,correct,1.5
100,-0.16335468696814376,-0.4980091607274487,-0.023496265833536936,Three-step,0.2,0.2,0.5,0.5,3411,0.0,0.0,0.0,wrong,correct,1.5
101,0.040408888498786884,-0.5600122785971599,-0.08477836612258051,Three-step,0.2,0.2,0.5,0.5,3411,0.0,0.0,0.0,wrong,correct,1.5
102,0.18538051743038456,-0.5508272490964305,-0.1609675380296609,Three-step,0.2,0.2,0.5,0.5,3411,0.0,0.0,0.0,wrong,correct,1.5
103,0.02548406531029645,-0.5336566187259778,0.1720571348166134,Three-step,0.2,0.2,0.5,0.5,3411,0.0,0.0,0.0,wrong,correct,1.5
104,-0.5960978202994258,-0.49800294239217746,0.014199916862013858,Three-step,0.2,0.2,0.5,0.5,3411,0.0,0.0,0.0,wrong,correct,1.5
105,-0.15093889230676535,-0.5484710660290695,-0.5268497422782552,Three-step,0.2,0.2,0.5,0.5,3411,0.0,0.0,0.0,wrong,correct,1.5
106,-0.32051994326558503,-0.5794899748062329,-0.3446174011807821,Three-step,0.2,0.2,0.5,0.5,3411,0.0,0.0,0.0,wrong,correct,1.5
107,-0.5567034284717243,-0.5462027529276092,0.40601546716829595,Three-step,0.2,0.2,0.5,0.5,3411,0.0,0.0,0.0,wrong,correct,1.5
108,-0.10849327318600013,-0.5186923689750067,0.4322993469259956,Three-step,0.2,0.2,0.5,0.5,3411,0.0,0.0,0.0,wrong,correct,1.5
109,0.02863002656385781,-0.505511026843466,0.21310137036835622,Three-step,0.2,0.2,0.5,0.5,3411,0.0,0.0,0.0,wrong,correct,1.5
110,0.2973372693755297,-0.5619324938731668,0.22571252312336085,Three-step,0.2,0.2,0.5,0.5,3411,0.0,0.0,0.0,wrong,correct,1.5
111,0.16852912891975835,-0.4956099832696092,-0.04036515191663949,Three-step,0.2,0.2,0.5,0.5,3411,0.0,0.0,0.0,wrong,correct,1.5
112,-0.13816403368412505,-0.5360145599578185,-0.027331394945056986,Three-step,0.2,0.2,0.5,0.5,3411,0.0,0.0,0.0,wrong,correct,1.5
113,-0.41801562363970435,-0.5077800470820265,0.12534823968577286,Three-step,0.2,0.2,0.5,0.5,3411,0.0,0.0,0.0,wrong,correct,1.5
114,0.2749984155706996,-0.5328024966739155,-0.20591180911114962,Three-step,0.2,0.2,0.5,0.5,3411,0.0,0.0,0.0,wrong,correct,1.5
115,0.17697046256421162,-0.5413453933451571,-0.056593482579014365,Three-step,0.2,0.2,0.5,0.5,3411,0.0,0.0,0.0,wrong,correct,1.5
116,-0.02670274872519705,-0.511495213488698,-0.15498773255085682,Three-step,0.2,0.2,0.5,0.5,3411,0.0,0.0,0.0,wrong,correct,1.5
117,-0.4001600047254654,-0.6019321946303068,-0.05167684801606671,Three-step,0.2,0.2,0.5,0.5,3411,0.0,0.0,0.0,wrong,correct,1.5
118,-0.19729209813439502,-0.5682582869178451,-0.24302191482665375,Three-step,0.2,0.2,0.5,0.5,3411,0.0,0.0,0.0,wrong,correct,1.5
119,0.0074394864670564,-0.5366924346893954,-0.04040251329468234,Three-step,0.2,0.2,0.5,0.5,3411,0.0,0.0,0.0,wrong,correct,1.5
120,-0.1261428211134841,-0.5233447430967253,0.19263359105686084,Three-step,0.2,0.2,0.5,0.5,3411,0.0,0.0,0.0,wrong,correct,1.5
121,0.02753668867184037,-0.5147585103401792,0.27470726677290064,Three-step,0.2,0.2,0.5,0.5,3411,0.0,0.0,0.0,wrong,correct,1.5
122,0.4794646589814944,-0.5441085773462521,-0.021447961201362206,Three-step,0.2,0.2,0.5,0.5,3411,0.0,0.0,0.0,wrong,correct,1.5
123,0.23631283572916506,-0.4840915366665841,0.1356788615753664,Three-step,0.2,0.2,0.5,0.5,3411,0.0,0.0,0.0,wrong,correct,1.5
124,-0.06649665027853462,-0.5484596716221412,-0.31224662976606443,Three-step,0.2,0.2,0.5,0.5,3411,0.0,0.0,0.0,wrong,correct,1.5
125,-0.09459300760264718,-0.5078590104492622,0.2531181425268085,Three-step,0.2,0.2,0.5,0.5,3411,0.0,0.0,0.0,wrong,correct,1.5
126,-0.07962640512218319,-0.5442451326833618,0.0295831294443953,Three-step,0.2,0.2,0.5,0.5,3411,0.0,0.0,0.0,wrong,correct,1.5
127,0.021245635336239035,-0.5140423920852065,0.18517574931527458,Three-step,0.2,0.2,0.5,0.5,3411,0.0,0.0,0.0,wrong,correct,1.5
128,0.3666512612627448,-0.5336721094633573,0.3442144650767685,Three-step,0.2,0.2,0.5,0.5,3411,0.0,0.0,0.0,wrong,correct,1.5
129,0.05722489060803329,-0.509398813306285,0.3237067416552012,Three-step,0.2,0.2,0.5,0.5,3411,0.0,0.0,0.0,wrong,correct,1.5
130,-0.1483266806389364,-0.5881409189316268,-0.20146413448087264,Three-step,0.2,0.2,0.5,0.5,3411,0.0,0.0,0.0,wrong,correct,1.5
131,-0.08510690595793653,-0.5339983411951087,-0.030798620037137757,Three-step,0.2,0.2,0.5,0.5,3411,0.0,0.0,0.0,wrong,correct,1.5
132,-0.4333269992850089,-0.5561855452765118,0.0707148245235933,Three-step,0.2,0.2,0.5,0.5,3411,0.0,0.0,0.0,wrong,correct,1.5
133,-0.09687182041866424,-0.5586614043550426,0.05544399262564815,Three-step,0.2,0.2,0.5,0.5,3411,0.0,0.0,0.0,wrong,correct,1.5
134,0.06967359903005142,-0.5367873831246376,0.17866925758651564,Three-step,0.2,0.2,0.5,0.5,3411,0.0,0.0,0.0,wrong,correct,1.5
135,0.06563864875271033,-0.557056806599429,-0.15047352511433057,Three-step,0.2,0.2,0.5,0.5,3411,0.0,0.0,0.0,wrong,correct,1.5
136,-0.26968515810115956,-0.5392331463305874,-0.08254496743553746,Three-step,0.2,0.2,0.5,0.5,3411,0.0,0.0,0.0,wrong,correct,1.5
137,-0.09491618762889187,-0.5131945634576319,-0.055195773266630596,Three-step,0.2,0.2,0.5,0.5,3411,0.0,0.0,0.0,wrong,correct,1.5
138,0.42840603850144,-0.5142985038206231,0.07695264194198649,Three-step,0.2,0.2,0.5,0.5,3411,0.0,0.0,0.0,wrong,correct,1.5
139,-0.12719026950904813,-0.532884977419169,-0.17802700460041387,Three-step,0.2,0.2,0.5,0.5,3411,0.0,0.0,0.0,wrong,correct,1.5
140,0.22825799594939478,-0.5200419347370426,0.2020790265088675,Three-step,0.2,0.2,0.5,0.5,3411,0.0,0.0,0.0,wrong,correct,1.5
141,0.004550612452273287,-0.5425288791412388,0.047667538395914644,Three-step,0.2,0.2,0.5,0.5,3411,0.0,0.0,0.0,wrong,correct,1.5
142,0.1321543279117368,-0.5546233114222054,0.20863330022107257,Three-step,0.2,0.2,0.5,0.5,3411,0.0,0.0,0.0,wrong,correct,1.5
143,0.11430815184643424,-0.49355016527409923,0.030757698900621622,Three-step,0.2,0.2,0.5,0.5,3411,0.0,0.0,0.0,wrong,correct,1.5
144,0.2377340415502896,-0.48936312562552714,0.10411046451152102,Three-step,0.2,0.2,0.5,0.5,3411,0.0,0.0,0.0,wrong,correct,1.5
145,0.27987405121758396,-0.5175640152445736,0.567402387071659,Three-step,0.2,0.2,0.5,0.5,3411,0.0,0.0,0.0,wrong,correct,1.5
146,-0.11973984269289625,-0.5222767203163969,-0.09227917651464052,Three-step,0.2,0.2,0.5,0.5,3411,0.0,0.0,0.0,wrong,correct,1.5
147,-0.10318148366524144,-0.5150471332894466,-0.04698409279099134,Three-step,0.2,0.2,0.5,0.5,3411,0.0,0.0,0.0,wrong,correct,1.5
148,0.15185359262850084,-0.5191058307212711,-0.005244723609710646,Three-step,0.2,0.2,0.5,0.5,3411,0.0,0.0,0.0,wrong,correct,1.5
149,-0.1796537055146425,-0.5325665642757116,0.06765480532973031,Three-step,0.2,0.2,0.5,0.5,3411,0.0,0.0,0.0,wrong,correct,1.5
150,0.2422890517478345,-0.5364614341320654,-0.08866446530968207,Three-step,0.2,0.2,0.5,0.5,3411,0.0,0.0,0.0,wrong,correct,1.5
151,0.15476539642333026,-0.5446366843906414,-0.1675462874441518,Three-step,0.2,0.2,0.5,0.5,3411,0.0,0.0,0.0,wrong,correct,1.5
152,0.10239087080094267,-0.5255467434169236,0.05936530028905707,Three-step,0.2,0.2,0.5,0.5,3411,0.0,0.0,0.0,wrong,correct,1.5
153,0.13771525680152524,-0.5322621192903335,0.2804528687598258,Three-step,0.2,0.2,0.5,0.5,3411,0.0,0.0,0.0,wrong,correct,1.5
154,0.020418422914153373,-0.45161103573897177,0.037981281376639475,Three-step,0.2,0.2,0.5,0.5,3411,0.0,0.0,0.0,wrong,correct,1.5
155,0.027083178010598303,-0.5087592165610636,-0.34360553658457765,Three-step,0.2,0.2,0.5,0.5,3411,0.0,0.0,0.0,wrong,correct,1.5
156,0.35935748498705633,-0.5339730873910423,0.35372124965273966,Three-step,0.2,0.2,0.5,0.5,3411,0.0,0.0,0.0,wrong,correct,1.5
157,0.030049054095599142,-0.5097141143643216,-0.38886860088522524,Three-step,0.2,0.2,0.5,0.5,3411,0.0,0.0,0.0,wrong,correct,1.5
158,0.29642656750814617,-0.48380192352534906,0.09018486584205819,Three-step,0.2,0.2,0.5,0.5,3411,0.0,0.0,0.0,wrong,correct,1.5
159,-0.024830765087739598,-0.44120301473346757,0.25061697685759604,Three-step,0.2,0.2,0.5,0.5,3411,0.0,0.0,0.0,wrong,correct,1.5
160,0.14347427916551597,-0.5455071396773877,0.3282494426976947,Three-step,0.2,0.2,0.5,0.5,3411,0.0,0.0,0.0,wrong,correct,1.5
161,0.06633601644974832,-0.5138380589833885,-0.25082957328212513,Three-step,0.2,0.2,0.5,0.5,3411,0.0,0.0,0.0,wrong,correct,1.5
162,0.24829030721774525,-0.4627514601197,-0.2555650218497472,Three-step,0.2,0.2,0.5,0.5,3411,0.0,0.0,0.0,wrong,correct,1.5
163,0.049802802721758896,-0.48231158675044067,-0.0019066650463373076,Three-step,0.2,0.2,0.5,0.5,3411,0.0,0.0,0.0,wrong,correct,1.5
164,-0.506866562805022,-0.502549418859392,-0.6698759762924702,Three-step,0.2,0.2,0.5,0.5,3411,0.0,0.0,0.0,wrong,correct,1.5
165,-0.06694475133610568,-0.49933941600427856,-0.042100429477593085,Three-step,0.2,0.2,0.5,0.5,3411,0.0,0.0,0.0,wrong,correct,1.5
166,0.1992581005445173,-0.5585155177393096,0.22907980824518312,Three-step,0.2,0.2,0.5,0.5,3411,0.0,0.0,0.0,wrong,correct,1.5
167,-0.23280472226409782,-0.48482691967531283,-0.2300158598405107,Three-step,0.2,0.2,0.5,0.5,3411,0.0,0.0,0.0,wrong,correct,1.5
168,0.20369911332456264,-0.569055491355745,-0.35167222261917147,Three-step,0.2,0.2,0.5,0.5,3411,0.0,0.0,0.0,wrong,correct,1.5
169,-0.1838132262723894,-0.46288862016533017,-0.19839457541913164,Three-step,0.2,0.2,0.5,0.5,3411,0.0,0.0,0.0,wrong,correct,1.5
170,-0.029184591096685922,-0.546773600767352,0.005874528412042015,Three-step,0.2,0.2,0.5,0.5,3411,0.0,0.0,0.0,wrong,correct,1.5
171,-0.24047484603506947,-0.5139247339961905,-0.3706320646699204,Three-step,0.2,0.2,0.5,0.5,3411,0.0,0.0,0.0,wrong,correct,1.5
172,-0.19675320069176505,-0.5132247894342628,-0.14509744838441993,Three-step,0.2,0.2,0.5,0.5,3411,0.0,0.0,0.0,wrong,correct,1.5
173,-0.04391977203431823,-0.5558458634963318,0.07915609268893609,Three-step,0.2,0.2,0.5,0.5,3411,0.0,0.0,0.0,wrong,correct,1.5
174,0.029015768174151486,-0.5001664610330047,0.10885261275885794,Three-step,0.2,0.2,0.5,0.5,3411,0.0,0.0,0.0,wrong,correct,1.5
175,0.38309961423499284,-0.5538066976510045,-0.10333016064332458,Three-step,0.2,0.2,0.5,0.5,3411,0.0,0.0,0.0,wrong,correct,1.5
176,-0.3657057971179411,-0.5475121738654726,-0.193197633025957,Three-step,0.2,0.2,0.5,0.5,3411,0.0,0.0,0.0,wrong,correct,1.5
177,0.16924510617822125,-0.5235424474558987,-0.20783085570366094,Three-step,0.2,0.2,0.5,0.5,3411,0.0,0.0,0.0,wrong,correct,1.5
178,-0.03099230148762638,-0.5241826727223767,0.385072335645835,Three-step,0.2,0.2,0.5,0.5,3411,0.0,0.0,0.0,wrong,correct,1.5
179,-0.22764951351356721,-0.5375455344900776,0.16595185525633976,Three-step,0.2,0.2,0.5,0.5,3411,0.0,0.0,0.0,wrong,correct,1.5
180,0.2758474129966783,-0.5037106246790953,-0.21602189841967856,Three-step,0.2,0.2,0.5,0.5,3411,0.0,0.0,0.0,wrong,correct,1.5
181,0.057019818709795014,-0.5236847295041203,0.29814801051356754,Three-step,0.2,0.2,0.5,0.5,3411,0.0,0.0,0.0,wrong,correct,1.5
182,0.1854737035246677,-0.5337545142428602,0.028871737995649842,Three-step,0.2,0.2,0.5,0.5,3411,0.0,0.0,0.0,wrong,correct,1.5
183,0.2543759515940864,-0.5008550937099617,0.11393572610022852,Three-step,0.2,0.2,0.5,0.5,3411,0.0,0.0,0.0,wrong,correct,1.5
184,0.1160832848999803,-0.4862115267459078,-0.11678188656591999,Three-step,0.2,0.2,0.5,0.5,3411,0.0,0.0,0.0,wrong,correct,1.5
185,0.0385894736935362,-0.5330731216783579,-0.21520160184454873,Three-step,0.2,0.2,0.5,0.5,3411,0.0,0.0,0.0,wrong,correct,1.5
186,0.17833066365937486,-0.49530594990746546,0.1736416436824023,Three-step,0.2,0.2,0.5,0.5,3411,0.0,0.0,0.0,wrong,correct,1.5
187,0.08638662830580637,-0.4977593910794986,-0.045957585066528014,Three-step,0.2,0.2,0.5,0.5,3411,0.0,0.0,0.0,wrong,correct,1.5
188,-0.01143491078876984,-0.5022468137291457,-0.36351703260196905,Three-step,0.2,0.2,0.5,0.5,3411,0.0,0.0,0.0,wrong,correct,1.5
189,0.25951223657327765,-0.5293773693865056,0.3548724918686753,Three-step,0.2,0.2,0.5,0.5,3411,0.0,0.0,0.0,wrong,correct,1.5
190,0.07124875429639144,-0.4723297137233928,0.18106725274120924,Three-step,0.2,0.2,0.5,0.5,3411,0.0,0.0,0.0,wrong,correct,1.5
191,-0.2720963111696967,-0.5455812222084044,0.12863433429857216,Three-step,0.2,0.2,0.5,0.5,3411,0.0,0.0,0.0,wrong,correct,1.5
192,-0.16319459073006393,-0.48263887048290377,0.10039779130757123,Three-step,0.2,0.2,0.5,0.5,3411,0.0,0.0,0.0,wrong,correct,1.5
193,-0.3783704611458582,-0.4834048538723856,0.050425629783101056,Three-step,0.2,0.2,0.5,0.5,3411,0.0,0.0,0.0,wrong,correct,1.5
194,0.3529585368821692,-0.5218780015047148,0.24570299740482435,Three-step,0.2,0.2,0.5,0.5,3411,0.0,0.0,0.0,wrong,correct,1.5
195,-0.45853896862605986,-0.5622553687634819,-0.002002056339084646,Three-step,0.2,0.2,0.5,0.5,3411,0.0,0.0,0.0,wrong,correct,1.5
196,-0.09258326664580131,-0.5519303928214012,-0.014223405145119208,Three-step,0.2,0.2,0.5,0.5,3411,0.0,0.0,0.0,wrong,correct,1.5
197,0.0314841307518893,-0.5419134030616722,0.22818850178239605,Three-step,0.2,0.2,0.5,0.5,3411,0.0,0.0,0.0,wrong,correct,1.5
198,0.07580791657119695,-0.542491714964959,-0.31407751119917904,Three-step,0.2,0.2,0.5,0.5,3411,0.0,0.0,0.0,wrong,correct,1.5
199,0.2788567086399408,-0.4972794737361473,0.26431445782164187,Three-step,0.2,0.2,0.5,0.5,3411,0.0,0.0,0.0,wrong,correct,1.5
200,-0.029321850171299367,-0.48993232925278163,0.08468143182592255,Three-step,0.2,0.2,0.5,0.5,3411,0.0,0.0,0.0,wrong,correct,1.5
201,0.0979522164202107,-0.5273781195306783,0.21703310506640522,Three-step,0.2,0.2,0.5,0.5,3411,0.0,0.0,0.0,wrong,correct,1.5
202,-0.02881751334791604,-0.5226276299283017,-0.05520471552351237,Three-step,0.2,0.2,0.5,0.5,3411,0.0,0.0,0.0,wrong,correct,1.5
203,0.2083612726392499,-0.5366391290911833,0.09678586587550582,Three-step,0.2,0.2,0.5,0.5,3411,0.0,0.0,0.0,wrong,correct,1.5
204,0.1337630273768898,-0.5298183236367283,0.2357189137501529,Three-step,0.2,0.2,0.5,0.5,3411,0.0,0.0,0.0,wrong,correct,1.5
205,0.014594835945894722,-0.5062301337756793,0.16722093038404762,Three-step,0.2,0.2,0.5,0.5,3411,0.0,0.0,0.0,wrong,correct,1.5
206,0.13012406895527573,-0.5250724288036117,0.1013737525624173,Three-step,0.2,0.2,0.5,0.5,3411,0.0,0.0,0.0,wrong,correct,1.5
207,0.3024217002858783,-0.4727064363067989,0.10376108341102731,Three-step,0.2,0.2,0.5,0.5,3411,0.0,0.0,0.0,wrong,correct,1.5
208,-0.3561416422419391,-0.543082241146059,0.13184932913747371,Three-step,0.2,0.2,0.5,0.5,3411,0.0,0.0,0.0,wrong,correct,1.5
209,-0.08924547476789267,-0.4955053359331522,0.04669642820711873,Three-step,0.2,0.2,0.5,0.5,3411,0.0,0.0,0.0,wrong,correct,1.5
210,0.16828947457185148,-0.5345006423336791,0.507856198854678,Three-step,0.2,0.2,0.5,0.5,3411,0.0,0.0,0.0,wrong,correct,1.5
211,0.27948514940608954,-0.48480254954353685,0.2155498290774942,Three-step,0.2,0.2,0.5,0.5,3411,0.0,0.0,0.0,wrong,correct,1.5
212,0.3062795556322744,-0.5175678817976607,-0.03880190346464294,Three-step,0.2,0.2,0.5,0.5,3411,0.0,0.0,0.0,wrong,correct,1.5
213,0.017709961850335982,-0.5562354871985773,-0.11279002889105458,Three-step,0.2,0.2,0.5,0.5,3411,0.0,0.0,0.0,wrong,correct,1.5
214,-0.2456459457992079,-0.5386896049813497,0.2089298339697626,Three-step,0.2,0.2,0.5,0.5,3411,0.0,0.0,0.0,wrong,correct,1.5
215,-0.05765506520627462,-0.554325642746444,0.11667385267153703,Three-step,0.2,0.2,0.5,0.5,3411,0.0,0.0,0.0,wrong,correct,1.5
216,0.3904931162993242,-0.5117026179671821,0.2880597842526918,Three-step,0.2,0.2,0.5,0.5,3411,0.0,0.0,0.0,wrong,correct,1.5
217,0.47704232280467385,-0.48591538287571573,0.10574806976709326,Three-step,0.2,0.2,0.5,0.5,3411,0.0,0.0,0.0,wrong,correct,1.5
218,-0.1350026293759562,-0.5594054051356804,0.09591108875404586,Three-step,0.2,0.2,0.5,0.5,3411,0.0,0.0,0.0,wrong,correct,1.5
219,0.09507603120461712,-0.5154777599691523,0.21182196098939995,Three-step,0.2,0.2,0.5,0.5,3411,0.0,0.0,0.0,wrong,correct,1.5
220,0.17917510082376092,-0.5368109445884593,-0.07825112874902633,Three-step,0.2,0.2,0.5,0.5,3411,0.0,0.0,0.0,wrong,correct,1.5
221,0.0469380844824931,-0.5339585151591042,-0.22530502403396643,Three-step,0.2,0.2,0.5,0.5,3411,0.0,0.0,0.0,wrong,correct,1.5
222,-0.024052352699666532,-0.5177198525021329,0.07918569081848867,Three-step,0.2,0.2,0.5,0.5,3411,0.0,0.0,0.0,wrong,correct,1.5
223,0.07814370586782869,-0.4960194241478796,0.7195645572577857,Three-step,0.2,0.2,0.5,0.5,3411,0.0,0.0,0.0,wrong,correct,1.5
224,-0.15830811530309152,-0.560166817027866,-0.26193426022394306,Three-step,0.2,0.2,0.5,0.5,3411,0.0,0.0,0.0,wrong,correct,1.5
225,-0.1994680562909747,-0.5567281929433413,-0.002362379050382126,Three-step,0.2,0.2,0.5,0.5,3411,0.0,0.0,0.0,wrong,correct,1.5
226,0.3184545755702409,-0.5050492701012363,0.10749678952717319,Three-step,0.2,0.2,0.5,0.5,3411,0.0,0.0,0.0,wrong,correct,1.5
227,0.3406915335344999,-0.5475075852024656,0.3474585868464619,Three-step,0.2,0.2,0.5,0.5,3411,0.0,0.0,0.0,wrong,correct,1.5
228,0.28581643427544506,-0.5259399337942121,0.1497442135621967,Three-step,0.2,0.2,0.5,0.5,3411,0.0,0.0,0.0,wrong,correct,1.5
229,-0.022229203552637723,-0.5617530760423765,-0.05441234413142204,Three-step,0.2,0.2,0.5,0.5,3411,0.0,0.0,0.0,wrong,correct,1.5
230,-0.17371111286805463,-0.5110223459939143,-0.2533331802625296,Three-step,0.2,0.2,0.5,0.5,3411,0.0,0.0,0.0,wrong,correct,1.5
231,0.2600350200780837,-0.5215980892188318,0.18692644720575688,Three-step,0.2,0.2,0.5,0.5,3411,0.0,0.0,0.0,wrong,correct,1.5
232,-0.2201985400418452,-0.5518096033600232,-0.11136984958598756,Three-step,0.2,0.2,0.5,0.5,3411,0.0,0.0,0.0,wrong,correct,1.5
233,-0.3361603582890484,-0.5388659645307287,0.2566161913335673,Three-step,0.2,0.2,0.5,0.5,3411,0.0,0.0,0.0,wrong,correct,1.5
234,-0.040005148812678484,-0.5329848953439399,0.11846755670456152,Three-step,0.2,0.2,0.5,0.5,3411,0.0,0.0,0.0,wrong,correct,1.5
235,-0.22174397725769468,-0.5272595533488506,0.0036018559741180386,Three-step,0.2,0.2,0.5,0.5,3411,0.0,0.0,0.0,wrong,correct,1.5
236,-0.3431710653526194,-0.5369770261235426,0.05608012204031813,Three-step,0.2,0.2,0.5,0.5,3411,0.0,0.0,0.0,wrong,correct,1.5
237,-0.1698563564860669,-0.5325769062100941,0.18738269421318732,Three-step,0.2,0.2,0.5,0.5,3411,0.0,0.0,0.0,wrong,correct,1.5
238,0.1016428424152777,-0.5083673345766809,-0.029730357598882165,Three-step,0.2,0.2,0.5,0.5,3411,0.0,0.0,0.0,wrong,correct,1.5
239,-0.22059365608750112,-0.5674640096813982,-0.16274236187093877,Three-step,0.2,0.2,0.5,0.5,3411,0.0,0.0,0.0,wrong,correct,1.5
240,-0.07643503215844778,-0.5324592226352791,-0.0018479512222695854,Three-step,0.2,0.2,0.5,0.5,3411,0.0,0.0,0.0,wrong,correct,1.5
241,-0.10570211320606702,-0.4734334351289323,0.1148416556367286,Three-step,0.2,0.2,0.5,0.5,3411,0.0,0.0,0.0,wrong,correct,1.5
242,0.26181494454695203,-0.48088677808408603,-0.003142602845060905,Three-step,0.2,0.2,0.5,0.5,3411,0.0,0.0,0.0,wrong,correct,1.5
243,0.04753039704250472,-0.5070891729587401,-0.06598807668332876,Three-step,0.2,0.2,0.5,0.5,3411,0.0,0.0,0.0,wrong,correct,1.5
244,0.09794251825068886,-0.5256731057383901,0.28277332146176265,Three-step,0.2,0.2,0.5,0.5,3411,0.0,0.0,0.0,wrong,correct,1.5
245,0.05269870372019538,-0.5336824805693324,0.0019295224077380787,Three-step,0.2,0.2,0.5,0.5,3411,0.0,0.0,0.0,wrong,correct,1.5
246,-0.5312460784433718,-0.5500966884460986,-0.1740867711216668,Three-step,0.2,0.2,0.5,0.5,3411,0.0,0.0,0.0,wrong,correct,1.5
247,-0.09285951574370141,-0.5375481080254435,-0.24002940694704372,Three-step,0.2,0.2,0.5,0.5,3411,0.0,0.0,0.0,wrong,correct,1.5
248,0.32227447993627545,-0.5492187739208622,-0.22559412519728136,Three-step,0.2,0.2,0.5,0.5,3411,0.0,0.0,0.0,wrong,correct,1.5
249,0.22422961026700958,-0.46936571914742936,0.01006324561093281,Three-step,0.2,0.2,0.5,0.5,3411,0.0,0.0,0.0,wrong,correct,1.5
250,-0.16405832510588272,-0.5276730091043622,-0.15758922403305822,Three-step,0.2,0.2,0.5,0.5,3411,0.0,0.0,0.0,wrong,correct,1.5
251,-0.08640814042471524,-0.49523685903446624,-0.09663543767318108,Three-step,0.2,0.2,0.5,0.5,3411,0.0,0.0,0.0,wrong,correct,1.5
252,0.07747535082108786,-0.4865224119830339,-0.03426527958340697,Three-step,0.2,0.2,0.5,0.5,3411,0.0,0.0,0.0,wrong,correct,1.5
253,-0.2100078089515934,-0.4838230812168193,0.10704843253098345,Three-step,0.2,0.2,0.5,0.5,3411,0.0,0.0,0.0,wrong,correct,1.5
254,0.15823213636196626,-0.5392592491344714,-0.5120928895400355,Three-step,0.2,0.2,0.5,0.5,3411,0.0,0.0,0.0,wrong,correct,1.5
255,-0.036762390009587545,-0.5624752517280692,-0.20321842404843,Three-step,0.2,0.2,0.5,0.5,3411,0.0,0.0,0.0,wrong,correct,1.5
256,-0.2572210959696794,-0.5487602433324229,-0.5551349858754226,Three-step,0.2,0.2,0.5,0.5,3411,0.0,0.0,0.0,wrong,correct,1.5
257,-0.059882097266883746,-0.48533607277952023,0.2185721403627801,Three-step,0.2,0.2,0.5,0.5,3411,0.0,0.0,0.0,wrong,correct,1.5
258,-0.42885524021561405,-0.5208079112338535,0.10233643770709115,Three-step,0.2,0.2,0.5,0.5,3411,0.0,0.0,0.0,wrong,correct,1.5
259,-0.10234590895067654,-0.5764887525374758,-0.11637696809359234,Three-step,0.2,0.2,0.5,0.5,3411,0.0,0.0,0.0,wrong,correct,1.5
260,-0.12698774820866524,-0.5443114712089752,-0.3280308359664374,Three-step,0.2,0.2,0.5,0.5,3411,0.0,0.0,0.0,wrong,correct,1.5
261,0.07939376481855413,-0.512001370007042,0.07642301974802715,Three-step,0.2,0.2,0.5,0.5,3411,0.0,0.0,0.0,wrong,correct,1.5
262,-0.16341638533642291,-0.46917645401819774,0.13940628946000294,Three-step,0.2,0.2,0.5,0.5,3411,0.0,0.0,0.0,wrong,correct,1.5
263,-0.21292710414318736,-0.5671449793695466,-0.025712538660757275,Three-step,0.2,0.2,0.5,0.5,3411,0.0,0.0,0.0,wrong,correct,1.5
264,0.11359180114582938,-0.47117501340309764,-0.07242425444446579,Three-step,0.2,0.2,0.5,0.5,3411,0.0,0.0,0.0,wrong,correct,1.5
265,-0.10324202703771714,-0.492342075779546,-0.10123166366383365,Three-step,0.2,0.2,0.5,0.5,3411,0.0,0.0,0.0,wrong,correct,1.5
266,-0.008034993741731195,-0.5206933267318093,-0.2288622068912096,Three-step,0.2,0.2,0.5,0.5,3411,0.0,0.0,0.0,wrong,correct,1.5
267,-0.08280189681166622,-0.5160121716452095,-0.027316453444134994,Three-step,0.2,0.2,0.5,0.5,3411,0.0,0.0,0.0,wrong,correct,1.5
268,-0.2057625450698529,-0.4960508063123884,0.044699704284347594,Three-step,0.2,0.2,0.5,0.5,3411,0.0,0.0,0.0,wrong,correct,1.5
269,-0.26784876720346024,-0.4883979266674926,0.17800503457595257,Three-step,0.2,0.2,0.5,0.5,3411,0.0,0.0,0.0,wrong,correct,1.5
270,0.07846421008548744,-0.5706438727463176,0.3065333873928602,Three-step,0.2,0.2,0.5,0.5,3411,0.0,0.0,0.0,wrong,correct,1.5
271,0.09001779797618197,-0.5264725510930526,-0.05943695171588443,Three-step,0.2,0.2,0.5,0.5,3411,0.0,0.0,0.0,wrong,correct,1.5
272,-0.3270486044712392,-0.552211642658995,-0.3796635598838961,Three-step,0.2,0.2,0.5,0.5,3411,0.0,0.0,0.0,wrong,correct,1.5
273,0.07264220454749629,-0.5408560302325696,-0.10709706923416534,Three-step,0.2,0.2,0.5,0.5,3411,0.0,0.0,0.0,wrong,correct,1.5
274,-0.08368199119788197,-0.47579817506546,-0.2859408668444142,Three-step,0.2,0.2,0.5,0.5,3411,0.0,0.0,0.0,wrong,correct,1.5
275,0.0419719299479086,-0.47758234051071796,-0.01798198719293325,Three-step,0.2,0.2,0.5,0.5,3411,0.0,0.0,0.0,wrong,correct,1.5
276,0.05096092163720585,-0.5635344834949275,-0.12008592666981059,Three-step,0.2,0.2,0.5,0.5,3411,0.0,0.0,0.0,wrong,correct,1.5
277,0.3420829892314923,-0.5018464133961996,-0.013754903826170705,Three-step,0.2,0.2,0.5,0.5,3411,0.0,0.0,0.0,wrong,correct,1.5
278,0.19456596350557104,-0.5263354322568286,0.08404235953825526,Three-step,0.2,0.2,0.5,0.5,3411,0.0,0.0,0.0,wrong,correct,1.5
279,0.04095975235265543,-0.5286400785880583,-0.10308161987303023,Three-step,0.2,0.2,0.5,0.5,3411,0.0,0.0,0.0,wrong,correct,1.5
280,-7.785332506561554e-05,-0.48195029105540826,0.05131503297763436,Three-step,0.2,0.2,0.5,0.5,3411,0.0,0.0,0.0,wrong,correct,1.5
281,0.30240902026322836,-0.4664428931103108,0.352246771787014,Three-step,0.2,0.2,0.5,0.5,3411,0.0,0.0,0.0,wrong,correct,1.5
282,0.2515507464941797,-0.5723798790786384,-0.09062196097488759,Three-step,0.2,0.2,0.5,0.5,3411,0.0,0.0,0.0,wrong,correct,1.5
283,0.3086371488574366,-0.5121142341027597,-0.1284195208590436,Three-step,0.2,0.2,0.5,0.5,3411,0.0,0.0,0.0,wrong,correct,1.5
284,-0.12850035332191856,-0.5158666574089757,-0.12167456642120378,Three-step,0.2,0.2,0.5,0.5,3411,0.0,0.0,0.0,wrong,correct,1.5
285,-0.019205626634440566,-0.5753384375344905,-0.1395397769553721,Three-step,0.2,0.2,0.5,0.5,3411,0.0,0.0,0.0,wrong,correct,1.5
286,-0.01608999893075819,-0.5607737788102585,-0.03603736456791669,Three-step,0.2,0.2,0.5,0.5,3411,0.0,0.0,0.0,wrong,correct,1.5
287,0.26148899239931717,-0.5202641535752699,-0.06953303334618789,Three-step,0.2,0.2,0.5,0.5,3411,0.0,0.0,0.0,wrong,correct,1.5
288,-0.44809439270985774,-0.5478652391835851,-0.025083536405791838,Three-step,0.2,0.2,0.5,0.5,3411,0.0,0.0,0.0,wrong,correct,1.5
289,-0.3893934745719018,-0.4838872784807002,0.24427947171029452,Three-step,0.2,0.2,0.5,0.5,3411,0.0,0.0,0.0,wrong,correct,1.5
290,-0.2959498132477629,-0.5279414619484404,-0.31773922176432784,Three-step,0.2,0.2,0.5,0.5,3411,0.0,0.0,0.0,wrong,correct,1.5
291,0.43873895681103947,-0.5372761151688773,0.16562431573100025,Three-step,0.2,0.2,0.5,0.5,3411,0.0,0.0,0.0,wrong,correct,1.5
292,0.4920693411948856,-0.49811484578303367,0.02053564318576538,Three-step,0.2,0.2,0.5,0.5,3411,0.0,0.0,0.0,wrong,correct,1.5
293,-0.282531469075282,-0.5414656025771781,0.12259044274432217,Three-step,0.2,0.2,0.5,0.5,3411,0.0,0.0,0.0,wrong,correct,1.5
294,0.21262610720270367,-0.5384193943302676,0.0013179130485294955,Three-step,0.2,0.2,0.5,0.5,3411,0.0,0.0,0.0,wrong,correct,1.5
295,0.09144473049755043,-0.5039386525073418,0.03787079867174706,Three-step,0.2,0.2,0.5,0.5,3411,0.0,0.0,0.0,wrong,correct,1.5
296,0.13923675731995228,-0.5305920638224079,-0.02513336170635437,Three-step,0.2,0.2,0.5,0.5,3411,0.0,0.0,0.0,wrong,correct,1.5
297,-0.1410372050177796,-0.536386284185553,-0.15106702670657676,Three-step,0.2,0.2,0.5,0.5,3411,0.0,0.0,0.0,wrong,correct,1.5
298,0.45303981512557895,-0.506378920078892,0.04363579474102514,Three-step,0.2,0.2,0.5,0.5,3411,0.0,0.0,0.0,wrong,correct,1.5
299,-0.10112725477697115,-0.46198106295337465,-0.18435319385487486,Three-step,0.2,0.2,0.5,0.5,3411,0.0,0.0,0.0,wrong,correct,1.5
300,0.012129052528075147,-0.545988247799183,0.07852432981125403,Three-step,0.2,0.2,0.5,0.5,3411,0.0,0.0,0.0,wrong,correct,1.5
1,-0.17949673439454608,-0.6070267191968919,0.2706254600415176,Robins' estimator,0.2,0.2,0.5,0.5,3411,0.0,0.0,0.0,wrong,correct,1.5
2,-0.10936302654776775,-0.50914682006121,0.23719275041783308,Robins' estimator,0.2,0.2,0.5,0.5,3411,0.0,0.0,0.0,wrong,correct,1.5
3,-0.4091574935398794,-0.4957238554236039,-0.011670418348204373,Robins' estimator,0.2,0.2,0.5,0.5,3411,0.0,0.0,0.0,wrong,correct,1.5
4,0.28299830585615515,-0.5271789124289123,-0.016634657045979353,Robins' estimator,0.2,0.2,0.5,0.5,3411,0.0,0.0,0.0,wrong,correct,1.5
5,-0.3457643405073453,-0.5090885358911407,-0.4560134790288881,Robins' estimator,0.2,0.2,0.5,0.5,3411,0.0,0.0,0.0,wrong,correct,1.5
6,0.2817088039066969,-0.5173780118063607,0.22902407626231852,Robins' estimator,0.2,0.2,0.5,0.5,3411,0.0,0.0,0.0,wrong,correct,1.5
7,0.46402278267167263,-0.540883538429927,0.021615213387451426,Robins' estimator,0.2,0.2,0.5,0.5,3411,0.0,0.0,0.0,wrong,correct,1.5
8,-0.2781333390752554,-0.5370780849066763,0.10974218229527616,Robins' estimator,0.2,0.2,0.5,0.5,3411,0.0,0.0,0.0,wrong,correct,1.5
9,-0.2010627651949263,-0.5247314930481568,0.2677983464456759,Robins' estimator,0.2,0.2,0.5,0.5,3411,0.0,0.0,0.0,wrong,correct,1.5
10,-0.30331334680238403,-0.5587053903620979,-0.07988678802180942,Robins' estimator,0.2,0.2,0.5,0.5,3411,0.0,0.0,0.0,wrong,correct,1.5
11,0.2249425641100573,-0.5254753870378558,0.1596281924477475,Robins' estimator,0.2,0.2,0.5,0.5,3411,0.0,0.0,0.0,wrong,correct,1.5
12,-0.008272993126142329,-0.5461098111674306,0.20181849633684462,Robins' estimator,0.2,0.2,0.5,0.5,3411,0.0,0.0,0.0,wrong,correct,1.5
13,0.31403598363387836,-0.5106699797736476,-0.010701886431564318,Robins' estimator,0.2,0.2,0.5,0.5,3411,0.0,0.0,0.0,wrong,correct,1.5
14,-0.3113649886081958,-0.5800293857005168,-0.1058150851079187,Robins' estimator,0.2,0.2,0.5,0.5,3411,0.0,0.0,0.0,wrong,correct,1.5
15,-0.24554046526747525,-0.5555513084157725,0.0131762552805071,Robins' estimator,0.2,0.2,0.5,0.5,3411,0.0,0.0,0.0,wrong,correct,1.5
16,-0.24215824461000765,-0.5427223486664856,-0.40906345887123907,Robins' estimator,0.2,0.2,0.5,0.5,3411,0.0,0.0,0.0,wrong,correct,1.5
17,0.4762956566066969,-0.473024346609659,0.14517232430811552,Robins' estimator,0.2,0.2,0.5,0.5,3411,0.0,0.0,0.0,wrong,correct,1.5
18,0.06214077833179825,-0.5687502353492535,-0.18024288594915996,Robins' estimator,0.2,0.2,0.5,0.5,3411,0.0,0.0,0.0,wrong,correct,1.5
19,0.013033899178460862,-0.5147128014090567,-0.021122664625079658,Robins' estimator,0.2,0.2,0.5,0.5,3411,0.0,0.0,0.0,wrong,correct,1.5
20,-0.05218425250529179,-0.4927394342199594,0.28533886825846283,Robins' estimator,0.2,0.2,0.5,0.5,3411,0.0,0.0,0.0,wrong,correct,1.5
21,0.051773711100596594,-0.5121721204936941,0.21105453740691155,Robins' estimator,0.2,0.2,0.5,0.5,3411,0.0,0.0,0.0,wrong,correct,1.5
22,0.058316395488786414,-0.5194540732944779,0.24830641530931913,Robins' estimator,0.2,0.2,0.5,0.5,3411,0.0,0.0,0.0,wrong,correct,1.5
23,-0.09807375069176176,-0.4924404249512755,0.2571509216766105,Robins' estimator,0.2,0.2,0.5,0.5,3411,0.0,0.0,0.0,wrong,correct,1.5
24,0.43442119878319785,-0.5473699120240075,-0.13122119292352735,Robins' estimator,0.2,0.2,0.5,0.5,3411,0.0,0.0,0.0,wrong,correct,1.5
25,-0.031914856534355704,-0.4775807444961892,-0.30302627538552174,Robins' estimator,0.2,0.2,0.5,0.5,3411,0.0,0.0,0.0,wrong,correct,1.5
26,-0.09108929938904661,-0.5293584089273011,-0.2573205441486253,Robins' estimator,0.2,0.2,0.5,0.5,3411,0.0,0.0,0.0,wrong,correct,1.5
27,0.05181431195275864,-0.5299824466909201,0.03009630362510911,Robins' estimator,0.2,0.2,0.5,0.5,3411,0.0,0.0,0.0,wrong,correct,1.5
28,-0.11506789920137633,-0.521575519543092,-0.12128148472797316,Robins' estimator,0.2,0.2,0.5,0.5,3411,0.0,0.0,0.0,wrong,correct,1.5
29,0.04386731452414474,-0.5629071251612153,0.09136840143573226,Robins' estimator,0.2,0.2,0.5,0.5,3411,0.0,0.0,0.0,wrong,correct,1.5
30,-0.2037337095056736,-0.5119856447453179,0.07079647987802788,Robins' estimator,0.2,0.2,0.5,0.5,3411,0.0,0.0,0.0,wrong,correct,1.5
31,0.10313314130744725,-0.4834131011328335,0.3680975749424296,Robins' estimator,0.2,0.2,0.5,0.5,3411,0.0,0.0,0.0,wrong,correct,1.5
32,-0.08305260700352088,-0.5775753646061643,-0.06448616075739967,Robins' estimator,0.2,0.2,0.5,0.5,3411,0.0,0.0,0.0,wrong,correct,1.5
33,0.17048365288786116,-0.49023459696430033,0.023466123829255062,Robins' estimator,0.2,0.2,0.5,0.5,3411,0.0,0.0,0.0,wrong,correct,1.5
34,0.1009520455408888,-0.5972687200667697,-0.12259606957061872,Robins' estimator,0.2,0.2,0.5,0.5,3411,0.0,0.0,0.0,wrong,correct,1.5
35,0.04373811036418379,-0.49037596034193304,-0.07918457245266573,Robins' estimator,0.2,0.2,0.5,0.5,3411,0.0,0.0,0.0,wrong,correct,1.5
36,0.12717572653857342,-0.5243857632630597,-0.4205513909227507,Robins' estimator,0.2,0.2,0.5,0.5,3411,0.0,0.0,0.0,wrong,correct,1.5
37,-0.17138578771402443,-0.526262467755655,-0.2481901208969787,Robins' estimator,0.2,0.2,0.5,0.5,3411,0.0,0.0,0.0,wrong,correct,1.5
38,-0.19376122174111937,-0.5643618154174748,-0.16660635718762093,Robins' estimator,0.2,0.2,0.5,0.5,3411,0.0,0.0,0.0,wrong,correct,1.5
39,-0.23693216847461063,-0.566235493118772,-0.16639865798275288,Robins' estimator,0.2,0.2,0.5,0.5,3411,0.0,0.0,0.0,wrong,correct,1.5
40,0.11228241627551754,-0.4755625773910816,-0.010029996409756032,Robins' estimator,0.2,0.2,0.5,0.5,3411,0.0,0.0,0.0,wrong,correct,1.5
41,-0.0947930006471332,-0.5486604143647831,0.25712219079088977,Robins' estimator,0.2,0.2,0.5,0.5,3411,0.0,0.0,0.0,wrong,correct,1.5
42,0.3231072236998362,-0.529418065245438,-0.04387042379925801,Robins' estimator,0.2,0.2,0.5,0.5,3411,0.0,0.0,0.0,wrong,correct,1.5
43,-0.05534421393722052,-0.5574386170423115,0.10691984557595766,Robins' estimator,0.2,0.2,0.5,0.5,3411,0.0,0.0,0.0,wrong,correct,1.5
44,0.5032532093499024,-0.5543541807141439,0.19922541302429575,Robins' estimator,0.2,0.2,0.5,0.5,3411,0.0,0.0,0.0,wrong,correct,1.5
45,0.08916113527509426,-0.5299949095456776,-0.030648152317733685,Robins' estimator,0.2,0.2,0.5,0.5,3411,0.0,0.0,0.0,wrong,correct,1.5
46,0.06915217959270335,-0.5361583722291566,0.3264669148428812,Robins' estimator,0.2,0.2,0.5,0.5,3411,0.0,0.0,0.0,wrong,correct,1.5
47,0.10420736129547081,-0.49730968556121913,0.5585409512760057,Robins' estimator,0.2,0.2,0.5,0.5,3411,0.0,0.0,0.0,wrong,correct,1.5
48,0.15094712454637726,-0.49808250465895876,0.02059918951858284,Robins' estimator,0.2,0.2,0.5,0.5,3411,0.0,0.0,0.0,wrong,correct,1.5
49,-0.23556599006395657,-0.5296602349230122,0.44838511472816023,Robins' estimator,0.2,0.2,0.5,0.5,3411,0.0,0.0,0.0,wrong,correct,1.5
50,-0.31765787362155895,-0.5324016031242678,0.0040673871291186225,Robins' estimator,0.2,0.2,0.5,0.5,3411,0.0,0.0,0.0,wrong,correct,1.5
51,0.07444430817598326,-0.5040691183626353,-0.08655284712044777,Robins' estimator,0.2,0.2,0.5,0.5,3411,0.0,0.0,0.0,wrong,correct,1.5
52,0.023348182993807115,-0.509176763841032,-0.1362886690271851,Robins' estimator,0.2,0.2,0.5,0.5,3411,0.0,0.0,0.0,wrong,correct,1.5
53,0.1689054257245936,-0.5005855619901793,0.24399491185429736,Robins' estimator,0.2,0.2,0.5,0.5,3411,0.0,0.0,0.0,wrong,correct,1.5
54,0.023607274767920534,-0.4891978865724625,0.0949703156508372,Robins' estimator,0.2,0.2,0.5,0.5,3411,0.0,0.0,0.0,wrong,correct,1.5
55,-0.23254910141327126,-0.4975117088283569,0.016096514620808387,Robins' estimator,0.2,0.2,0.5,0.5,3411,0.0,0.0,0.0,wrong,correct,1.5
56,-0.2081676292123516,-0.5054119770099461,-0.27825359586889514,Robins' estimator,0.2,0.2,0.5,0.5,3411,0.0,0.0,0.0,wrong,correct,1.5
57,-0.3282501014942114,-0.583345795602752,-0.32844013310089964,Robins' estimator,0.2,0.2,0.5,0.5,3411,0.0,0.0,0.0,wrong,correct,1.5
58,-0.3100073574227569,-0.5712021263614089,-0.3549938209433577,Robins' estimator,0.2,0.2,0.5,0.5,3411,0.0,0.0,0.0,wrong,correct,1.5
59,0.5099621202265676,-0.4966946577163654,0.24131715237592719,Robins' estimator,0.2,0.2,0.5,0.5,3411,0.0,0.0,0.0,wrong,correct,1.5
60,0.008717744160073102,-0.49478597813150166,-0.004342264700088505,Robins' estimator,0.2,0.2,0.5,0.5,3411,0.0,0.0,0.0,wrong,correct,1.5
61,0.052998637427747484,-0.531261989026767,-0.03875939916600694,Robins' estimator,0.2,0.2,0.5,0.5,3411,0.0,0.0,0.0,wrong,correct,1.5
62,-0.02057186085539379,-0.5244995714082968,0.3670112756405732,Robins' estimator,0.2,0.2,0.5,0.5,3411,0.0,0.0,0.0,wrong,correct,1.5
63,-0.24996580235350171,-0.5197274694461442,-0.07851436802834841,Robins' estimator,0.2,0.2,0.5,0.5,3411,0.0,0.0,0.0,wrong,correct,1.5
64,-0.010802119134027227,-0.49411842378632487,0.054006631898338965,Robins' estimator,0.2,0.2,0.5,0.5,3411,0.0,0.0,0.0,wrong,correct,1.5
65,-0.35496860564311167,-0.5485550731899442,0.3847210011849363,Robins' estimator,0.2,0.2,0.5,0.5,3411,0.0,0.0,0.0,wrong,correct,1.5
66,0.05192937869163701,-0.474485502425673,0.10794936300277788,Robins' estimator,0.2,0.2,0.5,0.5,3411,0.0,0.0,0.0,wrong,correct,1.5
67,0.28020481149046195,-0.5734416561107901,-0.023904716441201044,Robins' estimator,0.2,0.2,0.5,0.5,3411,0.0,0.0,0.0,wrong,correct,1.5
68,0.0377521930593373,-0.498521056616166,-0.18220320160055392,Robins' estimator,0.2,0.2,0.5,0.5,3411,0.0,0.0,0.0,wrong,correct,1.5
69,-0.2362576078990254,-0.5479339615902966,0.034392627111189476,Robins' estimator,0.2,0.2,0.5,0.5,3411,0.0,0.0,0.0,wrong,correct,1.5
70,-0.07389849013293616,-0.5386179814338173,-0.017109550576476423,Robins' estimator,0.2,0.2,0.5,0.5,3411,0.0,0.0,0.0,wrong,correct,1.5
71,-0.18452972961754702,-0.5398208762890625,0.21441361166139386,Robins' estimator,0.2,0.2,0.5,0.5,3411,0.0,0.0,0.0,wrong,correct,1.5
72,-0.18359447250834712,-0.5738069800804124,-0.5736677273933936,Robins' estimator,0.2,0.2,0.5,0.5,3411,0.0,0.0,0.0,wrong,correct,1.5
73,-0.017337592725749428,-0.5047413659905663,-0.1603438444187881,Robins' estimator,0.2,0.2,0.5,0.5,3411,0.0,0.0,0.0,wrong,correct,1.5
74,-0.46561721229646563,-0.550808068500788,0.17531196563988952,Robins' estimator,0.2,0.2,0.5,0.5,3411,0.0,0.0,0.0,wrong,correct,1.5
75,-0.05174453887907059,-0.5281018069188473,0.15458360813816055,Robins' estimator,0.2,0.2,0.5,0.5,3411,0.0,0.0,0.0,wrong,correct,1.5
76,0.02616224610404321,-0.5464120316812364,0.0182735671277741,Robins' estimator,0.2,0.2,0.5,0.5,3411,0.0,0.0,0.0,wrong,correct,1.5
77,-0.2636350231027624,-0.5229461656115929,-0.40099257032755525,Robins' estimator,0.2,0.2,0.5,0.5,3411,0.0,0.0,0.0,wrong,correct,1.5
78,-0.5739641338546426,-0.5620315531278689,-0.5147253749492485,Robins' estimator,0.2,0.2,0.5,0.5,3411,0.0,0.0,0.0,wrong,correct,1.5
79,-0.0014994645869579957,-0.5448786766070487,0.5336698292548263,Robins' estimator,0.2,0.2,0.5,0.5,3411,0.0,0.0,0.0,wrong,correct,1.5
80,0.09656770002644902,-0.5492562249631507,-0.3602435286906941,Robins' estimator,0.2,0.2,0.5,0.5,3411,0.0,0.0,0.0,wrong,correct,1.5
81,-0.2672598334665649,-0.5530268997744718,-0.31491034478350727,Robins' estimator,0.2,0.2,0.5,0.5,3411,0.0,0.0,0.0,wrong,correct,1.5
82,0.16812728805273583,-0.4754571605798499,0.08991625248043153,Robins' estimator,0.2,0.2,0.5,0.5,3411,0.0,0.0,0.0,wrong,correct,1.5
83,-0.10065215603783413,-0.5239993769595561,-0.010065627877839682,Robins' estimator,0.2,0.2,0.5,0.5,3411,0.0,0.0,0.0,wrong,correct,1.5
84,-0.24392493391725983,-0.5470819809221263,0.07271197007019489,Robins' estimator,0.2,0.2,0.5,0.5,3411,0.0,0.0,0.0,wrong,correct,1.5
85,-0.315374050613232,-0.5493685374531184,-0.3524509107666968,Robins' estimator,0.2,0.2,0.5,0.5,3411,0.0,0.0,0.0,wrong,correct,1.5
86,-0.2274648253764033,-0.5266759492006082,-0.319082583412902,Robins' estimator,0.2,0.2,0.5,0.5,3411,0.0,0.0,0.0,wrong,correct,1.5
87,-0.10912027629367876,-0.5855079506297216,0.09855429852708861,Robins' estimator,0.2,0.2,0.5,0.5,3411,0.0,0.0,0.0,wrong,correct,1.5
88,0.23128612594756343,-0.5092337023222439,0.08076790960086007,Robins' estimator,0.2,0.2,0.5,0.5,3411,0.0,0.0,0.0,wrong,correct,1.5
89,-0.018610623976124438,-0.5565545552793041,0.23039770620978167,Robins' estimator,0.2,0.2,0.5,0.5,3411,0.0,0.0,0.0,wrong,correct,1.5
90,0.05078516275399083,-0.5603473989615321,0.2702176581403033,Robins' estimator,0.2,0.2,0.5,0.5,3411,0.0,0.0,0.0,wrong,correct,1.5
91,0.0054399078114385786,-0.5133592926777393,-0.07993403202585113,Robins' estimator,0.2,0.2,0.5,0.5,3411,0.0,0.0,0.0,wrong,correct,1.5
92,-0.5583050687197115,-0.5226968404396557,-0.31947910352964587,Robins' estimator,0.2,0.2,0.5,0.5,3411,0.0,0.0,0.0,wrong,correct,1.5
93,-0.00981437866819736,-0.4925491168536377,-0.3206650874324371,Robins' estimator,0.2,0.2,0.5,0.5,3411,0.0,0.0,0.0,wrong,correct,1.5
94,-0.25916770192639627,-0.5445549425329809,0.12371521792438873,Robins' estimator,0.2,0.2,0.5,0.5,3411,0.0,0.0,0.0,wrong,correct,1.5
95,-0.12353474701011881,-0.5179113856928166,0.21011829333931345,Robins' estimator,0.2,0.2,0.5,0.5,3411,0.0,0.0,0.0,wrong,correct,1.5
96,-0.10945616186702238,-0.5664048755268317,-0.15201154223947952,Robins' estimator,0.2,0.2,0.5,0.5,3411,0.0,0.0,0.0,wrong,correct,1.5
97,-0.28315891575140173,-0.5386242366025976,0.06012814326188904,Robins' estimator,0.2,0.2,0.5,0.5,3411,0.0,0.0,0.0,wrong,correct,1.5
98,0.12202743888265748,-0.48010239075492867,-0.16821196649736728,Robins' estimator,0.2,0.2,0.5,0.5,3411,0.0,0.0,0.0,wrong,correct,1.5
99,-0.3030373920349882,-0.5364181653016877,0.39683785076350975,Robins' estimator,0.2,0.2,0.5,0.5,3411,0.0,0.0,0.0,wrong,correct,1.5
100,-0.04727605912574052,-0.5061466239432801,-0.023496265834159293,Robins' estimator,0.2,0.2,0.5,0.5,3411,0.0,0.0,0.0,wrong,correct,1.5
101,-0.004121426899669899,-0.5544215504342141,-0.08477836612273498,Robins' estimator,0.2,0.2,0.5,0.5,3411,0.0,0.0,0.0,wrong,correct,1.5
102,0.15759865342550627,-0.5463838475658994,-0.16096753803490674,Robins' estimator,0.2,0.2,0.5,0.5,3411,0.0,0.0,0.0,wrong,correct,1.5
103,0.0022854305934588894,-0.5402878568353013,0.1720571348193947,Robins' estimator,0.2,0.2,0.5,0.5,3411,0.0,0.0,0.0,wrong,correct,1.5
104,-0.5095043613185748,-0.5006501246536926,0.01419991686200517,Robins' estimator,0.2,0.2,0.5,0.5,3411,0.0,0.0,0.0,wrong,correct,1.5
105,-0.208271326511163,-0.5427305960499159,-0.5268497422450068,Robins' estimator,0.2,0.2,0.5,0.5,3411,0.0,0.0,0.0,wrong,correct,1.5
106,-0.31716658628499056,-0.577636107743317,-0.3446174010365202,Robins' estimator,0.2,0.2,0.5,0.5,3411,0.0,0.0,0.0,wrong,correct,1.5
107,-0.5400825573489683,-0.5619409841102736,0.40601546615310163,Robins' estimator,0.2,0.2,0.5,0.5,3411,0.0,0.0,0.0,wrong,correct,1.5
108,-0.1543517552935562,-0.519859702459001,0.43229934692624716,Robins' estimator,0.2,0.2,0.5,0.5,3411,0.0,0.0,0.0,wrong,correct,1.5
109,0.013818901104976416,-0.5105389919214586,0.2131013703613237,Robins' estimator,0.2,0.2,0.5,0.5,3411,0.0,0.0,0.0,wrong,correct,1.5
110,0.34109132743688453,-0.5670743175893749,0.22571252312342838,Robins' estimator,0.2,0.2,0.5,0.5,3411,0.0,0.0,0.0,wrong,correct,1.5
111,0.12698923477601254,-0.5066615662961116,-0.04036515191664228,Robins' estimator,0.2,0.2,0.5,0.5,3411,0.0,0.0,0.0,wrong,correct,1.5
112,-0.12676173089451875,-0.5359532058478301,-0.027331394945056854,Robins' estimator,0.2,0.2,0.5,0.5,3411,0.0,0.0,0.0,wrong,correct,1.5
113,-0.4311369270428842,-0.5172398375754355,0.1253482396831467,Robins' estimator,0.2,0.2,0.5,0.5,3411,0.0,0.0,0.0,wrong,correct,1.5
114,0.2909792821841712,-0.5344661945867432,-0.20591180911563373,Robins' estimator,0.2,0.2,0.5,0.5,3411,0.0,0.0,0.0,wrong,correct,1.5
115,0.1753551569494531,-0.533555151262492,-0.05659348257809583,Robins' estimator,0.2,0.2,0.5,0.5,3411,0.0,0.0,0.0,wrong,correct,1.5
116,-0.03632920181202147,-0.5140672061181618,-0.15498773255415985,Robins' estimator,0.2,0.2,0.5,0.5,3411,0.0,0.0,0.0,wrong,correct,1.5
117,-0.5104145721435197,-0.6060108609066851,-0.051676848015997916,Robins' estimator,0.2,0.2,0.5,0.5,3411,0.0,0.0,0.0,wrong,correct,1.5
118,-0.19639722245342797,-0.5707614129529076,-0.24302191482233998,Robins' estimator,0.2,0.2,0.5,0.5,3411,0.0,0.0,0.0,wrong,correct,1.5
119,-0.06162933543203749,-0.5305450794882569,-0.04040251329467187,Robins' estimator,0.2,0.2,0.5,0.5,3411,0.0,0.0,0.0,wrong,correct,1.5
120,-0.22227780977435196,-0.519115959726618,0.19263359106423833,Robins' estimator,0.2,0.2,0.5,0.5,3411,0.0,0.0,0.0,wrong,correct,1.5
121,-0.011113981436512144,-0.49406538923329163,0.2747072667317267,Robins' estimator,0.2,0.2,0.5,0.5,3411,0.0,0.0,0.0,wrong,correct,1.5
122,0.5018748013352895,-0.5331576014908044,-0.021447961201404072,Robins' estimator,0.2,0.2,0.5,0.5,3411,0.0,0.0,0.0,wrong,correct,1.5
123,0.270316495324517,-0.48586595740984234,0.1356788615753745,Robins' estimator,0.2,0.2,0.5,0.5,3411,0.0,0.0,0.0,wrong,correct,1.5
124,-0.051265995718509864,-0.5490858007947406,-0.31224662972036704,Robins' estimator,0.2,0.2,0.5,0.5,3411,0.0,0.0,0.0,wrong,correct,1.5
125,-0.1352609026455792,-0.5020450210425057,0.2531181425254762,Robins' estimator,0.2,0.2,0.5,0.5,3411,0.0,0.0,0.0,wrong,correct,1.5
126,-0.10511355269028665,-0.5344090906192848,0.029583129444451937,Robins' estimator,0.2,0.2,0.5,0.5,3411,0.0,0.0,0.0,wrong,correct,1.5
127,-0.003046558343304103,-0.5162234667511665,0.1851757491077167,Robins' estimator,0.2,0.2,0.5,0.5,3411,0.0,0.0,0.0,wrong,correct,1.5
128,0.30766529037389906,-0.5418730836731693,0.344214465076628,Robins' estimator,0.2,0.2,0.5,0.5,3411,0.0,0.0,0.0,wrong,correct,1.5
129,-0.028968861393555846,-0.5172420372645663,0.32370674166446745,Robins' estimator,0.2,0.2,0.5,0.5,3411,0.0,0.0,0.0,wrong,correct,1.5
130,-0.178353597951947,-0.583456395711916,-0.2014641344809036,Robins' estimator,0.2,0.2,0.5,0.5,3411,0.0,0.0,0.0,wrong,correct,1.5
131,-0.03621664464630824,-0.5265780052620309,-0.030798620037123078,Robins' estimator,0.2,0.2,0.5,0.5,3411,0.0,0.0,0.0,wrong,correct,1.5
132,-0.4518205886848001,-0.5440723637614239,0.0707148245260391,Robins' estimator,0.2,0.2,0.5,0.5,3411,0.0,0.0,0.0,wrong,correct,1.5
133,-0.10320280518103243,-0.5559946846024797,0.05544399262563219,Robins' estimator,0.2,0.2,0.5,0.5,3411,0.0,0.0,0.0,wrong,correct,1.5
134,0.018590810367859145,-0.5480106142523431,0.17866925761898356,Robins' estimator,0.2,0.2,0.5,0.5,3411,0.0,0.0,0.0,wrong,correct,1.5
135,0.11579768028552101,-0.5431546997162655,-0.15047352511349435,Robins' estimator,0.2,0.2,0.5,0.5,3411,0.0,0.0,0.0,wrong,correct,1.5
136,-0.22472316667866218,-0.5402126559563378,-0.08254496745568943,Robins' estimator,0.2,0.2,0.5,0.5,3411,0.0,0.0,0.0,wrong,correct,1.5
137,-0.023698699636822057,-0.5036476281423299,-0.05519577326663099,Robins' estimator,0.2,0.2,0.5,0.5,3411,0.0,0.0,0.0,wrong,correct,1.5
138,0.379763825342733,-0.5235995341790857,0.0769526419397129,Robins' estimator,0.2,0.2,0.5,0.5,3411,0.0,0.0,0.0,wrong,correct,1.5
139,-0.18600541149897878,-0.5378157025299666,-0.1780270046875396,Robins' estimator,0.2,0.2,0.5,0.5,3411,0.0,0.0,0.0,wrong,correct,1.5
140,0.32620540035258344,-0.5216532224608126,0.2020790265627726,Robins' estimator,0.2,0.2,0.5,0.5,3411,0.0,0.0,0.0,wrong,correct,1.5
141,-0.008713928724247547,-0.5469811189024402,0.04766753839627505,Robins' estimator,0.2,0.2,0.5,0.5,3411,0.0,0.0,0.0,wrong,correct,1.5
142,0.09910804639122071,-0.5557564294953439,0.20863330025993643,Robins' estimator,0.2,0.2,0.5,0.5,3411,0.0,0.0,0.0,wrong,correct,1.5
143,0.1855055872708603,-0.4972104289552313,0.03075769890073534,Robins' estimator,0.2,0.2,0.5,0.5,3411,0.0,0.0,0.0,wrong,correct,1.5
144,0.2613586253703931,-0.4876887174651609,0.10411046451134548,Robins' estimator,0.2,0.2,0.5,0.5,3411,0.0,0.0,0.0,wrong,correct,1.5
145,0.20673327193860036,-0.5144663032017992,0.5674023871781402,Robins' estimator,0.2,0.2,0.5,0.5,3411,0.0,0.0,0.0,wrong,correct,1.5
146,-0.1381963536316406,-0.5409771421167191,-0.09227917651464419,Robins' estimator,0.2,0.2,0.5,0.5,3411,0.0,0.0,0.0,wrong,correct,1.5
147,0.00240944147922781,-0.5248780389400903,-0.04698409279098979,Robins' estimator,0.2,0.2,0.5,0.5,3411,0.0,0.0,0.0,wrong,correct,1.5
148,0.18238508500690445,-0.5280535390118797,-0.005244723609714316,Robins' estimator,0.2,0.2,0.5,0.5,3411,0.0,0.0,0.0,wrong,correct,1.5
149,-0.17658156843521394,-0.5456111062351152,0.06765480532974208,Robins' estimator,0.2,0.2,0.5,0.5,3411,0.0,0.0,0.0,wrong,correct,1.5
150,0.1534293890013717,-0.5354690854520759,-0.08866446530854652,Robins' estimator,0.2,0.2,0.5,0.5,3411,0.0,0.0,0.0,wrong,correct,1.5
151,0.01590901443643815,-0.5434461463878927,-0.16754628744449204,Robins' estimator,0.2,0.2,0.5,0.5,3411,0.0,0.0,0.0,wrong,correct,1.5
152,0.07922792890458677,-0.5462939332682207,0.059365300289067585,Robins' estimator,0.2,0.2,0.5,0.5,3411,0.0,0.0,0.0,wrong,correct,1.5
153,0.15346259503481938,-0.5264749629077607,0.2804528687694336,Robins' estimator,0.2,0.2,0.5,0.5,3411,0.0,0.0,0.0,wrong,correct,1.5
154,0.008005548493249422,-0.45685148444651047,0.03798128137508643,Robins' estimator,0.2,0.2,0.5,0.5,3411,0.0,0.0,0.0,wrong,correct,1.5
155,0.05635126131834324,-0.501941151151081,-0.3436055367273133,Robins' estimator,0.2,0.2,0.5,0.5,3411,0.0,0.0,0.0,wrong,correct,1.5
156,0.3972177099195514,-0.5445642501573229,0.35372124965971935,Robins' estimator,0.2,0.2,0.5,0.5,3411,0.0,0.0,0.0,wrong,correct,1.5
157,-0.047094858530702326,-0.5098761343842729,-0.38886860088859787,Robins' estimator,0.2,0.2,0.5,0.5,3411,0.0,0.0,0.0,wrong,correct,1.5
158,0.23964591155981854,-0.49567310812079024,0.09018486583686393,Robins' estimator,0.2,0.2,0.5,0.5,3411,0.0,0.0,0.0,wrong,correct,1.5
159,-0.020437831246261008,-0.43867646030245355,0.2506169768576155,Robins' estimator,0.2,0.2,0.5,0.5,3411,0.0,0.0,0.0,wrong,correct,1.5
160,0.14066357594555193,-0.5412962120920464,0.32824944270247974,Robins' estimator,0.2,0.2,0.5,0.5,3411,0.0,0.0,0.0,wrong,correct,1.5
161,-0.007183847817981808,-0.5050924985463241,-0.2508295732613568,Robins' estimator,0.2,0.2,0.5,0.5,3411,0.0,0.0,0.0,wrong,correct,1.5
162,0.2641340361213704,-0.46453943645082196,-0.2555650218497069,Robins' estimator,0.2,0.2,0.5,0.5,3411,0.0,0.0,0.0,wrong,correct,1.5
163,0.01757077160503101,-0.4945082832591788,-0.0019066650462544407,Robins' estimator,0.2,0.2,0.5,0.5,3411,0.0,0.0,0.0,wrong,correct,1.5
164,-0.5213610536340011,-0.4986569542879308,-0.6698759760750784,Robins' estimator,0.2,0.2,0.5,0.5,3411,0.0,0.0,0.0,wrong,correct,1.5
165,-0.1120549128357962,-0.4996908320758343,-0.04210042947759112,Robins' estimator,0.2,0.2,0.5,0.5,3411,0.0,0.0,0.0,wrong,correct,1.5
166,0.10216269739569998,-0.5682320241837032,0.22907980824440458,Robins' estimator,0.2,0.2,0.5,0.5,3411,0.0,0.0,0.0,wrong,correct,1.5
167,-0.23448556789783054,-0.49481385149745294,-0.23001585984162842,Robins' estimator,0.2,0.2,0.5,0.5,3411,0.0,0.0,0.0,wrong,correct,1.5
168,0.09445835869435773,-0.5611216647681685,-0.3516722221817555,Robins' estimator,0.2,0.2,0.5,0.5,3411,0.0,0.0,0.0,wrong,correct,1.5
169,-0.15998103553285425,-0.46446916881904826,-0.19839457541706026,Robins' estimator,0.2,0.2,0.5,0.5,3411,0.0,0.0,0.0,wrong,correct,1.5
170,0.04952521901151158,-0.5393556295839852,0.00587452842597208,Robins' estimator,0.2,0.2,0.5,0.5,3411,0.0,0.0,0.0,wrong,correct,1.5
171,-0.2906129712559007,-0.5254679216856016,-0.3706320646699296,Robins' estimator,0.2,0.2,0.5,0.5,3411,0.0,0.0,0.0,wrong,correct,1.5
172,-0.16819475931114794,-0.510670908977258,-0.14509744838436725,Robins' estimator,0.2,0.2,0.5,0.5,3411,0.0,0.0,0.0,wrong,correct,1.5
173,-0.050375924523465954,-0.5483552827065402,0.07915609268895198,Robins' estimator,0.2,0.2,0.5,0.5,3411,0.0,0.0,0.0,wrong,correct,1.5
174,0.11124479273132969,-0.49870042917452156,0.10885261301138369,Robins' estimator,0.2,0.2,0.5,0.5,3411,0.0,0.0,0.0,wrong,correct,1.5
175,0.3334773788174382,-0.542095854740949,-0.10333016063869979,Robins' estimator,0.2,0.2,0.5,0.5,3411,0.0,0.0,0.0,wrong,correct,1.5
176,-0.2898399424136533,-0.5388727472975544,-0.19319763302523482,Robins' estimator,0.2,0.2,0.5,0.5,3411,0.0,0.0,0.0,wrong,correct,1.5
177,0.13035106791038673,-0.5378445019120145,-0.20783085580028862,Robins' estimator,0.2,0.2,0.5,0.5,3411,0.0,0.0,0.0,wrong,correct,1.5
178,0.06651043618262055,-0.5317357931166937,0.38507233564533294,Robins' estimator,0.2,0.2,0.5,0.5,3411,0.0,0.0,0.0,wrong,correct,1.5
179,-0.18039804324226477,-0.533175044593066,0.16595185525296172,Robins' estimator,0.2,0.2,0.5,0.5,3411,0.0,0.0,0.0,wrong,correct,1.5
180,0.21810935451520042,-0.5086094550621004,-0.21602189841769387,Robins' estimator,0.2,0.2,0.5,0.5,3411,0.0,0.0,0.0,wrong,correct,1.5
181,0.10188501112154368,-0.5169384947081653,0.2981480104977057,Robins' estimator,0.2,0.2,0.5,0.5,3411,0.0,0.0,0.0,wrong,correct,1.5
182,0.18980016202710365,-0.5305371642328433,0.028871737995635135,Robins' estimator,0.2,0.2,0.5,0.5,3411,0.0,0.0,0.0,wrong,correct,1.5
183,0.3267260825392358,-0.49254572308681027,0.11393572609860925,Robins' estimator,0.2,0.2,0.5,0.5,3411,0.0,0.0,0.0,wrong,correct,1.5
184,0.03884526816350834,-0.4884895316407686,-0.11678188655509018,Robins' estimator,0.2,0.2,0.5,0.5,3411,0.0,0.0,0.0,wrong,correct,1.5
185,-0.017528398588673378,-0.5241552824643688,-0.21520160167818925,Robins' estimator,0.2,0.2,0.5,0.5,3411,0.0,0.0,0.0,wrong,correct,1.5
186,0.16230406777336148,-0.5023166782413258,0.17364164368602414,Robins' estimator,0.2,0.2,0.5,0.5,3411,0.0,0.0,0.0,wrong,correct,1.5
187,0.2528842724072843,-0.5084994966904831,-0.04595758506505597,Robins' estimator,0.2,0.2,0.5,0.5,3411,0.0,0.0,0.0,wrong,correct,1.5
188,-0.09260599986796832,-0.5225790072034886,-0.3635170326191702,Robins' estimator,0.2,0.2,0.5,0.5,3411,0.0,0.0,0.0,wrong,correct,1.5
189,0.4194083647668508,-0.5375734718488868,0.35487249186869557,Robins' estimator,0.2,0.2,0.5,0.5,3411,0.0,0.0,0.0,wrong,correct,1.5
190,0.151316794446641,-0.4775870349259778,0.18106725274151747,Robins' estimator,0.2,0.2,0.5,0.5,3411,0.0,0.0,0.0,wrong,correct,1.5
191,-0.27925584139262777,-0.540063299600672,0.12863433419031642,Robins' estimator,0.2,0.2,0.5,0.5,3411,0.0,0.0,0.0,wrong,correct,1.5
192,-0.05381499049170385,-0.4919698938227538,0.10039779130704705,Robins' estimator,0.2,0.2,0.5,0.5,3411,0.0,0.0,0.0,wrong,correct,1.5
193,-0.35036758952038927,-0.485822096985628,0.0504256297890324,Robins' estimator,0.2,0.2,0.5,0.5,3411,0.0,0.0,0.0,wrong,correct,1.5
194,0.4349515629652784,-0.521592511582328,0.2457029974052894,Robins' estimator,0.2,0.2,0.5,0.5,3411,0.0,0.0,0.0,wrong,correct,1.5
195,-0.506998183315766,-0.5613424277218239,-0.0020020563414845953,Robins' estimator,0.2,0.2,0.5,0.5,3411,0.0,0.0,0.0,wrong,correct,1.5
196,-0.1721816172955416,-0.5592004101686358,-0.01422340514510827,Robins' estimator,0.2,0.2,0.5,0.5,3411,0.0,0.0,0.0,wrong,correct,1.5
197,-0.055410241038732815,-0.533844851332958,0.22818850178235267,Robins' estimator,0.2,0.2,0.5,0.5,3411,0.0,0.0,0.0,wrong,correct,1.5
198,0.13605063244727644,-0.5348242846594101,-0.3140775111638222,Robins' estimator,0.2,0.2,0.5,0.5,3411,0.0,0.0,0.0,wrong,correct,1.5
199,0.39569287008875964,-0.5023378970434729,0.26431445807303,Robins' estimator,0.2,0.2,0.5,0.5,3411,0.0,0.0,0.0,wrong,correct,1.5
200,-0.02748354250458481,-0.48553419640074214,0.08468143182552516,Robins' estimator,0.2,0.2,0.5,0.5,3411,0.0,0.0,0.0,wrong,correct,1.5
201,0.09349116271649266,-0.5385708126778912,0.217033105141416,Robins' estimator,0.2,0.2,0.5,0.5,3411,0.0,0.0,0.0,wrong,correct,1.5
202,-0.04884921977922609,-0.5207002232752398,-0.05520471552044565,Robins' estimator,0.2,0.2,0.5,0.5,3411,0.0,0.0,0.0,wrong,correct,1.5
203,0.260759970506542,-0.537568083711923,0.09678586587730381,Robins' estimator,0.2,0.2,0.5,0.5,3411,0.0,0.0,0.0,wrong,correct,1.5
204,0.16786392324793523,-0.537538622918483,0.2357189137536271,Robins' estimator,0.2,0.2,0.5,0.5,3411,0.0,0.0,0.0,wrong,correct,1.5
205,0.10055718887077089,-0.49457242009568264,0.16722093041856417,Robins' estimator,0.2,0.2,0.5,0.5,3411,0.0,0.0,0.0,wrong,correct,1.5
206,0.1251925372765131,-0.5248351980197747,0.10137375256120232,Robins' estimator,0.2,0.2,0.5,0.5,3411,0.0,0.0,0.0,wrong,correct,1.5
207,0.20864872136023913,-0.48686942792590493,0.10376108341382362,Robins' estimator,0.2,0.2,0.5,0.5,3411,0.0,0.0,0.0,wrong,correct,1.5
208,-0.32474977274300126,-0.5411101036867567,0.13184932913570319,Robins' estimator,0.2,0.2,0.5,0.5,3411,0.0,0.0,0.0,wrong,correct,1.5
209,-0.0644639023949671,-0.49759035079015207,0.04669642849053401,Robins' estimator,0.2,0.2,0.5,0.5,3411,0.0,0.0,0.0,wrong,correct,1.5
210,0.12857746675631215,-0.517700402421142,0.507856198854679,Robins' estimator,0.2,0.2,0.5,0.5,3411,0.0,0.0,0.0,wrong,correct,1.5
211,0.3633128633224364,-0.4850232544076984,0.21554982921664856,Robins' estimator,0.2,0.2,0.5,0.5,3411,0.0,0.0,0.0,wrong,correct,1.5
212,0.25795253594440987,-0.5245388650517865,-0.03880190346462764,Robins' estimator,0.2,0.2,0.5,0.5,3411,0.0,0.0,0.0,wrong,correct,1.5
213,0.07897815449016059,-0.5633004184131194,-0.11279002889268597,Robins' estimator,0.2,0.2,0.5,0.5,3411,0.0,0.0,0.0,wrong,correct,1.5
214,-0.28098897015972213,-0.5351853402212281,0.20892983390450914,Robins' estimator,0.2,0.2,0.5,0.5,3411,0.0,0.0,0.0,wrong,correct,1.5
215,-0.09866568890852014,-0.5513885241338797,0.11667385244538171,Robins' estimator,0.2,0.2,0.5,0.5,3411,0.0,0.0,0.0,wrong,correct,1.5
216,0.3306690681255277,-0.5196060781745946,0.2880597842532771,Robins' estimator,0.2,0.2,0.5,0.5,3411,0.0,0.0,0.0,wrong,correct,1.5
217,0.37025057744011874,-0.4882907100737742,0.1057480697677041,Robins' estimator,0.2,0.2,0.5,0.5,3411,0.0,0.0,0.0,wrong,correct,1.5
218,-0.14286345042538226,-0.5595082585701623,0.09591108878558971,Robins' estimator,0.2,0.2,0.5,0.5,3411,0.0,0.0,0.0,wrong,correct,1.5
219,-0.009424587942881542,-0.537612167159447,0.21182196099242964,Robins' estimator,0.2,0.2,0.5,0.5,3411,0.0,0.0,0.0,wrong,correct,1.5
220,0.24314365255721818,-0.5285084779069673,-0.0782511287471209,Robins' estimator,0.2,0.2,0.5,0.5,3411,0.0,0.0,0.0,wrong,correct,1.5
221,0.06245048353606615,-0.5371214959303631,-0.22530502403363034,Robins' estimator,0.2,0.2,0.5,0.5,3411,0.0,0.0,0.0,wrong,correct,1.5
222,0.058243355422368276,-0.5061598460579378,0.07918569081848782,Robins' estimator,0.2,0.2,0.5,0.5,3411,0.0,0.0,0.0,wrong,correct,1.5
223,0.06760525097163818,-0.5008467328577262,0.7195645571752302,Robins' estimator,0.2,0.2,0.5,0.5,3411,0.0,0.0,0.0,wrong,correct,1.5
224,-0.20172938754042927,-0.5748476284150152,-0.2619342602226816,Robins' estimator,0.2,0.2,0.5,0.5,3411,0.0,0.0,0.0,wrong,correct,1.5
225,-0.14219641218972828,-0.5381922985184708,-0.002362379050394704,Robins' estimator,0.2,0.2,0.5,0.5,3411,0.0,0.0,0.0,wrong,correct,1.5
226,0.2298810603650608,-0.4903142646868422,0.10749678952809075,Robins' estimator,0.2,0.2,0.5,0.5,3411,0.0,0.0,0.0,wrong,correct,1.5
227,0.3345139514667142,-0.5479627799099284,0.347458586907687,Robins' estimator,0.2,0.2,0.5,0.5,3411,0.0,0.0,0.0,wrong,correct,1.5
228,0.20043701346411344,-0.5227864964338691,0.1497442135962083,Robins' estimator,0.2,0.2,0.5,0.5,3411,0.0,0.0,0.0,wrong,correct,1.5
229,-0.06577580591053839,-0.5534910337462292,-0.05441234413143979,Robins' estimator,0.2,0.2,0.5,0.5,3411,0.0,0.0,0.0,wrong,correct,1.5
230,-0.23187601722273762,-0.5011807797349098,-0.2533331802617645,Robins' estimator,0.2,0.2,0.5,0.5,3411,0.0,0.0,0.0,wrong,correct,1.5
231,0.33570323927198836,-0.5125424407065572,0.18692644713688522,Robins' estimator,0.2,0.2,0.5,0.5,3411,0.0,0.0,0.0,wrong,correct,1.5
232,-0.18554869539614544,-0.5536023703309813,-0.11136984958598535,Robins' estimator,0.2,0.2,0.5,0.5,3411,0.0,0.0,0.0,wrong,correct,1.5
233,-0.2770898631323897,-0.5364720578329787,0.25661619133490426,Robins' estimator,0.2,0.2,0.5,0.5,3411,0.0,0.0,0.0,wrong,correct,1.5
234,-0.03494471732692736,-0.5376241231445489,0.11846755671203597,Robins' estimator,0.2,0.2,0.5,0.5,3411,0.0,0.0,0.0,wrong,correct,1.5
235,-0.23182147809860884,-0.5151000635672578,0.0036018559740324855,Robins' estimator,0.2,0.2,0.5,0.5,3411,0.0,0.0,0.0,wrong,correct,1.5
236,-0.3333078826254006,-0.5182476841202442,0.05608012204440149,Robins' estimator,0.2,0.2,0.5,0.5,3411,0.0,0.0,0.0,wrong,correct,1.5
237,-0.07423479299025754,-0.5271536665209662,0.18738269421258866,Robins' estimator,0.2,0.2,0.5,0.5,3411,0.0,0.0,0.0,wrong,correct,1.5
238,0.16176614567669312,-0.5010301062110497,-0.029730357598922542,Robins' estimator,0.2,0.2,0.5,0.5,3411,0.0,0.0,0.0,wrong,correct,1.5
239,-0.25652953194048517,-0.5720789658585909,-0.16274236187093924,Robins' estimator,0.2,0.2,0.5,0.5,3411,0.0,0.0,0.0,wrong,correct,1.5
240,0.07861487978123838,-0.5237618761861752,-0.0018479512208937445,Robins' estimator,0.2,0.2,0.5,0.5,3411,0.0,0.0,0.0,wrong,correct,1.5
241,-0.13196624701351722,-0.4576975046329187,0.11484165563623419,Robins' estimator,0.2,0.2,0.5,0.5,3411,0.0,0.0,0.0,wrong,correct,1.5
242,0.2603427420877863,-0.4787281772669753,-0.0031426028451368468,Robins' estimator,0.2,0.2,0.5,0.5,3411,0.0,0.0,0.0,wrong,correct,1.5
243,0.0065967362988016915,-0.5098942370617345,-0.06598807668908914,Robins' estimator,0.2,0.2,0.5,0.5,3411,0.0,0.0,0.0,wrong,correct,1.5
244,0.10816269671686203,-0.5199474741037869,0.28277332145921374,Robins' estimator,0.2,0.2,0.5,0.5,3411,0.0,0.0,0.0,wrong,correct,1.5
245,0.08882212465486296,-0.5316991773388353,0.0019295224077358123,Robins' estimator,0.2,0.2,0.5,0.5,3411,0.0,0.0,0.0,wrong,correct,1.5
246,-0.5184270962923051,-0.5607820098816186,-0.17408677112155044,Robins' estimator,0.2,0.2,0.5,0.5,3411,0.0,0.0,0.0,wrong,correct,1.5
247,0.0006557242717034453,-0.5451464083923675,-0.24002940691761793,Robins' estimator,0.2,0.2,0.5,0.5,3411,0.0,0.0,0.0,wrong,correct,1.5
248,0.22867861978545062,-0.5319650647068975,-0.2255941251870367,Robins' estimator,0.2,0.2,0.5,0.5,3411,0.0,0.0,0.0,wrong,correct,1.5
249,0.16424473943935472,-0.48088508537744423,0.010063245611211899,Robins' estimator,0.2,0.2,0.5,0.5,3411,0.0,0.0,0.0,wrong,correct,1.5
250,-0.08666379919970676,-0.5137925490784586,-0.15758922407656245,Robins' estimator,0.2,0.2,0.5,0.5,3411,0.0,0.0,0.0,wrong,correct,1.5
251,-0.11182288907171636,-0.5022648101649495,-0.09663543767320704,Robins' estimator,0.2,0.2,0.5,0.5,3411,0.0,0.0,0.0,wrong,correct,1.5
252,0.1488380704261006,-0.48895484737332157,-0.03426527958339854,Robins' estimator,0.2,0.2,0.5,0.5,3411,0.0,0.0,0.0,wrong,correct,1.5
253,-0.18002748193146176,-0.4923516702387022,0.1070484325309347,Robins' estimator,0.2,0.2,0.5,0.5,3411,0.0,0.0,0.0,wrong,correct,1.5
254,0.08330149076262573,-0.5347505734869272,-0.5120928892752326,Robins' estimator,0.2,0.2,0.5,0.5,3411,0.0,0.0,0.0,wrong,correct,1.5
255,-0.031188061401043778,-0.5581886007727216,-0.2032184240164349,Robins' estimator,0.2,0.2,0.5,0.5,3411,0.0,0.0,0.0,wrong,correct,1.5
256,-0.16800098131492694,-0.5527467380060185,-0.555134985879241,Robins' estimator,0.2,0.2,0.5,0.5,3411,0.0,0.0,0.0,wrong,correct,1.5
257,-0.05376190430452717,-0.4950796081096816,0.21857214036285694,Robins' estimator,0.2,0.2,0.5,0.5,3411,0.0,0.0,0.0,wrong,correct,1.5
258,-0.4306573742350562,-0.5192094951369166,0.1023364377076137,Robins' estimator,0.2,0.2,0.5,0.5,3411,0.0,0.0,0.0,wrong,correct,1.5
259,-0.09358397632942628,-0.5764554091949443,-0.11637696809354875,Robins' estimator,0.2,0.2,0.5,0.5,3411,0.0,0.0,0.0,wrong,correct,1.5
260,-0.12071250016419463,-0.5441384058285114,-0.3280308359689149,Robins' estimator,0.2,0.2,0.5,0.5,3411,0.0,0.0,0.0,wrong,correct,1.5
261,0.054482795710800856,-0.5140012030653538,0.07642301974631191,Robins' estimator,0.2,0.2,0.5,0.5,3411,0.0,0.0,0.0,wrong,correct,1.5
262,-0.1533259320264109,-0.47282078104293007,0.13940628945984943,Robins' estimator,0.2,0.2,0.5,0.5,3411,0.0,0.0,0.0,wrong,correct,1.5
263,-0.18410139623904934,-0.5670237191566126,-0.025712538660731987,Robins' estimator,0.2,0.2,0.5,0.5,3411,0.0,0.0,0.0,wrong,correct,1.5
264,0.18142106860152918,-0.4703631448025919,-0.0724242544444279,Robins' estimator,0.2,0.2,0.5,0.5,3411,0.0,0.0,0.0,wrong,correct,1.5
265,-0.04913558222942183,-0.4968083806615014,-0.10123166367813098,Robins' estimator,0.2,0.2,0.5,0.5,3411,0.0,0.0,0.0,wrong,correct,1.5
266,-0.08103664531086473,-0.5215581650140377,-0.22886220693132886,Robins' estimator,0.2,0.2,0.5,0.5,3411,0.0,0.0,0.0,wrong,correct,1.5
267,-0.14842896557551116,-0.5171163542587166,-0.027316453444139594,Robins' estimator,0.2,0.2,0.5,0.5,3411,0.0,0.0,0.0,wrong,correct,1.5
268,-0.23032470934098984,-0.49647549418557185,0.04469970428433878,Robins' estimator,0.2,0.2,0.5,0.5,3411,0.0,0.0,0.0,wrong,correct,1.5
269,-0.2584225664291504,-0.49870257385306155,0.17800503457592884,Robins' estimator,0.2,0.2,0.5,0.5,3411,0.0,0.0,0.0,wrong,correct,1.5
270,-0.03110188607317407,-0.5610149221995862,0.306533387417101,Robins' estimator,0.2,0.2,0.5,0.5,3411,0.0,0.0,0.0,wrong,correct,1.5
271,-0.09436356239371979,-0.5188360912322153,-0.05943695171580544,Robins' estimator,0.2,0.2,0.5,0.5,3411,0.0,0.0,0.0,wrong,correct,1.5
272,-0.31985647991693616,-0.5405153997857678,-0.37966355986009936,Robins' estimator,0.2,0.2,0.5,0.5,3411,0.0,0.0,0.0,wrong,correct,1.5
273,0.14319475815950194,-0.5147834698181039,-0.10709706923267998,Robins' estimator,0.2,0.2,0.5,0.5,3411,0.0,0.0,0.0,wrong,correct,1.5
274,-0.1469776814275489,-0.4844149957975228,-0.28594086706693284,Robins' estimator,0.2,0.2,0.5,0.5,3411,0.0,0.0,0.0,wrong,correct,1.5
275,-0.002895339345124933,-0.4823621131431038,-0.017981987191790588,Robins' estimator,0.2,0.2,0.5,0.5,3411,0.0,0.0,0.0,wrong,correct,1.5
276,0.001984168245222702,-0.5692130517376878,-0.1200859266698006,Robins' estimator,0.2,0.2,0.5,0.5,3411,0.0,0.0,0.0,wrong,correct,1.5
277,0.3177691456924286,-0.5104147237755247,-0.013754903857179701,Robins' estimator,0.2,0.2,0.5,0.5,3411,0.0,0.0,0.0,wrong,correct,1.5
278,0.2443063716153952,-0.5295686282721206,0.08404235953811821,Robins' estimator,0.2,0.2,0.5,0.5,3411,0.0,0.0,0.0,wrong,correct,1.5
279,0.0014398995531128176,-0.5311434576440495,-0.10308161975788951,Robins' estimator,0.2,0.2,0.5,0.5,3411,0.0,0.0,0.0,wrong,correct,1.5
280,0.06777684285606617,-0.48581557870554204,0.051315032977801565,Robins' estimator,0.2,0.2,0.5,0.5,3411,0.0,0.0,0.0,wrong,correct,1.5
281,0.24539194474550327,-0.47350351008294245,0.3522467715587242,Robins' estimator,0.2,0.2,0.5,0.5,3411,0.0,0.0,0.0,wrong,correct,1.5
282,0.2590126802333028,-0.5521934204341657,-0.09062196096937888,Robins' estimator,0.2,0.2,0.5,0.5,3411,0.0,0.0,0.0,wrong,correct,1.5
283,0.2733578512665625,-0.5226356301143422,-0.1284195208593575,Robins' estimator,0.2,0.2,0.5,0.5,3411,0.0,0.0,0.0,wrong,correct,1.5
284,-0.05824413072931873,-0.512453446175456,-0.12167456642116312,Robins' estimator,0.2,0.2,0.5,0.5,3411,0.0,0.0,0.0,wrong,correct,1.5
285,-0.005860816656299233,-0.5733259767975759,-0.13953977695537095,Robins' estimator,0.2,0.2,0.5,0.5,3411,0.0,0.0,0.0,wrong,correct,1.5
286,0.014668830811788342,-0.5446509668870858,-0.03603736456791665,Robins' estimator,0.2,0.2,0.5,0.5,3411,0.0,0.0,0.0,wrong,correct,1.5
287,0.23458074224605527,-0.5230886061912848,-0.06953303334619988,Robins' estimator,0.2,0.2,0.5,0.5,3411,0.0,0.0,0.0,wrong,correct,1.5
288,-0.48464205736218724,-0.5318697476636597,-0.025083536405763118,Robins' estimator,0.2,0.2,0.5,0.5,3411,0.0,0.0,0.0,wrong,correct,1.5
289,-0.2675148515354171,-0.48487660525939885,0.2442794717103413,Robins' estimator,0.2,0.2,0.5,0.5,3411,0.0,0.0,0.0,wrong,correct,1.5
290,-0.2577808502627145,-0.5299026216284592,-0.31773922176173997,Robins' estimator,0.2,0.2,0.5,0.5,3411,0.0,0.0,0.0,wrong,correct,1.5
291,0.3581928557077672,-0.5277409341656711,0.16562431573088945,Robins' estimator,0.2,0.2,0.5,0.5,3411,0.0,0.0,0.0,wrong,correct,1.5
292,0.38461116983821564,-0.4978812598469131,0.02053564316298564,Robins' estimator,0.2,0.2,0.5,0.5,3411,0.0,0.0,0.0,wrong,correct,1.5
293,-0.15484223278189096,-0.5276695422866753,0.12259044274433828,Robins' estimator,0.2,0.2,0.5,0.5,3411,0.0,0.0,0.0,wrong,correct,1.5
294,0.2432870711925652,-0.5382175758989186,0.0013179130535485271,Robins' estimator,0.2,0.2,0.5,0.5,3411,0.0,0.0,0.0,wrong,correct,1.5
295,0.08161674402996395,-0.49761582628630346,0.03787079866222098,Robins' estimator,0.2,0.2,0.5,0.5,3411,0.0,0.0,0.0,wrong,correct,1.5
296,0.16493648113025208,-0.5290628003995884,-0.025133361706169116,Robins' estimator,0.2,0.2,0.5,0.5,3411,0.0,0.0,0.0,wrong,correct,1.5
297,-0.1148983894575182,-0.5429232036045416,-0.15106702670654476,Robins' estimator,0.2,0.2,0.5,0.5,3411,0.0,0.0,0.0,wrong,correct,1.5
298,0.420897134040249,-0.5084830573935865,0.043635794741066186,Robins' estimator,0.2,0.2,0.5,0.5,3411,0.0,0.0,0.0,wrong,correct,1.5
299,-0.025582316931364982,-0.46498111000192677,-0.18435319385488158,Robins' estimator,0.2,0.2,0.5,0.5,3411,0.0,0.0,0.0,wrong,correct,1.5
300,-0.03810654698154165,-0.537305937080487,0.07852432980936429,Robins' estimator,0.2,0.2,0.5,0.5,3411,0.0,0.0,0.0,wrong,correct,1.5
1,-0.16374511695591187,-0.6049947904072405,0.2785668977684332,GMM estimator,0.2,0.2,0.5,0.5,3411,0.0,0.0,0.0,wrong,correct,1.5
2,-0.11852906343538794,-0.508516384655788,0.2541231595197132,GMM estimator,0.2,0.2,0.5,0.5,3411,0.0,0.0,0.0,wrong,correct,1.5
3,-0.5125806969194435,-0.49245327993042626,-0.025474151830016264,GMM estimator,0.2,0.2,0.5,0.5,3411,0.0,0.0,0.0,wrong,correct,1.5
4,0.28785893792607686,-0.5243222651845276,0.009054118903166776,GMM estimator,0.2,0.2,0.5,0.5,3411,0.0,0.0,0.0,wrong,correct,1.5
5,-0.3454962139320381,-0.5100811699936414,-0.48782808903095376,GMM estimator,0.2,0.2,0.5,0.5,3411,0.0,0.0,0.0,wrong,correct,1.5
6,0.2531298599150651,-0.5272897041152673,0.21635589565449118,GMM estimator,0.2,0.2,0.5,0.5,3411,0.0,0.0,0.0,wrong,correct,1.5
7,0.21886390475532286,-0.5508999481789184,0.004970106912728566,GMM estimator,0.2,0.2,0.5,0.5,3411,0.0,0.0,0.0,wrong,correct,1.5
8,-0.3628615683974534,-0.5480149167601892,0.07942201749803345,GMM estimator,0.2,0.2,0.5,0.5,3411,0.0,0.0,0.0,wrong,correct,1.5
9,-0.21882556133270914,-0.5274396414375077,0.2306130935045101,GMM estimator,0.2,0.2,0.5,0.5,3411,0.0,0.0,0.0,wrong,correct,1.5
10,-0.27915813930591005,-0.5614495211555293,-0.08087563118696324,GMM estimator,0.2,0.2,0.5,0.5,3411,0.0,0.0,0.0,wrong,correct,1.5
11,0.21569809491311415,-0.5282279808571773,0.14704430134985025,GMM estimator,0.2,0.2,0.5,0.5,3411,0.0,0.0,0.0,wrong,correct,1.5
12,-0.005103011104089334,-0.5451064602022754,0.22438060950524782,GMM estimator,0.2,0.2,0.5,0.5,3411,0.0,0.0,0.0,wrong,correct,1.5
13,0.32414926074285044,-0.50950724221441,-0.0049002670852401385,GMM estimator,0.2,0.2,0.5,0.5,3411,0.0,0.0,0.0,wrong,correct,1.5
14,-0.29621671048559794,-0.5777646349968422,-0.09639503858508068,GMM estimator,0.2,0.2,0.5,0.5,3411,0.0,0.0,0.0,wrong,correct,1.5
15,-0.2390548091430642,-0.5571637658051323,0.02686244265009688,GMM estimator,0.2,0.2,0.5,0.5,3411,0.0,0.0,0.0,wrong,correct,1.5
16,-0.2588388915719378,-0.5452246308631262,-0.3890417746404166,GMM estimator,0.2,0.2,0.5,0.5,3411,0.0,0.0,0.0,wrong,correct,1.5
17,0.44320224916845213,-0.47391877317616354,0.14152995757391562,GMM estimator,0.2,0.2,0.5,0.5,3411,0.0,0.0,0.0,wrong,correct,1.5
18,0.07722575828601272,-0.5678760231361959,-0.170901595552959,GMM estimator,0.2,0.2,0.5,0.5,3411,0.0,0.0,0.0,wrong,correct,1.5
19,-0.015179427117330006,-0.5129114628824342,-0.04369173898485359,GMM estimator,0.2,0.2,0.5,0.5,3411,0.0,0.0,0.0,wrong,correct,1.5
20,-0.0481267087107553,-0.4902728317752021,0.26992412561577317,GMM estimator,0.2,0.2,0.5,0.5,3411,0.0,0.0,0.0,wrong,correct,1.5
21,0.049255472888943524,-0.5132540280565241,0.19839212029780035,GMM estimator,0.2,0.2,0.5,0.5,3411,0.0,0.0,0.0,wrong,correct,1.5
22,0.07744037952401975,-0.5201047677422209,0.20687227268344796,GMM estimator,0.2,0.2,0.5,0.5,3411,0.0,0.0,0.0,wrong,correct,1.5
23,-0.10348612380109153,-0.49560028746898566,0.2729358785862584,GMM estimator,0.2,0.2,0.5,0.5,3411,0.0,0.0,0.0,wrong,correct,1.5
24,0.3819414684323471,-0.5487217358994904,-0.14541063072961807,GMM estimator,0.2,0.2,0.5,0.5,3411,0.0,0.0,0.0,wrong,correct,1.5
25,-0.04448614422420401,-0.47841820676657115,-0.28707946604072065,GMM estimator,0.2,0.2,0.5,0.5,3411,0.0,0.0,0.0,wrong,correct,1.5
26,-0.11573203647635162,-0.5296949199846266,-0.24756343834513866,GMM estimator,0.2,0.2,0.5,0.5,3411,0.0,0.0,0.0,wrong,correct,1.5
27,0.04414981663329282,-0.5300744010547971,0.026823208814702956,GMM estimator,0.2,0.2,0.5,0.5,3411,0.0,0.0,0.0,wrong,correct,1.5
28,-0.11873643973480184,-0.5166475560264081,-0.10450361261871897,GMM estimator,0.2,0.2,0.5,0.5,3411,0.0,0.0,0.0,wrong,correct,1.5
29,0.05245191021055143,-0.562123666401004,0.08208460824776426,GMM estimator,0.2,0.2,0.5,0.5,3411,0.0,0.0,0.0,wrong,correct,1.5
30,-0.19987338991913317,-0.512297082254608,0.08585137292890976,GMM estimator,0.2,0.2,0.5,0.5,3411,0.0,0.0,0.0,wrong,correct,1.5
31,0.0890857640243463,-0.48285077975071966,0.36385453972194604,GMM estimator,0.2,0.2,0.5,0.5,3411,0.0,0.0,0.0,wrong,correct,1.5
32,-0.08157369632217235,-0.5756093943082431,-0.06438228389694704,GMM estimator,0.2,0.2,0.5,0.5,3411,0.0,0.0,0.0,wrong,correct,1.5
33,0.07863933318158729,-0.4908497644166737,-0.014053478989807073,GMM estimator,0.2,0.2,0.5,0.5,3411,0.0,0.0,0.0,wrong,correct,1.5
34,0.09988204554339854,-0.5928273705934762,-0.10441212963559111,GMM estimator,0.2,0.2,0.5,0.5,3411,0.0,0.0,0.0,wrong,correct,1.5
35,0.005324461857849478,-0.4932978324643569,-0.08175575835700162,GMM estimator,0.2,0.2,0.5,0.5,3411,0.0,0.0,0.0,wrong,correct,1.5
36,0.12414333786675373,-0.5234147380943072,-0.39283415421065804,GMM estimator,0.2,0.2,0.5,0.5,3411,0.0,0.0,0.0,wrong,correct,1.5
37,-0.1813754803761804,-0.5294710162213628,-0.2387925871453085,GMM estimator,0.2,0.2,0.5,0.5,3411,0.0,0.0,0.0,wrong,correct,1.5
38,-0.19041566223891146,-0.5641804930742549,-0.16413052239997777,GMM estimator,0.2,0.2,0.5,0.5,3411,0.0,0.0,0.0,wrong,correct,1.5
39,-0.3394137565987647,-0.5690520768877355,-0.16704984810804593,GMM estimator,0.2,0.2,0.5,0.5,3411,0.0,0.0,0.0,wrong,correct,1.5
40,0.11478654791811033,-0.47525261134108265,-0.011311949935944176,GMM estimator,0.2,0.2,0.5,0.5,3411,0.0,0.0,0.0,wrong,correct,1.5
41,-0.1506195176347986,-0.5642127061034355,0.29867736644180465,GMM estimator,0.2,0.2,0.5,0.5,3411,0.0,0.0,0.0,wrong,correct,1.5
42,0.3103175941211487,-0.5293553058261643,-0.03795174254004108,GMM estimator,0.2,0.2,0.5,0.5,3411,0.0,0.0,0.0,wrong,correct,1.5
43,-0.2306329032131755,-0.557929706291251,0.03989402493262845,GMM estimator,0.2,0.2,0.5,0.5,3411,0.0,0.0,0.0,wrong,correct,1.5
44,0.39365427922985613,-0.5627889462281374,0.15730962752332503,GMM estimator,0.2,0.2,0.5,0.5,3411,0.0,0.0,0.0,wrong,correct,1.5
45,0.04564360592688417,-0.5315842553752449,-0.054194828925601145,GMM estimator,0.2,0.2,0.5,0.5,3411,0.0,0.0,0.0,wrong,correct,1.5
46,0.02926540233478163,-0.5387425638807986,0.3144598492967336,GMM estimator,0.2,0.2,0.5,0.5,3411,0.0,0.0,0.0,wrong,correct,1.5
47,0.08214779477261003,-0.4956911177926476,0.5528192755978076,GMM estimator,0.2,0.2,0.5,0.5,3411,0.0,0.0,0.0,wrong,correct,1.5
48,0.12167779607138604,-0.4989393204102353,-0.03717085703609782,GMM estimator,0.2,0.2,0.5,0.5,3411,0.0,0.0,0.0,wrong,correct,1.5
49,-0.233978584663626,-0.5239119148991153,0.49777786186506934,GMM estimator,0.2,0.2,0.5,0.5,3411,0.0,0.0,0.0,wrong,correct,1.5
50,-0.32376871032534366,-0.5344988874317195,-0.007152391890780487,GMM estimator,0.2,0.2,0.5,0.5,3411,0.0,0.0,0.0,wrong,correct,1.5
51,0.04892956058816005,-0.5065812593293657,-0.09781791359877108,GMM estimator,0.2,0.2,0.5,0.5,3411,0.0,0.0,0.0,wrong,correct,1.5
52,0.018564792684915704,-0.5100082250658792,-0.14078147955518863,GMM estimator,0.2,0.2,0.5,0.5,3411,0.0,0.0,0.0,wrong,correct,1.5
53,0.17288986516440835,-0.5016003694023506,0.2507834996808213,GMM estimator,0.2,0.2,0.5,0.5,3411,0.0,0.0,0.0,wrong,correct,1.5
54,0.020343242783652803,-0.48961816068799946,0.08895675556347361,GMM estimator,0.2,0.2,0.5,0.5,3411,0.0,0.0,0.0,wrong,correct,1.5
55,-0.24580961821871852,-0.495953078616864,0.007568542905032084,GMM estimator,0.2,0.2,0.5,0.5,3411,0.0,0.0,0.0,wrong,correct,1.5
56,-0.23345477161905487,-0.5020500599389784,-0.22010512660270296,GMM estimator,0.2,0.2,0.5,0.5,3411,0.0,0.0,0.0,wrong,correct,1.5
57,-0.3309587597083529,-0.5830101482624501,-0.3203115661219942,GMM estimator,0.2,0.2,0.5,0.5,3411,0.0,0.0,0.0,wrong,correct,1.5
58,-0.4053574665370328,-0.580120617418506,-0.34098434245037873,GMM estimator,0.2,0.2,0.5,0.5,3411,0.0,0.0,0.0,wrong,correct,1.5
59,0.45793285494215513,-0.49838218836676307,0.25342876663897246,GMM estimator,0.2,0.2,0.5,0.5,3411,0.0,0.0,0.0,wrong,correct,1.5
60,-0.10218751565174981,-0.5057697399316377,0.046665916386665826,GMM estimator,0.2,0.2,0.5,0.5,3411,0.0,0.0,0.0,wrong,correct,1.5
61,0.05235502066564329,-0.530581431467566,-0.046384711633974056,GMM estimator,0.2,0.2,0.5,0.5,3411,0.0,0.0,0.0,wrong,correct,1.5
62,-0.03589294211009844,-0.5213052553638637,0.33281019407313833,GMM estimator,0.2,0.2,0.5,0.5,3411,0.0,0.0,0.0,wrong,correct,1.5
63,-0.24079530122195217,-0.5178795674880072,-0.067210090135759,GMM estimator,0.2,0.2,0.5,0.5,3411,0.0,0.0,0.0,wrong,correct,1.5
64,-0.022408853118853968,-0.49480469950517714,0.05017671342213817,GMM estimator,0.2,0.2,0.5,0.5,3411,0.0,0.0,0.0,wrong,correct,1.5
65,-0.35419767182460765,-0.5487652600938923,0.3900095824156588,GMM estimator,0.2,0.2,0.5,0.5,3411,0.0,0.0,0.0,wrong,correct,1.5
66,0.04976686080437237,-0.4746424312287881,0.10569387286191936,GMM estimator,0.2,0.2,0.5,0.5,3411,0.0,0.0,0.0,wrong,correct,1.5
67,0.278917132093229,-0.5716659946552313,-0.04832170714274667,GMM estimator,0.2,0.2,0.5,0.5,3411,0.0,0.0,0.0,wrong,correct,1.5
68,0.013101772501605312,-0.49883402206592403,-0.18308792377917632,GMM estimator,0.2,0.2,0.5,0.5,3411,0.0,0.0,0.0,wrong,correct,1.5
69,-0.24000694429585728,-0.5479210920649381,0.022473948652681125,GMM estimator,0.2,0.2,0.5,0.5,3411,0.0,0.0,0.0,wrong,correct,1.5
70,-0.07797841901060687,-0.5379835315804634,-0.011644933949817398,GMM estimator,0.2,0.2,0.5,0.5,3411,0.0,0.0,0.0,wrong,correct,1.5
71,-0.20670126876096256,-0.5384328167603581,0.21859433807386153,GMM estimator,0.2,0.2,0.5,0.5,3411,0.0,0.0,0.0,wrong,correct,1.5
72,-0.2712782938220186,-0.5772008616194964,-0.5455351456559521,GMM estimator,0.2,0.2,0.5,0.5,3411,0.0,0.0,0.0,wrong,correct,1.5
73,-0.07771885452306539,-0.5090009933520326,-0.17567114674954465,GMM estimator,0.2,0.2,0.5,0.5,3411,0.0,0.0,0.0,wrong,correct,1.5
74,-0.5328536702878833,-0.5550365410318945,0.14298147549243562,GMM estimator,0.2,0.2,0.5,0.5,3411,0.0,0.0,0.0,wrong,correct,1.5
75,-0.07288458382659518,-0.5295895903558514,0.16339243613894064,GMM estimator,0.2,0.2,0.5,0.5,3411,0.0,0.0,0.0,wrong,correct,1.5
76,0.03817167382794653,-0.5470368010789554,0.015468728553714676,GMM estimator,0.2,0.2,0.5,0.5,3411,0.0,0.0,0.0,wrong,correct,1.5
77,-0.26635637659620687,-0.5240416729687242,-0.40548559843144744,GMM estimator,0.2,0.2,0.5,0.5,3411,0.0,0.0,0.0,wrong,correct,1.5
78,-0.5562308135681451,-0.5616602412357093,-0.5123374963779548,GMM estimator,0.2,0.2,0.5,0.5,3411,0.0,0.0,0.0,wrong,correct,1.5
79,-0.05199368906678014,-0.5506097256856395,0.45463418081046053,GMM estimator,0.2,0.2,0.5,0.5,3411,0.0,0.0,0.0,wrong,correct,1.5
80,0.10186581526784043,-0.5509996663109493,-0.33043178291696235,GMM estimator,0.2,0.2,0.5,0.5,3411,0.0,0.0,0.0,wrong,correct,1.5
81,-0.267638010321079,-0.5505849669726696,-0.31854666380407337,GMM estimator,0.2,0.2,0.5,0.5,3411,0.0,0.0,0.0,wrong,correct,1.5
82,0.17837284005525184,-0.47522363630937137,0.1148015852805768,GMM estimator,0.2,0.2,0.5,0.5,3411,0.0,0.0,0.0,wrong,correct,1.5
83,-0.09748403912605563,-0.5233089919951255,0.0014518777106990988,GMM estimator,0.2,0.2,0.5,0.5,3411,0.0,0.0,0.0,wrong,correct,1.5
84,-0.22536060546005138,-0.5471628031140164,0.06630323835516777,GMM estimator,0.2,0.2,0.5,0.5,3411,0.0,0.0,0.0,wrong,correct,1.5
85,-0.3090891319784154,-0.548136773188146,-0.36077609735639504,GMM estimator,0.2,0.2,0.5,0.5,3411,0.0,0.0,0.0,wrong,correct,1.5
86,-0.22518978003249215,-0.524756798141149,-0.29469389744618196,GMM estimator,0.2,0.2,0.5,0.5,3411,0.0,0.0,0.0,wrong,correct,1.5
87,-0.11533304719947038,-0.590476348381094,0.1082098502253022,GMM estimator,0.2,0.2,0.5,0.5,3411,0.0,0.0,0.0,wrong,correct,1.5
88,0.24937675969754772,-0.5083676331341939,0.08732509732111099,GMM estimator,0.2,0.2,0.5,0.5,3411,0.0,0.0,0.0,wrong,correct,1.5
89,-0.03130093546784859,-0.5581208610936462,0.20308817855851183,GMM estimator,0.2,0.2,0.5,0.5,3411,0.0,0.0,0.0,wrong,correct,1.5
90,0.03646310980111561,-0.5659991444019364,0.2356410400013676,GMM estimator,0.2,0.2,0.5,0.5,3411,0.0,0.0,0.0,wrong,correct,1.5
91,-0.0073003448249500365,-0.5130226143252852,-0.05785526203879825,GMM estimator,0.2,0.2,0.5,0.5,3411,0.0,0.0,0.0,wrong,correct,1.5
92,-0.5902597352953937,-0.5246175126278461,-0.3348248006329435,GMM estimator,0.2,0.2,0.5,0.5,3411,0.0,0.0,0.0,wrong,correct,1.5
93,-0.03836315235379498,-0.4948403521047361,-0.34276866786518356,GMM estimator,0.2,0.2,0.5,0.5,3411,0.0,0.0,0.0,wrong,correct,1.5
94,-0.4670530970681716,-0.5562400244273702,0.04088165707033112,GMM estimator,0.2,0.2,0.5,0.5,3411,0.0,0.0,0.0,wrong,correct,1.5
95,-0.1298971037852347,-0.5179540159178333,0.20105661997439309,GMM estimator,0.2,0.2,0.5,0.5,3411,0.0,0.0,0.0,wrong,correct,1.5
96,-0.10795507411515189,-0.5670441295606918,-0.1524738661952244,GMM estimator,0.2,0.2,0.5,0.5,3411,0.0,0.0,0.0,wrong,correct,1.5
97,-0.3245321818008283,-0.5414893485705095,0.03704052747010621,GMM estimator,0.2,0.2,0.5,0.5,3411,0.0,0.0,0.0,wrong,correct,1.5
98,0.12030650168439036,-0.4806224935044389,-0.15838586988507664,GMM estimator,0.2,0.2,0.5,0.5,3411,0.0,0.0,0.0,wrong,correct,1.5
99,-0.32490581714377365,-0.5387866316746752,0.41905529445625167,GMM estimator,0.2,0.2,0.5,0.5,3411,0.0,0.0,0.0,wrong,correct,1.5
100,-0.0627980544249275,-0.5203683459543238,-0.049399004352559096,GMM estimator,0.2,0.2,0.5,0.5,3411,0.0,0.0,0.0,wrong,correct,1.5
101,-0.012287402122959656,-0.5567460551194954,-0.07227832027281364,GMM estimator,0.2,0.2,0.5,0.5,3411,0.0,0.0,0.0,wrong,correct,1.5
102,0.14516464602097728,-0.5469720748759294,-0.14812546836843987,GMM estimator,0.2,0.2,0.5,0.5,3411,0.0,0.0,0.0,wrong,correct,1.5
103,-0.019818582434600596,-0.5416484127566159,0.14735379302834958,GMM estimator,0.2,0.2,0.5,0.5,3411,0.0,0.0,0.0,wrong,correct,1.5
104,-0.574715425308267,-0.49991141871490924,0.07105275771605199,GMM estimator,0.2,0.2,0.5,0.5,3411,0.0,0.0,0.0,wrong,correct,1.5
105,-0.2289398650685406,-0.5493753514124522,-0.5402842536874809,GMM estimator,0.2,0.2,0.5,0.5,3411,0.0,0.0,0.0,wrong,correct,1.5
106,-0.3105852681630877,-0.5778964032274189,-0.340081870482577,GMM estimator,0.2,0.2,0.5,0.5,3411,0.0,0.0,0.0,wrong,correct,1.5
107,-0.5766938520857194,-0.5679260750572488,0.3519070355651488,GMM estimator,0.2,0.2,0.5,0.5,3411,0.0,0.0,0.0,wrong,correct,1.5
108,-0.16562283237272704,-0.5204965286627737,0.4447127330159458,GMM estimator,0.2,0.2,0.5,0.5,3411,0.0,0.0,0.0,wrong,correct,1.5
109,0.010560320671264703,-0.5120404345734918,0.191733237694702,GMM estimator,0.2,0.2,0.5,0.5,3411,0.0,0.0,0.0,wrong,correct,1.5
110,0.33268783406478997,-0.5686625030387455,0.22288711188254035,GMM estimator,0.2,0.2,0.5,0.5,3411,0.0,0.0,0.0,wrong,correct,1.5
111,0.14042225498099065,-0.5098617615283237,-0.032916747211179244,GMM estimator,0.2,0.2,0.5,0.5,3411,0.0,0.0,0.0,wrong,correct,1.5
112,-0.12412531944293143,-0.5357100163742538,-0.02727737820483898,GMM estimator,0.2,0.2,0.5,0.5,3411,0.0,0.0,0.0,wrong,correct,1.5
113,-0.42077833464963244,-0.5186221955003394,0.09269912877951894,GMM estimator,0.2,0.2,0.5,0.5,3411,0.0,0.0,0.0,wrong,correct,1.5
114,0.2965529108927541,-0.5336356051443433,-0.20295375734097884,GMM estimator,0.2,0.2,0.5,0.5,3411,0.0,0.0,0.0,wrong,correct,1.5
115,0.17157846468232638,-0.5385562494353777,-0.05318866272744262,GMM estimator,0.2,0.2,0.5,0.5,3411,0.0,0.0,0.0,wrong,correct,1.5
116,-0.03609010028567916,-0.5138423462443841,-0.1531489130018539,GMM estimator,0.2,0.2,0.5,0.5,3411,0.0,0.0,0.0,wrong,correct,1.5
117,-0.59352814491383,-0.6091920918572591,-0.10199375299838986,GMM estimator,0.2,0.2,0.5,0.5,3411,0.0,0.0,0.0,wrong,correct,1.5
118,-0.1955181816124154,-0.5709391313290734,-0.24376782501424332,GMM estimator,0.2,0.2,0.5,0.5,3411,0.0,0.0,0.0,wrong,correct,1.5
119,-0.06055660360989162,-0.5318730481568739,-0.02659238813299797,GMM estimator,0.2,0.2,0.5,0.5,3411,0.0,0.0,0.0,wrong,correct,1.5
120,-0.29832157402829207,-0.5234630348928246,0.17377279422009306,GMM estimator,0.2,0.2,0.5,0.5,3411,0.0,0.0,0.0,wrong,correct,1.5
121,-0.0419714022986137,-0.49278740614256106,0.2593869719798678,GMM estimator,0.2,0.2,0.5,0.5,3411,0.0,0.0,0.0,wrong,correct,1.5
122,0.5200977560891922,-0.5305358755813511,5.532458085480652e-05,GMM estimator,0.2,0.2,0.5,0.5,3411,0.0,0.0,0.0,wrong,correct,1.5
123,0.27239447047656296,-0.48539866941156434,0.1576783797643859,GMM estimator,0.2,0.2,0.5,0.5,3411,0.0,0.0,0.0,wrong,correct,1.5
124,-0.04771397858744197,-0.5475621932490999,-0.3185700186128182,GMM estimator,0.2,0.2,0.5,0.5,3411,0.0,0.0,0.0,wrong,correct,1.5
125,-0.15579037897371814,-0.5002351369596487,0.24462121294325606,GMM estimator,0.2,0.2,0.5,0.5,3411,0.0,0.0,0.0,wrong,correct,1.5
126,-0.14745086855484438,-0.5365731391888516,-0.006175549807334422,GMM estimator,0.2,0.2,0.5,0.5,3411,0.0,0.0,0.0,wrong,correct,1.5
127,0.0013704940065415341,-0.5165899003738149,0.18017055953071925,GMM estimator,0.2,0.2,0.5,0.5,3411,0.0,0.0,0.0,wrong,correct,1.5
128,0.2427761948071963,-0.5460573960845587,0.3356211205887819,GMM estimator,0.2,0.2,0.5,0.5,3411,0.0,0.0,0.0,wrong,correct,1.5
129,-0.08515255068136021,-0.5248502534788894,0.3155086869866787,GMM estimator,0.2,0.2,0.5,0.5,3411,0.0,0.0,0.0,wrong,correct,1.5
130,-0.18400486430902238,-0.5867909159687956,-0.196118440016791,GMM estimator,0.2,0.2,0.5,0.5,3411,0.0,0.0,0.0,wrong,correct,1.5
131,-0.06458191016089909,-0.527183555677798,-0.030367327668396026,GMM estimator,0.2,0.2,0.5,0.5,3411,0.0,0.0,0.0,wrong,correct,1.5
132,-0.46488762164000874,-0.5502199320711536,0.020265148028326886,GMM estimator,0.2,0.2,0.5,0.5,3411,0.0,0.0,0.0,wrong,correct,1.5
133,-0.10528470433806512,-0.5560327447219319,0.04915700516753927,GMM estimator,0.2,0.2,0.5,0.5,3411,0.0,0.0,0.0,wrong,correct,1.5
134,-0.017685162073005998,-0.5504100156198829,0.11518214192736141,GMM estimator,0.2,0.2,0.5,0.5,3411,0.0,0.0,0.0,wrong,correct,1.5
135,0.1655627894450951,-0.5404875292785734,-0.1741653842755467,GMM estimator,0.2,0.2,0.5,0.5,3411,0.0,0.0,0.0,wrong,correct,1.5
136,-0.2347979420613113,-0.540739199333245,-0.10718164356982618,GMM estimator,0.2,0.2,0.5,0.5,3411,0.0,0.0,0.0,wrong,correct,1.5
137,-0.0736476302197664,-0.5069409950375667,-0.07281032135867757,GMM estimator,0.2,0.2,0.5,0.5,3411,0.0,0.0,0.0,wrong,correct,1.5
138,0.37182215585930334,-0.526947469762066,0.07461896875870874,GMM estimator,0.2,0.2,0.5,0.5,3411,0.0,0.0,0.0,wrong,correct,1.5
139,-0.20418586776065836,-0.5389897029100696,-0.18619978103955676,GMM estimator,0.2,0.2,0.5,0.5,3411,0.0,0.0,0.0,wrong,correct,1.5
140,0.30665916900682794,-0.5145885679506298,0.17284426361400498,GMM estimator,0.2,0.2,0.5,0.5,3411,0.0,0.0,0.0,wrong,correct,1.5
141,-0.012165422518426653,-0.5464563042658092,0.05290131445138381,GMM estimator,0.2,0.2,0.5,0.5,3411,0.0,0.0,0.0,wrong,correct,1.5
142,0.09410066498549925,-0.5568988766419336,0.20898129264100118,GMM estimator,0.2,0.2,0.5,0.5,3411,0.0,0.0,0.0,wrong,correct,1.5
143,0.19117284941228513,-0.4952637405718281,0.04861113807008691,GMM estimator,0.2,0.2,0.5,0.5,3411,0.0,0.0,0.0,wrong,correct,1.5
144,0.273616906833573,-0.48557080007033515,0.11211378853177593,GMM estimator,0.2,0.2,0.5,0.5,3411,0.0,0.0,0.0,wrong,correct,1.5
145,0.19042317025994843,-0.5222194232669258,0.5613992869628451,GMM estimator,0.2,0.2,0.5,0.5,3411,0.0,0.0,0.0,wrong,correct,1.5
146,-0.1637045162225991,-0.5438768791912573,-0.18879866906998868,GMM estimator,0.2,0.2,0.5,0.5,3411,0.0,0.0,0.0,wrong,correct,1.5
147,-0.013557445157548698,-0.5272426170873395,-0.028676673852072714,GMM estimator,0.2,0.2,0.5,0.5,3411,0.0,0.0,0.0,wrong,correct,1.5
148,0.16359317903811904,-0.5270234372167203,-0.0434451941283556,GMM estimator,0.2,0.2,0.5,0.5,3411,0.0,0.0,0.0,wrong,correct,1.5
149,-0.16759674274187747,-0.547226261273046,0.07427812157988235,GMM estimator,0.2,0.2,0.5,0.5,3411,0.0,0.0,0.0,wrong,correct,1.5
150,0.12273855793499999,-0.5381477171558986,-0.12195825592682655,GMM estimator,0.2,0.2,0.5,0.5,3411,0.0,0.0,0.0,wrong,correct,1.5
151,0.00023515420137243818,-0.5469877059391579,-0.25018883186409213,GMM estimator,0.2,0.2,0.5,0.5,3411,0.0,0.0,0.0,wrong,correct,1.5
152,0.09999984960211437,-0.548042156353528,0.14728771841693114,GMM estimator,0.2,0.2,0.5,0.5,3411,0.0,0.0,0.0,wrong,correct,1.5
153,0.1623528980447936,-0.5273793083039519,0.2661826435766927,GMM estimator,0.2,0.2,0.5,0.5,3411,0.0,0.0,0.0,wrong,correct,1.5
154,-0.0010325291399989659,-0.46022544165079865,0.04471473020459403,GMM estimator,0.2,0.2,0.5,0.5,3411,0.0,0.0,0.0,wrong,correct,1.5
155,0.054340220645917495,-0.501090553949596,-0.3162381425643198,GMM estimator,0.2,0.2,0.5,0.5,3411,0.0,0.0,0.0,wrong,correct,1.5
156,0.37010417703854465,-0.5446896737369914,0.3113887773364206,GMM estimator,0.2,0.2,0.5,0.5,3411,0.0,0.0,0.0,wrong,correct,1.5
157,-0.07831062562230111,-0.5146706424761253,-0.4260010389115887,GMM estimator,0.2,0.2,0.5,0.5,3411,0.0,0.0,0.0,wrong,correct,1.5
158,0.20850174955827125,-0.5017816609142569,0.054260357395290525,GMM estimator,0.2,0.2,0.5,0.5,3411,0.0,0.0,0.0,wrong,correct,1.5
159,-0.01345735464305405,-0.43764927222097694,0.25216447699122635,GMM estimator,0.2,0.2,0.5,0.5,3411,0.0,0.0,0.0,wrong,correct,1.5
160,0.15072661685099492,-0.5400868557123863,0.35806373178987094,GMM estimator,0.2,0.2,0.5,0.5,3411,0.0,0.0,0.0,wrong,correct,1.5
161,-0.011961129517918018,-0.5038114948547608,-0.22774169016859644,GMM estimator,0.2,0.2,0.5,0.5,3411,0.0,0.0,0.0,wrong,correct,1.5
162,0.2634434598972782,-0.46421604613105716,-0.2543913161725434,GMM estimator,0.2,0.2,0.5,0.5,3411,0.0,0.0,0.0,wrong,correct,1.5
163,0.043148591194482014,-0.4937939702615027,-0.026401938261792494,GMM estimator,0.2,0.2,0.5,0.5,3411,0.0,0.0,0.0,wrong,correct,1.5
164,-0.5084488435285739,-0.4968074341831392,-0.6624204428611502,GMM estimator,0.2,0.2,0.5,0.5,3411,0.0,0.0,0.0,wrong,correct,1.5
165,-0.1101627927766769,-0.49883818698994814,-0.04112520616417522,GMM estimator,0.2,0.2,0.5,0.5,3411,0.0,0.0,0.0,wrong,correct,1.5
166,0.07082362582582129,-0.5700596989267043,0.2049319853087428,GMM estimator,0.2,0.2,0.5,0.5,3411,0.0,0.0,0.0,wrong,correct,1.5
167,-0.21117045558327174,-0.4935851862039044,-0.2258912089647063,GMM estimator,0.2,0.2,0.5,0.5,3411,0.0,0.0,0.0,wrong,correct,1.5
168,0.013574022568844008,-0.5696647555080998,-0.42998662771606566,GMM estimator,0.2,0.2,0.5,0.5,3411,0.0,0.0,0.0,wrong,correct,1.5
169,-0.1680124045371064,-0.4651408673918956,-0.19475307845941447,GMM estimator,0.2,0.2,0.5,0.5,3411,0.0,0.0,0.0,wrong,correct,1.5
170,0.06863564808825513,-0.5429605336074876,-0.02884915898427459,GMM estimator,0.2,0.2,0.5,0.5,3411,0.0,0.0,0.0,wrong,correct,1.5
171,-0.3188183862703604,-0.5282175450450153,-0.37955166870203705,GMM estimator,0.2,0.2,0.5,0.5,3411,0.0,0.0,0.0,wrong,correct,1.5
172,-0.1792150228901725,-0.5108509216125965,-0.14203811345645467,GMM estimator,0.2,0.2,0.5,0.5,3411,0.0,0.0,0.0,wrong,correct,1.5
173,-0.05671435832265448,-0.5486522398958766,0.08006612481806144,GMM estimator,0.2,0.2,0.5,0.5,3411,0.0,0.0,0.0,wrong,correct,1.5
174,0.13364374494253256,-0.5001558179706986,0.14745426707794268,GMM estimator,0.2,0.2,0.5,0.5,3411,0.0,0.0,0.0,wrong,correct,1.5
175,0.29720790772463945,-0.5349343918998555,-0.12492932126746235,GMM estimator,0.2,0.2,0.5,0.5,3411,0.0,0.0,0.0,wrong,correct,1.5
176,-0.28137963566489194,-0.5306870696161806,-0.0926609469284436,GMM estimator,0.2,0.2,0.5,0.5,3411,0.0,0.0,0.0,wrong,correct,1.5
177,0.1377718225623804,-0.5383204556737244,-0.22202109226253497,GMM estimator,0.2,0.2,0.5,0.5,3411,0.0,0.0,0.0,wrong,correct,1.5
178,0.02520757088464195,-0.5312665567270323,0.38000149852521176,GMM estimator,0.2,0.2,0.5,0.5,3411,0.0,0.0,0.0,wrong,correct,1.5
179,-0.17635893707929895,-0.5304034976842495,0.15758268816110965,GMM estimator,0.2,0.2,0.5,0.5,3411,0.0,0.0,0.0,wrong,correct,1.5
180,0.22120581117388763,-0.5042203415265373,-0.23641083898136123,GMM estimator,0.2,0.2,0.5,0.5,3411,0.0,0.0,0.0,wrong,correct,1.5
181,0.09593658861957781,-0.515003316795328,0.30129562797857684,GMM estimator,0.2,0.2,0.5,0.5,3411,0.0,0.0,0.0,wrong,correct,1.5
182,0.181769112849682,-0.5303927133089786,0.02053837744814544,GMM estimator,0.2,0.2,0.5,0.5,3411,0.0,0.0,0.0,wrong,correct,1.5
183,0.3187690053571535,-0.49519417631397056,0.16460691555215967,GMM estimator,0.2,0.2,0.5,0.5,3411,0.0,0.0,0.0,wrong,correct,1.5
184,0.006525323446001095,-0.49068270392294194,-0.1166753896005667,GMM estimator,0.2,0.2,0.5,0.5,3411,0.0,0.0,0.0,wrong,correct,1.5
185,-0.0463245120283284,-0.5251549280612104,-0.18290521137391713,GMM estimator,0.2,0.2,0.5,0.5,3411,0.0,0.0,0.0,wrong,correct,1.5
186,0.13190580891321707,-0.5008833265833268,0.16659288425774849,GMM estimator,0.2,0.2,0.5,0.5,3411,0.0,0.0,0.0,wrong,correct,1.5
187,0.09850606016171808,-0.5081910238157185,-0.05334909153391383,GMM estimator,0.2,0.2,0.5,0.5,3411,0.0,0.0,0.0,wrong,correct,1.5
188,-0.05581318214030487,-0.5176357699136186,-0.4094748970236509,GMM estimator,0.2,0.2,0.5,0.5,3411,0.0,0.0,0.0,wrong,correct,1.5
189,0.2907818010644097,-0.528547984414036,0.23754969925276107,GMM estimator,0.2,0.2,0.5,0.5,3411,0.0,0.0,0.0,wrong,correct,1.5
190,0.08230506479512037,-0.48228345979092496,0.1799729024128111,GMM estimator,0.2,0.2,0.5,0.5,3411,0.0,0.0,0.0,wrong,correct,1.5
191,-0.2960079215343423,-0.5423979947587578,0.09548125018268272,GMM estimator,0.2,0.2,0.5,0.5,3411,0.0,0.0,0.0,wrong,correct,1.5
192,-0.08608051032139878,-0.4937306341888712,0.08162262199122976,GMM estimator,0.2,0.2,0.5,0.5,3411,0.0,0.0,0.0,wrong,correct,1.5
193,-0.33720335456110995,-0.48594288839427235,0.0438580368283524,GMM estimator,0.2,0.2,0.5,0.5,3411,0.0,0.0,0.0,wrong,correct,1.5
194,0.3998935514189512,-0.5212785178565774,0.20979776000142142,GMM estimator,0.2,0.2,0.5,0.5,3411,0.0,0.0,0.0,wrong,correct,1.5
195,-0.5354573788116369,-0.5639425680881339,-0.024215011255066057,GMM estimator,0.2,0.2,0.5,0.5,3411,0.0,0.0,0.0,wrong,correct,1.5
196,-0.1986758047717815,-0.5615753953814577,0.014818418520115307,GMM estimator,0.2,0.2,0.5,0.5,3411,0.0,0.0,0.0,wrong,correct,1.5
197,-0.07365166800887826,-0.5374929778065021,0.21547541999377748,GMM estimator,0.2,0.2,0.5,0.5,3411,0.0,0.0,0.0,wrong,correct,1.5
198,0.12041086643517018,-0.5366917350103187,-0.27433188062077946,GMM estimator,0.2,0.2,0.5,0.5,3411,0.0,0.0,0.0,wrong,correct,1.5
199,0.32583497894410673,-0.5042079218520398,0.2283933016862988,GMM estimator,0.2,0.2,0.5,0.5,3411,0.0,0.0,0.0,wrong,correct,1.5
200,-0.04430538298629631,-0.4866332990574316,0.06575699518877727,GMM estimator,0.2,0.2,0.5,0.5,3411,0.0,0.0,0.0,wrong,correct,1.5
201,0.07607202401139444,-0.5426177671462004,0.17659055807785332,GMM estimator,0.2,0.2,0.5,0.5,3411,0.0,0.0,0.0,wrong,correct,1.5
202,-0.04865417422529857,-0.5198719033452601,-0.06562486519902723,GMM estimator,0.2,0.2,0.5,0.5,3411,0.0,0.0,0.0,wrong,correct,1.5
203,0.2567584656103979,-0.5387782855350196,0.08498630305683211,GMM estimator,0.2,0.2,0.5,0.5,3411,0.0,0.0,0.0,wrong,correct,1.5
204,0.1826886454740791,-0.5392669627670551,0.24676206586621524,GMM estimator,0.2,0.2,0.5,0.5,3411,0.0,0.0,0.0,wrong,correct,1.5
205,0.09892713969338483,-0.4893970457411889,0.21038146795049015,GMM estimator,0.2,0.2,0.5,0.5,3411,0.0,0.0,0.0,wrong,correct,1.5
206,0.12429415234671552,-0.5249489437763039,0.09916473973481037,GMM estimator,0.2,0.2,0.5,0.5,3411,0.0,0.0,0.0,wrong,correct,1.5
207,0.13163251923136257,-0.4933720699732548,0.13839067326233898,GMM estimator,0.2,0.2,0.5,0.5,3411,0.0,0.0,0.0,wrong,correct,1.5
208,-0.32074942578162685,-0.5401049590867079,0.14483970995394166,GMM estimator,0.2,0.2,0.5,0.5,3411,0.0,0.0,0.0,wrong,correct,1.5
209,-0.06546681809908336,-0.5000236976536727,0.05027407973502635,GMM estimator,0.2,0.2,0.5,0.5,3411,0.0,0.0,0.0,wrong,correct,1.5
210,0.07939850002330552,-0.5200679747372402,0.48691834037422355,GMM estimator,0.2,0.2,0.5,0.5,3411,0.0,0.0,0.0,wrong,correct,1.5
211,0.3179398343974979,-0.48339219001391764,0.19486382002957278,GMM estimator,0.2,0.2,0.5,0.5,3411,0.0,0.0,0.0,wrong,correct,1.5
212,0.24511207966557963,-0.5234333208040374,-0.06933651318476523,GMM estimator,0.2,0.2,0.5,0.5,3411,0.0,0.0,0.0,wrong,correct,1.5
213,0.07315343722215503,-0.5620251125306546,-0.1327636683382682,GMM estimator,0.2,0.2,0.5,0.5,3411,0.0,0.0,0.0,wrong,correct,1.5
214,-0.2893115560399366,-0.5373726794906297,0.21211008391246175,GMM estimator,0.2,0.2,0.5,0.5,3411,0.0,0.0,0.0,wrong,correct,1.5
215,-0.12282316898375614,-0.5540501382040454,0.09335200067509933,GMM estimator,0.2,0.2,0.5,0.5,3411,0.0,0.0,0.0,wrong,correct,1.5
216,0.2901400542325361,-0.5227912943130761,0.29927294756950146,GMM estimator,0.2,0.2,0.5,0.5,3411,0.0,0.0,0.0,wrong,correct,1.5
217,0.35287066342301254,-0.4837581058674239,0.09282142215302064,GMM estimator,0.2,0.2,0.5,0.5,3411,0.0,0.0,0.0,wrong,correct,1.5
218,-0.1437077028219602,-0.5595651661501558,0.09305708015586486,GMM estimator,0.2,0.2,0.5,0.5,3411,0.0,0.0,0.0,wrong,correct,1.5
219,-0.122083978308817,-0.5483088850727533,0.16795123981350238,GMM estimator,0.2,0.2,0.5,0.5,3411,0.0,0.0,0.0,wrong,correct,1.5
220,0.19361144029792826,-0.52952581720256,-0.008023401557045265,GMM estimator,0.2,0.2,0.5,0.5,3411,0.0,0.0,0.0,wrong,correct,1.5
221,0.06942243023357726,-0.537603603533728,-0.22605361728870474,GMM estimator,0.2,0.2,0.5,0.5,3411,0.0,0.0,0.0,wrong,correct,1.5
222,0.010818377913993116,-0.5073109968230328,0.011983511438503102,GMM estimator,0.2,0.2,0.5,0.5,3411,0.0,0.0,0.0,wrong,correct,1.5
223,0.06310385332089709,-0.5016892589049902,0.7244037064311796,GMM estimator,0.2,0.2,0.5,0.5,3411,0.0,0.0,0.0,wrong,correct,1.5
224,-0.268507513485374,-0.5814508675896041,-0.2622659464127678,GMM estimator,0.2,0.2,0.5,0.5,3411,0.0,0.0,0.0,wrong,correct,1.5
225,-0.1915653439041744,-0.5424545671015478,0.008548064456352903,GMM estimator,0.2,0.2,0.5,0.5,3411,0.0,0.0,0.0,wrong,correct,1.5
226,0.1956527976512807,-0.5004073030447042,0.10694613756118265,GMM estimator,0.2,0.2,0.5,0.5,3411,0.0,0.0,0.0,wrong,correct,1.5
227,0.3343341835780374,-0.5480738534175444,0.3471821720645047,GMM estimator,0.2,0.2,0.5,0.5,3411,0.0,0.0,0.0,wrong,correct,1.5
228,0.14741042329696463,-0.5248494389782619,0.20461514754936627,GMM estimator,0.2,0.2,0.5,0.5,3411,0.0,0.0,0.0,wrong,correct,1.5
229,-0.07892856116163141,-0.5550159624490034,-0.06961786506326458,GMM estimator,0.2,0.2,0.5,0.5,3411,0.0,0.0,0.0,wrong,correct,1.5
230,-0.2820203742003713,-0.5021855048082476,-0.2817907370101895,GMM estimator,0.2,0.2,0.5,0.5,3411,0.0,0.0,0.0,wrong,correct,1.5
231,0.27731861794103657,-0.5127556215722349,0.16563078657750913,GMM estimator,0.2,0.2,0.5,0.5,3411,0.0,0.0,0.0,wrong,correct,1.5
232,-0.1860877487421512,-0.5543286201685084,-0.10497975252817697,GMM estimator,0.2,0.2,0.5,0.5,3411,0.0,0.0,0.0,wrong,correct,1.5
233,-0.29188024285174274,-0.5366070882104029,0.2609295986677651,GMM estimator,0.2,0.2,0.5,0.5,3411,0.0,0.0,0.0,wrong,correct,1.5
234,-0.02842010539602745,-0.5371012642779418,0.13195322673200544,GMM estimator,0.2,0.2,0.5,0.5,3411,0.0,0.0,0.0,wrong,correct,1.5
235,-0.25351909573748993,-0.5165785202905187,0.026684857633041775,GMM estimator,0.2,0.2,0.5,0.5,3411,0.0,0.0,0.0,wrong,correct,1.5
236,-0.28901691260912965,-0.5214938270053664,0.13774441748201857,GMM estimator,0.2,0.2,0.5,0.5,3411,0.0,0.0,0.0,wrong,correct,1.5
237,-0.10372752610973121,-0.5308407510702218,0.16597812892395594,GMM estimator,0.2,0.2,0.5,0.5,3411,0.0,0.0,0.0,wrong,correct,1.5
238,0.18419179848648012,-0.4975190848379288,0.005118506094995435,GMM estimator,0.2,0.2,0.5,0.5,3411,0.0,0.0,0.0,wrong,correct,1.5
239,-0.26105399580094935,-0.571653050417018,-0.16455737746548393,GMM estimator,0.2,0.2,0.5,0.5,3411,0.0,0.0,0.0,wrong,correct,1.5
240,0.034724318505399705,-0.520171455450767,0.017036957037037673,GMM estimator,0.2,0.2,0.5,0.5,3411,0.0,0.0,0.0,wrong,correct,1.5
241,-0.11191226618589518,-0.45730776641371207,0.14705798663788006,GMM estimator,0.2,0.2,0.5,0.5,3411,0.0,0.0,0.0,wrong,correct,1.5
242,0.25775864077886035,-0.4780001216631616,-0.0030514001883758003,GMM estimator,0.2,0.2,0.5,0.5,3411,0.0,0.0,0.0,wrong,correct,1.5
243,-0.005093559826889666,-0.507274719170299,-0.05683834871765312,GMM estimator,0.2,0.2,0.5,0.5,3411,0.0,0.0,0.0,wrong,correct,1.5
244,0.0994262655532417,-0.5216781499377716,0.2822584511975236,GMM estimator,0.2,0.2,0.5,0.5,3411,0.0,0.0,0.0,wrong,correct,1.5
245,0.08478528096367927,-0.5316015545936774,0.0013177596145930459,GMM estimator,0.2,0.2,0.5,0.5,3411,0.0,0.0,0.0,wrong,correct,1.5
246,-0.5433526410984663,-0.5615657656005573,-0.19048025728314547,GMM estimator,0.2,0.2,0.5,0.5,3411,0.0,0.0,0.0,wrong,correct,1.5
247,-0.07290378070318232,-0.5429187404233811,-0.2588356493918192,GMM estimator,0.2,0.2,0.5,0.5,3411,0.0,0.0,0.0,wrong,correct,1.5
248,0.1519961616487011,-0.5452555407493448,-0.3042201716633376,GMM estimator,0.2,0.2,0.5,0.5,3411,0.0,0.0,0.0,wrong,correct,1.5
249,0.10179772325383842,-0.4869385297450032,-0.004351644098002775,GMM estimator,0.2,0.2,0.5,0.5,3411,0.0,0.0,0.0,wrong,correct,1.5
250,-0.062092866024450626,-0.5068201605454313,-0.18299951944559031,GMM estimator,0.2,0.2,0.5,0.5,3411,0.0,0.0,0.0,wrong,correct,1.5
251,-0.1356933791239111,-0.5052850407636219,-0.12220111475925509,GMM estimator,0.2,0.2,0.5,0.5,3411,0.0,0.0,0.0,wrong,correct,1.5
252,0.14529296991250068,-0.4902992291214232,-0.037203498709882266,GMM estimator,0.2,0.2,0.5,0.5,3411,0.0,0.0,0.0,wrong,correct,1.5
253,-0.1733576066790727,-0.4955463411561547,0.1021995824175511,GMM estimator,0.2,0.2,0.5,0.5,3411,0.0,0.0,0.0,wrong,correct,1.5
254,0.06264508956521887,-0.5359579458761528,-0.5452126684950405,GMM estimator,0.2,0.2,0.5,0.5,3411,0.0,0.0,0.0,wrong,correct,1.5
255,-0.02310161882530956,-0.5573564382437972,-0.19507667907555654,GMM estimator,0.2,0.2,0.5,0.5,3411,0.0,0.0,0.0,wrong,correct,1.5
256,-0.24214264826313187,-0.5519131438866943,-0.5520969781056742,GMM estimator,0.2,0.2,0.5,0.5,3411,0.0,0.0,0.0,wrong,correct,1.5
257,-0.05266532482873097,-0.49702029602454617,0.23100978174958145,GMM estimator,0.2,0.2,0.5,0.5,3411,0.0,0.0,0.0,wrong,correct,1.5
258,-0.42579393957068085,-0.5190395656468542,0.10034581417860672,GMM estimator,0.2,0.2,0.5,0.5,3411,0.0,0.0,0.0,wrong,correct,1.5
259,-0.09193779618341885,-0.5762241147705336,-0.11511279687580504,GMM estimator,0.2,0.2,0.5,0.5,3411,0.0,0.0,0.0,wrong,correct,1.5
260,-0.12000802044833248,-0.5439938185623534,-0.3248101850865052,GMM estimator,0.2,0.2,0.5,0.5,3411,0.0,0.0,0.0,wrong,correct,1.5
261,0.06291424410929933,-0.5139282184695818,0.07983628978495652,GMM estimator,0.2,0.2,0.5,0.5,3411,0.0,0.0,0.0,wrong,correct,1.5
262,-0.15979343652523756,-0.4734649009462807,0.13985337322651817,GMM estimator,0.2,0.2,0.5,0.5,3411,0.0,0.0,0.0,wrong,correct,1.5
263,-0.18219191116080366,-0.566549864143405,-0.031497771329768595,GMM estimator,0.2,0.2,0.5,0.5,3411,0.0,0.0,0.0,wrong,correct,1.5
264,0.14538785383627736,-0.4718436953448643,-0.0658999002593294,GMM estimator,0.2,0.2,0.5,0.5,3411,0.0,0.0,0.0,wrong,correct,1.5
265,-0.048332279713462885,-0.4971691630586621,-0.10567847730105631,GMM estimator,0.2,0.2,0.5,0.5,3411,0.0,0.0,0.0,wrong,correct,1.5
266,-0.11062482048859991,-0.526424560941461,-0.21252535539072015,GMM estimator,0.2,0.2,0.5,0.5,3411,0.0,0.0,0.0,wrong,correct,1.5
267,-0.18534563829628473,-0.5226116654364479,-0.055622639438859214,GMM estimator,0.2,0.2,0.5,0.5,3411,0.0,0.0,0.0,wrong,correct,1.5
268,-0.2250165039934502,-0.496157431929264,0.050254720501933005,GMM estimator,0.2,0.2,0.5,0.5,3411,0.0,0.0,0.0,wrong,correct,1.5
269,-0.22673109792583568,-0.4984084196449101,0.1774561454420034,GMM estimator,0.2,0.2,0.5,0.5,3411,0.0,0.0,0.0,wrong,correct,1.5
270,-0.08504724774072965,-0.5654038687132642,0.3289307470898892,GMM estimator,0.2,0.2,0.5,0.5,3411,0.0,0.0,0.0,wrong,correct,1.5
271,-0.19396598846094812,-0.5287431334606394,-0.172881598937221,GMM estimator,0.2,0.2,0.5,0.5,3411,0.0,0.0,0.0,wrong,correct,1.5
272,-0.3112960698169731,-0.5359676967458408,-0.3817414191942244,GMM estimator,0.2,0.2,0.5,0.5,3411,0.0,0.0,0.0,wrong,correct,1.5
273,0.16210059382887831,-0.5162351278103475,-0.10526483592261159,GMM estimator,0.2,0.2,0.5,0.5,3411,0.0,0.0,0.0,wrong,correct,1.5
274,-0.1750008440452027,-0.48331951442221455,-0.2832148895112222,GMM estimator,0.2,0.2,0.5,0.5,3411,0.0,0.0,0.0,wrong,correct,1.5
275,-0.0041207040813198885,-0.48349005639677,-0.01682459717042265,GMM estimator,0.2,0.2,0.5,0.5,3411,0.0,0.0,0.0,wrong,correct,1.5
276,0.019527757401515772,-0.5716098514301741,-0.08246893814230728,GMM estimator,0.2,0.2,0.5,0.5,3411,0.0,0.0,0.0,wrong,correct,1.5
277,0.3200153665877798,-0.5153340076441899,-0.038021666577840355,GMM estimator,0.2,0.2,0.5,0.5,3411,0.0,0.0,0.0,wrong,correct,1.5
278,0.22026238932332892,-0.5270108326633878,0.08937643788141297,GMM estimator,0.2,0.2,0.5,0.5,3411,0.0,0.0,0.0,wrong,correct,1.5
279,-0.013287799976104363,-0.5337427993213995,-0.11105729531930324,GMM estimator,0.2,0.2,0.5,0.5,3411,0.0,0.0,0.0,wrong,correct,1.5
280,0.03041189659819812,-0.4910395318697732,0.0576930704570075,GMM estimator,0.2,0.2,0.5,0.5,3411,0.0,0.0,0.0,wrong,correct,1.5
281,0.23142615769951938,-0.48031085888872654,0.337281121703426,GMM estimator,0.2,0.2,0.5,0.5,3411,0.0,0.0,0.0,wrong,correct,1.5
282,0.22466746494018364,-0.5607426833797098,-0.13032213443772672,GMM estimator,0.2,0.2,0.5,0.5,3411,0.0,0.0,0.0,wrong,correct,1.5
283,0.27413960152448746,-0.5226671476776682,-0.11802239705381085,GMM estimator,0.2,0.2,0.5,0.5,3411,0.0,0.0,0.0,wrong,correct,1.5
284,-0.06304291323437318,-0.5148238773367808,-0.11389895848077605,GMM estimator,0.2,0.2,0.5,0.5,3411,0.0,0.0,0.0,wrong,correct,1.5
285,-0.00020398933866254594,-0.5725882878545363,-0.1413210634721311,GMM estimator,0.2,0.2,0.5,0.5,3411,0.0,0.0,0.0,wrong,correct,1.5
286,0.013714702648421237,-0.5469832629803894,-0.08525378968967846,GMM estimator,0.2,0.2,0.5,0.5,3411,0.0,0.0,0.0,wrong,correct,1.5
287,0.2276578888556281,-0.525482708319828,-0.07407793536699371,GMM estimator,0.2,0.2,0.5,0.5,3411,0.0,0.0,0.0,wrong,correct,1.5
288,-0.507477550039647,-0.532779137677693,-0.01566013464706174,GMM estimator,0.2,0.2,0.5,0.5,3411,0.0,0.0,0.0,wrong,correct,1.5
289,-0.37427824400932586,-0.493441828441023,0.17324498159795718,GMM estimator,0.2,0.2,0.5,0.5,3411,0.0,0.0,0.0,wrong,correct,1.5
290,-0.26275629577971615,-0.5300628706950745,-0.331272458685158,GMM estimator,0.2,0.2,0.5,0.5,3411,0.0,0.0,0.0,wrong,correct,1.5
291,0.36065082648634805,-0.5277791407082298,0.0984001904516559,GMM estimator,0.2,0.2,0.5,0.5,3411,0.0,0.0,0.0,wrong,correct,1.5
292,0.3107148203868717,-0.498762416910154,0.015447731782400324,GMM estimator,0.2,0.2,0.5,0.5,3411,0.0,0.0,0.0,wrong,correct,1.5
293,-0.18998811512918828,-0.5275114629730322,0.06407987783239072,GMM estimator,0.2,0.2,0.5,0.5,3411,0.0,0.0,0.0,wrong,correct,1.5
294,0.23851168848336238,-0.5379789602882483,-0.009301049233708307,GMM estimator,0.2,0.2,0.5,0.5,3411,0.0,0.0,0.0,wrong,correct,1.5
295,0.0847890585166321,-0.49583770385476117,0.03843697153218356,GMM estimator,0.2,0.2,0.5,0.5,3411,0.0,0.0,0.0,wrong,correct,1.5
296,0.1609777645360109,-0.5297964188185831,-0.02285897480382816,GMM estimator,0.2,0.2,0.5,0.5,3411,0.0,0.0,0.0,wrong,correct,1.5
297,-0.07805218466022476,-0.5410499393076592,-0.1385532968949354,GMM estimator,0.2,0.2,0.5,0.5,3411,0.0,0.0,0.0,wrong,correct,1.5
298,0.4144185134731331,-0.5099281635072865,0.04554340577240503,GMM estimator,0.2,0.2,0.5,0.5,3411,0.0,0.0,0.0,wrong,correct,1.5
299,-0.055165935384808976,-0.4656943585479008,-0.1999708324789478,GMM estimator,0.2,0.2,0.5,0.5,3411,0.0,0.0,0.0,wrong,correct,1.5
300,-0.028801533587356747,-0.53915168429267,0.09487183639481304,GMM estimator,0.2,0.2,0.5,0.5,3411,0.0,0.0,0.0,wrong,correct,1.5
1,-0.21552967196566233,-0.6063362608759137,-0.49896596093284945,Three-step,0.2,0.2,0.5,0.5,3411,0.0,0.0,0.0,wrong,wrong,1.5
2,-0.1266286780683432,-0.5149054620681179,-0.500937356483325,Three-step,0.2,0.2,0.5,0.5,3411,0.0,0.0,0.0,wrong,wrong,1.5
3,-0.2626085523822518,-0.4956664193183217,-0.5236694914051915,Three-step,0.2,0.2,0.5,0.5,3411,0.0,0.0,0.0,wrong,wrong,1.5
4,0.22310944967137727,-0.5403681641569614,-0.5231453436533312,Three-step,0.2,0.2,0.5,0.5,3411,0.0,0.0,0.0,wrong,wrong,1.5
5,-0.39863200315054265,-0.516890084267926,-0.5588063734941174,Three-step,0.2,0.2,0.5,0.5,3411,0.0,0.0,0.0,wrong,wrong,1.5
6,0.21827799437075396,-0.5360451455168148,-0.5035780854505024,Three-step,0.2,0.2,0.5,0.5,3411,0.0,0.0,0.0,wrong,wrong,1.5
7,0.6414901546294433,-0.5506803802650768,-0.5213961630489423,Three-step,0.2,0.2,0.5,0.5,3411,0.0,0.0,0.0,wrong,wrong,1.5
8,-0.1984433521636377,-0.5381966679898155,-0.5142919135852825,Three-step,0.2,0.2,0.5,0.5,3411,0.0,0.0,0.0,wrong,wrong,1.5
9,-0.21374421458941417,-0.516054519200881,-0.4989225242190031,Three-step,0.2,0.2,0.5,0.5,3411,0.0,0.0,0.0,wrong,wrong,1.5
10,-0.2885432014475703,-0.5499044165165804,-0.5268615944688901,Three-step,0.2,0.2,0.5,0.5,3411,0.0,0.0,0.0,wrong,wrong,1.5
11,0.26018203555963276,-0.5291822026843818,-0.5086046134247997,Three-step,0.2,0.2,0.5,0.5,3411,0.0,0.0,0.0,wrong,wrong,1.5
12,-0.04198755788228628,-0.5470479263810059,-0.5028230391173414,Three-step,0.2,0.2,0.5,0.5,3411,0.0,0.0,0.0,wrong,wrong,1.5
13,0.31533498347630007,-0.5151690207466505,-0.5232963151590224,Three-step,0.2,0.2,0.5,0.5,3411,0.0,0.0,0.0,wrong,wrong,1.5
14,-0.29280409862125956,-0.5718927134143839,-0.5340981027257947,Three-step,0.2,0.2,0.5,0.5,3411,0.0,0.0,0.0,wrong,wrong,1.5
15,-0.2911659843796982,-0.55521872238715,-0.5209760398447981,Three-step,0.2,0.2,0.5,0.5,3411,0.0,0.0,0.0,wrong,wrong,1.5
16,-0.2137477576491966,-0.5478510843358976,-0.5572164397082431,Three-step,0.2,0.2,0.5,0.5,3411,0.0,0.0,0.0,wrong,wrong,1.5
17,0.3582639322502293,-0.48393743224942254,-0.5115197035808505,Three-step,0.2,0.2,0.5,0.5,3411,0.0,0.0,0.0,wrong,wrong,1.5
18,0.04047223766800167,-0.5631204752510013,-0.542363116534847,Three-step,0.2,0.2,0.5,0.5,3411,0.0,0.0,0.0,wrong,wrong,1.5
19,-0.06196896844135571,-0.5126730369690914,-0.5239620814708195,Three-step,0.2,0.2,0.5,0.5,3411,0.0,0.0,0.0,wrong,wrong,1.5
20,-0.02993445126569558,-0.4834224224574802,-0.49713697544896224,Three-step,0.2,0.2,0.5,0.5,3411,0.0,0.0,0.0,wrong,wrong,1.5
21,0.06850742782756679,-0.5142803378930854,-0.5045307641872304,Three-step,0.2,0.2,0.5,0.5,3411,0.0,0.0,0.0,wrong,wrong,1.5
22,0.14724629505667397,-0.5124348917180588,-0.5008853519032651,Three-step,0.2,0.2,0.5,0.5,3411,0.0,0.0,0.0,wrong,wrong,1.5
23,-0.07660573111724397,-0.5034350776049135,-0.499515929535172,Three-step,0.2,0.2,0.5,0.5,3411,0.0,0.0,0.0,wrong,wrong,1.5
24,0.30440708178570347,-0.5483369786455327,-0.532453551177207,Three-step,0.2,0.2,0.5,0.5,3411,0.0,0.0,0.0,wrong,wrong,1.5
25,-0.07434847345966399,-0.48766963578748923,-0.5501000812507983,Three-step,0.2,0.2,0.5,0.5,3411,0.0,0.0,0.0,wrong,wrong,1.5
26,-0.0349771567039281,-0.5337369377195508,-0.5415353559467823,Three-step,0.2,0.2,0.5,0.5,3411,0.0,0.0,0.0,wrong,wrong,1.5
27,0.06581369279953907,-0.5304931827359233,-0.5222661349340234,Three-step,0.2,0.2,0.5,0.5,3411,0.0,0.0,0.0,wrong,wrong,1.5
28,0.0073209741968569605,-0.511969255592187,-0.5370669800379942,Three-step,0.2,0.2,0.5,0.5,3411,0.0,0.0,0.0,wrong,wrong,1.5
29,0.04008259343363038,-0.5695177129982608,-0.5160851878858604,Three-step,0.2,0.2,0.5,0.5,3411,0.0,0.0,0.0,wrong,wrong,1.5
30,-0.17588986357324773,-0.5182535650329678,-0.5154565516340629,Three-step,0.2,0.2,0.5,0.5,3411,0.0,0.0,0.0,wrong,wrong,1.5
31,0.08616212549882424,-0.4810162025996278,-0.4899446995679526,Three-step,0.2,0.2,0.5,0.5,3411,0.0,0.0,0.0,wrong,wrong,1.5
32,-0.08808831566576489,-0.572542434954575,-0.52929099311945,Three-step,0.2,0.2,0.5,0.5,3411,0.0,0.0,0.0,wrong,wrong,1.5
33,0.2969239001784501,-0.5080946117550974,-0.521605270837847,Three-step,0.2,0.2,0.5,0.5,3411,0.0,0.0,0.0,wrong,wrong,1.5
34,0.0531465017734969,-0.5918013475160293,-0.537111825175645,Three-step,0.2,0.2,0.5,0.5,3411,0.0,0.0,0.0,wrong,wrong,1.5
35,-0.021851162292208234,-0.4923286976207063,-0.5282407792254619,Three-step,0.2,0.2,0.5,0.5,3411,0.0,0.0,0.0,wrong,wrong,1.5
36,0.11456813911286637,-0.5170571171924022,-0.5573118600114841,Three-step,0.2,0.2,0.5,0.5,3411,0.0,0.0,0.0,wrong,wrong,1.5
37,-0.13800320376766428,-0.5328233162013251,-0.5467082853826772,Three-step,0.2,0.2,0.5,0.5,3411,0.0,0.0,0.0,wrong,wrong,1.5
38,-0.16057341024077293,-0.5639358858331561,-0.5381885712522888,Three-step,0.2,0.2,0.5,0.5,3411,0.0,0.0,0.0,wrong,wrong,1.5
39,-0.09027125231656985,-0.5565230555379238,-0.541185300572221,Three-step,0.2,0.2,0.5,0.5,3411,0.0,0.0,0.0,wrong,wrong,1.5
40,0.13252196284140907,-0.4790807259598884,-0.5262531102253958,Three-step,0.2,0.2,0.5,0.5,3411,0.0,0.0,0.0,wrong,wrong,1.5
41,-0.031522680482736556,-0.5734124963207258,-0.5004977310579013,Three-step,0.2,0.2,0.5,0.5,3411,0.0,0.0,0.0,wrong,wrong,1.5
42,0.3841713720949971,-0.5303370613234875,-0.5249374198906478,Three-step,0.2,0.2,0.5,0.5,3411,0.0,0.0,0.0,wrong,wrong,1.5
43,-0.2319610052079349,-0.5674761102251483,-0.5124836629380347,Three-step,0.2,0.2,0.5,0.5,3411,0.0,0.0,0.0,wrong,wrong,1.5
44,0.6145823380911839,-0.5499035695170758,-0.5069687997207153,Three-step,0.2,0.2,0.5,0.5,3411,0.0,0.0,0.0,wrong,wrong,1.5
45,0.0016144536063932519,-0.5374885530710173,-0.5255420017545781,Three-step,0.2,0.2,0.5,0.5,3411,0.0,0.0,0.0,wrong,wrong,1.5
46,0.027989046132269133,-0.5245274874803374,-0.49335693765658106,Three-step,0.2,0.2,0.5,0.5,3411,0.0,0.0,0.0,wrong,wrong,1.5
47,0.040209896137527706,-0.4941784591287919,-0.4724457295186534,Three-step,0.2,0.2,0.5,0.5,3411,0.0,0.0,0.0,wrong,wrong,1.5
48,0.255388498030321,-0.5034215046880972,-0.5203817484993665,Three-step,0.2,0.2,0.5,0.5,3411,0.0,0.0,0.0,wrong,wrong,1.5
49,-0.26950815405188666,-0.5426295740213334,-0.48175836065311284,Three-step,0.2,0.2,0.5,0.5,3411,0.0,0.0,0.0,wrong,wrong,1.5
50,-0.2783117313536121,-0.5327688967655152,-0.5234969451819887,Three-step,0.2,0.2,0.5,0.5,3411,0.0,0.0,0.0,wrong,wrong,1.5
51,0.13683251863326606,-0.4968360098496623,-0.5295618920514776,Three-step,0.2,0.2,0.5,0.5,3411,0.0,0.0,0.0,wrong,wrong,1.5
52,0.022609392335133593,-0.5125278187030073,-0.5387722016548665,Three-step,0.2,0.2,0.5,0.5,3411,0.0,0.0,0.0,wrong,wrong,1.5
53,0.19082596743491614,-0.5047610626126178,-0.5016002504092482,Three-step,0.2,0.2,0.5,0.5,3411,0.0,0.0,0.0,wrong,wrong,1.5
54,0.005244410968203194,-0.4877036192086374,-0.5156377089665805,Three-step,0.2,0.2,0.5,0.5,3411,0.0,0.0,0.0,wrong,wrong,1.5
55,-0.18930231631501737,-0.4970553208062668,-0.5202228308825926,Three-step,0.2,0.2,0.5,0.5,3411,0.0,0.0,0.0,wrong,wrong,1.5
56,-0.3223602758076386,-0.5098366670596205,-0.5494896423978132,Three-step,0.2,0.2,0.5,0.5,3411,0.0,0.0,0.0,wrong,wrong,1.5
57,-0.3220066516797529,-0.5802595858088037,-0.5430118676563888,Three-step,0.2,0.2,0.5,0.5,3411,0.0,0.0,0.0,wrong,wrong,1.5
58,-0.18387879911297547,-0.572517385623346,-0.5533827374509943,Three-step,0.2,0.2,0.5,0.5,3411,0.0,0.0,0.0,wrong,wrong,1.5
59,0.5900359029577792,-0.4961223165020733,-0.5014930252007029,Three-step,0.2,0.2,0.5,0.5,3411,0.0,0.0,0.0,wrong,wrong,1.5
60,-0.11180046380940245,-0.4800718672118915,-0.5223364267727882,Three-step,0.2,0.2,0.5,0.5,3411,0.0,0.0,0.0,wrong,wrong,1.5
61,0.023903254660765625,-0.5316959289588729,-0.5253736806043129,Three-step,0.2,0.2,0.5,0.5,3411,0.0,0.0,0.0,wrong,wrong,1.5
62,0.06178395780495523,-0.5140168899085561,-0.48981487034849996,Three-step,0.2,0.2,0.5,0.5,3411,0.0,0.0,0.0,wrong,wrong,1.5
63,-0.260862894712151,-0.5332727005836493,-0.5285016586744702,Three-step,0.2,0.2,0.5,0.5,3411,0.0,0.0,0.0,wrong,wrong,1.5
64,0.03431793687012198,-0.48556018445480426,-0.5192488824091077,Three-step,0.2,0.2,0.5,0.5,3411,0.0,0.0,0.0,wrong,wrong,1.5
65,-0.3548191109785861,-0.5472517826072341,-0.488328646939587,Three-step,0.2,0.2,0.5,0.5,3411,0.0,0.0,0.0,wrong,wrong,1.5
66,0.06379425291890851,-0.47335024629809697,-0.511420829982217,Three-step,0.2,0.2,0.5,0.5,3411,0.0,0.0,0.0,wrong,wrong,1.5
67,0.19344039169984836,-0.5753861652748603,-0.5284717366309128,Three-step,0.2,0.2,0.5,0.5,3411,0.0,0.0,0.0,wrong,wrong,1.5
68,-0.021518641233180914,-0.5037026563147945,-0.5405357991555153,Three-step,0.2,0.2,0.5,0.5,3411,0.0,0.0,0.0,wrong,wrong,1.5
69,-0.24580655363213186,-0.5455382634370548,-0.5195159385704939,Three-step,0.2,0.2,0.5,0.5,3411,0.0,0.0,0.0,wrong,wrong,1.5
70,-0.055910735295363105,-0.538013727144986,-0.5203986930116568,Three-step,0.2,0.2,0.5,0.5,3411,0.0,0.0,0.0,wrong,wrong,1.5
71,-0.234182581705647,-0.5420103319006822,-0.5042485443448298,Three-step,0.2,0.2,0.5,0.5,3411,0.0,0.0,0.0,wrong,wrong,1.5
72,-0.04818198573723392,-0.5716401188855906,-0.5738257977944209,Three-step,0.2,0.2,0.5,0.5,3411,0.0,0.0,0.0,wrong,wrong,1.5
73,-0.06185808658316443,-0.4925920810650117,-0.5409537593878893,Three-step,0.2,0.2,0.5,0.5,3411,0.0,0.0,0.0,wrong,wrong,1.5
74,-0.3816424454550192,-0.5373233792018497,-0.5074862785239453,Three-step,0.2,0.2,0.5,0.5,3411,0.0,0.0,0.0,wrong,wrong,1.5
75,-0.005737624841894483,-0.5246015761046166,-0.508180809659032,Three-step,0.2,0.2,0.5,0.5,3411,0.0,0.0,0.0,wrong,wrong,1.5
76,0.05709215355918232,-0.5429159154830616,-0.5182087030850654,Three-step,0.2,0.2,0.5,0.5,3411,0.0,0.0,0.0,wrong,wrong,1.5
77,-0.23888907598482512,-0.5202954210015652,-0.5580967241593254,Three-step,0.2,0.2,0.5,0.5,3411,0.0,0.0,0.0,wrong,wrong,1.5
78,-0.5199994780585087,-0.558970498367158,-0.566027270960175,Three-step,0.2,0.2,0.5,0.5,3411,0.0,0.0,0.0,wrong,wrong,1.5
79,0.08391280982735229,-0.5538165872157936,-0.47651827834256966,Three-step,0.2,0.2,0.5,0.5,3411,0.0,0.0,0.0,wrong,wrong,1.5
80,0.09092541860077229,-0.554574961682658,-0.5588712263074436,Three-step,0.2,0.2,0.5,0.5,3411,0.0,0.0,0.0,wrong,wrong,1.5
81,-0.33952712617050723,-0.5570163185533096,-0.5503328414948669,Three-step,0.2,0.2,0.5,0.5,3411,0.0,0.0,0.0,wrong,wrong,1.5
82,0.19508702618363316,-0.48196704527515316,-0.5140370905683732,Three-step,0.2,0.2,0.5,0.5,3411,0.0,0.0,0.0,wrong,wrong,1.5
83,-0.05458069211185399,-0.5146645589681946,-0.524830165617035,Three-step,0.2,0.2,0.5,0.5,3411,0.0,0.0,0.0,wrong,wrong,1.5
84,-0.2759115595658663,-0.538552115715247,-0.5186012393211574,Three-step,0.2,0.2,0.5,0.5,3411,0.0,0.0,0.0,wrong,wrong,1.5
85,-0.3231713664268967,-0.5561702512465266,-0.5498653807890105,Three-step,0.2,0.2,0.5,0.5,3411,0.0,0.0,0.0,wrong,wrong,1.5
86,-0.20369785951133912,-0.5338159800105888,-0.5498114838487485,Three-step,0.2,0.2,0.5,0.5,3411,0.0,0.0,0.0,wrong,wrong,1.5
87,-0.023793451654309145,-0.5832781672288483,-0.5147843834984643,Three-step,0.2,0.2,0.5,0.5,3411,0.0,0.0,0.0,wrong,wrong,1.5
88,0.22886844077030552,-0.5028520430984612,-0.515054522359205,Three-step,0.2,0.2,0.5,0.5,3411,0.0,0.0,0.0,wrong,wrong,1.5
89,0.058114364904091234,-0.5580601148897274,-0.5023653069424158,Three-step,0.2,0.2,0.5,0.5,3411,0.0,0.0,0.0,wrong,wrong,1.5
90,0.0006987745369809458,-0.5766698155130107,-0.49977913254302253,Three-step,0.2,0.2,0.5,0.5,3411,0.0,0.0,0.0,wrong,wrong,1.5
91,0.01853344557699598,-0.5084607670181195,-0.5289150583899347,Three-step,0.2,0.2,0.5,0.5,3411,0.0,0.0,0.0,wrong,wrong,1.5
92,-0.63439572327191,-0.5154134252731928,-0.5499375005415452,Three-step,0.2,0.2,0.5,0.5,3411,0.0,0.0,0.0,wrong,wrong,1.5
93,0.027379485114118505,-0.4897950126405648,-0.5528133922955208,Three-step,0.2,0.2,0.5,0.5,3411,0.0,0.0,0.0,wrong,wrong,1.5
94,-0.04103100490765289,-0.5418126003620543,-0.5104368315602357,Three-step,0.2,0.2,0.5,0.5,3411,0.0,0.0,0.0,wrong,wrong,1.5
95,-0.12124765360898437,-0.5300395631256253,-0.5038247772061141,Three-step,0.2,0.2,0.5,0.5,3411,0.0,0.0,0.0,wrong,wrong,1.5
96,-0.07022107629487848,-0.5650084158836861,-0.5405128204059311,Three-step,0.2,0.2,0.5,0.5,3411,0.0,0.0,0.0,wrong,wrong,1.5
97,-0.24780208754538863,-0.5338853742776155,-0.5177223764641949,Three-step,0.2,0.2,0.5,0.5,3411,0.0,0.0,0.0,wrong,wrong,1.5
98,0.11092492162127814,-0.47797944303682477,-0.5320135820845439,Three-step,0.2,0.2,0.5,0.5,3411,0.0,0.0,0.0,wrong,wrong,1.5
99,-0.2545193925259512,-0.5429924109124386,-0.48786606525168336,Three-step,0.2,0.2,0.5,0.5,3411,0.0,0.0,0.0,wrong,wrong,1.5
100,-0.16267050000044336,-0.4980018240114518,-0.5266227986510669,Three-step,0.2,0.2,0.5,0.5,3411,0.0,0.0,0.0,wrong,wrong,1.5
101,0.04040888849471134,-0.5600122785982183,-0.5331423211697776,Three-step,0.2,0.2,0.5,0.5,3411,0.0,0.0,0.0,wrong,wrong,1.5
102,0.1860543509510627,-0.5508587081526386,-0.5411721855028374,Three-step,0.2,0.2,0.5,0.5,3411,0.0,0.0,0.0,wrong,wrong,1.5
103,0.03622501136684431,-0.5336487415461243,-0.5084440022078998,Three-step,0.2,0.2,0.5,0.5,3411,0.0,0.0,0.0,wrong,wrong,1.5
104,-0.595409234768985,-0.4980212863045854,-0.524007359553533,Three-step,0.2,0.2,0.5,0.5,3411,0.0,0.0,0.0,wrong,wrong,1.5
105,-0.15095502330314936,-0.5484710936118744,-0.5721458296603534,Three-step,0.2,0.2,0.5,0.5,3411,0.0,0.0,0.0,wrong,wrong,1.5
106,-0.32484305786025225,-0.5795797341633663,-0.557565498021865,Three-step,0.2,0.2,0.5,0.5,3411,0.0,0.0,0.0,wrong,wrong,1.5
107,-0.5580793379983395,-0.5462090532183166,-0.4863021125842085,Three-step,0.2,0.2,0.5,0.5,3411,0.0,0.0,0.0,wrong,wrong,1.5
108,-0.1121432911689216,-0.5187245676965666,-0.48329379186315,Three-step,0.2,0.2,0.5,0.5,3411,0.0,0.0,0.0,wrong,wrong,1.5
109,0.026724699284262042,-0.505532390855561,-0.5041128792827763,Three-step,0.2,0.2,0.5,0.5,3411,0.0,0.0,0.0,wrong,wrong,1.5
110,0.29841976529863345,-0.5619712795469071,-0.5034934004600201,Three-step,0.2,0.2,0.5,0.5,3411,0.0,0.0,0.0,wrong,wrong,1.5
111,0.17013154205002826,-0.4956112009942903,-0.5266751487719042,Three-step,0.2,0.2,0.5,0.5,3411,0.0,0.0,0.0,wrong,wrong,1.5
112,-0.1381640336701531,-0.536014559988478,-0.5322033909122567,Three-step,0.2,0.2,0.5,0.5,3411,0.0,0.0,0.0,wrong,wrong,1.5
113,-0.4194254418360822,-0.5078554180737521,-0.5131395419522845,Three-step,0.2,0.2,0.5,0.5,3411,0.0,0.0,0.0,wrong,wrong,1.5
114,0.2765460109016093,-0.532770673782055,-0.5431493607746681,Three-step,0.2,0.2,0.5,0.5,3411,0.0,0.0,0.0,wrong,wrong,1.5
115,0.17808510851012388,-0.5413763945909368,-0.5287432583745723,Three-step,0.2,0.2,0.5,0.5,3411,0.0,0.0,0.0,wrong,wrong,1.5
116,-0.028501280768458304,-0.5114709116534324,-0.5406789438214962,Three-step,0.2,0.2,0.5,0.5,3411,0.0,0.0,0.0,wrong,wrong,1.5
117,-0.4072282244386406,-0.6017776282255267,-0.5283288046652522,Three-step,0.2,0.2,0.5,0.5,3411,0.0,0.0,0.0,wrong,wrong,1.5
118,-0.19228013808917907,-0.5683010563446929,-0.5428425539638913,Three-step,0.2,0.2,0.5,0.5,3411,0.0,0.0,0.0,wrong,wrong,1.5
119,0.004965996508610173,-0.5366859181232421,-0.5272145693329879,Three-step,0.2,0.2,0.5,0.5,3411,0.0,0.0,0.0,wrong,wrong,1.5
120,-0.13064682533537142,-0.5234562551390499,-0.5059097752167869,Three-step,0.2,0.2,0.5,0.5,3411,0.0,0.0,0.0,wrong,wrong,1.5
121,0.03211942855322678,-0.5147700216514186,-0.4975004778998927,Three-step,0.2,0.2,0.5,0.5,3411,0.0,0.0,0.0,wrong,wrong,1.5
122,0.480182686945776,-0.5440014827670011,-0.5200915413164864,Three-step,0.2,0.2,0.5,0.5,3411,0.0,0.0,0.0,wrong,wrong,1.5
123,0.2379650105802877,-0.48410591763872823,-0.5085726377947686,Three-step,0.2,0.2,0.5,0.5,3411,0.0,0.0,0.0,wrong,wrong,1.5
124,-0.06628690309418224,-0.5484593646150415,-0.5506792080184885,Three-step,0.2,0.2,0.5,0.5,3411,0.0,0.0,0.0,wrong,wrong,1.5
125,-0.09518316768414176,-0.5077563917271979,-0.4998581402859814,Three-step,0.2,0.2,0.5,0.5,3411,0.0,0.0,0.0,wrong,wrong,1.5
126,-0.07789878920982711,-0.5442118806327192,-0.5177448496687581,Three-step,0.2,0.2,0.5,0.5,3411,0.0,0.0,0.0,wrong,wrong,1.5
127,0.021245635321652474,-0.5140423921105758,-0.5054312422039483,Three-step,0.2,0.2,0.5,0.5,3411,0.0,0.0,0.0,wrong,wrong,1.5
128,0.36909681671518935,-0.5337865808746635,-0.4920587874616493,Three-step,0.2,0.2,0.5,0.5,3411,0.0,0.0,0.0,wrong,wrong,1.5
129,0.06075193123561806,-0.5094673645899183,-0.4938616483236212,Three-step,0.2,0.2,0.5,0.5,3411,0.0,0.0,0.0,wrong,wrong,1.5
130,-0.14914480444623288,-0.5881442305767917,-0.5462746285521146,Three-step,0.2,0.2,0.5,0.5,3411,0.0,0.0,0.0,wrong,wrong,1.5
131,-0.08354177172039985,-0.5339370833438692,-0.5239476677749547,Three-step,0.2,0.2,0.5,0.5,3411,0.0,0.0,0.0,wrong,wrong,1.5
132,-0.43407502153597194,-0.5564142535611436,-0.5145768614730748,Three-step,0.2,0.2,0.5,0.5,3411,0.0,0.0,0.0,wrong,wrong,1.5
133,-0.09490252786985343,-0.5585742378545171,-0.518295291071013,Three-step,0.2,0.2,0.5,0.5,3411,0.0,0.0,0.0,wrong,wrong,1.5
134,0.06497064652556674,-0.5368669013645281,-0.5068329919284857,Three-step,0.2,0.2,0.5,0.5,3411,0.0,0.0,0.0,wrong,wrong,1.5
135,0.06526969889295699,-0.5571720412742776,-0.538360857361177,Three-step,0.2,0.2,0.5,0.5,3411,0.0,0.0,0.0,wrong,wrong,1.5
136,-0.2763060282707237,-0.5391420343604733,-0.5291741929100452,Three-step,0.2,0.2,0.5,0.5,3411,0.0,0.0,0.0,wrong,wrong,1.5
137,-0.09353463765257447,-0.5131144853326342,-0.5285154808715784,Three-step,0.2,0.2,0.5,0.5,3411,0.0,0.0,0.0,wrong,wrong,1.5
138,0.4284060388576777,-0.5142985035640194,-0.517185266889114,Three-step,0.2,0.2,0.5,0.5,3411,0.0,0.0,0.0,wrong,wrong,1.5
139,-0.12739211111661844,-0.5329064706405441,-0.5411689717672373,Three-step,0.2,0.2,0.5,0.5,3411,0.0,0.0,0.0,wrong,wrong,1.5
140,0.22936172389870466,-0.5198974610807571,-0.5040139203111342,Three-step,0.2,0.2,0.5,0.5,3411,0.0,0.0,0.0,wrong,wrong,1.5
141,0.010581475539236496,-0.5424046360378818,-0.5178855720201421,Three-step,0.2,0.2,0.5,0.5,3411,0.0,0.0,0.0,wrong,wrong,1.5
142,0.13756027068899318,-0.5546566002880456,-0.5043344816355539,Three-step,0.2,0.2,0.5,0.5,3411,0.0,0.0,0.0,wrong,wrong,1.5
143,0.1145889029139637,-0.4934738769941532,-0.5190817098208254,Three-step,0.2,0.2,0.5,0.5,3411,0.0,0.0,0.0,wrong,wrong,1.5
144,0.24025706092481536,-0.48930394397637067,-0.514149701279459,Three-step,0.2,0.2,0.5,0.5,3411,0.0,0.0,0.0,wrong,wrong,1.5
145,0.282569459618646,-0.5175445893685074,-0.46986773360403666,Three-step,0.2,0.2,0.5,0.5,3411,0.0,0.0,0.0,wrong,wrong,1.5
146,-0.11973993420593021,-0.5222762579259222,-0.5327347372515921,Three-step,0.2,0.2,0.5,0.5,3411,0.0,0.0,0.0,wrong,wrong,1.5
147,-0.10725318884110269,-0.5150786692088353,-0.5283942313426009,Three-step,0.2,0.2,0.5,0.5,3411,0.0,0.0,0.0,wrong,wrong,1.5
148,0.15429042733629697,-0.519034309850735,-0.5245604033668672,Three-step,0.2,0.2,0.5,0.5,3411,0.0,0.0,0.0,wrong,wrong,1.5
149,-0.17913687266902556,-0.5325445402342042,-0.5146448437136865,Three-step,0.2,0.2,0.5,0.5,3411,0.0,0.0,0.0,wrong,wrong,1.5
150,0.24426291630726238,-0.5363780277907121,-0.5310894583442556,Three-step,0.2,0.2,0.5,0.5,3411,0.0,0.0,0.0,wrong,wrong,1.5
151,0.15661383925227543,-0.5446818285224859,-0.5382103057275416,Three-step,0.2,0.2,0.5,0.5,3411,0.0,0.0,0.0,wrong,wrong,1.5
152,0.10328136473509042,-0.5255346655739249,-0.5166392929099511,Three-step,0.2,0.2,0.5,0.5,3411,0.0,0.0,0.0,wrong,wrong,1.5
153,0.13372983636571434,-0.5322708060946248,-0.4974455320179284,Three-step,0.2,0.2,0.5,0.5,3411,0.0,0.0,0.0,wrong,wrong,1.5
154,0.01949599281940391,-0.45162673247869684,-0.5159963901892325,Three-step,0.2,0.2,0.5,0.5,3411,0.0,0.0,0.0,wrong,wrong,1.5
155,0.02940309150658721,-0.5090532362899861,-0.5550614185797718,Three-step,0.2,0.2,0.5,0.5,3411,0.0,0.0,0.0,wrong,wrong,1.5
156,0.3593574849508317,-0.533973087418591,-0.49079122284885446,Three-step,0.2,0.2,0.5,0.5,3411,0.0,0.0,0.0,wrong,wrong,1.5
157,0.0265666198498906,-0.5097662092128378,-0.5597099197853624,Three-step,0.2,0.2,0.5,0.5,3411,0.0,0.0,0.0,wrong,wrong,1.5
158,0.2944016042116483,-0.4838463081353527,-0.515365197760711,Three-step,0.2,0.2,0.5,0.5,3411,0.0,0.0,0.0,wrong,wrong,1.5
159,-0.014842899781142616,-0.44114065229650273,-0.5015665429384203,Three-step,0.2,0.2,0.5,0.5,3411,0.0,0.0,0.0,wrong,wrong,1.5
160,0.1453978917440398,-0.5455125371089232,-0.49345951606023764,Three-step,0.2,0.2,0.5,0.5,3411,0.0,0.0,0.0,wrong,wrong,1.5
161,0.06633601645068737,-0.5138380590029674,-0.5433186333928344,Three-step,0.2,0.2,0.5,0.5,3411,0.0,0.0,0.0,wrong,wrong,1.5
162,0.24684143659170288,-0.4627262860079266,-0.5508963838923546,Three-step,0.2,0.2,0.5,0.5,3411,0.0,0.0,0.0,wrong,wrong,1.5
163,0.04996833637048168,-0.482410116039719,-0.5223997868318306,Three-step,0.2,0.2,0.5,0.5,3411,0.0,0.0,0.0,wrong,wrong,1.5
164,-0.5043689853308603,-0.5025329646592972,-0.5671689116257215,Three-step,0.2,0.2,0.5,0.5,3411,0.0,0.0,0.0,wrong,wrong,1.5
165,-0.06146595370797976,-0.49931327803761827,-0.5303057790386784,Three-step,0.2,0.2,0.5,0.5,3411,0.0,0.0,0.0,wrong,wrong,1.5
166,0.20549057766199766,-0.5586447450671769,-0.5022269663024392,Three-step,0.2,0.2,0.5,0.5,3411,0.0,0.0,0.0,wrong,wrong,1.5
167,-0.23579152146540364,-0.48491235794379467,-0.5403292324340584,Three-step,0.2,0.2,0.5,0.5,3411,0.0,0.0,0.0,wrong,wrong,1.5
168,0.2036991133067043,-0.5690554913672952,-0.5552725851271845,Three-step,0.2,0.2,0.5,0.5,3411,0.0,0.0,0.0,wrong,wrong,1.5
169,-0.1901003128716283,-0.4628560718029867,-0.5463241702037438,Three-step,0.2,0.2,0.5,0.5,3411,0.0,0.0,0.0,wrong,wrong,1.5
170,-0.03297970987362407,-0.5466702912574457,-0.5235474754637923,Three-step,0.2,0.2,0.5,0.5,3411,0.0,0.0,0.0,wrong,wrong,1.5
171,-0.24047484595528043,-0.5139247341083221,-0.5566754589062132,Three-step,0.2,0.2,0.5,0.5,3411,0.0,0.0,0.0,wrong,wrong,1.5
172,-0.19675312463220376,-0.5132247894393595,-0.5403785460992091,Three-step,0.2,0.2,0.5,0.5,3411,0.0,0.0,0.0,wrong,wrong,1.5
173,-0.04334792159175993,-0.5558505967288107,-0.5175131048896963,Three-step,0.2,0.2,0.5,0.5,3411,0.0,0.0,0.0,wrong,wrong,1.5
174,0.030049815128789924,-0.5001857522629805,-0.5129713286215501,Three-step,0.2,0.2,0.5,0.5,3411,0.0,0.0,0.0,wrong,wrong,1.5
175,0.37966329809611127,-0.5538335433384507,-0.5297868741388696,Three-step,0.2,0.2,0.5,0.5,3411,0.0,0.0,0.0,wrong,wrong,1.5
176,-0.36892269237668895,-0.5474425542574204,-0.5396817956426948,Three-step,0.2,0.2,0.5,0.5,3411,0.0,0.0,0.0,wrong,wrong,1.5
177,0.1670304707596739,-0.523481437307227,-0.5422490262459793,Three-step,0.2,0.2,0.5,0.5,3411,0.0,0.0,0.0,wrong,wrong,1.5
178,-0.03099230148708825,-0.5241826727250918,-0.4879315167617982,Three-step,0.2,0.2,0.5,0.5,3411,0.0,0.0,0.0,wrong,wrong,1.5
179,-0.22764829075842632,-0.5375454514205179,-0.5087891556355902,Three-step,0.2,0.2,0.5,0.5,3411,0.0,0.0,0.0,wrong,wrong,1.5
180,0.27436042588969406,-0.5036382331538424,-0.5424317399917256,Three-step,0.2,0.2,0.5,0.5,3411,0.0,0.0,0.0,wrong,wrong,1.5
181,0.05702773235389922,-0.5236835069519125,-0.4964933778183607,Three-step,0.2,0.2,0.5,0.5,3411,0.0,0.0,0.0,wrong,wrong,1.5
182,0.1877365808818281,-0.5337522986853798,-0.51921168095008,Three-step,0.2,0.2,0.5,0.5,3411,0.0,0.0,0.0,wrong,wrong,1.5
183,0.24619517560337495,-0.5007614025562684,-0.5116477720597342,Three-step,0.2,0.2,0.5,0.5,3411,0.0,0.0,0.0,wrong,wrong,1.5
184,0.11731896400189257,-0.48602524470413677,-0.534615166006607,Three-step,0.2,0.2,0.5,0.5,3411,0.0,0.0,0.0,wrong,wrong,1.5
185,0.03859073098028474,-0.5330737134968337,-0.5428362650841176,Three-step,0.2,0.2,0.5,0.5,3411,0.0,0.0,0.0,wrong,wrong,1.5
186,0.17569996532354626,-0.49528538182829457,-0.5081689166299216,Three-step,0.2,0.2,0.5,0.5,3411,0.0,0.0,0.0,wrong,wrong,1.5
187,0.08288096392099926,-0.4977621914584714,-0.5272667657266695,Three-step,0.2,0.2,0.5,0.5,3411,0.0,0.0,0.0,wrong,wrong,1.5
188,-0.0015851378456083005,-0.5021269384482027,-0.5492314407631383,Three-step,0.2,0.2,0.5,0.5,3411,0.0,0.0,0.0,wrong,wrong,1.5
189,0.25951483896652366,-0.5294572114532342,-0.49071095443137924,Three-step,0.2,0.2,0.5,0.5,3411,0.0,0.0,0.0,wrong,wrong,1.5
190,0.06611349540947954,-0.47236416933777736,-0.5064273803571776,Three-step,0.2,0.2,0.5,0.5,3411,0.0,0.0,0.0,wrong,wrong,1.5
191,-0.27209631115974786,-0.5455812222144799,-0.5134069226830543,Three-step,0.2,0.2,0.5,0.5,3411,0.0,0.0,0.0,wrong,wrong,1.5
192,-0.16086778386510667,-0.48251043819986833,-0.5120877024648696,Three-step,0.2,0.2,0.5,0.5,3411,0.0,0.0,0.0,wrong,wrong,1.5
193,-0.37836985100921977,-0.48340366694697534,-0.5196353103872888,Three-step,0.2,0.2,0.5,0.5,3411,0.0,0.0,0.0,wrong,wrong,1.5
194,0.3500751184500205,-0.5217915325004333,-0.5006252313319604,Three-step,0.2,0.2,0.5,0.5,3411,0.0,0.0,0.0,wrong,wrong,1.5
195,-0.46402565677902985,-0.5624237377044053,-0.5225995981455023,Three-step,0.2,0.2,0.5,0.5,3411,0.0,0.0,0.0,wrong,wrong,1.5
196,-0.08200839301019616,-0.5522728884721628,-0.5253882699303222,Three-step,0.2,0.2,0.5,0.5,3411,0.0,0.0,0.0,wrong,wrong,1.5
197,0.02744404155013429,-0.5418632830525147,-0.5014891322453464,Three-step,0.2,0.2,0.5,0.5,3411,0.0,0.0,0.0,wrong,wrong,1.5
198,0.07735112875641283,-0.5426942492297893,-0.5518662684574085,Three-step,0.2,0.2,0.5,0.5,3411,0.0,0.0,0.0,wrong,wrong,1.5
199,0.27885422414471994,-0.4972788848470217,-0.49940818680328714,Three-step,0.2,0.2,0.5,0.5,3411,0.0,0.0,0.0,wrong,wrong,1.5
200,-0.03000128597130927,-0.4899540225257593,-0.5133401221795036,Three-step,0.2,0.2,0.5,0.5,3411,0.0,0.0,0.0,wrong,wrong,1.5
201,0.09963025929384055,-0.5272161834260009,-0.5044170553866216,Three-step,0.2,0.2,0.5,0.5,3411,0.0,0.0,0.0,wrong,wrong,1.5
202,-0.0288175133667198,-0.5226276299348407,-0.5273773790378847,Three-step,0.2,0.2,0.5,0.5,3411,0.0,0.0,0.0,wrong,wrong,1.5
203,0.20967405628719235,-0.5366152970267656,-0.5158068097382563,Three-step,0.2,0.2,0.5,0.5,3411,0.0,0.0,0.0,wrong,wrong,1.5
204,0.1361924790262203,-0.5299503084790576,-0.5015112341308419,Three-step,0.2,0.2,0.5,0.5,3411,0.0,0.0,0.0,wrong,wrong,1.5
205,0.009089074377788456,-0.5062227228824394,-0.5078988912931416,Three-step,0.2,0.2,0.5,0.5,3411,0.0,0.0,0.0,wrong,wrong,1.5
206,0.1301240689505842,-0.5250724288064988,-0.5159685611678108,Three-step,0.2,0.2,0.5,0.5,3411,0.0,0.0,0.0,wrong,wrong,1.5
207,0.30242170007905733,-0.47270643649463745,-0.5148872982575546,Three-step,0.2,0.2,0.5,0.5,3411,0.0,0.0,0.0,wrong,wrong,1.5
208,-0.35721019800453974,-0.5430419974605203,-0.5111842463578777,Three-step,0.2,0.2,0.5,0.5,3411,0.0,0.0,0.0,wrong,wrong,1.5
209,-0.08765555178086018,-0.49561938656891413,-0.5182250238072929,Three-step,0.2,0.2,0.5,0.5,3411,0.0,0.0,0.0,wrong,wrong,1.5
210,0.17136368906566254,-0.5343211539368792,-0.47594328807074915,Three-step,0.2,0.2,0.5,0.5,3411,0.0,0.0,0.0,wrong,wrong,1.5
211,0.28025259161639726,-0.48473393061980957,-0.5030396378841687,Three-step,0.2,0.2,0.5,0.5,3411,0.0,0.0,0.0,wrong,wrong,1.5
212,0.30627955564120984,-0.5175678817884709,-0.5238922242352232,Three-step,0.2,0.2,0.5,0.5,3411,0.0,0.0,0.0,wrong,wrong,1.5
213,0.024879544079365233,-0.5560805290467555,-0.5309416793645271,Three-step,0.2,0.2,0.5,0.5,3411,0.0,0.0,0.0,wrong,wrong,1.5
214,-0.24161206986502767,-0.5386487127150764,-0.5038503774686649,Three-step,0.2,0.2,0.5,0.5,3411,0.0,0.0,0.0,wrong,wrong,1.5
215,-0.057655065203241956,-0.5543256427483138,-0.5128064394925724,Three-step,0.2,0.2,0.5,0.5,3411,0.0,0.0,0.0,wrong,wrong,1.5
216,0.3882800251001424,-0.5116184203264569,-0.49702525997602426,Three-step,0.2,0.2,0.5,0.5,3411,0.0,0.0,0.0,wrong,wrong,1.5
217,0.4756020197618986,-0.48594719429817496,-0.5148584614969914,Three-step,0.2,0.2,0.5,0.5,3411,0.0,0.0,0.0,wrong,wrong,1.5
218,-0.13371520963537764,-0.5594485485136301,-0.5148854889083688,Three-step,0.2,0.2,0.5,0.5,3411,0.0,0.0,0.0,wrong,wrong,1.5
219,0.08656591194165582,-0.5155146602234645,-0.5043790621544492,Three-step,0.2,0.2,0.5,0.5,3411,0.0,0.0,0.0,wrong,wrong,1.5
220,0.17759110688272248,-0.5367771968248952,-0.5273641058834786,Three-step,0.2,0.2,0.5,0.5,3411,0.0,0.0,0.0,wrong,wrong,1.5
221,0.04479054595256359,-0.5339089328293551,-0.541279500918103,Three-step,0.2,0.2,0.5,0.5,3411,0.0,0.0,0.0,wrong,wrong,1.5
222,-0.023150821657344396,-0.5177401256905405,-0.5168922012298196,Three-step,0.2,0.2,0.5,0.5,3411,0.0,0.0,0.0,wrong,wrong,1.5
223,0.07794248208186223,-0.4960295355527935,-0.45926630177608624,Three-step,0.2,0.2,0.5,0.5,3411,0.0,0.0,0.0,wrong,wrong,1.5
224,-0.15188885657966222,-0.5602275614088172,-0.5489087652412201,Three-step,0.2,0.2,0.5,0.5,3411,0.0,0.0,0.0,wrong,wrong,1.5
225,-0.1995126802054312,-0.5567747718545178,-0.5245246943399992,Three-step,0.2,0.2,0.5,0.5,3411,0.0,0.0,0.0,wrong,wrong,1.5
226,0.31859756699085146,-0.5050904627366017,-0.5141476867234178,Three-step,0.2,0.2,0.5,0.5,3411,0.0,0.0,0.0,wrong,wrong,1.5
227,0.33532034942445116,-0.5474030361219212,-0.4913573797687287,Three-step,0.2,0.2,0.5,0.5,3411,0.0,0.0,0.0,wrong,wrong,1.5
228,0.2790880173412813,-0.5258866328777931,-0.5097034563865598,Three-step,0.2,0.2,0.5,0.5,3411,0.0,0.0,0.0,wrong,wrong,1.5
229,-0.020536880845153812,-0.5617079888216054,-0.526662969088289,Three-step,0.2,0.2,0.5,0.5,3411,0.0,0.0,0.0,wrong,wrong,1.5
230,-0.17227487322315194,-0.5110045185996603,-0.5475928126238362,Three-step,0.2,0.2,0.5,0.5,3411,0.0,0.0,0.0,wrong,wrong,1.5
231,0.26003502008036633,-0.5215980892167377,-0.5074004192535948,Three-step,0.2,0.2,0.5,0.5,3411,0.0,0.0,0.0,wrong,wrong,1.5
232,-0.21814279299356537,-0.5516888132044219,-0.5336032415058862,Three-step,0.2,0.2,0.5,0.5,3411,0.0,0.0,0.0,wrong,wrong,1.5
233,-0.34031517589985616,-0.5388731980551761,-0.49970540838901467,Three-step,0.2,0.2,0.5,0.5,3411,0.0,0.0,0.0,wrong,wrong,1.5
234,-0.03999813309693596,-0.5329849104149383,-0.5118811936586223,Three-step,0.2,0.2,0.5,0.5,3411,0.0,0.0,0.0,wrong,wrong,1.5
235,-0.2184157846111672,-0.5272407191570954,-0.5205776626204408,Three-step,0.2,0.2,0.5,0.5,3411,0.0,0.0,0.0,wrong,wrong,1.5
236,-0.34283913286143936,-0.5370085821698596,-0.5165742564667951,Three-step,0.2,0.2,0.5,0.5,3411,0.0,0.0,0.0,wrong,wrong,1.5
237,-0.16740993603323887,-0.5326200612273917,-0.5063841963026973,Three-step,0.2,0.2,0.5,0.5,3411,0.0,0.0,0.0,wrong,wrong,1.5
238,0.10212976727121831,-0.508315166632934,-0.5284381116325748,Three-step,0.2,0.2,0.5,0.5,3411,0.0,0.0,0.0,wrong,wrong,1.5
239,-0.21652310218191828,-0.5674614187369549,-0.5401830805685073,Three-step,0.2,0.2,0.5,0.5,3411,0.0,0.0,0.0,wrong,wrong,1.5
240,-0.07643503216992155,-0.5324592226386201,-0.526058240860197,Three-step,0.2,0.2,0.5,0.5,3411,0.0,0.0,0.0,wrong,wrong,1.5
241,-0.1070546250172278,-0.47328918289710564,-0.512109613931676,Three-step,0.2,0.2,0.5,0.5,3411,0.0,0.0,0.0,wrong,wrong,1.5
242,0.26181943529705287,-0.4808867782526224,-0.5245211438060899,Three-step,0.2,0.2,0.5,0.5,3411,0.0,0.0,0.0,wrong,wrong,1.5
243,0.04796296994372371,-0.5070688018882833,-0.531103050259753,Three-step,0.2,0.2,0.5,0.5,3411,0.0,0.0,0.0,wrong,wrong,1.5
244,0.10110246261598,-0.5253795168177808,-0.49769025548421075,Three-step,0.2,0.2,0.5,0.5,3411,0.0,0.0,0.0,wrong,wrong,1.5
245,0.05229955242353818,-0.5337501076177462,-0.5237828613353461,Three-step,0.2,0.2,0.5,0.5,3411,0.0,0.0,0.0,wrong,wrong,1.5
246,-0.5336967619224265,-0.5500790219101148,-0.5396220403396517,Three-step,0.2,0.2,0.5,0.5,3411,0.0,0.0,0.0,wrong,wrong,1.5
247,-0.09285951575097504,-0.5375481080288,-0.5446933985416434,Three-step,0.2,0.2,0.5,0.5,3411,0.0,0.0,0.0,wrong,wrong,1.5
248,0.3222743961302113,-0.5492186365109447,-0.544830060356556,Three-step,0.2,0.2,0.5,0.5,3411,0.0,0.0,0.0,wrong,wrong,1.5
249,0.22882200538918746,-0.4692836143477101,-0.5258839686943498,Three-step,0.2,0.2,0.5,0.5,3411,0.0,0.0,0.0,wrong,wrong,1.5
250,-0.156118172589058,-0.5275433176141121,-0.5410179594568486,Three-step,0.2,0.2,0.5,0.5,3411,0.0,0.0,0.0,wrong,wrong,1.5
251,-0.08397613242929125,-0.49526682982389897,-0.5334010146987522,Three-step,0.2,0.2,0.5,0.5,3411,0.0,0.0,0.0,wrong,wrong,1.5
252,0.07641956527912822,-0.48652759841723725,-0.5261153646021455,Three-step,0.2,0.2,0.5,0.5,3411,0.0,0.0,0.0,wrong,wrong,1.5
253,-0.21319720842078632,-0.4838014063654857,-0.5130790785504566,Three-step,0.2,0.2,0.5,0.5,3411,0.0,0.0,0.0,wrong,wrong,1.5
254,0.15673991441116789,-0.5393126709845192,-0.5604535108704928,Three-step,0.2,0.2,0.5,0.5,3411,0.0,0.0,0.0,wrong,wrong,1.5
255,-0.04740097441358882,-0.5624324163359745,-0.5424298003420959,Three-step,0.2,0.2,0.5,0.5,3411,0.0,0.0,0.0,wrong,wrong,1.5
256,-0.2592898228345445,-0.5489399516180788,-0.5681221385468134,Three-step,0.2,0.2,0.5,0.5,3411,0.0,0.0,0.0,wrong,wrong,1.5
257,-0.05572001270908698,-0.4853227214821721,-0.5034974291765859,Three-step,0.2,0.2,0.5,0.5,3411,0.0,0.0,0.0,wrong,wrong,1.5
258,-0.4288552402152405,-0.5208079112341517,-0.5150865478029373,Three-step,0.2,0.2,0.5,0.5,3411,0.0,0.0,0.0,wrong,wrong,1.5
259,-0.10481954507536478,-0.5764904482580399,-0.5326351483848858,Three-step,0.2,0.2,0.5,0.5,3411,0.0,0.0,0.0,wrong,wrong,1.5
260,-0.12798097941293207,-0.5443247073798514,-0.5522265074262467,Three-step,0.2,0.2,0.5,0.5,3411,0.0,0.0,0.0,wrong,wrong,1.5
261,0.0737090500088589,-0.5120383678768863,-0.5179768588123378,Three-step,0.2,0.2,0.5,0.5,3411,0.0,0.0,0.0,wrong,wrong,1.5
262,-0.16789160526016242,-0.46925200001036044,-0.5089563905994171,Three-step,0.2,0.2,0.5,0.5,3411,0.0,0.0,0.0,wrong,wrong,1.5
263,-0.21623439568171285,-0.567150981638837,-0.5264997191364686,Three-step,0.2,0.2,0.5,0.5,3411,0.0,0.0,0.0,wrong,wrong,1.5
264,0.11488445392032433,-0.47116938330190283,-0.5295229030197597,Three-step,0.2,0.2,0.5,0.5,3411,0.0,0.0,0.0,wrong,wrong,1.5
265,-0.0988034987167917,-0.4922242486135216,-0.5329017984778589,Three-step,0.2,0.2,0.5,0.5,3411,0.0,0.0,0.0,wrong,wrong,1.5
266,-0.009898992235281678,-0.520713714647348,-0.5420268448614938,Three-step,0.2,0.2,0.5,0.5,3411,0.0,0.0,0.0,wrong,wrong,1.5
267,-0.08362606654818527,-0.5159102317092307,-0.530287425486356,Three-step,0.2,0.2,0.5,0.5,3411,0.0,0.0,0.0,wrong,wrong,1.5
268,-0.20291767279715803,-0.496069647178803,-0.5198605740314529,Three-step,0.2,0.2,0.5,0.5,3411,0.0,0.0,0.0,wrong,wrong,1.5
269,-0.27760061017387977,-0.48834814674376137,-0.5077259585564767,Three-step,0.2,0.2,0.5,0.5,3411,0.0,0.0,0.0,wrong,wrong,1.5
270,0.07846195895640215,-0.570643874420777,-0.49509907574429446,Three-step,0.2,0.2,0.5,0.5,3411,0.0,0.0,0.0,wrong,wrong,1.5
271,0.09081485645556832,-0.526468457642952,-0.5295309111276892,Three-step,0.2,0.2,0.5,0.5,3411,0.0,0.0,0.0,wrong,wrong,1.5
272,-0.3212220616132978,-0.5520905041874766,-0.5639163634152721,Three-step,0.2,0.2,0.5,0.5,3411,0.0,0.0,0.0,wrong,wrong,1.5
273,0.07074057906014627,-0.5408746406675544,-0.5383099841644152,Three-step,0.2,0.2,0.5,0.5,3411,0.0,0.0,0.0,wrong,wrong,1.5
274,-0.07627649843909082,-0.4758455591894095,-0.5501151909141343,Three-step,0.2,0.2,0.5,0.5,3411,0.0,0.0,0.0,wrong,wrong,1.5
275,0.04338763685335764,-0.4774318300578186,-0.5240406731041628,Three-step,0.2,0.2,0.5,0.5,3411,0.0,0.0,0.0,wrong,wrong,1.5
276,0.05261304168367697,-0.563512647464489,-0.5332522568587994,Three-step,0.2,0.2,0.5,0.5,3411,0.0,0.0,0.0,wrong,wrong,1.5
277,0.3346206925708173,-0.5018664553576502,-0.5237060565839148,Three-step,0.2,0.2,0.5,0.5,3411,0.0,0.0,0.0,wrong,wrong,1.5
278,0.19456596350368713,-0.5263354322588972,-0.5130844146685672,Three-step,0.2,0.2,0.5,0.5,3411,0.0,0.0,0.0,wrong,wrong,1.5
279,0.03612882593984252,-0.5284517258205749,-0.5304717064554284,Three-step,0.2,0.2,0.5,0.5,3411,0.0,0.0,0.0,wrong,wrong,1.5
280,0.003572299513705556,-0.48187200034978195,-0.5192307395252375,Three-step,0.2,0.2,0.5,0.5,3411,0.0,0.0,0.0,wrong,wrong,1.5
281,0.3047105778268041,-0.46664462286082964,-0.4912866217561877,Three-step,0.2,0.2,0.5,0.5,3411,0.0,0.0,0.0,wrong,wrong,1.5
282,0.24974129217920046,-0.5723788021059854,-0.533777299183356,Three-step,0.2,0.2,0.5,0.5,3411,0.0,0.0,0.0,wrong,wrong,1.5
283,0.31081475961731236,-0.5120483591554233,-0.5356527586124596,Three-step,0.2,0.2,0.5,0.5,3411,0.0,0.0,0.0,wrong,wrong,1.5
284,-0.12298563004915956,-0.5158785938716739,-0.5345009404284449,Three-step,0.2,0.2,0.5,0.5,3411,0.0,0.0,0.0,wrong,wrong,1.5
285,-0.02031948215038865,-0.5753676074653458,-0.5384780791651113,Three-step,0.2,0.2,0.5,0.5,3411,0.0,0.0,0.0,wrong,wrong,1.5
286,-0.01484765306322288,-0.5607642874281017,-0.5240446572357403,Three-step,0.2,0.2,0.5,0.5,3411,0.0,0.0,0.0,wrong,wrong,1.5
287,0.25889088882008754,-0.520361875039903,-0.5312959295150103,Three-step,0.2,0.2,0.5,0.5,3411,0.0,0.0,0.0,wrong,wrong,1.5
288,-0.45016687604583316,-0.5480039110170805,-0.523486521299075,Three-step,0.2,0.2,0.5,0.5,3411,0.0,0.0,0.0,wrong,wrong,1.5
289,-0.38760395695121475,-0.4839776419195469,-0.5010688779832079,Three-step,0.2,0.2,0.5,0.5,3411,0.0,0.0,0.0,wrong,wrong,1.5
290,-0.2959498132497839,-0.5279414619487195,-0.5583954293691663,Three-step,0.2,0.2,0.5,0.5,3411,0.0,0.0,0.0,wrong,wrong,1.5
291,0.43921169708348745,-0.5372751076441966,-0.5071146157554408,Three-step,0.2,0.2,0.5,0.5,3411,0.0,0.0,0.0,wrong,wrong,1.5
292,0.49527294038971265,-0.4980610502667353,-0.5209978619650879,Three-step,0.2,0.2,0.5,0.5,3411,0.0,0.0,0.0,wrong,wrong,1.5
293,-0.28253146907495286,-0.5414656025772996,-0.5128412940294411,Three-step,0.2,0.2,0.5,0.5,3411,0.0,0.0,0.0,wrong,wrong,1.5
294,0.21582830313559018,-0.5383924319327927,-0.5199378907095534,Three-step,0.2,0.2,0.5,0.5,3411,0.0,0.0,0.0,wrong,wrong,1.5
295,0.09116987840208075,-0.5039221328598947,-0.5196558932295895,Three-step,0.2,0.2,0.5,0.5,3411,0.0,0.0,0.0,wrong,wrong,1.5
296,0.14154434769856686,-0.5305897144037426,-0.5256868936998615,Three-step,0.2,0.2,0.5,0.5,3411,0.0,0.0,0.0,wrong,wrong,1.5
297,-0.13912186658073356,-0.5364994558232575,-0.5388789886820509,Three-step,0.2,0.2,0.5,0.5,3411,0.0,0.0,0.0,wrong,wrong,1.5
298,0.4574564166811515,-0.5064566366876199,-0.5201119766271285,Three-step,0.2,0.2,0.5,0.5,3411,0.0,0.0,0.0,wrong,wrong,1.5
299,-0.10112725478730523,-0.46198106295654046,-0.5423650406060191,Three-step,0.2,0.2,0.5,0.5,3411,0.0,0.0,0.0,wrong,wrong,1.5
300,0.011082183406167597,-0.546085371863444,-0.5180822795779618,Three-step,0.2,0.2,0.5,0.5,3411,0.0,0.0,0.0,wrong,wrong,1.5
1,-0.17929495127175984,-0.6070049069554918,-0.49896596091437234,Robins' estimator,0.2,0.2,0.5,0.5,3411,0.0,0.0,0.0,wrong,wrong,1.5
2,-0.10780927599559353,-0.5094363243713328,-0.5009373565284352,Robins' estimator,0.2,0.2,0.5,0.5,3411,0.0,0.0,0.0,wrong,wrong,1.5
3,-0.40814862953355746,-0.49489467646634067,-0.5236694914022413,Robins' estimator,0.2,0.2,0.5,0.5,3411,0.0,0.0,0.0,wrong,wrong,1.5
4,0.2787080555060917,-0.5284108917435996,-0.5231453436422534,Robins' estimator,0.2,0.2,0.5,0.5,3411,0.0,0.0,0.0,wrong,wrong,1.5
5,-0.3153816378869792,-0.5081570576937224,-0.5588063734874356,Robins' estimator,0.2,0.2,0.5,0.5,3411,0.0,0.0,0.0,wrong,wrong,1.5
6,0.27909568622523545,-0.517226265163947,-0.503578085451996,Robins' estimator,0.2,0.2,0.5,0.5,3411,0.0,0.0,0.0,wrong,wrong,1.5
7,0.4611601293592714,-0.5409347483514757,-0.5213961630486533,Robins' estimator,0.2,0.2,0.5,0.5,3411,0.0,0.0,0.0,wrong,wrong,1.5
8,-0.28756884657734216,-0.5365467826978231,-0.5142919135922153,Robins' estimator,0.2,0.2,0.5,0.5,3411,0.0,0.0,0.0,wrong,wrong,1.5
9,-0.1996686499278085,-0.5248444776426381,-0.49892252420954575,Robins' estimator,0.2,0.2,0.5,0.5,3411,0.0,0.0,0.0,wrong,wrong,1.5
10,-0.2976778180271149,-0.5580299701480822,-0.5268615944965415,Robins' estimator,0.2,0.2,0.5,0.5,3411,0.0,0.0,0.0,wrong,wrong,1.5
11,0.2246456909188902,-0.5249143760157865,-0.5086046136187745,Robins' estimator,0.2,0.2,0.5,0.5,3411,0.0,0.0,0.0,wrong,wrong,1.5
12,-0.0108092312826379,-0.5462491602457724,-0.5028230391187182,Robins' estimator,0.2,0.2,0.5,0.5,3411,0.0,0.0,0.0,wrong,wrong,1.5
13,0.3254836949343717,-0.5107441776900876,-0.52329631472829,Robins' estimator,0.2,0.2,0.5,0.5,3411,0.0,0.0,0.0,wrong,wrong,1.5
14,-0.31129985236972985,-0.5792668640310535,-0.5340981041648011,Robins' estimator,0.2,0.2,0.5,0.5,3411,0.0,0.0,0.0,wrong,wrong,1.5
15,-0.251712179485874,-0.5552380834104084,-0.5209760399126868,Robins' estimator,0.2,0.2,0.5,0.5,3411,0.0,0.0,0.0,wrong,wrong,1.5
16,-0.23709381322491296,-0.5430705876197941,-0.5572164397056968,Robins' estimator,0.2,0.2,0.5,0.5,3411,0.0,0.0,0.0,wrong,wrong,1.5
17,0.4738274142999079,-0.47302013954929195,-0.5115197035815805,Robins' estimator,0.2,0.2,0.5,0.5,3411,0.0,0.0,0.0,wrong,wrong,1.5
18,0.05838531070838542,-0.5685857447560065,-0.5423631165328131,Robins' estimator,0.2,0.2,0.5,0.5,3411,0.0,0.0,0.0,wrong,wrong,1.5
19,0.009934163282209753,-0.5141178791132034,-0.5239620814791792,Robins' estimator,0.2,0.2,0.5,0.5,3411,0.0,0.0,0.0,wrong,wrong,1.5
20,-0.05034175600664664,-0.49292301858733656,-0.49713697544883995,Robins' estimator,0.2,0.2,0.5,0.5,3411,0.0,0.0,0.0,wrong,wrong,1.5
21,0.05049864795812055,-0.5117368682790656,-0.504530764151556,Robins' estimator,0.2,0.2,0.5,0.5,3411,0.0,0.0,0.0,wrong,wrong,1.5
22,0.058970191480140856,-0.5195245638641173,-0.5008853518933114,Robins' estimator,0.2,0.2,0.5,0.5,3411,0.0,0.0,0.0,wrong,wrong,1.5
23,-0.10249545734329553,-0.4925135427323214,-0.499515929536185,Robins' estimator,0.2,0.2,0.5,0.5,3411,0.0,0.0,0.0,wrong,wrong,1.5
24,0.4316385822952297,-0.5470527173733782,-0.5324535512348895,Robins' estimator,0.2,0.2,0.5,0.5,3411,0.0,0.0,0.0,wrong,wrong,1.5
25,-0.04334402191358313,-0.4777458977114758,-0.5501000812500925,Robins' estimator,0.2,0.2,0.5,0.5,3411,0.0,0.0,0.0,wrong,wrong,1.5
26,-0.08626829871111029,-0.5317520397091674,-0.5415353559449414,Robins' estimator,0.2,0.2,0.5,0.5,3411,0.0,0.0,0.0,wrong,wrong,1.5
27,0.04807553354285425,-0.5307706464491917,-0.5222661349339549,Robins' estimator,0.2,0.2,0.5,0.5,3411,0.0,0.0,0.0,wrong,wrong,1.5
28,-0.12852118276649221,-0.5199931390939587,-0.5370669800404844,Robins' estimator,0.2,0.2,0.5,0.5,3411,0.0,0.0,0.0,wrong,wrong,1.5
29,0.045813649220074075,-0.5625571933985327,-0.5160851878065089,Robins' estimator,0.2,0.2,0.5,0.5,3411,0.0,0.0,0.0,wrong,wrong,1.5
30,-0.20333339757058805,-0.5124451745156217,-0.5154565516374312,Robins' estimator,0.2,0.2,0.5,0.5,3411,0.0,0.0,0.0,wrong,wrong,1.5
31,0.10265685196610541,-0.48360055271739333,-0.48994469955508196,Robins' estimator,0.2,0.2,0.5,0.5,3411,0.0,0.0,0.0,wrong,wrong,1.5
32,-0.08178280180204281,-0.5781969437555367,-0.5292909931198327,Robins' estimator,0.2,0.2,0.5,0.5,3411,0.0,0.0,0.0,wrong,wrong,1.5
33,0.17133910304087008,-0.4903827771583321,-0.5216052707760254,Robins' estimator,0.2,0.2,0.5,0.5,3411,0.0,0.0,0.0,wrong,wrong,1.5
34,0.09631514845864672,-0.5966975636117381,-0.5371118251758297,Robins' estimator,0.2,0.2,0.5,0.5,3411,0.0,0.0,0.0,wrong,wrong,1.5
35,0.04919373696171916,-0.4913501859254822,-0.5282407792271665,Robins' estimator,0.2,0.2,0.5,0.5,3411,0.0,0.0,0.0,wrong,wrong,1.5
36,0.1227953855735759,-0.5231737300922026,-0.5573118600368678,Robins' estimator,0.2,0.2,0.5,0.5,3411,0.0,0.0,0.0,wrong,wrong,1.5
37,-0.17632216440149284,-0.5283245294116494,-0.5467082853828208,Robins' estimator,0.2,0.2,0.5,0.5,3411,0.0,0.0,0.0,wrong,wrong,1.5
38,-0.18838714167114576,-0.5632754437100135,-0.5381885712885248,Robins' estimator,0.2,0.2,0.5,0.5,3411,0.0,0.0,0.0,wrong,wrong,1.5
39,-0.2441811908950551,-0.5667825032196749,-0.5411853005755095,Robins' estimator,0.2,0.2,0.5,0.5,3411,0.0,0.0,0.0,wrong,wrong,1.5
40,0.11572356561130381,-0.47556115326533893,-0.5262531102260176,Robins' estimator,0.2,0.2,0.5,0.5,3411,0.0,0.0,0.0,wrong,wrong,1.5
41,-0.09588220668591399,-0.5487239294960793,-0.5004977310609015,Robins' estimator,0.2,0.2,0.5,0.5,3411,0.0,0.0,0.0,wrong,wrong,1.5
42,0.32424181789423506,-0.5293381170979687,-0.524937419776077,Robins' estimator,0.2,0.2,0.5,0.5,3411,0.0,0.0,0.0,wrong,wrong,1.5
43,-0.04975640485276597,-0.5574817513433412,-0.5124836632286023,Robins' estimator,0.2,0.2,0.5,0.5,3411,0.0,0.0,0.0,wrong,wrong,1.5
44,0.5028235954223945,-0.5544134917364499,-0.5069687998080867,Robins' estimator,0.2,0.2,0.5,0.5,3411,0.0,0.0,0.0,wrong,wrong,1.5
45,0.08741989147188887,-0.5310777998923726,-0.5255420022168776,Robins' estimator,0.2,0.2,0.5,0.5,3411,0.0,0.0,0.0,wrong,wrong,1.5
46,0.07179646258244485,-0.535974713310219,-0.49335693765678007,Robins' estimator,0.2,0.2,0.5,0.5,3411,0.0,0.0,0.0,wrong,wrong,1.5
47,0.0976402883580614,-0.497443393637821,-0.4724457295520906,Robins' estimator,0.2,0.2,0.5,0.5,3411,0.0,0.0,0.0,wrong,wrong,1.5
48,0.1513526915896231,-0.4977561616715075,-0.5203817486019603,Robins' estimator,0.2,0.2,0.5,0.5,3411,0.0,0.0,0.0,wrong,wrong,1.5
49,-0.2358743768020263,-0.5297865942440333,-0.48175836066194344,Robins' estimator,0.2,0.2,0.5,0.5,3411,0.0,0.0,0.0,wrong,wrong,1.5
50,-0.3168215365858616,-0.5337290248529727,-0.5234969452291045,Robins' estimator,0.2,0.2,0.5,0.5,3411,0.0,0.0,0.0,wrong,wrong,1.5
51,0.06593733267565778,-0.5024754376941368,-0.5295618920514841,Robins' estimator,0.2,0.2,0.5,0.5,3411,0.0,0.0,0.0,wrong,wrong,1.5
52,0.021864603185738744,-0.5092922066164579,-0.5387722016546032,Robins' estimator,0.2,0.2,0.5,0.5,3411,0.0,0.0,0.0,wrong,wrong,1.5
53,0.16957756899824591,-0.500866611898835,-0.5016002505593506,Robins' estimator,0.2,0.2,0.5,0.5,3411,0.0,0.0,0.0,wrong,wrong,1.5
54,0.022753834186845172,-0.49033081687634456,-0.5156377089995262,Robins' estimator,0.2,0.2,0.5,0.5,3411,0.0,0.0,0.0,wrong,wrong,1.5
55,-0.23717505641423073,-0.4989347435637226,-0.5202228309013459,Robins' estimator,0.2,0.2,0.5,0.5,3411,0.0,0.0,0.0,wrong,wrong,1.5
56,-0.2147217890452295,-0.5041996983393698,-0.5494896424388175,Robins' estimator,0.2,0.2,0.5,0.5,3411,0.0,0.0,0.0,wrong,wrong,1.5
57,-0.32539593493572894,-0.5829121694627374,-0.5430118677423335,Robins' estimator,0.2,0.2,0.5,0.5,3411,0.0,0.0,0.0,wrong,wrong,1.5
58,-0.2930759081618461,-0.5705056819250118,-0.5533827374900769,Robins' estimator,0.2,0.2,0.5,0.5,3411,0.0,0.0,0.0,wrong,wrong,1.5
59,0.510967984584277,-0.49666902127192303,-0.5014930252649709,Robins' estimator,0.2,0.2,0.5,0.5,3411,0.0,0.0,0.0,wrong,wrong,1.5
60,0.00878302599587718,-0.49456533123859836,-0.5223364267773529,Robins' estimator,0.2,0.2,0.5,0.5,3411,0.0,0.0,0.0,wrong,wrong,1.5
61,0.05202435367226367,-0.5309391039115368,-0.5253736806136886,Robins' estimator,0.2,0.2,0.5,0.5,3411,0.0,0.0,0.0,wrong,wrong,1.5
62,-0.018924831838634717,-0.5246423603135753,-0.4898148703866759,Robins' estimator,0.2,0.2,0.5,0.5,3411,0.0,0.0,0.0,wrong,wrong,1.5
63,-0.2443138883864416,-0.5199155641692284,-0.5285016587260318,Robins' estimator,0.2,0.2,0.5,0.5,3411,0.0,0.0,0.0,wrong,wrong,1.5
64,-0.01872651100655674,-0.49298005084177854,-0.5192488823841667,Robins' estimator,0.2,0.2,0.5,0.5,3411,0.0,0.0,0.0,wrong,wrong,1.5
65,-0.3566358455470435,-0.5487312410405727,-0.4883286469396544,Robins' estimator,0.2,0.2,0.5,0.5,3411,0.0,0.0,0.0,wrong,wrong,1.5
66,0.05058579754864135,-0.4746707538098554,-0.5114208299167378,Robins' estimator,0.2,0.2,0.5,0.5,3411,0.0,0.0,0.0,wrong,wrong,1.5
67,0.27965264190196204,-0.5735564147405363,-0.5284717366327649,Robins' estimator,0.2,0.2,0.5,0.5,3411,0.0,0.0,0.0,wrong,wrong,1.5
68,0.03662868795253429,-0.4985935322585474,-0.5405357991545987,Robins' estimator,0.2,0.2,0.5,0.5,3411,0.0,0.0,0.0,wrong,wrong,1.5
69,-0.23074759836469222,-0.5498558827693983,-0.5195159385966843,Robins' estimator,0.2,0.2,0.5,0.5,3411,0.0,0.0,0.0,wrong,wrong,1.5
70,-0.0703890061510295,-0.5391019866240333,-0.5203986930136655,Robins' estimator,0.2,0.2,0.5,0.5,3411,0.0,0.0,0.0,wrong,wrong,1.5
71,-0.1870062052865377,-0.5398972566923438,-0.5042485443568431,Robins' estimator,0.2,0.2,0.5,0.5,3411,0.0,0.0,0.0,wrong,wrong,1.5
72,-0.1684929124110813,-0.5711005007315232,-0.5738257977943936,Robins' estimator,0.2,0.2,0.5,0.5,3411,0.0,0.0,0.0,wrong,wrong,1.5
73,-0.012151215949734711,-0.5055302613647304,-0.5409537594038528,Robins' estimator,0.2,0.2,0.5,0.5,3411,0.0,0.0,0.0,wrong,wrong,1.5
74,-0.4611111231188823,-0.551274186109541,-0.5074862785500285,Robins' estimator,0.2,0.2,0.5,0.5,3411,0.0,0.0,0.0,wrong,wrong,1.5
75,-0.0505198128110469,-0.5267101929354329,-0.5081808096597809,Robins' estimator,0.2,0.2,0.5,0.5,3411,0.0,0.0,0.0,wrong,wrong,1.5
76,0.04154580366335932,-0.5459952311733619,-0.5182087030851426,Robins' estimator,0.2,0.2,0.5,0.5,3411,0.0,0.0,0.0,wrong,wrong,1.5
77,-0.2731637939763826,-0.5226733639809085,-0.5580967242497569,Robins' estimator,0.2,0.2,0.5,0.5,3411,0.0,0.0,0.0,wrong,wrong,1.5
78,-0.5685591194295552,-0.5629889746073805,-0.5660272709660882,Robins' estimator,0.2,0.2,0.5,0.5,3411,0.0,0.0,0.0,wrong,wrong,1.5
79,0.0018228348111101005,-0.5452600855024631,-0.4765182783437132,Robins' estimator,0.2,0.2,0.5,0.5,3411,0.0,0.0,0.0,wrong,wrong,1.5
80,0.08036028537051003,-0.5507877870986445,-0.5588712263062104,Robins' estimator,0.2,0.2,0.5,0.5,3411,0.0,0.0,0.0,wrong,wrong,1.5
81,-0.262441410273212,-0.5538259525866847,-0.5503328413946846,Robins' estimator,0.2,0.2,0.5,0.5,3411,0.0,0.0,0.0,wrong,wrong,1.5
82,0.16333447760475653,-0.4765581988000987,-0.5140370907054349,Robins' estimator,0.2,0.2,0.5,0.5,3411,0.0,0.0,0.0,wrong,wrong,1.5
83,-0.1008713934444608,-0.5238577781301812,-0.5248301655367255,Robins' estimator,0.2,0.2,0.5,0.5,3411,0.0,0.0,0.0,wrong,wrong,1.5
84,-0.2462263097754756,-0.5473866187715543,-0.5186012393479018,Robins' estimator,0.2,0.2,0.5,0.5,3411,0.0,0.0,0.0,wrong,wrong,1.5
85,-0.3129233997122663,-0.547073017597746,-0.5498653808286449,Robins' estimator,0.2,0.2,0.5,0.5,3411,0.0,0.0,0.0,wrong,wrong,1.5
86,-0.22693253300857155,-0.5296415256748589,-0.549811483856841,Robins' estimator,0.2,0.2,0.5,0.5,3411,0.0,0.0,0.0,wrong,wrong,1.5
87,-0.10812678247348508,-0.5857659224341177,-0.5147843835078979,Robins' estimator,0.2,0.2,0.5,0.5,3411,0.0,0.0,0.0,wrong,wrong,1.5
88,0.23537706195361546,-0.5083706949999509,-0.5150545229106428,Robins' estimator,0.2,0.2,0.5,0.5,3411,0.0,0.0,0.0,wrong,wrong,1.5
89,-0.019746222354907556,-0.5561881821990768,-0.5023653069443732,Robins' estimator,0.2,0.2,0.5,0.5,3411,0.0,0.0,0.0,wrong,wrong,1.5
90,0.05145433369464651,-0.5603271096082824,-0.4997791328069405,Robins' estimator,0.2,0.2,0.5,0.5,3411,0.0,0.0,0.0,wrong,wrong,1.5
91,0.00839536668003657,-0.5122964631994746,-0.5289150584020101,Robins' estimator,0.2,0.2,0.5,0.5,3411,0.0,0.0,0.0,wrong,wrong,1.5
92,-0.5501851435741887,-0.5206868822795047,-0.549937500538838,Robins' estimator,0.2,0.2,0.5,0.5,3411,0.0,0.0,0.0,wrong,wrong,1.5
93,-0.013675633435867906,-0.4937353930348479,-0.5528133922927927,Robins' estimator,0.2,0.2,0.5,0.5,3411,0.0,0.0,0.0,wrong,wrong,1.5
94,-0.25993317991372045,-0.5444362307747161,-0.5104368315606214,Robins' estimator,0.2,0.2,0.5,0.5,3411,0.0,0.0,0.0,wrong,wrong,1.5
95,-0.12473188826299378,-0.5177381802944171,-0.5038247771979895,Robins' estimator,0.2,0.2,0.5,0.5,3411,0.0,0.0,0.0,wrong,wrong,1.5
96,-0.11492117894925079,-0.5657256986051307,-0.5405128204066182,Robins' estimator,0.2,0.2,0.5,0.5,3411,0.0,0.0,0.0,wrong,wrong,1.5
97,-0.2867473252004896,-0.5386257455724626,-0.5177223765037372,Robins' estimator,0.2,0.2,0.5,0.5,3411,0.0,0.0,0.0,wrong,wrong,1.5
98,0.11184213540350627,-0.47848797874055815,-0.5320135820428809,Robins' estimator,0.2,0.2,0.5,0.5,3411,0.0,0.0,0.0,wrong,wrong,1.5
99,-0.29847875175218685,-0.5362682100042447,-0.4878660651807086,Robins' estimator,0.2,0.2,0.5,0.5,3411,0.0,0.0,0.0,wrong,wrong,1.5
100,-0.05016807482306273,-0.5058096911809608,-0.5266227986318535,Robins' estimator,0.2,0.2,0.5,0.5,3411,0.0,0.0,0.0,wrong,wrong,1.5
101,-0.004013486230006768,-0.5541788246870459,-0.5331423211656323,Robins' estimator,0.2,0.2,0.5,0.5,3411,0.0,0.0,0.0,wrong,wrong,1.5
102,0.16166069377184109,-0.5471129837025318,-0.541172185516963,Robins' estimator,0.2,0.2,0.5,0.5,3411,0.0,0.0,0.0,wrong,wrong,1.5
103,0.01077258864910906,-0.5409538574551396,-0.5084440022286746,Robins' estimator,0.2,0.2,0.5,0.5,3411,0.0,0.0,0.0,wrong,wrong,1.5
104,-0.5079262226925709,-0.5007757331796777,-0.5240073594602093,Robins' estimator,0.2,0.2,0.5,0.5,3411,0.0,0.0,0.0,wrong,wrong,1.5
105,-0.2106776233133502,-0.541716779291217,-0.5721458296558554,Robins' estimator,0.2,0.2,0.5,0.5,3411,0.0,0.0,0.0,wrong,wrong,1.5
106,-0.31443484863502735,-0.5798329343159396,-0.5575654981516692,Robins' estimator,0.2,0.2,0.5,0.5,3411,0.0,0.0,0.0,wrong,wrong,1.5
107,-0.543151399449775,-0.5618161583929172,-0.4863021125858802,Robins' estimator,0.2,0.2,0.5,0.5,3411,0.0,0.0,0.0,wrong,wrong,1.5
108,-0.1583238658311395,-0.5198992808844862,-0.4832937918586751,Robins' estimator,0.2,0.2,0.5,0.5,3411,0.0,0.0,0.0,wrong,wrong,1.5
109,0.009113787384259903,-0.5106827440287537,-0.5041128791491958,Robins' estimator,0.2,0.2,0.5,0.5,3411,0.0,0.0,0.0,wrong,wrong,1.5
110,0.34045678055840106,-0.5671884118387798,-0.5034934004913771,Robins' estimator,0.2,0.2,0.5,0.5,3411,0.0,0.0,0.0,wrong,wrong,1.5
111,0.12846853715203313,-0.5063556184448555,-0.5266751487752878,Robins' estimator,0.2,0.2,0.5,0.5,3411,0.0,0.0,0.0,wrong,wrong,1.5
112,-0.12188349738717488,-0.5355439184405956,-0.5322033909558399,Robins' estimator,0.2,0.2,0.5,0.5,3411,0.0,0.0,0.0,wrong,wrong,1.5
113,-0.42670082255912384,-0.5181134704798103,-0.5131395419840974,Robins' estimator,0.2,0.2,0.5,0.5,3411,0.0,0.0,0.0,wrong,wrong,1.5
114,0.2886910485994994,-0.5340152062778573,-0.5431493606959609,Robins' estimator,0.2,0.2,0.5,0.5,3411,0.0,0.0,0.0,wrong,wrong,1.5
115,0.17309171392573736,-0.5345602228202225,-0.5287432584525669,Robins' estimator,0.2,0.2,0.5,0.5,3411,0.0,0.0,0.0,wrong,wrong,1.5
116,-0.04349367365186589,-0.5140921611553427,-0.5406789438184975,Robins' estimator,0.2,0.2,0.5,0.5,3411,0.0,0.0,0.0,wrong,wrong,1.5
117,-0.5216166975027854,-0.607455246269294,-0.5283288046856645,Robins' estimator,0.2,0.2,0.5,0.5,3411,0.0,0.0,0.0,wrong,wrong,1.5
118,-0.19617140194146485,-0.5712755396017679,-0.5428425539566715,Robins' estimator,0.2,0.2,0.5,0.5,3411,0.0,0.0,0.0,wrong,wrong,1.5
119,-0.057550044662337665,-0.5304301234799094,-0.5272145693330741,Robins' estimator,0.2,0.2,0.5,0.5,3411,0.0,0.0,0.0,wrong,wrong,1.5
120,-0.22588874991223476,-0.5192976037895763,-0.5059097752148133,Robins' estimator,0.2,0.2,0.5,0.5,3411,0.0,0.0,0.0,wrong,wrong,1.5
121,-0.006841011674402931,-0.4939504239498036,-0.49750047788204677,Robins' estimator,0.2,0.2,0.5,0.5,3411,0.0,0.0,0.0,wrong,wrong,1.5
122,0.4993907809956598,-0.533567235157742,-0.5200915414197498,Robins' estimator,0.2,0.2,0.5,0.5,3411,0.0,0.0,0.0,wrong,wrong,1.5
123,0.2764625870880571,-0.4858578226801038,-0.5085726378608466,Robins' estimator,0.2,0.2,0.5,0.5,3411,0.0,0.0,0.0,wrong,wrong,1.5
124,-0.046653387647446976,-0.5498506594684471,-0.5506792080779966,Robins' estimator,0.2,0.2,0.5,0.5,3411,0.0,0.0,0.0,wrong,wrong,1.5
125,-0.13683074972732184,-0.5017772618175903,-0.49985814028678716,Robins' estimator,0.2,0.2,0.5,0.5,3411,0.0,0.0,0.0,wrong,wrong,1.5
126,-0.10756878888446156,-0.5341804337756172,-0.5177448496775279,Robins' estimator,0.2,0.2,0.5,0.5,3411,0.0,0.0,0.0,wrong,wrong,1.5
127,-0.0006629708406534423,-0.5159430486431268,-0.505431242210588,Robins' estimator,0.2,0.2,0.5,0.5,3411,0.0,0.0,0.0,wrong,wrong,1.5
128,0.3108513954256084,-0.54204442589766,-0.4920587875484468,Robins' estimator,0.2,0.2,0.5,0.5,3411,0.0,0.0,0.0,wrong,wrong,1.5
129,-0.026235300965514817,-0.5173047315349752,-0.4938616483164826,Robins' estimator,0.2,0.2,0.5,0.5,3411,0.0,0.0,0.0,wrong,wrong,1.5
130,-0.17376976497008573,-0.583885044603492,-0.5462746285461926,Robins' estimator,0.2,0.2,0.5,0.5,3411,0.0,0.0,0.0,wrong,wrong,1.5
131,-0.03918114173069293,-0.5264727770710015,-0.5239476677163923,Robins' estimator,0.2,0.2,0.5,0.5,3411,0.0,0.0,0.0,wrong,wrong,1.5
132,-0.44756732399677335,-0.5437469083268767,-0.5145768614729509,Robins' estimator,0.2,0.2,0.5,0.5,3411,0.0,0.0,0.0,wrong,wrong,1.5
133,-0.10435348648516506,-0.5555441504662615,-0.5182952910713869,Robins' estimator,0.2,0.2,0.5,0.5,3411,0.0,0.0,0.0,wrong,wrong,1.5
134,0.015005208423110128,-0.5481810347048014,-0.5068329919371594,Robins' estimator,0.2,0.2,0.5,0.5,3411,0.0,0.0,0.0,wrong,wrong,1.5
135,0.13153018806441394,-0.5435307431922461,-0.538360857360281,Robins' estimator,0.2,0.2,0.5,0.5,3411,0.0,0.0,0.0,wrong,wrong,1.5
136,-0.22290259862915862,-0.5410354805379182,-0.5291741928465583,Robins' estimator,0.2,0.2,0.5,0.5,3411,0.0,0.0,0.0,wrong,wrong,1.5
137,-0.021335099719746,-0.5032015679667741,-0.5285154808718308,Robins' estimator,0.2,0.2,0.5,0.5,3411,0.0,0.0,0.0,wrong,wrong,1.5
138,0.3758571570382533,-0.5235859174439765,-0.5171852667023418,Robins' estimator,0.2,0.2,0.5,0.5,3411,0.0,0.0,0.0,wrong,wrong,1.5
139,-0.1901615466408622,-0.5388339701709621,-0.5411689717548744,Robins' estimator,0.2,0.2,0.5,0.5,3411,0.0,0.0,0.0,wrong,wrong,1.5
140,0.32778648078734307,-0.5216896706662121,-0.5040139203050973,Robins' estimator,0.2,0.2,0.5,0.5,3411,0.0,0.0,0.0,wrong,wrong,1.5
141,-0.005831462701206421,-0.5465220257284277,-0.5178855719372779,Robins' estimator,0.2,0.2,0.5,0.5,3411,0.0,0.0,0.0,wrong,wrong,1.5
142,0.10529809175194499,-0.5562788568308251,-0.504334481648753,Robins' estimator,0.2,0.2,0.5,0.5,3411,0.0,0.0,0.0,wrong,wrong,1.5
143,0.18450311616553722,-0.4967636904243678,-0.5190817098126694,Robins' estimator,0.2,0.2,0.5,0.5,3411,0.0,0.0,0.0,wrong,wrong,1.5
144,0.26202249106641545,-0.48868632138007734,-0.5141497015724672,Robins' estimator,0.2,0.2,0.5,0.5,3411,0.0,0.0,0.0,wrong,wrong,1.5
145,0.20790250879050182,-0.5147181766940816,-0.469867733603023,Robins' estimator,0.2,0.2,0.5,0.5,3411,0.0,0.0,0.0,wrong,wrong,1.5
146,-0.15376083105413332,-0.5430218966199949,-0.5327347372516423,Robins' estimator,0.2,0.2,0.5,0.5,3411,0.0,0.0,0.0,wrong,wrong,1.5
147,-0.00200173591845346,-0.525303133395854,-0.5283942315802519,Robins' estimator,0.2,0.2,0.5,0.5,3411,0.0,0.0,0.0,wrong,wrong,1.5
148,0.18351926895893986,-0.5283749917126075,-0.5245604035334253,Robins' estimator,0.2,0.2,0.5,0.5,3411,0.0,0.0,0.0,wrong,wrong,1.5
149,-0.17125618088178182,-0.5451136950437834,-0.5146448437055748,Robins' estimator,0.2,0.2,0.5,0.5,3411,0.0,0.0,0.0,wrong,wrong,1.5
150,0.1550866425573977,-0.5353796236874839,-0.5310894583758807,Robins' estimator,0.2,0.2,0.5,0.5,3411,0.0,0.0,0.0,wrong,wrong,1.5
151,0.013116265853087129,-0.5424053246325288,-0.5382103059370074,Robins' estimator,0.2,0.2,0.5,0.5,3411,0.0,0.0,0.0,wrong,wrong,1.5
152,0.07844255835222984,-0.5461932997353665,-0.5166392929044594,Robins' estimator,0.2,0.2,0.5,0.5,3411,0.0,0.0,0.0,wrong,wrong,1.5
153,0.14945605160799638,-0.5264147186484415,-0.4974455320172126,Robins' estimator,0.2,0.2,0.5,0.5,3411,0.0,0.0,0.0,wrong,wrong,1.5
154,0.0041361816633068435,-0.4566137169721637,-0.5159963901995928,Robins' estimator,0.2,0.2,0.5,0.5,3411,0.0,0.0,0.0,wrong,wrong,1.5
155,0.0557354351285302,-0.5009741248254438,-0.5550614185790608,Robins' estimator,0.2,0.2,0.5,0.5,3411,0.0,0.0,0.0,wrong,wrong,1.5
156,0.3972962738119939,-0.5445357945681951,-0.4907912229432304,Robins' estimator,0.2,0.2,0.5,0.5,3411,0.0,0.0,0.0,wrong,wrong,1.5
157,-0.05450803548273331,-0.5099255362738161,-0.5597099197811285,Robins' estimator,0.2,0.2,0.5,0.5,3411,0.0,0.0,0.0,wrong,wrong,1.5
158,0.23346977863476892,-0.49660848328458823,-0.5153651979382239,Robins' estimator,0.2,0.2,0.5,0.5,3411,0.0,0.0,0.0,wrong,wrong,1.5
159,-0.010610518566316665,-0.43869681753285694,-0.5015665429380762,Robins' estimator,0.2,0.2,0.5,0.5,3411,0.0,0.0,0.0,wrong,wrong,1.5
160,0.14245127427474302,-0.5413042184038845,-0.49345951608534827,Robins' estimator,0.2,0.2,0.5,0.5,3411,0.0,0.0,0.0,wrong,wrong,1.5
161,0.0005142467258100273,-0.5041379699574305,-0.5433186334146816,Robins' estimator,0.2,0.2,0.5,0.5,3411,0.0,0.0,0.0,wrong,wrong,1.5
162,0.24553266034454133,-0.46426464935421385,-0.5508963839455827,Robins' estimator,0.2,0.2,0.5,0.5,3411,0.0,0.0,0.0,wrong,wrong,1.5
163,0.01514808022065421,-0.49464768079728727,-0.5223997868328067,Robins' estimator,0.2,0.2,0.5,0.5,3411,0.0,0.0,0.0,wrong,wrong,1.5
164,-0.5097453661084214,-0.5009680738306319,-0.5671689116327422,Robins' estimator,0.2,0.2,0.5,0.5,3411,0.0,0.0,0.0,wrong,wrong,1.5
165,-0.10337757295398996,-0.4994596640842134,-0.5303057790383489,Robins' estimator,0.2,0.2,0.5,0.5,3411,0.0,0.0,0.0,wrong,wrong,1.5
166,0.10741372778906862,-0.568270491321773,-0.5022269662585073,Robins' estimator,0.2,0.2,0.5,0.5,3411,0.0,0.0,0.0,wrong,wrong,1.5
167,-0.23973907143216786,-0.49301545444446043,-0.5403292324377009,Robins' estimator,0.2,0.2,0.5,0.5,3411,0.0,0.0,0.0,wrong,wrong,1.5
168,0.07407480706540238,-0.5630258779219374,-0.555272585139019,Robins' estimator,0.2,0.2,0.5,0.5,3411,0.0,0.0,0.0,wrong,wrong,1.5
169,-0.1690054067452534,-0.46530546475998674,-0.5463241701817234,Robins' estimator,0.2,0.2,0.5,0.5,3411,0.0,0.0,0.0,wrong,wrong,1.5
170,0.05411052254800082,-0.5386804137363833,-0.5235474754670488,Robins' estimator,0.2,0.2,0.5,0.5,3411,0.0,0.0,0.0,wrong,wrong,1.5
171,-0.2907715158933537,-0.5245037356216327,-0.5566754590350832,Robins' estimator,0.2,0.2,0.5,0.5,3411,0.0,0.0,0.0,wrong,wrong,1.5
172,-0.16221090270487487,-0.5103475905826401,-0.5403785461056508,Robins' estimator,0.2,0.2,0.5,0.5,3411,0.0,0.0,0.0,wrong,wrong,1.5
173,-0.053543810667614815,-0.5484902753359896,-0.5175131048899334,Robins' estimator,0.2,0.2,0.5,0.5,3411,0.0,0.0,0.0,wrong,wrong,1.5
174,0.11041554998168569,-0.49869977551697947,-0.5129713286186178,Robins' estimator,0.2,0.2,0.5,0.5,3411,0.0,0.0,0.0,wrong,wrong,1.5
175,0.31957003840133325,-0.5417182971437053,-0.5297868745352462,Robins' estimator,0.2,0.2,0.5,0.5,3411,0.0,0.0,0.0,wrong,wrong,1.5
176,-0.3095580828766987,-0.5391956828384276,-0.5396817957183536,Robins' estimator,0.2,0.2,0.5,0.5,3411,0.0,0.0,0.0,wrong,wrong,1.5
177,0.13350218573972789,-0.5384830759593291,-0.5422490263803684,Robins' estimator,0.2,0.2,0.5,0.5,3411,0.0,0.0,0.0,wrong,wrong,1.5
178,0.06545001836480448,-0.5318266891883567,-0.48793151685963554,Robins' estimator,0.2,0.2,0.5,0.5,3411,0.0,0.0,0.0,wrong,wrong,1.5
179,-0.17736043195482545,-0.5332915091646243,-0.508789155650625,Robins' estimator,0.2,0.2,0.5,0.5,3411,0.0,0.0,0.0,wrong,wrong,1.5
180,0.2253936185366552,-0.5092324956075743,-0.5424317402755587,Robins' estimator,0.2,0.2,0.5,0.5,3411,0.0,0.0,0.0,wrong,wrong,1.5
181,0.1022836830228705,-0.5169065782423403,-0.4964933778169904,Robins' estimator,0.2,0.2,0.5,0.5,3411,0.0,0.0,0.0,wrong,wrong,1.5
182,0.19093783666150704,-0.5300333361582917,-0.5192116812318054,Robins' estimator,0.2,0.2,0.5,0.5,3411,0.0,0.0,0.0,wrong,wrong,1.5
183,0.31784546950523207,-0.4927484873766506,-0.5116477721326688,Robins' estimator,0.2,0.2,0.5,0.5,3411,0.0,0.0,0.0,wrong,wrong,1.5
184,0.048529407115550975,-0.48962149523167336,-0.5346151660078652,Robins' estimator,0.2,0.2,0.5,0.5,3411,0.0,0.0,0.0,wrong,wrong,1.5
185,0.009133054906919659,-0.5256412029965122,-0.5428362650820266,Robins' estimator,0.2,0.2,0.5,0.5,3411,0.0,0.0,0.0,wrong,wrong,1.5
186,0.16275431098379392,-0.5022485717547993,-0.5081689166333968,Robins' estimator,0.2,0.2,0.5,0.5,3411,0.0,0.0,0.0,wrong,wrong,1.5
187,0.25558521154531993,-0.5082354137458104,-0.5272667657879727,Robins' estimator,0.2,0.2,0.5,0.5,3411,0.0,0.0,0.0,wrong,wrong,1.5
188,-0.06054253873361619,-0.5234606467113782,-0.5492314407630332,Robins' estimator,0.2,0.2,0.5,0.5,3411,0.0,0.0,0.0,wrong,wrong,1.5
189,0.41886744555012106,-0.5376583681869548,-0.49071095449180263,Robins' estimator,0.2,0.2,0.5,0.5,3411,0.0,0.0,0.0,wrong,wrong,1.5
190,0.1478822052177344,-0.4775925123622551,-0.5064273803470078,Robins' estimator,0.2,0.2,0.5,0.5,3411,0.0,0.0,0.0,wrong,wrong,1.5
191,-0.2745590620952226,-0.5399071544076464,-0.5134069226961695,Robins' estimator,0.2,0.2,0.5,0.5,3411,0.0,0.0,0.0,wrong,wrong,1.5
192,-0.04785986889989843,-0.49182360115391105,-0.5120877024781505,Robins' estimator,0.2,0.2,0.5,0.5,3411,0.0,0.0,0.0,wrong,wrong,1.5
193,-0.3519060728016357,-0.4865873608546553,-0.5196353103874269,Robins' estimator,0.2,0.2,0.5,0.5,3411,0.0,0.0,0.0,wrong,wrong,1.5
194,0.4338588251631687,-0.5214124922579403,-0.5006252312981596,Robins' estimator,0.2,0.2,0.5,0.5,3411,0.0,0.0,0.0,wrong,wrong,1.5
195,-0.5115391440243775,-0.5622446642243607,-0.5225995981474714,Robins' estimator,0.2,0.2,0.5,0.5,3411,0.0,0.0,0.0,wrong,wrong,1.5
196,-0.15957672418916397,-0.5587934233528771,-0.5253882699306441,Robins' estimator,0.2,0.2,0.5,0.5,3411,0.0,0.0,0.0,wrong,wrong,1.5
197,-0.06165663326519311,-0.5334335084288497,-0.5014891322377995,Robins' estimator,0.2,0.2,0.5,0.5,3411,0.0,0.0,0.0,wrong,wrong,1.5
198,0.12617428557910798,-0.5371315857269671,-0.5518662684579004,Robins' estimator,0.2,0.2,0.5,0.5,3411,0.0,0.0,0.0,wrong,wrong,1.5
199,0.3945222817263236,-0.502527893879986,-0.49940818682518506,Robins' estimator,0.2,0.2,0.5,0.5,3411,0.0,0.0,0.0,wrong,wrong,1.5
200,-0.03185527601919492,-0.48456543419228554,-0.5133401220786193,Robins' estimator,0.2,0.2,0.5,0.5,3411,0.0,0.0,0.0,wrong,wrong,1.5
201,0.0951052188323968,-0.5385876437758699,-0.5044170553887103,Robins' estimator,0.2,0.2,0.5,0.5,3411,0.0,0.0,0.0,wrong,wrong,1.5
202,-0.04936466826416016,-0.5208216020159736,-0.5273773789603493,Robins' estimator,0.2,0.2,0.5,0.5,3411,0.0,0.0,0.0,wrong,wrong,1.5
203,0.26449332928042263,-0.5375898314341734,-0.5158068097273298,Robins' estimator,0.2,0.2,0.5,0.5,3411,0.0,0.0,0.0,wrong,wrong,1.5
204,0.17060279508290863,-0.5375000461032471,-0.5015112341565356,Robins' estimator,0.2,0.2,0.5,0.5,3411,0.0,0.0,0.0,wrong,wrong,1.5
205,0.08961613046573444,-0.4937063344557708,-0.5078988912794397,Robins' estimator,0.2,0.2,0.5,0.5,3411,0.0,0.0,0.0,wrong,wrong,1.5
206,0.12461581582192598,-0.5252149059079312,-0.5159685611715292,Robins' estimator,0.2,0.2,0.5,0.5,3411,0.0,0.0,0.0,wrong,wrong,1.5
207,0.21079657553844997,-0.48682537705948664,-0.5148872983792527,Robins' estimator,0.2,0.2,0.5,0.5,3411,0.0,0.0,0.0,wrong,wrong,1.5
208,-0.32930539836579925,-0.5412810889521138,-0.5111842463567079,Robins' estimator,0.2,0.2,0.5,0.5,3411,0.0,0.0,0.0,wrong,wrong,1.5
209,-0.061324814595448904,-0.4974331568156154,-0.5182250238285574,Robins' estimator,0.2,0.2,0.5,0.5,3411,0.0,0.0,0.0,wrong,wrong,1.5
210,0.1346330852130914,-0.5180039901427637,-0.47594328812418724,Robins' estimator,0.2,0.2,0.5,0.5,3411,0.0,0.0,0.0,wrong,wrong,1.5
211,0.3614927478548215,-0.48526706989752855,-0.5030396379559197,Robins' estimator,0.2,0.2,0.5,0.5,3411,0.0,0.0,0.0,wrong,wrong,1.5
212,0.2483828318804717,-0.5235259762381609,-0.5238922242914045,Robins' estimator,0.2,0.2,0.5,0.5,3411,0.0,0.0,0.0,wrong,wrong,1.5
213,0.07546668939574992,-0.5646296838233134,-0.5309416793623395,Robins' estimator,0.2,0.2,0.5,0.5,3411,0.0,0.0,0.0,wrong,wrong,1.5
214,-0.27657795630853627,-0.5353623221593545,-0.5038503774872195,Robins' estimator,0.2,0.2,0.5,0.5,3411,0.0,0.0,0.0,wrong,wrong,1.5
215,-0.09675236033756766,-0.5511679180310355,-0.5128064395138147,Robins' estimator,0.2,0.2,0.5,0.5,3411,0.0,0.0,0.0,wrong,wrong,1.5
216,0.3287122377456147,-0.519573319380138,-0.497025259980469,Robins' estimator,0.2,0.2,0.5,0.5,3411,0.0,0.0,0.0,wrong,wrong,1.5
217,0.37067276592211745,-0.48903189634837585,-0.5148584616955049,Robins' estimator,0.2,0.2,0.5,0.5,3411,0.0,0.0,0.0,wrong,wrong,1.5
218,-0.13795761923793978,-0.5594633043781636,-0.5148854889265542,Robins' estimator,0.2,0.2,0.5,0.5,3411,0.0,0.0,0.0,wrong,wrong,1.5
219,-0.019726805162043136,-0.5380464085489296,-0.5043790621550465,Robins' estimator,0.2,0.2,0.5,0.5,3411,0.0,0.0,0.0,wrong,wrong,1.5
220,0.22552691939996872,-0.5294557151018036,-0.5273641058876039,Robins' estimator,0.2,0.2,0.5,0.5,3411,0.0,0.0,0.0,wrong,wrong,1.5
221,0.07294712339950324,-0.5371753610734442,-0.5412795010147381,Robins' estimator,0.2,0.2,0.5,0.5,3411,0.0,0.0,0.0,wrong,wrong,1.5
222,0.057963338591372524,-0.5054777421125011,-0.5168922011791255,Robins' estimator,0.2,0.2,0.5,0.5,3411,0.0,0.0,0.0,wrong,wrong,1.5
223,0.07150342816773145,-0.5002163463190129,-0.4592663017737207,Robins' estimator,0.2,0.2,0.5,0.5,3411,0.0,0.0,0.0,wrong,wrong,1.5
224,-0.21076439852752435,-0.5756025144503969,-0.5489087652446965,Robins' estimator,0.2,0.2,0.5,0.5,3411,0.0,0.0,0.0,wrong,wrong,1.5
225,-0.14257601681247145,-0.539708713082217,-0.5245246942640781,Robins' estimator,0.2,0.2,0.5,0.5,3411,0.0,0.0,0.0,wrong,wrong,1.5
226,0.2343863435405452,-0.4910126192408036,-0.5141476866270165,Robins' estimator,0.2,0.2,0.5,0.5,3411,0.0,0.0,0.0,wrong,wrong,1.5
227,0.3288728905975,-0.547858375174129,-0.49135737979743016,Robins' estimator,0.2,0.2,0.5,0.5,3411,0.0,0.0,0.0,wrong,wrong,1.5
228,0.19877146085461755,-0.5233255830494857,-0.5097034563933325,Robins' estimator,0.2,0.2,0.5,0.5,3411,0.0,0.0,0.0,wrong,wrong,1.5
229,-0.06364826219966088,-0.5542728897531221,-0.5266629690889107,Robins' estimator,0.2,0.2,0.5,0.5,3411,0.0,0.0,0.0,wrong,wrong,1.5
230,-0.23047264565758963,-0.5012600380766982,-0.5475928126206822,Robins' estimator,0.2,0.2,0.5,0.5,3411,0.0,0.0,0.0,wrong,wrong,1.5
231,0.3348446514026272,-0.5123841534965043,-0.507400419327289,Robins' estimator,0.2,0.2,0.5,0.5,3411,0.0,0.0,0.0,wrong,wrong,1.5
232,-0.17596926390683967,-0.5527654900472856,-0.5336032415026777,Robins' estimator,0.2,0.2,0.5,0.5,3411,0.0,0.0,0.0,wrong,wrong,1.5
233,-0.2797111327480485,-0.5365843625015612,-0.49970540840362493,Robins' estimator,0.2,0.2,0.5,0.5,3411,0.0,0.0,0.0,wrong,wrong,1.5
234,-0.03228162630453883,-0.5373132060897233,-0.511881193659461,Robins' estimator,0.2,0.2,0.5,0.5,3411,0.0,0.0,0.0,wrong,wrong,1.5
235,-0.22710749464279809,-0.5154848137032649,-0.5205776626328099,Robins' estimator,0.2,0.2,0.5,0.5,3411,0.0,0.0,0.0,wrong,wrong,1.5
236,-0.3295477876212494,-0.518712749373633,-0.5165742564639667,Robins' estimator,0.2,0.2,0.5,0.5,3411,0.0,0.0,0.0,wrong,wrong,1.5
237,-0.07121997419307527,-0.5269857041425378,-0.5063841962185908,Robins' estimator,0.2,0.2,0.5,0.5,3411,0.0,0.0,0.0,wrong,wrong,1.5
238,0.16133516143364982,-0.502466836068492,-0.5284381116622021,Robins' estimator,0.2,0.2,0.5,0.5,3411,0.0,0.0,0.0,wrong,wrong,1.5
239,-0.2523032093051561,-0.5716062524623757,-0.5401830805312661,Robins' estimator,0.2,0.2,0.5,0.5,3411,0.0,0.0,0.0,wrong,wrong,1.5
240,0.07407712945500526,-0.5227730281170033,-0.5260582408628288,Robins' estimator,0.2,0.2,0.5,0.5,3411,0.0,0.0,0.0,wrong,wrong,1.5
241,-0.1334313255019817,-0.45799008069368746,-0.5121096142282051,Robins' estimator,0.2,0.2,0.5,0.5,3411,0.0,0.0,0.0,wrong,wrong,1.5
242,0.2666054956486467,-0.4785694367184384,-0.5245211437861813,Robins' estimator,0.2,0.2,0.5,0.5,3411,0.0,0.0,0.0,wrong,wrong,1.5
243,0.001693329909477788,-0.5096157111091886,-0.5311030502599764,Robins' estimator,0.2,0.2,0.5,0.5,3411,0.0,0.0,0.0,wrong,wrong,1.5
244,0.11166572086641151,-0.5196186411601275,-0.49769025547156664,Robins' estimator,0.2,0.2,0.5,0.5,3411,0.0,0.0,0.0,wrong,wrong,1.5
245,0.08498892021505063,-0.5308990886215504,-0.5237828613029037,Robins' estimator,0.2,0.2,0.5,0.5,3411,0.0,0.0,0.0,wrong,wrong,1.5
246,-0.5178347566155933,-0.5615275215351568,-0.5396220403409756,Robins' estimator,0.2,0.2,0.5,0.5,3411,0.0,0.0,0.0,wrong,wrong,1.5
247,0.0049808233110038855,-0.5450607551735561,-0.5446933985194401,Robins' estimator,0.2,0.2,0.5,0.5,3411,0.0,0.0,0.0,wrong,wrong,1.5
248,0.2352311229536787,-0.5299924001914434,-0.5448300604161508,Robins' estimator,0.2,0.2,0.5,0.5,3411,0.0,0.0,0.0,wrong,wrong,1.5
249,0.1704786573031715,-0.4811773220187924,-0.5258839689117806,Robins' estimator,0.2,0.2,0.5,0.5,3411,0.0,0.0,0.0,wrong,wrong,1.5
250,-0.07750813108068788,-0.5130722212843929,-0.5410179594557917,Robins' estimator,0.2,0.2,0.5,0.5,3411,0.0,0.0,0.0,wrong,wrong,1.5
251,-0.11864498125859872,-0.5039901784484293,-0.533401014697156,Robins' estimator,0.2,0.2,0.5,0.5,3411,0.0,0.0,0.0,wrong,wrong,1.5
252,0.14070070044972227,-0.4876946322544086,-0.5261153645774073,Robins' estimator,0.2,0.2,0.5,0.5,3411,0.0,0.0,0.0,wrong,wrong,1.5
253,-0.18358755070690908,-0.4920072949724317,-0.5130790785547402,Robins' estimator,0.2,0.2,0.5,0.5,3411,0.0,0.0,0.0,wrong,wrong,1.5
254,0.07246602001545359,-0.5323133756365923,-0.5604535109187713,Robins' estimator,0.2,0.2,0.5,0.5,3411,0.0,0.0,0.0,wrong,wrong,1.5
255,-0.04320758526653168,-0.559913146875209,-0.5424298003384764,Robins' estimator,0.2,0.2,0.5,0.5,3411,0.0,0.0,0.0,wrong,wrong,1.5
256,-0.16872577367396463,-0.5531562769253925,-0.5681221385309958,Robins' estimator,0.2,0.2,0.5,0.5,3411,0.0,0.0,0.0,wrong,wrong,1.5
257,-0.052126945111702065,-0.4948155828537773,-0.503497429189094,Robins' estimator,0.2,0.2,0.5,0.5,3411,0.0,0.0,0.0,wrong,wrong,1.5
258,-0.43409168264366116,-0.5192021625020292,-0.5150865478059371,Robins' estimator,0.2,0.2,0.5,0.5,3411,0.0,0.0,0.0,wrong,wrong,1.5
259,-0.11007906922863224,-0.5768773389342869,-0.5326351483801345,Robins' estimator,0.2,0.2,0.5,0.5,3411,0.0,0.0,0.0,wrong,wrong,1.5
260,-0.1442918613815142,-0.5418589328707274,-0.5522265073222523,Robins' estimator,0.2,0.2,0.5,0.5,3411,0.0,0.0,0.0,wrong,wrong,1.5
261,0.05330987915085392,-0.51446572703073,-0.5179768588213888,Robins' estimator,0.2,0.2,0.5,0.5,3411,0.0,0.0,0.0,wrong,wrong,1.5
262,-0.15356981549011128,-0.4730767438659062,-0.5089563906052167,Robins' estimator,0.2,0.2,0.5,0.5,3411,0.0,0.0,0.0,wrong,wrong,1.5
263,-0.18867977019307605,-0.5684505045713688,-0.5264997192036829,Robins' estimator,0.2,0.2,0.5,0.5,3411,0.0,0.0,0.0,wrong,wrong,1.5
264,0.17735456080654505,-0.46980347597813704,-0.5295229030272708,Robins' estimator,0.2,0.2,0.5,0.5,3411,0.0,0.0,0.0,wrong,wrong,1.5
265,-0.05403272315659437,-0.4964416793249393,-0.5329017984778495,Robins' estimator,0.2,0.2,0.5,0.5,3411,0.0,0.0,0.0,wrong,wrong,1.5
266,-0.08720214606535123,-0.5215468453459866,-0.5420268448600065,Robins' estimator,0.2,0.2,0.5,0.5,3411,0.0,0.0,0.0,wrong,wrong,1.5
267,-0.14860693860314267,-0.5185117279721929,-0.5302874254451116,Robins' estimator,0.2,0.2,0.5,0.5,3411,0.0,0.0,0.0,wrong,wrong,1.5
268,-0.22450510685875616,-0.4965150378735137,-0.519860573320546,Robins' estimator,0.2,0.2,0.5,0.5,3411,0.0,0.0,0.0,wrong,wrong,1.5
269,-0.27000727414169995,-0.49951138403364725,-0.5077259585562304,Robins' estimator,0.2,0.2,0.5,0.5,3411,0.0,0.0,0.0,wrong,wrong,1.5
270,-0.03131380733386084,-0.5610322716161695,-0.49509907574613815,Robins' estimator,0.2,0.2,0.5,0.5,3411,0.0,0.0,0.0,wrong,wrong,1.5
271,-0.08963724023370225,-0.5179305226838326,-0.5295309111013035,Robins' estimator,0.2,0.2,0.5,0.5,3411,0.0,0.0,0.0,wrong,wrong,1.5
272,-0.3096588613585165,-0.5409986866928802,-0.5639163635179255,Robins' estimator,0.2,0.2,0.5,0.5,3411,0.0,0.0,0.0,wrong,wrong,1.5
273,0.13966362277669045,-0.5166377940281524,-0.5383099843554312,Robins' estimator,0.2,0.2,0.5,0.5,3411,0.0,0.0,0.0,wrong,wrong,1.5
274,-0.14614130222362012,-0.48240437840760064,-0.5501151909180928,Robins' estimator,0.2,0.2,0.5,0.5,3411,0.0,0.0,0.0,wrong,wrong,1.5
275,-0.00920699606493056,-0.48186220046640904,-0.5240406730623489,Robins' estimator,0.2,0.2,0.5,0.5,3411,0.0,0.0,0.0,wrong,wrong,1.5
276,0.002972228533863132,-0.5678435569886914,-0.5332522568576707,Robins' estimator,0.2,0.2,0.5,0.5,3411,0.0,0.0,0.0,wrong,wrong,1.5
277,0.29949938407195553,-0.5108494293782646,-0.5237060570986278,Robins' estimator,0.2,0.2,0.5,0.5,3411,0.0,0.0,0.0,wrong,wrong,1.5
278,0.24285173450505795,-0.5294009582470098,-0.5130844149225434,Robins' estimator,0.2,0.2,0.5,0.5,3411,0.0,0.0,0.0,wrong,wrong,1.5
279,-0.0025581106386975893,-0.5326553720348343,-0.5304717064549817,Robins' estimator,0.2,0.2,0.5,0.5,3411,0.0,0.0,0.0,wrong,wrong,1.5
280,0.0713687115857913,-0.4850779866659767,-0.5192307395256736,Robins' estimator,0.2,0.2,0.5,0.5,3411,0.0,0.0,0.0,wrong,wrong,1.5
281,0.24808307989518077,-0.4736783169577574,-0.4912866217672131,Robins' estimator,0.2,0.2,0.5,0.5,3411,0.0,0.0,0.0,wrong,wrong,1.5
282,0.2618972677930445,-0.5506810752476065,-0.533777299222558,Robins' estimator,0.2,0.2,0.5,0.5,3411,0.0,0.0,0.0,wrong,wrong,1.5
283,0.27875796465072383,-0.5217438675340138,-0.5356527586456137,Robins' estimator,0.2,0.2,0.5,0.5,3411,0.0,0.0,0.0,wrong,wrong,1.5
284,-0.05106663679019288,-0.5117906456357891,-0.5345009404213403,Robins' estimator,0.2,0.2,0.5,0.5,3411,0.0,0.0,0.0,wrong,wrong,1.5
285,-0.016409237326736936,-0.5724349157022353,-0.5384780793586449,Robins' estimator,0.2,0.2,0.5,0.5,3411,0.0,0.0,0.0,wrong,wrong,1.5
286,0.011554056865846204,-0.5444088543504823,-0.5240446572225794,Robins' estimator,0.2,0.2,0.5,0.5,3411,0.0,0.0,0.0,wrong,wrong,1.5
287,0.23088584242499455,-0.5240710805897005,-0.5312959297119546,Robins' estimator,0.2,0.2,0.5,0.5,3411,0.0,0.0,0.0,wrong,wrong,1.5
288,-0.489173587582825,-0.532866170439142,-0.5234865213075125,Robins' estimator,0.2,0.2,0.5,0.5,3411,0.0,0.0,0.0,wrong,wrong,1.5
289,-0.26502600633896845,-0.4850363538225119,-0.5010688779862567,Robins' estimator,0.2,0.2,0.5,0.5,3411,0.0,0.0,0.0,wrong,wrong,1.5
290,-0.2533325972416362,-0.5295675960974651,-0.5583954292754433,Robins' estimator,0.2,0.2,0.5,0.5,3411,0.0,0.0,0.0,wrong,wrong,1.5
291,0.35532689324337113,-0.5275681332361172,-0.5071146159992406,Robins' estimator,0.2,0.2,0.5,0.5,3411,0.0,0.0,0.0,wrong,wrong,1.5
292,0.3900602966596575,-0.49714542871313444,-0.5209978619623923,Robins' estimator,0.2,0.2,0.5,0.5,3411,0.0,0.0,0.0,wrong,wrong,1.5
293,-0.15270721744928015,-0.5277649330929305,-0.5128412940315986,Robins' estimator,0.2,0.2,0.5,0.5,3411,0.0,0.0,0.0,wrong,wrong,1.5
294,0.24380998487645544,-0.539001261492681,-0.519937890976874,Robins' estimator,0.2,0.2,0.5,0.5,3411,0.0,0.0,0.0,wrong,wrong,1.5
295,0.08734827765222292,-0.4972314521393518,-0.5196558932368004,Robins' estimator,0.2,0.2,0.5,0.5,3411,0.0,0.0,0.0,wrong,wrong,1.5
296,0.16467752153263399,-0.5294229637319089,-0.5256868937278332,Robins' estimator,0.2,0.2,0.5,0.5,3411,0.0,0.0,0.0,wrong,wrong,1.5
297,-0.11238938822909401,-0.5422092825230711,-0.5388789887771503,Robins' estimator,0.2,0.2,0.5,0.5,3411,0.0,0.0,0.0,wrong,wrong,1.5
298,0.4303266464485026,-0.5077724794441777,-0.5201119766219588,Robins' estimator,0.2,0.2,0.5,0.5,3411,0.0,0.0,0.0,wrong,wrong,1.5
299,-0.03042247859424707,-0.46528139207788466,-0.5423650404143653,Robins' estimator,0.2,0.2,0.5,0.5,3411,0.0,0.0,0.0,wrong,wrong,1.5
300,-0.035133859721984774,-0.5374980067553337,-0.5180822796070795,Robins' estimator,0.2,0.2,0.5,0.5,3411,0.0,0.0,0.0,wrong,wrong,1.5
1,-0.16566463384686783,-0.60509156527738,-0.4988935996023841,GMM estimator,0.2,0.2,0.5,0.5,3411,0.0,0.0,0.0,wrong,wrong,1.5
2,-0.1182944099639443,-0.5087815002153666,-0.5001927717564719,GMM estimator,0.2,0.2,0.5,0.5,3411,0.0,0.0,0.0,wrong,wrong,1.5
3,-0.5152717867840088,-0.49216843748358663,-0.5250456913496572,GMM estimator,0.2,0.2,0.5,0.5,3411,0.0,0.0,0.0,wrong,wrong,1.5
4,0.2695702167484661,-0.5262581709037217,-0.5247728220099057,GMM estimator,0.2,0.2,0.5,0.5,3411,0.0,0.0,0.0,wrong,wrong,1.5
5,-0.30832274038838814,-0.5092593872091435,-0.5561160245399978,GMM estimator,0.2,0.2,0.5,0.5,3411,0.0,0.0,0.0,wrong,wrong,1.5
6,0.2481906752397254,-0.5273877137298539,-0.5060334492386792,GMM estimator,0.2,0.2,0.5,0.5,3411,0.0,0.0,0.0,wrong,wrong,1.5
7,0.21808763181430804,-0.5509446385527961,-0.5223321430068977,GMM estimator,0.2,0.2,0.5,0.5,3411,0.0,0.0,0.0,wrong,wrong,1.5
8,-0.373975442865376,-0.5475707336470618,-0.5166460090934353,GMM estimator,0.2,0.2,0.5,0.5,3411,0.0,0.0,0.0,wrong,wrong,1.5
9,-0.2150899631868714,-0.5277852378248737,-0.500908546656934,GMM estimator,0.2,0.2,0.5,0.5,3411,0.0,0.0,0.0,wrong,wrong,1.5
10,-0.27356083752521837,-0.5605734172973693,-0.5278425239417831,GMM estimator,0.2,0.2,0.5,0.5,3411,0.0,0.0,0.0,wrong,wrong,1.5
11,0.2166833129422645,-0.5277606682448671,-0.5091700958307844,GMM estimator,0.2,0.2,0.5,0.5,3411,0.0,0.0,0.0,wrong,wrong,1.5
12,-0.01321444611823182,-0.5458442073807784,-0.503011876242468,GMM estimator,0.2,0.2,0.5,0.5,3411,0.0,0.0,0.0,wrong,wrong,1.5
13,0.33654366801981933,-0.5097315471052862,-0.5227057959475274,GMM estimator,0.2,0.2,0.5,0.5,3411,0.0,0.0,0.0,wrong,wrong,1.5
14,-0.29670738292813276,-0.5777423714417675,-0.5337766281528289,GMM estimator,0.2,0.2,0.5,0.5,3411,0.0,0.0,0.0,wrong,wrong,1.5
15,-0.24587437264170933,-0.5568735655456544,-0.5204488792941239,GMM estimator,0.2,0.2,0.5,0.5,3411,0.0,0.0,0.0,wrong,wrong,1.5
16,-0.2548764062130262,-0.5450660732738145,-0.5566364656538952,GMM estimator,0.2,0.2,0.5,0.5,3411,0.0,0.0,0.0,wrong,wrong,1.5
17,0.4370781416906807,-0.4742194947027227,-0.5123786360507114,GMM estimator,0.2,0.2,0.5,0.5,3411,0.0,0.0,0.0,wrong,wrong,1.5
18,0.0750718471427284,-0.5683601675612321,-0.5422833872305081,GMM estimator,0.2,0.2,0.5,0.5,3411,0.0,0.0,0.0,wrong,wrong,1.5
19,-0.019555478782962436,-0.5122574817732313,-0.5258928777163431,GMM estimator,0.2,0.2,0.5,0.5,3411,0.0,0.0,0.0,wrong,wrong,1.5
20,-0.038303382647728076,-0.4902836858054307,-0.49657218699413236,GMM estimator,0.2,0.2,0.5,0.5,3411,0.0,0.0,0.0,wrong,wrong,1.5
21,0.04931695953837101,-0.5128547946011007,-0.5054364662383065,GMM estimator,0.2,0.2,0.5,0.5,3411,0.0,0.0,0.0,wrong,wrong,1.5
22,0.07947283645008536,-0.5204126268345648,-0.5033405190112832,GMM estimator,0.2,0.2,0.5,0.5,3411,0.0,0.0,0.0,wrong,wrong,1.5
23,-0.10618740981852551,-0.4956551212391614,-0.49804436274904534,GMM estimator,0.2,0.2,0.5,0.5,3411,0.0,0.0,0.0,wrong,wrong,1.5
24,0.3800092800476263,-0.5484487709408603,-0.5338713136045672,GMM estimator,0.2,0.2,0.5,0.5,3411,0.0,0.0,0.0,wrong,wrong,1.5
25,-0.0502650418804072,-0.478189088364698,-0.5496549493895024,GMM estimator,0.2,0.2,0.5,0.5,3411,0.0,0.0,0.0,wrong,wrong,1.5
26,-0.12022786279091426,-0.5326839905687742,-0.5423557040323737,GMM estimator,0.2,0.2,0.5,0.5,3411,0.0,0.0,0.0,wrong,wrong,1.5
27,0.037778425059314835,-0.531157222088109,-0.5225492720035054,GMM estimator,0.2,0.2,0.5,0.5,3411,0.0,0.0,0.0,wrong,wrong,1.5
28,-0.140054786347771,-0.5149989449957195,-0.5367638318990992,GMM estimator,0.2,0.2,0.5,0.5,3411,0.0,0.0,0.0,wrong,wrong,1.5
29,0.056508580694738846,-0.5614847168710191,-0.5162107374069128,GMM estimator,0.2,0.2,0.5,0.5,3411,0.0,0.0,0.0,wrong,wrong,1.5
30,-0.20277933690535602,-0.5128368692097338,-0.5150847882625973,GMM estimator,0.2,0.2,0.5,0.5,3411,0.0,0.0,0.0,wrong,wrong,1.5
31,0.08954925319491588,-0.4830495333259599,-0.4902428303671039,GMM estimator,0.2,0.2,0.5,0.5,3411,0.0,0.0,0.0,wrong,wrong,1.5
32,-0.0792674770167896,-0.5761823870609339,-0.5290717297996945,GMM estimator,0.2,0.2,0.5,0.5,3411,0.0,0.0,0.0,wrong,wrong,1.5
33,0.07232120515533332,-0.4915561615869632,-0.5256369037112536,GMM estimator,0.2,0.2,0.5,0.5,3411,0.0,0.0,0.0,wrong,wrong,1.5
34,0.0942580205653526,-0.5929733469497391,-0.536198650300753,GMM estimator,0.2,0.2,0.5,0.5,3411,0.0,0.0,0.0,wrong,wrong,1.5
35,0.01670827981679138,-0.49390803867763,-0.5290362945828677,GMM estimator,0.2,0.2,0.5,0.5,3411,0.0,0.0,0.0,wrong,wrong,1.5
36,0.12074139875425281,-0.5227257933030058,-0.5560531374767972,GMM estimator,0.2,0.2,0.5,0.5,3411,0.0,0.0,0.0,wrong,wrong,1.5
37,-0.18932184903357327,-0.5308190933583671,-0.5465876595382482,GMM estimator,0.2,0.2,0.5,0.5,3411,0.0,0.0,0.0,wrong,wrong,1.5
38,-0.18221160901150033,-0.5632067340262717,-0.5378988498535537,GMM estimator,0.2,0.2,0.5,0.5,3411,0.0,0.0,0.0,wrong,wrong,1.5
39,-0.35199457788720606,-0.570162438312028,-0.5395306545374884,GMM estimator,0.2,0.2,0.5,0.5,3411,0.0,0.0,0.0,wrong,wrong,1.5
40,0.11699417080420897,-0.47499222261302965,-0.5266284990244052,GMM estimator,0.2,0.2,0.5,0.5,3411,0.0,0.0,0.0,wrong,wrong,1.5
41,-0.1466272994928546,-0.5641868758865296,-0.4949106023313506,GMM estimator,0.2,0.2,0.5,0.5,3411,0.0,0.0,0.0,wrong,wrong,1.5
42,0.3122957348703555,-0.5292878808087423,-0.524440167829096,GMM estimator,0.2,0.2,0.5,0.5,3411,0.0,0.0,0.0,wrong,wrong,1.5
43,-0.2266527892193367,-0.558684080911575,-0.5170017303222563,GMM estimator,0.2,0.2,0.5,0.5,3411,0.0,0.0,0.0,wrong,wrong,1.5
44,0.3897906435790932,-0.5630963129734763,-0.5109818465608312,GMM estimator,0.2,0.2,0.5,0.5,3411,0.0,0.0,0.0,wrong,wrong,1.5
45,0.041965707538328796,-0.5330463117894951,-0.5278064226844462,GMM estimator,0.2,0.2,0.5,0.5,3411,0.0,0.0,0.0,wrong,wrong,1.5
46,0.027931075929616262,-0.538934925616557,-0.49536818112283654,GMM estimator,0.2,0.2,0.5,0.5,3411,0.0,0.0,0.0,wrong,wrong,1.5
47,0.08538217051826824,-0.495856447929025,-0.471334613394189,GMM estimator,0.2,0.2,0.5,0.5,3411,0.0,0.0,0.0,wrong,wrong,1.5
48,0.12103175734489945,-0.4977353832615953,-0.5255368551348678,GMM estimator,0.2,0.2,0.5,0.5,3411,0.0,0.0,0.0,wrong,wrong,1.5
49,-0.23388409578895186,-0.523561309814208,-0.4759743047882568,GMM estimator,0.2,0.2,0.5,0.5,3411,0.0,0.0,0.0,wrong,wrong,1.5
50,-0.32154674772772374,-0.5357684106114946,-0.5241830063453463,GMM estimator,0.2,0.2,0.5,0.5,3411,0.0,0.0,0.0,wrong,wrong,1.5
51,0.027529643236449484,-0.504859321894951,-0.5300073778703042,GMM estimator,0.2,0.2,0.5,0.5,3411,0.0,0.0,0.0,wrong,wrong,1.5
52,0.01837440613774987,-0.5100882403656195,-0.5391502956132875,GMM estimator,0.2,0.2,0.5,0.5,3411,0.0,0.0,0.0,wrong,wrong,1.5
53,0.1713124088357269,-0.5020716064243261,-0.5016673143445127,GMM estimator,0.2,0.2,0.5,0.5,3411,0.0,0.0,0.0,wrong,wrong,1.5
54,0.01911801409235224,-0.4908505831962926,-0.5159935221804441,GMM estimator,0.2,0.2,0.5,0.5,3411,0.0,0.0,0.0,wrong,wrong,1.5
55,-0.24991806969539707,-0.49721439105687526,-0.5208992119452328,GMM estimator,0.2,0.2,0.5,0.5,3411,0.0,0.0,0.0,wrong,wrong,1.5
56,-0.23986216466604937,-0.5022585751389208,-0.5474702576844515,GMM estimator,0.2,0.2,0.5,0.5,3411,0.0,0.0,0.0,wrong,wrong,1.5
57,-0.3294296039036682,-0.582690161165905,-0.5427413274940563,GMM estimator,0.2,0.2,0.5,0.5,3411,0.0,0.0,0.0,wrong,wrong,1.5
58,-0.38164548232093537,-0.5775158273859903,-0.5544551052352473,GMM estimator,0.2,0.2,0.5,0.5,3411,0.0,0.0,0.0,wrong,wrong,1.5
59,0.4551950896880567,-0.4984345250047845,-0.5026958817137636,GMM estimator,0.2,0.2,0.5,0.5,3411,0.0,0.0,0.0,wrong,wrong,1.5
60,-0.10642830271288711,-0.5057780745252002,-0.5223052403813047,GMM estimator,0.2,0.2,0.5,0.5,3411,0.0,0.0,0.0,wrong,wrong,1.5
61,0.051753438667337164,-0.5300476076033428,-0.525934536386107,GMM estimator,0.2,0.2,0.5,0.5,3411,0.0,0.0,0.0,wrong,wrong,1.5
62,-0.02853824637850813,-0.5210048025361613,-0.4922024673976385,GMM estimator,0.2,0.2,0.5,0.5,3411,0.0,0.0,0.0,wrong,wrong,1.5
63,-0.2357611767815295,-0.5187967410277661,-0.5278320847704927,GMM estimator,0.2,0.2,0.5,0.5,3411,0.0,0.0,0.0,wrong,wrong,1.5
64,-0.0370662432267177,-0.49389345763142745,-0.5204337389966542,GMM estimator,0.2,0.2,0.5,0.5,3411,0.0,0.0,0.0,wrong,wrong,1.5
65,-0.35589497822697796,-0.5490614625005362,-0.4880417745552642,GMM estimator,0.2,0.2,0.5,0.5,3411,0.0,0.0,0.0,wrong,wrong,1.5
66,0.04841320840059937,-0.47473739524082775,-0.5115355579667717,GMM estimator,0.2,0.2,0.5,0.5,3411,0.0,0.0,0.0,wrong,wrong,1.5
67,0.2810295612282747,-0.571295694082202,-0.5305787303921978,GMM estimator,0.2,0.2,0.5,0.5,3411,0.0,0.0,0.0,wrong,wrong,1.5
68,0.014570823607999685,-0.49855187873584583,-0.5409334236985405,GMM estimator,0.2,0.2,0.5,0.5,3411,0.0,0.0,0.0,wrong,wrong,1.5
69,-0.23517697621617786,-0.5498533722985541,-0.5194770950697386,GMM estimator,0.2,0.2,0.5,0.5,3411,0.0,0.0,0.0,wrong,wrong,1.5
70,-0.07426902820998467,-0.5388211774684571,-0.5205269889698781,GMM estimator,0.2,0.2,0.5,0.5,3411,0.0,0.0,0.0,wrong,wrong,1.5
71,-0.20919824843821294,-0.5387078059705466,-0.5045240541177386,GMM estimator,0.2,0.2,0.5,0.5,3411,0.0,0.0,0.0,wrong,wrong,1.5
72,-0.26649344366375066,-0.5764060198717369,-0.5757528604522377,GMM estimator,0.2,0.2,0.5,0.5,3411,0.0,0.0,0.0,wrong,wrong,1.5
73,-0.0751450809506803,-0.5100916416112251,-0.5415644631657875,GMM estimator,0.2,0.2,0.5,0.5,3411,0.0,0.0,0.0,wrong,wrong,1.5
74,-0.5307502091808144,-0.5562775583335355,-0.5122727058118272,GMM estimator,0.2,0.2,0.5,0.5,3411,0.0,0.0,0.0,wrong,wrong,1.5
75,-0.0764093288996797,-0.5292340474761501,-0.5099407629551308,GMM estimator,0.2,0.2,0.5,0.5,3411,0.0,0.0,0.0,wrong,wrong,1.5
76,0.048663536675340055,-0.5465883604335222,-0.5192091703230831,GMM estimator,0.2,0.2,0.5,0.5,3411,0.0,0.0,0.0,wrong,wrong,1.5
77,-0.2749400968788785,-0.5238757462028326,-0.5584499557259837,GMM estimator,0.2,0.2,0.5,0.5,3411,0.0,0.0,0.0,wrong,wrong,1.5
78,-0.5555645579923997,-0.5628582463476757,-0.5650740599538018,GMM estimator,0.2,0.2,0.5,0.5,3411,0.0,0.0,0.0,wrong,wrong,1.5
79,-0.04280850152467642,-0.5493747862222901,-0.47999496052450574,GMM estimator,0.2,0.2,0.5,0.5,3411,0.0,0.0,0.0,wrong,wrong,1.5
80,0.08257601392088137,-0.5516250685062016,-0.5572325313013043,GMM estimator,0.2,0.2,0.5,0.5,3411,0.0,0.0,0.0,wrong,wrong,1.5
81,-0.26015892616733394,-0.5508558149830353,-0.551285476016648,GMM estimator,0.2,0.2,0.5,0.5,3411,0.0,0.0,0.0,wrong,wrong,1.5
82,0.16416718302482636,-0.47660684270594994,-0.5135034914562719,GMM estimator,0.2,0.2,0.5,0.5,3411,0.0,0.0,0.0,wrong,wrong,1.5
83,-0.09736693162880129,-0.523286455347038,-0.5242838728683259,GMM estimator,0.2,0.2,0.5,0.5,3411,0.0,0.0,0.0,wrong,wrong,1.5
84,-0.22623614909271494,-0.5476375971287225,-0.518670904215835,GMM estimator,0.2,0.2,0.5,0.5,3411,0.0,0.0,0.0,wrong,wrong,1.5
85,-0.3023525510454304,-0.5454365087955857,-0.5471782679572774,GMM estimator,0.2,0.2,0.5,0.5,3411,0.0,0.0,0.0,wrong,wrong,1.5
86,-0.23036911807242064,-0.5287532843007722,-0.5494805273981657,GMM estimator,0.2,0.2,0.5,0.5,3411,0.0,0.0,0.0,wrong,wrong,1.5
87,-0.11297233035121393,-0.5905919886904617,-0.5141698245707803,GMM estimator,0.2,0.2,0.5,0.5,3411,0.0,0.0,0.0,wrong,wrong,1.5
88,0.24805272414744048,-0.507691309802805,-0.5155855557113788,GMM estimator,0.2,0.2,0.5,0.5,3411,0.0,0.0,0.0,wrong,wrong,1.5
89,-0.03169391874452995,-0.5574188581023988,-0.5035017236067686,GMM estimator,0.2,0.2,0.5,0.5,3411,0.0,0.0,0.0,wrong,wrong,1.5
90,0.040655924954058065,-0.5654577263387176,-0.5033469721446078,GMM estimator,0.2,0.2,0.5,0.5,3411,0.0,0.0,0.0,wrong,wrong,1.5
91,-0.0047210204882725,-0.5123202139961744,-0.5280681015075439,GMM estimator,0.2,0.2,0.5,0.5,3411,0.0,0.0,0.0,wrong,wrong,1.5
92,-0.5866341379818639,-0.522584603952568,-0.5525854661454354,GMM estimator,0.2,0.2,0.5,0.5,3411,0.0,0.0,0.0,wrong,wrong,1.5
93,-0.052219501752992975,-0.49682228909275866,-0.5551031190299165,GMM estimator,0.2,0.2,0.5,0.5,3411,0.0,0.0,0.0,wrong,wrong,1.5
94,-0.46687488624240087,-0.556200387874513,-0.5201771394165653,GMM estimator,0.2,0.2,0.5,0.5,3411,0.0,0.0,0.0,wrong,wrong,1.5
95,-0.13197276808198885,-0.5173702158506615,-0.5041940507562613,GMM estimator,0.2,0.2,0.5,0.5,3411,0.0,0.0,0.0,wrong,wrong,1.5
96,-0.11454975860396838,-0.566497329699057,-0.540607576986722,GMM estimator,0.2,0.2,0.5,0.5,3411,0.0,0.0,0.0,wrong,wrong,1.5
97,-0.32988390451844934,-0.5415233497862836,-0.5191623402882459,GMM estimator,0.2,0.2,0.5,0.5,3411,0.0,0.0,0.0,wrong,wrong,1.5
98,0.11163206885909605,-0.4786112662780102,-0.5319842644468371,GMM estimator,0.2,0.2,0.5,0.5,3411,0.0,0.0,0.0,wrong,wrong,1.5
99,-0.32486807806127727,-0.539001863657237,-0.48796539217983964,GMM estimator,0.2,0.2,0.5,0.5,3411,0.0,0.0,0.0,wrong,wrong,1.5
100,-0.06555439951085866,-0.5194497113566388,-0.5296605634224691,GMM estimator,0.2,0.2,0.5,0.5,3411,0.0,0.0,0.0,wrong,wrong,1.5
101,-0.013768007181643975,-0.5562514739514416,-0.5318239888159692,GMM estimator,0.2,0.2,0.5,0.5,3411,0.0,0.0,0.0,wrong,wrong,1.5
102,0.15053088841249446,-0.5477410771153185,-0.540109187058839,GMM estimator,0.2,0.2,0.5,0.5,3411,0.0,0.0,0.0,wrong,wrong,1.5
103,-0.01230842528091351,-0.5424662452976472,-0.5094613931210104,GMM estimator,0.2,0.2,0.5,0.5,3411,0.0,0.0,0.0,wrong,wrong,1.5
104,-0.5752784853356607,-0.5003997103733693,-0.517932098489683,GMM estimator,0.2,0.2,0.5,0.5,3411,0.0,0.0,0.0,wrong,wrong,1.5
105,-0.2416530644674284,-0.5495033995317297,-0.5728381126438225,GMM estimator,0.2,0.2,0.5,0.5,3411,0.0,0.0,0.0,wrong,wrong,1.5
106,-0.31875700255395667,-0.5798208318553013,-0.5579595323601959,GMM estimator,0.2,0.2,0.5,0.5,3411,0.0,0.0,0.0,wrong,wrong,1.5
107,-0.5741333264711304,-0.5679817728942848,-0.4870721874108286,GMM estimator,0.2,0.2,0.5,0.5,3411,0.0,0.0,0.0,wrong,wrong,1.5
108,-0.1705327473735413,-0.5207387532630469,-0.48231618724016573,GMM estimator,0.2,0.2,0.5,0.5,3411,0.0,0.0,0.0,wrong,wrong,1.5
109,0.00610373917489385,-0.5122457891552762,-0.5055409484781622,GMM estimator,0.2,0.2,0.5,0.5,3411,0.0,0.0,0.0,wrong,wrong,1.5
110,0.32985594386582684,-0.5689855145952935,-0.5044062848608039,GMM estimator,0.2,0.2,0.5,0.5,3411,0.0,0.0,0.0,wrong,wrong,1.5
111,0.14299592159353874,-0.5094612100729179,-0.5268048323860602,GMM estimator,0.2,0.2,0.5,0.5,3411,0.0,0.0,0.0,wrong,wrong,1.5
112,-0.11860341114301136,-0.5351531170884936,-0.5319788604311715,GMM estimator,0.2,0.2,0.5,0.5,3411,0.0,0.0,0.0,wrong,wrong,1.5
113,-0.40860522944248684,-0.51914086093641,-0.5150598245303266,GMM estimator,0.2,0.2,0.5,0.5,3411,0.0,0.0,0.0,wrong,wrong,1.5
114,0.2936731104048127,-0.5332588881406762,-0.5430631891707597,GMM estimator,0.2,0.2,0.5,0.5,3411,0.0,0.0,0.0,wrong,wrong,1.5
115,0.16962391387280457,-0.5390098948101532,-0.5291689973190628,GMM estimator,0.2,0.2,0.5,0.5,3411,0.0,0.0,0.0,wrong,wrong,1.5
116,-0.04446513174935825,-0.5137620938866212,-0.5404267447231516,GMM estimator,0.2,0.2,0.5,0.5,3411,0.0,0.0,0.0,wrong,wrong,1.5
117,-0.613321430694015,-0.6109902890672692,-0.5309320078655072,GMM estimator,0.2,0.2,0.5,0.5,3411,0.0,0.0,0.0,wrong,wrong,1.5
118,-0.1956497869887636,-0.5719145906115777,-0.5426816321742159,GMM estimator,0.2,0.2,0.5,0.5,3411,0.0,0.0,0.0,wrong,wrong,1.5
119,-0.056879412624187185,-0.5312486852673496,-0.5273058370948359,GMM estimator,0.2,0.2,0.5,0.5,3411,0.0,0.0,0.0,wrong,wrong,1.5
120,-0.30196948217195363,-0.5239462095564352,-0.5079833179692881,GMM estimator,0.2,0.2,0.5,0.5,3411,0.0,0.0,0.0,wrong,wrong,1.5
121,-0.021687118038257003,-0.49115075876591474,-0.4944019426374623,GMM estimator,0.2,0.2,0.5,0.5,3411,0.0,0.0,0.0,wrong,wrong,1.5
122,0.5078658475973541,-0.5313474372025154,-0.520171344753674,GMM estimator,0.2,0.2,0.5,0.5,3411,0.0,0.0,0.0,wrong,wrong,1.5
123,0.278755215152914,-0.485332989800624,-0.506181845803831,GMM estimator,0.2,0.2,0.5,0.5,3411,0.0,0.0,0.0,wrong,wrong,1.5
124,-0.038654402231587844,-0.5475538539652836,-0.5509431406279713,GMM estimator,0.2,0.2,0.5,0.5,3411,0.0,0.0,0.0,wrong,wrong,1.5
125,-0.15683685229083075,-0.49982461307683557,-0.49967002308890734,GMM estimator,0.2,0.2,0.5,0.5,3411,0.0,0.0,0.0,wrong,wrong,1.5
126,-0.15738662272026072,-0.5362592141292123,-0.519624849957068,GMM estimator,0.2,0.2,0.5,0.5,3411,0.0,0.0,0.0,wrong,wrong,1.5
127,0.0023386303676396023,-0.5164153926341697,-0.5062760786439263,GMM estimator,0.2,0.2,0.5,0.5,3411,0.0,0.0,0.0,wrong,wrong,1.5
128,0.24667756336648974,-0.5461847757671132,-0.4929362830115328,GMM estimator,0.2,0.2,0.5,0.5,3411,0.0,0.0,0.0,wrong,wrong,1.5
129,-0.07871398227142215,-0.5247337234223666,-0.49213597051902724,GMM estimator,0.2,0.2,0.5,0.5,3411,0.0,0.0,0.0,wrong,wrong,1.5
130,-0.17892686582832593,-0.5868595876471132,-0.546863781869924,GMM estimator,0.2,0.2,0.5,0.5,3411,0.0,0.0,0.0,wrong,wrong,1.5
131,-0.06676371445333913,-0.5264927141086877,-0.5240316059771151,GMM estimator,0.2,0.2,0.5,0.5,3411,0.0,0.0,0.0,wrong,wrong,1.5
132,-0.46051860682279333,-0.5508056338549013,-0.5169639995163976,GMM estimator,0.2,0.2,0.5,0.5,3411,0.0,0.0,0.0,wrong,wrong,1.5
133,-0.10468159209329311,-0.5554664119410361,-0.518933249274826,GMM estimator,0.2,0.2,0.5,0.5,3411,0.0,0.0,0.0,wrong,wrong,1.5
134,-0.02221045951791099,-0.5510781854369018,-0.5123525312482842,GMM estimator,0.2,0.2,0.5,0.5,3411,0.0,0.0,0.0,wrong,wrong,1.5
135,0.1749081496331119,-0.5413188070213876,-0.5386112504180172,GMM estimator,0.2,0.2,0.5,0.5,3411,0.0,0.0,0.0,wrong,wrong,1.5
136,-0.23182196343903402,-0.5415914868628726,-0.5301870574299703,GMM estimator,0.2,0.2,0.5,0.5,3411,0.0,0.0,0.0,wrong,wrong,1.5
137,-0.0716690636996247,-0.5067416153222029,-0.5292194039080218,GMM estimator,0.2,0.2,0.5,0.5,3411,0.0,0.0,0.0,wrong,wrong,1.5
138,0.3612952491815198,-0.527636587287756,-0.5175130589990019,GMM estimator,0.2,0.2,0.5,0.5,3411,0.0,0.0,0.0,wrong,wrong,1.5
139,-0.20738753225579729,-0.5395091091720505,-0.5414677381281389,GMM estimator,0.2,0.2,0.5,0.5,3411,0.0,0.0,0.0,wrong,wrong,1.5
140,0.307615576250525,-0.5148610587008114,-0.5059561067412233,GMM estimator,0.2,0.2,0.5,0.5,3411,0.0,0.0,0.0,wrong,wrong,1.5
141,-0.009382422887005195,-0.5461118442246603,-0.5177771305505047,GMM estimator,0.2,0.2,0.5,0.5,3411,0.0,0.0,0.0,wrong,wrong,1.5
142,0.10226961619609595,-0.5574954046359788,-0.5041525987167483,GMM estimator,0.2,0.2,0.5,0.5,3411,0.0,0.0,0.0,wrong,wrong,1.5
143,0.191054691722908,-0.4946211076697568,-0.5183998320463745,GMM estimator,0.2,0.2,0.5,0.5,3411,0.0,0.0,0.0,wrong,wrong,1.5
144,0.2708018455051264,-0.48704988926991266,-0.5142431358158159,GMM estimator,0.2,0.2,0.5,0.5,3411,0.0,0.0,0.0,wrong,wrong,1.5
145,0.18946756965037095,-0.5224052566931592,-0.47015848079002415,GMM estimator,0.2,0.2,0.5,0.5,3411,0.0,0.0,0.0,wrong,wrong,1.5
146,-0.18365728387343083,-0.5477089853104609,-0.5377133802510538,GMM estimator,0.2,0.2,0.5,0.5,3411,0.0,0.0,0.0,wrong,wrong,1.5
147,-0.018477132715684214,-0.5279274099215062,-0.5263699008911286,GMM estimator,0.2,0.2,0.5,0.5,3411,0.0,0.0,0.0,wrong,wrong,1.5
148,0.16499735224597503,-0.5273564948962373,-0.5277535137019428,GMM estimator,0.2,0.2,0.5,0.5,3411,0.0,0.0,0.0,wrong,wrong,1.5
149,-0.1629338485087119,-0.546941512978872,-0.5143949698205512,GMM estimator,0.2,0.2,0.5,0.5,3411,0.0,0.0,0.0,wrong,wrong,1.5
150,0.12821397728384185,-0.5383351491596478,-0.5340027040546015,GMM estimator,0.2,0.2,0.5,0.5,3411,0.0,0.0,0.0,wrong,wrong,1.5
151,-0.0032995882376466007,-0.5455410397221925,-0.544264648703051,GMM estimator,0.2,0.2,0.5,0.5,3411,0.0,0.0,0.0,wrong,wrong,1.5
152,0.10576342844645191,-0.5482178017296772,-0.5094024882478512,GMM estimator,0.2,0.2,0.5,0.5,3411,0.0,0.0,0.0,wrong,wrong,1.5
153,0.1593417472569661,-0.5272680939869361,-0.498204209954465,GMM estimator,0.2,0.2,0.5,0.5,3411,0.0,0.0,0.0,wrong,wrong,1.5
154,-0.004660509015304901,-0.4601128195909659,-0.515695688136779,GMM estimator,0.2,0.2,0.5,0.5,3411,0.0,0.0,0.0,wrong,wrong,1.5
155,0.052838207466352365,-0.5002310373230051,-0.551549533512632,GMM estimator,0.2,0.2,0.5,0.5,3411,0.0,0.0,0.0,wrong,wrong,1.5
156,0.3706315699084833,-0.5449781171772553,-0.4928383747140636,GMM estimator,0.2,0.2,0.5,0.5,3411,0.0,0.0,0.0,wrong,wrong,1.5
157,-0.09064300662854652,-0.514769708486097,-0.563119964572219,GMM estimator,0.2,0.2,0.5,0.5,3411,0.0,0.0,0.0,wrong,wrong,1.5
158,0.20286426814596298,-0.5031741992957572,-0.5166499172954034,GMM estimator,0.2,0.2,0.5,0.5,3411,0.0,0.0,0.0,wrong,wrong,1.5
159,-0.004171562393614088,-0.4376970024630916,-0.5015019339782043,GMM estimator,0.2,0.2,0.5,0.5,3411,0.0,0.0,0.0,wrong,wrong,1.5
160,0.15180200805623958,-0.5400608067913268,-0.49078349151042777,GMM estimator,0.2,0.2,0.5,0.5,3411,0.0,0.0,0.0,wrong,wrong,1.5
161,-0.009760289772522033,-0.50253244402672,-0.5426488488412006,GMM estimator,0.2,0.2,0.5,0.5,3411,0.0,0.0,0.0,wrong,wrong,1.5
162,0.24537121257014277,-0.46450587527401643,-0.5513133210328753,GMM estimator,0.2,0.2,0.5,0.5,3411,0.0,0.0,0.0,wrong,wrong,1.5
163,0.03864015780713842,-0.4941222668368641,-0.5237603369130399,GMM estimator,0.2,0.2,0.5,0.5,3411,0.0,0.0,0.0,wrong,wrong,1.5
164,-0.5077681986346865,-0.5002855765010998,-0.5672688327498291,GMM estimator,0.2,0.2,0.5,0.5,3411,0.0,0.0,0.0,wrong,wrong,1.5
165,-0.10208288663555189,-0.4989011963624496,-0.5306307267400023,GMM estimator,0.2,0.2,0.5,0.5,3411,0.0,0.0,0.0,wrong,wrong,1.5
166,0.07591382558387297,-0.5701878135950922,-0.5045302307451253,GMM estimator,0.2,0.2,0.5,0.5,3411,0.0,0.0,0.0,wrong,wrong,1.5
167,-0.21980238217012557,-0.49279289213021826,-0.5410778101539085,GMM estimator,0.2,0.2,0.5,0.5,3411,0.0,0.0,0.0,wrong,wrong,1.5
168,-0.0453341527790057,-0.5723851548599327,-0.5619908847827014,GMM estimator,0.2,0.2,0.5,0.5,3411,0.0,0.0,0.0,wrong,wrong,1.5
169,-0.17770211661462315,-0.4660902990830616,-0.546450169714211,GMM estimator,0.2,0.2,0.5,0.5,3411,0.0,0.0,0.0,wrong,wrong,1.5
170,0.07799009473967783,-0.5421076418866266,-0.5235709049637629,GMM estimator,0.2,0.2,0.5,0.5,3411,0.0,0.0,0.0,wrong,wrong,1.5
171,-0.33228349739024593,-0.5289864511297125,-0.5591772012104712,GMM estimator,0.2,0.2,0.5,0.5,3411,0.0,0.0,0.0,wrong,wrong,1.5
172,-0.17532126782855767,-0.5104343681330329,-0.5398132974186254,GMM estimator,0.2,0.2,0.5,0.5,3411,0.0,0.0,0.0,wrong,wrong,1.5
173,-0.06113675768566439,-0.548981706280251,-0.517687763924156,GMM estimator,0.2,0.2,0.5,0.5,3411,0.0,0.0,0.0,wrong,wrong,1.5
174,0.13133466404073676,-0.5001745710016603,-0.5106700426216887,GMM estimator,0.2,0.2,0.5,0.5,3411,0.0,0.0,0.0,wrong,wrong,1.5
175,0.27134659178947296,-0.5332344810684614,-0.5308940660826489,GMM estimator,0.2,0.2,0.5,0.5,3411,0.0,0.0,0.0,wrong,wrong,1.5
176,-0.296181911299069,-0.532577572914066,-0.5360582151740905,GMM estimator,0.2,0.2,0.5,0.5,3411,0.0,0.0,0.0,wrong,wrong,1.5
177,0.1333787574976517,-0.539144640173617,-0.5444137770889005,GMM estimator,0.2,0.2,0.5,0.5,3411,0.0,0.0,0.0,wrong,wrong,1.5
178,0.027763835299352134,-0.5315850257993757,-0.488262163516166,GMM estimator,0.2,0.2,0.5,0.5,3411,0.0,0.0,0.0,wrong,wrong,1.5
179,-0.17131947810876574,-0.5305025181721543,-0.5090840800436445,GMM estimator,0.2,0.2,0.5,0.5,3411,0.0,0.0,0.0,wrong,wrong,1.5
180,0.22674228145910372,-0.5058528675441523,-0.5451040677305025,GMM estimator,0.2,0.2,0.5,0.5,3411,0.0,0.0,0.0,wrong,wrong,1.5
181,0.09816790697497814,-0.5149369527582196,-0.49508371264716766,GMM estimator,0.2,0.2,0.5,0.5,3411,0.0,0.0,0.0,wrong,wrong,1.5
182,0.1812269134284461,-0.529768827625292,-0.5197837273272042,GMM estimator,0.2,0.2,0.5,0.5,3411,0.0,0.0,0.0,wrong,wrong,1.5
183,0.30468995045367764,-0.49544465774323787,-0.5082324859325991,GMM estimator,0.2,0.2,0.5,0.5,3411,0.0,0.0,0.0,wrong,wrong,1.5
184,0.015065471380148349,-0.4920245059012783,-0.5359367609739403,GMM estimator,0.2,0.2,0.5,0.5,3411,0.0,0.0,0.0,wrong,wrong,1.5
185,-0.011387010653593864,-0.5264378046903918,-0.5435729075973652,GMM estimator,0.2,0.2,0.5,0.5,3411,0.0,0.0,0.0,wrong,wrong,1.5
186,0.1329416034589995,-0.5009519183312034,-0.5091110450595489,GMM estimator,0.2,0.2,0.5,0.5,3411,0.0,0.0,0.0,wrong,wrong,1.5
187,0.09458830728942728,-0.5067448722406553,-0.527597901867331,GMM estimator,0.2,0.2,0.5,0.5,3411,0.0,0.0,0.0,wrong,wrong,1.5
188,-0.017356516322732923,-0.518370428926933,-0.5548008284485254,GMM estimator,0.2,0.2,0.5,0.5,3411,0.0,0.0,0.0,wrong,wrong,1.5
189,0.29895807494498716,-0.5282652938280679,-0.4968267772865233,GMM estimator,0.2,0.2,0.5,0.5,3411,0.0,0.0,0.0,wrong,wrong,1.5
190,0.08173597639793685,-0.48192073829957344,-0.5052616857693697,GMM estimator,0.2,0.2,0.5,0.5,3411,0.0,0.0,0.0,wrong,wrong,1.5
191,-0.2868811396929194,-0.5421375310667057,-0.5166766548505999,GMM estimator,0.2,0.2,0.5,0.5,3411,0.0,0.0,0.0,wrong,wrong,1.5
192,-0.07402712601557411,-0.49372947216802787,-0.5117424321550974,GMM estimator,0.2,0.2,0.5,0.5,3411,0.0,0.0,0.0,wrong,wrong,1.5
193,-0.33724254294803896,-0.48715925760559636,-0.5200619730991995,GMM estimator,0.2,0.2,0.5,0.5,3411,0.0,0.0,0.0,wrong,wrong,1.5
194,0.40161667819697494,-0.5206730601415698,-0.5019338711520894,GMM estimator,0.2,0.2,0.5,0.5,3411,0.0,0.0,0.0,wrong,wrong,1.5
195,-0.54109702806551,-0.5647209769579858,-0.5247463868253118,GMM estimator,0.2,0.2,0.5,0.5,3411,0.0,0.0,0.0,wrong,wrong,1.5
196,-0.1897331892001302,-0.5613900161947424,-0.5235518007350429,GMM estimator,0.2,0.2,0.5,0.5,3411,0.0,0.0,0.0,wrong,wrong,1.5
197,-0.07209699761565908,-0.5366640681472123,-0.499562215145681,GMM estimator,0.2,0.2,0.5,0.5,3411,0.0,0.0,0.0,wrong,wrong,1.5
198,0.11218528887383289,-0.5385884231640267,-0.5512217949049586,GMM estimator,0.2,0.2,0.5,0.5,3411,0.0,0.0,0.0,wrong,wrong,1.5
199,0.32374919418131565,-0.5047599729052115,-0.5041234511768736,GMM estimator,0.2,0.2,0.5,0.5,3411,0.0,0.0,0.0,wrong,wrong,1.5
200,-0.04892157951539682,-0.4856431193514372,-0.514180113647978,GMM estimator,0.2,0.2,0.5,0.5,3411,0.0,0.0,0.0,wrong,wrong,1.5
201,0.08085319722169274,-0.5429158271656473,-0.5070685365408271,GMM estimator,0.2,0.2,0.5,0.5,3411,0.0,0.0,0.0,wrong,wrong,1.5
202,-0.049571641872802816,-0.5201926085447368,-0.5283338124742714,GMM estimator,0.2,0.2,0.5,0.5,3411,0.0,0.0,0.0,wrong,wrong,1.5
203,0.26121456197490645,-0.5388199919587526,-0.5162779128179606,GMM estimator,0.2,0.2,0.5,0.5,3411,0.0,0.0,0.0,wrong,wrong,1.5
204,0.18153129675963722,-0.5395202070438959,-0.5018077384940668,GMM estimator,0.2,0.2,0.5,0.5,3411,0.0,0.0,0.0,wrong,wrong,1.5
205,0.09204047915379421,-0.48830268844191194,-0.502093131244305,GMM estimator,0.2,0.2,0.5,0.5,3411,0.0,0.0,0.0,wrong,wrong,1.5
206,0.12355211053013634,-0.5252777705597007,-0.5161752479025631,GMM estimator,0.2,0.2,0.5,0.5,3411,0.0,0.0,0.0,wrong,wrong,1.5
207,0.13966148878206253,-0.49326578479291927,-0.5120058006680746,GMM estimator,0.2,0.2,0.5,0.5,3411,0.0,0.0,0.0,wrong,wrong,1.5
208,-0.3272915689069574,-0.5405805543337109,-0.5108812339620891,GMM estimator,0.2,0.2,0.5,0.5,3411,0.0,0.0,0.0,wrong,wrong,1.5
209,-0.06159268935811173,-0.4998333983805327,-0.5177436843519161,GMM estimator,0.2,0.2,0.5,0.5,3411,0.0,0.0,0.0,wrong,wrong,1.5
210,0.08931999664647734,-0.5189043140194374,-0.47505894530791887,GMM estimator,0.2,0.2,0.5,0.5,3411,0.0,0.0,0.0,wrong,wrong,1.5
211,0.31533013484761924,-0.4842296664838096,-0.5061736748369344,GMM estimator,0.2,0.2,0.5,0.5,3411,0.0,0.0,0.0,wrong,wrong,1.5
212,0.22889145731112004,-0.5226853612020724,-0.5259459755100327,GMM estimator,0.2,0.2,0.5,0.5,3411,0.0,0.0,0.0,wrong,wrong,1.5
213,0.07868860058223268,-0.5649169235968036,-0.5321682444251906,GMM estimator,0.2,0.2,0.5,0.5,3411,0.0,0.0,0.0,wrong,wrong,1.5
214,-0.2891497724061451,-0.537672906827253,-0.504925119040383,GMM estimator,0.2,0.2,0.5,0.5,3411,0.0,0.0,0.0,wrong,wrong,1.5
215,-0.11906472132740203,-0.5536094043361935,-0.5149955419759966,GMM estimator,0.2,0.2,0.5,0.5,3411,0.0,0.0,0.0,wrong,wrong,1.5
216,0.28837392173393966,-0.5223405427979835,-0.4956305542216024,GMM estimator,0.2,0.2,0.5,0.5,3411,0.0,0.0,0.0,wrong,wrong,1.5
217,0.35549793206597224,-0.48489324542655377,-0.516265647886572,GMM estimator,0.2,0.2,0.5,0.5,3411,0.0,0.0,0.0,wrong,wrong,1.5
218,-0.13845080122517325,-0.559532696070383,-0.5150751848168411,GMM estimator,0.2,0.2,0.5,0.5,3411,0.0,0.0,0.0,wrong,wrong,1.5
219,-0.12402227190860061,-0.5479831347115812,-0.5033151578347124,GMM estimator,0.2,0.2,0.5,0.5,3411,0.0,0.0,0.0,wrong,wrong,1.5
220,0.179070149081545,-0.5304507150819626,-0.5255888911428744,GMM estimator,0.2,0.2,0.5,0.5,3411,0.0,0.0,0.0,wrong,wrong,1.5
221,0.0858496606423724,-0.5376685539070762,-0.5410636496494731,GMM estimator,0.2,0.2,0.5,0.5,3411,0.0,0.0,0.0,wrong,wrong,1.5
222,0.011995238382271352,-0.505629257242047,-0.5206400448940891,GMM estimator,0.2,0.2,0.5,0.5,3411,0.0,0.0,0.0,wrong,wrong,1.5
223,0.07198055552195019,-0.5007863684868679,-0.45838724987852036,GMM estimator,0.2,0.2,0.5,0.5,3411,0.0,0.0,0.0,wrong,wrong,1.5
224,-0.2732076302770519,-0.5832633409047399,-0.5476944335981956,GMM estimator,0.2,0.2,0.5,0.5,3411,0.0,0.0,0.0,wrong,wrong,1.5
225,-0.18518429720044133,-0.5449361432184151,-0.5273316115209552,GMM estimator,0.2,0.2,0.5,0.5,3411,0.0,0.0,0.0,wrong,wrong,1.5
226,0.19127922292259492,-0.5014147644175262,-0.5183582918949005,GMM estimator,0.2,0.2,0.5,0.5,3411,0.0,0.0,0.0,wrong,wrong,1.5
227,0.3289746291551084,-0.5479438973860538,-0.49126411518828594,GMM estimator,0.2,0.2,0.5,0.5,3411,0.0,0.0,0.0,wrong,wrong,1.5
228,0.14330173605557026,-0.5256372481582291,-0.5078021135429297,GMM estimator,0.2,0.2,0.5,0.5,3411,0.0,0.0,0.0,wrong,wrong,1.5
229,-0.08232135619875622,-0.5559684791440921,-0.528849456077686,GMM estimator,0.2,0.2,0.5,0.5,3411,0.0,0.0,0.0,wrong,wrong,1.5
230,-0.2783145741331439,-0.5021665387714299,-0.5503713035767019,GMM estimator,0.2,0.2,0.5,0.5,3411,0.0,0.0,0.0,wrong,wrong,1.5
231,0.2788511439142484,-0.5122502232020845,-0.5089345950824626,GMM estimator,0.2,0.2,0.5,0.5,3411,0.0,0.0,0.0,wrong,wrong,1.5
232,-0.17708554448884256,-0.5539009371144099,-0.532756210123247,GMM estimator,0.2,0.2,0.5,0.5,3411,0.0,0.0,0.0,wrong,wrong,1.5
233,-0.29241954023302563,-0.5366077333872209,-0.4979758153229179,GMM estimator,0.2,0.2,0.5,0.5,3411,0.0,0.0,0.0,wrong,wrong,1.5
234,-0.027149784208115483,-0.5368197975381659,-0.5111455809974018,GMM estimator,0.2,0.2,0.5,0.5,3411,0.0,0.0,0.0,wrong,wrong,1.5
235,-0.24997977148665848,-0.5173928572475115,-0.5197729096684417,GMM estimator,0.2,0.2,0.5,0.5,3411,0.0,0.0,0.0,wrong,wrong,1.5
236,-0.2900358491156694,-0.5221942371890509,-0.5113508247925973,GMM estimator,0.2,0.2,0.5,0.5,3411,0.0,0.0,0.0,wrong,wrong,1.5
237,-0.09713382297735602,-0.5302631031657522,-0.5072973269650624,GMM estimator,0.2,0.2,0.5,0.5,3411,0.0,0.0,0.0,wrong,wrong,1.5
238,0.1769954347713836,-0.4988921083719746,-0.5275073472566081,GMM estimator,0.2,0.2,0.5,0.5,3411,0.0,0.0,0.0,wrong,wrong,1.5
239,-0.2561347511694326,-0.5713087919256858,-0.540813942648712,GMM estimator,0.2,0.2,0.5,0.5,3411,0.0,0.0,0.0,wrong,wrong,1.5
240,0.03484906386083164,-0.5201368041125771,-0.5249496211505752,GMM estimator,0.2,0.2,0.5,0.5,3411,0.0,0.0,0.0,wrong,wrong,1.5
241,-0.12093294271073841,-0.4585397117275555,-0.5118637469029087,GMM estimator,0.2,0.2,0.5,0.5,3411,0.0,0.0,0.0,wrong,wrong,1.5
242,0.26398602388469333,-0.4775834951640614,-0.524744865749831,GMM estimator,0.2,0.2,0.5,0.5,3411,0.0,0.0,0.0,wrong,wrong,1.5
243,-0.012418571479548019,-0.5063978025772452,-0.529306526582605,GMM estimator,0.2,0.2,0.5,0.5,3411,0.0,0.0,0.0,wrong,wrong,1.5
244,0.1034188310638185,-0.5213324427612572,-0.49737271230469954,GMM estimator,0.2,0.2,0.5,0.5,3411,0.0,0.0,0.0,wrong,wrong,1.5
245,0.08210051209529066,-0.5308220566065084,-0.5243849709084634,GMM estimator,0.2,0.2,0.5,0.5,3411,0.0,0.0,0.0,wrong,wrong,1.5
246,-0.5410990901747461,-0.562001996901618,-0.5401343286327771,GMM estimator,0.2,0.2,0.5,0.5,3411,0.0,0.0,0.0,wrong,wrong,1.5
247,-0.07796671978065971,-0.5436450979650999,-0.5452066367506351,GMM estimator,0.2,0.2,0.5,0.5,3411,0.0,0.0,0.0,wrong,wrong,1.5
248,0.18154942342836652,-0.5434452188727297,-0.5470623244895895,GMM estimator,0.2,0.2,0.5,0.5,3411,0.0,0.0,0.0,wrong,wrong,1.5
249,0.11242575743800103,-0.48715125341930354,-0.5274640300449572,GMM estimator,0.2,0.2,0.5,0.5,3411,0.0,0.0,0.0,wrong,wrong,1.5
250,-0.049548430099605946,-0.5055186935045113,-0.5414460451657565,GMM estimator,0.2,0.2,0.5,0.5,3411,0.0,0.0,0.0,wrong,wrong,1.5
251,-0.14702735573319542,-0.5075106704622885,-0.5341934502240965,GMM estimator,0.2,0.2,0.5,0.5,3411,0.0,0.0,0.0,wrong,wrong,1.5
252,0.1427478726032083,-0.488710385420615,-0.5281578901901102,GMM estimator,0.2,0.2,0.5,0.5,3411,0.0,0.0,0.0,wrong,wrong,1.5
253,-0.1785504595267789,-0.49545982575023817,-0.5138235539117825,GMM estimator,0.2,0.2,0.5,0.5,3411,0.0,0.0,0.0,wrong,wrong,1.5
254,0.05340957927362244,-0.5329700676211628,-0.56120804533937,GMM estimator,0.2,0.2,0.5,0.5,3411,0.0,0.0,0.0,wrong,wrong,1.5
255,-0.036545902438102185,-0.5592082123327969,-0.5425790608217478,GMM estimator,0.2,0.2,0.5,0.5,3411,0.0,0.0,0.0,wrong,wrong,1.5
256,-0.24245083252067876,-0.5530350573799804,-0.5657454620237747,GMM estimator,0.2,0.2,0.5,0.5,3411,0.0,0.0,0.0,wrong,wrong,1.5
257,-0.05323469501089042,-0.49710086031750134,-0.503683922163819,GMM estimator,0.2,0.2,0.5,0.5,3411,0.0,0.0,0.0,wrong,wrong,1.5
258,-0.4295287544238219,-0.5186789856769514,-0.5154243272332726,GMM estimator,0.2,0.2,0.5,0.5,3411,0.0,0.0,0.0,wrong,wrong,1.5
259,-0.11104927296859898,-0.5770351370948387,-0.5323932316640868,GMM estimator,0.2,0.2,0.5,0.5,3411,0.0,0.0,0.0,wrong,wrong,1.5
260,-0.14780639559808095,-0.5422359602420463,-0.552770429552363,GMM estimator,0.2,0.2,0.5,0.5,3411,0.0,0.0,0.0,wrong,wrong,1.5
261,0.05875102188689467,-0.5145794252908918,-0.5180677403056272,GMM estimator,0.2,0.2,0.5,0.5,3411,0.0,0.0,0.0,wrong,wrong,1.5
262,-0.16186029564361484,-0.4739788075005609,-0.5086391178060551,GMM estimator,0.2,0.2,0.5,0.5,3411,0.0,0.0,0.0,wrong,wrong,1.5
263,-0.18627256448250684,-0.5679800532041916,-0.5269524624094909,GMM estimator,0.2,0.2,0.5,0.5,3411,0.0,0.0,0.0,wrong,wrong,1.5
264,0.14761693148877533,-0.4713886652341876,-0.5298592338244943,GMM estimator,0.2,0.2,0.5,0.5,3411,0.0,0.0,0.0,wrong,wrong,1.5
265,-0.05314576400988881,-0.49722055380469676,-0.5343999246720148,GMM estimator,0.2,0.2,0.5,0.5,3411,0.0,0.0,0.0,wrong,wrong,1.5
266,-0.11984431259459344,-0.5265974374575809,-0.5404444946295414,GMM estimator,0.2,0.2,0.5,0.5,3411,0.0,0.0,0.0,wrong,wrong,1.5
267,-0.18244356479621007,-0.5233323492867799,-0.533293291477447,GMM estimator,0.2,0.2,0.5,0.5,3411,0.0,0.0,0.0,wrong,wrong,1.5
268,-0.21941786623558798,-0.49636055602813406,-0.5196076500283885,GMM estimator,0.2,0.2,0.5,0.5,3411,0.0,0.0,0.0,wrong,wrong,1.5
269,-0.22981065600675277,-0.4984463591125899,-0.5053082315731211,GMM estimator,0.2,0.2,0.5,0.5,3411,0.0,0.0,0.0,wrong,wrong,1.5
270,-0.0896276906154102,-0.5655873962179743,-0.4951717874766154,GMM estimator,0.2,0.2,0.5,0.5,3411,0.0,0.0,0.0,wrong,wrong,1.5
271,-0.17960872787089296,-0.527216132092253,-0.5412384477969073,GMM estimator,0.2,0.2,0.5,0.5,3411,0.0,0.0,0.0,wrong,wrong,1.5
272,-0.29589246852278694,-0.535467569411516,-0.5648826187265165,GMM estimator,0.2,0.2,0.5,0.5,3411,0.0,0.0,0.0,wrong,wrong,1.5
273,0.15523299312790545,-0.5187788542037421,-0.5436740326328551,GMM estimator,0.2,0.2,0.5,0.5,3411,0.0,0.0,0.0,wrong,wrong,1.5
274,-0.17690291338232308,-0.48115483263389447,-0.551552903898926,GMM estimator,0.2,0.2,0.5,0.5,3411,0.0,0.0,0.0,wrong,wrong,1.5
275,-0.01096447641986868,-0.4829006793648025,-0.5236830862980526,GMM estimator,0.2,0.2,0.5,0.5,3411,0.0,0.0,0.0,wrong,wrong,1.5
276,0.015234346779942107,-0.5708511952892619,-0.5307984249026828,GMM estimator,0.2,0.2,0.5,0.5,3411,0.0,0.0,0.0,wrong,wrong,1.5
277,0.3014986487596685,-0.516734376222576,-0.5252334123970718,GMM estimator,0.2,0.2,0.5,0.5,3411,0.0,0.0,0.0,wrong,wrong,1.5
278,0.21842678864133996,-0.5268863285747813,-0.5134648249272808,GMM estimator,0.2,0.2,0.5,0.5,3411,0.0,0.0,0.0,wrong,wrong,1.5
279,-0.02216796572339784,-0.536022847623071,-0.5306364034842268,GMM estimator,0.2,0.2,0.5,0.5,3411,0.0,0.0,0.0,wrong,wrong,1.5
280,0.0358206286259305,-0.49042842584649393,-0.5188999519821449,GMM estimator,0.2,0.2,0.5,0.5,3411,0.0,0.0,0.0,wrong,wrong,1.5
281,0.23462942084809849,-0.4804760965819354,-0.4929229633639306,GMM estimator,0.2,0.2,0.5,0.5,3411,0.0,0.0,0.0,wrong,wrong,1.5
282,0.2217194300634042,-0.5603710066405955,-0.5351032827953229,GMM estimator,0.2,0.2,0.5,0.5,3411,0.0,0.0,0.0,wrong,wrong,1.5
283,0.2779184047599712,-0.522015003517998,-0.5362908359742459,GMM estimator,0.2,0.2,0.5,0.5,3411,0.0,0.0,0.0,wrong,wrong,1.5
284,-0.05307871554790245,-0.5142353687888689,-0.533633537071841,GMM estimator,0.2,0.2,0.5,0.5,3411,0.0,0.0,0.0,wrong,wrong,1.5
285,-0.007119995708824608,-0.5715764310930196,-0.539094995152699,GMM estimator,0.2,0.2,0.5,0.5,3411,0.0,0.0,0.0,wrong,wrong,1.5
286,0.0031328636174338246,-0.5473344569456057,-0.5289772245283555,GMM estimator,0.2,0.2,0.5,0.5,3411,0.0,0.0,0.0,wrong,wrong,1.5
287,0.22553754075181542,-0.5267165095385302,-0.5311830064852586,GMM estimator,0.2,0.2,0.5,0.5,3411,0.0,0.0,0.0,wrong,wrong,1.5
288,-0.5182747462162497,-0.5337751396063358,-0.5250819697030862,GMM estimator,0.2,0.2,0.5,0.5,3411,0.0,0.0,0.0,wrong,wrong,1.5
289,-0.3689275932551119,-0.4937011588277254,-0.5067610907476813,GMM estimator,0.2,0.2,0.5,0.5,3411,0.0,0.0,0.0,wrong,wrong,1.5
290,-0.2613777645542326,-0.5300613871514361,-0.5593542221903617,GMM estimator,0.2,0.2,0.5,0.5,3411,0.0,0.0,0.0,wrong,wrong,1.5
291,0.3557315707485707,-0.5271515332023625,-0.5109516493910716,GMM estimator,0.2,0.2,0.5,0.5,3411,0.0,0.0,0.0,wrong,wrong,1.5
292,0.31288657212888665,-0.4981044873125741,-0.5225401507001389,GMM estimator,0.2,0.2,0.5,0.5,3411,0.0,0.0,0.0,wrong,wrong,1.5
293,-0.18430403714724528,-0.5270708828907998,-0.5175816849045715,GMM estimator,0.2,0.2,0.5,0.5,3411,0.0,0.0,0.0,wrong,wrong,1.5
294,0.2409577189542171,-0.5387607519070006,-0.5212170793892292,GMM estimator,0.2,0.2,0.5,0.5,3411,0.0,0.0,0.0,wrong,wrong,1.5
295,0.09286080055784815,-0.49555395401062613,-0.5195449236482346,GMM estimator,0.2,0.2,0.5,0.5,3411,0.0,0.0,0.0,wrong,wrong,1.5
296,0.16149572241375768,-0.5300831435367727,-0.5257674793241496,GMM estimator,0.2,0.2,0.5,0.5,3411,0.0,0.0,0.0,wrong,wrong,1.5
297,-0.08096444155733863,-0.5404845547780035,-0.5382363559141482,GMM estimator,0.2,0.2,0.5,0.5,3411,0.0,0.0,0.0,wrong,wrong,1.5
298,0.42338277063900775,-0.5091428668363893,-0.520479887224617,GMM estimator,0.2,0.2,0.5,0.5,3411,0.0,0.0,0.0,wrong,wrong,1.5
299,-0.05366771362996678,-0.46604344703608763,-0.5445757516184121,GMM estimator,0.2,0.2,0.5,0.5,3411,0.0,0.0,0.0,wrong,wrong,1.5
300,-0.027067984394850506,-0.5398703954254793,-0.5175851506273201,GMM estimator,0.2,0.2,0.5,0.5,3411,0.0,0.0,0.0,wrong,wrong,1.5
1,-0.2167521768519542,-0.15948505342142466,0.04114391157872022,Three-step,1.0,1.0,0.5,0.5,3411,0.0,0.0,0.0,correct,correct,1.5
2,-0.12280272340796881,-0.0699238218793432,0.13651377812241006,Three-step,1.0,1.0,0.5,0.5,3411,0.0,0.0,0.0,correct,correct,1.5
3,-0.2611327038141581,0.03399136461613164,-0.000667777028768664,Three-step,1.0,1.0,0.5,0.5,3411,0.0,0.0,0.0,correct,correct,1.5
4,0.2250395656459885,0.11335911605892092,-0.07188649738414182,Three-step,1.0,1.0,0.5,0.5,3411,0.0,0.0,0.0,correct,correct,1.5
5,-0.39776448379401286,-0.1297266475223473,-0.06295860315137722,Three-step,1.0,1.0,0.5,0.5,3411,0.0,0.0,0.0,correct,correct,1.5
6,0.22279389824679383,0.062220363355978324,0.039440844752508794,Three-step,1.0,1.0,0.5,0.5,3411,0.0,0.0,0.0,correct,correct,1.5
7,0.6370852178386984,0.3233695328364619,0.18243405165739623,Three-step,1.0,1.0,0.5,0.5,3411,0.0,0.0,0.0,correct,correct,1.5
8,-0.19844335216811995,0.010018709799488571,0.01620491119016266,Three-step,1.0,1.0,0.5,0.5,3411,0.0,0.0,0.0,correct,correct,1.5
9,-0.21987079005508636,0.006114514844399233,0.12767046939140295,Three-step,1.0,1.0,0.5,0.5,3411,0.0,0.0,0.0,correct,correct,1.5
10,-0.2914328185042205,-0.22708268183491204,-0.2170805507646671,Three-step,1.0,1.0,0.5,0.5,3411,0.0,0.0,0.0,correct,correct,1.5
11,0.2601817817800998,0.12285782264016884,0.004175203267549378,Three-step,1.0,1.0,0.5,0.5,3411,0.0,0.0,0.0,correct,correct,1.5
12,-0.04316627625582118,-0.08615479437798536,-0.022940985713708874,Three-step,1.0,1.0,0.5,0.5,3411,0.0,0.0,0.0,correct,correct,1.5
13,0.311377829192064,0.0918127848446175,-0.008108260726297018,Three-step,1.0,1.0,0.5,0.5,3411,0.0,0.0,0.0,correct,correct,1.5
14,-0.2928041005125617,-0.13585988139137606,-0.06095718956975445,Three-step,1.0,1.0,0.5,0.5,3411,0.0,0.0,0.0,correct,correct,1.5
15,-0.2878701334715255,-0.24602447038479802,-0.13167102684967769,Three-step,1.0,1.0,0.5,0.5,3411,0.0,0.0,0.0,correct,correct,1.5
16,-0.21587012872849526,-0.3651492174716317,-0.2876567408574651,Three-step,1.0,1.0,0.5,0.5,3411,0.0,0.0,0.0,correct,correct,1.5
17,0.3592845293274106,0.27979459022059516,0.1526578740303593,Three-step,1.0,1.0,0.5,0.5,3411,0.0,0.0,0.0,correct,correct,1.5
18,0.03716785535883929,0.13556574665625545,0.14281304161975159,Three-step,1.0,1.0,0.5,0.5,3411,0.0,0.0,0.0,correct,correct,1.5
19,-0.055670706875812145,0.20997750516179625,0.1359529818922716,Three-step,1.0,1.0,0.5,0.5,3411,0.0,0.0,0.0,correct,correct,1.5
20,-0.029200508129482165,0.2074740344763618,0.1586821755410431,Three-step,1.0,1.0,0.5,0.5,3411,0.0,0.0,0.0,correct,correct,1.5
21,0.06627440279219612,0.20263370029739033,0.04653878920410086,Three-step,1.0,1.0,0.5,0.5,3411,0.0,0.0,0.0,correct,correct,1.5
22,0.15063072262376243,-0.03240706344673747,0.07879321032740659,Three-step,1.0,1.0,0.5,0.5,3411,0.0,0.0,0.0,correct,correct,1.5
23,-0.07377796477652034,-0.15666660398066845,0.008697614344576665,Three-step,1.0,1.0,0.5,0.5,3411,0.0,0.0,0.0,correct,correct,1.5
24,0.30438894171647557,0.18795194937342344,0.08590451877715852,Three-step,1.0,1.0,0.5,0.5,3411,0.0,0.0,0.0,correct,correct,1.5
25,-0.07719849718717949,0.1301853446802965,0.09521230017309101,Three-step,1.0,1.0,0.5,0.5,3411,0.0,0.0,0.0,correct,correct,1.5
26,-0.039163436923379785,0.19125389515654317,0.09981676709784874,Three-step,1.0,1.0,0.5,0.5,3411,0.0,0.0,0.0,correct,correct,1.5
27,0.06651777887508434,0.18835106496938234,0.07758851705310703,Three-step,1.0,1.0,0.5,0.5,3411,0.0,0.0,0.0,correct,correct,1.5
28,0.008901620797820066,-0.16546799867970513,-0.07147948235897844,Three-step,1.0,1.0,0.5,0.5,3411,0.0,0.0,0.0,correct,correct,1.5
29,0.03799722862676781,-0.08247851333160955,0.012043717072439907,Three-step,1.0,1.0,0.5,0.5,3411,0.0,0.0,0.0,correct,correct,1.5
30,-0.1776008733655895,0.14822750845794516,-0.03709245887549419,Three-step,1.0,1.0,0.5,0.5,3411,0.0,0.0,0.0,correct,correct,1.5
31,0.08364431467972133,0.10317784659760054,0.057309361984816114,Three-step,1.0,1.0,0.5,0.5,3411,0.0,0.0,0.0,correct,correct,1.5
32,-0.08808831566484687,-0.278052241689712,-0.07132998830220201,Three-step,1.0,1.0,0.5,0.5,3411,0.0,0.0,0.0,correct,correct,1.5
33,0.2883461310577994,0.12518000308317248,0.02733795460690973,Three-step,1.0,1.0,0.5,0.5,3411,0.0,0.0,0.0,correct,correct,1.5
34,0.05576611612999593,-0.08112071398585029,-0.013758053607295697,Three-step,1.0,1.0,0.5,0.5,3411,0.0,0.0,0.0,correct,correct,1.5
35,-0.029089042724838282,0.021314040341463343,0.03267410910711683,Three-step,1.0,1.0,0.5,0.5,3411,0.0,0.0,0.0,correct,correct,1.5
36,0.11318389098639176,0.1693922463547988,0.024563585698864486,Three-step,1.0,1.0,0.5,0.5,3411,0.0,0.0,0.0,correct,correct,1.5
37,-0.13562864433340005,-0.18905103659740866,-0.18146085530947084,Three-step,1.0,1.0,0.5,0.5,3411,0.0,0.0,0.0,correct,correct,1.5
38,-0.15761527523543806,-0.05852790615306538,-0.01169383588335802,Three-step,1.0,1.0,0.5,0.5,3411,0.0,0.0,0.0,correct,correct,1.5
39,-0.09027603533670477,-0.0959976354100869,-0.08673517827447605,Three-step,1.0,1.0,0.5,0.5,3411,0.0,0.0,0.0,correct,correct,1.5
40,0.13333517629442931,0.13398481335877424,0.02412499063565027,Three-step,1.0,1.0,0.5,0.5,3411,0.0,0.0,0.0,correct,correct,1.5
41,-0.034938337895503525,0.06303665338372814,0.1114656045578921,Three-step,1.0,1.0,0.5,0.5,3411,0.0,0.0,0.0,correct,correct,1.5
42,0.3903129317609368,0.14802183255668494,0.05562742067222168,Three-step,1.0,1.0,0.5,0.5,3411,0.0,0.0,0.0,correct,correct,1.5
43,-0.2316231926605584,0.06314181807339654,0.02452888372530891,Three-step,1.0,1.0,0.5,0.5,3411,0.0,0.0,0.0,correct,correct,1.5
44,0.6145823382488557,-0.0131702885403952,0.08687684123547144,Three-step,1.0,1.0,0.5,0.5,3411,0.0,0.0,0.0,correct,correct,1.5
45,0.0034202022869693947,-0.14900011126476972,-0.06636425573155232,Three-step,1.0,1.0,0.5,0.5,3411,0.0,0.0,0.0,correct,correct,1.5
46,0.024582579274468896,0.0170117026702199,0.04877013092690573,Three-step,1.0,1.0,0.5,0.5,3411,0.0,0.0,0.0,correct,correct,1.5
47,0.04042857225483282,0.11387576813863352,0.08645723747409086,Three-step,1.0,1.0,0.5,0.5,3411,0.0,0.0,0.0,correct,correct,1.5
48,0.2532797145601555,0.011972475732129291,-0.06714789007874561,Three-step,1.0,1.0,0.5,0.5,3411,0.0,0.0,0.0,correct,correct,1.5
49,-0.26950815405913203,0.07830944155819022,0.19184004375416902,Three-step,1.0,1.0,0.5,0.5,3411,0.0,0.0,0.0,correct,correct,1.5
50,-0.278311731403704,0.12173244040596522,-0.1040668689995216,Three-step,1.0,1.0,0.5,0.5,3411,0.0,0.0,0.0,correct,correct,1.5
51,0.13666231374214616,0.047152349604452796,-0.09647025515792387,Three-step,1.0,1.0,0.5,0.5,3411,0.0,0.0,0.0,correct,correct,1.5
52,0.024071861524642423,0.031002978576980054,0.04925669384219458,Three-step,1.0,1.0,0.5,0.5,3411,0.0,0.0,0.0,correct,correct,1.5
53,0.18636506432617161,0.004379178247565836,0.1308023683007075,Three-step,1.0,1.0,0.5,0.5,3411,0.0,0.0,0.0,correct,correct,1.5
54,0.005284615875032612,-0.11020124123672258,0.06835830647711763,Three-step,1.0,1.0,0.5,0.5,3411,0.0,0.0,0.0,correct,correct,1.5
55,-0.1937312512204417,0.008337185970349744,0.022288476418464084,Three-step,1.0,1.0,0.5,0.5,3411,0.0,0.0,0.0,correct,correct,1.5
56,-0.3296155225122348,-0.02186494905924864,-0.13733272344218386,Three-step,1.0,1.0,0.5,0.5,3411,0.0,0.0,0.0,correct,correct,1.5
57,-0.319013508469172,-0.22003934227818872,-0.07057239016541825,Three-step,1.0,1.0,0.5,0.5,3411,0.0,0.0,0.0,correct,correct,1.5
58,-0.1862860334159106,-0.1986331235422818,-0.21769594358046307,Three-step,1.0,1.0,0.5,0.5,3411,0.0,0.0,0.0,correct,correct,1.5
59,0.5931867867162813,0.3320810925724797,0.12329440246721088,Three-step,1.0,1.0,0.5,0.5,3411,0.0,0.0,0.0,correct,correct,1.5
60,-0.11232931929817531,0.029263962329375632,0.0331112117188374,Three-step,1.0,1.0,0.5,0.5,3411,0.0,0.0,0.0,correct,correct,1.5
61,0.025444702840193064,0.062404892681645244,0.06317838130659068,Three-step,1.0,1.0,0.5,0.5,3411,0.0,0.0,0.0,correct,correct,1.5
62,0.06282092395558543,0.09610506634552332,0.13902778002438743,Three-step,1.0,1.0,0.5,0.5,3411,0.0,0.0,0.0,correct,correct,1.5
63,-0.2594298708597284,0.01669222332275273,-0.03755339160064204,Three-step,1.0,1.0,0.5,0.5,3411,0.0,0.0,0.0,correct,correct,1.5
64,0.03699253792302383,0.017724362042854897,0.010065082282176487,Three-step,1.0,1.0,0.5,0.5,3411,0.0,0.0,0.0,correct,correct,1.5
65,-0.3502215881660334,-0.07588282267847654,0.1253242697820878,Three-step,1.0,1.0,0.5,0.5,3411,0.0,0.0,0.0,correct,correct,1.5
66,0.07185612744241718,0.15120578633270948,0.040096580961592285,Three-step,1.0,1.0,0.5,0.5,3411,0.0,0.0,0.0,correct,correct,1.5
67,0.19575765403576748,0.047837409655591,0.08923797733620398,Three-step,1.0,1.0,0.5,0.5,3411,0.0,0.0,0.0,correct,correct,1.5
68,-0.021455381261725,0.07855423580117861,0.08709812449663991,Three-step,1.0,1.0,0.5,0.5,3411,0.0,0.0,0.0,correct,correct,1.5
69,-0.2508054074066074,-0.09589088064579865,-0.04194370150078066,Three-step,1.0,1.0,0.5,0.5,3411,0.0,0.0,0.0,correct,correct,1.5
70,-0.055910735296098975,-0.1631490305103274,-0.14577611004204927,Three-step,1.0,1.0,0.5,0.5,3411,0.0,0.0,0.0,correct,correct,1.5
71,-0.23382475375385833,0.02412825410836192,0.16544644518565305,Three-step,1.0,1.0,0.5,0.5,3411,0.0,0.0,0.0,correct,correct,1.5
72,-0.058155205001664656,0.03134586501783565,-0.1237644581908658,Three-step,1.0,1.0,0.5,0.5,3411,0.0,0.0,0.0,correct,correct,1.5
73,-0.06463790827110708,0.005402962992943941,0.058641699257484525,Three-step,1.0,1.0,0.5,0.5,3411,0.0,0.0,0.0,correct,correct,1.5
74,-0.38161360785312803,-0.29449973985051797,-0.23901380433974703,Three-step,1.0,1.0,0.5,0.5,3411,0.0,0.0,0.0,correct,correct,1.5
75,-0.003970365980334137,-0.026836789623280725,0.07265819631895566,Three-step,1.0,1.0,0.5,0.5,3411,0.0,0.0,0.0,correct,correct,1.5
76,0.05461631909211192,-0.06335906566024348,-0.04941160735915197,Three-step,1.0,1.0,0.5,0.5,3411,0.0,0.0,0.0,correct,correct,1.5
77,-0.2399222875034739,-0.23050533295378023,-0.25180234538708685,Three-step,1.0,1.0,0.5,0.5,3411,0.0,0.0,0.0,correct,correct,1.5
78,-0.521648050049654,-0.18316706646303468,-0.23365071783726712,Three-step,1.0,1.0,0.5,0.5,3411,0.0,0.0,0.0,correct,correct,1.5
79,0.08274824775275098,0.02935280695622475,0.02029647185776899,Three-step,1.0,1.0,0.5,0.5,3411,0.0,0.0,0.0,correct,correct,1.5
80,0.09419883363595846,-0.08721623019612174,-0.0660907609328465,Three-step,1.0,1.0,0.5,0.5,3411,0.0,0.0,0.0,correct,correct,1.5
81,-0.33332851906718197,-0.091192111423997,-0.1486439910378947,Three-step,1.0,1.0,0.5,0.5,3411,0.0,0.0,0.0,correct,correct,1.5
82,0.20061179786234837,0.16171159864740262,0.11159513349408502,Three-step,1.0,1.0,0.5,0.5,3411,0.0,0.0,0.0,correct,correct,1.5
83,-0.05302645801882344,-0.14881062902255426,-0.19686488672885366,Three-step,1.0,1.0,0.5,0.5,3411,0.0,0.0,0.0,correct,correct,1.5
84,-0.27332524403303626,-0.170670692087977,-0.15835360432901663,Three-step,1.0,1.0,0.5,0.5,3411,0.0,0.0,0.0,correct,correct,1.5
85,-0.32682182435036566,-0.2463350982539607,-0.2694726621519957,Three-step,1.0,1.0,0.5,0.5,3411,0.0,0.0,0.0,correct,correct,1.5
86,-0.20227271709807368,-0.02648404063459237,-0.017616293717617013,Three-step,1.0,1.0,0.5,0.5,3411,0.0,0.0,0.0,correct,correct,1.5
87,-0.02190198682262671,-0.1597537499763172,-0.1637603876340696,Three-step,1.0,1.0,0.5,0.5,3411,0.0,0.0,0.0,correct,correct,1.5
88,0.22805979080274083,0.13060592862607853,0.015370322399914942,Three-step,1.0,1.0,0.5,0.5,3411,0.0,0.0,0.0,correct,correct,1.5
89,0.05740956744077883,0.1248762149896898,-0.008618050107841585,Three-step,1.0,1.0,0.5,0.5,3411,0.0,0.0,0.0,correct,correct,1.5
90,0.0013625786094522236,-0.016829703262924774,-0.05757593700783515,Three-step,1.0,1.0,0.5,0.5,3411,0.0,0.0,0.0,correct,correct,1.5
91,0.011144359380735743,-0.013793811331256648,0.017307936475544572,Three-step,1.0,1.0,0.5,0.5,3411,0.0,0.0,0.0,correct,correct,1.5
92,-0.6351279522003349,-0.2567196040300247,-0.20900714062672715,Three-step,1.0,1.0,0.5,0.5,3411,0.0,0.0,0.0,correct,correct,1.5
93,0.02737948511288372,0.08418609448484415,0.05600294625342879,Three-step,1.0,1.0,0.5,0.5,3411,0.0,0.0,0.0,correct,correct,1.5
94,-0.03609297558252279,-0.061907478748351404,-0.0047628121431875,Three-step,1.0,1.0,0.5,0.5,3411,0.0,0.0,0.0,correct,correct,1.5
95,-0.12123944381008886,0.02412408727270785,0.018176224343708577,Three-step,1.0,1.0,0.5,0.5,3411,0.0,0.0,0.0,correct,correct,1.5
96,-0.06998226886183294,-0.2317292507518075,-0.12596751467676764,Three-step,1.0,1.0,0.5,0.5,3411,0.0,0.0,0.0,correct,correct,1.5
97,-0.24780208756616642,-0.0024346387384417086,0.0017694931798943275,Three-step,1.0,1.0,0.5,0.5,3411,0.0,0.0,0.0,correct,correct,1.5
98,0.10983979009400786,0.09285378223466273,0.11804365682036341,Three-step,1.0,1.0,0.5,0.5,3411,0.0,0.0,0.0,correct,correct,1.5
99,-0.2558309691016743,0.01724775024613473,-0.02541314223777524,Three-step,1.0,1.0,0.5,0.5,3411,0.0,0.0,0.0,correct,correct,1.5
100,-0.1626704999985809,-0.030536441424747186,-0.18576792482386909,Three-step,1.0,1.0,0.5,0.5,3411,0.0,0.0,0.0,correct,correct,1.5
101,0.04208716634519244,-0.10849706709213841,0.06126864525893241,Three-step,1.0,1.0,0.5,0.5,3411,0.0,0.0,0.0,correct,correct,1.5
102,0.18607152473974695,-0.08480654201799834,-0.1806197775369205,Three-step,1.0,1.0,0.5,0.5,3411,0.0,0.0,0.0,correct,correct,1.5
103,0.030385333120837403,0.03973153939811597,0.10663245450177873,Three-step,1.0,1.0,0.5,0.5,3411,0.0,0.0,0.0,correct,correct,1.5
104,-0.5979893431039532,-0.09136579375608976,0.07449716332915564,Three-step,1.0,1.0,0.5,0.5,3411,0.0,0.0,0.0,correct,correct,1.5
105,-0.15108374076550934,-0.1663054078171281,-0.14077318870394478,Three-step,1.0,1.0,0.5,0.5,3411,0.0,0.0,0.0,correct,correct,1.5
106,-0.3251759819414085,-0.3326542180170653,-0.2022154164299708,Three-step,1.0,1.0,0.5,0.5,3411,0.0,0.0,0.0,correct,correct,1.5
107,-0.5580793380081766,-0.23423596523712234,-0.008957397519808851,Three-step,1.0,1.0,0.5,0.5,3411,0.0,0.0,0.0,correct,correct,1.5
108,-0.10849327322928963,0.16191600103264245,-0.025014460862173512,Three-step,1.0,1.0,0.5,0.5,3411,0.0,0.0,0.0,correct,correct,1.5
109,0.02944550511325838,0.03970436216406891,0.005017631024432193,Three-step,1.0,1.0,0.5,0.5,3411,0.0,0.0,0.0,correct,correct,1.5
110,0.30100361111700297,0.14536832298588256,0.12979186385023955,Three-step,1.0,1.0,0.5,0.5,3411,0.0,0.0,0.0,correct,correct,1.5
111,0.16747514872822614,0.09647736306510861,0.024072903217879377,Three-step,1.0,1.0,0.5,0.5,3411,0.0,0.0,0.0,correct,correct,1.5
112,-0.1381640336823616,0.03508799160470506,-0.005562001308647035,Three-step,1.0,1.0,0.5,0.5,3411,0.0,0.0,0.0,correct,correct,1.5
113,-0.4182106096894138,0.04730365973191583,0.016494441852893102,Three-step,1.0,1.0,0.5,0.5,3411,0.0,0.0,0.0,correct,correct,1.5
114,0.2793245484103179,0.09829007035380656,-0.018637072979859795,Three-step,1.0,1.0,0.5,0.5,3411,0.0,0.0,0.0,correct,correct,1.5
115,0.17697046256868418,0.012599243067465966,0.05858250013461022,Three-step,1.0,1.0,0.5,0.5,3411,0.0,0.0,0.0,correct,correct,1.5
116,-0.02758283158616701,0.01664547873055966,0.01622490841749231,Three-step,1.0,1.0,0.5,0.5,3411,0.0,0.0,0.0,correct,correct,1.5
117,-0.40015964768354306,-0.2847624398043947,-0.2443572073266844,Three-step,1.0,1.0,0.5,0.5,3411,0.0,0.0,0.0,correct,correct,1.5
118,-0.1946141172816018,-0.0062297728718643365,-0.002241730699657592,Three-step,1.0,1.0,0.5,0.5,3411,0.0,0.0,0.0,correct,correct,1.5
119,0.004967250805813232,-0.0389739877292209,-0.04109885694453121,Three-step,1.0,1.0,0.5,0.5,3411,0.0,0.0,0.0,correct,correct,1.5
120,-0.13138020694046015,-0.015772830346700448,-0.0031715131882894907,Three-step,1.0,1.0,0.5,0.5,3411,0.0,0.0,0.0,correct,correct,1.5
121,0.032739278889879306,0.01313112165272542,0.015604203101790831,Three-step,1.0,1.0,0.5,0.5,3411,0.0,0.0,0.0,correct,correct,1.5
122,0.48018854799643973,0.149428757808992,0.10357969487780716,Three-step,1.0,1.0,0.5,0.5,3411,0.0,0.0,0.0,correct,correct,1.5
123,0.23614933183646383,0.01924517727234557,0.11938723962222486,Three-step,1.0,1.0,0.5,0.5,3411,0.0,0.0,0.0,correct,correct,1.5
124,-0.06656257114345317,-0.11877118961436381,-0.07132493338757225,Three-step,1.0,1.0,0.5,0.5,3411,0.0,0.0,0.0,correct,correct,1.5
125,-0.09598929759294605,0.003383347727339995,0.050408653319240763,Three-step,1.0,1.0,0.5,0.5,3411,0.0,0.0,0.0,correct,correct,1.5
126,-0.07962640511398333,0.0013903306179499084,0.03222913502298017,Three-step,1.0,1.0,0.5,0.5,3411,0.0,0.0,0.0,correct,correct,1.5
127,0.019296349999736524,-0.04147882632905538,0.04155391337521853,Three-step,1.0,1.0,0.5,0.5,3411,0.0,0.0,0.0,correct,correct,1.5
128,0.3678740539066616,0.15833072089110609,0.08649673222730926,Three-step,1.0,1.0,0.5,0.5,3411,0.0,0.0,0.0,correct,correct,1.5
129,0.057216900004782856,-0.06639565499363818,0.013210673344909309,Three-step,1.0,1.0,0.5,0.5,3411,0.0,0.0,0.0,correct,correct,1.5
130,-0.1471870824480991,-0.12361855294970389,-0.03359153884444023,Three-step,1.0,1.0,0.5,0.5,3411,0.0,0.0,0.0,correct,correct,1.5
131,-0.08354177172001213,-0.0001673264142326499,-0.06945346789000355,Three-step,1.0,1.0,0.5,0.5,3411,0.0,0.0,0.0,correct,correct,1.5
132,-0.4387440681249477,-0.15572848541616482,-0.030060389411892072,Three-step,1.0,1.0,0.5,0.5,3411,0.0,0.0,0.0,correct,correct,1.5
133,-0.09692950764355167,-0.03923018898738624,0.06964348458208865,Three-step,1.0,1.0,0.5,0.5,3411,0.0,0.0,0.0,correct,correct,1.5
134,0.0702577916057696,-0.07413001643796806,-0.014378274897162573,Three-step,1.0,1.0,0.5,0.5,3411,0.0,0.0,0.0,correct,correct,1.5
135,0.06526969889533484,-0.12749815533961434,-0.12028051938737064,Three-step,1.0,1.0,0.5,0.5,3411,0.0,0.0,0.0,correct,correct,1.5
136,-0.26968226002722806,-0.06705539329916248,-0.050766196394856,Three-step,1.0,1.0,0.5,0.5,3411,0.0,0.0,0.0,correct,correct,1.5
137,-0.0958640151739239,-0.018025501568586056,-0.10413531277464616,Three-step,1.0,1.0,0.5,0.5,3411,0.0,0.0,0.0,correct,correct,1.5
138,0.42840603850145054,0.06955187688503273,-0.048494149839814926,Three-step,1.0,1.0,0.5,0.5,3411,0.0,0.0,0.0,correct,correct,1.5
139,-0.12720195283696137,-0.13087689652530474,-0.12796334568700163,Three-step,1.0,1.0,0.5,0.5,3411,0.0,0.0,0.0,correct,correct,1.5
140,0.23308767479183626,0.18660281510967933,0.07442700390956358,Three-step,1.0,1.0,0.5,0.5,3411,0.0,0.0,0.0,correct,correct,1.5
141,0.010581475540652528,0.17047492518033044,0.15789795413994975,Three-step,1.0,1.0,0.5,0.5,3411,0.0,0.0,0.0,correct,correct,1.5
142,0.13215432791227202,-0.08112854381036544,-0.033384636069150396,Three-step,1.0,1.0,0.5,0.5,3411,0.0,0.0,0.0,correct,correct,1.5
143,0.1192458139477063,0.18319330783584276,0.1740872744408905,Three-step,1.0,1.0,0.5,0.5,3411,0.0,0.0,0.0,correct,correct,1.5
144,0.2424856994924823,0.07330055769562886,0.010587550702314315,Three-step,1.0,1.0,0.5,0.5,3411,0.0,0.0,0.0,correct,correct,1.5
145,0.28256945961168045,0.19667341643390787,0.2641570015931568,Three-step,1.0,1.0,0.5,0.5,3411,0.0,0.0,0.0,correct,correct,1.5
146,-0.11974143633114694,-0.002945617667035477,-0.05088844258084298,Three-step,1.0,1.0,0.5,0.5,3411,0.0,0.0,0.0,correct,correct,1.5
147,-0.10481252835751466,-0.042012791056629896,-0.004973153822640248,Three-step,1.0,1.0,0.5,0.5,3411,0.0,0.0,0.0,correct,correct,1.5
148,0.153718755774822,0.01563030216732849,-0.01094619159690254,Three-step,1.0,1.0,0.5,0.5,3411,0.0,0.0,0.0,correct,correct,1.5
149,-0.1791368726691809,-0.043605542340727464,-0.03429948795309666,Three-step,1.0,1.0,0.5,0.5,3411,0.0,0.0,0.0,correct,correct,1.5
150,0.24365052173153323,0.3528299106266345,0.1520948856687,Three-step,1.0,1.0,0.5,0.5,3411,0.0,0.0,0.0,correct,correct,1.5
151,0.15913276909036933,-0.05605813028449957,-0.07366773356726602,Three-step,1.0,1.0,0.5,0.5,3411,0.0,0.0,0.0,correct,correct,1.5
152,0.10279361497132879,0.10191018241361179,0.0497947976695317,Three-step,1.0,1.0,0.5,0.5,3411,0.0,0.0,0.0,correct,correct,1.5
153,0.1365239043564099,-0.05139238972392696,-0.019011976634863904,Three-step,1.0,1.0,0.5,0.5,3411,0.0,0.0,0.0,correct,correct,1.5
154,0.01974099345555543,0.25885388448849317,0.1124995609514846,Three-step,1.0,1.0,0.5,0.5,3411,0.0,0.0,0.0,correct,correct,1.5
155,0.03146610240972695,-0.056900040289833996,-0.13932639756195125,Three-step,1.0,1.0,0.5,0.5,3411,0.0,0.0,0.0,correct,correct,1.5
156,0.36265645351309633,-0.04039677093459821,0.14795953815251375,Three-step,1.0,1.0,0.5,0.5,3411,0.0,0.0,0.0,correct,correct,1.5
157,0.029580340141794174,-0.09687786359328814,0.02383776612286324,Three-step,1.0,1.0,0.5,0.5,3411,0.0,0.0,0.0,correct,correct,1.5
158,0.2986547858784816,0.021610835654245965,0.005989489711175852,Three-step,1.0,1.0,0.5,0.5,3411,0.0,0.0,0.0,correct,correct,1.5
159,-0.022244472789819784,0.14483262641607403,0.0951098187861454,Three-step,1.0,1.0,0.5,0.5,3411,0.0,0.0,0.0,correct,correct,1.5
160,0.14347427914340116,-0.032560310259738476,-0.027777803151187278,Three-step,1.0,1.0,0.5,0.5,3411,0.0,0.0,0.0,correct,correct,1.5
161,0.06633601645272985,0.0846186488008982,0.06605294338065008,Three-step,1.0,1.0,0.5,0.5,3411,0.0,0.0,0.0,correct,correct,1.5
162,0.2453574198556692,0.14855373897968777,0.06173894935962695,Three-step,1.0,1.0,0.5,0.5,3411,0.0,0.0,0.0,correct,correct,1.5
163,0.048758614881328544,0.058537307077368456,-0.03612797341154803,Three-step,1.0,1.0,0.5,0.5,3411,0.0,0.0,0.0,correct,correct,1.5
164,-0.5068621981743727,-0.31731258292929054,-0.2248866560204342,Three-step,1.0,1.0,0.5,0.5,3411,0.0,0.0,0.0,correct,correct,1.5
165,-0.06396100321569471,-0.18624726263865657,-0.06863598681460026,Three-step,1.0,1.0,0.5,0.5,3411,0.0,0.0,0.0,correct,correct,1.5
166,0.2054905776628437,-0.01131781692507295,0.04788777160967718,Three-step,1.0,1.0,0.5,0.5,3411,0.0,0.0,0.0,correct,correct,1.5
167,-0.2360309963340817,-0.11819234099986549,-0.07880294495682198,Three-step,1.0,1.0,0.5,0.5,3411,0.0,0.0,0.0,correct,correct,1.5
168,0.20369911331933804,0.014757512675550163,0.024390794111946987,Three-step,1.0,1.0,0.5,0.5,3411,0.0,0.0,0.0,correct,correct,1.5
169,-0.18884110556513486,0.11605614912556336,-0.04045547156772795,Three-step,1.0,1.0,0.5,0.5,3411,0.0,0.0,0.0,correct,correct,1.5
170,-0.030228671321178513,0.03174246761634122,-0.04522990069506472,Three-step,1.0,1.0,0.5,0.5,3411,0.0,0.0,0.0,correct,correct,1.5
171,-0.24201011988280602,-0.13859917217829285,-0.0878121030842458,Three-step,1.0,1.0,0.5,0.5,3411,0.0,0.0,0.0,correct,correct,1.5
172,-0.19417497191571306,-0.09042069373679398,-0.11331823847203094,Three-step,1.0,1.0,0.5,0.5,3411,0.0,0.0,0.0,correct,correct,1.5
173,-0.04391977203314553,-0.17515476585624823,-0.055404511815930486,Three-step,1.0,1.0,0.5,0.5,3411,0.0,0.0,0.0,correct,correct,1.5
174,0.03445759855775754,-0.03124145753067874,0.028027861614173182,Three-step,1.0,1.0,0.5,0.5,3411,0.0,0.0,0.0,correct,correct,1.5
175,0.3814174860982666,-0.1445462859639728,-0.061002744941236094,Three-step,1.0,1.0,0.5,0.5,3411,0.0,0.0,0.0,correct,correct,1.5
176,-0.36846679824013334,-0.050311974506485654,0.04776439923193161,Three-step,1.0,1.0,0.5,0.5,3411,0.0,0.0,0.0,correct,correct,1.5
177,0.1683339739668966,0.21827846997611,-0.01562978845118215,Three-step,1.0,1.0,0.5,0.5,3411,0.0,0.0,0.0,correct,correct,1.5
178,-0.030691824033880644,-0.046201391970482876,0.028549119845761497,Three-step,1.0,1.0,0.5,0.5,3411,0.0,0.0,0.0,correct,correct,1.5
179,-0.22755676507041597,0.10751889262166338,0.054917459752435276,Three-step,1.0,1.0,0.5,0.5,3411,0.0,0.0,0.0,correct,correct,1.5
180,0.2784202647304454,0.1828591583417835,-0.012116090333769317,Three-step,1.0,1.0,0.5,0.5,3411,0.0,0.0,0.0,correct,correct,1.5
181,0.05844236760455934,0.06233177419522571,0.006370643931143332,Three-step,1.0,1.0,0.5,0.5,3411,0.0,0.0,0.0,correct,correct,1.5
182,0.18521698290054298,0.20516311685344926,0.25559081754946505,Three-step,1.0,1.0,0.5,0.5,3411,0.0,0.0,0.0,correct,correct,1.5
183,0.24619517567436924,0.006081093495393602,0.0942122973971622,Three-step,1.0,1.0,0.5,0.5,3411,0.0,0.0,0.0,correct,correct,1.5
184,0.11705996076486358,0.06944685536529087,0.07396896805542666,Three-step,1.0,1.0,0.5,0.5,3411,0.0,0.0,0.0,correct,correct,1.5
185,0.03752082677370649,-0.03161976005258003,-0.02289459505069775,Three-step,1.0,1.0,0.5,0.5,3411,0.0,0.0,0.0,correct,correct,1.5
186,0.17723367373875068,-0.02725445579298355,0.0013843827292981422,Three-step,1.0,1.0,0.5,0.5,3411,0.0,0.0,0.0,correct,correct,1.5
187,0.08638662830733988,0.08501800187103581,0.1370775391976653,Three-step,1.0,1.0,0.5,0.5,3411,0.0,0.0,0.0,correct,correct,1.5
188,-0.013852591211065664,-0.06371166092641126,-0.08963925466292554,Three-step,1.0,1.0,0.5,0.5,3411,0.0,0.0,0.0,correct,correct,1.5
189,0.2579850113201127,0.19348583884055012,0.17589632847716918,Three-step,1.0,1.0,0.5,0.5,3411,0.0,0.0,0.0,correct,correct,1.5
190,0.06878456976143177,0.12324560820098422,0.18180629994177464,Three-step,1.0,1.0,0.5,0.5,3411,0.0,0.0,0.0,correct,correct,1.5
191,-0.2720963111640362,0.03206438832303145,0.08964131977320858,Three-step,1.0,1.0,0.5,0.5,3411,0.0,0.0,0.0,correct,correct,1.5
192,-0.16490630567755493,-0.0021148141024423645,-0.03352652380688327,Three-step,1.0,1.0,0.5,0.5,3411,0.0,0.0,0.0,correct,correct,1.5
193,-0.3737595733325547,-0.2423820579802911,-0.11964929556869616,Three-step,1.0,1.0,0.5,0.5,3411,0.0,0.0,0.0,correct,correct,1.5
194,0.3520130706953913,0.1877041077993216,0.13533795772192989,Three-step,1.0,1.0,0.5,0.5,3411,0.0,0.0,0.0,correct,correct,1.5
195,-0.46402565678077334,-0.0543474370726905,-0.11315480706362206,Three-step,1.0,1.0,0.5,0.5,3411,0.0,0.0,0.0,correct,correct,1.5
196,-0.09116938268214177,-0.17924790079884456,-0.09884011530409897,Three-step,1.0,1.0,0.5,0.5,3411,0.0,0.0,0.0,correct,correct,1.5
197,0.028453858223844827,0.006423689918565062,-0.015171394249339575,Three-step,1.0,1.0,0.5,0.5,3411,0.0,0.0,0.0,correct,correct,1.5
198,0.07453933670392233,-0.0429418508668663,-0.045762959280458766,Three-step,1.0,1.0,0.5,0.5,3411,0.0,0.0,0.0,correct,correct,1.5
199,0.27844878741922297,0.11164433470845546,-0.017796729452543993,Three-step,1.0,1.0,0.5,0.5,3411,0.0,0.0,0.0,correct,correct,1.5
200,-0.02870013984195959,0.017094113046203792,0.06770911542986566,Three-step,1.0,1.0,0.5,0.5,3411,0.0,0.0,0.0,correct,correct,1.5
201,0.10002794576753016,-0.03450387614982788,0.015947003595042274,Three-step,1.0,1.0,0.5,0.5,3411,0.0,0.0,0.0,correct,correct,1.5
202,-0.03054856384423573,0.146093827882267,0.029855419032860358,Three-step,1.0,1.0,0.5,0.5,3411,0.0,0.0,0.0,correct,correct,1.5
203,0.20986786600914814,0.10132804095320036,0.07852448950325888,Three-step,1.0,1.0,0.5,0.5,3411,0.0,0.0,0.0,correct,correct,1.5
204,0.13995104766880154,-0.035598978217500264,0.030043181003621456,Three-step,1.0,1.0,0.5,0.5,3411,0.0,0.0,0.0,correct,correct,1.5
205,0.014595361687596427,-0.06914769846423198,0.0131055572370846,Three-step,1.0,1.0,0.5,0.5,3411,0.0,0.0,0.0,correct,correct,1.5
206,0.13012406895598164,0.06950097209802268,0.013282564039624899,Three-step,1.0,1.0,0.5,0.5,3411,0.0,0.0,0.0,correct,correct,1.5
207,0.30035089995805997,0.203691507743361,0.19730515340156984,Three-step,1.0,1.0,0.5,0.5,3411,0.0,0.0,0.0,correct,correct,1.5
208,-0.3572101980040779,-0.25133684817849505,-0.03377965086560201,Three-step,1.0,1.0,0.5,0.5,3411,0.0,0.0,0.0,correct,correct,1.5
209,-0.08924589089066187,0.06950921632492156,-0.0014334258512426659,Three-step,1.0,1.0,0.5,0.5,3411,0.0,0.0,0.0,correct,correct,1.5
210,0.16795627091889936,0.0985319910636787,0.06267589249339389,Three-step,1.0,1.0,0.5,0.5,3411,0.0,0.0,0.0,correct,correct,1.5
211,0.2791849859598847,0.19012892123973194,0.08214394890870069,Three-step,1.0,1.0,0.5,0.5,3411,0.0,0.0,0.0,correct,correct,1.5
212,0.3067910457050949,0.14290444836668922,0.008264716717244982,Three-step,1.0,1.0,0.5,0.5,3411,0.0,0.0,0.0,correct,correct,1.5
213,0.019486887182165215,-0.08749231136929643,0.06509926529945649,Three-step,1.0,1.0,0.5,0.5,3411,0.0,0.0,0.0,correct,correct,1.5
214,-0.24255309599168995,-0.05098661824391421,-0.028391104229392904,Three-step,1.0,1.0,0.5,0.5,3411,0.0,0.0,0.0,correct,correct,1.5
215,-0.05101860254210079,-0.019757402196646262,0.09708068598675766,Three-step,1.0,1.0,0.5,0.5,3411,0.0,0.0,0.0,correct,correct,1.5
216,0.3865428697860088,0.16400649325374916,0.12238047844721704,Three-step,1.0,1.0,0.5,0.5,3411,0.0,0.0,0.0,correct,correct,1.5
217,0.4795498053884782,0.10559610102897657,-0.07949941055803116,Three-step,1.0,1.0,0.5,0.5,3411,0.0,0.0,0.0,correct,correct,1.5
218,-0.13287958645487222,-0.053564781035305355,-0.013443602493818005,Three-step,1.0,1.0,0.5,0.5,3411,0.0,0.0,0.0,correct,correct,1.5
219,0.08947244511538584,0.07665135858094256,0.13748883238115328,Three-step,1.0,1.0,0.5,0.5,3411,0.0,0.0,0.0,correct,correct,1.5
220,0.1778561875538187,0.1310618584015555,-0.036954912989959454,Three-step,1.0,1.0,0.5,0.5,3411,0.0,0.0,0.0,correct,correct,1.5
221,0.04474834584025606,0.07259366554206594,0.022831259254423763,Three-step,1.0,1.0,0.5,0.5,3411,0.0,0.0,0.0,correct,correct,1.5
222,-0.02284864078956267,0.07965071209407401,0.10989904828614837,Three-step,1.0,1.0,0.5,0.5,3411,0.0,0.0,0.0,correct,correct,1.5
223,0.07524777617835915,0.15897515642390753,0.2364619802899102,Three-step,1.0,1.0,0.5,0.5,3411,0.0,0.0,0.0,correct,correct,1.5
224,-0.15320845698491597,-0.11386488350873293,-0.14878381140794047,Three-step,1.0,1.0,0.5,0.5,3411,0.0,0.0,0.0,correct,correct,1.5
225,-0.19908792675009016,0.016762983436356536,0.0014221498029372587,Three-step,1.0,1.0,0.5,0.5,3411,0.0,0.0,0.0,correct,correct,1.5
226,0.31762427954330075,0.16813328873996122,0.1478615912287876,Three-step,1.0,1.0,0.5,0.5,3411,0.0,0.0,0.0,correct,correct,1.5
227,0.34491148374803005,0.03858422043389235,0.12619658930613703,Three-step,1.0,1.0,0.5,0.5,3411,0.0,0.0,0.0,correct,correct,1.5
228,0.28206255875696123,0.12668797803383874,0.1476616203975218,Three-step,1.0,1.0,0.5,0.5,3411,0.0,0.0,0.0,correct,correct,1.5
229,-0.020639541958227342,-0.10911017637672095,-0.04656209063563593,Three-step,1.0,1.0,0.5,0.5,3411,0.0,0.0,0.0,correct,correct,1.5
230,-0.17194294736107868,-0.1671506558861101,-0.16093741997856717,Three-step,1.0,1.0,0.5,0.5,3411,0.0,0.0,0.0,correct,correct,1.5
231,0.26240109788982213,0.012165653634782822,0.04909494106044527,Three-step,1.0,1.0,0.5,0.5,3411,0.0,0.0,0.0,correct,correct,1.5
232,-0.21822711143062443,-0.04517076835530508,-0.18885312597707082,Three-step,1.0,1.0,0.5,0.5,3411,0.0,0.0,0.0,correct,correct,1.5
233,-0.33380307989890967,0.11374100710705777,0.044976347394739546,Three-step,1.0,1.0,0.5,0.5,3411,0.0,0.0,0.0,correct,correct,1.5
234,-0.04005031590884537,-0.2497282221192364,-0.0945641912236467,Three-step,1.0,1.0,0.5,0.5,3411,0.0,0.0,0.0,correct,correct,1.5
235,-0.2217439772587871,-0.05221350398934307,0.05867018708572772,Three-step,1.0,1.0,0.5,0.5,3411,0.0,0.0,0.0,correct,correct,1.5
236,-0.3428391328621551,-0.061482245711823424,-0.0034415772164991883,Three-step,1.0,1.0,0.5,0.5,3411,0.0,0.0,0.0,correct,correct,1.5
237,-0.16740993599567175,-0.03344275693709934,0.03983495623128863,Three-step,1.0,1.0,0.5,0.5,3411,0.0,0.0,0.0,correct,correct,1.5
238,0.1002701183874807,0.08572415535679426,0.17363136423465197,Three-step,1.0,1.0,0.5,0.5,3411,0.0,0.0,0.0,correct,correct,1.5
239,-0.21602708332911869,-0.23485864136443538,-0.1415894125305379,Three-step,1.0,1.0,0.5,0.5,3411,0.0,0.0,0.0,correct,correct,1.5
240,-0.07047659810174499,0.11916260276626235,0.01917408780138216,Three-step,1.0,1.0,0.5,0.5,3411,0.0,0.0,0.0,correct,correct,1.5
241,-0.10428134203163682,0.06702980419274117,0.01763034811015913,Three-step,1.0,1.0,0.5,0.5,3411,0.0,0.0,0.0,correct,correct,1.5
242,0.26181494454602117,-0.028833883632708616,-0.12288224962320439,Three-step,1.0,1.0,0.5,0.5,3411,0.0,0.0,0.0,correct,correct,1.5
243,0.04971560318423659,-0.09564711944852144,0.05154519817481308,Three-step,1.0,1.0,0.5,0.5,3411,0.0,0.0,0.0,correct,correct,1.5
244,0.10110249250202986,0.008023342401833727,0.006332671489454889,Three-step,1.0,1.0,0.5,0.5,3411,0.0,0.0,0.0,correct,correct,1.5
245,0.052219880945976564,0.09959657884645336,0.05070764487726338,Three-step,1.0,1.0,0.5,0.5,3411,0.0,0.0,0.0,correct,correct,1.5
246,-0.5344978881452256,0.035751878762868144,0.009949334907668084,Three-step,1.0,1.0,0.5,0.5,3411,0.0,0.0,0.0,correct,correct,1.5
247,-0.09285951575262534,-0.2894308492502559,-0.11030439370688323,Three-step,1.0,1.0,0.5,0.5,3411,0.0,0.0,0.0,correct,correct,1.5
248,0.3222743962619149,-0.0982138980892778,0.046890849052622724,Three-step,1.0,1.0,0.5,0.5,3411,0.0,0.0,0.0,correct,correct,1.5
249,0.22878481955471772,0.1987060819206404,0.1355003573778467,Three-step,1.0,1.0,0.5,0.5,3411,0.0,0.0,0.0,correct,correct,1.5
250,-0.1614872016017466,-0.04321052370452953,-0.06174538478143587,Three-step,1.0,1.0,0.5,0.5,3411,0.0,0.0,0.0,correct,correct,1.5
251,-0.08241770440686419,-0.16327976689196178,-0.11929003487821886,Three-step,1.0,1.0,0.5,0.5,3411,0.0,0.0,0.0,correct,correct,1.5
252,0.0760306817065046,0.047904820295328034,0.10728091980520767,Three-step,1.0,1.0,0.5,0.5,3411,0.0,0.0,0.0,correct,correct,1.5
253,-0.21068674748367724,0.23304503737605226,0.14564479337032493,Three-step,1.0,1.0,0.5,0.5,3411,0.0,0.0,0.0,correct,correct,1.5
254,0.15586923309004913,0.034350179687626284,-0.01179855594266743,Three-step,1.0,1.0,0.5,0.5,3411,0.0,0.0,0.0,correct,correct,1.5
255,-0.04199601146679365,-0.10106202316786056,0.09991879295158354,Three-step,1.0,1.0,0.5,0.5,3411,0.0,0.0,0.0,correct,correct,1.5
256,-0.2619536446093002,-0.24436912981276954,-0.2235106454163236,Three-step,1.0,1.0,0.5,0.5,3411,0.0,0.0,0.0,correct,correct,1.5
257,-0.0570195922071942,-0.05459353781413721,-0.0611603646289163,Three-step,1.0,1.0,0.5,0.5,3411,0.0,0.0,0.0,correct,correct,1.5
258,-0.4307008153815671,-0.06338160830839495,-0.13262145025507271,Three-step,1.0,1.0,0.5,0.5,3411,0.0,0.0,0.0,correct,correct,1.5
259,-0.10364493373288844,-0.05974357529746235,0.005023422325338512,Three-step,1.0,1.0,0.5,0.5,3411,0.0,0.0,0.0,correct,correct,1.5
260,-0.1269877831696025,-0.16271912610260736,-0.08074512873819344,Three-step,1.0,1.0,0.5,0.5,3411,0.0,0.0,0.0,correct,correct,1.5
261,0.07939603768185326,-0.027796157267994545,0.0035057158523774325,Three-step,1.0,1.0,0.5,0.5,3411,0.0,0.0,0.0,correct,correct,1.5
262,-0.16421227850816802,0.010143950941917746,-0.003346399653875456,Three-step,1.0,1.0,0.5,0.5,3411,0.0,0.0,0.0,correct,correct,1.5
263,-0.21538769421752696,0.0030254180320249363,-0.008174342608872917,Three-step,1.0,1.0,0.5,0.5,3411,0.0,0.0,0.0,correct,correct,1.5
264,0.11485596621382697,0.08946217985145072,-0.020271222982056757,Three-step,1.0,1.0,0.5,0.5,3411,0.0,0.0,0.0,correct,correct,1.5
265,-0.09619421308636525,-0.10385276697115736,0.0010309360358453626,Three-step,1.0,1.0,0.5,0.5,3411,0.0,0.0,0.0,correct,correct,1.5
266,-0.008037255181726701,-0.23052986210933807,-0.3098237229723458,Three-step,1.0,1.0,0.5,0.5,3411,0.0,0.0,0.0,correct,correct,1.5
267,-0.08479086702599163,0.12317495725510647,0.07936514781229678,Three-step,1.0,1.0,0.5,0.5,3411,0.0,0.0,0.0,correct,correct,1.5
268,-0.20800841587134905,-0.10986060921928292,-0.04418398844350645,Three-step,1.0,1.0,0.5,0.5,3411,0.0,0.0,0.0,correct,correct,1.5
269,-0.26777666316681964,0.013857456568923723,0.1166758581440185,Three-step,1.0,1.0,0.5,0.5,3411,0.0,0.0,0.0,correct,correct,1.5
270,0.0842268471415447,-0.30859813604066505,-0.06714855259236434,Three-step,1.0,1.0,0.5,0.5,3411,0.0,0.0,0.0,correct,correct,1.5
271,0.08731823942720154,-0.02214046323768236,0.06484680620453288,Three-step,1.0,1.0,0.5,0.5,3411,0.0,0.0,0.0,correct,correct,1.5
272,-0.32124871792072235,-0.10493706357577418,-0.057351128306662905,Three-step,1.0,1.0,0.5,0.5,3411,0.0,0.0,0.0,correct,correct,1.5
273,0.07074057906136215,-0.10000828848077382,-0.049831475806887904,Three-step,1.0,1.0,0.5,0.5,3411,0.0,0.0,0.0,correct,correct,1.5
274,-0.08368199119912346,-0.1572486834650091,-0.11316407337428752,Three-step,1.0,1.0,0.5,0.5,3411,0.0,0.0,0.0,correct,correct,1.5
275,0.04643330657403204,-0.025617396227014498,-0.09509434156254355,Three-step,1.0,1.0,0.5,0.5,3411,0.0,0.0,0.0,correct,correct,1.5
276,0.05096092162588048,-0.017724201950252136,-0.014516122997307057,Three-step,1.0,1.0,0.5,0.5,3411,0.0,0.0,0.0,correct,correct,1.5
277,0.34245720495683424,-0.08594870054845669,-0.055740688423355625,Three-step,1.0,1.0,0.5,0.5,3411,0.0,0.0,0.0,correct,correct,1.5
278,0.19473825182236135,0.15323038710704376,-0.037375678265455244,Three-step,1.0,1.0,0.5,0.5,3411,0.0,0.0,0.0,correct,correct,1.5
279,0.03273910327727711,-0.11596044149086297,-0.046749276688090785,Three-step,1.0,1.0,0.5,0.5,3411,0.0,0.0,0.0,correct,correct,1.5
280,-0.0010583594274838413,0.10201808617479796,-0.028212492849256292,Three-step,1.0,1.0,0.5,0.5,3411,0.0,0.0,0.0,correct,correct,1.5
281,0.3000750052934086,0.30464029743677684,0.15472697121395845,Three-step,1.0,1.0,0.5,0.5,3411,0.0,0.0,0.0,correct,correct,1.5
282,0.25155065618408423,-0.06422434894580528,-0.02019885903509104,Three-step,1.0,1.0,0.5,0.5,3411,0.0,0.0,0.0,correct,correct,1.5
283,0.3108147596918341,0.07001233216865102,-0.05888389932615534,Three-step,1.0,1.0,0.5,0.5,3411,0.0,0.0,0.0,correct,correct,1.5
284,-0.12115518152654071,0.05039986716743812,0.02080237592223356,Three-step,1.0,1.0,0.5,0.5,3411,0.0,0.0,0.0,correct,correct,1.5
285,-0.019749919648739664,-0.08559521033799379,-0.14263347083134947,Three-step,1.0,1.0,0.5,0.5,3411,0.0,0.0,0.0,correct,correct,1.5
286,-0.016084621601762612,0.05933122057274401,0.09393254391304395,Three-step,1.0,1.0,0.5,0.5,3411,0.0,0.0,0.0,correct,correct,1.5
287,0.26246558468703535,0.11816429877763165,-0.005200959474175042,Three-step,1.0,1.0,0.5,0.5,3411,0.0,0.0,0.0,correct,correct,1.5
288,-0.45760903970542977,-0.17283186166045958,-0.08860060714043268,Three-step,1.0,1.0,0.5,0.5,3411,0.0,0.0,0.0,correct,correct,1.5
289,-0.38672260418474397,0.06821759800407695,0.10138226421394486,Three-step,1.0,1.0,0.5,0.5,3411,0.0,0.0,0.0,correct,correct,1.5
290,-0.2959498132482183,-0.1417593120979412,-0.09929478873375334,Three-step,1.0,1.0,0.5,0.5,3411,0.0,0.0,0.0,correct,correct,1.5
291,0.4395535629671049,0.083263011686558,0.09823145545205844,Three-step,1.0,1.0,0.5,0.5,3411,0.0,0.0,0.0,correct,correct,1.5
292,0.49599283157487645,0.3037735903953307,0.25805322802342956,Three-step,1.0,1.0,0.5,0.5,3411,0.0,0.0,0.0,correct,correct,1.5
293,-0.28235502846278626,-0.12102844221889705,-0.09505544433416373,Three-step,1.0,1.0,0.5,0.5,3411,0.0,0.0,0.0,correct,correct,1.5
294,0.21582830315001475,-0.050797753920066815,0.05155425829525148,Three-step,1.0,1.0,0.5,0.5,3411,0.0,0.0,0.0,correct,correct,1.5
295,0.09266408763712046,0.0807122701835671,0.10732434764059232,Three-step,1.0,1.0,0.5,0.5,3411,0.0,0.0,0.0,correct,correct,1.5
296,0.13836956860229613,0.22974906053948116,-0.010714451047498857,Three-step,1.0,1.0,0.5,0.5,3411,0.0,0.0,0.0,correct,correct,1.5
297,-0.14375768164583616,-0.1643796583037091,-0.08318152665780659,Three-step,1.0,1.0,0.5,0.5,3411,0.0,0.0,0.0,correct,correct,1.5
298,0.45743774336325776,0.3220372273176151,0.2424389951949804,Three-step,1.0,1.0,0.5,0.5,3411,0.0,0.0,0.0,correct,correct,1.5
299,-0.10260944265422872,0.046223160742528725,0.01974110995864796,Three-step,1.0,1.0,0.5,0.5,3411,0.0,0.0,0.0,correct,correct,1.5
300,0.008168968013813727,-0.21707177048877777,-0.011879084386912422,Three-step,1.0,1.0,0.5,0.5,3411,0.0,0.0,0.0,correct,correct,1.5
1,-0.0813607428672915,-0.13484534571483656,0.041143911578720375,Robins' estimator,1.0,1.0,0.5,0.5,3411,0.0,0.0,0.0,correct,correct,1.5
2,0.020488233514355487,-0.02840546190781748,0.13651377812250104,Robins' estimator,1.0,1.0,0.5,0.5,3411,0.0,0.0,0.0,correct,correct,1.5
3,-0.18597260757405049,0.05717025138029581,-0.0006677770287687164,Robins' estimator,1.0,1.0,0.5,0.5,3411,0.0,0.0,0.0,correct,correct,1.5
4,0.18091767867542627,0.06947226027769242,-0.07188649738414214,Robins' estimator,1.0,1.0,0.5,0.5,3411,0.0,0.0,0.0,correct,correct,1.5
5,-0.29136145421652365,-0.12438814628343273,-0.06295860315137791,Robins' estimator,1.0,1.0,0.5,0.5,3411,0.0,0.0,0.0,correct,correct,1.5
6,0.1587083892014495,0.06315854942340376,0.03944084475250879,Robins' estimator,1.0,1.0,0.5,0.5,3411,0.0,0.0,0.0,correct,correct,1.5
7,0.35317796904471915,0.2825266689291403,0.182434051657396,Robins' estimator,1.0,1.0,0.5,0.5,3411,0.0,0.0,0.0,correct,correct,1.5
8,-0.3322889300939535,-0.04758933943646671,0.016204911190162683,Robins' estimator,1.0,1.0,0.5,0.5,3411,0.0,0.0,0.0,correct,correct,1.5
9,-0.062196182630901035,0.013723129514144226,0.12767046939198248,Robins' estimator,1.0,1.0,0.5,0.5,3411,0.0,0.0,0.0,correct,correct,1.5
10,-0.10972755429919638,-0.2240611088921907,-0.21708055076647678,Robins' estimator,1.0,1.0,0.5,0.5,3411,0.0,0.0,0.0,correct,correct,1.5
11,0.09799338709404999,0.12327030888518185,0.004175203267549379,Robins' estimator,1.0,1.0,0.5,0.5,3411,0.0,0.0,0.0,correct,correct,1.5
12,-0.03549221234256892,-0.08793960481875973,-0.022940985713708433,Robins' estimator,1.0,1.0,0.5,0.5,3411,0.0,0.0,0.0,correct,correct,1.5
13,0.1816316135724951,0.06292451146267565,-0.008108260726297148,Robins' estimator,1.0,1.0,0.5,0.5,3411,0.0,0.0,0.0,correct,correct,1.5
14,-0.3012841110622343,-0.1360570009145076,-0.06095718956975395,Robins' estimator,1.0,1.0,0.5,0.5,3411,0.0,0.0,0.0,correct,correct,1.5
15,-0.3000511212284873,-0.23644137124417616,-0.13167102684958,Robins' estimator,1.0,1.0,0.5,0.5,3411,0.0,0.0,0.0,correct,correct,1.5
16,-0.28192837246225416,-0.33838422527902784,-0.2876567408458766,Robins' estimator,1.0,1.0,0.5,0.5,3411,0.0,0.0,0.0,correct,correct,1.5
17,0.38152592836853305,0.26997424920607754,0.15265787403036196,Robins' estimator,1.0,1.0,0.5,0.5,3411,0.0,0.0,0.0,correct,correct,1.5
18,0.08566494020746661,0.1294712576840395,0.1428130416200107,Robins' estimator,1.0,1.0,0.5,0.5,3411,0.0,0.0,0.0,correct,correct,1.5
19,0.055258115840637216,0.1747190776401124,0.1359529818921672,Robins' estimator,1.0,1.0,0.5,0.5,3411,0.0,0.0,0.0,correct,correct,1.5
20,-0.12059571928410295,0.17929897629485705,0.15868217554071137,Robins' estimator,1.0,1.0,0.5,0.5,3411,0.0,0.0,0.0,correct,correct,1.5
21,0.15618880210327304,0.18932118223684874,0.04653878920410094,Robins' estimator,1.0,1.0,0.5,0.5,3411,0.0,0.0,0.0,correct,correct,1.5
22,-0.14426118268661098,-0.022223367427427643,0.07879321032720717,Robins' estimator,1.0,1.0,0.5,0.5,3411,0.0,0.0,0.0,correct,correct,1.5
23,-0.057938785286082664,-0.14138701747045213,0.008697614344576731,Robins' estimator,1.0,1.0,0.5,0.5,3411,0.0,0.0,0.0,correct,correct,1.5
24,0.17525167243975012,0.16654296957712414,0.0859045187771374,Robins' estimator,1.0,1.0,0.5,0.5,3411,0.0,0.0,0.0,correct,correct,1.5
25,0.09669928812398965,0.11997714880407209,0.09521230017308689,Robins' estimator,1.0,1.0,0.5,0.5,3411,0.0,0.0,0.0,correct,correct,1.5
26,0.03678588976504303,0.18920085461774197,0.09981676709783793,Robins' estimator,1.0,1.0,0.5,0.5,3411,0.0,0.0,0.0,correct,correct,1.5
27,0.022760564740874175,0.16574503359043347,0.07758851705310713,Robins' estimator,1.0,1.0,0.5,0.5,3411,0.0,0.0,0.0,correct,correct,1.5
28,-0.2119419786482818,-0.2213889829577999,-0.07147948235919324,Robins' estimator,1.0,1.0,0.5,0.5,3411,0.0,0.0,0.0,correct,correct,1.5
29,-0.06785800343563589,-0.045768693407707284,0.012043717072439697,Robins' estimator,1.0,1.0,0.5,0.5,3411,0.0,0.0,0.0,correct,correct,1.5
30,0.06374861239316278,0.1759852652705015,-0.03709245887549419,Robins' estimator,1.0,1.0,0.5,0.5,3411,0.0,0.0,0.0,correct,correct,1.5
31,0.2758321943242402,0.10894053880569218,0.05730936198481611,Robins' estimator,1.0,1.0,0.5,0.5,3411,0.0,0.0,0.0,correct,correct,1.5
32,-0.09996168072918374,-0.24989113036937552,-0.07132998830220082,Robins' estimator,1.0,1.0,0.5,0.5,3411,0.0,0.0,0.0,correct,correct,1.5
33,-0.0027590508190144867,0.09199431931609334,0.02733795460691061,Robins' estimator,1.0,1.0,0.5,0.5,3411,0.0,0.0,0.0,correct,correct,1.5
34,0.040789128595325456,-0.06695661254659847,-0.013758053607295713,Robins' estimator,1.0,1.0,0.5,0.5,3411,0.0,0.0,0.0,correct,correct,1.5
35,0.03447125429764917,0.027771037698883352,0.032674109107116045,Robins' estimator,1.0,1.0,0.5,0.5,3411,0.0,0.0,0.0,correct,correct,1.5
36,0.11633833623153103,0.1694942995602504,0.024563585698864424,Robins' estimator,1.0,1.0,0.5,0.5,3411,0.0,0.0,0.0,correct,correct,1.5
37,-0.18631596644753998,-0.17483645143985305,-0.18146085530937675,Robins' estimator,1.0,1.0,0.5,0.5,3411,0.0,0.0,0.0,correct,correct,1.5
38,-0.021943516985860393,-0.06206807392910377,-0.011693835883358308,Robins' estimator,1.0,1.0,0.5,0.5,3411,0.0,0.0,0.0,correct,correct,1.5
39,-0.1469005183215565,-0.08858578128844335,-0.08673517827414504,Robins' estimator,1.0,1.0,0.5,0.5,3411,0.0,0.0,0.0,correct,correct,1.5
40,0.18438363842709665,0.13586593744493405,0.024124990635650365,Robins' estimator,1.0,1.0,0.5,0.5,3411,0.0,0.0,0.0,correct,correct,1.5
41,0.1676141064045624,0.08593517827606131,0.11146560455759409,Robins' estimator,1.0,1.0,0.5,0.5,3411,0.0,0.0,0.0,correct,correct,1.5
42,0.3241467380266656,0.13455166253604203,0.05562742067222159,Robins' estimator,1.0,1.0,0.5,0.5,3411,0.0,0.0,0.0,correct,correct,1.5
43,0.07625097472371682,0.03966982231517035,0.024528883725307423,Robins' estimator,1.0,1.0,0.5,0.5,3411,0.0,0.0,0.0,correct,correct,1.5
44,0.2823476438050721,0.007087966778971847,0.0868768412355617,Robins' estimator,1.0,1.0,0.5,0.5,3411,0.0,0.0,0.0,correct,correct,1.5
45,-0.02308458124725601,-0.14012779238995307,-0.06636425573164198,Robins' estimator,1.0,1.0,0.5,0.5,3411,0.0,0.0,0.0,correct,correct,1.5
46,-0.010129312243013389,0.014881994866638482,0.04877013092690657,Robins' estimator,1.0,1.0,0.5,0.5,3411,0.0,0.0,0.0,correct,correct,1.5
47,0.11860980566199975,0.16432042728027166,0.08645723747421195,Robins' estimator,1.0,1.0,0.5,0.5,3411,0.0,0.0,0.0,correct,correct,1.5
48,0.06661608043433133,0.023367588317251668,-0.06714789007869865,Robins' estimator,1.0,1.0,0.5,0.5,3411,0.0,0.0,0.0,correct,correct,1.5
49,-0.12152518019904901,0.07655582049431425,0.19184004375416636,Robins' estimator,1.0,1.0,0.5,0.5,3411,0.0,0.0,0.0,correct,correct,1.5
50,-0.0972019725314712,0.10122799211120946,-0.10406686899952207,Robins' estimator,1.0,1.0,0.5,0.5,3411,0.0,0.0,0.0,correct,correct,1.5
51,0.09802570296757057,0.03775687217357585,-0.09647025515807336,Robins' estimator,1.0,1.0,0.5,0.5,3411,0.0,0.0,0.0,correct,correct,1.5
52,-0.11294494129020287,0.015758579024296327,0.04925669384219544,Robins' estimator,1.0,1.0,0.5,0.5,3411,0.0,0.0,0.0,correct,correct,1.5
53,0.11497101412265348,-0.009858918221572439,0.13080236830043415,Robins' estimator,1.0,1.0,0.5,0.5,3411,0.0,0.0,0.0,correct,correct,1.5
54,-0.04142780198116165,-0.09463079538560654,0.06835830647713419,Robins' estimator,1.0,1.0,0.5,0.5,3411,0.0,0.0,0.0,correct,correct,1.5
55,-0.10181020292721366,-0.025845110530710508,0.02228847641846328,Robins' estimator,1.0,1.0,0.5,0.5,3411,0.0,0.0,0.0,correct,correct,1.5
56,-0.05896695686996466,0.04062444746834705,-0.13733272344209224,Robins' estimator,1.0,1.0,0.5,0.5,3411,0.0,0.0,0.0,correct,correct,1.5
57,-0.27927005168190167,-0.23582215760548494,-0.0705723901653992,Robins' estimator,1.0,1.0,0.5,0.5,3411,0.0,0.0,0.0,correct,correct,1.5
58,-0.1280013830158359,-0.1915116527502357,-0.2176959435804206,Robins' estimator,1.0,1.0,0.5,0.5,3411,0.0,0.0,0.0,correct,correct,1.5
59,0.4019608330848786,0.35646535007890834,0.12329440246721088,Robins' estimator,1.0,1.0,0.5,0.5,3411,0.0,0.0,0.0,correct,correct,1.5
60,-0.020981145104076192,0.03896841530526912,0.03311121171882552,Robins' estimator,1.0,1.0,0.5,0.5,3411,0.0,0.0,0.0,correct,correct,1.5
61,0.0080879529906301,0.022164984794624164,0.06317838130660322,Robins' estimator,1.0,1.0,0.5,0.5,3411,0.0,0.0,0.0,correct,correct,1.5
62,-0.15714587181190282,0.08007417817858192,0.13902778002491395,Robins' estimator,1.0,1.0,0.5,0.5,3411,0.0,0.0,0.0,correct,correct,1.5
63,-0.18484328702344135,-0.025752552384108538,-0.0375533916006547,Robins' estimator,1.0,1.0,0.5,0.5,3411,0.0,0.0,0.0,correct,correct,1.5
64,-0.07379854093308856,-0.0007668827199398526,0.010065082282176403,Robins' estimator,1.0,1.0,0.5,0.5,3411,0.0,0.0,0.0,correct,correct,1.5
65,-0.18920727280446395,-0.06299893095432739,0.12532426978207056,Robins' estimator,1.0,1.0,0.5,0.5,3411,0.0,0.0,0.0,correct,correct,1.5
66,0.06772211965011034,0.13921298663907214,0.04009658096159233,Robins' estimator,1.0,1.0,0.5,0.5,3411,0.0,0.0,0.0,correct,correct,1.5
67,0.12650759897595354,0.05497977667586414,0.08923797733620457,Robins' estimator,1.0,1.0,0.5,0.5,3411,0.0,0.0,0.0,correct,correct,1.5
68,-0.016099679041025678,0.08644839015342579,0.08709812449669124,Robins' estimator,1.0,1.0,0.5,0.5,3411,0.0,0.0,0.0,correct,correct,1.5
69,-0.125393266113072,-0.08216724681802351,-0.04194370150078076,Robins' estimator,1.0,1.0,0.5,0.5,3411,0.0,0.0,0.0,correct,correct,1.5
70,-0.042488627276582105,-0.1593824987729929,-0.14577611004217858,Robins' estimator,1.0,1.0,0.5,0.5,3411,0.0,0.0,0.0,correct,correct,1.5
71,-0.2141235199976063,0.032009598171006945,0.165446445185897,Robins' estimator,1.0,1.0,0.5,0.5,3411,0.0,0.0,0.0,correct,correct,1.5
72,0.025905617746669267,0.033740320766954345,-0.12376445819095593,Robins' estimator,1.0,1.0,0.5,0.5,3411,0.0,0.0,0.0,correct,correct,1.5
73,-0.004526881688374032,0.006373510614364928,0.05864169925750401,Robins' estimator,1.0,1.0,0.5,0.5,3411,0.0,0.0,0.0,correct,correct,1.5
74,-0.4544410066448105,-0.2819621778555343,-0.23901380433963929,Robins' estimator,1.0,1.0,0.5,0.5,3411,0.0,0.0,0.0,correct,correct,1.5
75,-0.027044043192493327,-0.024948148070732912,0.07265819631895273,Robins' estimator,1.0,1.0,0.5,0.5,3411,0.0,0.0,0.0,correct,correct,1.5
76,0.05056081317318508,-0.03934592017881292,-0.04941160735916997,Robins' estimator,1.0,1.0,0.5,0.5,3411,0.0,0.0,0.0,correct,correct,1.5
77,-0.27985445664022485,-0.21082211714247745,-0.2518023453868803,Robins' estimator,1.0,1.0,0.5,0.5,3411,0.0,0.0,0.0,correct,correct,1.5
78,-0.336409547265765,-0.2239942876688028,-0.23365071783745534,Robins' estimator,1.0,1.0,0.5,0.5,3411,0.0,0.0,0.0,correct,correct,1.5
79,0.0874419190251074,0.011118439650318536,0.020296471857769526,Robins' estimator,1.0,1.0,0.5,0.5,3411,0.0,0.0,0.0,correct,correct,1.5
80,0.08298037139453918,-0.0650732459370029,-0.06609076093284627,Robins' estimator,1.0,1.0,0.5,0.5,3411,0.0,0.0,0.0,correct,correct,1.5
81,-0.2859602022480432,-0.08743308585649905,-0.14864399103789508,Robins' estimator,1.0,1.0,0.5,0.5,3411,0.0,0.0,0.0,correct,correct,1.5
82,0.059570250209775286,0.15247230088696845,0.11159513349409335,Robins' estimator,1.0,1.0,0.5,0.5,3411,0.0,0.0,0.0,correct,correct,1.5
83,0.03672560540691541,-0.15859705724480808,-0.19686488672968763,Robins' estimator,1.0,1.0,0.5,0.5,3411,0.0,0.0,0.0,correct,correct,1.5
84,-0.087146152001905,-0.11931771526976195,-0.15835360432900591,Robins' estimator,1.0,1.0,0.5,0.5,3411,0.0,0.0,0.0,correct,correct,1.5
85,-0.24952813295588686,-0.2658814774654962,-0.2694726621509982,Robins' estimator,1.0,1.0,0.5,0.5,3411,0.0,0.0,0.0,correct,correct,1.5
86,-0.07338189088009049,-0.024707877196642074,-0.01761629371761521,Robins' estimator,1.0,1.0,0.5,0.5,3411,0.0,0.0,0.0,correct,correct,1.5
87,-0.01976774189610228,-0.16022672654230127,-0.16376038763353337,Robins' estimator,1.0,1.0,0.5,0.5,3411,0.0,0.0,0.0,correct,correct,1.5
88,0.3422085991413187,0.13471888697435042,0.015370322399915074,Robins' estimator,1.0,1.0,0.5,0.5,3411,0.0,0.0,0.0,correct,correct,1.5
89,0.08654668572390913,0.10640530513162953,-0.00861805010784156,Robins' estimator,1.0,1.0,0.5,0.5,3411,0.0,0.0,0.0,correct,correct,1.5
90,0.1021369665872198,-0.04193775930595129,-0.05757593700764012,Robins' estimator,1.0,1.0,0.5,0.5,3411,0.0,0.0,0.0,correct,correct,1.5
91,-0.00604783317342222,-0.013113797795380074,0.01730793647554386,Robins' estimator,1.0,1.0,0.5,0.5,3411,0.0,0.0,0.0,correct,correct,1.5
92,-0.23272771645815257,-0.2555622493048729,-0.20900714062647943,Robins' estimator,1.0,1.0,0.5,0.5,3411,0.0,0.0,0.0,correct,correct,1.5
93,0.21134281609843886,0.09002616508345578,0.05600294625344023,Robins' estimator,1.0,1.0,0.5,0.5,3411,0.0,0.0,0.0,correct,correct,1.5
94,-0.19351061505896233,-0.04546573301831715,-0.004762812143187547,Robins' estimator,1.0,1.0,0.5,0.5,3411,0.0,0.0,0.0,correct,correct,1.5
95,0.09425876102890637,0.07009279939252346,0.01817622434370772,Robins' estimator,1.0,1.0,0.5,0.5,3411,0.0,0.0,0.0,correct,correct,1.5
96,-0.1632191094278523,-0.2364186617270287,-0.1259675146768021,Robins' estimator,1.0,1.0,0.5,0.5,3411,0.0,0.0,0.0,correct,correct,1.5
97,-0.07630645340605327,-0.005927289870602573,0.0017694931798945285,Robins' estimator,1.0,1.0,0.5,0.5,3411,0.0,0.0,0.0,correct,correct,1.5
98,0.2377241808996118,0.11847777642468861,0.11804365682036573,Robins' estimator,1.0,1.0,0.5,0.5,3411,0.0,0.0,0.0,correct,correct,1.5
99,-0.21760263859038484,-0.016946518556480605,-0.025413142237777114,Robins' estimator,1.0,1.0,0.5,0.5,3411,0.0,0.0,0.0,correct,correct,1.5
100,-0.004051962732314245,-0.0495382556629468,-0.18576792482387208,Robins' estimator,1.0,1.0,0.5,0.5,3411,0.0,0.0,0.0,correct,correct,1.5
101,0.0888640139377969,-0.09085737053680304,0.061268645258932886,Robins' estimator,1.0,1.0,0.5,0.5,3411,0.0,0.0,0.0,correct,correct,1.5
102,-0.03577713658651926,-0.09259411710289035,-0.1806197775371645,Robins' estimator,1.0,1.0,0.5,0.5,3411,0.0,0.0,0.0,correct,correct,1.5
103,0.15623644658297564,0.02058099327360962,0.10663245450180749,Robins' estimator,1.0,1.0,0.5,0.5,3411,0.0,0.0,0.0,correct,correct,1.5
104,-0.2670202919359733,-0.06918482488597985,0.07449716332915159,Robins' estimator,1.0,1.0,0.5,0.5,3411,0.0,0.0,0.0,correct,correct,1.5
105,-0.22828660060583789,-0.16724489138015722,-0.14077318870402158,Robins' estimator,1.0,1.0,0.5,0.5,3411,0.0,0.0,0.0,correct,correct,1.5
106,-0.30633540079089483,-0.33632878162976115,-0.20221541642919144,Robins' estimator,1.0,1.0,0.5,0.5,3411,0.0,0.0,0.0,correct,correct,1.5
107,-0.2094502686247649,-0.23037195734944602,-0.00895739751980892,Robins' estimator,1.0,1.0,0.5,0.5,3411,0.0,0.0,0.0,correct,correct,1.5
108,-0.0006942292019504046,0.16320605766994004,-0.025014460862174584,Robins' estimator,1.0,1.0,0.5,0.5,3411,0.0,0.0,0.0,correct,correct,1.5
109,0.02226929393631759,0.014005200976223377,0.005017631024432057,Robins' estimator,1.0,1.0,0.5,0.5,3411,0.0,0.0,0.0,correct,correct,1.5
110,0.20186755023519548,0.16906893140686527,0.12979186385024083,Robins' estimator,1.0,1.0,0.5,0.5,3411,0.0,0.0,0.0,correct,correct,1.5
111,0.04265073717461791,0.0873033472609624,0.02407290321787946,Robins' estimator,1.0,1.0,0.5,0.5,3411,0.0,0.0,0.0,correct,correct,1.5
112,0.05955375258192902,0.012553362054033108,-0.005562001308647373,Robins' estimator,1.0,1.0,0.5,0.5,3411,0.0,0.0,0.0,correct,correct,1.5
113,-0.24562154388909133,0.039701066698352175,0.01649444185289153,Robins' estimator,1.0,1.0,0.5,0.5,3411,0.0,0.0,0.0,correct,correct,1.5
114,0.41344601436343414,0.10333405772583068,-0.018637072979859524,Robins' estimator,1.0,1.0,0.5,0.5,3411,0.0,0.0,0.0,correct,correct,1.5
115,-0.033031077463600796,0.006104764661573714,0.058582500134590994,Robins' estimator,1.0,1.0,0.5,0.5,3411,0.0,0.0,0.0,correct,correct,1.5
116,0.0010027755123098749,0.07532433993068038,0.016224908417492304,Robins' estimator,1.0,1.0,0.5,0.5,3411,0.0,0.0,0.0,correct,correct,1.5
117,-0.42897686008845615,-0.2980515181316547,-0.24435720731973684,Robins' estimator,1.0,1.0,0.5,0.5,3411,0.0,0.0,0.0,correct,correct,1.5
118,-0.08074707281478788,-0.05175694764876434,-0.002241730699657749,Robins' estimator,1.0,1.0,0.5,0.5,3411,0.0,0.0,0.0,correct,correct,1.5
119,0.15143047369209406,-0.018289599079249253,-0.041098856944528556,Robins' estimator,1.0,1.0,0.5,0.5,3411,0.0,0.0,0.0,correct,correct,1.5
120,-0.07818087263492518,-0.018216890504192534,-0.003171513188289318,Robins' estimator,1.0,1.0,0.5,0.5,3411,0.0,0.0,0.0,correct,correct,1.5
121,-0.12970357628948245,-0.02230088308862187,0.015604203101789683,Robins' estimator,1.0,1.0,0.5,0.5,3411,0.0,0.0,0.0,correct,correct,1.5
122,0.1281126119697869,0.11063829985519398,0.10357969487780729,Robins' estimator,1.0,1.0,0.5,0.5,3411,0.0,0.0,0.0,correct,correct,1.5
123,0.156324074357784,0.028993141232504547,0.11938723962135661,Robins' estimator,1.0,1.0,0.5,0.5,3411,0.0,0.0,0.0,correct,correct,1.5
124,-0.1619659627766105,-0.1405251512122696,-0.0713249333875685,Robins' estimator,1.0,1.0,0.5,0.5,3411,0.0,0.0,0.0,correct,correct,1.5
125,-0.1293429873493082,0.0024776546008398346,0.05040865331923768,Robins' estimator,1.0,1.0,0.5,0.5,3411,0.0,0.0,0.0,correct,correct,1.5
126,-0.07956716504090017,0.004034963449335184,0.03222913502298015,Robins' estimator,1.0,1.0,0.5,0.5,3411,0.0,0.0,0.0,correct,correct,1.5
127,0.04597620527847939,-0.06094654239387783,0.04155391337522495,Robins' estimator,1.0,1.0,0.5,0.5,3411,0.0,0.0,0.0,correct,correct,1.5
128,0.06612325232443875,0.13398059024825754,0.0864967322273094,Robins' estimator,1.0,1.0,0.5,0.5,3411,0.0,0.0,0.0,correct,correct,1.5
129,0.012377590323546009,-0.05035743562685917,0.013210673344909043,Robins' estimator,1.0,1.0,0.5,0.5,3411,0.0,0.0,0.0,correct,correct,1.5
130,-0.10434294098235618,-0.12681956087255822,-0.03359153884444051,Robins' estimator,1.0,1.0,0.5,0.5,3411,0.0,0.0,0.0,correct,correct,1.5
131,-0.10091122979082208,-0.009105896102505066,-0.06945346789000531,Robins' estimator,1.0,1.0,0.5,0.5,3411,0.0,0.0,0.0,correct,correct,1.5
132,-0.2801956994642593,-0.16003086014706258,-0.030060389411892183,Robins' estimator,1.0,1.0,0.5,0.5,3411,0.0,0.0,0.0,correct,correct,1.5
133,-0.017683133805368442,-0.025567960190592025,0.0696434845822025,Robins' estimator,1.0,1.0,0.5,0.5,3411,0.0,0.0,0.0,correct,correct,1.5
134,-0.11577478467639903,-0.038006271683613015,-0.01437827489716405,Robins' estimator,1.0,1.0,0.5,0.5,3411,0.0,0.0,0.0,correct,correct,1.5
135,0.007569503037946933,-0.14496304125495668,-0.12028051938717924,Robins' estimator,1.0,1.0,0.5,0.5,3411,0.0,0.0,0.0,correct,correct,1.5
136,-0.22335179546135384,-0.05777378735062203,-0.050766196394856425,Robins' estimator,1.0,1.0,0.5,0.5,3411,0.0,0.0,0.0,correct,correct,1.5
137,0.1642398442104457,-0.02095830794662313,-0.10413531277462378,Robins' estimator,1.0,1.0,0.5,0.5,3411,0.0,0.0,0.0,correct,correct,1.5
138,0.2450071614692274,0.07348459705177544,-0.04849414983981488,Robins' estimator,1.0,1.0,0.5,0.5,3411,0.0,0.0,0.0,correct,correct,1.5
139,-0.21321143617371027,-0.16012294900979582,-0.12796334568701406,Robins' estimator,1.0,1.0,0.5,0.5,3411,0.0,0.0,0.0,correct,correct,1.5
140,0.24830356514857035,0.19126283740331493,0.07442700390956433,Robins' estimator,1.0,1.0,0.5,0.5,3411,0.0,0.0,0.0,correct,correct,1.5
141,0.16126637224338988,0.19079671293930153,0.1578979541399181,Robins' estimator,1.0,1.0,0.5,0.5,3411,0.0,0.0,0.0,correct,correct,1.5
142,-0.06790489330091713,-0.0775273139496875,-0.033384636069150354,Robins' estimator,1.0,1.0,0.5,0.5,3411,0.0,0.0,0.0,correct,correct,1.5
143,0.21160909451511056,0.22682182818265248,0.1740872744409193,Robins' estimator,1.0,1.0,0.5,0.5,3411,0.0,0.0,0.0,correct,correct,1.5
144,0.1227147167502031,0.023630365541920658,0.010587550702313953,Robins' estimator,1.0,1.0,0.5,0.5,3411,0.0,0.0,0.0,correct,correct,1.5
145,0.13036081440969732,0.1960788441952517,0.2641570015934424,Robins' estimator,1.0,1.0,0.5,0.5,3411,0.0,0.0,0.0,correct,correct,1.5
146,-0.1256131176320407,-0.0037876571115621686,-0.050888442580842984,Robins' estimator,1.0,1.0,0.5,0.5,3411,0.0,0.0,0.0,correct,correct,1.5
147,0.07991733577175192,-0.03854568947082642,-0.004973153822640216,Robins' estimator,1.0,1.0,0.5,0.5,3411,0.0,0.0,0.0,correct,correct,1.5
148,0.0916221310666808,0.016911785158035552,-0.010946191596902443,Robins' estimator,1.0,1.0,0.5,0.5,3411,0.0,0.0,0.0,correct,correct,1.5
149,-0.1692585606354063,-0.05218982501845987,-0.03429948795309668,Robins' estimator,1.0,1.0,0.5,0.5,3411,0.0,0.0,0.0,correct,correct,1.5
150,0.1735344407206786,0.36169475766003584,0.1520948856687001,Robins' estimator,1.0,1.0,0.5,0.5,3411,0.0,0.0,0.0,correct,correct,1.5
151,0.010088036635574204,-0.027903926778114912,-0.07366773356726153,Robins' estimator,1.0,1.0,0.5,0.5,3411,0.0,0.0,0.0,correct,correct,1.5
152,0.11923748408577414,0.09315402809919011,0.04979479766953155,Robins' estimator,1.0,1.0,0.5,0.5,3411,0.0,0.0,0.0,correct,correct,1.5
153,0.1618356620243936,-0.04115990280426559,-0.019011976634863835,Robins' estimator,1.0,1.0,0.5,0.5,3411,0.0,0.0,0.0,correct,correct,1.5
154,0.13695405590673715,0.2409332336373956,0.11249956095148492,Robins' estimator,1.0,1.0,0.5,0.5,3411,0.0,0.0,0.0,correct,correct,1.5
155,-0.02145089076583573,-0.0635856019236986,-0.1393263975622581,Robins' estimator,1.0,1.0,0.5,0.5,3411,0.0,0.0,0.0,correct,correct,1.5
156,0.04173538700302215,-0.03527640161435412,0.1479595381527783,Robins' estimator,1.0,1.0,0.5,0.5,3411,0.0,0.0,0.0,correct,correct,1.5
157,-0.0909642787816329,-0.05602884237580454,0.0238377661228571,Robins' estimator,1.0,1.0,0.5,0.5,3411,0.0,0.0,0.0,correct,correct,1.5
158,0.17881704638357368,0.0323152861575079,0.00598948971117548,Robins' estimator,1.0,1.0,0.5,0.5,3411,0.0,0.0,0.0,correct,correct,1.5
159,0.007022481415705463,0.1130493163438479,0.09510981878612652,Robins' estimator,1.0,1.0,0.5,0.5,3411,0.0,0.0,0.0,correct,correct,1.5
160,0.014687316041538046,-0.033219051614636654,-0.02777780315119328,Robins' estimator,1.0,1.0,0.5,0.5,3411,0.0,0.0,0.0,correct,correct,1.5
161,0.044869754528166876,0.07238504143190957,0.06605294338066847,Robins' estimator,1.0,1.0,0.5,0.5,3411,0.0,0.0,0.0,correct,correct,1.5
162,0.12934792425753583,0.15057883264258004,0.061738949359627086,Robins' estimator,1.0,1.0,0.5,0.5,3411,0.0,0.0,0.0,correct,correct,1.5
163,0.08604204687843221,0.06824255869222261,-0.03612797341154747,Robins' estimator,1.0,1.0,0.5,0.5,3411,0.0,0.0,0.0,correct,correct,1.5
164,-0.3296641634870852,-0.29153274427192616,-0.22488665602004526,Robins' estimator,1.0,1.0,0.5,0.5,3411,0.0,0.0,0.0,correct,correct,1.5
165,-0.1225322439817088,-0.1799970919284405,-0.06863598681461157,Robins' estimator,1.0,1.0,0.5,0.5,3411,0.0,0.0,0.0,correct,correct,1.5
166,-0.014109938013916887,-0.016272854621900017,0.04788777160965573,Robins' estimator,1.0,1.0,0.5,0.5,3411,0.0,0.0,0.0,correct,correct,1.5
167,-0.1515959090497405,-0.1316196383666688,-0.07880294495682924,Robins' estimator,1.0,1.0,0.5,0.5,3411,0.0,0.0,0.0,correct,correct,1.5
168,-0.0022236906374458634,0.010908027067327079,0.02439079411195898,Robins' estimator,1.0,1.0,0.5,0.5,3411,0.0,0.0,0.0,correct,correct,1.5
169,-0.1418549722187814,0.08298527334199392,-0.040455471567727726,Robins' estimator,1.0,1.0,0.5,0.5,3411,0.0,0.0,0.0,correct,correct,1.5
170,0.08794520080729823,0.03688146829589713,-0.045229900695074425,Robins' estimator,1.0,1.0,0.5,0.5,3411,0.0,0.0,0.0,correct,correct,1.5
171,-0.15735253784637687,-0.13899561908054203,-0.08781210308419836,Robins' estimator,1.0,1.0,0.5,0.5,3411,0.0,0.0,0.0,correct,correct,1.5
172,-0.1756360357480325,-0.12166010056272211,-0.11331823847202978,Robins' estimator,1.0,1.0,0.5,0.5,3411,0.0,0.0,0.0,correct,correct,1.5
173,-0.07219165978628819,-0.19830602221912755,-0.055404511815931576,Robins' estimator,1.0,1.0,0.5,0.5,3411,0.0,0.0,0.0,correct,correct,1.5
174,-0.08030135077909102,-0.021744242388729847,0.028027861614170545,Robins' estimator,1.0,1.0,0.5,0.5,3411,0.0,0.0,0.0,correct,correct,1.5
175,0.19126117044413696,-0.16613709079959565,-0.06100274494123501,Robins' estimator,1.0,1.0,0.5,0.5,3411,0.0,0.0,0.0,correct,correct,1.5
176,-0.07544885777015022,-0.04691347769230472,0.04776439923204545,Robins' estimator,1.0,1.0,0.5,0.5,3411,0.0,0.0,0.0,correct,correct,1.5
177,0.12462568782733577,0.19005099215155344,-0.01562978845118219,Robins' estimator,1.0,1.0,0.5,0.5,3411,0.0,0.0,0.0,correct,correct,1.5
178,0.1274329691880153,-0.038644272021302065,0.02854911984576304,Robins' estimator,1.0,1.0,0.5,0.5,3411,0.0,0.0,0.0,correct,correct,1.5
179,-0.0397414701771697,0.11819835942789732,0.0549174597524354,Robins' estimator,1.0,1.0,0.5,0.5,3411,0.0,0.0,0.0,correct,correct,1.5
180,0.09065748680762584,0.18742582008503508,-0.012116090333769425,Robins' estimator,1.0,1.0,0.5,0.5,3411,0.0,0.0,0.0,correct,correct,1.5
181,-0.04404408573624207,0.038003523356896524,0.006370643931143568,Robins' estimator,1.0,1.0,0.5,0.5,3411,0.0,0.0,0.0,correct,correct,1.5
182,0.09207581495323984,0.19568599373959997,0.25559081754946705,Robins' estimator,1.0,1.0,0.5,0.5,3411,0.0,0.0,0.0,correct,correct,1.5
183,0.15976546668162547,-0.000781154352206477,0.0942122973966432,Robins' estimator,1.0,1.0,0.5,0.5,3411,0.0,0.0,0.0,correct,correct,1.5
184,0.22162948866593388,0.07970530315841035,0.07396896805542393,Robins' estimator,1.0,1.0,0.5,0.5,3411,0.0,0.0,0.0,correct,correct,1.5
185,0.13656548935927976,-0.03353727511642549,-0.022894595050699268,Robins' estimator,1.0,1.0,0.5,0.5,3411,0.0,0.0,0.0,correct,correct,1.5
186,0.010572500132457132,-0.030169532712837652,0.0013843827292983157,Robins' estimator,1.0,1.0,0.5,0.5,3411,0.0,0.0,0.0,correct,correct,1.5
187,0.1990151602463831,0.08488248309986954,0.13707753919763935,Robins' estimator,1.0,1.0,0.5,0.5,3411,0.0,0.0,0.0,correct,correct,1.5
188,-0.16365593060957084,-0.0592835347968572,-0.08963925466292197,Robins' estimator,1.0,1.0,0.5,0.5,3411,0.0,0.0,0.0,correct,correct,1.5
189,0.3538070536138782,0.2070814692947415,0.1758963284771687,Robins' estimator,1.0,1.0,0.5,0.5,3411,0.0,0.0,0.0,correct,correct,1.5
190,0.11247087889845465,0.10954781800871145,0.18180629994076497,Robins' estimator,1.0,1.0,0.5,0.5,3411,0.0,0.0,0.0,correct,correct,1.5
191,-0.1484941690377147,0.04561804804137049,0.08964131977323242,Robins' estimator,1.0,1.0,0.5,0.5,3411,0.0,0.0,0.0,correct,correct,1.5
192,-0.13739836730142968,-0.028571759972684258,-0.03352652380691746,Robins' estimator,1.0,1.0,0.5,0.5,3411,0.0,0.0,0.0,correct,correct,1.5
193,-0.25858446764435555,-0.2596121001913304,-0.11964929556874652,Robins' estimator,1.0,1.0,0.5,0.5,3411,0.0,0.0,0.0,correct,correct,1.5
194,0.31798433287406025,0.18122878496057676,0.13533795772193324,Robins' estimator,1.0,1.0,0.5,0.5,3411,0.0,0.0,0.0,correct,correct,1.5
195,-0.3500917209734759,-0.07746671072362821,-0.11315480706362296,Robins' estimator,1.0,1.0,0.5,0.5,3411,0.0,0.0,0.0,correct,correct,1.5
196,-0.15586470182482057,-0.18277429437132245,-0.09884011530410455,Robins' estimator,1.0,1.0,0.5,0.5,3411,0.0,0.0,0.0,correct,correct,1.5
197,-0.20131084407158736,-0.010680762190424345,-0.015171394249346165,Robins' estimator,1.0,1.0,0.5,0.5,3411,0.0,0.0,0.0,correct,correct,1.5
198,0.08830470012720093,-0.05918976205766255,-0.045762959280471756,Robins' estimator,1.0,1.0,0.5,0.5,3411,0.0,0.0,0.0,correct,correct,1.5
199,0.400059553875507,0.11885342537203639,-0.017796729452544013,Robins' estimator,1.0,1.0,0.5,0.5,3411,0.0,0.0,0.0,correct,correct,1.5
200,-0.016582501339909142,0.019661964704555092,0.06770911542986369,Robins' estimator,1.0,1.0,0.5,0.5,3411,0.0,0.0,0.0,correct,correct,1.5
201,0.09268082036729963,-0.046168467682087884,0.015947003595041944,Robins' estimator,1.0,1.0,0.5,0.5,3411,0.0,0.0,0.0,correct,correct,1.5
202,-0.048944084676174934,0.14104462122103797,0.0298554190328601,Robins' estimator,1.0,1.0,0.5,0.5,3411,0.0,0.0,0.0,correct,correct,1.5
203,0.20923725420954786,0.13031106978829374,0.07852448950325783,Robins' estimator,1.0,1.0,0.5,0.5,3411,0.0,0.0,0.0,correct,correct,1.5
204,0.06625339064035914,-0.02912096437299292,0.030043181003615218,Robins' estimator,1.0,1.0,0.5,0.5,3411,0.0,0.0,0.0,correct,correct,1.5
205,0.03951100173264507,-0.04516340265423713,0.0131055572370849,Robins' estimator,1.0,1.0,0.5,0.5,3411,0.0,0.0,0.0,correct,correct,1.5
206,0.20094467440143146,0.08178029951342368,0.013282564039624854,Robins' estimator,1.0,1.0,0.5,0.5,3411,0.0,0.0,0.0,correct,correct,1.5
207,0.20233800657505266,0.19263034781604133,0.19730515340158664,Robins' estimator,1.0,1.0,0.5,0.5,3411,0.0,0.0,0.0,correct,correct,1.5
208,-0.3160628192549178,-0.23963137237746063,-0.033779650865602265,Robins' estimator,1.0,1.0,0.5,0.5,3411,0.0,0.0,0.0,correct,correct,1.5
209,0.18577453274686265,0.10735019661531117,-0.0014334258512424926,Robins' estimator,1.0,1.0,0.5,0.5,3411,0.0,0.0,0.0,correct,correct,1.5
210,0.1099519857962936,0.07149489073005924,0.062675892493394,Robins' estimator,1.0,1.0,0.5,0.5,3411,0.0,0.0,0.0,correct,correct,1.5
211,0.3121265901266962,0.18258302867543488,0.08214394890870066,Robins' estimator,1.0,1.0,0.5,0.5,3411,0.0,0.0,0.0,correct,correct,1.5
212,0.2956392560510366,0.13891346161719584,0.008264716717244876,Robins' estimator,1.0,1.0,0.5,0.5,3411,0.0,0.0,0.0,correct,correct,1.5
213,-0.036488307352969915,-0.08688252600917976,0.06509926529928813,Robins' estimator,1.0,1.0,0.5,0.5,3411,0.0,0.0,0.0,correct,correct,1.5
214,-0.2388685425302675,-0.07858217501364381,-0.028391104229392842,Robins' estimator,1.0,1.0,0.5,0.5,3411,0.0,0.0,0.0,correct,correct,1.5
215,-0.09481844462772955,-0.045982873551943096,0.09708068598677293,Robins' estimator,1.0,1.0,0.5,0.5,3411,0.0,0.0,0.0,correct,correct,1.5
216,0.22697709871157737,0.13991497501593078,0.12238047844723654,Robins' estimator,1.0,1.0,0.5,0.5,3411,0.0,0.0,0.0,correct,correct,1.5
217,0.1771417311864719,0.04823362873618104,-0.07949941055803413,Robins' estimator,1.0,1.0,0.5,0.5,3411,0.0,0.0,0.0,correct,correct,1.5
218,-0.0424238461533105,-0.05363207789848551,-0.013443602493818398,Robins' estimator,1.0,1.0,0.5,0.5,3411,0.0,0.0,0.0,correct,correct,1.5
219,0.12312906962847324,0.05184068775724169,0.13748883238115528,Robins' estimator,1.0,1.0,0.5,0.5,3411,0.0,0.0,0.0,correct,correct,1.5
220,0.10752038341885302,0.10331146675602267,-0.036954912989959295,Robins' estimator,1.0,1.0,0.5,0.5,3411,0.0,0.0,0.0,correct,correct,1.5
221,0.1992262281831416,0.08933014025760826,0.022831259254424512,Robins' estimator,1.0,1.0,0.5,0.5,3411,0.0,0.0,0.0,correct,correct,1.5
222,0.07905484944667501,0.08257369563081461,0.10989904828607053,Robins' estimator,1.0,1.0,0.5,0.5,3411,0.0,0.0,0.0,correct,correct,1.5
223,0.190092825772849,0.16285302796680526,0.2364619802903555,Robins' estimator,1.0,1.0,0.5,0.5,3411,0.0,0.0,0.0,correct,correct,1.5
224,0.007536802120101239,-0.13331116919799893,-0.14878381140790597,Robins' estimator,1.0,1.0,0.5,0.5,3411,0.0,0.0,0.0,correct,correct,1.5
225,0.0002262758844330157,0.011618301892476632,0.0014221498029372472,Robins' estimator,1.0,1.0,0.5,0.5,3411,0.0,0.0,0.0,correct,correct,1.5
226,0.088703380674526,0.1439410382475204,0.14786159122875342,Robins' estimator,1.0,1.0,0.5,0.5,3411,0.0,0.0,0.0,correct,correct,1.5
227,0.21139312502377383,0.040412518566581776,0.1261965893062492,Robins' estimator,1.0,1.0,0.5,0.5,3411,0.0,0.0,0.0,correct,correct,1.5
228,0.27200048597016807,0.12833025927422356,0.14766162039752037,Robins' estimator,1.0,1.0,0.5,0.5,3411,0.0,0.0,0.0,correct,correct,1.5
229,-0.0008549979438937335,-0.0971275214401863,-0.046562090635631596,Robins' estimator,1.0,1.0,0.5,0.5,3411,0.0,0.0,0.0,correct,correct,1.5
230,-0.2973040321554424,-0.17451079875663789,-0.16093741997852745,Robins' estimator,1.0,1.0,0.5,0.5,3411,0.0,0.0,0.0,correct,correct,1.5
231,0.14951474988542232,0.012741175347128816,0.04909494106044351,Robins' estimator,1.0,1.0,0.5,0.5,3411,0.0,0.0,0.0,correct,correct,1.5
232,-0.13696408105484745,-0.005108319860882049,-0.1888531259771221,Robins' estimator,1.0,1.0,0.5,0.5,3411,0.0,0.0,0.0,correct,correct,1.5
233,0.06666339120899734,0.11519685494824819,0.044976347394726016,Robins' estimator,1.0,1.0,0.5,0.5,3411,0.0,0.0,0.0,correct,correct,1.5
234,-0.1133098182376164,-0.24946606785601655,-0.09456419122366316,Robins' estimator,1.0,1.0,0.5,0.5,3411,0.0,0.0,0.0,correct,correct,1.5
235,-0.043219712872465524,-0.048612732898236664,0.05867018708568212,Robins' estimator,1.0,1.0,0.5,0.5,3411,0.0,0.0,0.0,correct,correct,1.5
236,-0.18343933976830792,-0.027366910726778965,-0.0034415772164995556,Robins' estimator,1.0,1.0,0.5,0.5,3411,0.0,0.0,0.0,correct,correct,1.5
237,0.08603875629562215,-0.008107593992557095,0.039834956231288826,Robins' estimator,1.0,1.0,0.5,0.5,3411,0.0,0.0,0.0,correct,correct,1.5
238,0.2326159005935902,0.1006472728593414,0.1736313642346646,Robins' estimator,1.0,1.0,0.5,0.5,3411,0.0,0.0,0.0,correct,correct,1.5
239,-0.26835530508148914,-0.2271527730882404,-0.1415894125301915,Robins' estimator,1.0,1.0,0.5,0.5,3411,0.0,0.0,0.0,correct,correct,1.5
240,-0.0983942733710594,0.11015940051442367,0.019174087801382193,Robins' estimator,1.0,1.0,0.5,0.5,3411,0.0,0.0,0.0,correct,correct,1.5
241,-0.061495951571971276,0.07181306670987217,0.017630348110159143,Robins' estimator,1.0,1.0,0.5,0.5,3411,0.0,0.0,0.0,correct,correct,1.5
242,-0.005261064968473788,-0.030787103953004984,-0.1228822496232026,Robins' estimator,1.0,1.0,0.5,0.5,3411,0.0,0.0,0.0,correct,correct,1.5
243,-0.04045816789824652,-0.08821161897180892,0.051545198174812554,Robins' estimator,1.0,1.0,0.5,0.5,3411,0.0,0.0,0.0,correct,correct,1.5
244,0.009193592221690984,0.002712974190850439,0.0063326714894548644,Robins' estimator,1.0,1.0,0.5,0.5,3411,0.0,0.0,0.0,correct,correct,1.5
245,0.144079813089692,0.08540378008337655,0.050707644877262835,Robins' estimator,1.0,1.0,0.5,0.5,3411,0.0,0.0,0.0,correct,correct,1.5
246,-0.33103805224334093,0.026420445809438316,0.00994933490766715,Robins' estimator,1.0,1.0,0.5,0.5,3411,0.0,0.0,0.0,correct,correct,1.5
247,-0.13962888749293567,-0.23869356417884968,-0.11030439370687216,Robins' estimator,1.0,1.0,0.5,0.5,3411,0.0,0.0,0.0,correct,correct,1.5
248,0.2511743400964039,-0.09847866420891835,0.04689084905261707,Robins' estimator,1.0,1.0,0.5,0.5,3411,0.0,0.0,0.0,correct,correct,1.5
249,0.2837661060127564,0.18338607312203098,0.13550035737783364,Robins' estimator,1.0,1.0,0.5,0.5,3411,0.0,0.0,0.0,correct,correct,1.5
250,-0.033745647005515064,-0.03269352788658822,-0.06174538478144667,Robins' estimator,1.0,1.0,0.5,0.5,3411,0.0,0.0,0.0,correct,correct,1.5
251,-0.17685348593003933,-0.16745746240531814,-0.11929003487823624,Robins' estimator,1.0,1.0,0.5,0.5,3411,0.0,0.0,0.0,correct,correct,1.5
252,0.1731995425621184,0.05268707425732043,0.10728091980558359,Robins' estimator,1.0,1.0,0.5,0.5,3411,0.0,0.0,0.0,correct,correct,1.5
253,0.05231390888489554,0.21547515246922871,0.14564479337004196,Robins' estimator,1.0,1.0,0.5,0.5,3411,0.0,0.0,0.0,correct,correct,1.5
254,0.11241288718859174,0.01009328335094762,-0.011798555942666662,Robins' estimator,1.0,1.0,0.5,0.5,3411,0.0,0.0,0.0,correct,correct,1.5
255,0.005720508719642069,-0.10698727074158616,0.09991879295335071,Robins' estimator,1.0,1.0,0.5,0.5,3411,0.0,0.0,0.0,correct,correct,1.5
256,-0.20453121339996586,-0.18463976705425786,-0.2235106454164119,Robins' estimator,1.0,1.0,0.5,0.5,3411,0.0,0.0,0.0,correct,correct,1.5
257,0.012352324839346314,-0.021503787766949476,-0.06116036462890441,Robins' estimator,1.0,1.0,0.5,0.5,3411,0.0,0.0,0.0,correct,correct,1.5
258,-0.2669272960436386,-0.0886793682143548,-0.132621450255082,Robins' estimator,1.0,1.0,0.5,0.5,3411,0.0,0.0,0.0,correct,correct,1.5
259,-0.11318232899309998,-0.0675210059289009,0.005023422325338561,Robins' estimator,1.0,1.0,0.5,0.5,3411,0.0,0.0,0.0,correct,correct,1.5
260,-0.07936830272615501,-0.17007226156189445,-0.08074512873819563,Robins' estimator,1.0,1.0,0.5,0.5,3411,0.0,0.0,0.0,correct,correct,1.5
261,0.16650329806182146,0.0019177082118994155,0.003505715852377525,Robins' estimator,1.0,1.0,0.5,0.5,3411,0.0,0.0,0.0,correct,correct,1.5
262,-0.06068879936671582,0.028123878484350058,-0.003346399653875482,Robins' estimator,1.0,1.0,0.5,0.5,3411,0.0,0.0,0.0,correct,correct,1.5
263,-0.12230376562853068,-0.005063964791452438,-0.008174342608873151,Robins' estimator,1.0,1.0,0.5,0.5,3411,0.0,0.0,0.0,correct,correct,1.5
264,0.17329448674158787,0.10937590135218096,-0.02027122298205668,Robins' estimator,1.0,1.0,0.5,0.5,3411,0.0,0.0,0.0,correct,correct,1.5
265,-0.04948326716811526,-0.06123590811923293,0.001030936035845286,Robins' estimator,1.0,1.0,0.5,0.5,3411,0.0,0.0,0.0,correct,correct,1.5
266,-0.10373678490205286,-0.23905858654910692,-0.30982372297229704,Robins' estimator,1.0,1.0,0.5,0.5,3411,0.0,0.0,0.0,correct,correct,1.5
267,0.032274458506006715,0.14025896107980856,0.07936514781229681,Robins' estimator,1.0,1.0,0.5,0.5,3411,0.0,0.0,0.0,correct,correct,1.5
268,-0.3094482927048187,-0.10143498050874022,-0.044183988443506995,Robins' estimator,1.0,1.0,0.5,0.5,3411,0.0,0.0,0.0,correct,correct,1.5
269,0.025468993778394174,0.04341176126294318,0.11667585814499025,Robins' estimator,1.0,1.0,0.5,0.5,3411,0.0,0.0,0.0,correct,correct,1.5
270,-0.174815643992588,-0.26563789172843105,-0.0671485525923434,Robins' estimator,1.0,1.0,0.5,0.5,3411,0.0,0.0,0.0,correct,correct,1.5
271,-0.06359234516831441,-0.05112832773630191,0.06484680620433866,Robins' estimator,1.0,1.0,0.5,0.5,3411,0.0,0.0,0.0,correct,correct,1.5
272,-0.13877128548371828,-0.10670497820348854,-0.05735112830661399,Robins' estimator,1.0,1.0,0.5,0.5,3411,0.0,0.0,0.0,correct,correct,1.5
273,-0.06881520599239697,-0.11568828067318615,-0.04983147580688705,Robins' estimator,1.0,1.0,0.5,0.5,3411,0.0,0.0,0.0,correct,correct,1.5
274,-0.1379457999706324,-0.18855452560332167,-0.11316407337433713,Robins' estimator,1.0,1.0,0.5,0.5,3411,0.0,0.0,0.0,correct,correct,1.5
275,-0.02283659713964784,-0.02854466955241684,-0.09509434156261584,Robins' estimator,1.0,1.0,0.5,0.5,3411,0.0,0.0,0.0,correct,correct,1.5
276,0.008261572652090148,-0.023161742901931646,-0.014516122997307193,Robins' estimator,1.0,1.0,0.5,0.5,3411,0.0,0.0,0.0,correct,correct,1.5
277,0.1412708225907638,-0.014308328420953514,-0.05574068842338905,Robins' estimator,1.0,1.0,0.5,0.5,3411,0.0,0.0,0.0,correct,correct,1.5
278,0.13794525693891477,0.14235688945896874,-0.037375678265455174,Robins' estimator,1.0,1.0,0.5,0.5,3411,0.0,0.0,0.0,correct,correct,1.5
279,-0.018293519616130773,-0.09230463300168765,-0.04674927668814915,Robins' estimator,1.0,1.0,0.5,0.5,3411,0.0,0.0,0.0,correct,correct,1.5
280,0.058763433820880895,0.12707536743350378,-0.028212492849256206,Robins' estimator,1.0,1.0,0.5,0.5,3411,0.0,0.0,0.0,correct,correct,1.5
281,0.38956518750381586,0.3245955393097312,0.15472697121395843,Robins' estimator,1.0,1.0,0.5,0.5,3411,0.0,0.0,0.0,correct,correct,1.5
282,0.055584005233273524,-0.06135639416627456,-0.02019885903508744,Robins' estimator,1.0,1.0,0.5,0.5,3411,0.0,0.0,0.0,correct,correct,1.5
283,0.09811723669082557,0.046412865626570106,-0.058883899326155176,Robins' estimator,1.0,1.0,0.5,0.5,3411,0.0,0.0,0.0,correct,correct,1.5
284,-0.009146012139917881,0.03917027055180288,0.02080237592223365,Robins' estimator,1.0,1.0,0.5,0.5,3411,0.0,0.0,0.0,correct,correct,1.5
285,0.07331780409001269,-0.1299647055583143,-0.14263347083135083,Robins' estimator,1.0,1.0,0.5,0.5,3411,0.0,0.0,0.0,correct,correct,1.5
286,0.18518956423088956,0.05990471433096164,0.09393254391302736,Robins' estimator,1.0,1.0,0.5,0.5,3411,0.0,0.0,0.0,correct,correct,1.5
287,0.11978436103263865,0.16205358011738835,-0.005200959474174918,Robins' estimator,1.0,1.0,0.5,0.5,3411,0.0,0.0,0.0,correct,correct,1.5
288,-0.34191006722568784,-0.1596259598609207,-0.08860060714044847,Robins' estimator,1.0,1.0,0.5,0.5,3411,0.0,0.0,0.0,correct,correct,1.5
289,-0.24172728717203523,0.028191156363621524,0.10138226421399035,Robins' estimator,1.0,1.0,0.5,0.5,3411,0.0,0.0,0.0,correct,correct,1.5
290,-0.16265869748177067,-0.139847175409382,-0.09929478873373712,Robins' estimator,1.0,1.0,0.5,0.5,3411,0.0,0.0,0.0,correct,correct,1.5
291,0.15890868668458352,0.09347947207305946,0.09823145545205567,Robins' estimator,1.0,1.0,0.5,0.5,3411,0.0,0.0,0.0,correct,correct,1.5
292,0.33898276727800664,0.3210381839221871,0.25805322802342945,Robins' estimator,1.0,1.0,0.5,0.5,3411,0.0,0.0,0.0,correct,correct,1.5
293,-0.04581491011155876,-0.11973384148946517,-0.09505544433416209,Robins' estimator,1.0,1.0,0.5,0.5,3411,0.0,0.0,0.0,correct,correct,1.5
294,0.10847255606080657,-0.07487122328777297,0.05155425829525147,Robins' estimator,1.0,1.0,0.5,0.5,3411,0.0,0.0,0.0,correct,correct,1.5
295,0.11892757641042512,0.08147700770204683,0.10732434764059098,Robins' estimator,1.0,1.0,0.5,0.5,3411,0.0,0.0,0.0,correct,correct,1.5
296,-0.019979591922717133,0.20101517910969635,-0.010714451047498961,Robins' estimator,1.0,1.0,0.5,0.5,3411,0.0,0.0,0.0,correct,correct,1.5
297,0.01225179360656566,-0.12661885448245216,-0.08318152665772126,Robins' estimator,1.0,1.0,0.5,0.5,3411,0.0,0.0,0.0,correct,correct,1.5
298,0.22869077406813587,0.3086688048834356,0.24243899519498002,Robins' estimator,1.0,1.0,0.5,0.5,3411,0.0,0.0,0.0,correct,correct,1.5
299,0.026683622903499737,0.07457551487642677,0.01974110995864804,Robins' estimator,1.0,1.0,0.5,0.5,3411,0.0,0.0,0.0,correct,correct,1.5
300,0.14784379354125393,-0.21612625946714092,-0.011879084386912396,Robins' estimator,1.0,1.0,0.5,0.5,3411,0.0,0.0,0.0,correct,correct,1.5
1,-0.04841951461341709,-0.08222088815691289,0.07400512936179836,GMM estimator,1.0,1.0,0.5,0.5,3411,0.0,0.0,0.0,correct,correct,1.5
2,0.03898968006114335,-0.0004547020196475128,0.13998142645332892,GMM estimator,1.0,1.0,0.5,0.5,3411,0.0,0.0,0.0,correct,correct,1.5
3,-0.18145995380769192,0.07280871386451926,0.007278724436939143,GMM estimator,1.0,1.0,0.5,0.5,3411,0.0,0.0,0.0,correct,correct,1.5
4,0.133265327137898,0.01621043188911037,-0.09535903198188452,GMM estimator,1.0,1.0,0.5,0.5,3411,0.0,0.0,0.0,correct,correct,1.5
5,-0.2583334426208328,-0.11201361241802063,-0.05081037429068707,GMM estimator,1.0,1.0,0.5,0.5,3411,0.0,0.0,0.0,correct,correct,1.5
6,0.14611912762664625,0.056407831474184024,0.034897067144151694,GMM estimator,1.0,1.0,0.5,0.5,3411,0.0,0.0,0.0,correct,correct,1.5
7,0.2539310695386061,0.19419518566948427,0.1352589112204577,GMM estimator,1.0,1.0,0.5,0.5,3411,0.0,0.0,0.0,correct,correct,1.5
8,-0.3952773002536234,-0.1172551155644927,-0.01564775275623132,GMM estimator,1.0,1.0,0.5,0.5,3411,0.0,0.0,0.0,correct,correct,1.5
9,-0.06985797018543878,0.008453195263619654,0.12317146417267989,GMM estimator,1.0,1.0,0.5,0.5,3411,0.0,0.0,0.0,correct,correct,1.5
10,-0.08232433292267292,-0.19417992609730214,-0.19111671055232662,GMM estimator,1.0,1.0,0.5,0.5,3411,0.0,0.0,0.0,correct,correct,1.5
11,0.07624206124209762,0.10748206533995797,0.001878097514639667,GMM estimator,1.0,1.0,0.5,0.5,3411,0.0,0.0,0.0,correct,correct,1.5
12,-0.032186899656223594,-0.08671898884044348,-0.022719057205449443,GMM estimator,1.0,1.0,0.5,0.5,3411,0.0,0.0,0.0,correct,correct,1.5
13,0.16101118342902523,0.018796501962623804,-0.03348151216500579,GMM estimator,1.0,1.0,0.5,0.5,3411,0.0,0.0,0.0,correct,correct,1.5
14,-0.30264541373126835,-0.13759945765487896,-0.062183280919174334,GMM estimator,1.0,1.0,0.5,0.5,3411,0.0,0.0,0.0,correct,correct,1.5
15,-0.3000028537639318,-0.22982618524634965,-0.13202729368438104,GMM estimator,1.0,1.0,0.5,0.5,3411,0.0,0.0,0.0,correct,correct,1.5
16,-0.25104619173770804,-0.34248692084313853,-0.29143968422678235,GMM estimator,1.0,1.0,0.5,0.5,3411,0.0,0.0,0.0,correct,correct,1.5
17,0.3699062227916216,0.2590958615024408,0.1442983134265354,GMM estimator,1.0,1.0,0.5,0.5,3411,0.0,0.0,0.0,correct,correct,1.5
18,0.08467560408860757,0.12709261424831597,0.1405750968490351,GMM estimator,1.0,1.0,0.5,0.5,3411,0.0,0.0,0.0,correct,correct,1.5
19,0.063784148337083,0.1682526368396587,0.12778626222342906,GMM estimator,1.0,1.0,0.5,0.5,3411,0.0,0.0,0.0,correct,correct,1.5
20,-0.18115050414117154,0.13556926442224385,0.14005105170526955,GMM estimator,1.0,1.0,0.5,0.5,3411,0.0,0.0,0.0,correct,correct,1.5
21,0.14819127551698466,0.1907359055440137,0.05527480198244009,GMM estimator,1.0,1.0,0.5,0.5,3411,0.0,0.0,0.0,correct,correct,1.5
22,-0.2037929776505017,-0.07134430289939138,0.05124415172972426,GMM estimator,1.0,1.0,0.5,0.5,3411,0.0,0.0,0.0,correct,correct,1.5
23,-0.057604740634186996,-0.1428275056534494,0.00384688233250905,GMM estimator,1.0,1.0,0.5,0.5,3411,0.0,0.0,0.0,correct,correct,1.5
24,0.13282266308663607,0.13350314854487652,0.0662230248687263,GMM estimator,1.0,1.0,0.5,0.5,3411,0.0,0.0,0.0,correct,correct,1.5
25,0.10218765793591851,0.12738692054318904,0.11720632653503046,GMM estimator,1.0,1.0,0.5,0.5,3411,0.0,0.0,0.0,correct,correct,1.5
26,0.03414841792349458,0.18191383557177257,0.09634855154033144,GMM estimator,1.0,1.0,0.5,0.5,3411,0.0,0.0,0.0,correct,correct,1.5
27,-0.02000369879373597,0.13864286872914985,0.05953894383824281,GMM estimator,1.0,1.0,0.5,0.5,3411,0.0,0.0,0.0,correct,correct,1.5
28,-0.2881547780683601,-0.3049506648630834,-0.10924530964523269,GMM estimator,1.0,1.0,0.5,0.5,3411,0.0,0.0,0.0,correct,correct,1.5
29,-0.08693404881084375,-0.06547649289180607,-0.00450299860426224,GMM estimator,1.0,1.0,0.5,0.5,3411,0.0,0.0,0.0,correct,correct,1.5
30,-0.003942349937776584,0.17953098426106234,-0.03994089065388573,GMM estimator,1.0,1.0,0.5,0.5,3411,0.0,0.0,0.0,correct,correct,1.5
31,0.2864573528913764,0.13779574759474716,0.07343718016083323,GMM estimator,1.0,1.0,0.5,0.5,3411,0.0,0.0,0.0,correct,correct,1.5
32,-0.08893138027741711,-0.24106684589189858,-0.06561516433692785,GMM estimator,1.0,1.0,0.5,0.5,3411,0.0,0.0,0.0,correct,correct,1.5
33,-0.08475197486486262,0.036703672066694344,-0.013055479195117873,GMM estimator,1.0,1.0,0.5,0.5,3411,0.0,0.0,0.0,correct,correct,1.5
34,0.04222235893615254,-0.06511703089973359,-0.00934596066726029,GMM estimator,1.0,1.0,0.5,0.5,3411,0.0,0.0,0.0,correct,correct,1.5
35,0.039371751668375046,0.03552688138423618,0.03558461421588347,GMM estimator,1.0,1.0,0.5,0.5,3411,0.0,0.0,0.0,correct,correct,1.5
36,0.11661877054826053,0.16963532699273465,0.024666911804736884,GMM estimator,1.0,1.0,0.5,0.5,3411,0.0,0.0,0.0,correct,correct,1.5
37,-0.1900658700699187,-0.17336791155479095,-0.19093683647750495,GMM estimator,1.0,1.0,0.5,0.5,3411,0.0,0.0,0.0,correct,correct,1.5
38,-0.026257527929247994,-0.05196005763699956,0.0012338920001573831,GMM estimator,1.0,1.0,0.5,0.5,3411,0.0,0.0,0.0,correct,correct,1.5
39,-0.15153218284650374,-0.0885363887720728,-0.08351395124791185,GMM estimator,1.0,1.0,0.5,0.5,3411,0.0,0.0,0.0,correct,correct,1.5
40,0.18331189027483472,0.1392906608516954,0.02551715513168731,GMM estimator,1.0,1.0,0.5,0.5,3411,0.0,0.0,0.0,correct,correct,1.5
41,0.20921644480219703,0.12871038722862063,0.13550900912492955,GMM estimator,1.0,1.0,0.5,0.5,3411,0.0,0.0,0.0,correct,correct,1.5
42,0.29147500726756487,0.11213287933395333,0.04514350957626958,GMM estimator,1.0,1.0,0.5,0.5,3411,0.0,0.0,0.0,correct,correct,1.5
43,0.01759129490895419,0.030977079509643804,0.018743772610624147,GMM estimator,1.0,1.0,0.5,0.5,3411,0.0,0.0,0.0,correct,correct,1.5
44,0.13547937488074693,-0.07039017885724268,0.07091093399670316,GMM estimator,1.0,1.0,0.5,0.5,3411,0.0,0.0,0.0,correct,correct,1.5
45,-0.011136851065194544,-0.1305574690292091,-0.06314868062478969,GMM estimator,1.0,1.0,0.5,0.5,3411,0.0,0.0,0.0,correct,correct,1.5
46,-0.01648150642231807,0.01142796894583461,0.046506349127308305,GMM estimator,1.0,1.0,0.5,0.5,3411,0.0,0.0,0.0,correct,correct,1.5
47,0.2078408670296573,0.23806158828148313,0.1408084427636861,GMM estimator,1.0,1.0,0.5,0.5,3411,0.0,0.0,0.0,correct,correct,1.5
48,0.008651740251907273,-0.02213976808727029,-0.08363981678920807,GMM estimator,1.0,1.0,0.5,0.5,3411,0.0,0.0,0.0,correct,correct,1.5
49,-0.1376617466089141,0.07692300690379243,0.19898407583063113,GMM estimator,1.0,1.0,0.5,0.5,3411,0.0,0.0,0.0,correct,correct,1.5
50,-0.11899070266004542,0.10313354224100618,-0.11710386641563848,GMM estimator,1.0,1.0,0.5,0.5,3411,0.0,0.0,0.0,correct,correct,1.5
51,0.08963849168773275,0.02822419497671609,-0.10322578202696403,GMM estimator,1.0,1.0,0.5,0.5,3411,0.0,0.0,0.0,correct,correct,1.5
52,-0.16155962158184445,-0.01424561945162735,0.02884043614884875,GMM estimator,1.0,1.0,0.5,0.5,3411,0.0,0.0,0.0,correct,correct,1.5
53,0.0946454772208405,-0.04244223195841394,0.10794709000218186,GMM estimator,1.0,1.0,0.5,0.5,3411,0.0,0.0,0.0,correct,correct,1.5
54,-0.05426438142936359,-0.09176860524046399,0.0774366690060073,GMM estimator,1.0,1.0,0.5,0.5,3411,0.0,0.0,0.0,correct,correct,1.5
55,-0.10822183192965061,-0.05293088649941908,-0.005851922857529938,GMM estimator,1.0,1.0,0.5,0.5,3411,0.0,0.0,0.0,correct,correct,1.5
56,-0.051179898491625186,0.08430724291506625,-0.11172562432373224,GMM estimator,1.0,1.0,0.5,0.5,3411,0.0,0.0,0.0,correct,correct,1.5
57,-0.2673604104456101,-0.23093575628405522,-0.07298230171386781,GMM estimator,1.0,1.0,0.5,0.5,3411,0.0,0.0,0.0,correct,correct,1.5
58,-0.12088088760908472,-0.1811049801930809,-0.21212679708323529,GMM estimator,1.0,1.0,0.5,0.5,3411,0.0,0.0,0.0,correct,correct,1.5
59,0.3533302767894386,0.33414116944517747,0.1145665831712422,GMM estimator,1.0,1.0,0.5,0.5,3411,0.0,0.0,0.0,correct,correct,1.5
60,-0.00017684656749115683,0.05679410893200571,0.049501141224300105,GMM estimator,1.0,1.0,0.5,0.5,3411,0.0,0.0,0.0,correct,correct,1.5
61,-0.021663838847292383,-0.015046557152616893,0.056935211546585575,GMM estimator,1.0,1.0,0.5,0.5,3411,0.0,0.0,0.0,correct,correct,1.5
62,-0.24519273812309259,0.02451557818660613,0.123400808014104,GMM estimator,1.0,1.0,0.5,0.5,3411,0.0,0.0,0.0,correct,correct,1.5
63,-0.2240553051524009,-0.07039033551741043,-0.0783006884797258,GMM estimator,1.0,1.0,0.5,0.5,3411,0.0,0.0,0.0,correct,correct,1.5
64,-0.11613723291270421,-0.048383081067911435,-0.026268997146870345,GMM estimator,1.0,1.0,0.5,0.5,3411,0.0,0.0,0.0,correct,correct,1.5
65,-0.14987356266270646,-0.022208272645160943,0.1579174938433694,GMM estimator,1.0,1.0,0.5,0.5,3411,0.0,0.0,0.0,correct,correct,1.5
66,0.06449343869458919,0.13168380672727373,0.034962796728577196,GMM estimator,1.0,1.0,0.5,0.5,3411,0.0,0.0,0.0,correct,correct,1.5
67,0.1159531515951139,0.04823188838113647,0.08636228760951122,GMM estimator,1.0,1.0,0.5,0.5,3411,0.0,0.0,0.0,correct,correct,1.5
68,-0.013605299179676632,0.0923765534620682,0.09248791587259235,GMM estimator,1.0,1.0,0.5,0.5,3411,0.0,0.0,0.0,correct,correct,1.5
69,-0.10830164902375508,-0.06085039963096173,-0.031215425394439895,GMM estimator,1.0,1.0,0.5,0.5,3411,0.0,0.0,0.0,correct,correct,1.5
70,-0.036123605170468163,-0.15462483544264002,-0.14492506412687298,GMM estimator,1.0,1.0,0.5,0.5,3411,0.0,0.0,0.0,correct,correct,1.5
71,-0.2027286945224572,0.04720348648393934,0.1748874936658912,GMM estimator,1.0,1.0,0.5,0.5,3411,0.0,0.0,0.0,correct,correct,1.5
72,0.04133790503645076,0.047489371524928284,-0.11647783350618353,GMM estimator,1.0,1.0,0.5,0.5,3411,0.0,0.0,0.0,correct,correct,1.5
73,0.0014208654640425371,0.013777335391948827,0.06408686727280448,GMM estimator,1.0,1.0,0.5,0.5,3411,0.0,0.0,0.0,correct,correct,1.5
74,-0.47364490459300723,-0.297067047577858,-0.2505064000853299,GMM estimator,1.0,1.0,0.5,0.5,3411,0.0,0.0,0.0,correct,correct,1.5
75,-0.02904385178807826,-0.02746625715584776,0.07289733937016844,GMM estimator,1.0,1.0,0.5,0.5,3411,0.0,0.0,0.0,correct,correct,1.5
76,0.04422753187009706,-0.03344870968554223,-0.04691189945646412,GMM estimator,1.0,1.0,0.5,0.5,3411,0.0,0.0,0.0,correct,correct,1.5
77,-0.29024757933388656,-0.2097283762581058,-0.256697960771993,GMM estimator,1.0,1.0,0.5,0.5,3411,0.0,0.0,0.0,correct,correct,1.5
78,-0.37850188139720775,-0.2723643755600163,-0.248904310615434,GMM estimator,1.0,1.0,0.5,0.5,3411,0.0,0.0,0.0,correct,correct,1.5
79,0.05850258124859178,-0.01910035249041362,-0.00868991774188863,GMM estimator,1.0,1.0,0.5,0.5,3411,0.0,0.0,0.0,correct,correct,1.5
80,0.08973748416097667,-0.05485835604835137,-0.06471895069367187,GMM estimator,1.0,1.0,0.5,0.5,3411,0.0,0.0,0.0,correct,correct,1.5
81,-0.2833844431385866,-0.08306063425101054,-0.1444760623929826,GMM estimator,1.0,1.0,0.5,0.5,3411,0.0,0.0,0.0,correct,correct,1.5
82,0.030891297353796306,0.12445720545093458,0.09307510870720452,GMM estimator,1.0,1.0,0.5,0.5,3411,0.0,0.0,0.0,correct,correct,1.5
83,0.024752094666561957,-0.16836508635926403,-0.20308291549480403,GMM estimator,1.0,1.0,0.5,0.5,3411,0.0,0.0,0.0,correct,correct,1.5
84,-0.03700666094307078,-0.01146096242950348,-0.06319746850639213,GMM estimator,1.0,1.0,0.5,0.5,3411,0.0,0.0,0.0,correct,correct,1.5
85,-0.24296932872986665,-0.26078535389724944,-0.2699316895161725,GMM estimator,1.0,1.0,0.5,0.5,3411,0.0,0.0,0.0,correct,correct,1.5
86,-0.07254165584609025,-0.02109888388858672,-0.012245548067052643,GMM estimator,1.0,1.0,0.5,0.5,3411,0.0,0.0,0.0,correct,correct,1.5
87,-0.020123791159497827,-0.16027912797980962,-0.1637219678881386,GMM estimator,1.0,1.0,0.5,0.5,3411,0.0,0.0,0.0,correct,correct,1.5
88,0.33625882271245655,0.1333372414545739,0.014367913101339272,GMM estimator,1.0,1.0,0.5,0.5,3411,0.0,0.0,0.0,correct,correct,1.5
89,0.06145074447810182,0.08920406145751161,-0.017715204174356014,GMM estimator,1.0,1.0,0.5,0.5,3411,0.0,0.0,0.0,correct,correct,1.5
90,0.07836918655235077,-0.06956330710828494,-0.06744438337389815,GMM estimator,1.0,1.0,0.5,0.5,3411,0.0,0.0,0.0,correct,correct,1.5
91,-0.008713569524109682,-0.015668264967143148,0.015954072374437408,GMM estimator,1.0,1.0,0.5,0.5,3411,0.0,0.0,0.0,correct,correct,1.5
92,-0.2717841901479966,-0.2764229390187059,-0.19498652032792974,GMM estimator,1.0,1.0,0.5,0.5,3411,0.0,0.0,0.0,correct,correct,1.5
93,0.24418448869907639,0.11665598076348488,0.0630773106641034,GMM estimator,1.0,1.0,0.5,0.5,3411,0.0,0.0,0.0,correct,correct,1.5
94,-0.2128696937672275,-0.056557325175017444,-0.005868509416442765,GMM estimator,1.0,1.0,0.5,0.5,3411,0.0,0.0,0.0,correct,correct,1.5
95,0.09937306584383292,0.06426169200808343,0.020873563574330727,GMM estimator,1.0,1.0,0.5,0.5,3411,0.0,0.0,0.0,correct,correct,1.5
96,-0.1651393045435774,-0.251441118065956,-0.13725065820718838,GMM estimator,1.0,1.0,0.5,0.5,3411,0.0,0.0,0.0,correct,correct,1.5
97,-0.0683251553914684,0.01051821598205509,0.004608541612929041,GMM estimator,1.0,1.0,0.5,0.5,3411,0.0,0.0,0.0,correct,correct,1.5
98,0.22199767548375882,0.12176410713675859,0.12073448950709631,GMM estimator,1.0,1.0,0.5,0.5,3411,0.0,0.0,0.0,correct,correct,1.5
99,-0.23669465839674128,-0.027916854596920795,-0.04171350273495398,GMM estimator,1.0,1.0,0.5,0.5,3411,0.0,0.0,0.0,correct,correct,1.5
100,-0.02498522119991251,-0.06803086051399361,-0.1688937317475594,GMM estimator,1.0,1.0,0.5,0.5,3411,0.0,0.0,0.0,correct,correct,1.5
101,0.10521788523983039,-0.07155160648834503,0.07496431901607026,GMM estimator,1.0,1.0,0.5,0.5,3411,0.0,0.0,0.0,correct,correct,1.5
102,-0.08519919955838835,-0.12668662648704657,-0.21234539705650737,GMM estimator,1.0,1.0,0.5,0.5,3411,0.0,0.0,0.0,correct,correct,1.5
103,0.10690324180721567,-0.014680859975646589,0.08579924806930904,GMM estimator,1.0,1.0,0.5,0.5,3411,0.0,0.0,0.0,correct,correct,1.5
104,-0.2525746229346581,-0.03214773365695116,0.08164882857782418,GMM estimator,1.0,1.0,0.5,0.5,3411,0.0,0.0,0.0,correct,correct,1.5
105,-0.2506372551649091,-0.1837501329023209,-0.1454647055048691,GMM estimator,1.0,1.0,0.5,0.5,3411,0.0,0.0,0.0,correct,correct,1.5
106,-0.3121949948166156,-0.3436238353818913,-0.2064077330150542,GMM estimator,1.0,1.0,0.5,0.5,3411,0.0,0.0,0.0,correct,correct,1.5
107,-0.2249357378101234,-0.2191578997489805,0.008077866392071616,GMM estimator,1.0,1.0,0.5,0.5,3411,0.0,0.0,0.0,correct,correct,1.5
108,0.016697310701371912,0.16911934372972434,-0.02555583897678278,GMM estimator,1.0,1.0,0.5,0.5,3411,0.0,0.0,0.0,correct,correct,1.5
109,-0.011236139082242821,-0.021368991825778127,-0.03160899917142131,GMM estimator,1.0,1.0,0.5,0.5,3411,0.0,0.0,0.0,correct,correct,1.5
110,0.19346640571978044,0.17684365924404866,0.12334729464557107,GMM estimator,1.0,1.0,0.5,0.5,3411,0.0,0.0,0.0,correct,correct,1.5
111,-0.004763790799797237,0.054722938544023804,0.004251772977820128,GMM estimator,1.0,1.0,0.5,0.5,3411,0.0,0.0,0.0,correct,correct,1.5
112,-0.003914493501509206,-0.011860522543408355,-0.005336750347740555,GMM estimator,1.0,1.0,0.5,0.5,3411,0.0,0.0,0.0,correct,correct,1.5
113,-0.2891596877581165,0.01678822672374588,-0.004572953229891985,GMM estimator,1.0,1.0,0.5,0.5,3411,0.0,0.0,0.0,correct,correct,1.5
114,0.4217315005211068,0.11353965904485747,-0.016061034089974894,GMM estimator,1.0,1.0,0.5,0.5,3411,0.0,0.0,0.0,correct,correct,1.5
115,-0.05005183754239246,-0.006093273428314711,0.06178066961454762,GMM estimator,1.0,1.0,0.5,0.5,3411,0.0,0.0,0.0,correct,correct,1.5
116,0.026131313294775218,0.0986734676698915,0.041346491841068304,GMM estimator,1.0,1.0,0.5,0.5,3411,0.0,0.0,0.0,correct,correct,1.5
117,-0.4460536893783813,-0.3181454339271534,-0.26271345502497356,GMM estimator,1.0,1.0,0.5,0.5,3411,0.0,0.0,0.0,correct,correct,1.5
118,-0.11725451630782613,-0.06715678297387437,-0.02858834090433602,GMM estimator,1.0,1.0,0.5,0.5,3411,0.0,0.0,0.0,correct,correct,1.5
119,0.16336095468324696,-0.0018763677094372014,-0.03830775040221034,GMM estimator,1.0,1.0,0.5,0.5,3411,0.0,0.0,0.0,correct,correct,1.5
120,-0.07710032546365578,-0.018003683606188488,-0.003543398029839127,GMM estimator,1.0,1.0,0.5,0.5,3411,0.0,0.0,0.0,correct,correct,1.5
121,-0.18109735323635964,-0.08809612407898702,-0.026801624900027462,GMM estimator,1.0,1.0,0.5,0.5,3411,0.0,0.0,0.0,correct,correct,1.5
122,0.006388196323676436,0.0356592630301411,0.03245782756588816,GMM estimator,1.0,1.0,0.5,0.5,3411,0.0,0.0,0.0,correct,correct,1.5
123,0.1435987375901319,0.015446056668022666,0.12009632657138417,GMM estimator,1.0,1.0,0.5,0.5,3411,0.0,0.0,0.0,correct,correct,1.5
124,-0.1945747143285073,-0.16953992451074526,-0.09916327399006498,GMM estimator,1.0,1.0,0.5,0.5,3411,0.0,0.0,0.0,correct,correct,1.5
125,-0.13359096522225566,-0.001390168122045207,0.04816393600622157,GMM estimator,1.0,1.0,0.5,0.5,3411,0.0,0.0,0.0,correct,correct,1.5
126,-0.07685110149801325,0.004882035388557959,0.03201125705283348,GMM estimator,1.0,1.0,0.5,0.5,3411,0.0,0.0,0.0,correct,correct,1.5
127,0.023828153441672818,-0.07653416201431276,0.027543599625838796,GMM estimator,1.0,1.0,0.5,0.5,3411,0.0,0.0,0.0,correct,correct,1.5
128,-0.07065054631177477,0.0386985286564444,0.025952950976560536,GMM estimator,1.0,1.0,0.5,0.5,3411,0.0,0.0,0.0,correct,correct,1.5
129,0.02568175007211291,-0.04226294032596342,0.016278002506737447,GMM estimator,1.0,1.0,0.5,0.5,3411,0.0,0.0,0.0,correct,correct,1.5
130,-0.11024513283679321,-0.1296368065314186,-0.037027757230725204,GMM estimator,1.0,1.0,0.5,0.5,3411,0.0,0.0,0.0,correct,correct,1.5
131,-0.10298142260943328,-0.014560575775324346,-0.07159573868507446,GMM estimator,1.0,1.0,0.5,0.5,3411,0.0,0.0,0.0,correct,correct,1.5
132,-0.2815160025019684,-0.15725611739842252,-0.041672885623474425,GMM estimator,1.0,1.0,0.5,0.5,3411,0.0,0.0,0.0,correct,correct,1.5
133,-0.018015515510689067,-0.013563692764964117,0.07390927939843073,GMM estimator,1.0,1.0,0.5,0.5,3411,0.0,0.0,0.0,correct,correct,1.5
134,-0.13908074283345398,-0.056986013608263233,-0.03312225376058526,GMM estimator,1.0,1.0,0.5,0.5,3411,0.0,0.0,0.0,correct,correct,1.5
135,-0.014497516416855316,-0.15954710380785653,-0.12218100104951087,GMM estimator,1.0,1.0,0.5,0.5,3411,0.0,0.0,0.0,correct,correct,1.5
136,-0.219019985566909,-0.05051764264703078,-0.041940655666763665,GMM estimator,1.0,1.0,0.5,0.5,3411,0.0,0.0,0.0,correct,correct,1.5
137,0.18377611679633854,-0.002213577767489991,-0.09489047832535065,GMM estimator,1.0,1.0,0.5,0.5,3411,0.0,0.0,0.0,correct,correct,1.5
138,0.21692306780033419,0.05731048198601464,-0.0636783487484419,GMM estimator,1.0,1.0,0.5,0.5,3411,0.0,0.0,0.0,correct,correct,1.5
139,-0.24913632230063337,-0.20834418061176774,-0.156544514049148,GMM estimator,1.0,1.0,0.5,0.5,3411,0.0,0.0,0.0,correct,correct,1.5
140,0.2526869102541788,0.19680745443977957,0.07674086852389839,GMM estimator,1.0,1.0,0.5,0.5,3411,0.0,0.0,0.0,correct,correct,1.5
141,0.1611123736373617,0.19889256205202038,0.14979466668348826,GMM estimator,1.0,1.0,0.5,0.5,3411,0.0,0.0,0.0,correct,correct,1.5
142,-0.10230481454061209,-0.10820661503693017,-0.03488648317229982,GMM estimator,1.0,1.0,0.5,0.5,3411,0.0,0.0,0.0,correct,correct,1.5
143,0.31368608859432034,0.28638806279226187,0.1903404547407461,GMM estimator,1.0,1.0,0.5,0.5,3411,0.0,0.0,0.0,correct,correct,1.5
144,0.044845301806792894,-0.04095773159649132,-0.034452201291635384,GMM estimator,1.0,1.0,0.5,0.5,3411,0.0,0.0,0.0,correct,correct,1.5
145,0.11197980021210595,0.18599832405924904,0.26047893127263033,GMM estimator,1.0,1.0,0.5,0.5,3411,0.0,0.0,0.0,correct,correct,1.5
146,-0.12702327471054375,-0.005108581989895155,-0.0515985900727643,GMM estimator,1.0,1.0,0.5,0.5,3411,0.0,0.0,0.0,correct,correct,1.5
147,0.08392973834120077,-0.03129312055169415,0.010760319470429157,GMM estimator,1.0,1.0,0.5,0.5,3411,0.0,0.0,0.0,correct,correct,1.5
148,0.07656187613080546,0.008237539964297403,-0.012019911488996666,GMM estimator,1.0,1.0,0.5,0.5,3411,0.0,0.0,0.0,correct,correct,1.5
149,-0.16436160062943322,-0.05573687733665608,-0.03605992757351096,GMM estimator,1.0,1.0,0.5,0.5,3411,0.0,0.0,0.0,correct,correct,1.5
150,0.1857826575976594,0.36671766180307863,0.15348907323169633,GMM estimator,1.0,1.0,0.5,0.5,3411,0.0,0.0,0.0,correct,correct,1.5
151,0.004587717992419749,-0.019384008883514013,-0.05258169165136302,GMM estimator,1.0,1.0,0.5,0.5,3411,0.0,0.0,0.0,correct,correct,1.5
152,0.12788135036798687,0.10001730660425315,0.055018675833038336,GMM estimator,1.0,1.0,0.5,0.5,3411,0.0,0.0,0.0,correct,correct,1.5
153,0.17090034377544072,-0.03437689467860762,-0.016843653586707235,GMM estimator,1.0,1.0,0.5,0.5,3411,0.0,0.0,0.0,correct,correct,1.5
154,0.08269440782091658,0.1981403499836825,0.09394031732539622,GMM estimator,1.0,1.0,0.5,0.5,3411,0.0,0.0,0.0,correct,correct,1.5
155,-0.04409985766647227,-0.0819302450540168,-0.14817510563349384,GMM estimator,1.0,1.0,0.5,0.5,3411,0.0,0.0,0.0,correct,correct,1.5
156,-0.08237774883472976,-0.09721231369118553,0.1000909849734683,GMM estimator,1.0,1.0,0.5,0.5,3411,0.0,0.0,0.0,correct,correct,1.5
157,-0.07534280880884521,-0.041649958378412524,0.05937176290341809,GMM estimator,1.0,1.0,0.5,0.5,3411,0.0,0.0,0.0,correct,correct,1.5
158,0.14379167985878874,0.003355461693962599,-0.007415151693951211,GMM estimator,1.0,1.0,0.5,0.5,3411,0.0,0.0,0.0,correct,correct,1.5
159,-0.041240959265307395,0.07286665206752883,0.08255552003404354,GMM estimator,1.0,1.0,0.5,0.5,3411,0.0,0.0,0.0,correct,correct,1.5
160,-0.007721528772870143,-0.047385117604776074,-0.03351637414133739,GMM estimator,1.0,1.0,0.5,0.5,3411,0.0,0.0,0.0,correct,correct,1.5
161,0.03362037117772791,0.0645589100251187,0.05949787771338466,GMM estimator,1.0,1.0,0.5,0.5,3411,0.0,0.0,0.0,correct,correct,1.5
162,0.11809421884397857,0.13937046870920294,0.053634149160811585,GMM estimator,1.0,1.0,0.5,0.5,3411,0.0,0.0,0.0,correct,correct,1.5
163,0.10073191277164174,0.08001725660976117,-0.024107822734023655,GMM estimator,1.0,1.0,0.5,0.5,3411,0.0,0.0,0.0,correct,correct,1.5
164,-0.2562778353526608,-0.21884803614369228,-0.17886292428977962,GMM estimator,1.0,1.0,0.5,0.5,3411,0.0,0.0,0.0,correct,correct,1.5
165,-0.1272473757369376,-0.17584928720353737,-0.06405355841402342,GMM estimator,1.0,1.0,0.5,0.5,3411,0.0,0.0,0.0,correct,correct,1.5
166,-0.06132167234500243,-0.04960591594838262,0.04155741840556561,GMM estimator,1.0,1.0,0.5,0.5,3411,0.0,0.0,0.0,correct,correct,1.5
167,-0.16558990059315778,-0.14265931479283817,-0.07735762458945154,GMM estimator,1.0,1.0,0.5,0.5,3411,0.0,0.0,0.0,correct,correct,1.5
168,-0.07855332198157791,-0.030380766937996538,0.0011722140212901636,GMM estimator,1.0,1.0,0.5,0.5,3411,0.0,0.0,0.0,correct,correct,1.5
169,-0.14842585959598562,0.04828843954823645,-0.06202238947007857,GMM estimator,1.0,1.0,0.5,0.5,3411,0.0,0.0,0.0,correct,correct,1.5
170,0.1206513352092252,0.05804596173542565,-0.03802659654901845,GMM estimator,1.0,1.0,0.5,0.5,3411,0.0,0.0,0.0,correct,correct,1.5
171,-0.148902102076584,-0.1307770976099374,-0.0877426568888902,GMM estimator,1.0,1.0,0.5,0.5,3411,0.0,0.0,0.0,correct,correct,1.5
172,-0.1833148697352276,-0.11945581568705224,-0.10833596581816618,GMM estimator,1.0,1.0,0.5,0.5,3411,0.0,0.0,0.0,correct,correct,1.5
173,-0.1094889464018596,-0.2430028866355806,-0.0791180667757514,GMM estimator,1.0,1.0,0.5,0.5,3411,0.0,0.0,0.0,correct,correct,1.5
174,-0.0931501109637308,-0.020490496258896585,0.027805113418961653,GMM estimator,1.0,1.0,0.5,0.5,3411,0.0,0.0,0.0,correct,correct,1.5
175,0.12499235000233022,-0.19309590633305682,-0.07999139805649307,GMM estimator,1.0,1.0,0.5,0.5,3411,0.0,0.0,0.0,correct,correct,1.5
176,-0.08239312909951582,-0.02527129718226329,0.06356630941695818,GMM estimator,1.0,1.0,0.5,0.5,3411,0.0,0.0,0.0,correct,correct,1.5
177,0.09369523000158198,0.15364850963316432,-0.0409356462321867,GMM estimator,1.0,1.0,0.5,0.5,3411,0.0,0.0,0.0,correct,correct,1.5
178,0.1374074565765742,-0.03632308382995439,0.03529487823713117,GMM estimator,1.0,1.0,0.5,0.5,3411,0.0,0.0,0.0,correct,correct,1.5
179,-0.0008852851824015668,0.15377424958145083,0.07746078210845818,GMM estimator,1.0,1.0,0.5,0.5,3411,0.0,0.0,0.0,correct,correct,1.5
180,0.09681073614967418,0.19007698758932745,0.008941779521890021,GMM estimator,1.0,1.0,0.5,0.5,3411,0.0,0.0,0.0,correct,correct,1.5
181,-0.09304204214065685,-0.0024048935018846787,-0.01179511557072634,GMM estimator,1.0,1.0,0.5,0.5,3411,0.0,0.0,0.0,correct,correct,1.5
182,0.0664888920014221,0.18241607825694403,0.2484612669417887,GMM estimator,1.0,1.0,0.5,0.5,3411,0.0,0.0,0.0,correct,correct,1.5
183,0.14136682041963602,-0.020291450624416275,0.08101012445024283,GMM estimator,1.0,1.0,0.5,0.5,3411,0.0,0.0,0.0,correct,correct,1.5
184,0.2341717736581015,0.08600390930326098,0.07893767419034832,GMM estimator,1.0,1.0,0.5,0.5,3411,0.0,0.0,0.0,correct,correct,1.5
185,0.13322366842194625,-0.035679397397553214,-0.02253415042429506,GMM estimator,1.0,1.0,0.5,0.5,3411,0.0,0.0,0.0,correct,correct,1.5
186,-0.03274311574859633,-0.05223620594667278,-0.0036828705535661113,GMM estimator,1.0,1.0,0.5,0.5,3411,0.0,0.0,0.0,correct,correct,1.5
187,0.20529208714724564,0.09685064082007228,0.14589709982219237,GMM estimator,1.0,1.0,0.5,0.5,3411,0.0,0.0,0.0,correct,correct,1.5
188,-0.16703673023368473,-0.05572625983808578,-0.08444142770466795,GMM estimator,1.0,1.0,0.5,0.5,3411,0.0,0.0,0.0,correct,correct,1.5
189,0.3646111152892141,0.2137935214156765,0.1820895640232975,GMM estimator,1.0,1.0,0.5,0.5,3411,0.0,0.0,0.0,correct,correct,1.5
190,0.10004744997070922,0.10604406520612084,0.17742198001496365,GMM estimator,1.0,1.0,0.5,0.5,3411,0.0,0.0,0.0,correct,correct,1.5
191,-0.12627230002719098,0.061197854726596335,0.09576502069335426,GMM estimator,1.0,1.0,0.5,0.5,3411,0.0,0.0,0.0,correct,correct,1.5
192,-0.14404433869060937,-0.05358058850710724,-0.04593885886494692,GMM estimator,1.0,1.0,0.5,0.5,3411,0.0,0.0,0.0,correct,correct,1.5
193,-0.2237873635408865,-0.23039103917077203,-0.10429211019120667,GMM estimator,1.0,1.0,0.5,0.5,3411,0.0,0.0,0.0,correct,correct,1.5
194,0.31133478104042933,0.17518517619463994,0.1326498575615756,GMM estimator,1.0,1.0,0.5,0.5,3411,0.0,0.0,0.0,correct,correct,1.5
195,-0.3425802144891117,-0.07721562206130024,-0.10804431730108613,GMM estimator,1.0,1.0,0.5,0.5,3411,0.0,0.0,0.0,correct,correct,1.5
196,-0.16715818487789108,-0.1950139798795043,-0.10413255930928435,GMM estimator,1.0,1.0,0.5,0.5,3411,0.0,0.0,0.0,correct,correct,1.5
197,-0.26725529095202794,-0.06111963149061265,-0.02881211172703233,GMM estimator,1.0,1.0,0.5,0.5,3411,0.0,0.0,0.0,correct,correct,1.5
198,0.06378490140747675,-0.08075520133425783,-0.053675343262452116,GMM estimator,1.0,1.0,0.5,0.5,3411,0.0,0.0,0.0,correct,correct,1.5
199,0.39823192215144787,0.12931326840293267,-0.011216183963092,GMM estimator,1.0,1.0,0.5,0.5,3411,0.0,0.0,0.0,correct,correct,1.5
200,-0.012025425828674916,0.024328878296360584,0.07085877598529333,GMM estimator,1.0,1.0,0.5,0.5,3411,0.0,0.0,0.0,correct,correct,1.5
201,0.0788754464548483,-0.055246668034310734,0.015686492422010163,GMM estimator,1.0,1.0,0.5,0.5,3411,0.0,0.0,0.0,correct,correct,1.5
202,-0.05338999632918576,0.1367064679891987,0.027661487676785928,GMM estimator,1.0,1.0,0.5,0.5,3411,0.0,0.0,0.0,correct,correct,1.5
203,0.23573464640841313,0.14710770963271483,0.08487089463485883,GMM estimator,1.0,1.0,0.5,0.5,3411,0.0,0.0,0.0,correct,correct,1.5
204,0.055974260756479766,-0.02763083965577327,0.029821921120024998,GMM estimator,1.0,1.0,0.5,0.5,3411,0.0,0.0,0.0,correct,correct,1.5
205,0.031872931864298105,-0.03336777755553548,0.018327473529715057,GMM estimator,1.0,1.0,0.5,0.5,3411,0.0,0.0,0.0,correct,correct,1.5
206,0.22623918062078,0.09757159874672364,0.025707694147252335,GMM estimator,1.0,1.0,0.5,0.5,3411,0.0,0.0,0.0,correct,correct,1.5
207,0.1843007384195376,0.1772960037206773,0.18276965952630592,GMM estimator,1.0,1.0,0.5,0.5,3411,0.0,0.0,0.0,correct,correct,1.5
208,-0.3128361003597855,-0.22378254012588478,-0.02673358029512463,GMM estimator,1.0,1.0,0.5,0.5,3411,0.0,0.0,0.0,correct,correct,1.5
209,0.24166721508067449,0.1736540713134823,0.03166844880447336,GMM estimator,1.0,1.0,0.5,0.5,3411,0.0,0.0,0.0,correct,correct,1.5
210,0.06790252250910422,0.027758242267962894,0.023064015060373966,GMM estimator,1.0,1.0,0.5,0.5,3411,0.0,0.0,0.0,correct,correct,1.5
211,0.3013659420679337,0.17314737249587303,0.0738505213796753,GMM estimator,1.0,1.0,0.5,0.5,3411,0.0,0.0,0.0,correct,correct,1.5
212,0.290898373731494,0.13447547498217524,0.006299833525777561,GMM estimator,1.0,1.0,0.5,0.5,3411,0.0,0.0,0.0,correct,correct,1.5
213,-0.05170445149932163,-0.09408029076248962,0.06232788648175179,GMM estimator,1.0,1.0,0.5,0.5,3411,0.0,0.0,0.0,correct,correct,1.5
214,-0.25764658558853176,-0.10773805967395825,-0.04283357513437167,GMM estimator,1.0,1.0,0.5,0.5,3411,0.0,0.0,0.0,correct,correct,1.5
215,-0.134807806657911,-0.0865444651775597,0.07753431718370785,GMM estimator,1.0,1.0,0.5,0.5,3411,0.0,0.0,0.0,correct,correct,1.5
216,0.16768371524482073,0.10924364602821544,0.11996914860874593,GMM estimator,1.0,1.0,0.5,0.5,3411,0.0,0.0,0.0,correct,correct,1.5
217,0.07722221849060858,-0.035923301111623805,-0.11462374835513651,GMM estimator,1.0,1.0,0.5,0.5,3411,0.0,0.0,0.0,correct,correct,1.5
218,-0.04239262645777519,-0.04783946069774337,-0.0006488152859129613,GMM estimator,1.0,1.0,0.5,0.5,3411,0.0,0.0,0.0,correct,correct,1.5
219,0.09870547125880803,0.016313065172128605,0.12027922868941934,GMM estimator,1.0,1.0,0.5,0.5,3411,0.0,0.0,0.0,correct,correct,1.5
220,0.04476220680892261,0.07246195101722878,-0.05271070739929603,GMM estimator,1.0,1.0,0.5,0.5,3411,0.0,0.0,0.0,correct,correct,1.5
221,0.23950498977583845,0.12090010767831331,0.03303073281719725,GMM estimator,1.0,1.0,0.5,0.5,3411,0.0,0.0,0.0,correct,correct,1.5
222,0.09232547678850388,0.09506759549318974,0.11168938324705632,GMM estimator,1.0,1.0,0.5,0.5,3411,0.0,0.0,0.0,correct,correct,1.5
223,0.19001062485119663,0.1718275877673395,0.2444154058347736,GMM estimator,1.0,1.0,0.5,0.5,3411,0.0,0.0,0.0,correct,correct,1.5
224,-0.026008479014546414,-0.13985831204019375,-0.16841580022636896,GMM estimator,1.0,1.0,0.5,0.5,3411,0.0,0.0,0.0,correct,correct,1.5
225,0.02455345717219371,0.015196570948406467,0.003298762566385648,GMM estimator,1.0,1.0,0.5,0.5,3411,0.0,0.0,0.0,correct,correct,1.5
226,0.020651111482165935,0.10964605847342496,0.13505526845165147,GMM estimator,1.0,1.0,0.5,0.5,3411,0.0,0.0,0.0,correct,correct,1.5
227,0.19199345657025127,0.017758111969106868,0.1322295117473384,GMM estimator,1.0,1.0,0.5,0.5,3411,0.0,0.0,0.0,correct,correct,1.5
228,0.2724023214559095,0.12913559124808183,0.1482256550218139,GMM estimator,1.0,1.0,0.5,0.5,3411,0.0,0.0,0.0,correct,correct,1.5
229,-0.002365336754337391,-0.09470889579279852,-0.043672090702519956,GMM estimator,1.0,1.0,0.5,0.5,3411,0.0,0.0,0.0,correct,correct,1.5
230,-0.31264945357146406,-0.19128947371345045,-0.1707829969335407,GMM estimator,1.0,1.0,0.5,0.5,3411,0.0,0.0,0.0,correct,correct,1.5
231,0.1204495873325136,-0.0015094466831266308,0.04874638695152647,GMM estimator,1.0,1.0,0.5,0.5,3411,0.0,0.0,0.0,correct,correct,1.5
232,-0.11377591747459964,0.01730905982114899,-0.16210349012255248,GMM estimator,1.0,1.0,0.5,0.5,3411,0.0,0.0,0.0,correct,correct,1.5
233,0.033028333023114594,0.11282538111388671,0.051304627681537124,GMM estimator,1.0,1.0,0.5,0.5,3411,0.0,0.0,0.0,correct,correct,1.5
234,-0.1303769759416448,-0.2635493036245836,-0.10314912296931916,GMM estimator,1.0,1.0,0.5,0.5,3411,0.0,0.0,0.0,correct,correct,1.5
235,-0.03746184085568705,-0.028679731635800128,0.05722350928454489,GMM estimator,1.0,1.0,0.5,0.5,3411,0.0,0.0,0.0,correct,correct,1.5
236,-0.13656150170433345,0.010102264060394927,0.022416608485964093,GMM estimator,1.0,1.0,0.5,0.5,3411,0.0,0.0,0.0,correct,correct,1.5
237,0.04996884666338519,0.0024070710618820817,0.04533477544575753,GMM estimator,1.0,1.0,0.5,0.5,3411,0.0,0.0,0.0,correct,correct,1.5
238,0.241497550936769,0.11154673865858011,0.1808621914897782,GMM estimator,1.0,1.0,0.5,0.5,3411,0.0,0.0,0.0,correct,correct,1.5
239,-0.2737096765851167,-0.22509858523179843,-0.1378491114611976,GMM estimator,1.0,1.0,0.5,0.5,3411,0.0,0.0,0.0,correct,correct,1.5
240,-0.10802314661506167,0.09574155626084857,0.008355078319718831,GMM estimator,1.0,1.0,0.5,0.5,3411,0.0,0.0,0.0,correct,correct,1.5
241,-0.048327372988494335,0.08069998833715239,0.02350665062590903,GMM estimator,1.0,1.0,0.5,0.5,3411,0.0,0.0,0.0,correct,correct,1.5
242,-0.03982326871013436,-0.0620267573956675,-0.12996143934033016,GMM estimator,1.0,1.0,0.5,0.5,3411,0.0,0.0,0.0,correct,correct,1.5
243,-0.07253629821756416,-0.10336431327128345,0.05092598837790432,GMM estimator,1.0,1.0,0.5,0.5,3411,0.0,0.0,0.0,correct,correct,1.5
244,-0.01423044874385198,-0.011210338103821686,-0.001619863622486548,GMM estimator,1.0,1.0,0.5,0.5,3411,0.0,0.0,0.0,correct,correct,1.5
245,0.13626717167324173,0.07667567225829197,0.040001952059163466,GMM estimator,1.0,1.0,0.5,0.5,3411,0.0,0.0,0.0,correct,correct,1.5
246,-0.3372278074266551,0.02464387855528972,0.006024159540892938,GMM estimator,1.0,1.0,0.5,0.5,3411,0.0,0.0,0.0,correct,correct,1.5
247,-0.14986223986557654,-0.2521562813806745,-0.12316535503120182,GMM estimator,1.0,1.0,0.5,0.5,3411,0.0,0.0,0.0,correct,correct,1.5
248,0.23011770944315108,-0.1107676952624103,0.039601144136408285,GMM estimator,1.0,1.0,0.5,0.5,3411,0.0,0.0,0.0,correct,correct,1.5
249,0.27603054448318753,0.1698112024131148,0.12207995259113351,GMM estimator,1.0,1.0,0.5,0.5,3411,0.0,0.0,0.0,correct,correct,1.5
250,-0.00264527290378671,-0.011740706034170992,-0.04680731203268668,GMM estimator,1.0,1.0,0.5,0.5,3411,0.0,0.0,0.0,correct,correct,1.5
251,-0.19666321683826665,-0.18042746612621824,-0.12913223783833538,GMM estimator,1.0,1.0,0.5,0.5,3411,0.0,0.0,0.0,correct,correct,1.5
252,0.18701060289350036,0.06145900609975274,0.11559493542165276,GMM estimator,1.0,1.0,0.5,0.5,3411,0.0,0.0,0.0,correct,correct,1.5
253,0.05168220009470527,0.1841575443801477,0.14995033111374612,GMM estimator,1.0,1.0,0.5,0.5,3411,0.0,0.0,0.0,correct,correct,1.5
254,0.10949556951106132,0.004313091519682328,-0.010970896606438404,GMM estimator,1.0,1.0,0.5,0.5,3411,0.0,0.0,0.0,correct,correct,1.5
255,0.010386285573986149,-0.10923177917833345,0.09383092621806799,GMM estimator,1.0,1.0,0.5,0.5,3411,0.0,0.0,0.0,correct,correct,1.5
256,-0.28871582748569147,-0.21959169396184305,-0.2525837793342481,GMM estimator,1.0,1.0,0.5,0.5,3411,0.0,0.0,0.0,correct,correct,1.5
257,0.05212383101147512,0.015864966153449237,-0.034895042473812594,GMM estimator,1.0,1.0,0.5,0.5,3411,0.0,0.0,0.0,correct,correct,1.5
258,-0.29521225544371216,-0.11106885824106313,-0.140008334464104,GMM estimator,1.0,1.0,0.5,0.5,3411,0.0,0.0,0.0,correct,correct,1.5
259,-0.12088940087946641,-0.07460787350948855,0.0002529243267187672,GMM estimator,1.0,1.0,0.5,0.5,3411,0.0,0.0,0.0,correct,correct,1.5
260,-0.07780007000416546,-0.16720499938141878,-0.07988855701714556,GMM estimator,1.0,1.0,0.5,0.5,3411,0.0,0.0,0.0,correct,correct,1.5
261,0.14984228928957824,0.009870504431738437,0.0045321423220372236,GMM estimator,1.0,1.0,0.5,0.5,3411,0.0,0.0,0.0,correct,correct,1.5
262,-0.03724910619789563,0.05013714385003459,0.002369528379584909,GMM estimator,1.0,1.0,0.5,0.5,3411,0.0,0.0,0.0,correct,correct,1.5
263,-0.12800941632565116,-0.008647242616558956,-0.009318506147593303,GMM estimator,1.0,1.0,0.5,0.5,3411,0.0,0.0,0.0,correct,correct,1.5
264,0.1906666389481821,0.12715610123637658,0.0011116818411259452,GMM estimator,1.0,1.0,0.5,0.5,3411,0.0,0.0,0.0,correct,correct,1.5
265,-0.07057444640605101,-0.07303017639614194,0.0029428039733899974,GMM estimator,1.0,1.0,0.5,0.5,3411,0.0,0.0,0.0,correct,correct,1.5
266,-0.12181723265488144,-0.2652709717426338,-0.33066582740657385,GMM estimator,1.0,1.0,0.5,0.5,3411,0.0,0.0,0.0,correct,correct,1.5
267,0.07657554549675662,0.17726675192055144,0.09108139692820337,GMM estimator,1.0,1.0,0.5,0.5,3411,0.0,0.0,0.0,correct,correct,1.5
268,-0.3146930926893435,-0.10982019359254636,-0.044511024555126386,GMM estimator,1.0,1.0,0.5,0.5,3411,0.0,0.0,0.0,correct,correct,1.5
269,0.07814051371429467,0.0786376476768083,0.11429579004460613,GMM estimator,1.0,1.0,0.5,0.5,3411,0.0,0.0,0.0,correct,correct,1.5
270,-0.1968713157134382,-0.28825493117566653,-0.07860529579225066,GMM estimator,1.0,1.0,0.5,0.5,3411,0.0,0.0,0.0,correct,correct,1.5
271,-0.11453209379615203,-0.09578167890356912,0.04360043187106171,GMM estimator,1.0,1.0,0.5,0.5,3411,0.0,0.0,0.0,correct,correct,1.5
272,-0.14971079553190153,-0.10748833091044208,-0.05589075118586201,GMM estimator,1.0,1.0,0.5,0.5,3411,0.0,0.0,0.0,correct,correct,1.5
273,-0.1139425998611853,-0.15907768644060805,-0.07566219539188541,GMM estimator,1.0,1.0,0.5,0.5,3411,0.0,0.0,0.0,correct,correct,1.5
274,-0.14813810708055744,-0.22126351977018166,-0.14626088988035618,GMM estimator,1.0,1.0,0.5,0.5,3411,0.0,0.0,0.0,correct,correct,1.5
275,-0.028583836332416318,-0.029814046395921643,-0.0943441999317376,GMM estimator,1.0,1.0,0.5,0.5,3411,0.0,0.0,0.0,correct,correct,1.5
276,0.002726119515866376,-0.029827599459948007,-0.01680067557087824,GMM estimator,1.0,1.0,0.5,0.5,3411,0.0,0.0,0.0,correct,correct,1.5
277,0.08921847193889834,-0.012930111394040779,-0.05311492419484553,GMM estimator,1.0,1.0,0.5,0.5,3411,0.0,0.0,0.0,correct,correct,1.5
278,0.11379046617247077,0.12407184989351736,-0.04446263157410862,GMM estimator,1.0,1.0,0.5,0.5,3411,0.0,0.0,0.0,correct,correct,1.5
279,-0.003380494499846478,-0.07768512258288258,-0.03557274464479343,GMM estimator,1.0,1.0,0.5,0.5,3411,0.0,0.0,0.0,correct,correct,1.5
280,0.07583821443424957,0.13925204795420176,-0.030381171709467806,GMM estimator,1.0,1.0,0.5,0.5,3411,0.0,0.0,0.0,correct,correct,1.5
281,0.39037822423070195,0.3328128156067613,0.15777352855755344,GMM estimator,1.0,1.0,0.5,0.5,3411,0.0,0.0,0.0,correct,correct,1.5
282,0.018343099186442873,-0.09411419253542824,-0.04238229306110485,GMM estimator,1.0,1.0,0.5,0.5,3411,0.0,0.0,0.0,correct,correct,1.5
283,0.048482489344107274,0.002125583790992255,-0.08262755426724597,GMM estimator,1.0,1.0,0.5,0.5,3411,0.0,0.0,0.0,correct,correct,1.5
284,-0.011171301065747263,0.034135748791944996,0.007554157361953656,GMM estimator,1.0,1.0,0.5,0.5,3411,0.0,0.0,0.0,correct,correct,1.5
285,0.07033041751622142,-0.13268134323089742,-0.15361952414490868,GMM estimator,1.0,1.0,0.5,0.5,3411,0.0,0.0,0.0,correct,correct,1.5
286,0.227325203323748,0.08674887434886126,0.11275872986702799,GMM estimator,1.0,1.0,0.5,0.5,3411,0.0,0.0,0.0,correct,correct,1.5
287,0.13302130247501615,0.19002523493254628,0.02357690506255624,GMM estimator,1.0,1.0,0.5,0.5,3411,0.0,0.0,0.0,correct,correct,1.5
288,-0.3289437875047446,-0.15373735360185622,-0.08174044079731145,GMM estimator,1.0,1.0,0.5,0.5,3411,0.0,0.0,0.0,correct,correct,1.5
289,-0.32246614502052506,-0.03704958898743317,0.06462207538884471,GMM estimator,1.0,1.0,0.5,0.5,3411,0.0,0.0,0.0,correct,correct,1.5
290,-0.15398677305166772,-0.13509201865709572,-0.09425818802153502,GMM estimator,1.0,1.0,0.5,0.5,3411,0.0,0.0,0.0,correct,correct,1.5
291,0.09055831842622565,0.05640589013775807,0.08718482180987036,GMM estimator,1.0,1.0,0.5,0.5,3411,0.0,0.0,0.0,correct,correct,1.5
292,0.29519081945139464,0.298771619825196,0.2287259844849384,GMM estimator,1.0,1.0,0.5,0.5,3411,0.0,0.0,0.0,correct,correct,1.5
293,-0.05691476458965708,-0.11656297727913832,-0.09366380702699265,GMM estimator,1.0,1.0,0.5,0.5,3411,0.0,0.0,0.0,correct,correct,1.5
294,0.05539241615522179,-0.11086371911012993,0.03529134600503193,GMM estimator,1.0,1.0,0.5,0.5,3411,0.0,0.0,0.0,correct,correct,1.5
295,0.12246926248021976,0.08182210718156767,0.10756616469465811,GMM estimator,1.0,1.0,0.5,0.5,3411,0.0,0.0,0.0,correct,correct,1.5
296,-0.07853091693534325,0.1394206505120652,-0.03619498992050146,GMM estimator,1.0,1.0,0.5,0.5,3411,0.0,0.0,0.0,correct,correct,1.5
297,0.006389230359064145,-0.09339209540004594,-0.0752371056407829,GMM estimator,1.0,1.0,0.5,0.5,3411,0.0,0.0,0.0,correct,correct,1.5
298,0.1457121149665944,0.27020693358686465,0.21601649366855613,GMM estimator,1.0,1.0,0.5,0.5,3411,0.0,0.0,0.0,correct,correct,1.5
299,0.016186657999561337,0.08506848065169456,0.033363383629493176,GMM estimator,1.0,1.0,0.5,0.5,3411,0.0,0.0,0.0,correct,correct,1.5
300,0.1273417649557445,-0.21657972381311036,-0.0034105381584781085,GMM estimator,1.0,1.0,0.5,0.5,3411,0.0,0.0,0.0,correct,correct,1.5
1,-0.2103030690740297,-0.15910861716059174,-0.5190201875740444,Three-step,1.0,1.0,0.5,0.5,3411,0.0,0.0,0.0,correct,wrong,1.5
2,-0.1266292875336027,-0.07015655326680163,-0.5105471874108393,Three-step,1.0,1.0,0.5,0.5,3411,0.0,0.0,0.0,correct,wrong,1.5
3,-0.2626085523824158,0.03372510355394546,-0.5244065123349689,Three-step,1.0,1.0,0.5,0.5,3411,0.0,0.0,0.0,correct,wrong,1.5
4,0.2268265683844157,0.11345267180511359,-0.5307537291512213,Three-step,1.0,1.0,0.5,0.5,3411,0.0,0.0,0.0,correct,wrong,1.5
5,-0.40023469709465187,-0.1292620054156404,-0.5275849121593015,Three-step,1.0,1.0,0.5,0.5,3411,0.0,0.0,0.0,correct,wrong,1.5
6,0.22495475531132397,0.06171363293596833,-0.5213066101023405,Three-step,1.0,1.0,0.5,0.5,3411,0.0,0.0,0.0,correct,wrong,1.5
7,0.6392850905717938,0.3234447705628018,-0.50696370714618,Three-step,1.0,1.0,0.5,0.5,3411,0.0,0.0,0.0,correct,wrong,1.5
8,-0.1926577858543676,0.00997939403791769,-0.5228648194061395,Three-step,1.0,1.0,0.5,0.5,3411,0.0,0.0,0.0,correct,wrong,1.5
9,-0.21907926645047385,0.006217927289168433,-0.5120098983142252,Three-step,1.0,1.0,0.5,0.5,3411,0.0,0.0,0.0,correct,wrong,1.5
10,-0.291432818316865,-0.22708268207869967,-0.5411588089394173,Three-step,1.0,1.0,0.5,0.5,3411,0.0,0.0,0.0,correct,wrong,1.5
11,0.26274858963121145,0.1228290059498854,-0.5239125229902454,Three-step,1.0,1.0,0.5,0.5,3411,0.0,0.0,0.0,correct,wrong,1.5
12,-0.04488211284600079,-0.08607897992382008,-0.5248298213863895,Three-step,1.0,1.0,0.5,0.5,3411,0.0,0.0,0.0,correct,wrong,1.5
13,0.31018113993527596,0.09165405577176886,-0.5242112056931796,Three-step,1.0,1.0,0.5,0.5,3411,0.0,0.0,0.0,correct,wrong,1.5
14,-0.2895432186019818,-0.1354011121043776,-0.5286787265229766,Three-step,1.0,1.0,0.5,0.5,3411,0.0,0.0,0.0,correct,wrong,1.5
15,-0.2850275411529821,-0.24609802677564488,-0.535057332320384,Three-step,1.0,1.0,0.5,0.5,3411,0.0,0.0,0.0,correct,wrong,1.5
16,-0.21520949179566948,-0.3647467261510603,-0.5506863471546627,Three-step,1.0,1.0,0.5,0.5,3411,0.0,0.0,0.0,correct,wrong,1.5
17,0.3603528129482314,0.28005231866138397,-0.5095133850871963,Three-step,1.0,1.0,0.5,0.5,3411,0.0,0.0,0.0,correct,wrong,1.5
18,0.03720091981321618,0.13596565634566155,-0.5102830600429903,Three-step,1.0,1.0,0.5,0.5,3411,0.0,0.0,0.0,correct,wrong,1.5
19,-0.05416275370278436,0.20967908015122233,-0.5110026036536199,Three-step,1.0,1.0,0.5,0.5,3411,0.0,0.0,0.0,correct,wrong,1.5
20,-0.030198342610695237,0.20696504724679873,-0.5086652004654183,Three-step,1.0,1.0,0.5,0.5,3411,0.0,0.0,0.0,correct,wrong,1.5
21,0.06983618531744454,0.20228527917273,-0.5196681814947429,Three-step,1.0,1.0,0.5,0.5,3411,0.0,0.0,0.0,correct,wrong,1.5
22,0.1464521238509419,-0.03150890996052897,-0.5167046885350347,Three-step,1.0,1.0,0.5,0.5,3411,0.0,0.0,0.0,correct,wrong,1.5
23,-0.07204310238488457,-0.15651405002705862,-0.5216846223036481,Three-step,1.0,1.0,0.5,0.5,3411,0.0,0.0,0.0,correct,wrong,1.5
24,0.306950125356742,0.1874291466762323,-0.5151328893234666,Three-step,1.0,1.0,0.5,0.5,3411,0.0,0.0,0.0,correct,wrong,1.5
25,-0.07778876624629971,0.1298334685497735,-0.5139804139155196,Three-step,1.0,1.0,0.5,0.5,3411,0.0,0.0,0.0,correct,wrong,1.5
26,-0.035728520793642624,0.19175229116459538,-0.5134271886255795,Three-step,1.0,1.0,0.5,0.5,3411,0.0,0.0,0.0,correct,wrong,1.5
27,0.0668707370145294,0.18935063775342614,-0.5158081141508774,Three-step,1.0,1.0,0.5,0.5,3411,0.0,0.0,0.0,correct,wrong,1.5
28,0.01565127288687113,-0.1653039195796216,-0.5308407113033068,Three-step,1.0,1.0,0.5,0.5,3411,0.0,0.0,0.0,correct,wrong,1.5
29,0.03900416265696788,-0.08243584430703332,-0.5226131759355811,Three-step,1.0,1.0,0.5,0.5,3411,0.0,0.0,0.0,correct,wrong,1.5
30,-0.17541230893473167,0.14815449310396275,-0.5272124036814787,Three-step,1.0,1.0,0.5,0.5,3411,0.0,0.0,0.0,correct,wrong,1.5
31,0.08523662963169386,0.10325189688846315,-0.518337976950229,Three-step,1.0,1.0,0.5,0.5,3411,0.0,0.0,0.0,correct,wrong,1.5
32,-0.0880883156688287,-0.2780522416888169,-0.5294916250016958,Three-step,1.0,1.0,0.5,0.5,3411,0.0,0.0,0.0,correct,wrong,1.5
33,0.2883461310604132,0.1251800030815885,-0.5209256695966648,Three-step,1.0,1.0,0.5,0.5,3411,0.0,0.0,0.0,correct,wrong,1.5
34,0.05295614783861791,-0.08111639284322596,-0.5252325448441868,Three-step,1.0,1.0,0.5,0.5,3411,0.0,0.0,0.0,correct,wrong,1.5
35,-0.021939485412480867,0.021660330690067627,-0.5199710604612899,Three-step,1.0,1.0,0.5,0.5,3411,0.0,0.0,0.0,correct,wrong,1.5
36,0.11521647584803235,0.16969472597186147,-0.5193643456447005,Three-step,1.0,1.0,0.5,0.5,3411,0.0,0.0,0.0,correct,wrong,1.5
37,-0.13800320371093755,-0.18907687610324891,-0.5412267156891575,Three-step,1.0,1.0,0.5,0.5,3411,0.0,0.0,0.0,correct,wrong,1.5
38,-0.16387821316990686,-0.058471632814253736,-0.5265199354869885,Three-step,1.0,1.0,0.5,0.5,3411,0.0,0.0,0.0,correct,wrong,1.5
39,-0.09027603380807332,-0.09599763397599362,-0.5318752345190868,Three-step,1.0,1.0,0.5,0.5,3411,0.0,0.0,0.0,correct,wrong,1.5
40,0.12395349894046263,0.13393137099201702,-0.5227010411500278,Three-step,1.0,1.0,0.5,0.5,3411,0.0,0.0,0.0,correct,wrong,1.5
41,-0.03152268048130555,0.0635596064486467,-0.514179454837061,Three-step,1.0,1.0,0.5,0.5,3411,0.0,0.0,0.0,correct,wrong,1.5
42,0.39043730143980837,0.14804855579040233,-0.5178319911656617,Three-step,1.0,1.0,0.5,0.5,3411,0.0,0.0,0.0,correct,wrong,1.5
43,-0.23502762166424784,0.06302057616037847,-0.5218012196521156,Three-step,1.0,1.0,0.5,0.5,3411,0.0,0.0,0.0,correct,wrong,1.5
44,0.6088986454717794,-0.013600896285750265,-0.5162616827490305,Three-step,1.0,1.0,0.5,0.5,3411,0.0,0.0,0.0,correct,wrong,1.5
45,0.00021423658237147277,-0.1490127761352645,-0.529200928699591,Three-step,1.0,1.0,0.5,0.5,3411,0.0,0.0,0.0,correct,wrong,1.5
46,0.031837238021639166,0.0175763299929399,-0.5196313834263733,Three-step,1.0,1.0,0.5,0.5,3411,0.0,0.0,0.0,correct,wrong,1.5
47,0.0407915101993296,0.11359245870682905,-0.5156098084734,Three-step,1.0,1.0,0.5,0.5,3411,0.0,0.0,0.0,correct,wrong,1.5
48,0.25342978746970113,0.012308540528630103,-0.5296906962549548,Three-step,1.0,1.0,0.5,0.5,3411,0.0,0.0,0.0,correct,wrong,1.5
49,-0.2700049350782147,0.07870613573569843,-0.5057842022864042,Three-step,1.0,1.0,0.5,0.5,3411,0.0,0.0,0.0,correct,wrong,1.5
50,-0.27991672129397477,0.12185904720873307,-0.5311680806308842,Three-step,1.0,1.0,0.5,0.5,3411,0.0,0.0,0.0,correct,wrong,1.5
51,0.1374772113064053,0.046334000486718555,-0.5333361912346662,Three-step,1.0,1.0,0.5,0.5,3411,0.0,0.0,0.0,correct,wrong,1.5
52,0.022886847096925008,0.030762674222307308,-0.5196683965287698,Three-step,1.0,1.0,0.5,0.5,3411,0.0,0.0,0.0,correct,wrong,1.5
53,0.18999096445090774,0.00508842534346402,-0.5125190078319979,Three-step,1.0,1.0,0.5,0.5,3411,0.0,0.0,0.0,correct,wrong,1.5
54,0.005284615875272372,-0.11020123983466402,-0.5182238845207023,Three-step,1.0,1.0,0.5,0.5,3411,0.0,0.0,0.0,correct,wrong,1.5
55,-0.18930231632610114,0.007643054918564586,-0.5211829503725881,Three-step,1.0,1.0,0.5,0.5,3411,0.0,0.0,0.0,correct,wrong,1.5
56,-0.32705379049187494,-0.022160863521491443,-0.5349326283631092,Three-step,1.0,1.0,0.5,0.5,3411,0.0,0.0,0.0,correct,wrong,1.5
57,-0.32372142822066496,-0.220218223754009,-0.5294875808666409,Three-step,1.0,1.0,0.5,0.5,3411,0.0,0.0,0.0,correct,wrong,1.5
58,-0.183175404726118,-0.19833408527945626,-0.5431926083781018,Three-step,1.0,1.0,0.5,0.5,3411,0.0,0.0,0.0,correct,wrong,1.5
59,0.5852647825926975,0.33150399910078315,-0.5118223126988256,Three-step,1.0,1.0,0.5,0.5,3411,0.0,0.0,0.0,correct,wrong,1.5
60,-0.11217014987999996,0.028897627137223113,-0.5191626391972628,Three-step,1.0,1.0,0.5,0.5,3411,0.0,0.0,0.0,correct,wrong,1.5
61,0.02307456279688081,0.06240734902954253,-0.5178332243413661,Three-step,1.0,1.0,0.5,0.5,3411,0.0,0.0,0.0,correct,wrong,1.5
62,0.06002364515258424,0.09592676994711212,-0.5111708037953626,Three-step,1.0,1.0,0.5,0.5,3411,0.0,0.0,0.0,correct,wrong,1.5
63,-0.2591299798799311,0.016378490155844375,-0.526238904098016,Three-step,1.0,1.0,0.5,0.5,3411,0.0,0.0,0.0,correct,wrong,1.5
64,0.032266791312415305,0.016791657749059656,-0.5214809770981428,Three-step,1.0,1.0,0.5,0.5,3411,0.0,0.0,0.0,correct,wrong,1.5
65,-0.3497607056600576,-0.07611260741537804,-0.5123028428960735,Three-step,1.0,1.0,0.5,0.5,3411,0.0,0.0,0.0,correct,wrong,1.5
66,0.061953775835175105,0.1512079427370744,-0.5198830646010991,Three-step,1.0,1.0,0.5,0.5,3411,0.0,0.0,0.0,correct,wrong,1.5
67,0.19661492134358957,0.047852576718006336,-0.51577606301867,Three-step,1.0,1.0,0.5,0.5,3411,0.0,0.0,0.0,correct,wrong,1.5
68,-0.02259581400718074,0.07912859718342223,-0.5145698424062609,Three-step,1.0,1.0,0.5,0.5,3411,0.0,0.0,0.0,correct,wrong,1.5
69,-0.2530508476786324,-0.09586493605014193,-0.5271540674484491,Three-step,1.0,1.0,0.5,0.5,3411,0.0,0.0,0.0,correct,wrong,1.5
70,-0.05592009852686942,-0.16315788526722702,-0.535057146851153,Three-step,1.0,1.0,0.5,0.5,3411,0.0,0.0,0.0,correct,wrong,1.5
71,-0.23418258171647927,0.02426793562828379,-0.5084555396721036,Three-step,1.0,1.0,0.5,0.5,3411,0.0,0.0,0.0,correct,wrong,1.5
72,-0.05375746814228212,0.03139879475312503,-0.5350112872277196,Three-step,1.0,1.0,0.5,0.5,3411,0.0,0.0,0.0,correct,wrong,1.5
73,-0.06389369152912851,0.005363862614609847,-0.5183683973027458,Three-step,1.0,1.0,0.5,0.5,3411,0.0,0.0,0.0,correct,wrong,1.5
74,-0.3790295727444525,-0.2943222177138843,-0.5460619913955485,Three-step,1.0,1.0,0.5,0.5,3411,0.0,0.0,0.0,correct,wrong,1.5
75,-0.010505311281624683,-0.026702844678305377,-0.5176187689775897,Three-step,1.0,1.0,0.5,0.5,3411,0.0,0.0,0.0,correct,wrong,1.5
76,0.055635032288275044,-0.06370710111780967,-0.5274666071123443,Three-step,1.0,1.0,0.5,0.5,3411,0.0,0.0,0.0,correct,wrong,1.5
77,-0.22949635470305166,-0.23073211098832308,-0.5426052920371329,Three-step,1.0,1.0,0.5,0.5,3411,0.0,0.0,0.0,correct,wrong,1.5
78,-0.5190289259972231,-0.1826946392784531,-0.5434954476380587,Three-step,1.0,1.0,0.5,0.5,3411,0.0,0.0,0.0,correct,wrong,1.5
79,0.08201176227819663,0.02929456826139547,-0.5205456735740086,Three-step,1.0,1.0,0.5,0.5,3411,0.0,0.0,0.0,correct,wrong,1.5
80,0.09428952100106792,-0.0873588259335622,-0.5304925344621843,Three-step,1.0,1.0,0.5,0.5,3411,0.0,0.0,0.0,correct,wrong,1.5
81,-0.33769871132506457,-0.09160911735999028,-0.5366749363188368,Three-step,1.0,1.0,0.5,0.5,3411,0.0,0.0,0.0,correct,wrong,1.5
82,0.19724283707156723,0.16174063357906002,-0.5134865653641416,Three-step,1.0,1.0,0.5,0.5,3411,0.0,0.0,0.0,correct,wrong,1.5
83,-0.05457402037339423,-0.1488784871171208,-0.5401776919189477,Three-step,1.0,1.0,0.5,0.5,3411,0.0,0.0,0.0,correct,wrong,1.5
84,-0.27334605136628204,-0.17068608352844528,-0.5399607677430445,Three-step,1.0,1.0,0.5,0.5,3411,0.0,0.0,0.0,correct,wrong,1.5
85,-0.3289716202295111,-0.2460807598943114,-0.5462372499386964,Three-step,1.0,1.0,0.5,0.5,3411,0.0,0.0,0.0,correct,wrong,1.5
86,-0.20452266733474256,-0.026047722354596264,-0.5233926483568291,Three-step,1.0,1.0,0.5,0.5,3411,0.0,0.0,0.0,correct,wrong,1.5
87,-0.02004002091569476,-0.15982969250273873,-0.5408807855523251,Three-step,1.0,1.0,0.5,0.5,3411,0.0,0.0,0.0,correct,wrong,1.5
88,0.22355443551252066,0.13084854126890474,-0.521200072556581,Three-step,1.0,1.0,0.5,0.5,3411,0.0,0.0,0.0,correct,wrong,1.5
89,0.05853605500195419,0.12490656319935964,-0.5236962058244004,Three-step,1.0,1.0,0.5,0.5,3411,0.0,0.0,0.0,correct,wrong,1.5
90,0.0001985422847606234,-0.01663336592924288,-0.527738737033978,Three-step,1.0,1.0,0.5,0.5,3411,0.0,0.0,0.0,correct,wrong,1.5
91,0.01853523981197183,-0.013740927753580882,-0.5214992968857801,Three-step,1.0,1.0,0.5,0.5,3411,0.0,0.0,0.0,correct,wrong,1.5
92,-0.6334740104188475,-0.2565075733458075,-0.5410803162685243,Three-step,1.0,1.0,0.5,0.5,3411,0.0,0.0,0.0,correct,wrong,1.5
93,0.025559371457012613,0.08435339799157675,-0.5189187708484814,Three-step,1.0,1.0,0.5,0.5,3411,0.0,0.0,0.0,correct,wrong,1.5
94,-0.041193018870125206,-0.06172277826676394,-0.5236547796919186,Three-step,1.0,1.0,0.5,0.5,3411,0.0,0.0,0.0,correct,wrong,1.5
95,-0.12123944380683503,0.024124087273193203,-0.5203373668817102,Three-step,1.0,1.0,0.5,0.5,3411,0.0,0.0,0.0,correct,wrong,1.5
96,-0.06433951619592643,-0.23179723331107446,-0.5354726328443113,Three-step,1.0,1.0,0.5,0.5,3411,0.0,0.0,0.0,correct,wrong,1.5
97,-0.24780208756679048,-0.00243463873844162,-0.5240815989942522,Three-step,1.0,1.0,0.5,0.5,3411,0.0,0.0,0.0,correct,wrong,1.5
98,0.11128997903102213,0.09296612859571084,-0.5131393107115538,Three-step,1.0,1.0,0.5,0.5,3411,0.0,0.0,0.0,correct,wrong,1.5
99,-0.2559052413483279,0.01792809463826531,-0.5242323478762231,Three-step,1.0,1.0,0.5,0.5,3411,0.0,0.0,0.0,correct,wrong,1.5
100,-0.16479796104448188,-0.03032450308149861,-0.5411190586726489,Three-step,1.0,1.0,0.5,0.5,3411,0.0,0.0,0.0,correct,wrong,1.5
101,0.03445635364750301,-0.10833085099176398,-0.5165675981388288,Three-step,1.0,1.0,0.5,0.5,3411,0.0,0.0,0.0,correct,wrong,1.5
102,0.18549844911642702,-0.08528429249841228,-0.5400678375808932,Three-step,1.0,1.0,0.5,0.5,3411,0.0,0.0,0.0,correct,wrong,1.5
103,0.027250718969682484,0.04022633876136009,-0.5139359213297132,Three-step,1.0,1.0,0.5,0.5,3411,0.0,0.0,0.0,correct,wrong,1.5
104,-0.5958846112078579,-0.09147054364541363,-0.5167077289113003,Three-step,1.0,1.0,0.5,0.5,3411,0.0,0.0,0.0,correct,wrong,1.5
105,-0.15108374081950085,-0.16630540778178998,-0.536410077212024,Three-step,1.0,1.0,0.5,0.5,3411,0.0,0.0,0.0,correct,wrong,1.5
106,-0.32077334570770083,-0.33255605519619524,-0.5432249547437977,Three-step,1.0,1.0,0.5,0.5,3411,0.0,0.0,0.0,correct,wrong,1.5
107,-0.5553034449247845,-0.2345574838582369,-0.5243500938111648,Three-step,1.0,1.0,0.5,0.5,3411,0.0,0.0,0.0,correct,wrong,1.5
108,-0.11214329163961977,0.16227031677289444,-0.5256509587130672,Three-step,1.0,1.0,0.5,0.5,3411,0.0,0.0,0.0,correct,wrong,1.5
109,0.026724699281771222,0.03937164827803555,-0.5237973754778171,Three-step,1.0,1.0,0.5,0.5,3411,0.0,0.0,0.0,correct,wrong,1.5
110,0.2973372693746089,0.14517164357190215,-0.5118896136693624,Three-step,1.0,1.0,0.5,0.5,3411,0.0,0.0,0.0,correct,wrong,1.5
111,0.16426207641893462,0.09641025382024693,-0.5212090149124617,Three-step,1.0,1.0,0.5,0.5,3411,0.0,0.0,0.0,correct,wrong,1.5
112,-0.14056116043194275,0.035273000536293134,-0.5249252836996026,Three-step,1.0,1.0,0.5,0.5,3411,0.0,0.0,0.0,correct,wrong,1.5
113,-0.41801562364203276,0.0474865368254848,-0.5224558155624323,Three-step,1.0,1.0,0.5,0.5,3411,0.0,0.0,0.0,correct,wrong,1.5
114,0.27993909777494363,0.0979491236808067,-0.525297387984605,Three-step,1.0,1.0,0.5,0.5,3411,0.0,0.0,0.0,correct,wrong,1.5
115,0.17697123909190063,0.012600596321621388,-0.5179545243601881,Three-step,1.0,1.0,0.5,0.5,3411,0.0,0.0,0.0,correct,wrong,1.5
116,-0.027908858990288773,0.016485458971288603,-0.5222730410655967,Three-step,1.0,1.0,0.5,0.5,3411,0.0,0.0,0.0,correct,wrong,1.5
117,-0.3969241603686151,-0.28499029933931824,-0.5461810970852137,Three-step,1.0,1.0,0.5,0.5,3411,0.0,0.0,0.0,correct,wrong,1.5
118,-0.20009774005674796,-0.006598294899300116,-0.5238779078851672,Three-step,1.0,1.0,0.5,0.5,3411,0.0,0.0,0.0,correct,wrong,1.5
119,0.0048380378940337115,-0.03927963146624907,-0.5281762623590902,Three-step,1.0,1.0,0.5,0.5,3411,0.0,0.0,0.0,correct,wrong,1.5
120,-0.13138020693345973,-0.015772830346843302,-0.5245371827004905,Three-step,1.0,1.0,0.5,0.5,3411,0.0,0.0,0.0,correct,wrong,1.5
121,0.03281263557953334,0.013211641453932405,-0.5217334672603801,Three-step,1.0,1.0,0.5,0.5,3411,0.0,0.0,0.0,correct,wrong,1.5
122,0.4816600218483124,0.1494334756111751,-0.5130102386577449,Three-step,1.0,1.0,0.5,0.5,3411,0.0,0.0,0.0,correct,wrong,1.5
123,0.23476422710115577,0.01944735954595033,-0.5124701577768468,Three-step,1.0,1.0,0.5,0.5,3411,0.0,0.0,0.0,correct,wrong,1.5
124,-0.06656257091830227,-0.11877118700343649,-0.5289719927593047,Three-step,1.0,1.0,0.5,0.5,3411,0.0,0.0,0.0,correct,wrong,1.5
125,-0.09459300514743187,0.0029277114986305756,-0.518262161737037,Three-step,1.0,1.0,0.5,0.5,3411,0.0,0.0,0.0,correct,wrong,1.5
126,-0.07664445813104094,0.0008829680659925621,-0.5201772837492675,Three-step,1.0,1.0,0.5,0.5,3411,0.0,0.0,0.0,correct,wrong,1.5
127,0.01715144489615156,-0.04134961453220306,-0.5195741285932451,Three-step,1.0,1.0,0.5,0.5,3411,0.0,0.0,0.0,correct,wrong,1.5
128,0.3699244965066785,0.15828950231046698,-0.5142418410561379,Three-step,1.0,1.0,0.5,0.5,3411,0.0,0.0,0.0,correct,wrong,1.5
129,0.05722988683674931,-0.06638797984548322,-0.5226656884598206,Three-step,1.0,1.0,0.5,0.5,3411,0.0,0.0,0.0,correct,wrong,1.5
130,-0.14800551005539658,-0.12379369573167583,-0.5276227626621282,Three-step,1.0,1.0,0.5,0.5,3411,0.0,0.0,0.0,correct,wrong,1.5
131,-0.08510690496919805,-0.00020641145059324643,-0.5281153796716758,Three-step,1.0,1.0,0.5,0.5,3411,0.0,0.0,0.0,correct,wrong,1.5
132,-0.43332699922998,-0.155766718652779,-0.5243072469241218,Three-step,1.0,1.0,0.5,0.5,3411,0.0,0.0,0.0,correct,wrong,1.5
133,-0.09708786463674822,-0.03894997453089455,-0.5163559317501023,Three-step,1.0,1.0,0.5,0.5,3411,0.0,0.0,0.0,correct,wrong,1.5
134,0.06793553949034074,-0.07398535758021571,-0.5230407646137349,Three-step,1.0,1.0,0.5,0.5,3411,0.0,0.0,0.0,correct,wrong,1.5
135,0.06310218183555025,-0.1274411830855645,-0.5334603755809807,Three-step,1.0,1.0,0.5,0.5,3411,0.0,0.0,0.0,correct,wrong,1.5
136,-0.27147787942395396,-0.06695670462815546,-0.5279087002061025,Three-step,1.0,1.0,0.5,0.5,3411,0.0,0.0,0.0,correct,wrong,1.5
137,-0.09644570373586013,-0.01749975583763239,-0.5320817982009293,Three-step,1.0,1.0,0.5,0.5,3411,0.0,0.0,0.0,correct,wrong,1.5
138,0.4268914946887117,0.06950931548734966,-0.5271096278697334,Three-step,1.0,1.0,0.5,0.5,3411,0.0,0.0,0.0,correct,wrong,1.5
139,-0.1261281883899381,-0.13088478891614075,-0.5363175692827625,Three-step,1.0,1.0,0.5,0.5,3411,0.0,0.0,0.0,correct,wrong,1.5
140,0.2352065349490961,0.1863680954682688,-0.5155055570260588,Three-step,1.0,1.0,0.5,0.5,3411,0.0,0.0,0.0,correct,wrong,1.5
141,0.008104598751814192,0.17006392550844596,-0.5086957897573494,Three-step,1.0,1.0,0.5,0.5,3411,0.0,0.0,0.0,correct,wrong,1.5
142,0.1361024505601005,-0.08104575011299177,-0.5252293678949476,Three-step,1.0,1.0,0.5,0.5,3411,0.0,0.0,0.0,correct,wrong,1.5
143,0.1141732442364646,0.18298561009051714,-0.5073289164288715,Three-step,1.0,1.0,0.5,0.5,3411,0.0,0.0,0.0,correct,wrong,1.5
144,0.24047907570362062,0.07270418127941508,-0.5228035867823014,Three-step,1.0,1.0,0.5,0.5,3411,0.0,0.0,0.0,correct,wrong,1.5
145,0.2731779713406492,0.19611582217461473,-0.4992539885664685,Three-step,1.0,1.0,0.5,0.5,3411,0.0,0.0,0.0,correct,wrong,1.5
146,-0.11973969664572377,-0.0029448919596294005,-0.5274041958057196,Three-step,1.0,1.0,0.5,0.5,3411,0.0,0.0,0.0,correct,wrong,1.5
147,-0.10793688707065967,-0.04189614545447131,-0.5237932957069069,Three-step,1.0,1.0,0.5,0.5,3411,0.0,0.0,0.0,correct,wrong,1.5
148,0.15230359821107775,0.016054973512881078,-0.5241057464041797,Three-step,1.0,1.0,0.5,0.5,3411,0.0,0.0,0.0,correct,wrong,1.5
149,-0.17821038654956511,-0.043780014685633355,-0.5246641497658953,Three-step,1.0,1.0,0.5,0.5,3411,0.0,0.0,0.0,correct,wrong,1.5
150,0.242993776698346,0.35316821525640574,-0.5095924439589241,Three-step,1.0,1.0,0.5,0.5,3411,0.0,0.0,0.0,correct,wrong,1.5
151,0.15661383925098807,-0.055915934359935894,-0.5295959971760605,Three-step,1.0,1.0,0.5,0.5,3411,0.0,0.0,0.0,correct,wrong,1.5
152,0.10392710062053898,0.10156255021144654,-0.5190172215399325,Three-step,1.0,1.0,0.5,0.5,3411,0.0,0.0,0.0,correct,wrong,1.5
153,0.13771525680533636,-0.05147287816378205,-0.5241235320931396,Three-step,1.0,1.0,0.5,0.5,3411,0.0,0.0,0.0,correct,wrong,1.5
154,0.019740993457401025,0.25885388448851826,-0.5126748243925071,Three-step,1.0,1.0,0.5,0.5,3411,0.0,0.0,0.0,correct,wrong,1.5
155,0.029920982631954602,-0.05680034868790438,-0.5344373550121092,Three-step,1.0,1.0,0.5,0.5,3411,0.0,0.0,0.0,correct,wrong,1.5
156,0.35519494255313677,-0.04030596156530169,-0.5095306749743151,Three-step,1.0,1.0,0.5,0.5,3411,0.0,0.0,0.0,correct,wrong,1.5
157,0.02991652928693048,-0.09697270302744081,-0.5224213140135749,Three-step,1.0,1.0,0.5,0.5,3411,0.0,0.0,0.0,correct,wrong,1.5
158,0.2944016045512965,0.021427447648086604,-0.5240367541328693,Three-step,1.0,1.0,0.5,0.5,3411,0.0,0.0,0.0,correct,wrong,1.5
159,-0.02206899726801124,0.14482497565149266,-0.5151772255507187,Three-step,1.0,1.0,0.5,0.5,3411,0.0,0.0,0.0,correct,wrong,1.5
160,0.1446834451966157,-0.03273780945675731,-0.5267202702532355,Three-step,1.0,1.0,0.5,0.5,3411,0.0,0.0,0.0,correct,wrong,1.5
161,0.06679809383257561,0.08426229186653632,-0.5164989828969578,Three-step,1.0,1.0,0.5,0.5,3411,0.0,0.0,0.0,correct,wrong,1.5
162,0.24684143665941666,0.14846795296575,-0.5176962317089092,Three-step,1.0,1.0,0.5,0.5,3411,0.0,0.0,0.0,correct,wrong,1.5
163,0.04875861487681356,0.05853730707061123,-0.5276744007049884,Three-step,1.0,1.0,0.5,0.5,3411,0.0,0.0,0.0,correct,wrong,1.5
164,-0.5068665628198965,-0.31732737924965304,-0.542004105972791,Three-step,1.0,1.0,0.5,0.5,3411,0.0,0.0,0.0,correct,wrong,1.5
165,-0.06694475134200581,-0.1863371402896685,-0.5300646070798504,Three-step,1.0,1.0,0.5,0.5,3411,0.0,0.0,0.0,correct,wrong,1.5
166,0.20549057766639076,-0.011317816925021332,-0.5188038856843187,Three-step,1.0,1.0,0.5,0.5,3411,0.0,0.0,0.0,correct,wrong,1.5
167,-0.2330408648152583,-0.11793874583606194,-0.5312991056229641,Three-step,1.0,1.0,0.5,0.5,3411,0.0,0.0,0.0,correct,wrong,1.5
168,0.20131121733930543,0.014220730377315338,-0.5211630641790155,Three-step,1.0,1.0,0.5,0.5,3411,0.0,0.0,0.0,correct,wrong,1.5
169,-0.18381322623276206,0.11581440028383114,-0.5264461271319016,Three-step,1.0,1.0,0.5,0.5,3411,0.0,0.0,0.0,correct,wrong,1.5
170,-0.032129672806486397,0.03179781534116756,-0.5276028627702881,Three-step,1.0,1.0,0.5,0.5,3411,0.0,0.0,0.0,correct,wrong,1.5
171,-0.24165654698032127,-0.13895009033035144,-0.5335326084049266,Three-step,1.0,1.0,0.5,0.5,3411,0.0,0.0,0.0,correct,wrong,1.5
172,-0.19653465480349563,-0.0904470045934602,-0.5339344681829336,Three-step,1.0,1.0,0.5,0.5,3411,0.0,0.0,0.0,correct,wrong,1.5
173,-0.043839248731359325,-0.17583488421488075,-0.5284381827459507,Three-step,1.0,1.0,0.5,0.5,3411,0.0,0.0,0.0,correct,wrong,1.5
174,0.029977221140596446,-0.03124148135307072,-0.5209079807806841,Three-step,1.0,1.0,0.5,0.5,3411,0.0,0.0,0.0,correct,wrong,1.5
175,0.38141748614304083,-0.14454628592882554,-0.5283631099596722,Three-step,1.0,1.0,0.5,0.5,3411,0.0,0.0,0.0,correct,wrong,1.5
176,-0.36503907790410317,-0.050676323753295276,-0.5194033876832432,Three-step,1.0,1.0,0.5,0.5,3411,0.0,0.0,0.0,correct,wrong,1.5
177,0.16226510077896053,0.21832094675804997,-0.5252774189048875,Three-step,1.0,1.0,0.5,0.5,3411,0.0,0.0,0.0,correct,wrong,1.5
178,-0.03330071621388024,-0.04597606690258667,-0.5209169368031324,Three-step,1.0,1.0,0.5,0.5,3411,0.0,0.0,0.0,correct,wrong,1.5
179,-0.22764951351300663,0.10754486868575742,-0.519323473130854,Three-step,1.0,1.0,0.5,0.5,3411,0.0,0.0,0.0,correct,wrong,1.5
180,0.2741042206725996,0.18317111302789715,-0.5260115622484699,Three-step,1.0,1.0,0.5,0.5,3411,0.0,0.0,0.0,correct,wrong,1.5
181,0.06134858797729144,0.062218127983304665,-0.5243461655081445,Three-step,1.0,1.0,0.5,0.5,3411,0.0,0.0,0.0,correct,wrong,1.5
182,0.18907179826851914,0.2054045668994049,-0.4999724924312117,Three-step,1.0,1.0,0.5,0.5,3411,0.0,0.0,0.0,correct,wrong,1.5
183,0.2538395165966418,0.00608084895051783,-0.5141414649817178,Three-step,1.0,1.0,0.5,0.5,3411,0.0,0.0,0.0,correct,wrong,1.5
184,0.1170599629900527,0.06944685535507576,-0.5169030939162104,Three-step,1.0,1.0,0.5,0.5,3411,0.0,0.0,0.0,correct,wrong,1.5
185,0.03636943722957821,-0.03189014667723042,-0.5246673168416488,Three-step,1.0,1.0,0.5,0.5,3411,0.0,0.0,0.0,correct,wrong,1.5
186,0.1722457813440307,-0.0272867095730772,-0.5240576199102805,Three-step,1.0,1.0,0.5,0.5,3411,0.0,0.0,0.0,correct,wrong,1.5
187,0.08451602321061102,0.08524844598356529,-0.5116155072541972,Three-step,1.0,1.0,0.5,0.5,3411,0.0,0.0,0.0,correct,wrong,1.5
188,-0.009438697579146888,-0.06361808378950559,-0.530329846360678,Three-step,1.0,1.0,0.5,0.5,3411,0.0,0.0,0.0,correct,wrong,1.5
189,0.2572384702835467,0.19383302833297597,-0.5076438585917631,Three-step,1.0,1.0,0.5,0.5,3411,0.0,0.0,0.0,correct,wrong,1.5
190,0.07101499988785878,0.12345047531174079,-0.5067485905193808,Three-step,1.0,1.0,0.5,0.5,3411,0.0,0.0,0.0,correct,wrong,1.5
191,-0.2720963111705322,0.03206438833143716,-0.5148786315404571,Three-step,1.0,1.0,0.5,0.5,3411,0.0,0.0,0.0,correct,wrong,1.5
192,-0.16086778386913977,-0.001625735033896082,-0.5267056617265149,Three-step,1.0,1.0,0.5,0.5,3411,0.0,0.0,0.0,correct,wrong,1.5
193,-0.37602821622720534,-0.24263520084566823,-0.5356612834278281,Three-step,1.0,1.0,0.5,0.5,3411,0.0,0.0,0.0,correct,wrong,1.5
194,0.3529585368950885,0.18787692239474854,-0.5105724159583999,Three-step,1.0,1.0,0.5,0.5,3411,0.0,0.0,0.0,correct,wrong,1.5
195,-0.4646707073016615,-0.054996386606891316,-0.5345932520043911,Three-step,1.0,1.0,0.5,0.5,3411,0.0,0.0,0.0,correct,wrong,1.5
196,-0.0911623999367802,-0.17923878537054075,-0.533356895214022,Three-step,1.0,1.0,0.5,0.5,3411,0.0,0.0,0.0,correct,wrong,1.5
197,0.03148413074827708,0.0062900110377228004,-0.5246566313645767,Three-step,1.0,1.0,0.5,0.5,3411,0.0,0.0,0.0,correct,wrong,1.5
198,0.07735112893908991,-0.04334228785666384,-0.5267788271303991,Three-step,1.0,1.0,0.5,0.5,3411,0.0,0.0,0.0,correct,wrong,1.5
199,0.279983790798052,0.1112936867114534,-0.5254113903152574,Three-step,1.0,1.0,0.5,0.5,3411,0.0,0.0,0.0,correct,wrong,1.5
200,-0.028781285608721383,0.017183895082760286,-0.5160299692166023,Three-step,1.0,1.0,0.5,0.5,3411,0.0,0.0,0.0,correct,wrong,1.5
201,0.10002794641459284,-0.03450387614764156,-0.522094317434845,Three-step,1.0,1.0,0.5,0.5,3411,0.0,0.0,0.0,correct,wrong,1.5
202,-0.0294847181329918,0.14577962907459374,-0.5199404737656962,Three-step,1.0,1.0,0.5,0.5,3411,0.0,0.0,0.0,correct,wrong,1.5
203,0.20836127268364568,0.10141790844991566,-0.5161944693327831,Three-step,1.0,1.0,0.5,0.5,3411,0.0,0.0,0.0,correct,wrong,1.5
204,0.13469730415668155,-0.03595191022164131,-0.5200195780549648,Three-step,1.0,1.0,0.5,0.5,3411,0.0,0.0,0.0,correct,wrong,1.5
205,0.012008598823905666,-0.06971825314753936,-0.5232176893549132,Three-step,1.0,1.0,0.5,0.5,3411,0.0,0.0,0.0,correct,wrong,1.5
206,0.13049101444708802,0.06966201126233464,-0.5227615170530839,Three-step,1.0,1.0,0.5,0.5,3411,0.0,0.0,0.0,correct,wrong,1.5
207,0.30311350138392845,0.20368782406993208,-0.5060447703729013,Three-step,1.0,1.0,0.5,0.5,3411,0.0,0.0,0.0,correct,wrong,1.5
208,-0.357210197856208,-0.251336848403293,-0.5254783580636085,Three-step,1.0,1.0,0.5,0.5,3411,0.0,0.0,0.0,correct,wrong,1.5
209,-0.09297422346548591,0.06961819436814043,-0.5230292774663449,Three-step,1.0,1.0,0.5,0.5,3411,0.0,0.0,0.0,correct,wrong,1.5
210,0.1677984891003359,0.09868077217092075,-0.5178970170922593,Three-step,1.0,1.0,0.5,0.5,3411,0.0,0.0,0.0,correct,wrong,1.5
211,0.27816321937737953,0.18974354828793963,-0.5151928999255427,Three-step,1.0,1.0,0.5,0.5,3411,0.0,0.0,0.0,correct,wrong,1.5
212,0.30627955563807424,0.14343525577971855,-0.5205961325152222,Three-step,1.0,1.0,0.5,0.5,3411,0.0,0.0,0.0,correct,wrong,1.5
213,0.022997574916272634,-0.08668641718935953,-0.5171596991567452,Three-step,1.0,1.0,0.5,0.5,3411,0.0,0.0,0.0,correct,wrong,1.5
214,-0.24349455696796243,-0.051059052475368634,-0.5267860260207718,Three-step,1.0,1.0,0.5,0.5,3411,0.0,0.0,0.0,correct,wrong,1.5
215,-0.05101860247382459,-0.0197574021965843,-0.5138841802995461,Three-step,1.0,1.0,0.5,0.5,3411,0.0,0.0,0.0,correct,wrong,1.5
216,0.38911248764032785,0.1637817316978313,-0.5123131846176299,Three-step,1.0,1.0,0.5,0.5,3411,0.0,0.0,0.0,correct,wrong,1.5
217,0.47560201975892047,0.10542301506475707,-0.530581762034181,Three-step,1.0,1.0,0.5,0.5,3411,0.0,0.0,0.0,correct,wrong,1.5
218,-0.14225164579240868,-0.05381041757770856,-0.5245481679293157,Three-step,1.0,1.0,0.5,0.5,3411,0.0,0.0,0.0,correct,wrong,1.5
219,0.09268421293004882,0.07633779844419457,-0.5103684822542519,Three-step,1.0,1.0,0.5,0.5,3411,0.0,0.0,0.0,correct,wrong,1.5
220,0.17917510099542816,0.13097127476457354,-0.5260871888409571,Three-step,1.0,1.0,0.5,0.5,3411,0.0,0.0,0.0,correct,wrong,1.5
221,0.044790545945564045,0.07265201461352777,-0.5220511012696509,Three-step,1.0,1.0,0.5,0.5,3411,0.0,0.0,0.0,correct,wrong,1.5
222,-0.020620451221353017,0.07973265101646665,-0.513286473813216,Three-step,1.0,1.0,0.5,0.5,3411,0.0,0.0,0.0,correct,wrong,1.5
223,0.07653566835544602,0.15902656584109418,-0.5019011361382999,Three-step,1.0,1.0,0.5,0.5,3411,0.0,0.0,0.0,correct,wrong,1.5
224,-0.15300912019226592,-0.11399742208875199,-0.5374759956602665,Three-step,1.0,1.0,0.5,0.5,3411,0.0,0.0,0.0,correct,wrong,1.5
225,-0.20149300974509643,0.01663235290393646,-0.522407226307847,Three-step,1.0,1.0,0.5,0.5,3411,0.0,0.0,0.0,correct,wrong,1.5
226,0.3175530857241699,0.16815996030676655,-0.5098702307430458,Three-step,1.0,1.0,0.5,0.5,3411,0.0,0.0,0.0,correct,wrong,1.5
227,0.3415327896245989,0.03822023989820852,-0.5108159773406095,Three-step,1.0,1.0,0.5,0.5,3411,0.0,0.0,0.0,correct,wrong,1.5
228,0.2800309809575423,0.12665292925636062,-0.5094966233395815,Three-step,1.0,1.0,0.5,0.5,3411,0.0,0.0,0.0,correct,wrong,1.5
229,-0.02413455659115586,-0.10899737787051074,-0.5276588966823003,Three-step,1.0,1.0,0.5,0.5,3411,0.0,0.0,0.0,correct,wrong,1.5
230,-0.17370995914551235,-0.16767194709461092,-0.5399011997818327,Three-step,1.0,1.0,0.5,0.5,3411,0.0,0.0,0.0,correct,wrong,1.5
231,0.2624010978910254,0.01216565363474623,-0.5189483638094389,Three-step,1.0,1.0,0.5,0.5,3411,0.0,0.0,0.0,correct,wrong,1.5
232,-0.21814279299163247,-0.0449329982663713,-0.5391193386643719,Three-step,1.0,1.0,0.5,0.5,3411,0.0,0.0,0.0,correct,wrong,1.5
233,-0.3426697564931079,0.11370351374039905,-0.5185980602557535,Three-step,1.0,1.0,0.5,0.5,3411,0.0,0.0,0.0,correct,wrong,1.5
234,-0.03999813309548828,-0.24996753038758754,-0.5325772504521775,Three-step,1.0,1.0,0.5,0.5,3411,0.0,0.0,0.0,correct,wrong,1.5
235,-0.225201436538915,-0.0525099178574408,-0.5172599267454068,Three-step,1.0,1.0,0.5,0.5,3411,0.0,0.0,0.0,correct,wrong,1.5
236,-0.3428391328628973,-0.06148224571148004,-0.5231351428037468,Three-step,1.0,1.0,0.5,0.5,3411,0.0,0.0,0.0,correct,wrong,1.5
237,-0.17167301922319564,-0.0337506774911589,-0.5196871052393407,Three-step,1.0,1.0,0.5,0.5,3411,0.0,0.0,0.0,correct,wrong,1.5
238,0.1016262883512915,0.08585098759366501,-0.5077310562380414,Three-step,1.0,1.0,0.5,0.5,3411,0.0,0.0,0.0,correct,wrong,1.5
239,-0.2160206172823184,-0.2348438543596896,-0.5352173043832117,Three-step,1.0,1.0,0.5,0.5,3411,0.0,0.0,0.0,correct,wrong,1.5
240,-0.0764350312862526,0.11838195661405083,-0.5226901087431503,Three-step,1.0,1.0,0.5,0.5,3411,0.0,0.0,0.0,correct,wrong,1.5
241,-0.10428134202665491,0.06702980419251667,-0.5222832610609295,Three-step,1.0,1.0,0.5,0.5,3411,0.0,0.0,0.0,correct,wrong,1.5
242,0.26181494454789944,-0.028833883632724856,-0.5344160633349234,Three-step,1.0,1.0,0.5,0.5,3411,0.0,0.0,0.0,correct,wrong,1.5
243,0.05232250804002498,-0.09551404953876669,-0.5192948763451306,Three-step,1.0,1.0,0.5,0.5,3411,0.0,0.0,0.0,correct,wrong,1.5
244,0.10030898925357179,0.007352314181298363,-0.5224244105991385,Three-step,1.0,1.0,0.5,0.5,3411,0.0,0.0,0.0,correct,wrong,1.5
245,0.05274773814843211,0.09994524552071475,-0.5185295393254437,Three-step,1.0,1.0,0.5,0.5,3411,0.0,0.0,0.0,correct,wrong,1.5
246,-0.5348126306419498,0.03557415353794178,-0.5231194962216458,Three-step,1.0,1.0,0.5,0.5,3411,0.0,0.0,0.0,correct,wrong,1.5
247,-0.09092819444609902,-0.2896384633282199,-0.5327844562815474,Three-step,1.0,1.0,0.5,0.5,3411,0.0,0.0,0.0,correct,wrong,1.5
248,0.32226418155408576,-0.098194503743537,-0.5192866245555201,Three-step,1.0,1.0,0.5,0.5,3411,0.0,0.0,0.0,correct,wrong,1.5
249,0.22864387744261808,0.19841356708009264,-0.5114493605872144,Three-step,1.0,1.0,0.5,0.5,3411,0.0,0.0,0.0,correct,wrong,1.5
250,-0.16148720160051178,-0.04321052370428637,-0.5286796125487601,Three-step,1.0,1.0,0.5,0.5,3411,0.0,0.0,0.0,correct,wrong,1.5
251,-0.08397613241343468,-0.16352209873892154,-0.5352988731658702,Three-step,1.0,1.0,0.5,0.5,3411,0.0,0.0,0.0,correct,wrong,1.5
252,0.07614694303417384,0.04857165559826622,-0.5134512904678605,Three-step,1.0,1.0,0.5,0.5,3411,0.0,0.0,0.0,correct,wrong,1.5
253,-0.21118779572839966,0.23260387489422127,-0.5101992645312282,Three-step,1.0,1.0,0.5,0.5,3411,0.0,0.0,0.0,correct,wrong,1.5
254,0.1552154517164204,0.03425574107733225,-0.5244111187121778,Three-step,1.0,1.0,0.5,0.5,3411,0.0,0.0,0.0,correct,wrong,1.5
255,-0.04074366042059003,-0.1009618740913609,-0.5139696490842164,Three-step,1.0,1.0,0.5,0.5,3411,0.0,0.0,0.0,correct,wrong,1.5
256,-0.2570862180209762,-0.24400531925747068,-0.5426322743752227,Three-step,1.0,1.0,0.5,0.5,3411,0.0,0.0,0.0,correct,wrong,1.5
257,-0.05572001268728073,-0.054892929879752236,-0.5283282250953384,Three-step,1.0,1.0,0.5,0.5,3411,0.0,0.0,0.0,correct,wrong,1.5
258,-0.429013083862779,-0.06342565566268717,-0.5372050591741446,Three-step,1.0,1.0,0.5,0.5,3411,0.0,0.0,0.0,correct,wrong,1.5
259,-0.1023392156037324,-0.05974361210777076,-0.5224713383870838,Three-step,1.0,1.0,0.5,0.5,3411,0.0,0.0,0.0,correct,wrong,1.5
260,-0.12709471733394795,-0.16232196158795958,-0.5307200754265803,Three-step,1.0,1.0,0.5,0.5,3411,0.0,0.0,0.0,correct,wrong,1.5
261,0.07371095352443403,-0.02793222394268875,-0.5242724911877686,Three-step,1.0,1.0,0.5,0.5,3411,0.0,0.0,0.0,correct,wrong,1.5
262,-0.16545800186582518,0.009811516356318403,-0.522073459913818,Three-step,1.0,1.0,0.5,0.5,3411,0.0,0.0,0.0,correct,wrong,1.5
263,-0.21292823780522224,0.003357956078927198,-0.5233233708292488,Three-step,1.0,1.0,0.5,0.5,3411,0.0,0.0,0.0,correct,wrong,1.5
264,0.11462784566959543,0.08945559766144248,-0.5242443244102881,Three-step,1.0,1.0,0.5,0.5,3411,0.0,0.0,0.0,correct,wrong,1.5
265,-0.09705785425601568,-0.10391797210379852,-0.5230142767160044,Three-step,1.0,1.0,0.5,0.5,3411,0.0,0.0,0.0,correct,wrong,1.5
266,-0.0005282795772026217,-0.2304050557015052,-0.5506380417115546,Three-step,1.0,1.0,0.5,0.5,3411,0.0,0.0,0.0,correct,wrong,1.5
267,-0.08280189570602028,0.12323674076022835,-0.5161332509143212,Three-step,1.0,1.0,0.5,0.5,3411,0.0,0.0,0.0,correct,wrong,1.5
268,-0.20506060076162125,-0.10972262250308217,-0.526846792357503,Three-step,1.0,1.0,0.5,0.5,3411,0.0,0.0,0.0,correct,wrong,1.5
269,-0.27760061017352955,0.014173718744393618,-0.5134745512612624,Three-step,1.0,1.0,0.5,0.5,3411,0.0,0.0,0.0,correct,wrong,1.5
270,0.07846195898590179,-0.3086329384468246,-0.5295976323886985,Three-step,1.0,1.0,0.5,0.5,3411,0.0,0.0,0.0,correct,wrong,1.5
271,0.09001779820472397,-0.022416371535980677,-0.5175808974800706,Three-step,1.0,1.0,0.5,0.5,3411,0.0,0.0,0.0,correct,wrong,1.5
272,-0.3221031769525204,-0.10509595259715968,-0.5288922636881892,Three-step,1.0,1.0,0.5,0.5,3411,0.0,0.0,0.0,correct,wrong,1.5
273,0.07270825965642895,-0.09986053012163493,-0.528724780281207,Three-step,1.0,1.0,0.5,0.5,3411,0.0,0.0,0.0,correct,wrong,1.5
274,-0.08368199118275083,-0.1572486834721629,-0.5339602948449654,Three-step,1.0,1.0,0.5,0.5,3411,0.0,0.0,0.0,correct,wrong,1.5
275,0.04556504851640475,-0.02564056687704042,-0.5337704214612039,Three-step,1.0,1.0,0.5,0.5,3411,0.0,0.0,0.0,correct,wrong,1.5
276,0.04945534651348062,-0.018171832561800605,-0.5265332994146851,Three-step,1.0,1.0,0.5,0.5,3411,0.0,0.0,0.0,correct,wrong,1.5
277,0.338517964767539,-0.08611559566539188,-0.5290379801333296,Three-step,1.0,1.0,0.5,0.5,3411,0.0,0.0,0.0,correct,wrong,1.5
278,0.19456596368852982,0.1535157116426454,-0.5257640846201974,Three-step,1.0,1.0,0.5,0.5,3411,0.0,0.0,0.0,correct,wrong,1.5
279,0.036121208689452074,-0.11604902026898643,-0.5274037654996006,Three-step,1.0,1.0,0.5,0.5,3411,0.0,0.0,0.0,correct,wrong,1.5
280,-0.0017801792093958444,0.10177499904061009,-0.5249056405316023,Three-step,1.0,1.0,0.5,0.5,3411,0.0,0.0,0.0,correct,wrong,1.5
281,0.3028365726613845,0.3042520273820664,-0.5087309118987613,Three-step,1.0,1.0,0.5,0.5,3411,0.0,0.0,0.0,correct,wrong,1.5
282,0.24841933163600619,-0.06418612944944385,-0.5268864905230297,Three-step,1.0,1.0,0.5,0.5,3411,0.0,0.0,0.0,correct,wrong,1.5
283,0.3108138942934573,0.07001161086244657,-0.5280810698362193,Three-step,1.0,1.0,0.5,0.5,3411,0.0,0.0,0.0,correct,wrong,1.5
284,-0.1268716910739563,0.04920237838680534,-0.5212991333400089,Three-step,1.0,1.0,0.5,0.5,3411,0.0,0.0,0.0,correct,wrong,1.5
285,-0.019122534961909278,-0.08567328138222005,-0.5366960206800749,Three-step,1.0,1.0,0.5,0.5,3411,0.0,0.0,0.0,correct,wrong,1.5
286,-0.0160899989306097,0.059319388682898794,-0.5130156051359773,Three-step,1.0,1.0,0.5,0.5,3411,0.0,0.0,0.0,correct,wrong,1.5
287,0.26218316424159355,0.11804103217603965,-0.5246358524744411,Three-step,1.0,1.0,0.5,0.5,3411,0.0,0.0,0.0,correct,wrong,1.5
288,-0.44809439259198736,-0.17224072403913604,-0.5325926359409954,Three-step,1.0,1.0,0.5,0.5,3411,0.0,0.0,0.0,correct,wrong,1.5
289,-0.38770071369398124,0.06821649722251681,-0.5134242260708176,Three-step,1.0,1.0,0.5,0.5,3411,0.0,0.0,0.0,correct,wrong,1.5
290,-0.29594981322836506,-0.14175931212229553,-0.5333263248808909,Three-step,1.0,1.0,0.5,0.5,3411,0.0,0.0,0.0,correct,wrong,1.5
291,0.4429540318493453,0.08317390275793674,-0.514906394426467,Three-step,1.0,1.0,0.5,0.5,3411,0.0,0.0,0.0,correct,wrong,1.5
292,0.49453530902694426,0.3036791296164566,-0.4996963498693045,Three-step,1.0,1.0,0.5,0.5,3411,0.0,0.0,0.0,correct,wrong,1.5
293,-0.2815115451529322,-0.12151466382092498,-0.5324338743818905,Three-step,1.0,1.0,0.5,0.5,3411,0.0,0.0,0.0,correct,wrong,1.5
294,0.21582830315327464,-0.05079775392004644,-0.5191729152868599,Three-step,1.0,1.0,0.5,0.5,3411,0.0,0.0,0.0,correct,wrong,1.5
295,0.08874163697159856,0.08114959977606923,-0.513125791544534,Three-step,1.0,1.0,0.5,0.5,3411,0.0,0.0,0.0,correct,wrong,1.5
296,0.13976411981685544,0.22956578606876107,-0.5248120205579598,Three-step,1.0,1.0,0.5,0.5,3411,0.0,0.0,0.0,correct,wrong,1.5
297,-0.13912186658412987,-0.1644907324625638,-0.5330211331789982,Three-step,1.0,1.0,0.5,0.5,3411,0.0,0.0,0.0,correct,wrong,1.5
298,0.46218047235452864,0.3215799618305227,-0.5015173355584881,Three-step,1.0,1.0,0.5,0.5,3411,0.0,0.0,0.0,correct,wrong,1.5
299,-0.101127251270708,0.04597749894290829,-0.5219761071627375,Three-step,1.0,1.0,0.5,0.5,3411,0.0,0.0,0.0,correct,wrong,1.5
300,0.008852827944470109,-0.21747177963450548,-0.5258253829306501,Three-step,1.0,1.0,0.5,0.5,3411,0.0,0.0,0.0,correct,wrong,1.5
1,-0.08638687730905686,-0.13526919993069372,-0.519020187567543,Robins' estimator,1.0,1.0,0.5,0.5,3411,0.0,0.0,0.0,correct,wrong,1.5
2,0.00871416119459059,-0.026453983472761514,-0.5105471874109916,Robins' estimator,1.0,1.0,0.5,0.5,3411,0.0,0.0,0.0,correct,wrong,1.5
3,-0.19216090107589479,0.06414046742504956,-0.5244065123349108,Robins' estimator,1.0,1.0,0.5,0.5,3411,0.0,0.0,0.0,correct,wrong,1.5
4,0.166182273423733,0.06712742521586355,-0.5307537291426642,Robins' estimator,1.0,1.0,0.5,0.5,3411,0.0,0.0,0.0,correct,wrong,1.5
5,-0.274384032546234,-0.11885697949007887,-0.5275849121594118,Robins' estimator,1.0,1.0,0.5,0.5,3411,0.0,0.0,0.0,correct,wrong,1.5
6,0.15210114231737448,0.06566141877970579,-0.5213066101024135,Robins' estimator,1.0,1.0,0.5,0.5,3411,0.0,0.0,0.0,correct,wrong,1.5
7,0.3567246412455895,0.2812576866501655,-0.5069637071151224,Robins' estimator,1.0,1.0,0.5,0.5,3411,0.0,0.0,0.0,correct,wrong,1.5
8,-0.33273746721112524,-0.04832273484756045,-0.522864819413889,Robins' estimator,1.0,1.0,0.5,0.5,3411,0.0,0.0,0.0,correct,wrong,1.5
9,-0.05997112321072938,0.014567431268318394,-0.5120098983155715,Robins' estimator,1.0,1.0,0.5,0.5,3411,0.0,0.0,0.0,correct,wrong,1.5
10,-0.08445190697681691,-0.22415420167128083,-0.5411588089171346,Robins' estimator,1.0,1.0,0.5,0.5,3411,0.0,0.0,0.0,correct,wrong,1.5
11,0.1100715294331276,0.12813694322924607,-0.523912522986261,Robins' estimator,1.0,1.0,0.5,0.5,3411,0.0,0.0,0.0,correct,wrong,1.5
12,-0.05492981660676113,-0.08719485844995585,-0.5248298213971038,Robins' estimator,1.0,1.0,0.5,0.5,3411,0.0,0.0,0.0,correct,wrong,1.5
13,0.1723030945745441,0.05992266402712778,-0.5242112056536871,Robins' estimator,1.0,1.0,0.5,0.5,3411,0.0,0.0,0.0,correct,wrong,1.5
14,-0.2874275442188404,-0.1331939010068452,-0.528678726522413,Robins' estimator,1.0,1.0,0.5,0.5,3411,0.0,0.0,0.0,correct,wrong,1.5
15,-0.2829139932217549,-0.23594938361560427,-0.5350573323157019,Robins' estimator,1.0,1.0,0.5,0.5,3411,0.0,0.0,0.0,correct,wrong,1.5
16,-0.25365135249701726,-0.3330440939644019,-0.550686347151566,Robins' estimator,1.0,1.0,0.5,0.5,3411,0.0,0.0,0.0,correct,wrong,1.5
17,0.38823143891108364,0.27052291741948487,-0.5095133850812356,Robins' estimator,1.0,1.0,0.5,0.5,3411,0.0,0.0,0.0,correct,wrong,1.5
18,0.09757984715441814,0.1301827712048852,-0.5102830600682952,Robins' estimator,1.0,1.0,0.5,0.5,3411,0.0,0.0,0.0,correct,wrong,1.5
19,0.06013491195164108,0.17512978522536587,-0.5110026036517922,Robins' estimator,1.0,1.0,0.5,0.5,3411,0.0,0.0,0.0,correct,wrong,1.5
20,-0.11926337627865084,0.1814310148644269,-0.5086652004662348,Robins' estimator,1.0,1.0,0.5,0.5,3411,0.0,0.0,0.0,correct,wrong,1.5
21,0.1663886617007845,0.19412038674764695,-0.519668181498778,Robins' estimator,1.0,1.0,0.5,0.5,3411,0.0,0.0,0.0,correct,wrong,1.5
22,-0.15373913419559385,-0.01836967526558243,-0.5167046885342172,Robins' estimator,1.0,1.0,0.5,0.5,3411,0.0,0.0,0.0,correct,wrong,1.5
23,-0.057486380670142674,-0.1376482886729273,-0.5216846223272392,Robins' estimator,1.0,1.0,0.5,0.5,3411,0.0,0.0,0.0,correct,wrong,1.5
24,0.17177384677303942,0.16343013295462308,-0.5151328893229943,Robins' estimator,1.0,1.0,0.5,0.5,3411,0.0,0.0,0.0,correct,wrong,1.5
25,0.08135569450622342,0.11949487294020097,-0.5139804139324515,Robins' estimator,1.0,1.0,0.5,0.5,3411,0.0,0.0,0.0,correct,wrong,1.5
26,0.050337950416484464,0.19101521891057965,-0.5134271886140525,Robins' estimator,1.0,1.0,0.5,0.5,3411,0.0,0.0,0.0,correct,wrong,1.5
27,0.025534251533170398,0.1686478360490916,-0.5158081141469464,Robins' estimator,1.0,1.0,0.5,0.5,3411,0.0,0.0,0.0,correct,wrong,1.5
28,-0.2030018588576744,-0.21225530072439822,-0.5308407113034386,Robins' estimator,1.0,1.0,0.5,0.5,3411,0.0,0.0,0.0,correct,wrong,1.5
29,-0.06158159808275444,-0.04280500534898279,-0.5226131759429234,Robins' estimator,1.0,1.0,0.5,0.5,3411,0.0,0.0,0.0,correct,wrong,1.5
30,0.06821290091825444,0.17742524969173537,-0.5272124036879858,Robins' estimator,1.0,1.0,0.5,0.5,3411,0.0,0.0,0.0,correct,wrong,1.5
31,0.274894006762059,0.11381195113435903,-0.5183379769520073,Robins' estimator,1.0,1.0,0.5,0.5,3411,0.0,0.0,0.0,correct,wrong,1.5
32,-0.09365429172043185,-0.2485488079796801,-0.5294916249800117,Robins' estimator,1.0,1.0,0.5,0.5,3411,0.0,0.0,0.0,correct,wrong,1.5
33,-0.004900391417418343,0.0918436103470063,-0.520925669602342,Robins' estimator,1.0,1.0,0.5,0.5,3411,0.0,0.0,0.0,correct,wrong,1.5
34,0.025082411600685334,-0.06488054324045692,-0.5252325448524483,Robins' estimator,1.0,1.0,0.5,0.5,3411,0.0,0.0,0.0,correct,wrong,1.5
35,0.030258875774948048,0.028184580414150104,-0.5199710604612797,Robins' estimator,1.0,1.0,0.5,0.5,3411,0.0,0.0,0.0,correct,wrong,1.5
36,0.12776690761992143,0.17764761963599054,-0.5193643456459208,Robins' estimator,1.0,1.0,0.5,0.5,3411,0.0,0.0,0.0,correct,wrong,1.5
37,-0.19433918275884732,-0.16945951462763453,-0.541226715689262,Robins' estimator,1.0,1.0,0.5,0.5,3411,0.0,0.0,0.0,correct,wrong,1.5
38,-0.020583678514914553,-0.0635746346101651,-0.5265199354813901,Robins' estimator,1.0,1.0,0.5,0.5,3411,0.0,0.0,0.0,correct,wrong,1.5
39,-0.1503162931874725,-0.0923318560673344,-0.5318752345637198,Robins' estimator,1.0,1.0,0.5,0.5,3411,0.0,0.0,0.0,correct,wrong,1.5
40,0.17791506204535545,0.13518583704596973,-0.5227010411860077,Robins' estimator,1.0,1.0,0.5,0.5,3411,0.0,0.0,0.0,correct,wrong,1.5
41,0.1682856701273775,0.08844481826987327,-0.5141794548306929,Robins' estimator,1.0,1.0,0.5,0.5,3411,0.0,0.0,0.0,correct,wrong,1.5
42,0.31018076876256795,0.13658392919613946,-0.5178319911659387,Robins' estimator,1.0,1.0,0.5,0.5,3411,0.0,0.0,0.0,correct,wrong,1.5
43,0.06419065952068155,0.036136848499221524,-0.5218012196521128,Robins' estimator,1.0,1.0,0.5,0.5,3411,0.0,0.0,0.0,correct,wrong,1.5
44,0.28558896274379614,0.008228464380481732,-0.5162616827490442,Robins' estimator,1.0,1.0,0.5,0.5,3411,0.0,0.0,0.0,correct,wrong,1.5
45,-0.04607311572058796,-0.14246903239401354,-0.5292009287304595,Robins' estimator,1.0,1.0,0.5,0.5,3411,0.0,0.0,0.0,correct,wrong,1.5
46,-0.00835441707288453,0.0163875901287213,-0.5196313834263622,Robins' estimator,1.0,1.0,0.5,0.5,3411,0.0,0.0,0.0,correct,wrong,1.5
47,0.12175945077501593,0.16144351682156774,-0.5156098084794656,Robins' estimator,1.0,1.0,0.5,0.5,3411,0.0,0.0,0.0,correct,wrong,1.5
48,0.07026064416634134,0.02510409572575549,-0.529690696254877,Robins' estimator,1.0,1.0,0.5,0.5,3411,0.0,0.0,0.0,correct,wrong,1.5
49,-0.1226698635469208,0.07615934521027404,-0.5057842022880475,Robins' estimator,1.0,1.0,0.5,0.5,3411,0.0,0.0,0.0,correct,wrong,1.5
50,-0.08778878083036888,0.10683040967426473,-0.5311680806288652,Robins' estimator,1.0,1.0,0.5,0.5,3411,0.0,0.0,0.0,correct,wrong,1.5
51,0.07977809463601564,0.038648190649383914,-0.533336191235942,Robins' estimator,1.0,1.0,0.5,0.5,3411,0.0,0.0,0.0,correct,wrong,1.5
52,-0.11141964193546501,0.01732068454127059,-0.5196683965303417,Robins' estimator,1.0,1.0,0.5,0.5,3411,0.0,0.0,0.0,correct,wrong,1.5
53,0.10553585982833565,-0.010066890205218478,-0.5125190078320586,Robins' estimator,1.0,1.0,0.5,0.5,3411,0.0,0.0,0.0,correct,wrong,1.5
54,-0.047858334394399765,-0.09583685581326916,-0.5182238845483622,Robins' estimator,1.0,1.0,0.5,0.5,3411,0.0,0.0,0.0,correct,wrong,1.5
55,-0.1014046564146876,-0.028993177744831834,-0.5211829503735649,Robins' estimator,1.0,1.0,0.5,0.5,3411,0.0,0.0,0.0,correct,wrong,1.5
56,-0.06384334193361088,0.04167572287253031,-0.534932628363105,Robins' estimator,1.0,1.0,0.5,0.5,3411,0.0,0.0,0.0,correct,wrong,1.5
57,-0.294126323651955,-0.23926668695286163,-0.5294875808646576,Robins' estimator,1.0,1.0,0.5,0.5,3411,0.0,0.0,0.0,correct,wrong,1.5
58,-0.10850530298276892,-0.18817275625949806,-0.5431926083786247,Robins' estimator,1.0,1.0,0.5,0.5,3411,0.0,0.0,0.0,correct,wrong,1.5
59,0.39340679579455196,0.3581761197199798,-0.511822312677247,Robins' estimator,1.0,1.0,0.5,0.5,3411,0.0,0.0,0.0,correct,wrong,1.5
60,-0.03608278283103994,0.03992638913704389,-0.5191626391990429,Robins' estimator,1.0,1.0,0.5,0.5,3411,0.0,0.0,0.0,correct,wrong,1.5
61,0.006750679008120507,0.020079408246560602,-0.5178332243701754,Robins' estimator,1.0,1.0,0.5,0.5,3411,0.0,0.0,0.0,correct,wrong,1.5
62,-0.15707079888062384,0.07926571941764296,-0.5111708037952822,Robins' estimator,1.0,1.0,0.5,0.5,3411,0.0,0.0,0.0,correct,wrong,1.5
63,-0.1864756177363115,-0.025829633475352172,-0.5262389040998964,Robins' estimator,1.0,1.0,0.5,0.5,3411,0.0,0.0,0.0,correct,wrong,1.5
64,-0.08329730381169415,-0.0005725247729189513,-0.5214809770989064,Robins' estimator,1.0,1.0,0.5,0.5,3411,0.0,0.0,0.0,correct,wrong,1.5
65,-0.19872463333654186,-0.06325339666648923,-0.5123028428967916,Robins' estimator,1.0,1.0,0.5,0.5,3411,0.0,0.0,0.0,correct,wrong,1.5
66,0.06430131589444214,0.13692161539623834,-0.5198830645971203,Robins' estimator,1.0,1.0,0.5,0.5,3411,0.0,0.0,0.0,correct,wrong,1.5
67,0.11768724499950707,0.055349636519338344,-0.5157760629913034,Robins' estimator,1.0,1.0,0.5,0.5,3411,0.0,0.0,0.0,correct,wrong,1.5
68,-0.002271951810708982,0.08456994405817815,-0.5145698424107636,Robins' estimator,1.0,1.0,0.5,0.5,3411,0.0,0.0,0.0,correct,wrong,1.5
69,-0.1491118163457771,-0.08505942392645041,-0.5271540674473316,Robins' estimator,1.0,1.0,0.5,0.5,3411,0.0,0.0,0.0,correct,wrong,1.5
70,-0.034421212903631926,-0.16195560325537633,-0.5350571468510703,Robins' estimator,1.0,1.0,0.5,0.5,3411,0.0,0.0,0.0,correct,wrong,1.5
71,-0.22607858391624347,0.028772929157334932,-0.5084555396747353,Robins' estimator,1.0,1.0,0.5,0.5,3411,0.0,0.0,0.0,correct,wrong,1.5
72,0.0380664725770492,0.03395653060658217,-0.5350112872277408,Robins' estimator,1.0,1.0,0.5,0.5,3411,0.0,0.0,0.0,correct,wrong,1.5
73,-0.009716950979288833,0.0072963365410668645,-0.5183683973124402,Robins' estimator,1.0,1.0,0.5,0.5,3411,0.0,0.0,0.0,correct,wrong,1.5
74,-0.4294331170269501,-0.28430312639796246,-0.546061991394777,Robins' estimator,1.0,1.0,0.5,0.5,3411,0.0,0.0,0.0,correct,wrong,1.5
75,-0.022181853637360135,-0.02383357837359249,-0.517618768977626,Robins' estimator,1.0,1.0,0.5,0.5,3411,0.0,0.0,0.0,correct,wrong,1.5
76,0.030805220440521825,-0.04049036962311426,-0.5274666071152826,Robins' estimator,1.0,1.0,0.5,0.5,3411,0.0,0.0,0.0,correct,wrong,1.5
77,-0.27701944367380077,-0.21750310065802522,-0.542605292036478,Robins' estimator,1.0,1.0,0.5,0.5,3411,0.0,0.0,0.0,correct,wrong,1.5
78,-0.3145153463646281,-0.22245668377865419,-0.5434954476349038,Robins' estimator,1.0,1.0,0.5,0.5,3411,0.0,0.0,0.0,correct,wrong,1.5
79,0.09047598487097597,0.01209228913150207,-0.520545673622874,Robins' estimator,1.0,1.0,0.5,0.5,3411,0.0,0.0,0.0,correct,wrong,1.5
80,0.06292617626831677,-0.06504480380163706,-0.5304925344784425,Robins' estimator,1.0,1.0,0.5,0.5,3411,0.0,0.0,0.0,correct,wrong,1.5
81,-0.25366068924222057,-0.08327015406160418,-0.5366749363189847,Robins' estimator,1.0,1.0,0.5,0.5,3411,0.0,0.0,0.0,correct,wrong,1.5
82,0.04854343119649301,0.15618132236340793,-0.5134865653600601,Robins' estimator,1.0,1.0,0.5,0.5,3411,0.0,0.0,0.0,correct,wrong,1.5
83,0.03480159266471079,-0.164542559371572,-0.5401776919185728,Robins' estimator,1.0,1.0,0.5,0.5,3411,0.0,0.0,0.0,correct,wrong,1.5
84,-0.126006466929819,-0.13302042937583158,-0.5399607677424705,Robins' estimator,1.0,1.0,0.5,0.5,3411,0.0,0.0,0.0,correct,wrong,1.5
85,-0.2619931436345663,-0.2632250880226488,-0.5462372499293068,Robins' estimator,1.0,1.0,0.5,0.5,3411,0.0,0.0,0.0,correct,wrong,1.5
86,-0.0919485274209379,-0.02281691554120869,-0.5233926483573292,Robins' estimator,1.0,1.0,0.5,0.5,3411,0.0,0.0,0.0,correct,wrong,1.5
87,-0.020563817177157547,-0.1613775644380851,-0.5408807855521424,Robins' estimator,1.0,1.0,0.5,0.5,3411,0.0,0.0,0.0,correct,wrong,1.5
88,0.34269770709551195,0.13864361954751916,-0.5212000725560669,Robins' estimator,1.0,1.0,0.5,0.5,3411,0.0,0.0,0.0,correct,wrong,1.5
89,0.09745616651500429,0.10400900456305857,-0.5236962058280353,Robins' estimator,1.0,1.0,0.5,0.5,3411,0.0,0.0,0.0,correct,wrong,1.5
90,0.11214257571823177,-0.04357524222441116,-0.5277387370339632,Robins' estimator,1.0,1.0,0.5,0.5,3411,0.0,0.0,0.0,correct,wrong,1.5
91,-0.0071728799718780226,-0.008667867193490228,-0.5214992968857893,Robins' estimator,1.0,1.0,0.5,0.5,3411,0.0,0.0,0.0,correct,wrong,1.5
92,-0.20918778635114657,-0.2515905659173865,-0.5410803162103693,Robins' estimator,1.0,1.0,0.5,0.5,3411,0.0,0.0,0.0,correct,wrong,1.5
93,0.21264799949114824,0.08829367159702316,-0.5189187708394173,Robins' estimator,1.0,1.0,0.5,0.5,3411,0.0,0.0,0.0,correct,wrong,1.5
94,-0.18486726747584314,-0.04356135611261952,-0.5236547796934466,Robins' estimator,1.0,1.0,0.5,0.5,3411,0.0,0.0,0.0,correct,wrong,1.5
95,0.07903175222027832,0.07464564591694169,-0.5203373668817767,Robins' estimator,1.0,1.0,0.5,0.5,3411,0.0,0.0,0.0,correct,wrong,1.5
96,-0.1686448624218571,-0.22806674817548067,-0.5354726328443213,Robins' estimator,1.0,1.0,0.5,0.5,3411,0.0,0.0,0.0,correct,wrong,1.5
97,-0.06486291906766722,-0.006470857745510935,-0.5240815989976094,Robins' estimator,1.0,1.0,0.5,0.5,3411,0.0,0.0,0.0,correct,wrong,1.5
98,0.23970298501017717,0.11944272188013101,-0.5131393107245562,Robins' estimator,1.0,1.0,0.5,0.5,3411,0.0,0.0,0.0,correct,wrong,1.5
99,-0.23178051356628054,-0.01747462440404785,-0.5242323478816169,Robins' estimator,1.0,1.0,0.5,0.5,3411,0.0,0.0,0.0,correct,wrong,1.5
100,-0.017591083848361153,-0.04427841039926832,-0.5411190586728025,Robins' estimator,1.0,1.0,0.5,0.5,3411,0.0,0.0,0.0,correct,wrong,1.5
101,0.09229674282568352,-0.08742114710336255,-0.5165675981798622,Robins' estimator,1.0,1.0,0.5,0.5,3411,0.0,0.0,0.0,correct,wrong,1.5
102,-0.024762573400944992,-0.09055907219078242,-0.5400678375943327,Robins' estimator,1.0,1.0,0.5,0.5,3411,0.0,0.0,0.0,correct,wrong,1.5
103,0.14980743016211037,0.020267722020883526,-0.5139359213796597,Robins' estimator,1.0,1.0,0.5,0.5,3411,0.0,0.0,0.0,correct,wrong,1.5
104,-0.2702394993228001,-0.07048192776175885,-0.5167077289146773,Robins' estimator,1.0,1.0,0.5,0.5,3411,0.0,0.0,0.0,correct,wrong,1.5
105,-0.23919729465070738,-0.17508737114100442,-0.5364100772120878,Robins' estimator,1.0,1.0,0.5,0.5,3411,0.0,0.0,0.0,correct,wrong,1.5
106,-0.29807043692233426,-0.34115243277880125,-0.5432249547336907,Robins' estimator,1.0,1.0,0.5,0.5,3411,0.0,0.0,0.0,correct,wrong,1.5
107,-0.1980739412690373,-0.224232806009311,-0.5243500938002298,Robins' estimator,1.0,1.0,0.5,0.5,3411,0.0,0.0,0.0,correct,wrong,1.5
108,0.0001497164197287652,0.16392108071081862,-0.5256509587146617,Robins' estimator,1.0,1.0,0.5,0.5,3411,0.0,0.0,0.0,correct,wrong,1.5
109,0.009350716570269119,0.009481793823751581,-0.5237973755013552,Robins' estimator,1.0,1.0,0.5,0.5,3411,0.0,0.0,0.0,correct,wrong,1.5
110,0.2040009668435772,0.1685577223136952,-0.5118896136692955,Robins' estimator,1.0,1.0,0.5,0.5,3411,0.0,0.0,0.0,correct,wrong,1.5
111,0.02831645134801087,0.0904830438233406,-0.5212090149355786,Robins' estimator,1.0,1.0,0.5,0.5,3411,0.0,0.0,0.0,correct,wrong,1.5
112,0.06154356224167385,0.014085023258482985,-0.5249252837334718,Robins' estimator,1.0,1.0,0.5,0.5,3411,0.0,0.0,0.0,correct,wrong,1.5
113,-0.2338358758788686,0.0415872439739705,-0.5224558155614633,Robins' estimator,1.0,1.0,0.5,0.5,3411,0.0,0.0,0.0,correct,wrong,1.5
114,0.42729645858234927,0.09779592476822857,-0.5252973879844388,Robins' estimator,1.0,1.0,0.5,0.5,3411,0.0,0.0,0.0,correct,wrong,1.5
115,-0.0353543761003184,0.00551926871946564,-0.5179545243603302,Robins' estimator,1.0,1.0,0.5,0.5,3411,0.0,0.0,0.0,correct,wrong,1.5
116,-0.006959579763673138,0.07139673273220777,-0.5222730410656159,Robins' estimator,1.0,1.0,0.5,0.5,3411,0.0,0.0,0.0,correct,wrong,1.5
117,-0.43389953533240533,-0.2934386924719047,-0.5461810970632537,Robins' estimator,1.0,1.0,0.5,0.5,3411,0.0,0.0,0.0,correct,wrong,1.5
118,-0.09156934119148764,-0.055933923139782335,-0.5238779078863524,Robins' estimator,1.0,1.0,0.5,0.5,3411,0.0,0.0,0.0,correct,wrong,1.5
119,0.13848580428088847,-0.019300551534980684,-0.5281762623591003,Robins' estimator,1.0,1.0,0.5,0.5,3411,0.0,0.0,0.0,correct,wrong,1.5
120,-0.08608214745584324,-0.028670653037362798,-0.5245371827005606,Robins' estimator,1.0,1.0,0.5,0.5,3411,0.0,0.0,0.0,correct,wrong,1.5
121,-0.11916138940857289,-0.01852361390421233,-0.5217334672603587,Robins' estimator,1.0,1.0,0.5,0.5,3411,0.0,0.0,0.0,correct,wrong,1.5
122,0.13290832108524114,0.11258537177919692,-0.51301023865474,Robins' estimator,1.0,1.0,0.5,0.5,3411,0.0,0.0,0.0,correct,wrong,1.5
123,0.16383175713842013,0.03260973965455404,-0.5124701577768386,Robins' estimator,1.0,1.0,0.5,0.5,3411,0.0,0.0,0.0,correct,wrong,1.5
124,-0.1530881926662301,-0.14275024161417374,-0.5289719928140945,Robins' estimator,1.0,1.0,0.5,0.5,3411,0.0,0.0,0.0,correct,wrong,1.5
125,-0.12386338376376294,0.003131283021547277,-0.5182621617660851,Robins' estimator,1.0,1.0,0.5,0.5,3411,0.0,0.0,0.0,correct,wrong,1.5
126,-0.0937374689129304,0.0032718561083476677,-0.5201772837562854,Robins' estimator,1.0,1.0,0.5,0.5,3411,0.0,0.0,0.0,correct,wrong,1.5
127,0.05185717059699847,-0.061567418696188515,-0.5195741286320285,Robins' estimator,1.0,1.0,0.5,0.5,3411,0.0,0.0,0.0,correct,wrong,1.5
128,0.06773548709461324,0.13203257246260053,-0.5142418410545564,Robins' estimator,1.0,1.0,0.5,0.5,3411,0.0,0.0,0.0,correct,wrong,1.5
129,-0.002305420388044058,-0.051644276208860404,-0.5226656884616447,Robins' estimator,1.0,1.0,0.5,0.5,3411,0.0,0.0,0.0,correct,wrong,1.5
130,-0.09475878047142851,-0.12512129083993642,-0.5276227626626598,Robins' estimator,1.0,1.0,0.5,0.5,3411,0.0,0.0,0.0,correct,wrong,1.5
131,-0.09298878725457405,-0.003385240653509968,-0.5281153796833198,Robins' estimator,1.0,1.0,0.5,0.5,3411,0.0,0.0,0.0,correct,wrong,1.5
132,-0.26119883205294797,-0.1569231329179445,-0.5243072469231008,Robins' estimator,1.0,1.0,0.5,0.5,3411,0.0,0.0,0.0,correct,wrong,1.5
133,-0.017156809412262032,-0.02714052662785045,-0.5163559317782067,Robins' estimator,1.0,1.0,0.5,0.5,3411,0.0,0.0,0.0,correct,wrong,1.5
134,-0.1209971762209717,-0.03803873098889312,-0.5230407646176694,Robins' estimator,1.0,1.0,0.5,0.5,3411,0.0,0.0,0.0,correct,wrong,1.5
135,0.025555816806210177,-0.134092797961099,-0.5334603755810462,Robins' estimator,1.0,1.0,0.5,0.5,3411,0.0,0.0,0.0,correct,wrong,1.5
136,-0.21319875867151888,-0.06125725333884231,-0.5279087002058275,Robins' estimator,1.0,1.0,0.5,0.5,3411,0.0,0.0,0.0,correct,wrong,1.5
137,0.14382906612945864,-0.019547809434642956,-0.5320817982149898,Robins' estimator,1.0,1.0,0.5,0.5,3411,0.0,0.0,0.0,correct,wrong,1.5
138,0.2334745482771899,0.07634298274311298,-0.5271096278682171,Robins' estimator,1.0,1.0,0.5,0.5,3411,0.0,0.0,0.0,correct,wrong,1.5
139,-0.20380337003973237,-0.15508124926770542,-0.5363175692826406,Robins' estimator,1.0,1.0,0.5,0.5,3411,0.0,0.0,0.0,correct,wrong,1.5
140,0.2531430311287013,0.1905281568334935,-0.5155055570258457,Robins' estimator,1.0,1.0,0.5,0.5,3411,0.0,0.0,0.0,correct,wrong,1.5
141,0.16370050948947976,0.1929420391030931,-0.5086957897584368,Robins' estimator,1.0,1.0,0.5,0.5,3411,0.0,0.0,0.0,correct,wrong,1.5
142,-0.05859194480014242,-0.07562724530901357,-0.5252293679042276,Robins' estimator,1.0,1.0,0.5,0.5,3411,0.0,0.0,0.0,correct,wrong,1.5
143,0.21493470040269902,0.22625773724601275,-0.5073289164295938,Robins' estimator,1.0,1.0,0.5,0.5,3411,0.0,0.0,0.0,correct,wrong,1.5
144,0.11547312601611665,0.018824424839605353,-0.5228035868272022,Robins' estimator,1.0,1.0,0.5,0.5,3411,0.0,0.0,0.0,correct,wrong,1.5
145,0.12119492810652555,0.19366851044353192,-0.4992539885659991,Robins' estimator,1.0,1.0,0.5,0.5,3411,0.0,0.0,0.0,correct,wrong,1.5
146,-0.1340131202554175,0.0034618606968193724,-0.5274041958057747,Robins' estimator,1.0,1.0,0.5,0.5,3411,0.0,0.0,0.0,correct,wrong,1.5
147,0.08612623645571693,-0.039577416563905884,-0.5237932957069181,Robins' estimator,1.0,1.0,0.5,0.5,3411,0.0,0.0,0.0,correct,wrong,1.5
148,0.0894111289718695,0.01823615387238065,-0.5241057464044829,Robins' estimator,1.0,1.0,0.5,0.5,3411,0.0,0.0,0.0,correct,wrong,1.5
149,-0.157681704507674,-0.05465091684656799,-0.5246641497641926,Robins' estimator,1.0,1.0,0.5,0.5,3411,0.0,0.0,0.0,correct,wrong,1.5
150,0.17695387859860706,0.36368926766416776,-0.5095924439571796,Robins' estimator,1.0,1.0,0.5,0.5,3411,0.0,0.0,0.0,correct,wrong,1.5
151,0.0228785727321605,-0.04014687829426061,-0.529595997175966,Robins' estimator,1.0,1.0,0.5,0.5,3411,0.0,0.0,0.0,correct,wrong,1.5
152,0.10268212661687322,0.09481626056745536,-0.5190172215481399,Robins' estimator,1.0,1.0,0.5,0.5,3411,0.0,0.0,0.0,correct,wrong,1.5
153,0.15650088975984616,-0.044115443026545104,-0.5241235320931185,Robins' estimator,1.0,1.0,0.5,0.5,3411,0.0,0.0,0.0,correct,wrong,1.5
154,0.13841926308703648,0.24070800993900623,-0.5126748243930119,Robins' estimator,1.0,1.0,0.5,0.5,3411,0.0,0.0,0.0,correct,wrong,1.5
155,-0.05323225246118404,-0.06436353848009103,-0.5344373550124133,Robins' estimator,1.0,1.0,0.5,0.5,3411,0.0,0.0,0.0,correct,wrong,1.5
156,0.0388488939721742,-0.03523092328568556,-0.5095306749839353,Robins' estimator,1.0,1.0,0.5,0.5,3411,0.0,0.0,0.0,correct,wrong,1.5
157,-0.07989368470345765,-0.056679475084034855,-0.5224213140516755,Robins' estimator,1.0,1.0,0.5,0.5,3411,0.0,0.0,0.0,correct,wrong,1.5
158,0.16918137457621385,0.02946533876369384,-0.5240367541328428,Robins' estimator,1.0,1.0,0.5,0.5,3411,0.0,0.0,0.0,correct,wrong,1.5
159,0.004837014355099695,0.11228214930740275,-0.5151772255718535,Robins' estimator,1.0,1.0,0.5,0.5,3411,0.0,0.0,0.0,correct,wrong,1.5
160,0.018081580924085617,-0.033763479922016365,-0.5267202702532943,Robins' estimator,1.0,1.0,0.5,0.5,3411,0.0,0.0,0.0,correct,wrong,1.5
161,0.041693075342473206,0.07224444644380873,-0.5164989828494063,Robins' estimator,1.0,1.0,0.5,0.5,3411,0.0,0.0,0.0,correct,wrong,1.5
162,0.12930535066954352,0.15456144597916352,-0.5176962317083762,Robins' estimator,1.0,1.0,0.5,0.5,3411,0.0,0.0,0.0,correct,wrong,1.5
163,0.07224057571124815,0.06833147778215146,-0.5276744007225064,Robins' estimator,1.0,1.0,0.5,0.5,3411,0.0,0.0,0.0,correct,wrong,1.5
164,-0.325992025911221,-0.29270058397970994,-0.5420041059679734,Robins' estimator,1.0,1.0,0.5,0.5,3411,0.0,0.0,0.0,correct,wrong,1.5
165,-0.12764818873235773,-0.17955630670450734,-0.5300646070837363,Robins' estimator,1.0,1.0,0.5,0.5,3411,0.0,0.0,0.0,correct,wrong,1.5
166,-0.006112371705936728,-0.018863490803049342,-0.5188038857120588,Robins' estimator,1.0,1.0,0.5,0.5,3411,0.0,0.0,0.0,correct,wrong,1.5
167,-0.1286697524709774,-0.12332566010412867,-0.5312991056229283,Robins' estimator,1.0,1.0,0.5,0.5,3411,0.0,0.0,0.0,correct,wrong,1.5
168,-0.01192182706531989,0.005764406392631914,-0.5211630641875656,Robins' estimator,1.0,1.0,0.5,0.5,3411,0.0,0.0,0.0,correct,wrong,1.5
169,-0.13656458497208104,0.08077573609624361,-0.5264461271366108,Robins' estimator,1.0,1.0,0.5,0.5,3411,0.0,0.0,0.0,correct,wrong,1.5
170,0.10152759956319427,0.04220356871316295,-0.5276028627838614,Robins' estimator,1.0,1.0,0.5,0.5,3411,0.0,0.0,0.0,correct,wrong,1.5
171,-0.14242565446838856,-0.14578863015820534,-0.5335326084049767,Robins' estimator,1.0,1.0,0.5,0.5,3411,0.0,0.0,0.0,correct,wrong,1.5
172,-0.154981875728245,-0.11459538011756724,-0.5339344681829217,Robins' estimator,1.0,1.0,0.5,0.5,3411,0.0,0.0,0.0,correct,wrong,1.5
173,-0.08790295391470031,-0.19984374578598907,-0.5284381827458604,Robins' estimator,1.0,1.0,0.5,0.5,3411,0.0,0.0,0.0,correct,wrong,1.5
174,-0.07268147328099796,-0.020723887373246708,-0.5209079807826184,Robins' estimator,1.0,1.0,0.5,0.5,3411,0.0,0.0,0.0,correct,wrong,1.5
175,0.19880718027955577,-0.16440954928529136,-0.5283631099656974,Robins' estimator,1.0,1.0,0.5,0.5,3411,0.0,0.0,0.0,correct,wrong,1.5
176,-0.0837728976949388,-0.0474330738402153,-0.5194033876838127,Robins' estimator,1.0,1.0,0.5,0.5,3411,0.0,0.0,0.0,correct,wrong,1.5
177,0.10850345568838021,0.1908988379970487,-0.5252774189107668,Robins' estimator,1.0,1.0,0.5,0.5,3411,0.0,0.0,0.0,correct,wrong,1.5
178,0.1269663544058819,-0.03677186592147604,-0.5209169368035079,Robins' estimator,1.0,1.0,0.5,0.5,3411,0.0,0.0,0.0,correct,wrong,1.5
179,-0.050903697695345494,0.12036487311042955,-0.5193234731333995,Robins' estimator,1.0,1.0,0.5,0.5,3411,0.0,0.0,0.0,correct,wrong,1.5
180,0.09345277502336925,0.186534453068069,-0.5260115622474495,Robins' estimator,1.0,1.0,0.5,0.5,3411,0.0,0.0,0.0,correct,wrong,1.5
181,-0.03310953356480037,0.03462124562845405,-0.5243461655078688,Robins' estimator,1.0,1.0,0.5,0.5,3411,0.0,0.0,0.0,correct,wrong,1.5
182,0.09584154215819947,0.19555248744400658,-0.4999724924306846,Robins' estimator,1.0,1.0,0.5,0.5,3411,0.0,0.0,0.0,correct,wrong,1.5
183,0.15511526380153415,-0.004601825225880068,-0.5141414649817098,Robins' estimator,1.0,1.0,0.5,0.5,3411,0.0,0.0,0.0,correct,wrong,1.5
184,0.21983046353046032,0.07688731570167591,-0.516903093937881,Robins' estimator,1.0,1.0,0.5,0.5,3411,0.0,0.0,0.0,correct,wrong,1.5
185,0.15791744725509452,-0.03823047803454543,-0.52466731684157,Robins' estimator,1.0,1.0,0.5,0.5,3411,0.0,0.0,0.0,correct,wrong,1.5
186,0.02733427543731882,-0.029958125555651485,-0.5240576199102532,Robins' estimator,1.0,1.0,0.5,0.5,3411,0.0,0.0,0.0,correct,wrong,1.5
187,0.19670678926797286,0.08567220963762444,-0.5116155072251138,Robins' estimator,1.0,1.0,0.5,0.5,3411,0.0,0.0,0.0,correct,wrong,1.5
188,-0.162108142175444,-0.060354481738563934,-0.5303298463622685,Robins' estimator,1.0,1.0,0.5,0.5,3411,0.0,0.0,0.0,correct,wrong,1.5
189,0.3536396019744405,0.20832144795955668,-0.5076438585916206,Robins' estimator,1.0,1.0,0.5,0.5,3411,0.0,0.0,0.0,correct,wrong,1.5
190,0.11192126817363948,0.10701076760419559,-0.5067485905136307,Robins' estimator,1.0,1.0,0.5,0.5,3411,0.0,0.0,0.0,correct,wrong,1.5
191,-0.1375965972924265,0.04660345532923303,-0.5148786315418914,Robins' estimator,1.0,1.0,0.5,0.5,3411,0.0,0.0,0.0,correct,wrong,1.5
192,-0.12211852248606604,-0.02062649572418641,-0.5267056617265479,Robins' estimator,1.0,1.0,0.5,0.5,3411,0.0,0.0,0.0,correct,wrong,1.5
193,-0.2764186718765541,-0.26036499756179404,-0.5356612834192712,Robins' estimator,1.0,1.0,0.5,0.5,3411,0.0,0.0,0.0,correct,wrong,1.5
194,0.32295627359291695,0.18362931894908813,-0.5105724159583729,Robins' estimator,1.0,1.0,0.5,0.5,3411,0.0,0.0,0.0,correct,wrong,1.5
195,-0.3365815086713844,-0.07481103222429003,-0.5345932520013031,Robins' estimator,1.0,1.0,0.5,0.5,3411,0.0,0.0,0.0,correct,wrong,1.5
196,-0.16829951572680005,-0.1837784492803764,-0.5333568952141069,Robins' estimator,1.0,1.0,0.5,0.5,3411,0.0,0.0,0.0,correct,wrong,1.5
197,-0.19399555852685432,-0.012982610338326513,-0.5246566313645592,Robins' estimator,1.0,1.0,0.5,0.5,3411,0.0,0.0,0.0,correct,wrong,1.5
198,0.09609591563220804,-0.06528659973095809,-0.5267788271322305,Robins' estimator,1.0,1.0,0.5,0.5,3411,0.0,0.0,0.0,correct,wrong,1.5
199,0.40493525297374056,0.11459711915504518,-0.5254113903267817,Robins' estimator,1.0,1.0,0.5,0.5,3411,0.0,0.0,0.0,correct,wrong,1.5
200,-0.028586776095725998,0.0162707862321169,-0.5160299692226047,Robins' estimator,1.0,1.0,0.5,0.5,3411,0.0,0.0,0.0,correct,wrong,1.5
201,0.10307238227489808,-0.041298306911524856,-0.5220943174421719,Robins' estimator,1.0,1.0,0.5,0.5,3411,0.0,0.0,0.0,correct,wrong,1.5
202,-0.0462619977866682,0.14318198987542913,-0.5199404737673892,Robins' estimator,1.0,1.0,0.5,0.5,3411,0.0,0.0,0.0,correct,wrong,1.5
203,0.21205418129116443,0.13160465694103063,-0.5161944693345325,Robins' estimator,1.0,1.0,0.5,0.5,3411,0.0,0.0,0.0,correct,wrong,1.5
204,0.05866330545887095,-0.03241785308231684,-0.5200195781071706,Robins' estimator,1.0,1.0,0.5,0.5,3411,0.0,0.0,0.0,correct,wrong,1.5
205,0.033389657268758144,-0.04293831517241015,-0.5232176893571303,Robins' estimator,1.0,1.0,0.5,0.5,3411,0.0,0.0,0.0,correct,wrong,1.5
206,0.20577101871217762,0.08255979549475484,-0.5227615170435,Robins' estimator,1.0,1.0,0.5,0.5,3411,0.0,0.0,0.0,correct,wrong,1.5
207,0.20158697737436918,0.19324788780794858,-0.5060447703728393,Robins' estimator,1.0,1.0,0.5,0.5,3411,0.0,0.0,0.0,correct,wrong,1.5
208,-0.32130568637036205,-0.2387314932040803,-0.5254783580603924,Robins' estimator,1.0,1.0,0.5,0.5,3411,0.0,0.0,0.0,correct,wrong,1.5
209,0.18100280715467476,0.11152176555744044,-0.523029277482313,Robins' estimator,1.0,1.0,0.5,0.5,3411,0.0,0.0,0.0,correct,wrong,1.5
210,0.09441802343505672,0.07036231195686868,-0.5178970171105318,Robins' estimator,1.0,1.0,0.5,0.5,3411,0.0,0.0,0.0,correct,wrong,1.5
211,0.3129840179072449,0.17914500025857036,-0.5151928999250335,Robins' estimator,1.0,1.0,0.5,0.5,3411,0.0,0.0,0.0,correct,wrong,1.5
212,0.2930128733888636,0.13796476253236936,-0.5205961325167178,Robins' estimator,1.0,1.0,0.5,0.5,3411,0.0,0.0,0.0,correct,wrong,1.5
213,-0.03800327069725688,-0.08726481225334189,-0.517159699167197,Robins' estimator,1.0,1.0,0.5,0.5,3411,0.0,0.0,0.0,correct,wrong,1.5
214,-0.24370340897761614,-0.0738889662501299,-0.5267860260257304,Robins' estimator,1.0,1.0,0.5,0.5,3411,0.0,0.0,0.0,correct,wrong,1.5
215,-0.09557989315282034,-0.04563759682389674,-0.513884180294934,Robins' estimator,1.0,1.0,0.5,0.5,3411,0.0,0.0,0.0,correct,wrong,1.5
216,0.21951355836612912,0.13953763437128627,-0.512313184616891,Robins' estimator,1.0,1.0,0.5,0.5,3411,0.0,0.0,0.0,correct,wrong,1.5
217,0.2032338827504766,0.05333667012871222,-0.5305817620333733,Robins' estimator,1.0,1.0,0.5,0.5,3411,0.0,0.0,0.0,correct,wrong,1.5
218,-0.05834159449071388,-0.04939112683849604,-0.5245481679417844,Robins' estimator,1.0,1.0,0.5,0.5,3411,0.0,0.0,0.0,correct,wrong,1.5
219,0.12593827161409113,0.04843171202802039,-0.5103684822261919,Robins' estimator,1.0,1.0,0.5,0.5,3411,0.0,0.0,0.0,correct,wrong,1.5
220,0.1030359322518198,0.11210197323432312,-0.5260871888429882,Robins' estimator,1.0,1.0,0.5,0.5,3411,0.0,0.0,0.0,correct,wrong,1.5
221,0.20448468893816016,0.08425949730292463,-0.522051101271081,Robins' estimator,1.0,1.0,0.5,0.5,3411,0.0,0.0,0.0,correct,wrong,1.5
222,0.0761554013474029,0.07914176628880125,-0.5132864737744575,Robins' estimator,1.0,1.0,0.5,0.5,3411,0.0,0.0,0.0,correct,wrong,1.5
223,0.18757219611022566,0.16196966146388098,-0.501901136178603,Robins' estimator,1.0,1.0,0.5,0.5,3411,0.0,0.0,0.0,correct,wrong,1.5
224,-0.004163456618601086,-0.1428281035548542,-0.5374759956606666,Robins' estimator,1.0,1.0,0.5,0.5,3411,0.0,0.0,0.0,correct,wrong,1.5
225,0.013892206318295118,0.017228507508090844,-0.522407226328764,Robins' estimator,1.0,1.0,0.5,0.5,3411,0.0,0.0,0.0,correct,wrong,1.5
226,0.10104365566311364,0.144460694978083,-0.5098702307477029,Robins' estimator,1.0,1.0,0.5,0.5,3411,0.0,0.0,0.0,correct,wrong,1.5
227,0.20449208129804342,0.04203586142572555,-0.5108159773579348,Robins' estimator,1.0,1.0,0.5,0.5,3411,0.0,0.0,0.0,correct,wrong,1.5
228,0.2697391286625861,0.1289857203640525,-0.509496623339584,Robins' estimator,1.0,1.0,0.5,0.5,3411,0.0,0.0,0.0,correct,wrong,1.5
229,-0.0022538970915795455,-0.09594517655509566,-0.5276588967201583,Robins' estimator,1.0,1.0,0.5,0.5,3411,0.0,0.0,0.0,correct,wrong,1.5
230,-0.3138697518955239,-0.1772654525127635,-0.5399011997816383,Robins' estimator,1.0,1.0,0.5,0.5,3411,0.0,0.0,0.0,correct,wrong,1.5
231,0.15294045702790335,0.015262386411716601,-0.5189483638282771,Robins' estimator,1.0,1.0,0.5,0.5,3411,0.0,0.0,0.0,correct,wrong,1.5
232,-0.14372214154414154,-0.00565420871467271,-0.5391193386643753,Robins' estimator,1.0,1.0,0.5,0.5,3411,0.0,0.0,0.0,correct,wrong,1.5
233,0.05257547431511451,0.1132872683945654,-0.5185980602511331,Robins' estimator,1.0,1.0,0.5,0.5,3411,0.0,0.0,0.0,correct,wrong,1.5
234,-0.09980449673982095,-0.25060263325136806,-0.5325772504520985,Robins' estimator,1.0,1.0,0.5,0.5,3411,0.0,0.0,0.0,correct,wrong,1.5
235,-0.04615744322249712,-0.04952514688193246,-0.5172599267590119,Robins' estimator,1.0,1.0,0.5,0.5,3411,0.0,0.0,0.0,correct,wrong,1.5
236,-0.1670033592866456,-0.028611239963234312,-0.5231351428044225,Robins' estimator,1.0,1.0,0.5,0.5,3411,0.0,0.0,0.0,correct,wrong,1.5
237,0.08014640309703078,-0.009929426769413347,-0.5196871052394723,Robins' estimator,1.0,1.0,0.5,0.5,3411,0.0,0.0,0.0,correct,wrong,1.5
238,0.235992342982083,0.10225643567981817,-0.507731056244392,Robins' estimator,1.0,1.0,0.5,0.5,3411,0.0,0.0,0.0,correct,wrong,1.5
239,-0.2418623441356215,-0.2289938648014262,-0.5352173043870774,Robins' estimator,1.0,1.0,0.5,0.5,3411,0.0,0.0,0.0,correct,wrong,1.5
240,-0.11729019997773009,0.1052843827188169,-0.5226901087641084,Robins' estimator,1.0,1.0,0.5,0.5,3411,0.0,0.0,0.0,correct,wrong,1.5
241,-0.061106533470632524,0.0721535613752918,-0.5222832610619644,Robins' estimator,1.0,1.0,0.5,0.5,3411,0.0,0.0,0.0,correct,wrong,1.5
242,0.01662218551704044,-0.02902533922780671,-0.5344160633349045,Robins' estimator,1.0,1.0,0.5,0.5,3411,0.0,0.0,0.0,correct,wrong,1.5
243,-0.04297340551123953,-0.08797846562922144,-0.5192948763635608,Robins' estimator,1.0,1.0,0.5,0.5,3411,0.0,0.0,0.0,correct,wrong,1.5
244,0.025246174459167166,0.007466317457011864,-0.5224244106046784,Robins' estimator,1.0,1.0,0.5,0.5,3411,0.0,0.0,0.0,correct,wrong,1.5
245,0.13959766499892512,0.07724982659233039,-0.5185295392943756,Robins' estimator,1.0,1.0,0.5,0.5,3411,0.0,0.0,0.0,correct,wrong,1.5
246,-0.3422520408521074,0.03051504502661101,-0.5231194962215064,Robins' estimator,1.0,1.0,0.5,0.5,3411,0.0,0.0,0.0,correct,wrong,1.5
247,-0.12533479074077628,-0.23181355327051403,-0.532784456281544,Robins' estimator,1.0,1.0,0.5,0.5,3411,0.0,0.0,0.0,correct,wrong,1.5
248,0.2649006906829011,-0.0975986839300388,-0.5192866245557736,Robins' estimator,1.0,1.0,0.5,0.5,3411,0.0,0.0,0.0,correct,wrong,1.5
249,0.277939778809498,0.17968358862125738,-0.5114493605870211,Robins' estimator,1.0,1.0,0.5,0.5,3411,0.0,0.0,0.0,correct,wrong,1.5
250,-0.03745241958947713,-0.02772360516394852,-0.5286796125487787,Robins' estimator,1.0,1.0,0.5,0.5,3411,0.0,0.0,0.0,correct,wrong,1.5
251,-0.18821590456395237,-0.16464960964525757,-0.5352988731658674,Robins' estimator,1.0,1.0,0.5,0.5,3411,0.0,0.0,0.0,correct,wrong,1.5
252,0.17590433359724753,0.05392760296539615,-0.5134512904361016,Robins' estimator,1.0,1.0,0.5,0.5,3411,0.0,0.0,0.0,correct,wrong,1.5
253,0.04797895123277075,0.21705805533507422,-0.5101992645382654,Robins' estimator,1.0,1.0,0.5,0.5,3411,0.0,0.0,0.0,correct,wrong,1.5
254,0.12152565471114823,0.013595786806762248,-0.524411118712246,Robins' estimator,1.0,1.0,0.5,0.5,3411,0.0,0.0,0.0,correct,wrong,1.5
255,0.007494602767185883,-0.10827629154375956,-0.5139696491066909,Robins' estimator,1.0,1.0,0.5,0.5,3411,0.0,0.0,0.0,correct,wrong,1.5
256,-0.20459854485457035,-0.18454954375586483,-0.5426322743740938,Robins' estimator,1.0,1.0,0.5,0.5,3411,0.0,0.0,0.0,correct,wrong,1.5
257,0.012733739718660157,-0.02158567294235381,-0.5283282250956037,Robins' estimator,1.0,1.0,0.5,0.5,3411,0.0,0.0,0.0,correct,wrong,1.5
258,-0.2646506946283831,-0.08467928419580345,-0.537205059174127,Robins' estimator,1.0,1.0,0.5,0.5,3411,0.0,0.0,0.0,correct,wrong,1.5
259,-0.1030895135622474,-0.06801814509291154,-0.5224713384302028,Robins' estimator,1.0,1.0,0.5,0.5,3411,0.0,0.0,0.0,correct,wrong,1.5
260,-0.08722186326833926,-0.17155935416778972,-0.5307200754265552,Robins' estimator,1.0,1.0,0.5,0.5,3411,0.0,0.0,0.0,correct,wrong,1.5
261,0.15316792558050268,0.0016236427998711001,-0.524272491228561,Robins' estimator,1.0,1.0,0.5,0.5,3411,0.0,0.0,0.0,correct,wrong,1.5
262,-0.046312568690271214,0.03032357281120239,-0.5220734599207608,Robins' estimator,1.0,1.0,0.5,0.5,3411,0.0,0.0,0.0,correct,wrong,1.5
263,-0.11282936647472057,-0.006666942172406072,-0.5233233708298662,Robins' estimator,1.0,1.0,0.5,0.5,3411,0.0,0.0,0.0,correct,wrong,1.5
264,0.17346231037436913,0.10581582536165948,-0.524244324425055,Robins' estimator,1.0,1.0,0.5,0.5,3411,0.0,0.0,0.0,correct,wrong,1.5
265,-0.06054217401696085,-0.062131263898458584,-0.523014276782789,Robins' estimator,1.0,1.0,0.5,0.5,3411,0.0,0.0,0.0,correct,wrong,1.5
266,-0.11483986855667105,-0.2390518125791143,-0.5506380417136462,Robins' estimator,1.0,1.0,0.5,0.5,3411,0.0,0.0,0.0,correct,wrong,1.5
267,0.02929914835122572,0.1395817569024444,-0.51613325091813,Robins' estimator,1.0,1.0,0.5,0.5,3411,0.0,0.0,0.0,correct,wrong,1.5
268,-0.2973094682909294,-0.0971964873296747,-0.5268467923563948,Robins' estimator,1.0,1.0,0.5,0.5,3411,0.0,0.0,0.0,correct,wrong,1.5
269,0.010183520355897088,0.04321674409673625,-0.5134745512612702,Robins' estimator,1.0,1.0,0.5,0.5,3411,0.0,0.0,0.0,correct,wrong,1.5
270,-0.17799723846358878,-0.2680940226446271,-0.5295976323816782,Robins' estimator,1.0,1.0,0.5,0.5,3411,0.0,0.0,0.0,correct,wrong,1.5
271,-0.0570937979702392,-0.04971320988984964,-0.5175808974826194,Robins' estimator,1.0,1.0,0.5,0.5,3411,0.0,0.0,0.0,correct,wrong,1.5
272,-0.13490791620353842,-0.10569005173017426,-0.5288922636893746,Robins' estimator,1.0,1.0,0.5,0.5,3411,0.0,0.0,0.0,correct,wrong,1.5
273,-0.07448571013905862,-0.1174096221067714,-0.5287247802964302,Robins' estimator,1.0,1.0,0.5,0.5,3411,0.0,0.0,0.0,correct,wrong,1.5
274,-0.13139834046988988,-0.1887222810228056,-0.5339602948450267,Robins' estimator,1.0,1.0,0.5,0.5,3411,0.0,0.0,0.0,correct,wrong,1.5
275,-0.02072117526463068,-0.029962721854413857,-0.5337704214611523,Robins' estimator,1.0,1.0,0.5,0.5,3411,0.0,0.0,0.0,correct,wrong,1.5
276,0.015672800573549472,-0.021229776658667043,-0.526533299414564,Robins' estimator,1.0,1.0,0.5,0.5,3411,0.0,0.0,0.0,correct,wrong,1.5
277,0.11179175285423473,-0.014568287315535083,-0.5290379801333407,Robins' estimator,1.0,1.0,0.5,0.5,3411,0.0,0.0,0.0,correct,wrong,1.5
278,0.12364963489277575,0.14575440623486643,-0.5257640846203401,Robins' estimator,1.0,1.0,0.5,0.5,3411,0.0,0.0,0.0,correct,wrong,1.5
279,-0.023171407861240705,-0.1008706876287499,-0.5274037654995969,Robins' estimator,1.0,1.0,0.5,0.5,3411,0.0,0.0,0.0,correct,wrong,1.5
280,0.026882895765068984,0.12845450255122212,-0.5249056405296751,Robins' estimator,1.0,1.0,0.5,0.5,3411,0.0,0.0,0.0,correct,wrong,1.5
281,0.3885004932273079,0.3236915953881458,-0.5087309118964048,Robins' estimator,1.0,1.0,0.5,0.5,3411,0.0,0.0,0.0,correct,wrong,1.5
282,0.07070336105366871,-0.05937934563984051,-0.5268864905230328,Robins' estimator,1.0,1.0,0.5,0.5,3411,0.0,0.0,0.0,correct,wrong,1.5
283,0.09199190498938133,0.04831902704901681,-0.5280810698481303,Robins' estimator,1.0,1.0,0.5,0.5,3411,0.0,0.0,0.0,correct,wrong,1.5
284,-0.006401268205705101,0.03467810658757329,-0.5212991333400566,Robins' estimator,1.0,1.0,0.5,0.5,3411,0.0,0.0,0.0,correct,wrong,1.5
285,0.0614172767387172,-0.13266620140760005,-0.5366960206830192,Robins' estimator,1.0,1.0,0.5,0.5,3411,0.0,0.0,0.0,correct,wrong,1.5
286,0.18959956828998845,0.060770192275553345,-0.5130156050926729,Robins' estimator,1.0,1.0,0.5,0.5,3411,0.0,0.0,0.0,correct,wrong,1.5
287,0.1211123456048701,0.16210359803808438,-0.5246358524737577,Robins' estimator,1.0,1.0,0.5,0.5,3411,0.0,0.0,0.0,correct,wrong,1.5
288,-0.32651034276793983,-0.15928384921328903,-0.5325926359375548,Robins' estimator,1.0,1.0,0.5,0.5,3411,0.0,0.0,0.0,correct,wrong,1.5
289,-0.24856917329107886,0.02508220562442353,-0.5134242260708783,Robins' estimator,1.0,1.0,0.5,0.5,3411,0.0,0.0,0.0,correct,wrong,1.5
290,-0.15150768641653842,-0.1383791926705898,-0.5333263248806505,Robins' estimator,1.0,1.0,0.5,0.5,3411,0.0,0.0,0.0,correct,wrong,1.5
291,0.1567425425145507,0.09076929515678124,-0.5149063944256641,Robins' estimator,1.0,1.0,0.5,0.5,3411,0.0,0.0,0.0,correct,wrong,1.5
292,0.33897557248807314,0.32214845558213295,-0.4996963498537144,Robins' estimator,1.0,1.0,0.5,0.5,3411,0.0,0.0,0.0,correct,wrong,1.5
293,-0.04907518584481098,-0.12430664710602266,-0.5324338743684844,Robins' estimator,1.0,1.0,0.5,0.5,3411,0.0,0.0,0.0,correct,wrong,1.5
294,0.1018380500443799,-0.0772303370031519,-0.519172915286832,Robins' estimator,1.0,1.0,0.5,0.5,3411,0.0,0.0,0.0,correct,wrong,1.5
295,0.11973169974722997,0.08277446917274564,-0.5131257915199359,Robins' estimator,1.0,1.0,0.5,0.5,3411,0.0,0.0,0.0,correct,wrong,1.5
296,-0.0046680987696565215,0.19607632741298786,-0.5248120205774466,Robins' estimator,1.0,1.0,0.5,0.5,3411,0.0,0.0,0.0,correct,wrong,1.5
297,0.024160398142539893,-0.12224427796926607,-0.5330211331791799,Robins' estimator,1.0,1.0,0.5,0.5,3411,0.0,0.0,0.0,correct,wrong,1.5
298,0.23437986104040134,0.30781177653817615,-0.5015173355450276,Robins' estimator,1.0,1.0,0.5,0.5,3411,0.0,0.0,0.0,correct,wrong,1.5
299,0.04400247267707505,0.0780126808093579,-0.521976107161019,Robins' estimator,1.0,1.0,0.5,0.5,3411,0.0,0.0,0.0,correct,wrong,1.5
300,0.13886765526177877,-0.22117489031028956,-0.525825382930577,Robins' estimator,1.0,1.0,0.5,0.5,3411,0.0,0.0,0.0,correct,wrong,1.5
1,-0.054711426644003275,-0.08611389600102055,-0.5163246006246272,GMM estimator,1.0,1.0,0.5,0.5,3411,0.0,0.0,0.0,correct,wrong,1.5
2,0.0375502105716487,0.00878408186310789,-0.5095898214707287,GMM estimator,1.0,1.0,0.5,0.5,3411,0.0,0.0,0.0,correct,wrong,1.5
3,-0.17629451388474843,0.08805111945097419,-0.5224861262779524,GMM estimator,1.0,1.0,0.5,0.5,3411,0.0,0.0,0.0,correct,wrong,1.5
4,0.10800296839104138,0.008237514500241192,-0.5334179494842272,GMM estimator,1.0,1.0,0.5,0.5,3411,0.0,0.0,0.0,correct,wrong,1.5
5,-0.235436662532858,-0.10080940370823198,-0.5258766076356757,GMM estimator,1.0,1.0,0.5,0.5,3411,0.0,0.0,0.0,correct,wrong,1.5
6,0.14099375488111038,0.06158484754315819,-0.5216676433487101,GMM estimator,1.0,1.0,0.5,0.5,3411,0.0,0.0,0.0,correct,wrong,1.5
7,0.2634320602232025,0.19542562929726154,-0.511006773088577,GMM estimator,1.0,1.0,0.5,0.5,3411,0.0,0.0,0.0,correct,wrong,1.5
8,-0.3935945638823231,-0.11822402202887804,-0.5255686599184399,GMM estimator,1.0,1.0,0.5,0.5,3411,0.0,0.0,0.0,correct,wrong,1.5
9,-0.06575619693173725,0.009863895736157927,-0.512333579438935,GMM estimator,1.0,1.0,0.5,0.5,3411,0.0,0.0,0.0,correct,wrong,1.5
10,-0.04926179242250967,-0.18796874823417514,-0.53831988530257,GMM estimator,1.0,1.0,0.5,0.5,3411,0.0,0.0,0.0,correct,wrong,1.5
11,0.08546942448284943,0.11177473179744515,-0.5243108166717209,GMM estimator,1.0,1.0,0.5,0.5,3411,0.0,0.0,0.0,correct,wrong,1.5
12,-0.05556488207339492,-0.0880666274171371,-0.5248608769773289,GMM estimator,1.0,1.0,0.5,0.5,3411,0.0,0.0,0.0,correct,wrong,1.5
13,0.15442565685115178,0.015546694387214156,-0.5264257687904054,GMM estimator,1.0,1.0,0.5,0.5,3411,0.0,0.0,0.0,correct,wrong,1.5
14,-0.28659410859544154,-0.13120902543614643,-0.5285893534996688,GMM estimator,1.0,1.0,0.5,0.5,3411,0.0,0.0,0.0,correct,wrong,1.5
15,-0.28100089125270333,-0.22799901140048134,-0.5350083766555609,GMM estimator,1.0,1.0,0.5,0.5,3411,0.0,0.0,0.0,correct,wrong,1.5
16,-0.21377672862687225,-0.3268105164958223,-0.5508190963011113,GMM estimator,1.0,1.0,0.5,0.5,3411,0.0,0.0,0.0,correct,wrong,1.5
17,0.3774379774673604,0.26031744048597055,-0.5102459105247462,GMM estimator,1.0,1.0,0.5,0.5,3411,0.0,0.0,0.0,correct,wrong,1.5
18,0.09984105699667874,0.13072015345350252,-0.5102622838291497,GMM estimator,1.0,1.0,0.5,0.5,3411,0.0,0.0,0.0,correct,wrong,1.5
19,0.06772900830265094,0.16764677944131964,-0.5120565653680578,GMM estimator,1.0,1.0,0.5,0.5,3411,0.0,0.0,0.0,correct,wrong,1.5
20,-0.1791349888553273,0.1368601842969756,-0.5107133640034742,GMM estimator,1.0,1.0,0.5,0.5,3411,0.0,0.0,0.0,correct,wrong,1.5
21,0.15767019434789611,0.19334207767134004,-0.5193378737135425,GMM estimator,1.0,1.0,0.5,0.5,3411,0.0,0.0,0.0,correct,wrong,1.5
22,-0.20913784317056983,-0.06037115225284651,-0.5183997796776154,GMM estimator,1.0,1.0,0.5,0.5,3411,0.0,0.0,0.0,correct,wrong,1.5
23,-0.05495530635546027,-0.13650826438961045,-0.5216588420778954,GMM estimator,1.0,1.0,0.5,0.5,3411,0.0,0.0,0.0,correct,wrong,1.5
24,0.12755381423601983,0.12984981414001506,-0.5168211574569564,GMM estimator,1.0,1.0,0.5,0.5,3411,0.0,0.0,0.0,correct,wrong,1.5
25,0.08391574365342924,0.12188282877910682,-0.5127202989953303,GMM estimator,1.0,1.0,0.5,0.5,3411,0.0,0.0,0.0,correct,wrong,1.5
26,0.050211490389930696,0.1860362497702035,-0.5136205638253212,GMM estimator,1.0,1.0,0.5,0.5,3411,0.0,0.0,0.0,correct,wrong,1.5
27,-0.014678121903234618,0.14136208607329764,-0.5175349126091782,GMM estimator,1.0,1.0,0.5,0.5,3411,0.0,0.0,0.0,correct,wrong,1.5
28,-0.2845245626559035,-0.2962143060026312,-0.5353267831497965,GMM estimator,1.0,1.0,0.5,0.5,3411,0.0,0.0,0.0,correct,wrong,1.5
29,-0.07570164702850478,-0.058226739830580895,-0.5236604452842494,GMM estimator,1.0,1.0,0.5,0.5,3411,0.0,0.0,0.0,correct,wrong,1.5
30,0.0010241932646385845,0.18209639190343818,-0.5275172788476608,GMM estimator,1.0,1.0,0.5,0.5,3411,0.0,0.0,0.0,correct,wrong,1.5
31,0.2860441804649268,0.14365893600899834,-0.5166627015065577,GMM estimator,1.0,1.0,0.5,0.5,3411,0.0,0.0,0.0,correct,wrong,1.5
32,-0.08434473756905478,-0.23935314720086856,-0.5289588264684414,GMM estimator,1.0,1.0,0.5,0.5,3411,0.0,0.0,0.0,correct,wrong,1.5
33,-0.08793601918074982,0.03803475990497177,-0.524299984256196,GMM estimator,1.0,1.0,0.5,0.5,3411,0.0,0.0,0.0,correct,wrong,1.5
34,0.026564349127217717,-0.06142289525344013,-0.524680490749232,GMM estimator,1.0,1.0,0.5,0.5,3411,0.0,0.0,0.0,correct,wrong,1.5
35,0.034583256489884834,0.035160648572220975,-0.5197508692523997,GMM estimator,1.0,1.0,0.5,0.5,3411,0.0,0.0,0.0,correct,wrong,1.5
36,0.13488092115177175,0.1842592801594871,-0.5190789096126619,GMM estimator,1.0,1.0,0.5,0.5,3411,0.0,0.0,0.0,correct,wrong,1.5
37,-0.20055962444831318,-0.16215296387947944,-0.5417009035807258,GMM estimator,1.0,1.0,0.5,0.5,3411,0.0,0.0,0.0,correct,wrong,1.5
38,-0.023960019711703064,-0.05210610974038725,-0.5251593307266715,GMM estimator,1.0,1.0,0.5,0.5,3411,0.0,0.0,0.0,correct,wrong,1.5
39,-0.15737628424154135,-0.0947179349556333,-0.5318762065715276,GMM estimator,1.0,1.0,0.5,0.5,3411,0.0,0.0,0.0,correct,wrong,1.5
40,0.17622830747794327,0.13821576162973015,-0.5225420303187127,GMM estimator,1.0,1.0,0.5,0.5,3411,0.0,0.0,0.0,correct,wrong,1.5
41,0.21490982751151516,0.1352254662088416,-0.5114187435295505,GMM estimator,1.0,1.0,0.5,0.5,3411,0.0,0.0,0.0,correct,wrong,1.5
42,0.27501728646130663,0.113976218785151,-0.518839345931891,GMM estimator,1.0,1.0,0.5,0.5,3411,0.0,0.0,0.0,correct,wrong,1.5
43,-3.8395862280887615e-06,0.021506913865797023,-0.5227717175807914,GMM estimator,1.0,1.0,0.5,0.5,3411,0.0,0.0,0.0,correct,wrong,1.5
44,0.1432257265552479,-0.06729982813878185,-0.517484668055871,GMM estimator,1.0,1.0,0.5,0.5,3411,0.0,0.0,0.0,correct,wrong,1.5
45,-0.042196254998845474,-0.13779967525203293,-0.5292257537673594,GMM estimator,1.0,1.0,0.5,0.5,3411,0.0,0.0,0.0,correct,wrong,1.5
46,-0.014603445158991514,0.01415863890677101,-0.5197946691379746,GMM estimator,1.0,1.0,0.5,0.5,3411,0.0,0.0,0.0,correct,wrong,1.5
47,0.19803576184817573,0.22512157070144198,-0.511764589886151,GMM estimator,1.0,1.0,0.5,0.5,3411,0.0,0.0,0.0,correct,wrong,1.5
48,0.009224452079305506,-0.01972013132195572,-0.5311040879942501,GMM estimator,1.0,1.0,0.5,0.5,3411,0.0,0.0,0.0,correct,wrong,1.5
49,-0.1387946286032786,0.07633425178369346,-0.5051106309121718,GMM estimator,1.0,1.0,0.5,0.5,3411,0.0,0.0,0.0,correct,wrong,1.5
50,-0.1085512034428509,0.10956312968729073,-0.532293713806164,GMM estimator,1.0,1.0,0.5,0.5,3411,0.0,0.0,0.0,correct,wrong,1.5
51,0.06693383182223785,0.030224882199294676,-0.534015320085203,GMM estimator,1.0,1.0,0.5,0.5,3411,0.0,0.0,0.0,correct,wrong,1.5
52,-0.1571384094409021,-0.01101024772078092,-0.5215758503770168,GMM estimator,1.0,1.0,0.5,0.5,3411,0.0,0.0,0.0,correct,wrong,1.5
53,0.08300155050671124,-0.04450520141112158,-0.5146481163168173,GMM estimator,1.0,1.0,0.5,0.5,3411,0.0,0.0,0.0,correct,wrong,1.5
54,-0.06351146462951943,-0.0954107077228956,-0.5175862060607931,GMM estimator,1.0,1.0,0.5,0.5,3411,0.0,0.0,0.0,correct,wrong,1.5
55,-0.10839337685393603,-0.056234120990099834,-0.5239349869896026,GMM estimator,1.0,1.0,0.5,0.5,3411,0.0,0.0,0.0,correct,wrong,1.5
56,-0.04742919278899918,0.09752415890657738,-0.5320621726278966,GMM estimator,1.0,1.0,0.5,0.5,3411,0.0,0.0,0.0,correct,wrong,1.5
57,-0.2816809657343735,-0.23607132518978316,-0.5295926795827034,GMM estimator,1.0,1.0,0.5,0.5,3411,0.0,0.0,0.0,correct,wrong,1.5
58,-0.09767272372314102,-0.1732517343021082,-0.5423412092412242,GMM estimator,1.0,1.0,0.5,0.5,3411,0.0,0.0,0.0,correct,wrong,1.5
59,0.3463579421101435,0.33807443738469817,-0.5122580347900556,GMM estimator,1.0,1.0,0.5,0.5,3411,0.0,0.0,0.0,correct,wrong,1.5
60,-0.01705927175973283,0.056739396999682105,-0.5178859519573126,GMM estimator,1.0,1.0,0.5,0.5,3411,0.0,0.0,0.0,correct,wrong,1.5
61,-0.017906569599019467,-0.012324141339293859,-0.5175348544325085,GMM estimator,1.0,1.0,0.5,0.5,3411,0.0,0.0,0.0,correct,wrong,1.5
62,-0.24672640953581415,0.021987723677835337,-0.512769324498945,GMM estimator,1.0,1.0,0.5,0.5,3411,0.0,0.0,0.0,correct,wrong,1.5
63,-0.22531617092691342,-0.07320551933091445,-0.5300721528967051,GMM estimator,1.0,1.0,0.5,0.5,3411,0.0,0.0,0.0,correct,wrong,1.5
64,-0.1269420210754798,-0.048100093427583014,-0.5247507384339466,GMM estimator,1.0,1.0,0.5,0.5,3411,0.0,0.0,0.0,correct,wrong,1.5
65,-0.16055383912767743,-0.02632155330168764,-0.5096839602158268,GMM estimator,1.0,1.0,0.5,0.5,3411,0.0,0.0,0.0,correct,wrong,1.5
66,0.06298356753520509,0.12962456378315895,-0.5203091678184889,GMM estimator,1.0,1.0,0.5,0.5,3411,0.0,0.0,0.0,correct,wrong,1.5
67,0.10545933656161573,0.048644476586868796,-0.5159356288143423,GMM estimator,1.0,1.0,0.5,0.5,3411,0.0,0.0,0.0,correct,wrong,1.5
68,-0.0035951218379394224,0.08770797698396146,-0.5143114796916447,GMM estimator,1.0,1.0,0.5,0.5,3411,0.0,0.0,0.0,correct,wrong,1.5
69,-0.13519201531457398,-0.07000285815244653,-0.5266499675936622,GMM estimator,1.0,1.0,0.5,0.5,3411,0.0,0.0,0.0,correct,wrong,1.5
70,-0.027870298379209138,-0.15835195407073568,-0.5349649291455921,GMM estimator,1.0,1.0,0.5,0.5,3411,0.0,0.0,0.0,correct,wrong,1.5
71,-0.22037849955734148,0.03568211492879866,-0.5081772680143759,GMM estimator,1.0,1.0,0.5,0.5,3411,0.0,0.0,0.0,correct,wrong,1.5
72,0.05464446665691143,0.04902407201672844,-0.5342347152767078,GMM estimator,1.0,1.0,0.5,0.5,3411,0.0,0.0,0.0,correct,wrong,1.5
73,-0.0033814753193640306,0.014129201724784329,-0.5179629450068896,GMM estimator,1.0,1.0,0.5,0.5,3411,0.0,0.0,0.0,correct,wrong,1.5
74,-0.44469983466984403,-0.29702052808885226,-0.5469121557585708,GMM estimator,1.0,1.0,0.5,0.5,3411,0.0,0.0,0.0,correct,wrong,1.5
75,-0.020954266354519583,-0.02292161233602596,-0.5175088180695914,GMM estimator,1.0,1.0,0.5,0.5,3411,0.0,0.0,0.0,correct,wrong,1.5
76,0.018930984746370907,-0.038303630581297626,-0.527460173538588,GMM estimator,1.0,1.0,0.5,0.5,3411,0.0,0.0,0.0,correct,wrong,1.5
77,-0.28960623160381577,-0.2224567827418286,-0.5433908095475896,GMM estimator,1.0,1.0,0.5,0.5,3411,0.0,0.0,0.0,correct,wrong,1.5
78,-0.35628608863085415,-0.268013238839411,-0.5448731821466007,GMM estimator,1.0,1.0,0.5,0.5,3411,0.0,0.0,0.0,correct,wrong,1.5
79,0.06312311912058488,-0.01727260234287058,-0.5229879766747639,GMM estimator,1.0,1.0,0.5,0.5,3411,0.0,0.0,0.0,correct,wrong,1.5
80,0.06309842187787477,-0.05827437244310526,-0.5303155682736839,GMM estimator,1.0,1.0,0.5,0.5,3411,0.0,0.0,0.0,correct,wrong,1.5
81,-0.2452764487221699,-0.07069815288579973,-0.5355188213585432,GMM estimator,1.0,1.0,0.5,0.5,3411,0.0,0.0,0.0,correct,wrong,1.5
82,0.019672963385668086,0.12984853457925183,-0.5150697449536557,GMM estimator,1.0,1.0,0.5,0.5,3411,0.0,0.0,0.0,correct,wrong,1.5
83,0.008431701599079073,-0.18380005354448684,-0.5409481303861037,GMM estimator,1.0,1.0,0.5,0.5,3411,0.0,0.0,0.0,correct,wrong,1.5
84,-0.09781750946509551,-0.06560345251025393,-0.5350215078501754,GMM estimator,1.0,1.0,0.5,0.5,3411,0.0,0.0,0.0,correct,wrong,1.5
85,-0.2524547584618759,-0.2579994378719718,-0.5464062305304148,GMM estimator,1.0,1.0,0.5,0.5,3411,0.0,0.0,0.0,correct,wrong,1.5
86,-0.09077131065575854,-0.019215948155718903,-0.523020789957878,GMM estimator,1.0,1.0,0.5,0.5,3411,0.0,0.0,0.0,correct,wrong,1.5
87,-0.022315065309429966,-0.16285274823598322,-0.5409492744341436,GMM estimator,1.0,1.0,0.5,0.5,3411,0.0,0.0,0.0,correct,wrong,1.5
88,0.3412111292341248,0.14021250004638705,-0.5210800180936661,GMM estimator,1.0,1.0,0.5,0.5,3411,0.0,0.0,0.0,correct,wrong,1.5
89,0.07111076645275473,0.08666593448690708,-0.5244481794239904,GMM estimator,1.0,1.0,0.5,0.5,3411,0.0,0.0,0.0,correct,wrong,1.5
90,0.08768708681678876,-0.07075059066768202,-0.5285300110659212,GMM estimator,1.0,1.0,0.5,0.5,3411,0.0,0.0,0.0,correct,wrong,1.5
91,-0.0075398851010352,-0.009843967065764894,-0.5213409035566207,GMM estimator,1.0,1.0,0.5,0.5,3411,0.0,0.0,0.0,correct,wrong,1.5
92,-0.24198918184872992,-0.27183165187729463,-0.5393587783663202,GMM estimator,1.0,1.0,0.5,0.5,3411,0.0,0.0,0.0,correct,wrong,1.5
93,0.24227565013779365,0.11300215035178286,-0.5183127894319649,GMM estimator,1.0,1.0,0.5,0.5,3411,0.0,0.0,0.0,correct,wrong,1.5
94,-0.19723913786198716,-0.04907569671177482,-0.5234578025209735,GMM estimator,1.0,1.0,0.5,0.5,3411,0.0,0.0,0.0,correct,wrong,1.5
95,0.0981892152802908,0.07536023231833289,-0.5196176752604237,GMM estimator,1.0,1.0,0.5,0.5,3411,0.0,0.0,0.0,correct,wrong,1.5
96,-0.172858924667285,-0.23886976456001005,-0.5360662428965846,GMM estimator,1.0,1.0,0.5,0.5,3411,0.0,0.0,0.0,correct,wrong,1.5
97,-0.05537747157404154,0.012657812062140016,-0.5236699726266978,GMM estimator,1.0,1.0,0.5,0.5,3411,0.0,0.0,0.0,correct,wrong,1.5
98,0.22682013552271282,0.12558432204617512,-0.5126010403263787,GMM estimator,1.0,1.0,0.5,0.5,3411,0.0,0.0,0.0,correct,wrong,1.5
99,-0.25131085550260174,-0.031052589371671324,-0.525607511631597,GMM estimator,1.0,1.0,0.5,0.5,3411,0.0,0.0,0.0,correct,wrong,1.5
100,-0.03003563402635804,-0.05893335550418305,-0.5397920326382455,GMM estimator,1.0,1.0,0.5,0.5,3411,0.0,0.0,0.0,correct,wrong,1.5
101,0.11658162389065614,-0.059726349998779134,-0.5144872836850476,GMM estimator,1.0,1.0,0.5,0.5,3411,0.0,0.0,0.0,correct,wrong,1.5
102,-0.06981195932334015,-0.12440313294436245,-0.5425603763530454,GMM estimator,1.0,1.0,0.5,0.5,3411,0.0,0.0,0.0,correct,wrong,1.5
103,0.10227976611065535,-0.015273294379425173,-0.515798750407,GMM estimator,1.0,1.0,0.5,0.5,3411,0.0,0.0,0.0,correct,wrong,1.5
104,-0.2618352235691321,-0.04217513115831144,-0.5164748958943298,GMM estimator,1.0,1.0,0.5,0.5,3411,0.0,0.0,0.0,correct,wrong,1.5
105,-0.26301620839486844,-0.20139290134367213,-0.537195760270945,GMM estimator,1.0,1.0,0.5,0.5,3411,0.0,0.0,0.0,correct,wrong,1.5
106,-0.311116286017688,-0.356715471160038,-0.5439316123403964,GMM estimator,1.0,1.0,0.5,0.5,3411,0.0,0.0,0.0,correct,wrong,1.5
107,-0.19862372778929197,-0.2039165904987381,-0.5219366267632234,GMM estimator,1.0,1.0,0.5,0.5,3411,0.0,0.0,0.0,correct,wrong,1.5
108,0.02091196283972686,0.17064419665761518,-0.5255513225264159,GMM estimator,1.0,1.0,0.5,0.5,3411,0.0,0.0,0.0,correct,wrong,1.5
109,-0.028135315247070206,-0.028301356181951835,-0.5273141003928953,GMM estimator,1.0,1.0,0.5,0.5,3411,0.0,0.0,0.0,correct,wrong,1.5
110,0.1925940335728117,0.1732958326457875,-0.5126925585213878,GMM estimator,1.0,1.0,0.5,0.5,3411,0.0,0.0,0.0,correct,wrong,1.5
111,-0.011383579323397681,0.0643353790080352,-0.5224506015352056,GMM estimator,1.0,1.0,0.5,0.5,3411,0.0,0.0,0.0,correct,wrong,1.5
112,-0.004125271032204508,-0.009948354384174497,-0.5251224277551412,GMM estimator,1.0,1.0,0.5,0.5,3411,0.0,0.0,0.0,correct,wrong,1.5
113,-0.2734845379752501,0.020912953855090063,-0.5241549927475022,GMM estimator,1.0,1.0,0.5,0.5,3411,0.0,0.0,0.0,correct,wrong,1.5
114,0.4364052582694046,0.10883072668054472,-0.5249484571689319,GMM estimator,1.0,1.0,0.5,0.5,3411,0.0,0.0,0.0,correct,wrong,1.5
115,-0.05381128205497253,-0.006608148221654617,-0.5177404842331718,GMM estimator,1.0,1.0,0.5,0.5,3411,0.0,0.0,0.0,correct,wrong,1.5
116,0.014951221862357696,0.08731172795839423,-0.5209368283756761,GMM estimator,1.0,1.0,0.5,0.5,3411,0.0,0.0,0.0,correct,wrong,1.5
117,-0.4514025990475324,-0.3108820262517786,-0.5474969544868639,GMM estimator,1.0,1.0,0.5,0.5,3411,0.0,0.0,0.0,correct,wrong,1.5
118,-0.1276252977993817,-0.07075680353972401,-0.5259336629310736,GMM estimator,1.0,1.0,0.5,0.5,3411,0.0,0.0,0.0,correct,wrong,1.5
119,0.1461244156081949,-0.006269332432796014,-0.5280129421078629,GMM estimator,1.0,1.0,0.5,0.5,3411,0.0,0.0,0.0,correct,wrong,1.5
120,-0.10150605051008783,-0.04124660668341908,-0.5252202966759274,GMM estimator,1.0,1.0,0.5,0.5,3411,0.0,0.0,0.0,correct,wrong,1.5
121,-0.17412811289242877,-0.08577282208491971,-0.5260221672568068,GMM estimator,1.0,1.0,0.5,0.5,3411,0.0,0.0,0.0,correct,wrong,1.5
122,0.008241503402405015,0.035259468816808776,-0.519352482648455,GMM estimator,1.0,1.0,0.5,0.5,3411,0.0,0.0,0.0,correct,wrong,1.5
123,0.15998846102197642,0.027510570302880302,-0.5117784135074501,GMM estimator,1.0,1.0,0.5,0.5,3411,0.0,0.0,0.0,correct,wrong,1.5
124,-0.18416932898224514,-0.17104334171729238,-0.5315920941906224,GMM estimator,1.0,1.0,0.5,0.5,3411,0.0,0.0,0.0,correct,wrong,1.5
125,-0.12597708644317673,0.0010384786423406507,-0.5183808395045417,GMM estimator,1.0,1.0,0.5,0.5,3411,0.0,0.0,0.0,correct,wrong,1.5
126,-0.09422844941269795,0.0010965052819563682,-0.5203830070897959,GMM estimator,1.0,1.0,0.5,0.5,3411,0.0,0.0,0.0,correct,wrong,1.5
127,0.03170862424814624,-0.07543587984245384,-0.5206537207810525,GMM estimator,1.0,1.0,0.5,0.5,3411,0.0,0.0,0.0,correct,wrong,1.5
128,-0.06745212203138964,0.03637844010703484,-0.5192984062188283,GMM estimator,1.0,1.0,0.5,0.5,3411,0.0,0.0,0.0,correct,wrong,1.5
129,0.011408243970019388,-0.044387914037925795,-0.52239105797666,GMM estimator,1.0,1.0,0.5,0.5,3411,0.0,0.0,0.0,correct,wrong,1.5
130,-0.09556402441064493,-0.12478395476046604,-0.5277846263217816,GMM estimator,1.0,1.0,0.5,0.5,3411,0.0,0.0,0.0,correct,wrong,1.5
131,-0.09399590693332341,-0.005962489279469829,-0.5282728567694123,GMM estimator,1.0,1.0,0.5,0.5,3411,0.0,0.0,0.0,correct,wrong,1.5
132,-0.2611421741631801,-0.15082377782893108,-0.5250649566479991,GMM estimator,1.0,1.0,0.5,0.5,3411,0.0,0.0,0.0,correct,wrong,1.5
133,-0.019393511654852195,-0.016366202503373433,-0.515961184140791,GMM estimator,1.0,1.0,0.5,0.5,3411,0.0,0.0,0.0,correct,wrong,1.5
134,-0.14485503153843263,-0.05795481386951763,-0.5240754968545217,GMM estimator,1.0,1.0,0.5,0.5,3411,0.0,0.0,0.0,correct,wrong,1.5
135,0.013465519394687627,-0.14340721678153073,-0.5339665787839153,GMM estimator,1.0,1.0,0.5,0.5,3411,0.0,0.0,0.0,correct,wrong,1.5
136,-0.20430729201871278,-0.05215865644755271,-0.5270338565190003,GMM estimator,1.0,1.0,0.5,0.5,3411,0.0,0.0,0.0,correct,wrong,1.5
137,0.16481023590216246,-0.00653536010727942,-0.5318783123061305,GMM estimator,1.0,1.0,0.5,0.5,3411,0.0,0.0,0.0,correct,wrong,1.5
138,0.20301531763597624,0.06292680854938786,-0.528233593113614,GMM estimator,1.0,1.0,0.5,0.5,3411,0.0,0.0,0.0,correct,wrong,1.5
139,-0.2381536193083699,-0.19831165481476265,-0.5389066179110765,GMM estimator,1.0,1.0,0.5,0.5,3411,0.0,0.0,0.0,correct,wrong,1.5
140,0.2581135518007025,0.19615156184874216,-0.5153046026549284,GMM estimator,1.0,1.0,0.5,0.5,3411,0.0,0.0,0.0,correct,wrong,1.5
141,0.17034579587042675,0.20732398090625906,-0.5087658100181125,GMM estimator,1.0,1.0,0.5,0.5,3411,0.0,0.0,0.0,correct,wrong,1.5
142,-0.09018977610627192,-0.10324061472823234,-0.5253731374549535,GMM estimator,1.0,1.0,0.5,0.5,3411,0.0,0.0,0.0,correct,wrong,1.5
143,0.31429268386507875,0.2829279769026838,-0.5059830533067728,GMM estimator,1.0,1.0,0.5,0.5,3411,0.0,0.0,0.0,correct,wrong,1.5
144,0.039982326204425066,-0.04334789845429372,-0.5263849329216457,GMM estimator,1.0,1.0,0.5,0.5,3411,0.0,0.0,0.0,correct,wrong,1.5
145,0.1024183544133403,0.18120601381042375,-0.49978545178833644,GMM estimator,1.0,1.0,0.5,0.5,3411,0.0,0.0,0.0,correct,wrong,1.5
146,-0.13491352962105851,0.005567073365128099,-0.5273201870990216,GMM estimator,1.0,1.0,0.5,0.5,3411,0.0,0.0,0.0,correct,wrong,1.5
147,0.08718912008534453,-0.03138390908613485,-0.5223250356121667,GMM estimator,1.0,1.0,0.5,0.5,3411,0.0,0.0,0.0,correct,wrong,1.5
148,0.07611359634351941,0.010600920224496912,-0.5241525669613529,GMM estimator,1.0,1.0,0.5,0.5,3411,0.0,0.0,0.0,correct,wrong,1.5
149,-0.1501275278839897,-0.0583890089220369,-0.5247832685248426,GMM estimator,1.0,1.0,0.5,0.5,3411,0.0,0.0,0.0,correct,wrong,1.5
150,0.1919689146858733,0.37144863271282774,-0.5093458004212995,GMM estimator,1.0,1.0,0.5,0.5,3411,0.0,0.0,0.0,correct,wrong,1.5
151,0.00015528856495387785,-0.05148355383830023,-0.530223461424922,GMM estimator,1.0,1.0,0.5,0.5,3411,0.0,0.0,0.0,correct,wrong,1.5
152,0.10475974374801394,0.0965155712747234,-0.5188518026071758,GMM estimator,1.0,1.0,0.5,0.5,3411,0.0,0.0,0.0,correct,wrong,1.5
153,0.16248370914989935,-0.039932571519859364,-0.5240986674713465,GMM estimator,1.0,1.0,0.5,0.5,3411,0.0,0.0,0.0,correct,wrong,1.5
154,0.08615361163371389,0.20017142933899815,-0.5141686410718218,GMM estimator,1.0,1.0,0.5,0.5,3411,0.0,0.0,0.0,correct,wrong,1.5
155,-0.08496348954430293,-0.08626555000078656,-0.5353348219998056,GMM estimator,1.0,1.0,0.5,0.5,3411,0.0,0.0,0.0,correct,wrong,1.5
156,-0.0836157784967091,-0.09868187994097213,-0.5140693417911539,GMM estimator,1.0,1.0,0.5,0.5,3411,0.0,0.0,0.0,correct,wrong,1.5
157,-0.0668730305578029,-0.046941763848545794,-0.5193431780860808,GMM estimator,1.0,1.0,0.5,0.5,3411,0.0,0.0,0.0,correct,wrong,1.5
158,0.13027832092678515,-0.002995926869682076,-0.525418499464228,GMM estimator,1.0,1.0,0.5,0.5,3411,0.0,0.0,0.0,correct,wrong,1.5
159,-0.04177424562693492,0.07209182636676026,-0.5163145995056669,GMM estimator,1.0,1.0,0.5,0.5,3411,0.0,0.0,0.0,correct,wrong,1.5
160,-0.005990547111118899,-0.048993425110504495,-0.5274694408991337,GMM estimator,1.0,1.0,0.5,0.5,3411,0.0,0.0,0.0,correct,wrong,1.5
161,0.030927080379029553,0.0646975799583909,-0.5170361496863518,GMM estimator,1.0,1.0,0.5,0.5,3411,0.0,0.0,0.0,correct,wrong,1.5
162,0.12382418872352889,0.1501848307946108,-0.5179009467926323,GMM estimator,1.0,1.0,0.5,0.5,3411,0.0,0.0,0.0,correct,wrong,1.5
163,0.0859607878526692,0.07822523621825601,-0.5265990968982038,GMM estimator,1.0,1.0,0.5,0.5,3411,0.0,0.0,0.0,correct,wrong,1.5
164,-0.2534298226852208,-0.220764723119424,-0.538121281129806,GMM estimator,1.0,1.0,0.5,0.5,3411,0.0,0.0,0.0,correct,wrong,1.5
165,-0.13371647340128318,-0.17496367370962584,-0.5296468235974343,GMM estimator,1.0,1.0,0.5,0.5,3411,0.0,0.0,0.0,correct,wrong,1.5
166,-0.059643593177266765,-0.05629369265190681,-0.5196440683443758,GMM estimator,1.0,1.0,0.5,0.5,3411,0.0,0.0,0.0,correct,wrong,1.5
167,-0.14699864367074578,-0.13640080399099946,-0.5314453388975173,GMM estimator,1.0,1.0,0.5,0.5,3411,0.0,0.0,0.0,correct,wrong,1.5
168,-0.09775712451415162,-0.04617069132369032,-0.5236836741907259,GMM estimator,1.0,1.0,0.5,0.5,3411,0.0,0.0,0.0,correct,wrong,1.5
169,-0.13664837253908074,0.048874723436450204,-0.5279470822670091,GMM estimator,1.0,1.0,0.5,0.5,3411,0.0,0.0,0.0,correct,wrong,1.5
170,0.14157583019086117,0.06905357270869983,-0.5267099251056093,GMM estimator,1.0,1.0,0.5,0.5,3411,0.0,0.0,0.0,correct,wrong,1.5
171,-0.1330110914838361,-0.13550213214815227,-0.5333502912497932,GMM estimator,1.0,1.0,0.5,0.5,3411,0.0,0.0,0.0,correct,wrong,1.5
172,-0.15975033784425968,-0.11227474814674969,-0.5340606308169381,GMM estimator,1.0,1.0,0.5,0.5,3411,0.0,0.0,0.0,correct,wrong,1.5
173,-0.12890967722885893,-0.24807767705016154,-0.5308530192382157,GMM estimator,1.0,1.0,0.5,0.5,3411,0.0,0.0,0.0,correct,wrong,1.5
174,-0.08336889287487392,-0.018586298480741663,-0.5208810630449975,GMM estimator,1.0,1.0,0.5,0.5,3411,0.0,0.0,0.0,correct,wrong,1.5
175,0.1302604027628392,-0.19400224885615194,-0.5304936444102293,GMM estimator,1.0,1.0,0.5,0.5,3411,0.0,0.0,0.0,correct,wrong,1.5
176,-0.09443363104846865,-0.030164059197089463,-0.5186504999901793,GMM estimator,1.0,1.0,0.5,0.5,3411,0.0,0.0,0.0,correct,wrong,1.5
177,0.07521224875322256,0.15417773881661911,-0.5277232362074764,GMM estimator,1.0,1.0,0.5,0.5,3411,0.0,0.0,0.0,correct,wrong,1.5
178,0.1361615718210037,-0.0330258147212436,-0.5202361876891143,GMM estimator,1.0,1.0,0.5,0.5,3411,0.0,0.0,0.0,correct,wrong,1.5
179,-0.013196293530914529,0.15227865328123746,-0.5176830730979943,GMM estimator,1.0,1.0,0.5,0.5,3411,0.0,0.0,0.0,correct,wrong,1.5
180,0.09551331355380602,0.18697103357979356,-0.5242705197912336,GMM estimator,1.0,1.0,0.5,0.5,3411,0.0,0.0,0.0,correct,wrong,1.5
181,-0.07813041856483609,-0.002510350173397858,-0.5257196719161814,GMM estimator,1.0,1.0,0.5,0.5,3411,0.0,0.0,0.0,correct,wrong,1.5
182,0.07016379124235171,0.1820773614407182,-0.5006367462313284,GMM estimator,1.0,1.0,0.5,0.5,3411,0.0,0.0,0.0,correct,wrong,1.5
183,0.13644585928724617,-0.02565872316435077,-0.51523590625189,GMM estimator,1.0,1.0,0.5,0.5,3411,0.0,0.0,0.0,correct,wrong,1.5
184,0.2287110829206485,0.08073206153879398,-0.516633145944011,GMM estimator,1.0,1.0,0.5,0.5,3411,0.0,0.0,0.0,correct,wrong,1.5
185,0.15372859765515878,-0.04050957228606495,-0.5244135349830208,GMM estimator,1.0,1.0,0.5,0.5,3411,0.0,0.0,0.0,correct,wrong,1.5
186,-0.012523751616077446,-0.05140750943964116,-0.5248146170721814,GMM estimator,1.0,1.0,0.5,0.5,3411,0.0,0.0,0.0,correct,wrong,1.5
187,0.2028427009671523,0.09748029748930254,-0.5108250244234722,GMM estimator,1.0,1.0,0.5,0.5,3411,0.0,0.0,0.0,correct,wrong,1.5
188,-0.16976899924363395,-0.057801335432547576,-0.529770001839999,GMM estimator,1.0,1.0,0.5,0.5,3411,0.0,0.0,0.0,correct,wrong,1.5
189,0.36587201431849925,0.21689597837349622,-0.5068508466994952,GMM estimator,1.0,1.0,0.5,0.5,3411,0.0,0.0,0.0,correct,wrong,1.5
190,0.10406219383497413,0.10722524471014605,-0.506702012994197,GMM estimator,1.0,1.0,0.5,0.5,3411,0.0,0.0,0.0,correct,wrong,1.5
191,-0.11234228884802844,0.06582902268273763,-0.514023587732962,GMM estimator,1.0,1.0,0.5,0.5,3411,0.0,0.0,0.0,correct,wrong,1.5
192,-0.13027674387416655,-0.04096944399541837,-0.5280748618871057,GMM estimator,1.0,1.0,0.5,0.5,3411,0.0,0.0,0.0,correct,wrong,1.5
193,-0.2430524637561746,-0.2343933106368718,-0.5343752299004131,GMM estimator,1.0,1.0,0.5,0.5,3411,0.0,0.0,0.0,correct,wrong,1.5
194,0.3174144601997753,0.1785931570907261,-0.5108238921466058,GMM estimator,1.0,1.0,0.5,0.5,3411,0.0,0.0,0.0,correct,wrong,1.5
195,-0.3264708720128223,-0.07461764211445103,-0.5339902137510253,GMM estimator,1.0,1.0,0.5,0.5,3411,0.0,0.0,0.0,correct,wrong,1.5
196,-0.1820218532633199,-0.19745649149139258,-0.5338170568575318,GMM estimator,1.0,1.0,0.5,0.5,3411,0.0,0.0,0.0,correct,wrong,1.5
197,-0.26348233143394684,-0.06575330820636416,-0.5258893112146203,GMM estimator,1.0,1.0,0.5,0.5,3411,0.0,0.0,0.0,correct,wrong,1.5
198,0.06628147804603385,-0.09096709560698835,-0.5270575624970278,GMM estimator,1.0,1.0,0.5,0.5,3411,0.0,0.0,0.0,correct,wrong,1.5
199,0.3980665035560998,0.12238951351351489,-0.5249354994583949,GMM estimator,1.0,1.0,0.5,0.5,3411,0.0,0.0,0.0,correct,wrong,1.5
200,-0.029377106375263244,0.015581623878369012,-0.5160572966297821,GMM estimator,1.0,1.0,0.5,0.5,3411,0.0,0.0,0.0,correct,wrong,1.5
201,0.0936282599674677,-0.048069079899361405,-0.5223071217389709,GMM estimator,1.0,1.0,0.5,0.5,3411,0.0,0.0,0.0,correct,wrong,1.5
202,-0.04911980100530934,0.14011427667676235,-0.5201104387122244,GMM estimator,1.0,1.0,0.5,0.5,3411,0.0,0.0,0.0,correct,wrong,1.5
203,0.24393945513811904,0.15309948575122073,-0.5151009515964053,GMM estimator,1.0,1.0,0.5,0.5,3411,0.0,0.0,0.0,correct,wrong,1.5
204,0.047097473909992485,-0.033445526746557507,-0.5200658447318939,GMM estimator,1.0,1.0,0.5,0.5,3411,0.0,0.0,0.0,correct,wrong,1.5
205,0.026848289976328387,-0.027042838064587425,-0.5221929683186016,GMM estimator,1.0,1.0,0.5,0.5,3411,0.0,0.0,0.0,correct,wrong,1.5
206,0.2318418399086076,0.09912873654967845,-0.5215416533638876,GMM estimator,1.0,1.0,0.5,0.5,3411,0.0,0.0,0.0,correct,wrong,1.5
207,0.18245685822292668,0.17803031609047054,-0.507484010195229,GMM estimator,1.0,1.0,0.5,0.5,3411,0.0,0.0,0.0,correct,wrong,1.5
208,-0.3163243208579612,-0.22167064864110453,-0.5247566993382379,GMM estimator,1.0,1.0,0.5,0.5,3411,0.0,0.0,0.0,correct,wrong,1.5
209,0.25140416320314246,0.1836727218161786,-0.5189316495655216,GMM estimator,1.0,1.0,0.5,0.5,3411,0.0,0.0,0.0,correct,wrong,1.5
210,0.04630668417500938,0.02399669394397628,-0.5214690200960851,GMM estimator,1.0,1.0,0.5,0.5,3411,0.0,0.0,0.0,correct,wrong,1.5
211,0.3002142972630699,0.16792379872574434,-0.5159576689070399,GMM estimator,1.0,1.0,0.5,0.5,3411,0.0,0.0,0.0,correct,wrong,1.5
212,0.287302386935761,0.13271513714694202,-0.5207570132122775,GMM estimator,1.0,1.0,0.5,0.5,3411,0.0,0.0,0.0,correct,wrong,1.5
213,-0.05490123723219658,-0.0956839207194445,-0.5174740834749905,GMM estimator,1.0,1.0,0.5,0.5,3411,0.0,0.0,0.0,correct,wrong,1.5
214,-0.2636782995886339,-0.10281307703300549,-0.5284196178590751,GMM estimator,1.0,1.0,0.5,0.5,3411,0.0,0.0,0.0,correct,wrong,1.5
215,-0.13645699053342872,-0.08615758171601054,-0.5157041839850516,GMM estimator,1.0,1.0,0.5,0.5,3411,0.0,0.0,0.0,correct,wrong,1.5
216,0.1589425680852473,0.10928653498523758,-0.5123060058243681,GMM estimator,1.0,1.0,0.5,0.5,3411,0.0,0.0,0.0,correct,wrong,1.5
217,0.10775777930632466,-0.028314871539495714,-0.5344611536897749,GMM estimator,1.0,1.0,0.5,0.5,3411,0.0,0.0,0.0,correct,wrong,1.5
218,-0.053321580927001136,-0.040414322598507024,-0.523375547520091,GMM estimator,1.0,1.0,0.5,0.5,3411,0.0,0.0,0.0,correct,wrong,1.5
219,0.10436672862034149,0.014007338124183663,-0.5112845748696194,GMM estimator,1.0,1.0,0.5,0.5,3411,0.0,0.0,0.0,correct,wrong,1.5
220,0.051916185400316776,0.08184187284402496,-0.5280950197419669,GMM estimator,1.0,1.0,0.5,0.5,3411,0.0,0.0,0.0,correct,wrong,1.5
221,0.2405190564213897,0.10923772635469835,-0.521419355789907,GMM estimator,1.0,1.0,0.5,0.5,3411,0.0,0.0,0.0,correct,wrong,1.5
222,0.09170861290091893,0.0910389802857981,-0.5130744700083526,GMM estimator,1.0,1.0,0.5,0.5,3411,0.0,0.0,0.0,correct,wrong,1.5
223,0.1865865452609712,0.16945157373244413,-0.5013412597788681,GMM estimator,1.0,1.0,0.5,0.5,3411,0.0,0.0,0.0,correct,wrong,1.5
224,-0.05676732266427459,-0.16308923668749853,-0.5395232495696373,GMM estimator,1.0,1.0,0.5,0.5,3411,0.0,0.0,0.0,correct,wrong,1.5
225,0.04510193846586021,0.028499562536419304,-0.5219491421170344,GMM estimator,1.0,1.0,0.5,0.5,3411,0.0,0.0,0.0,correct,wrong,1.5
226,0.03008601395977869,0.10569022163555128,-0.5116800617324392,GMM estimator,1.0,1.0,0.5,0.5,3411,0.0,0.0,0.0,correct,wrong,1.5
227,0.18598331682372074,0.022447849397713927,-0.5099009584015066,GMM estimator,1.0,1.0,0.5,0.5,3411,0.0,0.0,0.0,correct,wrong,1.5
228,0.27137669699221584,0.13080459677363193,-0.5093928665445109,GMM estimator,1.0,1.0,0.5,0.5,3411,0.0,0.0,0.0,correct,wrong,1.5
229,-0.002708382693709014,-0.09170761399650243,-0.5272316328000559,GMM estimator,1.0,1.0,0.5,0.5,3411,0.0,0.0,0.0,correct,wrong,1.5
230,-0.33184293751214083,-0.1945024405189157,-0.5407547745398468,GMM estimator,1.0,1.0,0.5,0.5,3411,0.0,0.0,0.0,correct,wrong,1.5
231,0.12625839896834082,0.0030329049301033055,-0.5188765969722229,GMM estimator,1.0,1.0,0.5,0.5,3411,0.0,0.0,0.0,correct,wrong,1.5
232,-0.11825102837663796,0.01736947043119436,-0.53658179255541,GMM estimator,1.0,1.0,0.5,0.5,3411,0.0,0.0,0.0,correct,wrong,1.5
233,0.014274089315564155,0.10581908888865932,-0.5181290039213804,GMM estimator,1.0,1.0,0.5,0.5,3411,0.0,0.0,0.0,correct,wrong,1.5
234,-0.11559024214044385,-0.263612812217647,-0.5333212223717185,GMM estimator,1.0,1.0,0.5,0.5,3411,0.0,0.0,0.0,correct,wrong,1.5
235,-0.04173810927831082,-0.02975968009089442,-0.5174020321137418,GMM estimator,1.0,1.0,0.5,0.5,3411,0.0,0.0,0.0,correct,wrong,1.5
236,-0.1154916525990891,0.013252966499338572,-0.5205044599586903,GMM estimator,1.0,1.0,0.5,0.5,3411,0.0,0.0,0.0,correct,wrong,1.5
237,0.04265340514678851,-0.0023698033790376673,-0.5192748005112323,GMM estimator,1.0,1.0,0.5,0.5,3411,0.0,0.0,0.0,correct,wrong,1.5
238,0.249832278536764,0.1165796598840295,-0.5068385343103586,GMM estimator,1.0,1.0,0.5,0.5,3411,0.0,0.0,0.0,correct,wrong,1.5
239,-0.2450164518674406,-0.227381289867599,-0.5350713818046197,GMM estimator,1.0,1.0,0.5,0.5,3411,0.0,0.0,0.0,correct,wrong,1.5
240,-0.12980990935944922,0.08609409732605988,-0.5238037953046678,GMM estimator,1.0,1.0,0.5,0.5,3411,0.0,0.0,0.0,correct,wrong,1.5
241,-0.04745285830762692,0.08119973669884353,-0.5217408175556516,GMM estimator,1.0,1.0,0.5,0.5,3411,0.0,0.0,0.0,correct,wrong,1.5
242,-0.0225114903687489,-0.061466787051426275,-0.535745325699394,GMM estimator,1.0,1.0,0.5,0.5,3411,0.0,0.0,0.0,correct,wrong,1.5
243,-0.07638253774185529,-0.1034836493867933,-0.5193391543280016,GMM estimator,1.0,1.0,0.5,0.5,3411,0.0,0.0,0.0,correct,wrong,1.5
244,0.006834469907291989,-0.004035239975260236,-0.5230950924973107,GMM estimator,1.0,1.0,0.5,0.5,3411,0.0,0.0,0.0,correct,wrong,1.5
245,0.13107977799661802,0.06420387245174958,-0.5196837872872986,GMM estimator,1.0,1.0,0.5,0.5,3411,0.0,0.0,0.0,correct,wrong,1.5
246,-0.34605902848278347,0.028649078415307467,-0.5238268119374292,GMM estimator,1.0,1.0,0.5,0.5,3411,0.0,0.0,0.0,correct,wrong,1.5
247,-0.12350897866325516,-0.23620373410726886,-0.5325375975583826,GMM estimator,1.0,1.0,0.5,0.5,3411,0.0,0.0,0.0,correct,wrong,1.5
248,0.24844837791576452,-0.10731051242886538,-0.519833564823141,GMM estimator,1.0,1.0,0.5,0.5,3411,0.0,0.0,0.0,correct,wrong,1.5
249,0.2705042768759493,0.16586186503014524,-0.5126019032787118,GMM estimator,1.0,1.0,0.5,0.5,3411,0.0,0.0,0.0,correct,wrong,1.5
250,-0.001866012985672982,-0.008151151892067261,-0.5271725456864018,GMM estimator,1.0,1.0,0.5,0.5,3411,0.0,0.0,0.0,correct,wrong,1.5
251,-0.2130506480303189,-0.17802095493593223,-0.5361620465060722,GMM estimator,1.0,1.0,0.5,0.5,3411,0.0,0.0,0.0,correct,wrong,1.5
252,0.1915414234472763,0.06434016180420073,-0.5125588558683334,GMM estimator,1.0,1.0,0.5,0.5,3411,0.0,0.0,0.0,correct,wrong,1.5
253,0.044712411771821614,0.1819125710475751,-0.5104596237204193,GMM estimator,1.0,1.0,0.5,0.5,3411,0.0,0.0,0.0,correct,wrong,1.5
254,0.11650767006286686,0.0058464784570241716,-0.5246081379445716,GMM estimator,1.0,1.0,0.5,0.5,3411,0.0,0.0,0.0,correct,wrong,1.5
255,0.014431668287902148,-0.11011198432047005,-0.5144970792113612,GMM estimator,1.0,1.0,0.5,0.5,3411,0.0,0.0,0.0,correct,wrong,1.5
256,-0.2799294321828867,-0.219039592468331,-0.5458650198471497,GMM estimator,1.0,1.0,0.5,0.5,3411,0.0,0.0,0.0,correct,wrong,1.5
257,0.05692907866072458,0.015933538177604525,-0.5260166181868634,GMM estimator,1.0,1.0,0.5,0.5,3411,0.0,0.0,0.0,correct,wrong,1.5
258,-0.29151684445827736,-0.10637015709962665,-0.5382800998263712,GMM estimator,1.0,1.0,0.5,0.5,3411,0.0,0.0,0.0,correct,wrong,1.5
259,-0.11116257744507393,-0.07479435602001794,-0.5229582952054247,GMM estimator,1.0,1.0,0.5,0.5,3411,0.0,0.0,0.0,correct,wrong,1.5
260,-0.08905750806299738,-0.17121321918680762,-0.530657354920714,GMM estimator,1.0,1.0,0.5,0.5,3411,0.0,0.0,0.0,correct,wrong,1.5
261,0.1356365899927002,0.0068662573722042455,-0.5243486960601912,GMM estimator,1.0,1.0,0.5,0.5,3411,0.0,0.0,0.0,correct,wrong,1.5
262,-0.018987378719213025,0.05791518425384759,-0.5208912922372806,GMM estimator,1.0,1.0,0.5,0.5,3411,0.0,0.0,0.0,correct,wrong,1.5
263,-0.11696690196956092,-0.010417885501710909,-0.523255215561429,GMM estimator,1.0,1.0,0.5,0.5,3411,0.0,0.0,0.0,correct,wrong,1.5
264,0.18707431426879337,0.12023005724242919,-0.5229341589489729,GMM estimator,1.0,1.0,0.5,0.5,3411,0.0,0.0,0.0,correct,wrong,1.5
265,-0.0852152918704462,-0.07655806729986817,-0.5233238725901834,GMM estimator,1.0,1.0,0.5,0.5,3411,0.0,0.0,0.0,correct,wrong,1.5
266,-0.13796886284247303,-0.2681306481295414,-0.5526744062432769,GMM estimator,1.0,1.0,0.5,0.5,3411,0.0,0.0,0.0,correct,wrong,1.5
267,0.07052502116709729,0.1734058957187377,-0.5152518517996492,GMM estimator,1.0,1.0,0.5,0.5,3411,0.0,0.0,0.0,correct,wrong,1.5
268,-0.30078867963559525,-0.10355667487343338,-0.5266506002815308,GMM estimator,1.0,1.0,0.5,0.5,3411,0.0,0.0,0.0,correct,wrong,1.5
269,0.05685007252037873,0.07232055965914633,-0.5142354970782305,GMM estimator,1.0,1.0,0.5,0.5,3411,0.0,0.0,0.0,correct,wrong,1.5
270,-0.21574405894868315,-0.3017949137873574,-0.5321633142847424,GMM estimator,1.0,1.0,0.5,0.5,3411,0.0,0.0,0.0,correct,wrong,1.5
271,-0.10780852683504348,-0.09405978688194891,-0.5196074372804454,GMM estimator,1.0,1.0,0.5,0.5,3411,0.0,0.0,0.0,correct,wrong,1.5
272,-0.14392804878288207,-0.10598801113385017,-0.5286612053657359,GMM estimator,1.0,1.0,0.5,0.5,3411,0.0,0.0,0.0,correct,wrong,1.5
273,-0.12155954592780031,-0.1620136095868885,-0.5313606754888225,GMM estimator,1.0,1.0,0.5,0.5,3411,0.0,0.0,0.0,correct,wrong,1.5
274,-0.13809417651569986,-0.21824774596961613,-0.5368679801656355,GMM estimator,1.0,1.0,0.5,0.5,3411,0.0,0.0,0.0,correct,wrong,1.5
275,-0.026193614681649838,-0.031222821217320354,-0.533669236253454,GMM estimator,1.0,1.0,0.5,0.5,3411,0.0,0.0,0.0,correct,wrong,1.5
276,0.011311360318151286,-0.026610084615710492,-0.52674232654015,GMM estimator,1.0,1.0,0.5,0.5,3411,0.0,0.0,0.0,correct,wrong,1.5
277,0.05110752451304037,-0.017553996175667403,-0.5281685848264324,GMM estimator,1.0,1.0,0.5,0.5,3411,0.0,0.0,0.0,correct,wrong,1.5
278,0.09884222063983343,0.12958894304652488,-0.5264310320675673,GMM estimator,1.0,1.0,0.5,0.5,3411,0.0,0.0,0.0,correct,wrong,1.5
279,-0.027536551093597473,-0.1029003734149653,-0.5278066596010969,GMM estimator,1.0,1.0,0.5,0.5,3411,0.0,0.0,0.0,correct,wrong,1.5
280,0.04631878632891453,0.14386700034460112,-0.5249232045502843,GMM estimator,1.0,1.0,0.5,0.5,3411,0.0,0.0,0.0,correct,wrong,1.5
281,0.3878299928110183,0.3302009324073241,-0.5084707281858364,GMM estimator,1.0,1.0,0.5,0.5,3411,0.0,0.0,0.0,correct,wrong,1.5
282,0.03467355799013388,-0.09129022846906035,-0.5290648924765461,GMM estimator,1.0,1.0,0.5,0.5,3411,0.0,0.0,0.0,correct,wrong,1.5
283,0.042992451662883485,0.005222462418464325,-0.5300320009745931,GMM estimator,1.0,1.0,0.5,0.5,3411,0.0,0.0,0.0,correct,wrong,1.5
284,-0.0030255838918235778,0.03182637566272928,-0.5222263377809707,GMM estimator,1.0,1.0,0.5,0.5,3411,0.0,0.0,0.0,correct,wrong,1.5
285,0.057287514732334906,-0.13600754192804887,-0.537281673373121,GMM estimator,1.0,1.0,0.5,0.5,3411,0.0,0.0,0.0,correct,wrong,1.5
286,0.2352276062647298,0.09063240365035857,-0.5112660306995479,GMM estimator,1.0,1.0,0.5,0.5,3411,0.0,0.0,0.0,correct,wrong,1.5
287,0.13655432504833984,0.19185815114903035,-0.5220490915361529,GMM estimator,1.0,1.0,0.5,0.5,3411,0.0,0.0,0.0,correct,wrong,1.5
288,-0.31184506036239573,-0.1509539891374667,-0.5317702212081831,GMM estimator,1.0,1.0,0.5,0.5,3411,0.0,0.0,0.0,correct,wrong,1.5
289,-0.3247970050848956,-0.03739272561778366,-0.5161498325250017,GMM estimator,1.0,1.0,0.5,0.5,3411,0.0,0.0,0.0,correct,wrong,1.5
290,-0.13938446735629068,-0.12950330565514034,-0.5324997758697398,GMM estimator,1.0,1.0,0.5,0.5,3411,0.0,0.0,0.0,correct,wrong,1.5
291,0.08319872857346722,0.05012984870720123,-0.5164355235105101,GMM estimator,1.0,1.0,0.5,0.5,3411,0.0,0.0,0.0,correct,wrong,1.5
292,0.3028655657301329,0.3062764052934062,-0.5017620435341522,GMM estimator,1.0,1.0,0.5,0.5,3411,0.0,0.0,0.0,correct,wrong,1.5
293,-0.05812186391471556,-0.12218164965332982,-0.5325018846576727,GMM estimator,1.0,1.0,0.5,0.5,3411,0.0,0.0,0.0,correct,wrong,1.5
294,0.045749392800496766,-0.11389286155872462,-0.5204670181274869,GMM estimator,1.0,1.0,0.5,0.5,3411,0.0,0.0,0.0,correct,wrong,1.5
295,0.12469841007895917,0.08400570870994353,-0.5130663576915314,GMM estimator,1.0,1.0,0.5,0.5,3411,0.0,0.0,0.0,correct,wrong,1.5
296,-0.059901039617894176,0.1325692270097767,-0.5274604664049568,GMM estimator,1.0,1.0,0.5,0.5,3411,0.0,0.0,0.0,correct,wrong,1.5
297,0.02149700553851925,-0.07898619117207142,-0.5314451119868012,GMM estimator,1.0,1.0,0.5,0.5,3411,0.0,0.0,0.0,correct,wrong,1.5
298,0.15124078192387147,0.26754925510689526,-0.5041930094734776,GMM estimator,1.0,1.0,0.5,0.5,3411,0.0,0.0,0.0,correct,wrong,1.5
299,0.0383982722139014,0.096843051118761,-0.5195085536221337,GMM estimator,1.0,1.0,0.5,0.5,3411,0.0,0.0,0.0,correct,wrong,1.5
300,0.11321022567242973,-0.22803695326173332,-0.5253454017721833,GMM estimator,1.0,1.0,0.5,0.5,3411,0.0,0.0,0.0,correct,wrong,1.5
1,-0.21675217685135947,-0.5392985500513896,0.04114391157872037,Three-step,1.0,1.0,0.5,0.5,3411,0.0,0.0,0.0,wrong,correct,1.5
2,-0.12007856822286637,-0.5317760307835881,0.13651377812291055,Three-step,1.0,1.0,0.5,0.5,3411,0.0,0.0,0.0,wrong,correct,1.5
3,-0.2632669019688229,-0.5213268227787444,-0.0006677770287686394,Three-step,1.0,1.0,0.5,0.5,3411,0.0,0.0,0.0,wrong,correct,1.5
4,0.22310944968490456,-0.5130299431143451,-0.07188649738414214,Three-step,1.0,1.0,0.5,0.5,3411,0.0,0.0,0.0,wrong,correct,1.5
5,-0.39776448379539664,-0.5398434654547263,-0.06295860315137805,Three-step,1.0,1.0,0.5,0.5,3411,0.0,0.0,0.0,wrong,correct,1.5
6,0.21827799437711043,-0.5180054228496489,0.039440844752508905,Three-step,1.0,1.0,0.5,0.5,3411,0.0,0.0,0.0,wrong,correct,1.5
7,0.6387717711980334,-0.4937119350322802,0.18243405165739068,Three-step,1.0,1.0,0.5,0.5,3411,0.0,0.0,0.0,wrong,correct,1.5
8,-0.1984433521680036,-0.5235854876521745,0.01620491119016271,Three-step,1.0,1.0,0.5,0.5,3411,0.0,0.0,0.0,wrong,correct,1.5
9,-0.21374421458023435,-0.525525600350921,0.12767046939198642,Three-step,1.0,1.0,0.5,0.5,3411,0.0,0.0,0.0,wrong,correct,1.5
10,-0.28854320149212226,-0.5481962014883378,-0.2170805507696401,Three-step,1.0,1.0,0.5,0.5,3411,0.0,0.0,0.0,wrong,correct,1.5
11,0.2601698067188088,-0.5128055061902159,0.004175203267549425,Three-step,1.0,1.0,0.5,0.5,3411,0.0,0.0,0.0,wrong,correct,1.5
12,-0.0436460616579501,-0.5367873414794239,-0.02294098571355968,Three-step,1.0,1.0,0.5,0.5,3411,0.0,0.0,0.0,wrong,correct,1.5
13,0.30760494575332054,-0.5162621654692533,-0.008108260726297134,Three-step,1.0,1.0,0.5,0.5,3411,0.0,0.0,0.0,wrong,correct,1.5
14,-0.2895432186162667,-0.5382706558972625,-0.060957189569755654,Three-step,1.0,1.0,0.5,0.5,3411,0.0,0.0,0.0,wrong,correct,1.5
15,-0.285027580853437,-0.5501750165820012,-0.13167102684984552,Three-step,1.0,1.0,0.5,0.5,3411,0.0,0.0,0.0,wrong,correct,1.5
16,-0.21670244610784115,-0.5584332299899254,-0.2876567408629285,Three-step,1.0,1.0,0.5,0.5,3411,0.0,0.0,0.0,wrong,correct,1.5
17,0.36035204108771884,-0.49780378628244015,0.1526578740303615,Three-step,1.0,1.0,0.5,0.5,3411,0.0,0.0,0.0,wrong,correct,1.5
18,0.031212661118863668,-0.5124017941326302,0.1428130416200787,Three-step,1.0,1.0,0.5,0.5,3411,0.0,0.0,0.0,wrong,correct,1.5
19,-0.05831207897333938,-0.5049615609552752,0.1359529818922906,Three-step,1.0,1.0,0.5,0.5,3411,0.0,0.0,0.0,wrong,correct,1.5
20,-0.029934488012569135,-0.5045062042765442,0.1586821755407257,Three-step,1.0,1.0,0.5,0.5,3411,0.0,0.0,0.0,wrong,correct,1.5
21,0.0737000920524365,-0.5059465973848116,0.04653878920410091,Three-step,1.0,1.0,0.5,0.5,3411,0.0,0.0,0.0,wrong,correct,1.5
22,0.15136497037368357,-0.5271497798303066,0.07879321032715629,Three-step,1.0,1.0,0.5,0.5,3411,0.0,0.0,0.0,wrong,correct,1.5
23,-0.0693267101925048,-0.5411092704790438,0.008697614344576615,Three-step,1.0,1.0,0.5,0.5,3411,0.0,0.0,0.0,wrong,correct,1.5
24,0.30485986462870035,-0.5064572086594605,0.085904518777159,Three-step,1.0,1.0,0.5,0.5,3411,0.0,0.0,0.0,wrong,correct,1.5
25,-0.07752028883469193,-0.5121296097788145,0.0952123001730953,Three-step,1.0,1.0,0.5,0.5,3411,0.0,0.0,0.0,wrong,correct,1.5
26,-0.035287870571536824,-0.5070716707741233,0.09981676709784948,Three-step,1.0,1.0,0.5,0.5,3411,0.0,0.0,0.0,wrong,correct,1.5
27,0.06655279621014724,-0.5066168235591191,0.0775885170531055,Three-step,1.0,1.0,0.5,0.5,3411,0.0,0.0,0.0,wrong,correct,1.5
28,0.015700807892924377,-0.5419049823460785,-0.07147948235927405,Three-step,1.0,1.0,0.5,0.5,3411,0.0,0.0,0.0,wrong,correct,1.5
29,0.04132843985523023,-0.5351550642998989,0.012043717072439786,Three-step,1.0,1.0,0.5,0.5,3411,0.0,0.0,0.0,wrong,correct,1.5
30,-0.17588309701376473,-0.5116473622792342,-0.037092458875494054,Three-step,1.0,1.0,0.5,0.5,3411,0.0,0.0,0.0,wrong,correct,1.5
31,0.08616786241805598,-0.5154415472201286,0.05730936198481595,Three-step,1.0,1.0,0.5,0.5,3411,0.0,0.0,0.0,wrong,correct,1.5
32,-0.0951935355205712,-0.5518050773415734,-0.07132998830213949,Three-step,1.0,1.0,0.5,0.5,3411,0.0,0.0,0.0,wrong,correct,1.5
33,0.28627869064540945,-0.5139267571295316,0.027337954606909895,Three-step,1.0,1.0,0.5,0.5,3411,0.0,0.0,0.0,wrong,correct,1.5
34,0.05366678269431702,-0.5334745961023064,-0.013758053607295777,Three-step,1.0,1.0,0.5,0.5,3411,0.0,0.0,0.0,wrong,correct,1.5
35,-0.02294249283081997,-0.5239969541135062,0.03267410910711676,Three-step,1.0,1.0,0.5,0.5,3411,0.0,0.0,0.0,wrong,correct,1.5
36,0.12043872018572013,-0.5083086662215106,0.024563585698864316,Three-step,1.0,1.0,0.5,0.5,3411,0.0,0.0,0.0,wrong,correct,1.5
37,-0.13147161052229792,-0.5461866307556912,-0.18146085530852057,Three-step,1.0,1.0,0.5,0.5,3411,0.0,0.0,0.0,wrong,correct,1.5
38,-0.1638782127862186,-0.5327334917238459,-0.011693835883358062,Three-step,1.0,1.0,0.5,0.5,3411,0.0,0.0,0.0,wrong,correct,1.5
39,-0.09032397659215288,-0.5355067876488926,-0.086735178274152,Three-step,1.0,1.0,0.5,0.5,3411,0.0,0.0,0.0,wrong,correct,1.5
40,0.13265676251595873,-0.5127307291348648,0.024124990635650177,Three-step,1.0,1.0,0.5,0.5,3411,0.0,0.0,0.0,wrong,correct,1.5
41,-0.03152268046333281,-0.5191346332740873,0.11146560457661134,Three-step,1.0,1.0,0.5,0.5,3411,0.0,0.0,0.0,wrong,correct,1.5
42,0.38417137187685035,-0.5110838779571872,0.05562742067222157,Three-step,1.0,1.0,0.5,0.5,3411,0.0,0.0,0.0,wrong,correct,1.5
43,-0.23092909475077358,-0.519945767683394,0.024528883725308877,Three-step,1.0,1.0,0.5,0.5,3411,0.0,0.0,0.0,wrong,correct,1.5
44,0.6145823382531629,-0.5264868103050895,0.08687684123554248,Three-step,1.0,1.0,0.5,0.5,3411,0.0,0.0,0.0,wrong,correct,1.5
45,0.0006437133715433981,-0.5414222956345609,-0.06636425572843357,Three-step,1.0,1.0,0.5,0.5,3411,0.0,0.0,0.0,wrong,correct,1.5
46,0.02606830041560844,-0.5229277827285658,0.04877013092690676,Three-step,1.0,1.0,0.5,0.5,3411,0.0,0.0,0.0,wrong,correct,1.5
47,0.04000772087986862,-0.5147917580831811,0.08645723747561473,Three-step,1.0,1.0,0.5,0.5,3411,0.0,0.0,0.0,wrong,correct,1.5
48,0.2534297874690518,-0.5228598942820849,-0.06714789007868195,Three-step,1.0,1.0,0.5,0.5,3411,0.0,0.0,0.0,wrong,correct,1.5
49,-0.2715645572824317,-0.5164465958912441,0.19184004375425598,Three-step,1.0,1.0,0.5,0.5,3411,0.0,0.0,0.0,wrong,correct,1.5
50,-0.2779357193568121,-0.5141733675433111,-0.10406686899952172,Three-step,1.0,1.0,0.5,0.5,3411,0.0,0.0,0.0,wrong,correct,1.5
51,0.13608797723318017,-0.5203650198586134,-0.09647025515797765,Three-step,1.0,1.0,0.5,0.5,3411,0.0,0.0,0.0,wrong,correct,1.5
52,0.024069325090610858,-0.5218533763694492,0.049256693842195685,Three-step,1.0,1.0,0.5,0.5,3411,0.0,0.0,0.0,wrong,correct,1.5
53,0.19082596757841597,-0.5240225296140644,0.1308023683004118,Three-step,1.0,1.0,0.5,0.5,3411,0.0,0.0,0.0,wrong,correct,1.5
54,0.0018123604432269853,-0.5371269904329307,0.06835830648138443,Three-step,1.0,1.0,0.5,0.5,3411,0.0,0.0,0.0,wrong,correct,1.5
55,-0.18819512390480678,-0.52470288937694,0.022288476418464095,Three-step,1.0,1.0,0.5,0.5,3411,0.0,0.0,0.0,wrong,correct,1.5
56,-0.32706575427876533,-0.5277908898330397,-0.13733272344217687,Three-step,1.0,1.0,0.5,0.5,3411,0.0,0.0,0.0,wrong,correct,1.5
57,-0.323721413801072,-0.5445346443076062,-0.07057239016547369,Three-step,1.0,1.0,0.5,0.5,3411,0.0,0.0,0.0,wrong,correct,1.5
58,-0.18714296057846086,-0.5449264766651235,-0.21769594355814334,Three-step,1.0,1.0,0.5,0.5,3411,0.0,0.0,0.0,wrong,correct,1.5
59,0.5954786707101329,-0.49305184657931284,0.12329440246721038,Three-step,1.0,1.0,0.5,0.5,3411,0.0,0.0,0.0,wrong,correct,1.5
60,-0.11180687485680851,-0.5237621258540349,0.033111211718824224,Three-step,1.0,1.0,0.5,0.5,3411,0.0,0.0,0.0,wrong,correct,1.5
61,0.023074562797977687,-0.5192765394758642,0.06317838130660437,Three-step,1.0,1.0,0.5,0.5,3411,0.0,0.0,0.0,wrong,correct,1.5
62,0.06178395895158355,-0.5158556533388938,0.13902778004393807,Three-step,1.0,1.0,0.5,0.5,3411,0.0,0.0,0.0,wrong,correct,1.5
63,-0.26086289474271745,-0.5228108581243909,-0.03755339160064684,Three-step,1.0,1.0,0.5,0.5,3411,0.0,0.0,0.0,wrong,correct,1.5
64,0.036992538074107004,-0.5239182114673608,0.010065082282176719,Three-step,1.0,1.0,0.5,0.5,3411,0.0,0.0,0.0,wrong,correct,1.5
65,-0.3500071152777343,-0.5332890858753746,0.12532426978211922,Three-step,1.0,1.0,0.5,0.5,3411,0.0,0.0,0.0,wrong,correct,1.5
66,0.06379406863202536,-0.5111719073625003,0.04009658096159126,Three-step,1.0,1.0,0.5,0.5,3411,0.0,0.0,0.0,wrong,correct,1.5
67,0.19575765403520956,-0.5212796290114756,0.08923797733597098,Three-step,1.0,1.0,0.5,0.5,3411,0.0,0.0,0.0,wrong,correct,1.5
68,-0.018790886191584664,-0.5175543369819589,0.0870981244965766,Three-step,1.0,1.0,0.5,0.5,3411,0.0,0.0,0.0,wrong,correct,1.5
69,-0.25080540740652024,-0.5358465125225409,-0.04194370150078108,Three-step,1.0,1.0,0.5,0.5,3411,0.0,0.0,0.0,wrong,correct,1.5
70,-0.055910735322313394,-0.5400306946557547,-0.1457761100438072,Three-step,1.0,1.0,0.5,0.5,3411,0.0,0.0,0.0,wrong,correct,1.5
71,-0.23732500966342093,-0.5232798795900893,0.16544644518569346,Three-step,1.0,1.0,0.5,0.5,3411,0.0,0.0,0.0,wrong,correct,1.5
72,-0.046692587487624636,-0.5225041606684239,-0.12376445819096074,Three-step,1.0,1.0,0.5,0.5,3411,0.0,0.0,0.0,wrong,correct,1.5
73,-0.06623328190515311,-0.5248852090645275,0.058641699257486954,Three-step,1.0,1.0,0.5,0.5,3411,0.0,0.0,0.0,wrong,correct,1.5
74,-0.3816138367168787,-0.553317029667254,-0.23901380434395933,Three-step,1.0,1.0,0.5,0.5,3411,0.0,0.0,0.0,wrong,correct,1.5
75,-0.005751381994433225,-0.5262429841204705,0.07265819631897043,Three-step,1.0,1.0,0.5,0.5,3411,0.0,0.0,0.0,wrong,correct,1.5
76,0.0556350323308036,-0.5306992550691617,-0.04941160735920361,Three-step,1.0,1.0,0.5,0.5,3411,0.0,0.0,0.0,wrong,correct,1.5
77,-0.22949635480939906,-0.5471785010571539,-0.251802345387367,Three-step,1.0,1.0,0.5,0.5,3411,0.0,0.0,0.0,wrong,correct,1.5
78,-0.5228433881827812,-0.5430201516710466,-0.23365071783770486,Three-step,1.0,1.0,0.5,0.5,3411,0.0,0.0,0.0,wrong,correct,1.5
79,0.0813435514489949,-0.5224409398240557,0.020296471857769297,Three-step,1.0,1.0,0.5,0.5,3411,0.0,0.0,0.0,wrong,correct,1.5
80,0.09383579353421831,-0.5353213613734122,-0.06609076093285758,Three-step,1.0,1.0,0.5,0.5,3411,0.0,0.0,0.0,wrong,correct,1.5
81,-0.3358771493007,-0.5346403271158885,-0.1486439910378978,Three-step,1.0,1.0,0.5,0.5,3411,0.0,0.0,0.0,wrong,correct,1.5
82,0.2034260522382597,-0.5102310041152479,0.11159513349409404,Three-step,1.0,1.0,0.5,0.5,3411,0.0,0.0,0.0,wrong,correct,1.5
83,-0.05210934716652733,-0.5397923933483175,-0.19686488670287489,Three-step,1.0,1.0,0.5,0.5,3411,0.0,0.0,0.0,wrong,correct,1.5
84,-0.273346051411518,-0.5432598492685435,-0.15835360432905166,Three-step,1.0,1.0,0.5,0.5,3411,0.0,0.0,0.0,wrong,correct,1.5
85,-0.32368660632841395,-0.548058900397167,-0.2694726621530138,Three-step,1.0,1.0,0.5,0.5,3411,0.0,0.0,0.0,wrong,correct,1.5
86,-0.20262093233177733,-0.52993802207896,-0.017616293717615118,Three-step,1.0,1.0,0.5,0.5,3411,0.0,0.0,0.0,wrong,correct,1.5
87,-0.021921122053160706,-0.5382872870187213,-0.16376038763370387,Three-step,1.0,1.0,0.5,0.5,3411,0.0,0.0,0.0,wrong,correct,1.5
88,0.2283907334502514,-0.5119153278781239,0.01537032239991506,Three-step,1.0,1.0,0.5,0.5,3411,0.0,0.0,0.0,wrong,correct,1.5
89,0.058225984226836884,-0.5134299126316124,-0.008618050107841498,Three-step,1.0,1.0,0.5,0.5,3411,0.0,0.0,0.0,wrong,correct,1.5
90,0.0006891683368867809,-0.5269005082316941,-0.05757593700764123,Three-step,1.0,1.0,0.5,0.5,3411,0.0,0.0,0.0,wrong,correct,1.5
91,0.01048837089901715,-0.5270966100073466,0.017307936475544572,Three-step,1.0,1.0,0.5,0.5,3411,0.0,0.0,0.0,wrong,correct,1.5
92,-0.6334749355131832,-0.5523783729738644,-0.2090071406271225,Three-step,1.0,1.0,0.5,0.5,3411,0.0,0.0,0.0,wrong,correct,1.5
93,0.03554478834867891,-0.5165299968044884,0.05600294625421765,Three-step,1.0,1.0,0.5,0.5,3411,0.0,0.0,0.0,wrong,correct,1.5
94,-0.03851389560244073,-0.5323174427548697,-0.004762812143187556,Three-step,1.0,1.0,0.5,0.5,3411,0.0,0.0,0.0,wrong,correct,1.5
95,-0.12642822853154148,-0.5229492111607369,0.018176224343707595,Three-step,1.0,1.0,0.5,0.5,3411,0.0,0.0,0.0,wrong,correct,1.5
96,-0.07022117804976612,-0.5472226428740871,-0.1259675146769833,Three-step,1.0,1.0,0.5,0.5,3411,0.0,0.0,0.0,wrong,correct,1.5
97,-0.24599409975648295,-0.5255481739575336,0.0017694931798945335,Three-step,1.0,1.0,0.5,0.5,3411,0.0,0.0,0.0,wrong,correct,1.5
98,0.11395752081379378,-0.5148099600606522,0.11804365682029296,Three-step,1.0,1.0,0.5,0.5,3411,0.0,0.0,0.0,wrong,correct,1.5
99,-0.2584771692188211,-0.5233410195469108,-0.02541314223777801,Three-step,1.0,1.0,0.5,0.5,3411,0.0,0.0,0.0,wrong,correct,1.5
100,-0.16267002936620586,-0.5288181161231038,-0.18576792482174986,Three-step,1.0,1.0,0.5,0.5,3411,0.0,0.0,0.0,wrong,correct,1.5
101,0.04315103610692999,-0.5374615879871675,0.06126864525891883,Three-step,1.0,1.0,0.5,0.5,3411,0.0,0.0,0.0,wrong,correct,1.5
102,0.18607152474022864,-0.5350921953770728,-0.18061977753684524,Three-step,1.0,1.0,0.5,0.5,3411,0.0,0.0,0.0,wrong,correct,1.5
103,0.0294871148802124,-0.5214766790427948,0.10663245450574514,Three-step,1.0,1.0,0.5,0.5,3411,0.0,0.0,0.0,wrong,correct,1.5
104,-0.5988836902579395,-0.5338463717548022,0.07449716332915667,Three-step,1.0,1.0,0.5,0.5,3411,0.0,0.0,0.0,wrong,correct,1.5
105,-0.1509550229579908,-0.542216490058335,-0.14077318870309818,Three-step,1.0,1.0,0.5,0.5,3411,0.0,0.0,0.0,wrong,correct,1.5
106,-0.325024413381575,-0.5572819908821286,-0.2022154164318068,Three-step,1.0,1.0,0.5,0.5,3411,0.0,0.0,0.0,wrong,correct,1.5
107,-0.5580793379692813,-0.5485885216453188,-0.008957397519808756,Three-step,1.0,1.0,0.5,0.5,3411,0.0,0.0,0.0,wrong,correct,1.5
108,-0.10328999925298293,-0.5088796986172455,-0.025014460862173415,Three-step,1.0,1.0,0.5,0.5,3411,0.0,0.0,0.0,wrong,correct,1.5
109,0.026724699283082548,-0.5221541724116566,0.005017631024432142,Three-step,1.0,1.0,0.5,0.5,3411,0.0,0.0,0.0,wrong,correct,1.5
110,0.2973372693767296,-0.5096682439674071,0.12979186385023822,Three-step,1.0,1.0,0.5,0.5,3411,0.0,0.0,0.0,wrong,correct,1.5
111,0.16822165539455453,-0.5163694863422549,0.02407290321787951,Three-step,1.0,1.0,0.5,0.5,3411,0.0,0.0,0.0,wrong,correct,1.5
112,-0.13816403358573942,-0.5224371660490922,-0.005562001308647139,Three-step,1.0,1.0,0.5,0.5,3411,0.0,0.0,0.0,wrong,correct,1.5
113,-0.4194254418784688,-0.5223061310289295,0.016494441852891478,Three-step,1.0,1.0,0.5,0.5,3411,0.0,0.0,0.0,wrong,correct,1.5
114,0.27659108329808774,-0.5153984066430735,-0.018637072979859833,Three-step,1.0,1.0,0.5,0.5,3411,0.0,0.0,0.0,wrong,correct,1.5
115,0.17697046256793936,-0.5235137665214051,0.058582500134590924,Three-step,1.0,1.0,0.5,0.5,3411,0.0,0.0,0.0,wrong,correct,1.5
116,-0.02791819621509599,-0.5221006917671633,0.0162249084174922,Three-step,1.0,1.0,0.5,0.5,3411,0.0,0.0,0.0,wrong,correct,1.5
117,-0.400160004688582,-0.5550071733982171,-0.24435720732918728,Three-step,1.0,1.0,0.5,0.5,3411,0.0,0.0,0.0,wrong,correct,1.5
118,-0.19865844889616452,-0.5274673901202851,-0.002241730699657806,Three-step,1.0,1.0,0.5,0.5,3411,0.0,0.0,0.0,wrong,correct,1.5
119,0.004963836218837747,-0.5296166097867903,-0.04109885694453151,Three-step,1.0,1.0,0.5,0.5,3411,0.0,0.0,0.0,wrong,correct,1.5
120,-0.13277006498459315,-0.5258774049961736,-0.003171513188289414,Three-step,1.0,1.0,0.5,0.5,3411,0.0,0.0,0.0,wrong,correct,1.5
121,0.02761064426416905,-0.5245709709080555,0.015604203101791137,Three-step,1.0,1.0,0.5,0.5,3411,0.0,0.0,0.0,wrong,correct,1.5
122,0.4799576878940851,-0.5098467493373551,0.10357969487743844,Three-step,1.0,1.0,0.5,0.5,3411,0.0,0.0,0.0,wrong,correct,1.5
123,0.2343015997753336,-0.5215751520964467,0.11938723962135436,Three-step,1.0,1.0,0.5,0.5,3411,0.0,0.0,0.0,wrong,correct,1.5
124,-0.06283013306983316,-0.5387427675348644,-0.07132493338758139,Three-step,1.0,1.0,0.5,0.5,3411,0.0,0.0,0.0,wrong,correct,1.5
125,-0.09505159857285482,-0.52645930424513,0.050408653319259804,Three-step,1.0,1.0,0.5,0.5,3411,0.0,0.0,0.0,wrong,correct,1.5
126,-0.07882339671720966,-0.524403996260117,0.032229135022980256,Three-step,1.0,1.0,0.5,0.5,3411,0.0,0.0,0.0,wrong,correct,1.5
127,0.01945420297170219,-0.5306763823227757,0.041553913375216495,Three-step,1.0,1.0,0.5,0.5,3411,0.0,0.0,0.0,wrong,correct,1.5
128,0.36907424066814265,-0.5087988182723211,0.0864967322273096,Three-step,1.0,1.0,0.5,0.5,3411,0.0,0.0,0.0,wrong,correct,1.5
129,0.05722988684046499,-0.5325892199384142,0.01321067334490911,Three-step,1.0,1.0,0.5,0.5,3411,0.0,0.0,0.0,wrong,correct,1.5
130,-0.14718708244790343,-0.5383837721622431,-0.03359153884444058,Three-step,1.0,1.0,0.5,0.5,3411,0.0,0.0,0.0,wrong,correct,1.5
131,-0.0851069070094428,-0.5266618033800885,-0.06945346788906369,Three-step,1.0,1.0,0.5,0.5,3411,0.0,0.0,0.0,wrong,correct,1.5
132,-0.43372087238244816,-0.5410319010522441,-0.03006038941189219,Three-step,1.0,1.0,0.5,0.5,3411,0.0,0.0,0.0,wrong,correct,1.5
133,-0.09982766365731244,-0.5283439386856379,0.06964348458220768,Three-step,1.0,1.0,0.5,0.5,3411,0.0,0.0,0.0,wrong,correct,1.5
134,0.07038044617938284,-0.5345521251401367,-0.014378274897163994,Three-step,1.0,1.0,0.5,0.5,3411,0.0,0.0,0.0,wrong,correct,1.5
135,0.06547036005240461,-0.5369697865560122,-0.12028051939067683,Three-step,1.0,1.0,0.5,0.5,3411,0.0,0.0,0.0,wrong,correct,1.5
136,-0.2696822600273773,-0.5319009929949411,-0.05076619639485741,Three-step,1.0,1.0,0.5,0.5,3411,0.0,0.0,0.0,wrong,correct,1.5
137,-0.0935619816375413,-0.5261357582525547,-0.10413531276935506,Three-step,1.0,1.0,0.5,0.5,3411,0.0,0.0,0.0,wrong,correct,1.5
138,0.4254527773911183,-0.5175448733044671,-0.04849414983981509,Three-step,1.0,1.0,0.5,0.5,3411,0.0,0.0,0.0,wrong,correct,1.5
139,-0.12905796874311282,-0.5380617170867086,-0.12796334568696077,Three-step,1.0,1.0,0.5,0.5,3411,0.0,0.0,0.0,wrong,correct,1.5
140,0.2323094691894857,-0.5061997605130126,0.0744270039095646,Three-step,1.0,1.0,0.5,0.5,3411,0.0,0.0,0.0,wrong,correct,1.5
141,0.0014887473168797697,-0.5085680031724642,0.15789795414395583,Three-step,1.0,1.0,0.5,0.5,3411,0.0,0.0,0.0,wrong,correct,1.5
142,0.1289418317223767,-0.5368988039825565,-0.03338463606915159,Three-step,1.0,1.0,0.5,0.5,3411,0.0,0.0,0.0,wrong,correct,1.5
143,0.11511599814781044,-0.5076132077786866,0.17408727443971714,Three-step,1.0,1.0,0.5,0.5,3411,0.0,0.0,0.0,wrong,correct,1.5
144,0.23994179228230667,-0.518139359470508,0.010587550702314335,Three-step,1.0,1.0,0.5,0.5,3411,0.0,0.0,0.0,wrong,correct,1.5
145,0.279874051157165,-0.5060073728746558,0.2641570015931655,Three-step,1.0,1.0,0.5,0.5,3411,0.0,0.0,0.0,wrong,correct,1.5
146,-0.11974081144796977,-0.5259764205279777,-0.0508884425808432,Three-step,1.0,1.0,0.5,0.5,3411,0.0,0.0,0.0,wrong,correct,1.5
147,-0.10486554365302626,-0.5295267294420717,-0.004973153822640223,Three-step,1.0,1.0,0.5,0.5,3411,0.0,0.0,0.0,wrong,correct,1.5
148,0.1542904274305271,-0.523610614457614,-0.01094619159690246,Three-step,1.0,1.0,0.5,0.5,3411,0.0,0.0,0.0,wrong,correct,1.5
149,-0.17913687267104808,-0.5296187510592518,-0.03429948795309652,Three-step,1.0,1.0,0.5,0.5,3411,0.0,0.0,0.0,wrong,correct,1.5
150,0.24116285273870516,-0.49090761291292706,0.15209488566869825,Three-step,1.0,1.0,0.5,0.5,3411,0.0,0.0,0.0,wrong,correct,1.5
151,0.1603398879981879,-0.5326984998286796,-0.07366773356726389,Three-step,1.0,1.0,0.5,0.5,3411,0.0,0.0,0.0,wrong,correct,1.5
152,0.10172359361474971,-0.5153951143355479,0.04979479766952637,Three-step,1.0,1.0,0.5,0.5,3411,0.0,0.0,0.0,wrong,correct,1.5
153,0.13704482465038306,-0.5301928550337137,-0.0190119766348657,Three-step,1.0,1.0,0.5,0.5,3411,0.0,0.0,0.0,wrong,correct,1.5
154,0.020418422907814402,-0.5001294771864846,0.112499560951485,Three-step,1.0,1.0,0.5,0.5,3411,0.0,0.0,0.0,wrong,correct,1.5
155,0.027082893375377476,-0.5298426990241466,-0.13932639754297915,Three-step,1.0,1.0,0.5,0.5,3411,0.0,0.0,0.0,wrong,correct,1.5
156,0.35797728210794255,-0.5306799067995817,0.1479595381524661,Three-step,1.0,1.0,0.5,0.5,3411,0.0,0.0,0.0,wrong,correct,1.5
157,0.02656661985159035,-0.5357679453544035,0.02383776612285726,Three-step,1.0,1.0,0.5,0.5,3411,0.0,0.0,0.0,wrong,correct,1.5
158,0.297450322533739,-0.5223246748757975,0.005989489711175949,Three-step,1.0,1.0,0.5,0.5,3411,0.0,0.0,0.0,wrong,correct,1.5
159,-0.017200865605331215,-0.5115737987028351,0.09510981878684908,Three-step,1.0,1.0,0.5,0.5,3411,0.0,0.0,0.0,wrong,correct,1.5
160,0.14347427915288116,-0.5293235440528162,-0.027777803151195643,Three-step,1.0,1.0,0.5,0.5,3411,0.0,0.0,0.0,wrong,correct,1.5
161,0.06633601645689227,-0.5162670813351323,0.06605294338069304,Three-step,1.0,1.0,0.5,0.5,3411,0.0,0.0,0.0,wrong,correct,1.5
162,0.24829030721789044,-0.5102933618304258,0.061738949359626955,Three-step,1.0,1.0,0.5,0.5,3411,0.0,0.0,0.0,wrong,correct,1.5
163,0.054079068860905286,-0.5206315981738686,-0.036127973411541926,Three-step,1.0,1.0,0.5,0.5,3411,0.0,0.0,0.0,wrong,correct,1.5
164,-0.5084387167672313,-0.5552555627451302,-0.22488665602330007,Three-step,1.0,1.0,0.5,0.5,3411,0.0,0.0,0.0,wrong,correct,1.5
165,-0.06146987366077656,-0.5421969319262895,-0.06863598681461418,Three-step,1.0,1.0,0.5,0.5,3411,0.0,0.0,0.0,wrong,correct,1.5
166,0.20549456103071537,-0.5269892421192374,0.047887771609655454,Three-step,1.0,1.0,0.5,0.5,3411,0.0,0.0,0.0,wrong,correct,1.5
167,-0.23587448657165022,-0.5359353719634546,-0.07880294495684265,Three-step,1.0,1.0,0.5,0.5,3411,0.0,0.0,0.0,wrong,correct,1.5
168,0.20369929433355277,-0.5242512898662258,0.024390794111946792,Three-step,1.0,1.0,0.5,0.5,3411,0.0,0.0,0.0,wrong,correct,1.5
169,-0.18381322627173055,-0.515339262441299,-0.0404554715677277,Three-step,1.0,1.0,0.5,0.5,3411,0.0,0.0,0.0,wrong,correct,1.5
170,-0.026413218410393395,-0.5232796168654245,-0.04522990069506653,Three-step,1.0,1.0,0.5,0.5,3411,0.0,0.0,0.0,wrong,correct,1.5
171,-0.2434024869745882,-0.5445010138896266,-0.08781210308423275,Three-step,1.0,1.0,0.5,0.5,3411,0.0,0.0,0.0,wrong,correct,1.5
172,-0.19569214694095205,-0.5340684663491341,-0.11331823847205115,Three-step,1.0,1.0,0.5,0.5,3411,0.0,0.0,0.0,wrong,correct,1.5
173,-0.041968780003468854,-0.5426165200496651,-0.055404511815388725,Three-step,1.0,1.0,0.5,0.5,3411,0.0,0.0,0.0,wrong,correct,1.5
174,0.02978824533224247,-0.5283655491433679,0.028027861614292028,Three-step,1.0,1.0,0.5,0.5,3411,0.0,0.0,0.0,wrong,correct,1.5
175,0.37966329815735084,-0.5405586592079821,-0.06100274494123415,Three-step,1.0,1.0,0.5,0.5,3411,0.0,0.0,0.0,wrong,correct,1.5
176,-0.3689226924647318,-0.5317760061556441,0.04776439923204593,Three-step,1.0,1.0,0.5,0.5,3411,0.0,0.0,0.0,wrong,correct,1.5
177,0.16714230362747923,-0.5037002913298527,-0.015629788451182257,Three-step,1.0,1.0,0.5,0.5,3411,0.0,0.0,0.0,wrong,correct,1.5
178,-0.02838127417516571,-0.5286045056550323,0.028549119845763218,Three-step,1.0,1.0,0.5,0.5,3411,0.0,0.0,0.0,wrong,correct,1.5
179,-0.2276495135153407,-0.5154838070227351,0.05491745975243519,Three-step,1.0,1.0,0.5,0.5,3411,0.0,0.0,0.0,wrong,correct,1.5
180,0.2733901423497313,-0.5074078391411627,-0.012116090333769373,Three-step,1.0,1.0,0.5,0.5,3411,0.0,0.0,0.0,wrong,correct,1.5
181,0.06134858799799019,-0.5193475158048352,0.006370643931143465,Three-step,1.0,1.0,0.5,0.5,3411,0.0,0.0,0.0,wrong,correct,1.5
182,0.1854773966346989,-0.5055070735144168,0.25559081754943597,Three-step,1.0,1.0,0.5,0.5,3411,0.0,0.0,0.0,wrong,correct,1.5
183,0.24619517567597166,-0.523798090329115,0.09421229739653737,Three-step,1.0,1.0,0.5,0.5,3411,0.0,0.0,0.0,wrong,correct,1.5
184,0.11754084874606774,-0.5181078209688695,0.07396896805529539,Three-step,1.0,1.0,0.5,0.5,3411,0.0,0.0,0.0,wrong,correct,1.5
185,0.0385907309809765,-0.5273333161740209,-0.022894595050699396,Three-step,1.0,1.0,0.5,0.5,3411,0.0,0.0,0.0,wrong,correct,1.5
186,0.17777294151947545,-0.5285189636453118,0.0013843827292983179,Three-step,1.0,1.0,0.5,0.5,3411,0.0,0.0,0.0,wrong,correct,1.5
187,0.08519081081458114,-0.516330211297041,0.13707753919742155,Three-step,1.0,1.0,0.5,0.5,3411,0.0,0.0,0.0,wrong,correct,1.5
188,-0.006301604543132209,-0.5306570337989717,-0.0896392546629291,Three-step,1.0,1.0,0.5,0.5,3411,0.0,0.0,0.0,wrong,correct,1.5
189,0.25951876565708915,-0.5067138386957059,0.1758963284771694,Three-step,1.0,1.0,0.5,0.5,3411,0.0,0.0,0.0,wrong,correct,1.5
190,0.07024976818924347,-0.5135683773795545,0.18180629994013495,Three-step,1.0,1.0,0.5,0.5,3411,0.0,0.0,0.0,wrong,correct,1.5
191,-0.2740805746529044,-0.522814395293832,0.08964131977323239,Three-step,1.0,1.0,0.5,0.5,3411,0.0,0.0,0.0,wrong,correct,1.5
192,-0.15915425172280817,-0.5267561146333558,-0.03352652380688212,Three-step,1.0,1.0,0.5,0.5,3411,0.0,0.0,0.0,wrong,correct,1.5
193,-0.37503705814242694,-0.5476332176794109,-0.11964929556906602,Three-step,1.0,1.0,0.5,0.5,3411,0.0,0.0,0.0,wrong,correct,1.5
194,0.3520130706955742,-0.506852603800901,0.1353379577219424,Three-step,1.0,1.0,0.5,0.5,3411,0.0,0.0,0.0,wrong,correct,1.5
195,-0.4640242094638511,-0.5312675285638409,-0.11315480706362417,Three-step,1.0,1.0,0.5,0.5,3411,0.0,0.0,0.0,wrong,correct,1.5
196,-0.09115690443354396,-0.5422768623985678,-0.0988401153041158,Three-step,1.0,1.0,0.5,0.5,3411,0.0,0.0,0.0,wrong,correct,1.5
197,0.02845385822715867,-0.5257447313279889,-0.015171394249346172,Three-step,1.0,1.0,0.5,0.5,3411,0.0,0.0,0.0,wrong,correct,1.5
198,0.0773511287593897,-0.5287494571227752,-0.04576295928047582,Three-step,1.0,1.0,0.5,0.5,3411,0.0,0.0,0.0,wrong,correct,1.5
199,0.2829554794799165,-0.5139881350066793,-0.017796729452544263,Three-step,1.0,1.0,0.5,0.5,3411,0.0,0.0,0.0,wrong,correct,1.5
200,-0.031169574709608645,-0.5237706851949595,0.06770911542986335,Three-step,1.0,1.0,0.5,0.5,3411,0.0,0.0,0.0,wrong,correct,1.5
201,0.10002794577882893,-0.5278076369277268,0.015947003595041667,Three-step,1.0,1.0,0.5,0.5,3411,0.0,0.0,0.0,wrong,correct,1.5
202,-0.03581405850171986,-0.5111692881503899,0.0298554190328601,Three-step,1.0,1.0,0.5,0.5,3411,0.0,0.0,0.0,wrong,correct,1.5
203,0.2083612726433122,-0.5150356439084885,0.07852448950307592,Three-step,1.0,1.0,0.5,0.5,3411,0.0,0.0,0.0,wrong,correct,1.5
204,0.13271692144199573,-0.5293826259939253,0.030043181003605157,Three-step,1.0,1.0,0.5,0.5,3411,0.0,0.0,0.0,wrong,correct,1.5
205,0.014594835946631654,-0.5321334306581206,0.013105557237084339,Three-step,1.0,1.0,0.5,0.5,3411,0.0,0.0,0.0,wrong,correct,1.5
206,0.1291364861739975,-0.5195212455420897,0.013282564039624856,Three-step,1.0,1.0,0.5,0.5,3411,0.0,0.0,0.0,wrong,correct,1.5
207,0.3003508999629078,-0.5053445433723998,0.19730515339891933,Three-step,1.0,1.0,0.5,0.5,3411,0.0,0.0,0.0,wrong,correct,1.5
208,-0.357210198004026,-0.5537422331455611,-0.03377965086560332,Three-step,1.0,1.0,0.5,0.5,3411,0.0,0.0,0.0,wrong,correct,1.5
209,-0.08924459923412524,-0.5183698512977054,-0.0014334258512425369,Three-step,1.0,1.0,0.5,0.5,3411,0.0,0.0,0.0,wrong,correct,1.5
210,0.16865608979269361,-0.5166848266339108,0.06267589249339414,Three-step,1.0,1.0,0.5,0.5,3411,0.0,0.0,0.0,wrong,correct,1.5
211,0.27786195732475005,-0.5058662197078827,0.08214394890870065,Three-step,1.0,1.0,0.5,0.5,3411,0.0,0.0,0.0,wrong,correct,1.5
212,0.30679104570618343,-0.5108355991052764,0.008264716717245026,Three-step,1.0,1.0,0.5,0.5,3411,0.0,0.0,0.0,wrong,correct,1.5
213,0.022983217226874703,-0.5336624310184708,0.0650992653018272,Three-step,1.0,1.0,0.5,0.5,3411,0.0,0.0,0.0,wrong,correct,1.5
214,-0.24280657660403626,-0.5302589370142853,-0.02839110422939293,Three-step,1.0,1.0,0.5,0.5,3411,0.0,0.0,0.0,wrong,correct,1.5
215,-0.051022494112753274,-0.5269518261497655,0.09708068598681986,Three-step,1.0,1.0,0.5,0.5,3411,0.0,0.0,0.0,wrong,correct,1.5
216,0.389351350588203,-0.5092636399879055,0.12238047844723192,Three-step,1.0,1.0,0.5,0.5,3411,0.0,0.0,0.0,wrong,correct,1.5
217,0.4756020197607851,-0.5143433418364382,-0.07949941055803424,Three-step,1.0,1.0,0.5,0.5,3411,0.0,0.0,0.0,wrong,correct,1.5
218,-0.14225164549277722,-0.5310189170951424,-0.013443602493817855,Three-step,1.0,1.0,0.5,0.5,3411,0.0,0.0,0.0,wrong,correct,1.5
219,0.09239094172596928,-0.5183716848243349,0.1374888323807265,Three-step,1.0,1.0,0.5,0.5,3411,0.0,0.0,0.0,wrong,correct,1.5
220,0.17917306102925265,-0.5122037553217135,-0.0369549129899604,Three-step,1.0,1.0,0.5,0.5,3411,0.0,0.0,0.0,wrong,correct,1.5
221,0.04713761989216708,-0.5186359722063093,0.02283125925442456,Three-step,1.0,1.0,0.5,0.5,3411,0.0,0.0,0.0,wrong,correct,1.5
222,-0.023021107609723264,-0.5173172790349796,0.10989904828609037,Three-step,1.0,1.0,0.5,0.5,3411,0.0,0.0,0.0,wrong,correct,1.5
223,0.07792916490640586,-0.5106046629026473,0.23646198028765206,Three-step,1.0,1.0,0.5,0.5,3411,0.0,0.0,0.0,wrong,correct,1.5
224,-0.15300912016518264,-0.5358459702905519,-0.148783811407948,Three-step,1.0,1.0,0.5,0.5,3411,0.0,0.0,0.0,wrong,correct,1.5
225,-0.19913254444951853,-0.5242508344935918,0.001422149802937082,Three-step,1.0,1.0,0.5,0.5,3411,0.0,0.0,0.0,wrong,correct,1.5
226,0.3180991676819967,-0.5082399728742694,0.14786159122879003,Three-step,1.0,1.0,0.5,0.5,3411,0.0,0.0,0.0,wrong,correct,1.5
227,0.3376316531059211,-0.5214178300774904,0.12619658930624145,Three-step,1.0,1.0,0.5,0.5,3411,0.0,0.0,0.0,wrong,correct,1.5
228,0.28210000822769854,-0.5130343333860955,0.14766162039751712,Three-step,1.0,1.0,0.5,0.5,3411,0.0,0.0,0.0,wrong,correct,1.5
229,-0.020181325271597723,-0.5354080457705086,-0.04656209063561842,Three-step,1.0,1.0,0.5,0.5,3411,0.0,0.0,0.0,wrong,correct,1.5
230,-0.17371110315498117,-0.5435044228734672,-0.16093741997799071,Three-step,1.0,1.0,0.5,0.5,3411,0.0,0.0,0.0,wrong,correct,1.5
231,0.2605859648929236,-0.5245797436897255,0.049094941060441495,Three-step,1.0,1.0,0.5,0.5,3411,0.0,0.0,0.0,wrong,correct,1.5
232,-0.21814279299002576,-0.5288973328171268,-0.18885312597707454,Three-step,1.0,1.0,0.5,0.5,3411,0.0,0.0,0.0,wrong,correct,1.5
233,-0.34303439500562694,-0.5140133440372922,0.04497634739472609,Three-step,1.0,1.0,0.5,0.5,3411,0.0,0.0,0.0,wrong,correct,1.5
234,-0.039998132796487604,-0.5483062162992963,-0.09456419115982602,Three-step,1.0,1.0,0.5,0.5,3411,0.0,0.0,0.0,wrong,correct,1.5
235,-0.21841578461971048,-0.530603011942535,0.058670187085729436,Three-step,1.0,1.0,0.5,0.5,3411,0.0,0.0,0.0,wrong,correct,1.5
236,-0.3407281487971713,-0.5311856520328265,-0.003441577216499324,Three-step,1.0,1.0,0.5,0.5,3411,0.0,0.0,0.0,wrong,correct,1.5
237,-0.1683506008308107,-0.529623832270405,0.0398349562312892,Three-step,1.0,1.0,0.5,0.5,3411,0.0,0.0,0.0,wrong,correct,1.5
238,0.0997668016316103,-0.5168054974621431,0.17363136423361314,Three-step,1.0,1.0,0.5,0.5,3411,0.0,0.0,0.0,wrong,correct,1.5
239,-0.21985972770466716,-0.5509366129540746,-0.14158941253080876,Three-step,1.0,1.0,0.5,0.5,3411,0.0,0.0,0.0,wrong,correct,1.5
240,-0.07643503215349919,-0.5139763697282833,0.019174087801382224,Three-step,1.0,1.0,0.5,0.5,3411,0.0,0.0,0.0,wrong,correct,1.5
241,-0.10570126091124706,-0.5191388293112894,0.01763034811015911,Three-step,1.0,1.0,0.5,0.5,3411,0.0,0.0,0.0,wrong,correct,1.5
242,0.2618151031987824,-0.5276487069191105,-0.1228822496261712,Three-step,1.0,1.0,0.5,0.5,3411,0.0,0.0,0.0,wrong,correct,1.5
243,0.05232250805978823,-0.5345814340341464,0.05154519817481309,Three-step,1.0,1.0,0.5,0.5,3411,0.0,0.0,0.0,wrong,correct,1.5
244,0.10110249263709534,-0.5245152556210221,0.006332671489454911,Three-step,1.0,1.0,0.5,0.5,3411,0.0,0.0,0.0,wrong,correct,1.5
245,0.05175053076391033,-0.515232950113875,0.05070764487726424,Three-step,1.0,1.0,0.5,0.5,3411,0.0,0.0,0.0,wrong,correct,1.5
246,-0.5363800052816434,-0.5234838936211115,0.009949334907667251,Three-step,1.0,1.0,0.5,0.5,3411,0.0,0.0,0.0,wrong,correct,1.5
247,-0.09285951576480371,-0.5560805444830552,-0.1103043937039282,Three-step,1.0,1.0,0.5,0.5,3411,0.0,0.0,0.0,wrong,correct,1.5
248,0.32227439626228377,-0.5354891199070004,0.04689084905261479,Three-step,1.0,1.0,0.5,0.5,3411,0.0,0.0,0.0,wrong,correct,1.5
249,0.22704401620662248,-0.5048014274399051,0.13550035737784102,Three-step,1.0,1.0,0.5,0.5,3411,0.0,0.0,0.0,wrong,correct,1.5
250,-0.16047033911770656,-0.5284884754550944,-0.06174538478143658,Three-step,1.0,1.0,0.5,0.5,3411,0.0,0.0,0.0,wrong,correct,1.5
251,-0.0837365301396489,-0.5424617415044669,-0.1192900348783045,Three-step,1.0,1.0,0.5,0.5,3411,0.0,0.0,0.0,wrong,correct,1.5
252,0.07731089893747596,-0.5206074970204576,0.10728091980522061,Three-step,1.0,1.0,0.5,0.5,3411,0.0,0.0,0.0,wrong,correct,1.5
253,-0.2120173013216944,-0.5022970720198489,0.14564479337032646,Three-step,1.0,1.0,0.5,0.5,3411,0.0,0.0,0.0,wrong,correct,1.5
254,0.15823213637682998,-0.5213775959181083,-0.01179855594266672,Three-step,1.0,1.0,0.5,0.5,3411,0.0,0.0,0.0,wrong,correct,1.5
255,-0.0442018606728272,-0.5357031273161,0.09991879295389054,Three-step,1.0,1.0,0.5,0.5,3411,0.0,0.0,0.0,wrong,correct,1.5
256,-0.2570862182703807,-0.5492884670876963,-0.22351064541755272,Three-step,1.0,1.0,0.5,0.5,3411,0.0,0.0,0.0,wrong,correct,1.5
257,-0.05919112177258597,-0.5308121574140073,-0.06116036462890511,Three-step,1.0,1.0,0.5,0.5,3411,0.0,0.0,0.0,wrong,correct,1.5
258,-0.42885524021531995,-0.5329473950448793,-0.13262145025508743,Three-step,1.0,1.0,0.5,0.5,3411,0.0,0.0,0.0,wrong,correct,1.5
259,-0.09860576984084946,-0.5298317851516902,0.005023422325338452,Three-step,1.0,1.0,0.5,0.5,3411,0.0,0.0,0.0,wrong,correct,1.5
260,-0.12808865089098292,-0.5405543581059491,-0.08074512873817503,Three-step,1.0,1.0,0.5,0.5,3411,0.0,0.0,0.0,wrong,correct,1.5
261,0.07550250819410238,-0.5291042570332248,0.003505715852377331,Three-step,1.0,1.0,0.5,0.5,3411,0.0,0.0,0.0,wrong,correct,1.5
262,-0.1675382619930181,-0.5267527853834586,-0.0033463996538755725,Three-step,1.0,1.0,0.5,0.5,3411,0.0,0.0,0.0,wrong,correct,1.5
263,-0.21292823780586095,-0.5258353282675385,-0.008174342608873012,Three-step,1.0,1.0,0.5,0.5,3411,0.0,0.0,0.0,wrong,correct,1.5
264,0.11462784412613804,-0.5163618160722719,-0.020271222982056792,Three-step,1.0,1.0,0.5,0.5,3411,0.0,0.0,0.0,wrong,correct,1.5
265,-0.09882250889000364,-0.537882122206925,0.0010309360358453428,Three-step,1.0,1.0,0.5,0.5,3411,0.0,0.0,0.0,wrong,correct,1.5
266,-0.0024930049347693913,-0.5498243265898102,-0.309823722891718,Three-step,1.0,1.0,0.5,0.5,3411,0.0,0.0,0.0,wrong,correct,1.5
267,-0.08280189680509635,-0.5128603103147742,0.07936514781229727,Three-step,1.0,1.0,0.5,0.5,3411,0.0,0.0,0.0,wrong,correct,1.5
268,-0.20291976069883375,-0.5377662449263511,-0.044183988443506905,Three-step,1.0,1.0,0.5,0.5,3411,0.0,0.0,0.0,wrong,correct,1.5
269,-0.27487699141074934,-0.5241731062932187,0.11667585814500668,Three-step,1.0,1.0,0.5,0.5,3411,0.0,0.0,0.0,wrong,correct,1.5
270,0.09038882375772178,-0.5553731619632098,-0.06714855259344416,Three-step,1.0,1.0,0.5,0.5,3411,0.0,0.0,0.0,wrong,correct,1.5
271,0.09081485647459486,-0.5278509519400979,0.06484680620442157,Three-step,1.0,1.0,0.5,0.5,3411,0.0,0.0,0.0,wrong,correct,1.5
272,-0.3221030745365079,-0.5367848747442425,-0.05735112830661672,Three-step,1.0,1.0,0.5,0.5,3411,0.0,0.0,0.0,wrong,correct,1.5
273,0.0707405790992815,-0.5361257767053663,-0.04983147580689703,Three-step,1.0,1.0,0.5,0.5,3411,0.0,0.0,0.0,wrong,correct,1.5
274,-0.08368199118501649,-0.540830496747108,-0.11316407337450639,Three-step,1.0,1.0,0.5,0.5,3411,0.0,0.0,0.0,wrong,correct,1.5
275,0.046433306576410205,-0.5276367137790735,-0.09509434156263309,Three-step,1.0,1.0,0.5,0.5,3411,0.0,0.0,0.0,wrong,correct,1.5
276,0.053194038183958084,-0.5267257448225241,-0.014516122997307123,Three-step,1.0,1.0,0.5,0.5,3411,0.0,0.0,0.0,wrong,correct,1.5
277,0.3428344877142675,-0.5328221327876195,-0.055740688423355195,Three-step,1.0,1.0,0.5,0.5,3411,0.0,0.0,0.0,wrong,correct,1.5
278,0.19473825182251187,-0.5098361910587781,-0.03737567826545535,Three-step,1.0,1.0,0.5,0.5,3411,0.0,0.0,0.0,wrong,correct,1.5
279,0.03613184709407999,-0.5389495490006858,-0.046749276688138185,Three-step,1.0,1.0,0.5,0.5,3411,0.0,0.0,0.0,wrong,correct,1.5
280,0.004311902526756681,-0.5148316316218468,-0.028212492849255325,Three-step,1.0,1.0,0.5,0.5,3411,0.0,0.0,0.0,wrong,correct,1.5
281,0.3022118599986394,-0.49559908400844277,0.1547269712139585,Three-step,1.0,1.0,0.5,0.5,3411,0.0,0.0,0.0,wrong,correct,1.5
282,0.25155074649316583,-0.5302270418973182,-0.02019885903509089,Three-step,1.0,1.0,0.5,0.5,3411,0.0,0.0,0.0,wrong,correct,1.5
283,0.3086380153496195,-0.5176151066214013,-0.05888389932615527,Three-step,1.0,1.0,0.5,0.5,3411,0.0,0.0,0.0,wrong,correct,1.5
284,-0.11769776135767852,-0.5200281079248039,0.020802375922233475,Three-step,1.0,1.0,0.5,0.5,3411,0.0,0.0,0.0,wrong,correct,1.5
285,-0.01982615367935622,-0.5334388660318133,-0.14263347083164338,Three-step,1.0,1.0,0.5,0.5,3411,0.0,0.0,0.0,wrong,correct,1.5
286,-0.013019681073503967,-0.518423965092513,0.0939325439130456,Three-step,1.0,1.0,0.5,0.5,3411,0.0,0.0,0.0,wrong,correct,1.5
287,0.25792458875893226,-0.5133109077915206,-0.0052009594741748875,Three-step,1.0,1.0,0.5,0.5,3411,0.0,0.0,0.0,wrong,correct,1.5
288,-0.4512910182263957,-0.542473612227818,-0.0886006071404565,Three-step,1.0,1.0,0.5,0.5,3411,0.0,0.0,0.0,wrong,correct,1.5
289,-0.38770235307111306,-0.5185091221059384,0.10138226421394507,Three-step,1.0,1.0,0.5,0.5,3411,0.0,0.0,0.0,wrong,correct,1.5
290,-0.3029475687527341,-0.5400138224681253,-0.09929478873375656,Three-step,1.0,1.0,0.5,0.5,3411,0.0,0.0,0.0,wrong,correct,1.5
291,0.4394943600345875,-0.5173166006735535,0.09823145545205758,Three-step,1.0,1.0,0.5,0.5,3411,0.0,0.0,0.0,wrong,correct,1.5
292,0.492069341192234,-0.4957952146268055,0.25805322802342917,Three-step,1.0,1.0,0.5,0.5,3411,0.0,0.0,0.0,wrong,correct,1.5
293,-0.281935614879724,-0.5381318623402688,-0.09505544433417762,Three-step,1.0,1.0,0.5,0.5,3411,0.0,0.0,0.0,wrong,correct,1.5
294,0.20967949216875909,-0.529859305620037,0.05155425829525128,Three-step,1.0,1.0,0.5,0.5,3411,0.0,0.0,0.0,wrong,correct,1.5
295,0.0894951833138306,-0.5182902317127654,0.10732434764057965,Three-step,1.0,1.0,0.5,0.5,3411,0.0,0.0,0.0,wrong,correct,1.5
296,0.13923675733760296,-0.5025055978725529,-0.010714451047498836,Three-step,1.0,1.0,0.5,0.5,3411,0.0,0.0,0.0,wrong,correct,1.5
297,-0.1391299970115786,-0.5427427599442185,-0.08318152665773562,Three-step,1.0,1.0,0.5,0.5,3411,0.0,0.0,0.0,wrong,correct,1.5
298,0.4621804712505968,-0.4939523995030564,0.2424389951949769,Three-step,1.0,1.0,0.5,0.5,3411,0.0,0.0,0.0,wrong,correct,1.5
299,-0.10112725475734084,-0.5195461965765763,0.019741109958648053,Three-step,1.0,1.0,0.5,0.5,3411,0.0,0.0,0.0,wrong,correct,1.5
300,0.018330706096971176,-0.5466547935926054,-0.011879084386894228,Three-step,1.0,1.0,0.5,0.5,3411,0.0,0.0,0.0,wrong,correct,1.5
1,-0.12710084258786175,-0.5368659009584356,0.04114391157887211,Robins' estimator,1.0,1.0,0.5,0.5,3411,0.0,0.0,0.0,wrong,correct,1.5
2,0.0008694470725168056,-0.527626714294368,0.13651377812460347,Robins' estimator,1.0,1.0,0.5,0.5,3411,0.0,0.0,0.0,wrong,correct,1.5
3,-0.2039612590908691,-0.5190540913952217,-0.0006677770287174696,Robins' estimator,1.0,1.0,0.5,0.5,3411,0.0,0.0,0.0,wrong,correct,1.5
4,0.15564146246560037,-0.5171712353283388,-0.0718864973933247,Robins' estimator,1.0,1.0,0.5,0.5,3411,0.0,0.0,0.0,wrong,correct,1.5
5,-0.3191935730542898,-0.5392800614197523,-0.06295860315187059,Robins' estimator,1.0,1.0,0.5,0.5,3411,0.0,0.0,0.0,wrong,correct,1.5
6,0.1368288523728235,-0.5179160020527853,0.03944084478986963,Robins' estimator,1.0,1.0,0.5,0.5,3411,0.0,0.0,0.0,wrong,correct,1.5
7,0.3529659491017564,-0.49766926725573374,0.18243405166059704,Robins' estimator,1.0,1.0,0.5,0.5,3411,0.0,0.0,0.0,wrong,correct,1.5
8,-0.36331599862708486,-0.5292792520248426,0.016204911190858828,Robins' estimator,1.0,1.0,0.5,0.5,3411,0.0,0.0,0.0,wrong,correct,1.5
9,-0.07717279114897928,-0.5247474423055718,0.1276704693910625,Robins' estimator,1.0,1.0,0.5,0.5,3411,0.0,0.0,0.0,wrong,correct,1.5
10,-0.16512762683752177,-0.5478821865406718,-0.21708055076599309,Robins' estimator,1.0,1.0,0.5,0.5,3411,0.0,0.0,0.0,wrong,correct,1.5
11,0.08643308904210265,-0.5127655234643449,0.004175203267684951,Robins' estimator,1.0,1.0,0.5,0.5,3411,0.0,0.0,0.0,wrong,correct,1.5
12,-0.06625278657793848,-0.5369801366820076,-0.022940985711343714,Robins' estimator,1.0,1.0,0.5,0.5,3411,0.0,0.0,0.0,wrong,correct,1.5
13,0.16221820689979316,-0.5191276458015931,-0.008108260781466361,Robins' estimator,1.0,1.0,0.5,0.5,3411,0.0,0.0,0.0,wrong,correct,1.5
14,-0.33088433210256835,-0.5382905922275368,-0.06095718956985762,Robins' estimator,1.0,1.0,0.5,0.5,3411,0.0,0.0,0.0,wrong,correct,1.5
15,-0.3352461220229922,-0.549174057188052,-0.13167102686759885,Robins' estimator,1.0,1.0,0.5,0.5,3411,0.0,0.0,0.0,wrong,correct,1.5
16,-0.3637949045109192,-0.5557396265742255,-0.28765674086263654,Robins' estimator,1.0,1.0,0.5,0.5,3411,0.0,0.0,0.0,wrong,correct,1.5
17,0.38153219644589076,-0.4987205573295956,0.15265787402926567,Robins' estimator,1.0,1.0,0.5,0.5,3411,0.0,0.0,0.0,wrong,correct,1.5
18,0.0666642029063212,-0.5130170837690284,0.14281304162018374,Robins' estimator,1.0,1.0,0.5,0.5,3411,0.0,0.0,0.0,wrong,correct,1.5
19,0.04581025643575376,-0.508426527711066,0.13595298189231786,Robins' estimator,1.0,1.0,0.5,0.5,3411,0.0,0.0,0.0,wrong,correct,1.5
20,-0.12742578345724148,-0.5071711761743553,0.15868217554088554,Robins' estimator,1.0,1.0,0.5,0.5,3411,0.0,0.0,0.0,wrong,correct,1.5
21,0.16130829879416866,-0.5073017689182073,0.046538789148292105,Robins' estimator,1.0,1.0,0.5,0.5,3411,0.0,0.0,0.0,wrong,correct,1.5
22,-0.1684959858712609,-0.5261621268895428,0.07879321032881015,Robins' estimator,1.0,1.0,0.5,0.5,3411,0.0,0.0,0.0,wrong,correct,1.5
23,-0.083245520798463,-0.5395457638003668,0.008697614344562326,Robins' estimator,1.0,1.0,0.5,0.5,3411,0.0,0.0,0.0,wrong,correct,1.5
24,0.1622499354582467,-0.50848839532361,0.08590451877606342,Robins' estimator,1.0,1.0,0.5,0.5,3411,0.0,0.0,0.0,wrong,correct,1.5
25,0.08015278543368576,-0.5131190360095245,0.09521230017807371,Robins' estimator,1.0,1.0,0.5,0.5,3411,0.0,0.0,0.0,wrong,correct,1.5
26,0.035338976387733756,-0.5072808958481001,0.09981676711474766,Robins' estimator,1.0,1.0,0.5,0.5,3411,0.0,0.0,0.0,wrong,correct,1.5
27,0.013113059138447793,-0.5088075402943903,0.07758851705316007,Robins' estimator,1.0,1.0,0.5,0.5,3411,0.0,0.0,0.0,wrong,correct,1.5
28,-0.2542879589047707,-0.5476785433977598,-0.0714794823703091,Robins' estimator,1.0,1.0,0.5,0.5,3411,0.0,0.0,0.0,wrong,correct,1.5
29,-0.09696326946488838,-0.5312813821721302,0.012043717072442102,Robins' estimator,1.0,1.0,0.5,0.5,3411,0.0,0.0,0.0,wrong,correct,1.5
30,0.05969877828962084,-0.5087909717102799,-0.037092458875474896,Robins' estimator,1.0,1.0,0.5,0.5,3411,0.0,0.0,0.0,wrong,correct,1.5
31,0.2656928822837593,-0.5148617575158561,0.05730936198387525,Robins' estimator,1.0,1.0,0.5,0.5,3411,0.0,0.0,0.0,wrong,correct,1.5
32,-0.17389727041231595,-0.5489338081822216,-0.07132998831630404,Robins' estimator,1.0,1.0,0.5,0.5,3411,0.0,0.0,0.0,wrong,correct,1.5
33,-0.014947621505558051,-0.5173633725750606,0.027337954606977345,Robins' estimator,1.0,1.0,0.5,0.5,3411,0.0,0.0,0.0,wrong,correct,1.5
34,-0.0003325390501901822,-0.5320392668368447,-0.013758053606782068,Robins' estimator,1.0,1.0,0.5,0.5,3411,0.0,0.0,0.0,wrong,correct,1.5
35,0.02043434054586977,-0.5233330891431197,0.03267410910722678,Robins' estimator,1.0,1.0,0.5,0.5,3411,0.0,0.0,0.0,wrong,correct,1.5
36,0.11524974954675422,-0.5082989199210823,0.024563585698870065,Robins' estimator,1.0,1.0,0.5,0.5,3411,0.0,0.0,0.0,wrong,correct,1.5
37,-0.23365698153379902,-0.5446727918322979,-0.18146085530833453,Robins' estimator,1.0,1.0,0.5,0.5,3411,0.0,0.0,0.0,wrong,correct,1.5
38,-0.06747670531680669,-0.5331064607208583,-0.011693835941225673,Robins' estimator,1.0,1.0,0.5,0.5,3411,0.0,0.0,0.0,wrong,correct,1.5
39,-0.16744109242102065,-0.5347390982660765,-0.08673517827424514,Robins' estimator,1.0,1.0,0.5,0.5,3411,0.0,0.0,0.0,wrong,correct,1.5
40,0.17358761587126023,-0.5125418441588111,0.024124990635635533,Robins' estimator,1.0,1.0,0.5,0.5,3411,0.0,0.0,0.0,wrong,correct,1.5
41,0.14876127448730872,-0.5168586342737563,0.11146560293452518,Robins' estimator,1.0,1.0,0.5,0.5,3411,0.0,0.0,0.0,wrong,correct,1.5
42,0.30487963958555014,-0.5124340483820398,0.0556274204913539,Robins' estimator,1.0,1.0,0.5,0.5,3411,0.0,0.0,0.0,wrong,correct,1.5
43,0.05729546991807319,-0.5223598237780663,0.024528883725310417,Robins' estimator,1.0,1.0,0.5,0.5,3411,0.0,0.0,0.0,wrong,correct,1.5
44,0.2614332418405515,-0.5244674366811403,0.08687684072568459,Robins' estimator,1.0,1.0,0.5,0.5,3411,0.0,0.0,0.0,wrong,correct,1.5
45,-0.07626028283646849,-0.5404905421994198,-0.06636425572917587,Robins' estimator,1.0,1.0,0.5,0.5,3411,0.0,0.0,0.0,wrong,correct,1.5
46,-0.026459763066684648,-0.5231366572017548,0.048770130950545845,Robins' estimator,1.0,1.0,0.5,0.5,3411,0.0,0.0,0.0,wrong,correct,1.5
47,0.10715454820917457,-0.5096610469926361,0.08645723747389039,Robins' estimator,1.0,1.0,0.5,0.5,3411,0.0,0.0,0.0,wrong,correct,1.5
48,0.04463531284490455,-0.5217615802426708,-0.06714789007873746,Robins' estimator,1.0,1.0,0.5,0.5,3411,0.0,0.0,0.0,wrong,correct,1.5
49,-0.14430942558128923,-0.5166132293400624,0.19184004375497252,Robins' estimator,1.0,1.0,0.5,0.5,3411,0.0,0.0,0.0,wrong,correct,1.5
50,-0.11379891483614656,-0.5162824823987578,-0.10406686899957944,Robins' estimator,1.0,1.0,0.5,0.5,3411,0.0,0.0,0.0,wrong,correct,1.5
51,0.07886243527485115,-0.521290804377303,-0.09647025515150737,Robins' estimator,1.0,1.0,0.5,0.5,3411,0.0,0.0,0.0,wrong,correct,1.5
52,-0.12512945570580927,-0.5233596824567651,0.04925669384234512,Robins' estimator,1.0,1.0,0.5,0.5,3411,0.0,0.0,0.0,wrong,correct,1.5
53,0.08574695695000135,-0.5254143160936755,0.13080236828879682,Robins' estimator,1.0,1.0,0.5,0.5,3411,0.0,0.0,0.0,wrong,correct,1.5
54,-0.07742992843028748,-0.5355165793377009,0.06835830647700146,Robins' estimator,1.0,1.0,0.5,0.5,3411,0.0,0.0,0.0,wrong,correct,1.5
55,-0.11010113061490265,-0.5281543842570464,0.022288476418866294,Robins' estimator,1.0,1.0,0.5,0.5,3411,0.0,0.0,0.0,wrong,correct,1.5
56,-0.07528749695318164,-0.5214736881890363,-0.13733272344213662,Robins' estimator,1.0,1.0,0.5,0.5,3411,0.0,0.0,0.0,wrong,correct,1.5
57,-0.32930518041472656,-0.546091676982967,-0.07057239016563217,Robins' estimator,1.0,1.0,0.5,0.5,3411,0.0,0.0,0.0,wrong,correct,1.5
58,-0.166169760942592,-0.5441988181188477,-0.21769594357847086,Robins' estimator,1.0,1.0,0.5,0.5,3411,0.0,0.0,0.0,wrong,correct,1.5
59,0.40570750019349155,-0.49072326536183675,0.12329440246423279,Robins' estimator,1.0,1.0,0.5,0.5,3411,0.0,0.0,0.0,wrong,correct,1.5
60,-0.04265170023590986,-0.5227511605110928,0.033111211718905444,Robins' estimator,1.0,1.0,0.5,0.5,3411,0.0,0.0,0.0,wrong,correct,1.5
61,-0.019815167680185028,-0.5233184309415192,0.06317838130737022,Robins' estimator,1.0,1.0,0.5,0.5,3411,0.0,0.0,0.0,wrong,correct,1.5
62,-0.17024857486783906,-0.5174452507297108,0.13902778002874439,Robins' estimator,1.0,1.0,0.5,0.5,3411,0.0,0.0,0.0,wrong,correct,1.5
63,-0.21566763169332165,-0.5269600700503447,-0.03755339160031828,Robins' estimator,1.0,1.0,0.5,0.5,3411,0.0,0.0,0.0,wrong,correct,1.5
64,-0.0990568147544795,-0.5257921140176343,0.010065082283341647,Robins' estimator,1.0,1.0,0.5,0.5,3411,0.0,0.0,0.0,wrong,correct,1.5
65,-0.2251817446061069,-0.5319705370707242,0.12532426978208358,Robins' estimator,1.0,1.0,0.5,0.5,3411,0.0,0.0,0.0,wrong,correct,1.5
66,0.053265532177722966,-0.5123963196541478,0.040096580961651015,Robins' estimator,1.0,1.0,0.5,0.5,3411,0.0,0.0,0.0,wrong,correct,1.5
67,0.10914874608149848,-0.5205521211128243,0.08923797730136568,Robins' estimator,1.0,1.0,0.5,0.5,3411,0.0,0.0,0.0,wrong,correct,1.5
68,-0.03270581524928126,-0.5167680429925219,0.08709812449744121,Robins' estimator,1.0,1.0,0.5,0.5,3411,0.0,0.0,0.0,wrong,correct,1.5
69,-0.15653880257233255,-0.5344177629262511,-0.04194370150079136,Robins' estimator,1.0,1.0,0.5,0.5,3411,0.0,0.0,0.0,wrong,correct,1.5
70,-0.08560066548885077,-0.5396564010028908,-0.1457761100344744,Robins' estimator,1.0,1.0,0.5,0.5,3411,0.0,0.0,0.0,wrong,correct,1.5
71,-0.23446925454581663,-0.5224838719378375,0.16544644526172825,Robins' estimator,1.0,1.0,0.5,0.5,3411,0.0,0.0,0.0,wrong,correct,1.5
72,0.0181581266483757,-0.5222629899924461,-0.12376445819096422,Robins' estimator,1.0,1.0,0.5,0.5,3411,0.0,0.0,0.0,wrong,correct,1.5
73,-0.0197937589878531,-0.5247875581059865,0.05864169925782077,Robins' estimator,1.0,1.0,0.5,0.5,3411,0.0,0.0,0.0,wrong,correct,1.5
74,-0.5213462632523786,-0.5520413806055644,-0.23901380434201233,Robins' estimator,1.0,1.0,0.5,0.5,3411,0.0,0.0,0.0,wrong,correct,1.5
75,-0.04465424781803356,-0.5260617460906797,0.07265819631958383,Robins' estimator,1.0,1.0,0.5,0.5,3411,0.0,0.0,0.0,wrong,correct,1.5
76,0.01238628419683754,-0.5283223059185045,-0.049411607357757195,Robins' estimator,1.0,1.0,0.5,0.5,3411,0.0,0.0,0.0,wrong,correct,1.5
77,-0.31254245485827226,-0.5451891636676438,-0.2518023453713898,Robins' estimator,1.0,1.0,0.5,0.5,3411,0.0,0.0,0.0,wrong,correct,1.5
78,-0.38832807453140833,-0.547198725599247,-0.2336507178395434,Robins' estimator,1.0,1.0,0.5,0.5,3411,0.0,0.0,0.0,wrong,correct,1.5
79,0.06732422711957377,-0.5242664841720969,0.02029647185437114,Robins' estimator,1.0,1.0,0.5,0.5,3411,0.0,0.0,0.0,wrong,correct,1.5
80,0.06271798315709634,-0.533010795417436,-0.06609076093265515,Robins' estimator,1.0,1.0,0.5,0.5,3411,0.0,0.0,0.0,wrong,correct,1.5
81,-0.31980215662290223,-0.5342559680668386,-0.14864399103387163,Robins' estimator,1.0,1.0,0.5,0.5,3411,0.0,0.0,0.0,wrong,correct,1.5
82,0.05245545974074441,-0.5111806169956699,0.11159513349838701,Robins' estimator,1.0,1.0,0.5,0.5,3411,0.0,0.0,0.0,wrong,correct,1.5
83,-0.0019717117199135404,-0.5407867945757231,-0.19686488672719307,Robins' estimator,1.0,1.0,0.5,0.5,3411,0.0,0.0,0.0,wrong,correct,1.5
84,-0.1312848992655821,-0.5379237078008869,-0.15835360432928744,Robins' estimator,1.0,1.0,0.5,0.5,3411,0.0,0.0,0.0,wrong,correct,1.5
85,-0.30056177945949886,-0.5500307856289159,-0.2694726621564982,Robins' estimator,1.0,1.0,0.5,0.5,3411,0.0,0.0,0.0,wrong,correct,1.5
86,-0.1055177556346325,-0.5297493435877317,-0.0176162938056687,Robins' estimator,1.0,1.0,0.5,0.5,3411,0.0,0.0,0.0,wrong,correct,1.5
87,-0.05722131391815889,-0.5383329997589337,-0.16376038763327724,Robins' estimator,1.0,1.0,0.5,0.5,3411,0.0,0.0,0.0,wrong,correct,1.5
88,0.32655746360334276,-0.5115186416417221,0.015370322387361626,Robins' estimator,1.0,1.0,0.5,0.5,3411,0.0,0.0,0.0,wrong,correct,1.5
89,0.07470976187467607,-0.5152915309944068,-0.008618050097101896,Robins' estimator,1.0,1.0,0.5,0.5,3411,0.0,0.0,0.0,wrong,correct,1.5
90,0.08301698253518541,-0.529422440493203,-0.05757593706654385,Robins' estimator,1.0,1.0,0.5,0.5,3411,0.0,0.0,0.0,wrong,correct,1.5
91,-0.03872741597413278,-0.5270275038593194,0.01730793647561345,Robins' estimator,1.0,1.0,0.5,0.5,3411,0.0,0.0,0.0,wrong,correct,1.5
92,-0.27614271818111413,-0.5522550564403068,-0.2090071406302888,Robins' estimator,1.0,1.0,0.5,0.5,3411,0.0,0.0,0.0,wrong,correct,1.5
93,0.2012000469761272,-0.5159629099313726,0.05600294625333035,Robins' estimator,1.0,1.0,0.5,0.5,3411,0.0,0.0,0.0,wrong,correct,1.5
94,-0.22554637097055744,-0.5306218355693965,-0.0047628121415104595,Robins' estimator,1.0,1.0,0.5,0.5,3411,0.0,0.0,0.0,wrong,correct,1.5
95,0.08106549709094299,-0.5183773474891485,0.01817622434624263,Robins' estimator,1.0,1.0,0.5,0.5,3411,0.0,0.0,0.0,wrong,correct,1.5
96,-0.219051138068054,-0.5476989769136109,-0.12596751467225142,Robins' estimator,1.0,1.0,0.5,0.5,3411,0.0,0.0,0.0,wrong,correct,1.5
97,-0.09253735774534855,-0.5258983728369436,0.001769493179769202,Robins' estimator,1.0,1.0,0.5,0.5,3411,0.0,0.0,0.0,wrong,correct,1.5
98,0.2319801192742925,-0.5124135400760107,0.11804365680932517,Robins' estimator,1.0,1.0,0.5,0.5,3411,0.0,0.0,0.0,wrong,correct,1.5
99,-0.23618404014258743,-0.5267501448355236,-0.02541314223778711,Robins' estimator,1.0,1.0,0.5,0.5,3411,0.0,0.0,0.0,wrong,correct,1.5
100,-0.03374769297612586,-0.5307561748119335,-0.18576792482387744,Robins' estimator,1.0,1.0,0.5,0.5,3411,0.0,0.0,0.0,wrong,correct,1.5
101,0.05431744013398897,-0.5356109734459089,0.061268645358403984,Robins' estimator,1.0,1.0,0.5,0.5,3411,0.0,0.0,0.0,wrong,correct,1.5
102,-0.0762022381415136,-0.5359046153342676,-0.18061977753483321,Robins' estimator,1.0,1.0,0.5,0.5,3411,0.0,0.0,0.0,wrong,correct,1.5
103,0.1393336259149662,-0.5233930076084925,0.10663245450180218,Robins' estimator,1.0,1.0,0.5,0.5,3411,0.0,0.0,0.0,wrong,correct,1.5
104,-0.3013349914417772,-0.5316250738025793,0.07449716331593223,Robins' estimator,1.0,1.0,0.5,0.5,3411,0.0,0.0,0.0,wrong,correct,1.5
105,-0.2739903473753629,-0.5423136344212912,-0.14077318870404662,Robins' estimator,1.0,1.0,0.5,0.5,3411,0.0,0.0,0.0,wrong,correct,1.5
106,-0.35824148905803554,-0.557660710809476,-0.20221541647792662,Robins' estimator,1.0,1.0,0.5,0.5,3411,0.0,0.0,0.0,wrong,correct,1.5
107,-0.2622559344345917,-0.5481876830939876,-0.008957397530681173,Robins' estimator,1.0,1.0,0.5,0.5,3411,0.0,0.0,0.0,wrong,correct,1.5
108,-0.009061840888498124,-0.5087553641760688,-0.025014460862212977,Robins' estimator,1.0,1.0,0.5,0.5,3411,0.0,0.0,0.0,wrong,correct,1.5
109,-0.00839375868454518,-0.5247959833848419,0.0050176310246167356,Robins' estimator,1.0,1.0,0.5,0.5,3411,0.0,0.0,0.0,wrong,correct,1.5
110,0.1887747957285201,-0.5075196115465562,0.12979186384805136,Robins' estimator,1.0,1.0,0.5,0.5,3411,0.0,0.0,0.0,wrong,correct,1.5
111,0.02501456645375108,-0.5173040287112156,0.02407290321814706,Robins' estimator,1.0,1.0,0.5,0.5,3411,0.0,0.0,0.0,wrong,correct,1.5
112,0.028455641203655548,-0.5247334920626252,-0.005562001321340709,Robins' estimator,1.0,1.0,0.5,0.5,3411,0.0,0.0,0.0,wrong,correct,1.5
113,-0.26236529933802016,-0.5231061279084476,0.01649444185248418,Robins' estimator,1.0,1.0,0.5,0.5,3411,0.0,0.0,0.0,wrong,correct,1.5
114,0.39515442581312515,-0.5149040762676861,-0.01863707297911607,Robins' estimator,1.0,1.0,0.5,0.5,3411,0.0,0.0,0.0,wrong,correct,1.5
115,-0.04799501655320611,-0.5241508827361213,0.058582500133833156,Robins' estimator,1.0,1.0,0.5,0.5,3411,0.0,0.0,0.0,wrong,correct,1.5
116,-0.011306753043228075,-0.5165337133184545,0.016224908426400363,Robins' estimator,1.0,1.0,0.5,0.5,3411,0.0,0.0,0.0,wrong,correct,1.5
117,-0.49386425103009923,-0.5564198100047367,-0.24435720732671884,Robins' estimator,1.0,1.0,0.5,0.5,3411,0.0,0.0,0.0,wrong,correct,1.5
118,-0.11180816466431939,-0.5322453120315177,-0.0022417306998581085,Robins' estimator,1.0,1.0,0.5,0.5,3411,0.0,0.0,0.0,wrong,correct,1.5
119,0.1279919331902884,-0.5275093566732776,-0.04109885691819541,Robins' estimator,1.0,1.0,0.5,0.5,3411,0.0,0.0,0.0,wrong,correct,1.5
120,-0.09992498588945331,-0.5261163425956267,-0.003171513188163115,Robins' estimator,1.0,1.0,0.5,0.5,3411,0.0,0.0,0.0,wrong,correct,1.5
121,-0.1623677174900472,-0.528201186697639,0.015604203101738877,Robins' estimator,1.0,1.0,0.5,0.5,3411,0.0,0.0,0.0,wrong,correct,1.5
122,0.11073193456373995,-0.5135103062989198,0.10357969486387913,Robins' estimator,1.0,1.0,0.5,0.5,3411,0.0,0.0,0.0,wrong,correct,1.5
123,0.12706871463903333,-0.5206553979534783,0.11938723962263773,Robins' estimator,1.0,1.0,0.5,0.5,3411,0.0,0.0,0.0,wrong,correct,1.5
124,-0.20232564292144445,-0.5410405256967142,-0.07132493338757948,Robins' estimator,1.0,1.0,0.5,0.5,3411,0.0,0.0,0.0,wrong,correct,1.5
125,-0.15742909126207325,-0.5265539419612077,0.05040865333212296,Robins' estimator,1.0,1.0,0.5,0.5,3411,0.0,0.0,0.0,wrong,correct,1.5
126,-0.10195849066574714,-0.5241443988167622,0.03222913502414297,Robins' estimator,1.0,1.0,0.5,0.5,3411,0.0,0.0,0.0,wrong,correct,1.5
127,0.018315630505025986,-0.532708841916274,0.041553913374178415,Robins' estimator,1.0,1.0,0.5,0.5,3411,0.0,0.0,0.0,wrong,correct,1.5
128,0.04981514856721559,-0.511042720319247,0.08649673222750003,Robins' estimator,1.0,1.0,0.5,0.5,3411,0.0,0.0,0.0,wrong,correct,1.5
129,-0.01590731252539748,-0.5309413733350327,0.01321067339395898,Robins' estimator,1.0,1.0,0.5,0.5,3411,0.0,0.0,0.0,wrong,correct,1.5
130,-0.13492971358002173,-0.5387145486350622,-0.03359153884427126,Robins' estimator,1.0,1.0,0.5,0.5,3411,0.0,0.0,0.0,wrong,correct,1.5
131,-0.12080263534175886,-0.5275940929475245,-0.06945346788907192,Robins' estimator,1.0,1.0,0.5,0.5,3411,0.0,0.0,0.0,wrong,correct,1.5
132,-0.3066140109051271,-0.5414756543260141,-0.030060389412417853,Robins' estimator,1.0,1.0,0.5,0.5,3411,0.0,0.0,0.0,wrong,correct,1.5
133,-0.03787193096102681,-0.5269985134754945,0.06964348458408906,Robins' estimator,1.0,1.0,0.5,0.5,3411,0.0,0.0,0.0,wrong,correct,1.5
134,-0.13863314753919323,-0.5307381652398554,-0.01437827489751475,Robins' estimator,1.0,1.0,0.5,0.5,3411,0.0,0.0,0.0,wrong,correct,1.5
135,-0.03560580437250414,-0.5387150848261022,-0.1202805193854302,Robins' estimator,1.0,1.0,0.5,0.5,3411,0.0,0.0,0.0,wrong,correct,1.5
136,-0.25242408747028017,-0.5309591479555924,-0.05076619639379787,Robins' estimator,1.0,1.0,0.5,0.5,3411,0.0,0.0,0.0,wrong,correct,1.5
137,0.13174381871048288,-0.5264218592841943,-0.10413531277513428,Robins' estimator,1.0,1.0,0.5,0.5,3411,0.0,0.0,0.0,wrong,correct,1.5
138,0.22709367865959135,-0.5171690235419976,-0.048494149841000214,Robins' estimator,1.0,1.0,0.5,0.5,3411,0.0,0.0,0.0,wrong,correct,1.5
139,-0.25791318931168417,-0.541052694660188,-0.12796334568729167,Robins' estimator,1.0,1.0,0.5,0.5,3411,0.0,0.0,0.0,wrong,correct,1.5
140,0.24088680879545446,-0.505769246993697,0.07442700390490395,Robins' estimator,1.0,1.0,0.5,0.5,3411,0.0,0.0,0.0,wrong,correct,1.5
141,0.14312489736664874,-0.5065831243256411,0.15789795413993735,Robins' estimator,1.0,1.0,0.5,0.5,3411,0.0,0.0,0.0,wrong,correct,1.5
142,-0.10504615339020473,-0.5365026355952367,-0.03338463606265534,Robins' estimator,1.0,1.0,0.5,0.5,3411,0.0,0.0,0.0,wrong,correct,1.5
143,0.2015559481350924,-0.5032652831836806,0.17408727442700608,Robins' estimator,1.0,1.0,0.5,0.5,3411,0.0,0.0,0.0,wrong,correct,1.5
144,0.09721872411138435,-0.5231144775966655,0.010587550702243589,Robins' estimator,1.0,1.0,0.5,0.5,3411,0.0,0.0,0.0,wrong,correct,1.5
145,0.12322426307631869,-0.5060661100019291,0.2641570015934837,Robins' estimator,1.0,1.0,0.5,0.5,3411,0.0,0.0,0.0,wrong,correct,1.5
146,-0.1498445366756526,-0.5260618652714331,-0.05088844258058906,Robins' estimator,1.0,1.0,0.5,0.5,3411,0.0,0.0,0.0,wrong,correct,1.5
147,0.05031737935000341,-0.5291769103808994,-0.004973153704889906,Robins' estimator,1.0,1.0,0.5,0.5,3411,0.0,0.0,0.0,wrong,correct,1.5
148,0.07143611580746055,-0.523482535132846,-0.010946191596901564,Robins' estimator,1.0,1.0,0.5,0.5,3411,0.0,0.0,0.0,wrong,correct,1.5
149,-0.1981734235137335,-0.5304833334703083,-0.034299487953506354,Robins' estimator,1.0,1.0,0.5,0.5,3411,0.0,0.0,0.0,wrong,correct,1.5
150,0.1739844013443823,-0.49009092601682547,0.15209488563404944,Robins' estimator,1.0,1.0,0.5,0.5,3411,0.0,0.0,0.0,wrong,correct,1.5
151,-0.014804192625843914,-0.5297243186862549,-0.07366773356733658,Robins' estimator,1.0,1.0,0.5,0.5,3411,0.0,0.0,0.0,wrong,correct,1.5
152,0.09844407351400267,-0.5162679416013932,0.049794797669530586,Robins' estimator,1.0,1.0,0.5,0.5,3411,0.0,0.0,0.0,wrong,correct,1.5
153,0.13026278458221724,-0.5291682502233416,-0.01901197659466588,Robins' estimator,1.0,1.0,0.5,0.5,3411,0.0,0.0,0.0,wrong,correct,1.5
154,0.13656695176060335,-0.5019028655191203,0.11249956095386288,Robins' estimator,1.0,1.0,0.5,0.5,3411,0.0,0.0,0.0,wrong,correct,1.5
155,-0.04931930093880799,-0.5305021371739362,-0.13932639756217732,Robins' estimator,1.0,1.0,0.5,0.5,3411,0.0,0.0,0.0,wrong,correct,1.5
156,0.013012396878713063,-0.5301451690502839,0.14795953815422616,Robins' estimator,1.0,1.0,0.5,0.5,3411,0.0,0.0,0.0,wrong,correct,1.5
157,-0.11632808371697509,-0.5315424785329675,0.023837766123551523,Robins' estimator,1.0,1.0,0.5,0.5,3411,0.0,0.0,0.0,wrong,correct,1.5
158,0.16039302337587896,-0.5212834227370275,0.005989489727511385,Robins' estimator,1.0,1.0,0.5,0.5,3411,0.0,0.0,0.0,wrong,correct,1.5
159,-0.0038681002942775964,-0.5147972977881996,0.09510981878723994,Robins' estimator,1.0,1.0,0.5,0.5,3411,0.0,0.0,0.0,wrong,correct,1.5
160,-0.0077144407464635936,-0.5293913222857605,-0.02777780315285579,Robins' estimator,1.0,1.0,0.5,0.5,3411,0.0,0.0,0.0,wrong,correct,1.5
161,0.024968178439919612,-0.5174487175498993,0.06605294338103407,Robins' estimator,1.0,1.0,0.5,0.5,3411,0.0,0.0,0.0,wrong,correct,1.5
162,0.1189974604486485,-0.5100987492557667,0.06173894935968448,Robins' estimator,1.0,1.0,0.5,0.5,3411,0.0,0.0,0.0,wrong,correct,1.5
163,0.07153081550045495,-0.5196267905600268,-0.03612797340142898,Robins' estimator,1.0,1.0,0.5,0.5,3411,0.0,0.0,0.0,wrong,correct,1.5
164,-0.3868546372215318,-0.552633484794416,-0.2248866560188454,Robins' estimator,1.0,1.0,0.5,0.5,3411,0.0,0.0,0.0,wrong,correct,1.5
165,-0.15667351024073536,-0.5415756185808148,-0.06863598682354957,Robins' estimator,1.0,1.0,0.5,0.5,3411,0.0,0.0,0.0,wrong,correct,1.5
166,-0.04363150038091275,-0.5274944000377638,0.04788777161004489,Robins' estimator,1.0,1.0,0.5,0.5,3411,0.0,0.0,0.0,wrong,correct,1.5
167,-0.18043027593537925,-0.5372690909157388,-0.07880294496799915,Robins' estimator,1.0,1.0,0.5,0.5,3411,0.0,0.0,0.0,wrong,correct,1.5
168,-0.03146391310819953,-0.5246425874902982,0.02439079411322393,Robins' estimator,1.0,1.0,0.5,0.5,3411,0.0,0.0,0.0,wrong,correct,1.5
169,-0.15261355269989169,-0.5188345497476059,-0.040455471566430715,Robins' estimator,1.0,1.0,0.5,0.5,3411,0.0,0.0,0.0,wrong,correct,1.5
170,0.06627635861665633,-0.5227473450955463,-0.04522990070367494,Robins' estimator,1.0,1.0,0.5,0.5,3411,0.0,0.0,0.0,wrong,correct,1.5
171,-0.19882284833983407,-0.5445457958014464,-0.08781210310945559,Robins' estimator,1.0,1.0,0.5,0.5,3411,0.0,0.0,0.0,wrong,correct,1.5
172,-0.21403576336221933,-0.5372394298482573,-0.11331823847210351,Robins' estimator,1.0,1.0,0.5,0.5,3411,0.0,0.0,0.0,wrong,correct,1.5
173,-0.09989764345763878,-0.5449813631077702,-0.05540451181595485,Robins' estimator,1.0,1.0,0.5,0.5,3411,0.0,0.0,0.0,wrong,correct,1.5
174,-0.10716309392390386,-0.5274105596176458,0.028027861590819707,Robins' estimator,1.0,1.0,0.5,0.5,3411,0.0,0.0,0.0,wrong,correct,1.5
175,0.14636956891736963,-0.5428044390066913,-0.061002744884073416,Robins' estimator,1.0,1.0,0.5,0.5,3411,0.0,0.0,0.0,wrong,correct,1.5
176,-0.0983072582416597,-0.5314203029169098,0.047764399233856246,Robins' estimator,1.0,1.0,0.5,0.5,3411,0.0,0.0,0.0,wrong,correct,1.5
177,0.11648816453980718,-0.506408792451702,-0.015629788449527136,Robins' estimator,1.0,1.0,0.5,0.5,3411,0.0,0.0,0.0,wrong,correct,1.5
178,0.10108142916022421,-0.5278669365471517,0.028549119846039535,Robins' estimator,1.0,1.0,0.5,0.5,3411,0.0,0.0,0.0,wrong,correct,1.5
179,-0.05119169410665428,-0.5143865368689378,0.05491745975253434,Robins' estimator,1.0,1.0,0.5,0.5,3411,0.0,0.0,0.0,wrong,correct,1.5
180,0.07406249762255074,-0.5069617031661416,-0.012116090346238777,Robins' estimator,1.0,1.0,0.5,0.5,3411,0.0,0.0,0.0,wrong,correct,1.5
181,-0.06562681360538744,-0.5217923167718264,0.006370643930967849,Robins' estimator,1.0,1.0,0.5,0.5,3411,0.0,0.0,0.0,wrong,correct,1.5
182,0.08745843297189398,-0.5064593008749301,0.25559081754954777,Robins' estimator,1.0,1.0,0.5,0.5,3411,0.0,0.0,0.0,wrong,correct,1.5
183,0.13653690660514556,-0.524467184872734,0.09421229739440765,Robins' estimator,1.0,1.0,0.5,0.5,3411,0.0,0.0,0.0,wrong,correct,1.5
184,0.213057637454451,-0.5171005862486114,0.07396896804223115,Robins' estimator,1.0,1.0,0.5,0.5,3411,0.0,0.0,0.0,wrong,correct,1.5
185,0.11871053441754825,-0.5275216521396072,-0.02289459505804784,Robins' estimator,1.0,1.0,0.5,0.5,3411,0.0,0.0,0.0,wrong,correct,1.5
186,-0.015740949748726783,-0.5288146691898036,0.0013843827264344956,Robins' estimator,1.0,1.0,0.5,0.5,3411,0.0,0.0,0.0,wrong,correct,1.5
187,0.17460107813767484,-0.5163433992213446,0.1370775391978189,Robins' estimator,1.0,1.0,0.5,0.5,3411,0.0,0.0,0.0,wrong,correct,1.5
188,-0.1789200678965851,-0.5302206788635557,-0.08963925466268867,Robins' estimator,1.0,1.0,0.5,0.5,3411,0.0,0.0,0.0,wrong,correct,1.5
189,0.3486987675514034,-0.5053469187971887,0.17589632847636397,Robins' estimator,1.0,1.0,0.5,0.5,3411,0.0,0.0,0.0,wrong,correct,1.5
190,0.10385193819107866,-0.5149468421394056,0.18180629994179212,Robins' estimator,1.0,1.0,0.5,0.5,3411,0.0,0.0,0.0,wrong,correct,1.5
191,-0.16933920578632883,-0.5214275039750015,0.08964131977348143,Robins' estimator,1.0,1.0,0.5,0.5,3411,0.0,0.0,0.0,wrong,correct,1.5
192,-0.157764092062477,-0.5295150838047534,-0.03352652380849222,Robins' estimator,1.0,1.0,0.5,0.5,3411,0.0,0.0,0.0,wrong,correct,1.5
193,-0.3324353673636076,-0.5493715595863511,-0.11964929560456447,Robins' estimator,1.0,1.0,0.5,0.5,3411,0.0,0.0,0.0,wrong,correct,1.5
194,0.3097381402874117,-0.5074803734663501,0.135337956649557,Robins' estimator,1.0,1.0,0.5,0.5,3411,0.0,0.0,0.0,wrong,correct,1.5
195,-0.37979735229234973,-0.5336521911609025,-0.11315480706304894,Robins' estimator,1.0,1.0,0.5,0.5,3411,0.0,0.0,0.0,wrong,correct,1.5
196,-0.19453360639457123,-0.5426325331010847,-0.09884011530207687,Robins' estimator,1.0,1.0,0.5,0.5,3411,0.0,0.0,0.0,wrong,correct,1.5
197,-0.22853776365437994,-0.5275175192018868,-0.015171394248444098,Robins' estimator,1.0,1.0,0.5,0.5,3411,0.0,0.0,0.0,wrong,correct,1.5
198,0.06248677540335254,-0.5303550039393385,-0.045762959280145246,Robins' estimator,1.0,1.0,0.5,0.5,3411,0.0,0.0,0.0,wrong,correct,1.5
199,0.39848651964528187,-0.5132879067464955,-0.017796729452559407,Robins' estimator,1.0,1.0,0.5,0.5,3411,0.0,0.0,0.0,wrong,correct,1.5
200,-0.04664191225474845,-0.523512322673336,0.06770911543045317,Robins' estimator,1.0,1.0,0.5,0.5,3411,0.0,0.0,0.0,wrong,correct,1.5
201,0.06815645019545798,-0.5289515478833667,0.015947003532938785,Robins' estimator,1.0,1.0,0.5,0.5,3411,0.0,0.0,0.0,wrong,correct,1.5
202,-0.0616899946249599,-0.511670234226348,0.029855419045433592,Robins' estimator,1.0,1.0,0.5,0.5,3411,0.0,0.0,0.0,wrong,correct,1.5
203,0.19628852435049604,-0.5122078515943134,0.07852448950328011,Robins' estimator,1.0,1.0,0.5,0.5,3411,0.0,0.0,0.0,wrong,correct,1.5
204,0.03624944095867554,-0.5287245468009081,0.030043181005701487,Robins' estimator,1.0,1.0,0.5,0.5,3411,0.0,0.0,0.0,wrong,correct,1.5
205,0.013925889412126162,-0.5297153679406055,0.013105557234147676,Robins' estimator,1.0,1.0,0.5,0.5,3411,0.0,0.0,0.0,wrong,correct,1.5
206,0.18339469008194045,-0.5182511036633212,0.01328256403612123,Robins' estimator,1.0,1.0,0.5,0.5,3411,0.0,0.0,0.0,wrong,correct,1.5
207,0.19642656982743167,-0.5064247479476773,0.19730515338664184,Robins' estimator,1.0,1.0,0.5,0.5,3411,0.0,0.0,0.0,wrong,correct,1.5
208,-0.3628659851818147,-0.5524643021274657,-0.033779650866002715,Robins' estimator,1.0,1.0,0.5,0.5,3411,0.0,0.0,0.0,wrong,correct,1.5
209,0.17229445206219296,-0.5146324277673574,-0.001433425905942808,Robins' estimator,1.0,1.0,0.5,0.5,3411,0.0,0.0,0.0,wrong,correct,1.5
210,0.09317153791149242,-0.519497258842589,0.06267589249336586,Robins' estimator,1.0,1.0,0.5,0.5,3411,0.0,0.0,0.0,wrong,correct,1.5
211,0.30466762219082777,-0.5065632053556953,0.08214394888945821,Robins' estimator,1.0,1.0,0.5,0.5,3411,0.0,0.0,0.0,wrong,correct,1.5
212,0.28234473982541924,-0.5112182782193834,0.008264716713070962,Robins' estimator,1.0,1.0,0.5,0.5,3411,0.0,0.0,0.0,wrong,correct,1.5
213,-0.06675651274488989,-0.5336011244897652,0.06509926530109901,Robins' estimator,1.0,1.0,0.5,0.5,3411,0.0,0.0,0.0,wrong,correct,1.5
214,-0.2710814035342406,-0.5330455264601289,-0.028391104232352242,Robins' estimator,1.0,1.0,0.5,0.5,3411,0.0,0.0,0.0,wrong,correct,1.5
215,-0.1214588495245137,-0.5295709312415234,0.09708068599006409,Robins' estimator,1.0,1.0,0.5,0.5,3411,0.0,0.0,0.0,wrong,correct,1.5
216,0.215264958232928,-0.511659912994306,0.12238047841080785,Robins' estimator,1.0,1.0,0.5,0.5,3411,0.0,0.0,0.0,wrong,correct,1.5
217,0.15157109188784765,-0.5198943403362553,-0.07949941055818803,Robins' estimator,1.0,1.0,0.5,0.5,3411,0.0,0.0,0.0,wrong,correct,1.5
218,-0.0699002198234576,-0.5310257646460175,-0.013443602512423629,Robins' estimator,1.0,1.0,0.5,0.5,3411,0.0,0.0,0.0,wrong,correct,1.5
219,0.1066180344644031,-0.5208891279861027,0.13748883238111576,Robins' estimator,1.0,1.0,0.5,0.5,3411,0.0,0.0,0.0,wrong,correct,1.5
220,0.09129338302819073,-0.5149038524765416,-0.03695491298987647,Robins' estimator,1.0,1.0,0.5,0.5,3411,0.0,0.0,0.0,wrong,correct,1.5
221,0.1855465251991725,-0.5169374684531327,0.02283125923324473,Robins' estimator,1.0,1.0,0.5,0.5,3411,0.0,0.0,0.0,wrong,correct,1.5
222,0.06752016422526304,-0.5170283169810735,0.10989904828633983,Robins' estimator,1.0,1.0,0.5,0.5,3411,0.0,0.0,0.0,wrong,correct,1.5
223,0.17688641262353325,-0.5102028857644433,0.2364619802904378,Robins' estimator,1.0,1.0,0.5,0.5,3411,0.0,0.0,0.0,wrong,correct,1.5
224,-0.048897544574781286,-0.5377982685725129,-0.1487838114089305,Robins' estimator,1.0,1.0,0.5,0.5,3411,0.0,0.0,0.0,wrong,correct,1.5
225,-0.024024955705759812,-0.5247753380910882,0.001422149599718034,Robins' estimator,1.0,1.0,0.5,0.5,3411,0.0,0.0,0.0,wrong,correct,1.5
226,0.07805842105179711,-0.5105458578875544,0.14786159122885906,Robins' estimator,1.0,1.0,0.5,0.5,3411,0.0,0.0,0.0,wrong,correct,1.5
227,0.18847915852108904,-0.5212354090432758,0.12619658930543765,Robins' estimator,1.0,1.0,0.5,0.5,3411,0.0,0.0,0.0,wrong,correct,1.5
228,0.2615907846962685,-0.5128707221372001,0.14766162039750566,Robins' estimator,1.0,1.0,0.5,0.5,3411,0.0,0.0,0.0,wrong,correct,1.5
229,-0.030003025904150795,-0.5342104110653846,-0.046562090781952045,Robins' estimator,1.0,1.0,0.5,0.5,3411,0.0,0.0,0.0,wrong,correct,1.5
230,-0.332601895774318,-0.5442844205593724,-0.1609374199785769,Robins' estimator,1.0,1.0,0.5,0.5,3411,0.0,0.0,0.0,wrong,correct,1.5
231,0.1331471419518513,-0.5245215686292052,0.04909494110084585,Robins' estimator,1.0,1.0,0.5,0.5,3411,0.0,0.0,0.0,wrong,correct,1.5
232,-0.16232182588400043,-0.5249722166217,-0.1888531259769788,Robins' estimator,1.0,1.0,0.5,0.5,3411,0.0,0.0,0.0,wrong,correct,1.5
233,0.03798135648909032,-0.5138702301054652,0.04497634739399108,Robins' estimator,1.0,1.0,0.5,0.5,3411,0.0,0.0,0.0,wrong,correct,1.5
234,-0.1681630475657298,-0.548279974361861,-0.09456419122252448,Robins' estimator,1.0,1.0,0.5,0.5,3411,0.0,0.0,0.0,wrong,correct,1.5
235,-0.06617579492414737,-0.5302399409300915,0.058670187085557754,Robins' estimator,1.0,1.0,0.5,0.5,3411,0.0,0.0,0.0,wrong,correct,1.5
236,-0.2100312443097275,-0.527742266080195,-0.003441577216523277,Robins' estimator,1.0,1.0,0.5,0.5,3411,0.0,0.0,0.0,wrong,correct,1.5
237,0.06954303421697829,-0.5269960248484284,0.03983495625478598,Robins' estimator,1.0,1.0,0.5,0.5,3411,0.0,0.0,0.0,wrong,correct,1.5
238,0.2170058847379882,-0.5153268597302891,0.17363136423462913,Robins' estimator,1.0,1.0,0.5,0.5,3411,0.0,0.0,0.0,wrong,correct,1.5
239,-0.3167782220826295,-0.5501108096506203,-0.14158941261345,Robins' estimator,1.0,1.0,0.5,0.5,3411,0.0,0.0,0.0,wrong,correct,1.5
240,-0.11496961186059144,-0.5148809537521244,0.019174087802372262,Robins' estimator,1.0,1.0,0.5,0.5,3411,0.0,0.0,0.0,wrong,correct,1.5
241,-0.07390644384412284,-0.5186568948895672,0.01763034811021933,Robins' estimator,1.0,1.0,0.5,0.5,3411,0.0,0.0,0.0,wrong,correct,1.5
242,-0.028881079593760288,-0.5278425890769141,-0.12288224963481013,Robins' estimator,1.0,1.0,0.5,0.5,3411,0.0,0.0,0.0,wrong,correct,1.5
243,-0.070079439735463,-0.5338310788861637,0.0515451981715527,Robins' estimator,1.0,1.0,0.5,0.5,3411,0.0,0.0,0.0,wrong,correct,1.5
244,-0.013210380518669528,-0.5250483016727832,0.006332671489866493,Robins' estimator,1.0,1.0,0.5,0.5,3411,0.0,0.0,0.0,wrong,correct,1.5
245,0.13052848099199416,-0.5166235002327133,0.0507076448772635,Robins' estimator,1.0,1.0,0.5,0.5,3411,0.0,0.0,0.0,wrong,correct,1.5
246,-0.3539423925453668,-0.5244665692429493,0.00994933490722741,Robins' estimator,1.0,1.0,0.5,0.5,3411,0.0,0.0,0.0,wrong,correct,1.5
247,-0.2140896254504609,-0.5506702144937057,-0.11030439416040412,Robins' estimator,1.0,1.0,0.5,0.5,3411,0.0,0.0,0.0,wrong,correct,1.5
248,0.22117252085396083,-0.5355162594615949,0.04689084905553332,Robins' estimator,1.0,1.0,0.5,0.5,3411,0.0,0.0,0.0,wrong,correct,1.5
249,0.2712780469653231,-0.5061723613617787,0.13550035732804386,Robins' estimator,1.0,1.0,0.5,0.5,3411,0.0,0.0,0.0,wrong,correct,1.5
250,-0.056635070130637205,-0.5274612243683192,-0.06174538477820179,Robins' estimator,1.0,1.0,0.5,0.5,3411,0.0,0.0,0.0,wrong,correct,1.5
251,-0.21184760609908057,-0.5428958773375465,-0.1192900348808213,Robins' estimator,1.0,1.0,0.5,0.5,3411,0.0,0.0,0.0,wrong,correct,1.5
252,0.15522222243423192,-0.5201299734100368,0.10728091980558255,Robins' estimator,1.0,1.0,0.5,0.5,3411,0.0,0.0,0.0,wrong,correct,1.5
253,0.045822517362440036,-0.5039779537181643,0.14564479337469008,Robins' estimator,1.0,1.0,0.5,0.5,3411,0.0,0.0,0.0,wrong,correct,1.5
254,0.10192324694549752,-0.523762198831196,-0.01179855594268744,Robins' estimator,1.0,1.0,0.5,0.5,3411,0.0,0.0,0.0,wrong,correct,1.5
255,-0.026389503308745055,-0.5363081387942796,0.09991879295446758,Robins' estimator,1.0,1.0,0.5,0.5,3411,0.0,0.0,0.0,wrong,correct,1.5
256,-0.23503943828647722,-0.5431668232966632,-0.2235106454163767,Robins' estimator,1.0,1.0,0.5,0.5,3411,0.0,0.0,0.0,wrong,correct,1.5
257,-0.01790887501173307,-0.5274717145196242,-0.06116036462801421,Robins' estimator,1.0,1.0,0.5,0.5,3411,0.0,0.0,0.0,wrong,correct,1.5
258,-0.30111607323185213,-0.535598251250289,-0.13262145025545813,Robins' estimator,1.0,1.0,0.5,0.5,3411,0.0,0.0,0.0,wrong,correct,1.5
259,-0.13664159173318488,-0.5305918262716063,0.005023422331263159,Robins' estimator,1.0,1.0,0.5,0.5,3411,0.0,0.0,0.0,wrong,correct,1.5
260,-0.12942795190523043,-0.5412928670432067,-0.08074512873575629,Robins' estimator,1.0,1.0,0.5,0.5,3411,0.0,0.0,0.0,wrong,correct,1.5
261,0.13486225281530748,-0.5260513519015461,0.003505715673276965,Robins' estimator,1.0,1.0,0.5,0.5,3411,0.0,0.0,0.0,wrong,correct,1.5
262,-0.09288056529302723,-0.5248159768008976,-0.003346399654334878,Robins' estimator,1.0,1.0,0.5,0.5,3411,0.0,0.0,0.0,wrong,correct,1.5
263,-0.14403875321161794,-0.5266675583178935,-0.008174342608425663,Robins' estimator,1.0,1.0,0.5,0.5,3411,0.0,0.0,0.0,wrong,correct,1.5
264,0.15966349546727876,-0.5144073856230227,-0.02027122300870099,Robins' estimator,1.0,1.0,0.5,0.5,3411,0.0,0.0,0.0,wrong,correct,1.5
265,-0.08298956921248522,-0.5333459382677459,0.0010309360357348657,Robins' estimator,1.0,1.0,0.5,0.5,3411,0.0,0.0,0.0,wrong,correct,1.5
266,-0.13779687565268905,-0.5507264943924596,-0.30982372297162747,Robins' estimator,1.0,1.0,0.5,0.5,3411,0.0,0.0,0.0,wrong,correct,1.5
267,0.019081859013100947,-0.5111950565271606,0.07936514781239437,Robins' estimator,1.0,1.0,0.5,0.5,3411,0.0,0.0,0.0,wrong,correct,1.5
268,-0.33595956102376934,-0.5368811930834864,-0.04418398844394328,Robins' estimator,1.0,1.0,0.5,0.5,3411,0.0,0.0,0.0,wrong,correct,1.5
269,-0.004011984771950241,-0.5211845293588842,0.11667585814483995,Robins' estimator,1.0,1.0,0.5,0.5,3411,0.0,0.0,0.0,wrong,correct,1.5
270,-0.22666795611983467,-0.5509499230619472,-0.06714855258823367,Robins' estimator,1.0,1.0,0.5,0.5,3411,0.0,0.0,0.0,wrong,correct,1.5
271,-0.08333856817105188,-0.5307964113996599,0.06484680619324057,Robins' estimator,1.0,1.0,0.5,0.5,3411,0.0,0.0,0.0,wrong,correct,1.5
272,-0.1748397144746411,-0.5369693117523336,-0.057351128308028035,Robins' estimator,1.0,1.0,0.5,0.5,3411,0.0,0.0,0.0,wrong,correct,1.5
273,-0.11116666347907907,-0.5377509738959696,-0.049831475806503926,Robins' estimator,1.0,1.0,0.5,0.5,3411,0.0,0.0,0.0,wrong,correct,1.5
274,-0.1825481486659039,-0.5440388792917015,-0.11316407336737312,Robins' estimator,1.0,1.0,0.5,0.5,3411,0.0,0.0,0.0,wrong,correct,1.5
275,-0.05552168310713112,-0.5279303661636385,-0.09509434156264661,Robins' estimator,1.0,1.0,0.5,0.5,3411,0.0,0.0,0.0,wrong,correct,1.5
276,-0.008681105566177185,-0.527266324102391,-0.014516122996763005,Robins' estimator,1.0,1.0,0.5,0.5,3411,0.0,0.0,0.0,wrong,correct,1.5
277,0.11907894722839411,-0.5257997435516004,-0.055740688431165385,Robins' estimator,1.0,1.0,0.5,0.5,3411,0.0,0.0,0.0,wrong,correct,1.5
278,0.12113734735181152,-0.5108858050358415,-0.03737567826540183,Robins' estimator,1.0,1.0,0.5,0.5,3411,0.0,0.0,0.0,wrong,correct,1.5
279,-0.05137078765006383,-0.5364341822321539,-0.04674927668814107,Robins' estimator,1.0,1.0,0.5,0.5,3411,0.0,0.0,0.0,wrong,correct,1.5
280,0.05418917599754234,-0.5123938505801742,-0.02821249284920904,Robins' estimator,1.0,1.0,0.5,0.5,3411,0.0,0.0,0.0,wrong,correct,1.5
281,0.3923698229949855,-0.4936473343064532,0.15472697120528764,Robins' estimator,1.0,1.0,0.5,0.5,3411,0.0,0.0,0.0,wrong,correct,1.5
282,0.021362648508901447,-0.5299483081566979,-0.02019885906009795,Robins' estimator,1.0,1.0,0.5,0.5,3411,0.0,0.0,0.0,wrong,correct,1.5
283,0.07510217081907104,-0.51989174649681,-0.05888389927763495,Robins' estimator,1.0,1.0,0.5,0.5,3411,0.0,0.0,0.0,wrong,correct,1.5
284,-0.01907026630579278,-0.52113333030029,0.020802375922237958,Robins' estimator,1.0,1.0,0.5,0.5,3411,0.0,0.0,0.0,wrong,correct,1.5
285,0.02287477657718447,-0.5379042263774774,-0.14263347083507388,Robins' estimator,1.0,1.0,0.5,0.5,3411,0.0,0.0,0.0,wrong,correct,1.5
286,0.1648490311811112,-0.5183686840190458,0.09393254392222694,Robins' estimator,1.0,1.0,0.5,0.5,3411,0.0,0.0,0.0,wrong,correct,1.5
287,0.10702151554151752,-0.5090596066013531,-0.005200959473294052,Robins' estimator,1.0,1.0,0.5,0.5,3411,0.0,0.0,0.0,wrong,correct,1.5
288,-0.38833087522001153,-0.5411184205597104,-0.08860060715338644,Robins' estimator,1.0,1.0,0.5,0.5,3411,0.0,0.0,0.0,wrong,correct,1.5
289,-0.26240098057614825,-0.5224982807775579,0.10138226421532752,Robins' estimator,1.0,1.0,0.5,0.5,3411,0.0,0.0,0.0,wrong,correct,1.5
290,-0.20891596312779698,-0.5398157035683221,-0.09929478873175407,Robins' estimator,1.0,1.0,0.5,0.5,3411,0.0,0.0,0.0,wrong,correct,1.5
291,0.14425027197234722,-0.5162960677634623,0.09823145545260363,Robins' estimator,1.0,1.0,0.5,0.5,3411,0.0,0.0,0.0,wrong,correct,1.5
292,0.33512436456903644,-0.49401783722816917,0.25805322802488456,Robins' estimator,1.0,1.0,0.5,0.5,3411,0.0,0.0,0.0,wrong,correct,1.5
293,-0.08615662811619892,-0.5379977374226854,-0.09505544445251861,Robins' estimator,1.0,1.0,0.5,0.5,3411,0.0,0.0,0.0,wrong,correct,1.5
294,0.0664245923764865,-0.5322555307727246,0.051554258295475726,Robins' estimator,1.0,1.0,0.5,0.5,3411,0.0,0.0,0.0,wrong,correct,1.5
295,0.09870394819367523,-0.5182112300910204,0.10732434764954933,Robins' estimator,1.0,1.0,0.5,0.5,3411,0.0,0.0,0.0,wrong,correct,1.5
296,-0.02597050610091937,-0.5052270461815495,-0.01071445104687034,Robins' estimator,1.0,1.0,0.5,0.5,3411,0.0,0.0,0.0,wrong,correct,1.5
297,-0.013023342837049518,-0.5388164876165521,-0.08318152665650329,Robins' estimator,1.0,1.0,0.5,0.5,3411,0.0,0.0,0.0,wrong,correct,1.5
298,0.23231663330525,-0.49523215692098904,0.24243899515879913,Robins' estimator,1.0,1.0,0.5,0.5,3411,0.0,0.0,0.0,wrong,correct,1.5
299,0.013567307908826216,-0.5168570050624566,0.01974110995700733,Robins' estimator,1.0,1.0,0.5,0.5,3411,0.0,0.0,0.0,wrong,correct,1.5
300,0.10599642297772126,-0.5465580588979682,-0.011879083263886127,Robins' estimator,1.0,1.0,0.5,0.5,3411,0.0,0.0,0.0,wrong,correct,1.5
1,-0.09367044395439465,-0.5323101812801901,0.07142233505251798,GMM estimator,1.0,1.0,0.5,0.5,3411,0.0,0.0,0.0,wrong,correct,1.5
2,0.024673096133346555,-0.5244213620509641,0.14209446926182323,GMM estimator,1.0,1.0,0.5,0.5,3411,0.0,0.0,0.0,wrong,correct,1.5
3,-0.1982605831845335,-0.5176532312451558,0.007229752023834001,GMM estimator,1.0,1.0,0.5,0.5,3411,0.0,0.0,0.0,wrong,correct,1.5
4,0.10757720047166132,-0.5216215295711036,-0.09312570786368474,GMM estimator,1.0,1.0,0.5,0.5,3411,0.0,0.0,0.0,wrong,correct,1.5
5,-0.2995652520683701,-0.5388414521255469,-0.05711720648661433,GMM estimator,1.0,1.0,0.5,0.5,3411,0.0,0.0,0.0,wrong,correct,1.5
6,0.12531782586772017,-0.5181632995238982,0.03671053278928551,GMM estimator,1.0,1.0,0.5,0.5,3411,0.0,0.0,0.0,wrong,correct,1.5
7,0.26169191792995045,-0.5052189850463721,0.14002187523140686,GMM estimator,1.0,1.0,0.5,0.5,3411,0.0,0.0,0.0,wrong,correct,1.5
8,-0.41570873353553095,-0.5339001695748019,-0.00644633469575248,GMM estimator,1.0,1.0,0.5,0.5,3411,0.0,0.0,0.0,wrong,correct,1.5
9,-0.09278419787579088,-0.5260023904122311,0.11966455760485195,GMM estimator,1.0,1.0,0.5,0.5,3411,0.0,0.0,0.0,wrong,correct,1.5
10,-0.1585326728700624,-0.5474020206768458,-0.20874096625184438,GMM estimator,1.0,1.0,0.5,0.5,3411,0.0,0.0,0.0,wrong,correct,1.5
11,0.07346740949342155,-0.5133193766216647,0.006761929291201321,GMM estimator,1.0,1.0,0.5,0.5,3411,0.0,0.0,0.0,wrong,correct,1.5
12,-0.06688381595302072,-0.5370711738839877,-0.023042595895003373,GMM estimator,1.0,1.0,0.5,0.5,3411,0.0,0.0,0.0,wrong,correct,1.5
13,0.14250997599822496,-0.5230504116395236,-0.030268947825880056,GMM estimator,1.0,1.0,0.5,0.5,3411,0.0,0.0,0.0,wrong,correct,1.5
14,-0.33478714733856635,-0.5386367537938838,-0.06493405739132832,GMM estimator,1.0,1.0,0.5,0.5,3411,0.0,0.0,0.0,wrong,correct,1.5
15,-0.3363611608679888,-0.5482091371312163,-0.13169369742369005,GMM estimator,1.0,1.0,0.5,0.5,3411,0.0,0.0,0.0,wrong,correct,1.5
16,-0.32846387152208234,-0.555140229393259,-0.2862450978600685,GMM estimator,1.0,1.0,0.5,0.5,3411,0.0,0.0,0.0,wrong,correct,1.5
17,0.36924650445357704,-0.49977427225978877,0.14406974133402897,GMM estimator,1.0,1.0,0.5,0.5,3411,0.0,0.0,0.0,wrong,correct,1.5
18,0.061739191142752385,-0.5136056847492094,0.1388096611013757,GMM estimator,1.0,1.0,0.5,0.5,3411,0.0,0.0,0.0,wrong,correct,1.5
19,0.05351279572439712,-0.5091515681834359,0.12766819868499032,GMM estimator,1.0,1.0,0.5,0.5,3411,0.0,0.0,0.0,wrong,correct,1.5
20,-0.1838048799376779,-0.5105166476445758,0.143427555744432,GMM estimator,1.0,1.0,0.5,0.5,3411,0.0,0.0,0.0,wrong,correct,1.5
21,0.15187564129052275,-0.5073370516062053,0.05450841786757398,GMM estimator,1.0,1.0,0.5,0.5,3411,0.0,0.0,0.0,wrong,correct,1.5
22,-0.21347626125455735,-0.5286466786148781,0.06172874535906207,GMM estimator,1.0,1.0,0.5,0.5,3411,0.0,0.0,0.0,wrong,correct,1.5
23,-0.08973381788795554,-0.5399595660310104,0.0038222091377802412,GMM estimator,1.0,1.0,0.5,0.5,3411,0.0,0.0,0.0,wrong,correct,1.5
24,0.12317337519336032,-0.5110212252273328,0.06958631726490841,GMM estimator,1.0,1.0,0.5,0.5,3411,0.0,0.0,0.0,wrong,correct,1.5
25,0.07380166003973206,-0.513671729271248,0.10881802879298647,GMM estimator,1.0,1.0,0.5,0.5,3411,0.0,0.0,0.0,wrong,correct,1.5
26,0.029199106049579288,-0.5082299669800934,0.09525893981521287,GMM estimator,1.0,1.0,0.5,0.5,3411,0.0,0.0,0.0,wrong,correct,1.5
27,-0.030266815416521892,-0.5112004470269436,0.06095344564348719,GMM estimator,1.0,1.0,0.5,0.5,3411,0.0,0.0,0.0,wrong,correct,1.5
28,-0.33348688490652495,-0.5549769436695385,-0.10138973099896083,GMM estimator,1.0,1.0,0.5,0.5,3411,0.0,0.0,0.0,wrong,correct,1.5
29,-0.10263807115983622,-0.5317986287627144,0.003786684717225435,GMM estimator,1.0,1.0,0.5,0.5,3411,0.0,0.0,0.0,wrong,correct,1.5
30,-0.01030278940451546,-0.5088959908899006,-0.0426755965305901,GMM estimator,1.0,1.0,0.5,0.5,3411,0.0,0.0,0.0,wrong,correct,1.5
31,0.26306498334235456,-0.5132765596726847,0.06707381789172356,GMM estimator,1.0,1.0,0.5,0.5,3411,0.0,0.0,0.0,wrong,correct,1.5
32,-0.15171947865236063,-0.5470054660752344,-0.061943479858468084,GMM estimator,1.0,1.0,0.5,0.5,3411,0.0,0.0,0.0,wrong,correct,1.5
33,-0.09434436465691273,-0.5222421991676424,-0.008735274532818135,GMM estimator,1.0,1.0,0.5,0.5,3411,0.0,0.0,0.0,wrong,correct,1.5
34,-0.002494674249677044,-0.5317535394692814,-0.009502758954259243,GMM estimator,1.0,1.0,0.5,0.5,3411,0.0,0.0,0.0,wrong,correct,1.5
35,0.023184850218944678,-0.522831533403981,0.034283728869768174,GMM estimator,1.0,1.0,0.5,0.5,3411,0.0,0.0,0.0,wrong,correct,1.5
36,0.11518104953201251,-0.5082826820798937,0.02448508397613554,GMM estimator,1.0,1.0,0.5,0.5,3411,0.0,0.0,0.0,wrong,correct,1.5
37,-0.23227301022296398,-0.5433631603324239,-0.18750132025519478,GMM estimator,1.0,1.0,0.5,0.5,3411,0.0,0.0,0.0,wrong,correct,1.5
38,-0.07957484476537781,-0.5332256695128079,-0.007152388365040178,GMM estimator,1.0,1.0,0.5,0.5,3411,0.0,0.0,0.0,wrong,correct,1.5
39,-0.1705958928144845,-0.5344126610190989,-0.08131802251406811,GMM estimator,1.0,1.0,0.5,0.5,3411,0.0,0.0,0.0,wrong,correct,1.5
40,0.17091697259974942,-0.5124580860300895,0.02406768585511453,GMM estimator,1.0,1.0,0.5,0.5,3411,0.0,0.0,0.0,wrong,correct,1.5
41,0.1830679133195586,-0.5138473258088906,0.12955136329006697,GMM estimator,1.0,1.0,0.5,0.5,3411,0.0,0.0,0.0,wrong,correct,1.5
42,0.27138854508992033,-0.514479580780766,0.04576671095659301,GMM estimator,1.0,1.0,0.5,0.5,3411,0.0,0.0,0.0,wrong,correct,1.5
43,-0.025582219264975222,-0.5254225786151924,0.007975317050154704,GMM estimator,1.0,1.0,0.5,0.5,3411,0.0,0.0,0.0,wrong,correct,1.5
44,0.1271399105838631,-0.5304016473993133,0.08218293664278878,GMM estimator,1.0,1.0,0.5,0.5,3411,0.0,0.0,0.0,wrong,correct,1.5
45,-0.06282227661167067,-0.5390416740248168,-0.06217414969909832,GMM estimator,1.0,1.0,0.5,0.5,3411,0.0,0.0,0.0,wrong,correct,1.5
46,-0.0323884236559889,-0.523235671837402,0.04736770291780979,GMM estimator,1.0,1.0,0.5,0.5,3411,0.0,0.0,0.0,wrong,correct,1.5
47,0.2146368188471601,-0.5010009457027653,0.14721811913994065,GMM estimator,1.0,1.0,0.5,0.5,3411,0.0,0.0,0.0,wrong,correct,1.5
48,-0.010582458409045573,-0.5248729116878007,-0.07700865001286107,GMM estimator,1.0,1.0,0.5,0.5,3411,0.0,0.0,0.0,wrong,correct,1.5
49,-0.1707638788921038,-0.5179829912633562,0.19083406029819894,GMM estimator,1.0,1.0,0.5,0.5,3411,0.0,0.0,0.0,wrong,correct,1.5
50,-0.14744716013510145,-0.5177320970886904,-0.12497413668061551,GMM estimator,1.0,1.0,0.5,0.5,3411,0.0,0.0,0.0,wrong,correct,1.5
51,0.06962218652700329,-0.5220256257095843,-0.10302137865028237,GMM estimator,1.0,1.0,0.5,0.5,3411,0.0,0.0,0.0,wrong,correct,1.5
52,-0.17285311466795938,-0.5257111229082305,0.03151011648184613,GMM estimator,1.0,1.0,0.5,0.5,3411,0.0,0.0,0.0,wrong,correct,1.5
53,0.06751025906766693,-0.5282536561665352,0.11029589007183101,GMM estimator,1.0,1.0,0.5,0.5,3411,0.0,0.0,0.0,wrong,correct,1.5
54,-0.09100326414298837,-0.5349473586372546,0.07950933742993095,GMM estimator,1.0,1.0,0.5,0.5,3411,0.0,0.0,0.0,wrong,correct,1.5
55,-0.12179968869990036,-0.5310588719702867,-0.006819292359485798,GMM estimator,1.0,1.0,0.5,0.5,3411,0.0,0.0,0.0,wrong,correct,1.5
56,-0.05252097203542769,-0.5164619127798044,-0.10759977043979993,GMM estimator,1.0,1.0,0.5,0.5,3411,0.0,0.0,0.0,wrong,correct,1.5
57,-0.32798560637740853,-0.5466660602056657,-0.0780025840803914,GMM estimator,1.0,1.0,0.5,0.5,3411,0.0,0.0,0.0,wrong,correct,1.5
58,-0.16001498528754193,-0.5433547987348545,-0.21250196472832053,GMM estimator,1.0,1.0,0.5,0.5,3411,0.0,0.0,0.0,wrong,correct,1.5
59,0.36622257283495846,-0.49217126530043437,0.11832131833110922,GMM estimator,1.0,1.0,0.5,0.5,3411,0.0,0.0,0.0,wrong,correct,1.5
60,-0.02691526369067437,-0.5215648464317809,0.04430525718718086,GMM estimator,1.0,1.0,0.5,0.5,3411,0.0,0.0,0.0,wrong,correct,1.5
61,-0.046723933882507444,-0.5265578021456655,0.05934858825465074,GMM estimator,1.0,1.0,0.5,0.5,3411,0.0,0.0,0.0,wrong,correct,1.5
62,-0.2558017875092222,-0.5219082190402726,0.12902873402138584,GMM estimator,1.0,1.0,0.5,0.5,3411,0.0,0.0,0.0,wrong,correct,1.5
63,-0.26223199272696757,-0.5311185301915551,-0.07707492647683098,GMM estimator,1.0,1.0,0.5,0.5,3411,0.0,0.0,0.0,wrong,correct,1.5
64,-0.14420995426243544,-0.5303754029577334,-0.026922010493293604,GMM estimator,1.0,1.0,0.5,0.5,3411,0.0,0.0,0.0,wrong,correct,1.5
65,-0.1973904561028587,-0.5294765679534572,0.14690638154180116,GMM estimator,1.0,1.0,0.5,0.5,3411,0.0,0.0,0.0,wrong,correct,1.5
66,0.05018956109829911,-0.5130941919465388,0.03473781998009188,GMM estimator,1.0,1.0,0.5,0.5,3411,0.0,0.0,0.0,wrong,correct,1.5
67,0.09763333353498788,-0.52109832436693,0.08765160152472688,GMM estimator,1.0,1.0,0.5,0.5,3411,0.0,0.0,0.0,wrong,correct,1.5
68,-0.024134654073806345,-0.5158743146956322,0.09403729666597928,GMM estimator,1.0,1.0,0.5,0.5,3411,0.0,0.0,0.0,wrong,correct,1.5
69,-0.14426739861393412,-0.5329109512276841,-0.035225701889229,GMM estimator,1.0,1.0,0.5,0.5,3411,0.0,0.0,0.0,wrong,correct,1.5
70,-0.08704011792960185,-0.5393608964840525,-0.1444177146396054,GMM estimator,1.0,1.0,0.5,0.5,3411,0.0,0.0,0.0,wrong,correct,1.5
71,-0.221634051896551,-0.5211271415861193,0.17266599015866047,GMM estimator,1.0,1.0,0.5,0.5,3411,0.0,0.0,0.0,wrong,correct,1.5
72,0.026880656353405696,-0.5216246948762031,-0.11991114986081987,GMM estimator,1.0,1.0,0.5,0.5,3411,0.0,0.0,0.0,wrong,correct,1.5
73,-0.017234923346915853,-0.524490069832992,0.06143908979266862,GMM estimator,1.0,1.0,0.5,0.5,3411,0.0,0.0,0.0,wrong,correct,1.5
74,-0.5436675764365431,-0.5531140830943999,-0.24968822590108436,GMM estimator,1.0,1.0,0.5,0.5,3411,0.0,0.0,0.0,wrong,correct,1.5
75,-0.04743295629248994,-0.5263474542139456,0.07375450784867311,GMM estimator,1.0,1.0,0.5,0.5,3411,0.0,0.0,0.0,wrong,correct,1.5
76,0.009106235054611623,-0.5276319994557391,-0.04796834652858788,GMM estimator,1.0,1.0,0.5,0.5,3411,0.0,0.0,0.0,wrong,correct,1.5
77,-0.3199171901629547,-0.5446272702927591,-0.25670845085239646,GMM estimator,1.0,1.0,0.5,0.5,3411,0.0,0.0,0.0,wrong,correct,1.5
78,-0.4417055001778952,-0.5530885689027856,-0.2507630630746547,GMM estimator,1.0,1.0,0.5,0.5,3411,0.0,0.0,0.0,wrong,correct,1.5
79,0.03689639196354829,-0.5272043169297346,-0.006436450248272973,GMM estimator,1.0,1.0,0.5,0.5,3411,0.0,0.0,0.0,wrong,correct,1.5
80,0.07247921775492877,-0.5316308005279516,-0.06284848173575348,GMM estimator,1.0,1.0,0.5,0.5,3411,0.0,0.0,0.0,wrong,correct,1.5
81,-0.3189594452777188,-0.5340486360396717,-0.14653934115461215,GMM estimator,1.0,1.0,0.5,0.5,3411,0.0,0.0,0.0,wrong,correct,1.5
82,0.027809473195949987,-0.5134443898317617,0.09578676546239347,GMM estimator,1.0,1.0,0.5,0.5,3411,0.0,0.0,0.0,wrong,correct,1.5
83,-0.021178268011469548,-0.54233080793774,-0.20559152775623538,GMM estimator,1.0,1.0,0.5,0.5,3411,0.0,0.0,0.0,wrong,correct,1.5
84,-0.06276031520684244,-0.527228031999629,-0.06630825935675862,GMM estimator,1.0,1.0,0.5,0.5,3411,0.0,0.0,0.0,wrong,correct,1.5
85,-0.3095708815897879,-0.5511042865423537,-0.27794245119683186,GMM estimator,1.0,1.0,0.5,0.5,3411,0.0,0.0,0.0,wrong,correct,1.5
86,-0.11041273302910803,-0.5299207881254298,-0.01629651831417498,GMM estimator,1.0,1.0,0.5,0.5,3411,0.0,0.0,0.0,wrong,correct,1.5
87,-0.05654330550840924,-0.5385129588827349,-0.1659135880698291,GMM estimator,1.0,1.0,0.5,0.5,3411,0.0,0.0,0.0,wrong,correct,1.5
88,0.31376289352543285,-0.5122616247821672,0.011348934289267462,GMM estimator,1.0,1.0,0.5,0.5,3411,0.0,0.0,0.0,wrong,correct,1.5
89,0.04798626312630612,-0.5172017412776787,-0.01782433238686888,GMM estimator,1.0,1.0,0.5,0.5,3411,0.0,0.0,0.0,wrong,correct,1.5
90,0.05391649082767197,-0.5324544240066258,-0.06877038018641202,GMM estimator,1.0,1.0,0.5,0.5,3411,0.0,0.0,0.0,wrong,correct,1.5
91,-0.04437815599212209,-0.5274205677019054,0.01489424722613529,GMM estimator,1.0,1.0,0.5,0.5,3411,0.0,0.0,0.0,wrong,correct,1.5
92,-0.34392966204140907,-0.5575249891874979,-0.21365630690214968,GMM estimator,1.0,1.0,0.5,0.5,3411,0.0,0.0,0.0,wrong,correct,1.5
93,0.21866917882155107,-0.5148114948016028,0.05582991177688497,GMM estimator,1.0,1.0,0.5,0.5,3411,0.0,0.0,0.0,wrong,correct,1.5
94,-0.23688583385402057,-0.5305959776475588,-0.0014198035480081552,GMM estimator,1.0,1.0,0.5,0.5,3411,0.0,0.0,0.0,wrong,correct,1.5
95,0.09140764927315048,-0.5185905702079501,0.023020890170856644,GMM estimator,1.0,1.0,0.5,0.5,3411,0.0,0.0,0.0,wrong,correct,1.5
96,-0.21397024376385052,-0.5485311992251292,-0.13536746783639975,GMM estimator,1.0,1.0,0.5,0.5,3411,0.0,0.0,0.0,wrong,correct,1.5
97,-0.09164467649461772,-0.5251568578058032,0.00011439928162709076,GMM estimator,1.0,1.0,0.5,0.5,3411,0.0,0.0,0.0,wrong,correct,1.5
98,0.21778460531756952,-0.5121210555227461,0.12082537754356006,GMM estimator,1.0,1.0,0.5,0.5,3411,0.0,0.0,0.0,wrong,correct,1.5
99,-0.25312792468544526,-0.5277240424700672,-0.04127226176718998,GMM estimator,1.0,1.0,0.5,0.5,3411,0.0,0.0,0.0,wrong,correct,1.5
100,-0.06912547372426373,-0.5338708621621008,-0.17848355726532356,GMM estimator,1.0,1.0,0.5,0.5,3411,0.0,0.0,0.0,wrong,correct,1.5
101,0.07663655593263854,-0.5335659456441608,0.07478116210796168,GMM estimator,1.0,1.0,0.5,0.5,3411,0.0,0.0,0.0,wrong,correct,1.5
102,-0.12343250139903857,-0.5383785129580544,-0.20800061811167384,GMM estimator,1.0,1.0,0.5,0.5,3411,0.0,0.0,0.0,wrong,correct,1.5
103,0.08653876122056847,-0.5271655132348172,0.0849246292530371,GMM estimator,1.0,1.0,0.5,0.5,3411,0.0,0.0,0.0,wrong,correct,1.5
104,-0.3170190810494893,-0.5316014909138961,0.06307631809031508,GMM estimator,1.0,1.0,0.5,0.5,3411,0.0,0.0,0.0,wrong,correct,1.5
105,-0.3047808709684822,-0.5440013980856007,-0.1430015963537902,GMM estimator,1.0,1.0,0.5,0.5,3411,0.0,0.0,0.0,wrong,correct,1.5
106,-0.3620406434194418,-0.5578081682541653,-0.20306485269933036,GMM estimator,1.0,1.0,0.5,0.5,3411,0.0,0.0,0.0,wrong,correct,1.5
107,-0.29979155049080297,-0.5500864105622781,-0.011161445989030681,GMM estimator,1.0,1.0,0.5,0.5,3411,0.0,0.0,0.0,wrong,correct,1.5
108,-0.0010902335222207546,-0.5090079949546713,-0.02954124903049386,GMM estimator,1.0,1.0,0.5,0.5,3411,0.0,0.0,0.0,wrong,correct,1.5
109,-0.04658157573474493,-0.5283354075593268,-0.029899350877087352,GMM estimator,1.0,1.0,0.5,0.5,3411,0.0,0.0,0.0,wrong,correct,1.5
110,0.19195374697248124,-0.5056834987811349,0.12827209686444996,GMM estimator,1.0,1.0,0.5,0.5,3411,0.0,0.0,0.0,wrong,correct,1.5
111,-0.01917908975308829,-0.5200012816251478,0.007595245863990487,GMM estimator,1.0,1.0,0.5,0.5,3411,0.0,0.0,0.0,wrong,correct,1.5
112,-0.050095240198012245,-0.5288114954969243,-0.01631188299146289,GMM estimator,1.0,1.0,0.5,0.5,3411,0.0,0.0,0.0,wrong,correct,1.5
113,-0.3156550794394384,-0.5263688960973393,-0.008063598240786814,GMM estimator,1.0,1.0,0.5,0.5,3411,0.0,0.0,0.0,wrong,correct,1.5
114,0.39639356869335574,-0.5145120775157073,-0.019093758752620905,GMM estimator,1.0,1.0,0.5,0.5,3411,0.0,0.0,0.0,wrong,correct,1.5
115,-0.056597831454740545,-0.5243192666825113,0.06892029596625487,GMM estimator,1.0,1.0,0.5,0.5,3411,0.0,0.0,0.0,wrong,correct,1.5
116,0.031192813597271454,-0.5124388824055888,0.050193013096610645,GMM estimator,1.0,1.0,0.5,0.5,3411,0.0,0.0,0.0,wrong,correct,1.5
117,-0.5255471217737488,-0.558990245586945,-0.26479439422065093,GMM estimator,1.0,1.0,0.5,0.5,3411,0.0,0.0,0.0,wrong,correct,1.5
118,-0.1537915191412079,-0.5344413376096678,-0.03178098026181271,GMM estimator,1.0,1.0,0.5,0.5,3411,0.0,0.0,0.0,wrong,correct,1.5
119,0.13786789097177068,-0.5264950585288173,-0.04067818695755718,GMM estimator,1.0,1.0,0.5,0.5,3411,0.0,0.0,0.0,wrong,correct,1.5
120,-0.10303991019618282,-0.5264512088522577,-0.005496472200978418,GMM estimator,1.0,1.0,0.5,0.5,3411,0.0,0.0,0.0,wrong,correct,1.5
121,-0.21363627265201873,-0.534032506713815,-0.01978956924906937,GMM estimator,1.0,1.0,0.5,0.5,3411,0.0,0.0,0.0,wrong,correct,1.5
122,0.003116684540612748,-0.5183049391023816,0.0443470875265517,GMM estimator,1.0,1.0,0.5,0.5,3411,0.0,0.0,0.0,wrong,correct,1.5
123,0.11213451418267598,-0.5215861017241563,0.12363756815848609,GMM estimator,1.0,1.0,0.5,0.5,3411,0.0,0.0,0.0,wrong,correct,1.5
124,-0.23416232287712854,-0.5433688749640369,-0.09406768251394462,GMM estimator,1.0,1.0,0.5,0.5,3411,0.0,0.0,0.0,wrong,correct,1.5
125,-0.16040109299154678,-0.5266850943693565,0.04966521392705348,GMM estimator,1.0,1.0,0.5,0.5,3411,0.0,0.0,0.0,wrong,correct,1.5
126,-0.10219987852720319,-0.5243215326389803,0.029775278522313837,GMM estimator,1.0,1.0,0.5,0.5,3411,0.0,0.0,0.0,wrong,correct,1.5
127,-0.0063732704632443096,-0.534571954244247,0.02543465209960467,GMM estimator,1.0,1.0,0.5,0.5,3411,0.0,0.0,0.0,wrong,correct,1.5
128,-0.08644532234227356,-0.5184826685016818,0.032810016253328154,GMM estimator,1.0,1.0,0.5,0.5,3411,0.0,0.0,0.0,wrong,correct,1.5
129,0.007434241677215812,-0.529347960328775,0.01927000115498655,GMM estimator,1.0,1.0,0.5,0.5,3411,0.0,0.0,0.0,wrong,correct,1.5
130,-0.143082832756439,-0.5392231101096154,-0.03662110195603446,GMM estimator,1.0,1.0,0.5,0.5,3411,0.0,0.0,0.0,wrong,correct,1.5
131,-0.12233269985997446,-0.5281296399651626,-0.07140166190470461,GMM estimator,1.0,1.0,0.5,0.5,3411,0.0,0.0,0.0,wrong,correct,1.5
132,-0.3169783568196573,-0.542432993306866,-0.04512452543398779,GMM estimator,1.0,1.0,0.5,0.5,3411,0.0,0.0,0.0,wrong,correct,1.5
133,-0.03917842540750536,-0.5262333455901878,0.07114362588912634,GMM estimator,1.0,1.0,0.5,0.5,3411,0.0,0.0,0.0,wrong,correct,1.5
134,-0.14788509086322738,-0.5313118152838339,-0.024160470333456405,GMM estimator,1.0,1.0,0.5,0.5,3411,0.0,0.0,0.0,wrong,correct,1.5
135,-0.05931408893515997,-0.5401802944462071,-0.12408604827445402,GMM estimator,1.0,1.0,0.5,0.5,3411,0.0,0.0,0.0,wrong,correct,1.5
136,-0.25280656152446834,-0.5306389700657886,-0.045531033999607576,GMM estimator,1.0,1.0,0.5,0.5,3411,0.0,0.0,0.0,wrong,correct,1.5
137,0.12476550557845312,-0.5276675597109564,-0.1105045151106713,GMM estimator,1.0,1.0,0.5,0.5,3411,0.0,0.0,0.0,wrong,correct,1.5
138,0.20442496662752008,-0.5179119976068621,-0.0602418839165181,GMM estimator,1.0,1.0,0.5,0.5,3411,0.0,0.0,0.0,wrong,correct,1.5
139,-0.300014020680209,-0.5456289579419011,-0.156566991916343,GMM estimator,1.0,1.0,0.5,0.5,3411,0.0,0.0,0.0,wrong,correct,1.5
140,0.24497283686619795,-0.5053094047987267,0.0763377192670544,GMM estimator,1.0,1.0,0.5,0.5,3411,0.0,0.0,0.0,wrong,correct,1.5
141,0.1391894620005306,-0.5063791811536255,0.14733911789523307,GMM estimator,1.0,1.0,0.5,0.5,3411,0.0,0.0,0.0,wrong,correct,1.5
142,-0.13150472649809802,-0.5384155493019542,-0.022583804103722443,GMM estimator,1.0,1.0,0.5,0.5,3411,0.0,0.0,0.0,wrong,correct,1.5
143,0.3135034896693421,-0.4967521941413568,0.1942188497302118,GMM estimator,1.0,1.0,0.5,0.5,3411,0.0,0.0,0.0,wrong,correct,1.5
144,0.025532261718888782,-0.5280877386432694,-0.02934400366934645,GMM estimator,1.0,1.0,0.5,0.5,3411,0.0,0.0,0.0,wrong,correct,1.5
145,0.11036236647520675,-0.5064654998012996,0.2637337721038457,GMM estimator,1.0,1.0,0.5,0.5,3411,0.0,0.0,0.0,wrong,correct,1.5
146,-0.1549250987542518,-0.5263977152672986,-0.05364344263616087,GMM estimator,1.0,1.0,0.5,0.5,3411,0.0,0.0,0.0,wrong,correct,1.5
147,0.04063517663561548,-0.529902482441309,0.00254956326135423,GMM estimator,1.0,1.0,0.5,0.5,3411,0.0,0.0,0.0,wrong,correct,1.5
148,0.05556738039491141,-0.5240955308889094,-0.009556465935492277,GMM estimator,1.0,1.0,0.5,0.5,3411,0.0,0.0,0.0,wrong,correct,1.5
149,-0.1944677358257906,-0.5308654190210739,-0.03479912433585703,GMM estimator,1.0,1.0,0.5,0.5,3411,0.0,0.0,0.0,wrong,correct,1.5
150,0.19187052130541332,-0.48914513035067675,0.156021512974898,GMM estimator,1.0,1.0,0.5,0.5,3411,0.0,0.0,0.0,wrong,correct,1.5
151,5.9286613584348763e-05,-0.527038889741427,-0.043998842677647865,GMM estimator,1.0,1.0,0.5,0.5,3411,0.0,0.0,0.0,wrong,correct,1.5
152,0.10329717790315916,-0.5159260086430398,0.05352025716355975,GMM estimator,1.0,1.0,0.5,0.5,3411,0.0,0.0,0.0,wrong,correct,1.5
153,0.13687624774668422,-0.5284648948192524,-0.017447943220298228,GMM estimator,1.0,1.0,0.5,0.5,3411,0.0,0.0,0.0,wrong,correct,1.5
154,0.08103440647315786,-0.5062163435708509,0.09363349693426845,GMM estimator,1.0,1.0,0.5,0.5,3411,0.0,0.0,0.0,wrong,correct,1.5
155,-0.07407848247195187,-0.5321987294243352,-0.1478141758144063,GMM estimator,1.0,1.0,0.5,0.5,3411,0.0,0.0,0.0,wrong,correct,1.5
156,-0.10900372534915236,-0.5351427054247379,0.10695281109962806,GMM estimator,1.0,1.0,0.5,0.5,3411,0.0,0.0,0.0,wrong,correct,1.5
157,-0.08050911019575804,-0.5279960078217647,0.0694014048652254,GMM estimator,1.0,1.0,0.5,0.5,3411,0.0,0.0,0.0,wrong,correct,1.5
158,0.12855489683144972,-0.5235168831436213,-0.004955937612187998,GMM estimator,1.0,1.0,0.5,0.5,3411,0.0,0.0,0.0,wrong,correct,1.5
159,-0.05544582380194264,-0.5188117063839227,0.08298119493273413,GMM estimator,1.0,1.0,0.5,0.5,3411,0.0,0.0,0.0,wrong,correct,1.5
160,-0.026084714877963246,-0.5300935340680474,-0.02964608133119951,GMM estimator,1.0,1.0,0.5,0.5,3411,0.0,0.0,0.0,wrong,correct,1.5
161,0.014916957614894016,-0.5178062100640863,0.06243510114773557,GMM estimator,1.0,1.0,0.5,0.5,3411,0.0,0.0,0.0,wrong,correct,1.5
162,0.11396593372983439,-0.5104550965570844,0.05789560080679573,GMM estimator,1.0,1.0,0.5,0.5,3411,0.0,0.0,0.0,wrong,correct,1.5
163,0.08542385481385682,-0.5186123492469147,-0.025169447415280315,GMM estimator,1.0,1.0,0.5,0.5,3411,0.0,0.0,0.0,wrong,correct,1.5
164,-0.3313824359571614,-0.5476057148906465,-0.19261680284047264,GMM estimator,1.0,1.0,0.5,0.5,3411,0.0,0.0,0.0,wrong,correct,1.5
165,-0.15810702760374437,-0.5404662710818221,-0.06017215172988535,GMM estimator,1.0,1.0,0.5,0.5,3411,0.0,0.0,0.0,wrong,correct,1.5
166,-0.08052118796853015,-0.5292523863085872,0.05140603244215191,GMM estimator,1.0,1.0,0.5,0.5,3411,0.0,0.0,0.0,wrong,correct,1.5
167,-0.194976839654032,-0.5385103162774931,-0.07983624171661052,GMM estimator,1.0,1.0,0.5,0.5,3411,0.0,0.0,0.0,wrong,correct,1.5
168,-0.10846945044429908,-0.5281062284622893,0.004843448056927225,GMM estimator,1.0,1.0,0.5,0.5,3411,0.0,0.0,0.0,wrong,correct,1.5
169,-0.16407002080029168,-0.5226052871945935,-0.0639396946635283,GMM estimator,1.0,1.0,0.5,0.5,3411,0.0,0.0,0.0,wrong,correct,1.5
170,0.08817000591471645,-0.5215650977763845,-0.0431068384192395,GMM estimator,1.0,1.0,0.5,0.5,3411,0.0,0.0,0.0,wrong,correct,1.5
171,-0.19787648381310774,-0.5444541725765437,-0.08960998520465847,GMM estimator,1.0,1.0,0.5,0.5,3411,0.0,0.0,0.0,wrong,correct,1.5
172,-0.2293630348381408,-0.5376596562801359,-0.10877766004182184,GMM estimator,1.0,1.0,0.5,0.5,3411,0.0,0.0,0.0,wrong,correct,1.5
173,-0.1416532007001186,-0.5495329651531207,-0.08024731253697816,GMM estimator,1.0,1.0,0.5,0.5,3411,0.0,0.0,0.0,wrong,correct,1.5
174,-0.11475925854107857,-0.5265711971709375,0.03222209987387628,GMM estimator,1.0,1.0,0.5,0.5,3411,0.0,0.0,0.0,wrong,correct,1.5
175,0.0806958581504517,-0.5443854945110346,-0.07560278428056719,GMM estimator,1.0,1.0,0.5,0.5,3411,0.0,0.0,0.0,wrong,correct,1.5
176,-0.12303986859291859,-0.5314883609061105,0.05212505150041222,GMM estimator,1.0,1.0,0.5,0.5,3411,0.0,0.0,0.0,wrong,correct,1.5
177,0.08922889045758223,-0.509288829806473,-0.03828013487998068,GMM estimator,1.0,1.0,0.5,0.5,3411,0.0,0.0,0.0,wrong,correct,1.5
178,0.10178460738539712,-0.528502000500714,0.029330402714343617,GMM estimator,1.0,1.0,0.5,0.5,3411,0.0,0.0,0.0,wrong,correct,1.5
179,-0.022703434352273382,-0.5119919301026442,0.07071504813841187,GMM estimator,1.0,1.0,0.5,0.5,3411,0.0,0.0,0.0,wrong,correct,1.5
180,0.09516909038701048,-0.5054199152171777,0.01680393922114773,GMM estimator,1.0,1.0,0.5,0.5,3411,0.0,0.0,0.0,wrong,correct,1.5
181,-0.1155834496255315,-0.5251794353222123,-0.008063490368719277,GMM estimator,1.0,1.0,0.5,0.5,3411,0.0,0.0,0.0,wrong,correct,1.5
182,0.06347396529726869,-0.5075225792256106,0.24991891572973032,GMM estimator,1.0,1.0,0.5,0.5,3411,0.0,0.0,0.0,wrong,correct,1.5
183,0.11704419319229617,-0.5261460418289521,0.08115616931213179,GMM estimator,1.0,1.0,0.5,0.5,3411,0.0,0.0,0.0,wrong,correct,1.5
184,0.2237080247578971,-0.5167171202721311,0.07770676743887676,GMM estimator,1.0,1.0,0.5,0.5,3411,0.0,0.0,0.0,wrong,correct,1.5
185,0.11025514679698849,-0.5282556631528077,-0.02558855393690401,GMM estimator,1.0,1.0,0.5,0.5,3411,0.0,0.0,0.0,wrong,correct,1.5
186,-0.057250821907152416,-0.5301579635789129,0.0016255798864192846,GMM estimator,1.0,1.0,0.5,0.5,3411,0.0,0.0,0.0,wrong,correct,1.5
187,0.17291730971287075,-0.5160358938466081,0.14116586890958518,GMM estimator,1.0,1.0,0.5,0.5,3411,0.0,0.0,0.0,wrong,correct,1.5
188,-0.17229210224743977,-0.5284727192177341,-0.07627065922562588,GMM estimator,1.0,1.0,0.5,0.5,3411,0.0,0.0,0.0,wrong,correct,1.5
189,0.356737091312588,-0.5049912790314837,0.18046521437547267,GMM estimator,1.0,1.0,0.5,0.5,3411,0.0,0.0,0.0,wrong,correct,1.5
190,0.08804768809842858,-0.5157350357892263,0.17520647818983917,GMM estimator,1.0,1.0,0.5,0.5,3411,0.0,0.0,0.0,wrong,correct,1.5
191,-0.1530456577129727,-0.5204706808836762,0.09283528746265893,GMM estimator,1.0,1.0,0.5,0.5,3411,0.0,0.0,0.0,wrong,correct,1.5
192,-0.169243662282443,-0.5323475311449198,-0.04699670633293379,GMM estimator,1.0,1.0,0.5,0.5,3411,0.0,0.0,0.0,wrong,correct,1.5
193,-0.31230689188362515,-0.5486286884355347,-0.11345760832785307,GMM estimator,1.0,1.0,0.5,0.5,3411,0.0,0.0,0.0,wrong,correct,1.5
194,0.30480618747309085,-0.5078308551515824,0.13440254499637339,GMM estimator,1.0,1.0,0.5,0.5,3411,0.0,0.0,0.0,wrong,correct,1.5
195,-0.37968093980016915,-0.5342024900913431,-0.11149435495317579,GMM estimator,1.0,1.0,0.5,0.5,3411,0.0,0.0,0.0,wrong,correct,1.5
196,-0.20661288151126272,-0.5435616432454542,-0.10112893533580027,GMM estimator,1.0,1.0,0.5,0.5,3411,0.0,0.0,0.0,wrong,correct,1.5
197,-0.29006529937366476,-0.5315314302708984,-0.02177396383953954,GMM estimator,1.0,1.0,0.5,0.5,3411,0.0,0.0,0.0,wrong,correct,1.5
198,0.03436424534923219,-0.532510054399783,-0.05399510840978348,GMM estimator,1.0,1.0,0.5,0.5,3411,0.0,0.0,0.0,wrong,correct,1.5
199,0.3943247815356756,-0.5126339094266197,-0.013042357731753228,GMM estimator,1.0,1.0,0.5,0.5,3411,0.0,0.0,0.0,wrong,correct,1.5
200,-0.04431736011511011,-0.5233487552523797,0.06874254087864759,GMM estimator,1.0,1.0,0.5,0.5,3411,0.0,0.0,0.0,wrong,correct,1.5
201,0.05172038726087619,-0.5299546695429909,0.016508967655203374,GMM estimator,1.0,1.0,0.5,0.5,3411,0.0,0.0,0.0,wrong,correct,1.5
202,-0.06542044312055575,-0.5120658606203874,0.02743334128748949,GMM estimator,1.0,1.0,0.5,0.5,3411,0.0,0.0,0.0,wrong,correct,1.5
203,0.23014648079634947,-0.509951184065387,0.08727142078401307,GMM estimator,1.0,1.0,0.5,0.5,3411,0.0,0.0,0.0,wrong,correct,1.5
204,0.028168894994225282,-0.52802971497446,0.03317735115733503,GMM estimator,1.0,1.0,0.5,0.5,3411,0.0,0.0,0.0,wrong,correct,1.5
205,0.012456389246786484,-0.5279457221310888,0.018948769210442352,GMM estimator,1.0,1.0,0.5,0.5,3411,0.0,0.0,0.0,wrong,correct,1.5
206,0.2077582237688084,-0.516829868600238,0.024641624670741165,GMM estimator,1.0,1.0,0.5,0.5,3411,0.0,0.0,0.0,wrong,correct,1.5
207,0.17991743158114548,-0.5075864756819704,0.18383537538578562,GMM estimator,1.0,1.0,0.5,0.5,3411,0.0,0.0,0.0,wrong,correct,1.5
208,-0.3632344027412714,-0.5512060275435255,-0.02849588217261815,GMM estimator,1.0,1.0,0.5,0.5,3411,0.0,0.0,0.0,wrong,correct,1.5
209,0.22800984574047978,-0.5086008995481809,0.029021434938293126,GMM estimator,1.0,1.0,0.5,0.5,3411,0.0,0.0,0.0,wrong,correct,1.5
210,0.04788550266004157,-0.5237307408613975,0.025534415627356245,GMM estimator,1.0,1.0,0.5,0.5,3411,0.0,0.0,0.0,wrong,correct,1.5
211,0.292712465099986,-0.5075249032000291,0.07363645328435862,GMM estimator,1.0,1.0,0.5,0.5,3411,0.0,0.0,0.0,wrong,correct,1.5
212,0.27790051175425945,-0.5115311039542257,0.007037147048146323,GMM estimator,1.0,1.0,0.5,0.5,3411,0.0,0.0,0.0,wrong,correct,1.5
213,-0.08628541561073955,-0.5341961559141973,0.06349252911889405,GMM estimator,1.0,1.0,0.5,0.5,3411,0.0,0.0,0.0,wrong,correct,1.5
214,-0.29796146746824753,-0.5363370303083199,-0.0457015062615153,GMM estimator,1.0,1.0,0.5,0.5,3411,0.0,0.0,0.0,wrong,correct,1.5
215,-0.1608468161666123,-0.5330673041617259,0.07917716855074641,GMM estimator,1.0,1.0,0.5,0.5,3411,0.0,0.0,0.0,wrong,correct,1.5
216,0.15912437137997698,-0.514101224219271,0.12325660524786856,GMM estimator,1.0,1.0,0.5,0.5,3411,0.0,0.0,0.0,wrong,correct,1.5
217,0.062266125505078554,-0.5263657935031503,-0.10422526560863646,GMM estimator,1.0,1.0,0.5,0.5,3411,0.0,0.0,0.0,wrong,correct,1.5
218,-0.07328009518737322,-0.530886780318084,-0.004788611755515283,GMM estimator,1.0,1.0,0.5,0.5,3411,0.0,0.0,0.0,wrong,correct,1.5
219,0.07727892319597594,-0.5245636345769017,0.11972383956554097,GMM estimator,1.0,1.0,0.5,0.5,3411,0.0,0.0,0.0,wrong,correct,1.5
220,0.03647659126998632,-0.5170720890035144,-0.04856802129080096,GMM estimator,1.0,1.0,0.5,0.5,3411,0.0,0.0,0.0,wrong,correct,1.5
221,0.2205725616768413,-0.5144037966733136,0.030480909617783453,GMM estimator,1.0,1.0,0.5,0.5,3411,0.0,0.0,0.0,wrong,correct,1.5
222,0.07564946593709362,-0.5163254699218851,0.1095012097463962,GMM estimator,1.0,1.0,0.5,0.5,3411,0.0,0.0,0.0,wrong,correct,1.5
223,0.17062896422577847,-0.5099976813402962,0.24066639252851402,GMM estimator,1.0,1.0,0.5,0.5,3411,0.0,0.0,0.0,wrong,correct,1.5
224,-0.10290011533393045,-0.5403261230471491,-0.17432430331574758,GMM estimator,1.0,1.0,0.5,0.5,3411,0.0,0.0,0.0,wrong,correct,1.5
225,-0.014977253877219794,-0.5256415648827385,-0.003996529191501694,GMM estimator,1.0,1.0,0.5,0.5,3411,0.0,0.0,0.0,wrong,correct,1.5
226,0.02490383892139271,-0.5124535630734168,0.14258456877017664,GMM estimator,1.0,1.0,0.5,0.5,3411,0.0,0.0,0.0,wrong,correct,1.5
227,0.1737944819777509,-0.5226970147027352,0.13939380037355067,GMM estimator,1.0,1.0,0.5,0.5,3411,0.0,0.0,0.0,wrong,correct,1.5
228,0.2611090018633808,-0.5127735385979929,0.14859790378855875,GMM estimator,1.0,1.0,0.5,0.5,3411,0.0,0.0,0.0,wrong,correct,1.5
229,-0.0340123336049987,-0.5338058147762587,-0.044640311235957575,GMM estimator,1.0,1.0,0.5,0.5,3411,0.0,0.0,0.0,wrong,correct,1.5
230,-0.3441010556387291,-0.5453381518856425,-0.16648694404941827,GMM estimator,1.0,1.0,0.5,0.5,3411,0.0,0.0,0.0,wrong,correct,1.5
231,0.10596078901041041,-0.5254989043438069,0.05209416498878374,GMM estimator,1.0,1.0,0.5,0.5,3411,0.0,0.0,0.0,wrong,correct,1.5
232,-0.1311018905293084,-0.5222919606261472,-0.16030909391733666,GMM estimator,1.0,1.0,0.5,0.5,3411,0.0,0.0,0.0,wrong,correct,1.5
233,-0.024843212810047165,-0.517392672077024,0.03205422814536114,GMM estimator,1.0,1.0,0.5,0.5,3411,0.0,0.0,0.0,wrong,correct,1.5
234,-0.1908921962903165,-0.5494755754658112,-0.10401295735160937,GMM estimator,1.0,1.0,0.5,0.5,3411,0.0,0.0,0.0,wrong,correct,1.5
235,-0.06929527075116022,-0.5295605675704335,0.05247338406793524,GMM estimator,1.0,1.0,0.5,0.5,3411,0.0,0.0,0.0,wrong,correct,1.5
236,-0.17026857379131233,-0.5246640416924007,0.018338289311500108,GMM estimator,1.0,1.0,0.5,0.5,3411,0.0,0.0,0.0,wrong,correct,1.5
237,0.027698347438079883,-0.5266687595818297,0.04053587964045176,GMM estimator,1.0,1.0,0.5,0.5,3411,0.0,0.0,0.0,wrong,correct,1.5
238,0.22223603517923393,-0.5147395754927803,0.17848706668439704,GMM estimator,1.0,1.0,0.5,0.5,3411,0.0,0.0,0.0,wrong,correct,1.5
239,-0.31587186606438206,-0.5492347243085987,-0.13293737398168862,GMM estimator,1.0,1.0,0.5,0.5,3411,0.0,0.0,0.0,wrong,correct,1.5
240,-0.12615138407638818,-0.5163233457342825,0.008198311712097858,GMM estimator,1.0,1.0,0.5,0.5,3411,0.0,0.0,0.0,wrong,correct,1.5
241,-0.0638915623781699,-0.5180245327833503,0.021955477308357806,GMM estimator,1.0,1.0,0.5,0.5,3411,0.0,0.0,0.0,wrong,correct,1.5
242,-0.0544809408544137,-0.5295475393474129,-0.12081136858412136,GMM estimator,1.0,1.0,0.5,0.5,3411,0.0,0.0,0.0,wrong,correct,1.5
243,-0.10059675363116535,-0.534757307734621,0.05614260455206353,GMM estimator,1.0,1.0,0.5,0.5,3411,0.0,0.0,0.0,wrong,correct,1.5
244,-0.03367414874535583,-0.525876319939539,0.0011698291796577705,GMM estimator,1.0,1.0,0.5,0.5,3411,0.0,0.0,0.0,wrong,correct,1.5
245,0.11679851778407563,-0.5181234920217037,0.03603512448537297,GMM estimator,1.0,1.0,0.5,0.5,3411,0.0,0.0,0.0,wrong,correct,1.5
246,-0.3748279826665609,-0.5262034258792805,-0.0009187114487467761,GMM estimator,1.0,1.0,0.5,0.5,3411,0.0,0.0,0.0,wrong,correct,1.5
247,-0.20763146739229882,-0.5496439907055034,-0.10904798463077948,GMM estimator,1.0,1.0,0.5,0.5,3411,0.0,0.0,0.0,wrong,correct,1.5
248,0.19586401725449265,-0.5367078321873825,0.04004943943843105,GMM estimator,1.0,1.0,0.5,0.5,3411,0.0,0.0,0.0,wrong,correct,1.5
249,0.2590436060939251,-0.5076208349664709,0.12111945202897156,GMM estimator,1.0,1.0,0.5,0.5,3411,0.0,0.0,0.0,wrong,correct,1.5
250,-0.03563271563313145,-0.5264562937294488,-0.05349182204630072,GMM estimator,1.0,1.0,0.5,0.5,3411,0.0,0.0,0.0,wrong,correct,1.5
251,-0.23189537067956306,-0.5435021063330017,-0.12701274537092547,GMM estimator,1.0,1.0,0.5,0.5,3411,0.0,0.0,0.0,wrong,correct,1.5
252,0.1628920139099996,-0.5197887448389944,0.11161812152659739,GMM estimator,1.0,1.0,0.5,0.5,3411,0.0,0.0,0.0,wrong,correct,1.5
253,0.026383779271168646,-0.5084648476327109,0.1412982033106075,GMM estimator,1.0,1.0,0.5,0.5,3411,0.0,0.0,0.0,wrong,correct,1.5
254,0.102015698861613,-0.5239784824422156,-0.008987579415449667,GMM estimator,1.0,1.0,0.5,0.5,3411,0.0,0.0,0.0,wrong,correct,1.5
255,-0.02694425091050994,-0.536706822445577,0.09366962782463382,GMM estimator,1.0,1.0,0.5,0.5,3411,0.0,0.0,0.0,wrong,correct,1.5
256,-0.29190338151389394,-0.5440727385806836,-0.23591214714719025,GMM estimator,1.0,1.0,0.5,0.5,3411,0.0,0.0,0.0,wrong,correct,1.5
257,0.032356865254396176,-0.523003168985119,-0.03093189524429838,GMM estimator,1.0,1.0,0.5,0.5,3411,0.0,0.0,0.0,wrong,correct,1.5
258,-0.33916199587268303,-0.5389357127764438,-0.1454958411359358,GMM estimator,1.0,1.0,0.5,0.5,3411,0.0,0.0,0.0,wrong,correct,1.5
259,-0.1426095190767551,-0.5311789661374933,0.0012944562975655432,GMM estimator,1.0,1.0,0.5,0.5,3411,0.0,0.0,0.0,wrong,correct,1.5
260,-0.1416076302679133,-0.5420187216010418,-0.08394653748680518,GMM estimator,1.0,1.0,0.5,0.5,3411,0.0,0.0,0.0,wrong,correct,1.5
261,0.12242944598110192,-0.5253061299038825,0.004170405605991741,GMM estimator,1.0,1.0,0.5,0.5,3411,0.0,0.0,0.0,wrong,correct,1.5
262,-0.07676798603175128,-0.523249148946876,-0.0004973229754195503,GMM estimator,1.0,1.0,0.5,0.5,3411,0.0,0.0,0.0,wrong,correct,1.5
263,-0.1553946542857751,-0.527674080289768,-0.013461420273860426,GMM estimator,1.0,1.0,0.5,0.5,3411,0.0,0.0,0.0,wrong,correct,1.5
264,0.17901311053217,-0.5126555662987586,0.0014277537047262176,GMM estimator,1.0,1.0,0.5,0.5,3411,0.0,0.0,0.0,wrong,correct,1.5
265,-0.09416994879387046,-0.5335140850480722,0.009075892670159638,GMM estimator,1.0,1.0,0.5,0.5,3411,0.0,0.0,0.0,wrong,correct,1.5
266,-0.15991781208876024,-0.5534829551391464,-0.3327917407982539,GMM estimator,1.0,1.0,0.5,0.5,3411,0.0,0.0,0.0,wrong,correct,1.5
267,0.0571845617378043,-0.5085086835990501,0.08685716233683462,GMM estimator,1.0,1.0,0.5,0.5,3411,0.0,0.0,0.0,wrong,correct,1.5
268,-0.33188374417672056,-0.5364778530218068,-0.038321286687260245,GMM estimator,1.0,1.0,0.5,0.5,3411,0.0,0.0,0.0,wrong,correct,1.5
269,0.03398597910591203,-0.519401151465846,0.10630374901327296,GMM estimator,1.0,1.0,0.5,0.5,3411,0.0,0.0,0.0,wrong,correct,1.5
270,-0.20705948147749415,-0.5492204820379003,-0.054900086630508736,GMM estimator,1.0,1.0,0.5,0.5,3411,0.0,0.0,0.0,wrong,correct,1.5
271,-0.13379899359184996,-0.5346831777785914,0.04759075874680134,GMM estimator,1.0,1.0,0.5,0.5,3411,0.0,0.0,0.0,wrong,correct,1.5
272,-0.1975173154546655,-0.5385502661444231,-0.06370876937970402,GMM estimator,1.0,1.0,0.5,0.5,3411,0.0,0.0,0.0,wrong,correct,1.5
273,-0.15855324641187674,-0.5415358865619098,-0.07325149412329118,GMM estimator,1.0,1.0,0.5,0.5,3411,0.0,0.0,0.0,wrong,correct,1.5
274,-0.19839063480822872,-0.5469108288345896,-0.14270363388757348,GMM estimator,1.0,1.0,0.5,0.5,3411,0.0,0.0,0.0,wrong,correct,1.5
275,-0.0569464814271945,-0.5273960706931383,-0.09070747569313867,GMM estimator,1.0,1.0,0.5,0.5,3411,0.0,0.0,0.0,wrong,correct,1.5
276,-0.012308042464770002,-0.5276703442504674,-0.015135268490373105,GMM estimator,1.0,1.0,0.5,0.5,3411,0.0,0.0,0.0,wrong,correct,1.5
277,0.1121821169087985,-0.5211074304100124,-0.031494613308198374,GMM estimator,1.0,1.0,0.5,0.5,3411,0.0,0.0,0.0,wrong,correct,1.5
278,0.09480599679584412,-0.5124118046095135,-0.043497620225032674,GMM estimator,1.0,1.0,0.5,0.5,3411,0.0,0.0,0.0,wrong,correct,1.5
279,-0.02709295672313359,-0.5339771160601385,-0.03013138417053322,GMM estimator,1.0,1.0,0.5,0.5,3411,0.0,0.0,0.0,wrong,correct,1.5
280,0.07280761293818831,-0.5111573901132597,-0.0301386005263421,GMM estimator,1.0,1.0,0.5,0.5,3411,0.0,0.0,0.0,wrong,correct,1.5
281,0.3941147669959338,-0.49275382399764456,0.1578880476608923,GMM estimator,1.0,1.0,0.5,0.5,3411,0.0,0.0,0.0,wrong,correct,1.5
282,-0.008693659209801686,-0.531973319885231,-0.03651825625644168,GMM estimator,1.0,1.0,0.5,0.5,3411,0.0,0.0,0.0,wrong,correct,1.5
283,0.03644012194194951,-0.5227822592089801,-0.07634513770695708,GMM estimator,1.0,1.0,0.5,0.5,3411,0.0,0.0,0.0,wrong,correct,1.5
284,-0.028029547080013425,-0.52233141200516,0.004541758708541647,GMM estimator,1.0,1.0,0.5,0.5,3411,0.0,0.0,0.0,wrong,correct,1.5
285,0.01859517866205345,-0.538185976204365,-0.15128113930179243,GMM estimator,1.0,1.0,0.5,0.5,3411,0.0,0.0,0.0,wrong,correct,1.5
286,0.18699559549178202,-0.5176232287379938,0.10175807804385102,GMM estimator,1.0,1.0,0.5,0.5,3411,0.0,0.0,0.0,wrong,correct,1.5
287,0.1411546295593742,-0.5047198337434405,0.03297859438293942,GMM estimator,1.0,1.0,0.5,0.5,3411,0.0,0.0,0.0,wrong,correct,1.5
288,-0.38616816170184676,-0.5413279709694231,-0.08801425405746426,GMM estimator,1.0,1.0,0.5,0.5,3411,0.0,0.0,0.0,wrong,correct,1.5
289,-0.34912571144252713,-0.5290568843857618,0.06105400945976225,GMM estimator,1.0,1.0,0.5,0.5,3411,0.0,0.0,0.0,wrong,correct,1.5
290,-0.2115214141865335,-0.5403272779855354,-0.1010055002309918,GMM estimator,1.0,1.0,0.5,0.5,3411,0.0,0.0,0.0,wrong,correct,1.5
291,0.08457409404587092,-0.5187530794462101,0.09495999219670219,GMM estimator,1.0,1.0,0.5,0.5,3411,0.0,0.0,0.0,wrong,correct,1.5
292,0.3008345996883979,-0.49537499648378613,0.2327742215899342,GMM estimator,1.0,1.0,0.5,0.5,3411,0.0,0.0,0.0,wrong,correct,1.5
293,-0.1147318008740699,-0.5400690123074727,-0.10592386007850653,GMM estimator,1.0,1.0,0.5,0.5,3411,0.0,0.0,0.0,wrong,correct,1.5
294,0.014645123035075128,-0.5348285890404115,0.04072620974549651,GMM estimator,1.0,1.0,0.5,0.5,3411,0.0,0.0,0.0,wrong,correct,1.5
295,0.09987913783965967,-0.5182003146744713,0.10732220828280568,GMM estimator,1.0,1.0,0.5,0.5,3411,0.0,0.0,0.0,wrong,correct,1.5
296,-0.08254658147449034,-0.5105695296479875,-0.03293469977354853,GMM estimator,1.0,1.0,0.5,0.5,3411,0.0,0.0,0.0,wrong,correct,1.5
297,-0.01873955331937723,-0.5353615252342661,-0.07538407065537317,GMM estimator,1.0,1.0,0.5,0.5,3411,0.0,0.0,0.0,wrong,correct,1.5
298,0.15495885288032019,-0.49815089608867735,0.21980857560274247,GMM estimator,1.0,1.0,0.5,0.5,3411,0.0,0.0,0.0,wrong,correct,1.5
299,0.0016160307179997825,-0.5160069335357116,0.03211673221326025,GMM estimator,1.0,1.0,0.5,0.5,3411,0.0,0.0,0.0,wrong,correct,1.5
300,0.08785304342669796,-0.5471679147662156,-0.010366078677435032,GMM estimator,1.0,1.0,0.5,0.5,3411,0.0,0.0,0.0,wrong,correct,1.5
1,-0.2155296719889171,-0.5392634058023196,-0.5190201875759365,Three-step,1.0,1.0,0.5,0.5,3411,0.0,0.0,0.0,wrong,wrong,1.5
2,-0.12662867805457625,-0.5318151635165838,-0.510547187405476,Three-step,1.0,1.0,0.5,0.5,3411,0.0,0.0,0.0,wrong,wrong,1.5
3,-0.2626085525369546,-0.521341061460715,-0.5244065123420277,Three-step,1.0,1.0,0.5,0.5,3411,0.0,0.0,0.0,wrong,wrong,1.5
4,0.22462383348598344,-0.513039297348321,-0.5307537291487108,Three-step,1.0,1.0,0.5,0.5,3411,0.0,0.0,0.0,wrong,wrong,1.5
5,-0.4019995868365791,-0.5398124076766025,-0.5275849121254299,Three-step,1.0,1.0,0.5,0.5,3411,0.0,0.0,0.0,wrong,wrong,1.5
6,0.22138473919821494,-0.5180393530669168,-0.5213066100643652,Three-step,1.0,1.0,0.5,0.5,3411,0.0,0.0,0.0,wrong,wrong,1.5
7,0.6370852178223494,-0.49372448854847956,-0.5069637071149271,Three-step,1.0,1.0,0.5,0.5,3411,0.0,0.0,0.0,wrong,wrong,1.5
8,-0.19740769322478235,-0.5235808172110556,-0.5228648194072172,Three-step,1.0,1.0,0.5,0.5,3411,0.0,0.0,0.0,wrong,wrong,1.5
9,-0.21309901516451732,-0.5255291106159425,-0.5120098983159074,Three-step,1.0,1.0,0.5,0.5,3411,0.0,0.0,0.0,wrong,wrong,1.5
10,-0.288543201633729,-0.5481962014838818,-0.5411588089436001,Three-step,1.0,1.0,0.5,0.5,3411,0.0,0.0,0.0,wrong,wrong,1.5
11,0.2601698064762081,-0.5128055062017834,-0.5239125229812196,Three-step,1.0,1.0,0.5,0.5,3411,0.0,0.0,0.0,wrong,wrong,1.5
12,-0.041836239225624794,-0.5368461985924119,-0.5248298213930688,Three-step,1.0,1.0,0.5,0.5,3411,0.0,0.0,0.0,wrong,wrong,1.5
13,0.31683513181767453,-0.5162347991591927,-0.5242112056635121,Three-step,1.0,1.0,0.5,0.5,3411,0.0,0.0,0.0,wrong,wrong,1.5
14,-0.29208796471780446,-0.5382717609458965,-0.5286787265395766,Three-step,1.0,1.0,0.5,0.5,3411,0.0,0.0,0.0,wrong,wrong,1.5
15,-0.28832142211001827,-0.5501743991345959,-0.5350573323367834,Three-step,1.0,1.0,0.5,0.5,3411,0.0,0.0,0.0,wrong,wrong,1.5
16,-0.21673529400403427,-0.5585044910970351,-0.55068634715402,Three-step,1.0,1.0,0.5,0.5,3411,0.0,0.0,0.0,wrong,wrong,1.5
17,0.35839155950541485,-0.49779376718500434,-0.5095133850502584,Three-step,1.0,1.0,0.5,0.5,3411,0.0,0.0,0.0,wrong,wrong,1.5
18,0.04047223766837286,-0.5124415931659592,-0.510283060070422,Three-step,1.0,1.0,0.5,0.5,3411,0.0,0.0,0.0,wrong,wrong,1.5
19,-0.055673226762864424,-0.5048682940425271,-0.5110026036442018,Three-step,1.0,1.0,0.5,0.5,3411,0.0,0.0,0.0,wrong,wrong,1.5
20,-0.03671746625403037,-0.5045205494939915,-0.5086652004633744,Three-step,1.0,1.0,0.5,0.5,3411,0.0,0.0,0.0,wrong,wrong,1.5
21,0.06809731564011733,-0.505972347844355,-0.519668181498761,Three-step,1.0,1.0,0.5,0.5,3411,0.0,0.0,0.0,wrong,wrong,1.5
22,0.15136497024058915,-0.5271497798319104,-0.5167046885349882,Three-step,1.0,1.0,0.5,0.5,3411,0.0,0.0,0.0,wrong,wrong,1.5
23,-0.07204440853005342,-0.5410986676659442,-0.5216846222104976,Three-step,1.0,1.0,0.5,0.5,3411,0.0,0.0,0.0,wrong,wrong,1.5
24,0.30422229471539575,-0.5065001275361422,-0.515132889302294,Three-step,1.0,1.0,0.5,0.5,3411,0.0,0.0,0.0,wrong,wrong,1.5
25,-0.07688711815255224,-0.51209158701961,-0.5139804139525077,Three-step,1.0,1.0,0.5,0.5,3411,0.0,0.0,0.0,wrong,wrong,1.5
26,-0.03453662109183343,-0.5070963779358871,-0.5134271886205481,Three-step,1.0,1.0,0.5,0.5,3411,0.0,0.0,0.0,wrong,wrong,1.5
27,0.06652666758885717,-0.5066192048658952,-0.5158081141520292,Three-step,1.0,1.0,0.5,0.5,3411,0.0,0.0,0.0,wrong,wrong,1.5
28,0.007299218862446936,-0.5419469856916115,-0.5308407113032593,Three-step,1.0,1.0,0.5,0.5,3411,0.0,0.0,0.0,wrong,wrong,1.5
29,0.0401052067660564,-0.5351726693776597,-0.5226131759480857,Three-step,1.0,1.0,0.5,0.5,3411,0.0,0.0,0.0,wrong,wrong,1.5
30,-0.17723868428379916,-0.5116533922678701,-0.5272124036901915,Three-step,1.0,1.0,0.5,0.5,3411,0.0,0.0,0.0,wrong,wrong,1.5
31,0.08625682564892521,-0.5154945033840853,-0.5183379769514127,Three-step,1.0,1.0,0.5,0.5,3411,0.0,0.0,0.0,wrong,wrong,1.5
32,-0.09053529973618007,-0.5517885748112485,-0.5294916249694105,Three-step,1.0,1.0,0.5,0.5,3411,0.0,0.0,0.0,wrong,wrong,1.5
33,0.2904184483337091,-0.5139282379453414,-0.5209256695793414,Three-step,1.0,1.0,0.5,0.5,3411,0.0,0.0,0.0,wrong,wrong,1.5
34,0.05314650177284921,-0.5334317138709334,-0.5252325448524483,Three-step,1.0,1.0,0.5,0.5,3411,0.0,0.0,0.0,wrong,wrong,1.5
35,-0.023137523247286452,-0.524000316047195,-0.5199710604612883,Three-step,1.0,1.0,0.5,0.5,3411,0.0,0.0,0.0,wrong,wrong,1.5
36,0.11905334216098334,-0.508337123370616,-0.5193643456456395,Three-step,1.0,1.0,0.5,0.5,3411,0.0,0.0,0.0,wrong,wrong,1.5
37,-0.13579314617015456,-0.5461989334392424,-0.5412267156893793,Three-step,1.0,1.0,0.5,0.5,3411,0.0,0.0,0.0,wrong,wrong,1.5
38,-0.15839730570065957,-0.5327328642294972,-0.5265199354750447,Three-step,1.0,1.0,0.5,0.5,3411,0.0,0.0,0.0,wrong,wrong,1.5
39,-0.09027125231239068,-0.5355044942206669,-0.5318752345636945,Three-step,1.0,1.0,0.5,0.5,3411,0.0,0.0,0.0,wrong,wrong,1.5
40,0.1253701731863515,-0.5127065583757967,-0.5227010411739607,Three-step,1.0,1.0,0.5,0.5,3411,0.0,0.0,0.0,wrong,wrong,1.5
41,-0.03154103788751741,-0.5191353766818947,-0.5141794548369643,Three-step,1.0,1.0,0.5,0.5,3411,0.0,0.0,0.0,wrong,wrong,1.5
42,0.3904372977203779,-0.5110692079258942,-0.5178319910883072,Three-step,1.0,1.0,0.5,0.5,3411,0.0,0.0,0.0,wrong,wrong,1.5
43,-0.23079976872013588,-0.5199587914264915,-0.5218012196543502,Three-step,1.0,1.0,0.5,0.5,3411,0.0,0.0,0.0,wrong,wrong,1.5
44,0.6091230410734714,-0.5265188739457345,-0.5162616827489748,Three-step,1.0,1.0,0.5,0.5,3411,0.0,0.0,0.0,wrong,wrong,1.5
45,0.005515518347361564,-0.541448925737864,-0.5292009286995132,Three-step,1.0,1.0,0.5,0.5,3411,0.0,0.0,0.0,wrong,wrong,1.5
46,0.026068300413969014,-0.5229277827285692,-0.5196313834263565,Three-step,1.0,1.0,0.5,0.5,3411,0.0,0.0,0.0,wrong,wrong,1.5
47,0.04049791375986045,-0.5147393210951821,-0.5156098084787963,Three-step,1.0,1.0,0.5,0.5,3411,0.0,0.0,0.0,wrong,wrong,1.5
48,0.25500478715528624,-0.522836693386226,-0.5296906962479494,Three-step,1.0,1.0,0.5,0.5,3411,0.0,0.0,0.0,wrong,wrong,1.5
49,-0.2639324776010708,-0.516396283966133,-0.5057842022881266,Three-step,1.0,1.0,0.5,0.5,3411,0.0,0.0,0.0,wrong,wrong,1.5
50,-0.27655736484105803,-0.5141039138399189,-0.5311680806403127,Three-step,1.0,1.0,0.5,0.5,3411,0.0,0.0,0.0,wrong,wrong,1.5
51,0.1360290249414195,-0.5203013554954031,-0.5333361912359408,Three-step,1.0,1.0,0.5,0.5,3411,0.0,0.0,0.0,wrong,wrong,1.5
52,0.021595019012956268,-0.5218621526790975,-0.5196683965238091,Three-step,1.0,1.0,0.5,0.5,3411,0.0,0.0,0.0,wrong,wrong,1.5
53,0.1851767157727899,-0.5239871207746758,-0.5125190078136017,Three-step,1.0,1.0,0.5,0.5,3411,0.0,0.0,0.0,wrong,wrong,1.5
54,0.003219651600297877,-0.5371517816504441,-0.5182238845483479,Three-step,1.0,1.0,0.5,0.5,3411,0.0,0.0,0.0,wrong,wrong,1.5
55,-0.18895843793924355,-0.5246538981320853,-0.521182950344928,Three-step,1.0,1.0,0.5,0.5,3411,0.0,0.0,0.0,wrong,wrong,1.5
56,-0.3285366142722273,-0.5277879879168883,-0.5349326283813933,Three-step,1.0,1.0,0.5,0.5,3411,0.0,0.0,0.0,wrong,wrong,1.5
57,-0.32200664631002407,-0.5445348370418326,-0.529487580645078,Three-step,1.0,1.0,0.5,0.5,3411,0.0,0.0,0.0,wrong,wrong,1.5
58,-0.18797444222746568,-0.5449143946638688,-0.5431926083799793,Three-step,1.0,1.0,0.5,0.5,3411,0.0,0.0,0.0,wrong,wrong,1.5
59,0.5954786706844059,-0.4930518465800355,-0.5118223126769007,Three-step,1.0,1.0,0.5,0.5,3411,0.0,0.0,0.0,wrong,wrong,1.5
60,-0.11180687500275349,-0.5237621258626479,-0.519162639189985,Three-step,1.0,1.0,0.5,0.5,3411,0.0,0.0,0.0,wrong,wrong,1.5
61,0.023074562797114718,-0.5192765394806552,-0.5178332243348476,Three-step,1.0,1.0,0.5,0.5,3411,0.0,0.0,0.0,wrong,wrong,1.5
62,0.061783957806239055,-0.5158556533550128,-0.5111708037933419,Three-step,1.0,1.0,0.5,0.5,3411,0.0,0.0,0.0,wrong,wrong,1.5
63,-0.26502083821009054,-0.5228003545520715,-0.526238904006471,Three-step,1.0,1.0,0.5,0.5,3411,0.0,0.0,0.0,wrong,wrong,1.5
64,0.036173757610183974,-0.5239502317358012,-0.5214809770981053,Three-step,1.0,1.0,0.5,0.5,3411,0.0,0.0,0.0,wrong,wrong,1.5
65,-0.35175632778366456,-0.533309811083412,-0.5123028428878723,Three-step,1.0,1.0,0.5,0.5,3411,0.0,0.0,0.0,wrong,wrong,1.5
66,0.07339225234476325,-0.5111559385353597,-0.5198830646016384,Three-step,1.0,1.0,0.5,0.5,3411,0.0,0.0,0.0,wrong,wrong,1.5
67,0.19716222052841587,-0.521257984392249,-0.5157760630178347,Three-step,1.0,1.0,0.5,0.5,3411,0.0,0.0,0.0,wrong,wrong,1.5
68,-0.022595814007036235,-0.5175714757331085,-0.5145698423941247,Three-step,1.0,1.0,0.5,0.5,3411,0.0,0.0,0.0,wrong,wrong,1.5
69,-0.25080540751886327,-0.5358465125196811,-0.5271540674531867,Three-step,1.0,1.0,0.5,0.5,3411,0.0,0.0,0.0,wrong,wrong,1.5
70,-0.05592009853079662,-0.540031574908115,-0.5350571468510676,Three-step,1.0,1.0,0.5,0.5,3411,0.0,0.0,0.0,wrong,wrong,1.5
71,-0.234165497584742,-0.5232290703157909,-0.5084555396520095,Three-step,1.0,1.0,0.5,0.5,3411,0.0,0.0,0.0,wrong,wrong,1.5
72,-0.05232329545479675,-0.5224930865978531,-0.535011287227743,Three-step,1.0,1.0,0.5,0.5,3411,0.0,0.0,0.0,wrong,wrong,1.5
73,-0.06111323698886798,-0.5249304395764026,-0.5183683973056952,Three-step,1.0,1.0,0.5,0.5,3411,0.0,0.0,0.0,wrong,wrong,1.5
74,-0.3816424463973352,-0.5533187975418852,-0.5460619914238618,Three-step,1.0,1.0,0.5,0.5,3411,0.0,0.0,0.0,wrong,wrong,1.5
75,-0.005742185548611417,-0.5262424564542406,-0.5176187689733194,Three-step,1.0,1.0,0.5,0.5,3411,0.0,0.0,0.0,wrong,wrong,1.5
76,0.05709215355865687,-0.5306788173439208,-0.5274666071009196,Three-step,1.0,1.0,0.5,0.5,3411,0.0,0.0,0.0,wrong,wrong,1.5
77,-0.23600279583210482,-0.5471838106238561,-0.5426052920437736,Three-step,1.0,1.0,0.5,0.5,3411,0.0,0.0,0.0,wrong,wrong,1.5
78,-0.5202427500236813,-0.5429876572826289,-0.5434954476698005,Three-step,1.0,1.0,0.5,0.5,3411,0.0,0.0,0.0,wrong,wrong,1.5
79,0.08391248885633422,-0.5224345518785837,-0.5205456735739288,Three-step,1.0,1.0,0.5,0.5,3411,0.0,0.0,0.0,wrong,wrong,1.5
80,0.09181321106559762,-0.5353227364110396,-0.5304925344784485,Three-step,1.0,1.0,0.5,0.5,3411,0.0,0.0,0.0,wrong,wrong,1.5
81,-0.3358771497572621,-0.5346403271063723,-0.5366749363365338,Three-step,1.0,1.0,0.5,0.5,3411,0.0,0.0,0.0,wrong,wrong,1.5
82,0.19820645225039352,-0.510203250638145,-0.5134865653626258,Three-step,1.0,1.0,0.5,0.5,3411,0.0,0.0,0.0,wrong,wrong,1.5
83,-0.055497692329057005,-0.5398163562675087,-0.5401776919186997,Three-step,1.0,1.0,0.5,0.5,3411,0.0,0.0,0.0,wrong,wrong,1.5
84,-0.2733460491286525,-0.5432598493723388,-0.5399607676016179,Three-step,1.0,1.0,0.5,0.5,3411,0.0,0.0,0.0,wrong,wrong,1.5
85,-0.3213182523000675,-0.5480828252026692,-0.546237249979585,Three-step,1.0,1.0,0.5,0.5,3411,0.0,0.0,0.0,wrong,wrong,1.5
86,-0.20586647535555253,-0.5299698470373672,-0.5233926483583398,Three-step,1.0,1.0,0.5,0.5,3411,0.0,0.0,0.0,wrong,wrong,1.5
87,-0.02379196979911058,-0.5382844197544824,-0.540880785552142,Three-step,1.0,1.0,0.5,0.5,3411,0.0,0.0,0.0,wrong,wrong,1.5
88,0.2313535992473566,-0.5119026905987691,-0.5212000725545157,Three-step,1.0,1.0,0.5,0.5,3411,0.0,0.0,0.0,wrong,wrong,1.5
89,0.057831328917989235,-0.5133999242498261,-0.5236962058480535,Three-step,1.0,1.0,0.5,0.5,3411,0.0,0.0,0.0,wrong,wrong,1.5
90,-0.0019503717723288992,-0.5269571246789396,-0.5277387370153694,Three-step,1.0,1.0,0.5,0.5,3411,0.0,0.0,0.0,wrong,wrong,1.5
91,0.013806469921527063,-0.5270710210354125,-0.5214992968790926,Three-step,1.0,1.0,0.5,0.5,3411,0.0,0.0,0.0,wrong,wrong,1.5
92,-0.6334730868937997,-0.5523784689191659,-0.5410803162108608,Three-step,1.0,1.0,0.5,0.5,3411,0.0,0.0,0.0,wrong,wrong,1.5
93,0.03361412260781569,-0.5164656189289228,-0.5189187708482675,Three-step,1.0,1.0,0.5,0.5,3411,0.0,0.0,0.0,wrong,wrong,1.5
94,-0.038113122654133524,-0.5323189950530034,-0.5236547796936762,Three-step,1.0,1.0,0.5,0.5,3411,0.0,0.0,0.0,wrong,wrong,1.5
95,-0.12546820177689955,-0.5229992553927636,-0.5203373668818022,Three-step,1.0,1.0,0.5,0.5,3411,0.0,0.0,0.0,wrong,wrong,1.5
96,-0.07022107629446026,-0.5472229936133395,-0.5354726328443095,Three-step,1.0,1.0,0.5,0.5,3411,0.0,0.0,0.0,wrong,wrong,1.5
97,-0.24780208767211703,-0.5255447554265422,-0.5240815989991282,Three-step,1.0,1.0,0.5,0.5,3411,0.0,0.0,0.0,wrong,wrong,1.5
98,0.11130084686414535,-0.5148058892246515,-0.5131393107160976,Three-step,1.0,1.0,0.5,0.5,3411,0.0,0.0,0.0,wrong,wrong,1.5
99,-0.25545829872833015,-0.5233914827742301,-0.5242323478821438,Three-step,1.0,1.0,0.5,0.5,3411,0.0,0.0,0.0,wrong,wrong,1.5
100,-0.1633546869747751,-0.5287711833693335,-0.541119058673277,Three-step,1.0,1.0,0.5,0.5,3411,0.0,0.0,0.0,wrong,wrong,1.5
101,0.038927897062184406,-0.5375086931921783,-0.5165675981692659,Three-step,1.0,1.0,0.5,0.5,3411,0.0,0.0,0.0,wrong,wrong,1.5
102,0.18758531758479702,-0.5351086694874052,-0.5400678375792821,Three-step,1.0,1.0,0.5,0.5,3411,0.0,0.0,0.0,wrong,wrong,1.5
103,0.02597588625408598,-0.5214706906017732,-0.513935921329636,Three-step,1.0,1.0,0.5,0.5,3411,0.0,0.0,0.0,wrong,wrong,1.5
104,-0.6019492781184677,-0.5338729493529484,-0.5167077288886803,Three-step,1.0,1.0,0.5,0.5,3411,0.0,0.0,0.0,wrong,wrong,1.5
105,-0.1522976135035263,-0.5421991115049112,-0.5364100772123291,Three-step,1.0,1.0,0.5,0.5,3411,0.0,0.0,0.0,wrong,wrong,1.5
106,-0.32077334844739536,-0.557233123520328,-0.5432249547758184,Three-step,1.0,1.0,0.5,0.5,3411,0.0,0.0,0.0,wrong,wrong,1.5
107,-0.5580793380085274,-0.5485885216459642,-0.5243500938002733,Three-step,1.0,1.0,0.5,0.5,3411,0.0,0.0,0.0,wrong,wrong,1.5
108,-0.10276677731583564,-0.5089776544521808,-0.5256509586904884,Three-step,1.0,1.0,0.5,0.5,3411,0.0,0.0,0.0,wrong,wrong,1.5
109,0.02863002656263364,-0.5221332668299469,-0.5237973754777207,Three-step,1.0,1.0,0.5,0.5,3411,0.0,0.0,0.0,wrong,wrong,1.5
110,0.2969331338254523,-0.5096597301232909,-0.5118896135248587,Three-step,1.0,1.0,0.5,0.5,3411,0.0,0.0,0.0,wrong,wrong,1.5
111,0.16500824812238038,-0.5163763170410093,-0.5212090149126574,Three-step,1.0,1.0,0.5,0.5,3411,0.0,0.0,0.0,wrong,wrong,1.5
112,-0.13816403368831873,-0.5224371660502141,-0.524925283699934,Three-step,1.0,1.0,0.5,0.5,3411,0.0,0.0,0.0,wrong,wrong,1.5
113,-0.4204819083581147,-0.5222959831747226,-0.522455815550545,Three-step,1.0,1.0,0.5,0.5,3411,0.0,0.0,0.0,wrong,wrong,1.5
114,0.2799394046698394,-0.5154039533735827,-0.5252973879706893,Three-step,1.0,1.0,0.5,0.5,3411,0.0,0.0,0.0,wrong,wrong,1.5
115,0.17893679305562435,-0.5234702640567005,-0.5179545243596427,Three-step,1.0,1.0,0.5,0.5,3411,0.0,0.0,0.0,wrong,wrong,1.5
116,-0.02477068142666224,-0.5221332144965739,-0.5222730404217253,Three-step,1.0,1.0,0.5,0.5,3411,0.0,0.0,0.0,wrong,wrong,1.5
117,-0.39901599430198037,-0.5550329221648371,-0.5461810971955606,Three-step,1.0,1.0,0.5,0.5,3411,0.0,0.0,0.0,wrong,wrong,1.5
118,-0.19865844854426915,-0.5274673901514908,-0.523877907847171,Three-step,1.0,1.0,0.5,0.5,3411,0.0,0.0,0.0,wrong,wrong,1.5
119,0.007438231311404067,-0.5295827664543806,-0.5281762623358585,Three-step,1.0,1.0,0.5,0.5,3411,0.0,0.0,0.0,wrong,wrong,1.5
120,-0.12898788886306714,-0.5258887744763845,-0.5245371827006347,Three-step,1.0,1.0,0.5,0.5,3411,0.0,0.0,0.0,wrong,wrong,1.5
121,0.033388356121239214,-0.5246008910687017,-0.5217334672603563,Three-step,1.0,1.0,0.5,0.5,3411,0.0,0.0,0.0,wrong,wrong,1.5
122,0.4816541577605,-0.5098373384262164,-0.5130102386577077,Three-step,1.0,1.0,0.5,0.5,3411,0.0,0.0,0.0,wrong,wrong,1.5
123,0.23796501050803023,-0.5215753181949079,-0.5124701577717949,Three-step,1.0,1.0,0.5,0.5,3411,0.0,0.0,0.0,wrong,wrong,1.5
124,-0.06902759262049914,-0.5387565568206856,-0.5289719928137463,Three-step,1.0,1.0,0.5,0.5,3411,0.0,0.0,0.0,wrong,wrong,1.5
125,-0.09644963474061627,-0.526411862403607,-0.5182621617655713,Three-step,1.0,1.0,0.5,0.5,3411,0.0,0.0,0.0,wrong,wrong,1.5
126,-0.07710201410061207,-0.5244489615132119,-0.5201772837515892,Three-step,1.0,1.0,0.5,0.5,3411,0.0,0.0,0.0,wrong,wrong,1.5
127,0.021245635321790073,-0.5306777476269837,-0.5195741286113305,Three-step,1.0,1.0,0.5,0.5,3411,0.0,0.0,0.0,wrong,wrong,1.5
128,0.3673245499707348,-0.5088252970228015,-0.5142418409809869,Three-step,1.0,1.0,0.5,0.5,3411,0.0,0.0,0.0,wrong,wrong,1.5
129,0.05828789413739045,-0.5325746903922132,-0.5226656884616402,Three-step,1.0,1.0,0.5,0.5,3411,0.0,0.0,0.0,wrong,wrong,1.5
130,-0.14800551002327364,-0.5384018659521862,-0.5276227626628958,Three-step,1.0,1.0,0.5,0.5,3411,0.0,0.0,0.0,wrong,wrong,1.5
131,-0.0846576434064117,-0.5266632668305893,-0.5281153796831547,Three-step,1.0,1.0,0.5,0.5,3411,0.0,0.0,0.0,wrong,wrong,1.5
132,-0.4340447226834403,-0.5410427383592404,-0.524307246870273,Three-step,1.0,1.0,0.5,0.5,3411,0.0,0.0,0.0,wrong,wrong,1.5
133,-0.10071751908510569,-0.5283156001554452,-0.5163559317676499,Three-step,1.0,1.0,0.5,0.5,3411,0.0,0.0,0.0,wrong,wrong,1.5
134,0.07331439819481704,-0.534472914908565,-0.523040764617668,Three-step,1.0,1.0,0.5,0.5,3411,0.0,0.0,0.0,wrong,wrong,1.5
135,0.06526969889557821,-0.5369727951515657,-0.533460375581082,Three-step,1.0,1.0,0.5,0.5,3411,0.0,0.0,0.0,wrong,wrong,1.5
136,-0.26968226022032676,-0.5319009929886461,-0.5279087002156574,Three-step,1.0,1.0,0.5,0.5,3411,0.0,0.0,0.0,wrong,wrong,1.5
137,-0.09491618767633234,-0.5261255530823747,-0.5320817982150383,Three-step,1.0,1.0,0.5,0.5,3411,0.0,0.0,0.0,wrong,wrong,1.5
138,0.4268914827623895,-0.5175616531072972,-0.5271096276430743,Three-step,1.0,1.0,0.5,0.5,3411,0.0,0.0,0.0,wrong,wrong,1.5
139,-0.12753291144442394,-0.5380451830832311,-0.5363175692496224,Three-step,1.0,1.0,0.5,0.5,3411,0.0,0.0,0.0,wrong,wrong,1.5
140,0.23219763047342937,-0.5061938683635184,-0.515505557022526,Three-step,1.0,1.0,0.5,0.5,3411,0.0,0.0,0.0,wrong,wrong,1.5
141,0.001924582497982496,-0.5085543103093015,-0.508695789758413,Three-step,1.0,1.0,0.5,0.5,3411,0.0,0.0,0.0,wrong,wrong,1.5
142,0.13215714346502785,-0.5368969271271457,-0.5252293678922189,Three-step,1.0,1.0,0.5,0.5,3411,0.0,0.0,0.0,wrong,wrong,1.5
143,0.1178950420524516,-0.507590652030516,-0.5073289164292875,Three-step,1.0,1.0,0.5,0.5,3411,0.0,0.0,0.0,wrong,wrong,1.5
144,0.24025706105390812,-0.51812069326472,-0.5228035867760091,Three-step,1.0,1.0,0.5,0.5,3411,0.0,0.0,0.0,wrong,wrong,1.5
145,0.27241745048965105,-0.5060314476835867,-0.4992539885571414,Three-step,1.0,1.0,0.5,0.5,3411,0.0,0.0,0.0,wrong,wrong,1.5
146,-0.11973969666208664,-0.52597644763319,-0.5274041957595521,Three-step,1.0,1.0,0.5,0.5,3411,0.0,0.0,0.0,wrong,wrong,1.5
147,-0.10454679258570108,-0.529526833955025,-0.5237932957069341,Three-step,1.0,1.0,0.5,0.5,3411,0.0,0.0,0.0,wrong,wrong,1.5
148,0.15107576383936877,-0.5236519957138182,-0.5241057464043917,Three-step,1.0,1.0,0.5,0.5,3411,0.0,0.0,0.0,wrong,wrong,1.5
149,-0.180418928984974,-0.5296424002757938,-0.5246641497675882,Three-step,1.0,1.0,0.5,0.5,3411,0.0,0.0,0.0,wrong,wrong,1.5
150,0.24426544320645652,-0.49084856193780085,-0.5095924439528684,Three-step,1.0,1.0,0.5,0.5,3411,0.0,0.0,0.0,wrong,wrong,1.5
151,0.15661383925119182,-0.5327207351613392,-0.5295959971758055,Three-step,1.0,1.0,0.5,0.5,3411,0.0,0.0,0.0,wrong,wrong,1.5
152,0.10030706680778015,-0.5153971278359114,-0.5190172215555129,Three-step,1.0,1.0,0.5,0.5,3411,0.0,0.0,0.0,wrong,wrong,1.5
153,0.1396327666843787,-0.530167260737742,-0.5241235320930423,Three-step,1.0,1.0,0.5,0.5,3411,0.0,0.0,0.0,wrong,wrong,1.5
154,0.02041842291258517,-0.5001294771907216,-0.5126748243876317,Three-step,1.0,1.0,0.5,0.5,3411,0.0,0.0,0.0,wrong,wrong,1.5
155,0.027276199026224707,-0.52982765816551,-0.5344373550123976,Three-step,1.0,1.0,0.5,0.5,3411,0.0,0.0,0.0,wrong,wrong,1.5
156,0.35713530468475546,-0.5307076586463838,-0.5095306749784498,Three-step,1.0,1.0,0.5,0.5,3411,0.0,0.0,0.0,wrong,wrong,1.5
157,0.03293350259389666,-0.5357958129423147,-0.5224213140161226,Three-step,1.0,1.0,0.5,0.5,3411,0.0,0.0,0.0,wrong,wrong,1.5
158,0.2997524069652167,-0.5222961810819207,-0.5240367541138735,Three-step,1.0,1.0,0.5,0.5,3411,0.0,0.0,0.0,wrong,wrong,1.5
159,-0.022704534577771655,-0.5115932068402073,-0.5151772255693224,Three-step,1.0,1.0,0.5,0.5,3411,0.0,0.0,0.0,wrong,wrong,1.5
160,0.14347427914186126,-0.5293235440530293,-0.5267202702531875,Three-step,1.0,1.0,0.5,0.5,3411,0.0,0.0,0.0,wrong,wrong,1.5
161,0.0663360164509064,-0.5162670813352034,-0.5164989828972406,Three-step,1.0,1.0,0.5,0.5,3411,0.0,0.0,0.0,wrong,wrong,1.5
162,0.24364373074810405,-0.5103116422925509,-0.517696231704817,Three-step,1.0,1.0,0.5,0.5,3411,0.0,0.0,0.0,wrong,wrong,1.5
163,0.046366989761979026,-0.5206661300465837,-0.5276744007047823,Three-step,1.0,1.0,0.5,0.5,3411,0.0,0.0,0.0,wrong,wrong,1.5
164,-0.5029274490638257,-0.555204401009968,-0.542004105926328,Three-step,1.0,1.0,0.5,0.5,3411,0.0,0.0,0.0,wrong,wrong,1.5
165,-0.06175309956223513,-0.5422006259707902,-0.5300646070799199,Three-step,1.0,1.0,0.5,0.5,3411,0.0,0.0,0.0,wrong,wrong,1.5
166,0.20549456051650397,-0.5269892421485232,-0.5188038856562863,Three-step,1.0,1.0,0.5,0.5,3411,0.0,0.0,0.0,wrong,wrong,1.5
167,-0.23449710648050962,-0.5359118781447245,-0.531299105628544,Three-step,1.0,1.0,0.5,0.5,3411,0.0,0.0,0.0,wrong,wrong,1.5
168,0.2033664450520986,-0.5243056353512621,-0.5211630641776926,Three-step,1.0,1.0,0.5,0.5,3411,0.0,0.0,0.0,wrong,wrong,1.5
169,-0.18889259579413092,-0.5153042329252389,-0.5264461271090961,Three-step,1.0,1.0,0.5,0.5,3411,0.0,0.0,0.0,wrong,wrong,1.5
170,-0.02641321841423972,-0.5232796168654252,-0.5276028627702831,Three-step,1.0,1.0,0.5,0.5,3411,0.0,0.0,0.0,wrong,wrong,1.5
171,-0.24188236482353204,-0.5444507958654926,-0.5335326084102087,Three-step,1.0,1.0,0.5,0.5,3411,0.0,0.0,0.0,wrong,wrong,1.5
172,-0.19706899250058696,-0.5340292058799165,-0.5339344681845335,Three-step,1.0,1.0,0.5,0.5,3411,0.0,0.0,0.0,wrong,wrong,1.5
173,-0.04383924873214031,-0.5426433418872657,-0.5284381827458559,Three-step,1.0,1.0,0.5,0.5,3411,0.0,0.0,0.0,wrong,wrong,1.5
174,0.03307553021117762,-0.5283624040481876,-0.5209079807807002,Three-step,1.0,1.0,0.5,0.5,3411,0.0,0.0,0.0,wrong,wrong,1.5
175,0.3813443533823233,-0.5405615699817164,-0.5283631098559309,Three-step,1.0,1.0,0.5,0.5,3411,0.0,0.0,0.0,wrong,wrong,1.5
176,-0.3650390774276386,-0.531857204318478,-0.5194033876649217,Three-step,1.0,1.0,0.5,0.5,3411,0.0,0.0,0.0,wrong,wrong,1.5
177,0.16887333092650747,-0.5036797484450208,-0.5252774189091091,Three-step,1.0,1.0,0.5,0.5,3411,0.0,0.0,0.0,wrong,wrong,1.5
178,-0.029249144127892507,-0.5285370150661045,-0.5209169368035091,Three-step,1.0,1.0,0.5,0.5,3411,0.0,0.0,0.0,wrong,wrong,1.5
179,-0.22528104460095516,-0.515507026307077,-0.5193234731009445,Three-step,1.0,1.0,0.5,0.5,3411,0.0,0.0,0.0,wrong,wrong,1.5
180,0.27712166282911443,-0.5073910446071269,-0.5260115622291711,Three-step,1.0,1.0,0.5,0.5,3411,0.0,0.0,0.0,wrong,wrong,1.5
181,0.05701981870484324,-0.5193918284448386,-0.5243461655078603,Three-step,1.0,1.0,0.5,0.5,3411,0.0,0.0,0.0,wrong,wrong,1.5
182,0.1858056756722975,-0.5054977677649387,-0.49997249241719083,Three-step,1.0,1.0,0.5,0.5,3411,0.0,0.0,0.0,wrong,wrong,1.5
183,0.2559734394640741,-0.523772954233424,-0.514141464975266,Three-step,1.0,1.0,0.5,0.5,3411,0.0,0.0,0.0,wrong,wrong,1.5
184,0.11705996076479738,-0.5181493598982606,-0.5169030939387035,Three-step,1.0,1.0,0.5,0.5,3411,0.0,0.0,0.0,wrong,wrong,1.5
185,0.03858947369064567,-0.5273335256435876,-0.5246673168416353,Three-step,1.0,1.0,0.5,0.5,3411,0.0,0.0,0.0,wrong,wrong,1.5
186,0.17832259539647358,-0.5285041083639969,-0.5240576199095731,Three-step,1.0,1.0,0.5,0.5,3411,0.0,0.0,0.0,wrong,wrong,1.5
187,0.08451602332456011,-0.5163644406734156,-0.5116155072436489,Three-step,1.0,1.0,0.5,0.5,3411,0.0,0.0,0.0,wrong,wrong,1.5
188,-0.01058598801915986,-0.530615259162305,-0.5303298463622049,Three-step,1.0,1.0,0.5,0.5,3411,0.0,0.0,0.0,wrong,wrong,1.5
189,0.256397415841133,-0.5066882258416057,-0.5076438585141007,Three-step,1.0,1.0,0.5,0.5,3411,0.0,0.0,0.0,wrong,wrong,1.5
190,0.06850378935535521,-0.5135806928630616,-0.5067485905158688,Three-step,1.0,1.0,0.5,0.5,3411,0.0,0.0,0.0,wrong,wrong,1.5
191,-0.2720963102719132,-0.5228288032895198,-0.5148786314837496,Three-step,1.0,1.0,0.5,0.5,3411,0.0,0.0,0.0,wrong,wrong,1.5
192,-0.16319459073628131,-0.5268070034284892,-0.5267056617269295,Three-step,1.0,1.0,0.5,0.5,3411,0.0,0.0,0.0,wrong,wrong,1.5
193,-0.3760740469495801,-0.5476782588985165,-0.535661283445378,Three-step,1.0,1.0,0.5,0.5,3411,0.0,0.0,0.0,wrong,wrong,1.5
194,0.3509294513416089,-0.5068508515884973,-0.5105724158812183,Three-step,1.0,1.0,0.5,0.5,3411,0.0,0.0,0.0,wrong,wrong,1.5
195,-0.46402565481129976,-0.531267505878762,-0.5345932519496192,Three-step,1.0,1.0,0.5,0.5,3411,0.0,0.0,0.0,wrong,wrong,1.5
196,-0.09116239996260345,-0.542278024949955,-0.5333568951961197,Three-step,1.0,1.0,0.5,0.5,3411,0.0,0.0,0.0,wrong,wrong,1.5
197,0.03102698222737247,-0.5258138808345252,-0.5246566313645565,Three-step,1.0,1.0,0.5,0.5,3411,0.0,0.0,0.0,wrong,wrong,1.5
198,0.07192393793387039,-0.5287847081409035,-0.5267788271323128,Three-step,1.0,1.0,0.5,0.5,3411,0.0,0.0,0.0,wrong,wrong,1.5
199,0.2788542235366921,-0.5140571838905136,-0.525411390298732,Three-step,1.0,1.0,0.5,0.5,3411,0.0,0.0,0.0,wrong,wrong,1.5
200,-0.02870013984293257,-0.5237737944582953,-0.5160299692070052,Three-step,1.0,1.0,0.5,0.5,3411,0.0,0.0,0.0,wrong,wrong,1.5
201,0.10002794576831651,-0.5278076369278506,-0.5220943174421786,Three-step,1.0,1.0,0.5,0.5,3411,0.0,0.0,0.0,wrong,wrong,1.5
202,-0.0351154733165084,-0.5111745213032642,-0.5199404737679931,Three-step,1.0,1.0,0.5,0.5,3411,0.0,0.0,0.0,wrong,wrong,1.5
203,0.21089350794171183,-0.5150476695918257,-0.5161944693312907,Three-step,1.0,1.0,0.5,0.5,3411,0.0,0.0,0.0,wrong,wrong,1.5
204,0.14059173380837944,-0.5293265513489502,-0.5200195781070814,Three-step,1.0,1.0,0.5,0.5,3411,0.0,0.0,0.0,wrong,wrong,1.5
205,0.014735328253468953,-0.5321340153863817,-0.5232176893571255,Three-step,1.0,1.0,0.5,0.5,3411,0.0,0.0,0.0,wrong,wrong,1.5
206,0.13012406894396575,-0.5195213037060491,-0.5227615170365147,Three-step,1.0,1.0,0.5,0.5,3411,0.0,0.0,0.0,wrong,wrong,1.5
207,0.30242111180976283,-0.5053321027764015,-0.5060447703524255,Three-step,1.0,1.0,0.5,0.5,3411,0.0,0.0,0.0,wrong,wrong,1.5
208,-0.3572101976663951,-0.55374223315232,-0.5254783580491243,Three-step,1.0,1.0,0.5,0.5,3411,0.0,0.0,0.0,wrong,wrong,1.5
209,-0.08924589089083448,-0.5183700035836774,-0.5230292774851433,Three-step,1.0,1.0,0.5,0.5,3411,0.0,0.0,0.0,wrong,wrong,1.5
210,0.1698491523942867,-0.5166774871679586,-0.5178970170922967,Three-step,1.0,1.0,0.5,0.5,3411,0.0,0.0,0.0,wrong,wrong,1.5
211,0.28368533474151764,-0.5058801842040865,-0.5151928999126576,Three-step,1.0,1.0,0.5,0.5,3411,0.0,0.0,0.0,wrong,wrong,1.5
212,0.30678803844711006,-0.5108357027484236,-0.5205961324886714,Three-step,1.0,1.0,0.5,0.5,3411,0.0,0.0,0.0,wrong,wrong,1.5
213,0.017964501091055456,-0.5337471818068498,-0.5171596991671942,Three-step,1.0,1.0,0.5,0.5,3411,0.0,0.0,0.0,wrong,wrong,1.5
214,-0.24100948600186223,-0.530227633581516,-0.5267860259450694,Three-step,1.0,1.0,0.5,0.5,3411,0.0,0.0,0.0,wrong,wrong,1.5
215,-0.05751292617025111,-0.5270287684794046,-0.5138841802947991,Three-step,1.0,1.0,0.5,0.5,3411,0.0,0.0,0.0,wrong,wrong,1.5
216,0.3874111221265664,-0.5093049865027276,-0.5123131846395832,Three-step,1.0,1.0,0.5,0.5,3411,0.0,0.0,0.0,wrong,wrong,1.5
217,0.4748492631574423,-0.5143375471979826,-0.5305817620325767,Three-step,1.0,1.0,0.5,0.5,3411,0.0,0.0,0.0,wrong,wrong,1.5
218,-0.14139240615287682,-0.5310137121420783,-0.5245481679133047,Three-step,1.0,1.0,0.5,0.5,3411,0.0,0.0,0.0,wrong,wrong,1.5
219,0.09507603115869041,-0.518318071041996,-0.5103684822495942,Three-step,1.0,1.0,0.5,0.5,3411,0.0,0.0,0.0,wrong,wrong,1.5
220,0.17917306101864053,-0.5122037553223071,-0.5260871888417736,Three-step,1.0,1.0,0.5,0.5,3411,0.0,0.0,0.0,wrong,wrong,1.5
221,0.04479054595319956,-0.5186114507237034,-0.5220511012697238,Three-step,1.0,1.0,0.5,0.5,3411,0.0,0.0,0.0,wrong,wrong,1.5
222,-0.025505943251705583,-0.5173991493219472,-0.5132864738056855,Three-step,1.0,1.0,0.5,0.5,3411,0.0,0.0,0.0,wrong,wrong,1.5
223,0.0752546279019086,-0.5106080028531472,-0.501901136178685,Three-step,1.0,1.0,0.5,0.5,3411,0.0,0.0,0.0,wrong,wrong,1.5
224,-0.1532084569866484,-0.5358326892973704,-0.5374759956609372,Three-step,1.0,1.0,0.5,0.5,3411,0.0,0.0,0.0,wrong,wrong,1.5
225,-0.1990879267916676,-0.5242479392931952,-0.522407226310067,Three-step,1.0,1.0,0.5,0.5,3411,0.0,0.0,0.0,wrong,wrong,1.5
226,0.319073260195243,-0.5082095420618383,-0.5098702307189985,Three-step,1.0,1.0,0.5,0.5,3411,0.0,0.0,0.0,wrong,wrong,1.5
227,0.3438688922431256,-0.5214158834056926,-0.5108159769920472,Three-step,1.0,1.0,0.5,0.5,3411,0.0,0.0,0.0,wrong,wrong,1.5
228,0.28076883700484306,-0.5130282610766791,-0.5094966233274488,Three-step,1.0,1.0,0.5,0.5,3411,0.0,0.0,0.0,wrong,wrong,1.5
229,-0.023995023974693937,-0.535377037913731,-0.5276588967201529,Three-step,1.0,1.0,0.5,0.5,3411,0.0,0.0,0.0,wrong,wrong,1.5
230,-0.172274869084111,-0.5435278215055857,-0.5399011997832401,Three-step,1.0,1.0,0.5,0.5,3411,0.0,0.0,0.0,wrong,wrong,1.5
231,0.2629556989551533,-0.524519701151169,-0.5189483637979488,Three-step,1.0,1.0,0.5,0.5,3411,0.0,0.0,0.0,wrong,wrong,1.5
232,-0.2182271114948623,-0.528920717640023,-0.539119338668164,Three-step,1.0,1.0,0.5,0.5,3411,0.0,0.0,0.0,wrong,wrong,1.5
233,-0.336526481815753,-0.5140253327342882,-0.5185980602273437,Three-step,1.0,1.0,0.5,0.5,3411,0.0,0.0,0.0,wrong,wrong,1.5
234,-0.03688256923485306,-0.5483175858288766,-0.5325772504520396,Three-step,1.0,1.0,0.5,0.5,3411,0.0,0.0,0.0,wrong,wrong,1.5
235,-0.2211997460206045,-0.5306051183040305,-0.517259926747692,Three-step,1.0,1.0,0.5,0.5,3411,0.0,0.0,0.0,wrong,wrong,1.5
236,-0.3428391342937904,-0.5312720833407306,-0.5231351428486068,Three-step,1.0,1.0,0.5,0.5,3411,0.0,0.0,0.0,wrong,wrong,1.5
237,-0.1731851625215338,-0.5296832467484441,-0.5196871052399429,Three-step,1.0,1.0,0.5,0.5,3411,0.0,0.0,0.0,wrong,wrong,1.5
238,0.1021297672662921,-0.5167834985798467,-0.5077310562350527,Three-step,1.0,1.0,0.5,0.5,3411,0.0,0.0,0.0,wrong,wrong,1.5
239,-0.21578866579253891,-0.5509496635017624,-0.5352173043264065,Three-step,1.0,1.0,0.5,0.5,3411,0.0,0.0,0.0,wrong,wrong,1.5
240,-0.07643503216947001,-0.5139763697284991,-0.5226901087641347,Three-step,1.0,1.0,0.5,0.5,3411,0.0,0.0,0.0,wrong,wrong,1.5
241,-0.10947784700781411,-0.5191345823344438,-0.5222832610609904,Three-step,1.0,1.0,0.5,0.5,3411,0.0,0.0,0.0,wrong,wrong,1.5
242,0.26411384730033916,-0.5276038576470352,-0.5344160633209833,Three-step,1.0,1.0,0.5,0.5,3411,0.0,0.0,0.0,wrong,wrong,1.5
243,0.052326963682133854,-0.5345804699712803,-0.5192948763511309,Three-step,1.0,1.0,0.5,0.5,3411,0.0,0.0,0.0,wrong,wrong,1.5
244,0.09609913326665978,-0.5245858769214448,-0.5224244105911205,Three-step,1.0,1.0,0.5,0.5,3411,0.0,0.0,0.0,wrong,wrong,1.5
245,0.049487541008594475,-0.515239735779682,-0.5185295393144549,Three-step,1.0,1.0,0.5,0.5,3411,0.0,0.0,0.0,wrong,wrong,1.5
246,-0.5346428658987601,-0.5234686304449525,-0.523119496221258,Three-step,1.0,1.0,0.5,0.5,3411,0.0,0.0,0.0,wrong,wrong,1.5
247,-0.09285951575213704,-0.5560805444832301,-0.5327844562815438,Three-step,1.0,1.0,0.5,0.5,3411,0.0,0.0,0.0,wrong,wrong,1.5
248,0.3222744791754542,-0.5354891159302806,-0.5192866245401662,Three-step,1.0,1.0,0.5,0.5,3411,0.0,0.0,0.0,wrong,wrong,1.5
249,0.22739421424460945,-0.5047469176017731,-0.5114493605845732,Three-step,1.0,1.0,0.5,0.5,3411,0.0,0.0,0.0,wrong,wrong,1.5
250,-0.16148744886031483,-0.5285055781224925,-0.5286796125493269,Three-step,1.0,1.0,0.5,0.5,3411,0.0,0.0,0.0,wrong,wrong,1.5
251,-0.08607635666299904,-0.542441418940996,-0.5352988731658624,Three-step,1.0,1.0,0.5,0.5,3411,0.0,0.0,0.0,wrong,wrong,1.5
252,0.07696346441367559,-0.5206001795488414,-0.5134512904674396,Three-step,1.0,1.0,0.5,0.5,3411,0.0,0.0,0.0,wrong,wrong,1.5
253,-0.20952850142768648,-0.5022880865440779,-0.5101992645166911,Three-step,1.0,1.0,0.5,0.5,3411,0.0,0.0,0.0,wrong,wrong,1.5
254,0.1567399144392078,-0.5213806280890274,-0.5244111187120487,Three-step,1.0,1.0,0.5,0.5,3411,0.0,0.0,0.0,wrong,wrong,1.5
255,-0.04156613980656299,-0.5357087688652518,-0.5139696491066792,Three-step,1.0,1.0,0.5,0.5,3411,0.0,0.0,0.0,wrong,wrong,1.5
256,-0.25708621853363894,-0.5492884670803808,-0.5426322743867059,Three-step,1.0,1.0,0.5,0.5,3411,0.0,0.0,0.0,wrong,wrong,1.5
257,-0.05815806274319103,-0.5308363314797083,-0.5283282250956011,Three-step,1.0,1.0,0.5,0.5,3411,0.0,0.0,0.0,wrong,wrong,1.5
258,-0.4307008153824585,-0.5329346668844621,-0.5372050591741074,Three-step,1.0,1.0,0.5,0.5,3411,0.0,0.0,0.0,wrong,wrong,1.5
259,-0.10481954507660811,-0.529829203451554,-0.5224713384302148,Three-step,1.0,1.0,0.5,0.5,3411,0.0,0.0,0.0,wrong,wrong,1.5
260,-0.12808865211511156,-0.5405543581181144,-0.5307200754266528,Three-step,1.0,1.0,0.5,0.5,3411,0.0,0.0,0.0,wrong,wrong,1.5
261,0.07939603768125203,-0.5290948518165676,-0.5242724911885205,Three-step,1.0,1.0,0.5,0.5,3411,0.0,0.0,0.0,wrong,wrong,1.5
262,-0.16754382393204859,-0.5267480808218482,-0.5220734599143,Three-step,1.0,1.0,0.5,0.5,3411,0.0,0.0,0.0,wrong,wrong,1.5
263,-0.2162901631191834,-0.5258217962223506,-0.5233233707778914,Three-step,1.0,1.0,0.5,0.5,3411,0.0,0.0,0.0,wrong,wrong,1.5
264,0.11462784402694928,-0.5163618160735034,-0.5242443244278958,Three-step,1.0,1.0,0.5,0.5,3411,0.0,0.0,0.0,wrong,wrong,1.5
265,-0.09917601858591336,-0.5378791002303781,-0.5230142767731568,Three-step,1.0,1.0,0.5,0.5,3411,0.0,0.0,0.0,wrong,wrong,1.5
266,-0.009898992237133452,-0.5498406237911868,-0.550638041709962,Three-step,1.0,1.0,0.5,0.5,3411,0.0,0.0,0.0,wrong,wrong,1.5
267,-0.08482190805449757,-0.5128680848986118,-0.5161332509445467,Three-step,1.0,1.0,0.5,0.5,3411,0.0,0.0,0.0,wrong,wrong,1.5
268,-0.2065136892683327,-0.5377663808031651,-0.5268467923597359,Three-step,1.0,1.0,0.5,0.5,3411,0.0,0.0,0.0,wrong,wrong,1.5
269,-0.26623987284969547,-0.5241952259985986,-0.5134745512392451,Three-step,1.0,1.0,0.5,0.5,3411,0.0,0.0,0.0,wrong,wrong,1.5
270,0.07846195895674139,-0.555385647685401,-0.5295976323890282,Three-step,1.0,1.0,0.5,0.5,3411,0.0,0.0,0.0,wrong,wrong,1.5
271,0.08732247607100523,-0.5278294485089607,-0.5175808974826073,Three-step,1.0,1.0,0.5,0.5,3411,0.0,0.0,0.0,wrong,wrong,1.5
272,-0.3242718974136447,-0.5367876257206863,-0.5288922635593563,Three-step,1.0,1.0,0.5,0.5,3411,0.0,0.0,0.0,wrong,wrong,1.5
273,0.074344999442413,-0.5360916238566102,-0.5287247802964291,Three-step,1.0,1.0,0.5,0.5,3411,0.0,0.0,0.0,wrong,wrong,1.5
274,-0.08262562044426511,-0.54080879176962,-0.5339602948450012,Three-step,1.0,1.0,0.5,0.5,3411,0.0,0.0,0.0,wrong,wrong,1.5
275,0.046433306573258386,-0.5276367137791205,-0.5337704214611999,Three-step,1.0,1.0,0.5,0.5,3411,0.0,0.0,0.0,wrong,wrong,1.5
276,0.04945534652516667,-0.526756069493622,-0.5265332994145556,Three-step,1.0,1.0,0.5,0.5,3411,0.0,0.0,0.0,wrong,wrong,1.5
277,0.3382598168062752,-0.532813064391163,-0.5290379800719647,Three-step,1.0,1.0,0.5,0.5,3411,0.0,0.0,0.0,wrong,wrong,1.5
278,0.20054016278932224,-0.5097964700945259,-0.525764084618706,Three-step,1.0,1.0,0.5,0.5,3411,0.0,0.0,0.0,wrong,wrong,1.5
279,0.03607381826587925,-0.5389495301968471,-0.5274037654995958,Three-step,1.0,1.0,0.5,0.5,3411,0.0,0.0,0.0,wrong,wrong,1.5
280,-0.0010762594368421143,-0.5148768867969777,-0.5249056405317428,Three-step,1.0,1.0,0.5,0.5,3411,0.0,0.0,0.0,wrong,wrong,1.5
281,0.2994507597766308,-0.49556104479207863,-0.5087309118754645,Three-step,1.0,1.0,0.5,0.5,3411,0.0,0.0,0.0,wrong,wrong,1.5
282,0.25061692124410123,-0.5302243072893073,-0.5268864905145775,Three-step,1.0,1.0,0.5,0.5,3411,0.0,0.0,0.0,wrong,wrong,1.5
283,0.3086908854165927,-0.5176126689244878,-0.528081069820352,Three-step,1.0,1.0,0.5,0.5,3411,0.0,0.0,0.0,wrong,wrong,1.5
284,-0.12674909508297666,-0.5200002562251348,-0.5212991333279856,Three-step,1.0,1.0,0.5,0.5,3411,0.0,0.0,0.0,wrong,wrong,1.5
285,-0.01974467884310692,-0.5334072791290595,-0.5366960206832123,Three-step,1.0,1.0,0.5,0.5,3411,0.0,0.0,0.0,wrong,wrong,1.5
286,-0.012299850951944212,-0.5184844426385327,-0.5130156051279631,Three-step,1.0,1.0,0.5,0.5,3411,0.0,0.0,0.0,wrong,wrong,1.5
287,0.25791460815485584,-0.5133114244409958,-0.5246358524031668,Three-step,1.0,1.0,0.5,0.5,3411,0.0,0.0,0.0,wrong,wrong,1.5
288,-0.45016687528293126,-0.5424679972358755,-0.5325926359175608,Three-step,1.0,1.0,0.5,0.5,3411,0.0,0.0,0.0,wrong,wrong,1.5
289,-0.38672338205326,-0.5185083924535058,-0.5134242260678353,Three-step,1.0,1.0,0.5,0.5,3411,0.0,0.0,0.0,wrong,wrong,1.5
290,-0.295949815401676,-0.5400354711499937,-0.5333263246936175,Three-step,1.0,1.0,0.5,0.5,3411,0.0,0.0,0.0,wrong,wrong,1.5
291,0.43949434838493423,-0.517316600993128,-0.5149063942241838,Three-step,1.0,1.0,0.5,0.5,3411,0.0,0.0,0.0,wrong,wrong,1.5
292,0.49527294300495794,-0.49580000636899224,-0.49969634988914136,Three-step,1.0,1.0,0.5,0.5,3411,0.0,0.0,0.0,wrong,wrong,1.5
293,-0.2823550286341479,-0.5380873871049319,-0.5324338743897455,Three-step,1.0,1.0,0.5,0.5,3411,0.0,0.0,0.0,wrong,wrong,1.5
294,0.21287879595331216,-0.5297917096185892,-0.51917291528398,Three-step,1.0,1.0,0.5,0.5,3411,0.0,0.0,0.0,wrong,wrong,1.5
295,0.08874163680152335,-0.5182559789403477,-0.5131257915408178,Three-step,1.0,1.0,0.5,0.5,3411,0.0,0.0,0.0,wrong,wrong,1.5
296,0.13979176987963132,-0.502470439711036,-0.5248120205605427,Three-step,1.0,1.0,0.5,0.5,3411,0.0,0.0,0.0,wrong,wrong,1.5
297,-0.13992895623133975,-0.5428027469943867,-0.5330211331793641,Three-step,1.0,1.0,0.5,0.5,3411,0.0,0.0,0.0,wrong,wrong,1.5
298,0.4530398183213808,-0.49391210353281334,-0.5015173356056541,Three-step,1.0,1.0,0.5,0.5,3411,0.0,0.0,0.0,wrong,wrong,1.5
299,-0.10260944265433082,-0.5195228321463992,-0.5219761071999336,Three-step,1.0,1.0,0.5,0.5,3411,0.0,0.0,0.0,wrong,wrong,1.5
300,0.01108218340768428,-0.5466606131980396,-0.5258253829306138,Three-step,1.0,1.0,0.5,0.5,3411,0.0,0.0,0.0,wrong,wrong,1.5
1,-0.13752806581327867,-0.5369097624743122,-0.5190201875849361,Robins' estimator,1.0,1.0,0.5,0.5,3411,0.0,0.0,0.0,wrong,wrong,1.5
2,-0.013369721780181962,-0.5274483734749819,-0.5105471874110797,Robins' estimator,1.0,1.0,0.5,0.5,3411,0.0,0.0,0.0,wrong,wrong,1.5
3,-0.20749242230535497,-0.5183606762500883,-0.5244065122794099,Robins' estimator,1.0,1.0,0.5,0.5,3411,0.0,0.0,0.0,wrong,wrong,1.5
4,0.14073594668660408,-0.5174115994872922,-0.5307537291583773,Robins' estimator,1.0,1.0,0.5,0.5,3411,0.0,0.0,0.0,wrong,wrong,1.5
5,-0.3035214992029561,-0.5387149009844389,-0.5275849121577167,Robins' estimator,1.0,1.0,0.5,0.5,3411,0.0,0.0,0.0,wrong,wrong,1.5
6,0.13135881837805713,-0.5176631490003213,-0.5213066101026765,Robins' estimator,1.0,1.0,0.5,0.5,3411,0.0,0.0,0.0,wrong,wrong,1.5
7,0.35288607153316426,-0.4978123904462724,-0.5069637071150945,Robins' estimator,1.0,1.0,0.5,0.5,3411,0.0,0.0,0.0,wrong,wrong,1.5
8,-0.3682424216959618,-0.5293437139578216,-0.5228648194059218,Robins' estimator,1.0,1.0,0.5,0.5,3411,0.0,0.0,0.0,wrong,wrong,1.5
9,-0.07474709637359137,-0.5246752553782397,-0.5120098983142017,Robins' estimator,1.0,1.0,0.5,0.5,3411,0.0,0.0,0.0,wrong,wrong,1.5
10,-0.14034117671998522,-0.5478918583482758,-0.5411588089368484,Robins' estimator,1.0,1.0,0.5,0.5,3411,0.0,0.0,0.0,wrong,wrong,1.5
11,0.09632977036351252,-0.5122912214290686,-0.5239125229911699,Robins' estimator,1.0,1.0,0.5,0.5,3411,0.0,0.0,0.0,wrong,wrong,1.5
12,-0.08186885284392774,-0.5369667195640383,-0.5248298213926514,Robins' estimator,1.0,1.0,0.5,0.5,3411,0.0,0.0,0.0,wrong,wrong,1.5
13,0.16211062412995947,-0.5193833011986415,-0.52421120568901,Robins' estimator,1.0,1.0,0.5,0.5,3411,0.0,0.0,0.0,wrong,wrong,1.5
14,-0.322146508590101,-0.5380486111295016,-0.5286787265230499,Robins' estimator,1.0,1.0,0.5,0.5,3411,0.0,0.0,0.0,wrong,wrong,1.5
15,-0.32435565087450574,-0.5491144030632626,-0.5350573323173113,Robins' estimator,1.0,1.0,0.5,0.5,3411,0.0,0.0,0.0,wrong,wrong,1.5
16,-0.3352682735471281,-0.5553163778783863,-0.5506863471517336,Robins' estimator,1.0,1.0,0.5,0.5,3411,0.0,0.0,0.0,wrong,wrong,1.5
17,0.3854042839377394,-0.4986832998974126,-0.5095133850799415,Robins' estimator,1.0,1.0,0.5,0.5,3411,0.0,0.0,0.0,wrong,wrong,1.5
18,0.08821431868216172,-0.5130253197634378,-0.510283060086714,Robins' estimator,1.0,1.0,0.5,0.5,3411,0.0,0.0,0.0,wrong,wrong,1.5
19,0.05137157389140608,-0.5082639324204431,-0.5110026036528044,Robins' estimator,1.0,1.0,0.5,0.5,3411,0.0,0.0,0.0,wrong,wrong,1.5
20,-0.13178435295894528,-0.5069353989615265,-0.5086652004742551,Robins' estimator,1.0,1.0,0.5,0.5,3411,0.0,0.0,0.0,wrong,wrong,1.5
21,0.16233532795218464,-0.5068032162460004,-0.5196681814971114,Robins' estimator,1.0,1.0,0.5,0.5,3411,0.0,0.0,0.0,wrong,wrong,1.5
22,-0.1735611058060744,-0.5258762053506105,-0.5167046885490951,Robins' estimator,1.0,1.0,0.5,0.5,3411,0.0,0.0,0.0,wrong,wrong,1.5
23,-0.0868565414207346,-0.5391688974409911,-0.5216846222988507,Robins' estimator,1.0,1.0,0.5,0.5,3411,0.0,0.0,0.0,wrong,wrong,1.5
24,0.15613512530821474,-0.508777807279689,-0.5151328893207034,Robins' estimator,1.0,1.0,0.5,0.5,3411,0.0,0.0,0.0,wrong,wrong,1.5
25,0.06561090510028733,-0.5130938108374591,-0.5139804139529381,Robins' estimator,1.0,1.0,0.5,0.5,3411,0.0,0.0,0.0,wrong,wrong,1.5
26,0.04593237175691616,-0.5071714716132688,-0.5134271886245055,Robins' estimator,1.0,1.0,0.5,0.5,3411,0.0,0.0,0.0,wrong,wrong,1.5
27,0.015860090957747975,-0.5086246141273545,-0.5158081141218807,Robins' estimator,1.0,1.0,0.5,0.5,3411,0.0,0.0,0.0,wrong,wrong,1.5
28,-0.25790797722547715,-0.5467900066199107,-0.5308407113022268,Robins' estimator,1.0,1.0,0.5,0.5,3411,0.0,0.0,0.0,wrong,wrong,1.5
29,-0.09248739488017757,-0.5309920295326869,-0.5226131759400553,Robins' estimator,1.0,1.0,0.5,0.5,3411,0.0,0.0,0.0,wrong,wrong,1.5
30,0.060162548076826965,-0.5086416194992099,-0.527212403698613,Robins' estimator,1.0,1.0,0.5,0.5,3411,0.0,0.0,0.0,wrong,wrong,1.5
31,0.2636246719657729,-0.5144325450869774,-0.5183379769509545,Robins' estimator,1.0,1.0,0.5,0.5,3411,0.0,0.0,0.0,wrong,wrong,1.5
32,-0.16327475643456624,-0.5487807972603759,-0.5294916250011888,Robins' estimator,1.0,1.0,0.5,0.5,3411,0.0,0.0,0.0,wrong,wrong,1.5
33,-0.01310794851534344,-0.5173804974254124,-0.5209256695959105,Robins' estimator,1.0,1.0,0.5,0.5,3411,0.0,0.0,0.0,wrong,wrong,1.5
34,-0.013668118981385216,-0.5317866950995858,-0.5252325448427094,Robins' estimator,1.0,1.0,0.5,0.5,3411,0.0,0.0,0.0,wrong,wrong,1.5
35,0.009398117632314702,-0.5233296070397456,-0.5199710604522986,Robins' estimator,1.0,1.0,0.5,0.5,3411,0.0,0.0,0.0,wrong,wrong,1.5
36,0.12452938327072327,-0.507578198156424,-0.5193643456211252,Robins' estimator,1.0,1.0,0.5,0.5,3411,0.0,0.0,0.0,wrong,wrong,1.5
37,-0.24263080903471265,-0.5441106803232776,-0.5412267156855128,Robins' estimator,1.0,1.0,0.5,0.5,3411,0.0,0.0,0.0,wrong,wrong,1.5
38,-0.0537365749069975,-0.5332705515440003,-0.5265199354877032,Robins' estimator,1.0,1.0,0.5,0.5,3411,0.0,0.0,0.0,wrong,wrong,1.5
39,-0.17110817234193162,-0.5351246701186405,-0.5318752345636135,Robins' estimator,1.0,1.0,0.5,0.5,3411,0.0,0.0,0.0,wrong,wrong,1.5
40,0.1682180931107196,-0.5125805848231685,-0.5227010411879124,Robins' estimator,1.0,1.0,0.5,0.5,3411,0.0,0.0,0.0,wrong,wrong,1.5
41,0.14560979347808375,-0.5166626563453958,-0.5141794548363341,Robins' estimator,1.0,1.0,0.5,0.5,3411,0.0,0.0,0.0,wrong,wrong,1.5
42,0.2969255613385959,-0.5122181737984827,-0.5178319911783424,Robins' estimator,1.0,1.0,0.5,0.5,3411,0.0,0.0,0.0,wrong,wrong,1.5
43,0.04916724578585626,-0.5227246072766596,-0.5218012196199696,Robins' estimator,1.0,1.0,0.5,0.5,3411,0.0,0.0,0.0,wrong,wrong,1.5
44,0.2648700952322118,-0.524342998066526,-0.5162616827477408,Robins' estimator,1.0,1.0,0.5,0.5,3411,0.0,0.0,0.0,wrong,wrong,1.5
45,-0.09122153711116263,-0.5407615876009699,-0.5292009287039227,Robins' estimator,1.0,1.0,0.5,0.5,3411,0.0,0.0,0.0,wrong,wrong,1.5
46,-0.031826246714489914,-0.5230443409087149,-0.5196313834262997,Robins' estimator,1.0,1.0,0.5,0.5,3411,0.0,0.0,0.0,wrong,wrong,1.5
47,0.10925992482086536,-0.5098707450341949,-0.5156098084778273,Robins' estimator,1.0,1.0,0.5,0.5,3411,0.0,0.0,0.0,wrong,wrong,1.5
48,0.04956102655462634,-0.5216036548952454,-0.5296906962606924,Robins' estimator,1.0,1.0,0.5,0.5,3411,0.0,0.0,0.0,wrong,wrong,1.5
49,-0.13694479152276834,-0.5166382894020941,-0.5057842022872757,Robins' estimator,1.0,1.0,0.5,0.5,3411,0.0,0.0,0.0,wrong,wrong,1.5
50,-0.10088573686151577,-0.5156491103370309,-0.5311680806352312,Robins' estimator,1.0,1.0,0.5,0.5,3411,0.0,0.0,0.0,wrong,wrong,1.5
51,0.05950944005433008,-0.5210587846193276,-0.5333361912557472,Robins' estimator,1.0,1.0,0.5,0.5,3411,0.0,0.0,0.0,wrong,wrong,1.5
52,-0.1245149498234573,-0.5231902214206068,-0.519668396532289,Robins' estimator,1.0,1.0,0.5,0.5,3411,0.0,0.0,0.0,wrong,wrong,1.5
53,0.06741868985165352,-0.5254684444493452,-0.5125190078319597,Robins' estimator,1.0,1.0,0.5,0.5,3411,0.0,0.0,0.0,wrong,wrong,1.5
54,-0.08268247871946464,-0.535665995513312,-0.5182238845419677,Robins' estimator,1.0,1.0,0.5,0.5,3411,0.0,0.0,0.0,wrong,wrong,1.5
55,-0.11555875442496133,-0.5283549455969244,-0.521182950370009,Robins' estimator,1.0,1.0,0.5,0.5,3411,0.0,0.0,0.0,wrong,wrong,1.5
56,-0.08434712085780804,-0.5213348199457994,-0.534932628361522,Robins' estimator,1.0,1.0,0.5,0.5,3411,0.0,0.0,0.0,wrong,wrong,1.5
57,-0.3379242109756315,-0.5464147863444074,-0.5294875808655953,Robins' estimator,1.0,1.0,0.5,0.5,3411,0.0,0.0,0.0,wrong,wrong,1.5
58,-0.1502467618424159,-0.5438764873879159,-0.5431926080080379,Robins' estimator,1.0,1.0,0.5,0.5,3411,0.0,0.0,0.0,wrong,wrong,1.5
59,0.40467624297731514,-0.49050488395289055,-0.5118223126772159,Robins' estimator,1.0,1.0,0.5,0.5,3411,0.0,0.0,0.0,wrong,wrong,1.5
60,-0.05804007774720461,-0.5226132126052555,-0.5191626391964691,Robins' estimator,1.0,1.0,0.5,0.5,3411,0.0,0.0,0.0,wrong,wrong,1.5
61,-0.019096330801698837,-0.5235289549180796,-0.5178332243399616,Robins' estimator,1.0,1.0,0.5,0.5,3411,0.0,0.0,0.0,wrong,wrong,1.5
62,-0.16723506816013553,-0.5175079052898324,-0.5111708037997514,Robins' estimator,1.0,1.0,0.5,0.5,3411,0.0,0.0,0.0,wrong,wrong,1.5
63,-0.22220428224816088,-0.5269267689148431,-0.5262389041010714,Robins' estimator,1.0,1.0,0.5,0.5,3411,0.0,0.0,0.0,wrong,wrong,1.5
64,-0.1045649983687597,-0.5257101333434555,-0.5214809770972401,Robins' estimator,1.0,1.0,0.5,0.5,3411,0.0,0.0,0.0,wrong,wrong,1.5
65,-0.23710267912628624,-0.5319937276795743,-0.5123028428962506,Robins' estimator,1.0,1.0,0.5,0.5,3411,0.0,0.0,0.0,wrong,wrong,1.5
66,0.06936368162090259,-0.512614796982472,-0.51988306458558,Robins' estimator,1.0,1.0,0.5,0.5,3411,0.0,0.0,0.0,wrong,wrong,1.5
67,0.10077647373208774,-0.5204943586862437,-0.5157760631213961,Robins' estimator,1.0,1.0,0.5,0.5,3411,0.0,0.0,0.0,wrong,wrong,1.5
68,-0.020974841020284924,-0.5170294675473444,-0.514569842410726,Robins' estimator,1.0,1.0,0.5,0.5,3411,0.0,0.0,0.0,wrong,wrong,1.5
69,-0.17780789910516784,-0.5347212595826729,-0.5271540674104247,Robins' estimator,1.0,1.0,0.5,0.5,3411,0.0,0.0,0.0,wrong,wrong,1.5
70,-0.0779822395080993,-0.5399120697235408,-0.535057146850755,Robins' estimator,1.0,1.0,0.5,0.5,3411,0.0,0.0,0.0,wrong,wrong,1.5
71,-0.24310124416327342,-0.5227739254128863,-0.5084555396967737,Robins' estimator,1.0,1.0,0.5,0.5,3411,0.0,0.0,0.0,wrong,wrong,1.5
72,0.0198617666661888,-0.5222354750106862,-0.5350112872203255,Robins' estimator,1.0,1.0,0.5,0.5,3411,0.0,0.0,0.0,wrong,wrong,1.5
73,-0.020557583661981328,-0.524736028439099,-0.5183683973015748,Robins' estimator,1.0,1.0,0.5,0.5,3411,0.0,0.0,0.0,wrong,wrong,1.5
74,-0.4997708974869734,-0.5522991984500486,-0.5460619913961913,Robins' estimator,1.0,1.0,0.5,0.5,3411,0.0,0.0,0.0,wrong,wrong,1.5
75,-0.03308076168400305,-0.5259671539715248,-0.5176187689768035,Robins' estimator,1.0,1.0,0.5,0.5,3411,0.0,0.0,0.0,wrong,wrong,1.5
76,-0.006568109110827547,-0.5283802382419228,-0.5274666071086294,Robins' estimator,1.0,1.0,0.5,0.5,3411,0.0,0.0,0.0,wrong,wrong,1.5
77,-0.32683771828142527,-0.5458458593008734,-0.5426052921187112,Robins' estimator,1.0,1.0,0.5,0.5,3411,0.0,0.0,0.0,wrong,wrong,1.5
78,-0.3667706783897444,-0.547056332565444,-0.5434954476313434,Robins' estimator,1.0,1.0,0.5,0.5,3411,0.0,0.0,0.0,wrong,wrong,1.5
79,0.07394209486997534,-0.5241566504159637,-0.5205456735595336,Robins' estimator,1.0,1.0,0.5,0.5,3411,0.0,0.0,0.0,wrong,wrong,1.5
80,0.04004732323907381,-0.5329942686181066,-0.5304925347553283,Robins' estimator,1.0,1.0,0.5,0.5,3411,0.0,0.0,0.0,wrong,wrong,1.5
81,-0.28310663811025455,-0.533787934891088,-0.5366749363199778,Robins' estimator,1.0,1.0,0.5,0.5,3411,0.0,0.0,0.0,wrong,wrong,1.5
82,0.03988025188803112,-0.5107744687445837,-0.5134865653602144,Robins' estimator,1.0,1.0,0.5,0.5,3411,0.0,0.0,0.0,wrong,wrong,1.5
83,-0.0062707390993681,-0.5414088301778642,-0.5401776919183209,Robins' estimator,1.0,1.0,0.5,0.5,3411,0.0,0.0,0.0,wrong,wrong,1.5
84,-0.17138688783637873,-0.5393410226870434,-0.5399607677391438,Robins' estimator,1.0,1.0,0.5,0.5,3411,0.0,0.0,0.0,wrong,wrong,1.5
85,-0.30822607527599166,-0.5498117784966302,-0.5462372499325829,Robins' estimator,1.0,1.0,0.5,0.5,3411,0.0,0.0,0.0,wrong,wrong,1.5
86,-0.12462848737713858,-0.5296267367848859,-0.5233926483566692,Robins' estimator,1.0,1.0,0.5,0.5,3411,0.0,0.0,0.0,wrong,wrong,1.5
87,-0.061612750703520694,-0.5384340403407896,-0.5408807855520166,Robins' estimator,1.0,1.0,0.5,0.5,3411,0.0,0.0,0.0,wrong,wrong,1.5
88,0.3353728327511762,-0.5111511854067811,-0.5212000726723288,Robins' estimator,1.0,1.0,0.5,0.5,3411,0.0,0.0,0.0,wrong,wrong,1.5
89,0.08361938374082852,-0.5155066185135312,-0.5236962058367645,Robins' estimator,1.0,1.0,0.5,0.5,3411,0.0,0.0,0.0,wrong,wrong,1.5
90,0.09053092135434371,-0.5296633937148105,-0.5277387370334542,Robins' estimator,1.0,1.0,0.5,0.5,3411,0.0,0.0,0.0,wrong,wrong,1.5
91,-0.043108254927838305,-0.526555674920112,-0.5214992968773768,Robins' estimator,1.0,1.0,0.5,0.5,3411,0.0,0.0,0.0,wrong,wrong,1.5
92,-0.2544517942641878,-0.5518547864475086,-0.5410803162108238,Robins' estimator,1.0,1.0,0.5,0.5,3411,0.0,0.0,0.0,wrong,wrong,1.5
93,0.2027517338436979,-0.5160829369727361,-0.518918770848244,Robins' estimator,1.0,1.0,0.5,0.5,3411,0.0,0.0,0.0,wrong,wrong,1.5
94,-0.21142824762048287,-0.5304464316934641,-0.5236547796932571,Robins' estimator,1.0,1.0,0.5,0.5,3411,0.0,0.0,0.0,wrong,wrong,1.5
95,0.06727965163340252,-0.5179769777252579,-0.5203373668653541,Robins' estimator,1.0,1.0,0.5,0.5,3411,0.0,0.0,0.0,wrong,wrong,1.5
96,-0.2285838803866715,-0.5468443825802136,-0.5354726328521894,Robins' estimator,1.0,1.0,0.5,0.5,3411,0.0,0.0,0.0,wrong,wrong,1.5
97,-0.08341629727878226,-0.5259494790155522,-0.5240815989683234,Robins' estimator,1.0,1.0,0.5,0.5,3411,0.0,0.0,0.0,wrong,wrong,1.5
98,0.22989611977965327,-0.5123300205018687,-0.5131393107225433,Robins' estimator,1.0,1.0,0.5,0.5,3411,0.0,0.0,0.0,wrong,wrong,1.5
99,-0.24705174701145335,-0.5269206319209935,-0.524232347879583,Robins' estimator,1.0,1.0,0.5,0.5,3411,0.0,0.0,0.0,wrong,wrong,1.5
100,-0.04515103173680681,-0.5301937680431106,-0.541119058672657,Robins' estimator,1.0,1.0,0.5,0.5,3411,0.0,0.0,0.0,wrong,wrong,1.5
101,0.06133547567155083,-0.5353158148027389,-0.5165675982709355,Robins' estimator,1.0,1.0,0.5,0.5,3411,0.0,0.0,0.0,wrong,wrong,1.5
102,-0.06303513318156785,-0.5356588907831648,-0.5400678375803034,Robins' estimator,1.0,1.0,0.5,0.5,3411,0.0,0.0,0.0,wrong,wrong,1.5
103,0.13252281524298118,-0.5234677646865284,-0.5139359213293838,Robins' estimator,1.0,1.0,0.5,0.5,3411,0.0,0.0,0.0,wrong,wrong,1.5
104,-0.3099306567140997,-0.5317708131184151,-0.5167077289031702,Robins' estimator,1.0,1.0,0.5,0.5,3411,0.0,0.0,0.0,wrong,wrong,1.5
105,-0.2872565819937639,-0.5431078599480479,-0.5364100772105294,Robins' estimator,1.0,1.0,0.5,0.5,3411,0.0,0.0,0.0,wrong,wrong,1.5
106,-0.35082016606812266,-0.5581195789505748,-0.5432249546720695,Robins' estimator,1.0,1.0,0.5,0.5,3411,0.0,0.0,0.0,wrong,wrong,1.5
107,-0.25368807762058054,-0.5475180624274041,-0.5243500938003319,Robins' estimator,1.0,1.0,0.5,0.5,3411,0.0,0.0,0.0,wrong,wrong,1.5
108,-0.0027774337654439675,-0.508818593697233,-0.5256509587118353,Robins' estimator,1.0,1.0,0.5,0.5,3411,0.0,0.0,0.0,wrong,wrong,1.5
109,-0.017075384877939602,-0.5252074193225718,-0.5237973754763302,Robins' estimator,1.0,1.0,0.5,0.5,3411,0.0,0.0,0.0,wrong,wrong,1.5
110,0.19442232659825334,-0.5075394107023417,-0.5118896136708653,Robins' estimator,1.0,1.0,0.5,0.5,3411,0.0,0.0,0.0,wrong,wrong,1.5
111,0.011078179685530137,-0.5169799428863184,-0.5212090149136202,Robins' estimator,1.0,1.0,0.5,0.5,3411,0.0,0.0,0.0,wrong,wrong,1.5
112,0.03343369854970005,-0.5245958958496605,-0.5249252837009912,Robins' estimator,1.0,1.0,0.5,0.5,3411,0.0,0.0,0.0,wrong,wrong,1.5
113,-0.25165465269924125,-0.5229166352382533,-0.5224558155466535,Robins' estimator,1.0,1.0,0.5,0.5,3411,0.0,0.0,0.0,wrong,wrong,1.5
114,0.41096665207109534,-0.5154189755689451,-0.5252973879846294,Robins' estimator,1.0,1.0,0.5,0.5,3411,0.0,0.0,0.0,wrong,wrong,1.5
115,-0.04860581362786047,-0.5241650130863441,-0.5179545244759874,Robins' estimator,1.0,1.0,0.5,0.5,3411,0.0,0.0,0.0,wrong,wrong,1.5
116,-0.01607912443657003,-0.5169215652259542,-0.5222730410525757,Robins' estimator,1.0,1.0,0.5,0.5,3411,0.0,0.0,0.0,wrong,wrong,1.5
117,-0.5001084666414941,-0.555930618346351,-0.5461810970639384,Robins' estimator,1.0,1.0,0.5,0.5,3411,0.0,0.0,0.0,wrong,wrong,1.5
118,-0.11713063478714293,-0.5326472865942539,-0.5238779079529796,Robins' estimator,1.0,1.0,0.5,0.5,3411,0.0,0.0,0.0,wrong,wrong,1.5
119,0.11785907012362234,-0.5275469835892365,-0.5281762623525721,Robins' estimator,1.0,1.0,0.5,0.5,3411,0.0,0.0,0.0,wrong,wrong,1.5
120,-0.10510945528009288,-0.5271509139288987,-0.5245371827873966,Robins' estimator,1.0,1.0,0.5,0.5,3411,0.0,0.0,0.0,wrong,wrong,1.5
121,-0.14601539117002196,-0.5278510982104938,-0.5217334672399921,Robins' estimator,1.0,1.0,0.5,0.5,3411,0.0,0.0,0.0,wrong,wrong,1.5
122,0.11600434932282175,-0.5133168516480725,-0.5130102386860885,Robins' estimator,1.0,1.0,0.5,0.5,3411,0.0,0.0,0.0,wrong,wrong,1.5
123,0.14010772821482495,-0.5203338848806495,-0.5124701578101533,Robins' estimator,1.0,1.0,0.5,0.5,3411,0.0,0.0,0.0,wrong,wrong,1.5
124,-0.19981039708773957,-0.5412898115563481,-0.5289719928137923,Robins' estimator,1.0,1.0,0.5,0.5,3411,0.0,0.0,0.0,wrong,wrong,1.5
125,-0.1543544922910949,-0.5263905891982718,-0.5182621617637128,Robins' estimator,1.0,1.0,0.5,0.5,3411,0.0,0.0,0.0,wrong,wrong,1.5
126,-0.11700282841945665,-0.5242144368998402,-0.5201772837555473,Robins' estimator,1.0,1.0,0.5,0.5,3411,0.0,0.0,0.0,wrong,wrong,1.5
127,0.028442383138985585,-0.5327885765714115,-0.5195741285861633,Robins' estimator,1.0,1.0,0.5,0.5,3411,0.0,0.0,0.0,wrong,wrong,1.5
128,0.04794087222777034,-0.5112453284983154,-0.5142418410501592,Robins' estimator,1.0,1.0,0.5,0.5,3411,0.0,0.0,0.0,wrong,wrong,1.5
129,-0.029819302722884612,-0.5310596628917953,-0.5226656887823193,Robins' estimator,1.0,1.0,0.5,0.5,3411,0.0,0.0,0.0,wrong,wrong,1.5
130,-0.12526906683635394,-0.5385390355213548,-0.5276227626626367,Robins' estimator,1.0,1.0,0.5,0.5,3411,0.0,0.0,0.0,wrong,wrong,1.5
131,-0.11036303687137035,-0.5269946615937823,-0.528115379679241,Robins' estimator,1.0,1.0,0.5,0.5,3411,0.0,0.0,0.0,wrong,wrong,1.5
132,-0.2926712130916933,-0.541161976812871,-0.5243072469245175,Robins' estimator,1.0,1.0,0.5,0.5,3411,0.0,0.0,0.0,wrong,wrong,1.5
133,-0.038522250151217456,-0.527152486245021,-0.5163559317781596,Robins' estimator,1.0,1.0,0.5,0.5,3411,0.0,0.0,0.0,wrong,wrong,1.5
134,-0.1389851441471746,-0.530677441545264,-0.523040764616382,Robins' estimator,1.0,1.0,0.5,0.5,3411,0.0,0.0,0.0,wrong,wrong,1.5
135,-0.014267118164982844,-0.5376368185420334,-0.5334603755809544,Robins' estimator,1.0,1.0,0.5,0.5,3411,0.0,0.0,0.0,wrong,wrong,1.5
136,-0.24081217845733888,-0.5313224534811603,-0.5279087002042925,Robins' estimator,1.0,1.0,0.5,0.5,3411,0.0,0.0,0.0,wrong,wrong,1.5
137,0.11040342783729454,-0.5263253009178421,-0.5320817982150037,Robins' estimator,1.0,1.0,0.5,0.5,3411,0.0,0.0,0.0,wrong,wrong,1.5
138,0.2186728166723036,-0.516908738164589,-0.5271096278692503,Robins' estimator,1.0,1.0,0.5,0.5,3411,0.0,0.0,0.0,wrong,wrong,1.5
139,-0.24733830532412016,-0.540518529941031,-0.5363175692825758,Robins' estimator,1.0,1.0,0.5,0.5,3411,0.0,0.0,0.0,wrong,wrong,1.5
140,0.24239509500649992,-0.5058095022780338,-0.5155055570293392,Robins' estimator,1.0,1.0,0.5,0.5,3411,0.0,0.0,0.0,wrong,wrong,1.5
141,0.14882645200330105,-0.5063199881602062,-0.50869578975756,Robins' estimator,1.0,1.0,0.5,0.5,3411,0.0,0.0,0.0,wrong,wrong,1.5
142,-0.09610516213783732,-0.5363009434824881,-0.5252293678762525,Robins' estimator,1.0,1.0,0.5,0.5,3411,0.0,0.0,0.0,wrong,wrong,1.5
143,0.21272732733057503,-0.5032778054476386,-0.5073289164285283,Robins' estimator,1.0,1.0,0.5,0.5,3411,0.0,0.0,0.0,wrong,wrong,1.5
144,0.09140628004250023,-0.5235203786550802,-0.5228035869107166,Robins' estimator,1.0,1.0,0.5,0.5,3411,0.0,0.0,0.0,wrong,wrong,1.5
145,0.11565074303800474,-0.5062732824036134,-0.4992539885669857,Robins' estimator,1.0,1.0,0.5,0.5,3411,0.0,0.0,0.0,wrong,wrong,1.5
146,-0.1574419222668062,-0.5253267753988959,-0.5274041958025696,Robins' estimator,1.0,1.0,0.5,0.5,3411,0.0,0.0,0.0,wrong,wrong,1.5
147,0.05982642615581282,-0.5292928655087947,-0.5237932957056985,Robins' estimator,1.0,1.0,0.5,0.5,3411,0.0,0.0,0.0,wrong,wrong,1.5
148,0.06775637813767876,-0.5234340471584685,-0.5241057464042179,Robins' estimator,1.0,1.0,0.5,0.5,3411,0.0,0.0,0.0,wrong,wrong,1.5
149,-0.1891066880134912,-0.5307375436904833,-0.52466414974301,Robins' estimator,1.0,1.0,0.5,0.5,3411,0.0,0.0,0.0,wrong,wrong,1.5
150,0.18132452110903027,-0.48987948510996354,-0.5095924439612396,Robins' estimator,1.0,1.0,0.5,0.5,3411,0.0,0.0,0.0,wrong,wrong,1.5
151,-0.004420368740175873,-0.5310533068919921,-0.5295959971683564,Robins' estimator,1.0,1.0,0.5,0.5,3411,0.0,0.0,0.0,wrong,wrong,1.5
152,0.07999232417594432,-0.5160695524203387,-0.5190172215560516,Robins' estimator,1.0,1.0,0.5,0.5,3411,0.0,0.0,0.0,wrong,wrong,1.5
153,0.12602881275790262,-0.5294303159788917,-0.5241235320921093,Robins' estimator,1.0,1.0,0.5,0.5,3411,0.0,0.0,0.0,wrong,wrong,1.5
154,0.13802612726070956,-0.5019251895910062,-0.5126748243996987,Robins' estimator,1.0,1.0,0.5,0.5,3411,0.0,0.0,0.0,wrong,wrong,1.5
155,-0.0799675152800289,-0.5305737153773059,-0.5344373550122651,Robins' estimator,1.0,1.0,0.5,0.5,3411,0.0,0.0,0.0,wrong,wrong,1.5
156,0.01611158003426817,-0.5301776809909868,-0.5095306749840769,Robins' estimator,1.0,1.0,0.5,0.5,3411,0.0,0.0,0.0,wrong,wrong,1.5
157,-0.09964610687535382,-0.5316276327111673,-0.5224213140319922,Robins' estimator,1.0,1.0,0.5,0.5,3411,0.0,0.0,0.0,wrong,wrong,1.5
158,0.15712962381652565,-0.5215140437565252,-0.5240367541348747,Robins' estimator,1.0,1.0,0.5,0.5,3411,0.0,0.0,0.0,wrong,wrong,1.5
159,-0.011835765281985282,-0.5148938914623833,-0.5151772255687672,Robins' estimator,1.0,1.0,0.5,0.5,3411,0.0,0.0,0.0,wrong,wrong,1.5
160,-0.005627912676093759,-0.5294290839929918,-0.5267202702400177,Robins' estimator,1.0,1.0,0.5,0.5,3411,0.0,0.0,0.0,wrong,wrong,1.5
161,0.02107955290205926,-0.51742796868291,-0.5164989828863501,Robins' estimator,1.0,1.0,0.5,0.5,3411,0.0,0.0,0.0,wrong,wrong,1.5
162,0.11352868736554708,-0.5097262604388487,-0.5176962317106186,Robins' estimator,1.0,1.0,0.5,0.5,3411,0.0,0.0,0.0,wrong,wrong,1.5
163,0.05009552298566394,-0.5196521543346246,-0.5276744007044645,Robins' estimator,1.0,1.0,0.5,0.5,3411,0.0,0.0,0.0,wrong,wrong,1.5
164,-0.3779953669047184,-0.5526991457563203,-0.5420041059728982,Robins' estimator,1.0,1.0,0.5,0.5,3411,0.0,0.0,0.0,wrong,wrong,1.5
165,-0.159058701614874,-0.5415265799343102,-0.5300646070798843,Robins' estimator,1.0,1.0,0.5,0.5,3411,0.0,0.0,0.0,wrong,wrong,1.5
166,-0.03600936680605084,-0.5277586857252351,-0.5188038856838122,Robins' estimator,1.0,1.0,0.5,0.5,3411,0.0,0.0,0.0,wrong,wrong,1.5
167,-0.1587230697197943,-0.5364465202586546,-0.5312991056221144,Robins' estimator,1.0,1.0,0.5,0.5,3411,0.0,0.0,0.0,wrong,wrong,1.5
168,-0.03963194269162246,-0.525165669697594,-0.5211630641282797,Robins' estimator,1.0,1.0,0.5,0.5,3411,0.0,0.0,0.0,wrong,wrong,1.5
169,-0.1575475991271779,-0.5190085077983835,-0.5264461271323249,Robins' estimator,1.0,1.0,0.5,0.5,3411,0.0,0.0,0.0,wrong,wrong,1.5
170,0.08226878223069263,-0.5222023618218302,-0.527602862769803,Robins' estimator,1.0,1.0,0.5,0.5,3411,0.0,0.0,0.0,wrong,wrong,1.5
171,-0.1837869401132968,-0.5452237568471697,-0.533532608404789,Robins' estimator,1.0,1.0,0.5,0.5,3411,0.0,0.0,0.0,wrong,wrong,1.5
172,-0.19180767946831373,-0.5364788015744988,-0.5339344681828216,Robins' estimator,1.0,1.0,0.5,0.5,3411,0.0,0.0,0.0,wrong,wrong,1.5
173,-0.11720378415649983,-0.5450963716851454,-0.5284381827457751,Robins' estimator,1.0,1.0,0.5,0.5,3411,0.0,0.0,0.0,wrong,wrong,1.5
174,-0.09216011702040414,-0.5273049059718448,-0.5209079807769815,Robins' estimator,1.0,1.0,0.5,0.5,3411,0.0,0.0,0.0,wrong,wrong,1.5
175,0.15551548741261786,-0.5426273387560698,-0.528363109961086,Robins' estimator,1.0,1.0,0.5,0.5,3411,0.0,0.0,0.0,wrong,wrong,1.5
176,-0.1058847196100422,-0.5315177401290895,-0.5194033876775815,Robins' estimator,1.0,1.0,0.5,0.5,3411,0.0,0.0,0.0,wrong,wrong,1.5
177,0.10786333242792198,-0.5063108079052039,-0.5252774189081679,Robins' estimator,1.0,1.0,0.5,0.5,3411,0.0,0.0,0.0,wrong,wrong,1.5
178,0.10310028425203069,-0.5276388305577143,-0.520916936803484,Robins' estimator,1.0,1.0,0.5,0.5,3411,0.0,0.0,0.0,wrong,wrong,1.5
179,-0.05961629740831795,-0.5141901236058057,-0.5193234731302269,Robins' estimator,1.0,1.0,0.5,0.5,3411,0.0,0.0,0.0,wrong,wrong,1.5
180,0.08427700180029349,-0.5070624532375183,-0.5260115622911964,Robins' estimator,1.0,1.0,0.5,0.5,3411,0.0,0.0,0.0,wrong,wrong,1.5
181,-0.0617469345816952,-0.522165903101549,-0.5243461655117697,Robins' estimator,1.0,1.0,0.5,0.5,3411,0.0,0.0,0.0,wrong,wrong,1.5
182,0.0883451124146843,-0.5064876466741504,-0.4999724924078471,Robins' estimator,1.0,1.0,0.5,0.5,3411,0.0,0.0,0.0,wrong,wrong,1.5
183,0.13368391588424544,-0.5248149455023017,-0.5141414649762122,Robins' estimator,1.0,1.0,0.5,0.5,3411,0.0,0.0,0.0,wrong,wrong,1.5
184,0.21099003182411566,-0.5174186692504837,-0.5169030938940039,Robins' estimator,1.0,1.0,0.5,0.5,3411,0.0,0.0,0.0,wrong,wrong,1.5
185,0.14084078732521027,-0.5279565913662204,-0.5246673168760868,Robins' estimator,1.0,1.0,0.5,0.5,3411,0.0,0.0,0.0,wrong,wrong,1.5
186,0.005610065725409533,-0.5287750974825268,-0.524057619880363,Robins' estimator,1.0,1.0,0.5,0.5,3411,0.0,0.0,0.0,wrong,wrong,1.5
187,0.17382092478630398,-0.5163232086717277,-0.5116155072503716,Robins' estimator,1.0,1.0,0.5,0.5,3411,0.0,0.0,0.0,wrong,wrong,1.5
188,-0.18621540324201186,-0.5302936175906079,-0.5303298463555728,Robins' estimator,1.0,1.0,0.5,0.5,3411,0.0,0.0,0.0,wrong,wrong,1.5
189,0.34626622528617784,-0.505231741274059,-0.5076438585983257,Robins' estimator,1.0,1.0,0.5,0.5,3411,0.0,0.0,0.0,wrong,wrong,1.5
190,0.09954445653584716,-0.5152353394897101,-0.5067485905264996,Robins' estimator,1.0,1.0,0.5,0.5,3411,0.0,0.0,0.0,wrong,wrong,1.5
191,-0.1563043239626754,-0.5213412302535985,-0.51487863157182,Robins' estimator,1.0,1.0,0.5,0.5,3411,0.0,0.0,0.0,wrong,wrong,1.5
192,-0.1497084171233927,-0.5287868927800894,-0.5267056617265643,Robins' estimator,1.0,1.0,0.5,0.5,3411,0.0,0.0,0.0,wrong,wrong,1.5
193,-0.3482031612730096,-0.5494671702486312,-0.5356612834462311,Robins' estimator,1.0,1.0,0.5,0.5,3411,0.0,0.0,0.0,wrong,wrong,1.5
194,0.31252189844530326,-0.5072625652469557,-0.510572416144936,Robins' estimator,1.0,1.0,0.5,0.5,3411,0.0,0.0,0.0,wrong,wrong,1.5
195,-0.3656166536554878,-0.5333110724706454,-0.5345932520087329,Robins' estimator,1.0,1.0,0.5,0.5,3411,0.0,0.0,0.0,wrong,wrong,1.5
196,-0.20693517882898005,-0.54273593603723,-0.5333568952141418,Robins' estimator,1.0,1.0,0.5,0.5,3411,0.0,0.0,0.0,wrong,wrong,1.5
197,-0.22168306579228012,-0.5278116978847422,-0.524656631368123,Robins' estimator,1.0,1.0,0.5,0.5,3411,0.0,0.0,0.0,wrong,wrong,1.5
198,0.06121249656207192,-0.5309544445654709,-0.5267788271323341,Robins' estimator,1.0,1.0,0.5,0.5,3411,0.0,0.0,0.0,wrong,wrong,1.5
199,0.3973533085296896,-0.5137361985117259,-0.5254113903150714,Robins' estimator,1.0,1.0,0.5,0.5,3411,0.0,0.0,0.0,wrong,wrong,1.5
200,-0.056306069990958905,-0.5238656930172388,-0.516029969216079,Robins' estimator,1.0,1.0,0.5,0.5,3411,0.0,0.0,0.0,wrong,wrong,1.5
201,0.07893812860276757,-0.5284736603373482,-0.5220943174291185,Robins' estimator,1.0,1.0,0.5,0.5,3411,0.0,0.0,0.0,wrong,wrong,1.5
202,-0.05965303912868092,-0.5114322048232101,-0.5199404737674738,Robins' estimator,1.0,1.0,0.5,0.5,3411,0.0,0.0,0.0,wrong,wrong,1.5
203,0.203311911409836,-0.5121028486555076,-0.5161944693274777,Robins' estimator,1.0,1.0,0.5,0.5,3411,0.0,0.0,0.0,wrong,wrong,1.5
204,0.04151001038622195,-0.5289673948067346,-0.5200195781050155,Robins' estimator,1.0,1.0,0.5,0.5,3411,0.0,0.0,0.0,wrong,wrong,1.5
205,0.01088586914551377,-0.5294343508528704,-0.5232176893554247,Robins' estimator,1.0,1.0,0.5,0.5,3411,0.0,0.0,0.0,wrong,wrong,1.5
206,0.18867312298275785,-0.5181873233032375,-0.5227615171340136,Robins' estimator,1.0,1.0,0.5,0.5,3411,0.0,0.0,0.0,wrong,wrong,1.5
207,0.1951642418979817,-0.5063515975572671,-0.5060447704859715,Robins' estimator,1.0,1.0,0.5,0.5,3411,0.0,0.0,0.0,wrong,wrong,1.5
208,-0.36791794687504487,-0.5523661671873453,-0.5254783580839326,Robins' estimator,1.0,1.0,0.5,0.5,3411,0.0,0.0,0.0,wrong,wrong,1.5
209,0.17258399010469055,-0.5142329105833063,-0.5230292774810426,Robins' estimator,1.0,1.0,0.5,0.5,3411,0.0,0.0,0.0,wrong,wrong,1.5
210,0.07924936707649431,-0.5196234361656182,-0.517897017370611,Robins' estimator,1.0,1.0,0.5,0.5,3411,0.0,0.0,0.0,wrong,wrong,1.5
211,0.3120628494233114,-0.5068595017960907,-0.5151928999245741,Robins' estimator,1.0,1.0,0.5,0.5,3411,0.0,0.0,0.0,wrong,wrong,1.5
212,0.28030804548111377,-0.511360240505191,-0.5205961325133348,Robins' estimator,1.0,1.0,0.5,0.5,3411,0.0,0.0,0.0,wrong,wrong,1.5
213,-0.07478769539639092,-0.5338053208101848,-0.5171596991630778,Robins' estimator,1.0,1.0,0.5,0.5,3411,0.0,0.0,0.0,wrong,wrong,1.5
214,-0.2730168291639149,-0.5325320741113398,-0.5267860259885622,Robins' estimator,1.0,1.0,0.5,0.5,3411,0.0,0.0,0.0,wrong,wrong,1.5
215,-0.12838890132477124,-0.5296130970386107,-0.5138841803020497,Robins' estimator,1.0,1.0,0.5,0.5,3411,0.0,0.0,0.0,wrong,wrong,1.5
216,0.2036241462802249,-0.5117165282107915,-0.5123131846153189,Robins' estimator,1.0,1.0,0.5,0.5,3411,0.0,0.0,0.0,wrong,wrong,1.5
217,0.18044241771542635,-0.5193759292936571,-0.5305817620314328,Robins' estimator,1.0,1.0,0.5,0.5,3411,0.0,0.0,0.0,wrong,wrong,1.5
218,-0.07439349260408518,-0.530564192850174,-0.5245481679290128,Robins' estimator,1.0,1.0,0.5,0.5,3411,0.0,0.0,0.0,wrong,wrong,1.5
219,0.1087277084105963,-0.52115074135679,-0.5103684822435494,Robins' estimator,1.0,1.0,0.5,0.5,3411,0.0,0.0,0.0,wrong,wrong,1.5
220,0.08624230298513565,-0.5140384165860457,-0.526087188839989,Robins' estimator,1.0,1.0,0.5,0.5,3411,0.0,0.0,0.0,wrong,wrong,1.5
221,0.18781165155193308,-0.5174329389516492,-0.5220511013616017,Robins' estimator,1.0,1.0,0.5,0.5,3411,0.0,0.0,0.0,wrong,wrong,1.5
222,0.059524277225923065,-0.5174575762843504,-0.513286473791131,Robins' estimator,1.0,1.0,0.5,0.5,3411,0.0,0.0,0.0,wrong,wrong,1.5
223,0.17015760801153124,-0.5103030577811912,-0.5019011362132085,Robins' estimator,1.0,1.0,0.5,0.5,3411,0.0,0.0,0.0,wrong,wrong,1.5
224,-0.062046675503654364,-0.5387299743419252,-0.5374759956606396,Robins' estimator,1.0,1.0,0.5,0.5,3411,0.0,0.0,0.0,wrong,wrong,1.5
225,-0.007321535249505816,-0.5241871892457747,-0.5224072263077622,Robins' estimator,1.0,1.0,0.5,0.5,3411,0.0,0.0,0.0,wrong,wrong,1.5
226,0.09137230559778653,-0.5104683792149856,-0.5098702307429908,Robins' estimator,1.0,1.0,0.5,0.5,3411,0.0,0.0,0.0,wrong,wrong,1.5
227,0.19071891473537075,-0.5210352029190511,-0.510815977340565,Robins' estimator,1.0,1.0,0.5,0.5,3411,0.0,0.0,0.0,wrong,wrong,1.5
228,0.2602162971547862,-0.5127958682992091,-0.5094966233392783,Robins' estimator,1.0,1.0,0.5,0.5,3411,0.0,0.0,0.0,wrong,wrong,1.5
229,-0.031768399340361755,-0.5340726367061559,-0.5276588967117574,Robins' estimator,1.0,1.0,0.5,0.5,3411,0.0,0.0,0.0,wrong,wrong,1.5
230,-0.3463066245876865,-0.5445448639379923,-0.5399011997819305,Robins' estimator,1.0,1.0,0.5,0.5,3411,0.0,0.0,0.0,wrong,wrong,1.5
231,0.1384121333847059,-0.5242067250729721,-0.5189483638089859,Robins' estimator,1.0,1.0,0.5,0.5,3411,0.0,0.0,0.0,wrong,wrong,1.5
232,-0.16920230673998926,-0.5250724490002604,-0.5391193386642953,Robins' estimator,1.0,1.0,0.5,0.5,3411,0.0,0.0,0.0,wrong,wrong,1.5
233,0.04172110336341193,-0.5140662573429525,-0.5185980602548955,Robins' estimator,1.0,1.0,0.5,0.5,3411,0.0,0.0,0.0,wrong,wrong,1.5
234,-0.15183560275265046,-0.5483811694624877,-0.5325772504459059,Robins' estimator,1.0,1.0,0.5,0.5,3411,0.0,0.0,0.0,wrong,wrong,1.5
235,-0.06876190843259805,-0.5303041185135781,-0.5172599267789557,Robins' estimator,1.0,1.0,0.5,0.5,3411,0.0,0.0,0.0,wrong,wrong,1.5
236,-0.19624691322831225,-0.5279541951575317,-0.5231351428232285,Robins' estimator,1.0,1.0,0.5,0.5,3411,0.0,0.0,0.0,wrong,wrong,1.5
237,0.06327674567089278,-0.5272120529356682,-0.5196871052352872,Robins' estimator,1.0,1.0,0.5,0.5,3411,0.0,0.0,0.0,wrong,wrong,1.5
238,0.2219482349743283,-0.5151582261760185,-0.5077310562444164,Robins' estimator,1.0,1.0,0.5,0.5,3411,0.0,0.0,0.0,wrong,wrong,1.5
239,-0.2870777702736734,-0.5503226533726713,-0.5352173043867663,Robins' estimator,1.0,1.0,0.5,0.5,3411,0.0,0.0,0.0,wrong,wrong,1.5
240,-0.12829147193275103,-0.5152931324114878,-0.5226901087706778,Robins' estimator,1.0,1.0,0.5,0.5,3411,0.0,0.0,0.0,wrong,wrong,1.5
241,-0.0774210490629003,-0.5186183542818689,-0.5222832613037605,Robins' estimator,1.0,1.0,0.5,0.5,3411,0.0,0.0,0.0,wrong,wrong,1.5
242,-0.005014698694287968,-0.5276228598122558,-0.5344160633352023,Robins' estimator,1.0,1.0,0.5,0.5,3411,0.0,0.0,0.0,wrong,wrong,1.5
243,-0.07490774540252397,-0.5338200497433503,-0.519294876361166,Robins' estimator,1.0,1.0,0.5,0.5,3411,0.0,0.0,0.0,wrong,wrong,1.5
244,-0.0005986385292678151,-0.5245744378387208,-0.522424410599808,Robins' estimator,1.0,1.0,0.5,0.5,3411,0.0,0.0,0.0,wrong,wrong,1.5
245,0.12237054007782312,-0.5174648546355035,-0.5185295393273615,Robins' estimator,1.0,1.0,0.5,0.5,3411,0.0,0.0,0.0,wrong,wrong,1.5
246,-0.36270082157470857,-0.5240012401956967,-0.5231194962211894,Robins' estimator,1.0,1.0,0.5,0.5,3411,0.0,0.0,0.0,wrong,wrong,1.5
247,-0.20076459207477285,-0.5499181108855904,-0.5327844562819389,Robins' estimator,1.0,1.0,0.5,0.5,3411,0.0,0.0,0.0,wrong,wrong,1.5
248,0.23480753027205128,-0.5354280472868957,-0.5192866245564702,Robins' estimator,1.0,1.0,0.5,0.5,3411,0.0,0.0,0.0,wrong,wrong,1.5
249,0.26524884026066686,-0.506423772834979,-0.5114493605964662,Robins' estimator,1.0,1.0,0.5,0.5,3411,0.0,0.0,0.0,wrong,wrong,1.5
250,-0.06090011922044859,-0.5269936251989167,-0.5286796125486243,Robins' estimator,1.0,1.0,0.5,0.5,3411,0.0,0.0,0.0,wrong,wrong,1.5
251,-0.22339528954214902,-0.5425585667866624,-0.5352988731651442,Robins' estimator,1.0,1.0,0.5,0.5,3411,0.0,0.0,0.0,wrong,wrong,1.5
252,0.15752878371050055,-0.5200654843375527,-0.5134512904678432,Robins' estimator,1.0,1.0,0.5,0.5,3411,0.0,0.0,0.0,wrong,wrong,1.5
253,0.04432213771477398,-0.5037752358872343,-0.5101992645282829,Robins' estimator,1.0,1.0,0.5,0.5,3411,0.0,0.0,0.0,wrong,wrong,1.5
254,0.11014234224225908,-0.5234109983737012,-0.5244111187008939,Robins' estimator,1.0,1.0,0.5,0.5,3411,0.0,0.0,0.0,wrong,wrong,1.5
255,-0.023397421705651043,-0.5364556885287379,-0.5139696491067309,Robins' estimator,1.0,1.0,0.5,0.5,3411,0.0,0.0,0.0,wrong,wrong,1.5
256,-0.23996591023911915,-0.5431953981489704,-0.5426322743640101,Robins' estimator,1.0,1.0,0.5,0.5,3411,0.0,0.0,0.0,wrong,wrong,1.5
257,-0.01752526017040405,-0.5274737886343638,-0.5283282250949616,Robins' estimator,1.0,1.0,0.5,0.5,3411,0.0,0.0,0.0,wrong,wrong,1.5
258,-0.3021052705856097,-0.5351610193783986,-0.5372050591681233,Robins' estimator,1.0,1.0,0.5,0.5,3411,0.0,0.0,0.0,wrong,wrong,1.5
259,-0.13419549150112572,-0.5306378641677513,-0.5224713384274771,Robins' estimator,1.0,1.0,0.5,0.5,3411,0.0,0.0,0.0,wrong,wrong,1.5
260,-0.13688083001712592,-0.541482165742305,-0.5307200754344051,Robins' estimator,1.0,1.0,0.5,0.5,3411,0.0,0.0,0.0,wrong,wrong,1.5
261,0.1311301243086565,-0.5260580040571234,-0.5242724911884717,Robins' estimator,1.0,1.0,0.5,0.5,3411,0.0,0.0,0.0,wrong,wrong,1.5
262,-0.07714131673694921,-0.5245387721145257,-0.5220734599105149,Robins' estimator,1.0,1.0,0.5,0.5,3411,0.0,0.0,0.0,wrong,wrong,1.5
263,-0.14065070859984904,-0.5268532497023131,-0.5233233708292101,Robins' estimator,1.0,1.0,0.5,0.5,3411,0.0,0.0,0.0,wrong,wrong,1.5
264,0.15969620702744605,-0.5147556336264688,-0.5242443244274917,Robins' estimator,1.0,1.0,0.5,0.5,3411,0.0,0.0,0.0,wrong,wrong,1.5
265,-0.09344132445616539,-0.5334308685823055,-0.5230142767750913,Robins' estimator,1.0,1.0,0.5,0.5,3411,0.0,0.0,0.0,wrong,wrong,1.5
266,-0.16241639606097658,-0.5507552367620878,-0.5506380417276956,Robins' estimator,1.0,1.0,0.5,0.5,3411,0.0,0.0,0.0,wrong,wrong,1.5
267,0.011878811030872637,-0.5112747914628496,-0.516133250940322,Robins' estimator,1.0,1.0,0.5,0.5,3411,0.0,0.0,0.0,wrong,wrong,1.5
268,-0.33059059504963434,-0.536451123364604,-0.5268467922352991,Robins' estimator,1.0,1.0,0.5,0.5,3411,0.0,0.0,0.0,wrong,wrong,1.5
269,0.0007820699602212516,-0.5212585544474929,-0.5134745512369951,Robins' estimator,1.0,1.0,0.5,0.5,3411,0.0,0.0,0.0,wrong,wrong,1.5
270,-0.2355139556540838,-0.5512107280971675,-0.5295976323837301,Robins' estimator,1.0,1.0,0.5,0.5,3411,0.0,0.0,0.0,wrong,wrong,1.5
271,-0.08244760253702114,-0.5306029399018451,-0.5175808975749918,Robins' estimator,1.0,1.0,0.5,0.5,3411,0.0,0.0,0.0,wrong,wrong,1.5
272,-0.17227653050947975,-0.5368496008748187,-0.5288922636837948,Robins' estimator,1.0,1.0,0.5,0.5,3411,0.0,0.0,0.0,wrong,wrong,1.5
273,-0.1156245352191651,-0.5379108346035341,-0.528724780287639,Robins' estimator,1.0,1.0,0.5,0.5,3411,0.0,0.0,0.0,wrong,wrong,1.5
274,-0.1751568294624074,-0.544034490389154,-0.5339602948431968,Robins' estimator,1.0,1.0,0.5,0.5,3411,0.0,0.0,0.0,wrong,wrong,1.5
275,-0.05278419392530589,-0.5280703562352326,-0.5337704214608713,Robins' estimator,1.0,1.0,0.5,0.5,3411,0.0,0.0,0.0,wrong,wrong,1.5
276,-0.0031810887019282437,-0.527060039599464,-0.5265332994132109,Robins' estimator,1.0,1.0,0.5,0.5,3411,0.0,0.0,0.0,wrong,wrong,1.5
277,0.08954939749433935,-0.5257993667917145,-0.5290379801827533,Robins' estimator,1.0,1.0,0.5,0.5,3411,0.0,0.0,0.0,wrong,wrong,1.5
278,0.11294105144785038,-0.5105454131477684,-0.5257640846194194,Robins' estimator,1.0,1.0,0.5,0.5,3411,0.0,0.0,0.0,wrong,wrong,1.5
279,-0.06061701016904346,-0.537334343628551,-0.527403765527464,Robins' estimator,1.0,1.0,0.5,0.5,3411,0.0,0.0,0.0,wrong,wrong,1.5
280,0.017448360013135926,-0.5122815911429912,-0.5249056405323606,Robins' estimator,1.0,1.0,0.5,0.5,3411,0.0,0.0,0.0,wrong,wrong,1.5
281,0.38529640827788353,-0.4936594094097932,-0.5087309118959672,Robins' estimator,1.0,1.0,0.5,0.5,3411,0.0,0.0,0.0,wrong,wrong,1.5
282,0.03858715050796821,-0.5297572304799574,-0.5268864905230438,Robins' estimator,1.0,1.0,0.5,0.5,3411,0.0,0.0,0.0,wrong,wrong,1.5
283,0.06927988470902577,-0.5197049644101255,-0.5280810698371384,Robins' estimator,1.0,1.0,0.5,0.5,3411,0.0,0.0,0.0,wrong,wrong,1.5
284,-0.020509170855793665,-0.5214307306593368,-0.5212991333401626,Robins' estimator,1.0,1.0,0.5,0.5,3411,0.0,0.0,0.0,wrong,wrong,1.5
285,0.010343354106334825,-0.5381380040689234,-0.5366960206831338,Robins' estimator,1.0,1.0,0.5,0.5,3411,0.0,0.0,0.0,wrong,wrong,1.5
286,0.17028679811394645,-0.518344615597767,-0.5130156050830211,Robins' estimator,1.0,1.0,0.5,0.5,3411,0.0,0.0,0.0,wrong,wrong,1.5
287,0.10857243334794289,-0.5090432616185337,-0.5246358524747456,Robins' estimator,1.0,1.0,0.5,0.5,3411,0.0,0.0,0.0,wrong,wrong,1.5
288,-0.38151301013577577,-0.541138567243133,-0.5325926359392693,Robins' estimator,1.0,1.0,0.5,0.5,3411,0.0,0.0,0.0,wrong,wrong,1.5
289,-0.26670359522117193,-0.5228085675880442,-0.513424226070908,Robins' estimator,1.0,1.0,0.5,0.5,3411,0.0,0.0,0.0,wrong,wrong,1.5
290,-0.19024394185904023,-0.5396853099630883,-0.5333263248801114,Robins' estimator,1.0,1.0,0.5,0.5,3411,0.0,0.0,0.0,wrong,wrong,1.5
291,0.13863270772296454,-0.5165577161055075,-0.5149063944264445,Robins' estimator,1.0,1.0,0.5,0.5,3411,0.0,0.0,0.0,wrong,wrong,1.5
292,0.33972411433550254,-0.4938987408688137,-0.4996963498537139,Robins' estimator,1.0,1.0,0.5,0.5,3411,0.0,0.0,0.0,wrong,wrong,1.5
293,-0.09202308975135787,-0.5383768108564378,-0.53243387437418,Robins' estimator,1.0,1.0,0.5,0.5,3411,0.0,0.0,0.0,wrong,wrong,1.5
294,0.06262753423143522,-0.532423483808772,-0.5191729152858096,Robins' estimator,1.0,1.0,0.5,0.5,3411,0.0,0.0,0.0,wrong,wrong,1.5
295,0.10268384586300325,-0.518088149054633,-0.5131257918509726,Robins' estimator,1.0,1.0,0.5,0.5,3411,0.0,0.0,0.0,wrong,wrong,1.5
296,-0.011903164550785033,-0.5056439748682754,-0.5248120206027652,Robins' estimator,1.0,1.0,0.5,0.5,3411,0.0,0.0,0.0,wrong,wrong,1.5
297,-0.007264154477180938,-0.5384119718862029,-0.5330211331792181,Robins' estimator,1.0,1.0,0.5,0.5,3411,0.0,0.0,0.0,wrong,wrong,1.5
298,0.22519653701033623,-0.4952303591454682,-0.5015173355421928,Robins' estimator,1.0,1.0,0.5,0.5,3411,0.0,0.0,0.0,wrong,wrong,1.5
299,0.02771971524674142,-0.5164851045251229,-0.5219761071977135,Robins' estimator,1.0,1.0,0.5,0.5,3411,0.0,0.0,0.0,wrong,wrong,1.5
300,0.08846918043986635,-0.5470396801511843,-0.5258253829321131,Robins' estimator,1.0,1.0,0.5,0.5,3411,0.0,0.0,0.0,wrong,wrong,1.5
1,-0.10438022231968787,-0.5325391018715883,-0.5164567386993693,GMM estimator,1.0,1.0,0.5,0.5,3411,0.0,0.0,0.0,wrong,wrong,1.5
2,0.02297399693223098,-0.5233482911745753,-0.5092969736166836,GMM estimator,1.0,1.0,0.5,0.5,3411,0.0,0.0,0.0,wrong,wrong,1.5
3,-0.1873010508394019,-0.5158920514181802,-0.5223574101143319,GMM estimator,1.0,1.0,0.5,0.5,3411,0.0,0.0,0.0,wrong,wrong,1.5
4,0.08415088424801023,-0.5221365809155982,-0.5330560735123516,GMM estimator,1.0,1.0,0.5,0.5,3411,0.0,0.0,0.0,wrong,wrong,1.5
5,-0.2769459220623405,-0.5377126495026121,-0.5264545283930083,GMM estimator,1.0,1.0,0.5,0.5,3411,0.0,0.0,0.0,wrong,wrong,1.5
6,0.12288001720222712,-0.5175291932442411,-0.5214128168999422,GMM estimator,1.0,1.0,0.5,0.5,3411,0.0,0.0,0.0,wrong,wrong,1.5
7,0.2666704966949363,-0.5050563124050864,-0.5105265314253279,GMM estimator,1.0,1.0,0.5,0.5,3411,0.0,0.0,0.0,wrong,wrong,1.5
8,-0.41892699614131207,-0.5339379158815744,-0.5245956884501647,GMM estimator,1.0,1.0,0.5,0.5,3411,0.0,0.0,0.0,wrong,wrong,1.5
9,-0.08850802061726973,-0.525875742337052,-0.5126572149577667,GMM estimator,1.0,1.0,0.5,0.5,3411,0.0,0.0,0.0,wrong,wrong,1.5
10,-0.13024719483688169,-0.5472496573367293,-0.5401506520702267,GMM estimator,1.0,1.0,0.5,0.5,3411,0.0,0.0,0.0,wrong,wrong,1.5
11,0.07971697586654124,-0.5129352350409229,-0.523867597739847,GMM estimator,1.0,1.0,0.5,0.5,3411,0.0,0.0,0.0,wrong,wrong,1.5
12,-0.0850851360166435,-0.537089270166951,-0.5247513609876998,GMM estimator,1.0,1.0,0.5,0.5,3411,0.0,0.0,0.0,wrong,wrong,1.5
13,0.14553761935142412,-0.523210852672777,-0.5260636196294819,GMM estimator,1.0,1.0,0.5,0.5,3411,0.0,0.0,0.0,wrong,wrong,1.5
14,-0.32454504962841035,-0.5381261563062409,-0.5288800574278845,GMM estimator,1.0,1.0,0.5,0.5,3411,0.0,0.0,0.0,wrong,wrong,1.5
15,-0.32466988243218253,-0.5480907171462427,-0.5350435134227052,GMM estimator,1.0,1.0,0.5,0.5,3411,0.0,0.0,0.0,wrong,wrong,1.5
16,-0.29004428070189137,-0.5536371898125516,-0.5503252509684963,GMM estimator,1.0,1.0,0.5,0.5,3411,0.0,0.0,0.0,wrong,wrong,1.5
17,0.37370642580638513,-0.4996893709764268,-0.510275972135398,GMM estimator,1.0,1.0,0.5,0.5,3411,0.0,0.0,0.0,wrong,wrong,1.5
18,0.08579232906540576,-0.5134507304275768,-0.5105052646271147,GMM estimator,1.0,1.0,0.5,0.5,3411,0.0,0.0,0.0,wrong,wrong,1.5
19,0.05744313646215023,-0.5091267707646235,-0.5120900722589312,GMM estimator,1.0,1.0,0.5,0.5,3411,0.0,0.0,0.0,wrong,wrong,1.5
20,-0.188354266211207,-0.5104777150642894,-0.5104765188845187,GMM estimator,1.0,1.0,0.5,0.5,3411,0.0,0.0,0.0,wrong,wrong,1.5
21,0.1508213905312455,-0.5071094479332697,-0.5194332935078804,GMM estimator,1.0,1.0,0.5,0.5,3411,0.0,0.0,0.0,wrong,wrong,1.5
22,-0.21194622413968103,-0.5275233393719512,-0.5173723839479649,GMM estimator,1.0,1.0,0.5,0.5,3411,0.0,0.0,0.0,wrong,wrong,1.5
23,-0.08913013724296383,-0.5391601812965828,-0.5215522251339245,GMM estimator,1.0,1.0,0.5,0.5,3411,0.0,0.0,0.0,wrong,wrong,1.5
24,0.11613453479141009,-0.5112900674142216,-0.5164780044487977,GMM estimator,1.0,1.0,0.5,0.5,3411,0.0,0.0,0.0,wrong,wrong,1.5
25,0.056779182228579285,-0.5139940906581502,-0.5133854015486239,GMM estimator,1.0,1.0,0.5,0.5,3411,0.0,0.0,0.0,wrong,wrong,1.5
26,0.0422518856233616,-0.5079264495043795,-0.5137393622547065,GMM estimator,1.0,1.0,0.5,0.5,3411,0.0,0.0,0.0,wrong,wrong,1.5
27,-0.02519190174740007,-0.511078427448753,-0.517429433730194,GMM estimator,1.0,1.0,0.5,0.5,3411,0.0,0.0,0.0,wrong,wrong,1.5
28,-0.3458237816144535,-0.5543037319652159,-0.5347070625608918,GMM estimator,1.0,1.0,0.5,0.5,3411,0.0,0.0,0.0,wrong,wrong,1.5
29,-0.09240382996736374,-0.5309261698879756,-0.522821288193826,GMM estimator,1.0,1.0,0.5,0.5,3411,0.0,0.0,0.0,wrong,wrong,1.5
30,-0.008996199250548566,-0.5085999918450168,-0.5277388949453897,GMM estimator,1.0,1.0,0.5,0.5,3411,0.0,0.0,0.0,wrong,wrong,1.5
31,0.26311737842582433,-0.512613992197869,-0.5171888351142655,GMM estimator,1.0,1.0,0.5,0.5,3411,0.0,0.0,0.0,wrong,wrong,1.5
32,-0.14352205652423755,-0.5467612815461345,-0.5286653924097054,GMM estimator,1.0,1.0,0.5,0.5,3411,0.0,0.0,0.0,wrong,wrong,1.5
33,-0.09287502772493457,-0.5221085594242447,-0.5239023280488921,GMM estimator,1.0,1.0,0.5,0.5,3411,0.0,0.0,0.0,wrong,wrong,1.5
34,-0.014414813704827754,-0.5311474641020781,-0.5245518061450345,GMM estimator,1.0,1.0,0.5,0.5,3411,0.0,0.0,0.0,wrong,wrong,1.5
35,0.012136088482191743,-0.5228351700125276,-0.5198322197758531,GMM estimator,1.0,1.0,0.5,0.5,3411,0.0,0.0,0.0,wrong,wrong,1.5
36,0.13206547828305307,-0.5069319575612034,-0.5190951597172745,GMM estimator,1.0,1.0,0.5,0.5,3411,0.0,0.0,0.0,wrong,wrong,1.5
37,-0.24063080866410122,-0.5418295731331186,-0.5411363755029802,GMM estimator,1.0,1.0,0.5,0.5,3411,0.0,0.0,0.0,wrong,wrong,1.5
38,-0.06582641666742786,-0.5333843806937113,-0.526026687175293,GMM estimator,1.0,1.0,0.5,0.5,3411,0.0,0.0,0.0,wrong,wrong,1.5
39,-0.17728199387243898,-0.5350597871658631,-0.5316860973635749,GMM estimator,1.0,1.0,0.5,0.5,3411,0.0,0.0,0.0,wrong,wrong,1.5
40,0.16477968463519427,-0.5125661914201971,-0.5227014374857476,GMM estimator,1.0,1.0,0.5,0.5,3411,0.0,0.0,0.0,wrong,wrong,1.5
41,0.1864060945744969,-0.5131446530981936,-0.5119436728733111,GMM estimator,1.0,1.0,0.5,0.5,3411,0.0,0.0,0.0,wrong,wrong,1.5
42,0.26161757565294214,-0.5142111759295773,-0.5187293156643932,GMM estimator,1.0,1.0,0.5,0.5,3411,0.0,0.0,0.0,wrong,wrong,1.5
43,-0.03824058349608404,-0.5262890270218481,-0.5237016466711955,GMM estimator,1.0,1.0,0.5,0.5,3411,0.0,0.0,0.0,wrong,wrong,1.5
44,0.13425872712964446,-0.5301375399646229,-0.5164647499802888,GMM estimator,1.0,1.0,0.5,0.5,3411,0.0,0.0,0.0,wrong,wrong,1.5
45,-0.08449872809508979,-0.5395681365098801,-0.5290278234108059,GMM estimator,1.0,1.0,0.5,0.5,3411,0.0,0.0,0.0,wrong,wrong,1.5
46,-0.03741386485275858,-0.5229898162150395,-0.5196911795002489,GMM estimator,1.0,1.0,0.5,0.5,3411,0.0,0.0,0.0,wrong,wrong,1.5
47,0.20190717302840505,-0.5022849882025117,-0.5111907605727172,GMM estimator,1.0,1.0,0.5,0.5,3411,0.0,0.0,0.0,wrong,wrong,1.5
48,-0.008754369018920339,-0.5245920224752458,-0.5304685136582832,GMM estimator,1.0,1.0,0.5,0.5,3411,0.0,0.0,0.0,wrong,wrong,1.5
49,-0.16392956601113087,-0.5180465218701625,-0.5058663228443412,GMM estimator,1.0,1.0,0.5,0.5,3411,0.0,0.0,0.0,wrong,wrong,1.5
50,-0.135309864023243,-0.5172043778453774,-0.5330889866382355,GMM estimator,1.0,1.0,0.5,0.5,3411,0.0,0.0,0.0,wrong,wrong,1.5
51,0.04619070794563431,-0.5215929066816389,-0.5339283327508755,GMM estimator,1.0,1.0,0.5,0.5,3411,0.0,0.0,0.0,wrong,wrong,1.5
52,-0.16994563321603573,-0.5254150157748207,-0.5213428769620968,GMM estimator,1.0,1.0,0.5,0.5,3411,0.0,0.0,0.0,wrong,wrong,1.5
53,0.049103852767565175,-0.5282686461092507,-0.514237836751516,GMM estimator,1.0,1.0,0.5,0.5,3411,0.0,0.0,0.0,wrong,wrong,1.5
54,-0.0990745613851175,-0.5352943475049236,-0.5173487789167142,GMM estimator,1.0,1.0,0.5,0.5,3411,0.0,0.0,0.0,wrong,wrong,1.5
55,-0.12650019188668393,-0.5312069178802485,-0.5239762855315592,GMM estimator,1.0,1.0,0.5,0.5,3411,0.0,0.0,0.0,wrong,wrong,1.5
56,-0.05165137014634242,-0.515042702411374,-0.5316668561386625,GMM estimator,1.0,1.0,0.5,0.5,3411,0.0,0.0,0.0,wrong,wrong,1.5
57,-0.33618202264707103,-0.5470233471722598,-0.529984030094992,GMM estimator,1.0,1.0,0.5,0.5,3411,0.0,0.0,0.0,wrong,wrong,1.5
58,-0.14076450323024167,-0.5426332557205533,-0.542433154674695,GMM estimator,1.0,1.0,0.5,0.5,3411,0.0,0.0,0.0,wrong,wrong,1.5
59,0.3673032737136934,-0.49167607593271656,-0.5118954843164795,GMM estimator,1.0,1.0,0.5,0.5,3411,0.0,0.0,0.0,wrong,wrong,1.5
60,-0.04208730654846962,-0.5212473688108873,-0.5181469074920433,GMM estimator,1.0,1.0,0.5,0.5,3411,0.0,0.0,0.0,wrong,wrong,1.5
61,-0.04024329695807057,-0.5262096106776661,-0.5172677419538184,GMM estimator,1.0,1.0,0.5,0.5,3411,0.0,0.0,0.0,wrong,wrong,1.5
62,-0.25504896419275513,-0.5221684839126113,-0.5122522563543718,GMM estimator,1.0,1.0,0.5,0.5,3411,0.0,0.0,0.0,wrong,wrong,1.5
63,-0.2696804076567079,-0.5313082289366293,-0.52994633712918,GMM estimator,1.0,1.0,0.5,0.5,3411,0.0,0.0,0.0,wrong,wrong,1.5
64,-0.15020378727078093,-0.530222421347169,-0.524779027162489,GMM estimator,1.0,1.0,0.5,0.5,3411,0.0,0.0,0.0,wrong,wrong,1.5
65,-0.2106421232756299,-0.5297857878832489,-0.5106256965010866,GMM estimator,1.0,1.0,0.5,0.5,3411,0.0,0.0,0.0,wrong,wrong,1.5
66,0.06778577047036784,-0.5132694059611814,-0.5203267110906417,GMM estimator,1.0,1.0,0.5,0.5,3411,0.0,0.0,0.0,wrong,wrong,1.5
67,0.08822664504463949,-0.520960638371064,-0.5157711632343716,GMM estimator,1.0,1.0,0.5,0.5,3411,0.0,0.0,0.0,wrong,wrong,1.5
68,-0.019251152016983814,-0.5166516117726873,-0.514315371664776,GMM estimator,1.0,1.0,0.5,0.5,3411,0.0,0.0,0.0,wrong,wrong,1.5
69,-0.16866037788470575,-0.5337002363041743,-0.5269105157437403,GMM estimator,1.0,1.0,0.5,0.5,3411,0.0,0.0,0.0,wrong,wrong,1.5
70,-0.0815416190674618,-0.5399045953489057,-0.5350448674326376,GMM estimator,1.0,1.0,0.5,0.5,3411,0.0,0.0,0.0,wrong,wrong,1.5
71,-0.23619475132505546,-0.5221807271783596,-0.5083111970042198,GMM estimator,1.0,1.0,0.5,0.5,3411,0.0,0.0,0.0,wrong,wrong,1.5
72,0.029313355266119674,-0.5215235899227666,-0.5345868693929074,GMM estimator,1.0,1.0,0.5,0.5,3411,0.0,0.0,0.0,wrong,wrong,1.5
73,-0.01749320142441923,-0.5244529521986185,-0.5181810186555963,GMM estimator,1.0,1.0,0.5,0.5,3411,0.0,0.0,0.0,wrong,wrong,1.5
74,-0.5244423866913288,-0.5535750061513046,-0.5470332174631184,GMM estimator,1.0,1.0,0.5,0.5,3411,0.0,0.0,0.0,wrong,wrong,1.5
75,-0.03290188235773141,-0.5260025789025572,-0.5174881793418953,GMM estimator,1.0,1.0,0.5,0.5,3411,0.0,0.0,0.0,wrong,wrong,1.5
76,-0.014249456947145814,-0.5278863086756921,-0.5274321174768964,GMM estimator,1.0,1.0,0.5,0.5,3411,0.0,0.0,0.0,wrong,wrong,1.5
77,-0.3385027982729069,-0.545982141247618,-0.5434251893212918,GMM estimator,1.0,1.0,0.5,0.5,3411,0.0,0.0,0.0,wrong,wrong,1.5
78,-0.42171808216160617,-0.5530042173967631,-0.5451742110066577,GMM estimator,1.0,1.0,0.5,0.5,3411,0.0,0.0,0.0,wrong,wrong,1.5
79,0.044470638859467726,-0.5270591007676164,-0.5228401506721544,GMM estimator,1.0,1.0,0.5,0.5,3411,0.0,0.0,0.0,wrong,wrong,1.5
80,0.045143793680263784,-0.5317703957138612,-0.5300148696120213,GMM estimator,1.0,1.0,0.5,0.5,3411,0.0,0.0,0.0,wrong,wrong,1.5
81,-0.27860341176644987,-0.5329845367324368,-0.5358878367819455,GMM estimator,1.0,1.0,0.5,0.5,3411,0.0,0.0,0.0,wrong,wrong,1.5
82,0.016143959481284238,-0.5128325679376964,-0.5147958903233107,GMM estimator,1.0,1.0,0.5,0.5,3411,0.0,0.0,0.0,wrong,wrong,1.5
83,-0.038854590093283486,-0.5438240772338874,-0.541165755623552,GMM estimator,1.0,1.0,0.5,0.5,3411,0.0,0.0,0.0,wrong,wrong,1.5
84,-0.13256613281713017,-0.5330327445196672,-0.5354188857742532,GMM estimator,1.0,1.0,0.5,0.5,3411,0.0,0.0,0.0,wrong,wrong,1.5
85,-0.31577242780715986,-0.5507964606925533,-0.5469764721102371,GMM estimator,1.0,1.0,0.5,0.5,3411,0.0,0.0,0.0,wrong,wrong,1.5
86,-0.1279830494211603,-0.5296817932989536,-0.523265431726569,GMM estimator,1.0,1.0,0.5,0.5,3411,0.0,0.0,0.0,wrong,wrong,1.5
87,-0.062094822958590035,-0.5386981095288297,-0.5411232764720059,GMM estimator,1.0,1.0,0.5,0.5,3411,0.0,0.0,0.0,wrong,wrong,1.5
88,0.32723902479156214,-0.5115948012821052,-0.5213405709420492,GMM estimator,1.0,1.0,0.5,0.5,3411,0.0,0.0,0.0,wrong,wrong,1.5
89,0.05508684333546111,-0.5174973421773248,-0.5244995392889863,GMM estimator,1.0,1.0,0.5,0.5,3411,0.0,0.0,0.0,wrong,wrong,1.5
90,0.06097390296565524,-0.5326851106349094,-0.5286470192589053,GMM estimator,1.0,1.0,0.5,0.5,3411,0.0,0.0,0.0,wrong,wrong,1.5
91,-0.045130376099293885,-0.526676153675515,-0.5213425263025246,GMM estimator,1.0,1.0,0.5,0.5,3411,0.0,0.0,0.0,wrong,wrong,1.5
92,-0.31870746368896125,-0.5572879425386057,-0.5411721663581264,GMM estimator,1.0,1.0,0.5,0.5,3411,0.0,0.0,0.0,wrong,wrong,1.5
93,0.21671034978635695,-0.515170691866101,-0.5190295673302702,GMM estimator,1.0,1.0,0.5,0.5,3411,0.0,0.0,0.0,wrong,wrong,1.5
94,-0.21630622146960804,-0.5299510361236298,-0.5231228937092695,GMM estimator,1.0,1.0,0.5,0.5,3411,0.0,0.0,0.0,wrong,wrong,1.5
95,0.0963088560239892,-0.5171655820039588,-0.5192826025110894,GMM estimator,1.0,1.0,0.5,0.5,3411,0.0,0.0,0.0,wrong,wrong,1.5
96,-0.22412964915365882,-0.5469167326597499,-0.5357014972494202,GMM estimator,1.0,1.0,0.5,0.5,3411,0.0,0.0,0.0,wrong,wrong,1.5
97,-0.08131123845533897,-0.5250059206894735,-0.5241311520495139,GMM estimator,1.0,1.0,0.5,0.5,3411,0.0,0.0,0.0,wrong,wrong,1.5
98,0.2196945206781427,-0.5117396746327465,-0.5125851344300859,GMM estimator,1.0,1.0,0.5,0.5,3411,0.0,0.0,0.0,wrong,wrong,1.5
99,-0.26339509738873185,-0.527971823812529,-0.5254558192376757,GMM estimator,1.0,1.0,0.5,0.5,3411,0.0,0.0,0.0,wrong,wrong,1.5
100,-0.07254458234444473,-0.5328529661626678,-0.5406703155650465,GMM estimator,1.0,1.0,0.5,0.5,3411,0.0,0.0,0.0,wrong,wrong,1.5
101,0.09230642749852248,-0.5324372402978693,-0.5145634059174705,GMM estimator,1.0,1.0,0.5,0.5,3411,0.0,0.0,0.0,wrong,wrong,1.5
102,-0.10577077243424902,-0.5381976594914808,-0.5421510378241164,GMM estimator,1.0,1.0,0.5,0.5,3411,0.0,0.0,0.0,wrong,wrong,1.5
103,0.08137985640030042,-0.5272443214664738,-0.5158719729199289,GMM estimator,1.0,1.0,0.5,0.5,3411,0.0,0.0,0.0,wrong,wrong,1.5
104,-0.33251155943002325,-0.5325570605378245,-0.5181992987464804,GMM estimator,1.0,1.0,0.5,0.5,3411,0.0,0.0,0.0,wrong,wrong,1.5
105,-0.32093589830518715,-0.5458177880111659,-0.5369669301495923,GMM estimator,1.0,1.0,0.5,0.5,3411,0.0,0.0,0.0,wrong,wrong,1.5
106,-0.3638056849180095,-0.5591466730373728,-0.5436086505807581,GMM estimator,1.0,1.0,0.5,0.5,3411,0.0,0.0,0.0,wrong,wrong,1.5
107,-0.2758809903561558,-0.5484331369624608,-0.5236739759749671,GMM estimator,1.0,1.0,0.5,0.5,3411,0.0,0.0,0.0,wrong,wrong,1.5
108,0.007784726420674932,-0.5090430508166048,-0.5259572515913963,GMM estimator,1.0,1.0,0.5,0.5,3411,0.0,0.0,0.0,wrong,wrong,1.5
109,-0.05748017822174921,-0.5287935978748866,-0.527068278429741,GMM estimator,1.0,1.0,0.5,0.5,3411,0.0,0.0,0.0,wrong,wrong,1.5
110,0.19413794764055697,-0.5060123902942367,-0.5122463580124293,GMM estimator,1.0,1.0,0.5,0.5,3411,0.0,0.0,0.0,wrong,wrong,1.5
111,-0.02308619114519261,-0.5188633934913792,-0.5220413294502483,GMM estimator,1.0,1.0,0.5,0.5,3411,0.0,0.0,0.0,wrong,wrong,1.5
112,-0.04763065492397587,-0.5287343319594365,-0.5261793042605124,GMM estimator,1.0,1.0,0.5,0.5,3411,0.0,0.0,0.0,wrong,wrong,1.5
113,-0.3016670473219069,-0.5260333789797189,-0.5245467671041645,GMM estimator,1.0,1.0,0.5,0.5,3411,0.0,0.0,0.0,wrong,wrong,1.5
114,0.410717316475392,-0.5151208608854041,-0.5253463265481554,GMM estimator,1.0,1.0,0.5,0.5,3411,0.0,0.0,0.0,wrong,wrong,1.5
115,-0.05882802226539234,-0.5243084222787415,-0.5170685692212342,GMM estimator,1.0,1.0,0.5,0.5,3411,0.0,0.0,0.0,wrong,wrong,1.5
116,0.021284742526661744,-0.5137375603219906,-0.520205344655179,GMM estimator,1.0,1.0,0.5,0.5,3411,0.0,0.0,0.0,wrong,wrong,1.5
117,-0.5298272046706795,-0.5579837794873488,-0.5475577346221705,GMM estimator,1.0,1.0,0.5,0.5,3411,0.0,0.0,0.0,wrong,wrong,1.5
118,-0.1563806694100858,-0.5345779706238045,-0.5261113480144975,GMM estimator,1.0,1.0,0.5,0.5,3411,0.0,0.0,0.0,wrong,wrong,1.5
119,0.12481789864137988,-0.526752364009763,-0.5281807924505979,GMM estimator,1.0,1.0,0.5,0.5,3411,0.0,0.0,0.0,wrong,wrong,1.5
120,-0.12476257352621348,-0.5285803496632732,-0.5253317038105872,GMM estimator,1.0,1.0,0.5,0.5,3411,0.0,0.0,0.0,wrong,wrong,1.5
121,-0.20256417194590606,-0.5340790018650525,-0.52557433504592,GMM estimator,1.0,1.0,0.5,0.5,3411,0.0,0.0,0.0,wrong,wrong,1.5
122,0.0037192734844362146,-0.5184385368550678,-0.518376555646681,GMM estimator,1.0,1.0,0.5,0.5,3411,0.0,0.0,0.0,wrong,wrong,1.5
123,0.13543110783080975,-0.5204090143827628,-0.5114465030290609,GMM estimator,1.0,1.0,0.5,0.5,3411,0.0,0.0,0.0,wrong,wrong,1.5
124,-0.23091119535674115,-0.5436317500664279,-0.531235364131468,GMM estimator,1.0,1.0,0.5,0.5,3411,0.0,0.0,0.0,wrong,wrong,1.5
125,-0.1550262213763626,-0.5263691617895113,-0.5182650648761999,GMM estimator,1.0,1.0,0.5,0.5,3411,0.0,0.0,0.0,wrong,wrong,1.5
126,-0.11908984000751681,-0.5245289072223506,-0.5204705614834645,GMM estimator,1.0,1.0,0.5,0.5,3411,0.0,0.0,0.0,wrong,wrong,1.5
127,0.004411821158554113,-0.5346018928034143,-0.5209357091554809,GMM estimator,1.0,1.0,0.5,0.5,3411,0.0,0.0,0.0,wrong,wrong,1.5
128,-0.08671855931766935,-0.5186961592540598,-0.5186873752342144,GMM estimator,1.0,1.0,0.5,0.5,3411,0.0,0.0,0.0,wrong,wrong,1.5
129,-0.00495155740711718,-0.5294690329109197,-0.5220513546519293,GMM estimator,1.0,1.0,0.5,0.5,3411,0.0,0.0,0.0,wrong,wrong,1.5
130,-0.12922740037238303,-0.5388012856686372,-0.5278217290270132,GMM estimator,1.0,1.0,0.5,0.5,3411,0.0,0.0,0.0,wrong,wrong,1.5
131,-0.11109687789068423,-0.527261830667632,-0.5282965467429906,GMM estimator,1.0,1.0,0.5,0.5,3411,0.0,0.0,0.0,wrong,wrong,1.5
132,-0.30239704896190794,-0.5419014475536698,-0.5254897826130077,GMM estimator,1.0,1.0,0.5,0.5,3411,0.0,0.0,0.0,wrong,wrong,1.5
133,-0.0414652422916844,-0.5265686298328917,-0.5162575945082045,GMM estimator,1.0,1.0,0.5,0.5,3411,0.0,0.0,0.0,wrong,wrong,1.5
134,-0.1486521229702225,-0.5313140444702936,-0.5232593225197554,GMM estimator,1.0,1.0,0.5,0.5,3411,0.0,0.0,0.0,wrong,wrong,1.5
135,-0.028578824532474807,-0.5386215496451229,-0.5341612937964448,GMM estimator,1.0,1.0,0.5,0.5,3411,0.0,0.0,0.0,wrong,wrong,1.5
136,-0.23910470506109666,-0.5310808903574318,-0.5275032635713771,GMM estimator,1.0,1.0,0.5,0.5,3411,0.0,0.0,0.0,wrong,wrong,1.5
137,0.10474207518592406,-0.527799773961541,-0.5330796978321369,GMM estimator,1.0,1.0,0.5,0.5,3411,0.0,0.0,0.0,wrong,wrong,1.5
138,0.19492980791698286,-0.51727252375253,-0.5278692059872985,GMM estimator,1.0,1.0,0.5,0.5,3411,0.0,0.0,0.0,wrong,wrong,1.5
139,-0.28829317209544314,-0.544717401472561,-0.5389829048945606,GMM estimator,1.0,1.0,0.5,0.5,3411,0.0,0.0,0.0,wrong,wrong,1.5
140,0.24644688562022296,-0.5053827168878497,-0.5153649702738291,GMM estimator,1.0,1.0,0.5,0.5,3411,0.0,0.0,0.0,wrong,wrong,1.5
141,0.15187521611324795,-0.5054445659778316,-0.5089624643061474,GMM estimator,1.0,1.0,0.5,0.5,3411,0.0,0.0,0.0,wrong,wrong,1.5
142,-0.12055625852999081,-0.537908928597526,-0.5243372659055957,GMM estimator,1.0,1.0,0.5,0.5,3411,0.0,0.0,0.0,wrong,wrong,1.5
143,0.32158345943699335,-0.4971187223040052,-0.5056578750891236,GMM estimator,1.0,1.0,0.5,0.5,3411,0.0,0.0,0.0,wrong,wrong,1.5
144,0.025899908110656712,-0.5279725237892191,-0.5257394342386298,GMM estimator,1.0,1.0,0.5,0.5,3411,0.0,0.0,0.0,wrong,wrong,1.5
145,0.10126597309606353,-0.5068982168035708,-0.49948498303203887,GMM estimator,1.0,1.0,0.5,0.5,3411,0.0,0.0,0.0,wrong,wrong,1.5
146,-0.16059466175209966,-0.5251814217429124,-0.5274149544074036,GMM estimator,1.0,1.0,0.5,0.5,3411,0.0,0.0,0.0,wrong,wrong,1.5
147,0.04777705326851062,-0.5300081810962154,-0.5231230099558711,GMM estimator,1.0,1.0,0.5,0.5,3411,0.0,0.0,0.0,wrong,wrong,1.5
148,0.054089582842147516,-0.5239131479226664,-0.523917511533208,GMM estimator,1.0,1.0,0.5,0.5,3411,0.0,0.0,0.0,wrong,wrong,1.5
149,-0.18414057039324772,-0.531236483376308,-0.524747395725626,GMM estimator,1.0,1.0,0.5,0.5,3411,0.0,0.0,0.0,wrong,wrong,1.5
150,0.20219891189595743,-0.4886878812075462,-0.5091146312555037,GMM estimator,1.0,1.0,0.5,0.5,3411,0.0,0.0,0.0,wrong,wrong,1.5
151,-0.016054611779926693,-0.5309966303421996,-0.5296638798923702,GMM estimator,1.0,1.0,0.5,0.5,3411,0.0,0.0,0.0,wrong,wrong,1.5
152,0.07908999219827881,-0.5160859832635925,-0.5188912348045688,GMM estimator,1.0,1.0,0.5,0.5,3411,0.0,0.0,0.0,wrong,wrong,1.5
153,0.1287921019676021,-0.5290147972259058,-0.5241691371486614,GMM estimator,1.0,1.0,0.5,0.5,3411,0.0,0.0,0.0,wrong,wrong,1.5
154,0.0845140615278719,-0.5060191302239507,-0.5142008277937521,GMM estimator,1.0,1.0,0.5,0.5,3411,0.0,0.0,0.0,wrong,wrong,1.5
155,-0.11115406278944673,-0.5322912740237462,-0.535097392557971,GMM estimator,1.0,1.0,0.5,0.5,3411,0.0,0.0,0.0,wrong,wrong,1.5
156,-0.10526508026552364,-0.535374794983471,-0.5135065614430717,GMM estimator,1.0,1.0,0.5,0.5,3411,0.0,0.0,0.0,wrong,wrong,1.5
157,-0.0687203802219477,-0.5286002247706814,-0.5184105250380399,GMM estimator,1.0,1.0,0.5,0.5,3411,0.0,0.0,0.0,wrong,wrong,1.5
158,0.11999125632314717,-0.5240887538120665,-0.5251651035116245,GMM estimator,1.0,1.0,0.5,0.5,3411,0.0,0.0,0.0,wrong,wrong,1.5
159,-0.06104036057475091,-0.5188323711576326,-0.5162438846680703,GMM estimator,1.0,1.0,0.5,0.5,3411,0.0,0.0,0.0,wrong,wrong,1.5
160,-0.026453824413306074,-0.530271299961517,-0.5271391532608015,GMM estimator,1.0,1.0,0.5,0.5,3411,0.0,0.0,0.0,wrong,wrong,1.5
161,0.0117253506182509,-0.5177108110834011,-0.5167480434822844,GMM estimator,1.0,1.0,0.5,0.5,3411,0.0,0.0,0.0,wrong,wrong,1.5
162,0.1157230362848753,-0.5093827434404887,-0.5174736724464442,GMM estimator,1.0,1.0,0.5,0.5,3411,0.0,0.0,0.0,wrong,wrong,1.5
163,0.06434587895601224,-0.5186636393267773,-0.5265952537487387,GMM estimator,1.0,1.0,0.5,0.5,3411,0.0,0.0,0.0,wrong,wrong,1.5
164,-0.32549600265172374,-0.5478478906035577,-0.539319839887314,GMM estimator,1.0,1.0,0.5,0.5,3411,0.0,0.0,0.0,wrong,wrong,1.5
165,-0.16254992028155635,-0.5403906342292496,-0.5293137236950458,GMM estimator,1.0,1.0,0.5,0.5,3411,0.0,0.0,0.0,wrong,wrong,1.5
166,-0.0816218810585874,-0.530088833610519,-0.5188173952952442,GMM estimator,1.0,1.0,0.5,0.5,3411,0.0,0.0,0.0,wrong,wrong,1.5
167,-0.1790403268394183,-0.5380519981883967,-0.5317527494904593,GMM estimator,1.0,1.0,0.5,0.5,3411,0.0,0.0,0.0,wrong,wrong,1.5
168,-0.12696291465068987,-0.5296986369141923,-0.5233055834013796,GMM estimator,1.0,1.0,0.5,0.5,3411,0.0,0.0,0.0,wrong,wrong,1.5
169,-0.16197818104849804,-0.5223914295939861,-0.5280504331405069,GMM estimator,1.0,1.0,0.5,0.5,3411,0.0,0.0,0.0,wrong,wrong,1.5
170,0.11295653395716222,-0.5203861070949016,-0.5271628670814978,GMM estimator,1.0,1.0,0.5,0.5,3411,0.0,0.0,0.0,wrong,wrong,1.5
171,-0.18511235292944386,-0.5452367476918298,-0.5337400503266335,GMM estimator,1.0,1.0,0.5,0.5,3411,0.0,0.0,0.0,wrong,wrong,1.5
172,-0.20749010902716872,-0.537224759905479,-0.534270534014733,GMM estimator,1.0,1.0,0.5,0.5,3411,0.0,0.0,0.0,wrong,wrong,1.5
173,-0.16264379919326527,-0.5499186740030919,-0.5308408194481963,GMM estimator,1.0,1.0,0.5,0.5,3411,0.0,0.0,0.0,wrong,wrong,1.5
174,-0.09769439330469318,-0.5264288899839844,-0.520507982091089,GMM estimator,1.0,1.0,0.5,0.5,3411,0.0,0.0,0.0,wrong,wrong,1.5
175,0.0856728081376609,-0.5446269154223308,-0.5301719819715438,GMM estimator,1.0,1.0,0.5,0.5,3411,0.0,0.0,0.0,wrong,wrong,1.5
176,-0.13262882994071906,-0.5318619404775539,-0.5196170018665389,GMM estimator,1.0,1.0,0.5,0.5,3411,0.0,0.0,0.0,wrong,wrong,1.5
177,0.07838362297656662,-0.5092040801508333,-0.5274714742451758,GMM estimator,1.0,1.0,0.5,0.5,3411,0.0,0.0,0.0,wrong,wrong,1.5
178,0.10349797328978538,-0.5281307672400871,-0.5207659546558269,GMM estimator,1.0,1.0,0.5,0.5,3411,0.0,0.0,0.0,wrong,wrong,1.5
179,-0.031009608993416336,-0.5120105318150668,-0.5182189732173161,GMM estimator,1.0,1.0,0.5,0.5,3411,0.0,0.0,0.0,wrong,wrong,1.5
180,0.1006580036418653,-0.5057715142735189,-0.5235178636924523,GMM estimator,1.0,1.0,0.5,0.5,3411,0.0,0.0,0.0,wrong,wrong,1.5
181,-0.1076576539949812,-0.525249316565949,-0.5253659915409763,GMM estimator,1.0,1.0,0.5,0.5,3411,0.0,0.0,0.0,wrong,wrong,1.5
182,0.0641667547784731,-0.5075663827115463,-0.5005026813272493,GMM estimator,1.0,1.0,0.5,0.5,3411,0.0,0.0,0.0,wrong,wrong,1.5
183,0.11440728301588438,-0.5265581095888,-0.5151666006941003,GMM estimator,1.0,1.0,0.5,0.5,3411,0.0,0.0,0.0,wrong,wrong,1.5
184,0.21717592962306528,-0.5173169731986814,-0.5167682607429186,GMM estimator,1.0,1.0,0.5,0.5,3411,0.0,0.0,0.0,wrong,wrong,1.5
185,0.1294721768588871,-0.5289247114441555,-0.5248285539840944,GMM estimator,1.0,1.0,0.5,0.5,3411,0.0,0.0,0.0,wrong,wrong,1.5
186,-0.034226945350405456,-0.5302451108415793,-0.5244327457058047,GMM estimator,1.0,1.0,0.5,0.5,3411,0.0,0.0,0.0,wrong,wrong,1.5
187,0.17197771989176008,-0.5160085326755995,-0.5112505058730242,GMM estimator,1.0,1.0,0.5,0.5,3411,0.0,0.0,0.0,wrong,wrong,1.5
188,-0.1843268706781758,-0.5285903074240477,-0.5289952301223999,GMM estimator,1.0,1.0,0.5,0.5,3411,0.0,0.0,0.0,wrong,wrong,1.5
189,0.35652656662552273,-0.50468279993882,-0.5070052270643772,GMM estimator,1.0,1.0,0.5,0.5,3411,0.0,0.0,0.0,wrong,wrong,1.5
190,0.08827150743367755,-0.5156256324390137,-0.5069053901088428,GMM estimator,1.0,1.0,0.5,0.5,3411,0.0,0.0,0.0,wrong,wrong,1.5
191,-0.13718515346609947,-0.5201015943278049,-0.5143488654348345,GMM estimator,1.0,1.0,0.5,0.5,3411,0.0,0.0,0.0,wrong,wrong,1.5
192,-0.16382362196225625,-0.5312579295967601,-0.5282037062014395,GMM estimator,1.0,1.0,0.5,0.5,3411,0.0,0.0,0.0,wrong,wrong,1.5
193,-0.32887201995147614,-0.5488058590306806,-0.5350802022068241,GMM estimator,1.0,1.0,0.5,0.5,3411,0.0,0.0,0.0,wrong,wrong,1.5
194,0.3082398844269081,-0.5075513382661275,-0.5106926675691214,GMM estimator,1.0,1.0,0.5,0.5,3411,0.0,0.0,0.0,wrong,wrong,1.5
195,-0.3652579762274857,-0.5340435553365417,-0.5344628811474232,GMM estimator,1.0,1.0,0.5,0.5,3411,0.0,0.0,0.0,wrong,wrong,1.5
196,-0.21996141061290084,-0.5436137317385477,-0.5333857031862447,GMM estimator,1.0,1.0,0.5,0.5,3411,0.0,0.0,0.0,wrong,wrong,1.5
197,-0.2870288865650665,-0.5321264396690975,-0.5252603003745963,GMM estimator,1.0,1.0,0.5,0.5,3411,0.0,0.0,0.0,wrong,wrong,1.5
198,0.02641159041320258,-0.5335244761568367,-0.5271430500546246,GMM estimator,1.0,1.0,0.5,0.5,3411,0.0,0.0,0.0,wrong,wrong,1.5
199,0.3877363830606675,-0.5133834034388284,-0.5251369408458609,GMM estimator,1.0,1.0,0.5,0.5,3411,0.0,0.0,0.0,wrong,wrong,1.5
200,-0.05965621089729467,-0.5241617047432263,-0.5161574555398434,GMM estimator,1.0,1.0,0.5,0.5,3411,0.0,0.0,0.0,wrong,wrong,1.5
201,0.06646598552446266,-0.5293193041922666,-0.5222823189219313,GMM estimator,1.0,1.0,0.5,0.5,3411,0.0,0.0,0.0,wrong,wrong,1.5
202,-0.06185560166359322,-0.5117095153046115,-0.5201286157981616,GMM estimator,1.0,1.0,0.5,0.5,3411,0.0,0.0,0.0,wrong,wrong,1.5
203,0.24305648865893184,-0.5093682083228168,-0.5148691653241569,GMM estimator,1.0,1.0,0.5,0.5,3411,0.0,0.0,0.0,wrong,wrong,1.5
204,0.03141365414760806,-0.5285196317866636,-0.519757110236022,GMM estimator,1.0,1.0,0.5,0.5,3411,0.0,0.0,0.0,wrong,wrong,1.5
205,0.012944844956543319,-0.527043172676231,-0.5220272335555493,GMM estimator,1.0,1.0,0.5,0.5,3411,0.0,0.0,0.0,wrong,wrong,1.5
206,0.2136531847541316,-0.5166862840653735,-0.5216405167878331,GMM estimator,1.0,1.0,0.5,0.5,3411,0.0,0.0,0.0,wrong,wrong,1.5
207,0.17764640944986296,-0.507495734743784,-0.5073746980713335,GMM estimator,1.0,1.0,0.5,0.5,3411,0.0,0.0,0.0,wrong,wrong,1.5
208,-0.36575876068410934,-0.5508399479526219,-0.5248084231994884,GMM estimator,1.0,1.0,0.5,0.5,3411,0.0,0.0,0.0,wrong,wrong,1.5
209,0.24335671214056892,-0.5074745237862803,-0.5191204177711739,GMM estimator,1.0,1.0,0.5,0.5,3411,0.0,0.0,0.0,wrong,wrong,1.5
210,0.029430833516466838,-0.5239827894357506,-0.521125240271089,GMM estimator,1.0,1.0,0.5,0.5,3411,0.0,0.0,0.0,wrong,wrong,1.5
211,0.29747853770780475,-0.507988433187723,-0.5159814408757432,GMM estimator,1.0,1.0,0.5,0.5,3411,0.0,0.0,0.0,wrong,wrong,1.5
212,0.2752427890852802,-0.511719145466543,-0.5206806633900021,GMM estimator,1.0,1.0,0.5,0.5,3411,0.0,0.0,0.0,wrong,wrong,1.5
213,-0.09558788737006019,-0.5344931155153391,-0.5173621727630907,GMM estimator,1.0,1.0,0.5,0.5,3411,0.0,0.0,0.0,wrong,wrong,1.5
214,-0.3016437960139646,-0.5358257467809742,-0.5286976507776542,GMM estimator,1.0,1.0,0.5,0.5,3411,0.0,0.0,0.0,wrong,wrong,1.5
215,-0.16882699713095597,-0.5331090762844142,-0.5155787620093691,GMM estimator,1.0,1.0,0.5,0.5,3411,0.0,0.0,0.0,wrong,wrong,1.5
216,0.14784448208632156,-0.5140354370317103,-0.5119426458565886,GMM estimator,1.0,1.0,0.5,0.5,3411,0.0,0.0,0.0,wrong,wrong,1.5
217,0.09110506490420911,-0.5259102576355399,-0.5337527224205886,GMM estimator,1.0,1.0,0.5,0.5,3411,0.0,0.0,0.0,wrong,wrong,1.5
218,-0.07224141850486684,-0.5300213048610393,-0.5236930233791592,GMM estimator,1.0,1.0,0.5,0.5,3411,0.0,0.0,0.0,wrong,wrong,1.5
219,0.08247106423051297,-0.5246363460150866,-0.5113003370680046,GMM estimator,1.0,1.0,0.5,0.5,3411,0.0,0.0,0.0,wrong,wrong,1.5
220,0.04045097241434374,-0.5163354995120477,-0.5278011009533254,GMM estimator,1.0,1.0,0.5,0.5,3411,0.0,0.0,0.0,wrong,wrong,1.5
221,0.21525566517273248,-0.5157853539701754,-0.5217758475663459,GMM estimator,1.0,1.0,0.5,0.5,3411,0.0,0.0,0.0,wrong,wrong,1.5
222,0.06955719381476519,-0.5168332847826086,-0.5132814616320432,GMM estimator,1.0,1.0,0.5,0.5,3411,0.0,0.0,0.0,wrong,wrong,1.5
223,0.16293743881479036,-0.5102354201953787,-0.5016758283223219,GMM estimator,1.0,1.0,0.5,0.5,3411,0.0,0.0,0.0,wrong,wrong,1.5
224,-0.1354341274329513,-0.5422892446688004,-0.5399018600105931,GMM estimator,1.0,1.0,0.5,0.5,3411,0.0,0.0,0.0,wrong,wrong,1.5
225,0.009632036710683514,-0.5242779866299941,-0.5226367289177065,GMM estimator,1.0,1.0,0.5,0.5,3411,0.0,0.0,0.0,wrong,wrong,1.5
226,0.03287251468464825,-0.5128894038230055,-0.5110421971675063,GMM estimator,1.0,1.0,0.5,0.5,3411,0.0,0.0,0.0,wrong,wrong,1.5
227,0.17812401178518592,-0.5220944918022826,-0.5092253133357668,GMM estimator,1.0,1.0,0.5,0.5,3411,0.0,0.0,0.0,wrong,wrong,1.5
228,0.2612355841342143,-0.5125811447802767,-0.5093497402518491,GMM estimator,1.0,1.0,0.5,0.5,3411,0.0,0.0,0.0,wrong,wrong,1.5
229,-0.03476163214231404,-0.5334600246145151,-0.5273374445813866,GMM estimator,1.0,1.0,0.5,0.5,3411,0.0,0.0,0.0,wrong,wrong,1.5
230,-0.35942817155632323,-0.545467955503934,-0.5402123940729875,GMM estimator,1.0,1.0,0.5,0.5,3411,0.0,0.0,0.0,wrong,wrong,1.5
231,0.1132022716073706,-0.5249922701015679,-0.518582234286742,GMM estimator,1.0,1.0,0.5,0.5,3411,0.0,0.0,0.0,wrong,wrong,1.5
232,-0.13607391789640622,-0.522294745901014,-0.5363566471200942,GMM estimator,1.0,1.0,0.5,0.5,3411,0.0,0.0,0.0,wrong,wrong,1.5
233,-0.02863526364110503,-0.5181755080547621,-0.5199419468722107,GMM estimator,1.0,1.0,0.5,0.5,3411,0.0,0.0,0.0,wrong,wrong,1.5
234,-0.17522116728623194,-0.5496601546808925,-0.5334972796056683,GMM estimator,1.0,1.0,0.5,0.5,3411,0.0,0.0,0.0,wrong,wrong,1.5
235,-0.07291260155524258,-0.5296354395741407,-0.517817330696318,GMM estimator,1.0,1.0,0.5,0.5,3411,0.0,0.0,0.0,wrong,wrong,1.5
236,-0.1551730998279018,-0.5247991605175243,-0.5211266445376844,GMM estimator,1.0,1.0,0.5,0.5,3411,0.0,0.0,0.0,wrong,wrong,1.5
237,0.02058008003776689,-0.5272197485852408,-0.5197291688123016,GMM estimator,1.0,1.0,0.5,0.5,3411,0.0,0.0,0.0,wrong,wrong,1.5
238,0.2327025836825081,-0.514158296979064,-0.5070110539817555,GMM estimator,1.0,1.0,0.5,0.5,3411,0.0,0.0,0.0,wrong,wrong,1.5
239,-0.2864471475189686,-0.5497911781816808,-0.5348767794026275,GMM estimator,1.0,1.0,0.5,0.5,3411,0.0,0.0,0.0,wrong,wrong,1.5
240,-0.14177521076113056,-0.5171129637696178,-0.5237603283375901,GMM estimator,1.0,1.0,0.5,0.5,3411,0.0,0.0,0.0,wrong,wrong,1.5
241,-0.06703043536597811,-0.5179700148571036,-0.5218910004661201,GMM estimator,1.0,1.0,0.5,0.5,3411,0.0,0.0,0.0,wrong,wrong,1.5
242,-0.03769242293965133,-0.5296180185960562,-0.5350510228258637,GMM estimator,1.0,1.0,0.5,0.5,3411,0.0,0.0,0.0,wrong,wrong,1.5
243,-0.10640468149542043,-0.5347348878208067,-0.5188278898447863,GMM estimator,1.0,1.0,0.5,0.5,3411,0.0,0.0,0.0,wrong,wrong,1.5
244,-0.01775731207190749,-0.5253464921403418,-0.5229498674230088,GMM estimator,1.0,1.0,0.5,0.5,3411,0.0,0.0,0.0,wrong,wrong,1.5
245,0.10825305054320974,-0.5192902224184553,-0.5200215365481861,GMM estimator,1.0,1.0,0.5,0.5,3411,0.0,0.0,0.0,wrong,wrong,1.5
246,-0.3809074221647162,-0.5255785616987145,-0.5243674006220878,GMM estimator,1.0,1.0,0.5,0.5,3411,0.0,0.0,0.0,wrong,wrong,1.5
247,-0.17805957598797373,-0.5474880564377027,-0.5310687987007091,GMM estimator,1.0,1.0,0.5,0.5,3411,0.0,0.0,0.0,wrong,wrong,1.5
248,0.21336695234832254,-0.5364628457786449,-0.5198505491187132,GMM estimator,1.0,1.0,0.5,0.5,3411,0.0,0.0,0.0,wrong,wrong,1.5
249,0.25453071155674617,-0.507794130890064,-0.5126391817570798,GMM estimator,1.0,1.0,0.5,0.5,3411,0.0,0.0,0.0,wrong,wrong,1.5
250,-0.03427143194111035,-0.5259286722685188,-0.5276592356992512,GMM estimator,1.0,1.0,0.5,0.5,3411,0.0,0.0,0.0,wrong,wrong,1.5
251,-0.24680428503140828,-0.5430115367528794,-0.5358332981817437,GMM estimator,1.0,1.0,0.5,0.5,3411,0.0,0.0,0.0,wrong,wrong,1.5
252,0.16748559179896602,-0.5195622096714582,-0.5129297661549777,GMM estimator,1.0,1.0,0.5,0.5,3411,0.0,0.0,0.0,wrong,wrong,1.5
253,0.021969346659903164,-0.5086046732880128,-0.5112287566928158,GMM estimator,1.0,1.0,0.5,0.5,3411,0.0,0.0,0.0,wrong,wrong,1.5
254,0.10745061838069235,-0.52394020304711,-0.524485896130694,GMM estimator,1.0,1.0,0.5,0.5,3411,0.0,0.0,0.0,wrong,wrong,1.5
255,-0.022259338511407187,-0.5368273786980889,-0.5145327897309854,GMM estimator,1.0,1.0,0.5,0.5,3411,0.0,0.0,0.0,wrong,wrong,1.5
256,-0.2863079651610563,-0.5439936189180438,-0.5443621694914778,GMM estimator,1.0,1.0,0.5,0.5,3411,0.0,0.0,0.0,wrong,wrong,1.5
257,0.03579807721288725,-0.523053313965736,-0.5256633443367884,GMM estimator,1.0,1.0,0.5,0.5,3411,0.0,0.0,0.0,wrong,wrong,1.5
258,-0.34077344286968203,-0.5384801640214693,-0.538798229236343,GMM estimator,1.0,1.0,0.5,0.5,3411,0.0,0.0,0.0,wrong,wrong,1.5
259,-0.1420123405393215,-0.5312982840799695,-0.5229186429721843,GMM estimator,1.0,1.0,0.5,0.5,3411,0.0,0.0,0.0,wrong,wrong,1.5
260,-0.15246394732479637,-0.542371409798048,-0.5309638689727022,GMM estimator,1.0,1.0,0.5,0.5,3411,0.0,0.0,0.0,wrong,wrong,1.5
261,0.11889708943167791,-0.5255087789940621,-0.5243378043517662,GMM estimator,1.0,1.0,0.5,0.5,3411,0.0,0.0,0.0,wrong,wrong,1.5
262,-0.058027864211585393,-0.522532228468701,-0.5212621058251836,GMM estimator,1.0,1.0,0.5,0.5,3411,0.0,0.0,0.0,wrong,wrong,1.5
263,-0.15148032116105173,-0.5279584089111933,-0.5236846292513141,GMM estimator,1.0,1.0,0.5,0.5,3411,0.0,0.0,0.0,wrong,wrong,1.5
264,0.17388973907563968,-0.5134502003732421,-0.5229499437107604,GMM estimator,1.0,1.0,0.5,0.5,3411,0.0,0.0,0.0,wrong,wrong,1.5
265,-0.10781865636189936,-0.5337704094156698,-0.5226806446284153,GMM estimator,1.0,1.0,0.5,0.5,3411,0.0,0.0,0.0,wrong,wrong,1.5
266,-0.18981033983368706,-0.5536416790389219,-0.5527351817813402,GMM estimator,1.0,1.0,0.5,0.5,3411,0.0,0.0,0.0,wrong,wrong,1.5
267,0.04611540405586233,-0.5088768549327843,-0.5156101923391704,GMM estimator,1.0,1.0,0.5,0.5,3411,0.0,0.0,0.0,wrong,wrong,1.5
268,-0.32459397883338026,-0.5358141907910249,-0.5260859575923021,GMM estimator,1.0,1.0,0.5,0.5,3411,0.0,0.0,0.0,wrong,wrong,1.5
269,0.032279748776688294,-0.5200666668744283,-0.5149459246777466,GMM estimator,1.0,1.0,0.5,0.5,3411,0.0,0.0,0.0,wrong,wrong,1.5
270,-0.23368148056500626,-0.550813197906466,-0.5301478794932046,GMM estimator,1.0,1.0,0.5,0.5,3411,0.0,0.0,0.0,wrong,wrong,1.5
271,-0.1331700682774476,-0.5345330281246938,-0.5192983345778988,GMM estimator,1.0,1.0,0.5,0.5,3411,0.0,0.0,0.0,wrong,wrong,1.5
272,-0.19354290418993367,-0.5383904559943417,-0.529398260246902,GMM estimator,1.0,1.0,0.5,0.5,3411,0.0,0.0,0.0,wrong,wrong,1.5
273,-0.1638074953863478,-0.5417173656267661,-0.5310851281996049,GMM estimator,1.0,1.0,0.5,0.5,3411,0.0,0.0,0.0,wrong,wrong,1.5
274,-0.18830599353025582,-0.5466441515998525,-0.5365886113441901,GMM estimator,1.0,1.0,0.5,0.5,3411,0.0,0.0,0.0,wrong,wrong,1.5
275,-0.05471877073047268,-0.5275838995643579,-0.5333380471525372,GMM estimator,1.0,1.0,0.5,0.5,3411,0.0,0.0,0.0,wrong,wrong,1.5
276,-0.0064571167889620135,-0.5274478138554682,-0.5266350612383456,GMM estimator,1.0,1.0,0.5,0.5,3411,0.0,0.0,0.0,wrong,wrong,1.5
277,0.07853480448884011,-0.5212520613924613,-0.5259572106103363,GMM estimator,1.0,1.0,0.5,0.5,3411,0.0,0.0,0.0,wrong,wrong,1.5
278,0.08774490034529106,-0.5117316763438478,-0.5262696080402325,GMM estimator,1.0,1.0,0.5,0.5,3411,0.0,0.0,0.0,wrong,wrong,1.5
279,-0.06118928833413944,-0.536940634783935,-0.5274888164417503,GMM estimator,1.0,1.0,0.5,0.5,3411,0.0,0.0,0.0,wrong,wrong,1.5
280,0.041248967941990754,-0.5104357076672111,-0.5247436152646239,GMM estimator,1.0,1.0,0.5,0.5,3411,0.0,0.0,0.0,wrong,wrong,1.5
281,0.38529455982690364,-0.492933223280411,-0.5084546274832867,GMM estimator,1.0,1.0,0.5,0.5,3411,0.0,0.0,0.0,wrong,wrong,1.5
282,0.007636848208329307,-0.5318591384956116,-0.5286083943482869,GMM estimator,1.0,1.0,0.5,0.5,3411,0.0,0.0,0.0,wrong,wrong,1.5
283,0.031394677266095496,-0.5225182142185613,-0.5294532379362195,GMM estimator,1.0,1.0,0.5,0.5,3411,0.0,0.0,0.0,wrong,wrong,1.5
284,-0.02507092276002042,-0.5224599262642271,-0.5225498450797057,GMM estimator,1.0,1.0,0.5,0.5,3411,0.0,0.0,0.0,wrong,wrong,1.5
285,0.008212774537581263,-0.5381494206490061,-0.5368845664580757,GMM estimator,1.0,1.0,0.5,0.5,3411,0.0,0.0,0.0,wrong,wrong,1.5
286,0.19694005160229217,-0.5173180819514493,-0.5121955624377911,GMM estimator,1.0,1.0,0.5,0.5,3411,0.0,0.0,0.0,wrong,wrong,1.5
287,0.14552335972501954,-0.5045173803243115,-0.5211518494853572,GMM estimator,1.0,1.0,0.5,0.5,3411,0.0,0.0,0.0,wrong,wrong,1.5
288,-0.378798431396008,-0.5412689147270184,-0.5324661193989649,GMM estimator,1.0,1.0,0.5,0.5,3411,0.0,0.0,0.0,wrong,wrong,1.5
289,-0.34924843712588427,-0.5289463302641192,-0.5163837538056381,GMM estimator,1.0,1.0,0.5,0.5,3411,0.0,0.0,0.0,wrong,wrong,1.5
290,-0.18899441786772264,-0.5398433556291532,-0.5332014759144635,GMM estimator,1.0,1.0,0.5,0.5,3411,0.0,0.0,0.0,wrong,wrong,1.5
291,0.07292471390402062,-0.5194010046236365,-0.5157330155024287,GMM estimator,1.0,1.0,0.5,0.5,3411,0.0,0.0,0.0,wrong,wrong,1.5
292,0.3132484118998132,-0.49457150064408756,-0.5013812557191849,GMM estimator,1.0,1.0,0.5,0.5,3411,0.0,0.0,0.0,wrong,wrong,1.5
293,-0.12009787185687139,-0.5405904874485629,-0.5336666493145301,GMM estimator,1.0,1.0,0.5,0.5,3411,0.0,0.0,0.0,wrong,wrong,1.5
294,0.008833831875138944,-0.5349339913338481,-0.5198521777970692,GMM estimator,1.0,1.0,0.5,0.5,3411,0.0,0.0,0.0,wrong,wrong,1.5
295,0.10519826063106484,-0.5180018630843789,-0.5130997321775326,GMM estimator,1.0,1.0,0.5,0.5,3411,0.0,0.0,0.0,wrong,wrong,1.5
296,-0.0652621284258085,-0.5111449100911488,-0.5271670839214024,GMM estimator,1.0,1.0,0.5,0.5,3411,0.0,0.0,0.0,wrong,wrong,1.5
297,-0.005738542961643883,-0.5336509292689632,-0.5313320695922186,GMM estimator,1.0,1.0,0.5,0.5,3411,0.0,0.0,0.0,wrong,wrong,1.5
298,0.14808843292341747,-0.49828951960100176,-0.5038117550605313,GMM estimator,1.0,1.0,0.5,0.5,3411,0.0,0.0,0.0,wrong,wrong,1.5
299,0.021693433678700937,-0.5147851680945826,-0.5196178822939432,GMM estimator,1.0,1.0,0.5,0.5,3411,0.0,0.0,0.0,wrong,wrong,1.5
300,0.0648684662109552,-0.5483246450622241,-0.5260176702546748,GMM estimator,1.0,1.0,0.5,0.5,3411,0.0,0.0,0.0,wrong,wrong,1.5
