id,est_psi03,est_psi13,est_psi23,method,p_I1,p_I2,ph1,ph2,seed,psi03,psi13,psi23,gamma13,gamma23,add_const
1,-0.2102545041805763,-0.7750503668427335,0.27062546004151744,Three-step,0.2,0.2,0.5,0.5,3411,0.0,0.0,0.0,correct,correct,3.0
2,-0.12319833714931483,0.09715928644100924,0.23719275038376958,Three-step,0.2,0.2,0.5,0.5,3411,0.0,0.0,0.0,correct,correct,3.0
3,-0.26303363170839006,0.3011117852754649,-0.011670418344562639,Three-step,0.2,0.2,0.5,0.5,3411,0.0,0.0,0.0,correct,correct,3.0
4,0.22397934802122813,-0.1769149539403346,-0.016634657047821164,Three-step,0.2,0.2,0.5,0.5,3411,0.0,0.0,0.0,correct,correct,3.0
5,-0.3986236287201292,0.09174199036889076,-0.4560134790348466,Three-step,0.2,0.2,0.5,0.5,3411,0.0,0.0,0.0,correct,correct,3.0
6,0.22250487161136195,-0.1066515847312668,0.22902407626936433,Three-step,0.2,0.2,0.5,0.5,3411,0.0,0.0,0.0,correct,correct,3.0
7,0.637085217840467,-0.2342253917490963,0.021615213387539824,Three-step,0.2,0.2,0.5,0.5,3411,0.0,0.0,0.0,correct,correct,3.0
8,-0.19844335216837966,-0.12386859522273601,0.1097421822953045,Three-step,0.2,0.2,0.5,0.5,3411,0.0,0.0,0.0,correct,correct,3.0
9,-0.21309901513091487,0.10587165273710838,0.2677983464449687,Three-step,0.2,0.2,0.5,0.5,3411,0.0,0.0,0.0,correct,correct,3.0
10,-0.29002051913427607,-0.22031167419729517,-0.079886788021332,Three-step,0.2,0.2,0.5,0.5,3411,0.0,0.0,0.0,correct,correct,3.0
11,0.2601820355770568,-0.05524410198711806,0.15962819244775214,Three-step,0.2,0.2,0.5,0.5,3411,0.0,0.0,0.0,correct,correct,3.0
12,-0.04713814578335609,-0.18725661201800367,0.20181849633465815,Three-step,0.2,0.2,0.5,0.5,3411,0.0,0.0,0.0,correct,correct,3.0
13,0.3146136758596565,0.11076612542117947,-0.010701886430405075,Three-step,0.2,0.2,0.5,0.5,3411,0.0,0.0,0.0,correct,correct,3.0
14,-0.29280410051182637,-0.4726409068851669,-0.10581508510784045,Three-step,0.2,0.2,0.5,0.5,3411,0.0,0.0,0.0,correct,correct,3.0
15,-0.2894698481104495,-0.3170488962186679,0.013176255280802386,Three-step,0.2,0.2,0.5,0.5,3411,0.0,0.0,0.0,correct,correct,3.0
16,-0.21520949115079796,-0.24711218143717736,-0.4090634588478312,Three-step,0.2,0.2,0.5,0.5,3411,0.0,0.0,0.0,correct,correct,3.0
17,0.35978518978957724,0.43304233608644005,0.14517232430791122,Three-step,0.2,0.2,0.5,0.5,3411,0.0,0.0,0.0,correct,correct,3.0
18,0.03720091981741276,-0.3457654935021442,-0.1802428859509414,Three-step,0.2,0.2,0.5,0.5,3411,0.0,0.0,0.0,correct,correct,3.0
19,-0.05839776484131704,0.1355964176255425,-0.02112266462934291,Three-step,0.2,0.2,0.5,0.5,3411,0.0,0.0,0.0,correct,correct,3.0
20,-0.031597681347486535,0.42976439260939814,0.2853388680997712,Three-step,0.2,0.2,0.5,0.5,3411,0.0,0.0,0.0,correct,correct,3.0
21,0.06790602603327406,0.12685194438453412,0.21105453740673166,Three-step,0.2,0.2,0.5,0.5,3411,0.0,0.0,0.0,correct,correct,3.0
22,0.14496188881509817,0.13541729490795174,0.2483064153088556,Three-step,0.2,0.2,0.5,0.5,3411,0.0,0.0,0.0,correct,correct,3.0
23,-0.07204310239293855,0.22572964586700886,0.25715092167664577,Three-step,0.2,0.2,0.5,0.5,3411,0.0,0.0,0.0,correct,correct,3.0
24,0.30445335847055216,-0.25333243070129785,-0.13122119291259537,Three-step,0.2,0.2,0.5,0.5,3411,0.0,0.0,0.0,correct,correct,3.0
25,-0.07881315078188665,0.3907317828845769,-0.30302627534444293,Three-step,0.2,0.2,0.5,0.5,3411,0.0,0.0,0.0,correct,correct,3.0
26,-0.035582391257693906,-0.06726237600807287,-0.25732054414973676,Three-step,0.2,0.2,0.5,0.5,3411,0.0,0.0,0.0,correct,correct,3.0
27,0.0635074827589176,-0.04704876015501464,0.030096303625108387,Three-step,0.2,0.2,0.5,0.5,3411,0.0,0.0,0.0,correct,correct,3.0
28,0.009047711959546841,0.1366265078815953,-0.12128148472821679,Three-step,0.2,0.2,0.5,0.5,3411,0.0,0.0,0.0,correct,correct,3.0
29,0.040105206766651635,-0.40948678739320243,0.0913684014358929,Three-step,0.2,0.2,0.5,0.5,3411,0.0,0.0,0.0,correct,correct,3.0
30,-0.17760087336466487,0.07926224260914685,0.0707964798780266,Three-step,0.2,0.2,0.5,0.5,3411,0.0,0.0,0.0,correct,correct,3.0
31,0.08364431467564717,0.45216116438405385,0.36809757494192746,Three-step,0.2,0.2,0.5,0.5,3411,0.0,0.0,0.0,correct,correct,3.0
32,-0.08498658222423752,-0.4800555688553307,-0.06448616075723819,Three-step,0.2,0.2,0.5,0.5,3411,0.0,0.0,0.0,correct,correct,3.0
33,0.2904184489669324,0.18540085079854063,0.02346612382925485,Three-step,0.2,0.2,0.5,0.5,3411,0.0,0.0,0.0,correct,correct,3.0
34,0.053671632119379455,-0.6308774859114458,-0.12259606956827447,Three-step,0.2,0.2,0.5,0.5,3411,0.0,0.0,0.0,correct,correct,3.0
35,-0.024250281848715624,0.33803805634027967,-0.07918457245683054,Three-step,0.2,0.2,0.5,0.5,3411,0.0,0.0,0.0,correct,correct,3.0
36,0.11298728762225432,0.08212000739376515,-0.4205513908992879,Three-step,0.2,0.2,0.5,0.5,3411,0.0,0.0,0.0,correct,correct,3.0
37,-0.13800320376754716,-0.06658730187183834,-0.24819012089519843,Three-step,0.2,0.2,0.5,0.5,3411,0.0,0.0,0.0,correct,correct,3.0
38,-0.1576152752365268,-0.35404414902132164,-0.16660635718761393,Three-step,0.2,0.2,0.5,0.5,3411,0.0,0.0,0.0,correct,correct,3.0
39,-0.09027125231304585,-0.28721962381079325,-0.1663986579827539,Three-step,0.2,0.2,0.5,0.5,3411,0.0,0.0,0.0,correct,correct,3.0
40,0.13265676241237553,0.46952595147759946,-0.010029996409455486,Three-step,0.2,0.2,0.5,0.5,3411,0.0,0.0,0.0,correct,correct,3.0
41,-0.03152268048318484,-0.4540513705493143,0.25712219078992155,Three-step,0.2,0.2,0.5,0.5,3411,0.0,0.0,0.0,correct,correct,3.0
42,0.3904373014364092,-0.03253723739838921,-0.04387042379324543,Three-step,0.2,0.2,0.5,0.5,3411,0.0,0.0,0.0,correct,correct,3.0
43,-0.23434924333337948,-0.37984688699707203,0.10691984557593634,Three-step,0.2,0.2,0.5,0.5,3411,0.0,0.0,0.0,correct,correct,3.0
44,0.6091215229859764,-0.23929997998619096,0.19922541299118932,Three-step,0.2,0.2,0.5,0.5,3411,0.0,0.0,0.0,correct,correct,3.0
45,-0.0008550916877494778,-0.11431605939053516,-0.030648152317729965,Three-step,0.2,0.2,0.5,0.5,3411,0.0,0.0,0.0,correct,correct,3.0
46,0.026068300416614724,-0.001387539120790386,0.3264669148314226,Three-step,0.2,0.2,0.5,0.5,3411,0.0,0.0,0.0,correct,correct,3.0
47,0.04063086499479744,0.31862181670182976,0.558540951274186,Three-step,0.2,0.2,0.5,0.5,3411,0.0,0.0,0.0,correct,correct,3.0
48,0.2534297874655426,0.22330530210609137,0.02059918951280916,Three-step,0.2,0.2,0.5,0.5,3411,0.0,0.0,0.0,correct,correct,3.0
49,-0.2695081540586179,-0.1838160598538546,0.44838511472713294,Three-step,0.2,0.2,0.5,0.5,3411,0.0,0.0,0.0,correct,correct,3.0
50,-0.27831173140916216,-0.04897559041272238,0.004067387129141829,Three-step,0.2,0.2,0.5,0.5,3411,0.0,0.0,0.0,correct,correct,3.0
51,0.1349719333455408,0.2890661280376205,-0.08655284711100075,Three-step,0.2,0.2,0.5,0.5,3411,0.0,0.0,0.0,correct,correct,3.0
52,0.023054073275049013,0.12923430452412546,-0.1362886689885783,Three-step,0.2,0.2,0.5,0.5,3411,0.0,0.0,0.0,correct,correct,3.0
53,0.18882415919790524,0.2073551883658888,0.24399491185279262,Three-step,0.2,0.2,0.5,0.5,3411,0.0,0.0,0.0,correct,correct,3.0
54,0.0018123604428778525,0.3839486039676302,0.09497031566057686,Three-step,0.2,0.2,0.5,0.5,3411,0.0,0.0,0.0,correct,correct,3.0
55,-0.18819512390495424,0.28745814811276377,0.016096514621639003,Three-step,0.2,0.2,0.5,0.5,3411,0.0,0.0,0.0,correct,correct,3.0
56,-0.32374426663819134,0.16206529295611258,-0.2782535958692678,Three-step,0.2,0.2,0.5,0.5,3411,0.0,0.0,0.0,correct,correct,3.0
57,-0.3164450327621188,-0.6062715185236265,-0.32844013309492126,Three-step,0.2,0.2,0.5,0.5,3411,0.0,0.0,0.0,correct,correct,3.0
58,-0.18628669176214332,-0.49269202022916114,-0.35499382094336246,Three-step,0.2,0.2,0.5,0.5,3411,0.0,0.0,0.0,correct,correct,3.0
59,0.5912169118826491,0.30080371941970596,0.2413171522180303,Three-step,0.2,0.2,0.5,0.5,3411,0.0,0.0,0.0,correct,correct,3.0
60,-0.11435659888326156,0.46636759448866727,-0.004342264692896278,Three-step,0.2,0.2,0.5,0.5,3411,0.0,0.0,0.0,correct,correct,3.0
61,0.02529116942504757,-0.06441481604315509,-0.038759399165998985,Three-step,0.2,0.2,0.5,0.5,3411,0.0,0.0,0.0,correct,correct,3.0
62,0.06071451239301554,0.11674634281723342,0.36701127564096975,Three-step,0.2,0.2,0.5,0.5,3411,0.0,0.0,0.0,correct,correct,3.0
63,-0.26191050057278686,-0.07058572811699264,-0.07851436802834869,Three-step,0.2,0.2,0.5,0.5,3411,0.0,0.0,0.0,correct,correct,3.0
64,0.03494039968720857,0.40952795968276895,0.054006631880866025,Three-step,0.2,0.2,0.5,0.5,3411,0.0,0.0,0.0,correct,correct,3.0
65,-0.35000711527454687,-0.20780778109045853,0.3847210011848995,Three-step,0.2,0.2,0.5,0.5,3411,0.0,0.0,0.0,correct,correct,3.0
66,0.06856096865306435,0.5251844844152934,0.10794936299770884,Three-step,0.2,0.2,0.5,0.5,3411,0.0,0.0,0.0,correct,correct,3.0
67,0.194472362351919,-0.43895066008426914,-0.023904716452454844,Three-step,0.2,0.2,0.5,0.5,3411,0.0,0.0,0.0,correct,correct,3.0
68,-0.02110843094322144,0.21867700040651716,-0.18220320160275302,Three-step,0.2,0.2,0.5,0.5,3411,0.0,0.0,0.0,correct,correct,3.0
69,-0.2508054074064945,-0.18989837795016468,0.03439262711123653,Three-step,0.2,0.2,0.5,0.5,3411,0.0,0.0,0.0,correct,correct,3.0
70,-0.05443098965202663,-0.14511366989033825,-0.01710955058144782,Three-step,0.2,0.2,0.5,0.5,3411,0.0,0.0,0.0,correct,correct,3.0
71,-0.23418258171497647,-0.15993021611078664,0.21441361162059902,Three-step,0.2,0.2,0.5,0.5,3411,0.0,0.0,0.0,correct,correct,3.0
72,-0.05336545118783073,-0.4206712307938811,-0.5736677274185875,Three-step,0.2,0.2,0.5,0.5,3411,0.0,0.0,0.0,correct,correct,3.0
73,-0.06496411548074427,0.3371370693574904,-0.16034384444194202,Three-step,0.2,0.2,0.5,0.5,3411,0.0,0.0,0.0,correct,correct,3.0
74,-0.38161383673823307,-0.12101610043588239,0.17531196564191082,Three-step,0.2,0.2,0.5,0.5,3411,0.0,0.0,0.0,correct,correct,3.0
75,-0.004665710933940211,-0.0269797808777354,0.15458360812114666,Three-step,0.2,0.2,0.5,0.5,3411,0.0,0.0,0.0,correct,correct,3.0
76,0.048066392393261125,-0.18485438650051528,0.01827356712778425,Three-step,0.2,0.2,0.5,0.5,3411,0.0,0.0,0.0,correct,correct,3.0
77,-0.23504555247622932,0.018593290125015573,-0.4009925703271133,Three-step,0.2,0.2,0.5,0.5,3411,0.0,0.0,0.0,correct,correct,3.0
78,-0.5217307694812545,-0.334255510746508,-0.5147253749416727,Three-step,0.2,0.2,0.5,0.5,3411,0.0,0.0,0.0,correct,correct,3.0
79,0.08343906060265106,-0.2903558060401347,0.5336698292087719,Three-step,0.2,0.2,0.5,0.5,3411,0.0,0.0,0.0,correct,correct,3.0
80,0.09419883363607034,-0.2567554590020308,-0.3602435286905854,Three-step,0.2,0.2,0.5,0.5,3411,0.0,0.0,0.0,correct,correct,3.0
81,-0.33769871132791923,-0.31890558832714955,-0.3149103447834782,Three-step,0.2,0.2,0.5,0.5,3411,0.0,0.0,0.0,correct,correct,3.0
82,0.2030775625095089,0.442941449417782,0.08991625247204782,Three-step,0.2,0.2,0.5,0.5,3411,0.0,0.0,0.0,correct,correct,3.0
83,-0.0626044766630765,0.10507833234393325,-0.010065627877704842,Three-step,0.2,0.2,0.5,0.5,3411,0.0,0.0,0.0,correct,correct,3.0
84,-0.2759634272328326,-0.11929994990682484,0.07271197008238163,Three-step,0.2,0.2,0.5,0.5,3411,0.0,0.0,0.0,correct,correct,3.0
85,-0.3282198887589532,-0.34192274448790855,-0.3524509107666634,Three-step,0.2,0.2,0.5,0.5,3411,0.0,0.0,0.0,correct,correct,3.0
86,-0.2055745444659175,-0.07537876306653153,-0.31908258341261403,Three-step,0.2,0.2,0.5,0.5,3411,0.0,0.0,0.0,correct,correct,3.0
87,-0.021919635415523483,-0.6020884717418192,0.09855429852532431,Three-step,0.2,0.2,0.5,0.5,3411,0.0,0.0,0.0,correct,correct,3.0
88,0.22590743751660156,0.22762158182746983,0.08076790960085656,Three-step,0.2,0.2,0.5,0.5,3411,0.0,0.0,0.0,correct,correct,3.0
89,0.059065489297219664,-0.3028908557022214,0.23039770620612174,Three-step,0.2,0.2,0.5,0.5,3411,0.0,0.0,0.0,correct,correct,3.0
90,0.000698774537513992,-0.46477300777634056,0.27021765814032944,Three-step,0.2,0.2,0.5,0.5,3411,0.0,0.0,0.0,correct,correct,3.0
91,0.01437530326702552,0.17181970252529696,-0.07993403203302772,Three-step,0.2,0.2,0.5,0.5,3411,0.0,0.0,0.0,correct,correct,3.0
92,-0.6343929554480943,0.099177599535744,-0.3194791035383463,Three-step,0.2,0.2,0.5,0.5,3411,0.0,0.0,0.0,correct,correct,3.0
93,0.0277957773034348,0.36740527085806324,-0.3206650874331386,Three-step,0.2,0.2,0.5,0.5,3411,0.0,0.0,0.0,correct,correct,3.0
94,-0.03810739083519752,-0.1483204411122169,0.1237152182600945,Three-step,0.2,0.2,0.5,0.5,3411,0.0,0.0,0.0,correct,correct,3.0
95,-0.1264282288005773,-0.06512572789554442,0.21011829333749985,Three-step,0.2,0.2,0.5,0.5,3411,0.0,0.0,0.0,correct,correct,3.0
96,-0.07022107629479117,-0.4016299644235306,-0.1520115422423749,Three-step,0.2,0.2,0.5,0.5,3411,0.0,0.0,0.0,correct,correct,3.0
97,-0.25112133181511587,-0.11108752897700046,0.06012814326193415,Three-step,0.2,0.2,0.5,0.5,3411,0.0,0.0,0.0,correct,correct,3.0
98,0.11085426041102396,0.5065341894878176,-0.16821196650100845,Three-step,0.2,0.2,0.5,0.5,3411,0.0,0.0,0.0,correct,correct,3.0
99,-0.2519858984627667,-0.18802128079861583,0.39683785052300447,Three-step,0.2,0.2,0.5,0.5,3411,0.0,0.0,0.0,correct,correct,3.0
100,-0.16386016052538296,0.2783362231489705,-0.0234962658335383,Three-step,0.2,0.2,0.5,0.5,3411,0.0,0.0,0.0,correct,correct,3.0
101,0.03659462169096734,-0.3339868251416321,-0.08477836612238317,Three-step,0.2,0.2,0.5,0.5,3411,0.0,0.0,0.0,correct,correct,3.0
102,0.18639134710580887,-0.23211997599458706,-0.16096753803200511,Three-step,0.2,0.2,0.5,0.5,3411,0.0,0.0,0.0,correct,correct,3.0
103,0.03001528732924176,-0.0970873340139064,0.17205713481785737,Three-step,0.2,0.2,0.5,0.5,3411,0.0,0.0,0.0,correct,correct,3.0
104,-0.597351062961834,0.27910185564671314,0.014199916862013945,Three-step,0.2,0.2,0.5,0.5,3411,0.0,0.0,0.0,correct,correct,3.0
105,-0.15093889231720536,-0.24672137629006088,-0.5268497422514595,Three-step,0.2,0.2,0.5,0.5,3411,0.0,0.0,0.0,correct,correct,3.0
106,-0.3230479811638218,-0.5526075212925771,-0.34461740116239065,Three-step,0.2,0.2,0.5,0.5,3411,0.0,0.0,0.0,correct,correct,3.0
107,-0.5580793380081758,-0.20840240656045303,0.4060154669672082,Three-step,0.2,0.2,0.5,0.5,3411,0.0,0.0,0.0,correct,correct,3.0
108,-0.10133135735118164,0.06832672154849251,0.43229934692617394,Three-step,0.2,0.2,0.5,0.5,3411,0.0,0.0,0.0,correct,correct,3.0
109,0.02517416303553289,0.20642567465930078,0.2131013703683369,Three-step,0.2,0.2,0.5,0.5,3411,0.0,0.0,0.0,correct,correct,3.0
110,0.29766751172150613,-0.39883185501699936,0.22571252312339032,Three-step,0.2,0.2,0.5,0.5,3411,0.0,0.0,0.0,correct,correct,3.0
111,0.1642596993959855,0.3012731417443203,-0.04036515191663948,Three-step,0.2,0.2,0.5,0.5,3411,0.0,0.0,0.0,correct,correct,3.0
112,-0.13811878374878586,-0.1250726113156423,-0.02733139494505691,Three-step,0.2,0.2,0.5,0.5,3411,0.0,0.0,0.0,correct,correct,3.0
113,-0.418015623641937,0.18955094289940505,0.12534823968586228,Three-step,0.2,0.2,0.5,0.5,3411,0.0,0.0,0.0,correct,correct,3.0
114,0.27723015112201316,-0.0721272950818682,-0.20591180911526924,Three-step,0.2,0.2,0.5,0.5,3411,0.0,0.0,0.0,correct,correct,3.0
115,0.1789559211870414,-0.17192539308403518,-0.05659348257902041,Three-step,0.2,0.2,0.5,0.5,3411,0.0,0.0,0.0,correct,correct,3.0
116,-0.027910853287460506,0.13069212913305517,-0.1549877325503952,Three-step,0.2,0.2,0.5,0.5,3411,0.0,0.0,0.0,correct,correct,3.0
117,-0.3987922418640125,-0.7461293924413435,-0.051676848016062156,Three-step,0.2,0.2,0.5,0.5,3411,0.0,0.0,0.0,correct,correct,3.0
118,-0.19729209813574777,-0.37351505415527686,-0.24302191482612245,Three-step,0.2,0.2,0.5,0.5,3411,0.0,0.0,0.0,correct,correct,3.0
119,0.004845487472029192,-0.11546508816794528,-0.04040251329465251,Three-step,0.2,0.2,0.5,0.5,3411,0.0,0.0,0.0,correct,correct,3.0
120,-0.12616056622016344,0.006311506506775597,0.19263359105653524,Three-step,0.2,0.2,0.5,0.5,3411,0.0,0.0,0.0,correct,correct,3.0
121,0.032739278890055526,0.11433667177441938,0.27470726673150186,Three-step,0.2,0.2,0.5,0.5,3411,0.0,0.0,0.0,correct,correct,3.0
122,0.4809358876729637,-0.20168111386601986,-0.02144796120136242,Three-step,0.2,0.2,0.5,0.5,3411,0.0,0.0,0.0,correct,correct,3.0
123,0.2379650106478148,0.42913559892251646,0.13567886157536632,Three-step,0.2,0.2,0.5,0.5,3411,0.0,0.0,0.0,correct,correct,3.0
124,-0.06677700115898519,-0.21971958240905798,-0.3122466297340295,Three-step,0.2,0.2,0.5,0.5,3411,0.0,0.0,0.0,correct,correct,3.0
125,-0.09518316767585756,0.1823956475452568,0.2531181425282727,Three-step,0.2,0.2,0.5,0.5,3411,0.0,0.0,0.0,correct,correct,3.0
126,-0.07789878920917062,-0.21254449050314164,0.029583129444394,Three-step,0.2,0.2,0.5,0.5,3411,0.0,0.0,0.0,correct,correct,3.0
127,0.021245635322146062,0.1176719522888017,0.18517574910216442,Three-step,0.2,0.2,0.5,0.5,3411,0.0,0.0,0.0,correct,correct,3.0
128,0.36970271637342605,-0.10561862444990189,0.3442144650767685,Three-step,0.2,0.2,0.5,0.5,3411,0.0,0.0,0.0,correct,correct,3.0
129,0.05722489059811859,0.16289471411832618,0.3237067416509539,Three-step,0.2,0.2,0.5,0.5,3411,0.0,0.0,0.0,correct,correct,3.0
130,-0.14800551002101195,-0.5748350369870284,-0.20146413448086536,Three-step,0.2,0.2,0.5,0.5,3411,0.0,0.0,0.0,correct,correct,3.0
131,-0.08354177171935175,-0.08054147534914799,-0.030798620037143114,Three-step,0.2,0.2,0.5,0.5,3411,0.0,0.0,0.0,correct,correct,3.0
132,-0.43602305854545614,-0.3006647243235831,0.0707148245235934,Three-step,0.2,0.2,0.5,0.5,3411,0.0,0.0,0.0,correct,correct,3.0
133,-0.09864192115083556,-0.34786652713471755,0.0554439926256481,Three-step,0.2,0.2,0.5,0.5,3411,0.0,0.0,0.0,correct,correct,3.0
134,0.06393408183920371,-0.09651188349650214,0.1786692575899196,Three-step,0.2,0.2,0.5,0.5,3411,0.0,0.0,0.0,correct,correct,3.0
135,0.06526969888902819,-0.31382201238542057,-0.15047352511377018,Three-step,0.2,0.2,0.5,0.5,3411,0.0,0.0,0.0,correct,correct,3.0
136,-0.26520167109453985,-0.12129728739228118,-0.08254496743550739,Three-step,0.2,0.2,0.5,0.5,3411,0.0,0.0,0.0,correct,correct,3.0
137,-0.09586400102644903,0.12217219926560095,-0.05519577326663019,Three-step,0.2,0.2,0.5,0.5,3411,0.0,0.0,0.0,correct,correct,3.0
138,0.4284060385012995,0.10197835371299331,0.07695264194198662,Three-step,0.2,0.2,0.5,0.5,3411,0.0,0.0,0.0,correct,correct,3.0
139,-0.12688159816061523,-0.08153262480504783,-0.17802700460026058,Three-step,0.2,0.2,0.5,0.5,3411,0.0,0.0,0.0,correct,correct,3.0
140,0.22872167325458403,0.04459259741036147,0.20207902651086138,Three-step,0.2,0.2,0.5,0.5,3411,0.0,0.0,0.0,correct,correct,3.0
141,0.0019245825024737252,-0.18747359737235642,0.04766753839573402,Three-step,0.2,0.2,0.5,0.5,3411,0.0,0.0,0.0,correct,correct,3.0
142,0.1307263090977299,-0.2310308266659899,0.2086333002295219,Three-step,0.2,0.2,0.5,0.5,3411,0.0,0.0,0.0,correct,correct,3.0
143,0.11580174764000298,0.32629048602778576,0.030757698900621057,Three-step,0.2,0.2,0.5,0.5,3411,0.0,0.0,0.0,correct,correct,3.0
144,0.23932811206303586,0.3681465912139639,0.10411046451152829,Three-step,0.2,0.2,0.5,0.5,3411,0.0,0.0,0.0,correct,correct,3.0
145,0.2752076060669434,0.0836360063249261,0.5674023871909848,Three-step,0.2,0.2,0.5,0.5,3411,0.0,0.0,0.0,correct,correct,3.0
146,-0.11974130790084356,0.03629946485791112,-0.09227917651453511,Three-step,0.2,0.2,0.5,0.5,3411,0.0,0.0,0.0,correct,correct,3.0
147,-0.1048607484811375,0.10632174797666846,-0.04698409279099134,Three-step,0.2,0.2,0.5,0.5,3411,0.0,0.0,0.0,correct,correct,3.0
148,0.1529407643159551,0.06092069307292153,-0.00524472360971058,Three-step,0.2,0.2,0.5,0.5,3411,0.0,0.0,0.0,correct,correct,3.0
149,-0.17760357368404509,-0.08908693749618114,0.06765480532972976,Three-step,0.2,0.2,0.5,0.5,3411,0.0,0.0,0.0,correct,correct,3.0
150,0.23758188645933015,-0.13660342727867034,-0.08866446531008342,Three-step,0.2,0.2,0.5,0.5,3411,0.0,0.0,0.0,correct,correct,3.0
151,0.16033988799672216,-0.19674883607022622,-0.16754628744453925,Three-step,0.2,0.2,0.5,0.5,3411,0.0,0.0,0.0,correct,correct,3.0
152,0.10354583608647323,0.009875894572414673,0.0593653002890584,Three-step,0.2,0.2,0.5,0.5,3411,0.0,0.0,0.0,correct,correct,3.0
153,0.13865984168228576,-0.07269982696929655,0.28045286876058995,Three-step,0.2,0.2,0.5,0.5,3411,0.0,0.0,0.0,correct,correct,3.0
154,0.01974099345797288,0.771006950287462,0.037981281376638636,Three-step,0.2,0.2,0.5,0.5,3411,0.0,0.0,0.0,correct,correct,3.0
155,0.03384112095571306,0.16314711588793335,-0.3436055367268301,Three-step,0.2,0.2,0.5,0.5,3411,0.0,0.0,0.0,correct,correct,3.0
156,0.36032433629201854,-0.06728106028181277,0.35372124965820634,Three-step,0.2,0.2,0.5,0.5,3411,0.0,0.0,0.0,correct,correct,3.0
157,0.02656661984998342,0.15849606139153752,-0.3888686008887214,Three-step,0.2,0.2,0.5,0.5,3411,0.0,0.0,0.0,correct,correct,3.0
158,0.29708503511488993,0.42870008107394003,0.0901848658420583,Three-step,0.2,0.2,0.5,0.5,3411,0.0,0.0,0.0,correct,correct,3.0
159,-0.023709743226835042,0.900779714915917,0.2506169768576146,Three-step,0.2,0.2,0.5,0.5,3411,0.0,0.0,0.0,correct,correct,3.0
160,0.14347427914240007,-0.19758324021973722,0.32824944270262385,Three-step,0.2,0.2,0.5,0.5,3411,0.0,0.0,0.0,correct,correct,3.0
161,0.06685338467714066,0.10458211939601174,-0.2508295732605618,Three-step,0.2,0.2,0.5,0.5,3411,0.0,0.0,0.0,correct,correct,3.0
162,0.24216959700589819,0.676410111521525,-0.2555650218497527,Three-step,0.2,0.2,0.5,0.5,3411,0.0,0.0,0.0,correct,correct,3.0
163,0.054079068076564055,0.4444742191665185,-0.0019066650463371102,Three-step,0.2,0.2,0.5,0.5,3411,0.0,0.0,0.0,correct,correct,3.0
164,-0.5068665628167767,0.22632883970528336,-0.6698759762629607,Three-step,0.2,0.2,0.5,0.5,3411,0.0,0.0,0.0,correct,correct,3.0
165,-0.06443318512000053,0.2610399268899219,-0.04210042947759355,Three-step,0.2,0.2,0.5,0.5,3411,0.0,0.0,0.0,correct,correct,3.0
166,0.20647359099886806,-0.3298815994753848,0.22907980825066623,Three-step,0.2,0.2,0.5,0.5,3411,0.0,0.0,0.0,correct,correct,3.0
167,-0.23504733629260818,0.4247333937070698,-0.23001585984100062,Three-step,0.2,0.2,0.5,0.5,3411,0.0,0.0,0.0,correct,correct,3.0
168,0.20183473863648355,-0.4091412040246833,-0.3516722226322796,Three-step,0.2,0.2,0.5,0.5,3411,0.0,0.0,0.0,correct,correct,3.0
169,-0.18891285507016214,0.6256157720435465,-0.19839457541953373,Three-step,0.2,0.2,0.5,0.5,3411,0.0,0.0,0.0,correct,correct,3.0
170,-0.029652681000737372,-0.21187696494067743,0.005874528412042219,Three-step,0.2,0.2,0.5,0.5,3411,0.0,0.0,0.0,correct,correct,3.0
171,-0.24047484603597988,0.13439747810637667,-0.37063206466987075,Three-step,0.2,0.2,0.5,0.5,3411,0.0,0.0,0.0,correct,correct,3.0
172,-0.1967532006920824,0.1228657880662068,-0.1450974483845256,Three-step,0.2,0.2,0.5,0.5,3411,0.0,0.0,0.0,correct,correct,3.0
173,-0.0439197720323385,-0.3129564054871073,0.07915609268893582,Three-step,0.2,0.2,0.5,0.5,3411,0.0,0.0,0.0,correct,correct,3.0
174,0.0330755302125245,0.25677316657795324,0.10885261275864076,Three-step,0.2,0.2,0.5,0.5,3411,0.0,0.0,0.0,correct,correct,3.0
175,0.37983087284057016,-0.2653170349267618,-0.10333016064347617,Three-step,0.2,0.2,0.5,0.5,3411,0.0,0.0,0.0,correct,correct,3.0
176,-0.3644010579427919,-0.17968069116366764,-0.19319763302543563,Three-step,0.2,0.2,0.5,0.5,3411,0.0,0.0,0.0,correct,correct,3.0
177,0.16872937219688117,0.021214910474182936,-0.20783085570392654,Three-step,0.2,0.2,0.5,0.5,3411,0.0,0.0,0.0,correct,correct,3.0
178,-0.027496656196810833,0.00697446632505856,0.38507233564585336,Three-step,0.2,0.2,0.5,0.5,3411,0.0,0.0,0.0,correct,correct,3.0
179,-0.22850796213527172,-0.08761553239238487,0.16595185525633963,Three-step,0.2,0.2,0.5,0.5,3411,0.0,0.0,0.0,correct,correct,3.0
180,0.27435994908306993,0.2202290107355004,-0.2160218984193171,Three-step,0.2,0.2,0.5,0.5,3411,0.0,0.0,0.0,correct,correct,3.0
181,0.05702773235453397,0.015061612336725426,0.29814801048841977,Three-step,0.2,0.2,0.5,0.5,3411,0.0,0.0,0.0,correct,correct,3.0
182,0.17989923328057342,-0.0758067299540242,0.028871737995649793,Three-step,0.2,0.2,0.5,0.5,3411,0.0,0.0,0.0,correct,correct,3.0
183,0.25383951659441667,0.2479266451159952,0.11393572610022377,Three-step,0.2,0.2,0.5,0.5,3411,0.0,0.0,0.0,correct,correct,3.0
184,0.11705996076577474,0.40707398803840195,-0.1167818865657471,Three-step,0.2,0.2,0.5,0.5,3411,0.0,0.0,0.0,correct,correct,3.0
185,0.03859073097792419,-0.08968950409440149,-0.21520160184051293,Three-step,0.2,0.2,0.5,0.5,3411,0.0,0.0,0.0,correct,correct,3.0
186,0.17832259541185083,0.3087346639074324,0.17364164368178575,Three-step,0.2,0.2,0.5,0.5,3411,0.0,0.0,0.0,correct,correct,3.0
187,0.08288096391978515,0.27909533337139014,-0.04595758506643074,Three-step,0.2,0.2,0.5,0.5,3411,0.0,0.0,0.0,correct,correct,3.0
188,-0.007072256454755535,0.23363578951592098,-0.36351703264678925,Three-step,0.2,0.2,0.5,0.5,3411,0.0,0.0,0.0,correct,correct,3.0
189,0.2563974177589293,-0.03653907778806999,0.3548724918679963,Three-step,0.2,0.2,0.5,0.5,3411,0.0,0.0,0.0,correct,correct,3.0
190,0.0706664248193384,0.5491871096059849,0.18106725274125432,Three-step,0.2,0.2,0.5,0.5,3411,0.0,0.0,0.0,correct,correct,3.0
191,-0.2774190619993866,-0.17418261527184004,0.1286343342970739,Three-step,0.2,0.2,0.5,0.5,3411,0.0,0.0,0.0,correct,correct,3.0
192,-0.16202919985882885,0.43988124127647726,0.10039779130788141,Three-step,0.2,0.2,0.5,0.5,3411,0.0,0.0,0.0,correct,correct,3.0
193,-0.37578307169908437,0.4320716624959376,0.0504256297831211,Three-step,0.2,0.2,0.5,0.5,3411,0.0,0.0,0.0,correct,correct,3.0
194,0.3507225394121372,0.03527314340725509,0.2457029974049185,Three-step,0.2,0.2,0.5,0.5,3411,0.0,0.0,0.0,correct,correct,3.0
195,-0.4640123224229496,-0.3464873648705419,-0.00200205633908473,Three-step,0.2,0.2,0.5,0.5,3411,0.0,0.0,0.0,correct,correct,3.0
196,-0.09075020018064248,-0.2660173208863283,-0.014223405145119133,Three-step,0.2,0.2,0.5,0.5,3411,0.0,0.0,0.0,correct,correct,3.0
197,0.02796525927114384,-0.13310195326867713,0.2281885017827092,Three-step,0.2,0.2,0.5,0.5,3411,0.0,0.0,0.0,correct,correct,3.0
198,0.07107887261624628,-0.1833690919127763,-0.31407751118307203,Three-step,0.2,0.2,0.5,0.5,3411,0.0,0.0,0.0,correct,correct,3.0
199,0.2783951490657778,0.2873427342711722,0.26431445782649937,Three-step,0.2,0.2,0.5,0.5,3411,0.0,0.0,0.0,correct,correct,3.0
200,-0.03113747508946786,0.36034896635577435,0.08468143182413612,Three-step,0.2,0.2,0.5,0.5,3411,0.0,0.0,0.0,correct,correct,3.0
201,0.10197696073719206,-0.02108481043568182,0.21703310509469612,Three-step,0.2,0.2,0.5,0.5,3411,0.0,0.0,0.0,correct,correct,3.0
202,-0.03450291853345141,0.026807095588145112,-0.0552047155235404,Three-step,0.2,0.2,0.5,0.5,3411,0.0,0.0,0.0,correct,correct,3.0
203,0.20836065888028477,-0.1240759629166892,0.09678586587834342,Three-step,0.2,0.2,0.5,0.5,3411,0.0,0.0,0.0,correct,correct,3.0
204,0.13279897007526678,-0.029009765750874668,0.23571891375288678,Three-step,0.2,0.2,0.5,0.5,3411,0.0,0.0,0.0,correct,correct,3.0
205,0.01473453454029081,0.19812335090751776,0.16722092995574642,Three-step,0.2,0.2,0.5,0.5,3411,0.0,0.0,0.0,correct,correct,3.0
206,0.13012222180468336,0.02784014017406663,0.10137375256241639,Three-step,0.2,0.2,0.5,0.5,3411,0.0,0.0,0.0,correct,correct,3.0
207,0.30035019797879536,0.5522735198258515,0.10376108341104533,Three-step,0.2,0.2,0.5,0.5,3411,0.0,0.0,0.0,correct,correct,3.0
208,-0.3561416422432687,-0.12850628098207442,0.13184932913600803,Three-step,0.2,0.2,0.5,0.5,3411,0.0,0.0,0.0,correct,correct,3.0
209,-0.08924589089018388,0.3034966649178386,0.0466964282069456,Three-step,0.2,0.2,0.5,0.5,3411,0.0,0.0,0.0,correct,correct,3.0
210,0.16984915240135837,-0.07651313021996398,0.5078561988546209,Three-step,0.2,0.2,0.5,0.5,3411,0.0,0.0,0.0,correct,correct,3.0
211,0.2794851493949413,0.42475147767083243,0.21554982908287887,Three-step,0.2,0.2,0.5,0.5,3411,0.0,0.0,0.0,correct,correct,3.0
212,0.3088325067856871,0.07750144880096896,-0.03880190346464296,Three-step,0.2,0.2,0.5,0.5,3411,0.0,0.0,0.0,correct,correct,3.0
213,0.019741590141445046,-0.30754436268643626,-0.11279002888790264,Three-step,0.2,0.2,0.5,0.5,3411,0.0,0.0,0.0,correct,correct,3.0
214,-0.2434945569681364,-0.13450309461632237,0.20892983396670506,Three-step,0.2,0.2,0.5,0.5,3411,0.0,0.0,0.0,correct,correct,3.0
215,-0.05765506520219914,-0.28054091495166456,0.11667385267007958,Three-step,0.2,0.2,0.5,0.5,3411,0.0,0.0,0.0,correct,correct,3.0
216,0.38896438872836353,0.15085768312432085,0.28805978425269385,Three-step,0.2,0.2,0.5,0.5,3411,0.0,0.0,0.0,correct,correct,3.0
217,0.47879673116216903,0.40740170342340754,0.10574806976709338,Three-step,0.2,0.2,0.5,0.5,3411,0.0,0.0,0.0,correct,correct,3.0
218,-0.14084438957243964,-0.35774584631749895,0.09591108875364288,Three-step,0.2,0.2,0.5,0.5,3411,0.0,0.0,0.0,correct,correct,3.0
219,0.08987270088354062,0.10119833216809668,0.21182196099289907,Three-step,0.2,0.2,0.5,0.5,3411,0.0,0.0,0.0,correct,correct,3.0
220,0.1791730610285523,-0.10931890664257743,-0.07825112874904608,Three-step,0.2,0.2,0.5,0.5,3411,0.0,0.0,0.0,correct,correct,3.0
221,0.043881846020813256,-0.06165105936915822,-0.2253050240324752,Three-step,0.2,0.2,0.5,0.5,3411,0.0,0.0,0.0,correct,correct,3.0
222,-0.023813343735952175,0.07168387950596132,0.07918569081848188,Three-step,0.2,0.2,0.5,0.5,3411,0.0,0.0,0.0,correct,correct,3.0
223,0.0779424820681542,0.29984828875615854,0.7195645572366405,Three-step,0.2,0.2,0.5,0.5,3411,0.0,0.0,0.0,correct,correct,3.0
224,-0.15639624844926855,-0.35582021961072435,-0.26193426019631477,Three-step,0.2,0.2,0.5,0.5,3411,0.0,0.0,0.0,correct,correct,3.0
225,-0.1994680562911002,-0.2675653273412295,-0.002362379050382334,Three-step,0.2,0.2,0.5,0.5,3411,0.0,0.0,0.0,correct,correct,3.0
226,0.3153871005430117,0.19446566311020413,0.10749678952717458,Three-step,0.2,0.2,0.5,0.5,3411,0.0,0.0,0.0,correct,correct,3.0
227,0.3415145484413999,-0.22060154159297268,0.34745858685121517,Three-step,0.2,0.2,0.5,0.5,3411,0.0,0.0,0.0,correct,correct,3.0
228,0.28254058691447986,-0.012251696627444148,0.14974421356338086,Three-step,0.2,0.2,0.5,0.5,3411,0.0,0.0,0.0,correct,correct,3.0
229,-0.020536880842484843,-0.3902763113783168,-0.054412344131126826,Three-step,0.2,0.2,0.5,0.5,3411,0.0,0.0,0.0,correct,correct,3.0
230,-0.17371111286533975,0.14664571019773526,-0.25333318026504376,Three-step,0.2,0.2,0.5,0.5,3411,0.0,0.0,0.0,correct,correct,3.0
231,0.26240109789082544,0.04000242799585092,0.1869264472062391,Three-step,0.2,0.2,0.5,0.5,3411,0.0,0.0,0.0,correct,correct,3.0
232,-0.21822711143251225,-0.27338991296435833,-0.11136984958598745,Three-step,0.2,0.2,0.5,0.5,3411,0.0,0.0,0.0,correct,correct,3.0
233,-0.3361603582889457,-0.158069897689968,0.25661619133319036,Three-step,0.2,0.2,0.5,0.5,3411,0.0,0.0,0.0,correct,correct,3.0
234,-0.039998133096437835,-0.08922096525065852,0.11846755670401231,Three-step,0.2,0.2,0.5,0.5,3411,0.0,0.0,0.0,correct,correct,3.0
235,-0.22378067516964503,-0.02340418183219632,0.003601855974118102,Three-step,0.2,0.2,0.5,0.5,3411,0.0,0.0,0.0,correct,correct,3.0
236,-0.3428391328638106,-0.1274817239126898,0.05608012204019396,Three-step,0.2,0.2,0.5,0.5,3411,0.0,0.0,0.0,correct,correct,3.0
237,-0.17317665677579128,-0.06699148252698738,0.18738269421276316,Three-step,0.2,0.2,0.5,0.5,3411,0.0,0.0,0.0,correct,correct,3.0
238,0.10359842843789417,0.17091672185443674,-0.029730357598874085,Three-step,0.2,0.2,0.5,0.5,3411,0.0,0.0,0.0,correct,correct,3.0
239,-0.21578866665228558,-0.3857825498982462,-0.16274236187093816,Three-step,0.2,0.2,0.5,0.5,3411,0.0,0.0,0.0,correct,correct,3.0
240,-0.07643503217034277,-0.0634954239691498,-0.0018479512222696324,Three-step,0.2,0.2,0.5,0.5,3411,0.0,0.0,0.0,correct,correct,3.0
241,-0.10877869420779289,0.5374647333509454,0.11484165563638596,Three-step,0.2,0.2,0.5,0.5,3411,0.0,0.0,0.0,correct,correct,3.0
242,0.26266307353201,0.46003113828146136,-0.0031426028450609136,Three-step,0.2,0.2,0.5,0.5,3411,0.0,0.0,0.0,correct,correct,3.0
243,0.05159719412318317,0.18671849052394504,-0.06598807668329991,Three-step,0.2,0.2,0.5,0.5,3411,0.0,0.0,0.0,correct,correct,3.0
244,0.09794251824219033,-0.0027210968097235552,0.2827733214585631,Three-step,0.2,0.2,0.5,0.5,3411,0.0,0.0,0.0,correct,correct,3.0
245,0.06047289303566783,-0.09672069850336885,0.0019295224077380089,Three-step,0.2,0.2,0.5,0.5,3411,0.0,0.0,0.0,correct,correct,3.0
246,-0.5348126306390745,-0.2083155874632346,-0.17408677112045076,Three-step,0.2,0.2,0.5,0.5,3411,0.0,0.0,0.0,correct,correct,3.0
247,-0.09305054475862044,-0.11549261798688748,-0.24002940695451447,Three-step,0.2,0.2,0.5,0.5,3411,0.0,0.0,0.0,correct,correct,3.0
248,0.3195273006151491,-0.23960366827489205,-0.22559412519794492,Three-step,0.2,0.2,0.5,0.5,3411,0.0,0.0,0.0,correct,correct,3.0
249,0.22880973493800774,0.6081948285977423,0.010063245610932765,Three-step,0.2,0.2,0.5,0.5,3411,0.0,0.0,0.0,correct,correct,3.0
250,-0.160470339119794,-0.026564165174934106,-0.15758922402108702,Three-step,0.2,0.2,0.5,0.5,3411,0.0,0.0,0.0,correct,correct,3.0
251,-0.08373653015649853,0.30965632353636996,-0.09663543767320518,Three-step,0.2,0.2,0.5,0.5,3411,0.0,0.0,0.0,correct,correct,3.0
252,0.07778826042142,0.3986063273277369,-0.03426527958339585,Three-step,0.2,0.2,0.5,0.5,3411,0.0,0.0,0.0,correct,correct,3.0
253,-0.21070866900218382,0.43311698613479843,0.10704843253104414,Three-step,0.2,0.2,0.5,0.5,3411,0.0,0.0,0.0,correct,correct,3.0
254,0.16072011953142334,-0.1438318886234693,-0.5120928894899291,Three-step,0.2,0.2,0.5,0.5,3411,0.0,0.0,0.0,correct,correct,3.0
255,-0.036262026115100376,-0.3761008829221504,-0.2032184240260302,Three-step,0.2,0.2,0.5,0.5,3411,0.0,0.0,0.0,correct,correct,3.0
256,-0.25928982283225316,-0.20701606422954028,-0.5551349856915894,Three-step,0.2,0.2,0.5,0.5,3411,0.0,0.0,0.0,correct,correct,3.0
257,-0.057027890200330215,0.4103572877751969,0.21857214036277417,Three-step,0.2,0.2,0.5,0.5,3411,0.0,0.0,0.0,correct,correct,3.0
258,-0.4307008153814836,0.05522106713520065,0.10233643770707808,Three-step,0.2,0.2,0.5,0.5,3411,0.0,0.0,0.0,correct,correct,3.0
259,-0.10054212888360574,-0.5211448535627462,-0.11637696809354257,Three-step,0.2,0.2,0.5,0.5,3411,0.0,0.0,0.0,correct,correct,3.0
260,-0.12808865211508266,-0.18976840241143428,-0.32803083596843874,Three-step,0.2,0.2,0.5,0.5,3411,0.0,0.0,0.0,correct,correct,3.0
261,0.07939376481987119,0.1486551442841387,0.07642301974802708,Three-step,0.2,0.2,0.5,0.5,3411,0.0,0.0,0.0,correct,correct,3.0
262,-0.1674249668509802,0.5612774722272116,0.13940628947486788,Three-step,0.2,0.2,0.5,0.5,3411,0.0,0.0,0.0,correct,correct,3.0
263,-0.21292823780576017,-0.35010113595478715,-0.02571253866075738,Three-step,0.2,0.2,0.5,0.5,3411,0.0,0.0,0.0,correct,correct,3.0
264,0.1116961644638436,0.5757038093898821,-0.07242425444446503,Three-step,0.2,0.2,0.5,0.5,3411,0.0,0.0,0.0,correct,correct,3.0
265,-0.10185013096954666,0.3419158674506655,-0.10123166366459686,Three-step,0.2,0.2,0.5,0.5,3411,0.0,0.0,0.0,correct,correct,3.0
266,-0.001393122690494053,0.05831277030899549,-0.22886220689071085,Three-step,0.2,0.2,0.5,0.5,3411,0.0,0.0,0.0,correct,correct,3.0
267,-0.08482190805493785,0.09181603995044103,-0.027316453444134973,Three-step,0.2,0.2,0.5,0.5,3411,0.0,0.0,0.0,correct,correct,3.0
268,-0.20389730987823393,0.30131704389318176,0.04469970428434357,Three-step,0.2,0.2,0.5,0.5,3411,0.0,0.0,0.0,correct,correct,3.0
269,-0.27468228552573093,0.379820354298881,0.17800503457595207,Three-step,0.2,0.2,0.5,0.5,3411,0.0,0.0,0.0,correct,correct,3.0
270,0.07611387276232198,-0.47540708628737016,0.3065333873912489,Three-step,0.2,0.2,0.5,0.5,3411,0.0,0.0,0.0,correct,correct,3.0
271,0.09081485645078471,-0.009903290037720629,-0.05943695171590769,Three-step,0.2,0.2,0.5,0.5,3411,0.0,0.0,0.0,correct,correct,3.0
272,-0.32124871790895915,-0.2438126476192109,-0.37966355992456086,Three-step,0.2,0.2,0.5,0.5,3411,0.0,0.0,0.0,correct,correct,3.0
273,0.07074057906135163,-0.1480969284494203,-0.10709706923300435,Three-step,0.2,0.2,0.5,0.5,3411,0.0,0.0,0.0,correct,correct,3.0
274,-0.0836819911963368,0.5169993986598556,-0.2859408668632014,Three-step,0.2,0.2,0.5,0.5,3411,0.0,0.0,0.0,correct,correct,3.0
275,0.04421099973999911,0.4981304664005769,-0.01798198719293326,Three-step,0.2,0.2,0.5,0.5,3411,0.0,0.0,0.0,correct,correct,3.0
276,0.048059844917665184,-0.36598676810342556,-0.1200859266698089,Three-step,0.2,0.2,0.5,0.5,3411,0.0,0.0,0.0,correct,correct,3.0
277,0.33894992301716365,0.23465379835981676,-0.013754903826170693,Three-step,0.2,0.2,0.5,0.5,3411,0.0,0.0,0.0,correct,correct,3.0
278,0.18877528093003865,0.0011444522263328477,0.0840423595383412,Three-step,0.2,0.2,0.5,0.5,3411,0.0,0.0,0.0,correct,correct,3.0
279,0.040959939586972166,-0.012517886510912256,-0.10308161987293786,Three-step,0.2,0.2,0.5,0.5,3411,0.0,0.0,0.0,correct,correct,3.0
280,0.0012021845257094638,0.44871069120250656,0.051315032977629724,Three-step,0.2,0.2,0.5,0.5,3411,0.0,0.0,0.0,correct,correct,3.0
281,0.3005453376858025,0.5953717883980836,0.35224677176301816,Three-step,0.2,0.2,0.5,0.5,3411,0.0,0.0,0.0,correct,correct,3.0
282,0.248419331637892,-0.5187226949962053,-0.09062196097499364,Three-step,0.2,0.2,0.5,0.5,3411,0.0,0.0,0.0,correct,correct,3.0
283,0.3086371488578725,0.12598063244465696,-0.12841952085846164,Three-step,0.2,0.2,0.5,0.5,3411,0.0,0.0,0.0,correct,correct,3.0
284,-0.12309413098279545,0.08663492570612852,-0.1216745664212811,Three-step,0.2,0.2,0.5,0.5,3411,0.0,0.0,0.0,correct,correct,3.0
285,-0.019748932958761314,-0.4612585231688061,-0.1395397769553508,Three-step,0.2,0.2,0.5,0.5,3411,0.0,0.0,0.0,correct,correct,3.0
286,-0.018273654585251087,-0.368577115131406,-0.03603736456792249,Three-step,0.2,0.2,0.5,0.5,3411,0.0,0.0,0.0,correct,correct,3.0
287,0.262465584681126,0.05976100794744404,-0.06953303334618778,Three-step,0.2,0.2,0.5,0.5,3411,0.0,0.0,0.0,correct,correct,3.0
288,-0.44809439270810464,-0.2377809562420872,-0.025083536405791636,Three-step,0.2,0.2,0.5,0.5,3411,0.0,0.0,0.0,correct,correct,3.0
289,-0.3867246840905132,0.4227611516484511,0.2442794716977972,Three-step,0.2,0.2,0.5,0.5,3411,0.0,0.0,0.0,correct,correct,3.0
290,-0.29594981324947117,-0.014399993072371624,-0.3177392217636788,Three-step,0.2,0.2,0.5,0.5,3411,0.0,0.0,0.0,correct,correct,3.0
291,0.4392116970847649,-0.10225555545903273,0.1656243157310004,Three-step,0.2,0.2,0.5,0.5,3411,0.0,0.0,0.0,correct,correct,3.0
292,0.4977440598639556,0.28032839678760507,0.02053564318576526,Three-step,0.2,0.2,0.5,0.5,3411,0.0,0.0,0.0,correct,correct,3.0
293,-0.28159895613551833,-0.15266339959267347,0.12259044274432121,Three-step,0.2,0.2,0.5,0.5,3411,0.0,0.0,0.0,correct,correct,3.0
294,0.21582830315027762,-0.13975225650950146,0.0013179130485294422,Three-step,0.2,0.2,0.5,0.5,3411,0.0,0.0,0.0,correct,correct,3.0
295,0.09041607773907458,0.22439559113140328,0.037870798671747384,Three-step,0.2,0.2,0.5,0.5,3411,0.0,0.0,0.0,correct,correct,3.0
296,0.13923675732086338,-0.07278490504092333,-0.025133361706354627,Three-step,0.2,0.2,0.5,0.5,3411,0.0,0.0,0.0,correct,correct,3.0
297,-0.13912186658144624,-0.09605040182497124,-0.15106702670632208,Three-step,0.2,0.2,0.5,0.5,3411,0.0,0.0,0.0,correct,correct,3.0
298,0.4589763285068602,0.19336162676772212,0.04363579474102507,Three-step,0.2,0.2,0.5,0.5,3411,0.0,0.0,0.0,correct,correct,3.0
299,-0.09889774686672743,0.6901817663337528,-0.18435319385487672,Three-step,0.2,0.2,0.5,0.5,3411,0.0,0.0,0.0,correct,correct,3.0
300,0.01108218340671982,-0.2012142247494278,0.07852432980905656,Three-step,0.2,0.2,0.5,0.5,3411,0.0,0.0,0.0,correct,correct,3.0
1,-0.14197092224343894,-0.7810741627251617,0.27062546004151766,Robins' estimator,0.2,0.2,0.5,0.5,3411,0.0,0.0,0.0,correct,correct,3.0
2,-0.10462159748172425,0.1581571618786186,0.2371927503860837,Robins' estimator,0.2,0.2,0.5,0.5,3411,0.0,0.0,0.0,correct,correct,3.0
3,-0.4099687635088338,0.29946481089798166,-0.011670418344567503,Robins' estimator,0.2,0.2,0.5,0.5,3411,0.0,0.0,0.0,correct,correct,3.0
4,0.29169700128616954,-0.04093764911091517,-0.016634657047819704,Robins' estimator,0.2,0.2,0.5,0.5,3411,0.0,0.0,0.0,correct,correct,3.0
5,-0.34556359732381087,0.16814392485505278,-0.4560134790380997,Robins' estimator,0.2,0.2,0.5,0.5,3411,0.0,0.0,0.0,correct,correct,3.0
6,0.29124564005899894,0.07915458700454572,0.2290240762559278,Robins' estimator,0.2,0.2,0.5,0.5,3411,0.0,0.0,0.0,correct,correct,3.0
7,0.46767172836625465,-0.14286931380016876,0.021615213389418592,Robins' estimator,0.2,0.2,0.5,0.5,3411,0.0,0.0,0.0,correct,correct,3.0
8,-0.277307268982139,-0.11326901373813904,0.10974218229530525,Robins' estimator,0.2,0.2,0.5,0.5,3411,0.0,0.0,0.0,correct,correct,3.0
9,-0.19518134158821784,0.022669680139435912,0.267798346444472,Robins' estimator,0.2,0.2,0.5,0.5,3411,0.0,0.0,0.0,correct,correct,3.0
10,-0.2938763822800605,-0.3011717197250021,-0.07988678802173557,Robins' estimator,0.2,0.2,0.5,0.5,3411,0.0,0.0,0.0,correct,correct,3.0
11,0.23199987770690145,-0.01726519932434981,0.15962819244776816,Robins' estimator,0.2,0.2,0.5,0.5,3411,0.0,0.0,0.0,correct,correct,3.0
12,-0.002456529943151107,-0.17812135881482596,0.20181849633546822,Robins' estimator,0.2,0.2,0.5,0.5,3411,0.0,0.0,0.0,correct,correct,3.0
13,0.32313266452811795,0.153570852481444,-0.010701886430405276,Robins' estimator,0.2,0.2,0.5,0.5,3411,0.0,0.0,0.0,correct,correct,3.0
14,-0.29835292304051986,-0.5492334918110912,-0.10581508510779715,Robins' estimator,0.2,0.2,0.5,0.5,3411,0.0,0.0,0.0,correct,correct,3.0
15,-0.23656939988710432,-0.3207191081905951,0.013176255280802443,Robins' estimator,0.2,0.2,0.5,0.5,3411,0.0,0.0,0.0,correct,correct,3.0
16,-0.23488810136610208,-0.19476811184718396,-0.4090634588537979,Robins' estimator,0.2,0.2,0.5,0.5,3411,0.0,0.0,0.0,correct,correct,3.0
17,0.4763013152062005,0.5599779854294551,0.1451723243079114,Robins' estimator,0.2,0.2,0.5,0.5,3411,0.0,0.0,0.0,correct,correct,3.0
18,0.07868718425183346,-0.39679032777691514,-0.18024288595282986,Robins' estimator,0.2,0.2,0.5,0.5,3411,0.0,0.0,0.0,correct,correct,3.0
19,0.013165143416892405,0.11635933525317614,-0.021122664629343035,Robins' estimator,0.2,0.2,0.5,0.5,3411,0.0,0.0,0.0,correct,correct,3.0
20,-0.05225927910946054,0.33365115100902176,0.2853388681033167,Robins' estimator,0.2,0.2,0.5,0.5,3411,0.0,0.0,0.0,correct,correct,3.0
21,0.050939309708945,0.14705038697810718,0.2110545374067355,Robins' estimator,0.2,0.2,0.5,0.5,3411,0.0,0.0,0.0,correct,correct,3.0
22,0.06075794864845284,0.06601076846237162,0.24830641530923636,Robins' estimator,0.2,0.2,0.5,0.5,3411,0.0,0.0,0.0,correct,correct,3.0
23,-0.09793321955911377,0.3381244119989523,0.2571509216766465,Robins' estimator,0.2,0.2,0.5,0.5,3411,0.0,0.0,0.0,correct,correct,3.0
24,0.44906127508143767,-0.2436690339829974,-0.13122119291261103,Robins' estimator,0.2,0.2,0.5,0.5,3411,0.0,0.0,0.0,correct,correct,3.0
25,-0.03548113320443972,0.5072404111893902,-0.30302627534419063,Robins' estimator,0.2,0.2,0.5,0.5,3411,0.0,0.0,0.0,correct,correct,3.0
26,-0.0830249124542187,-0.024719476101058974,-0.2573205441491972,Robins' estimator,0.2,0.2,0.5,0.5,3411,0.0,0.0,0.0,correct,correct,3.0
27,0.054508248544144704,-0.0426749085432268,0.030096303625108987,Robins' estimator,0.2,0.2,0.5,0.5,3411,0.0,0.0,0.0,correct,correct,3.0
28,-0.11768415565171064,0.03960433898835964,-0.12128148472823652,Robins' estimator,0.2,0.2,0.5,0.5,3411,0.0,0.0,0.0,correct,correct,3.0
29,0.06463575551188394,-0.3495716594875263,0.09136840143589628,Robins' estimator,0.2,0.2,0.5,0.5,3411,0.0,0.0,0.0,correct,correct,3.0
30,-0.20388416915577365,0.1412842888334096,0.07079647987802654,Robins' estimator,0.2,0.2,0.5,0.5,3411,0.0,0.0,0.0,correct,correct,3.0
31,0.10042810847405514,0.4271132741758027,0.3680975749419254,Robins' estimator,0.2,0.2,0.5,0.5,3411,0.0,0.0,0.0,correct,correct,3.0
32,-0.055391917842615566,-0.5273730183528142,-0.06448616075723379,Robins' estimator,0.2,0.2,0.5,0.5,3411,0.0,0.0,0.0,correct,correct,3.0
33,0.16826202997683348,0.35809660002562765,0.023466123829254917,Robins' estimator,0.2,0.2,0.5,0.5,3411,0.0,0.0,0.0,correct,correct,3.0
34,0.13494827819030628,-0.6782599277491235,-0.12259606956825676,Robins' estimator,0.2,0.2,0.5,0.5,3411,0.0,0.0,0.0,correct,correct,3.0
35,0.04813250656220308,0.3584103398598498,-0.07918457245683054,Robins' estimator,0.2,0.2,0.5,0.5,3411,0.0,0.0,0.0,correct,correct,3.0
36,0.1271354525676029,0.009454971680412693,-0.42055139089929844,Robins' estimator,0.2,0.2,0.5,0.5,3411,0.0,0.0,0.0,correct,correct,3.0
37,-0.16685916901996925,-0.0028402982459351444,-0.2481901209013952,Robins' estimator,0.2,0.2,0.5,0.5,3411,0.0,0.0,0.0,correct,correct,3.0
38,-0.17069011520608088,-0.35784825698784484,-0.16660635718761405,Robins' estimator,0.2,0.2,0.5,0.5,3411,0.0,0.0,0.0,correct,correct,3.0
39,-0.22741245956671433,-0.3756588369440036,-0.1663986579827553,Robins' estimator,0.2,0.2,0.5,0.5,3411,0.0,0.0,0.0,correct,correct,3.0
40,0.12022678123350829,0.5057460808650982,-0.0100299964094555,Robins' estimator,0.2,0.2,0.5,0.5,3411,0.0,0.0,0.0,correct,correct,3.0
41,-0.08118688138898841,-0.22388096974705807,0.25712219079010196,Robins' estimator,0.2,0.2,0.5,0.5,3411,0.0,0.0,0.0,correct,correct,3.0
42,0.33559380896502405,-0.023870790758522564,-0.04387042379324552,Robins' estimator,0.2,0.2,0.5,0.5,3411,0.0,0.0,0.0,correct,correct,3.0
43,-0.04029598309477073,-0.2898732460912729,0.10691984557593594,Robins' estimator,0.2,0.2,0.5,0.5,3411,0.0,0.0,0.0,correct,correct,3.0
44,0.5113462066583456,-0.2815025775019453,0.19922541297275226,Robins' estimator,0.2,0.2,0.5,0.5,3411,0.0,0.0,0.0,correct,correct,3.0
45,0.09084692665610665,-0.041841012778761816,-0.030648152317721743,Robins' estimator,0.2,0.2,0.5,0.5,3411,0.0,0.0,0.0,correct,correct,3.0
46,0.07789679330781674,-0.11771926000913677,0.32646691483111917,Robins' estimator,0.2,0.2,0.5,0.5,3411,0.0,0.0,0.0,correct,correct,3.0
47,0.10495220351928773,0.28662463751400397,0.5585409512622447,Robins' estimator,0.2,0.2,0.5,0.5,3411,0.0,0.0,0.0,correct,correct,3.0
48,0.14914235852354124,0.27787287769256647,0.020599189512809143,Robins' estimator,0.2,0.2,0.5,0.5,3411,0.0,0.0,0.0,correct,correct,3.0
49,-0.22910556676441104,-0.053964251757173995,0.4483851147275696,Robins' estimator,0.2,0.2,0.5,0.5,3411,0.0,0.0,0.0,correct,correct,3.0
50,-0.31331457646159866,-0.045581474123448235,0.0040673871291420065,Robins' estimator,0.2,0.2,0.5,0.5,3411,0.0,0.0,0.0,correct,correct,3.0
51,0.07654470658826645,0.21197696741976352,-0.08655284711109802,Robins' estimator,0.2,0.2,0.5,0.5,3411,0.0,0.0,0.0,correct,correct,3.0
52,0.0236261301532584,0.16330705318486224,-0.13628866899133354,Robins' estimator,0.2,0.2,0.5,0.5,3411,0.0,0.0,0.0,correct,correct,3.0
53,0.16985596114865129,0.24952919493440542,0.24399491185283484,Robins' estimator,0.2,0.2,0.5,0.5,3411,0.0,0.0,0.0,correct,correct,3.0
54,0.019556279424276103,0.3690887627591398,0.09497031565159857,Robins' estimator,0.2,0.2,0.5,0.5,3411,0.0,0.0,0.0,correct,correct,3.0
55,-0.23512137579082773,0.281721963212624,0.016096514621639062,Robins' estimator,0.2,0.2,0.5,0.5,3411,0.0,0.0,0.0,correct,correct,3.0
56,-0.20865210112561033,0.20572559885749478,-0.2782535958704884,Robins' estimator,0.2,0.2,0.5,0.5,3411,0.0,0.0,0.0,correct,correct,3.0
57,-0.2968987604522333,-0.6359190358684181,-0.328440133106461,Robins' estimator,0.2,0.2,0.5,0.5,3411,0.0,0.0,0.0,correct,correct,3.0
58,-0.29836055418778545,-0.4798525296033522,-0.35499382094336274,Robins' estimator,0.2,0.2,0.5,0.5,3411,0.0,0.0,0.0,correct,correct,3.0
59,0.5083578825403253,0.2954460539882075,0.24131715221809405,Robins' estimator,0.2,0.2,0.5,0.5,3411,0.0,0.0,0.0,correct,correct,3.0
60,0.008775402121803482,0.31403976358147756,-0.0043422646928963846,Robins' estimator,0.2,0.2,0.5,0.5,3411,0.0,0.0,0.0,correct,correct,3.0
61,0.06386017811431798,-0.06067877174543469,-0.03875939916600478,Robins' estimator,0.2,0.2,0.5,0.5,3411,0.0,0.0,0.0,correct,correct,3.0
62,-0.018353937257272142,0.01153879303114859,0.3670112756409553,Robins' estimator,0.2,0.2,0.5,0.5,3411,0.0,0.0,0.0,correct,correct,3.0
63,-0.24191273644571343,0.06113563163588256,-0.07851436802834905,Robins' estimator,0.2,0.2,0.5,0.5,3411,0.0,0.0,0.0,correct,correct,3.0
64,-0.014282334745006602,0.3183255881265426,0.0540066318808665,Robins' estimator,0.2,0.2,0.5,0.5,3411,0.0,0.0,0.0,correct,correct,3.0
65,-0.3408453465309818,-0.22038543052136264,0.3847210011848997,Robins' estimator,0.2,0.2,0.5,0.5,3411,0.0,0.0,0.0,correct,correct,3.0
66,0.052727242736036344,0.5143935210087045,0.1079493629977094,Robins' estimator,0.2,0.2,0.5,0.5,3411,0.0,0.0,0.0,correct,correct,3.0
67,0.29401444186673875,-0.421001891935044,-0.023904716452454934,Robins' estimator,0.2,0.2,0.5,0.5,3411,0.0,0.0,0.0,correct,correct,3.0
68,0.039604746995981564,0.2732416437754782,-0.18220320160307824,Robins' estimator,0.2,0.2,0.5,0.5,3411,0.0,0.0,0.0,correct,correct,3.0
69,-0.22845595351382764,-0.21250094154293508,0.03439262711123665,Robins' estimator,0.2,0.2,0.5,0.5,3411,0.0,0.0,0.0,correct,correct,3.0
70,-0.06812514454055148,-0.15070714313356584,-0.01710955058144795,Robins' estimator,0.2,0.2,0.5,0.5,3411,0.0,0.0,0.0,correct,correct,3.0
71,-0.17892301575933803,-0.13922693629093336,0.21441361164189365,Robins' estimator,0.2,0.2,0.5,0.5,3411,0.0,0.0,0.0,correct,correct,3.0
72,-0.1727611133048252,-0.43999117181369995,-0.5736677274204699,Robins' estimator,0.2,0.2,0.5,0.5,3411,0.0,0.0,0.0,correct,correct,3.0
73,-0.01901064267518556,0.20685925078339723,-0.16034384444185507,Robins' estimator,0.2,0.2,0.5,0.5,3411,0.0,0.0,0.0,correct,correct,3.0
74,-0.4559611243270418,-0.25243339171693363,0.17531196564346285,Robins' estimator,0.2,0.2,0.5,0.5,3411,0.0,0.0,0.0,correct,correct,3.0
75,-0.047582682688994876,-0.06555072506071831,0.1545836081209816,Robins' estimator,0.2,0.2,0.5,0.5,3411,0.0,0.0,0.0,correct,correct,3.0
76,0.03815172079286467,-0.21937470946060916,0.01827356712778423,Robins' estimator,0.2,0.2,0.5,0.5,3411,0.0,0.0,0.0,correct,correct,3.0
77,-0.2534605765634824,-0.012204416096447323,-0.40099257032716784,Robins' estimator,0.2,0.2,0.5,0.5,3411,0.0,0.0,0.0,correct,correct,3.0
78,-0.562032409539813,-0.3628707272366938,-0.5147253749484216,Robins' estimator,0.2,0.2,0.5,0.5,3411,0.0,0.0,0.0,correct,correct,3.0
79,0.006889236564306893,-0.20300564868100215,0.5336698292024824,Robins' estimator,0.2,0.2,0.5,0.5,3411,0.0,0.0,0.0,correct,correct,3.0
80,0.10442628397003156,-0.2092138181942976,-0.36024352869058796,Robins' estimator,0.2,0.2,0.5,0.5,3411,0.0,0.0,0.0,correct,correct,3.0
81,-0.2536444578087968,-0.27986785587770574,-0.314910344783478,Robins' estimator,0.2,0.2,0.5,0.5,3411,0.0,0.0,0.0,correct,correct,3.0
82,0.17137179612566544,0.5083498650473682,0.08991625247204774,Robins' estimator,0.2,0.2,0.5,0.5,3411,0.0,0.0,0.0,correct,correct,3.0
83,-0.10451617439838894,0.010230225912273199,-0.010065627877704923,Robins' estimator,0.2,0.2,0.5,0.5,3411,0.0,0.0,0.0,correct,correct,3.0
84,-0.23648983373936255,-0.2002056714164911,0.07271197008238152,Robins' estimator,0.2,0.2,0.5,0.5,3411,0.0,0.0,0.0,correct,correct,3.0
85,-0.30556420431501374,-0.2745119748934716,-0.3524509107666647,Robins' estimator,0.2,0.2,0.5,0.5,3411,0.0,0.0,0.0,correct,correct,3.0
86,-0.2192598408741382,-0.0073487240842239334,-0.31908258341294915,Robins' estimator,0.2,0.2,0.5,0.5,3411,0.0,0.0,0.0,correct,correct,3.0
87,-0.0881567307907509,-0.6229551534599137,0.09855429852533781,Robins' estimator,0.2,0.2,0.5,0.5,3411,0.0,0.0,0.0,correct,correct,3.0
88,0.23193755713614647,0.1627225269227841,0.08076790960085733,Robins' estimator,0.2,0.2,0.5,0.5,3411,0.0,0.0,0.0,correct,correct,3.0
89,-0.00608910654022713,-0.2894054929634328,0.23039770620479513,Robins' estimator,0.2,0.2,0.5,0.5,3411,0.0,0.0,0.0,correct,correct,3.0
90,0.06068691429842098,-0.3182137819297577,0.270217658140329,Robins' estimator,0.2,0.2,0.5,0.5,3411,0.0,0.0,0.0,correct,correct,3.0
91,0.009486774811145168,0.12195034950469302,-0.07993403203302954,Robins' estimator,0.2,0.2,0.5,0.5,3411,0.0,0.0,0.0,correct,correct,3.0
92,-0.5531849135150146,0.024389701915622414,-0.31947910353074543,Robins' estimator,0.2,0.2,0.5,0.5,3411,0.0,0.0,0.0,correct,correct,3.0
93,-0.008965494599645437,0.33743772040225983,-0.32066508743372657,Robins' estimator,0.2,0.2,0.5,0.5,3411,0.0,0.0,0.0,correct,correct,3.0
94,-0.25429148261614803,-0.17294124705608305,0.12371521825893908,Robins' estimator,0.2,0.2,0.5,0.5,3411,0.0,0.0,0.0,correct,correct,3.0
95,-0.12707306233725169,0.06202430112549878,0.21011829333749998,Robins' estimator,0.2,0.2,0.5,0.5,3411,0.0,0.0,0.0,correct,correct,3.0
96,-0.09653658614675872,-0.4142163335402981,-0.1520115422424049,Robins' estimator,0.2,0.2,0.5,0.5,3411,0.0,0.0,0.0,correct,correct,3.0
97,-0.2809143218340076,-0.15988373869344413,0.0601281432619354,Robins' estimator,0.2,0.2,0.5,0.5,3411,0.0,0.0,0.0,correct,correct,3.0
98,0.11878551602820739,0.48172582852359386,-0.1682119665010094,Robins' estimator,0.2,0.2,0.5,0.5,3411,0.0,0.0,0.0,correct,correct,3.0
99,-0.29280115356090763,-0.12254716703895874,0.3968378505230529,Robins' estimator,0.2,0.2,0.5,0.5,3411,0.0,0.0,0.0,correct,correct,3.0
100,-0.04648087562674503,0.19624694237164994,-0.023496265833538175,Robins' estimator,0.2,0.2,0.5,0.5,3411,0.0,0.0,0.0,correct,correct,3.0
101,0.001993644237031757,-0.2812283336352197,-0.08477836611526693,Robins' estimator,0.2,0.2,0.5,0.5,3411,0.0,0.0,0.0,correct,correct,3.0
102,0.17084478071799777,-0.1903488088765408,-0.16096753803127758,Robins' estimator,0.2,0.2,0.5,0.5,3411,0.0,0.0,0.0,correct,correct,3.0
103,0.013787957045759578,-0.1639532622088604,0.17205713481725807,Robins' estimator,0.2,0.2,0.5,0.5,3411,0.0,0.0,0.0,correct,correct,3.0
104,-0.5102895123857323,0.25104329880265513,0.01419991686208224,Robins' estimator,0.2,0.2,0.5,0.5,3411,0.0,0.0,0.0,correct,correct,3.0
105,-0.19788363812473297,-0.18954901897253823,-0.5268497422572178,Robins' estimator,0.2,0.2,0.5,0.5,3411,0.0,0.0,0.0,correct,correct,3.0
106,-0.3049373122624832,-0.535146855517358,-0.344617401161756,Robins' estimator,0.2,0.2,0.5,0.5,3411,0.0,0.0,0.0,correct,correct,3.0
107,-0.5251652534833231,-0.35784536970162406,0.40601546698047025,Robins' estimator,0.2,0.2,0.5,0.5,3411,0.0,0.0,0.0,correct,correct,3.0
108,-0.14246906020628242,0.05675884356788989,0.43229934692621264,Robins' estimator,0.2,0.2,0.5,0.5,3411,0.0,0.0,0.0,correct,correct,3.0
109,0.011925073343450358,0.15718757585945098,0.21310137036833876,Robins' estimator,0.2,0.2,0.5,0.5,3411,0.0,0.0,0.0,correct,correct,3.0
110,0.3622701167664282,-0.4489500137800785,0.2257125231233613,Robins' estimator,0.2,0.2,0.5,0.5,3411,0.0,0.0,0.0,correct,correct,3.0
111,0.12503570250243046,0.1840739081784525,-0.040365151916639336,Robins' estimator,0.2,0.2,0.5,0.5,3411,0.0,0.0,0.0,correct,correct,3.0
112,-0.11588143447354546,-0.12444890773387222,-0.027331394945056882,Robins' estimator,0.2,0.2,0.5,0.5,3411,0.0,0.0,0.0,correct,correct,3.0
113,-0.42846953062891213,0.09986078436152053,0.12534823968424583,Robins' estimator,0.2,0.2,0.5,0.5,3411,0.0,0.0,0.0,correct,correct,3.0
114,0.30104311387163035,-0.08836000451993055,-0.20591180911529297,Robins' estimator,0.2,0.2,0.5,0.5,3411,0.0,0.0,0.0,correct,correct,3.0
115,0.18125821602345119,-0.09356655988522415,-0.05659348257901765,Robins' estimator,0.2,0.2,0.5,0.5,3411,0.0,0.0,0.0,correct,correct,3.0
116,-0.035118118389185334,0.10332551706189942,-0.15498773255047565,Robins' estimator,0.2,0.2,0.5,0.5,3411,0.0,0.0,0.0,correct,correct,3.0
117,-0.4801192462468042,-0.7824469530627924,-0.05167684801599145,Robins' estimator,0.2,0.2,0.5,0.5,3411,0.0,0.0,0.0,correct,correct,3.0
118,-0.18605868132062453,-0.39570608508555855,-0.24302191482590052,Robins' estimator,0.2,0.2,0.5,0.5,3411,0.0,0.0,0.0,correct,correct,3.0
119,-0.059245231775885226,-0.054780199346903063,-0.04040251329473752,Robins' estimator,0.2,0.2,0.5,0.5,3411,0.0,0.0,0.0,correct,correct,3.0
120,-0.21937909091666546,0.05051662322371548,0.19263359105662212,Robins' estimator,0.2,0.2,0.5,0.5,3411,0.0,0.0,0.0,correct,correct,3.0
121,-0.005874548383029527,0.3191255928993417,0.27470726672862067,Robins' estimator,0.2,0.2,0.5,0.5,3411,0.0,0.0,0.0,correct,correct,3.0
122,0.5116058950200513,-0.0916247824238297,-0.021447961200663987,Robins' estimator,0.2,0.2,0.5,0.5,3411,0.0,0.0,0.0,correct,correct,3.0
123,0.27104808686567106,0.40931279814264926,0.13567886157536638,Robins' estimator,0.2,0.2,0.5,0.5,3411,0.0,0.0,0.0,correct,correct,3.0
124,-0.04127676764098455,-0.22563681176744768,-0.31224662973530487,Robins' estimator,0.2,0.2,0.5,0.5,3411,0.0,0.0,0.0,correct,correct,3.0
125,-0.1351113594603248,0.2409327708506308,0.25311814252893644,Robins' estimator,0.2,0.2,0.5,0.5,3411,0.0,0.0,0.0,correct,correct,3.0
126,-0.09725547448799599,-0.11295730593877841,0.02958312944433186,Robins' estimator,0.2,0.2,0.5,0.5,3411,0.0,0.0,0.0,correct,correct,3.0
127,-0.001062565307129792,0.0959107921225256,0.18517574910220533,Robins' estimator,0.2,0.2,0.5,0.5,3411,0.0,0.0,0.0,correct,correct,3.0
128,0.32482373234418516,-0.1889126303460759,0.34421446507676856,Robins' estimator,0.2,0.2,0.5,0.5,3411,0.0,0.0,0.0,correct,correct,3.0
129,-0.02543097663154364,0.08458145578765208,0.32370674165131325,Robins' estimator,0.2,0.2,0.5,0.5,3411,0.0,0.0,0.0,correct,correct,3.0
130,-0.16257782042481284,-0.5333549889807474,-0.20146413448086556,Robins' estimator,0.2,0.2,0.5,0.5,3411,0.0,0.0,0.0,correct,correct,3.0
131,-0.03035905974317319,-0.00780633805645065,-0.030798620037613213,Robins' estimator,0.2,0.2,0.5,0.5,3411,0.0,0.0,0.0,correct,correct,3.0
132,-0.4457650565685211,-0.18525004871832979,0.07071482452361488,Robins' estimator,0.2,0.2,0.5,0.5,3411,0.0,0.0,0.0,correct,correct,3.0
133,-0.094661909196152,-0.3217768173671301,0.055443992625648135,Robins' estimator,0.2,0.2,0.5,0.5,3411,0.0,0.0,0.0,correct,correct,3.0
134,0.023020836434000182,-0.20029936299255285,0.1786692575898436,Robins' estimator,0.2,0.2,0.5,0.5,3411,0.0,0.0,0.0,correct,correct,3.0
135,0.12229786582450056,-0.1804240435310773,-0.1504735251137558,Robins' estimator,0.2,0.2,0.5,0.5,3411,0.0,0.0,0.0,correct,correct,3.0
136,-0.2125908838988549,-0.1305042569936479,-0.08254496743551305,Robins' estimator,0.2,0.2,0.5,0.5,3411,0.0,0.0,0.0,correct,correct,3.0
137,-0.02302606440681438,0.22038217478739228,-0.055195773266630055,Robins' estimator,0.2,0.2,0.5,0.5,3411,0.0,0.0,0.0,correct,correct,3.0
138,0.38515877952382327,0.00417330470445356,0.07695264194198659,Robins' estimator,0.2,0.2,0.5,0.5,3411,0.0,0.0,0.0,correct,correct,3.0
139,-0.17706896754795673,-0.13012690593858167,-0.17802700459997903,Robins' estimator,0.2,0.2,0.5,0.5,3411,0.0,0.0,0.0,correct,correct,3.0
140,0.32935844290255434,0.027977518748766705,0.20207902651097961,Robins' estimator,0.2,0.2,0.5,0.5,3411,0.0,0.0,0.0,correct,correct,3.0
141,-0.0022687227609018237,-0.23138788087879117,0.04766753839574028,Robins' estimator,0.2,0.2,0.5,0.5,3411,0.0,0.0,0.0,correct,correct,3.0
142,0.10932526689571108,-0.24089534996634454,0.20863330022731696,Robins' estimator,0.2,0.2,0.5,0.5,3411,0.0,0.0,0.0,correct,correct,3.0
143,0.18744245992902733,0.28911796128704365,0.030757698900621223,Robins' estimator,0.2,0.2,0.5,0.5,3411,0.0,0.0,0.0,correct,correct,3.0
144,0.2621970424347122,0.38574783608088165,0.10411046451152835,Robins' estimator,0.2,0.2,0.5,0.5,3411,0.0,0.0,0.0,correct,correct,3.0
145,0.20486036284004072,0.1141642631738995,0.5674023871899324,Robins' estimator,0.2,0.2,0.5,0.5,3411,0.0,0.0,0.0,correct,correct,3.0
146,-0.1308965003598248,-0.1442905608802725,-0.09227917651464349,Robins' estimator,0.2,0.2,0.5,0.5,3411,0.0,0.0,0.0,correct,correct,3.0
147,0.005630372705030572,0.008823235063852396,-0.0469840927909912,Robins' estimator,0.2,0.2,0.5,0.5,3411,0.0,0.0,0.0,correct,correct,3.0
148,0.18849849516667525,-0.028754320489733955,-0.00524472360971054,Robins' estimator,0.2,0.2,0.5,0.5,3411,0.0,0.0,0.0,correct,correct,3.0
149,-0.1642583879401357,-0.22073480859843542,0.06765480532972909,Robins' estimator,0.2,0.2,0.5,0.5,3411,0.0,0.0,0.0,correct,correct,3.0
150,0.16053513322262034,-0.126448345849676,-0.08866446530992564,Robins' estimator,0.2,0.2,0.5,0.5,3411,0.0,0.0,0.0,correct,correct,3.0
151,0.029083715140309576,-0.1851038647147701,-0.16754628744423922,Robins' estimator,0.2,0.2,0.5,0.5,3411,0.0,0.0,0.0,correct,correct,3.0
152,0.08992326862344953,-0.18601754023948391,0.059365300289057274,Robins' estimator,0.2,0.2,0.5,0.5,3411,0.0,0.0,0.0,correct,correct,3.0
153,0.15980064891937928,-0.014689452657142029,0.2804528687604192,Robins' estimator,0.2,0.2,0.5,0.5,3411,0.0,0.0,0.0,correct,correct,3.0
154,0.010256261162578424,0.7138608535845279,0.037981281376638684,Robins' estimator,0.2,0.2,0.5,0.5,3411,0.0,0.0,0.0,correct,correct,3.0
155,0.06360586859694138,0.23473418122908452,-0.34360553672579985,Robins' estimator,0.2,0.2,0.5,0.5,3411,0.0,0.0,0.0,correct,correct,3.0
156,0.4031090668460202,-0.16623916062726732,0.3537212496551915,Robins' estimator,0.2,0.2,0.5,0.5,3411,0.0,0.0,0.0,correct,correct,3.0
157,-0.0490076773066958,0.15685437137216163,-0.38886860088805353,Robins' estimator,0.2,0.2,0.5,0.5,3411,0.0,0.0,0.0,correct,correct,3.0
158,0.24020951590529088,0.3027456473962507,0.0901848658420583,Robins' estimator,0.2,0.2,0.5,0.5,3411,0.0,0.0,0.0,correct,correct,3.0
159,-0.018122681720069676,0.92933828259731,0.25061697685761575,Robins' estimator,0.2,0.2,0.5,0.5,3411,0.0,0.0,0.0,correct,correct,3.0
160,0.14898457945698854,-0.15693690908586558,0.3282494427026071,Robins' estimator,0.2,0.2,0.5,0.5,3411,0.0,0.0,0.0,correct,correct,3.0
161,-0.004964499636998789,0.19813079861823144,-0.2508295732605814,Robins' estimator,0.2,0.2,0.5,0.5,3411,0.0,0.0,0.0,correct,correct,3.0
162,0.2558968750915081,0.6556475095092102,-0.2555650218497541,Robins' estimator,0.2,0.2,0.5,0.5,3411,0.0,0.0,0.0,correct,correct,3.0
163,0.02189381376675444,0.3154303559334774,-0.0019066650463372271,Robins' estimator,0.2,0.2,0.5,0.5,3411,0.0,0.0,0.0,correct,correct,3.0
164,-0.5208555566207442,0.268588097626034,-0.6698759762638458,Robins' estimator,0.2,0.2,0.5,0.5,3411,0.0,0.0,0.0,correct,correct,3.0
165,-0.10889440750046894,0.2572418800725507,-0.04210042947759427,Robins' estimator,0.2,0.2,0.5,0.5,3411,0.0,0.0,0.0,correct,correct,3.0
166,0.1285576404567101,-0.42110640033644786,0.22907980824534657,Robins' estimator,0.2,0.2,0.5,0.5,3411,0.0,0.0,0.0,correct,correct,3.0
167,-0.2367443636539757,0.3144726328317631,-0.23001585984088785,Robins' estimator,0.2,0.2,0.5,0.5,3411,0.0,0.0,0.0,correct,correct,3.0
168,0.11121238767990832,-0.3366674289818141,-0.351672222632025,Robins' estimator,0.2,0.2,0.5,0.5,3411,0.0,0.0,0.0,correct,correct,3.0
169,-0.16690826337867132,0.6099087377173691,-0.1983945754223681,Robins' estimator,0.2,0.2,0.5,0.5,3411,0.0,0.0,0.0,correct,correct,3.0
170,0.0596690530809988,-0.14017769040962327,0.005874528412042165,Robins' estimator,0.2,0.2,0.5,0.5,3411,0.0,0.0,0.0,correct,correct,3.0
171,-0.28473908391662023,0.026983582932897817,-0.3706320646713739,Robins' estimator,0.2,0.2,0.5,0.5,3411,0.0,0.0,0.0,correct,correct,3.0
172,-0.16543712302361294,0.14872119992265007,-0.14509744838451355,Robins' estimator,0.2,0.2,0.5,0.5,3411,0.0,0.0,0.0,correct,correct,3.0
173,-0.042897296712653674,-0.23998765775227882,0.07915609268893593,Robins' estimator,0.2,0.2,0.5,0.5,3411,0.0,0.0,0.0,correct,correct,3.0
174,0.11563439943894797,0.2722981898394373,0.10885261275852338,Robins' estimator,0.2,0.2,0.5,0.5,3411,0.0,0.0,0.0,correct,correct,3.0
175,0.3380991232433548,-0.1547823203827904,-0.10333016064339993,Robins' estimator,0.2,0.2,0.5,0.5,3411,0.0,0.0,0.0,correct,correct,3.0
176,-0.28276171987466003,-0.1011084147330915,-0.19319763302498708,Robins' estimator,0.2,0.2,0.5,0.5,3411,0.0,0.0,0.0,correct,correct,3.0
177,0.13351022481608601,-0.11813722048582584,-0.20783085570367021,Robins' estimator,0.2,0.2,0.5,0.5,3411,0.0,0.0,0.0,correct,correct,3.0
178,0.07682938534876976,-0.06855927775365075,0.3850723356460502,Robins' estimator,0.2,0.2,0.5,0.5,3411,0.0,0.0,0.0,correct,correct,3.0
179,-0.1744715509012666,-0.047924653106516335,0.16595185525631534,Robins' estimator,0.2,0.2,0.5,0.5,3411,0.0,0.0,0.0,correct,correct,3.0
180,0.21995505443845684,0.16935669663051506,-0.2160218984194758,Robins' estimator,0.2,0.2,0.5,0.5,3411,0.0,0.0,0.0,correct,correct,3.0
181,0.10644917955019854,0.08276948195016323,0.2981480104883638,Robins' estimator,0.2,0.2,0.5,0.5,3411,0.0,0.0,0.0,correct,correct,3.0
182,0.18673215401290102,-0.04462193746964646,0.028871737995664653,Robins' estimator,0.2,0.2,0.5,0.5,3411,0.0,0.0,0.0,correct,correct,3.0
183,0.32579660638000857,0.33617627814374434,0.11393572610022894,Robins' estimator,0.2,0.2,0.5,0.5,3411,0.0,0.0,0.0,correct,correct,3.0
184,0.039514463166637794,0.3817809965415623,-0.11678188656584747,Robins' estimator,0.2,0.2,0.5,0.5,3411,0.0,0.0,0.0,correct,correct,3.0
185,-0.01487745901355913,0.001287947791454617,-0.21520160184400966,Robins' estimator,0.2,0.2,0.5,0.5,3411,0.0,0.0,0.0,correct,correct,3.0
186,0.16374688616335636,0.23747689874389027,0.17364164368206897,Robins' estimator,0.2,0.2,0.5,0.5,3411,0.0,0.0,0.0,correct,correct,3.0
187,0.2517720417876637,0.16593818472286218,-0.04595758506641325,Robins' estimator,0.2,0.2,0.5,0.5,3411,0.0,0.0,0.0,correct,correct,3.0
188,-0.08543517706928336,0.022613280211826646,-0.3635170326389501,Robins' estimator,0.2,0.2,0.5,0.5,3411,0.0,0.0,0.0,correct,correct,3.0
189,0.4224208582400022,-0.11584211373753654,0.35487249186864084,Robins' estimator,0.2,0.2,0.5,0.5,3411,0.0,0.0,0.0,correct,correct,3.0
190,0.15056979290877703,0.4932990066883455,0.18106725274126795,Robins' estimator,0.2,0.2,0.5,0.5,3411,0.0,0.0,0.0,correct,correct,3.0
191,-0.27710224270826184,-0.12336712461632288,0.12863433429745602,Robins' estimator,0.2,0.2,0.5,0.5,3411,0.0,0.0,0.0,correct,correct,3.0
192,-0.05277009185256222,0.34234847148262726,0.10039779130764984,Robins' estimator,0.2,0.2,0.5,0.5,3411,0.0,0.0,0.0,correct,correct,3.0
193,-0.34869800162082865,0.40660239855322733,0.050425629783101146,Robins' estimator,0.2,0.2,0.5,0.5,3411,0.0,0.0,0.0,correct,correct,3.0
194,0.43709009829842416,0.03813941046534324,0.2457029974048238,Robins' estimator,0.2,0.2,0.5,0.5,3411,0.0,0.0,0.0,correct,correct,3.0
195,-0.4994573421895734,-0.338137741040064,-0.0020020563390846188,Robins' estimator,0.2,0.2,0.5,0.5,3411,0.0,0.0,0.0,correct,correct,3.0
196,-0.15952334087102868,-0.3353416862575646,-0.014223405145119068,Robins' estimator,0.2,0.2,0.5,0.5,3411,0.0,0.0,0.0,correct,correct,3.0
197,-0.05306694244421835,-0.05860938782121891,0.2281885017800886,Robins' estimator,0.2,0.2,0.5,0.5,3411,0.0,0.0,0.0,correct,correct,3.0
198,0.14058727880601585,-0.10709987095601595,-0.31407751118272825,Robins' estimator,0.2,0.2,0.5,0.5,3411,0.0,0.0,0.0,correct,correct,3.0
199,0.39581398616816216,0.23541310178476585,0.2643144578099484,Robins' estimator,0.2,0.2,0.5,0.5,3411,0.0,0.0,0.0,correct,correct,3.0
200,-0.030519521399913013,0.40420637748062693,0.0846814318241357,Robins' estimator,0.2,0.2,0.5,0.5,3411,0.0,0.0,0.0,correct,correct,3.0
201,0.1039844896202666,-0.13228861911441325,0.2170331050961602,Robins' estimator,0.2,0.2,0.5,0.5,3411,0.0,0.0,0.0,correct,correct,3.0
202,-0.0514671520584886,0.04615347673377467,-0.055204715523538984,Robins' estimator,0.2,0.2,0.5,0.5,3411,0.0,0.0,0.0,correct,correct,3.0
203,0.27090654075695836,-0.13333689135036864,0.0967858658783761,Robins' estimator,0.2,0.2,0.5,0.5,3411,0.0,0.0,0.0,correct,correct,3.0
204,0.17212100094298916,-0.10238251823870306,0.23571891375072357,Robins' estimator,0.2,0.2,0.5,0.5,3411,0.0,0.0,0.0,correct,correct,3.0
205,0.10066556581773704,0.3163130382570358,0.1672209299528169,Robins' estimator,0.2,0.2,0.5,0.5,3411,0.0,0.0,0.0,correct,correct,3.0
206,0.13010423803852747,0.030029012660916156,0.1013737525624211,Robins' estimator,0.2,0.2,0.5,0.5,3411,0.0,0.0,0.0,correct,correct,3.0
207,0.20665240164295923,0.39772882486306266,0.10376108341104942,Robins' estimator,0.2,0.2,0.5,0.5,3411,0.0,0.0,0.0,correct,correct,3.0
208,-0.31916819865745033,-0.11097498462532791,0.13184932912917255,Robins' estimator,0.2,0.2,0.5,0.5,3411,0.0,0.0,0.0,correct,correct,3.0
209,-0.06418808108310436,0.2801812656427108,0.046696428206932476,Robins' estimator,0.2,0.2,0.5,0.5,3411,0.0,0.0,0.0,correct,correct,3.0
210,0.13351294704877326,0.08543999181338241,0.5078561988547439,Robins' estimator,0.2,0.2,0.5,0.5,3411,0.0,0.0,0.0,correct,correct,3.0
211,0.3626499013429154,0.42219380467329376,0.21554982908254913,Robins' estimator,0.2,0.2,0.5,0.5,3411,0.0,0.0,0.0,correct,correct,3.0
212,0.26627302751656784,0.006866748509317018,-0.0388019034646431,Robins' estimator,0.2,0.2,0.5,0.5,3411,0.0,0.0,0.0,correct,correct,3.0
213,0.09772406109408295,-0.37482468394345053,-0.11279002889103326,Robins' estimator,0.2,0.2,0.5,0.5,3411,0.0,0.0,0.0,correct,correct,3.0
214,-0.272779051664364,-0.1001874633883005,0.2089298339669657,Robins' estimator,0.2,0.2,0.5,0.5,3411,0.0,0.0,0.0,correct,correct,3.0
215,-0.08660976817472561,-0.2528752751003484,0.11667385267005471,Robins' estimator,0.2,0.2,0.5,0.5,3411,0.0,0.0,0.0,correct,correct,3.0
216,0.3339723534936125,0.07609012912523712,0.2880597842522518,Robins' estimator,0.2,0.2,0.5,0.5,3411,0.0,0.0,0.0,correct,correct,3.0
217,0.3712415424948532,0.38180685501799083,0.1057480697670934,Robins' estimator,0.2,0.2,0.5,0.5,3411,0.0,0.0,0.0,correct,correct,3.0
218,-0.13634922320752435,-0.35874639839187095,0.09591108875364683,Robins' estimator,0.2,0.2,0.5,0.5,3411,0.0,0.0,0.0,correct,correct,3.0
219,-0.008383572233343184,-0.11727740993967535,0.21182196099233327,Robins' estimator,0.2,0.2,0.5,0.5,3411,0.0,0.0,0.0,correct,correct,3.0
220,0.2502947000118136,-0.028143056999898695,-0.07825112875001893,Robins' estimator,0.2,0.2,0.5,0.5,3411,0.0,0.0,0.0,correct,correct,3.0
221,0.06554906016094661,-0.09104315433521638,-0.22530502403367073,Robins' estimator,0.2,0.2,0.5,0.5,3411,0.0,0.0,0.0,correct,correct,3.0
222,0.059427640022997066,0.1921140019414954,0.07918569081848317,Robins' estimator,0.2,0.2,0.5,0.5,3411,0.0,0.0,0.0,correct,correct,3.0
223,0.06914963077694102,0.2517232739552327,0.7195645571911438,Robins' estimator,0.2,0.2,0.5,0.5,3411,0.0,0.0,0.0,correct,correct,3.0
224,-0.1738843684222716,-0.4949148679357148,-0.26193426022357474,Robins' estimator,0.2,0.2,0.5,0.5,3411,0.0,0.0,0.0,correct,correct,3.0
225,-0.1359588713623003,-0.09940566374840956,-0.0023623790503821455,Robins' estimator,0.2,0.2,0.5,0.5,3411,0.0,0.0,0.0,correct,correct,3.0
226,0.22660698337908633,0.3597972344410195,0.10749678952716059,Robins' estimator,0.2,0.2,0.5,0.5,3411,0.0,0.0,0.0,correct,correct,3.0
227,0.34342916075047175,-0.22496975447090903,0.34745858685082215,Robins' estimator,0.2,0.2,0.5,0.5,3411,0.0,0.0,0.0,correct,correct,3.0
228,0.19995586928533896,0.019684771666731323,0.1497442135633159,Robins' estimator,0.2,0.2,0.5,0.5,3411,0.0,0.0,0.0,correct,correct,3.0
229,-0.05286078130060472,-0.3082225192685232,-0.05441234413117457,Robins' estimator,0.2,0.2,0.5,0.5,3411,0.0,0.0,0.0,correct,correct,3.0
230,-0.23122838842291432,0.24670302745277153,-0.25333318026831814,Robins' estimator,0.2,0.2,0.5,0.5,3411,0.0,0.0,0.0,correct,correct,3.0
231,0.3389856953871085,0.1308043929386047,0.18692644720606102,Robins' estimator,0.2,0.2,0.5,0.5,3411,0.0,0.0,0.0,correct,correct,3.0
232,-0.17231337048018402,-0.29072137766686273,-0.11136984958598764,Robins' estimator,0.2,0.2,0.5,0.5,3411,0.0,0.0,0.0,correct,correct,3.0
233,-0.26583258549335864,-0.1335742096200259,0.25661619133353464,Robins' estimator,0.2,0.2,0.5,0.5,3411,0.0,0.0,0.0,correct,correct,3.0
234,-0.029354237274932124,-0.13624002161797086,0.1184675567012449,Robins' estimator,0.2,0.2,0.5,0.5,3411,0.0,0.0,0.0,correct,correct,3.0
235,-0.23173286859819242,0.1007696678923767,0.0036018559741180277,Robins' estimator,0.2,0.2,0.5,0.5,3411,0.0,0.0,0.0,correct,correct,3.0
236,-0.32742751617687504,0.06263408260062114,0.05608012204005458,Robins' estimator,0.2,0.2,0.5,0.5,3411,0.0,0.0,0.0,correct,correct,3.0
237,-0.07418510433789807,-0.014334945616779317,0.1873826942131298,Robins' estimator,0.2,0.2,0.5,0.5,3411,0.0,0.0,0.0,correct,correct,3.0
238,0.16429811951225898,0.24696096792128389,-0.029730357598873575,Robins' estimator,0.2,0.2,0.5,0.5,3411,0.0,0.0,0.0,correct,correct,3.0
239,-0.23768780543771065,-0.42750317210084776,-0.1627423618709383,Robins' estimator,0.2,0.2,0.5,0.5,3411,0.0,0.0,0.0,correct,correct,3.0
240,0.08254351419965512,0.020913445696310016,-0.0018479512222695624,Robins' estimator,0.2,0.2,0.5,0.5,3411,0.0,0.0,0.0,correct,correct,3.0
241,-0.134449581827391,0.7058097123479774,0.1148416556362334,Robins' estimator,0.2,0.2,0.5,0.5,3411,0.0,0.0,0.0,correct,correct,3.0
242,0.2600315671766363,0.48321510513224714,-0.0031426028450608533,Robins' estimator,0.2,0.2,0.5,0.5,3411,0.0,0.0,0.0,correct,correct,3.0
243,0.01277645989707443,0.1581400813511122,-0.06598807668356471,Robins' estimator,0.2,0.2,0.5,0.5,3411,0.0,0.0,0.0,correct,correct,3.0
244,0.11223096147919018,0.05430474287637257,0.28277332145919476,Robins' estimator,0.2,0.2,0.5,0.5,3411,0.0,0.0,0.0,correct,correct,3.0
245,0.10232565911293519,-0.07662837739127315,0.001929522407738056,Robins' estimator,0.2,0.2,0.5,0.5,3411,0.0,0.0,0.0,correct,correct,3.0
246,-0.510229291612174,-0.30427476931077746,-0.17408677111979684,Robins' estimator,0.2,0.2,0.5,0.5,3411,0.0,0.0,0.0,correct,correct,3.0
247,0.01574819608640248,-0.18810928149717093,-0.2400294069549182,Robins' estimator,0.2,0.2,0.5,0.5,3411,0.0,0.0,0.0,correct,correct,3.0
248,0.23070140758652402,-0.07078542703619396,-0.2255941252027728,Robins' estimator,0.2,0.2,0.5,0.5,3411,0.0,0.0,0.0,correct,correct,3.0
249,0.16751496934023768,0.47159406560052414,0.010063245610932746,Robins' estimator,0.2,0.2,0.5,0.5,3411,0.0,0.0,0.0,correct,correct,3.0
250,-0.08012683996933243,0.11435751318403,-0.15758922404028491,Robins' estimator,0.2,0.2,0.5,0.5,3411,0.0,0.0,0.0,correct,correct,3.0
251,-0.10872098141750104,0.23858075297623052,-0.0966354376732066,Robins' estimator,0.2,0.2,0.5,0.5,3411,0.0,0.0,0.0,correct,correct,3.0
252,0.14866283700078173,0.3729021493664488,-0.0342652795833979,Robins' estimator,0.2,0.2,0.5,0.5,3411,0.0,0.0,0.0,correct,correct,3.0
253,-0.18101544915790957,0.3392583976832485,0.10704843253102099,Robins' estimator,0.2,0.2,0.5,0.5,3411,0.0,0.0,0.0,correct,correct,3.0
254,0.08825412899041754,-0.09915063429006091,-0.5120928894676791,Robins' estimator,0.2,0.2,0.5,0.5,3411,0.0,0.0,0.0,correct,correct,3.0
255,-0.01809158394745438,-0.3349077402482746,-0.2032184240255234,Robins' estimator,0.2,0.2,0.5,0.5,3411,0.0,0.0,0.0,correct,correct,3.0
256,-0.16293444975870666,-0.24351029576220284,-0.5551349858145107,Robins' estimator,0.2,0.2,0.5,0.5,3411,0.0,0.0,0.0,correct,correct,3.0
257,-0.050568028254760616,0.30983501983507444,0.21857214036277411,Robins' estimator,0.2,0.2,0.5,0.5,3411,0.0,0.0,0.0,correct,correct,3.0
258,-0.4282889176231578,0.07073200928614842,0.10233643770786316,Robins' estimator,0.2,0.2,0.5,0.5,3411,0.0,0.0,0.0,correct,correct,3.0
259,-0.07275818523064617,-0.5208349005519283,-0.11637696809354235,Robins' estimator,0.2,0.2,0.5,0.5,3411,0.0,0.0,0.0,correct,correct,3.0
260,-0.10896471935720331,-0.18808221615994744,-0.328030835968464,Robins' estimator,0.2,0.2,0.5,0.5,3411,0.0,0.0,0.0,correct,correct,3.0
261,0.05790553354237899,0.12957425933492514,0.0764230197480275,Robins' estimator,0.2,0.2,0.5,0.5,3411,0.0,0.0,0.0,correct,correct,3.0
262,-0.15966995212840257,0.525406637895936,0.13940628947157074,Robins' estimator,0.2,0.2,0.5,0.5,3411,0.0,0.0,0.0,correct,correct,3.0
263,-0.172546997877971,-0.3490525824322791,-0.025712538660757234,Robins' estimator,0.2,0.2,0.5,0.5,3411,0.0,0.0,0.0,correct,correct,3.0
264,0.17840607052793822,0.584903517687174,-0.07242425444446497,Robins' estimator,0.2,0.2,0.5,0.5,3411,0.0,0.0,0.0,correct,correct,3.0
265,-0.04752390691466036,0.29767943065670016,-0.10123166366432118,Robins' estimator,0.2,0.2,0.5,0.5,3411,0.0,0.0,0.0,correct,correct,3.0
266,-0.07218342891559336,0.049873967248380544,-0.22886220688684508,Robins' estimator,0.2,0.2,0.5,0.5,3411,0.0,0.0,0.0,correct,correct,3.0
267,-0.14619159803339676,0.0806792741011135,-0.027316453444134844,Robins' estimator,0.2,0.2,0.5,0.5,3411,0.0,0.0,0.0,correct,correct,3.0
268,-0.22825109354616654,0.29689208632092673,0.04469970428434345,Robins' estimator,0.2,0.2,0.5,0.5,3411,0.0,0.0,0.0,correct,correct,3.0
269,-0.26487865155894164,0.2714142389350741,0.1780050345759624,Robins' estimator,0.2,0.2,0.5,0.5,3411,0.0,0.0,0.0,correct,correct,3.0
270,-0.01865718702995226,-0.38237397861730094,0.30653338738572466,Robins' estimator,0.2,0.2,0.5,0.5,3411,0.0,0.0,0.0,correct,correct,3.0
271,-0.09079175636991484,0.06610352097324194,-0.059436951715807124,Robins' estimator,0.2,0.2,0.5,0.5,3411,0.0,0.0,0.0,correct,correct,3.0
272,-0.3074973628041612,-0.13428209515997547,-0.3796635598654046,Robins' estimator,0.2,0.2,0.5,0.5,3411,0.0,0.0,0.0,correct,correct,3.0
273,0.14522172827018714,0.10867392202348808,-0.10709706923273386,Robins' estimator,0.2,0.2,0.5,0.5,3411,0.0,0.0,0.0,correct,correct,3.0
274,-0.14780593557170119,0.42281212237240207,-0.28594086694378407,Robins' estimator,0.2,0.2,0.5,0.5,3411,0.0,0.0,0.0,correct,correct,3.0
275,-0.0013948100507685318,0.4462795024141485,-0.017981987192933212,Robins' estimator,0.2,0.2,0.5,0.5,3411,0.0,0.0,0.0,correct,correct,3.0
276,0.011325448086887555,-0.41844030530157367,-0.12008592666981137,Robins' estimator,0.2,0.2,0.5,0.5,3411,0.0,0.0,0.0,correct,correct,3.0
277,0.31684059096220074,0.1429535966208985,-0.013754903826170624,Robins' estimator,0.2,0.2,0.5,0.5,3411,0.0,0.0,0.0,correct,correct,3.0
278,0.24708464538997127,-0.029669350062349956,0.08404235953836622,Robins' estimator,0.2,0.2,0.5,0.5,3411,0.0,0.0,0.0,correct,correct,3.0
279,0.007959329560809067,-0.03597174591953363,-0.10308161987294717,Robins' estimator,0.2,0.2,0.5,0.5,3411,0.0,0.0,0.0,correct,correct,3.0
280,0.06835487690109729,0.40729291837675885,0.0513150329776302,Robins' estimator,0.2,0.2,0.5,0.5,3411,0.0,0.0,0.0,correct,correct,3.0
281,0.24286152938525277,0.5237411551368394,0.3522467717990359,Robins' estimator,0.2,0.2,0.5,0.5,3411,0.0,0.0,0.0,correct,correct,3.0
282,0.2711541259848822,-0.31634241377120165,-0.09062196097495345,Robins' estimator,0.2,0.2,0.5,0.5,3411,0.0,0.0,0.0,correct,correct,3.0
283,0.2789069876024247,0.015715839037238524,-0.12841952087130007,Robins' estimator,0.2,0.2,0.5,0.5,3411,0.0,0.0,0.0,correct,correct,3.0
284,-0.051530600652072725,0.12264948660384194,-0.12167456642122812,Robins' estimator,0.2,0.2,0.5,0.5,3411,0.0,0.0,0.0,correct,correct,3.0
285,0.018475570049048484,-0.44315410925756304,-0.1395397769553709,Robins' estimator,0.2,0.2,0.5,0.5,3411,0.0,0.0,0.0,correct,correct,3.0
286,0.02115333142915673,-0.21135240545312708,-0.03603736456791663,Robins' estimator,0.2,0.2,0.5,0.5,3411,0.0,0.0,0.0,correct,correct,3.0
287,0.23944308537397738,0.03254389398935606,-0.06953303334619051,Robins' estimator,0.2,0.2,0.5,0.5,3411,0.0,0.0,0.0,correct,correct,3.0
288,-0.4755228600118673,-0.07784501917729703,-0.025083536406335528,Robins' estimator,0.2,0.2,0.5,0.5,3411,0.0,0.0,0.0,correct,correct,3.0
289,-0.2652030532287526,0.41266502087345597,0.24427947171037961,Robins' estimator,0.2,0.2,0.5,0.5,3411,0.0,0.0,0.0,correct,correct,3.0
290,-0.25166321186382556,-0.03322966619018727,-0.31773922176373687,Robins' estimator,0.2,0.2,0.5,0.5,3411,0.0,0.0,0.0,correct,correct,3.0
291,0.36414029666386294,-0.011478273017854644,0.1656243157309749,Robins' estimator,0.2,0.2,0.5,0.5,3411,0.0,0.0,0.0,correct,correct,3.0
292,0.390750420876754,0.28260280076114674,0.020535643185765208,Robins' estimator,0.2,0.2,0.5,0.5,3411,0.0,0.0,0.0,correct,correct,3.0
293,-0.14852120257775425,-0.018258065537617038,0.1225904427443176,Robins' estimator,0.2,0.2,0.5,0.5,3411,0.0,0.0,0.0,correct,correct,3.0
294,0.2557204478947105,-0.1377403712524824,0.0013179130485296592,Robins' estimator,0.2,0.2,0.5,0.5,3411,0.0,0.0,0.0,correct,correct,3.0
295,0.08086323199039547,0.2848300057186825,0.037870798671747426,Robins' estimator,0.2,0.2,0.5,0.5,3411,0.0,0.0,0.0,correct,correct,3.0
296,0.17196143268048086,-0.05699383662421099,-0.025133361706354516,Robins' estimator,0.2,0.2,0.5,0.5,3411,0.0,0.0,0.0,correct,correct,3.0
297,-0.10574731700691066,-0.15794665441530797,-0.15106702670631372,Robins' estimator,0.2,0.2,0.5,0.5,3411,0.0,0.0,0.0,correct,correct,3.0
298,0.4284073437780051,0.17200112459400216,0.0436357947410246,Robins' estimator,0.2,0.2,0.5,0.5,3411,0.0,0.0,0.0,correct,correct,3.0
299,-0.025349424628602086,0.6547494506794267,-0.1843531938548784,Robins' estimator,0.2,0.2,0.5,0.5,3411,0.0,0.0,0.0,correct,correct,3.0
300,-0.030370839733120346,-0.11715070416483611,0.0785243298088965,Robins' estimator,0.2,0.2,0.5,0.5,3411,0.0,0.0,0.0,correct,correct,3.0
1,-0.11096171073297371,-0.7217918675471277,0.285765926163509,GMM estimator,0.2,0.2,0.5,0.5,3411,0.0,0.0,0.0,correct,correct,3.0
2,-0.11296975713116458,0.16339031453738495,0.2537739340650697,GMM estimator,0.2,0.2,0.5,0.5,3411,0.0,0.0,0.0,correct,correct,3.0
3,-0.5169333508954296,0.32003607683029106,-0.026111277898921755,GMM estimator,0.2,0.2,0.5,0.5,3411,0.0,0.0,0.0,correct,correct,3.0
4,0.2842130940079809,-0.04306717985533342,0.003928265802135962,GMM estimator,0.2,0.2,0.5,0.5,3411,0.0,0.0,0.0,correct,correct,3.0
5,-0.3467050929005242,0.15906394921787087,-0.48760596952197494,GMM estimator,0.2,0.2,0.5,0.5,3411,0.0,0.0,0.0,correct,correct,3.0
6,0.24885499033428873,-0.06604855333184793,0.21364447919155877,GMM estimator,0.2,0.2,0.5,0.5,3411,0.0,0.0,0.0,correct,correct,3.0
7,0.23378312933067177,-0.29512773511476026,-0.0025914556140365736,GMM estimator,0.2,0.2,0.5,0.5,3411,0.0,0.0,0.0,correct,correct,3.0
8,-0.35538266335650065,-0.2493263090347755,0.08002490050115854,GMM estimator,0.2,0.2,0.5,0.5,3411,0.0,0.0,0.0,correct,correct,3.0
9,-0.21486794702596998,-0.008160937783586352,0.22947811957730999,GMM estimator,0.2,0.2,0.5,0.5,3411,0.0,0.0,0.0,correct,correct,3.0
10,-0.27098763490123906,-0.3420815740166669,-0.08518025657784906,GMM estimator,0.2,0.2,0.5,0.5,3411,0.0,0.0,0.0,correct,correct,3.0
11,0.22465333635680432,-0.0624039646577498,0.14547624857643537,GMM estimator,0.2,0.2,0.5,0.5,3411,0.0,0.0,0.0,correct,correct,3.0
12,0.004654279730432413,-0.15300462079193727,0.23084828847891065,GMM estimator,0.2,0.2,0.5,0.5,3411,0.0,0.0,0.0,correct,correct,3.0
13,0.3334223412627376,0.16236871377343956,-0.004380605624666854,GMM estimator,0.2,0.2,0.5,0.5,3411,0.0,0.0,0.0,correct,correct,3.0
14,-0.2824080915868235,-0.5438065113916619,-0.09127741044651495,GMM estimator,0.2,0.2,0.5,0.5,3411,0.0,0.0,0.0,correct,correct,3.0
15,-0.22636966847097928,-0.3155829502559409,0.030817690380761938,GMM estimator,0.2,0.2,0.5,0.5,3411,0.0,0.0,0.0,correct,correct,3.0
16,-0.24468832652774894,-0.23733850588159758,-0.390020754958148,GMM estimator,0.2,0.2,0.5,0.5,3411,0.0,0.0,0.0,correct,correct,3.0
17,0.4287056957053724,0.5050403512867867,0.13726003757609076,GMM estimator,0.2,0.2,0.5,0.5,3411,0.0,0.0,0.0,correct,correct,3.0
18,0.08819175907793063,-0.37354647139935665,-0.1645219202185719,GMM estimator,0.2,0.2,0.5,0.5,3411,0.0,0.0,0.0,correct,correct,3.0
19,-0.013555905221834676,0.14980669135367658,-0.04271356867323771,GMM estimator,0.2,0.2,0.5,0.5,3411,0.0,0.0,0.0,correct,correct,3.0
20,-0.054402011874681515,0.33840171050145207,0.26668047066668665,GMM estimator,0.2,0.2,0.5,0.5,3411,0.0,0.0,0.0,correct,correct,3.0
21,0.04857351184540419,0.13584111917495464,0.19848100749258885,GMM estimator,0.2,0.2,0.5,0.5,3411,0.0,0.0,0.0,correct,correct,3.0
22,0.07674820445093114,0.03986430699833503,0.21014549400210414,GMM estimator,0.2,0.2,0.5,0.5,3411,0.0,0.0,0.0,correct,correct,3.0
23,-0.10592676222685471,0.2902404953290677,0.27141671798897155,GMM estimator,0.2,0.2,0.5,0.5,3411,0.0,0.0,0.0,correct,correct,3.0
24,0.398113276574301,-0.21490641118711676,-0.14389130908937478,GMM estimator,0.2,0.2,0.5,0.5,3411,0.0,0.0,0.0,correct,correct,3.0
25,-0.0525886884454249,0.45864878078653765,-0.29110759124688607,GMM estimator,0.2,0.2,0.5,0.5,3411,0.0,0.0,0.0,correct,correct,3.0
26,-0.10829638243774799,-0.05515431386891934,-0.2486669754683581,GMM estimator,0.2,0.2,0.5,0.5,3411,0.0,0.0,0.0,correct,correct,3.0
27,0.04887724456976451,-0.04544992925312711,0.027906354236856466,GMM estimator,0.2,0.2,0.5,0.5,3411,0.0,0.0,0.0,correct,correct,3.0
28,-0.125784511653457,0.05021011532301884,-0.10631678759739213,GMM estimator,0.2,0.2,0.5,0.5,3411,0.0,0.0,0.0,correct,correct,3.0
29,0.07619842671977659,-0.33033195666463017,0.09067793930898828,GMM estimator,0.2,0.2,0.5,0.5,3411,0.0,0.0,0.0,correct,correct,3.0
30,-0.20218732328608885,0.1261885207813694,0.08544833232377479,GMM estimator,0.2,0.2,0.5,0.5,3411,0.0,0.0,0.0,correct,correct,3.0
31,0.08751308120301227,0.43400814640392926,0.36424913106022533,GMM estimator,0.2,0.2,0.5,0.5,3411,0.0,0.0,0.0,correct,correct,3.0
32,-0.04860492460649888,-0.4809025537859695,-0.055548339153257784,GMM estimator,0.2,0.2,0.5,0.5,3411,0.0,0.0,0.0,correct,correct,3.0
33,0.0704042188859974,0.3083567239159721,-0.020055321596753085,GMM estimator,0.2,0.2,0.5,0.5,3411,0.0,0.0,0.0,correct,correct,3.0
34,0.13632404518116356,-0.5958876070352824,-0.09282959859070171,GMM estimator,0.2,0.2,0.5,0.5,3411,0.0,0.0,0.0,correct,correct,3.0
35,0.011471389233172145,0.33246271197109634,-0.08105150202482593,GMM estimator,0.2,0.2,0.5,0.5,3411,0.0,0.0,0.0,correct,correct,3.0
36,0.12160964265560045,0.01597340893820845,-0.39166139735183547,GMM estimator,0.2,0.2,0.5,0.5,3411,0.0,0.0,0.0,correct,correct,3.0
37,-0.17752548821955186,-0.05540290000946774,-0.24161326569410668,GMM estimator,0.2,0.2,0.5,0.5,3411,0.0,0.0,0.0,correct,correct,3.0
38,-0.17099240309760724,-0.36311342706238336,-0.16622939621377986,GMM estimator,0.2,0.2,0.5,0.5,3411,0.0,0.0,0.0,correct,correct,3.0
39,-0.3293403213880527,-0.4475576098939788,-0.16959957645203128,GMM estimator,0.2,0.2,0.5,0.5,3411,0.0,0.0,0.0,correct,correct,3.0
40,0.12273544079659152,0.5076519699104649,-0.010915722399245742,GMM estimator,0.2,0.2,0.5,0.5,3411,0.0,0.0,0.0,correct,correct,3.0
41,-0.13813088490778405,-0.4740652865811584,0.29095974030697963,GMM estimator,0.2,0.2,0.5,0.5,3411,0.0,0.0,0.0,correct,correct,3.0
42,0.3215255051811417,-0.036164665382630204,-0.039864740910108595,GMM estimator,0.2,0.2,0.5,0.5,3411,0.0,0.0,0.0,correct,correct,3.0
43,-0.217544463725131,-0.22376903771467066,0.04046130173559263,GMM estimator,0.2,0.2,0.5,0.5,3411,0.0,0.0,0.0,correct,correct,3.0
44,0.40903123793600865,-0.3853235648019285,0.1592892946396219,GMM estimator,0.2,0.2,0.5,0.5,3411,0.0,0.0,0.0,correct,correct,3.0
45,0.047201858455507846,-0.030765229050578147,-0.05244248353383581,GMM estimator,0.2,0.2,0.5,0.5,3411,0.0,0.0,0.0,correct,correct,3.0
46,0.04005944612527033,-0.14901097299080737,0.31076758225079176,GMM estimator,0.2,0.2,0.5,0.5,3411,0.0,0.0,0.0,correct,correct,3.0
47,0.08268976822676552,0.30484197685954445,0.5523741219295565,GMM estimator,0.2,0.2,0.5,0.5,3411,0.0,0.0,0.0,correct,correct,3.0
48,0.1166225481503787,0.25382054936950516,-0.0375548432917605,GMM estimator,0.2,0.2,0.5,0.5,3411,0.0,0.0,0.0,correct,correct,3.0
49,-0.23203655712629834,-0.01766688712991416,0.49710175556622266,GMM estimator,0.2,0.2,0.5,0.5,3411,0.0,0.0,0.0,correct,correct,3.0
50,-0.3208396267129529,-0.07250280280266033,-0.00798273910927464,GMM estimator,0.2,0.2,0.5,0.5,3411,0.0,0.0,0.0,correct,correct,3.0
51,0.04900577754564823,0.16351681251671632,-0.1010563669207934,GMM estimator,0.2,0.2,0.5,0.5,3411,0.0,0.0,0.0,correct,correct,3.0
52,0.01827005410282541,0.1538708878791572,-0.14158786220294795,GMM estimator,0.2,0.2,0.5,0.5,3411,0.0,0.0,0.0,correct,correct,3.0
53,0.1706485188479207,0.22629313712514135,0.2484380624168196,GMM estimator,0.2,0.2,0.5,0.5,3411,0.0,0.0,0.0,correct,correct,3.0
54,0.01673416457792864,0.36744419259982547,0.08945596006086418,GMM estimator,0.2,0.2,0.5,0.5,3411,0.0,0.0,0.0,correct,correct,3.0
55,-0.247920770785718,0.29952709125303384,0.008381480095341079,GMM estimator,0.2,0.2,0.5,0.5,3411,0.0,0.0,0.0,correct,correct,3.0
56,-0.2318096295719327,0.25963449611431344,-0.21568977218746152,GMM estimator,0.2,0.2,0.5,0.5,3411,0.0,0.0,0.0,correct,correct,3.0
57,-0.2965068898344549,-0.6095767565905386,-0.3150577250693468,GMM estimator,0.2,0.2,0.5,0.5,3411,0.0,0.0,0.0,correct,correct,3.0
58,-0.38679137671766384,-0.6062572617791172,-0.34522664451990065,GMM estimator,0.2,0.2,0.5,0.5,3411,0.0,0.0,0.0,correct,correct,3.0
59,0.45653378466354366,0.2743187738899946,0.25368241239283823,GMM estimator,0.2,0.2,0.5,0.5,3411,0.0,0.0,0.0,correct,correct,3.0
60,-0.09740433913994989,0.2035207551120164,0.043119242563892636,GMM estimator,0.2,0.2,0.5,0.5,3411,0.0,0.0,0.0,correct,correct,3.0
61,0.06342735360127137,-0.0377765070773843,-0.04666330965939466,GMM estimator,0.2,0.2,0.5,0.5,3411,0.0,0.0,0.0,correct,correct,3.0
62,-0.045129748794863624,0.0014643618109461526,0.3312650752329034,GMM estimator,0.2,0.2,0.5,0.5,3411,0.0,0.0,0.0,correct,correct,3.0
63,-0.2392067199653888,0.05973864989455756,-0.06976780537252106,GMM estimator,0.2,0.2,0.5,0.5,3411,0.0,0.0,0.0,correct,correct,3.0
64,-0.028079579719796095,0.2964339886377119,0.047781078924273766,GMM estimator,0.2,0.2,0.5,0.5,3411,0.0,0.0,0.0,correct,correct,3.0
65,-0.33622562125344146,-0.21559112763305427,0.39410213188097065,GMM estimator,0.2,0.2,0.5,0.5,3411,0.0,0.0,0.0,correct,correct,3.0
66,0.05019496165091709,0.5114467640383435,0.10484156553032384,GMM estimator,0.2,0.2,0.5,0.5,3411,0.0,0.0,0.0,correct,correct,3.0
67,0.29563698180353765,-0.3662704871849937,-0.04831671830022707,GMM estimator,0.2,0.2,0.5,0.5,3411,0.0,0.0,0.0,correct,correct,3.0
68,0.015923169236240608,0.27549880968171897,-0.18294272202061249,GMM estimator,0.2,0.2,0.5,0.5,3411,0.0,0.0,0.0,correct,correct,3.0
69,-0.23227797964066105,-0.20510867711607797,0.024171350675052772,GMM estimator,0.2,0.2,0.5,0.5,3411,0.0,0.0,0.0,correct,correct,3.0
70,-0.07147609095248099,-0.15137710707499016,-0.013888826585902183,GMM estimator,0.2,0.2,0.5,0.5,3411,0.0,0.0,0.0,correct,correct,3.0
71,-0.20147295573043367,-0.11173936274137801,0.22078163441953602,GMM estimator,0.2,0.2,0.5,0.5,3411,0.0,0.0,0.0,correct,correct,3.0
72,-0.2555823598769929,-0.5179100311063748,-0.5539722859991008,GMM estimator,0.2,0.2,0.5,0.5,3411,0.0,0.0,0.0,correct,correct,3.0
73,-0.08074638735295679,0.1415600197987726,-0.17901303850275121,GMM estimator,0.2,0.2,0.5,0.5,3411,0.0,0.0,0.0,correct,correct,3.0
74,-0.5249223676165858,-0.3459560678120461,0.13247628045975607,GMM estimator,0.2,0.2,0.5,0.5,3411,0.0,0.0,0.0,correct,correct,3.0
75,-0.06627976927585028,-0.09157945688620128,0.16186849178046406,GMM estimator,0.2,0.2,0.5,0.5,3411,0.0,0.0,0.0,correct,correct,3.0
76,0.0479204550452563,-0.2270995733960346,0.013860170916082038,GMM estimator,0.2,0.2,0.5,0.5,3411,0.0,0.0,0.0,correct,correct,3.0
77,-0.2581713677976772,-0.03557773131034912,-0.40368738074770133,GMM estimator,0.2,0.2,0.5,0.5,3411,0.0,0.0,0.0,correct,correct,3.0
78,-0.5477805328176822,-0.3820721386911473,-0.5157977994912719,GMM estimator,0.2,0.2,0.5,0.5,3411,0.0,0.0,0.0,correct,correct,3.0
79,-0.043190189906771835,-0.3089552052141324,0.44787407307753574,GMM estimator,0.2,0.2,0.5,0.5,3411,0.0,0.0,0.0,correct,correct,3.0
80,0.10925644945536692,-0.22476642536593266,-0.3299079286278781,GMM estimator,0.2,0.2,0.5,0.5,3411,0.0,0.0,0.0,correct,correct,3.0
81,-0.24941341808398793,-0.2206571618115548,-0.31674695674624476,GMM estimator,0.2,0.2,0.5,0.5,3411,0.0,0.0,0.0,correct,correct,3.0
82,0.17577809554604013,0.49510550626296856,0.11441804857237801,GMM estimator,0.2,0.2,0.5,0.5,3411,0.0,0.0,0.0,correct,correct,3.0
83,-0.1040300700627595,-0.011969515597462767,-0.0010192350399627092,GMM estimator,0.2,0.2,0.5,0.5,3411,0.0,0.0,0.0,correct,correct,3.0
84,-0.21831610504635315,-0.19379676457016984,0.06500598257568213,GMM estimator,0.2,0.2,0.5,0.5,3411,0.0,0.0,0.0,correct,correct,3.0
85,-0.304006816068649,-0.26199954201706394,-0.36402397759937755,GMM estimator,0.2,0.2,0.5,0.5,3411,0.0,0.0,0.0,correct,correct,3.0
86,-0.2177800619429707,0.0012903698341204927,-0.29787297660600637,GMM estimator,0.2,0.2,0.5,0.5,3411,0.0,0.0,0.0,correct,correct,3.0
87,-0.098390464131674,-0.6887660197379945,0.10378562649753828,GMM estimator,0.2,0.2,0.5,0.5,3411,0.0,0.0,0.0,correct,correct,3.0
88,0.2476383390216107,0.161658022197927,0.0870771786958927,GMM estimator,0.2,0.2,0.5,0.5,3411,0.0,0.0,0.0,correct,correct,3.0
89,-0.019989436812016127,-0.3262872498671604,0.20296459381974263,GMM estimator,0.2,0.2,0.5,0.5,3411,0.0,0.0,0.0,correct,correct,3.0
90,0.029131588958184594,-0.4088905608847022,0.22825471559555327,GMM estimator,0.2,0.2,0.5,0.5,3411,0.0,0.0,0.0,correct,correct,3.0
91,-0.0035060084168488563,0.12476444296146941,-0.05882063744994092,GMM estimator,0.2,0.2,0.5,0.5,3411,0.0,0.0,0.0,correct,correct,3.0
92,-0.5845423317076469,0.024320251499232084,-0.33398180359294755,GMM estimator,0.2,0.2,0.5,0.5,3411,0.0,0.0,0.0,correct,correct,3.0
93,-0.03865496975835248,0.3054017826562427,-0.3439577979994218,GMM estimator,0.2,0.2,0.5,0.5,3411,0.0,0.0,0.0,correct,correct,3.0
94,-0.45409848797668284,-0.31832011086822576,0.03917538827308338,GMM estimator,0.2,0.2,0.5,0.5,3411,0.0,0.0,0.0,correct,correct,3.0
95,-0.1430652561903587,0.03380389204033324,0.2024839101881022,GMM estimator,0.2,0.2,0.5,0.5,3411,0.0,0.0,0.0,correct,correct,3.0
96,-0.09492028775662933,-0.4283253350469397,-0.15237166270779343,GMM estimator,0.2,0.2,0.5,0.5,3411,0.0,0.0,0.0,correct,correct,3.0
97,-0.31950708270543293,-0.20153334228686842,0.040523195981571135,GMM estimator,0.2,0.2,0.5,0.5,3411,0.0,0.0,0.0,correct,correct,3.0
98,0.11698950408986032,0.47364566775206307,-0.15827521008898315,GMM estimator,0.2,0.2,0.5,0.5,3411,0.0,0.0,0.0,correct,correct,3.0
99,-0.3167457471236285,-0.16370881840245272,0.4149986890596489,GMM estimator,0.2,0.2,0.5,0.5,3411,0.0,0.0,0.0,correct,correct,3.0
100,-0.06229794399384649,0.05921373134303548,-0.05145240842254199,GMM estimator,0.2,0.2,0.5,0.5,3411,0.0,0.0,0.0,correct,correct,3.0
101,-0.005221567188172656,-0.31295073831991055,-0.07413583051428521,GMM estimator,0.2,0.2,0.5,0.5,3411,0.0,0.0,0.0,correct,correct,3.0
102,0.1612356813912937,-0.20608292612104515,-0.15515481340498385,GMM estimator,0.2,0.2,0.5,0.5,3411,0.0,0.0,0.0,correct,correct,3.0
103,-0.008357728539198568,-0.1874505483854642,0.14691193547590012,GMM estimator,0.2,0.2,0.5,0.5,3411,0.0,0.0,0.0,correct,correct,3.0
104,-0.5747063606282289,0.2683220819962867,0.07095188262523505,GMM estimator,0.2,0.2,0.5,0.5,3411,0.0,0.0,0.0,correct,correct,3.0
105,-0.21564841280763253,-0.2776620970642707,-0.5400899359624185,GMM estimator,0.2,0.2,0.5,0.5,3411,0.0,0.0,0.0,correct,correct,3.0
106,-0.30135864197691686,-0.5273809708142253,-0.3452627870601463,GMM estimator,0.2,0.2,0.5,0.5,3411,0.0,0.0,0.0,correct,correct,3.0
107,-0.5612488969764305,-0.4349275854570088,0.3553219319401036,GMM estimator,0.2,0.2,0.5,0.5,3411,0.0,0.0,0.0,correct,correct,3.0
108,-0.1538805700733002,0.03682252468552852,0.4406465997120449,GMM estimator,0.2,0.2,0.5,0.5,3411,0.0,0.0,0.0,correct,correct,3.0
109,0.007321858394069127,0.13501011308202,0.19092372588715759,GMM estimator,0.2,0.2,0.5,0.5,3411,0.0,0.0,0.0,correct,correct,3.0
110,0.3539263776694496,-0.43595412275757206,0.23163438225972402,GMM estimator,0.2,0.2,0.5,0.5,3411,0.0,0.0,0.0,correct,correct,3.0
111,0.13384459939167737,0.11637868483368866,-0.03441293958427928,GMM estimator,0.2,0.2,0.5,0.5,3411,0.0,0.0,0.0,correct,correct,3.0
112,-0.10999866647901997,-0.10284097682295905,-0.02676236460139283,GMM estimator,0.2,0.2,0.5,0.5,3411,0.0,0.0,0.0,correct,correct,3.0
113,-0.421209667318087,0.06956672022002745,0.08852462703379965,GMM estimator,0.2,0.2,0.5,0.5,3411,0.0,0.0,0.0,correct,correct,3.0
114,0.3097414008334389,-0.07099108019132727,-0.19843975041567122,GMM estimator,0.2,0.2,0.5,0.5,3411,0.0,0.0,0.0,correct,correct,3.0
115,0.17447502168519893,-0.15348198234647162,-0.05403650128168541,GMM estimator,0.2,0.2,0.5,0.5,3411,0.0,0.0,0.0,correct,correct,3.0
116,-0.034577675281453744,0.10131836837875094,-0.1537169606579426,GMM estimator,0.2,0.2,0.5,0.5,3411,0.0,0.0,0.0,correct,correct,3.0
117,-0.5421931911133118,-0.8438764158221987,-0.09019688929180243,GMM estimator,0.2,0.2,0.5,0.5,3411,0.0,0.0,0.0,correct,correct,3.0
118,-0.18370591620105287,-0.3903784117120313,-0.24130063405739632,GMM estimator,0.2,0.2,0.5,0.5,3411,0.0,0.0,0.0,correct,correct,3.0
119,-0.05943162241224934,-0.09701270427585608,-0.02979825105781234,GMM estimator,0.2,0.2,0.5,0.5,3411,0.0,0.0,0.0,correct,correct,3.0
120,-0.297139683235062,-0.02127632179112587,0.17053097060623199,GMM estimator,0.2,0.2,0.5,0.5,3411,0.0,0.0,0.0,correct,correct,3.0
121,-0.04656374567133254,0.2614150675827,0.24465600315775243,GMM estimator,0.2,0.2,0.5,0.5,3411,0.0,0.0,0.0,correct,correct,3.0
122,0.5250411151166768,-0.07727326923347076,0.0024714507128066744,GMM estimator,0.2,0.2,0.5,0.5,3411,0.0,0.0,0.0,correct,correct,3.0
123,0.27327835403884365,0.41716005803421613,0.1582722636860128,GMM estimator,0.2,0.2,0.5,0.5,3411,0.0,0.0,0.0,correct,correct,3.0
124,-0.03451665843716572,-0.19398563846265043,-0.32092349387679325,GMM estimator,0.2,0.2,0.5,0.5,3411,0.0,0.0,0.0,correct,correct,3.0
125,-0.15733677690478018,0.24546194497275547,0.24327557281002618,GMM estimator,0.2,0.2,0.5,0.5,3411,0.0,0.0,0.0,correct,correct,3.0
126,-0.14522485259674797,-0.17281139090386027,-0.010401684627175183,GMM estimator,0.2,0.2,0.5,0.5,3411,0.0,0.0,0.0,correct,correct,3.0
127,0.0019257337739010836,0.0879770151173378,0.17981736472864412,GMM estimator,0.2,0.2,0.5,0.5,3411,0.0,0.0,0.0,correct,correct,3.0
128,0.26670382432142725,-0.25072840169851063,0.33828790902001316,GMM estimator,0.2,0.2,0.5,0.5,3411,0.0,0.0,0.0,correct,correct,3.0
129,-0.08301873962787713,-0.022489788622986423,0.3155427644597265,GMM estimator,0.2,0.2,0.5,0.5,3411,0.0,0.0,0.0,correct,correct,3.0
130,-0.1648461979461393,-0.5689652939408978,-0.19805445764298793,GMM estimator,0.2,0.2,0.5,0.5,3411,0.0,0.0,0.0,correct,correct,3.0
131,-0.061008477459860606,-0.013948608705718719,-0.03215371488629902,GMM estimator,0.2,0.2,0.5,0.5,3411,0.0,0.0,0.0,correct,correct,3.0
132,-0.4658683474924614,-0.2813263327887503,0.01513329441525054,GMM estimator,0.2,0.2,0.5,0.5,3411,0.0,0.0,0.0,correct,correct,3.0
133,-0.10270555973990017,-0.32415735136492907,0.050170964267277934,GMM estimator,0.2,0.2,0.5,0.5,3411,0.0,0.0,0.0,correct,correct,3.0
134,-0.015015653305304294,-0.2534558277494285,0.11695582408748463,GMM estimator,0.2,0.2,0.5,0.5,3411,0.0,0.0,0.0,correct,correct,3.0
135,0.16607082391532194,-0.17634992368751515,-0.17602087690649232,GMM estimator,0.2,0.2,0.5,0.5,3411,0.0,0.0,0.0,correct,correct,3.0
136,-0.22274658458248742,-0.11534373448016365,-0.10896407557818874,GMM estimator,0.2,0.2,0.5,0.5,3411,0.0,0.0,0.0,correct,correct,3.0
137,-0.07303419203505025,0.19121590180622514,-0.07193438382030021,GMM estimator,0.2,0.2,0.5,0.5,3411,0.0,0.0,0.0,correct,correct,3.0
138,0.37278666146966266,-0.05376723656663708,0.07168077485540311,GMM estimator,0.2,0.2,0.5,0.5,3411,0.0,0.0,0.0,correct,correct,3.0
139,-0.1965927877692987,-0.16860258876861653,-0.18837398425669924,GMM estimator,0.2,0.2,0.5,0.5,3411,0.0,0.0,0.0,correct,correct,3.0
140,0.3106348332667059,0.12188671314682557,0.172131449054715,GMM estimator,0.2,0.2,0.5,0.5,3411,0.0,0.0,0.0,correct,correct,3.0
141,-0.004242696720622968,-0.23056099093573862,0.054903324840283804,GMM estimator,0.2,0.2,0.5,0.5,3411,0.0,0.0,0.0,correct,correct,3.0
142,0.1059862841890691,-0.252433100885762,0.20743263763525285,GMM estimator,0.2,0.2,0.5,0.5,3411,0.0,0.0,0.0,correct,correct,3.0
143,0.19437227123797657,0.31531104687105,0.04999205812691478,GMM estimator,0.2,0.2,0.5,0.5,3411,0.0,0.0,0.0,correct,correct,3.0
144,0.274517348840642,0.41026672742522513,0.11250475674330342,GMM estimator,0.2,0.2,0.5,0.5,3411,0.0,0.0,0.0,correct,correct,3.0
145,0.1883804907795189,0.026106186191110214,0.5588065296752851,GMM estimator,0.2,0.2,0.5,0.5,3411,0.0,0.0,0.0,correct,correct,3.0
146,-0.16250163755276548,-0.22667024130977695,-0.1854844478378791,GMM estimator,0.2,0.2,0.5,0.5,3411,0.0,0.0,0.0,correct,correct,3.0
147,-0.009632977320446105,0.006084375953602822,-0.026170111807667627,GMM estimator,0.2,0.2,0.5,0.5,3411,0.0,0.0,0.0,correct,correct,3.0
148,0.16613352077302765,-0.027485778834075915,-0.045599055189669564,GMM estimator,0.2,0.2,0.5,0.5,3411,0.0,0.0,0.0,correct,correct,3.0
149,-0.15814565515272544,-0.2441046589865395,0.06551975798178376,GMM estimator,0.2,0.2,0.5,0.5,3411,0.0,0.0,0.0,correct,correct,3.0
150,0.12989325721313516,-0.18154332656355932,-0.11727175832902505,GMM estimator,0.2,0.2,0.5,0.5,3411,0.0,0.0,0.0,correct,correct,3.0
151,0.008681388463457222,-0.2623301934099029,-0.249590333400148,GMM estimator,0.2,0.2,0.5,0.5,3411,0.0,0.0,0.0,correct,correct,3.0
152,0.10639624205987133,-0.25998167862779636,0.13540732983237327,GMM estimator,0.2,0.2,0.5,0.5,3411,0.0,0.0,0.0,correct,correct,3.0
153,0.16812960881783545,-0.017479095469566965,0.26399603617841777,GMM estimator,0.2,0.2,0.5,0.5,3411,0.0,0.0,0.0,correct,correct,3.0
154,0.0009809919384416914,0.6744094811751202,0.04451357650637212,GMM estimator,0.2,0.2,0.5,0.5,3411,0.0,0.0,0.0,correct,correct,3.0
155,0.05905681429621289,0.2382147947319633,-0.31728983385750015,GMM estimator,0.2,0.2,0.5,0.5,3411,0.0,0.0,0.0,correct,correct,3.0
156,0.37366588075614443,-0.17041036306994872,0.31083502975202115,GMM estimator,0.2,0.2,0.5,0.5,3411,0.0,0.0,0.0,correct,correct,3.0
157,-0.08051719042055484,0.09416264597863701,-0.42595290964194965,GMM estimator,0.2,0.2,0.5,0.5,3411,0.0,0.0,0.0,correct,correct,3.0
158,0.20820066038604026,0.2162895694649048,0.05607850012129036,GMM estimator,0.2,0.2,0.5,0.5,3411,0.0,0.0,0.0,correct,correct,3.0
159,-0.011097390823635513,0.9386509208792301,0.2522231290676918,GMM estimator,0.2,0.2,0.5,0.5,3411,0.0,0.0,0.0,correct,correct,3.0
160,0.15762683955761111,-0.1449784146246011,0.35690241033923686,GMM estimator,0.2,0.2,0.5,0.5,3411,0.0,0.0,0.0,correct,correct,3.0
161,-0.01696484048814867,0.17397351175311043,-0.2321820110241085,GMM estimator,0.2,0.2,0.5,0.5,3411,0.0,0.0,0.0,correct,correct,3.0
162,0.2553353785239806,0.659048566191373,-0.2549711784381613,GMM estimator,0.2,0.2,0.5,0.5,3411,0.0,0.0,0.0,correct,correct,3.0
163,0.038944744274950066,0.29098753964597135,-0.027532998240612838,GMM estimator,0.2,0.2,0.5,0.5,3411,0.0,0.0,0.0,correct,correct,3.0
164,-0.509074731651688,0.2837093148108241,-0.6631882751794375,GMM estimator,0.2,0.2,0.5,0.5,3411,0.0,0.0,0.0,correct,correct,3.0
165,-0.10793580348344085,0.2574641739653839,-0.04267314194602387,GMM estimator,0.2,0.2,0.5,0.5,3411,0.0,0.0,0.0,correct,correct,3.0
166,0.0926030065618409,-0.4842008189671654,0.2061787382623022,GMM estimator,0.2,0.2,0.5,0.5,3411,0.0,0.0,0.0,correct,correct,3.0
167,-0.21820780871414344,0.3179611427257594,-0.22613010699173214,GMM estimator,0.2,0.2,0.5,0.5,3411,0.0,0.0,0.0,correct,correct,3.0
168,0.04566650823609872,-0.4477980462409722,-0.4087301150256234,GMM estimator,0.2,0.2,0.5,0.5,3411,0.0,0.0,0.0,correct,correct,3.0
169,-0.17401662889423244,0.604555305097518,-0.19534595550752873,GMM estimator,0.2,0.2,0.5,0.5,3411,0.0,0.0,0.0,correct,correct,3.0
170,0.07684804525254701,-0.13915065001228727,-0.027866463516953134,GMM estimator,0.2,0.2,0.5,0.5,3411,0.0,0.0,0.0,correct,correct,3.0
171,-0.3147659260854571,-0.03173739988942917,-0.38357506023041216,GMM estimator,0.2,0.2,0.5,0.5,3411,0.0,0.0,0.0,correct,correct,3.0
172,-0.17578966172607285,0.1522454586342648,-0.1413154741253018,GMM estimator,0.2,0.2,0.5,0.5,3411,0.0,0.0,0.0,correct,correct,3.0
173,-0.04985610695244711,-0.2501974374583558,0.0757457612786234,GMM estimator,0.2,0.2,0.5,0.5,3411,0.0,0.0,0.0,correct,correct,3.0
174,0.13998720974860718,0.270135217630148,0.1497971023834294,GMM estimator,0.2,0.2,0.5,0.5,3411,0.0,0.0,0.0,correct,correct,3.0
175,0.29400220064190674,-0.12052677722153575,-0.125953206834861,GMM estimator,0.2,0.2,0.5,0.5,3411,0.0,0.0,0.0,correct,correct,3.0
176,-0.27350660876333766,-0.005693073035884839,-0.08651436325508091,GMM estimator,0.2,0.2,0.5,0.5,3411,0.0,0.0,0.0,correct,correct,3.0
177,0.1308580372169938,-0.1669577795333363,-0.22351550391948893,GMM estimator,0.2,0.2,0.5,0.5,3411,0.0,0.0,0.0,correct,correct,3.0
178,0.03428745335897966,-0.044662066968866675,0.38449970074173423,GMM estimator,0.2,0.2,0.5,0.5,3411,0.0,0.0,0.0,correct,correct,3.0
179,-0.1702853116793842,-0.0014229237542139584,0.15701050234267563,GMM estimator,0.2,0.2,0.5,0.5,3411,0.0,0.0,0.0,correct,correct,3.0
180,0.21758561606274535,0.18629038615568322,-0.23946976007749102,GMM estimator,0.2,0.2,0.5,0.5,3411,0.0,0.0,0.0,correct,correct,3.0
181,0.10175664059323919,0.11442048158964613,0.30418689315405206,GMM estimator,0.2,0.2,0.5,0.5,3411,0.0,0.0,0.0,correct,correct,3.0
182,0.18003266788283012,-0.04429660051793257,0.019994420857085787,GMM estimator,0.2,0.2,0.5,0.5,3411,0.0,0.0,0.0,correct,correct,3.0
183,0.31510605780753476,0.2964058160390163,0.16055808835366076,GMM estimator,0.2,0.2,0.5,0.5,3411,0.0,0.0,0.0,correct,correct,3.0
184,0.005410677097075747,0.3521241354223484,-0.11666316018143723,GMM estimator,0.2,0.2,0.5,0.5,3411,0.0,0.0,0.0,correct,correct,3.0
185,-0.048396291231382144,-0.02762847864361996,-0.1888741683425759,GMM estimator,0.2,0.2,0.5,0.5,3411,0.0,0.0,0.0,correct,correct,3.0
186,0.13210247866571542,0.24318998059659697,0.1650673891344937,GMM estimator,0.2,0.2,0.5,0.5,3411,0.0,0.0,0.0,correct,correct,3.0
187,0.09628833594108542,0.18604476153628308,-0.05188789895052391,GMM estimator,0.2,0.2,0.5,0.5,3411,0.0,0.0,0.0,correct,correct,3.0
188,-0.06429235351205276,0.007369964809578289,-0.41465242158378346,GMM estimator,0.2,0.2,0.5,0.5,3411,0.0,0.0,0.0,correct,correct,3.0
189,0.2883963119581032,-0.0006509133298863242,0.23864096679215596,GMM estimator,0.2,0.2,0.5,0.5,3411,0.0,0.0,0.0,correct,correct,3.0
190,0.0795318382428942,0.43983879188576225,0.17979386838879907,GMM estimator,0.2,0.2,0.5,0.5,3411,0.0,0.0,0.0,correct,correct,3.0
191,-0.2886120760948634,-0.14975513195555062,0.09494940801756388,GMM estimator,0.2,0.2,0.5,0.5,3411,0.0,0.0,0.0,correct,correct,3.0
192,-0.08473912360356553,0.32776134721494327,0.07948579722645693,GMM estimator,0.2,0.2,0.5,0.5,3411,0.0,0.0,0.0,correct,correct,3.0
193,-0.3348437304126297,0.4092850571233666,0.044523096219168196,GMM estimator,0.2,0.2,0.5,0.5,3411,0.0,0.0,0.0,correct,correct,3.0
194,0.40527916003060066,0.07099583173490763,0.21177106945946372,GMM estimator,0.2,0.2,0.5,0.5,3411,0.0,0.0,0.0,correct,correct,3.0
195,-0.5198979189289255,-0.36744761541895876,-0.01949158334255403,GMM estimator,0.2,0.2,0.5,0.5,3411,0.0,0.0,0.0,correct,correct,3.0
196,-0.18832088010952938,-0.38708816244049793,0.006348955685077596,GMM estimator,0.2,0.2,0.5,0.5,3411,0.0,0.0,0.0,correct,correct,3.0
197,-0.07157408020538923,-0.1264386023678799,0.2119318692426066,GMM estimator,0.2,0.2,0.5,0.5,3411,0.0,0.0,0.0,correct,correct,3.0
198,0.12329754309725369,-0.11076715073361798,-0.267125661627255,GMM estimator,0.2,0.2,0.5,0.5,3411,0.0,0.0,0.0,correct,correct,3.0
199,0.3251263617631842,0.22314938563414335,0.2291119170021938,GMM estimator,0.2,0.2,0.5,0.5,3411,0.0,0.0,0.0,correct,correct,3.0
200,-0.0479676867994717,0.3897753060431755,0.06565422164399337,GMM estimator,0.2,0.2,0.5,0.5,3411,0.0,0.0,0.0,correct,correct,3.0
201,0.08814675602569969,-0.18521643904073787,0.17820451058660142,GMM estimator,0.2,0.2,0.5,0.5,3411,0.0,0.0,0.0,correct,correct,3.0
202,-0.052633865663600087,0.047620709645295314,-0.06428875802938103,GMM estimator,0.2,0.2,0.5,0.5,3411,0.0,0.0,0.0,correct,correct,3.0
203,0.270591090121052,-0.11181831288336692,0.08084171528489792,GMM estimator,0.2,0.2,0.5,0.5,3411,0.0,0.0,0.0,correct,correct,3.0
204,0.18663718895199313,-0.11085332231307297,0.24776467685563783,GMM estimator,0.2,0.2,0.5,0.5,3411,0.0,0.0,0.0,correct,correct,3.0
205,0.09247675542967213,0.3424042431519747,0.20626729687566925,GMM estimator,0.2,0.2,0.5,0.5,3411,0.0,0.0,0.0,correct,correct,3.0
206,0.13013510217317248,0.029701784512466238,0.10128519384536237,GMM estimator,0.2,0.2,0.5,0.5,3411,0.0,0.0,0.0,correct,correct,3.0
207,0.12603379991182612,0.3095653540503886,0.13432006132089092,GMM estimator,0.2,0.2,0.5,0.5,3411,0.0,0.0,0.0,correct,correct,3.0
208,-0.3145176654236606,-0.09078647064736575,0.14742162630492744,GMM estimator,0.2,0.2,0.5,0.5,3411,0.0,0.0,0.0,correct,correct,3.0
209,-0.0646492189027103,0.25524042574657496,0.050322666897427065,GMM estimator,0.2,0.2,0.5,0.5,3411,0.0,0.0,0.0,correct,correct,3.0
210,0.0798995094466079,0.004027708132836313,0.4780408101260758,GMM estimator,0.2,0.2,0.5,0.5,3411,0.0,0.0,0.0,correct,correct,3.0
211,0.3167191233761307,0.437802010909332,0.1965377328972739,GMM estimator,0.2,0.2,0.5,0.5,3411,0.0,0.0,0.0,correct,correct,3.0
212,0.25116268156658905,-0.012369184619903537,-0.06984238031165195,GMM estimator,0.2,0.2,0.5,0.5,3411,0.0,0.0,0.0,correct,correct,3.0
213,0.08751450964767125,-0.32990311896865515,-0.13255251596599854,GMM estimator,0.2,0.2,0.5,0.5,3411,0.0,0.0,0.0,correct,correct,3.0
214,-0.2833509208112817,-0.13172244314113993,0.21311295419828208,GMM estimator,0.2,0.2,0.5,0.5,3411,0.0,0.0,0.0,correct,correct,3.0
215,-0.1043590833818288,-0.2834935881554704,0.09779379161944463,GMM estimator,0.2,0.2,0.5,0.5,3411,0.0,0.0,0.0,correct,correct,3.0
216,0.2931023945711866,0.02528021554407615,0.29435509699160695,GMM estimator,0.2,0.2,0.5,0.5,3411,0.0,0.0,0.0,correct,correct,3.0
217,0.35321627305476355,0.4291877607065073,0.09048043392227179,GMM estimator,0.2,0.2,0.5,0.5,3411,0.0,0.0,0.0,correct,correct,3.0
218,-0.1359608484611909,-0.35575700818771877,0.09755705866598546,GMM estimator,0.2,0.2,0.5,0.5,3411,0.0,0.0,0.0,correct,correct,3.0
219,-0.13401893249255342,-0.3196134502901817,0.1624500064668759,GMM estimator,0.2,0.2,0.5,0.5,3411,0.0,0.0,0.0,correct,correct,3.0
220,0.19834072018466464,-0.01983744811002206,-0.004002436911199612,GMM estimator,0.2,0.2,0.5,0.5,3411,0.0,0.0,0.0,correct,correct,3.0
221,0.07597738546831966,-0.08821489895198253,-0.22845281614475327,GMM estimator,0.2,0.2,0.5,0.5,3411,0.0,0.0,0.0,correct,correct,3.0
222,0.008673719181566288,0.17150787936454834,0.010673029193325204,GMM estimator,0.2,0.2,0.5,0.5,3411,0.0,0.0,0.0,correct,correct,3.0
223,0.06421474996660886,0.2382047174267863,0.7239276985935869,GMM estimator,0.2,0.2,0.5,0.5,3411,0.0,0.0,0.0,correct,correct,3.0
224,-0.2433766819582007,-0.5869625020576718,-0.2565596665659127,GMM estimator,0.2,0.2,0.5,0.5,3411,0.0,0.0,0.0,correct,correct,3.0
225,-0.19748070359695305,-0.1770677194688345,0.0030332786525516737,GMM estimator,0.2,0.2,0.5,0.5,3411,0.0,0.0,0.0,correct,correct,3.0
226,0.18265079870757675,0.1815688851489295,0.10140654469811203,GMM estimator,0.2,0.2,0.5,0.5,3411,0.0,0.0,0.0,correct,correct,3.0
227,0.34361044150504827,-0.22348878180310727,0.3475044041102135,GMM estimator,0.2,0.2,0.5,0.5,3411,0.0,0.0,0.0,correct,correct,3.0
228,0.14659015014076465,-0.019971899000874045,0.19981455584369312,GMM estimator,0.2,0.2,0.5,0.5,3411,0.0,0.0,0.0,correct,correct,3.0
229,-0.06207956859440268,-0.3466817594418319,-0.0657851406850702,GMM estimator,0.2,0.2,0.5,0.5,3411,0.0,0.0,0.0,correct,correct,3.0
230,-0.28376819807013665,0.21060013429969676,-0.2846929766409788,GMM estimator,0.2,0.2,0.5,0.5,3411,0.0,0.0,0.0,correct,correct,3.0
231,0.2817207387629825,0.12327222468603394,0.16557361538525286,GMM estimator,0.2,0.2,0.5,0.5,3411,0.0,0.0,0.0,correct,correct,3.0
232,-0.17215275807423516,-0.28721541249856913,-0.10422138727715105,GMM estimator,0.2,0.2,0.5,0.5,3411,0.0,0.0,0.0,correct,correct,3.0
233,-0.28285907875151306,-0.10266110544381374,0.2657817047082969,GMM estimator,0.2,0.2,0.5,0.5,3411,0.0,0.0,0.0,correct,correct,3.0
234,-0.023922961039054544,-0.13053686389773478,0.13095096245953328,GMM estimator,0.2,0.2,0.5,0.5,3411,0.0,0.0,0.0,correct,correct,3.0
235,-0.25864663066724486,0.04800121658657239,0.025003445376519055,GMM estimator,0.2,0.2,0.5,0.5,3411,0.0,0.0,0.0,correct,correct,3.0
236,-0.28605161194264284,-0.030517123127653287,0.1365814088146173,GMM estimator,0.2,0.2,0.5,0.5,3411,0.0,0.0,0.0,correct,correct,3.0
237,-0.09894578253592616,-0.029523556534237785,0.1657583747215631,GMM estimator,0.2,0.2,0.5,0.5,3411,0.0,0.0,0.0,correct,correct,3.0
238,0.18639845828912824,0.28679168324609033,0.0050603590695748974,GMM estimator,0.2,0.2,0.5,0.5,3411,0.0,0.0,0.0,correct,correct,3.0
239,-0.24455221189652154,-0.4383924524153484,-0.1652418742433075,GMM estimator,0.2,0.2,0.5,0.5,3411,0.0,0.0,0.0,correct,correct,3.0
240,0.039334344689632615,0.08672528252508661,0.01821428535930932,GMM estimator,0.2,0.2,0.5,0.5,3411,0.0,0.0,0.0,correct,correct,3.0
241,-0.12490810567219389,0.6808260817178622,0.13724345471915694,GMM estimator,0.2,0.2,0.5,0.5,3411,0.0,0.0,0.0,correct,correct,3.0
242,0.2570561964664196,0.48817745612107,-0.0023599307919583627,GMM estimator,0.2,0.2,0.5,0.5,3411,0.0,0.0,0.0,correct,correct,3.0
243,-0.0013933312427968987,0.17161049126060235,-0.05809196443901081,GMM estimator,0.2,0.2,0.5,0.5,3411,0.0,0.0,0.0,correct,correct,3.0
244,0.10336753023738364,0.03305344281983069,0.2832959974483864,GMM estimator,0.2,0.2,0.5,0.5,3411,0.0,0.0,0.0,correct,correct,3.0
245,0.09978454978804996,-0.06321116963912794,0.005645926973910863,GMM estimator,0.2,0.2,0.5,0.5,3411,0.0,0.0,0.0,correct,correct,3.0
246,-0.535454877308165,-0.31044345304121773,-0.19533238649063062,GMM estimator,0.2,0.2,0.5,0.5,3411,0.0,0.0,0.0,correct,correct,3.0
247,-0.06758578919389563,-0.1173685034299965,-0.2513482788161669,GMM estimator,0.2,0.2,0.5,0.5,3411,0.0,0.0,0.0,correct,correct,3.0
248,0.14403928323323537,-0.27818525892953194,-0.30122986778848293,GMM estimator,0.2,0.2,0.5,0.5,3411,0.0,0.0,0.0,correct,correct,3.0
249,0.10267151592605518,0.37109256421991327,-0.007812998277751853,GMM estimator,0.2,0.2,0.5,0.5,3411,0.0,0.0,0.0,correct,correct,3.0
250,-0.06776702502907934,0.1670170632648907,-0.1857996936466556,GMM estimator,0.2,0.2,0.5,0.5,3411,0.0,0.0,0.0,correct,correct,3.0
251,-0.1329197699255249,0.19944149189130983,-0.12264891311125095,GMM estimator,0.2,0.2,0.5,0.5,3411,0.0,0.0,0.0,correct,correct,3.0
252,0.14592049704344096,0.3641442845979621,-0.036512740698978065,GMM estimator,0.2,0.2,0.5,0.5,3411,0.0,0.0,0.0,correct,correct,3.0
253,-0.17561768598634034,0.29339576105771215,0.1014007742878772,GMM estimator,0.2,0.2,0.5,0.5,3411,0.0,0.0,0.0,correct,correct,3.0
254,0.06534106872184792,-0.12771525344052237,-0.5465564938504327,GMM estimator,0.2,0.2,0.5,0.5,3411,0.0,0.0,0.0,correct,correct,3.0
255,-0.005689049237633426,-0.3159992213497774,-0.20011564486587846,GMM estimator,0.2,0.2,0.5,0.5,3411,0.0,0.0,0.0,correct,correct,3.0
256,-0.24079991803899678,-0.2142155900639922,-0.5495998983874608,GMM estimator,0.2,0.2,0.5,0.5,3411,0.0,0.0,0.0,correct,correct,3.0
257,-0.05268053633415204,0.277787015722362,0.227854901127006,GMM estimator,0.2,0.2,0.5,0.5,3411,0.0,0.0,0.0,correct,correct,3.0
258,-0.4225823041516432,0.06906660710016536,0.10292864960552862,GMM estimator,0.2,0.2,0.5,0.5,3411,0.0,0.0,0.0,correct,correct,3.0
259,-0.06624072305508646,-0.5012020988279421,-0.11064241715807009,GMM estimator,0.2,0.2,0.5,0.5,3411,0.0,0.0,0.0,correct,correct,3.0
260,-0.10512411642673287,-0.17247674558359827,-0.3142159853162778,GMM estimator,0.2,0.2,0.5,0.5,3411,0.0,0.0,0.0,correct,correct,3.0
261,0.0635839961664394,0.12025504527602285,0.07901119366965251,GMM estimator,0.2,0.2,0.5,0.5,3411,0.0,0.0,0.0,correct,correct,3.0
262,-0.1650871702891711,0.5182591674198591,0.1410251348321074,GMM estimator,0.2,0.2,0.5,0.5,3411,0.0,0.0,0.0,correct,correct,3.0
263,-0.1692283535629874,-0.33077047497287887,-0.03245735624861153,GMM estimator,0.2,0.2,0.5,0.5,3411,0.0,0.0,0.0,correct,correct,3.0
264,0.14006113428815836,0.5610047402889439,-0.06713715462251514,GMM estimator,0.2,0.2,0.5,0.5,3411,0.0,0.0,0.0,correct,correct,3.0
265,-0.04666650282219234,0.2959143353323431,-0.10523343900639694,GMM estimator,0.2,0.2,0.5,0.5,3411,0.0,0.0,0.0,correct,correct,3.0
266,-0.10063128314927806,-0.009730779497264369,-0.21422751067552065,GMM estimator,0.2,0.2,0.5,0.5,3411,0.0,0.0,0.0,correct,correct,3.0
267,-0.18330036791917262,0.010189205121833501,-0.054009541276251814,GMM estimator,0.2,0.2,0.5,0.5,3411,0.0,0.0,0.0,correct,correct,3.0
268,-0.22353196203957273,0.2957460955247354,0.049592274761246974,GMM estimator,0.2,0.2,0.5,0.5,3411,0.0,0.0,0.0,correct,correct,3.0
269,-0.23547231611613012,0.2612066657699666,0.176070238781913,GMM estimator,0.2,0.2,0.5,0.5,3411,0.0,0.0,0.0,correct,correct,3.0
270,-0.0752864807360523,-0.48536492035895684,0.31952050300646695,GMM estimator,0.2,0.2,0.5,0.5,3411,0.0,0.0,0.0,correct,correct,3.0
271,-0.19449997711168207,-0.07055851388624053,-0.1684330531529215,GMM estimator,0.2,0.2,0.5,0.5,3411,0.0,0.0,0.0,correct,correct,3.0
272,-0.30442358146008536,-0.10318367409551303,-0.3858954695922415,GMM estimator,0.2,0.2,0.5,0.5,3411,0.0,0.0,0.0,correct,correct,3.0
273,0.13018757256766236,-0.03501797215975918,-0.12298336334356663,GMM estimator,0.2,0.2,0.5,0.5,3411,0.0,0.0,0.0,correct,correct,3.0
274,-0.1762762110909175,0.4205709649204347,-0.2883300069781899,GMM estimator,0.2,0.2,0.5,0.5,3411,0.0,0.0,0.0,correct,correct,3.0
275,-0.002689861335052132,0.4303175032038365,-0.016689638930417666,GMM estimator,0.2,0.2,0.5,0.5,3411,0.0,0.0,0.0,correct,correct,3.0
276,0.025827446648262024,-0.45628935920864905,-0.09605626042116001,GMM estimator,0.2,0.2,0.5,0.5,3411,0.0,0.0,0.0,correct,correct,3.0
277,0.3153349366283476,0.07644049828252475,-0.03385769764534283,GMM estimator,0.2,0.2,0.5,0.5,3411,0.0,0.0,0.0,correct,correct,3.0
278,0.22270112355234034,0.017325119979998603,0.0930579540374763,GMM estimator,0.2,0.2,0.5,0.5,3411,0.0,0.0,0.0,correct,correct,3.0
279,-0.007601046845626475,-0.07010743037012886,-0.11169568632074606,GMM estimator,0.2,0.2,0.5,0.5,3411,0.0,0.0,0.0,correct,correct,3.0
280,0.031576599729139294,0.3621588848348292,0.05781702226755934,GMM estimator,0.2,0.2,0.5,0.5,3411,0.0,0.0,0.0,correct,correct,3.0
281,0.22752728587021,0.44507341672853334,0.339384605022333,GMM estimator,0.2,0.2,0.5,0.5,3411,0.0,0.0,0.0,correct,correct,3.0
282,0.22634153909691987,-0.506274663836122,-0.13733933620354077,GMM estimator,0.2,0.2,0.5,0.5,3411,0.0,0.0,0.0,correct,correct,3.0
283,0.273285910151928,-0.025461824334450805,-0.12170210592381302,GMM estimator,0.2,0.2,0.5,0.5,3411,0.0,0.0,0.0,correct,correct,3.0
284,-0.05459122718227268,0.10959598720102037,-0.11273121395527338,GMM estimator,0.2,0.2,0.5,0.5,3411,0.0,0.0,0.0,correct,correct,3.0
285,0.024981150455731144,-0.41356517678383437,-0.12672146608653378,GMM estimator,0.2,0.2,0.5,0.5,3411,0.0,0.0,0.0,correct,correct,3.0
286,0.01895372040592433,-0.28916391220991766,-0.07586117650314914,GMM estimator,0.2,0.2,0.5,0.5,3411,0.0,0.0,0.0,correct,correct,3.0
287,0.23423503162252346,0.004312122517509116,-0.07361478497077212,GMM estimator,0.2,0.2,0.5,0.5,3411,0.0,0.0,0.0,correct,correct,3.0
288,-0.5005610911336997,-0.1514150304462747,-0.016758295713932437,GMM estimator,0.2,0.2,0.5,0.5,3411,0.0,0.0,0.0,correct,correct,3.0
289,-0.37319060748522964,0.34026318540932693,0.1739015959830443,GMM estimator,0.2,0.2,0.5,0.5,3411,0.0,0.0,0.0,correct,correct,3.0
290,-0.2522311568645697,-0.018476458921667202,-0.3302610270226303,GMM estimator,0.2,0.2,0.5,0.5,3411,0.0,0.0,0.0,correct,correct,3.0
291,0.36343116933872227,-0.051085196480474986,0.09743153839579256,GMM estimator,0.2,0.2,0.5,0.5,3411,0.0,0.0,0.0,correct,correct,3.0
292,0.3124591423752063,0.25407339047371924,0.013822791623091114,GMM estimator,0.2,0.2,0.5,0.5,3411,0.0,0.0,0.0,correct,correct,3.0
293,-0.18650046343400498,-0.004122464451085923,0.05867852319239744,GMM estimator,0.2,0.2,0.5,0.5,3411,0.0,0.0,0.0,correct,correct,3.0
294,0.2533546053542734,-0.11389688062751402,-0.010438552698191465,GMM estimator,0.2,0.2,0.5,0.5,3411,0.0,0.0,0.0,correct,correct,3.0
295,0.08137505643312765,0.2897350693939664,0.03644825540875749,GMM estimator,0.2,0.2,0.5,0.5,3411,0.0,0.0,0.0,correct,correct,3.0
296,0.16928367812077963,-0.053967027179105544,-0.02376991619402259,GMM estimator,0.2,0.2,0.5,0.5,3411,0.0,0.0,0.0,correct,correct,3.0
297,-0.06976455049119971,-0.13259959245965658,-0.13489921385559883,GMM estimator,0.2,0.2,0.5,0.5,3411,0.0,0.0,0.0,correct,correct,3.0
298,0.42145853285972995,0.15104135082982664,0.044244199949646595,GMM estimator,0.2,0.2,0.5,0.5,3411,0.0,0.0,0.0,correct,correct,3.0
299,-0.05412779538544978,0.6386173513789342,-0.20048378349943927,GMM estimator,0.2,0.2,0.5,0.5,3411,0.0,0.0,0.0,correct,correct,3.0
300,-0.028447500018952788,-0.1695698639780248,0.09377896524316844,GMM estimator,0.2,0.2,0.5,0.5,3411,0.0,0.0,0.0,correct,correct,3.0
1,-0.21552967237025017,-0.7752876140876567,-1.0246255409506368,Three-step,0.2,0.2,0.5,0.5,3411,0.0,0.0,0.0,correct,wrong,3.0
2,-0.12324579884968186,0.09626552825471617,-1.021772214134189,Three-step,0.2,0.2,0.5,0.5,3411,0.0,0.0,0.0,correct,wrong,3.0
3,-0.2631489253333918,0.3015519192165995,-1.0473803599521003,Three-step,0.2,0.2,0.5,0.5,3411,0.0,0.0,0.0,correct,wrong,3.0
4,0.2206229619445809,-0.17655098543883033,-1.0455087279971707,Three-step,0.2,0.2,0.5,0.5,3411,0.0,0.0,0.0,correct,wrong,3.0
5,-0.3967904905735414,0.09261519413405978,-1.081076990519735,Three-step,0.2,0.2,0.5,0.5,3411,0.0,0.0,0.0,correct,wrong,3.0
6,0.22495475530613107,-0.10589060335609034,-1.0308365530652677,Three-step,0.2,0.2,0.5,0.5,3411,0.0,0.0,0.0,correct,wrong,3.0
7,0.6387717712821616,-0.23442495258761156,-1.0459803970265096,Three-step,0.2,0.2,0.5,0.5,3411,0.0,0.0,0.0,correct,wrong,3.0
8,-0.1984433517044447,-0.12386859519995602,-1.0398796612426116,Three-step,0.2,0.2,0.5,0.5,3411,0.0,0.0,0.0,correct,wrong,3.0
9,-0.2137442143859411,0.10603059111819013,-1.0239432276214082,Three-step,0.2,0.2,0.5,0.5,3411,0.0,0.0,0.0,correct,wrong,3.0
10,-0.2893207473870829,-0.2201256943693838,-1.0468650121260945,Three-step,0.2,0.2,0.5,0.5,3411,0.0,0.0,0.0,correct,wrong,3.0
11,0.25937104835419117,-0.054269504948493336,-1.0326004093540453,Three-step,0.2,0.2,0.5,0.5,3411,0.0,0.0,0.0,correct,wrong,3.0
12,-0.04309343826606844,-0.18903757750843686,-1.0208618392934248,Three-step,0.2,0.2,0.5,0.5,3411,0.0,0.0,0.0,correct,wrong,3.0
13,0.31683503753883197,0.11186118431111798,-1.0463831389732945,Three-step,0.2,0.2,0.5,0.5,3411,0.0,0.0,0.0,correct,wrong,3.0
14,-0.2928041022862427,-0.4726409032327529,-1.0580450160398016,Three-step,0.2,0.2,0.5,0.5,3411,0.0,0.0,0.0,correct,wrong,3.0
15,-0.29117218925750804,-0.31722446915458985,-1.0438942770421193,Three-step,0.2,0.2,0.5,0.5,3411,0.0,0.0,0.0,correct,wrong,3.0
16,-0.2155205266925737,-0.24695014863482348,-1.0792656732770247,Three-step,0.2,0.2,0.5,0.5,3411,0.0,0.0,0.0,correct,wrong,3.0
17,0.35892575869819077,0.43370694966058077,-1.0373057523016698,Three-step,0.2,0.2,0.5,0.5,3411,0.0,0.0,0.0,correct,wrong,3.0
18,0.03716785535253665,-0.3456321957114276,-1.068207191154027,Three-step,0.2,0.2,0.5,0.5,3411,0.0,0.0,0.0,correct,wrong,3.0
19,-0.052870709803579,0.13496339933780058,-1.0469581191744866,Three-step,0.2,0.2,0.5,0.5,3411,0.0,0.0,0.0,correct,wrong,3.0
20,-0.035580246982714406,0.42915389277049826,-1.0196951738168756,Three-step,0.2,0.2,0.5,0.5,3411,0.0,0.0,0.0,correct,wrong,3.0
21,0.06731255118804588,0.1268380857969998,-1.029778400694075,Three-step,0.2,0.2,0.5,0.5,3411,0.0,0.0,0.0,correct,wrong,3.0
22,0.14974654602701426,0.1355945780868866,-1.0252933429158142,Three-step,0.2,0.2,0.5,0.5,3411,0.0,0.0,0.0,correct,wrong,3.0
23,-0.07512699583438051,0.22482659730971163,-1.0222654323940092,Three-step,0.2,0.2,0.5,0.5,3411,0.0,0.0,0.0,correct,wrong,3.0
24,0.30043978942536675,-0.2532328345485904,-1.0539266531569111,Three-step,0.2,0.2,0.5,0.5,3411,0.0,0.0,0.0,correct,wrong,3.0
25,-0.07908856572106585,0.3910911319552584,-1.0735614053101539,Three-step,0.2,0.2,0.5,0.5,3411,0.0,0.0,0.0,correct,wrong,3.0
26,-0.031119070365480825,-0.0675130855379655,-1.062613200279911,Three-step,0.2,0.2,0.5,0.5,3411,0.0,0.0,0.0,correct,wrong,3.0
27,0.06579866268563711,-0.04752995981535678,-1.048224240446514,Three-step,0.2,0.2,0.5,0.5,3411,0.0,0.0,0.0,correct,wrong,3.0
28,0.012843139335019906,0.13680910938883997,-1.062586773597273,Three-step,0.2,0.2,0.5,0.5,3411,0.0,0.0,0.0,correct,wrong,3.0
29,0.04133094373679984,-0.40917747660525194,-1.0416789259060126,Three-step,0.2,0.2,0.5,0.5,3411,0.0,0.0,0.0,correct,wrong,3.0
30,-0.17588308853682771,0.07880836646789409,-1.0371732155494446,Three-step,0.2,0.2,0.5,0.5,3411,0.0,0.0,0.0,correct,wrong,3.0
31,0.08364431467677476,0.4521611648318677,-1.0105745855129615,Three-step,0.2,0.2,0.5,0.5,3411,0.0,0.0,0.0,correct,wrong,3.0
32,-0.09053529973050595,-0.48004901339795925,-1.05334605309845,Three-step,0.2,0.2,0.5,0.5,3411,0.0,0.0,0.0,correct,wrong,3.0
33,0.2862753561872512,0.185549401005593,-1.0459892952000558,Three-step,0.2,0.2,0.5,0.5,3411,0.0,0.0,0.0,correct,wrong,3.0
34,0.05188026399874896,-0.6309032242336985,-1.0624603861551316,Three-step,0.2,0.2,0.5,0.5,3411,0.0,0.0,0.0,correct,wrong,3.0
35,-0.0247113115500925,0.3377537840641571,-1.0508127456000258,Three-step,0.2,0.2,0.5,0.5,3411,0.0,0.0,0.0,correct,wrong,3.0
36,0.11628147492110204,0.08235947628173912,-1.080060574339843,Three-step,0.2,0.2,0.5,0.5,3411,0.0,0.0,0.0,correct,wrong,3.0
37,-0.13562864305699657,-0.06635803348379701,-1.0712758162439706,Three-step,0.2,0.2,0.5,0.5,3411,0.0,0.0,0.0,correct,wrong,3.0
38,-0.1605716938162294,-0.3537387654668814,-1.0607433293356625,Three-step,0.2,0.2,0.5,0.5,3411,0.0,0.0,0.0,correct,wrong,3.0
39,-0.09027603533198042,-0.2872212505014328,-1.0673167994217712,Three-step,0.2,0.2,0.5,0.5,3411,0.0,0.0,0.0,correct,wrong,3.0
40,0.1250892133190212,0.46882380861143347,-1.051923253801512,Three-step,0.2,0.2,0.5,0.5,3411,0.0,0.0,0.0,correct,wrong,3.0
41,-0.03152268048241411,-0.4540513705514386,-1.0272030038457838,Three-step,0.2,0.2,0.5,0.5,3411,0.0,0.0,0.0,correct,wrong,3.0
42,0.39043730143545924,-0.03253723739611652,-1.047562626462216,Three-step,0.2,0.2,0.5,0.5,3411,0.0,0.0,0.0,correct,wrong,3.0
43,-0.23114552107250783,-0.3793850404320329,-1.034279082058477,Three-step,0.2,0.2,0.5,0.5,3411,0.0,0.0,0.0,correct,wrong,3.0
44,0.6091230410872135,-0.2393024604022676,-1.0351481910878837,Three-step,0.2,0.2,0.5,0.5,3411,0.0,0.0,0.0,correct,wrong,3.0
45,0.001121257025704381,-0.11454549468411411,-1.0487659650767258,Three-step,0.2,0.2,0.5,0.5,3411,0.0,0.0,0.0,correct,wrong,3.0
46,0.02458257927381376,-0.0020872787813280697,-1.0188308430669692,Three-step,0.2,0.2,0.5,0.5,3411,0.0,0.0,0.0,correct,wrong,3.0
47,0.04039582221590449,0.3174679516352371,-0.9961097354760456,Three-step,0.2,0.2,0.5,0.5,3411,0.0,0.0,0.0,correct,wrong,3.0
48,0.25342978302476765,0.22330530177194716,-1.043477265210968,Three-step,0.2,0.2,0.5,0.5,3411,0.0,0.0,0.0,correct,wrong,3.0
49,-0.26950815405724643,-0.18381605987643276,-1.0070406512961503,Three-step,0.2,0.2,0.5,0.5,3411,0.0,0.0,0.0,correct,wrong,3.0
50,-0.2799054724808621,-0.049039961331439647,-1.047960900592491,Three-step,0.2,0.2,0.5,0.5,3411,0.0,0.0,0.0,correct,wrong,3.0
51,0.13511161579909153,0.2875705169983177,-1.0519394988503719,Three-step,0.2,0.2,0.5,0.5,3411,0.0,0.0,0.0,correct,wrong,3.0
52,0.022611969665758753,0.12893121419806092,-1.0646362160413883,Three-step,0.2,0.2,0.5,0.5,3411,0.0,0.0,0.0,correct,wrong,3.0
53,0.19082596347679226,0.2068059959736244,-1.0276539377593976,Three-step,0.2,0.2,0.5,0.5,3411,0.0,0.0,0.0,correct,wrong,3.0
54,0.003216287852631317,0.3838067825674521,-1.040606228203197,Three-step,0.2,0.2,0.5,0.5,3411,0.0,0.0,0.0,correct,wrong,3.0
55,-0.1855271510208002,0.28680599771077264,-1.0425381157538949,Three-step,0.2,0.2,0.5,0.5,3411,0.0,0.0,0.0,correct,wrong,3.0
56,-0.32785372354503506,0.1624402405447712,-1.07319707509743,Three-step,0.2,0.2,0.5,0.5,3411,0.0,0.0,0.0,correct,wrong,3.0
57,-0.3217812514134331,-0.6068338796732285,-1.0617807942985424,Three-step,0.2,0.2,0.5,0.5,3411,0.0,0.0,0.0,correct,wrong,3.0
58,-0.1861036046422026,-0.4920444463647705,-1.0762692280693535,Three-step,0.2,0.2,0.5,0.5,3411,0.0,0.0,0.0,correct,wrong,3.0
59,0.5879683404092176,0.29975708370544335,-1.0252548190969184,Three-step,0.2,0.2,0.5,0.5,3411,0.0,0.0,0.0,correct,wrong,3.0
60,-0.11180046388871771,0.4661028949427487,-1.0448706657109432,Three-step,0.2,0.2,0.5,0.5,3411,0.0,0.0,0.0,correct,wrong,3.0
61,0.021673832073971184,-0.06396057753962847,-1.0476109391977309,Three-step,0.2,0.2,0.5,0.5,3411,0.0,0.0,0.0,correct,wrong,3.0
62,0.0603284797981539,0.11642062351330468,-1.0151936529524543,Three-step,0.2,0.2,0.5,0.5,3411,0.0,0.0,0.0,correct,wrong,3.0
63,-0.26086289474255236,-0.07069308485032748,-1.050568470147818,Three-step,0.2,0.2,0.5,0.5,3411,0.0,0.0,0.0,correct,wrong,3.0
64,0.03494039969014858,0.4095279595054761,-1.0437363577950778,Three-step,0.2,0.2,0.5,0.5,3411,0.0,0.0,0.0,correct,wrong,3.0
65,-0.35000711526658934,-0.20780778115562448,-1.0112273388277533,Three-step,0.2,0.2,0.5,0.5,3411,0.0,0.0,0.0,correct,wrong,3.0
66,0.06766004273243863,0.525286113486101,-1.0324140258556187,Three-step,0.2,0.2,0.5,0.5,3411,0.0,0.0,0.0,correct,wrong,3.0
67,0.1971622204937078,-0.43975809851461234,-1.055690252180609,Three-step,0.2,0.2,0.5,0.5,3411,0.0,0.0,0.0,correct,wrong,3.0
68,-0.022595814003546984,0.21799178629661223,-1.065528863232231,Three-step,0.2,0.2,0.5,0.5,3411,0.0,0.0,0.0,correct,wrong,3.0
69,-0.2530508476806778,-0.19006045063694338,-1.0423681966406535,Three-step,0.2,0.2,0.5,0.5,3411,0.0,0.0,0.0,correct,wrong,3.0
70,-0.05552881691571131,-0.1450752796035027,-1.0391569251951043,Three-step,0.2,0.2,0.5,0.5,3411,0.0,0.0,0.0,correct,wrong,3.0
71,-0.2341825817225801,-0.15993021609537428,-1.0286886802603463,Three-step,0.2,0.2,0.5,0.5,3411,0.0,0.0,0.0,correct,wrong,3.0
72,-0.054676368092003054,-0.4216282023088999,-1.0982415732469706,Three-step,0.2,0.2,0.5,0.5,3411,0.0,0.0,0.0,correct,wrong,3.0
73,-0.06114688346692111,0.33726103559839815,-1.0672497488665809,Three-step,0.2,0.2,0.5,0.5,3411,0.0,0.0,0.0,correct,wrong,3.0
74,-0.3837718150237027,-0.12059768894255812,-1.031297851856211,Three-step,0.2,0.2,0.5,0.5,3411,0.0,0.0,0.0,correct,wrong,3.0
75,-0.004665710933960896,-0.026979780877728596,-1.0292625786182887,Three-step,0.2,0.2,0.5,0.5,3411,0.0,0.0,0.0,correct,wrong,3.0
76,0.05763990840129494,-0.18413345773808457,-1.0389701959506543,Three-step,0.2,0.2,0.5,0.5,3411,0.0,0.0,0.0,correct,wrong,3.0
77,-0.2402244211375275,0.019357067119278388,-1.080230492687081,Three-step,0.2,0.2,0.5,0.5,3411,0.0,0.0,0.0,correct,wrong,3.0
78,-0.5216480494916317,-0.3351593394458636,-1.089559106336395,Three-step,0.2,0.2,0.5,0.5,3411,0.0,0.0,0.0,correct,wrong,3.0
79,0.08274793060109986,-0.2900567732112606,-0.9962198147953925,Three-step,0.2,0.2,0.5,0.5,3411,0.0,0.0,0.0,correct,wrong,3.0
80,0.09217196719534321,-0.25707685892587334,-1.084510962098574,Three-step,0.2,0.2,0.5,0.5,3411,0.0,0.0,0.0,correct,wrong,3.0
81,-0.33332783118864057,-0.31910334042491595,-1.07351332114415,Three-step,0.2,0.2,0.5,0.5,3411,0.0,0.0,0.0,correct,wrong,3.0
82,0.20061179813875263,0.4437289300350994,-1.0364540339990065,Three-step,0.2,0.2,0.5,0.5,3411,0.0,0.0,0.0,correct,wrong,3.0
83,-0.060207338377382576,0.1050280754109701,-1.0490342853012538,Three-step,0.2,0.2,0.5,0.5,3411,0.0,0.0,0.0,correct,wrong,3.0
84,-0.2733460514108844,-0.11983229423686151,-1.0444329737562286,Three-step,0.2,0.2,0.5,0.5,3411,0.0,0.0,0.0,correct,wrong,3.0
85,-0.3288050298473633,-0.34333928666594626,-1.0721155524897317,Three-step,0.2,0.2,0.5,0.5,3411,0.0,0.0,0.0,correct,wrong,3.0
86,-0.20557677492985332,-0.07537876306665746,-1.0724489703223081,Three-step,0.2,0.2,0.5,0.5,3411,0.0,0.0,0.0,correct,wrong,3.0
87,-0.020356662646613375,-0.60214297660169,-1.0387493519430144,Three-step,0.2,0.2,0.5,0.5,3411,0.0,0.0,0.0,correct,wrong,3.0
88,0.22778064427234207,0.2274138312695261,-1.0374567595664637,Three-step,0.2,0.2,0.5,0.5,3411,0.0,0.0,0.0,correct,wrong,3.0
89,0.05680015893601496,-0.30255071824473684,-1.0263676850749173,Three-step,0.2,0.2,0.5,0.5,3411,0.0,0.0,0.0,correct,wrong,3.0
90,0.0003501161095252212,-0.4648365320614101,-1.0296768814246289,Three-step,0.2,0.2,0.5,0.5,3411,0.0,0.0,0.0,correct,wrong,3.0
91,0.015614968202550697,0.17286312838627585,-1.0519638399017943,Three-step,0.2,0.2,0.5,0.5,3411,0.0,0.0,0.0,correct,wrong,3.0
92,-0.6343957239471566,0.09916488685561446,-1.0725774162234702,Three-step,0.2,0.2,0.5,0.5,3411,0.0,0.0,0.0,correct,wrong,3.0
93,0.03262259795690394,0.36704793810480957,-1.0776014773030134,Three-step,0.2,0.2,0.5,0.5,3411,0.0,0.0,0.0,correct,wrong,3.0
94,-0.03852524653037009,-0.1487004417429598,-1.0315418780930459,Three-step,0.2,0.2,0.5,0.5,3411,0.0,0.0,0.0,correct,wrong,3.0
95,-0.1264200434048696,-0.06513676536290304,-1.0273335246306432,Three-step,0.2,0.2,0.5,0.5,3411,0.0,0.0,0.0,correct,wrong,3.0
96,-0.06568608424276565,-0.4019870881059727,-1.0662627442927823,Three-step,0.2,0.2,0.5,0.5,3411,0.0,0.0,0.0,correct,wrong,3.0
97,-0.2481092128363418,-0.11192766727112949,-1.041327496503642,Three-step,0.2,0.2,0.5,0.5,3411,0.0,0.0,0.0,correct,wrong,3.0
98,0.11092492162260634,0.5069038699102552,-1.0503375833495106,Three-step,0.2,0.2,0.5,0.5,3411,0.0,0.0,0.0,correct,wrong,3.0
99,-0.25735942358693076,-0.18802466151659483,-1.0069708512598678,Three-step,0.2,0.2,0.5,0.5,3411,0.0,0.0,0.0,correct,wrong,3.0
100,-0.1626700295555968,0.27955927812857073,-1.0514847609606945,Three-step,0.2,0.2,0.5,0.5,3411,0.0,0.0,0.0,correct,wrong,3.0
101,0.04040512410148735,-0.3333586497052756,-1.059103712946035,Three-step,0.2,0.2,0.5,0.5,3411,0.0,0.0,0.0,correct,wrong,3.0
102,0.1864107002385655,-0.2319416186614997,-1.066159423969282,Three-step,0.2,0.2,0.5,0.5,3411,0.0,0.0,0.0,correct,wrong,3.0
103,0.024616740153843592,-0.09701765773092662,-1.0331634583876184,Three-step,0.2,0.2,0.5,0.5,3411,0.0,0.0,0.0,correct,wrong,3.0
104,-0.5980385939017617,0.2792935621690396,-1.0497720355266467,Three-step,0.2,0.2,0.5,0.5,3411,0.0,0.0,0.0,correct,wrong,3.0
105,-0.15109986979304615,-0.24747868615046753,-1.0965550172811716,Three-step,0.2,0.2,0.5,0.5,3411,0.0,0.0,0.0,correct,wrong,3.0
106,-0.3249199880687183,-0.5520460828036192,-1.0819253467048042,Three-step,0.2,0.2,0.5,0.5,3411,0.0,0.0,0.0,correct,wrong,3.0
107,-0.5550798532781521,-0.2089493488177676,-1.0104029466033786,Three-step,0.2,0.2,0.5,0.5,3411,0.0,0.0,0.0,correct,wrong,3.0
108,-0.10038303320458353,0.06863410387179349,-1.0083586760679124,Three-step,0.2,0.2,0.5,0.5,3411,0.0,0.0,0.0,correct,wrong,3.0
109,0.02863002656256302,0.20616391130891745,-1.0289579318159907,Three-step,0.2,0.2,0.5,0.5,3411,0.0,0.0,0.0,correct,wrong,3.0
110,0.3015077005535443,-0.3983817436273937,-1.0297178528204172,Three-step,0.2,0.2,0.5,0.5,3411,0.0,0.0,0.0,correct,wrong,3.0
111,0.16421682378889393,0.30239500704961747,-1.0497695813736505,Three-step,0.2,0.2,0.5,0.5,3411,0.0,0.0,0.0,correct,wrong,3.0
112,-0.13743159049558312,-0.12479073820561529,-1.0621070047431254,Three-step,0.2,0.2,0.5,0.5,3411,0.0,0.0,0.0,correct,wrong,3.0
113,-0.4157417400142921,0.18964734437244032,-1.0393117516823704,Three-step,0.2,0.2,0.5,0.5,3411,0.0,0.0,0.0,correct,wrong,3.0
114,0.2805561896708554,-0.07103547825810372,-1.0692178316962255,Three-step,0.2,0.2,0.5,0.5,3411,0.0,0.0,0.0,correct,wrong,3.0
115,0.1769712356465469,-0.17181817473844146,-1.0520748183993767,Three-step,0.2,0.2,0.5,0.5,3411,0.0,0.0,0.0,correct,wrong,3.0
116,-0.025791868670821082,0.13109713443688553,-1.067054730888165,Three-step,0.2,0.2,0.5,0.5,3411,0.0,0.0,0.0,correct,wrong,3.0
117,-0.39901599042069497,-0.7461068032489522,-1.0523128197648577,Three-step,0.2,0.2,0.5,0.5,3411,0.0,0.0,0.0,correct,wrong,3.0
118,-0.19820800190339438,-0.3734202008584569,-1.0652819581277198,Three-step,0.2,0.2,0.5,0.5,3411,0.0,0.0,0.0,correct,wrong,3.0
119,0.009630358998949174,-0.11534467200474875,-1.0514094267991483,Three-step,0.2,0.2,0.5,0.5,3411,0.0,0.0,0.0,correct,wrong,3.0
120,-0.1308991457005928,0.005117457901730523,-1.0300449001694507,Three-step,0.2,0.2,0.5,0.5,3411,0.0,0.0,0.0,correct,wrong,3.0
121,0.027610644265412456,0.11479241740263393,-1.016396537381896,Three-step,0.2,0.2,0.5,0.5,3411,0.0,0.0,0.0,correct,wrong,3.0
122,0.48109178701882277,-0.2010371936707295,-1.0390205854573937,Three-step,0.2,0.2,0.5,0.5,3411,0.0,0.0,0.0,correct,wrong,3.0
123,0.2365788603968265,0.4299037770266835,-1.0285183005796494,Three-step,0.2,0.2,0.5,0.5,3411,0.0,0.0,0.0,correct,wrong,3.0
124,-0.06677379434256141,-0.21971523213144034,-1.0741047126841845,Three-step,0.2,0.2,0.5,0.5,3411,0.0,0.0,0.0,correct,wrong,3.0
125,-0.09598792022890458,0.18224740399166933,-1.0223889061776403,Three-step,0.2,0.2,0.5,0.5,3411,0.0,0.0,0.0,correct,wrong,3.0
126,-0.07882339670547814,-0.21251461988301396,-1.0379361184727927,Three-step,0.2,0.2,0.5,0.5,3411,0.0,0.0,0.0,correct,wrong,3.0
127,0.019744291958063757,0.11788567965859555,-1.0265693971574523,Three-step,0.2,0.2,0.5,0.5,3411,0.0,0.0,0.0,correct,wrong,3.0
128,0.36935414085838153,-0.10446704711081994,-1.0143621739776745,Three-step,0.2,0.2,0.5,0.5,3411,0.0,0.0,0.0,correct,wrong,3.0
129,0.05722988682675909,0.16289338175713594,-1.0180683579755851,Three-step,0.2,0.2,0.5,0.5,3411,0.0,0.0,0.0,correct,wrong,3.0
130,-0.14970250359099277,-0.5746526354280165,-1.0740144174690942,Three-step,0.2,0.2,0.5,0.5,3411,0.0,0.0,0.0,correct,wrong,3.0
131,-0.08354177167571336,-0.08054147534152518,-1.0462646495783192,Three-step,0.2,0.2,0.5,0.5,3411,0.0,0.0,0.0,correct,wrong,3.0
132,-0.4352884316554207,-0.29916501056093947,-1.035453529505933,Three-step,0.2,0.2,0.5,0.5,3411,0.0,0.0,0.0,correct,wrong,3.0
133,-0.09601842679759404,-0.3479358647463994,-1.0420422198352828,Three-step,0.2,0.2,0.5,0.5,3411,0.0,0.0,0.0,correct,wrong,3.0
134,0.06793553942426904,-0.09437644090879348,-1.030016933410635,Three-step,0.2,0.2,0.5,0.5,3411,0.0,0.0,0.0,correct,wrong,3.0
135,0.06526969889415411,-0.31382201254243713,-1.0623955898694728,Three-step,0.2,0.2,0.5,0.5,3411,0.0,0.0,0.0,correct,wrong,3.0
136,-0.2648493246456379,-0.12054171714505826,-1.052268427072797,Three-step,0.2,0.2,0.5,0.5,3411,0.0,0.0,0.0,correct,wrong,3.0
137,-0.09258596519973332,0.12295523723821533,-1.0528660814964739,Three-step,0.2,0.2,0.5,0.5,3411,0.0,0.0,0.0,correct,wrong,3.0
138,0.4268914946891023,0.10222566983478525,-1.042246126386894,Three-step,0.2,0.2,0.5,0.5,3411,0.0,0.0,0.0,correct,wrong,3.0
139,-0.12720195201590367,-0.08065227786813896,-1.0655556680416443,Three-step,0.2,0.2,0.5,0.5,3411,0.0,0.0,0.0,correct,wrong,3.0
140,0.23497066258572638,0.04289004791256173,-1.0251792746227397,Three-step,0.2,0.2,0.5,0.5,3411,0.0,0.0,0.0,correct,wrong,3.0
141,0.010581475533254649,-0.18405720530268038,-1.0394571539047879,Three-step,0.2,0.2,0.5,0.5,3411,0.0,0.0,0.0,correct,wrong,3.0
142,0.12894183123255407,-0.2303920785633737,-1.0276936853505905,Three-step,0.2,0.2,0.5,0.5,3411,0.0,0.0,0.0,correct,wrong,3.0
143,0.11430815169928003,0.3258927685448558,-1.0413071042016568,Three-step,0.2,0.2,0.5,0.5,3411,0.0,0.0,0.0,correct,wrong,3.0
144,0.23862554613565476,0.3687915459530551,-1.0383455916438793,Three-step,0.2,0.2,0.5,0.5,3411,0.0,0.0,0.0,correct,wrong,3.0
145,0.2725236704949148,0.08365487819059027,-0.995867024097859,Three-step,0.2,0.2,0.5,0.5,3411,0.0,0.0,0.0,correct,wrong,3.0
146,-0.11861571832967624,0.03627345086299709,-1.0569536293468553,Three-step,0.2,0.2,0.5,0.5,3411,0.0,0.0,0.0,correct,wrong,3.0
147,-0.10481252813541601,0.1064571720774726,-1.052808552553757,Three-step,0.2,0.2,0.5,0.5,3411,0.0,0.0,0.0,correct,wrong,3.0
148,0.15107576290854804,0.060560773237414524,-1.0492431421531623,Three-step,0.2,0.2,0.5,0.5,3411,0.0,0.0,0.0,correct,wrong,3.0
149,-0.1804189289454286,-0.08877016116696082,-1.0353486104351994,Three-step,0.2,0.2,0.5,0.5,3411,0.0,0.0,0.0,correct,wrong,3.0
150,0.23740311308391773,-0.13651802697574106,-1.0538306799634853,Three-step,0.2,0.2,0.5,0.5,3411,0.0,0.0,0.0,correct,wrong,3.0
151,0.1591327679435293,-0.19726831138533885,-1.0617324436849753,Three-step,0.2,0.2,0.5,0.5,3411,0.0,0.0,0.0,correct,wrong,3.0
152,0.10500264688249573,0.009825449953834131,-1.0392140045952019,Three-step,0.2,0.2,0.5,0.5,3411,0.0,0.0,0.0,correct,wrong,3.0
153,0.13978758834682412,-0.07279315234997627,-1.0200181376375752,Three-step,0.2,0.2,0.5,0.5,3411,0.0,0.0,0.0,correct,wrong,3.0
154,0.018674999961359837,0.7707430753281357,-1.035673879771745,Three-step,0.2,0.2,0.5,0.5,3411,0.0,0.0,0.0,correct,wrong,3.0
155,0.027082893338478783,0.16294806997502015,-1.0785418798635995,Three-step,0.2,0.2,0.5,0.5,3411,0.0,0.0,0.0,correct,wrong,3.0
156,0.3593574849882467,-0.06716695185942007,-1.0153130259368868,Three-step,0.2,0.2,0.5,0.5,3411,0.0,0.0,0.0,correct,wrong,3.0
157,0.02733522850079301,0.1570459044983254,-1.084584299197135,Three-step,0.2,0.2,0.5,0.5,3411,0.0,0.0,0.0,correct,wrong,3.0
158,0.29450625499443256,0.4283236846855275,-1.0390498764376253,Three-step,0.2,0.2,0.5,0.5,3411,0.0,0.0,0.0,correct,wrong,3.0
159,-0.022139352537747858,0.902308102069094,-1.0307211203092101,Three-step,0.2,0.2,0.5,0.5,3411,0.0,0.0,0.0,correct,wrong,3.0
160,0.14347427882034658,-0.19758323444850973,-1.0207330041259588,Three-step,0.2,0.2,0.5,0.5,3411,0.0,0.0,0.0,correct,wrong,3.0
161,0.06633601644696431,0.10554831464569202,-1.0662173463907427,Three-step,0.2,0.2,0.5,0.5,3411,0.0,0.0,0.0,correct,wrong,3.0
162,0.2482903089154509,0.6764673016494925,-1.0776133708110711,Three-step,0.2,0.2,0.5,0.5,3411,0.0,0.0,0.0,correct,wrong,3.0
163,0.04996833637053637,0.44377124758393877,-1.0453870002933707,Three-step,0.2,0.2,0.5,0.5,3411,0.0,0.0,0.0,correct,wrong,3.0
164,-0.5068665628092864,0.2263288396292911,-1.0841692718430376,Three-step,0.2,0.2,0.5,0.5,3411,0.0,0.0,0.0,correct,wrong,3.0
165,-0.07532815942593568,0.2612661942009056,-1.0560904471677925,Three-step,0.2,0.2,0.5,0.5,3411,0.0,0.0,0.0,correct,wrong,3.0
166,0.2073743890286575,-0.33009071599063294,-1.0250190480909638,Three-step,0.2,0.2,0.5,0.5,3411,0.0,0.0,0.0,correct,wrong,3.0
167,-0.2344971082449597,0.424377326635214,-1.0617584383299021,Three-step,0.2,0.2,0.5,0.5,3411,0.0,0.0,0.0,correct,wrong,3.0
168,0.20443896208252124,-0.40817902581765797,-1.079195423120387,Three-step,0.2,0.2,0.5,0.5,3411,0.0,0.0,0.0,correct,wrong,3.0
169,-0.18884110538421855,0.6258605604541663,-1.0727894615849052,Three-step,0.2,0.2,0.5,0.5,3411,0.0,0.0,0.0,correct,wrong,3.0
170,-0.029652681001757553,-0.21187693930795654,-1.0485700391250061,Three-step,0.2,0.2,0.5,0.5,3411,0.0,0.0,0.0,correct,wrong,3.0
171,-0.24165654366486405,0.1340310042789313,-1.0815730154745866,Three-step,0.2,0.2,0.5,0.5,3411,0.0,0.0,0.0,correct,wrong,3.0
172,-0.19418186294451595,0.12268887521127017,-1.066800514109529,Three-step,0.2,0.2,0.5,0.5,3411,0.0,0.0,0.0,correct,wrong,3.0
173,-0.043399828352821745,-0.31380593704195303,-1.0436630053939637,Three-step,0.2,0.2,0.5,0.5,3411,0.0,0.0,0.0,correct,wrong,3.0
174,0.029977221143034784,0.25634212121430794,-1.0362453874004722,Three-step,0.2,0.2,0.5,0.5,3411,0.0,0.0,0.0,correct,wrong,3.0
175,0.3796632983882025,-0.2656556655172256,-1.050919576444542,Three-step,0.2,0.2,0.5,0.5,3411,0.0,0.0,0.0,correct,wrong,3.0
176,-0.3645033704965148,-0.1796017039813471,-1.062551656390509,Three-step,0.2,0.2,0.5,0.5,3411,0.0,0.0,0.0,correct,wrong,3.0
177,0.16625399863900356,0.02079457947187217,-1.0671265273492145,Three-step,0.2,0.2,0.5,0.5,3411,0.0,0.0,0.0,correct,wrong,3.0
178,-0.02838127417508861,0.006631221474606706,-1.0125810960373578,Three-step,0.2,0.2,0.5,0.5,3411,0.0,0.0,0.0,correct,wrong,3.0
179,-0.22755676472751002,-0.08714245942246965,-1.0336094074008555,Three-step,0.2,0.2,0.5,0.5,3411,0.0,0.0,0.0,correct,wrong,3.0
180,0.2787750010871883,0.21964168378325524,-1.06578063536859,Three-step,0.2,0.2,0.5,0.5,3411,0.0,0.0,0.0,correct,wrong,3.0
181,0.0535033103031322,0.015234400179720681,-1.0246651965881635,Three-step,0.2,0.2,0.5,0.5,3411,0.0,0.0,0.0,correct,wrong,3.0
182,0.18662274086509176,-0.07722849165384837,-1.041357730382646,Three-step,0.2,0.2,0.5,0.5,3411,0.0,0.0,0.0,correct,wrong,3.0
183,0.2572603559891755,0.24854213469019387,-1.0331758358210716,Three-step,0.2,0.2,0.5,0.5,3411,0.0,0.0,0.0,correct,wrong,3.0
184,0.11824015036000121,0.40639157764123146,-1.0593740993590421,Three-step,0.2,0.2,0.5,0.5,3411,0.0,0.0,0.0,correct,wrong,3.0
185,0.03858947369097212,-0.08968351757197485,-1.066018562975616,Three-step,0.2,0.2,0.5,0.5,3411,0.0,0.0,0.0,correct,wrong,3.0
186,0.17827313609205,0.3086790196513403,-1.0332839818987092,Three-step,0.2,0.2,0.5,0.5,3411,0.0,0.0,0.0,correct,wrong,3.0
187,0.08451602330762462,0.2795615102270769,-1.050075753671748,Three-step,0.2,0.2,0.5,0.5,3411,0.0,0.0,0.0,correct,wrong,3.0
188,-0.006538901774727377,0.23171708774468466,-1.069304939342384,Three-step,0.2,0.2,0.5,0.5,3411,0.0,0.0,0.0,correct,wrong,3.0
189,0.2563974190094759,-0.036539077755622436,-1.0146356380962271,Three-step,0.2,0.2,0.5,0.5,3411,0.0,0.0,0.0,correct,wrong,3.0
190,0.0708701436791308,0.5487984980973977,-1.029254170827222,Three-step,0.2,0.2,0.5,0.5,3411,0.0,0.0,0.0,correct,wrong,3.0
191,-0.2720963111825346,-0.1734711294995796,-1.039780257135869,Three-step,0.2,0.2,0.5,0.5,3411,0.0,0.0,0.0,correct,wrong,3.0
192,-0.15839915398331814,0.43855563354958416,-1.0326162971875155,Three-step,0.2,0.2,0.5,0.5,3411,0.0,0.0,0.0,correct,wrong,3.0
193,-0.374758377707963,0.4323814972016682,-1.0443780416238706,Three-step,0.2,0.2,0.5,0.5,3411,0.0,0.0,0.0,correct,wrong,3.0
194,0.3494380803484722,0.03502183720656897,-1.0247013530545988,Three-step,0.2,0.2,0.5,0.5,3411,0.0,0.0,0.0,correct,wrong,3.0
195,-0.4640137694921669,-0.3464884976519161,-1.0451269221970139,Three-step,0.2,0.2,0.5,0.5,3411,0.0,0.0,0.0,correct,wrong,3.0
196,-0.09115690447204981,-0.26503096551573074,-1.0500222747251302,Three-step,0.2,0.2,0.5,0.5,3411,0.0,0.0,0.0,correct,wrong,3.0
197,0.028453858222585088,-0.13439375105842472,-1.021770769816816,Three-step,0.2,0.2,0.5,0.5,3411,0.0,0.0,0.0,correct,wrong,3.0
198,0.07685173906765957,-0.18298366594190624,-1.075615166085568,Three-step,0.2,0.2,0.5,0.5,3411,0.0,0.0,0.0,correct,wrong,3.0
199,0.2840867211692796,0.2881921680957952,-1.0236407919757837,Three-step,0.2,0.2,0.5,0.5,3411,0.0,0.0,0.0,correct,wrong,3.0
200,-0.029379856699885066,0.3603428605717029,-1.0337349121484636,Three-step,0.2,0.2,0.5,0.5,3411,0.0,0.0,0.0,correct,wrong,3.0
201,0.10131705992962074,-0.02043630482779515,-1.0305108741477549,Three-step,0.2,0.2,0.5,0.5,3411,0.0,0.0,0.0,correct,wrong,3.0
202,-0.03124080207350537,0.02748236930888223,-1.0504427093502953,Three-step,0.2,0.2,0.5,0.5,3411,0.0,0.0,0.0,correct,wrong,3.0
203,0.20836065885942082,-0.12407596295755234,-1.0413382131783429,Three-step,0.2,0.2,0.5,0.5,3411,0.0,0.0,0.0,correct,wrong,3.0
204,0.1346972988929354,-0.02909830069352878,-1.023398983293853,Three-step,0.2,0.2,0.5,0.5,3411,0.0,0.0,0.0,correct,wrong,3.0
205,0.012557888544121503,0.19839455704686546,-1.0311235933465277,Three-step,0.2,0.2,0.5,0.5,3411,0.0,0.0,0.0,correct,wrong,3.0
206,0.13012406869148455,0.027843553127090973,-1.042624272145681,Three-step,0.2,0.2,0.5,0.5,3411,0.0,0.0,0.0,correct,wrong,3.0
207,0.3024211134961838,0.5524347839842324,-1.0392212257564926,Three-step,0.2,0.2,0.5,0.5,3411,0.0,0.0,0.0,correct,wrong,3.0
208,-0.3572101980046244,-0.12814901617269592,-1.0340199795408573,Three-step,0.2,0.2,0.5,0.5,3411,0.0,0.0,0.0,correct,wrong,3.0
209,-0.0910582057486616,0.3024669631612132,-1.0406030331538128,Three-step,0.2,0.2,0.5,0.5,3411,0.0,0.0,0.0,correct,wrong,3.0
210,0.16865608969733578,-0.07615902080587461,-1.0014137868908803,Three-step,0.2,0.2,0.5,0.5,3411,0.0,0.0,0.0,correct,wrong,3.0
211,0.2732963785848864,0.42391523707629886,-1.025026005264468,Three-step,0.2,0.2,0.5,0.5,3411,0.0,0.0,0.0,correct,wrong,3.0
212,0.3062795556320914,0.07648303451015988,-1.0453832623978445,Three-step,0.2,0.2,0.5,0.5,3411,0.0,0.0,0.0,correct,wrong,3.0
213,0.017964501091069198,-0.30791172315149645,-1.0529176919942296,Three-step,0.2,0.2,0.5,0.5,3411,0.0,0.0,0.0,correct,wrong,3.0
214,-0.24349455696773928,-0.1345030946211403,-1.0264646422390038,Three-step,0.2,0.2,0.5,0.5,3411,0.0,0.0,0.0,correct,wrong,3.0
215,-0.05751292616898347,-0.2807319845496777,-1.036079745512768,Three-step,0.2,0.2,0.5,0.5,3411,0.0,0.0,0.0,correct,wrong,3.0
216,0.3897095162846676,0.1501587833574332,-1.0217469675641473,Three-step,0.2,0.2,0.5,0.5,3411,0.0,0.0,0.0,correct,wrong,3.0
217,0.4770519416490057,0.4075136312910445,-1.0404411280305985,Three-step,0.2,0.2,0.5,0.5,3411,0.0,0.0,0.0,correct,wrong,3.0
218,-0.13347138002732722,-0.3576066768633696,-1.038999022792647,Three-step,0.2,0.2,0.5,0.5,3411,0.0,0.0,0.0,correct,wrong,3.0
219,0.09509461091254164,0.10077098474505998,-1.028529891827812,Three-step,0.2,0.2,0.5,0.5,3411,0.0,0.0,0.0,correct,wrong,3.0
220,0.17917509881251806,-0.10932100483786086,-1.0479839923970489,Three-step,0.2,0.2,0.5,0.5,3411,0.0,0.0,0.0,correct,wrong,3.0
221,0.043881846019725015,-0.0616510593676331,-1.0646576337632552,Three-step,0.2,0.2,0.5,0.5,3411,0.0,0.0,0.0,correct,wrong,3.0
222,-0.02291176708170957,0.07049499949285229,-1.042700179928855,Three-step,0.2,0.2,0.5,0.5,3411,0.0,0.0,0.0,correct,wrong,3.0
223,0.07525462790242048,0.29943325030567974,-0.9811311759397486,Three-step,0.2,0.2,0.5,0.5,3411,0.0,0.0,0.0,correct,wrong,3.0
224,-0.1581011534301182,-0.35583006272415935,-1.0732397641052318,Three-step,0.2,0.2,0.5,0.5,3411,0.0,0.0,0.0,correct,wrong,3.0
225,-0.19908257572284924,-0.26760628287232335,-1.0491752688539704,Three-step,0.2,0.2,0.5,0.5,3411,0.0,0.0,0.0,correct,wrong,3.0
226,0.3175530857048276,0.19441635462625326,-1.0388938652267725,Three-step,0.2,0.2,0.5,0.5,3411,0.0,0.0,0.0,correct,wrong,3.0
227,0.33796461375915415,-0.22055074992812468,-1.0152188216602094,Three-step,0.2,0.2,0.5,0.5,3411,0.0,0.0,0.0,correct,wrong,3.0
228,0.2848513299228312,-0.013188228503497252,-1.033270489633057,Three-step,0.2,0.2,0.5,0.5,3411,0.0,0.0,0.0,correct,wrong,3.0
229,-0.018627943254724527,-0.3906446028461017,-1.0494227419243012,Three-step,0.2,0.2,0.5,0.5,3411,0.0,0.0,0.0,correct,wrong,3.0
230,-0.17370995417686388,0.14664471138687196,-1.0710437433413924,Three-step,0.2,0.2,0.5,0.5,3411,0.0,0.0,0.0,correct,wrong,3.0
231,0.2624010978863652,0.04000242799585033,-1.0331948169846819,Three-step,0.2,0.2,0.5,0.5,3411,0.0,0.0,0.0,correct,wrong,3.0
232,-0.21822711118553245,-0.27338991585021966,-1.0578529621485648,Three-step,0.2,0.2,0.5,0.5,3411,0.0,0.0,0.0,correct,wrong,3.0
233,-0.34008158777105046,-0.1577407186315288,-1.0230324952661112,Three-step,0.2,0.2,0.5,0.5,3411,0.0,0.0,0.0,correct,wrong,3.0
234,-0.036882569234884546,-0.08982902319452228,-1.0343184887276682,Three-step,0.2,0.2,0.5,0.5,3411,0.0,0.0,0.0,correct,wrong,3.0
235,-0.21929134647267476,-0.02360068432803323,-1.0417686591870388,Three-step,0.2,0.2,0.5,0.5,3411,0.0,0.0,0.0,correct,wrong,3.0
236,-0.34293851019334454,-0.12768035428543564,-1.0373386242699678,Three-step,0.2,0.2,0.5,0.5,3411,0.0,0.0,0.0,correct,wrong,3.0
237,-0.1731766567794867,-0.06699148252700551,-1.0307611961800802,Three-step,0.2,0.2,0.5,0.5,3411,0.0,0.0,0.0,correct,wrong,3.0
238,0.10350351459096432,0.17008809504545153,-1.0545104587197003,Three-step,0.2,0.2,0.5,0.5,3411,0.0,0.0,0.0,correct,wrong,3.0
239,-0.22004276642362602,-0.38549425719026825,-1.0654541309342183,Three-step,0.2,0.2,0.5,0.5,3411,0.0,0.0,0.0,correct,wrong,3.0
240,-0.07643503213990406,-0.06349542396252282,-1.0518322296337497,Three-step,0.2,0.2,0.5,0.5,3411,0.0,0.0,0.0,correct,wrong,3.0
241,-0.106007888759586,0.5368957069211002,-1.0342625351419805,Three-step,0.2,0.2,0.5,0.5,3411,0.0,0.0,0.0,correct,wrong,3.0
242,0.26181339494907163,0.46061163097943114,-1.0486046679676297,Three-step,0.2,0.2,0.5,0.5,3411,0.0,0.0,0.0,correct,wrong,3.0
243,0.047529671380471386,0.18683472374454466,-1.0557058233423204,Three-step,0.2,0.2,0.5,0.5,3411,0.0,0.0,0.0,correct,wrong,3.0
244,0.09846441534796296,-0.0007368715218853111,-1.023398499356799,Three-step,0.2,0.2,0.5,0.5,3411,0.0,0.0,0.0,correct,wrong,3.0
245,0.05174988403766479,-0.09696110699509249,-1.0483273835985754,Three-step,0.2,0.2,0.5,0.5,3411,0.0,0.0,0.0,correct,wrong,3.0
246,-0.534865913972578,-0.20789392180176486,-1.0637627799624048,Three-step,0.2,0.2,0.5,0.5,3411,0.0,0.0,0.0,correct,wrong,3.0
247,-0.09310467132412598,-0.11582595825870073,-1.0674433286757994,Three-step,0.2,0.2,0.5,0.5,3411,0.0,0.0,0.0,correct,wrong,3.0
248,0.32227783444442837,-0.23901667237188473,-1.0685771280900005,Three-step,0.2,0.2,0.5,0.5,3411,0.0,0.0,0.0,correct,wrong,3.0
249,0.2290947762780732,0.6086490617334226,-1.0530880239653773,Three-step,0.2,0.2,0.5,0.5,3411,0.0,0.0,0.0,correct,wrong,3.0
250,-0.16063529155350145,-0.025437105061020877,-1.0666209440351886,Three-step,0.2,0.2,0.5,0.5,3411,0.0,0.0,0.0,correct,wrong,3.0
251,-0.08241770438812232,0.30795085079021844,-1.0578392304889888,Three-step,0.2,0.2,0.5,0.5,3411,0.0,0.0,0.0,correct,wrong,3.0
252,0.0760306817080471,0.3986158008073,-1.049945630452767,Three-step,0.2,0.2,0.5,0.5,3411,0.0,0.0,0.0,correct,wrong,3.0
253,-0.20944288654209947,0.4326580982919987,-1.0361989837128471,Three-step,0.2,0.2,0.5,0.5,3411,0.0,0.0,0.0,correct,wrong,3.0
254,0.15823213365395453,-0.144390901962,-1.078960476303616,Three-step,0.2,0.2,0.5,0.5,3411,0.0,0.0,0.0,correct,wrong,3.0
255,-0.040203432288977575,-0.37505245279497845,-1.0666838928888767,Three-step,0.2,0.2,0.5,0.5,3411,0.0,0.0,0.0,correct,wrong,3.0
256,-0.25960231222747554,-0.2060843146068988,-1.0901966590246646,Three-step,0.2,0.2,0.5,0.5,3411,0.0,0.0,0.0,correct,wrong,3.0
257,-0.05790272791828888,0.4086924756654109,-1.0285157227243957,Three-step,0.2,0.2,0.5,0.5,3411,0.0,0.0,0.0,correct,wrong,3.0
258,-0.42901308386764325,0.055149662201631575,-1.0405455829229953,Three-step,0.2,0.2,0.5,0.5,3411,0.0,0.0,0.0,correct,wrong,3.0
259,-0.09883182194097796,-0.5211725149635189,-1.0557340603956735,Three-step,0.2,0.2,0.5,0.5,3411,0.0,0.0,0.0,correct,wrong,3.0
260,-0.1279809602472065,-0.1897918789508441,-1.0761518434762747,Three-step,0.2,0.2,0.5,0.5,3411,0.0,0.0,0.0,correct,wrong,3.0
261,0.07541193380337252,0.14956963978782342,-1.0442652662023,Three-step,0.2,0.2,0.5,0.5,3411,0.0,0.0,0.0,correct,wrong,3.0
262,-0.1672396327007494,0.5621059164015348,-1.0294988523182618,Three-step,0.2,0.2,0.5,0.5,3411,0.0,0.0,0.0,correct,wrong,3.0
263,-0.2196542515393581,-0.34912844801359216,-1.0504103014390989,Three-step,0.2,0.2,0.5,0.5,3411,0.0,0.0,0.0,correct,wrong,3.0
264,0.11488445392094968,0.5759332868942156,-1.053578669660378,Three-step,0.2,0.2,0.5,0.5,3411,0.0,0.0,0.0,correct,wrong,3.0
265,-0.098841655692377,0.34020325664716167,-1.0573729289964013,Three-step,0.2,0.2,0.5,0.5,3411,0.0,0.0,0.0,correct,wrong,3.0
266,-0.00825619726177532,0.05814761154955078,-1.0642907522224163,Three-step,0.2,0.2,0.5,0.5,3411,0.0,0.0,0.0,correct,wrong,3.0
267,-0.08396739798611765,0.09227789034769888,-1.0584064162074416,Three-step,0.2,0.2,0.5,0.5,3411,0.0,0.0,0.0,correct,wrong,3.0
268,-0.20288258806954676,0.30096288115174674,-1.0443899679026407,Three-step,0.2,0.2,0.5,0.5,3411,0.0,0.0,0.0,correct,wrong,3.0
269,-0.2747829420247762,0.380545120413309,-1.0329798331230904,Three-step,0.2,0.2,0.5,0.5,3411,0.0,0.0,0.0,correct,wrong,3.0
270,0.08422460335117066,-0.475773712639588,-1.01730030202048,Three-step,0.2,0.2,0.5,0.5,3411,0.0,0.0,0.0,correct,wrong,3.0
271,0.09136162719410909,-0.011285727470403984,-1.0540111569568924,Three-step,0.2,0.2,0.5,0.5,3411,0.0,0.0,0.0,correct,wrong,3.0
272,-0.321248717908285,-0.24381264766452335,-1.0902520416167938,Three-step,0.2,0.2,0.5,0.5,3411,0.0,0.0,0.0,correct,wrong,3.0
273,0.07270825944854252,-0.1480307542639382,-1.0662316554745204,Three-step,0.2,0.2,0.5,0.5,3411,0.0,0.0,0.0,correct,wrong,3.0
274,-0.08351425712632804,0.5161236044102113,-1.0738099817768472,Three-step,0.2,0.2,0.5,0.5,3411,0.0,0.0,0.0,correct,wrong,3.0
275,0.04643330657270597,0.49791237160910423,-1.0471616301326216,Three-step,0.2,0.2,0.5,0.5,3411,0.0,0.0,0.0,correct,wrong,3.0
276,0.04805984491475635,-0.3659867681032268,-1.056206687853326,Three-step,0.2,0.2,0.5,0.5,3411,0.0,0.0,0.0,correct,wrong,3.0
277,0.3418078059144263,0.23362338863277185,-1.0470492204486863,Three-step,0.2,0.2,0.5,0.5,3411,0.0,0.0,0.0,correct,wrong,3.0
278,0.1919611446270822,0.0006050680993301635,-1.03324241034115,Three-step,0.2,0.2,0.5,0.5,3411,0.0,0.0,0.0,correct,wrong,3.0
279,0.03745258995508997,-0.010419951357654684,-1.052918002097126,Three-step,0.2,0.2,0.5,0.5,3411,0.0,0.0,0.0,correct,wrong,3.0
280,0.00020713010046562348,0.4495902693080581,-1.043949918585371,Three-step,0.2,0.2,0.5,0.5,3411,0.0,0.0,0.0,correct,wrong,3.0
281,0.299923482271526,0.5960818722270498,-1.0141773311514863,Three-step,0.2,0.2,0.5,0.5,3411,0.0,0.0,0.0,correct,wrong,3.0
282,0.2515507457099634,-0.5184825077244722,-1.0588769440006975,Three-step,0.2,0.2,0.5,0.5,3411,0.0,0.0,0.0,correct,wrong,3.0
283,0.3044912207123103,0.12673980440115534,-1.0602352913410762,Three-step,0.2,0.2,0.5,0.5,3411,0.0,0.0,0.0,correct,wrong,3.0
284,-0.12737722926376885,0.08767127194924795,-1.0583669137312792,Three-step,0.2,0.2,0.5,0.5,3411,0.0,0.0,0.0,correct,wrong,3.0
285,-0.019717529235099906,-0.461254971962058,-1.0645151306933445,Three-step,0.2,0.2,0.5,0.5,3411,0.0,0.0,0.0,correct,wrong,3.0
286,-0.01483659243589018,-0.36776038743495043,-1.045479865017686,Three-step,0.2,0.2,0.5,0.5,3411,0.0,0.0,0.0,correct,wrong,3.0
287,0.26148899239533663,0.060379752337701785,-1.0561793895528018,Three-step,0.2,0.2,0.5,0.5,3411,0.0,0.0,0.0,correct,wrong,3.0
288,-0.44954870085362136,-0.23827542334459328,-1.0458288865184686,Three-step,0.2,0.2,0.5,0.5,3411,0.0,0.0,0.0,correct,wrong,3.0
289,-0.3877006875545672,0.4245871669721133,-1.0252334783353554,Three-step,0.2,0.2,0.5,0.5,3411,0.0,0.0,0.0,correct,wrong,3.0
290,-0.29594981324948777,-0.014399993072373225,-1.0863635443372386,Three-step,0.2,0.2,0.5,0.5,3411,0.0,0.0,0.0,correct,wrong,3.0
291,0.43921169708328534,-0.10225555545859022,-1.028554818823057,Three-step,0.2,0.2,0.5,0.5,3411,0.0,0.0,0.0,correct,wrong,3.0
292,0.49206934117766077,0.2806453699904247,-1.043896695575816,Three-step,0.2,0.2,0.5,0.5,3411,0.0,0.0,0.0,correct,wrong,3.0
293,-0.2823550284623572,-0.15271089722664014,-1.0381168942830383,Three-step,0.2,0.2,0.5,0.5,3411,0.0,0.0,0.0,correct,wrong,3.0
294,0.2126261071704088,-0.14002097339256114,-1.0403646938020241,Three-step,0.2,0.2,0.5,0.5,3411,0.0,0.0,0.0,correct,wrong,3.0
295,0.09116987840133854,0.22548327352267777,-1.0433689027566566,Three-step,0.2,0.2,0.5,0.5,3411,0.0,0.0,0.0,correct,wrong,3.0
296,0.13865063706922404,-0.07267119188468735,-1.0501696528680031,Three-step,0.2,0.2,0.5,0.5,3411,0.0,0.0,0.0,correct,wrong,3.0
297,-0.13884654497789264,-0.09581283192090008,-1.063907233432788,Three-step,0.2,0.2,0.5,0.5,3411,0.0,0.0,0.0,correct,wrong,3.0
298,0.46218047124846334,0.19310254486309758,-1.0449562500850145,Three-step,0.2,0.2,0.5,0.5,3411,0.0,0.0,0.0,correct,wrong,3.0
299,-0.10260944265372934,0.6905123119331161,-1.06769723488137,Three-step,0.2,0.2,0.5,0.5,3411,0.0,0.0,0.0,correct,wrong,3.0
300,0.0060220127790919335,-0.20064851300385245,-1.0441219116877822,Three-step,0.2,0.2,0.5,0.5,3411,0.0,0.0,0.0,correct,wrong,3.0
1,-0.15380646449923335,-0.7796504689658059,-1.0246255409266434,Robins' estimator,0.2,0.2,0.5,0.5,3411,0.0,0.0,0.0,correct,wrong,3.0
2,-0.0955619166799006,0.14044386257201755,-1.021772214700975,Robins' estimator,0.2,0.2,0.5,0.5,3411,0.0,0.0,0.0,correct,wrong,3.0
3,-0.40618776319875166,0.322635486274616,-1.0473803603552347,Robins' estimator,0.2,0.2,0.5,0.5,3411,0.0,0.0,0.0,correct,wrong,3.0
4,0.28219151337988124,-0.06606793451953259,-1.045508728043557,Robins' estimator,0.2,0.2,0.5,0.5,3411,0.0,0.0,0.0,correct,wrong,3.0
5,-0.3007190659523986,0.18514066590915038,-1.0810769904337092,Robins' estimator,0.2,0.2,0.5,0.5,3411,0.0,0.0,0.0,correct,wrong,3.0
6,0.2806821278319519,0.08467012168952559,-1.0308365534846244,Robins' estimator,0.2,0.2,0.5,0.5,3411,0.0,0.0,0.0,correct,wrong,3.0
7,0.4679997975056847,-0.1445237247848575,-1.0459803971356845,Robins' estimator,0.2,0.2,0.5,0.5,3411,0.0,0.0,0.0,correct,wrong,3.0
8,-0.2830728187757129,-0.09981098853902536,-1.0398796612760506,Robins' estimator,0.2,0.2,0.5,0.5,3411,0.0,0.0,0.0,correct,wrong,3.0
9,-0.19663228412790776,0.013668416845097954,-1.0239432276458977,Robins' estimator,0.2,0.2,0.5,0.5,3411,0.0,0.0,0.0,correct,wrong,3.0
10,-0.28254933376496905,-0.29115381237191723,-1.046865012128346,Robins' estimator,0.2,0.2,0.5,0.5,3411,0.0,0.0,0.0,correct,wrong,3.0
11,0.23051595008116718,0.0027405839265860817,-1.032600410029731,Robins' estimator,0.2,0.2,0.5,0.5,3411,0.0,0.0,0.0,correct,wrong,3.0
12,-0.0159007356492389,-0.18664734863865967,-1.0208618393365083,Robins' estimator,0.2,0.2,0.5,0.5,3411,0.0,0.0,0.0,correct,wrong,3.0
13,0.33301939978904543,0.15490434334624575,-1.0463831389622194,Robins' estimator,0.2,0.2,0.5,0.5,3411,0.0,0.0,0.0,correct,wrong,3.0
14,-0.29367233718492797,-0.5372362655080725,-1.0580450159149133,Robins' estimator,0.2,0.2,0.5,0.5,3411,0.0,0.0,0.0,correct,wrong,3.0
15,-0.24418004536876528,-0.31346263021626103,-1.043894277042514,Robins' estimator,0.2,0.2,0.5,0.5,3411,0.0,0.0,0.0,correct,wrong,3.0
16,-0.22590205591693208,-0.19904661461058576,-1.0792656732884156,Robins' estimator,0.2,0.2,0.5,0.5,3411,0.0,0.0,0.0,correct,wrong,3.0
17,0.47307800094930846,0.5602097392584626,-1.0373057523003222,Robins' estimator,0.2,0.2,0.5,0.5,3411,0.0,0.0,0.0,correct,wrong,3.0
18,0.06507935962970621,-0.39487948307654636,-1.0682071911551192,Robins' estimator,0.2,0.2,0.5,0.5,3411,0.0,0.0,0.0,correct,wrong,3.0
19,0.024563562793003986,0.12276263529600634,-1.0469581191912556,Robins' estimator,0.2,0.2,0.5,0.5,3411,0.0,0.0,0.0,correct,wrong,3.0
20,-0.06000033738930709,0.31486943464983824,-1.0196951737804911,Robins' estimator,0.2,0.2,0.5,0.5,3411,0.0,0.0,0.0,correct,wrong,3.0
21,0.05182183980317352,0.1600066705006615,-1.0297784005137585,Robins' estimator,0.2,0.2,0.5,0.5,3411,0.0,0.0,0.0,correct,wrong,3.0
22,0.06063510498889673,0.06235982334686386,-1.0252933428581488,Robins' estimator,0.2,0.2,0.5,0.5,3411,0.0,0.0,0.0,correct,wrong,3.0
23,-0.10067264267806897,0.34018213160710975,-1.0222654323645626,Robins' estimator,0.2,0.2,0.5,0.5,3411,0.0,0.0,0.0,correct,wrong,3.0
24,0.4411096985297824,-0.2384760680958005,-1.0539266531654545,Robins' estimator,0.2,0.2,0.5,0.5,3411,0.0,0.0,0.0,correct,wrong,3.0
25,-0.05514846829007365,0.505056065210194,-1.073561405277878,Robins' estimator,0.2,0.2,0.5,0.5,3411,0.0,0.0,0.0,correct,wrong,3.0
26,-0.07854688275596902,-0.0583892393604399,-1.0626132002771316,Robins' estimator,0.2,0.2,0.5,0.5,3411,0.0,0.0,0.0,correct,wrong,3.0
27,0.0497293251645002,-0.054568211888239605,-1.0482242404462807,Robins' estimator,0.2,0.2,0.5,0.5,3411,0.0,0.0,0.0,correct,wrong,3.0
28,-0.1225214315921682,0.06974107693520844,-1.062586773594393,Robins' estimator,0.2,0.2,0.5,0.5,3411,0.0,0.0,0.0,correct,wrong,3.0
29,0.06914806458960646,-0.341274147514633,-1.041678925840011,Robins' estimator,0.2,0.2,0.5,0.5,3411,0.0,0.0,0.0,correct,wrong,3.0
30,-0.2007783434342539,0.13043087665377023,-1.0371732160797051,Robins' estimator,0.2,0.2,0.5,0.5,3411,0.0,0.0,0.0,correct,wrong,3.0
31,0.10432042815721188,0.429572078105925,-1.0105745863266034,Robins' estimator,0.2,0.2,0.5,0.5,3411,0.0,0.0,0.0,correct,wrong,3.0
32,-0.056448678960850686,-0.5376975591561499,-1.0533460529909209,Robins' estimator,0.2,0.2,0.5,0.5,3411,0.0,0.0,0.0,correct,wrong,3.0
33,0.1566414881184316,0.3546184643634018,-1.0459892951957803,Robins' estimator,0.2,0.2,0.5,0.5,3411,0.0,0.0,0.0,correct,wrong,3.0
34,0.1223634227556852,-0.6689455932447789,-1.0624603861556066,Robins' estimator,0.2,0.2,0.5,0.5,3411,0.0,0.0,0.0,correct,wrong,3.0
35,0.04368581310941897,0.3396500656298774,-1.0508127457286907,Robins' estimator,0.2,0.2,0.5,0.5,3411,0.0,0.0,0.0,correct,wrong,3.0
36,0.12533788266913046,0.023260588024089663,-1.0800605743244287,Robins' estimator,0.2,0.2,0.5,0.5,3411,0.0,0.0,0.0,correct,wrong,3.0
37,-0.17001273511873025,-0.03419118466301303,-1.0712758163190075,Robins' estimator,0.2,0.2,0.5,0.5,3411,0.0,0.0,0.0,correct,wrong,3.0
38,-0.16831801634037852,-0.3422436100683322,-1.0607433293304533,Robins' estimator,0.2,0.2,0.5,0.5,3411,0.0,0.0,0.0,correct,wrong,3.0
39,-0.23723217321312698,-0.3881330624199576,-1.0673167996279236,Robins' estimator,0.2,0.2,0.5,0.5,3411,0.0,0.0,0.0,correct,wrong,3.0
40,0.10409074605032245,0.5031420272245615,-1.0519232533575786,Robins' estimator,0.2,0.2,0.5,0.5,3411,0.0,0.0,0.0,correct,wrong,3.0
41,-0.08793563437594884,-0.2252814829556145,-1.0272030038485935,Robins' estimator,0.2,0.2,0.5,0.5,3411,0.0,0.0,0.0,correct,wrong,3.0
42,0.33799165394228553,-0.02460366296648379,-1.0475626264517919,Robins' estimator,0.2,0.2,0.5,0.5,3411,0.0,0.0,0.0,correct,wrong,3.0
43,-0.034217152434183204,-0.2873693079792635,-1.0342790820415322,Robins' estimator,0.2,0.2,0.5,0.5,3411,0.0,0.0,0.0,correct,wrong,3.0
44,0.5094721519590252,-0.28514656260149823,-1.0351481909653861,Robins' estimator,0.2,0.2,0.5,0.5,3411,0.0,0.0,0.0,correct,wrong,3.0
45,0.09309386611954593,-0.06020989135310915,-1.0487659650769958,Robins' estimator,0.2,0.2,0.5,0.5,3411,0.0,0.0,0.0,correct,wrong,3.0
46,0.07221741484702496,-0.11723482055307645,-1.018830843082992,Robins' estimator,0.2,0.2,0.5,0.5,3411,0.0,0.0,0.0,correct,wrong,3.0
47,0.10695479549893987,0.28650541175358285,-0.9961097352931966,Robins' estimator,0.2,0.2,0.5,0.5,3411,0.0,0.0,0.0,correct,wrong,3.0
48,0.15052087381926188,0.2869292046323405,-1.0434772649402395,Robins' estimator,0.2,0.2,0.5,0.5,3411,0.0,0.0,0.0,correct,wrong,3.0
49,-0.22868078435289685,-0.05095192113543792,-1.0070406512968155,Robins' estimator,0.2,0.2,0.5,0.5,3411,0.0,0.0,0.0,correct,wrong,3.0
50,-0.3124996016854744,-0.06806265691287007,-1.0479609005971642,Robins' estimator,0.2,0.2,0.5,0.5,3411,0.0,0.0,0.0,correct,wrong,3.0
51,0.05703573760946424,0.2432849652444143,-1.0519394986659742,Robins' estimator,0.2,0.2,0.5,0.5,3411,0.0,0.0,0.0,correct,wrong,3.0
52,0.022576734260090395,0.16141953356726085,-1.0646362160353184,Robins' estimator,0.2,0.2,0.5,0.5,3411,0.0,0.0,0.0,correct,wrong,3.0
53,0.16856077229624208,0.23908314738492514,-1.0276539374726315,Robins' estimator,0.2,0.2,0.5,0.5,3411,0.0,0.0,0.0,correct,wrong,3.0
54,0.02046598574416105,0.3435857199932323,-1.0406062280889543,Robins' estimator,0.2,0.2,0.5,0.5,3411,0.0,0.0,0.0,correct,wrong,3.0
55,-0.2363908830497085,0.24640369073573481,-1.042538115675414,Robins' estimator,0.2,0.2,0.5,0.5,3411,0.0,0.0,0.0,correct,wrong,3.0
56,-0.21987823813242724,0.2259885733771548,-1.073197075097232,Robins' estimator,0.2,0.2,0.5,0.5,3411,0.0,0.0,0.0,correct,wrong,3.0
57,-0.3019796354948543,-0.6307287277611806,-1.0617807942980204,Robins' estimator,0.2,0.2,0.5,0.5,3411,0.0,0.0,0.0,correct,wrong,3.0
58,-0.2804277346336354,-0.4727777518387884,-1.076269227897276,Robins' estimator,0.2,0.2,0.5,0.5,3411,0.0,0.0,0.0,correct,wrong,3.0
59,0.5229315187207125,0.29510038403126915,-1.025254819096435,Robins' estimator,0.2,0.2,0.5,0.5,3411,0.0,0.0,0.0,correct,wrong,3.0
60,0.0094876703800609,0.3154485124636056,-1.0448706657338416,Robins' estimator,0.2,0.2,0.5,0.5,3411,0.0,0.0,0.0,correct,wrong,3.0
61,0.05602481879504023,-0.05242470192609669,-1.0476109391960426,Robins' estimator,0.2,0.2,0.5,0.5,3411,0.0,0.0,0.0,correct,wrong,3.0
62,-0.020604314134299372,0.008557837928605044,-1.0151936529525416,Robins' estimator,0.2,0.2,0.5,0.5,3411,0.0,0.0,0.0,correct,wrong,3.0
63,-0.23894003256414584,0.060121227813257426,-1.050568470247448,Robins' estimator,0.2,0.2,0.5,0.5,3411,0.0,0.0,0.0,correct,wrong,3.0
64,-0.023213379449287946,0.3475508771022302,-1.0437363582036117,Robins' estimator,0.2,0.2,0.5,0.5,3411,0.0,0.0,0.0,correct,wrong,3.0
65,-0.3507128718348794,-0.21136327104416971,-1.0112273388283255,Robins' estimator,0.2,0.2,0.5,0.5,3411,0.0,0.0,0.0,correct,wrong,3.0
66,0.05501267873837143,0.5081854937469366,-1.0324140260792776,Robins' estimator,0.2,0.2,0.5,0.5,3411,0.0,0.0,0.0,correct,wrong,3.0
67,0.3014035006827936,-0.42410925680031775,-1.0556902521649043,Robins' estimator,0.2,0.2,0.5,0.5,3411,0.0,0.0,0.0,correct,wrong,3.0
68,0.03487934923182367,0.2709787130181252,-1.0655288631963722,Robins' estimator,0.2,0.2,0.5,0.5,3411,0.0,0.0,0.0,correct,wrong,3.0
69,-0.22871408471829072,-0.25068136795527124,-1.042368196641064,Robins' estimator,0.2,0.2,0.5,0.5,3411,0.0,0.0,0.0,correct,wrong,3.0
70,-0.0579002365581437,-0.16012401803864493,-1.039156925190738,Robins' estimator,0.2,0.2,0.5,0.5,3411,0.0,0.0,0.0,correct,wrong,3.0
71,-0.1877499440830543,-0.14166021613473145,-1.028688680252453,Robins' estimator,0.2,0.2,0.5,0.5,3411,0.0,0.0,0.0,correct,wrong,3.0
72,-0.1560427044761418,-0.411185180374861,-1.0982415732447983,Robins' estimator,0.2,0.2,0.5,0.5,3411,0.0,0.0,0.0,correct,wrong,3.0
73,-0.00797372639328863,0.18798083004549335,-1.0672497485707775,Robins' estimator,0.2,0.2,0.5,0.5,3411,0.0,0.0,0.0,correct,wrong,3.0
74,-0.44356627226122064,-0.26606413238884463,-1.0312978514612308,Robins' estimator,0.2,0.2,0.5,0.5,3411,0.0,0.0,0.0,correct,wrong,3.0
75,-0.040865776057840114,-0.020316800962195444,-1.029262578617407,Robins' estimator,0.2,0.2,0.5,0.5,3411,0.0,0.0,0.0,correct,wrong,3.0
76,0.06068804999267853,-0.21009859661879463,-1.0389701959547557,Robins' estimator,0.2,0.2,0.5,0.5,3411,0.0,0.0,0.0,correct,wrong,3.0
77,-0.27377348980799066,-0.0015765950689498182,-1.0802304927007194,Robins' estimator,0.2,0.2,0.5,0.5,3411,0.0,0.0,0.0,correct,wrong,3.0
78,-0.5554159282790782,-0.3760513723017712,-1.089559106337875,Robins' estimator,0.2,0.2,0.5,0.5,3411,0.0,0.0,0.0,correct,wrong,3.0
79,0.005656220703435235,-0.20097994667886138,-0.9962198148246476,Robins' estimator,0.2,0.2,0.5,0.5,3411,0.0,0.0,0.0,correct,wrong,3.0
80,0.08468195041528037,-0.22788628482668633,-1.0845109622610876,Robins' estimator,0.2,0.2,0.5,0.5,3411,0.0,0.0,0.0,correct,wrong,3.0
81,-0.23744231035721716,-0.2940146143599045,-1.0735133211091619,Robins' estimator,0.2,0.2,0.5,0.5,3411,0.0,0.0,0.0,correct,wrong,3.0
82,0.16450127007086623,0.48633272941190864,-1.0364540340006758,Robins' estimator,0.2,0.2,0.5,0.5,3411,0.0,0.0,0.0,correct,wrong,3.0
83,-0.10280594063463648,0.015120105844081825,-1.0490342853110006,Robins' estimator,0.2,0.2,0.5,0.5,3411,0.0,0.0,0.0,correct,wrong,3.0
84,-0.23303387546310506,-0.20910533418209154,-1.044432973777611,Robins' estimator,0.2,0.2,0.5,0.5,3411,0.0,0.0,0.0,correct,wrong,3.0
85,-0.3096423252935887,-0.24018513055779667,-1.072115552488982,Robins' estimator,0.2,0.2,0.5,0.5,3411,0.0,0.0,0.0,correct,wrong,3.0
86,-0.22381062920094502,-0.05274101101045466,-1.072448970272323,Robins' estimator,0.2,0.2,0.5,0.5,3411,0.0,0.0,0.0,correct,wrong,3.0
87,-0.08531843081002545,-0.6275662837407063,-1.0387493519389088,Robins' estimator,0.2,0.2,0.5,0.5,3411,0.0,0.0,0.0,correct,wrong,3.0
88,0.24164085254458714,0.18292183693734995,-1.0374567595686965,Robins' estimator,0.2,0.2,0.5,0.5,3411,0.0,0.0,0.0,correct,wrong,3.0
89,-0.015023842275405028,-0.2751317350582749,-1.0263676850749597,Robins' estimator,0.2,0.2,0.5,0.5,3411,0.0,0.0,0.0,correct,wrong,3.0
90,0.06690791600526168,-0.3168050619617505,-1.0296768814947403,Robins' estimator,0.2,0.2,0.5,0.5,3411,0.0,0.0,0.0,correct,wrong,3.0
91,0.007305847338072069,0.13948409381685134,-1.0519638397592548,Robins' estimator,0.2,0.2,0.5,0.5,3411,0.0,0.0,0.0,correct,wrong,3.0
92,-0.542705128715895,0.05504594040426531,-1.0725774162116455,Robins' estimator,0.2,0.2,0.5,0.5,3411,0.0,0.0,0.0,correct,wrong,3.0
93,-0.009302530114410956,0.3193172107842783,-1.0776014773191416,Robins' estimator,0.2,0.2,0.5,0.5,3411,0.0,0.0,0.0,correct,wrong,3.0
94,-0.2447698345062478,-0.17242525959872598,-1.0315418780913972,Robins' estimator,0.2,0.2,0.5,0.5,3411,0.0,0.0,0.0,correct,wrong,3.0
95,-0.1307642686205521,0.06779355609731123,-1.027333524738064,Robins' estimator,0.2,0.2,0.5,0.5,3411,0.0,0.0,0.0,correct,wrong,3.0
96,-0.09349183047853156,-0.4067582077787519,-1.0662627443082786,Robins' estimator,0.2,0.2,0.5,0.5,3411,0.0,0.0,0.0,correct,wrong,3.0
97,-0.28691565163740046,-0.15929645464072634,-1.0413274965147608,Robins' estimator,0.2,0.2,0.5,0.5,3411,0.0,0.0,0.0,correct,wrong,3.0
98,0.10727650214686285,0.5155616230919545,-1.0503375833464617,Robins' estimator,0.2,0.2,0.5,0.5,3411,0.0,0.0,0.0,correct,wrong,3.0
99,-0.29831516698779165,-0.13208427155294086,-1.0069708512476911,Robins' estimator,0.2,0.2,0.5,0.5,3411,0.0,0.0,0.0,correct,wrong,3.0
100,-0.05238777597647668,0.20104153776660558,-1.0514847609413482,Robins' estimator,0.2,0.2,0.5,0.5,3411,0.0,0.0,0.0,correct,wrong,3.0
101,0.004423835680493201,-0.2742815925819082,-1.0591037129364695,Robins' estimator,0.2,0.2,0.5,0.5,3411,0.0,0.0,0.0,correct,wrong,3.0
102,0.17623603741503485,-0.20055288480251116,-1.0661594238016168,Robins' estimator,0.2,0.2,0.5,0.5,3411,0.0,0.0,0.0,correct,wrong,3.0
103,0.0034385261699124603,-0.18514032236580444,-1.0331634584131277,Robins' estimator,0.2,0.2,0.5,0.5,3411,0.0,0.0,0.0,correct,wrong,3.0
104,-0.5095498535404911,0.2472978238929379,-1.0497720354866698,Robins' estimator,0.2,0.2,0.5,0.5,3411,0.0,0.0,0.0,correct,wrong,3.0
105,-0.20027194809413648,-0.17448356371092563,-1.0965550174482597,Robins' estimator,0.2,0.2,0.5,0.5,3411,0.0,0.0,0.0,correct,wrong,3.0
106,-0.2934233539079524,-0.5648888587245643,-1.0819253463240632,Robins' estimator,0.2,0.2,0.5,0.5,3411,0.0,0.0,0.0,correct,wrong,3.0
107,-0.5152084316800714,-0.3648152282300896,-1.0104029464961781,Robins' estimator,0.2,0.2,0.5,0.5,3411,0.0,0.0,0.0,correct,wrong,3.0
108,-0.14039352050927906,0.05905215006546885,-1.0083586760981609,Robins' estimator,0.2,0.2,0.5,0.5,3411,0.0,0.0,0.0,correct,wrong,3.0
109,0.0057410639843315835,0.15086847706660553,-1.0289579318144797,Robins' estimator,0.2,0.2,0.5,0.5,3411,0.0,0.0,0.0,correct,wrong,3.0
110,0.3576393581067365,-0.4514629498276663,-1.0297178527500823,Robins' estimator,0.2,0.2,0.5,0.5,3411,0.0,0.0,0.0,correct,wrong,3.0
111,0.12504663848641165,0.18948817930125925,-1.0497695810331038,Robins' estimator,0.2,0.2,0.5,0.5,3411,0.0,0.0,0.0,correct,wrong,3.0
112,-0.10684907700504591,-0.11684384707352345,-1.0621070047334893,Robins' estimator,0.2,0.2,0.5,0.5,3411,0.0,0.0,0.0,correct,wrong,3.0
113,-0.411704713588022,0.08138104075667427,-1.0393117516893413,Robins' estimator,0.2,0.2,0.5,0.5,3411,0.0,0.0,0.0,correct,wrong,3.0
114,0.3009570084082641,-0.07883980381602368,-1.0692178309659077,Robins' estimator,0.2,0.2,0.5,0.5,3411,0.0,0.0,0.0,correct,wrong,3.0
115,0.1747946859251342,-0.1106379840850667,-1.0520748181732067,Robins' estimator,0.2,0.2,0.5,0.5,3411,0.0,0.0,0.0,correct,wrong,3.0
116,-0.042322501968999976,0.09711562442594827,-1.06705473088192,Robins' estimator,0.2,0.2,0.5,0.5,3411,0.0,0.0,0.0,correct,wrong,3.0
117,-0.48986415035174796,-0.8086842801393888,-1.0523128198263487,Robins' estimator,0.2,0.2,0.5,0.5,3411,0.0,0.0,0.0,correct,wrong,3.0
118,-0.19371535627752978,-0.40336114705734316,-1.065281958070178,Robins' estimator,0.2,0.2,0.5,0.5,3411,0.0,0.0,0.0,correct,wrong,3.0
119,-0.04255746643778228,-0.04902214593623912,-1.0514094267179737,Robins' estimator,0.2,0.2,0.5,0.5,3411,0.0,0.0,0.0,correct,wrong,3.0
120,-0.2215191469264912,0.04777504347779738,-1.0300449002799632,Robins' estimator,0.2,0.2,0.5,0.5,3411,0.0,0.0,0.0,correct,wrong,3.0
121,-0.014280419956670985,0.3341874087416333,-1.0163965374369512,Robins' estimator,0.2,0.2,0.5,0.5,3411,0.0,0.0,0.0,correct,wrong,3.0
122,0.5067361332627266,-0.0999306316187571,-1.039020585457016,Robins' estimator,0.2,0.2,0.5,0.5,3411,0.0,0.0,0.0,correct,wrong,3.0
123,0.2810879553266386,0.4114541748668235,-1.0285183006053327,Robins' estimator,0.2,0.2,0.5,0.5,3411,0.0,0.0,0.0,correct,wrong,3.0
124,-0.0346110563732946,-0.23581114964874605,-1.0741047127637207,Robins' estimator,0.2,0.2,0.5,0.5,3411,0.0,0.0,0.0,correct,wrong,3.0
125,-0.1422813770047848,0.24995421168413948,-1.0223889061848654,Robins' estimator,0.2,0.2,0.5,0.5,3411,0.0,0.0,0.0,correct,wrong,3.0
126,-0.10601318570318889,-0.10949078112061394,-1.0379361186235552,Robins' estimator,0.2,0.2,0.5,0.5,3411,0.0,0.0,0.0,correct,wrong,3.0
127,0.0036003267841776877,0.10487081542790659,-1.026569397164055,Robins' estimator,0.2,0.2,0.5,0.5,3411,0.0,0.0,0.0,correct,wrong,3.0
128,0.31906408846482426,-0.18093626590484757,-1.0143621739235398,Robins' estimator,0.2,0.2,0.5,0.5,3411,0.0,0.0,0.0,correct,wrong,3.0
129,-0.032239703245870055,0.07905375418754007,-1.0180683579594068,Robins' estimator,0.2,0.2,0.5,0.5,3411,0.0,0.0,0.0,correct,wrong,3.0
130,-0.15727867986229335,-0.5417095720853284,-1.0740144174874668,Robins' estimator,0.2,0.2,0.5,0.5,3411,0.0,0.0,0.0,correct,wrong,3.0
131,-0.038412324767915056,-0.005617735502133061,-1.0462646495865047,Robins' estimator,0.2,0.2,0.5,0.5,3411,0.0,0.0,0.0,correct,wrong,3.0
132,-0.4348891244830908,-0.17221389989406935,-1.0354535295077967,Robins' estimator,0.2,0.2,0.5,0.5,3411,0.0,0.0,0.0,correct,wrong,3.0
133,-0.10045781451963016,-0.31131657711786526,-1.0420422198469732,Robins' estimator,0.2,0.2,0.5,0.5,3411,0.0,0.0,0.0,correct,wrong,3.0
134,0.030119059927804847,-0.19891584560659434,-1.0300169334221676,Robins' estimator,0.2,0.2,0.5,0.5,3411,0.0,0.0,0.0,correct,wrong,3.0
135,0.1481713208080978,-0.18553230165697962,-1.0623955898664574,Robins' estimator,0.2,0.2,0.5,0.5,3411,0.0,0.0,0.0,correct,wrong,3.0
136,-0.19734962100052306,-0.1478288386054414,-1.0522684270785367,Robins' estimator,0.2,0.2,0.5,0.5,3411,0.0,0.0,0.0,correct,wrong,3.0
137,-0.01489650293557458,0.2272482796012955,-1.0528660821739906,Robins' estimator,0.2,0.2,0.5,0.5,3411,0.0,0.0,0.0,correct,wrong,3.0
138,0.3761536594343099,0.006081051661812711,-1.0422461263881049,Robins' estimator,0.2,0.2,0.5,0.5,3411,0.0,0.0,0.0,correct,wrong,3.0
139,-0.18609503204203717,-0.1449831023106926,-1.0655556680736533,Robins' estimator,0.2,0.2,0.5,0.5,3411,0.0,0.0,0.0,correct,wrong,3.0
140,0.33716548037667465,0.01973181674062718,-1.0251792746234853,Robins' estimator,0.2,0.2,0.5,0.5,3411,0.0,0.0,0.0,correct,wrong,3.0
141,0.0017349833353370197,-0.22092167290822415,-1.039457153937609,Robins' estimator,0.2,0.2,0.5,0.5,3411,0.0,0.0,0.0,correct,wrong,3.0
142,0.1106926191641537,-0.25585567096902834,-1.027693685450475,Robins' estimator,0.2,0.2,0.5,0.5,3411,0.0,0.0,0.0,correct,wrong,3.0
143,0.18395922874855608,0.2946846469499993,-1.0413071039491428,Robins' estimator,0.2,0.2,0.5,0.5,3411,0.0,0.0,0.0,correct,wrong,3.0
144,0.25748769424931517,0.36002359587039456,-1.0383455915889301,Robins' estimator,0.2,0.2,0.5,0.5,3411,0.0,0.0,0.0,correct,wrong,3.0
145,0.20266385247560334,0.11648152492543234,-0.9958670242368685,Robins' estimator,0.2,0.2,0.5,0.5,3411,0.0,0.0,0.0,correct,wrong,3.0
146,-0.15657041074977557,-0.18243896150708863,-1.0569536293897894,Robins' estimator,0.2,0.2,0.5,0.5,3411,0.0,0.0,0.0,correct,wrong,3.0
147,0.005925671765145601,-0.0012829973483721104,-1.0528085525401478,Robins' estimator,0.2,0.2,0.5,0.5,3411,0.0,0.0,0.0,correct,wrong,3.0
148,0.18282087316138168,-0.035074820987479376,-1.049243142091101,Robins' estimator,0.2,0.2,0.5,0.5,3411,0.0,0.0,0.0,correct,wrong,3.0
149,-0.15709844923135693,-0.20972459056533055,-1.035348610770945,Robins' estimator,0.2,0.2,0.5,0.5,3411,0.0,0.0,0.0,correct,wrong,3.0
150,0.157955129147488,-0.12837745925748947,-1.0538306799666401,Robins' estimator,0.2,0.2,0.5,0.5,3411,0.0,0.0,0.0,correct,wrong,3.0
151,0.01763491207149226,-0.16956530857552915,-1.061732443609316,Robins' estimator,0.2,0.2,0.5,0.5,3411,0.0,0.0,0.0,correct,wrong,3.0
152,0.08654916347287508,-0.18641232716025938,-1.0392140045542375,Robins' estimator,0.2,0.2,0.5,0.5,3411,0.0,0.0,0.0,correct,wrong,3.0
153,0.16221233920251046,-0.010759343768427297,-1.0200181375937294,Robins' estimator,0.2,0.2,0.5,0.5,3411,0.0,0.0,0.0,correct,wrong,3.0
154,0.0019373930876367476,0.7213643130270584,-1.035673879771894,Robins' estimator,0.2,0.2,0.5,0.5,3411,0.0,0.0,0.0,correct,wrong,3.0
155,0.05105893113143392,0.2559862897655845,-1.07854188050564,Robins' estimator,0.2,0.2,0.5,0.5,3411,0.0,0.0,0.0,correct,wrong,3.0
156,0.4038913470197033,-0.17624852850797645,-1.0153130259241925,Robins' estimator,0.2,0.2,0.5,0.5,3411,0.0,0.0,0.0,correct,wrong,3.0
157,-0.05232193823456557,0.15843833884647865,-1.0845842991959935,Robins' estimator,0.2,0.2,0.5,0.5,3411,0.0,0.0,0.0,correct,wrong,3.0
158,0.23075414091963287,0.2768433792705317,-1.039049876860693,Robins' estimator,0.2,0.2,0.5,0.5,3411,0.0,0.0,0.0,correct,wrong,3.0
159,-0.01761179643312544,0.923129333801885,-1.030721120309223,Robins' estimator,0.2,0.2,0.5,0.5,3411,0.0,0.0,0.0,correct,wrong,3.0
160,0.14324961789301116,-0.16042996298347217,-1.0207330041384808,Robins' estimator,0.2,0.2,0.5,0.5,3411,0.0,0.0,0.0,correct,wrong,3.0
161,0.005438423083310149,0.21836284939719608,-1.0662173463902467,Robins' estimator,0.2,0.2,0.5,0.5,3411,0.0,0.0,0.0,correct,wrong,3.0
162,0.23848550810299968,0.6632415828357426,-1.077613370862642,Robins' estimator,0.2,0.2,0.5,0.5,3411,0.0,0.0,0.0,correct,wrong,3.0
163,0.012667637037547417,0.31576652246696874,-1.0453870002887735,Robins' estimator,0.2,0.2,0.5,0.5,3411,0.0,0.0,0.0,correct,wrong,3.0
164,-0.5081874173024666,0.23242977493980532,-1.0841692718455378,Robins' estimator,0.2,0.2,0.5,0.5,3411,0.0,0.0,0.0,correct,wrong,3.0
165,-0.11338212436558685,0.26281948224861545,-1.0560904471282355,Robins' estimator,0.2,0.2,0.5,0.5,3411,0.0,0.0,0.0,correct,wrong,3.0
166,0.1254865823131743,-0.41958041981874983,-1.0250190480231085,Robins' estimator,0.2,0.2,0.5,0.5,3411,0.0,0.0,0.0,correct,wrong,3.0
167,-0.24123142217462598,0.34496005504078064,-1.0617584378081202,Robins' estimator,0.2,0.2,0.5,0.5,3411,0.0,0.0,0.0,correct,wrong,3.0
168,0.08576775144614446,-0.3610277236469334,-1.0791954229912872,Robins' estimator,0.2,0.2,0.5,0.5,3411,0.0,0.0,0.0,correct,wrong,3.0
169,-0.1704609709519345,0.5998340939331528,-1.0727894616024418,Robins' estimator,0.2,0.2,0.5,0.5,3411,0.0,0.0,0.0,correct,wrong,3.0
170,0.07464339842523418,-0.12893967562869985,-1.0485700392592514,Robins' estimator,0.2,0.2,0.5,0.5,3411,0.0,0.0,0.0,correct,wrong,3.0
171,-0.28820846184029353,0.04248217400668512,-1.0815730157111731,Robins' estimator,0.2,0.2,0.5,0.5,3411,0.0,0.0,0.0,correct,wrong,3.0
172,-0.15364696335298025,0.15342585999657007,-1.066800514105509,Robins' estimator,0.2,0.2,0.5,0.5,3411,0.0,0.0,0.0,correct,wrong,3.0
173,-0.0508332076726403,-0.24611859830302668,-1.0436630053953562,Robins' estimator,0.2,0.2,0.5,0.5,3411,0.0,0.0,0.0,correct,wrong,3.0
174,0.10845658280772645,0.2724916313830621,-1.0362453873737187,Robins' estimator,0.2,0.2,0.5,0.5,3411,0.0,0.0,0.0,correct,wrong,3.0
175,0.3195810036927903,-0.14754260652453263,-1.0509195764912476,Robins' estimator,0.2,0.2,0.5,0.5,3411,0.0,0.0,0.0,correct,wrong,3.0
176,-0.30592147741764203,-0.10570340001089365,-1.062551656390657,Robins' estimator,0.2,0.2,0.5,0.5,3411,0.0,0.0,0.0,correct,wrong,3.0
177,0.13890604373350468,-0.13223278492799584,-1.0671265273407715,Robins' estimator,0.2,0.2,0.5,0.5,3411,0.0,0.0,0.0,correct,wrong,3.0
178,0.07927856369614053,-0.06060025523831056,-1.0125810960004527,Robins' estimator,0.2,0.2,0.5,0.5,3411,0.0,0.0,0.0,correct,wrong,3.0
179,-0.16574986679440207,-0.05215513346216546,-1.033609407422878,Robins' estimator,0.2,0.2,0.5,0.5,3411,0.0,0.0,0.0,correct,wrong,3.0
180,0.23890353340061818,0.15545378624252293,-1.0657806353518813,Robins' estimator,0.2,0.2,0.5,0.5,3411,0.0,0.0,0.0,correct,wrong,3.0
181,0.10822613355659892,0.09053027560467648,-1.0246651965941347,Robins' estimator,0.2,0.2,0.5,0.5,3411,0.0,0.0,0.0,correct,wrong,3.0
182,0.18968091640212506,-0.03545151597637963,-1.041357729966795,Robins' estimator,0.2,0.2,0.5,0.5,3411,0.0,0.0,0.0,correct,wrong,3.0
183,0.3301674251314608,0.3311009677904061,-1.033175835833183,Robins' estimator,0.2,0.2,0.5,0.5,3411,0.0,0.0,0.0,correct,wrong,3.0
184,0.054923985697541755,0.3582457033969135,-1.0593740993801384,Robins' estimator,0.2,0.2,0.5,0.5,3411,0.0,0.0,0.0,correct,wrong,3.0
185,0.028220012075902176,-0.02092040444718428,-1.0660185629855312,Robins' estimator,0.2,0.2,0.5,0.5,3411,0.0,0.0,0.0,correct,wrong,3.0
186,0.1718338564362319,0.23860492096074887,-1.0332839816386714,Robins' estimator,0.2,0.2,0.5,0.5,3411,0.0,0.0,0.0,correct,wrong,3.0
187,0.26676035779113283,0.1683666347326909,-1.050075753572927,Robins' estimator,0.2,0.2,0.5,0.5,3411,0.0,0.0,0.0,correct,wrong,3.0
188,-0.05054849521537617,0.0042482887939388845,-1.0693049393389074,Robins' estimator,0.2,0.2,0.5,0.5,3411,0.0,0.0,0.0,correct,wrong,3.0
189,0.42836142240360736,-0.12361393551448951,-1.014635638255701,Robins' estimator,0.2,0.2,0.5,0.5,3411,0.0,0.0,0.0,correct,wrong,3.0
190,0.1543338849883088,0.49324449171341667,-1.029254170776127,Robins' estimator,0.2,0.2,0.5,0.5,3411,0.0,0.0,0.0,correct,wrong,3.0
191,-0.2600396791045562,-0.11917412740695403,-1.0397802571371741,Robins' estimator,0.2,0.2,0.5,0.5,3411,0.0,0.0,0.0,correct,wrong,3.0
192,-0.04079990728738525,0.3415496237902034,-1.0326162984446727,Robins' estimator,0.2,0.2,0.5,0.5,3411,0.0,0.0,0.0,correct,wrong,3.0
193,-0.3503152478806686,0.3900580241895293,-1.0443780415935593,Robins' estimator,0.2,0.2,0.5,0.5,3411,0.0,0.0,0.0,correct,wrong,3.0
194,0.44379295605049546,0.04044925768916111,-1.0247013530545814,Robins' estimator,0.2,0.2,0.5,0.5,3411,0.0,0.0,0.0,correct,wrong,3.0
195,-0.49890468602038907,-0.3545440404628738,-1.045126922207795,Robins' estimator,0.2,0.2,0.5,0.5,3411,0.0,0.0,0.0,correct,wrong,3.0
196,-0.15602942347347376,-0.32130417886529977,-1.0500222747319181,Robins' estimator,0.2,0.2,0.5,0.5,3411,0.0,0.0,0.0,correct,wrong,3.0
197,-0.06097746968442305,-0.04624245476494255,-1.0217707698024567,Robins' estimator,0.2,0.2,0.5,0.5,3411,0.0,0.0,0.0,correct,wrong,3.0
198,0.1302954315209724,-0.1381011549658062,-1.0756151661172162,Robins' estimator,0.2,0.2,0.5,0.5,3411,0.0,0.0,0.0,correct,wrong,3.0
199,0.39385391725683555,0.22360934441176814,-1.0236407919716808,Robins' estimator,0.2,0.2,0.5,0.5,3411,0.0,0.0,0.0,correct,wrong,3.0
200,-0.03716620667637451,0.427595887577448,-1.0337349117210408,Robins' estimator,0.2,0.2,0.5,0.5,3411,0.0,0.0,0.0,correct,wrong,3.0
201,0.10373459063119649,-0.1372877431942221,-1.0305108741450753,Robins' estimator,0.2,0.2,0.5,0.5,3411,0.0,0.0,0.0,correct,wrong,3.0
202,-0.04957541004682666,0.04045227460325288,-1.0504427093524125,Robins' estimator,0.2,0.2,0.5,0.5,3411,0.0,0.0,0.0,correct,wrong,3.0
203,0.2762961870402923,-0.1342992347861052,-1.0413382131771396,Robins' estimator,0.2,0.2,0.5,0.5,3411,0.0,0.0,0.0,correct,wrong,3.0
204,0.1744461282817272,-0.0931629782499737,-1.0233989832682806,Robins' estimator,0.2,0.2,0.5,0.5,3411,0.0,0.0,0.0,correct,wrong,3.0
205,0.08210307219603319,0.3431110144055443,-1.0311235944008206,Robins' estimator,0.2,0.2,0.5,0.5,3411,0.0,0.0,0.0,correct,wrong,3.0
206,0.12795133096284023,0.021255824058294643,-1.0426242721229635,Robins' estimator,0.2,0.2,0.5,0.5,3411,0.0,0.0,0.0,correct,wrong,3.0
207,0.21228816144045554,0.4001206846325138,-1.0392212259135947,Robins' estimator,0.2,0.2,0.5,0.5,3411,0.0,0.0,0.0,correct,wrong,3.0
208,-0.3306610938024407,-0.1142138963955423,-1.0340199795412572,Robins' estimator,0.2,0.2,0.5,0.5,3411,0.0,0.0,0.0,correct,wrong,3.0
209,-0.06274121976708268,0.2847492403298147,-1.0406030329991982,Robins' estimator,0.2,0.2,0.5,0.5,3411,0.0,0.0,0.0,correct,wrong,3.0
210,0.129341224613719,0.0896893124152262,-1.0014137869782895,Robins' estimator,0.2,0.2,0.5,0.5,3411,0.0,0.0,0.0,correct,wrong,3.0
211,0.3493096413404245,0.4077298313876638,-1.0250260052699334,Robins' estimator,0.2,0.2,0.5,0.5,3411,0.0,0.0,0.0,correct,wrong,3.0
212,0.24694818685282074,0.022489238380489968,-1.0453832623972772,Robins' estimator,0.2,0.2,0.5,0.5,3411,0.0,0.0,0.0,correct,wrong,3.0
213,0.0783934109956384,-0.4018006575885524,-1.0529176919886147,Robins' estimator,0.2,0.2,0.5,0.5,3411,0.0,0.0,0.0,correct,wrong,3.0
214,-0.27014333922297273,-0.11200836491441236,-1.026464642259181,Robins' estimator,0.2,0.2,0.5,0.5,3411,0.0,0.0,0.0,correct,wrong,3.0
215,-0.08232886854348592,-0.24874659577972302,-1.0360797455127686,Robins' estimator,0.2,0.2,0.5,0.5,3411,0.0,0.0,0.0,correct,wrong,3.0
216,0.3369019291778622,0.07179750513622504,-1.0217469676295503,Robins' estimator,0.2,0.2,0.5,0.5,3411,0.0,0.0,0.0,correct,wrong,3.0
217,0.37379227756782457,0.3659051996091715,-1.0404411290717899,Robins' estimator,0.2,0.2,0.5,0.5,3411,0.0,0.0,0.0,correct,wrong,3.0
218,-0.12101096817180297,-0.3561765956005133,-1.0389990227970098,Robins' estimator,0.2,0.2,0.5,0.5,3411,0.0,0.0,0.0,correct,wrong,3.0
219,-0.011573401092189304,-0.13005971903609415,-1.0285298918260342,Robins' estimator,0.2,0.2,0.5,0.5,3411,0.0,0.0,0.0,correct,wrong,3.0
220,0.22118457482192252,-0.04668143834075769,-1.047983992741449,Robins' estimator,0.2,0.2,0.5,0.5,3411,0.0,0.0,0.0,correct,wrong,3.0
221,0.08465422653121171,-0.0966183311945462,-1.0646576337628861,Robins' estimator,0.2,0.2,0.5,0.5,3411,0.0,0.0,0.0,correct,wrong,3.0
222,0.05671003159677428,0.20885260483156326,-1.0427001799286606,Robins' estimator,0.2,0.2,0.5,0.5,3411,0.0,0.0,0.0,correct,wrong,3.0
223,0.06697743249958013,0.2518955623331926,-0.9811311757785768,Robins' estimator,0.2,0.2,0.5,0.5,3411,0.0,0.0,0.0,correct,wrong,3.0
224,-0.1972998722161121,-0.5082557784936733,-1.0732397641140254,Robins' estimator,0.2,0.2,0.5,0.5,3411,0.0,0.0,0.0,correct,wrong,3.0
225,-0.13381256981612458,-0.13035870920505166,-1.0491752688522218,Robins' estimator,0.2,0.2,0.5,0.5,3411,0.0,0.0,0.0,correct,wrong,3.0
226,0.2377602741121841,0.3440524263588362,-1.0388938652369557,Robins' estimator,0.2,0.2,0.5,0.5,3411,0.0,0.0,0.0,correct,wrong,3.0
227,0.3358304621182147,-0.23001086402137466,-1.0152188216399858,Robins' estimator,0.2,0.2,0.5,0.5,3411,0.0,0.0,0.0,correct,wrong,3.0
228,0.21560150821254087,-0.001101185551020278,-1.0332704896532978,Robins' estimator,0.2,0.2,0.5,0.5,3411,0.0,0.0,0.0,correct,wrong,3.0
229,-0.04862925505571136,-0.3258431111517964,-1.049422741924325,Robins' estimator,0.2,0.2,0.5,0.5,3411,0.0,0.0,0.0,correct,wrong,3.0
230,-0.2303452186870553,0.24768788976381545,-1.0710437436464186,Robins' estimator,0.2,0.2,0.5,0.5,3411,0.0,0.0,0.0,correct,wrong,3.0
231,0.33611803365036563,0.13727329498658095,-1.0331948169844503,Robins' estimator,0.2,0.2,0.5,0.5,3411,0.0,0.0,0.0,correct,wrong,3.0
232,-0.16086832172299437,-0.2801225921783491,-1.0578529621537545,Robins' estimator,0.2,0.2,0.5,0.5,3411,0.0,0.0,0.0,correct,wrong,3.0
233,-0.2625366019982456,-0.13733872559890953,-1.023032495193791,Robins' estimator,0.2,0.2,0.5,0.5,3411,0.0,0.0,0.0,correct,wrong,3.0
234,-0.01956457829867421,-0.12875205376999102,-1.0343184887012502,Robins' estimator,0.2,0.2,0.5,0.5,3411,0.0,0.0,0.0,correct,wrong,3.0
235,-0.22409860510109558,0.09296217894286339,-1.0417686591875392,Robins' estimator,0.2,0.2,0.5,0.5,3411,0.0,0.0,0.0,correct,wrong,3.0
236,-0.3196998526700872,0.052202394911084346,-1.0373386242702312,Robins' estimator,0.2,0.2,0.5,0.5,3411,0.0,0.0,0.0,correct,wrong,3.0
237,-0.07262228432960985,-0.006400933119833572,-1.030761196179624,Robins' estimator,0.2,0.2,0.5,0.5,3411,0.0,0.0,0.0,correct,wrong,3.0
238,0.16340883279227236,0.22020893145297946,-1.054510458810448,Robins' estimator,0.2,0.2,0.5,0.5,3411,0.0,0.0,0.0,correct,wrong,3.0
239,-0.23949915437514643,-0.42274781068575623,-1.0654541309630186,Robins' estimator,0.2,0.2,0.5,0.5,3411,0.0,0.0,0.0,correct,wrong,3.0
240,0.07537801854283217,0.04306167474491545,-1.0518322296216909,Robins' estimator,0.2,0.2,0.5,0.5,3411,0.0,0.0,0.0,correct,wrong,3.0
241,-0.13249697562809262,0.6953411674900591,-1.0342625351352968,Robins' estimator,0.2,0.2,0.5,0.5,3411,0.0,0.0,0.0,correct,wrong,3.0
242,0.2717468340924183,0.48781650385509484,-1.048604667965704,Robins' estimator,0.2,0.2,0.5,0.5,3411,0.0,0.0,0.0,correct,wrong,3.0
243,-0.00020649465497743738,0.16297588779934155,-1.0557058233375247,Robins' estimator,0.2,0.2,0.5,0.5,3411,0.0,0.0,0.0,correct,wrong,3.0
244,0.11139857247152676,0.06085189182580046,-1.0233984994339311,Robins' estimator,0.2,0.2,0.5,0.5,3411,0.0,0.0,0.0,correct,wrong,3.0
245,0.0868955816854419,-0.06266903170607756,-1.0483273835990776,Robins' estimator,0.2,0.2,0.5,0.5,3411,0.0,0.0,0.0,correct,wrong,3.0
246,-0.5046796595674928,-0.31408813739885766,-1.0637627799775768,Robins' estimator,0.2,0.2,0.5,0.5,3411,0.0,0.0,0.0,correct,wrong,3.0
247,0.023536258401136642,-0.189641788095601,-1.0674433286841423,Robins' estimator,0.2,0.2,0.5,0.5,3411,0.0,0.0,0.0,correct,wrong,3.0
248,0.24580152434330924,-0.03768380120696041,-1.068577128069433,Robins' estimator,0.2,0.2,0.5,0.5,3411,0.0,0.0,0.0,correct,wrong,3.0
249,0.17059594488461927,0.4645329761262975,-1.0530880234552824,Robins' estimator,0.2,0.2,0.5,0.5,3411,0.0,0.0,0.0,correct,wrong,3.0
250,-0.08082678041063027,0.1271276941272124,-1.0666209444225296,Robins' estimator,0.2,0.2,0.5,0.5,3411,0.0,0.0,0.0,correct,wrong,3.0
251,-0.12362503788427415,0.21064859975223374,-1.0578392303284043,Robins' estimator,0.2,0.2,0.5,0.5,3411,0.0,0.0,0.0,correct,wrong,3.0
252,0.13524839138737754,0.40086487797023435,-1.049945630079374,Robins' estimator,0.2,0.2,0.5,0.5,3411,0.0,0.0,0.0,correct,wrong,3.0
253,-0.18045844410586925,0.3468397971609051,-1.0361989832199563,Robins' estimator,0.2,0.2,0.5,0.5,3411,0.0,0.0,0.0,correct,wrong,3.0
254,0.0761873044860104,-0.06247103052143099,-1.0789604761280158,Robins' estimator,0.2,0.2,0.5,0.5,3411,0.0,0.0,0.0,correct,wrong,3.0
255,-0.021520777022610092,-0.35956846751755145,-1.0666838928949403,Robins' estimator,0.2,0.2,0.5,0.5,3411,0.0,0.0,0.0,correct,wrong,3.0
256,-0.1623271816648858,-0.24415825609560524,-1.0901966590102101,Robins' estimator,0.2,0.2,0.5,0.5,3411,0.0,0.0,0.0,correct,wrong,3.0
257,-0.05692888980518759,0.31928622051656796,-1.0285157227305823,Robins' estimator,0.2,0.2,0.5,0.5,3411,0.0,0.0,0.0,correct,wrong,3.0
258,-0.43498631653048603,0.07107942144426964,-1.0405455829244477,Robins' estimator,0.2,0.2,0.5,0.5,3411,0.0,0.0,0.0,correct,wrong,3.0
259,-0.09338636269660731,-0.5311709219393993,-1.0557340604178271,Robins' estimator,0.2,0.2,0.5,0.5,3411,0.0,0.0,0.0,correct,wrong,3.0
260,-0.14363687052248503,-0.15578614533126442,-1.0761518434714579,Robins' estimator,0.2,0.2,0.5,0.5,3411,0.0,0.0,0.0,correct,wrong,3.0
261,0.06405882396907195,0.11922772088251993,-1.0442652661988427,Robins' estimator,0.2,0.2,0.5,0.5,3411,0.0,0.0,0.0,correct,wrong,3.0
262,-0.1485346030194172,0.5207312694031856,-1.0294988523253614,Robins' estimator,0.2,0.2,0.5,0.5,3411,0.0,0.0,0.0,correct,wrong,3.0
263,-0.1818565813505722,-0.37031817091875063,-1.050410301476044,Robins' estimator,0.2,0.2,0.5,0.5,3411,0.0,0.0,0.0,correct,wrong,3.0
264,0.17175557939779867,0.5986698526359908,-1.053578669657638,Robins' estimator,0.2,0.2,0.5,0.5,3411,0.0,0.0,0.0,correct,wrong,3.0
265,-0.058883953186857275,0.29977356138193084,-1.0573729291594545,Robins' estimator,0.2,0.2,0.5,0.5,3411,0.0,0.0,0.0,correct,wrong,3.0
266,-0.08698437551949446,0.050326894462431,-1.0642907522212843,Robins' estimator,0.2,0.2,0.5,0.5,3411,0.0,0.0,0.0,correct,wrong,3.0
267,-0.14365935806285085,0.05242822129317113,-1.0584064162118032,Robins' estimator,0.2,0.2,0.5,0.5,3411,0.0,0.0,0.0,correct,wrong,3.0
268,-0.22127663762829844,0.29687975456689364,-1.0443899678811988,Robins' estimator,0.2,0.2,0.5,0.5,3411,0.0,0.0,0.0,correct,wrong,3.0
269,-0.27268783593051765,0.24351283431618131,-1.0329798330316287,Robins' estimator,0.2,0.2,0.5,0.5,3411,0.0,0.0,0.0,correct,wrong,3.0
270,-0.009124618652606059,-0.38859046304875566,-1.0173003020434037,Robins' estimator,0.2,0.2,0.5,0.5,3411,0.0,0.0,0.0,correct,wrong,3.0
271,-0.08465575015187163,0.08387074821893284,-1.054011157012075,Robins' estimator,0.2,0.2,0.5,0.5,3411,0.0,0.0,0.0,correct,wrong,3.0
272,-0.3009260698989205,-0.14002776826839017,-1.090252041612924,Robins' estimator,0.2,0.2,0.5,0.5,3411,0.0,0.0,0.0,correct,wrong,3.0
273,0.1461202127476297,0.07941875754939871,-1.066231655481716,Robins' estimator,0.2,0.2,0.5,0.5,3411,0.0,0.0,0.0,correct,wrong,3.0
274,-0.1566291902827102,0.45479512054073773,-1.0738099824131224,Robins' estimator,0.2,0.2,0.5,0.5,3411,0.0,0.0,0.0,correct,wrong,3.0
275,-0.0143526467772837,0.4497877485322336,-1.047161630039616,Robins' estimator,0.2,0.2,0.5,0.5,3411,0.0,0.0,0.0,correct,wrong,3.0
276,0.007525771227843311,-0.3967773023988737,-1.0562066878592915,Robins' estimator,0.2,0.2,0.5,0.5,3411,0.0,0.0,0.0,correct,wrong,3.0
277,0.2982571779129401,0.12978004540425245,-1.0470492207013538,Robins' estimator,0.2,0.2,0.5,0.5,3411,0.0,0.0,0.0,correct,wrong,3.0
278,0.24765838297340864,-0.025906043523268855,-1.0332424103470277,Robins' estimator,0.2,0.2,0.5,0.5,3411,0.0,0.0,0.0,correct,wrong,3.0
279,0.0036194242872321686,-0.06105694678000593,-1.0529180020955153,Robins' estimator,0.2,0.2,0.5,0.5,3411,0.0,0.0,0.0,correct,wrong,3.0
280,0.06666073645485784,0.4219873743026471,-1.0439499192156174,Robins' estimator,0.2,0.2,0.5,0.5,3411,0.0,0.0,0.0,correct,wrong,3.0
281,0.24196820198537555,0.524878388280854,-1.014177331174146,Robins' estimator,0.2,0.2,0.5,0.5,3411,0.0,0.0,0.0,correct,wrong,3.0
282,0.2831809340646201,-0.28683997126449157,-1.0588769439404029,Robins' estimator,0.2,0.2,0.5,0.5,3411,0.0,0.0,0.0,correct,wrong,3.0
283,0.27869264728805637,0.02866176418602809,-1.060235291518011,Robins' estimator,0.2,0.2,0.5,0.5,3411,0.0,0.0,0.0,correct,wrong,3.0
284,-0.051974121807792775,0.14062426346219226,-1.0583669138001544,Robins' estimator,0.2,0.2,0.5,0.5,3411,0.0,0.0,0.0,correct,wrong,3.0
285,0.003621109313233776,-0.4301168978323208,-1.0645151306845237,Robins' estimator,0.2,0.2,0.5,0.5,3411,0.0,0.0,0.0,correct,wrong,3.0
286,0.01801616533530533,-0.20354186364649465,-1.0454798650048531,Robins' estimator,0.2,0.2,0.5,0.5,3411,0.0,0.0,0.0,correct,wrong,3.0
287,0.23670838223130797,0.013476963146693695,-1.0561793895569453,Robins' estimator,0.2,0.2,0.5,0.5,3411,0.0,0.0,0.0,correct,wrong,3.0
288,-0.480474646863251,-0.09207343152570857,-1.0458288865188057,Robins' estimator,0.2,0.2,0.5,0.5,3411,0.0,0.0,0.0,correct,wrong,3.0
289,-0.26354509230044754,0.41305650100662367,-1.0252334786365411,Robins' estimator,0.2,0.2,0.5,0.5,3411,0.0,0.0,0.0,correct,wrong,3.0
290,-0.24455706347430645,-0.027388654010726876,-1.086363544397251,Robins' estimator,0.2,0.2,0.5,0.5,3411,0.0,0.0,0.0,correct,wrong,3.0
291,0.3531529103666299,-0.0043635377968191036,-1.02855481884251,Robins' estimator,0.2,0.2,0.5,0.5,3411,0.0,0.0,0.0,correct,wrong,3.0
292,0.3882762950569007,0.2984496408981638,-1.0438966952466233,Robins' estimator,0.2,0.2,0.5,0.5,3411,0.0,0.0,0.0,correct,wrong,3.0
293,-0.14315198665561732,-0.017137827820980615,-1.0381168942806471,Robins' estimator,0.2,0.2,0.5,0.5,3411,0.0,0.0,0.0,correct,wrong,3.0
294,0.24804018613433662,-0.15591950744583769,-1.040364693815778,Robins' estimator,0.2,0.2,0.5,0.5,3411,0.0,0.0,0.0,correct,wrong,3.0
295,0.09391865594774015,0.2900287623427672,-1.043368902687475,Robins' estimator,0.2,0.2,0.5,0.5,3411,0.0,0.0,0.0,correct,wrong,3.0
296,0.16671639599336224,-0.06421725917989997,-1.050169652867607,Robins' estimator,0.2,0.2,0.5,0.5,3411,0.0,0.0,0.0,correct,wrong,3.0
297,-0.10587892668233274,-0.14538285665671546,-1.0639072335133608,Robins' estimator,0.2,0.2,0.5,0.5,3411,0.0,0.0,0.0,correct,wrong,3.0
298,0.4409633985060165,0.188209795676045,-1.0449562501205611,Robins' estimator,0.2,0.2,0.5,0.5,3411,0.0,0.0,0.0,correct,wrong,3.0
299,-0.03583647677961949,0.6463369086504094,-1.0676972348347347,Robins' estimator,0.2,0.2,0.5,0.5,3411,0.0,0.0,0.0,correct,wrong,3.0
300,-0.02656655770030354,-0.120212655634349,-1.0441219117116582,Robins' estimator,0.2,0.2,0.5,0.5,3411,0.0,0.0,0.0,correct,wrong,3.0
1,-0.12638819280055283,-0.7248183518360349,-1.0243722469120051,GMM estimator,0.2,0.2,0.5,0.5,3411,0.0,0.0,0.0,correct,wrong,3.0
2,-0.10078539424041487,0.14726670702912467,-1.0210434948818132,GMM estimator,0.2,0.2,0.5,0.5,3411,0.0,0.0,0.0,correct,wrong,3.0
3,-0.5173098608641836,0.33117065891362446,-1.0486012670603335,GMM estimator,0.2,0.2,0.5,0.5,3411,0.0,0.0,0.0,correct,wrong,3.0
4,0.2657509690502334,-0.05829725252045941,-1.047195930715623,GMM estimator,0.2,0.2,0.5,0.5,3411,0.0,0.0,0.0,correct,wrong,3.0
5,-0.3028562723259675,0.16835594200012402,-1.079035948211503,GMM estimator,0.2,0.2,0.5,0.5,3411,0.0,0.0,0.0,correct,wrong,3.0
6,0.23295831167098535,-0.07574650877947826,-1.0343355668094611,GMM estimator,0.2,0.2,0.5,0.5,3411,0.0,0.0,0.0,correct,wrong,3.0
7,0.24098549397040486,-0.300189473182461,-1.04853656532367,GMM estimator,0.2,0.2,0.5,0.5,3411,0.0,0.0,0.0,correct,wrong,3.0
8,-0.3676874616099444,-0.24656902839878897,-1.0423989415641814,GMM estimator,0.2,0.2,0.5,0.5,3411,0.0,0.0,0.0,correct,wrong,3.0
9,-0.21325199181594115,-0.020482674600414513,-1.0266308222379443,GMM estimator,0.2,0.2,0.5,0.5,3411,0.0,0.0,0.0,correct,wrong,3.0
10,-0.25554119393693214,-0.31535173482845064,-1.047653437530614,GMM estimator,0.2,0.2,0.5,0.5,3411,0.0,0.0,0.0,correct,wrong,3.0
11,0.22628663147911987,-0.05633488771487329,-1.033490266013627,GMM estimator,0.2,0.2,0.5,0.5,3411,0.0,0.0,0.0,correct,wrong,3.0
12,-0.014035722718632931,-0.17436221000148747,-1.0210008712616427,GMM estimator,0.2,0.2,0.5,0.5,3411,0.0,0.0,0.0,correct,wrong,3.0
13,0.3429134376263888,0.15990711288323342,-1.0457473932345633,GMM estimator,0.2,0.2,0.5,0.5,3411,0.0,0.0,0.0,correct,wrong,3.0
14,-0.2762754026577918,-0.5309740776678851,-1.0567615913450057,GMM estimator,0.2,0.2,0.5,0.5,3411,0.0,0.0,0.0,correct,wrong,3.0
15,-0.23698991157414048,-0.3113661182121176,-1.0434113028130596,GMM estimator,0.2,0.2,0.5,0.5,3411,0.0,0.0,0.0,correct,wrong,3.0
16,-0.23302368402922743,-0.2333408130152197,-1.0786898392886661,GMM estimator,0.2,0.2,0.5,0.5,3411,0.0,0.0,0.0,correct,wrong,3.0
17,0.41801746886190877,0.4974551907032704,-1.0385397262585643,GMM estimator,0.2,0.2,0.5,0.5,3411,0.0,0.0,0.0,correct,wrong,3.0
18,0.07509210582421087,-0.38293223463288284,-1.0678882301476913,GMM estimator,0.2,0.2,0.5,0.5,3411,0.0,0.0,0.0,correct,wrong,3.0
19,-0.00521845951283326,0.15995621503133775,-1.048702634415003,GMM estimator,0.2,0.2,0.5,0.5,3411,0.0,0.0,0.0,correct,wrong,3.0
20,-0.05230860102842428,0.32821029501721144,-1.0195231713129882,GMM estimator,0.2,0.2,0.5,0.5,3411,0.0,0.0,0.0,correct,wrong,3.0
21,0.053756862791746386,0.14664829003155824,-1.0309752345403036,GMM estimator,0.2,0.2,0.5,0.5,3411,0.0,0.0,0.0,correct,wrong,3.0
22,0.07410834908782943,0.02837103372950169,-1.027429850264128,GMM estimator,0.2,0.2,0.5,0.5,3411,0.0,0.0,0.0,correct,wrong,3.0
23,-0.10551671084555249,0.28875752563213697,-1.0206145587214632,GMM estimator,0.2,0.2,0.5,0.5,3411,0.0,0.0,0.0,correct,wrong,3.0
24,0.38995713383156405,-0.21154651209810238,-1.0546306994236363,GMM estimator,0.2,0.2,0.5,0.5,3411,0.0,0.0,0.0,correct,wrong,3.0
25,-0.06410271202008154,0.46154681130799474,-1.0733390343279232,GMM estimator,0.2,0.2,0.5,0.5,3411,0.0,0.0,0.0,correct,wrong,3.0
26,-0.11256067728595072,-0.08942701324576152,-1.0633599088824033,GMM estimator,0.2,0.2,0.5,0.5,3411,0.0,0.0,0.0,correct,wrong,3.0
27,0.0396434758719176,-0.06418245743107803,-1.0484859343036266,GMM estimator,0.2,0.2,0.5,0.5,3411,0.0,0.0,0.0,correct,wrong,3.0
28,-0.13591811831004913,0.08521642120131287,-1.0632434842313072,GMM estimator,0.2,0.2,0.5,0.5,3411,0.0,0.0,0.0,correct,wrong,3.0
29,0.07851694340419196,-0.32134700032311436,-1.0407682769993603,GMM estimator,0.2,0.2,0.5,0.5,3411,0.0,0.0,0.0,correct,wrong,3.0
30,-0.20196446927378978,0.11633244965248996,-1.0369217106999389,GMM estimator,0.2,0.2,0.5,0.5,3411,0.0,0.0,0.0,correct,wrong,3.0
31,0.08929898795679816,0.4359526151257375,-1.0107611079537693,GMM estimator,0.2,0.2,0.5,0.5,3411,0.0,0.0,0.0,correct,wrong,3.0
32,-0.04796399015195105,-0.4881426604964017,-1.0524277487890488,GMM estimator,0.2,0.2,0.5,0.5,3411,0.0,0.0,0.0,correct,wrong,3.0
33,0.05037446106757294,0.29055033272062686,-1.050627670599901,GMM estimator,0.2,0.2,0.5,0.5,3411,0.0,0.0,0.0,correct,wrong,3.0
34,0.12512727754425576,-0.6001438907947703,-1.0608519770108833,GMM estimator,0.2,0.2,0.5,0.5,3411,0.0,0.0,0.0,correct,wrong,3.0
35,0.014823988906140863,0.32061456200831223,-1.0516181618415854,GMM estimator,0.2,0.2,0.5,0.5,3411,0.0,0.0,0.0,correct,wrong,3.0
36,0.12198737425087465,0.027981273663331047,-1.0787088175934638,GMM estimator,0.2,0.2,0.5,0.5,3411,0.0,0.0,0.0,correct,wrong,3.0
37,-0.18167554292627264,-0.07416157421388914,-1.071303244848258,GMM estimator,0.2,0.2,0.5,0.5,3411,0.0,0.0,0.0,correct,wrong,3.0
38,-0.16300875802782763,-0.344799382408281,-1.06057891884892,GMM estimator,0.2,0.2,0.5,0.5,3411,0.0,0.0,0.0,correct,wrong,3.0
39,-0.3451908589447773,-0.4730291421998334,-1.0663395747811169,GMM estimator,0.2,0.2,0.5,0.5,3411,0.0,0.0,0.0,correct,wrong,3.0
40,0.10505750989788942,0.5084157678055138,-1.0525122275857755,GMM estimator,0.2,0.2,0.5,0.5,3411,0.0,0.0,0.0,correct,wrong,3.0
41,-0.1450636303485662,-0.47501107748191623,-1.0226678222997294,GMM estimator,0.2,0.2,0.5,0.5,3411,0.0,0.0,0.0,correct,wrong,3.0
42,0.3268027761756882,-0.03666486587692509,-1.0472789031364997,GMM estimator,0.2,0.2,0.5,0.5,3411,0.0,0.0,0.0,correct,wrong,3.0
43,-0.21808233888205142,-0.23140264106529013,-1.03869970836736,GMM estimator,0.2,0.2,0.5,0.5,3411,0.0,0.0,0.0,correct,wrong,3.0
44,0.4041446878392059,-0.39321352455154096,-1.039033702926144,GMM estimator,0.2,0.2,0.5,0.5,3411,0.0,0.0,0.0,correct,wrong,3.0
45,0.04355371035417874,-0.04996316642342569,-1.050813029005896,GMM estimator,0.2,0.2,0.5,0.5,3411,0.0,0.0,0.0,correct,wrong,3.0
46,0.029659057785934865,-0.15458210946508058,-1.0209194252230451,GMM estimator,0.2,0.2,0.5,0.5,3411,0.0,0.0,0.0,correct,wrong,3.0
47,0.08886022579738331,0.30637283055118725,-0.9951308629993555,GMM estimator,0.2,0.2,0.5,0.5,3411,0.0,0.0,0.0,correct,wrong,3.0
48,0.12120977619548688,0.27463107013950555,-1.0486308288154447,GMM estimator,0.2,0.2,0.5,0.5,3411,0.0,0.0,0.0,correct,wrong,3.0
49,-0.23014375565347436,-0.01279433806877614,-1.0012312084775004,GMM estimator,0.2,0.2,0.5,0.5,3411,0.0,0.0,0.0,correct,wrong,3.0
50,-0.3175684079276481,-0.0931019066505488,-1.048236152674601,GMM estimator,0.2,0.2,0.5,0.5,3411,0.0,0.0,0.0,correct,wrong,3.0
51,0.007170060814858658,0.20187874780687615,-1.0524936775583893,GMM estimator,0.2,0.2,0.5,0.5,3411,0.0,0.0,0.0,correct,wrong,3.0
52,0.019434080592177088,0.15219594249161472,-1.0649855929241798,GMM estimator,0.2,0.2,0.5,0.5,3411,0.0,0.0,0.0,correct,wrong,3.0
53,0.167160909305295,0.21821237779551536,-1.0281955706230383,GMM estimator,0.2,0.2,0.5,0.5,3411,0.0,0.0,0.0,correct,wrong,3.0
54,0.01567504284048756,0.3394090505423176,-1.0407499164585896,GMM estimator,0.2,0.2,0.5,0.5,3411,0.0,0.0,0.0,correct,wrong,3.0
55,-0.24880720352720617,0.2667419942221148,-1.043426772480088,GMM estimator,0.2,0.2,0.5,0.5,3411,0.0,0.0,0.0,correct,wrong,3.0
56,-0.24518065141112066,0.2539059075034596,-1.0716826492682876,GMM estimator,0.2,0.2,0.5,0.5,3411,0.0,0.0,0.0,correct,wrong,3.0
57,-0.3025681696150461,-0.6072100307295517,-1.0610766120271629,GMM estimator,0.2,0.2,0.5,0.5,3411,0.0,0.0,0.0,correct,wrong,3.0
58,-0.35277109362811215,-0.5683341837293369,-1.077175770662417,GMM estimator,0.2,0.2,0.5,0.5,3411,0.0,0.0,0.0,correct,wrong,3.0
59,0.4792394485728109,0.2785410761398994,-1.0260451276141094,GMM estimator,0.2,0.2,0.5,0.5,3411,0.0,0.0,0.0,correct,wrong,3.0
60,-0.09457039979050648,0.21842317256823954,-1.0445614400618621,GMM estimator,0.2,0.2,0.5,0.5,3411,0.0,0.0,0.0,correct,wrong,3.0
61,0.05556346542405056,-0.02801683764393761,-1.0480541700488244,GMM estimator,0.2,0.2,0.5,0.5,3411,0.0,0.0,0.0,correct,wrong,3.0
62,-0.04295032634915529,0.006917317536703149,-1.0178875364031859,GMM estimator,0.2,0.2,0.5,0.5,3411,0.0,0.0,0.0,correct,wrong,3.0
63,-0.2360043856291686,0.04394807000950692,-1.0498231017692206,GMM estimator,0.2,0.2,0.5,0.5,3411,0.0,0.0,0.0,correct,wrong,3.0
64,-0.04356386761865687,0.33454454136512934,-1.0448072299021063,GMM estimator,0.2,0.2,0.5,0.5,3411,0.0,0.0,0.0,correct,wrong,3.0
65,-0.3504896165695119,-0.21243021056635214,-1.0111635553524212,GMM estimator,0.2,0.2,0.5,0.5,3411,0.0,0.0,0.0,correct,wrong,3.0
66,0.05245574042508304,0.5078403516387453,-1.032482359527109,GMM estimator,0.2,0.2,0.5,0.5,3411,0.0,0.0,0.0,correct,wrong,3.0
67,0.30210042652798297,-0.36207638524520364,-1.0579765443698015,GMM estimator,0.2,0.2,0.5,0.5,3411,0.0,0.0,0.0,correct,wrong,3.0
68,0.014324793137499655,0.27766816672287564,-1.0659286318535661,GMM estimator,0.2,0.2,0.5,0.5,3411,0.0,0.0,0.0,correct,wrong,3.0
69,-0.2379376884923791,-0.25250155528145474,-1.0426587416820972,GMM estimator,0.2,0.2,0.5,0.5,3411,0.0,0.0,0.0,correct,wrong,3.0
70,-0.06147261387296345,-0.16181058856864494,-1.039234174301181,GMM estimator,0.2,0.2,0.5,0.5,3411,0.0,0.0,0.0,correct,wrong,3.0
71,-0.20813106316229116,-0.12079550638003894,-1.0289755369827192,GMM estimator,0.2,0.2,0.5,0.5,3411,0.0,0.0,0.0,correct,wrong,3.0
72,-0.23851571079040448,-0.5035012154153896,-1.1002743324381274,GMM estimator,0.2,0.2,0.5,0.5,3411,0.0,0.0,0.0,correct,wrong,3.0
73,-0.07877588096645968,0.11578910017532044,-1.068405683852552,GMM estimator,0.2,0.2,0.5,0.5,3411,0.0,0.0,0.0,correct,wrong,3.0
74,-0.5143205277278284,-0.3658620315981272,-1.0374819341834465,GMM estimator,0.2,0.2,0.5,0.5,3411,0.0,0.0,0.0,correct,wrong,3.0
75,-0.06568918398105884,-0.06532123065654878,-1.0308822670642874,GMM estimator,0.2,0.2,0.5,0.5,3411,0.0,0.0,0.0,correct,wrong,3.0
76,0.06448091889875938,-0.20376853087186714,-1.0393998343176238,GMM estimator,0.2,0.2,0.5,0.5,3411,0.0,0.0,0.0,correct,wrong,3.0
77,-0.2751842501464379,-0.029365188914797457,-1.0807678433595818,GMM estimator,0.2,0.2,0.5,0.5,3411,0.0,0.0,0.0,correct,wrong,3.0
78,-0.5451394380054453,-0.3966848516495081,-1.0884852186882126,GMM estimator,0.2,0.2,0.5,0.5,3411,0.0,0.0,0.0,correct,wrong,3.0
79,-0.040929329387415905,-0.3043287418385299,-1.0006297139061764,GMM estimator,0.2,0.2,0.5,0.5,3411,0.0,0.0,0.0,correct,wrong,3.0
80,0.08610742727020755,-0.23587660648950448,-1.083134899134656,GMM estimator,0.2,0.2,0.5,0.5,3411,0.0,0.0,0.0,correct,wrong,3.0
81,-0.23130002524063364,-0.22094335053455258,-1.074457455226472,GMM estimator,0.2,0.2,0.5,0.5,3411,0.0,0.0,0.0,correct,wrong,3.0
82,0.15901333449640387,0.472485118241383,-1.036164534313782,GMM estimator,0.2,0.2,0.5,0.5,3411,0.0,0.0,0.0,correct,wrong,3.0
83,-0.10054155699649074,-0.003886916177641161,-1.0486955359609442,GMM estimator,0.2,0.2,0.5,0.5,3411,0.0,0.0,0.0,correct,wrong,3.0
84,-0.21587847417671954,-0.20659707616420814,-1.0446374802174159,GMM estimator,0.2,0.2,0.5,0.5,3411,0.0,0.0,0.0,correct,wrong,3.0
85,-0.30827636298756,-0.2524178165411159,-1.0688992338572418,GMM estimator,0.2,0.2,0.5,0.5,3411,0.0,0.0,0.0,correct,wrong,3.0
86,-0.22790788181124905,-0.05787846514401605,-1.0722921267788013,GMM estimator,0.2,0.2,0.5,0.5,3411,0.0,0.0,0.0,correct,wrong,3.0
87,-0.09203290611309124,-0.6893358786543983,-1.038525421798043,GMM estimator,0.2,0.2,0.5,0.5,3411,0.0,0.0,0.0,correct,wrong,3.0
88,0.2476164744963387,0.18790712938446597,-1.0377222739940104,GMM estimator,0.2,0.2,0.5,0.5,3411,0.0,0.0,0.0,correct,wrong,3.0
89,-0.028252553486223023,-0.3188083548551755,-1.0280580545133107,GMM estimator,0.2,0.2,0.5,0.5,3411,0.0,0.0,0.0,correct,wrong,3.0
90,0.03490231487375547,-0.40430444804189647,-1.0345844865293385,GMM estimator,0.2,0.2,0.5,0.5,3411,0.0,0.0,0.0,correct,wrong,3.0
91,-0.0036070495823096425,0.14052478219467526,-1.0512408808554052,GMM estimator,0.2,0.2,0.5,0.5,3411,0.0,0.0,0.0,correct,wrong,3.0
92,-0.579046548673751,0.0677371961547159,-1.075102475390195,GMM estimator,0.2,0.2,0.5,0.5,3411,0.0,0.0,0.0,correct,wrong,3.0
93,-0.051447305992651626,0.2723665963172581,-1.0804093953719824,GMM estimator,0.2,0.2,0.5,0.5,3411,0.0,0.0,0.0,correct,wrong,3.0
94,-0.43599380796312986,-0.3110308243993513,-1.0407343761267545,GMM estimator,0.2,0.2,0.5,0.5,3411,0.0,0.0,0.0,correct,wrong,3.0
95,-0.15143379862294823,0.04102218707989281,-1.0280247972955512,GMM estimator,0.2,0.2,0.5,0.5,3411,0.0,0.0,0.0,correct,wrong,3.0
96,-0.0925715935606134,-0.42386565621611594,-1.0663701797658582,GMM estimator,0.2,0.2,0.5,0.5,3411,0.0,0.0,0.0,correct,wrong,3.0
97,-0.3314769316401372,-0.20349605144232247,-1.042941055929743,GMM estimator,0.2,0.2,0.5,0.5,3411,0.0,0.0,0.0,correct,wrong,3.0
98,0.10706324632653495,0.5157248859746002,-1.0503996297559062,GMM estimator,0.2,0.2,0.5,0.5,3411,0.0,0.0,0.0,correct,wrong,3.0
99,-0.32383281825041116,-0.17311866862825992,-1.0072300829024385,GMM estimator,0.2,0.2,0.5,0.5,3411,0.0,0.0,0.0,correct,wrong,3.0
100,-0.0684623808834424,0.07425482893202283,-1.0543838959695764,GMM estimator,0.2,0.2,0.5,0.5,3411,0.0,0.0,0.0,correct,wrong,3.0
101,-0.004887726360929582,-0.3047983405781599,-1.0578551477798586,GMM estimator,0.2,0.2,0.5,0.5,3411,0.0,0.0,0.0,correct,wrong,3.0
102,0.17051665650169115,-0.21303015782291035,-1.0656345182466027,GMM estimator,0.2,0.2,0.5,0.5,3411,0.0,0.0,0.0,correct,wrong,3.0
103,-0.02550612746375217,-0.2178887036063407,-1.0346255406327927,GMM estimator,0.2,0.2,0.5,0.5,3411,0.0,0.0,0.0,correct,wrong,3.0
104,-0.5756964112985009,0.260232314624666,-1.0438382719196015,GMM estimator,0.2,0.2,0.5,0.5,3411,0.0,0.0,0.0,correct,wrong,3.0
105,-0.22308221145773216,-0.2786796662384032,-1.0973402064344486,GMM estimator,0.2,0.2,0.5,0.5,3411,0.0,0.0,0.0,correct,wrong,3.0
106,-0.3096098004729778,-0.5492814809299845,-1.0830358858231193,GMM estimator,0.2,0.2,0.5,0.5,3411,0.0,0.0,0.0,correct,wrong,3.0
107,-0.5475792789855332,-0.4283403193709276,-1.0108267363343928,GMM estimator,0.2,0.2,0.5,0.5,3411,0.0,0.0,0.0,correct,wrong,3.0
108,-0.15150059179145628,0.03961013587705149,-1.0076724113454987,GMM estimator,0.2,0.2,0.5,0.5,3411,0.0,0.0,0.0,correct,wrong,3.0
109,0.0006699482772949898,0.12194311972159305,-1.0307057770807828,GMM estimator,0.2,0.2,0.5,0.5,3411,0.0,0.0,0.0,correct,wrong,3.0
110,0.3457596770525579,-0.4467414838401044,-1.030503894445539,GMM estimator,0.2,0.2,0.5,0.5,3411,0.0,0.0,0.0,correct,wrong,3.0
111,0.1383019238509108,0.13212298783952814,-1.0498828515889256,GMM estimator,0.2,0.2,0.5,0.5,3411,0.0,0.0,0.0,correct,wrong,3.0
112,-0.10119245840541179,-0.08611119816426592,-1.061664622249822,GMM estimator,0.2,0.2,0.5,0.5,3411,0.0,0.0,0.0,correct,wrong,3.0
113,-0.3961482437080635,0.05166705008287158,-1.04207737481739,GMM estimator,0.2,0.2,0.5,0.5,3411,0.0,0.0,0.0,correct,wrong,3.0
114,0.31057408834200756,-0.060751805532162584,-1.0685953289645385,GMM estimator,0.2,0.2,0.5,0.5,3411,0.0,0.0,0.0,correct,wrong,3.0
115,0.17254736127636677,-0.15717276180405984,-1.0523253742440544,GMM estimator,0.2,0.2,0.5,0.5,3411,0.0,0.0,0.0,correct,wrong,3.0
116,-0.04322701558259982,0.09637199445072953,-1.0667621941438992,GMM estimator,0.2,0.2,0.5,0.5,3411,0.0,0.0,0.0,correct,wrong,3.0
117,-0.5686490478080064,-0.8861493426057863,-1.0544794163610853,GMM estimator,0.2,0.2,0.5,0.5,3411,0.0,0.0,0.0,correct,wrong,3.0
118,-0.19339648276184482,-0.40602705823934165,-1.0649111628825547,GMM estimator,0.2,0.2,0.5,0.5,3411,0.0,0.0,0.0,correct,wrong,3.0
119,-0.04127151032840049,-0.08284179408212256,-1.0518710724846518,GMM estimator,0.2,0.2,0.5,0.5,3411,0.0,0.0,0.0,correct,wrong,3.0
120,-0.2932230886031343,-0.028093533673548013,-1.0322136738654717,GMM estimator,0.2,0.2,0.5,0.5,3411,0.0,0.0,0.0,correct,wrong,3.0
121,-0.03880374862597689,0.2746859396280509,-1.0150239454188383,GMM estimator,0.2,0.2,0.5,0.5,3411,0.0,0.0,0.0,correct,wrong,3.0
122,0.5094541389489965,-0.09080382921378582,-1.0385208525151246,GMM estimator,0.2,0.2,0.5,0.5,3411,0.0,0.0,0.0,correct,wrong,3.0
123,0.28189784857653005,0.4207719177418364,-1.0259762752366546,GMM estimator,0.2,0.2,0.5,0.5,3411,0.0,0.0,0.0,correct,wrong,3.0
124,-0.02172447516621077,-0.19083319040804977,-1.074316832284841,GMM estimator,0.2,0.2,0.5,0.5,3411,0.0,0.0,0.0,correct,wrong,3.0
125,-0.16381565198188772,0.2548973560613585,-1.0224378535458223,GMM estimator,0.2,0.2,0.5,0.5,3411,0.0,0.0,0.0,correct,wrong,3.0
126,-0.16724219191992654,-0.17786629177296331,-1.0404617606624476,GMM estimator,0.2,0.2,0.5,0.5,3411,0.0,0.0,0.0,correct,wrong,3.0
127,0.00558793871275066,0.09928149676150452,-1.0271310173912267,GMM estimator,0.2,0.2,0.5,0.5,3411,0.0,0.0,0.0,correct,wrong,3.0
128,0.25929821844239087,-0.2460692172802603,-1.0153502389704219,GMM estimator,0.2,0.2,0.5,0.5,3411,0.0,0.0,0.0,correct,wrong,3.0
129,-0.09309062899975665,-0.03627519812768994,-1.0168998190242275,GMM estimator,0.2,0.2,0.5,0.5,3411,0.0,0.0,0.0,correct,wrong,3.0
130,-0.15937558896020204,-0.5692179025480171,-1.0748201352446165,GMM estimator,0.2,0.2,0.5,0.5,3411,0.0,0.0,0.0,correct,wrong,3.0
131,-0.06703192589701057,-0.00772100796035682,-1.0462282746628233,GMM estimator,0.2,0.2,0.5,0.5,3411,0.0,0.0,0.0,correct,wrong,3.0
132,-0.45401589219825444,-0.2860797708488877,-1.0380748004281994,GMM estimator,0.2,0.2,0.5,0.5,3411,0.0,0.0,0.0,correct,wrong,3.0
133,-0.10504091343416996,-0.3177009015227291,-1.042875636134565,GMM estimator,0.2,0.2,0.5,0.5,3411,0.0,0.0,0.0,correct,wrong,3.0
134,-0.00558092154446554,-0.25147746457990333,-1.0351888444779938,GMM estimator,0.2,0.2,0.5,0.5,3411,0.0,0.0,0.0,correct,wrong,3.0
135,0.17745532148659354,-0.18613867079217938,-1.062267860038245,GMM estimator,0.2,0.2,0.5,0.5,3411,0.0,0.0,0.0,correct,wrong,3.0
136,-0.20829922985020558,-0.13032514758690086,-1.0535400348543469,GMM estimator,0.2,0.2,0.5,0.5,3411,0.0,0.0,0.0,correct,wrong,3.0
137,-0.06891428472721134,0.18772523485524759,-1.0531914397947215,GMM estimator,0.2,0.2,0.5,0.5,3411,0.0,0.0,0.0,correct,wrong,3.0
138,0.3514154802547582,-0.06433887484982315,-1.0430912885276296,GMM estimator,0.2,0.2,0.5,0.5,3411,0.0,0.0,0.0,correct,wrong,3.0
139,-0.20791650313928214,-0.18445301360205987,-1.0663692031607195,GMM estimator,0.2,0.2,0.5,0.5,3411,0.0,0.0,0.0,correct,wrong,3.0
140,0.3128719034548569,0.11117180308662486,-1.0270288364202695,GMM estimator,0.2,0.2,0.5,0.5,3411,0.0,0.0,0.0,correct,wrong,3.0
141,0.00036167019809752723,-0.22051625317722337,-1.03927718856096,GMM estimator,0.2,0.2,0.5,0.5,3411,0.0,0.0,0.0,correct,wrong,3.0
142,0.11208014292684136,-0.2661782732278689,-1.0275720223308975,GMM estimator,0.2,0.2,0.5,0.5,3411,0.0,0.0,0.0,correct,wrong,3.0
143,0.1930208381115528,0.325850929622723,-1.040500846716578,GMM estimator,0.2,0.2,0.5,0.5,3411,0.0,0.0,0.0,correct,wrong,3.0
144,0.26266171825555507,0.37359501794165095,-1.0386065073565256,GMM estimator,0.2,0.2,0.5,0.5,3411,0.0,0.0,0.0,correct,wrong,3.0
145,0.18836041753572774,0.02867439161084039,-0.996382619838869,GMM estimator,0.2,0.2,0.5,0.5,3411,0.0,0.0,0.0,correct,wrong,3.0
146,-0.19487592153831643,-0.31267343747973003,-1.0622936987879896,GMM estimator,0.2,0.2,0.5,0.5,3411,0.0,0.0,0.0,correct,wrong,3.0
147,-0.015475352425671106,-0.006695578552222284,-1.0510088914193447,GMM estimator,0.2,0.2,0.5,0.5,3411,0.0,0.0,0.0,correct,wrong,3.0
148,0.15978070397104455,-0.03553456672200959,-1.0526355156368554,GMM estimator,0.2,0.2,0.5,0.5,3411,0.0,0.0,0.0,correct,wrong,3.0
149,-0.1510662120253978,-0.2214106213047221,-1.03525506612919,GMM estimator,0.2,0.2,0.5,0.5,3411,0.0,0.0,0.0,correct,wrong,3.0
150,0.13414752400225124,-0.18593208465853248,-1.0563355781864618,GMM estimator,0.2,0.2,0.5,0.5,3411,0.0,0.0,0.0,correct,wrong,3.0
151,-0.002626923310856296,-0.24577638937301619,-1.067425813596252,GMM estimator,0.2,0.2,0.5,0.5,3411,0.0,0.0,0.0,correct,wrong,3.0
152,0.10902471429076036,-0.25450063205850026,-1.0333922985982908,GMM estimator,0.2,0.2,0.5,0.5,3411,0.0,0.0,0.0,correct,wrong,3.0
153,0.16967786998007325,-0.013006934428329427,-1.0208907612143256,GMM estimator,0.2,0.2,0.5,0.5,3411,0.0,0.0,0.0,correct,wrong,3.0
154,-0.003776162609617699,0.687362613198905,-1.0355742957182479,GMM estimator,0.2,0.2,0.5,0.5,3411,0.0,0.0,0.0,correct,wrong,3.0
155,0.04316544327457456,0.24613319175952972,-1.0748811761770318,GMM estimator,0.2,0.2,0.5,0.5,3411,0.0,0.0,0.0,correct,wrong,3.0
156,0.37482411528192655,-0.1817125753901037,-1.017470293441085,GMM estimator,0.2,0.2,0.5,0.5,3411,0.0,0.0,0.0,correct,wrong,3.0
157,-0.08695186232509483,0.09421963613020126,-1.0880256040129106,GMM estimator,0.2,0.2,0.5,0.5,3411,0.0,0.0,0.0,correct,wrong,3.0
158,0.19680970536931444,0.18433311126030152,-1.0398895559643702,GMM estimator,0.2,0.2,0.5,0.5,3411,0.0,0.0,0.0,correct,wrong,3.0
159,-0.012957498740758902,0.9296657168691249,-1.030629798127197,GMM estimator,0.2,0.2,0.5,0.5,3411,0.0,0.0,0.0,correct,wrong,3.0
160,0.15060385720594896,-0.15203675092032443,-1.018511279756858,GMM estimator,0.2,0.2,0.5,0.5,3411,0.0,0.0,0.0,correct,wrong,3.0
161,-0.012427841105586115,0.19206664569791748,-1.0662715890764596,GMM estimator,0.2,0.2,0.5,0.5,3411,0.0,0.0,0.0,correct,wrong,3.0
162,0.23839754057311616,0.6602871144509054,-1.0780281091494717,GMM estimator,0.2,0.2,0.5,0.5,3411,0.0,0.0,0.0,correct,wrong,3.0
163,0.028151781512254347,0.2881896672118829,-1.0465753639490232,GMM estimator,0.2,0.2,0.5,0.5,3411,0.0,0.0,0.0,correct,wrong,3.0
164,-0.5078176946771134,0.234227620868794,-1.0842078266988266,GMM estimator,0.2,0.2,0.5,0.5,3411,0.0,0.0,0.0,correct,wrong,3.0
165,-0.11119968732319256,0.26089882830270306,-1.0564382663538419,GMM estimator,0.2,0.2,0.5,0.5,3411,0.0,0.0,0.0,correct,wrong,3.0
166,0.08939849071688241,-0.481278261879511,-1.0272755849004311,GMM estimator,0.2,0.2,0.5,0.5,3411,0.0,0.0,0.0,correct,wrong,3.0
167,-0.2240686696410892,0.34308939941184374,-1.0621799429328254,GMM estimator,0.2,0.2,0.5,0.5,3411,0.0,0.0,0.0,correct,wrong,3.0
168,-0.017479700203817776,-0.48230475280781354,-1.084771424144668,GMM estimator,0.2,0.2,0.5,0.5,3411,0.0,0.0,0.0,correct,wrong,3.0
169,-0.17848366369363175,0.5942851585208497,-1.0729642039508305,GMM estimator,0.2,0.2,0.5,0.5,3411,0.0,0.0,0.0,correct,wrong,3.0
170,0.08890726364844947,-0.1294668970352985,-1.0483914486813393,GMM estimator,0.2,0.2,0.5,0.5,3411,0.0,0.0,0.0,correct,wrong,3.0
171,-0.3325729648411539,-0.029934635316213144,-1.0841930204428505,GMM estimator,0.2,0.2,0.5,0.5,3411,0.0,0.0,0.0,correct,wrong,3.0
172,-0.16813115811705218,0.15668165999455366,-1.0662464855395042,GMM estimator,0.2,0.2,0.5,0.5,3411,0.0,0.0,0.0,correct,wrong,3.0
173,-0.05879434237507996,-0.26148324941407486,-1.0443062383792323,GMM estimator,0.2,0.2,0.5,0.5,3411,0.0,0.0,0.0,correct,wrong,3.0
174,0.13064879416589315,0.27065974957949274,-1.033697058299584,GMM estimator,0.2,0.2,0.5,0.5,3411,0.0,0.0,0.0,correct,wrong,3.0
175,0.25529416862896404,-0.10793516787334656,-1.0525815877697584,GMM estimator,0.2,0.2,0.5,0.5,3411,0.0,0.0,0.0,correct,wrong,3.0
176,-0.2907577468720351,-0.04142953283306495,-1.0588656810654768,GMM estimator,0.2,0.2,0.5,0.5,3411,0.0,0.0,0.0,correct,wrong,3.0
177,0.12324518776558081,-0.18958503669746,-1.069949787469531,GMM estimator,0.2,0.2,0.5,0.5,3411,0.0,0.0,0.0,correct,wrong,3.0
178,0.03202218559770842,-0.03873996087350983,-1.0122805441268075,GMM estimator,0.2,0.2,0.5,0.5,3411,0.0,0.0,0.0,correct,wrong,3.0
179,-0.16105563812006699,-0.0029880782004196717,-1.0339159373698927,GMM estimator,0.2,0.2,0.5,0.5,3411,0.0,0.0,0.0,correct,wrong,3.0
180,0.23716114541550803,0.16315355993085212,-1.068493965777492,GMM estimator,0.2,0.2,0.5,0.5,3411,0.0,0.0,0.0,correct,wrong,3.0
181,0.10607572256212032,0.12135916907291747,-1.022897629637074,GMM estimator,0.2,0.2,0.5,0.5,3411,0.0,0.0,0.0,correct,wrong,3.0
182,0.17849094435425444,-0.03578161364228321,-1.042083315490692,GMM estimator,0.2,0.2,0.5,0.5,3411,0.0,0.0,0.0,correct,wrong,3.0
183,0.3095201152187503,0.29309994349085794,-1.0303325450163445,GMM estimator,0.2,0.2,0.5,0.5,3411,0.0,0.0,0.0,correct,wrong,3.0
184,0.02102625033560544,0.32397028588792914,-1.060880935477381,GMM estimator,0.2,0.2,0.5,0.5,3411,0.0,0.0,0.0,correct,wrong,3.0
185,0.014296804677824885,-0.03388115891643265,-1.0666423422803772,GMM estimator,0.2,0.2,0.5,0.5,3411,0.0,0.0,0.0,correct,wrong,3.0
186,0.1449255314303937,0.24717794056283782,-1.03413963813716,GMM estimator,0.2,0.2,0.5,0.5,3411,0.0,0.0,0.0,correct,wrong,3.0
187,0.09273648896160222,0.21771598892276367,-1.0508434555353017,GMM estimator,0.2,0.2,0.5,0.5,3411,0.0,0.0,0.0,correct,wrong,3.0
188,-0.024528030847075225,-0.004577738746034688,-1.076018288250163,GMM estimator,0.2,0.2,0.5,0.5,3411,0.0,0.0,0.0,correct,wrong,3.0
189,0.2874092974548267,-0.006061702619112001,-1.0214880434927804,GMM estimator,0.2,0.2,0.5,0.5,3411,0.0,0.0,0.0,correct,wrong,3.0
190,0.08503756867973014,0.44830646161650206,-1.0280056715122248,GMM estimator,0.2,0.2,0.5,0.5,3411,0.0,0.0,0.0,correct,wrong,3.0
191,-0.2639982180994687,-0.14066539597051333,-1.042883957864599,GMM estimator,0.2,0.2,0.5,0.5,3411,0.0,0.0,0.0,correct,wrong,3.0
192,-0.06912533339838388,0.32581794304218836,-1.0318470469694563,GMM estimator,0.2,0.2,0.5,0.5,3411,0.0,0.0,0.0,correct,wrong,3.0
193,-0.3359223192643875,0.38165564293452325,-1.0447872420567816,GMM estimator,0.2,0.2,0.5,0.5,3411,0.0,0.0,0.0,correct,wrong,3.0
194,0.4096863958568864,0.07954603085223745,-1.0261108376323311,GMM estimator,0.2,0.2,0.5,0.5,3411,0.0,0.0,0.0,correct,wrong,3.0
195,-0.5212438955919154,-0.379871174803474,-1.047056735633965,GMM estimator,0.2,0.2,0.5,0.5,3411,0.0,0.0,0.0,correct,wrong,3.0
196,-0.18558678244398538,-0.3667577116628175,-1.0486533124759618,GMM estimator,0.2,0.2,0.5,0.5,3411,0.0,0.0,0.0,correct,wrong,3.0
197,-0.07328000785476098,-0.1209015753036072,-1.0204712769501358,GMM estimator,0.2,0.2,0.5,0.5,3411,0.0,0.0,0.0,correct,wrong,3.0
198,0.11769137151867001,-0.13285451162590065,-1.074247685139573,GMM estimator,0.2,0.2,0.5,0.5,3411,0.0,0.0,0.0,correct,wrong,3.0
199,0.3260421647798415,0.20374558895438968,-1.0279935965214153,GMM estimator,0.2,0.2,0.5,0.5,3411,0.0,0.0,0.0,correct,wrong,3.0
200,-0.05833879655499121,0.4019747896617111,-1.034798294655151,GMM estimator,0.2,0.2,0.5,0.5,3411,0.0,0.0,0.0,correct,wrong,3.0
201,0.09044622071654188,-0.19171183365751873,-1.0328386016829783,GMM estimator,0.2,0.2,0.5,0.5,3411,0.0,0.0,0.0,correct,wrong,3.0
202,-0.04963350630421989,0.037331003180453334,-1.051413554332649,GMM estimator,0.2,0.2,0.5,0.5,3411,0.0,0.0,0.0,correct,wrong,3.0
203,0.27197777222517944,-0.11104253000491673,-1.0422298449176266,GMM estimator,0.2,0.2,0.5,0.5,3411,0.0,0.0,0.0,correct,wrong,3.0
204,0.18203090600023916,-0.10062144436691507,-1.0237443584864243,GMM estimator,0.2,0.2,0.5,0.5,3411,0.0,0.0,0.0,correct,wrong,3.0
205,0.06154290291746317,0.3374641203376813,-1.0261090220337086,GMM estimator,0.2,0.2,0.5,0.5,3411,0.0,0.0,0.0,correct,wrong,3.0
206,0.1274195687959599,0.021402753963334752,-1.042600182095761,GMM estimator,0.2,0.2,0.5,0.5,3411,0.0,0.0,0.0,correct,wrong,3.0
207,0.14381535571568413,0.32235548517407236,-1.0360300795046686,GMM estimator,0.2,0.2,0.5,0.5,3411,0.0,0.0,0.0,correct,wrong,3.0
208,-0.32813878041000694,-0.10082338957872425,-1.033631668566721,GMM estimator,0.2,0.2,0.5,0.5,3411,0.0,0.0,0.0,correct,wrong,3.0
209,-0.06282193708021423,0.2612439017904528,-1.0400611486916638,GMM estimator,0.2,0.2,0.5,0.5,3411,0.0,0.0,0.0,correct,wrong,3.0
210,0.07261335341006746,0.009857114183982418,-1.0016159844655674,GMM estimator,0.2,0.2,0.5,0.5,3411,0.0,0.0,0.0,correct,wrong,3.0
211,0.3085809132172434,0.42074685872912665,-1.0277639045434712,GMM estimator,0.2,0.2,0.5,0.5,3411,0.0,0.0,0.0,correct,wrong,3.0
212,0.22348311469861676,-0.0003614422289263867,-1.0474723969507462,GMM estimator,0.2,0.2,0.5,0.5,3411,0.0,0.0,0.0,correct,wrong,3.0
213,0.08226390001361235,-0.387299287555255,-1.0540921682606224,GMM estimator,0.2,0.2,0.5,0.5,3411,0.0,0.0,0.0,correct,wrong,3.0
214,-0.2777299503199362,-0.13926224561485365,-1.0273720339081678,GMM estimator,0.2,0.2,0.5,0.5,3411,0.0,0.0,0.0,correct,wrong,3.0
215,-0.09610696999959689,-0.27381328134582616,-1.0376894344688963,GMM estimator,0.2,0.2,0.5,0.5,3411,0.0,0.0,0.0,correct,wrong,3.0
216,0.30013768849880446,0.024552588265778105,-1.0207657997140935,GMM estimator,0.2,0.2,0.5,0.5,3411,0.0,0.0,0.0,correct,wrong,3.0
217,0.36261551570368683,0.4029703112430095,-1.0421886951093533,GMM estimator,0.2,0.2,0.5,0.5,3411,0.0,0.0,0.0,correct,wrong,3.0
218,-0.11974976926619237,-0.3491987745989585,-1.0384069222155077,GMM estimator,0.2,0.2,0.5,0.5,3411,0.0,0.0,0.0,correct,wrong,3.0
219,-0.1341453176948994,-0.3242816080047678,-1.0287062562742604,GMM estimator,0.2,0.2,0.5,0.5,3411,0.0,0.0,0.0,correct,wrong,3.0
220,0.18099639315829505,-0.04240847973885033,-1.046147790409435,GMM estimator,0.2,0.2,0.5,0.5,3411,0.0,0.0,0.0,correct,wrong,3.0
221,0.1027482047288963,-0.08807958159607342,-1.0644353528359582,GMM estimator,0.2,0.2,0.5,0.5,3411,0.0,0.0,0.0,correct,wrong,3.0
222,0.005013658411799351,0.1872950862534654,-1.0467063673353683,GMM estimator,0.2,0.2,0.5,0.5,3411,0.0,0.0,0.0,correct,wrong,3.0
223,0.06495396428029057,0.23989653126949645,-0.9801904404294789,GMM estimator,0.2,0.2,0.5,0.5,3411,0.0,0.0,0.0,correct,wrong,3.0
224,-0.26016561912307995,-0.6158737578344406,-1.0728380511837756,GMM estimator,0.2,0.2,0.5,0.5,3411,0.0,0.0,0.0,correct,wrong,3.0
225,-0.16960682810295474,-0.19930788616820286,-1.0521375813761509,GMM estimator,0.2,0.2,0.5,0.5,3411,0.0,0.0,0.0,correct,wrong,3.0
226,0.18614832068671208,0.17329419885896868,-1.0432501742560891,GMM estimator,0.2,0.2,0.5,0.5,3411,0.0,0.0,0.0,correct,wrong,3.0
227,0.33609680658006363,-0.22952665496121746,-1.0151331100159056,GMM estimator,0.2,0.2,0.5,0.5,3411,0.0,0.0,0.0,correct,wrong,3.0
228,0.17000415417273157,-0.036734589581475886,-1.0318983672167334,GMM estimator,0.2,0.2,0.5,0.5,3411,0.0,0.0,0.0,correct,wrong,3.0
229,-0.0630420144354659,-0.3609764036519854,-1.051269774350558,GMM estimator,0.2,0.2,0.5,0.5,3411,0.0,0.0,0.0,correct,wrong,3.0
230,-0.2761091723831378,0.21045719260779538,-1.0741233202897704,GMM estimator,0.2,0.2,0.5,0.5,3411,0.0,0.0,0.0,correct,wrong,3.0
231,0.2771347542092434,0.12927466403405435,-1.0345504614809513,GMM estimator,0.2,0.2,0.5,0.5,3411,0.0,0.0,0.0,correct,wrong,3.0
232,-0.1613426239280497,-0.277655768958682,-1.0567252230075355,GMM estimator,0.2,0.2,0.5,0.5,3411,0.0,0.0,0.0,correct,wrong,3.0
233,-0.2807218769722723,-0.10413670775619366,-1.0205190985023518,GMM estimator,0.2,0.2,0.5,0.5,3411,0.0,0.0,0.0,correct,wrong,3.0
234,-0.01605028952429813,-0.11877984767508061,-1.0334452692293463,GMM estimator,0.2,0.2,0.5,0.5,3411,0.0,0.0,0.0,correct,wrong,3.0
235,-0.25037440495624563,0.03325618060680374,-1.041250392415111,GMM estimator,0.2,0.2,0.5,0.5,3411,0.0,0.0,0.0,correct,wrong,3.0
236,-0.28217983944251596,-0.031921696864355927,-1.032363009145292,GMM estimator,0.2,0.2,0.5,0.5,3411,0.0,0.0,0.0,correct,wrong,3.0
237,-0.09790011051867618,-0.01819144190935895,-1.0323629450131682,GMM estimator,0.2,0.2,0.5,0.5,3411,0.0,0.0,0.0,correct,wrong,3.0
238,0.1764881763536795,0.265822205581821,-1.0538438517022204,GMM estimator,0.2,0.2,0.5,0.5,3411,0.0,0.0,0.0,correct,wrong,3.0
239,-0.24506215654783442,-0.4318888131029345,-1.0661831684717265,GMM estimator,0.2,0.2,0.5,0.5,3411,0.0,0.0,0.0,correct,wrong,3.0
240,0.03980347959459853,0.0780692326843441,-1.0500475094467732,GMM estimator,0.2,0.2,0.5,0.5,3411,0.0,0.0,0.0,correct,wrong,3.0
241,-0.13454411236386563,0.6557989814750439,-1.034812332888104,GMM estimator,0.2,0.2,0.5,0.5,3411,0.0,0.0,0.0,correct,wrong,3.0
242,0.2677363675278226,0.49721669152275494,-1.0489153044428714,GMM estimator,0.2,0.2,0.5,0.5,3411,0.0,0.0,0.0,correct,wrong,3.0
243,-0.01950683152589042,0.18313930209467907,-1.053975518121597,GMM estimator,0.2,0.2,0.5,0.5,3411,0.0,0.0,0.0,correct,wrong,3.0
244,0.10240523482017903,0.03737499981313924,-1.0230005059116623,GMM estimator,0.2,0.2,0.5,0.5,3411,0.0,0.0,0.0,correct,wrong,3.0
245,0.08521453334878433,-0.054846953435097996,-1.049105713370566,GMM estimator,0.2,0.2,0.5,0.5,3411,0.0,0.0,0.0,correct,wrong,3.0
246,-0.5289126164026309,-0.31267379334887757,-1.0649340574844661,GMM estimator,0.2,0.2,0.5,0.5,3411,0.0,0.0,0.0,correct,wrong,3.0
247,-0.07579380111506229,-0.12435601588999086,-1.0670481869140407,GMM estimator,0.2,0.2,0.5,0.5,3411,0.0,0.0,0.0,correct,wrong,3.0
248,0.18839235974983107,-0.27697939921533987,-1.0691468159417645,GMM estimator,0.2,0.2,0.5,0.5,3411,0.0,0.0,0.0,correct,wrong,3.0
249,0.11424495800810903,0.36893558905005125,-1.0553535416473785,GMM estimator,0.2,0.2,0.5,0.5,3411,0.0,0.0,0.0,correct,wrong,3.0
250,-0.0682127562370145,0.17534178114278287,-1.0664230670923631,GMM estimator,0.2,0.2,0.5,0.5,3411,0.0,0.0,0.0,correct,wrong,3.0
251,-0.15542080900031532,0.162283043639909,-1.0587846742276115,GMM estimator,0.2,0.2,0.5,0.5,3411,0.0,0.0,0.0,correct,wrong,3.0
252,0.14011543548954644,0.4022100673450476,-1.0517706706003285,GMM estimator,0.2,0.2,0.5,0.5,3411,0.0,0.0,0.0,correct,wrong,3.0
253,-0.17856322055045465,0.3030228188987547,-1.036906584237313,GMM estimator,0.2,0.2,0.5,0.5,3411,0.0,0.0,0.0,correct,wrong,3.0
254,0.0583721414634644,-0.09673844089781188,-1.0805267621024808,GMM estimator,0.2,0.2,0.5,0.5,3411,0.0,0.0,0.0,correct,wrong,3.0
255,-0.010538170243887878,-0.3418255943624745,-1.0674673824704433,GMM estimator,0.2,0.2,0.5,0.5,3411,0.0,0.0,0.0,correct,wrong,3.0
256,-0.23774589800232054,-0.21942330125173928,-1.0871535164054456,GMM estimator,0.2,0.2,0.5,0.5,3411,0.0,0.0,0.0,correct,wrong,3.0
257,-0.060540437806332795,0.2912029988284138,-1.0288703484047332,GMM estimator,0.2,0.2,0.5,0.5,3411,0.0,0.0,0.0,correct,wrong,3.0
258,-0.4304142385943422,0.07337808741514565,-1.0409069992948548,GMM estimator,0.2,0.2,0.5,0.5,3411,0.0,0.0,0.0,correct,wrong,3.0
259,-0.09124421994885341,-0.5298200700477559,-1.055464254435729,GMM estimator,0.2,0.2,0.5,0.5,3411,0.0,0.0,0.0,correct,wrong,3.0
260,-0.14919215389703283,-0.17224487927610527,-1.0767150698054517,GMM estimator,0.2,0.2,0.5,0.5,3411,0.0,0.0,0.0,correct,wrong,3.0
261,0.06671566958078162,0.11149087968829355,-1.0439684108418466,GMM estimator,0.2,0.2,0.5,0.5,3411,0.0,0.0,0.0,correct,wrong,3.0
262,-0.1591831894993816,0.5119004514779643,-1.0294366827510586,GMM estimator,0.2,0.2,0.5,0.5,3411,0.0,0.0,0.0,correct,wrong,3.0
263,-0.17863415883781486,-0.3532764772128506,-1.0508022886641781,GMM estimator,0.2,0.2,0.5,0.5,3411,0.0,0.0,0.0,correct,wrong,3.0
264,0.1454866302049228,0.5745105605908919,-1.054183498352828,GMM estimator,0.2,0.2,0.5,0.5,3411,0.0,0.0,0.0,correct,wrong,3.0
265,-0.05680177238809056,0.2945924788812875,-1.0587047045411346,GMM estimator,0.2,0.2,0.5,0.5,3411,0.0,0.0,0.0,correct,wrong,3.0
266,-0.11657849447080273,-0.013079704302361266,-1.0629156838190223,GMM estimator,0.2,0.2,0.5,0.5,3411,0.0,0.0,0.0,correct,wrong,3.0
267,-0.17579408221159548,-0.003964366433031491,-1.06133563121704,GMM estimator,0.2,0.2,0.5,0.5,3411,0.0,0.0,0.0,correct,wrong,3.0
268,-0.21631921364638607,0.2949294747252585,-1.0441275483708523,GMM estimator,0.2,0.2,0.5,0.5,3411,0.0,0.0,0.0,correct,wrong,3.0
269,-0.23407736156668765,0.23024327197237085,-1.0310612406603243,GMM estimator,0.2,0.2,0.5,0.5,3411,0.0,0.0,0.0,correct,wrong,3.0
270,-0.07054931545633057,-0.48983475803727056,-1.0184151708637952,GMM estimator,0.2,0.2,0.5,0.5,3411,0.0,0.0,0.0,correct,wrong,3.0
271,-0.1670382415750678,-0.05208788812609001,-1.0656084337701195,GMM estimator,0.2,0.2,0.5,0.5,3411,0.0,0.0,0.0,correct,wrong,3.0
272,-0.2885310312841133,-0.09756515338625306,-1.0917879389263494,GMM estimator,0.2,0.2,0.5,0.5,3411,0.0,0.0,0.0,correct,wrong,3.0
273,0.1350008158429396,-0.04911172703636376,-1.0722734469596307,GMM estimator,0.2,0.2,0.5,0.5,3411,0.0,0.0,0.0,correct,wrong,3.0
274,-0.18565223566511144,0.46542704427387777,-1.0758303628367156,GMM estimator,0.2,0.2,0.5,0.5,3411,0.0,0.0,0.0,correct,wrong,3.0
275,-0.01623073591660065,0.437504510512168,-1.046656449064931,GMM estimator,0.2,0.2,0.5,0.5,3411,0.0,0.0,0.0,correct,wrong,3.0
276,0.014028789358732871,-0.436089367907969,-1.0547109859140973,GMM estimator,0.2,0.2,0.5,0.5,3411,0.0,0.0,0.0,correct,wrong,3.0
277,0.2953418726583709,0.04456398910422358,-1.0486808897686661,GMM estimator,0.2,0.2,0.5,0.5,3411,0.0,0.0,0.0,correct,wrong,3.0
278,0.22358506930957525,0.016443882380318034,-1.033496844232846,GMM estimator,0.2,0.2,0.5,0.5,3411,0.0,0.0,0.0,correct,wrong,3.0
279,-0.02067733165554879,-0.1116315486984025,-1.0531064662710534,GMM estimator,0.2,0.2,0.5,0.5,3411,0.0,0.0,0.0,correct,wrong,3.0
280,0.03483843616656161,0.3781218338189734,-1.043397376728498,GMM estimator,0.2,0.2,0.5,0.5,3411,0.0,0.0,0.0,correct,wrong,3.0
281,0.22889178491200207,0.4468092045486578,-1.015045914802604,GMM estimator,0.2,0.2,0.5,0.5,3411,0.0,0.0,0.0,correct,wrong,3.0
282,0.21996830647278873,-0.533084827708389,-1.0625825330988208,GMM estimator,0.2,0.2,0.5,0.5,3411,0.0,0.0,0.0,correct,wrong,3.0
283,0.2751856486907271,-0.0022231975438354278,-1.0609465808992224,GMM estimator,0.2,0.2,0.5,0.5,3411,0.0,0.0,0.0,correct,wrong,3.0
284,-0.050889847408412806,0.12530579721075513,-1.0576213424557652,GMM estimator,0.2,0.2,0.5,0.5,3411,0.0,0.0,0.0,correct,wrong,3.0
285,0.017290402032159445,-0.4064184134737922,-1.0642341951852745,GMM estimator,0.2,0.2,0.5,0.5,3411,0.0,0.0,0.0,correct,wrong,3.0
286,0.006660780971534583,-0.3059919997954757,-1.0506718945566778,GMM estimator,0.2,0.2,0.5,0.5,3411,0.0,0.0,0.0,correct,wrong,3.0
287,0.23342328159227715,-0.022372588516629724,-1.0559260087929225,GMM estimator,0.2,0.2,0.5,0.5,3411,0.0,0.0,0.0,correct,wrong,3.0
288,-0.5084888089484931,-0.1583861514806171,-1.0472887376938607,GMM estimator,0.2,0.2,0.5,0.5,3411,0.0,0.0,0.0,correct,wrong,3.0
289,-0.37187302003884143,0.34427688144470064,-1.0308042112279443,GMM estimator,0.2,0.2,0.5,0.5,3411,0.0,0.0,0.0,correct,wrong,3.0
290,-0.2503365396862124,-0.01404375068664787,-1.0868552338073338,GMM estimator,0.2,0.2,0.5,0.5,3411,0.0,0.0,0.0,correct,wrong,3.0
291,0.34582940491553515,-0.05147498613532139,-1.0328385614954891,GMM estimator,0.2,0.2,0.5,0.5,3411,0.0,0.0,0.0,correct,wrong,3.0
292,0.3084699437191859,0.2681074674903277,-1.0455303588015723,GMM estimator,0.2,0.2,0.5,0.5,3411,0.0,0.0,0.0,correct,wrong,3.0
293,-0.17971767877506412,-0.0013804548467539774,-1.0440011664765743,GMM estimator,0.2,0.2,0.5,0.5,3411,0.0,0.0,0.0,correct,wrong,3.0
294,0.24928992868556224,-0.13387530961102118,-1.0419331552831523,GMM estimator,0.2,0.2,0.5,0.5,3411,0.0,0.0,0.0,correct,wrong,3.0
295,0.09948262603965097,0.2936065759822329,-1.0435520211593707,GMM estimator,0.2,0.2,0.5,0.5,3411,0.0,0.0,0.0,correct,wrong,3.0
296,0.1653567053953908,-0.06058480513205246,-1.0504407347440772,GMM estimator,0.2,0.2,0.5,0.5,3411,0.0,0.0,0.0,correct,wrong,3.0
297,-0.07858635855713014,-0.11801789614048208,-1.063010555584701,GMM estimator,0.2,0.2,0.5,0.5,3411,0.0,0.0,0.0,correct,wrong,3.0
298,0.43583143544323166,0.17326350334711943,-1.0452003498147755,GMM estimator,0.2,0.2,0.5,0.5,3411,0.0,0.0,0.0,correct,wrong,3.0
299,-0.05580898497516244,0.6333920198148394,-1.069765230912077,GMM estimator,0.2,0.2,0.5,0.5,3411,0.0,0.0,0.0,correct,wrong,3.0
300,-0.024408608081609173,-0.17488350021618182,-1.0437809318145148,GMM estimator,0.2,0.2,0.5,0.5,3411,0.0,0.0,0.0,correct,wrong,3.0
1,-0.21675217536254238,-1.1288764079269582,0.2706254600414564,Three-step,0.2,0.2,0.5,0.5,3411,0.0,0.0,0.0,wrong,correct,3.0
2,-0.12940528578317842,-1.0372829519065023,0.23719275037916715,Three-step,0.2,0.2,0.5,0.5,3411,0.0,0.0,0.0,wrong,correct,3.0
3,-0.2624228034515898,-1.0175621627260771,-0.01167041834456269,Three-step,0.2,0.2,0.5,0.5,3411,0.0,0.0,0.0,wrong,correct,3.0
4,0.2248619654667075,-1.0619695027164007,-0.016634657047821095,Three-step,0.2,0.2,0.5,0.5,3411,0.0,0.0,0.0,wrong,correct,3.0
5,-0.40167883115732994,-1.0413406158369918,-0.456013479038181,Three-step,0.2,0.2,0.5,0.5,3411,0.0,0.0,0.0,wrong,correct,3.0
6,0.21791781435112606,-1.06008398575365,0.22902407625751395,Three-step,0.2,0.2,0.5,0.5,3411,0.0,0.0,0.0,wrong,correct,3.0
7,0.6370852178286905,-1.0751861903050393,0.021615213387539873,Three-step,0.2,0.2,0.5,0.5,3411,0.0,0.0,0.0,wrong,correct,3.0
8,-0.19844208931271837,-1.062070825096307,0.10974218229530588,Three-step,0.2,0.2,0.5,0.5,3411,0.0,0.0,0.0,wrong,correct,3.0
9,-0.21374339148533164,-1.0420703978855614,0.267798346444917,Three-step,0.2,0.2,0.5,0.5,3411,0.0,0.0,0.0,wrong,correct,3.0
10,-0.28882282150279215,-1.0754550102673135,-0.07988678802177088,Three-step,0.2,0.2,0.5,0.5,3411,0.0,0.0,0.0,wrong,correct,3.0
11,0.26018178183060386,-1.0514842114331027,0.15962819244775123,Three-step,0.2,0.2,0.5,0.5,3411,0.0,0.0,0.0,wrong,correct,3.0
12,-0.04714822927561916,-1.0728496052993315,0.20181849633528592,Three-step,0.2,0.2,0.5,0.5,3411,0.0,0.0,0.0,wrong,correct,3.0
13,0.312802749143925,-1.040054288014808,-0.010701886430405304,Three-step,0.2,0.2,0.5,0.5,3411,0.0,0.0,0.0,wrong,correct,3.0
14,-0.2895432186163854,-1.0937004889304625,-0.1058150851078537,Three-step,0.2,0.2,0.5,0.5,3411,0.0,0.0,0.0,wrong,correct,3.0
15,-0.28583611550646737,-1.076915873834577,0.013176255280802565,Three-step,0.2,0.2,0.5,0.5,3411,0.0,0.0,0.0,wrong,correct,3.0
16,-0.21520949066450426,-1.0698811839749605,-0.4090634588824188,Three-step,0.2,0.2,0.5,0.5,3411,0.0,0.0,0.0,wrong,correct,3.0
17,0.35976991776831385,-1.0052997098679541,0.14517232430790855,Three-step,0.2,0.2,0.5,0.5,3411,0.0,0.0,0.0,wrong,correct,3.0
18,0.03716785535347875,-1.087586670601854,-0.18024288595049692,Three-step,0.2,0.2,0.5,0.5,3411,0.0,0.0,0.0,wrong,correct,3.0
19,-0.05826020764072029,-1.0377055413417746,-0.021122664629342973,Three-step,0.2,0.2,0.5,0.5,3411,0.0,0.0,0.0,wrong,correct,3.0
20,-0.031782171236901004,-1.0079968483133228,0.2853388680978074,Three-step,0.2,0.2,0.5,0.5,3411,0.0,0.0,0.0,wrong,correct,3.0
21,0.06743425442446754,-1.040496343533759,0.21105453740673727,Three-step,0.2,0.2,0.5,0.5,3411,0.0,0.0,0.0,wrong,correct,3.0
22,0.14722795680411066,-1.0372478037139155,0.24830641530889352,Three-step,0.2,0.2,0.5,0.5,3411,0.0,0.0,0.0,wrong,correct,3.0
23,-0.07204440853117454,-1.0274557773384645,0.25715092167664155,Three-step,0.2,0.2,0.5,0.5,3411,0.0,0.0,0.0,wrong,correct,3.0
24,0.3048612189319019,-1.0703746164637062,-0.13122119291261006,Three-step,0.2,0.2,0.5,0.5,3411,0.0,0.0,0.0,wrong,correct,3.0
25,-0.0768871181618326,-1.0094398717611586,-0.30302627534381843,Three-step,0.2,0.2,0.5,0.5,3411,0.0,0.0,0.0,wrong,correct,3.0
26,-0.03916343692262679,-1.0587825085210008,-0.2573205441485977,Three-step,0.2,0.2,0.5,0.5,3411,0.0,0.0,0.0,wrong,correct,3.0
27,0.06796105660619131,-1.054176879535999,0.03009630362510833,Three-step,0.2,0.2,0.5,0.5,3411,0.0,0.0,0.0,wrong,correct,3.0
28,0.015166388043145672,-1.0366062750978309,-0.12128148472821805,Three-step,0.2,0.2,0.5,0.5,3411,0.0,0.0,0.0,wrong,correct,3.0
29,0.03922029472379722,-1.094538373743488,0.0913684014358954,Three-step,0.2,0.2,0.5,0.5,3411,0.0,0.0,0.0,wrong,correct,3.0
30,-0.17588309703560748,-1.0429693996016944,0.07079647987802667,Three-step,0.2,0.2,0.5,0.5,3411,0.0,0.0,0.0,wrong,correct,3.0
31,0.08523662953474548,-1.0066687374314582,0.368097574941861,Three-step,0.2,0.2,0.5,0.5,3411,0.0,0.0,0.0,wrong,correct,3.0
32,-0.08498658222110976,-1.0954839178298683,-0.06448616075723826,Three-step,0.2,0.2,0.5,0.5,3411,0.0,0.0,0.0,wrong,correct,3.0
33,0.2862786910444618,-1.034273254593874,0.02346612382925476,Three-step,0.2,0.2,0.5,0.5,3411,0.0,0.0,0.0,wrong,correct,3.0
34,0.05319078684027459,-1.1155778010852706,-0.12259606956825989,Three-step,0.2,0.2,0.5,0.5,3411,0.0,0.0,0.0,wrong,correct,3.0
35,-0.027003670845766943,-1.0168384838082603,-0.0791845724568305,Three-step,0.2,0.2,0.5,0.5,3411,0.0,0.0,0.0,wrong,correct,3.0
36,0.11885616309246512,-1.040862223486777,-0.4205513908923789,Three-step,0.2,0.2,0.5,0.5,3411,0.0,0.0,0.0,wrong,correct,3.0
37,-0.13562864432271865,-1.0579094943141363,-0.24819012089529302,Three-step,0.2,0.2,0.5,0.5,3411,0.0,0.0,0.0,wrong,correct,3.0
38,-0.160924458187,-1.088849078489205,-0.16660635718761407,Three-step,0.2,0.2,0.5,0.5,3411,0.0,0.0,0.0,wrong,correct,3.0
39,-0.09027603533112283,-1.0804190238007858,-0.16639865798275522,Three-step,0.2,0.2,0.5,0.5,3411,0.0,0.0,0.0,wrong,correct,3.0
40,0.12537017271990578,-1.0050425774038474,-0.010029996409455282,Three-step,0.2,0.2,0.5,0.5,3411,0.0,0.0,0.0,wrong,correct,3.0
41,-0.02900306979342065,-1.0976867988391104,0.25712219079007415,Three-step,0.2,0.2,0.5,0.5,3411,0.0,0.0,0.0,wrong,correct,3.0
42,0.38517950894949093,-1.0560316777457648,-0.04387042379324541,Three-step,0.2,0.2,0.5,0.5,3411,0.0,0.0,0.0,wrong,correct,3.0
43,-0.2343492427562923,-1.0925839108638027,0.10691984557593177,Three-step,0.2,0.2,0.5,0.5,3411,0.0,0.0,0.0,wrong,correct,3.0
44,0.6091230410669941,-1.07348113041303,0.1992254129782555,Three-step,0.2,0.2,0.5,0.5,3411,0.0,0.0,0.0,wrong,correct,3.0
45,-0.0003776623786651824,-1.061706073411104,-0.030648152317730864,Three-step,0.2,0.2,0.5,0.5,3411,0.0,0.0,0.0,wrong,correct,3.0
46,0.028033209348880463,-1.0473224171920732,0.32646691483104207,Three-step,0.2,0.2,0.5,0.5,3411,0.0,0.0,0.0,wrong,correct,3.0
47,0.04039396105155051,-1.0187517078480057,0.5585409512358512,Three-step,0.2,0.2,0.5,0.5,3411,0.0,0.0,0.0,wrong,correct,3.0
48,0.2553884982997453,-1.027716812058502,0.020599189512808952,Three-step,0.2,0.2,0.5,0.5,3411,0.0,0.0,0.0,wrong,correct,3.0
49,-0.26950815343062523,-1.0653191078411413,0.4483851147256793,Three-step,0.2,0.2,0.5,0.5,3411,0.0,0.0,0.0,wrong,correct,3.0
50,-0.27831173100195955,-1.0585694388262703,0.004067387129141892,Three-step,0.2,0.2,0.5,0.5,3411,0.0,0.0,0.0,wrong,correct,3.0
51,0.13747889089855672,-1.0191974467243796,-0.08655284711113506,Three-step,0.2,0.2,0.5,0.5,3411,0.0,0.0,0.0,wrong,correct,3.0
52,0.02245422810351811,-1.0358837866765527,-0.1362886689839378,Three-step,0.2,0.2,0.5,0.5,3411,0.0,0.0,0.0,wrong,correct,3.0
53,0.190015160964063,-1.0286400825209083,0.2439949118529375,Three-step,0.2,0.2,0.5,0.5,3411,0.0,0.0,0.0,wrong,correct,3.0
54,0.00321965159918133,-1.0133944114687494,0.09497031565109781,Three-step,0.2,0.2,0.5,0.5,3411,0.0,0.0,0.0,wrong,correct,3.0
55,-0.18895843813886457,-1.0182482505883799,0.016096514621638896,Three-step,0.2,0.2,0.5,0.5,3411,0.0,0.0,0.0,wrong,correct,3.0
56,-0.3249256669603955,-1.0342285044911166,-0.27825359586927867,Three-step,0.2,0.2,0.5,0.5,3411,0.0,0.0,0.0,wrong,correct,3.0
57,-0.3237214138016316,-1.1003349110466485,-0.32844013310653414,Three-step,0.2,0.2,0.5,0.5,3411,0.0,0.0,0.0,wrong,correct,3.0
58,-0.1838787989065684,-1.0941298277952867,-0.3549938209433555,Three-step,0.2,0.2,0.5,0.5,3411,0.0,0.0,0.0,wrong,correct,3.0
59,0.5884145857420284,-1.0208498685007068,0.2413171522182443,Three-step,0.2,0.2,0.5,0.5,3411,0.0,0.0,0.0,wrong,correct,3.0
60,-0.11501502052578234,-1.0048036902516262,-0.00434226469289634,Three-step,0.2,0.2,0.5,0.5,3411,0.0,0.0,0.0,wrong,correct,3.0
61,0.024462318086554465,-1.055590468081091,-0.038759399166004856,Three-step,0.2,0.2,0.5,0.5,3411,0.0,0.0,0.0,wrong,correct,3.0
62,0.06178395778972603,-1.0382758341481424,0.36701127564042096,Three-step,0.2,0.2,0.5,0.5,3411,0.0,0.0,0.0,wrong,correct,3.0
63,-0.2608628937186328,-1.057897651776774,-0.07851436802835209,Three-step,0.2,0.2,0.5,0.5,3411,0.0,0.0,0.0,wrong,correct,3.0
64,0.03494039968716151,-1.0091940814233533,0.05400663188086546,Three-step,0.2,0.2,0.5,0.5,3411,0.0,0.0,0.0,wrong,correct,3.0
65,-0.3517563280432263,-1.071332371738358,0.3847210011848997,Three-step,0.2,0.2,0.5,0.5,3411,0.0,0.0,0.0,wrong,correct,3.0
66,0.05959825627398633,-0.9998638690502553,0.1079493629977093,Three-step,0.2,0.2,0.5,0.5,3411,0.0,0.0,0.0,wrong,correct,3.0
67,0.1971622205848623,-1.1011843375540231,-0.023904716452454882,Three-step,0.2,0.2,0.5,0.5,3411,0.0,0.0,0.0,wrong,correct,3.0
68,-0.02259581400363012,-1.027189725561001,-0.1822032016030794,Three-step,0.2,0.2,0.5,0.5,3411,0.0,0.0,0.0,wrong,correct,3.0
69,-0.24580655253744726,-1.0696392599252473,0.034392627111234794,Three-step,0.2,0.2,0.5,0.5,3411,0.0,0.0,0.0,wrong,correct,3.0
70,-0.05592009852901285,-1.0602383921814467,-0.017109550581448005,Three-step,0.2,0.2,0.5,0.5,3411,0.0,0.0,0.0,wrong,correct,3.0
71,-0.2341825810072924,-1.066016548698663,0.21441361165385345,Three-step,0.2,0.2,0.5,0.5,3411,0.0,0.0,0.0,wrong,correct,3.0
72,-0.048575269533934706,-1.0968759989416286,-0.5736677274192212,Three-step,0.2,0.2,0.5,0.5,3411,0.0,0.0,0.0,wrong,correct,3.0
73,-0.061112325771444445,-1.0156215001784696,-0.16034384444181649,Three-step,0.2,0.2,0.5,0.5,3411,0.0,0.0,0.0,wrong,correct,3.0
74,-0.38376823946601174,-1.0611046381444345,0.17531196564198404,Three-step,0.2,0.2,0.5,0.5,3411,0.0,0.0,0.0,wrong,correct,3.0
75,-0.009240365776248162,-1.0447071345851193,0.15458360812093627,Three-step,0.2,0.2,0.5,0.5,3411,0.0,0.0,0.0,wrong,correct,3.0
76,0.060118302029047326,-1.0657361866965793,0.018273567127784298,Three-step,0.2,0.2,0.5,0.5,3411,0.0,0.0,0.0,wrong,correct,3.0
77,-0.2410523907332093,-1.040667082635845,-0.4009925703269982,Three-step,0.2,0.2,0.5,0.5,3411,0.0,0.0,0.0,wrong,correct,3.0
78,-0.518468166022604,-1.0818835893087086,-0.5147253749484608,Three-step,0.2,0.2,0.5,0.5,3411,0.0,0.0,0.0,wrong,correct,3.0
79,0.08277045690663308,-1.0765695357135887,0.5336698292108213,Three-step,0.2,0.2,0.5,0.5,3411,0.0,0.0,0.0,wrong,correct,3.0
80,0.09089294841552183,-1.0799432932634037,-0.3602435286906074,Three-step,0.2,0.2,0.5,0.5,3411,0.0,0.0,0.0,wrong,correct,3.0
81,-0.33563128602947445,-1.08096452523004,-0.31491034478336505,Three-step,0.2,0.2,0.5,0.5,3411,0.0,0.0,0.0,wrong,correct,3.0
82,0.20091844958513316,-1.0077500728480804,0.08991625247202018,Three-step,0.2,0.2,0.5,0.5,3411,0.0,0.0,0.0,wrong,correct,3.0
83,-0.05883506103242467,-1.0380206880695284,-0.010065627877704916,Three-step,0.2,0.2,0.5,0.5,3411,0.0,0.0,0.0,wrong,correct,3.0
84,-0.27596342638049315,-1.0631853472611825,0.07271197008237794,Three-step,0.2,0.2,0.5,0.5,3411,0.0,0.0,0.0,wrong,correct,3.0
85,-0.33148165254336237,-1.0772663433636733,-0.35245091076666457,Three-step,0.2,0.2,0.5,0.5,3411,0.0,0.0,0.0,wrong,correct,3.0
86,-0.2055745442347054,-1.0582036797073775,-0.31908258341295687,Three-step,0.2,0.2,0.5,0.5,3411,0.0,0.0,0.0,wrong,correct,3.0
87,-0.02379345165494207,-1.1040792853271821,0.09855429852533813,Three-step,0.2,0.2,0.5,0.5,3411,0.0,0.0,0.0,wrong,correct,3.0
88,0.22839073083896785,-1.0266567116318401,0.08076790960084862,Three-step,0.2,0.2,0.5,0.5,3411,0.0,0.0,0.0,wrong,correct,3.0
89,0.05740956743964719,-1.0824752194786007,0.23039770620479413,Three-step,0.2,0.2,0.5,0.5,3411,0.0,0.0,0.0,wrong,correct,3.0
90,0.0006987745364354994,-1.1006304354132503,0.27021765814032966,Three-step,0.2,0.2,0.5,0.5,3411,0.0,0.0,0.0,wrong,correct,3.0
91,0.01590250821490177,-1.0329624286829293,-0.07993403203302873,Three-step,0.2,0.2,0.5,0.5,3411,0.0,0.0,0.0,wrong,correct,3.0
92,-0.6323520670193225,-1.0390306123380144,-0.31947910353107195,Three-step,0.2,0.2,0.5,0.5,3411,0.0,0.0,0.0,wrong,correct,3.0
93,0.032888749084602605,-1.0125373368659114,-0.3206650874381144,Three-step,0.2,0.2,0.5,0.5,3411,0.0,0.0,0.0,wrong,correct,3.0
94,-0.04102586348326542,-1.0662990464516637,0.12371521826022056,Three-step,0.2,0.2,0.5,0.5,3411,0.0,0.0,0.0,wrong,correct,3.0
95,-0.1264151668470925,-1.0520048133222115,0.2101182933374998,Three-step,0.2,0.2,0.5,0.5,3411,0.0,0.0,0.0,wrong,correct,3.0
96,-0.06998226886169048,-1.0877695548469581,-0.1520115422423548,Three-step,0.2,0.2,0.5,0.5,3411,0.0,0.0,0.0,wrong,correct,3.0
97,-0.2478020873574572,-1.055095090585585,0.06012814326193415,Three-step,0.2,0.2,0.5,0.5,3411,0.0,0.0,0.0,wrong,correct,3.0
98,0.11404903214868481,-0.9991021627872094,-0.1682119665009326,Three-step,0.2,0.2,0.5,0.5,3411,0.0,0.0,0.0,wrong,correct,3.0
99,-0.25735942300373,-1.0656327744753398,0.3968378505365265,Three-step,0.2,0.2,0.5,0.5,3411,0.0,0.0,0.0,wrong,correct,3.0
100,-0.16222973773108967,-1.0226524974737632,-0.02349626583353692,Three-step,0.2,0.2,0.5,0.5,3411,0.0,0.0,0.0,wrong,correct,3.0
101,0.04003337242335795,-1.0836669221713804,-0.08477836612231324,Three-step,0.2,0.2,0.5,0.5,3411,0.0,0.0,0.0,wrong,correct,3.0
102,0.18464101366864658,-1.0767169042975264,-0.16096753802981856,Three-step,0.2,0.2,0.5,0.5,3411,0.0,0.0,0.0,wrong,correct,3.0
103,0.032544511504735425,-1.0564669671861062,0.17205713481633667,Three-step,0.2,0.2,0.5,0.5,3411,0.0,0.0,0.0,wrong,correct,3.0
104,-0.5980385933947451,-1.021295085633245,0.014199916862014004,Three-step,0.2,0.2,0.5,0.5,3411,0.0,0.0,0.0,wrong,correct,3.0
105,-0.15231373326251235,-1.071733995327138,-0.5268497422775191,Three-step,0.2,0.2,0.5,0.5,3411,0.0,0.0,0.0,wrong,correct,3.0
106,-0.3267878456926817,-1.101252579507684,-0.34461740116192496,Three-step,0.2,0.2,0.5,0.5,3411,0.0,0.0,0.0,wrong,correct,3.0
107,-0.55807933801147,-1.0693808788330692,0.40601546696919083,Three-step,0.2,0.2,0.5,0.5,3411,0.0,0.0,0.0,wrong,correct,3.0
108,-0.1081110789249064,-1.0426386810909851,0.43229934692624383,Three-step,0.2,0.2,0.5,0.5,3411,0.0,0.0,0.0,wrong,correct,3.0
109,0.026724699284500636,-1.0307234880060243,0.21310137036833313,Three-step,0.2,0.2,0.5,0.5,3411,0.0,0.0,0.0,wrong,correct,3.0
110,0.3022098856151134,-1.082923850134199,0.22571252312329274,Three-step,0.2,0.2,0.5,0.5,3411,0.0,0.0,0.0,wrong,correct,3.0
111,0.16425969754062159,-1.0187964598992751,-0.04036515191663939,Three-step,0.2,0.2,0.5,0.5,3411,0.0,0.0,0.0,wrong,correct,3.0
112,-0.13816403366363264,-1.058530002608224,-0.027331394945057083,Three-step,0.2,0.2,0.5,0.5,3411,0.0,0.0,0.0,wrong,correct,3.0
113,-0.4194797582886097,-1.0342526005647061,0.12534823968572256,Three-step,0.2,0.2,0.5,0.5,3411,0.0,0.0,0.0,wrong,correct,3.0
114,0.2750067697871802,-1.0569943256514311,-0.20591180911514467,Three-step,0.2,0.2,0.5,0.5,3411,0.0,0.0,0.0,wrong,correct,3.0
115,0.17697123905949105,-1.0643312596567918,-0.056593482579014864,Three-step,0.2,0.2,0.5,0.5,3411,0.0,0.0,0.0,wrong,correct,3.0
116,-0.02849316397775117,-1.0338421144515786,-0.15498773255040302,Three-step,0.2,0.2,0.5,0.5,3411,0.0,0.0,0.0,wrong,correct,3.0
117,-0.4003836320967354,-1.1248219907893475,-0.051676848016062,Three-step,0.2,0.2,0.5,0.5,3411,0.0,0.0,0.0,wrong,correct,3.0
118,-0.19520819604260728,-1.0941757498751508,-0.24302191482209712,Three-step,0.2,0.2,0.5,0.5,3411,0.0,0.0,0.0,wrong,correct,3.0
119,0.004965996509884271,-1.0598580928767665,-0.040402513294681024,Three-step,0.2,0.2,0.5,0.5,3411,0.0,0.0,0.0,wrong,correct,3.0
120,-0.13085988623614997,-1.0457650133618153,0.19263359105650113,Three-step,0.2,0.2,0.5,0.5,3411,0.0,0.0,0.0,wrong,correct,3.0
121,0.03139928261359198,-1.0399835823697816,0.27470726672646945,Three-step,0.2,0.2,0.5,0.5,3411,0.0,0.0,0.0,wrong,correct,3.0
122,0.4816600218312378,-1.066675782777293,-0.021447961201362338,Three-step,0.2,0.2,0.5,0.5,3411,0.0,0.0,0.0,wrong,correct,3.0
123,0.23956896289290452,-1.006608335917059,0.13567886157536677,Three-step,0.2,0.2,0.5,0.5,3411,0.0,0.0,0.0,wrong,correct,3.0
124,-0.06433476801157637,-1.0724607502480636,-0.3122466297359574,Three-step,0.2,0.2,0.5,0.5,3411,0.0,0.0,0.0,wrong,correct,3.0
125,-0.09599154535368751,-1.0324887903185884,0.2531181425283045,Three-step,0.2,0.2,0.5,0.5,3411,0.0,0.0,0.0,wrong,correct,3.0
126,-0.07892054291711519,-1.0656528688984555,0.029583129444394462,Three-step,0.2,0.2,0.5,0.5,3411,0.0,0.0,0.0,wrong,correct,3.0
127,0.021511816128580486,-1.0381513817932375,0.1851757491021557,Three-step,0.2,0.2,0.5,0.5,3411,0.0,0.0,0.0,wrong,correct,3.0
128,0.36705451128732497,-1.0560747620833006,0.3442144650766444,Three-step,0.2,0.2,0.5,0.5,3411,0.0,0.0,0.0,wrong,correct,3.0
129,0.05816034411886226,-1.03405848363569,0.32370674162353696,Three-step,0.2,0.2,0.5,0.5,3411,0.0,0.0,0.0,wrong,correct,3.0
130,-0.14888442885126926,-1.1120118470233507,-0.2014641344808656,Three-step,0.2,0.2,0.5,0.5,3411,0.0,0.0,0.0,wrong,correct,3.0
131,-0.08354177172030278,-1.058086915103486,-0.03079862003714321,Three-step,0.2,0.2,0.5,0.5,3411,0.0,0.0,0.0,wrong,correct,3.0
132,-0.4340447244903869,-1.0802666556650449,0.07071482452359326,Three-step,0.2,0.2,0.5,0.5,3411,0.0,0.0,0.0,wrong,correct,3.0
133,-0.09942653826612095,-1.0807156376843665,0.05544399262564821,Three-step,0.2,0.2,0.5,0.5,3411,0.0,0.0,0.0,wrong,correct,3.0
134,0.0726235779332033,-1.0621339718861975,0.17866925758975594,Three-step,0.2,0.2,0.5,0.5,3411,0.0,0.0,0.0,wrong,correct,3.0
135,0.06526969889605752,-1.080113867808246,-0.1504735251135149,Three-step,0.2,0.2,0.5,0.5,3411,0.0,0.0,0.0,wrong,correct,3.0
136,-0.2696822594025639,-1.0642456322237217,-0.08254496743554408,Three-step,0.2,0.2,0.5,0.5,3411,0.0,0.0,0.0,wrong,correct,3.0
137,-0.09586400106408259,-1.0375061019652891,-0.05519577326662987,Three-step,0.2,0.2,0.5,0.5,3411,0.0,0.0,0.0,wrong,correct,3.0
138,0.4268914946888114,-1.0370212219620376,0.0769526419419867,Three-step,0.2,0.2,0.5,0.5,3411,0.0,0.0,0.0,wrong,correct,3.0
139,-0.12740385950429803,-1.056148324372879,-0.17802700460039902,Three-step,0.2,0.2,0.5,0.5,3411,0.0,0.0,0.0,wrong,correct,3.0
140,0.23109393635004732,-1.0423706219311422,0.2020790265104709,Three-step,0.2,0.2,0.5,0.5,3411,0.0,0.0,0.0,wrong,correct,3.0
141,0.008262750549016375,-1.0647299346048202,0.047667538395898816,Three-step,0.2,0.2,0.5,0.5,3411,0.0,0.0,0.0,wrong,correct,3.0
142,0.13288866666178378,-1.081926062388478,0.2086333002217468,Three-step,0.2,0.2,0.5,0.5,3411,0.0,0.0,0.0,wrong,correct,3.0
143,0.11580174736194283,-1.0183860666774993,0.030757698900622188,Three-step,0.2,0.2,0.5,0.5,3411,0.0,0.0,0.0,wrong,correct,3.0
144,0.23994179237134522,-1.0134683821474828,0.10411046451153265,Three-step,0.2,0.2,0.5,0.5,3411,0.0,0.0,0.0,wrong,correct,3.0
145,0.27658867508897333,-1.0426815321375458,0.567402387262229,Three-step,0.2,0.2,0.5,0.5,3411,0.0,0.0,0.0,wrong,correct,3.0
146,-0.12522345785271066,-1.0463104336504763,-0.09227917651464328,Three-step,0.2,0.2,0.5,0.5,3411,0.0,0.0,0.0,wrong,correct,3.0
147,-0.104132928892567,-1.0394443743944073,-0.04698409279099126,Three-step,0.2,0.2,0.5,0.5,3411,0.0,0.0,0.0,wrong,correct,3.0
148,0.1523035981193631,-1.0425794915588387,-0.005244723609710594,Three-step,0.2,0.2,0.5,0.5,3411,0.0,0.0,0.0,wrong,correct,3.0
149,-0.17913687252293686,-1.0547860664920452,0.06765480532972952,Three-step,0.2,0.2,0.5,0.5,3411,0.0,0.0,0.0,wrong,correct,3.0
150,0.2389048970997815,-1.0580111141713708,-0.08866446530971955,Three-step,0.2,0.2,0.5,0.5,3411,0.0,0.0,0.0,wrong,correct,3.0
151,0.15897083382622917,-1.0678139574415584,-0.1675462874441787,Three-step,0.2,0.2,0.5,0.5,3411,0.0,0.0,0.0,wrong,correct,3.0
152,0.10500178954379753,-1.0503153554353133,0.05936530028905717,Three-step,0.2,0.2,0.5,0.5,3411,0.0,0.0,0.0,wrong,correct,3.0
153,0.13704482197113438,-1.0560205241766711,0.28045286874741854,Three-step,0.2,0.2,0.5,0.5,3411,0.0,0.0,0.0,wrong,correct,3.0
154,0.02119523382602554,-0.9762166471943253,0.037981281376638705,Three-step,0.2,0.2,0.5,0.5,3411,0.0,0.0,0.0,wrong,correct,3.0
155,0.029413400463018866,-1.0315822948321502,-0.3436055367269561,Three-step,0.2,0.2,0.5,0.5,3411,0.0,0.0,0.0,wrong,correct,3.0
156,0.35810159294905314,-1.0589885545752789,0.3537212496538021,Three-step,0.2,0.2,0.5,0.5,3411,0.0,0.0,0.0,wrong,correct,3.0
157,0.03293350259385694,-1.0337873421106771,-0.38886860088865494,Three-step,0.2,0.2,0.5,0.5,3411,0.0,0.0,0.0,wrong,correct,3.0
158,0.2944056756706218,-1.0073459974462657,0.09018486584205804,Three-step,0.2,0.2,0.5,0.5,3411,0.0,0.0,0.0,wrong,correct,3.0
159,-0.022211858452495122,-0.9648056709043754,0.2506169768576158,Three-step,0.2,0.2,0.5,0.5,3411,0.0,0.0,0.0,wrong,correct,3.0
160,0.14468344514891318,-1.068983126949348,0.32824944270256506,Three-step,0.2,0.2,0.5,0.5,3411,0.0,0.0,0.0,wrong,correct,3.0
161,0.06633601645045224,-1.0362410522483456,-0.25082957326061284,Three-step,0.2,0.2,0.5,0.5,3411,0.0,0.0,0.0,wrong,correct,3.0
162,0.23811385636311178,-0.9851787898748201,-0.25556502184975316,Three-step,0.2,0.2,0.5,0.5,3411,0.0,0.0,0.0,wrong,correct,3.0
163,0.048758614875892795,-1.0063327238272912,-0.0019066650463372367,Three-step,0.2,0.2,0.5,0.5,3411,0.0,0.0,0.0,wrong,correct,3.0
164,-0.5068665620218591,-1.0249787508953085,-0.6698759779780349,Three-step,0.2,0.2,0.5,0.5,3411,0.0,0.0,0.0,wrong,correct,3.0
165,-0.06631315236401002,-1.0220176165468577,-0.04210042947759299,Three-step,0.2,0.2,0.5,0.5,3411,0.0,0.0,0.0,wrong,correct,3.0
166,0.2054905777083253,-1.0816923600755644,0.22907980824539134,Three-step,0.2,0.2,0.5,0.5,3411,0.0,0.0,0.0,wrong,correct,3.0
167,-0.23449710637667107,-1.0074867395974418,-0.23001585984050202,Three-step,0.2,0.2,0.5,0.5,3411,0.0,0.0,0.0,wrong,correct,3.0
168,0.2036991134517123,-1.0931426372379975,-0.3516722226318141,Three-step,0.2,0.2,0.5,0.5,3411,0.0,0.0,0.0,wrong,correct,3.0
169,-0.1901003152608215,-0.989860245350241,-0.19839457541942318,Three-step,0.2,0.2,0.5,0.5,3411,0.0,0.0,0.0,wrong,correct,3.0
170,-0.02882409191992712,-1.0703599666058008,0.005874528412042219,Three-step,0.2,0.2,0.5,0.5,3411,0.0,0.0,0.0,wrong,correct,3.0
171,-0.24201011987965615,-1.0415799373514234,-0.3706320646699063,Three-step,0.2,0.2,0.5,0.5,3411,0.0,0.0,0.0,wrong,correct,3.0
172,-0.19621891355697033,-1.0370015591182904,-0.14509744838441904,Three-step,0.2,0.2,0.5,0.5,3411,0.0,0.0,0.0,wrong,correct,3.0
173,-0.043919772031846806,-1.078419532667624,0.07915609268893595,Three-step,0.2,0.2,0.5,0.5,3411,0.0,0.0,0.0,wrong,correct,3.0
174,0.0353965182301691,-1.023640757434785,0.10885261275848035,Three-step,0.2,0.2,0.5,0.5,3411,0.0,0.0,0.0,wrong,correct,3.0
175,0.3813443584899949,-1.0784467895633494,-0.10333016064337026,Three-step,0.2,0.2,0.5,0.5,3411,0.0,0.0,0.0,wrong,correct,3.0
176,-0.3650394374184045,-1.0739137408183266,-0.19319763302576226,Three-step,0.2,0.2,0.5,0.5,3411,0.0,0.0,0.0,wrong,correct,3.0
177,0.16529433797989573,-1.0467137952824894,-0.2078308557036742,Three-step,0.2,0.2,0.5,0.5,3411,0.0,0.0,0.0,wrong,correct,3.0
178,-0.02565256110195548,-1.0477518476439587,0.3850723356458698,Three-step,0.2,0.2,0.5,0.5,3411,0.0,0.0,0.0,wrong,correct,3.0
179,-0.22764829049787805,-1.0638693065352134,0.16595185525633802,Three-step,0.2,0.2,0.5,0.5,3411,0.0,0.0,0.0,wrong,correct,3.0
180,0.27376200924194727,-1.0275875969502566,-0.2160218984197043,Three-step,0.2,0.2,0.5,0.5,3411,0.0,0.0,0.0,wrong,correct,3.0
181,0.0613485879832721,-1.0472883765475756,0.29814801048812284,Three-step,0.2,0.2,0.5,0.5,3411,0.0,0.0,0.0,wrong,correct,3.0
182,0.18045692723024195,-1.0575335994975372,0.028871737995649897,Three-step,0.2,0.2,0.5,0.5,3411,0.0,0.0,0.0,wrong,correct,3.0
183,0.2477887215566181,-1.024121154727493,0.11393572610022883,Three-step,0.2,0.2,0.5,0.5,3411,0.0,0.0,0.0,wrong,correct,3.0
184,0.11824014973675874,-1.0087622732012917,-0.11678188656588724,Three-step,0.2,0.2,0.5,0.5,3411,0.0,0.0,0.0,wrong,correct,3.0
185,0.03884710809832694,-1.0551422236587455,-0.21520160184400858,Three-step,0.2,0.2,0.5,0.5,3411,0.0,0.0,0.0,wrong,correct,3.0
186,0.17569190414931082,-1.020408026250828,0.17364164368218551,Three-step,0.2,0.2,0.5,0.5,3411,0.0,0.0,0.0,wrong,correct,3.0
187,0.08288096387043255,-1.02079427235218,-0.0459575850664426,Three-step,0.2,0.2,0.5,0.5,3411,0.0,0.0,0.0,wrong,correct,3.0
188,-0.014875548943988268,-1.0253985175032392,-0.3635170326410144,Three-step,0.2,0.2,0.5,0.5,3411,0.0,0.0,0.0,wrong,correct,3.0
189,0.2563974181530357,-1.0530086223845048,0.35487249186866027,Three-step,0.2,0.2,0.5,0.5,3411,0.0,0.0,0.0,wrong,correct,3.0
190,0.07367151133533957,-0.9965395422151451,0.18106725274126245,Three-step,0.2,0.2,0.5,0.5,3411,0.0,0.0,0.0,wrong,correct,3.0
191,-0.27638900175663755,-1.071166185828711,0.12863433429843035,Three-step,0.2,0.2,0.5,0.5,3411,0.0,0.0,0.0,wrong,correct,3.0
192,-0.16086778637717059,-1.006923196247396,0.1003977913074858,Three-step,0.2,0.2,0.5,0.5,3411,0.0,0.0,0.0,wrong,correct,3.0
193,-0.37268353072281957,-1.0077630767363492,0.05042562978310111,Three-step,0.2,0.2,0.5,0.5,3411,0.0,0.0,0.0,wrong,correct,3.0
194,0.35007511816106207,-1.045785446792935,0.2457029974048248,Three-step,0.2,0.2,0.5,0.5,3411,0.0,0.0,0.0,wrong,correct,3.0
195,-0.4677316371341211,-1.0866270440314332,-0.0020020563390848126,Three-step,0.2,0.2,0.5,0.5,3411,0.0,0.0,0.0,wrong,correct,3.0
196,-0.09258255892982892,-1.0755280343949662,-0.014223405145118998,Three-step,0.2,0.2,0.5,0.5,3411,0.0,0.0,0.0,wrong,correct,3.0
197,0.03148413075218019,-1.068156026303784,0.2281885017811459,Three-step,0.2,0.2,0.5,0.5,3411,0.0,0.0,0.0,wrong,correct,3.0
198,0.07772465687090799,-1.06524984140043,-0.3140775111798846,Three-step,0.2,0.2,0.5,0.5,3411,0.0,0.0,0.0,wrong,correct,3.0
199,0.2788567086469999,-1.0217421882526239,0.26431445783027524,Three-step,0.2,0.2,0.5,0.5,3411,0.0,0.0,0.0,wrong,correct,3.0
200,-0.028700139843332372,-1.0156894102363319,0.08468143182413079,Three-step,0.2,0.2,0.5,0.5,3411,0.0,0.0,0.0,wrong,correct,3.0
201,0.09963025928956405,-1.0510560173188552,0.21703310509459275,Three-step,0.2,0.2,0.5,0.5,3411,0.0,0.0,0.0,wrong,correct,3.0
202,-0.03124080207542881,-1.0465326884482813,-0.055204715523541094,Three-step,0.2,0.2,0.5,0.5,3411,0.0,0.0,0.0,wrong,correct,3.0
203,0.21068857154801227,-1.0596084047024368,0.09678586587824427,Three-step,0.2,0.2,0.5,0.5,3411,0.0,0.0,0.0,wrong,correct,3.0
204,0.13753627256207296,-1.0551038474268688,0.23571891375021423,Three-step,0.2,0.2,0.5,0.5,3411,0.0,0.0,0.0,wrong,correct,3.0
205,0.014734534540120187,-1.0310189328178019,0.16722092995068194,Three-step,0.2,0.2,0.5,0.5,3411,0.0,0.0,0.0,wrong,correct,3.0
206,0.1301240689432376,-1.0515233586619352,0.10137375256241724,Three-step,0.2,0.2,0.5,0.5,3411,0.0,0.0,0.0,wrong,correct,3.0
207,0.30035090000698944,-0.9961557070853619,0.10376108341106875,Three-step,0.2,0.2,0.5,0.5,3411,0.0,0.0,0.0,wrong,correct,3.0
208,-0.35724585940157727,-1.070559973983318,0.13184932913616992,Three-step,0.2,0.2,0.5,0.5,3411,0.0,0.0,0.0,wrong,correct,3.0
209,-0.08924459928649046,-1.0171377387641924,0.046696428206896484,Three-step,0.2,0.2,0.5,0.5,3411,0.0,0.0,0.0,wrong,correct,3.0
210,0.16828947449024867,-1.0595076306468647,0.5078561988546934,Three-step,0.2,0.2,0.5,0.5,3411,0.0,0.0,0.0,wrong,correct,3.0
211,0.27817944004821166,-1.0059148833142493,0.2155498290828872,Three-step,0.2,0.2,0.5,0.5,3411,0.0,0.0,0.0,wrong,correct,3.0
212,0.3062795562351486,-1.0411020574785008,-0.038801903464642046,Three-step,0.2,0.2,0.5,0.5,3411,0.0,0.0,0.0,wrong,correct,3.0
213,0.022999036876205914,-1.0792235009086495,-0.11279002889090674,Three-step,0.2,0.2,0.5,0.5,3411,0.0,0.0,0.0,wrong,correct,3.0
214,-0.2425530950103627,-1.0623401380969015,0.20892983396931614,Three-step,0.2,0.2,0.5,0.5,3411,0.0,0.0,0.0,wrong,correct,3.0
215,-0.04885462691890153,-1.0778724203298478,0.11667385267059621,Three-step,0.2,0.2,0.5,0.5,3411,0.0,0.0,0.0,wrong,correct,3.0
216,0.38935135058640086,-1.037955004405111,0.2880597842527012,Three-step,0.2,0.2,0.5,0.5,3411,0.0,0.0,0.0,wrong,correct,3.0
217,0.4730051636294878,-1.0093498307111206,0.10574806976709325,Three-step,0.2,0.2,0.5,0.5,3411,0.0,0.0,0.0,wrong,correct,3.0
218,-0.140968754217719,-1.0815338400498775,0.09591108875373168,Three-step,0.2,0.2,0.5,0.5,3411,0.0,0.0,0.0,wrong,correct,3.0
219,0.08881069927604643,-1.0393919534439742,0.21182196099250117,Three-step,0.2,0.2,0.5,0.5,3411,0.0,0.0,0.0,wrong,correct,3.0
220,0.1791744683414273,-1.0612162205566262,-0.07825112874902761,Three-step,0.2,0.2,0.5,0.5,3411,0.0,0.0,0.0,wrong,correct,3.0
221,0.04693808447858564,-1.0599682320022175,-0.22530502403365918,Three-step,0.2,0.2,0.5,0.5,3411,0.0,0.0,0.0,wrong,correct,3.0
222,-0.023813210961215293,-1.040655018151139,0.07918569081848843,Three-step,0.2,0.2,0.5,0.5,3411,0.0,0.0,0.0,wrong,correct,3.0
223,0.07794248205055893,-1.021396095457289,0.7195645532143747,Three-step,0.2,0.2,0.5,0.5,3411,0.0,0.0,0.0,wrong,correct,3.0
224,-0.1520881225281473,-1.0839577437961214,-0.26193426022256744,Three-step,0.2,0.2,0.5,0.5,3411,0.0,0.0,0.0,wrong,correct,3.0
225,-0.19946805602433232,-1.082685212378439,-0.0023623790503823298,Three-step,0.2,0.2,0.5,0.5,3411,0.0,0.0,0.0,wrong,correct,3.0
226,0.3147093491903836,-1.0268113231251936,0.10749678952716786,Three-step,0.2,0.2,0.5,0.5,3411,0.0,0.0,0.0,wrong,correct,3.0
227,0.3443300272043243,-1.070207781485157,0.3474585868504632,Three-step,0.2,0.2,0.5,0.5,3411,0.0,0.0,0.0,wrong,correct,3.0
228,0.28581643222268827,-1.0489991531836653,0.14974421356326906,Three-step,0.2,0.2,0.5,0.5,3411,0.0,0.0,0.0,wrong,correct,3.0
229,-0.020537846651429364,-1.0832690804260392,-0.05441234413140964,Three-step,0.2,0.2,0.5,0.5,3411,0.0,0.0,0.0,wrong,correct,3.0
230,-0.1753976258548717,-1.0350802284473979,-0.2533331802624685,Three-step,0.2,0.2,0.5,0.5,3411,0.0,0.0,0.0,wrong,correct,3.0
231,0.2615570513862198,-1.0455724478662152,0.1869264472065909,Three-step,0.2,0.2,0.5,0.5,3411,0.0,0.0,0.0,wrong,correct,3.0
232,-0.21946037681391653,-1.0741525474168032,-0.11136984958598518,Three-step,0.2,0.2,0.5,0.5,3411,0.0,0.0,0.0,wrong,correct,3.0
233,-0.3365271583404449,-1.061505072985152,0.2566161913334103,Three-step,0.2,0.2,0.5,0.5,3411,0.0,0.0,0.0,wrong,correct,3.0
234,-0.04000514881197274,-1.0557288075484372,0.11846755670402898,Three-step,0.2,0.2,0.5,0.5,3411,0.0,0.0,0.0,wrong,correct,3.0
235,-0.22056287769294006,-1.0506319969424562,0.0036018559741180867,Three-step,0.2,0.2,0.5,0.5,3411,0.0,0.0,0.0,wrong,correct,3.0
236,-0.34146968706838443,-1.060135043250013,0.05608012204025231,Three-step,0.2,0.2,0.5,0.5,3411,0.0,0.0,0.0,wrong,correct,3.0
237,-0.16741845615553677,-1.0563646086246823,0.1873826942130658,Three-step,0.2,0.2,0.5,0.5,3411,0.0,0.0,0.0,wrong,correct,3.0
238,0.10212976726624735,-1.0316714835197733,-0.029730357598874463,Three-step,0.2,0.2,0.5,0.5,3411,0.0,0.0,0.0,wrong,correct,3.0
239,-0.21597158218133897,-1.0919091032019879,-0.16274236187093952,Three-step,0.2,0.2,0.5,0.5,3411,0.0,0.0,0.0,wrong,correct,3.0
240,-0.07643503217574579,-1.0561956161414598,-0.0018479512222695877,Three-step,0.2,0.2,0.5,0.5,3411,0.0,0.0,0.0,wrong,correct,3.0
241,-0.10600788886315186,-0.9979260972552635,0.11484165563620093,Three-step,0.2,0.2,0.5,0.5,3411,0.0,0.0,0.0,wrong,correct,3.0
242,0.26181494488258394,-1.004765107850187,-0.0031426028450611113,Three-step,0.2,0.2,0.5,0.5,3411,0.0,0.0,0.0,wrong,correct,3.0
243,0.05057829732607523,-1.0314067169025105,-0.06598807668329902,Three-step,0.2,0.2,0.5,0.5,3411,0.0,0.0,0.0,wrong,correct,3.0
244,0.1011024924978945,-1.0491885423376839,0.2827733214592311,Three-step,0.2,0.2,0.5,0.5,3411,0.0,0.0,0.0,wrong,correct,3.0
245,0.051735326579346076,-1.0560124264589534,0.0019295224077380743,Three-step,0.2,0.2,0.5,0.5,3411,0.0,0.0,0.0,wrong,correct,3.0
246,-0.5336967619227558,-1.0763223215984974,-0.17408677112151194,Three-step,0.2,0.2,0.5,0.5,3411,0.0,0.0,0.0,wrong,correct,3.0
247,-0.09111994831958553,-1.0620747929466827,-0.24002940695526837,Three-step,0.2,0.2,0.5,0.5,3411,0.0,0.0,0.0,wrong,correct,3.0
248,0.3222641815447906,-1.0721516401428146,-0.2255941251989456,Three-step,0.2,0.2,0.5,0.5,3411,0.0,0.0,0.0,wrong,correct,3.0
249,0.2273942143507075,-0.9905526559983429,0.01006324561093286,Three-step,0.2,0.2,0.5,0.5,3411,0.0,0.0,0.0,wrong,correct,3.0
250,-0.1614872014934394,-1.0514082091247803,-0.15758922403996062,Three-step,0.2,0.2,0.5,0.5,3411,0.0,0.0,0.0,wrong,correct,3.0
251,-0.083976132446293,-1.0199523261150845,-0.09663543767319954,Three-step,0.2,0.2,0.5,0.5,3411,0.0,0.0,0.0,wrong,correct,3.0
252,0.0759611829297187,-1.0105167521293352,-0.03426527958339689,Three-step,0.2,0.2,0.5,0.5,3411,0.0,0.0,0.0,wrong,correct,3.0
253,-0.2098289645669723,-1.0062574271474825,0.10704843253098136,Three-step,0.2,0.2,0.5,0.5,3411,0.0,0.0,0.0,wrong,correct,3.0
254,0.1552154516215171,-1.0621758479124401,-0.5120928894417449,Three-step,0.2,0.2,0.5,0.5,3411,0.0,0.0,0.0,wrong,correct,3.0
255,-0.039773158624506956,-1.085523462737051,-0.2032184240256579,Three-step,0.2,0.2,0.5,0.5,3411,0.0,0.0,0.0,wrong,correct,3.0
256,-0.25942437303451016,-1.0736082507689608,-0.5551349858731595,Three-step,0.2,0.2,0.5,0.5,3411,0.0,0.0,0.0,wrong,correct,3.0
257,-0.055262701682315736,-1.0099918841031128,0.21857214036277423,Three-step,0.2,0.2,0.5,0.5,3411,0.0,0.0,0.0,wrong,correct,3.0
258,-0.4288552402146048,-1.045998185917536,0.10233643770709114,Three-step,0.2,0.2,0.5,0.5,3411,0.0,0.0,0.0,wrong,correct,3.0
259,-0.09883182194058193,-1.0979946988356202,-0.11637696809354219,Three-step,0.2,0.2,0.5,0.5,3411,0.0,0.0,0.0,wrong,correct,3.0
260,-0.1270947173185541,-1.0685132478867805,-0.3280308359685713,Three-step,0.2,0.2,0.5,0.5,3411,0.0,0.0,0.0,wrong,correct,3.0
261,0.07371131845631568,-1.0387371440117539,0.07642301974802716,Three-step,0.2,0.2,0.5,0.5,3411,0.0,0.0,0.0,wrong,correct,3.0
262,-0.1642122808365293,-0.995771597496619,0.13940628945735828,Three-step,0.2,0.2,0.5,0.5,3411,0.0,0.0,0.0,wrong,correct,3.0
263,-0.2129282374133475,-1.0934780704988962,-0.025712538660757924,Three-step,0.2,0.2,0.5,0.5,3411,0.0,0.0,0.0,wrong,correct,3.0
264,0.11327749525734006,-0.9940079873200262,-0.0724242544444645,Three-step,0.2,0.2,0.5,0.5,3411,0.0,0.0,0.0,wrong,correct,3.0
265,-0.10268056295281058,-1.018277571910158,-0.10123166366407992,Three-step,0.2,0.2,0.5,0.5,3411,0.0,0.0,0.0,wrong,correct,3.0
266,-0.008258459674513078,-1.0461015844369141,-0.22886220689040873,Three-step,0.2,0.2,0.5,0.5,3411,0.0,0.0,0.0,wrong,correct,3.0
267,-0.0848219080663386,-1.039455826748186,-0.027316453444134768,Three-step,0.2,0.2,0.5,0.5,3411,0.0,0.0,0.0,wrong,correct,3.0
268,-0.2056078860076838,-1.0199453784050105,0.04469970428434327,Three-step,0.2,0.2,0.5,0.5,3411,0.0,0.0,0.0,wrong,correct,3.0
269,-0.2748763483285364,-1.0118862589815418,0.17800503457594724,Three-step,0.2,0.2,0.5,0.5,3411,0.0,0.0,0.0,wrong,correct,3.0
270,0.08771700083438601,-1.0918021383987424,0.3065333873854791,Three-step,0.2,0.2,0.5,0.5,3411,0.0,0.0,0.0,wrong,correct,3.0
271,0.08786410835186494,-1.0503107904591062,-0.059436951715805424,Three-step,0.2,0.2,0.5,0.5,3411,0.0,0.0,0.0,wrong,correct,3.0
272,-0.3236685414180735,-1.0768336799242635,-0.3796635598796942,Three-step,0.2,0.2,0.5,0.5,3411,0.0,0.0,0.0,wrong,correct,3.0
273,0.07074057905990143,-1.0654732200832273,-0.10709706923291333,Three-step,0.2,0.2,0.5,0.5,3411,0.0,0.0,0.0,wrong,correct,3.0
274,-0.08262562046980682,-0.9990419293552428,-0.28594086685802245,Three-step,0.2,0.2,0.5,0.5,3411,0.0,0.0,0.0,wrong,correct,3.0
275,0.04338751712406934,-1.0009725414456228,-0.01798198719293322,Three-step,0.2,0.2,0.5,0.5,3411,0.0,0.0,0.0,wrong,correct,3.0
276,0.05172354500648003,-1.0869448251784872,-0.1200859266698113,Three-step,0.2,0.2,0.5,0.5,3411,0.0,0.0,0.0,wrong,correct,3.0
277,0.3424887922582398,-1.0243787168199332,-0.013754903826170558,Three-step,0.2,0.2,0.5,0.5,3411,0.0,0.0,0.0,wrong,correct,3.0
278,0.20054016258405305,-1.0513646495429485,0.08404235953825742,Three-step,0.2,0.2,0.5,0.5,3411,0.0,0.0,0.0,wrong,correct,3.0
279,0.037572328889384596,-1.0548199014542594,-0.10308161987293997,Three-step,0.2,0.2,0.5,0.5,3411,0.0,0.0,0.0,wrong,correct,3.0
280,0.0012021845258717455,-1.0055377863688413,0.05131503297763002,Three-step,0.2,0.2,0.5,0.5,3411,0.0,0.0,0.0,wrong,correct,3.0
281,0.30471057789271294,-0.9926990845124096,0.3522467717871716,Three-step,0.2,0.2,0.5,0.5,3411,0.0,0.0,0.0,wrong,correct,3.0
282,0.251550747581895,-1.0932980347318502,-0.09062196097489844,Three-step,0.2,0.2,0.5,0.5,3411,0.0,0.0,0.0,wrong,correct,3.0
283,0.3086380156628319,-1.0344790424635362,-0.12841952085906366,Three-step,0.2,0.2,0.5,0.5,3411,0.0,0.0,0.0,wrong,correct,3.0
284,-0.12679217592292635,-1.0381463718883637,-0.12167456642118803,Three-step,0.2,0.2,0.5,0.5,3411,0.0,0.0,0.0,wrong,correct,3.0
285,-0.0203827042205714,-1.100555033948585,-0.13953977695537073,Three-step,0.2,0.2,0.5,0.5,3411,0.0,0.0,0.0,wrong,correct,3.0
286,-0.01608462160278474,-1.0824362491364932,-0.036037364567916834,Three-step,0.2,0.2,0.5,0.5,3411,0.0,0.0,0.0,wrong,correct,3.0
287,0.25738951567912266,-1.0450798832873023,-0.069533033346188,Three-step,0.2,0.2,0.5,0.5,3411,0.0,0.0,0.0,wrong,correct,3.0
288,-0.451291018227035,-1.0711284032225181,-0.02508353640579188,Three-step,0.2,0.2,0.5,0.5,3411,0.0,0.0,0.0,wrong,correct,3.0
289,-0.38736649944380164,-1.0088492777301026,0.24427947171029285,Three-step,0.2,0.2,0.5,0.5,3411,0.0,0.0,0.0,wrong,correct,3.0
290,-0.29594981190134806,-1.0529513780126165,-0.31773922176370817,Three-step,0.2,0.2,0.5,0.5,3411,0.0,0.0,0.0,wrong,correct,3.0
291,0.4387389568106554,-1.0625638757696576,0.16562431573100023,Three-step,0.2,0.2,0.5,0.5,3411,0.0,0.0,0.0,wrong,correct,3.0
292,0.4980202041973052,-1.024187654485493,0.020535643185765427,Three-step,0.2,0.2,0.5,0.5,3411,0.0,0.0,0.0,wrong,correct,3.0
293,-0.28176100442341656,-1.0664566674655074,0.12259044274431566,Three-step,0.2,0.2,0.5,0.5,3411,0.0,0.0,0.0,wrong,correct,3.0
294,0.21582830377227677,-1.0615048780139142,0.0013179130485295647,Three-step,0.2,0.2,0.5,0.5,3411,0.0,0.0,0.0,wrong,correct,3.0
295,0.08949518317399793,-1.0302713338664113,0.037870798671747356,Three-step,0.2,0.2,0.5,0.5,3411,0.0,0.0,0.0,wrong,correct,3.0
296,0.1393688431693797,-1.052809201708938,-0.025133361706354367,Three-step,0.2,0.2,0.5,0.5,3411,0.0,0.0,0.0,wrong,correct,3.0
297,-0.13897327787379515,-1.0613258237909076,-0.1510670267065456,Three-step,0.2,0.2,0.5,0.5,3411,0.0,0.0,0.0,wrong,correct,3.0
298,0.45708023408128207,-1.030564909024915,0.04363579474102513,Three-step,0.2,0.2,0.5,0.5,3411,0.0,0.0,0.0,wrong,correct,3.0
299,-0.10112725492874995,-0.9838347168939072,-0.18435319385487836,Three-step,0.2,0.2,0.5,0.5,3411,0.0,0.0,0.0,wrong,correct,3.0
300,0.012659683708447762,-1.0705811713923055,0.07852432980906844,Three-step,0.2,0.2,0.5,0.5,3411,0.0,0.0,0.0,wrong,correct,3.0
1,-0.17932158364398385,-1.1295614825215716,0.2706254660051594,Robins' estimator,0.2,0.2,0.5,0.5,3411,0.0,0.0,0.0,wrong,correct,3.0
2,-0.1110988814981232,-1.031539366667009,0.23719274935178183,Robins' estimator,0.2,0.2,0.5,0.5,3411,0.0,0.0,0.0,wrong,correct,3.0
3,-0.41050990814344945,-1.0177109238515285,-0.011670418924643922,Robins' estimator,0.2,0.2,0.5,0.5,3411,0.0,0.0,0.0,wrong,correct,3.0
4,0.2833080886780307,-1.0488069934686985,-0.016634656884381357,Robins' estimator,0.2,0.2,0.5,0.5,3411,0.0,0.0,0.0,wrong,correct,3.0
5,-0.34930851000823804,-1.0336774819841255,-0.45601347353521254,Robins' estimator,0.2,0.2,0.5,0.5,3411,0.0,0.0,0.0,wrong,correct,3.0
6,0.28054808803878917,-1.041324109867513,0.22902407901606844,Robins' estimator,0.2,0.2,0.5,0.5,3411,0.0,0.0,0.0,wrong,correct,3.0
7,0.4568849618351461,-1.0654549680380747,0.021615213298341124,Robins' estimator,0.2,0.2,0.5,0.5,3411,0.0,0.0,0.0,wrong,correct,3.0
8,-0.28705746629840845,-1.0609750678121204,0.10974218163421483,Robins' estimator,0.2,0.2,0.5,0.5,3411,0.0,0.0,0.0,wrong,correct,3.0
9,-0.19979703367647675,-1.050721048290062,0.26779838824111,Robins' estimator,0.2,0.2,0.5,0.5,3411,0.0,0.0,0.0,wrong,correct,3.0
10,-0.30389991062613125,-1.0842662921300188,-0.0798867874083157,Robins' estimator,0.2,0.2,0.5,0.5,3411,0.0,0.0,0.0,wrong,correct,3.0
11,0.22303811913501997,-1.0477574797258857,0.15962817078444863,Robins' estimator,0.2,0.2,0.5,0.5,3411,0.0,0.0,0.0,wrong,correct,3.0
12,-0.010723827051094615,-1.0718651515584765,0.20181849579010627,Robins' estimator,0.2,0.2,0.5,0.5,3411,0.0,0.0,0.0,wrong,correct,3.0
13,0.31836111314900545,-1.035699640232644,-0.01070188615567755,Robins' estimator,0.2,0.2,0.5,0.5,3411,0.0,0.0,0.0,wrong,correct,3.0
14,-0.31016187916356236,-1.1017856866527678,-0.10581506370110402,Robins' estimator,0.2,0.2,0.5,0.5,3411,0.0,0.0,0.0,wrong,correct,3.0
15,-0.2427408581686356,-1.0772915795464333,0.013176249401866813,Robins' estimator,0.2,0.2,0.5,0.5,3411,0.0,0.0,0.0,wrong,correct,3.0
16,-0.2458836298400678,-1.0646352442417835,-0.4090634589891115,Robins' estimator,0.2,0.2,0.5,0.5,3411,0.0,0.0,0.0,wrong,correct,3.0
17,0.47807032502044533,-0.9944449045297848,0.14517232302652144,Robins' estimator,0.2,0.2,0.5,0.5,3411,0.0,0.0,0.0,wrong,correct,3.0
18,0.0647064318010418,-1.0932171023461041,-0.18024288351266704,Robins' estimator,0.2,0.2,0.5,0.5,3411,0.0,0.0,0.0,wrong,correct,3.0
19,0.011075691951600875,-1.0396439358831944,-0.021122664560647413,Robins' estimator,0.2,0.2,0.5,0.5,3411,0.0,0.0,0.0,wrong,correct,3.0
20,-0.052816927523992786,-1.0172780158641013,0.2853388680992198,Robins' estimator,0.2,0.2,0.5,0.5,3411,0.0,0.0,0.0,wrong,correct,3.0
21,0.050921815750414455,-1.0383618043964489,0.21105453697747212,Robins' estimator,0.2,0.2,0.5,0.5,3411,0.0,0.0,0.0,wrong,correct,3.0
22,0.059035752117925576,-1.044279291471095,0.24830640834711912,Robins' estimator,0.2,0.2,0.5,0.5,3411,0.0,0.0,0.0,wrong,correct,3.0
23,-0.09630916008376146,-1.0166593826205312,0.2571509215438666,Robins' estimator,0.2,0.2,0.5,0.5,3411,0.0,0.0,0.0,wrong,correct,3.0
24,0.4341852832264781,-1.0694091466689843,-0.13122118050693277,Robins' estimator,0.2,0.2,0.5,0.5,3411,0.0,0.0,0.0,wrong,correct,3.0
25,-0.03362465315122955,-0.9992922492035546,-0.30302627563503015,Robins' estimator,0.2,0.2,0.5,0.5,3411,0.0,0.0,0.0,wrong,correct,3.0
26,-0.09119496322159765,-1.0542932668796978,-0.25732054542680993,Robins' estimator,0.2,0.2,0.5,0.5,3411,0.0,0.0,0.0,wrong,correct,3.0
27,0.05471158369111853,-1.0537305773954664,0.030096303304863146,Robins' estimator,0.2,0.2,0.5,0.5,3411,0.0,0.0,0.0,wrong,correct,3.0
28,-0.11614253532054394,-1.046266475230424,-0.12128148490030549,Robins' estimator,0.2,0.2,0.5,0.5,3411,0.0,0.0,0.0,wrong,correct,3.0
29,0.03913710282130999,-1.0879070349802218,0.09136840296066338,Robins' estimator,0.2,0.2,0.5,0.5,3411,0.0,0.0,0.0,wrong,correct,3.0
30,-0.20321515632419657,-1.0367274154171044,0.0707964798664166,Robins' estimator,0.2,0.2,0.5,0.5,3411,0.0,0.0,0.0,wrong,correct,3.0
31,0.1019322519115913,-1.0091532462583175,0.3680975749383565,Robins' estimator,0.2,0.2,0.5,0.5,3411,0.0,0.0,0.0,wrong,correct,3.0
32,-0.08147917507935418,-1.100506581334382,-0.06448619060495032,Robins' estimator,0.2,0.2,0.5,0.5,3411,0.0,0.0,0.0,wrong,correct,3.0
33,0.16528210118412015,-1.0164896300461101,0.02346611971307079,Robins' estimator,0.2,0.2,0.5,0.5,3411,0.0,0.0,0.0,wrong,correct,3.0
34,0.10067897686475016,-1.1209528027545066,-0.12259606917678938,Robins' estimator,0.2,0.2,0.5,0.5,3411,0.0,0.0,0.0,wrong,correct,3.0
35,0.04598289577630867,-1.0148638742241467,-0.07918457211621423,Robins' estimator,0.2,0.2,0.5,0.5,3411,0.0,0.0,0.0,wrong,correct,3.0
36,0.12980804398594334,-1.0480707651546652,-0.42055139298771865,Robins' estimator,0.2,0.2,0.5,0.5,3411,0.0,0.0,0.0,wrong,correct,3.0
37,-0.17356076550919575,-1.0513038356516906,-0.24819012484469632,Robins' estimator,0.2,0.2,0.5,0.5,3411,0.0,0.0,0.0,wrong,correct,3.0
38,-0.1917799436327311,-1.0892667298026744,-0.16660640996301979,Robins' estimator,0.2,0.2,0.5,0.5,3411,0.0,0.0,0.0,wrong,correct,3.0
39,-0.23587957590735734,-1.09004760534254,-0.16639865798794057,Robins' estimator,0.2,0.2,0.5,0.5,3411,0.0,0.0,0.0,wrong,correct,3.0
40,0.11362069000074362,-1.0014529633246798,-0.010029997903028264,Robins' estimator,0.2,0.2,0.5,0.5,3411,0.0,0.0,0.0,wrong,correct,3.0
41,-0.09449751171561335,-1.0729826695698488,0.25712219105420525,Robins' estimator,0.2,0.2,0.5,0.5,3411,0.0,0.0,0.0,wrong,correct,3.0
42,0.3228607517782271,-1.0551123683771744,-0.043870423705835396,Robins' estimator,0.2,0.2,0.5,0.5,3411,0.0,0.0,0.0,wrong,correct,3.0
43,-0.053634385887662436,-1.0826603105639327,0.10691984554603115,Robins' estimator,0.2,0.2,0.5,0.5,3411,0.0,0.0,0.0,wrong,correct,3.0
44,0.49673924685211684,-1.0778867151386404,0.1992254126001641,Robins' estimator,0.2,0.2,0.5,0.5,3411,0.0,0.0,0.0,wrong,correct,3.0
45,0.08454678580041207,-1.0542564122949134,-0.030648152135195082,Robins' estimator,0.2,0.2,0.5,0.5,3411,0.0,0.0,0.0,wrong,correct,3.0
46,0.07005142224137645,-1.0587643359938141,0.3264668832925461,Robins' estimator,0.2,0.2,0.5,0.5,3411,0.0,0.0,0.0,wrong,correct,3.0
47,0.10504730412508691,-1.0218761467944821,0.5585409492210499,Robins' estimator,0.2,0.2,0.5,0.5,3411,0.0,0.0,0.0,wrong,correct,3.0
48,0.15116324580614326,-1.0223825177898804,0.02059919125975675,Robins' estimator,0.2,0.2,0.5,0.5,3411,0.0,0.0,0.0,wrong,correct,3.0
49,-0.23700047183013498,-1.0523713188964352,0.4483851153591829,Robins' estimator,0.2,0.2,0.5,0.5,3411,0.0,0.0,0.0,wrong,correct,3.0
50,-0.31744000768226693,-1.0582030782479006,0.004067387128387683,Robins' estimator,0.2,0.2,0.5,0.5,3411,0.0,0.0,0.0,wrong,correct,3.0
51,0.0768569476579017,-1.0262716747846767,-0.08655284697632218,Robins' estimator,0.2,0.2,0.5,0.5,3411,0.0,0.0,0.0,wrong,correct,3.0
52,0.025179990261144175,-1.0326017936824587,-0.13628866902871623,Robins' estimator,0.2,0.2,0.5,0.5,3411,0.0,0.0,0.0,wrong,correct,3.0
53,0.16580252632035974,-1.0245751245403851,0.24399491239281756,Robins' estimator,0.2,0.2,0.5,0.5,3411,0.0,0.0,0.0,wrong,correct,3.0
54,0.020612767324580325,-1.0148740493406012,0.09497031544234849,Robins' estimator,0.2,0.2,0.5,0.5,3411,0.0,0.0,0.0,wrong,correct,3.0
55,-0.23407576674877176,-1.018754307281227,0.016096514616807615,Robins' estimator,0.2,0.2,0.5,0.5,3411,0.0,0.0,0.0,wrong,correct,3.0
56,-0.21088232504523438,-1.0298300338203297,-0.27825359708891273,Robins' estimator,0.2,0.2,0.5,0.5,3411,0.0,0.0,0.0,wrong,correct,3.0
57,-0.32865525046514893,-1.1033805683773679,-0.328440140149676,Robins' estimator,0.2,0.2,0.5,0.5,3411,0.0,0.0,0.0,wrong,correct,3.0
58,-0.30514878729623285,-1.0928086646687198,-0.3549938210302521,Robins' estimator,0.2,0.2,0.5,0.5,3411,0.0,0.0,0.0,wrong,correct,3.0
59,0.5061430985730698,-1.0213718875705333,0.24131715219050476,Robins' estimator,0.2,0.2,0.5,0.5,3411,0.0,0.0,0.0,wrong,correct,3.0
60,0.005247620547033905,-1.019579203175606,-0.004342264751773325,Robins' estimator,0.2,0.2,0.5,0.5,3411,0.0,0.0,0.0,wrong,correct,3.0
61,0.0524400497638761,-1.055210660028978,-0.038759398870815455,Robins' estimator,0.2,0.2,0.5,0.5,3411,0.0,0.0,0.0,wrong,correct,3.0
62,-0.019921838904968427,-1.0487775247520201,0.36701128037765757,Robins' estimator,0.2,0.2,0.5,0.5,3411,0.0,0.0,0.0,wrong,correct,3.0
63,-0.24770925617167813,-1.0443373465160057,-0.07851436765814385,Robins' estimator,0.2,0.2,0.5,0.5,3411,0.0,0.0,0.0,wrong,correct,3.0
64,-0.01292977102655908,-1.0178082330479403,0.0540066332059841,Robins' estimator,0.2,0.2,0.5,0.5,3411,0.0,0.0,0.0,wrong,correct,3.0
65,-0.35674008343185826,-1.0726619688793566,0.3847210012707325,Robins' estimator,0.2,0.2,0.5,0.5,3411,0.0,0.0,0.0,wrong,correct,3.0
66,0.044404670197517704,-1.000940985948147,0.10794936191499091,Robins' estimator,0.2,0.2,0.5,0.5,3411,0.0,0.0,0.0,wrong,correct,3.0
67,0.27987401006318474,-1.0991576769504374,-0.023904716346376725,Robins' estimator,0.2,0.2,0.5,0.5,3411,0.0,0.0,0.0,wrong,correct,3.0
68,0.03774112217052726,-1.0219813076035136,-0.18220320195981982,Robins' estimator,0.2,0.2,0.5,0.5,3411,0.0,0.0,0.0,wrong,correct,3.0
69,-0.23145494502541109,-1.0720295800172537,0.03439262903270364,Robins' estimator,0.2,0.2,0.5,0.5,3411,0.0,0.0,0.0,wrong,correct,3.0
70,-0.07657382512631832,-1.0607877256267126,-0.01710955058076578,Robins' estimator,0.2,0.2,0.5,0.5,3411,0.0,0.0,0.0,wrong,correct,3.0
71,-0.1841537360583259,-1.0638740121933545,0.21441361162059996,Robins' estimator,0.2,0.2,0.5,0.5,3411,0.0,0.0,0.0,wrong,correct,3.0
72,-0.1842465476606019,-1.0990398105299588,-0.5736677274135581,Robins' estimator,0.2,0.2,0.5,0.5,3411,0.0,0.0,0.0,wrong,correct,3.0
73,-0.014006897724197567,-1.0276918828989468,-0.16034384481503297,Robins' estimator,0.2,0.2,0.5,0.5,3411,0.0,0.0,0.0,wrong,correct,3.0
74,-0.46790476930273156,-1.0745602594482155,0.17531196578432204,Robins' estimator,0.2,0.2,0.5,0.5,3411,0.0,0.0,0.0,wrong,correct,3.0
75,-0.05530129463758467,-1.048214311301671,0.15458362111932147,Robins' estimator,0.2,0.2,0.5,0.5,3411,0.0,0.0,0.0,wrong,correct,3.0
76,0.03766172882064827,-1.0692520167835495,0.018273566723056817,Robins' estimator,0.2,0.2,0.5,0.5,3411,0.0,0.0,0.0,wrong,correct,3.0
77,-0.26547547052750564,-1.0434352101627133,-0.4009925696110823,Robins' estimator,0.2,0.2,0.5,0.5,3411,0.0,0.0,0.0,wrong,correct,3.0
78,-0.5701171339312627,-1.0849231938270885,-0.5147253755336242,Robins' estimator,0.2,0.2,0.5,0.5,3411,0.0,0.0,0.0,wrong,correct,3.0
79,0.0006828321539387343,-1.0676337201553943,0.5336698242410421,Robins' estimator,0.2,0.2,0.5,0.5,3411,0.0,0.0,0.0,wrong,correct,3.0
80,0.09707276703621451,-1.0748129993769493,-0.3602435238944138,Robins' estimator,0.2,0.2,0.5,0.5,3411,0.0,0.0,0.0,wrong,correct,3.0
81,-0.2660183821509734,-1.0768724143232582,-0.3149103448297608,Robins' estimator,0.2,0.2,0.5,0.5,3411,0.0,0.0,0.0,wrong,correct,3.0
82,0.1688200470193719,-1.00129254554008,0.08991625239934434,Robins' estimator,0.2,0.2,0.5,0.5,3411,0.0,0.0,0.0,wrong,correct,3.0
83,-0.10529938245607338,-1.0473190050692662,-0.010065643880867595,Robins' estimator,0.2,0.2,0.5,0.5,3411,0.0,0.0,0.0,wrong,correct,3.0
84,-0.24804148397578313,-1.071741213149051,0.07271197008775615,Robins' estimator,0.2,0.2,0.5,0.5,3411,0.0,0.0,0.0,wrong,correct,3.0
85,-0.3160711544235983,-1.0705975699052852,-0.3524509193095547,Robins' estimator,0.2,0.2,0.5,0.5,3411,0.0,0.0,0.0,wrong,correct,3.0
86,-0.22721555256050907,-1.051137488306994,-0.3190825834179756,Robins' estimator,0.2,0.2,0.5,0.5,3411,0.0,0.0,0.0,wrong,correct,3.0
87,-0.1071380647301095,-1.1062884696375304,0.0985542976324587,Robins' estimator,0.2,0.2,0.5,0.5,3411,0.0,0.0,0.0,wrong,correct,3.0
88,0.22922036298452986,-1.033005095444553,0.08076788739704893,Robins' estimator,0.2,0.2,0.5,0.5,3411,0.0,0.0,0.0,wrong,correct,3.0
89,-0.01946611701194393,-1.0810163886479751,0.23039770619740338,Robins' estimator,0.2,0.2,0.5,0.5,3411,0.0,0.0,0.0,wrong,correct,3.0
90,0.05237784211996617,-1.0844746140007349,0.2702176490306676,Robins' estimator,0.2,0.2,0.5,0.5,3411,0.0,0.0,0.0,wrong,correct,3.0
91,0.0038026452552750055,-1.0379218982158005,-0.07993403207733575,Robins' estimator,0.2,0.2,0.5,0.5,3411,0.0,0.0,0.0,wrong,correct,3.0
92,-0.5564548110077864,-1.0464727557200555,-0.31947910178478417,Robins' estimator,0.2,0.2,0.5,0.5,3411,0.0,0.0,0.0,wrong,correct,3.0
93,-0.005244434228648533,-1.0152736217672647,-0.3206650873012141,Robins' estimator,0.2,0.2,0.5,0.5,3411,0.0,0.0,0.0,wrong,correct,3.0
94,-0.2631305121969635,-1.0688886085822338,0.12371522343731604,Robins' estimator,0.2,0.2,0.5,0.5,3411,0.0,0.0,0.0,wrong,correct,3.0
95,-0.12682197653436392,-1.039939123494368,0.21011830391794564,Robins' estimator,0.2,0.2,0.5,0.5,3411,0.0,0.0,0.0,wrong,correct,3.0
96,-0.11527363487173783,-1.0890991184138334,-0.1520115422197273,Robins' estimator,0.2,0.2,0.5,0.5,3411,0.0,0.0,0.0,wrong,correct,3.0
97,-0.2819212722033808,-1.059809245418428,0.06012814305610896,Robins' estimator,0.2,0.2,0.5,0.5,3411,0.0,0.0,0.0,wrong,correct,3.0
98,0.12324013520386194,-1.0011924622133153,-0.16821196789600126,Robins' estimator,0.2,0.2,0.5,0.5,3411,0.0,0.0,0.0,wrong,correct,3.0
99,-0.29945026119688295,-1.0591061056429003,0.3968378531273799,Robins' estimator,0.2,0.2,0.5,0.5,3411,0.0,0.0,0.0,wrong,correct,3.0
100,-0.04542160958852752,-1.0307779239707353,-0.02349626583944226,Robins' estimator,0.2,0.2,0.5,0.5,3411,0.0,0.0,0.0,wrong,correct,3.0
101,-0.0034708754520125324,-1.0781313565094293,-0.08477837881159997,Robins' estimator,0.2,0.2,0.5,0.5,3411,0.0,0.0,0.0,wrong,correct,3.0
102,0.154284345279444,-1.0722508918050315,-0.16096759041445444,Robins' estimator,0.2,0.2,0.5,0.5,3411,0.0,0.0,0.0,wrong,correct,3.0
103,0.010125582970672066,-1.0630894888863724,0.17205713507420042,Robins' estimator,0.2,0.2,0.5,0.5,3411,0.0,0.0,0.0,wrong,correct,3.0
104,-0.5105087214978604,-1.0239306347265227,0.014199919181860728,Robins' estimator,0.2,0.2,0.5,0.5,3411,0.0,0.0,0.0,wrong,correct,3.0
105,-0.21103267876327347,-1.065973569728157,-0.5268497335079245,Robins' estimator,0.2,0.2,0.5,0.5,3411,0.0,0.0,0.0,wrong,correct,3.0
106,-0.32062572023199043,-1.099418343164673,-0.34461740116132383,Robins' estimator,0.2,0.2,0.5,0.5,3411,0.0,0.0,0.0,wrong,correct,3.0
107,-0.5435949594508533,-1.0850249371147247,0.40601546676051825,Robins' estimator,0.2,0.2,0.5,0.5,3411,0.0,0.0,0.0,wrong,correct,3.0
108,-0.1559137708957216,-1.0438085228682112,0.4322993481817728,Robins' estimator,0.2,0.2,0.5,0.5,3411,0.0,0.0,0.0,wrong,correct,3.0
109,0.011746264002079553,-1.035743339199099,0.21310137024050035,Robins' estimator,0.2,0.2,0.5,0.5,3411,0.0,0.0,0.0,wrong,correct,3.0
110,0.34558421070520823,-1.088027211052818,0.2257125230126028,Robins' estimator,0.2,0.2,0.5,0.5,3411,0.0,0.0,0.0,wrong,correct,3.0
111,0.12205028295257818,-1.0298770213384176,-0.04036516116734688,Robins' estimator,0.2,0.2,0.5,0.5,3411,0.0,0.0,0.0,wrong,correct,3.0
112,-0.12938060641511354,-1.058468593191959,-0.027331394818306882,Robins' estimator,0.2,0.2,0.5,0.5,3411,0.0,0.0,0.0,wrong,correct,3.0
113,-0.4334130685400439,-1.043713218486991,0.1253482399953232,Robins' estimator,0.2,0.2,0.5,0.5,3411,0.0,0.0,0.0,wrong,correct,3.0
114,0.2905810951564663,-1.0586556492510486,-0.20591180911543366,Robins' estimator,0.2,0.2,0.5,0.5,3411,0.0,0.0,0.0,wrong,correct,3.0
115,0.17745222754356973,-1.056569013573507,-0.056593482507448445,Robins' estimator,0.2,0.2,0.5,0.5,3411,0.0,0.0,0.0,wrong,correct,3.0
116,-0.03851706687223599,-1.036418422015884,-0.1549877329042185,Robins' estimator,0.2,0.2,0.5,0.5,3411,0.0,0.0,0.0,wrong,correct,3.0
117,-0.5118391651948948,-1.1288795729367627,-0.051676848015731025,Robins' estimator,0.2,0.2,0.5,0.5,3411,0.0,0.0,0.0,wrong,correct,3.0
118,-0.19312435084902846,-1.096664572243915,-0.2430219148328098,Robins' estimator,0.2,0.2,0.5,0.5,3411,0.0,0.0,0.0,wrong,correct,3.0
119,-0.06310325491308706,-1.05373840591355,-0.040402513095029874,Robins' estimator,0.2,0.2,0.5,0.5,3411,0.0,0.0,0.0,wrong,correct,3.0
120,-0.226645787663723,-1.0415625528915455,0.19263359105994157,Robins' estimator,0.2,0.2,0.5,0.5,3411,0.0,0.0,0.0,wrong,correct,3.0
121,-0.00868520712274501,-1.0193084259821255,0.2747072927074659,Robins' estimator,0.2,0.2,0.5,0.5,3411,0.0,0.0,0.0,wrong,correct,3.0
122,0.5038654678329249,-1.0557734724152126,-0.021447959970178725,Robins' estimator,0.2,0.2,0.5,0.5,3411,0.0,0.0,0.0,wrong,correct,3.0
123,0.2720719611881805,-1.0083858257351241,0.13567886152166436,Robins' estimator,0.2,0.2,0.5,0.5,3411,0.0,0.0,0.0,wrong,correct,3.0
124,-0.04962332409316387,-1.0730845601568038,-0.3122466302813049,Robins' estimator,0.2,0.2,0.5,0.5,3411,0.0,0.0,0.0,wrong,correct,3.0
125,-0.13721578980733876,-1.0266765322170917,0.2531181425796134,Robins' estimator,0.2,0.2,0.5,0.5,3411,0.0,0.0,0.0,wrong,correct,3.0
126,-0.10399216439190712,-1.0558603962641446,0.02958312944383064,Robins' estimator,0.2,0.2,0.5,0.5,3411,0.0,0.0,0.0,wrong,correct,3.0
127,-0.0023677656948776714,-1.0403137260053206,0.1851757491032327,Robins' estimator,0.2,0.2,0.5,0.5,3411,0.0,0.0,0.0,wrong,correct,3.0
128,0.3053771547004185,-1.064283115890748,0.3442144663341767,Robins' estimator,0.2,0.2,0.5,0.5,3411,0.0,0.0,0.0,wrong,correct,3.0
129,-0.028940006370127752,-1.0418893604333908,0.32370674275552896,Robins' estimator,0.2,0.2,0.5,0.5,3411,0.0,0.0,0.0,wrong,correct,3.0
130,-0.17811056791824173,-1.1073755433941919,-0.2014641353219515,Robins' estimator,0.2,0.2,0.5,0.5,3411,0.0,0.0,0.0,wrong,correct,3.0
131,-0.03467212152947086,-1.0506985434971885,-0.030798620030610468,Robins' estimator,0.2,0.2,0.5,0.5,3411,0.0,0.0,0.0,wrong,correct,3.0
132,-0.45290035733486234,-1.0681900966350066,0.07071482453453282,Robins' estimator,0.2,0.2,0.5,0.5,3411,0.0,0.0,0.0,wrong,correct,3.0
133,-0.10479212232578898,-1.0780714080873017,0.05544399322678972,Robins' estimator,0.2,0.2,0.5,0.5,3411,0.0,0.0,0.0,wrong,correct,3.0
134,0.020615079957972442,-1.0733214771712125,0.17866925760044122,Robins' estimator,0.2,0.2,0.5,0.5,3411,0.0,0.0,0.0,wrong,correct,3.0
135,0.11705967794895826,-1.066328334994668,-0.15047352667809097,Robins' estimator,0.2,0.2,0.5,0.5,3411,0.0,0.0,0.0,wrong,correct,3.0
136,-0.22615328540174448,-1.0652228989191785,-0.08254496780338344,Robins' estimator,0.2,0.2,0.5,0.5,3411,0.0,0.0,0.0,wrong,correct,3.0
137,-0.026515891614151972,-1.0279167368511428,-0.0551957716231649,Robins' estimator,0.2,0.2,0.5,0.5,3411,0.0,0.0,0.0,wrong,correct,3.0
138,0.3775064719040689,-1.0463736413586586,0.07695264199420991,Robins' estimator,0.2,0.2,0.5,0.5,3411,0.0,0.0,0.0,wrong,correct,3.0
139,-0.18717859985886692,-1.0610761781202507,-0.17802700759078488,Robins' estimator,0.2,0.2,0.5,0.5,3411,0.0,0.0,0.0,wrong,correct,3.0
140,0.3304655393366594,-1.0439701040232459,0.2020790205872256,Robins' estimator,0.2,0.2,0.5,0.5,3411,0.0,0.0,0.0,wrong,correct,3.0
141,-0.004904137219147488,-1.0691580814140422,0.04766749748066128,Robins' estimator,0.2,0.2,0.5,0.5,3411,0.0,0.0,0.0,wrong,correct,3.0
142,0.09858611700471814,-1.0830560440638684,0.20863330346929107,Robins' estimator,0.2,0.2,0.5,0.5,3411,0.0,0.0,0.0,wrong,correct,3.0
143,0.18656301954364596,-1.0220453914869883,0.03075769890857754,Robins' estimator,0.2,0.2,0.5,0.5,3411,0.0,0.0,0.0,wrong,correct,3.0
144,0.262172924467311,-1.0117867073687785,0.10411046474832215,Robins' estimator,0.2,0.2,0.5,0.5,3411,0.0,0.0,0.0,wrong,correct,3.0
145,0.20283513513861462,-1.0395718004252115,0.5674023799403579,Robins' estimator,0.2,0.2,0.5,0.5,3411,0.0,0.0,0.0,wrong,correct,3.0
146,-0.14406252779116183,-1.0649037744019516,-0.09227917651134906,Robins' estimator,0.2,0.2,0.5,0.5,3411,0.0,0.0,0.0,wrong,correct,3.0
147,0.0006704983814785699,-1.04923934635867,-0.04698409267445194,Robins' estimator,0.2,0.2,0.5,0.5,3411,0.0,0.0,0.0,wrong,correct,3.0
148,0.18286213072280724,-1.0515129502970975,-0.005244723569065699,Robins' estimator,0.2,0.2,0.5,0.5,3411,0.0,0.0,0.0,wrong,correct,3.0
149,-0.17659988310136213,-1.067776863148716,0.06765480535370012,Robins' estimator,0.2,0.2,0.5,0.5,3411,0.0,0.0,0.0,wrong,correct,3.0
150,0.14749321292295012,-1.0570204316123213,-0.08866446727634586,Robins' estimator,0.2,0.2,0.5,0.5,3411,0.0,0.0,0.0,wrong,correct,3.0
151,0.02100569771606715,-1.066630075858749,-0.16754628642596617,Robins' estimator,0.2,0.2,0.5,0.5,3411,0.0,0.0,0.0,wrong,correct,3.0
152,0.08103390073327303,-1.070968480921907,0.059365296552644206,Robins' estimator,0.2,0.2,0.5,0.5,3411,0.0,0.0,0.0,wrong,correct,3.0
153,0.15268980216360797,-1.0502510218701675,0.2804528685983403,Robins' estimator,0.2,0.2,0.5,0.5,3411,0.0,0.0,0.0,wrong,correct,3.0
154,0.010920045440326253,-0.9814249509387254,0.03798128143667795,Robins' estimator,0.2,0.2,0.5,0.5,3411,0.0,0.0,0.0,wrong,correct,3.0
155,0.060015493041271094,-1.024809303006961,-0.3436055378641361,Robins' estimator,0.2,0.2,0.5,0.5,3411,0.0,0.0,0.0,wrong,correct,3.0
156,0.39742526956049035,-1.0694873706885155,0.35372125923424885,Robins' estimator,0.2,0.2,0.5,0.5,3411,0.0,0.0,0.0,wrong,correct,3.0
157,-0.04379877129439668,-1.033948815235414,-0.38886860196854267,Robins' estimator,0.2,0.2,0.5,0.5,3411,0.0,0.0,0.0,wrong,correct,3.0
158,0.23857642831553064,-1.0191769623234417,0.09018486626318298,Robins' estimator,0.2,0.2,0.5,0.5,3411,0.0,0.0,0.0,wrong,correct,3.0
159,-0.018721401297915077,-0.9622656029622558,0.250616976685561,Robins' estimator,0.2,0.2,0.5,0.5,3411,0.0,0.0,0.0,wrong,correct,3.0
160,0.14244087814590284,-1.0648060816675247,0.3282494445006031,Robins' estimator,0.2,0.2,0.5,0.5,3411,0.0,0.0,0.0,wrong,correct,3.0
161,-0.008899028009268239,-1.0274828102606883,-0.25082957315174315,Robins' estimator,0.2,0.2,0.5,0.5,3411,0.0,0.0,0.0,wrong,correct,3.0
162,0.25177762515387997,-0.9869723203736216,-0.2555650227764144,Robins' estimator,0.2,0.2,0.5,0.5,3411,0.0,0.0,0.0,wrong,correct,3.0
163,0.01577479001679969,-1.0185938702167354,-0.0019066649717156335,Robins' estimator,0.2,0.2,0.5,0.5,3411,0.0,0.0,0.0,wrong,correct,3.0
164,-0.5226328673531259,-1.021088028565201,-0.6698759818113232,Robins' estimator,0.2,0.2,0.5,0.5,3411,0.0,0.0,0.0,wrong,correct,3.0
165,-0.11191785840571757,-1.0223696401344977,-0.04210041330092811,Robins' estimator,0.2,0.2,0.5,0.5,3411,0.0,0.0,0.0,wrong,correct,3.0
166,0.1073746939951865,-1.091342727660569,0.2290798097679102,Robins' estimator,0.2,0.2,0.5,0.5,3411,0.0,0.0,0.0,wrong,correct,3.0
167,-0.23614174186746126,-1.0174295856693114,-0.23001585599333466,Robins' estimator,0.2,0.2,0.5,0.5,3411,0.0,0.0,0.0,wrong,correct,3.0
168,0.09248539395467711,-1.0852398929175024,-0.35167222114634317,Robins' estimator,0.2,0.2,0.5,0.5,3411,0.0,0.0,0.0,wrong,correct,3.0
169,-0.16765842666251352,-0.9914422491732938,-0.1983945757396125,Robins' estimator,0.2,0.2,0.5,0.5,3411,0.0,0.0,0.0,wrong,correct,3.0
170,0.04830646207432628,-1.0629617343035247,0.005874528489976766,Robins' estimator,0.2,0.2,0.5,0.5,3411,0.0,0.0,0.0,wrong,correct,3.0
171,-0.2952291775382139,-1.053190641625226,-0.37063206338526433,Robins' estimator,0.2,0.2,0.5,0.5,3411,0.0,0.0,0.0,wrong,correct,3.0
172,-0.16977644309424342,-1.03444615154406,-0.14509744831069535,Robins' estimator,0.2,0.2,0.5,0.5,3411,0.0,0.0,0.0,wrong,correct,3.0
173,-0.04886424835961468,-1.0709860208207946,0.0791560913941372,Robins' estimator,0.2,0.2,0.5,0.5,3411,0.0,0.0,0.0,wrong,correct,3.0
174,0.11735819451590561,-1.0221733343887403,0.10885260506993409,Robins' estimator,0.2,0.2,0.5,0.5,3411,0.0,0.0,0.0,wrong,correct,3.0
175,0.3320803382792351,-1.0667991351425035,-0.1033301616964396,Robins' estimator,0.2,0.2,0.5,0.5,3411,0.0,0.0,0.0,wrong,correct,3.0
176,-0.2893940183212775,-1.0652911491487431,-0.1931976243728417,Robins' estimator,0.2,0.2,0.5,0.5,3411,0.0,0.0,0.0,wrong,correct,3.0
177,0.12867057784331767,-1.0608324809648606,-0.20783085607177545,Robins' estimator,0.2,0.2,0.5,0.5,3411,0.0,0.0,0.0,wrong,correct,3.0
178,0.07157127468561687,-1.0552796299917833,0.38507233521564915,Robins' estimator,0.2,0.2,0.5,0.5,3411,0.0,0.0,0.0,wrong,correct,3.0
179,-0.18217737351495808,-1.0595033528155877,0.1659518563476192,Robins' estimator,0.2,0.2,0.5,0.5,3411,0.0,0.0,0.0,wrong,correct,3.0
180,0.21188972222664312,-1.0324940093523094,-0.2160218984160865,Robins' estimator,0.2,0.2,0.5,0.5,3411,0.0,0.0,0.0,wrong,correct,3.0
181,0.10366773387710163,-1.0405209668498283,0.2981480105548035,Robins' estimator,0.2,0.2,0.5,0.5,3411,0.0,0.0,0.0,wrong,correct,3.0
182,0.1878389748158326,-1.054340040607667,0.028871740296443592,Robins' estimator,0.2,0.2,0.5,0.5,3411,0.0,0.0,0.0,wrong,correct,3.0
183,0.32119255820304504,-1.0158447842355394,0.11393572617409649,Robins' estimator,0.2,0.2,0.5,0.5,3411,0.0,0.0,0.0,wrong,correct,3.0
184,0.0415136390861994,-1.0110381644346031,-0.11678188656700694,Robins' estimator,0.2,0.2,0.5,0.5,3411,0.0,0.0,0.0,wrong,correct,3.0
185,-0.016207323306379202,-1.0463215197799527,-0.21520160231788496,Robins' estimator,0.2,0.2,0.5,0.5,3411,0.0,0.0,0.0,wrong,correct,3.0
186,0.15772154567389027,-1.0274508111218632,0.17364164368567095,Robins' estimator,0.2,0.2,0.5,0.5,3411,0.0,0.0,0.0,wrong,correct,3.0
187,0.24820659224046557,-1.031506936824041,-0.045957585337714074,Robins' estimator,0.2,0.2,0.5,0.5,3411,0.0,0.0,0.0,wrong,correct,3.0
188,-0.09515672038041546,-1.0456843482836728,-0.3635170329025652,Robins' estimator,0.2,0.2,0.5,0.5,3411,0.0,0.0,0.0,wrong,correct,3.0
189,0.41711702627004393,-1.0611323957338097,0.354872495325122,Robins' estimator,0.2,0.2,0.5,0.5,3411,0.0,0.0,0.0,wrong,correct,3.0
190,0.15480350318351288,-1.0017970689023425,0.18106725258754877,Robins' estimator,0.2,0.2,0.5,0.5,3411,0.0,0.0,0.0,wrong,correct,3.0
191,-0.28466155139053206,-1.0656472212852202,0.12863433350727876,Robins' estimator,0.2,0.2,0.5,0.5,3411,0.0,0.0,0.0,wrong,correct,3.0
192,-0.052304099023064744,-1.0162831457789954,0.10039779081566473,Robins' estimator,0.2,0.2,0.5,0.5,3411,0.0,0.0,0.0,wrong,correct,3.0
193,-0.34642999996521323,-1.010179659408827,0.05042562319797327,Robins' estimator,0.2,0.2,0.5,0.5,3411,0.0,0.0,0.0,wrong,correct,3.0
194,0.4312535421165119,-1.0455003676940695,0.24570299738116771,Robins' estimator,0.2,0.2,0.5,0.5,3411,0.0,0.0,0.0,wrong,correct,3.0
195,-0.5169612028098411,-1.0857171159806502,-0.0020020563527261568,Robins' estimator,0.2,0.2,0.5,0.5,3411,0.0,0.0,0.0,wrong,correct,3.0
196,-0.1717450632550554,-1.082765038711808,-0.014223405146429205,Robins' estimator,0.2,0.2,0.5,0.5,3411,0.0,0.0,0.0,wrong,correct,3.0
197,-0.056055096146588185,-1.0600894328007628,0.22818850178350453,Robins' estimator,0.2,0.2,0.5,0.5,3411,0.0,0.0,0.0,wrong,correct,3.0
198,0.13688889104821472,-1.057603436430525,-0.3140775187328607,Robins' estimator,0.2,0.2,0.5,0.5,3411,0.0,0.0,0.0,wrong,correct,3.0
199,0.396677734670338,-1.026795290192623,0.26431445726474134,Robins' estimator,0.2,0.2,0.5,0.5,3411,0.0,0.0,0.0,wrong,correct,3.0
200,-0.029900374639057148,-1.011295584468204,0.08468143045112593,Robins' estimator,0.2,0.2,0.5,0.5,3411,0.0,0.0,0.0,wrong,correct,3.0
201,0.09565880901073949,-1.0622052092640886,0.21703310331144843,Robins' estimator,0.2,0.2,0.5,0.5,3411,0.0,0.0,0.0,wrong,correct,3.0
202,-0.051652865825149545,-1.044611404194153,-0.055204716069872276,Robins' estimator,0.2,0.2,0.5,0.5,3411,0.0,0.0,0.0,wrong,correct,3.0
203,0.2615636719291652,-1.0605377365599424,0.0967858136893986,Robins' estimator,0.2,0.2,0.5,0.5,3411,0.0,0.0,0.0,wrong,correct,3.0
204,0.1725249993910757,-1.062791318416099,0.2357189137739622,Robins' estimator,0.2,0.2,0.5,0.5,3411,0.0,0.0,0.0,wrong,correct,3.0
205,0.10104975497567328,-1.0193686691696822,0.1672209308228363,Robins' estimator,0.2,0.2,0.5,0.5,3411,0.0,0.0,0.0,wrong,correct,3.0
206,0.12355716063935307,-1.0512868810768978,0.10137375251404276,Robins' estimator,0.2,0.2,0.5,0.5,3411,0.0,0.0,0.0,wrong,correct,3.0
207,0.2085129321501735,-1.0103211164114132,0.10376108341878804,Robins' estimator,0.2,0.2,0.5,0.5,3411,0.0,0.0,0.0,wrong,correct,3.0
208,-0.3257882640086692,-1.0685923663133972,0.13184932913919775,Robins' estimator,0.2,0.2,0.5,0.5,3411,0.0,0.0,0.0,wrong,correct,3.0
209,-0.0643583187398892,-1.0192177675783733,0.04669642856520731,Robins' estimator,0.2,0.2,0.5,0.5,3411,0.0,0.0,0.0,wrong,correct,3.0
210,0.12771944012206413,-1.042695606801353,0.5078561991298761,Robins' estimator,0.2,0.2,0.5,0.5,3411,0.0,0.0,0.0,wrong,correct,3.0
211,0.3622986632862638,-1.0061348074004057,0.21554982912480786,Robins' estimator,0.2,0.2,0.5,0.5,3411,0.0,0.0,0.0,wrong,correct,3.0
212,0.2560865293340638,-1.0480600611060726,-0.038801902235619364,Robins' estimator,0.2,0.2,0.5,0.5,3411,0.0,0.0,0.0,wrong,correct,3.0
213,0.08395332256682965,-1.0862312697447558,-0.11279002605876239,Robins' estimator,0.2,0.2,0.5,0.5,3411,0.0,0.0,0.0,wrong,correct,3.0
214,-0.2778000462710327,-1.058851887805922,0.20892983401055185,Robins' estimator,0.2,0.2,0.5,0.5,3411,0.0,0.0,0.0,wrong,correct,3.0
215,-0.09047000892076693,-1.074938457545054,0.11667385267155615,Robins' estimator,0.2,0.2,0.5,0.5,3411,0.0,0.0,0.0,wrong,correct,3.0
216,0.3267269860090683,-1.0459170185233684,0.2880597842525336,Robins' estimator,0.2,0.2,0.5,0.5,3411,0.0,0.0,0.0,wrong,correct,3.0
217,0.3659929339230667,-1.011721402865739,0.10574806958347081,Robins' estimator,0.2,0.2,0.5,0.5,3411,0.0,0.0,0.0,wrong,correct,3.0
218,-0.14759198226225176,-1.08163608228518,0.09591108887631435,Robins' estimator,0.2,0.2,0.5,0.5,3411,0.0,0.0,0.0,wrong,correct,3.0
219,-0.015193967887630711,-1.0614632659460963,0.2118219686137162,Robins' estimator,0.2,0.2,0.5,0.5,3411,0.0,0.0,0.0,wrong,correct,3.0
220,0.24168344989681423,-1.0529089330411034,-0.0782511308966998,Robins' estimator,0.2,0.2,0.5,0.5,3411,0.0,0.0,0.0,wrong,correct,3.0
221,0.06285645338385958,-1.063124237934302,-0.2253050815086056,Robins' estimator,0.2,0.2,0.5,0.5,3411,0.0,0.0,0.0,wrong,correct,3.0
222,0.059019320671170716,-1.0291230736456285,0.07918569221939174,Robins' estimator,0.2,0.2,0.5,0.5,3411,0.0,0.0,0.0,wrong,correct,3.0
223,0.0634695836583523,-1.0262490533687199,0.7195645531048256,Robins' estimator,0.2,0.2,0.5,0.5,3411,0.0,0.0,0.0,wrong,correct,3.0
224,-0.1984691942721041,-1.0986873239027328,-0.26193426022754684,Robins' estimator,0.2,0.2,0.5,0.5,3411,0.0,0.0,0.0,wrong,correct,3.0
225,-0.14253430023738006,-1.0641983047028902,-0.0023623790515764904,Robins' estimator,0.2,0.2,0.5,0.5,3411,0.0,0.0,0.0,wrong,correct,3.0
226,0.22429932115366774,-1.012001266348912,0.10749678949453514,Robins' estimator,0.2,0.2,0.5,0.5,3411,0.0,0.0,0.0,wrong,correct,3.0
227,0.339567215311488,-1.070658830906353,0.3474585916115006,Robins' estimator,0.2,0.2,0.5,0.5,3411,0.0,0.0,0.0,wrong,correct,3.0
228,0.20140695726044805,-1.0458609343070058,0.149744213558756,Robins' estimator,0.2,0.2,0.5,0.5,3411,0.0,0.0,0.0,wrong,correct,3.0
229,-0.06345932787667663,-1.0750865293060163,-0.05441234455981135,Robins' estimator,0.2,0.2,0.5,0.5,3411,0.0,0.0,0.0,wrong,correct,3.0
230,-0.23404379395356542,-1.0252603367122952,-0.25333318218387857,Robins' estimator,0.2,0.2,0.5,0.5,3411,0.0,0.0,0.0,wrong,correct,3.0
231,0.340254489663007,-1.0365941565663375,0.18692644728784438,Robins' estimator,0.2,0.2,0.5,0.5,3411,0.0,0.0,0.0,wrong,correct,3.0
232,-0.1847983851742258,-1.0759397351682258,-0.1113698175369891,Robins' estimator,0.2,0.2,0.5,0.5,3411,0.0,0.0,0.0,wrong,correct,3.0
233,-0.2795143544425019,-1.0591020017037664,0.2566161917600923,Robins' estimator,0.2,0.2,0.5,0.5,3411,0.0,0.0,0.0,wrong,correct,3.0
234,-0.033441760993695335,-1.0603308750521885,0.11846755670483325,Robins' estimator,0.2,0.2,0.5,0.5,3411,0.0,0.0,0.0,wrong,correct,3.0
235,-0.23057309810455417,-1.0384978024943907,0.0036018571654442668,Robins' estimator,0.2,0.2,0.5,0.5,3411,0.0,0.0,0.0,wrong,correct,3.0
236,-0.3348084076843548,-1.0413288409255683,0.05608012254648034,Robins' estimator,0.2,0.2,0.5,0.5,3411,0.0,0.0,0.0,wrong,correct,3.0
237,-0.0710560672149473,-1.0509666721336488,0.18738269090714438,Robins' estimator,0.2,0.2,0.5,0.5,3411,0.0,0.0,0.0,wrong,correct,3.0
238,0.16230264088133747,-1.0243657271631492,-0.029730357273515976,Robins' estimator,0.2,0.2,0.5,0.5,3411,0.0,0.0,0.0,wrong,correct,3.0
239,-0.2515676743083683,-1.0964863519824537,-0.16274236180368576,Robins' estimator,0.2,0.2,0.5,0.5,3411,0.0,0.0,0.0,wrong,correct,3.0
240,0.07835044496282531,-1.0475467156225722,-0.0018479519048989453,Robins' estimator,0.2,0.2,0.5,0.5,3411,0.0,0.0,0.0,wrong,correct,3.0
241,-0.13209142312588162,-0.9821936416064734,0.11484164453180437,Robins' estimator,0.2,0.2,0.5,0.5,3411,0.0,0.0,0.0,wrong,correct,3.0
242,0.259440553507594,-1.002605180421127,-0.003142602859681295,Robins' estimator,0.2,0.2,0.5,0.5,3411,0.0,0.0,0.0,wrong,correct,3.0
243,0.008938885763932371,-1.0342063169142108,-0.06598807943761836,Robins' estimator,0.2,0.2,0.5,0.5,3411,0.0,0.0,0.0,wrong,correct,3.0
244,0.11063882243415331,-1.0434716548346736,0.2827733199734451,Robins' estimator,0.2,0.2,0.5,0.5,3411,0.0,0.0,0.0,wrong,correct,3.0
245,0.08843999272727703,-1.054046912972114,0.0019295224130501287,Robins' estimator,0.2,0.2,0.5,0.5,3411,0.0,0.0,0.0,wrong,correct,3.0
246,-0.5216695504359521,-1.0869978689168602,-0.17408677112298163,Robins' estimator,0.2,0.2,0.5,0.5,3411,0.0,0.0,0.0,wrong,correct,3.0
247,-0.0012253638755675362,-1.0696911958325859,-0.24002940627824823,Robins' estimator,0.2,0.2,0.5,0.5,3411,0.0,0.0,0.0,wrong,correct,3.0
248,0.23016895049236757,-1.0550049702272768,-0.2255941205183393,Robins' estimator,0.2,0.2,0.5,0.5,3411,0.0,0.0,0.0,wrong,correct,3.0
249,0.16644424052524553,-1.002036806269679,0.010063245518441385,Robins' estimator,0.2,0.2,0.5,0.5,3411,0.0,0.0,0.0,wrong,correct,3.0
250,-0.08508168200127479,-1.037508217921568,-0.1575892240239832,Robins' estimator,0.2,0.2,0.5,0.5,3411,0.0,0.0,0.0,wrong,correct,3.0
251,-0.10830930331471354,-1.0269344276537686,-0.0966354375932049,Robins' estimator,0.2,0.2,0.5,0.5,3411,0.0,0.0,0.0,wrong,correct,3.0
252,0.14700718972544807,-1.012949576753309,-0.03426528810570787,Robins' estimator,0.2,0.2,0.5,0.5,3411,0.0,0.0,0.0,wrong,correct,3.0
253,-0.17970099601241493,-1.0147614894927213,0.10704843186841867,Robins' estimator,0.2,0.2,0.5,0.5,3411,0.0,0.0,0.0,wrong,correct,3.0
254,0.08298149923247822,-1.0577028407179085,-0.5120928894452308,Robins' estimator,0.2,0.2,0.5,0.5,3411,0.0,0.0,0.0,wrong,correct,3.0
255,-0.034433347306132414,-1.0812577355625055,-0.20321842408183535,Robins' estimator,0.2,0.2,0.5,0.5,3411,0.0,0.0,0.0,wrong,correct,3.0
256,-0.16917009445765577,-1.0775638443742088,-0.5551349866363274,Robins' estimator,0.2,0.2,0.5,0.5,3411,0.0,0.0,0.0,wrong,correct,3.0
257,-0.0503241452655596,-1.0197053624727246,0.2185721410085936,Robins' estimator,0.2,0.2,0.5,0.5,3411,0.0,0.0,0.0,wrong,correct,3.0
258,-0.43250275598744287,-1.0443956790693625,0.10233644149612671,Robins' estimator,0.2,0.2,0.5,0.5,3411,0.0,0.0,0.0,wrong,correct,3.0
259,-0.09043752886361181,-1.097961574913261,-0.1163769797781344,Robins' estimator,0.2,0.2,0.5,0.5,3411,0.0,0.0,0.0,wrong,correct,3.0
260,-0.12401437768916182,-1.0683401965477357,-0.3280308358296482,Robins' estimator,0.2,0.2,0.5,0.5,3411,0.0,0.0,0.0,wrong,correct,3.0
261,0.04628157340566912,-1.0407475067949385,0.07642301987062476,Robins' estimator,0.2,0.2,0.5,0.5,3411,0.0,0.0,0.0,wrong,correct,3.0
262,-0.15652224607683438,-0.9994200902907517,0.13940628949845205,Robins' estimator,0.2,0.2,0.5,0.5,3411,0.0,0.0,0.0,wrong,correct,3.0
263,-0.18392033138283798,-1.093357124196246,-0.02571253829737246,Robins' estimator,0.2,0.2,0.5,0.5,3411,0.0,0.0,0.0,wrong,correct,3.0
264,0.18036898917621108,-0.9931965136890356,-0.07242425474361225,Robins' estimator,0.2,0.2,0.5,0.5,3411,0.0,0.0,0.0,wrong,correct,3.0
265,-0.048363588412600356,-1.0227449360592231,-0.10123166262604352,Robins' estimator,0.2,0.2,0.5,0.5,3411,0.0,0.0,0.0,wrong,correct,3.0
266,-0.08083291716066682,-1.0469639272261846,-0.22886220451556757,Robins' estimator,0.2,0.2,0.5,0.5,3411,0.0,0.0,0.0,wrong,correct,3.0
267,-0.15233387337947638,-1.0405607507623962,-0.027316462046328833,Robins' estimator,0.2,0.2,0.5,0.5,3411,0.0,0.0,0.0,wrong,correct,3.0
268,-0.2312413932039998,-1.020368780737363,0.044699704284753214,Robins' estimator,0.2,0.2,0.5,0.5,3411,0.0,0.0,0.0,wrong,correct,3.0
269,-0.2655695022687972,-1.02212501201002,0.17800503427650968,Robins' estimator,0.2,0.2,0.5,0.5,3411,0.0,0.0,0.0,wrong,correct,3.0
270,-0.021522649695240672,-1.0822649081314866,0.3065333873892036,Robins' estimator,0.2,0.2,0.5,0.5,3411,0.0,0.0,0.0,wrong,correct,3.0
271,-0.09618174264482854,-1.0427089042035576,-0.05943695010625587,Robins' estimator,0.2,0.2,0.5,0.5,3411,0.0,0.0,0.0,wrong,correct,3.0
272,-0.31692423281859045,-1.0651850273698467,-0.3796635445886567,Robins' estimator,0.2,0.2,0.5,0.5,3411,0.0,0.0,0.0,wrong,correct,3.0
273,0.13933465856638186,-1.039380832430998,-0.10709706923301972,Robins' estimator,0.2,0.2,0.5,0.5,3411,0.0,0.0,0.0,wrong,correct,3.0
274,-0.1467459964985139,-1.0076398407029152,-0.285940866843486,Robins' estimator,0.2,0.2,0.5,0.5,3411,0.0,0.0,0.0,wrong,correct,3.0
275,-0.002316716252244609,-1.0057462294419153,-0.01798198814962408,Robins' estimator,0.2,0.2,0.5,0.5,3411,0.0,0.0,0.0,wrong,correct,3.0
276,0.003758216051139382,-1.0925803321266787,-0.12008592738507477,Robins' estimator,0.2,0.2,0.5,0.5,3411,0.0,0.0,0.0,wrong,correct,3.0
277,0.3172406009725995,-1.0329055633975102,-0.013754905777157121,Robins' estimator,0.2,0.2,0.5,0.5,3411,0.0,0.0,0.0,wrong,correct,3.0
278,0.24753780886701643,-1.0546014301518407,0.08404229283516708,Robins' estimator,0.2,0.2,0.5,0.5,3411,0.0,0.0,0.0,wrong,correct,3.0
279,-0.0031710556060596984,-1.0573313408117817,-0.10308161992143305,Robins' estimator,0.2,0.2,0.5,0.5,3411,0.0,0.0,0.0,wrong,correct,3.0
280,0.06834914696078496,-1.0094112501116312,0.051315033121169404,Robins' estimator,0.2,0.2,0.5,0.5,3411,0.0,0.0,0.0,wrong,correct,3.0
281,0.24795722220457095,-0.9997692966453037,0.35224677180625674,Robins' estimator,0.2,0.2,0.5,0.5,3411,0.0,0.0,0.0,wrong,correct,3.0
282,0.2581953949746999,-1.0731684582999768,-0.09062196399378966,Robins' estimator,0.2,0.2,0.5,0.5,3411,0.0,0.0,0.0,wrong,correct,3.0
283,0.27210147518361616,-1.0449952149325032,-0.1284195212686036,Robins' estimator,0.2,0.2,0.5,0.5,3411,0.0,0.0,0.0,wrong,correct,3.0
284,-0.0562305807416338,-1.0347515080059775,-0.12167456622268827,Robins' estimator,0.2,0.2,0.5,0.5,3411,0.0,0.0,0.0,wrong,correct,3.0
285,-0.008781220598083356,-1.0985434596617165,-0.13953977695546246,Robins' estimator,0.2,0.2,0.5,0.5,3411,0.0,0.0,0.0,wrong,correct,3.0
286,0.01507582938933323,-1.0664249298328403,-0.03603736463603269,Robins' estimator,0.2,0.2,0.5,0.5,3411,0.0,0.0,0.0,wrong,correct,3.0
287,0.23008969677412813,-1.047894139291363,-0.06953302964000349,Robins' estimator,0.2,0.2,0.5,0.5,3411,0.0,0.0,0.0,wrong,correct,3.0
288,-0.490848597215851,-1.0550949572512978,-0.02508353635913172,Robins' estimator,0.2,0.2,0.5,0.5,3411,0.0,0.0,0.0,wrong,correct,3.0
289,-0.2666442984046049,-1.0098359960948795,0.24427947162947633,Robins' estimator,0.2,0.2,0.5,0.5,3411,0.0,0.0,0.0,wrong,correct,3.0
290,-0.2592736417388071,-1.0549073435776468,-0.31773922173793784,Robins' estimator,0.2,0.2,0.5,0.5,3411,0.0,0.0,0.0,wrong,correct,3.0
291,0.35768634976943253,-1.0530273125596348,0.16562430800266706,Robins' estimator,0.2,0.2,0.5,0.5,3411,0.0,0.0,0.0,wrong,correct,3.0
292,0.3878812145622679,-1.0239538362532528,0.02053564155611212,Robins' estimator,0.2,0.2,0.5,0.5,3411,0.0,0.0,0.0,wrong,correct,3.0
293,-0.15495936845308883,-1.0526231272831943,0.12259044274496271,Robins' estimator,0.2,0.2,0.5,0.5,3411,0.0,0.0,0.0,wrong,correct,3.0
294,0.24551571584017715,-1.061303557229034,0.0013179131569978682,Robins' estimator,0.2,0.2,0.5,0.5,3411,0.0,0.0,0.0,wrong,correct,3.0
295,0.07856266402799243,-1.0239627194699104,0.03787079866968666,Robins' estimator,0.2,0.2,0.5,0.5,3411,0.0,0.0,0.0,wrong,correct,3.0
296,0.1645494109446467,-1.051278458370205,-0.025133360080998448,Robins' estimator,0.2,0.2,0.5,0.5,3411,0.0,0.0,0.0,wrong,correct,3.0
297,-0.11248415609726121,-1.0678371405015883,-0.1510670266823282,Robins' estimator,0.2,0.2,0.5,0.5,3411,0.0,0.0,0.0,wrong,correct,3.0
298,0.4249493790639964,-1.0326622950759612,0.0436357916962754,Robins' estimator,0.2,0.2,0.5,0.5,3411,0.0,0.0,0.0,wrong,correct,3.0
299,-0.02736213832865744,-0.9868444669155011,-0.18435319122252605,Robins' estimator,0.2,0.2,0.5,0.5,3411,0.0,0.0,0.0,wrong,correct,3.0
300,-0.03922043380004501,-1.0618988425325755,0.07852432950028798,Robins' estimator,0.2,0.2,0.5,0.5,3411,0.0,0.0,0.0,wrong,correct,3.0
1,-0.16351110971478774,-1.1274769418733368,0.2785610872807116,GMM estimator,0.2,0.2,0.5,0.5,3411,0.0,0.0,0.0,wrong,correct,3.0
2,-0.1201417219594006,-1.0309636573969225,0.25405527024895036,GMM estimator,0.2,0.2,0.5,0.5,3411,0.0,0.0,0.0,wrong,correct,3.0
3,-0.5160449821675218,-1.0143685162618232,-0.025563070712749037,GMM estimator,0.2,0.2,0.5,0.5,3411,0.0,0.0,0.0,wrong,correct,3.0
4,0.2887266487714708,-1.046120442355521,0.0095665251601539,GMM estimator,0.2,0.2,0.5,0.5,3411,0.0,0.0,0.0,wrong,correct,3.0
5,-0.3491354540640862,-1.0346303668985224,-0.4881651842913475,GMM estimator,0.2,0.2,0.5,0.5,3411,0.0,0.0,0.0,wrong,correct,3.0
6,0.25159290124841516,-1.051514971842653,0.2162210983866696,GMM estimator,0.2,0.2,0.5,0.5,3411,0.0,0.0,0.0,wrong,correct,3.0
7,0.2105222197802006,-1.0756442706216245,0.0044748019650676365,GMM estimator,0.2,0.2,0.5,0.5,3411,0.0,0.0,0.0,wrong,correct,3.0
8,-0.37364650455562115,-1.0721477062162459,0.07839119676662397,GMM estimator,0.2,0.2,0.5,0.5,3411,0.0,0.0,0.0,wrong,correct,3.0
9,-0.2173011801305066,-1.0532844380138349,0.230648056446869,GMM estimator,0.2,0.2,0.5,0.5,3411,0.0,0.0,0.0,wrong,correct,3.0
10,-0.2795625781959435,-1.0870352737478246,-0.08099596291141921,GMM estimator,0.2,0.2,0.5,0.5,3411,0.0,0.0,0.0,wrong,correct,3.0
11,0.21238354505854135,-1.0506449892182952,0.1464448291758009,GMM estimator,0.2,0.2,0.5,0.5,3411,0.0,0.0,0.0,wrong,correct,3.0
12,-0.007666403225065672,-1.0707784118940937,0.22464990009884503,GMM estimator,0.2,0.2,0.5,0.5,3411,0.0,0.0,0.0,wrong,correct,3.0
13,0.32867706975949584,-1.0344819246672923,-0.004949321588866748,GMM estimator,0.2,0.2,0.5,0.5,3411,0.0,0.0,0.0,wrong,correct,3.0
14,-0.2949456654877059,-1.0996236561856423,-0.09571154417470126,GMM estimator,0.2,0.2,0.5,0.5,3411,0.0,0.0,0.0,wrong,correct,3.0
15,-0.2359098360162006,-1.078844048843242,0.02723848127759951,GMM estimator,0.2,0.2,0.5,0.5,3411,0.0,0.0,0.0,wrong,correct,3.0
16,-0.26348967836066484,-1.067183455921808,-0.3891689593094859,GMM estimator,0.2,0.2,0.5,0.5,3411,0.0,0.0,0.0,wrong,correct,3.0
17,0.44378567528755314,-0.9952589074986127,0.14102478978937508,GMM estimator,0.2,0.2,0.5,0.5,3411,0.0,0.0,0.0,wrong,correct,3.0
18,0.07945758050894361,-1.0922481095589103,-0.17065697498986424,GMM estimator,0.2,0.2,0.5,0.5,3411,0.0,0.0,0.0,wrong,correct,3.0
19,-0.016425068227272032,-1.0378193672322311,-0.04356188585303781,GMM estimator,0.2,0.2,0.5,0.5,3411,0.0,0.0,0.0,wrong,correct,3.0
20,-0.049496541792705996,-1.0149249816970964,0.26965901583458163,GMM estimator,0.2,0.2,0.5,0.5,3411,0.0,0.0,0.0,wrong,correct,3.0
21,0.04902746893479508,-1.0394456904455784,0.1985864166805888,GMM estimator,0.2,0.2,0.5,0.5,3411,0.0,0.0,0.0,wrong,correct,3.0
22,0.07852203329898311,-1.0451599423336346,0.20637058777394968,GMM estimator,0.2,0.2,0.5,0.5,3411,0.0,0.0,0.0,wrong,correct,3.0
23,-0.1014062565173753,-1.0199944880753693,0.2728243428872003,GMM estimator,0.2,0.2,0.5,0.5,3411,0.0,0.0,0.0,wrong,correct,3.0
24,0.3816175764147859,-1.0705980298516748,-0.14455279209359306,GMM estimator,0.2,0.2,0.5,0.5,3411,0.0,0.0,0.0,wrong,correct,3.0
25,-0.04613692015344081,-1.0002139227556466,-0.28810427522434734,GMM estimator,0.2,0.2,0.5,0.5,3411,0.0,0.0,0.0,wrong,correct,3.0
26,-0.11615900533718122,-1.0546078529361922,-0.24792351698247325,GMM estimator,0.2,0.2,0.5,0.5,3411,0.0,0.0,0.0,wrong,correct,3.0
27,0.04731296729351532,-1.0538268231225087,0.026902610321250766,GMM estimator,0.2,0.2,0.5,0.5,3411,0.0,0.0,0.0,wrong,correct,3.0
28,-0.12012560802880229,-1.0411946307983238,-0.10483066679692227,GMM estimator,0.2,0.2,0.5,0.5,3411,0.0,0.0,0.0,wrong,correct,3.0
29,0.04716035447412396,-1.0870771208569117,0.08058470856024645,GMM estimator,0.2,0.2,0.5,0.5,3411,0.0,0.0,0.0,wrong,correct,3.0
30,-0.19968483614355775,-1.0372062324525986,0.08565892061052112,GMM estimator,0.2,0.2,0.5,0.5,3411,0.0,0.0,0.0,wrong,correct,3.0
31,0.08866585508376726,-1.0085959278722587,0.3641965610415455,GMM estimator,0.2,0.2,0.5,0.5,3411,0.0,0.0,0.0,wrong,correct,3.0
32,-0.08054706430907019,-1.0986587922018323,-0.06500077719178636,GMM estimator,0.2,0.2,0.5,0.5,3411,0.0,0.0,0.0,wrong,correct,3.0
33,0.07302071800688756,-1.0175923538147182,-0.014351528995295071,GMM estimator,0.2,0.2,0.5,0.5,3411,0.0,0.0,0.0,wrong,correct,3.0
34,0.0986964517973354,-1.11682557088394,-0.10535102721074677,GMM estimator,0.2,0.2,0.5,0.5,3411,0.0,0.0,0.0,wrong,correct,3.0
35,0.00845350659369291,-1.0174442426040744,-0.08193810288797722,GMM estimator,0.2,0.2,0.5,0.5,3411,0.0,0.0,0.0,wrong,correct,3.0
36,0.126186213163791,-1.0470775148169402,-0.39249577459738094,GMM estimator,0.2,0.2,0.5,0.5,3411,0.0,0.0,0.0,wrong,correct,3.0
37,-0.1845567910342359,-1.0547725483815285,-0.23857853830572961,GMM estimator,0.2,0.2,0.5,0.5,3411,0.0,0.0,0.0,wrong,correct,3.0
38,-0.18856098725136944,-1.089133983459938,-0.1639276448437583,GMM estimator,0.2,0.2,0.5,0.5,3411,0.0,0.0,0.0,wrong,correct,3.0
39,-0.33741371133352305,-1.093048208595409,-0.16688664937385733,GMM estimator,0.2,0.2,0.5,0.5,3411,0.0,0.0,0.0,wrong,correct,3.0
40,0.11599550661318674,-1.001190514702441,-0.011324297185718231,GMM estimator,0.2,0.2,0.5,0.5,3411,0.0,0.0,0.0,wrong,correct,3.0
41,-0.15327183955601073,-1.089106732541564,0.29765889637147436,GMM estimator,0.2,0.2,0.5,0.5,3411,0.0,0.0,0.0,wrong,correct,3.0
42,0.30964859260271466,-1.0550980353421473,-0.037911347889453675,GMM estimator,0.2,0.2,0.5,0.5,3411,0.0,0.0,0.0,wrong,correct,3.0
43,-0.22708375720579585,-1.08278379435324,0.03931473311131308,GMM estimator,0.2,0.2,0.5,0.5,3411,0.0,0.0,0.0,wrong,correct,3.0
44,0.38555008183501843,-1.086282076790236,0.15684116528029268,GMM estimator,0.2,0.2,0.5,0.5,3411,0.0,0.0,0.0,wrong,correct,3.0
45,0.04334111026591452,-1.055426035388503,-0.05302071728118391,GMM estimator,0.2,0.2,0.5,0.5,3411,0.0,0.0,0.0,wrong,correct,3.0
46,0.029718442187954816,-1.061515746995001,0.31408699772910725,GMM estimator,0.2,0.2,0.5,0.5,3411,0.0,0.0,0.0,wrong,correct,3.0
47,0.08339556150514782,-1.020076751551975,0.5525840500901242,GMM estimator,0.2,0.2,0.5,0.5,3411,0.0,0.0,0.0,wrong,correct,3.0
48,0.12178701604367903,-1.0236040304611191,-0.03732315415980961,GMM estimator,0.2,0.2,0.5,0.5,3411,0.0,0.0,0.0,wrong,correct,3.0
49,-0.23500607881740532,-1.0466198283098662,0.4972234565621015,GMM estimator,0.2,0.2,0.5,0.5,3411,0.0,0.0,0.0,wrong,correct,3.0
50,-0.3234039911631426,-1.0603750045109346,-0.007177146566316539,GMM estimator,0.2,0.2,0.5,0.5,3411,0.0,0.0,0.0,wrong,correct,3.0
51,0.05068259392467263,-1.028857987249461,-0.09841043800883453,GMM estimator,0.2,0.2,0.5,0.5,3411,0.0,0.0,0.0,wrong,correct,3.0
52,0.020533499458606472,-1.0333132409792667,-0.14032956841338268,GMM estimator,0.2,0.2,0.5,0.5,3411,0.0,0.0,0.0,wrong,correct,3.0
53,0.16924689370452356,-1.0256179465221191,0.2490731109856121,GMM estimator,0.2,0.2,0.5,0.5,3411,0.0,0.0,0.0,wrong,correct,3.0
54,0.01802471037564396,-1.015289287795981,0.09157338493303711,GMM estimator,0.2,0.2,0.5,0.5,3411,0.0,0.0,0.0,wrong,correct,3.0
55,-0.2464321052060111,-1.0173574125292066,0.007904458059190407,GMM estimator,0.2,0.2,0.5,0.5,3411,0.0,0.0,0.0,wrong,correct,3.0
56,-0.2355284358005806,-1.0265393829052873,-0.22022397160997842,GMM estimator,0.2,0.2,0.5,0.5,3411,0.0,0.0,0.0,wrong,correct,3.0
57,-0.3314142153401755,-1.103097404237118,-0.32037323991337685,GMM estimator,0.2,0.2,0.5,0.5,3411,0.0,0.0,0.0,wrong,correct,3.0
58,-0.397383388371834,-1.101486585069537,-0.34091712696784726,GMM estimator,0.2,0.2,0.5,0.5,3411,0.0,0.0,0.0,wrong,correct,3.0
59,0.4540449241772387,-1.0231031618575488,0.25443411242483016,GMM estimator,0.2,0.2,0.5,0.5,3411,0.0,0.0,0.0,wrong,correct,3.0
60,-0.10220534321206858,-1.0303323281857222,0.0458187927013096,GMM estimator,0.2,0.2,0.5,0.5,3411,0.0,0.0,0.0,wrong,correct,3.0
61,0.052145068598024084,-1.0545154179992298,-0.04557364808801176,GMM estimator,0.2,0.2,0.5,0.5,3411,0.0,0.0,0.0,wrong,correct,3.0
62,-0.03588081032391546,-1.0455592227223682,0.33245568298073264,GMM estimator,0.2,0.2,0.5,0.5,3411,0.0,0.0,0.0,wrong,correct,3.0
63,-0.23884453493447533,-1.0429281301016669,-0.06747318351611202,GMM estimator,0.2,0.2,0.5,0.5,3411,0.0,0.0,0.0,wrong,correct,3.0
64,-0.023567336348337343,-1.0184712969267398,0.050669497720583066,GMM estimator,0.2,0.2,0.5,0.5,3411,0.0,0.0,0.0,wrong,correct,3.0
65,-0.35639886461849746,-1.0728973359285379,0.3895466906043225,GMM estimator,0.2,0.2,0.5,0.5,3411,0.0,0.0,0.0,wrong,correct,3.0
66,0.04196701658922493,-1.0011392885373707,0.10526776509579036,GMM estimator,0.2,0.2,0.5,0.5,3411,0.0,0.0,0.0,wrong,correct,3.0
67,0.27857060026095076,-1.0973000532402575,-0.04807423708031752,GMM estimator,0.2,0.2,0.5,0.5,3411,0.0,0.0,0.0,wrong,correct,3.0
68,0.01374159203939268,-1.0220068717247428,-0.1830147052872955,GMM estimator,0.2,0.2,0.5,0.5,3411,0.0,0.0,0.0,wrong,correct,3.0
69,-0.23521239467770186,-1.0720196354235492,0.02258884535498152,GMM estimator,0.2,0.2,0.5,0.5,3411,0.0,0.0,0.0,wrong,correct,3.0
70,-0.0808541537627611,-1.0602113007199352,-0.01188230975951339,GMM estimator,0.2,0.2,0.5,0.5,3411,0.0,0.0,0.0,wrong,correct,3.0
71,-0.20726838769142988,-1.0625863026933053,0.2212627017193871,GMM estimator,0.2,0.2,0.5,0.5,3411,0.0,0.0,0.0,wrong,correct,3.0
72,-0.27189683882891696,-1.102344197678003,-0.5457052283006907,GMM estimator,0.2,0.2,0.5,0.5,3411,0.0,0.0,0.0,wrong,correct,3.0
73,-0.0746220616629643,-1.031816904002895,-0.17659913718940184,GMM estimator,0.2,0.2,0.5,0.5,3411,0.0,0.0,0.0,wrong,correct,3.0
74,-0.5352093780678681,-1.0789192460349875,0.14311334928443364,GMM estimator,0.2,0.2,0.5,0.5,3411,0.0,0.0,0.0,wrong,correct,3.0
75,-0.07609052754407003,-1.0495334483585486,0.16381212777857862,GMM estimator,0.2,0.2,0.5,0.5,3411,0.0,0.0,0.0,wrong,correct,3.0
76,0.04931198064165581,-1.0698820755867942,0.015234600417141997,GMM estimator,0.2,0.2,0.5,0.5,3411,0.0,0.0,0.0,wrong,correct,3.0
77,-0.2680900073922721,-1.0445661957470043,-0.4055735676431754,GMM estimator,0.2,0.2,0.5,0.5,3411,0.0,0.0,0.0,wrong,correct,3.0
78,-0.5527914137748584,-1.0847681401594507,-0.5126926034277112,GMM estimator,0.2,0.2,0.5,0.5,3411,0.0,0.0,0.0,wrong,correct,3.0
79,-0.0484098539846838,-1.073586180700428,0.45535550299541366,GMM estimator,0.2,0.2,0.5,0.5,3411,0.0,0.0,0.0,wrong,correct,3.0
80,0.1021681967863455,-1.0764691585947508,-0.33022259740382454,GMM estimator,0.2,0.2,0.5,0.5,3411,0.0,0.0,0.0,wrong,correct,3.0
81,-0.26627674349997243,-1.074341072060646,-0.3177761990923573,GMM estimator,0.2,0.2,0.5,0.5,3411,0.0,0.0,0.0,wrong,correct,3.0
82,0.17787493708572027,-1.0012601032729234,0.11448195699467863,GMM estimator,0.2,0.2,0.5,0.5,3411,0.0,0.0,0.0,wrong,correct,3.0
83,-0.10194147983631809,-1.0466275795996494,0.001424607723943138,GMM estimator,0.2,0.2,0.5,0.5,3411,0.0,0.0,0.0,wrong,correct,3.0
84,-0.2294596055659478,-1.0718264858387025,0.06674558545647111,GMM estimator,0.2,0.2,0.5,0.5,3411,0.0,0.0,0.0,wrong,correct,3.0
85,-0.3107000685967917,-1.0692022907387964,-0.3611525051682389,GMM estimator,0.2,0.2,0.5,0.5,3411,0.0,0.0,0.0,wrong,correct,3.0
86,-0.2251787606359171,-1.0492960961128581,-0.29435849698766586,GMM estimator,0.2,0.2,0.5,0.5,3411,0.0,0.0,0.0,wrong,correct,3.0
87,-0.11286337305604369,-1.1111294338642757,0.10763033283168234,GMM estimator,0.2,0.2,0.5,0.5,3411,0.0,0.0,0.0,wrong,correct,3.0
88,0.24791718311182573,-1.0320755605788334,0.08742607038618215,GMM estimator,0.2,0.2,0.5,0.5,3411,0.0,0.0,0.0,wrong,correct,3.0
89,-0.03277892274024008,-1.082577207143475,0.20283157352283274,GMM estimator,0.2,0.2,0.5,0.5,3411,0.0,0.0,0.0,wrong,correct,3.0
90,0.036855197391653036,-1.0900965246261751,0.23496352447329308,GMM estimator,0.2,0.2,0.5,0.5,3411,0.0,0.0,0.0,wrong,correct,3.0
91,-0.009224523695168792,-1.0376544674486594,-0.05774678947488205,GMM estimator,0.2,0.2,0.5,0.5,3411,0.0,0.0,0.0,wrong,correct,3.0
92,-0.5878019408681884,-1.0484035959057112,-0.33433712206814004,GMM estimator,0.2,0.2,0.5,0.5,3411,0.0,0.0,0.0,wrong,correct,3.0
93,-0.03544104373741269,-1.0176809770299122,-0.34334150060402835,GMM estimator,0.2,0.2,0.5,0.5,3411,0.0,0.0,0.0,wrong,correct,3.0
94,-0.4704952912943226,-1.080746642994261,0.04169159057408065,GMM estimator,0.2,0.2,0.5,0.5,3411,0.0,0.0,0.0,wrong,correct,3.0
95,-0.13293353365202806,-1.039990296410793,0.20255337088439515,GMM estimator,0.2,0.2,0.5,0.5,3411,0.0,0.0,0.0,wrong,correct,3.0
96,-0.11383615792994756,-1.0898256147810685,-0.15282000729153603,GMM estimator,0.2,0.2,0.5,0.5,3411,0.0,0.0,0.0,wrong,correct,3.0
97,-0.3224001509675706,-1.0625403768999677,0.03797245905448569,GMM estimator,0.2,0.2,0.5,0.5,3411,0.0,0.0,0.0,wrong,correct,3.0
98,0.12151789533797715,-1.0016321326640623,-0.15814747291837025,GMM estimator,0.2,0.2,0.5,0.5,3411,0.0,0.0,0.0,wrong,correct,3.0
99,-0.32046925354606637,-1.0616401146216223,0.41940045222797995,GMM estimator,0.2,0.2,0.5,0.5,3411,0.0,0.0,0.0,wrong,correct,3.0
100,-0.06088427161984264,-1.044954498403299,-0.049402513308242635,GMM estimator,0.2,0.2,0.5,0.5,3411,0.0,0.0,0.0,wrong,correct,3.0
101,-0.011725860608336804,-1.0804126580407736,-0.07252797648142288,GMM estimator,0.2,0.2,0.5,0.5,3411,0.0,0.0,0.0,wrong,correct,3.0
102,0.1405959173649764,-1.0728894904648578,-0.14690974488931022,GMM estimator,0.2,0.2,0.5,0.5,3411,0.0,0.0,0.0,wrong,correct,3.0
103,-0.011703808863810209,-1.0643850638785082,0.1471174571553002,GMM estimator,0.2,0.2,0.5,0.5,3411,0.0,0.0,0.0,wrong,correct,3.0
104,-0.5768650158785428,-1.0231012701619164,0.07150366720150003,GMM estimator,0.2,0.2,0.5,0.5,3411,0.0,0.0,0.0,wrong,correct,3.0
105,-0.23195084035135075,-1.0728724765718092,-0.5407554548217545,GMM estimator,0.2,0.2,0.5,0.5,3411,0.0,0.0,0.0,wrong,correct,3.0
106,-0.31482708853897723,-1.0996468658516474,-0.3413331353698286,GMM estimator,0.2,0.2,0.5,0.5,3411,0.0,0.0,0.0,wrong,correct,3.0
107,-0.5796087340340184,-1.0912966198210357,0.3521638778466394,GMM estimator,0.2,0.2,0.5,0.5,3411,0.0,0.0,0.0,wrong,correct,3.0
108,-0.168168450112227,-1.0445396232107034,0.44507449043020736,GMM estimator,0.2,0.2,0.5,0.5,3411,0.0,0.0,0.0,wrong,correct,3.0
109,0.008392923033442518,-1.0373780519194984,0.1917698214500791,GMM estimator,0.2,0.2,0.5,0.5,3411,0.0,0.0,0.0,wrong,correct,3.0
110,0.3370490037041176,-1.089636431043308,0.22286999293760743,GMM estimator,0.2,0.2,0.5,0.5,3411,0.0,0.0,0.0,wrong,correct,3.0
111,0.13496382318014902,-1.0331370888776703,-0.03308275229559707,GMM estimator,0.2,0.2,0.5,0.5,3411,0.0,0.0,0.0,wrong,correct,3.0
112,-0.12721229683954158,-1.0582694680753628,-0.02725324683112626,GMM estimator,0.2,0.2,0.5,0.5,3411,0.0,0.0,0.0,wrong,correct,3.0
113,-0.42324255540157757,-1.0451178592740642,0.09288050150710381,GMM estimator,0.2,0.2,0.5,0.5,3411,0.0,0.0,0.0,wrong,correct,3.0
114,0.29615556052766057,-1.0578217902323097,-0.20302047664421072,GMM estimator,0.2,0.2,0.5,0.5,3411,0.0,0.0,0.0,wrong,correct,3.0
115,0.17314647210352657,-1.0616020980116496,-0.053194674346060705,GMM estimator,0.2,0.2,0.5,0.5,3411,0.0,0.0,0.0,wrong,correct,3.0
116,-0.038465372446585794,-1.0362227741751142,-0.15315098207313071,GMM estimator,0.2,0.2,0.5,0.5,3411,0.0,0.0,0.0,wrong,correct,3.0
117,-0.5962133984291854,-1.1323602835275037,-0.10335533526539471,GMM estimator,0.2,0.2,0.5,0.5,3411,0.0,0.0,0.0,wrong,correct,3.0
118,-0.192072511563484,-1.096756841662414,-0.24347971704539434,GMM estimator,0.2,0.2,0.5,0.5,3411,0.0,0.0,0.0,wrong,correct,3.0
119,-0.06061837210785717,-1.0546526043268758,-0.022673404387716388,GMM estimator,0.2,0.2,0.5,0.5,3411,0.0,0.0,0.0,wrong,correct,3.0
120,-0.3023883019602847,-1.0459150610135945,0.1739933658721807,GMM estimator,0.2,0.2,0.5,0.5,3411,0.0,0.0,0.0,wrong,correct,3.0
121,-0.042505007529777254,-1.018219392317907,0.25780980327396896,GMM estimator,0.2,0.2,0.5,0.5,3411,0.0,0.0,0.0,wrong,correct,3.0
122,0.5218932303170825,-1.053126063630268,-7.701237556656419e-05,GMM estimator,0.2,0.2,0.5,0.5,3411,0.0,0.0,0.0,wrong,correct,3.0
123,0.2743978591391667,-1.007948885564392,0.15695834198897685,GMM estimator,0.2,0.2,0.5,0.5,3411,0.0,0.0,0.0,wrong,correct,3.0
124,-0.04607354255637546,-1.071552347203043,-0.3182051224736726,GMM estimator,0.2,0.2,0.5,0.5,3411,0.0,0.0,0.0,wrong,correct,3.0
125,-0.15810242104839542,-1.0249307706666615,0.24419747136522252,GMM estimator,0.2,0.2,0.5,0.5,3411,0.0,0.0,0.0,wrong,correct,3.0
126,-0.14652081044725654,-1.0581222403939043,-0.0059549696813791676,GMM estimator,0.2,0.2,0.5,0.5,3411,0.0,0.0,0.0,wrong,correct,3.0
127,0.001913688659341715,-1.0407332222273673,0.18004104084551467,GMM estimator,0.2,0.2,0.5,0.5,3411,0.0,0.0,0.0,wrong,correct,3.0
128,0.2378168292589796,-1.0687697855168221,0.33444016776201774,GMM estimator,0.2,0.2,0.5,0.5,3411,0.0,0.0,0.0,wrong,correct,3.0
129,-0.08674769198991837,-1.0496077068797727,0.3154242462011568,GMM estimator,0.2,0.2,0.5,0.5,3411,0.0,0.0,0.0,wrong,correct,3.0
130,-0.18335314115890936,-1.1106477533795447,-0.19622420963939785,GMM estimator,0.2,0.2,0.5,0.5,3411,0.0,0.0,0.0,wrong,correct,3.0
131,-0.0624720770116307,-1.051224260390797,-0.030558440479399672,GMM estimator,0.2,0.2,0.5,0.5,3411,0.0,0.0,0.0,wrong,correct,3.0
132,-0.46553293024029785,-1.0746540265941824,0.02011879132686164,GMM estimator,0.2,0.2,0.5,0.5,3411,0.0,0.0,0.0,wrong,correct,3.0
133,-0.10731100399033401,-1.0781509899038153,0.04923820254418508,GMM estimator,0.2,0.2,0.5,0.5,3411,0.0,0.0,0.0,wrong,correct,3.0
134,-0.01658362483660289,-1.0758047325738598,0.11490933896907497,GMM estimator,0.2,0.2,0.5,0.5,3411,0.0,0.0,0.0,wrong,correct,3.0
135,0.16574791848217857,-1.0636869488210359,-0.1752086562087752,GMM estimator,0.2,0.2,0.5,0.5,3411,0.0,0.0,0.0,wrong,correct,3.0
136,-0.23552283489475778,-1.0656895570605207,-0.10669547646103623,GMM estimator,0.2,0.2,0.5,0.5,3411,0.0,0.0,0.0,wrong,correct,3.0
137,-0.07532121770542936,-1.0309776674047186,-0.07238531917796232,GMM estimator,0.2,0.2,0.5,0.5,3411,0.0,0.0,0.0,wrong,correct,3.0
138,0.36903746365258744,-1.049866321958529,0.07448535248010384,GMM estimator,0.2,0.2,0.5,0.5,3411,0.0,0.0,0.0,wrong,correct,3.0
139,-0.20645580996875068,-1.0625019630980383,-0.18640760822811717,GMM estimator,0.2,0.2,0.5,0.5,3411,0.0,0.0,0.0,wrong,correct,3.0
140,0.3115257177219362,-1.0366230374736252,0.1711598338616015,GMM estimator,0.2,0.2,0.5,0.5,3411,0.0,0.0,0.0,wrong,correct,3.0
141,-0.00829925187168273,-1.0686144748596733,0.05284350653731291,GMM estimator,0.2,0.2,0.5,0.5,3411,0.0,0.0,0.0,wrong,correct,3.0
142,0.09373726349466853,-1.0843156159965046,0.20895753773606415,GMM estimator,0.2,0.2,0.5,0.5,3411,0.0,0.0,0.0,wrong,correct,3.0
143,0.19230555830742932,-1.0200021026037007,0.0483027633818415,GMM estimator,0.2,0.2,0.5,0.5,3411,0.0,0.0,0.0,wrong,correct,3.0
144,0.27424766375591053,-1.009690804502927,0.11208227184363727,GMM estimator,0.2,0.2,0.5,0.5,3411,0.0,0.0,0.0,wrong,correct,3.0
145,0.18574946915245116,-1.0474290484235693,0.5610675853849121,GMM estimator,0.2,0.2,0.5,0.5,3411,0.0,0.0,0.0,wrong,correct,3.0
146,-0.16928050616991355,-1.0676695479478124,-0.1889127922730115,GMM estimator,0.2,0.2,0.5,0.5,3411,0.0,0.0,0.0,wrong,correct,3.0
147,-0.015506582726967377,-1.051371422030099,-0.038132123315039276,GMM estimator,0.2,0.2,0.5,0.5,3411,0.0,0.0,0.0,wrong,correct,3.0
148,0.16355040400924292,-1.050484871479004,-0.043377894761713005,GMM estimator,0.2,0.2,0.5,0.5,3411,0.0,0.0,0.0,wrong,correct,3.0
149,-0.16768104969127118,-1.0695390502651305,0.07466420025054757,GMM estimator,0.2,0.2,0.5,0.5,3411,0.0,0.0,0.0,wrong,correct,3.0
150,0.1151599901310886,-1.0600129277671297,-0.12329061993878555,GMM estimator,0.2,0.2,0.5,0.5,3411,0.0,0.0,0.0,wrong,correct,3.0
151,0.004559749781807152,-1.0704769090892898,-0.2495130052884769,GMM estimator,0.2,0.2,0.5,0.5,3411,0.0,0.0,0.0,wrong,correct,3.0
152,0.10121344033952598,-1.07296734398293,0.14630268695461232,GMM estimator,0.2,0.2,0.5,0.5,3411,0.0,0.0,0.0,wrong,correct,3.0
153,0.16165831855489776,-1.0511558212978653,0.2661033557179705,GMM estimator,0.2,0.2,0.5,0.5,3411,0.0,0.0,0.0,wrong,correct,3.0
154,0.0012803791185475478,-0.9848315529727338,0.04508620818244983,GMM estimator,0.2,0.2,0.5,0.5,3411,0.0,0.0,0.0,wrong,correct,3.0
155,0.05741222125224884,-1.0237678937342094,-0.31626265422481276,GMM estimator,0.2,0.2,0.5,0.5,3411,0.0,0.0,0.0,wrong,correct,3.0
156,0.37059483807233895,-1.0696824328512493,0.31125029492795075,GMM estimator,0.2,0.2,0.5,0.5,3411,0.0,0.0,0.0,wrong,correct,3.0
157,-0.07488423030133685,-1.0388023784808855,-0.4263922676246178,GMM estimator,0.2,0.2,0.5,0.5,3411,0.0,0.0,0.0,wrong,correct,3.0
158,0.20812351980417163,-1.025215116840331,0.054802061585851984,GMM estimator,0.2,0.2,0.5,0.5,3411,0.0,0.0,0.0,wrong,correct,3.0
159,-0.011851957880127708,-0.9611736294106531,0.2520578356135236,GMM estimator,0.2,0.2,0.5,0.5,3411,0.0,0.0,0.0,wrong,correct,3.0
160,0.15258650847677996,-1.0636319041366773,0.3579762525845457,GMM estimator,0.2,0.2,0.5,0.5,3411,0.0,0.0,0.0,wrong,correct,3.0
161,-0.01428513379121002,-1.0263348539255124,-0.22772151196825766,GMM estimator,0.2,0.2,0.5,0.5,3411,0.0,0.0,0.0,wrong,correct,3.0
162,0.25139791139822426,-0.9866880818387768,-0.2551050443329034,GMM estimator,0.2,0.2,0.5,0.5,3411,0.0,0.0,0.0,wrong,correct,3.0
163,0.04082402682856455,-1.0180540531657765,-0.02707785004547446,GMM estimator,0.2,0.2,0.5,0.5,3411,0.0,0.0,0.0,wrong,correct,3.0
164,-0.5098606529504103,-1.019328860989524,-0.6624851323409916,GMM estimator,0.2,0.2,0.5,0.5,3411,0.0,0.0,0.0,wrong,correct,3.0
165,-0.11044187770497005,-1.0214992516848462,-0.041648697878951486,GMM estimator,0.2,0.2,0.5,0.5,3411,0.0,0.0,0.0,wrong,correct,3.0
166,0.0750972711132831,-1.0932382848224287,0.2050338854376143,GMM estimator,0.2,0.2,0.5,0.5,3411,0.0,0.0,0.0,wrong,correct,3.0
167,-0.21294268387117032,-1.0162044779318853,-0.22589224002219974,GMM estimator,0.2,0.2,0.5,0.5,3411,0.0,0.0,0.0,wrong,correct,3.0
168,0.008786183219565515,-1.0939417318972353,-0.4319724066232057,GMM estimator,0.2,0.2,0.5,0.5,3411,0.0,0.0,0.0,wrong,correct,3.0
169,-0.1750391451305205,-0.9919824885017728,-0.19524536460010297,GMM estimator,0.2,0.2,0.5,0.5,3411,0.0,0.0,0.0,wrong,correct,3.0
170,0.06928004907857889,-1.0664731010407094,-0.027930661012663723,GMM estimator,0.2,0.2,0.5,0.5,3411,0.0,0.0,0.0,wrong,correct,3.0
171,-0.32587131058448876,-1.056124592674806,-0.37961578520501627,GMM estimator,0.2,0.2,0.5,0.5,3411,0.0,0.0,0.0,wrong,correct,3.0
172,-0.18046470147698315,-1.0345970625940561,-0.1416370793909441,GMM estimator,0.2,0.2,0.5,0.5,3411,0.0,0.0,0.0,wrong,correct,3.0
173,-0.05479269152394596,-1.071333564356653,0.07969384143283173,GMM estimator,0.2,0.2,0.5,0.5,3411,0.0,0.0,0.0,wrong,correct,3.0
174,0.13983835174116813,-1.0235392252530935,0.14712633196695926,GMM estimator,0.2,0.2,0.5,0.5,3411,0.0,0.0,0.0,wrong,correct,3.0
175,0.2954702397286221,-1.0599028507360455,-0.12452976204904603,GMM estimator,0.2,0.2,0.5,0.5,3411,0.0,0.0,0.0,wrong,correct,3.0
176,-0.281808336025504,-1.0571626266028458,-0.09299655695132407,GMM estimator,0.2,0.2,0.5,0.5,3411,0.0,0.0,0.0,wrong,correct,3.0
177,0.13657453620968465,-1.061289868463138,-0.22341708383896758,GMM estimator,0.2,0.2,0.5,0.5,3411,0.0,0.0,0.0,wrong,correct,3.0
178,0.030026887289120608,-1.0546550932917385,0.3794885535867972,GMM estimator,0.2,0.2,0.5,0.5,3411,0.0,0.0,0.0,wrong,correct,3.0
179,-0.17763144738229794,-1.0567017132182572,0.15821026830792095,GMM estimator,0.2,0.2,0.5,0.5,3411,0.0,0.0,0.0,wrong,correct,3.0
180,0.2126510520291829,-1.0279875016180486,-0.23683339069191292,GMM estimator,0.2,0.2,0.5,0.5,3411,0.0,0.0,0.0,wrong,correct,3.0
181,0.09759977351496608,-1.038627100902443,0.30029875148518115,GMM estimator,0.2,0.2,0.5,0.5,3411,0.0,0.0,0.0,wrong,correct,3.0
182,0.1818906010306181,-1.0541557380512154,0.020472064920475923,GMM estimator,0.2,0.2,0.5,0.5,3411,0.0,0.0,0.0,wrong,correct,3.0
183,0.3130581389723013,-1.0184435194327683,0.16522877475939954,GMM estimator,0.2,0.2,0.5,0.5,3411,0.0,0.0,0.0,wrong,correct,3.0
184,0.008760330094979635,-1.0133630558549922,-0.11656626142493871,GMM estimator,0.2,0.2,0.5,0.5,3411,0.0,0.0,0.0,wrong,correct,3.0
185,-0.043668640528080255,-1.0471943290675922,-0.1835899595430177,GMM estimator,0.2,0.2,0.5,0.5,3411,0.0,0.0,0.0,wrong,correct,3.0
186,0.12556430285198633,-1.0261193594001523,0.16572070180564713,GMM estimator,0.2,0.2,0.5,0.5,3411,0.0,0.0,0.0,wrong,correct,3.0
187,0.09561171885428862,-1.0311078534726639,-0.05224791175539468,GMM estimator,0.2,0.2,0.5,0.5,3411,0.0,0.0,0.0,wrong,correct,3.0
188,-0.05879666556032979,-1.0410807225630472,-0.4103705868321662,GMM estimator,0.2,0.2,0.5,0.5,3411,0.0,0.0,0.0,wrong,correct,3.0
189,0.28762298447575496,-1.0518875080073573,0.23757405843750556,GMM estimator,0.2,0.2,0.5,0.5,3411,0.0,0.0,0.0,wrong,correct,3.0
190,0.08540236066838547,-1.0063648518513224,0.18067211069890032,GMM estimator,0.2,0.2,0.5,0.5,3411,0.0,0.0,0.0,wrong,correct,3.0
191,-0.30229777310956424,-1.0680237789901903,0.09531896361711588,GMM estimator,0.2,0.2,0.5,0.5,3411,0.0,0.0,0.0,wrong,correct,3.0
192,-0.08332743686634324,-1.0179552096928093,0.08159556049172231,GMM estimator,0.2,0.2,0.5,0.5,3411,0.0,0.0,0.0,wrong,correct,3.0
193,-0.3335226912384021,-1.0103666899914012,0.04374854291135309,GMM estimator,0.2,0.2,0.5,0.5,3411,0.0,0.0,0.0,wrong,correct,3.0
194,0.396923496085152,-1.0452647718149228,0.21002739137668314,GMM estimator,0.2,0.2,0.5,0.5,3411,0.0,0.0,0.0,wrong,correct,3.0
195,-0.5459850098228436,-1.0883640291194838,-0.024730753705881545,GMM estimator,0.2,0.2,0.5,0.5,3411,0.0,0.0,0.0,wrong,correct,3.0
196,-0.19853708980863408,-1.0852279543855918,0.014922000828787202,GMM estimator,0.2,0.2,0.5,0.5,3411,0.0,0.0,0.0,wrong,correct,3.0
197,-0.07517477746881368,-1.0639770502539532,0.214804928606774,GMM estimator,0.2,0.2,0.5,0.5,3411,0.0,0.0,0.0,wrong,correct,3.0
198,0.12198975510622108,-1.0595117264515372,-0.2750658825790356,GMM estimator,0.2,0.2,0.5,0.5,3411,0.0,0.0,0.0,wrong,correct,3.0
199,0.3259112911291265,-1.028812427968825,0.22782473432463074,GMM estimator,0.2,0.2,0.5,0.5,3411,0.0,0.0,0.0,wrong,correct,3.0
200,-0.04639674440789011,-1.012476215249424,0.06439643335538786,GMM estimator,0.2,0.2,0.5,0.5,3411,0.0,0.0,0.0,wrong,correct,3.0
201,0.0776890401671465,-1.0663898013426472,0.17649230123507717,GMM estimator,0.2,0.2,0.5,0.5,3411,0.0,0.0,0.0,wrong,correct,3.0
202,-0.051127054022086074,-1.043814692119896,-0.06584656823072933,GMM estimator,0.2,0.2,0.5,0.5,3411,0.0,0.0,0.0,wrong,correct,3.0
203,0.258099051247489,-1.0616149182799886,0.08511936230747436,GMM estimator,0.2,0.2,0.5,0.5,3411,0.0,0.0,0.0,wrong,correct,3.0
204,0.1855604031506675,-1.064791965699101,0.25216155409561974,GMM estimator,0.2,0.2,0.5,0.5,3411,0.0,0.0,0.0,wrong,correct,3.0
205,0.09894830315720095,-1.014154971897833,0.2106025942871894,GMM estimator,0.2,0.2,0.5,0.5,3411,0.0,0.0,0.0,wrong,correct,3.0
206,0.12233084214007152,-1.0514362092608203,0.09842658239020159,GMM estimator,0.2,0.2,0.5,0.5,3411,0.0,0.0,0.0,wrong,correct,3.0
207,0.13256313665529068,-1.0172085212091435,0.13764081810901688,GMM estimator,0.2,0.2,0.5,0.5,3411,0.0,0.0,0.0,wrong,correct,3.0
208,-0.3217134119982051,-1.0675858211649691,0.14504851214334738,GMM estimator,0.2,0.2,0.5,0.5,3411,0.0,0.0,0.0,wrong,correct,3.0
209,-0.06542664679573612,-1.021639022981866,0.05027459115619555,GMM estimator,0.2,0.2,0.5,0.5,3411,0.0,0.0,0.0,wrong,correct,3.0
210,0.0776194509602596,-1.0451471155098182,0.4861871287491363,GMM estimator,0.2,0.2,0.5,0.5,3411,0.0,0.0,0.0,wrong,correct,3.0
211,0.3169144857092916,-1.0043729366298562,0.19571410856996885,GMM estimator,0.2,0.2,0.5,0.5,3411,0.0,0.0,0.0,wrong,correct,3.0
212,0.24281327211660628,-1.0469629272307555,-0.07025613259499185,GMM estimator,0.2,0.2,0.5,0.5,3411,0.0,0.0,0.0,wrong,correct,3.0
213,0.07828531157007633,-1.085091103553376,-0.13272851700037583,GMM estimator,0.2,0.2,0.5,0.5,3411,0.0,0.0,0.0,wrong,correct,3.0
214,-0.28612200746323574,-1.0611517834244681,0.21205323391956113,GMM estimator,0.2,0.2,0.5,0.5,3411,0.0,0.0,0.0,wrong,correct,3.0
215,-0.11513607609292245,-1.0777058703532747,0.0931299238384218,GMM estimator,0.2,0.2,0.5,0.5,3411,0.0,0.0,0.0,wrong,correct,3.0
216,0.2835082952908476,-1.0495567034731612,0.29981548386046597,GMM estimator,0.2,0.2,0.5,0.5,3411,0.0,0.0,0.0,wrong,correct,3.0
217,0.3480655121098092,-1.0072400593381579,0.09198265987028083,GMM estimator,0.2,0.2,0.5,0.5,3411,0.0,0.0,0.0,wrong,correct,3.0
218,-0.1482810217576523,-1.081680899169754,0.09351494238147719,GMM estimator,0.2,0.2,0.5,0.5,3411,0.0,0.0,0.0,wrong,correct,3.0
219,-0.12673695488888437,-1.0727630228893161,0.16853238396669004,GMM estimator,0.2,0.2,0.5,0.5,3411,0.0,0.0,0.0,wrong,correct,3.0
220,0.19358730630507562,-1.0539103889983261,-0.008378401858123429,GMM estimator,0.2,0.2,0.5,0.5,3411,0.0,0.0,0.0,wrong,correct,3.0
221,0.07008410699395635,-1.0635552866963502,-0.2261138527396256,GMM estimator,0.2,0.2,0.5,0.5,3411,0.0,0.0,0.0,wrong,correct,3.0
222,0.011511454587589594,-1.0301541827733056,0.011960868481748533,GMM estimator,0.2,0.2,0.5,0.5,3411,0.0,0.0,0.0,wrong,correct,3.0
223,0.05766710397901312,-1.0272674440369207,0.7243453228460793,GMM estimator,0.2,0.2,0.5,0.5,3411,0.0,0.0,0.0,wrong,correct,3.0
224,-0.2658963053115455,-1.10571225102176,-0.2636571727679629,GMM estimator,0.2,0.2,0.5,0.5,3411,0.0,0.0,0.0,wrong,correct,3.0
225,-0.1922381906922736,-1.068347026310141,0.008665310797094136,GMM estimator,0.2,0.2,0.5,0.5,3411,0.0,0.0,0.0,wrong,correct,3.0
226,0.18931542498878862,-1.0222464911466929,0.10668655753836545,GMM estimator,0.2,0.2,0.5,0.5,3411,0.0,0.0,0.0,wrong,correct,3.0
227,0.3394184929576279,-1.0707420486446277,0.3471992075349494,GMM estimator,0.2,0.2,0.5,0.5,3411,0.0,0.0,0.0,wrong,correct,3.0
228,0.1494263311378054,-1.048010863277463,0.20466575230896986,GMM estimator,0.2,0.2,0.5,0.5,3411,0.0,0.0,0.0,wrong,correct,3.0
229,-0.07570396943012794,-1.0767349395667642,-0.06938751428970108,GMM estimator,0.2,0.2,0.5,0.5,3411,0.0,0.0,0.0,wrong,correct,3.0
230,-0.2842005481049275,-1.0264132125866265,-0.28209598200592473,GMM estimator,0.2,0.2,0.5,0.5,3411,0.0,0.0,0.0,wrong,correct,3.0
231,0.2794095754646963,-1.0368498984821388,0.1649453323073666,GMM estimator,0.2,0.2,0.5,0.5,3411,0.0,0.0,0.0,wrong,correct,3.0
232,-0.18545722511163623,-1.0766778381183402,-0.10485421585684193,GMM estimator,0.2,0.2,0.5,0.5,3411,0.0,0.0,0.0,wrong,correct,3.0
233,-0.29301155695029574,-1.0592409433101388,0.26098190373252794,GMM estimator,0.2,0.2,0.5,0.5,3411,0.0,0.0,0.0,wrong,correct,3.0
234,-0.026987557553992104,-1.0598180084522526,0.13186404028883206,GMM estimator,0.2,0.2,0.5,0.5,3411,0.0,0.0,0.0,wrong,correct,3.0
235,-0.2526892770137761,-1.0399788698735686,0.0264768481699436,GMM estimator,0.2,0.2,0.5,0.5,3411,0.0,0.0,0.0,wrong,correct,3.0
236,-0.2925322256880418,-1.0447463451748977,0.13803957193453872,GMM estimator,0.2,0.2,0.5,0.5,3411,0.0,0.0,0.0,wrong,correct,3.0
237,-0.1003851727484811,-1.0546084165585037,0.16625135510843955,GMM estimator,0.2,0.2,0.5,0.5,3411,0.0,0.0,0.0,wrong,correct,3.0
238,0.1861471573937306,-1.0208166867598487,0.00565475950092246,GMM estimator,0.2,0.2,0.5,0.5,3411,0.0,0.0,0.0,wrong,correct,3.0
239,-0.2558490004981042,-1.0959817689752132,-0.1647934368985763,GMM estimator,0.2,0.2,0.5,0.5,3411,0.0,0.0,0.0,wrong,correct,3.0
240,0.035175302962790665,-1.043236006632703,0.01754672855498728,GMM estimator,0.2,0.2,0.5,0.5,3411,0.0,0.0,0.0,wrong,correct,3.0
241,-0.1132988954284771,-0.9819765287263338,0.1464282407729254,GMM estimator,0.2,0.2,0.5,0.5,3411,0.0,0.0,0.0,wrong,correct,3.0
242,0.2568572312933247,-1.0018976561873163,-0.0026760687425870433,GMM estimator,0.2,0.2,0.5,0.5,3411,0.0,0.0,0.0,wrong,correct,3.0
243,-0.0033423872292226656,-1.0316392429514387,-0.05720277611401284,GMM estimator,0.2,0.2,0.5,0.5,3411,0.0,0.0,0.0,wrong,correct,3.0
244,0.1018651004018402,-1.0451164593179565,0.2820113122368251,GMM estimator,0.2,0.2,0.5,0.5,3411,0.0,0.0,0.0,wrong,correct,3.0
245,0.08447322720509684,-1.053949662545995,0.0014463679543313956,GMM estimator,0.2,0.2,0.5,0.5,3411,0.0,0.0,0.0,wrong,correct,3.0
246,-0.5468055581650739,-1.0878528684641697,-0.19043673188536017,GMM estimator,0.2,0.2,0.5,0.5,3411,0.0,0.0,0.0,wrong,correct,3.0
247,-0.07060049002900601,-1.067408612615354,-0.25842826614768366,GMM estimator,0.2,0.2,0.5,0.5,3411,0.0,0.0,0.0,wrong,correct,3.0
248,0.15545942069635188,-1.068103852721484,-0.3036895059629215,GMM estimator,0.2,0.2,0.5,0.5,3411,0.0,0.0,0.0,wrong,correct,3.0
249,0.10373666686911326,-1.0082174839436315,-0.004733371642525983,GMM estimator,0.2,0.2,0.5,0.5,3411,0.0,0.0,0.0,wrong,correct,3.0
250,-0.06097322221864378,-1.0307654279197862,-0.18332651129619695,GMM estimator,0.2,0.2,0.5,0.5,3411,0.0,0.0,0.0,wrong,correct,3.0
251,-0.13187658063746002,-1.0299877760699436,-0.12185719276735381,GMM estimator,0.2,0.2,0.5,0.5,3411,0.0,0.0,0.0,wrong,correct,3.0
252,0.14355153543163784,-1.0141837130339053,-0.03694654492159259,GMM estimator,0.2,0.2,0.5,0.5,3411,0.0,0.0,0.0,wrong,correct,3.0
253,-0.17303964115429193,-1.0180318165776812,0.1019211675268074,GMM estimator,0.2,0.2,0.5,0.5,3411,0.0,0.0,0.0,wrong,correct,3.0
254,0.06381987729573899,-1.0588988425168038,-0.5437217416131171,GMM estimator,0.2,0.2,0.5,0.5,3411,0.0,0.0,0.0,wrong,correct,3.0
255,-0.026459960875899642,-1.0804661011780357,-0.19499072635959072,GMM estimator,0.2,0.2,0.5,0.5,3411,0.0,0.0,0.0,wrong,correct,3.0
256,-0.24371378986534661,-1.076504138740931,-0.551593058084263,GMM estimator,0.2,0.2,0.5,0.5,3411,0.0,0.0,0.0,wrong,correct,3.0
257,-0.04906208136653412,-1.021708322004622,0.23084504910523848,GMM estimator,0.2,0.2,0.5,0.5,3411,0.0,0.0,0.0,wrong,correct,3.0
258,-0.4280913157729913,-1.04408431834477,0.09915239890005408,GMM estimator,0.2,0.2,0.5,0.5,3411,0.0,0.0,0.0,wrong,correct,3.0
259,-0.08886683774545323,-1.097732559951805,-0.11516875446850555,GMM estimator,0.2,0.2,0.5,0.5,3411,0.0,0.0,0.0,wrong,correct,3.0
260,-0.12360256302757892,-1.0682903366958652,-0.3268791407174755,GMM estimator,0.2,0.2,0.5,0.5,3411,0.0,0.0,0.0,wrong,correct,3.0
261,0.054846023271001,-1.0406957058562956,0.08009391497566451,GMM estimator,0.2,0.2,0.5,0.5,3411,0.0,0.0,0.0,wrong,correct,3.0
262,-0.16140895368202413,-1.0000569479295507,0.14114497806528836,GMM estimator,0.2,0.2,0.5,0.5,3411,0.0,0.0,0.0,wrong,correct,3.0
263,-0.1816990447257095,-1.0928296613108797,-0.031547226950717024,GMM estimator,0.2,0.2,0.5,0.5,3411,0.0,0.0,0.0,wrong,correct,3.0
264,0.14464603684753863,-0.9945001875910477,-0.06576697141649337,GMM estimator,0.2,0.2,0.5,0.5,3411,0.0,0.0,0.0,wrong,correct,3.0
265,-0.04728241339041923,-1.023066626967611,-0.1056760241065023,GMM estimator,0.2,0.2,0.5,0.5,3411,0.0,0.0,0.0,wrong,correct,3.0
266,-0.11054618391336571,-1.052055545727305,-0.21318417562207445,GMM estimator,0.2,0.2,0.5,0.5,3411,0.0,0.0,0.0,wrong,correct,3.0
267,-0.19048219247963646,-1.0464396774757623,-0.05641812826270054,GMM estimator,0.2,0.2,0.5,0.5,3411,0.0,0.0,0.0,wrong,correct,3.0
268,-0.22598148960038913,-1.0200604865634129,0.05051013285822997,GMM estimator,0.2,0.2,0.5,0.5,3411,0.0,0.0,0.0,wrong,correct,3.0
269,-0.2342442649177956,-1.0218774491665945,0.1773506542200542,GMM estimator,0.2,0.2,0.5,0.5,3411,0.0,0.0,0.0,wrong,correct,3.0
270,-0.07461675414981674,-1.086543073009158,0.3284685387919675,GMM estimator,0.2,0.2,0.5,0.5,3411,0.0,0.0,0.0,wrong,correct,3.0
271,-0.1959188022772808,-1.052838671481574,-0.1721173345917817,GMM estimator,0.2,0.2,0.5,0.5,3411,0.0,0.0,0.0,wrong,correct,3.0
272,-0.30767713305362265,-1.0607649968185553,-0.3818248131584142,GMM estimator,0.2,0.2,0.5,0.5,3411,0.0,0.0,0.0,wrong,correct,3.0
273,0.1579933862320448,-1.0416946168617376,-0.10632789907066224,GMM estimator,0.2,0.2,0.5,0.5,3411,0.0,0.0,0.0,wrong,correct,3.0
274,-0.17469525263536445,-1.006850287863627,-0.2835990718161674,GMM estimator,0.2,0.2,0.5,0.5,3411,0.0,0.0,0.0,wrong,correct,3.0
275,-0.004219232032027706,-1.0069015219742055,-0.01687354444010465,GMM estimator,0.2,0.2,0.5,0.5,3411,0.0,0.0,0.0,wrong,correct,3.0
276,0.021412831587723218,-1.0950107148672203,-0.08349784131005038,GMM estimator,0.2,0.2,0.5,0.5,3411,0.0,0.0,0.0,wrong,correct,3.0
277,0.318827088825829,-1.0380634371249142,-0.038241932439116305,GMM estimator,0.2,0.2,0.5,0.5,3411,0.0,0.0,0.0,wrong,correct,3.0
278,0.2252935554146978,-1.0519557961270687,0.08887034929341556,GMM estimator,0.2,0.2,0.5,0.5,3411,0.0,0.0,0.0,wrong,correct,3.0
279,-0.018523519569341635,-1.0600104559811954,-0.11125040911198941,GMM estimator,0.2,0.2,0.5,0.5,3411,0.0,0.0,0.0,wrong,correct,3.0
280,0.031523766388755196,-1.014343998167011,0.05785377581029223,GMM estimator,0.2,0.2,0.5,0.5,3411,0.0,0.0,0.0,wrong,correct,3.0
281,0.23447250453678647,-1.0068254270402,0.3373162653451626,GMM estimator,0.2,0.2,0.5,0.5,3411,0.0,0.0,0.0,wrong,correct,3.0
282,0.22415392910364018,-1.081731314401751,-0.13028647674464672,GMM estimator,0.2,0.2,0.5,0.5,3411,0.0,0.0,0.0,wrong,correct,3.0
283,0.27213737525808446,-1.045169728016131,-0.11843659637762119,GMM estimator,0.2,0.2,0.5,0.5,3411,0.0,0.0,0.0,wrong,correct,3.0
284,-0.06105581868078672,-1.0370766657227595,-0.11377960805033664,GMM estimator,0.2,0.2,0.5,0.5,3411,0.0,0.0,0.0,wrong,correct,3.0
285,-0.0032171115466418853,-1.0978591843320817,-0.14220887323559114,GMM estimator,0.2,0.2,0.5,0.5,3411,0.0,0.0,0.0,wrong,correct,3.0
286,0.013784801735587026,-1.0688826037901427,-0.08488132553992715,GMM estimator,0.2,0.2,0.5,0.5,3411,0.0,0.0,0.0,wrong,correct,3.0
287,0.2230004362595457,-1.0503776188893739,-0.07443421827785147,GMM estimator,0.2,0.2,0.5,0.5,3411,0.0,0.0,0.0,wrong,correct,3.0
288,-0.5174427674639331,-1.0564267244589103,-0.01689568991351341,GMM estimator,0.2,0.2,0.5,0.5,3411,0.0,0.0,0.0,wrong,correct,3.0
289,-0.37284522641905377,-1.0181691304988274,0.17347000779487504,GMM estimator,0.2,0.2,0.5,0.5,3411,0.0,0.0,0.0,wrong,correct,3.0
290,-0.26402182444217875,-1.055060833725226,-0.3305575805545256,GMM estimator,0.2,0.2,0.5,0.5,3411,0.0,0.0,0.0,wrong,correct,3.0
291,0.3586454079191524,-1.0536011273355774,0.0981892871310932,GMM estimator,0.2,0.2,0.5,0.5,3411,0.0,0.0,0.0,wrong,correct,3.0
292,0.3110858265950263,-1.0248154380875405,0.015262344394051235,GMM estimator,0.2,0.2,0.5,0.5,3411,0.0,0.0,0.0,wrong,correct,3.0
293,-0.1894516542086057,-1.0526492268086791,0.06430255735504256,GMM estimator,0.2,0.2,0.5,0.5,3411,0.0,0.0,0.0,wrong,correct,3.0
294,0.24076878889903633,-1.0611465253164774,-0.008806725634887144,GMM estimator,0.2,0.2,0.5,0.5,3411,0.0,0.0,0.0,wrong,correct,3.0
295,0.08158045617084031,-1.0222182456972375,0.03878402574954585,GMM estimator,0.2,0.2,0.5,0.5,3411,0.0,0.0,0.0,wrong,correct,3.0
296,0.16058291807450503,-1.0519416337177228,-0.022724297677104658,GMM estimator,0.2,0.2,0.5,0.5,3411,0.0,0.0,0.0,wrong,correct,3.0
297,-0.07571296351862034,-1.0659141824825311,-0.13842099478652983,GMM estimator,0.2,0.2,0.5,0.5,3411,0.0,0.0,0.0,wrong,correct,3.0
298,0.4185666282751368,-1.0341707669048035,0.04554554379637072,GMM estimator,0.2,0.2,0.5,0.5,3411,0.0,0.0,0.0,wrong,correct,3.0
299,-0.05594319137826611,-0.987578452458387,-0.1993535787903399,GMM estimator,0.2,0.2,0.5,0.5,3411,0.0,0.0,0.0,wrong,correct,3.0
300,-0.030080273043922863,-1.063842649904528,0.09445998399340144,GMM estimator,0.2,0.2,0.5,0.5,3411,0.0,0.0,0.0,wrong,correct,3.0
1,-0.21638233739990628,-1.1288430904344786,-1.0246255409265628,Three-step,0.2,0.2,0.5,0.5,3411,0.0,0.0,0.0,wrong,wrong,3.0
2,-0.12187546321882094,-1.0373502398070786,-1.0217722141665262,Three-step,0.2,0.2,0.5,0.5,3411,0.0,0.0,0.0,wrong,wrong,3.0
3,-0.26114076633740574,-1.0176377053697172,-1.0473803599498146,Three-step,0.2,0.2,0.5,0.5,3411,0.0,0.0,0.0,wrong,wrong,3.0
4,0.2249961077360261,-1.0620055357164404,-1.045508727993767,Three-step,0.2,0.2,0.5,0.5,3411,0.0,0.0,0.0,wrong,wrong,3.0
5,-0.3986320030607346,-1.0413911788302255,-1.081076990417024,Three-step,0.2,0.2,0.5,0.5,3411,0.0,0.0,0.0,wrong,wrong,3.0
6,0.2192289216803849,-1.0600371966682989,-1.030836553065913,Three-step,0.2,0.2,0.5,0.5,3411,0.0,0.0,0.0,wrong,wrong,3.0
7,0.6370852184550957,-1.0751861899577007,-1.0459803973029898,Three-step,0.2,0.2,0.5,0.5,3411,0.0,0.0,0.0,wrong,wrong,3.0
8,-0.19563879834817538,-1.0619691855949562,-1.039879661277671,Three-step,0.2,0.2,0.5,0.5,3411,0.0,0.0,0.0,wrong,wrong,3.0
9,-0.21466663895764246,-1.0420233267626626,-1.0239432276339226,Three-step,0.2,0.2,0.5,0.5,3411,0.0,0.0,0.0,wrong,wrong,3.0
10,-0.28868506666523563,-1.0754453835396116,-1.0468650121281284,Three-step,0.2,0.2,0.5,0.5,3411,0.0,0.0,0.0,wrong,wrong,3.0
11,0.26018178178026646,-1.0514842114394631,-1.0326004094967864,Three-step,0.2,0.2,0.5,0.5,3411,0.0,0.0,0.0,wrong,wrong,3.0
12,-0.04230906511341025,-1.0731006624932347,-1.0208618393130573,Three-step,0.2,0.2,0.5,0.5,3411,0.0,0.0,0.0,wrong,wrong,3.0
13,0.31018113993431823,-1.0402125947396412,-1.0463831389732956,Three-step,0.2,0.2,0.5,0.5,3411,0.0,0.0,0.0,wrong,wrong,3.0
14,-0.2895432186174777,-1.093700488921534,-1.0580450159492272,Three-step,0.2,0.2,0.5,0.5,3411,0.0,0.0,0.0,wrong,wrong,3.0
15,-0.2850271574314379,-1.0769453457103395,-1.0438942770430417,Three-step,0.2,0.2,0.5,0.5,3411,0.0,0.0,0.0,wrong,wrong,3.0
16,-0.21742941340238345,-1.0698497519523498,-1.0792656732298467,Three-step,0.2,0.2,0.5,0.5,3411,0.0,0.0,0.0,wrong,wrong,3.0
17,0.35790603591279124,-1.0054406383064836,-1.0373057522973457,Three-step,0.2,0.2,0.5,0.5,3411,0.0,0.0,0.0,wrong,wrong,3.0
18,0.031246724896759264,-1.0874793108165608,-1.0682071911536772,Three-step,0.2,0.2,0.5,0.5,3411,0.0,0.0,0.0,wrong,wrong,3.0
19,-0.0634963113714802,-1.0374967699665427,-1.0469581191744706,Three-step,0.2,0.2,0.5,0.5,3411,0.0,0.0,0.0,wrong,wrong,3.0
20,-0.03418786493587035,-1.007914317924483,-1.019695173816757,Three-step,0.2,0.2,0.5,0.5,3411,0.0,0.0,0.0,wrong,wrong,3.0
21,0.06747337162742931,-1.0404281599193965,-1.0297784006911759,Three-step,0.2,0.2,0.5,0.5,3411,0.0,0.0,0.0,wrong,wrong,3.0
22,0.14656559849646814,-1.0371070407255099,-1.025293342853807,Three-step,0.2,0.2,0.5,0.5,3411,0.0,0.0,0.0,wrong,wrong,3.0
23,-0.07302870686714757,-1.0274387996860368,-1.0222654323693838,Three-step,0.2,0.2,0.5,0.5,3411,0.0,0.0,0.0,wrong,wrong,3.0
24,0.30094833279061994,-1.0704402465578209,-1.053926653164528,Three-step,0.2,0.2,0.5,0.5,3411,0.0,0.0,0.0,wrong,wrong,3.0
25,-0.07854489967289013,-1.009470710666399,-1.0735614052883184,Three-step,0.2,0.2,0.5,0.5,3411,0.0,0.0,0.0,wrong,wrong,3.0
26,-0.035287870571493234,-1.0587894824551722,-1.062613200280985,Three-step,0.2,0.2,0.5,0.5,3411,0.0,0.0,0.0,wrong,wrong,3.0
27,0.06687855647163651,-1.0543124243697657,-1.0482242404465403,Three-step,0.2,0.2,0.5,0.5,3411,0.0,0.0,0.0,wrong,wrong,3.0
28,0.012817510214736006,-1.0365684930927717,-1.0625867735967123,Three-step,0.2,0.2,0.5,0.5,3411,0.0,0.0,0.0,wrong,wrong,3.0
29,0.040105206766268935,-1.094519330786194,-1.04167892590837,Three-step,0.2,0.2,0.5,0.5,3411,0.0,0.0,0.0,wrong,wrong,3.0
30,-0.17588309711857628,-1.042969399609854,-1.0371732160804272,Three-step,0.2,0.2,0.5,0.5,3411,0.0,0.0,0.0,wrong,wrong,3.0
31,0.08523089076688477,-1.0066675754779,-1.0105745855432438,Three-step,0.2,0.2,0.5,0.5,3411,0.0,0.0,0.0,wrong,wrong,3.0
32,-0.08670615009695697,-1.0955070000119882,-1.0533460530984537,Three-step,0.2,0.2,0.5,0.5,3411,0.0,0.0,0.0,wrong,wrong,3.0
33,0.29041844893069924,-1.0342894950976702,-1.0459892962083854,Three-step,0.2,0.2,0.5,0.5,3411,0.0,0.0,0.0,wrong,wrong,3.0
34,0.05187995244241579,-1.1156121652936482,-1.0624603861620576,Three-step,0.2,0.2,0.5,0.5,3411,0.0,0.0,0.0,wrong,wrong,3.0
35,-0.022312193616597926,-1.0168629680743853,-1.0508127455778953,Three-step,0.2,0.2,0.5,0.5,3411,0.0,0.0,0.0,wrong,wrong,3.0
36,0.1145559000991923,-1.0408041566441206,-1.0800605743219076,Three-step,0.2,0.2,0.5,0.5,3411,0.0,0.0,0.0,wrong,wrong,3.0
37,-0.13562864434797456,-1.0579094943164211,-1.0712758163177334,Three-step,0.2,0.2,0.5,0.5,3411,0.0,0.0,0.0,wrong,wrong,3.0
38,-0.16057341023732932,-1.0888084865446057,-1.060743329335406,Three-step,0.2,0.2,0.5,0.5,3411,0.0,0.0,0.0,wrong,wrong,3.0
39,-0.08992534057700231,-1.0803319043379855,-1.0673167993545458,Three-step,0.2,0.2,0.5,0.5,3411,0.0,0.0,0.0,wrong,wrong,3.0
40,0.133335176293182,-1.0049481109756653,-1.0519232538199668,Three-step,0.2,0.2,0.5,0.5,3411,0.0,0.0,0.0,wrong,wrong,3.0
41,-0.031522680484573205,-1.0976949988298994,-1.027203003846578,Three-step,0.2,0.2,0.5,0.5,3411,0.0,0.0,0.0,wrong,wrong,3.0
42,0.39043730143453736,-1.0560407849740578,-1.0475626264622129,Three-step,0.2,0.2,0.5,0.5,3411,0.0,0.0,0.0,wrong,wrong,3.0
43,-0.23337383839455536,-1.092506757642089,-1.0342790820564391,Three-step,0.2,0.2,0.5,0.5,3411,0.0,0.0,0.0,wrong,wrong,3.0
44,0.6122828716767416,-1.0735106398617313,-1.0351481914273482,Three-step,0.2,0.2,0.5,0.5,3411,0.0,0.0,0.0,wrong,wrong,3.0
45,-7.349438551083179e-05,-1.0617087140689971,-1.0487659650894299,Three-step,0.2,0.2,0.5,0.5,3411,0.0,0.0,0.0,wrong,wrong,3.0
46,0.029838464372207465,-1.0472923209904528,-1.018830843120301,Three-step,0.2,0.2,0.5,0.5,3411,0.0,0.0,0.0,wrong,wrong,3.0
47,0.03904458871662966,-1.0187296107657986,-0.9961097352990359,Three-step,0.2,0.2,0.5,0.5,3411,0.0,0.0,0.0,wrong,wrong,3.0
48,0.2553884981447835,-1.027716812078119,-1.043477264921871,Three-step,0.2,0.2,0.5,0.5,3411,0.0,0.0,0.0,wrong,wrong,3.0
49,-0.2695081540243407,-1.0653191079639899,-1.0070406512542394,Three-step,0.2,0.2,0.5,0.5,3411,0.0,0.0,0.0,wrong,wrong,3.0
50,-0.2779469774896718,-1.0586725606129002,-1.0479609005067159,Three-step,0.2,0.2,0.5,0.5,3411,0.0,0.0,0.0,wrong,wrong,3.0
51,0.13497243460597463,-1.0190438026954796,-1.051939498666101,Three-step,0.2,0.2,0.5,0.5,3411,0.0,0.0,0.0,wrong,wrong,3.0
52,0.018515849361308314,-1.035834083693162,-1.0646362160434513,Three-step,0.2,0.2,0.5,0.5,3411,0.0,0.0,0.0,wrong,wrong,3.0
53,0.1893024847385394,-1.0285220839280276,-1.027653937467153,Three-step,0.2,0.2,0.5,0.5,3411,0.0,0.0,0.0,wrong,wrong,3.0
54,0.003216148147535291,-1.013394642936498,-1.040606228010914,Three-step,0.2,0.2,0.5,0.5,3411,0.0,0.0,0.0,wrong,wrong,3.0
55,-0.18552714981618068,-1.0183626216273172,-1.0425381156732794,Three-step,0.2,0.2,0.5,0.5,3411,0.0,0.0,0.0,wrong,wrong,3.0
56,-0.32705379046052446,-1.034331577223716,-1.0731970750548527,Three-step,0.2,0.2,0.5,0.5,3411,0.0,0.0,0.0,wrong,wrong,3.0
57,-0.316445032433932,-1.1003008752283077,-1.06178079397559,Three-step,0.2,0.2,0.5,0.5,3411,0.0,0.0,0.0,wrong,wrong,3.0
58,-0.18420277936820104,-1.094145412994424,-1.0762692280681947,Three-step,0.2,0.2,0.5,0.5,3411,0.0,0.0,0.0,wrong,wrong,3.0
59,0.5934754229581259,-1.020972597974973,-1.025254818180947,Three-step,0.2,0.2,0.5,0.5,3411,0.0,0.0,0.0,wrong,wrong,3.0
60,-0.1143502235482103,-1.004804505164352,-1.0448706656990148,Three-step,0.2,0.2,0.5,0.5,3411,0.0,0.0,0.0,wrong,wrong,3.0
61,0.023074562795210515,-1.0554930570151269,-1.0476109391975292,Three-step,0.2,0.2,0.5,0.5,3411,0.0,0.0,0.0,wrong,wrong,3.0
62,0.060061582085398704,-1.0382300635596466,-1.015193652952461,Three-step,0.2,0.2,0.5,0.5,3411,0.0,0.0,0.0,wrong,wrong,3.0
63,-0.2608628947469966,-1.0578976518881646,-1.0505684701481333,Three-step,0.2,0.2,0.5,0.5,3411,0.0,0.0,0.0,wrong,wrong,3.0
64,0.03851650144062626,-1.00919822411055,-1.043736357793988,Three-step,0.2,0.2,0.5,0.5,3411,0.0,0.0,0.0,wrong,wrong,3.0
65,-0.3500071152851236,-1.0713286631200851,-1.0112273388365565,Three-step,0.2,0.2,0.5,0.5,3411,0.0,0.0,0.0,wrong,wrong,3.0
66,0.0661247920431479,-0.9997279814188176,-1.0324140258559997,Three-step,0.2,0.2,0.5,0.5,3411,0.0,0.0,0.0,wrong,wrong,3.0
67,0.1963071197289767,-1.10119599494846,-1.055690252158762,Three-step,0.2,0.2,0.5,0.5,3411,0.0,0.0,0.0,wrong,wrong,3.0
68,-0.0187908861919731,-1.027114887297687,-1.0655288632054516,Three-step,0.2,0.2,0.5,0.5,3411,0.0,0.0,0.0,wrong,wrong,3.0
69,-0.24580655363983317,-1.0696392599733664,-1.0423681966806524,Three-step,0.2,0.2,0.5,0.5,3411,0.0,0.0,0.0,wrong,wrong,3.0
70,-0.05592009853059125,-1.0602383921814815,-1.039156925198339,Three-step,0.2,0.2,0.5,0.5,3411,0.0,0.0,0.0,wrong,wrong,3.0
71,-0.23418258170763345,-1.0660165487794253,-1.0286886802521873,Three-step,0.2,0.2,0.5,0.5,3411,0.0,0.0,0.0,wrong,wrong,3.0
72,-0.05638029491270705,-1.0969762327804984,-1.0982415732487423,Three-step,0.2,0.2,0.5,0.5,3411,0.0,0.0,0.0,wrong,wrong,3.0
73,-0.06238654741342688,-1.0154968188145062,-1.0672497486533763,Three-step,0.2,0.2,0.5,0.5,3411,0.0,0.0,0.0,wrong,wrong,3.0
74,-0.38142276603088204,-1.0611493869467075,-1.0312978518660738,Three-step,0.2,0.2,0.5,0.5,3411,0.0,0.0,0.0,wrong,wrong,3.0
75,-0.008086660597298016,-1.0448562659998686,-1.029262578618224,Three-step,0.2,0.2,0.5,0.5,3411,0.0,0.0,0.0,wrong,wrong,3.0
76,0.06011830202801258,-1.065736186696557,-1.0389701959486592,Three-step,0.2,0.2,0.5,0.5,3411,0.0,0.0,0.0,wrong,wrong,3.0
77,-0.23240285053326162,-1.040726853059786,-1.080230492700684,Three-step,0.2,0.2,0.5,0.5,3411,0.0,0.0,0.0,wrong,wrong,3.0
78,-0.5161266436670807,-1.0818430889160249,-1.089559106259935,Three-step,0.2,0.2,0.5,0.5,3411,0.0,0.0,0.0,wrong,wrong,3.0
79,0.08277077405841443,-1.0765695357139444,-0.9962198147955345,Three-step,0.2,0.2,0.5,0.5,3411,0.0,0.0,0.0,wrong,wrong,3.0
80,0.09419883363515405,-1.079855685955028,-1.0845109620919486,Three-step,0.2,0.2,0.5,0.5,3411,0.0,0.0,0.0,wrong,wrong,3.0
81,-0.33353957056314987,-1.080957454789858,-1.0735133211508663,Three-step,0.2,0.2,0.5,0.5,3411,0.0,0.0,0.0,wrong,wrong,3.0
82,0.19667681289722042,-1.007919163019019,-1.036454034018593,Three-step,0.2,0.2,0.5,0.5,3411,0.0,0.0,0.0,wrong,wrong,3.0
83,-0.060082804605301285,-1.0379815227325517,-1.0490342853014551,Three-step,0.2,0.2,0.5,0.5,3411,0.0,0.0,0.0,wrong,wrong,3.0
84,-0.2733460514104471,-1.0632412149217099,-1.0444329737561204,Three-step,0.2,0.2,0.5,0.5,3411,0.0,0.0,0.0,wrong,wrong,3.0
85,-0.32323043308293914,-1.0773865774695093,-1.072115552489828,Three-step,0.2,0.2,0.5,0.5,3411,0.0,0.0,0.0,wrong,wrong,3.0
86,-0.20452043651813298,-1.0581003480589029,-1.0724489703013642,Three-step,0.2,0.2,0.5,0.5,3411,0.0,0.0,0.0,wrong,wrong,3.0
87,-0.02191315951398165,-1.1040564629835081,-1.038749351942997,Three-step,0.2,0.2,0.5,0.5,3411,0.0,0.0,0.0,wrong,wrong,3.0
88,0.22886844116746777,-1.0266098451200412,-1.0374567594476602,Three-step,0.2,0.2,0.5,0.5,3411,0.0,0.0,0.0,wrong,wrong,3.0
89,0.0537606119940772,-1.0825577920198723,-1.026367685085625,Three-step,0.2,0.2,0.5,0.5,3411,0.0,0.0,0.0,wrong,wrong,3.0
90,-0.004534740577829554,-1.100666825638904,-1.0296768814280677,Three-step,0.2,0.2,0.5,0.5,3411,0.0,0.0,0.0,wrong,wrong,3.0
91,0.01146749479576318,-1.033029591033668,-1.0519638398997209,Three-step,0.2,0.2,0.5,0.5,3411,0.0,0.0,0.0,wrong,wrong,3.0
92,-0.6334749356740179,-1.039195390261807,-1.07257741618254,Three-step,0.2,0.2,0.5,0.5,3411,0.0,0.0,0.0,wrong,wrong,3.0
93,0.029894919031054228,-1.0126289857570727,-1.0776014773064755,Three-step,0.2,0.2,0.5,0.5,3411,0.0,0.0,0.0,wrong,wrong,3.0
94,-0.0410234618170689,-1.066291558324962,-1.0315418780905057,Three-step,0.2,0.2,0.5,0.5,3411,0.0,0.0,0.0,wrong,wrong,3.0
95,-0.12028095643410532,-1.052135460642204,-1.0273335247244644,Three-step,0.2,0.2,0.5,0.5,3411,0.0,0.0,0.0,wrong,wrong,3.0
96,-0.06914460925381054,-1.0877305406312954,-1.0662627442929389,Three-step,0.2,0.2,0.5,0.5,3411,0.0,0.0,0.0,wrong,wrong,3.0
97,-0.24802387624190614,-1.055145290866407,-1.0413274965096195,Three-step,0.2,0.2,0.5,0.5,3411,0.0,0.0,0.0,wrong,wrong,3.0
98,0.11083336161265518,-0.9991068445640251,-1.0503375833498214,Three-step,0.2,0.2,0.5,0.5,3411,0.0,0.0,0.0,wrong,wrong,3.0
99,-0.25621738953644174,-1.065542054623333,-1.0069708512606943,Three-step,0.2,0.2,0.5,0.5,3411,0.0,0.0,0.0,wrong,wrong,3.0
100,-0.16429258301728203,-1.0226167685252836,-1.0514847609449933,Three-step,0.2,0.2,0.5,0.5,3411,0.0,0.0,0.0,wrong,wrong,3.0
101,0.03678528044921345,-1.0835594345836188,-1.059103712945996,Three-step,0.2,0.2,0.5,0.5,3411,0.0,0.0,0.0,wrong,wrong,3.0
102,0.18602311537150937,-1.0767929752059633,-1.0661594237978975,Three-step,0.2,0.2,0.5,0.5,3411,0.0,0.0,0.0,wrong,wrong,3.0
103,0.026257724721761126,-1.056413912875338,-1.0331634583818325,Three-step,0.2,0.2,0.5,0.5,3411,0.0,0.0,0.0,wrong,wrong,3.0
104,-0.6017875699446894,-1.0212234938643168,-1.0497720354761937,Three-step,0.2,0.2,0.5,0.5,3411,0.0,0.0,0.0,wrong,wrong,3.0
105,-0.15435480363303436,-1.0716480891003315,-1.0965550174482748,Three-step,0.2,0.2,0.5,0.5,3411,0.0,0.0,0.0,wrong,wrong,3.0
106,-0.3250991365434943,-1.1012174098347631,-1.0819253461859115,Three-step,0.2,0.2,0.5,0.5,3411,0.0,0.0,0.0,wrong,wrong,3.0
107,-0.5580793380283746,-1.0693808788330528,-1.0104029464964064,Three-step,0.2,0.2,0.5,0.5,3411,0.0,0.0,0.0,wrong,wrong,3.0
108,-0.10180109677627192,-1.0426440907556331,-1.008358676088589,Three-step,0.2,0.2,0.5,0.5,3411,0.0,0.0,0.0,wrong,wrong,3.0
109,0.02863002656325884,-1.0307021547866242,-1.028957931815206,Three-step,0.2,0.2,0.5,0.5,3411,0.0,0.0,0.0,wrong,wrong,3.0
110,0.29915179538801734,-1.0829074475470202,-1.0297178526691149,Three-step,0.2,0.2,0.5,0.5,3411,0.0,0.0,0.0,wrong,wrong,3.0
111,0.1674751487251515,-1.0187372411203712,-1.049769581136534,Three-step,0.2,0.2,0.5,0.5,3411,0.0,0.0,0.0,wrong,wrong,3.0
112,-0.13811878374885608,-1.0585255571222785,-1.0621070047377283,Three-step,0.2,0.2,0.5,0.5,3411,0.0,0.0,0.0,wrong,wrong,3.0
113,-0.4194254415984503,-1.034272169789563,-1.0393117514056276,Three-step,0.2,0.2,0.5,0.5,3411,0.0,0.0,0.0,wrong,wrong,3.0
114,0.27654723755305005,-1.0569609767122445,-1.0692178310186213,Three-step,0.2,0.2,0.5,0.5,3411,0.0,0.0,0.0,wrong,wrong,3.0
115,0.17808510857420287,-1.0643620845745168,-1.0520748181685968,Three-step,0.2,0.2,0.5,0.5,3411,0.0,0.0,0.0,wrong,wrong,3.0
116,-0.028546003039833855,-1.033855675341614,-1.0670547308881353,Three-step,0.2,0.2,0.5,0.5,3411,0.0,0.0,0.0,wrong,wrong,3.0
117,-0.4008435513057486,-1.1246516248423295,-1.0523128197344784,Three-step,0.2,0.2,0.5,0.5,3411,0.0,0.0,0.0,wrong,wrong,3.0
118,-0.19228013808246452,-1.094226245158739,-1.0652819581262905,Three-step,0.2,0.2,0.5,0.5,3411,0.0,0.0,0.0,wrong,wrong,3.0
119,0.00854402093176101,-1.0598759277233532,-1.0514094268007348,Three-step,0.2,0.2,0.5,0.5,3411,0.0,0.0,0.0,wrong,wrong,3.0
120,-0.13476192990295804,-1.0458554005167824,-1.030044900239936,Three-step,0.2,0.2,0.5,0.5,3411,0.0,0.0,0.0,wrong,wrong,3.0
121,0.032812635580261,-1.03992214498586,-1.0163965373704964,Three-step,0.2,0.2,0.5,0.5,3411,0.0,0.0,0.0,wrong,wrong,3.0
122,0.4814297341877782,-1.0668245771285592,-1.0390205854590833,Three-step,0.2,0.2,0.5,0.5,3411,0.0,0.0,0.0,wrong,wrong,3.0
123,0.23812846256818124,-1.0063944666501867,-1.0285183013325776,Three-step,0.2,0.2,0.5,0.5,3411,0.0,0.0,0.0,wrong,wrong,3.0
124,-0.0665625711402353,-1.0725007318681963,-1.074104712757102,Three-step,0.2,0.2,0.5,0.5,3411,0.0,0.0,0.0,wrong,wrong,3.0
125,-0.09585075251374571,-1.0325371525217193,-1.0223889061755278,Three-step,0.2,0.2,0.5,0.5,3411,0.0,0.0,0.0,wrong,wrong,3.0
126,-0.07710201410093796,-1.0656053908701446,-1.037936118620539,Three-step,0.2,0.2,0.5,0.5,3411,0.0,0.0,0.0,wrong,wrong,3.0
127,0.01945420297050545,-1.0381366190271812,-1.0265693971574863,Three-step,0.2,0.2,0.5,0.5,3411,0.0,0.0,0.0,wrong,wrong,3.0
128,0.3696642049389246,-1.0561872370781973,-1.014362174089289,Three-step,0.2,0.2,0.5,0.5,3411,0.0,0.0,0.0,wrong,wrong,3.0
129,0.05722489059869179,-1.0340416727292598,-1.0180683579749576,Three-step,0.2,0.2,0.5,0.5,3411,0.0,0.0,0.0,wrong,wrong,3.0
130,-0.14800551002027396,-1.1120355859046727,-1.07401441746884,Three-step,0.2,0.2,0.5,0.5,3411,0.0,0.0,0.0,wrong,wrong,3.0
131,-0.08510690595498348,-1.0581478931236334,-1.0462646495816992,Three-step,0.2,0.2,0.5,0.5,3411,0.0,0.0,0.0,wrong,wrong,3.0
132,-0.4359926535705361,-1.080213603275338,-1.035453529502867,Three-step,0.2,0.2,0.5,0.5,3411,0.0,0.0,0.0,wrong,wrong,3.0
133,-0.10332596648131054,-1.0807235891030413,-1.0420422198516341,Three-step,0.2,0.2,0.5,0.5,3411,0.0,0.0,0.0,wrong,wrong,3.0
134,0.07038904545269015,-1.062169970270645,-1.0300169333967233,Three-step,0.2,0.2,0.5,0.5,3411,0.0,0.0,0.0,wrong,wrong,3.0
135,0.06563864871636221,-1.0799996205003952,-1.0623955898570565,Three-step,0.2,0.2,0.5,0.5,3411,0.0,0.0,0.0,wrong,wrong,3.0
136,-0.26968515809974064,-1.0642456323010647,-1.0522684270721425,Three-step,0.2,0.2,0.5,0.5,3411,0.0,0.0,0.0,wrong,wrong,3.0
137,-0.0935346376537088,-1.0374274053690677,-1.0528660815024207,Three-step,0.2,0.2,0.5,0.5,3411,0.0,0.0,0.0,wrong,wrong,3.0
138,0.4284060385015481,-1.037044649850638,-1.042246126386884,Three-step,0.2,0.2,0.5,0.5,3411,0.0,0.0,0.0,wrong,wrong,3.0
139,-0.12603692837163968,-1.0562788650400778,-1.0655556680878828,Three-step,0.2,0.2,0.5,0.5,3411,0.0,0.0,0.0,wrong,wrong,3.0
140,0.23140073995749663,-1.0424277833331854,-1.025179274620377,Three-step,0.2,0.2,0.5,0.5,3411,0.0,0.0,0.0,wrong,wrong,3.0
141,0.0023114886353662223,-1.064930601211246,-1.0394571539420188,Three-step,0.2,0.2,0.5,0.5,3411,0.0,0.0,0.0,wrong,wrong,3.0
142,0.12894463262268377,-1.0819090132844777,-1.0276936854540832,Three-step,0.2,0.2,0.5,0.5,3411,0.0,0.0,0.0,wrong,wrong,3.0
143,0.11789504205198617,-1.018402014720535,-1.041307103950143,Three-step,0.2,0.2,0.5,0.5,3411,0.0,0.0,0.0,wrong,wrong,3.0
144,0.2421708086224937,-1.0133592951353934,-1.03834559167457,Three-step,0.2,0.2,0.5,0.5,3411,0.0,0.0,0.0,wrong,wrong,3.0
145,0.2825694596164901,-1.0425945408361559,-0.9958670240954262,Three-step,0.2,0.2,0.5,0.5,3411,0.0,0.0,0.0,wrong,wrong,3.0
146,-0.11563451128761365,-1.0463309596454804,-1.0569536293816224,Three-step,0.2,0.2,0.5,0.5,3411,0.0,0.0,0.0,wrong,wrong,3.0
147,-0.10454679258441611,-1.0395054237542394,-1.052808552567513,Three-step,0.2,0.2,0.5,0.5,3411,0.0,0.0,0.0,wrong,wrong,3.0
148,0.1544202241215178,-1.0425270531494575,-1.0492431420905861,Three-step,0.2,0.2,0.5,0.5,3411,0.0,0.0,0.0,wrong,wrong,3.0
149,-0.17913687267073114,-1.0547860654125776,-1.0353486112346753,Three-step,0.2,0.2,0.5,0.5,3411,0.0,0.0,0.0,wrong,wrong,3.0
150,0.24257087374835307,-1.0581852971125754,-1.0538306799661692,Three-step,0.2,0.2,0.5,0.5,3411,0.0,0.0,0.0,wrong,wrong,3.0
151,0.15997303947184197,-1.06793606931471,-1.0617324436360274,Three-step,0.2,0.2,0.5,0.5,3411,0.0,0.0,0.0,wrong,wrong,3.0
152,0.10619586479355807,-1.0503136011523968,-1.039214004594877,Three-step,0.2,0.2,0.5,0.5,3411,0.0,0.0,0.0,wrong,wrong,3.0
153,0.13803080355355485,-1.0560885652255048,-1.0200181375958846,Three-step,0.2,0.2,0.5,0.5,3411,0.0,0.0,0.0,wrong,wrong,3.0
154,0.01974099345689481,-0.9761917163373347,-1.0356738797717675,Three-step,0.2,0.2,0.5,0.5,3411,0.0,0.0,0.0,wrong,wrong,3.0
155,0.027083177975507043,-1.031502191725834,-1.078541879859207,Three-step,0.2,0.2,0.5,0.5,3411,0.0,0.0,0.0,wrong,wrong,3.0
156,0.3590259033702438,-1.0589572418336004,-1.0153130259339305,Three-step,0.2,0.2,0.5,0.5,3411,0.0,0.0,0.0,wrong,wrong,3.0
157,0.026566619851693816,-1.0337666667940146,-1.0845842991970054,Three-step,0.2,0.2,0.5,0.5,3411,0.0,0.0,0.0,wrong,wrong,3.0
158,0.2944221670511022,-1.0073453992262893,-1.0390498771661298,Three-step,0.2,0.2,0.5,0.5,3411,0.0,0.0,0.0,wrong,wrong,3.0
159,-0.021842073417086404,-0.9648384426783865,-1.0307211203071085,Three-step,0.2,0.2,0.5,0.5,3411,0.0,0.0,0.0,wrong,wrong,3.0
160,0.1434742791439272,-1.0689858432288997,-1.0207330043326048,Three-step,0.2,0.2,0.5,0.5,3411,0.0,0.0,0.0,wrong,wrong,3.0
161,0.06679809383247401,-1.0362964663413072,-1.0662173463900304,Three-step,0.2,0.2,0.5,0.5,3411,0.0,0.0,0.0,wrong,wrong,3.0
162,0.24364373085622623,-0.9850313405765422,-1.0776133708654476,Three-step,0.2,0.2,0.5,0.5,3411,0.0,0.0,0.0,wrong,wrong,3.0
163,0.052051468217764824,-1.0063936867804493,-1.0453870002941286,Three-step,0.2,0.2,0.5,0.5,3411,0.0,0.0,0.0,wrong,wrong,3.0
164,-0.5068665628167819,-1.0249787509335138,-1.0841692718431104,Three-step,0.2,0.2,0.5,0.5,3411,0.0,0.0,0.0,wrong,wrong,3.0
165,-0.06329434138645362,-1.022102689613109,-1.056090447141898,Three-step,0.2,0.2,0.5,0.5,3411,0.0,0.0,0.0,wrong,wrong,3.0
166,0.20549057766022533,-1.081692360069237,-1.025019048032577,Three-step,0.2,0.2,0.5,0.5,3411,0.0,0.0,0.0,wrong,wrong,3.0
167,-0.23449710637643037,-1.0074867395978404,-1.061758438088724,Three-step,0.2,0.2,0.5,0.5,3411,0.0,0.0,0.0,wrong,wrong,3.0
168,0.20369911331556004,-1.0931426372535955,-1.0791954231078105,Three-step,0.2,0.2,0.5,0.5,3411,0.0,0.0,0.0,wrong,wrong,3.0
169,-0.18381322627139332,-0.9898928241818903,-1.0727894616029827,Three-step,0.2,0.2,0.5,0.5,3411,0.0,0.0,0.0,wrong,wrong,3.0
170,-0.024710390444784736,-1.0701661179940563,-1.0485700392732242,Three-step,0.2,0.2,0.5,0.5,3411,0.0,0.0,0.0,wrong,wrong,3.0
171,-0.24165654699004713,-1.0416247869541042,-1.0815730157000754,Three-step,0.2,0.2,0.5,0.5,3411,0.0,0.0,0.0,wrong,wrong,3.0
172,-0.19675320069169247,-1.0370070247874026,-1.066800514159503,Three-step,0.2,0.2,0.5,0.5,3411,0.0,0.0,0.0,wrong,wrong,3.0
173,-0.04393997434705416,-1.0784146259164842,-1.0436630050958937,Three-step,0.2,0.2,0.5,0.5,3411,0.0,0.0,0.0,wrong,wrong,3.0
174,0.02997722113949772,-1.0237064831398033,-1.0362453873635864,Three-step,0.2,0.2,0.5,0.5,3411,0.0,0.0,0.0,wrong,wrong,3.0
175,0.3813443584921358,-1.078446789563813,-1.0509195764225427,Three-step,0.2,0.2,0.5,0.5,3411,0.0,0.0,0.0,wrong,wrong,3.0
176,-0.3645027829994575,-1.0738001032189086,-1.0625516563889925,Three-step,0.2,0.2,0.5,0.5,3411,0.0,0.0,0.0,wrong,wrong,3.0
177,0.16227299756304991,-1.0466725780379071,-1.0671265273395931,Three-step,0.2,0.2,0.5,0.5,3411,0.0,0.0,0.0,wrong,wrong,3.0
178,-0.0318371967342167,-1.0477506281504567,-1.0125810960373578,Three-step,0.2,0.2,0.5,0.5,3411,0.0,0.0,0.0,wrong,wrong,3.0
179,-0.22755798790943302,-1.0638164458824149,-1.033609407396865,Three-step,0.2,0.2,0.5,0.5,3411,0.0,0.0,0.0,wrong,wrong,3.0
180,0.2737617169986446,-1.027587751456281,-1.0657806353576376,Three-step,0.2,0.2,0.5,0.5,3411,0.0,0.0,0.0,wrong,wrong,3.0
181,0.061348587982203405,-1.0472883764964542,-1.0246651966275466,Three-step,0.2,0.2,0.5,0.5,3411,0.0,0.0,0.0,wrong,wrong,3.0
182,0.1812894829475989,-1.0576020812334275,-1.0413577299673773,Three-step,0.2,0.2,0.5,0.5,3411,0.0,0.0,0.0,wrong,wrong,3.0
183,0.2588591057634475,-1.024146645939432,-1.0331758358331797,Three-step,0.2,0.2,0.5,0.5,3411,0.0,0.0,0.0,wrong,wrong,3.0
184,0.1182401503498815,-1.0087622731388108,-1.0593740993622993,Three-step,0.2,0.2,0.5,0.5,3411,0.0,0.0,0.0,wrong,wrong,3.0
185,0.03751957002295875,-1.0552820790560398,-1.066018562975631,Three-step,0.2,0.2,0.5,0.5,3411,0.0,0.0,0.0,wrong,wrong,3.0
186,0.1782731389061586,-1.0204341662722614,-1.033283981626632,Three-step,0.2,0.2,0.5,0.5,3411,0.0,0.0,0.0,wrong,wrong,3.0
187,0.0845160233244158,-1.0207505421851182,-1.0500757535734013,Three-step,0.2,0.2,0.5,0.5,3411,0.0,0.0,0.0,wrong,wrong,3.0
188,-0.0026504861158189405,-1.02542114579994,-1.0693049393096228,Three-step,0.2,0.2,0.5,0.5,3411,0.0,0.0,0.0,wrong,wrong,3.0
189,0.25951483896906136,-1.053009066368095,-1.0146356381892796,Three-step,0.2,0.2,0.5,0.5,3411,0.0,0.0,0.0,wrong,wrong,3.0
190,0.0679755404351245,-0.996482664856994,-1.0292541710543417,Three-step,0.2,0.2,0.5,0.5,3411,0.0,0.0,0.0,wrong,wrong,3.0
191,-0.27209631112688226,-1.071168905579218,-1.0397802570970913,Three-step,0.2,0.2,0.5,0.5,3411,0.0,0.0,0.0,wrong,wrong,3.0
192,-0.16086778387042644,-1.0069231959988243,-1.0326162971378565,Three-step,0.2,0.2,0.5,0.5,3411,0.0,0.0,0.0,wrong,wrong,3.0
193,-0.375780700769726,-1.007778450173765,-1.0443780415950763,Three-step,0.2,0.2,0.5,0.5,3411,0.0,0.0,0.0,wrong,wrong,3.0
194,0.352013070695705,-1.0458167823315456,-1.0247013530546072,Three-step,0.2,0.2,0.5,0.5,3411,0.0,0.0,0.0,wrong,wrong,3.0
195,-0.46402420945858575,-1.0865641508050554,-1.0451269222935813,Three-step,0.2,0.2,0.5,0.5,3411,0.0,0.0,0.0,wrong,wrong,3.0
196,-0.0879983288082308,-1.0757783484277226,-1.0500222747232368,Three-step,0.2,0.2,0.5,0.5,3411,0.0,0.0,0.0,wrong,wrong,3.0
197,0.02744404154351659,-1.068105930307564,-1.0217707698189968,Three-step,0.2,0.2,0.5,0.5,3411,0.0,0.0,0.0,wrong,wrong,3.0
198,0.07735112875422542,-1.0654216740192783,-1.0756151660846158,Three-step,0.2,0.2,0.5,0.5,3411,0.0,0.0,0.0,wrong,wrong,3.0
199,0.27726610029421234,-1.0218054843305793,-1.0236407919767754,Three-step,0.2,0.2,0.5,0.5,3411,0.0,0.0,0.0,wrong,wrong,3.0
200,-0.02870013984288021,-1.01568941023633,-1.0337349117211432,Three-step,0.2,0.2,0.5,0.5,3411,0.0,0.0,0.0,wrong,wrong,3.0
201,0.10002794576744525,-1.0511606351175509,-1.030510874149699,Three-step,0.2,0.2,0.5,0.5,3411,0.0,0.0,0.0,wrong,wrong,3.0
202,-0.03580766296563014,-1.0466213063770995,-1.0504427093502922,Three-step,0.2,0.2,0.5,0.5,3411,0.0,0.0,0.0,wrong,wrong,3.0
203,0.2083612726402326,-1.0595586956445813,-1.0413382134760858,Three-step,0.2,0.2,0.5,0.5,3411,0.0,0.0,0.0,wrong,wrong,3.0
204,0.13376302737537218,-1.0551103138181912,-1.023398983268885,Three-step,0.2,0.2,0.5,0.5,3411,0.0,0.0,0.0,wrong,wrong,3.0
205,0.014594835938894338,-1.0310279538905738,-1.0311235933431009,Three-step,0.2,0.2,0.5,0.5,3411,0.0,0.0,0.0,wrong,wrong,3.0
206,0.13012406895558692,-1.051523358660984,-1.042624272129073,Three-step,0.2,0.2,0.5,0.5,3411,0.0,0.0,0.0,wrong,wrong,3.0
207,0.3024211125892238,-0.9961422896749176,-1.039221225762964,Three-step,0.2,0.2,0.5,0.5,3411,0.0,0.0,0.0,wrong,wrong,3.0
208,-0.35724585906971895,-1.0705599742919862,-1.0340199792785336,Three-step,0.2,0.2,0.5,0.5,3411,0.0,0.0,0.0,wrong,wrong,3.0
209,-0.08924589089027983,-1.017137928344878,-1.0406030330041467,Three-step,0.2,0.2,0.5,0.5,3411,0.0,0.0,0.0,wrong,wrong,3.0
210,0.16828947457071677,-1.0595076306382625,-1.0014137868842077,Three-step,0.2,0.2,0.5,0.5,3411,0.0,0.0,0.0,wrong,wrong,3.0
211,0.278163219352762,-1.0059158752502984,-1.0250260052696967,Three-step,0.2,0.2,0.5,0.5,3411,0.0,0.0,0.0,wrong,wrong,3.0
212,0.30852471897735645,-1.041069708385992,-1.0453832623881416,Three-step,0.2,0.2,0.5,0.5,3411,0.0,0.0,0.0,wrong,wrong,3.0
213,0.01974159014055504,-1.079269391528709,-1.0529176919938257,Three-step,0.2,0.2,0.5,0.5,3411,0.0,0.0,0.0,wrong,wrong,3.0
214,-0.2419516172757632,-1.0621951614897707,-1.0264646422220758,Three-step,0.2,0.2,0.5,0.5,3411,0.0,0.0,0.0,wrong,wrong,3.0
215,-0.057512926169954064,-1.0780448478303326,-1.0360797455126738,Three-step,0.2,0.2,0.5,0.5,3411,0.0,0.0,0.0,wrong,wrong,3.0
216,0.38654384468223985,-1.03816054538319,-1.0217469675610376,Three-step,0.2,0.2,0.5,0.5,3411,0.0,0.0,0.0,wrong,wrong,3.0
217,0.481818467173483,-1.0093042245800463,-1.0404411280298151,Three-step,0.2,0.2,0.5,0.5,3411,0.0,0.0,0.0,wrong,wrong,3.0
218,-0.13371520964047856,-1.0815735999045017,-1.038999022797124,Three-step,0.2,0.2,0.5,0.5,3411,0.0,0.0,0.0,wrong,wrong,3.0
219,0.09057124998257426,-1.0394054535965,-1.0285298918223853,Three-step,0.2,0.2,0.5,0.5,3411,0.0,0.0,0.0,wrong,wrong,3.0
220,0.1791751008214565,-1.0612157763272263,-1.047983992254878,Three-step,0.2,0.2,0.5,0.5,3411,0.0,0.0,0.0,wrong,wrong,3.0
221,0.044935196112330336,-1.059955846517798,-1.0646576337632578,Three-step,0.2,0.2,0.5,0.5,3411,0.0,0.0,0.0,wrong,wrong,3.0
222,-0.024052352697134224,-1.0406752826261398,-1.0427001799284115,Three-step,0.2,0.2,0.5,0.5,3411,0.0,0.0,0.0,wrong,wrong,3.0
223,0.07815056702582092,-1.0213855559102052,-0.9811311758398078,Three-step,0.2,0.2,0.5,0.5,3411,0.0,0.0,0.0,wrong,wrong,3.0
224,-0.15639624843946096,-1.0839255526138676,-1.0732397641148717,Three-step,0.2,0.2,0.5,0.5,3411,0.0,0.0,0.0,wrong,wrong,3.0
225,-0.1990825702082254,-1.0826351089093311,-1.049175268844732,Three-step,0.2,0.2,0.5,0.5,3411,0.0,0.0,0.0,wrong,wrong,3.0
226,0.31889336144792546,-1.0268335018728318,-1.0388938652267623,Three-step,0.2,0.2,0.5,0.5,3411,0.0,0.0,0.0,wrong,wrong,3.0
227,0.3369450774857797,-1.07010379633609,-1.0152188216372147,Three-step,0.2,0.2,0.5,0.5,3411,0.0,0.0,0.0,wrong,wrong,3.0
228,0.28416275005184555,-1.0490107825011217,-1.0332704896419087,Three-step,0.2,0.2,0.5,0.5,3411,0.0,0.0,0.0,wrong,wrong,3.0
229,-0.022089465773176102,-1.0832689754456089,-1.0494227419374136,Three-step,0.2,0.2,0.5,0.5,3411,0.0,0.0,0.0,wrong,wrong,3.0
230,-0.17539646691382524,-1.03508032723817,-1.0710437436344509,Three-step,0.2,0.2,0.5,0.5,3411,0.0,0.0,0.0,wrong,wrong,3.0
231,0.257586324918005,-1.0456939339234403,-1.0331948169842864,Three-step,0.2,0.2,0.5,0.5,3411,0.0,0.0,0.0,wrong,wrong,3.0
232,-0.21822711142883242,-1.074072060605699,-1.057852962225862,Three-step,0.2,0.2,0.5,0.5,3411,0.0,0.0,0.0,wrong,wrong,3.0
233,-0.33575736827769515,-1.0614948422813915,-1.0230324953412107,Three-step,0.2,0.2,0.5,0.5,3411,0.0,0.0,0.0,wrong,wrong,3.0
234,-0.04209279364771154,-1.0557475327707293,-1.0343184882063714,Three-step,0.2,0.2,0.5,0.5,3411,0.0,0.0,0.0,wrong,wrong,3.0
235,-0.22378067516912456,-1.050618327139295,-1.0417686591838533,Three-step,0.2,0.2,0.5,0.5,3411,0.0,0.0,0.0,wrong,wrong,3.0
236,-0.3418895426776625,-1.0602183562604621,-1.037338623349284,Three-step,0.2,0.2,0.5,0.5,3411,0.0,0.0,0.0,wrong,wrong,3.0
237,-0.16740993599587597,-1.056363157077737,-1.030761196179921,Three-step,0.2,0.2,0.5,0.5,3411,0.0,0.0,0.0,wrong,wrong,3.0
238,0.10212976727069609,-1.0316714834151037,-1.054510458790013,Three-step,0.2,0.2,0.5,0.5,3411,0.0,0.0,0.0,wrong,wrong,3.0
239,-0.21652310208759845,-1.091965036264248,-1.0654541310448538,Three-step,0.2,0.2,0.5,0.5,3411,0.0,0.0,0.0,wrong,wrong,3.0
240,-0.07538658387577399,-1.0561958197210681,-1.0518322296359934,Three-step,0.2,0.2,0.5,0.5,3411,0.0,0.0,0.0,wrong,wrong,3.0
241,-0.1060078887203105,-0.9979260972383327,-1.0342625351351356,Three-step,0.2,0.2,0.5,0.5,3411,0.0,0.0,0.0,wrong,wrong,3.0
242,0.264950754145019,-1.0047924657074612,-1.04860466796571,Three-step,0.2,0.2,0.5,0.5,3411,0.0,0.0,0.0,wrong,wrong,3.0
243,0.04837403050151683,-1.0314207963749267,-1.055705823338279,Three-step,0.2,0.2,0.5,0.5,3411,0.0,0.0,0.0,wrong,wrong,3.0
244,0.10110246261654555,-1.0491885416859843,-1.0233984998726537,Three-step,0.2,0.2,0.5,0.5,3411,0.0,0.0,0.0,wrong,wrong,3.0
245,0.05173532658064853,-1.0560124264707134,-1.048327383588839,Three-step,0.2,0.2,0.5,0.5,3411,0.0,0.0,0.0,wrong,wrong,3.0
246,-0.5348126305942682,-1.0763103418265123,-1.0637627799327878,Three-step,0.2,0.2,0.5,0.5,3411,0.0,0.0,0.0,wrong,wrong,3.0
247,-0.09329560406889859,-1.062002226726956,-1.0674433287065013,Three-step,0.2,0.2,0.5,0.5,3411,0.0,0.0,0.0,wrong,wrong,3.0
248,0.31952730049731787,-1.072251049586845,-1.0685771280104397,Three-step,0.2,0.2,0.5,0.5,3411,0.0,0.0,0.0,wrong,wrong,3.0
249,0.22831425249096324,-0.99059186379599,-1.0530880239708096,Three-step,0.2,0.2,0.5,0.5,3411,0.0,0.0,0.0,wrong,wrong,3.0
250,-0.1614874488545256,-1.0514420099882635,-1.0666209444155126,Three-step,0.2,0.2,0.5,0.5,3411,0.0,0.0,0.0,wrong,wrong,3.0
251,-0.08373653015733407,-1.0198341758881815,-1.0578392303177784,Three-step,0.2,0.2,0.5,0.5,3411,0.0,0.0,0.0,wrong,wrong,3.0
252,0.07938973072685872,-1.0105689074407358,-1.0499456302204522,Three-step,0.2,0.2,0.5,0.5,3411,0.0,0.0,0.0,wrong,wrong,3.0
253,-0.20611700451860676,-1.006189422905203,-1.0361989832190737,Three-step,0.2,0.2,0.5,0.5,3411,0.0,0.0,0.0,wrong,wrong,3.0
254,0.1552154517104554,-1.0621758479032146,-1.0789604761306157,Three-step,0.2,0.2,0.5,0.5,3411,0.0,0.0,0.0,wrong,wrong,3.0
255,-0.036262026113289415,-1.0855769609677188,-1.066683892884408,Three-step,0.2,0.2,0.5,0.5,3411,0.0,0.0,0.0,wrong,wrong,3.0
256,-0.25960231223035557,-1.0736499490809022,-1.0901966590246794,Three-step,0.2,0.2,0.5,0.5,3411,0.0,0.0,0.0,wrong,wrong,3.0
257,-0.054975375618820106,-1.009934735169924,-1.02851572273063,Three-step,0.2,0.2,0.5,0.5,3411,0.0,0.0,0.0,wrong,wrong,3.0
258,-0.4288552399369907,-1.0459981858986396,-1.0405455829177472,Three-step,0.2,0.2,0.5,0.5,3411,0.0,0.0,0.0,wrong,wrong,3.0
259,-0.10208627793535259,-1.0979449841323106,-1.0557340603955736,Three-step,0.2,0.2,0.5,0.5,3411,0.0,0.0,0.0,wrong,wrong,3.0
260,-0.12709471733619038,-1.0685132478883017,-1.0761518434746515,Three-step,0.2,0.2,0.5,0.5,3411,0.0,0.0,0.0,wrong,wrong,3.0
261,0.07563699031828926,-1.038688648848306,-1.0442652663105674,Three-step,0.2,0.2,0.5,0.5,3411,0.0,0.0,0.0,wrong,wrong,3.0
262,-0.16575677936244346,-0.9959032664134945,-1.029498852324917,Three-step,0.2,0.2,0.5,0.5,3411,0.0,0.0,0.0,wrong,wrong,3.0
263,-0.21220072974795312,-1.0934488499817692,-1.0504103014682766,Three-step,0.2,0.2,0.5,0.5,3411,0.0,0.0,0.0,wrong,wrong,3.0
264,0.11488445391809744,-0.9939633000103693,-1.0535786696603682,Three-step,0.2,0.2,0.5,0.5,3411,0.0,0.0,0.0,wrong,wrong,3.0
265,-0.10244817318495857,-1.0182202086871812,-1.0573729288679883,Three-step,0.2,0.2,0.5,0.5,3411,0.0,0.0,0.0,wrong,wrong,3.0
266,-0.007052086643202716,-1.0461153482407926,-1.0642907522225962,Three-step,0.2,0.2,0.5,0.5,3411,0.0,0.0,0.0,wrong,wrong,3.0
267,-0.08479558206843175,-1.0394560310101562,-1.0584064162104585,Three-step,0.2,0.2,0.5,0.5,3411,0.0,0.0,0.0,wrong,wrong,3.0
268,-0.20696640619088405,-1.0199522715647011,-1.0443899678812532,Three-step,0.2,0.2,0.5,0.5,3411,0.0,0.0,0.0,wrong,wrong,3.0
269,-0.26777666316951054,-1.011968107009987,-1.032979833103577,Three-step,0.2,0.2,0.5,0.5,3411,0.0,0.0,0.0,wrong,wrong,3.0
270,0.08771476066907213,-1.0918021400288376,-1.0173003020214748,Three-step,0.2,0.2,0.5,0.5,3411,0.0,0.0,0.0,wrong,wrong,3.0
271,0.08845598338471844,-1.0502029138899587,-1.0540111569575696,Three-step,0.2,0.2,0.5,0.5,3411,0.0,0.0,0.0,wrong,wrong,3.0
272,-0.32210317698790236,-1.0769392310255543,-1.090252041619536,Three-step,0.2,0.2,0.5,0.5,3411,0.0,0.0,0.0,wrong,wrong,3.0
273,0.07074057906044537,-1.065473220083146,-1.0662316554764675,Three-step,0.2,0.2,0.5,0.5,3411,0.0,0.0,0.0,wrong,wrong,3.0
274,-0.08262562044603652,-0.9990419293667425,-1.073809981770285,Three-step,0.2,0.2,0.5,0.5,3411,0.0,0.0,0.0,wrong,wrong,3.0
275,0.04643330657231398,-1.001093339685379,-1.0471616300758966,Three-step,0.2,0.2,0.5,0.5,3411,0.0,0.0,0.0,wrong,wrong,3.0
276,0.05172354500776641,-1.0869448251780478,-1.0562066878536391,Three-step,0.2,0.2,0.5,0.5,3411,0.0,0.0,0.0,wrong,wrong,3.0
277,0.33959734406548825,-1.0243741318062245,-1.0470492204486563,Three-step,0.2,0.2,0.5,0.5,3411,0.0,0.0,0.0,wrong,wrong,3.0
278,0.19473825182342755,-1.0514273423611609,-1.033242410303252,Three-step,0.2,0.2,0.5,0.5,3411,0.0,0.0,0.0,wrong,wrong,3.0
279,0.03757260405697777,-1.0548199014542585,-1.0529180020971247,Three-step,0.2,0.2,0.5,0.5,3411,0.0,0.0,0.0,wrong,wrong,3.0
280,-0.0013111203836713666,-1.0054826248300817,-1.0439499186052745,Three-step,0.2,0.2,0.5,0.5,3411,0.0,0.0,0.0,wrong,wrong,3.0
281,0.3028338472761842,-0.9925814528767823,-1.014177331173964,Three-step,0.2,0.2,0.5,0.5,3411,0.0,0.0,0.0,wrong,wrong,3.0
282,0.2497412922358316,-1.0932969615221881,-1.0588769439255956,Three-step,0.2,0.2,0.5,0.5,3411,0.0,0.0,0.0,wrong,wrong,3.0
283,0.30941462315831786,-1.0344117432970423,-1.0602352913285682,Three-step,0.2,0.2,0.5,0.5,3411,0.0,0.0,0.0,wrong,wrong,3.0
284,-0.1284090938087922,-1.0382092383134414,-1.0583669137956992,Three-step,0.2,0.2,0.5,0.5,3411,0.0,0.0,0.0,wrong,wrong,3.0
285,-0.02046170842267515,-1.100522424132933,-1.0645151307589356,Three-step,0.2,0.2,0.5,0.5,3411,0.0,0.0,0.0,wrong,wrong,3.0
286,-0.010126404505778673,-1.082329292218816,-1.0454798650165156,Three-step,0.2,0.2,0.5,0.5,3411,0.0,0.0,0.0,wrong,wrong,3.0
287,0.2579146099922438,-1.0450742832805349,-1.056179389550109,Three-step,0.2,0.2,0.5,0.5,3411,0.0,0.0,0.0,wrong,wrong,3.0
288,-0.4480943923491957,-1.0710174274730202,-1.0458288864679985,Three-step,0.2,0.2,0.5,0.5,3411,0.0,0.0,0.0,wrong,wrong,3.0
289,-0.38452465489082344,-1.0089093148670696,-1.025233478054955,Three-step,0.2,0.2,0.5,0.5,3411,0.0,0.0,0.0,wrong,wrong,3.0
290,-0.29594981324919045,-1.0529513781419015,-1.0863635443372373,Three-step,0.2,0.2,0.5,0.5,3411,0.0,0.0,0.0,wrong,wrong,3.0
291,0.4395535629331631,-1.0625696732571879,-1.028554819020639,Three-step,0.2,0.2,0.5,0.5,3411,0.0,0.0,0.0,wrong,wrong,3.0
292,0.49206934115167267,-1.0241751000234895,-1.0438966955566573,Three-step,0.2,0.2,0.5,0.5,3411,0.0,0.0,0.0,wrong,wrong,3.0
293,-0.28193561488003416,-1.0664389527555405,-1.0381168942831744,Three-step,0.2,0.2,0.5,0.5,3411,0.0,0.0,0.0,wrong,wrong,3.0
294,0.21582830315087853,-1.0615048780738507,-1.040364693798069,Three-step,0.2,0.2,0.5,0.5,3411,0.0,0.0,0.0,wrong,wrong,3.0
295,0.09069091706102848,-1.0304171477286308,-1.0433689027546822,Three-step,0.2,0.2,0.5,0.5,3411,0.0,0.0,0.0,wrong,wrong,3.0
296,0.14154434771248037,-1.0527898458801903,-1.0501696528660176,Three-step,0.2,0.2,0.5,0.5,3411,0.0,0.0,0.0,wrong,wrong,3.0
297,-0.14103739903668808,-1.0613215999527692,-1.0639072335128923,Three-step,0.2,0.2,0.5,0.5,3411,0.0,0.0,0.0,wrong,wrong,3.0
298,0.4599542039519115,-1.0305730526729544,-1.0449562501888499,Three-step,0.2,0.2,0.5,0.5,3411,0.0,0.0,0.0,wrong,wrong,3.0
299,-0.10260944265460131,-0.9838080356189945,-1.0676972348819098,Three-step,0.2,0.2,0.5,0.5,3411,0.0,0.0,0.0,wrong,wrong,3.0
300,0.012814234621887006,-1.0705870535262503,-1.0441219117122658,Three-step,0.2,0.2,0.5,0.5,3411,0.0,0.0,0.0,wrong,wrong,3.0
1,-0.18527765399482818,-1.129339257368953,-1.0246255408952292,Robins' estimator,0.2,0.2,0.5,0.5,3411,0.0,0.0,0.0,wrong,wrong,3.0
2,-0.09486508299641329,-1.033183136311176,-1.0217722141840737,Robins' estimator,0.2,0.2,0.5,0.5,3411,0.0,0.0,0.0,wrong,wrong,3.0
3,-0.4050372606562629,-1.0157371294202706,-1.0473803599487386,Robins' estimator,0.2,0.2,0.5,0.5,3411,0.0,0.0,0.0,wrong,wrong,3.0
4,0.2767869504522636,-1.0512832756083195,-1.0455087279950297,Robins' estimator,0.2,0.2,0.5,0.5,3411,0.0,0.0,0.0,wrong,wrong,3.0
5,-0.3030818537651064,-1.0321248732189097,-1.0810769905221436,Robins' estimator,0.2,0.2,0.5,0.5,3411,0.0,0.0,0.0,wrong,wrong,3.0
6,0.2688496883986106,-1.0408088137132006,-1.0308365528213888,Robins' estimator,0.2,0.2,0.5,0.5,3411,0.0,0.0,0.0,wrong,wrong,3.0
7,0.45561444596306094,-1.065608003266034,-1.0459803971210535,Robins' estimator,0.2,0.2,0.5,0.5,3411,0.0,0.0,0.0,wrong,wrong,3.0
8,-0.2898931164960582,-1.0594850521620567,-1.039879661288492,Robins' estimator,0.2,0.2,0.5,0.5,3411,0.0,0.0,0.0,wrong,wrong,3.0
9,-0.20148824886955238,-1.0516322522902406,-1.023943227635127,Robins' estimator,0.2,0.2,0.5,0.5,3411,0.0,0.0,0.0,wrong,wrong,3.0
10,-0.2927550440318276,-1.0831781377737386,-1.0468650121091863,Robins' estimator,0.2,0.2,0.5,0.5,3411,0.0,0.0,0.0,wrong,wrong,3.0
11,0.22285239655952646,-1.0459037924123096,-1.0326004095203594,Robins' estimator,0.2,0.2,0.5,0.5,3411,0.0,0.0,0.0,wrong,wrong,3.0
12,-0.023351643305220077,-1.0728428801613419,-1.0208618393530593,Robins' estimator,0.2,0.2,0.5,0.5,3411,0.0,0.0,0.0,wrong,wrong,3.0
13,0.32327714060609647,-1.0358356465379244,-1.046383138976529,Robins' estimator,0.2,0.2,0.5,0.5,3411,0.0,0.0,0.0,wrong,wrong,3.0
14,-0.30512607827182436,-1.1005109873571421,-1.0580450159421753,Robins' estimator,0.2,0.2,0.5,0.5,3411,0.0,0.0,0.0,wrong,wrong,3.0
15,-0.24759965131761097,-1.0765605663543678,-1.0438942770420614,Robins' estimator,0.2,0.2,0.5,0.5,3411,0.0,0.0,0.0,wrong,wrong,3.0
16,-0.23889192902193368,-1.0650466414365147,-1.0792656732836525,Robins' estimator,0.2,0.2,0.5,0.5,3411,0.0,0.0,0.0,wrong,wrong,3.0
17,0.47408390495801567,-0.9946256792743644,-1.0373057522998013,Robins' estimator,0.2,0.2,0.5,0.5,3411,0.0,0.0,0.0,wrong,wrong,3.0
18,0.04533345501282507,-1.0929132581049867,-1.0682071911539788,Robins' estimator,0.2,0.2,0.5,0.5,3411,0.0,0.0,0.0,wrong,wrong,3.0
19,0.011622447093790025,-1.0387259491798022,-1.0469581191745818,Robins' estimator,0.2,0.2,0.5,0.5,3411,0.0,0.0,0.0,wrong,wrong,3.0
20,-0.059023281277529656,-1.018969639948715,-1.019695173817543,Robins' estimator,0.2,0.2,0.5,0.5,3411,0.0,0.0,0.0,wrong,wrong,3.0
21,0.05241999033822758,-1.036926137558396,-1.0297784006955608,Robins' estimator,0.2,0.2,0.5,0.5,3411,0.0,0.0,0.0,wrong,wrong,3.0
22,0.05360726337720473,-1.0445293341164117,-1.025293342798783,Robins' estimator,0.2,0.2,0.5,0.5,3411,0.0,0.0,0.0,wrong,wrong,3.0
23,-0.09708105627019273,-1.016357779360771,-1.022265432373262,Robins' estimator,0.2,0.2,0.5,0.5,3411,0.0,0.0,0.0,wrong,wrong,3.0
24,0.42684819644597777,-1.0689667926237592,-1.0539266531684919,Robins' estimator,0.2,0.2,0.5,0.5,3411,0.0,0.0,0.0,wrong,wrong,3.0
25,-0.05482247060009682,-0.999543564380032,-1.0735614052946436,Robins' estimator,0.2,0.2,0.5,0.5,3411,0.0,0.0,0.0,wrong,wrong,3.0
26,-0.08795695800852694,-1.0578236591485821,-1.0626132003310946,Robins' estimator,0.2,0.2,0.5,0.5,3411,0.0,0.0,0.0,wrong,wrong,3.0
27,0.046411460926118496,-1.0550313466627157,-1.048224240446444,Robins' estimator,0.2,0.2,0.5,0.5,3411,0.0,0.0,0.0,wrong,wrong,3.0
28,-0.12645373365165696,-1.043230829759324,-1.0625867735963044,Robins' estimator,0.2,0.2,0.5,0.5,3411,0.0,0.0,0.0,wrong,wrong,3.0
29,0.04380161196435463,-1.0870102786730993,-1.0416789259057466,Robins' estimator,0.2,0.2,0.5,0.5,3411,0.0,0.0,0.0,wrong,wrong,3.0
30,-0.20195297467633067,-1.0377692690944884,-1.0371732160844374,Robins' estimator,0.2,0.2,0.5,0.5,3411,0.0,0.0,0.0,wrong,wrong,3.0
31,0.10583796870236117,-1.0089078514048522,-1.0105745855159534,Robins' estimator,0.2,0.2,0.5,0.5,3411,0.0,0.0,0.0,wrong,wrong,3.0
32,-0.0790973341510398,-1.1016324077132946,-1.0533460530984655,Robins' estimator,0.2,0.2,0.5,0.5,3411,0.0,0.0,0.0,wrong,wrong,3.0
33,0.16166438241742653,-1.0168763371828793,-1.0459892952092562,Robins' estimator,0.2,0.2,0.5,0.5,3411,0.0,0.0,0.0,wrong,wrong,3.0
34,0.08906111078444351,-1.1199233532840387,-1.0624603861548956,Robins' estimator,0.2,0.2,0.5,0.5,3411,0.0,0.0,0.0,wrong,wrong,3.0
35,0.046913373839928545,-1.0166789330886046,-1.0508127455781513,Robins' estimator,0.2,0.2,0.5,0.5,3411,0.0,0.0,0.0,wrong,wrong,3.0
36,0.1205774961010103,-1.0466602005138632,-1.0800605743219434,Robins' estimator,0.2,0.2,0.5,0.5,3411,0.0,0.0,0.0,wrong,wrong,3.0
37,-0.17976870380877602,-1.054567970954469,-1.0712758163227643,Robins' estimator,0.2,0.2,0.5,0.5,3411,0.0,0.0,0.0,wrong,wrong,3.0
38,-0.18562180201464942,-1.0875482965813654,-1.0607433293312252,Robins' estimator,0.2,0.2,0.5,0.5,3411,0.0,0.0,0.0,wrong,wrong,3.0
39,-0.24549495976374133,-1.0913327153771706,-1.0673167993536317,Robins' estimator,0.2,0.2,0.5,0.5,3411,0.0,0.0,0.0,wrong,wrong,3.0
40,0.1131321497377053,-1.0015458473860213,-1.051923253819061,Robins' estimator,0.2,0.2,0.5,0.5,3411,0.0,0.0,0.0,wrong,wrong,3.0
41,-0.10373594622103499,-1.073138331823169,-1.027203003840871,Robins' estimator,0.2,0.2,0.5,0.5,3411,0.0,0.0,0.0,wrong,wrong,3.0
42,0.3304148087747718,-1.0551991739446034,-1.0475626264622235,Robins' estimator,0.2,0.2,0.5,0.5,3411,0.0,0.0,0.0,wrong,wrong,3.0
43,-0.0498974370964278,-1.0823603308259673,-1.0342790820568304,Robins' estimator,0.2,0.2,0.5,0.5,3411,0.0,0.0,0.0,wrong,wrong,3.0
44,0.4976575331402217,-1.0782978182047556,-1.0351481910926907,Robins' estimator,0.2,0.2,0.5,0.5,3411,0.0,0.0,0.0,wrong,wrong,3.0
45,0.08452467517073195,-1.0561141815015562,-1.0487659640878597,Robins' estimator,0.2,0.2,0.5,0.5,3411,0.0,0.0,0.0,wrong,wrong,3.0
46,0.06777920100068613,-1.0586191897063548,-1.018830842718243,Robins' estimator,0.2,0.2,0.5,0.5,3411,0.0,0.0,0.0,wrong,wrong,3.0
47,0.10579421894894232,-1.0217537334988627,-0.9961097352963255,Robins' estimator,0.2,0.2,0.5,0.5,3411,0.0,0.0,0.0,wrong,wrong,3.0
48,0.15260792225639766,-1.0215013757056233,-1.043477264922323,Robins' estimator,0.2,0.2,0.5,0.5,3411,0.0,0.0,0.0,wrong,wrong,3.0
49,-0.2365128587405398,-1.0520750117583286,-1.0070406512956445,Robins' estimator,0.2,0.2,0.5,0.5,3411,0.0,0.0,0.0,wrong,wrong,3.0
50,-0.31495596486189764,-1.0607296770725025,-1.0479609005907713,Robins' estimator,0.2,0.2,0.5,0.5,3411,0.0,0.0,0.0,wrong,wrong,3.0
51,0.05454213742396322,-1.0230982014741408,-1.0519394987414872,Robins' estimator,0.2,0.2,0.5,0.5,3411,0.0,0.0,0.0,wrong,wrong,3.0
52,0.020795469855299765,-1.0327039602893635,-1.0646362160409437,Robins' estimator,0.2,0.2,0.5,0.5,3411,0.0,0.0,0.0,wrong,wrong,3.0
53,0.1616725449871434,-1.02540807728852,-1.0276539374667735,Robins' estimator,0.2,0.2,0.5,0.5,3411,0.0,0.0,0.0,wrong,wrong,3.0
54,0.019837945783099865,-1.017404894790968,-1.0406062280110793,Robins' estimator,0.2,0.2,0.5,0.5,3411,0.0,0.0,0.0,wrong,wrong,3.0
55,-0.23460825926255285,-1.0219375904446821,-1.0425381156691784,Robins' estimator,0.2,0.2,0.5,0.5,3411,0.0,0.0,0.0,wrong,wrong,3.0
56,-0.2196851711802935,-1.0279419462325108,-1.0731970751038362,Robins' estimator,0.2,0.2,0.5,0.5,3411,0.0,0.0,0.0,wrong,wrong,3.0
57,-0.32095692620272537,-1.1027545996172652,-1.061780794196452,Robins' estimator,0.2,0.2,0.5,0.5,3411,0.0,0.0,0.0,wrong,wrong,3.0
58,-0.2874973185846269,-1.0921646451877272,-1.0762692280518706,Robins' estimator,0.2,0.2,0.5,0.5,3411,0.0,0.0,0.0,wrong,wrong,3.0
59,0.5288860420246916,-1.021426352632756,-1.025254819042128,Robins' estimator,0.2,0.2,0.5,0.5,3411,0.0,0.0,0.0,wrong,wrong,3.0
60,0.004092311183953731,-1.0194166694661453,-1.0448706657538074,Robins' estimator,0.2,0.2,0.5,0.5,3411,0.0,0.0,0.0,wrong,wrong,3.0
61,0.04713986595002373,-1.05432120531031,-1.0476109391243906,Robins' estimator,0.2,0.2,0.5,0.5,3411,0.0,0.0,0.0,wrong,wrong,3.0
62,-0.023501521186266767,-1.0490003693233234,-1.0151936529527033,Robins' estimator,0.2,0.2,0.5,0.5,3411,0.0,0.0,0.0,wrong,wrong,3.0
63,-0.2458038442331548,-1.0444292105942687,-1.050568470147653,Robins' estimator,0.2,0.2,0.5,0.5,3411,0.0,0.0,0.0,wrong,wrong,3.0
64,-0.018368350238817496,-1.0150407526580325,-1.0437363576776482,Robins' estimator,0.2,0.2,0.5,0.5,3411,0.0,0.0,0.0,wrong,wrong,3.0
65,-0.3645414876711134,-1.0717041956783282,-1.0112273388273294,Robins' estimator,0.2,0.2,0.5,0.5,3411,0.0,0.0,0.0,wrong,wrong,3.0
66,0.05392233649796228,-1.001435617636184,-1.0324140258739631,Robins' estimator,0.2,0.2,0.5,0.5,3411,0.0,0.0,0.0,wrong,wrong,3.0
67,0.2834741590709523,-1.0994282490515424,-1.0556902521740008,Robins' estimator,0.2,0.2,0.5,0.5,3411,0.0,0.0,0.0,wrong,wrong,3.0
68,0.038325076580877235,-1.0220551922155188,-1.0655288632023567,Robins' estimator,0.2,0.2,0.5,0.5,3411,0.0,0.0,0.0,wrong,wrong,3.0
69,-0.23031041588919648,-1.0760739818510592,-1.042368196569537,Robins' estimator,0.2,0.2,0.5,0.5,3411,0.0,0.0,0.0,wrong,wrong,3.0
70,-0.06557687696660719,-1.0617176439468239,-1.039156925198766,Robins' estimator,0.2,0.2,0.5,0.5,3411,0.0,0.0,0.0,wrong,wrong,3.0
71,-0.19301191976534768,-1.064125414142669,-1.0286886801714583,Robins' estimator,0.2,0.2,0.5,0.5,3411,0.0,0.0,0.0,wrong,wrong,3.0
72,-0.17280414962628185,-1.0958096283145844,-1.0982415732469715,Robins' estimator,0.2,0.2,0.5,0.5,3411,0.0,0.0,0.0,wrong,wrong,3.0
73,-0.008177892104149322,-1.029348661806153,-1.0672497486541548,Robins' estimator,0.2,0.2,0.5,0.5,3411,0.0,0.0,0.0,wrong,wrong,3.0
74,-0.45144502784798757,-1.0760600441010053,-1.031297851841244,Robins' estimator,0.2,0.2,0.5,0.5,3411,0.0,0.0,0.0,wrong,wrong,3.0
75,-0.04667205980417171,-1.0442533480456038,-1.0292625786183116,Robins' estimator,0.2,0.2,0.5,0.5,3411,0.0,0.0,0.0,wrong,wrong,3.0
76,0.05089219191420578,-1.068377835635355,-1.0389701959355546,Robins' estimator,0.2,0.2,0.5,0.5,3411,0.0,0.0,0.0,wrong,wrong,3.0
77,-0.27186487653029645,-1.042606004483238,-1.080230492699316,Robins' estimator,0.2,0.2,0.5,0.5,3411,0.0,0.0,0.0,wrong,wrong,3.0
78,-0.5615506274358728,-1.0861941637922452,-1.0895591063125543,Robins' estimator,0.2,0.2,0.5,0.5,3411,0.0,0.0,0.0,wrong,wrong,3.0
79,0.00011303711794107635,-1.0674594438609593,-0.9962198147912608,Robins' estimator,0.2,0.2,0.5,0.5,3411,0.0,0.0,0.0,wrong,wrong,3.0
80,0.08221487129279244,-1.076700628808007,-1.0845109620922884,Robins' estimator,0.2,0.2,0.5,0.5,3411,0.0,0.0,0.0,wrong,wrong,3.0
81,-0.2527628819521478,-1.0783237158381025,-1.0735133211441223,Robins' estimator,0.2,0.2,0.5,0.5,3411,0.0,0.0,0.0,wrong,wrong,3.0
82,0.16028412435787687,-1.003708079895967,-1.0364540340174517,Robins' estimator,0.2,0.2,0.5,0.5,3411,0.0,0.0,0.0,wrong,wrong,3.0
83,-0.10691041461300614,-1.046792180785687,-1.0490342853014507,Robins' estimator,0.2,0.2,0.5,0.5,3411,0.0,0.0,0.0,wrong,wrong,3.0
84,-0.24483438549000766,-1.072690459305017,-1.0444329737565226,Robins' estimator,0.2,0.2,0.5,0.5,3411,0.0,0.0,0.0,wrong,wrong,3.0
85,-0.3104778432604771,-1.0672172965081324,-1.0721155524934214,Robins' estimator,0.2,0.2,0.5,0.5,3411,0.0,0.0,0.0,wrong,wrong,3.0
86,-0.23191983515726047,-1.0557382363202732,-1.0724489703197602,Robins' estimator,0.2,0.2,0.5,0.5,3411,0.0,0.0,0.0,wrong,wrong,3.0
87,-0.10408024165774814,-1.1067495239869956,-1.0387493519326885,Robins' estimator,0.2,0.2,0.5,0.5,3411,0.0,0.0,0.0,wrong,wrong,3.0
88,0.23810254089595942,-1.0309541632698396,-1.0374567594707569,Robins' estimator,0.2,0.2,0.5,0.5,3411,0.0,0.0,0.0,wrong,wrong,3.0
89,-0.029335919910866114,-1.0795961909482927,-1.0263676850718884,Robins' estimator,0.2,0.2,0.5,0.5,3411,0.0,0.0,0.0,wrong,wrong,3.0
90,0.053697248175445494,-1.0843513938761313,-1.0296768813656265,Robins' estimator,0.2,0.2,0.5,0.5,3411,0.0,0.0,0.0,wrong,wrong,3.0
91,-0.0033555737199576106,-1.0363438810103727,-1.0519638398997924,Robins' estimator,0.2,0.2,0.5,0.5,3411,0.0,0.0,0.0,wrong,wrong,3.0
92,-0.5463716722975278,-1.0435729724262122,-1.0725774161899422,Robins' estimator,0.2,0.2,0.5,0.5,3411,0.0,0.0,0.0,wrong,wrong,3.0
93,-0.013622510717528496,-1.0169932004357896,-1.077601477310431,Robins' estimator,0.2,0.2,0.5,0.5,3411,0.0,0.0,0.0,wrong,wrong,3.0
94,-0.2531759434866814,-1.0687870021419001,-1.0315418780963308,Robins' estimator,0.2,0.2,0.5,0.5,3411,0.0,0.0,0.0,wrong,wrong,3.0
95,-0.12432091776209252,-1.0395299457991012,-1.0273335247337778,Robins' estimator,0.2,0.2,0.5,0.5,3411,0.0,0.0,0.0,wrong,wrong,3.0
96,-0.11576540839217521,-1.0882342160600842,-1.0662627442950865,Robins' estimator,0.2,0.2,0.5,0.5,3411,0.0,0.0,0.0,wrong,wrong,3.0
97,-0.29110672699997264,-1.059721857300052,-1.0413274965056574,Robins' estimator,0.2,0.2,0.5,0.5,3411,0.0,0.0,0.0,wrong,wrong,3.0
98,0.10859335982472261,-0.998379371828744,-1.0503375833355804,Robins' estimator,0.2,0.2,0.5,0.5,3411,0.0,0.0,0.0,wrong,wrong,3.0
99,-0.2987925283181877,-1.0599601203664593,-1.0069708512653028,Robins' estimator,0.2,0.2,0.5,0.5,3411,0.0,0.0,0.0,wrong,wrong,3.0
100,-0.054675574577922145,-1.0303845123666546,-1.0514847609787106,Robins' estimator,0.2,0.2,0.5,0.5,3411,0.0,0.0,0.0,wrong,wrong,3.0
101,-0.007563865335393089,-1.077364542107619,-1.0591037129517011,Robins' estimator,0.2,0.2,0.5,0.5,3411,0.0,0.0,0.0,wrong,wrong,3.0
102,0.16096734547533303,-1.073434530508971,-1.0661594237750514,Robins' estimator,0.2,0.2,0.5,0.5,3411,0.0,0.0,0.0,wrong,wrong,3.0
103,-0.0014646122061744917,-1.0651600677980009,-1.0331634583879183,Robins' estimator,0.2,0.2,0.5,0.5,3411,0.0,0.0,0.0,wrong,wrong,3.0
104,-0.5130364884228992,-1.0242297257843214,-1.0497720354996696,Robins' estimator,0.2,0.2,0.5,0.5,3411,0.0,0.0,0.0,wrong,wrong,3.0
105,-0.21504104473484523,-1.064301906238936,-1.0965550174477305,Robins' estimator,0.2,0.2,0.5,0.5,3411,0.0,0.0,0.0,wrong,wrong,3.0
106,-0.30667205837901473,-1.1025704055117884,-1.0819253462969052,Robins' estimator,0.2,0.2,0.5,0.5,3411,0.0,0.0,0.0,wrong,wrong,3.0
107,-0.5369989489395934,-1.085710581140396,-1.0104029465403739,Robins' estimator,0.2,0.2,0.5,0.5,3411,0.0,0.0,0.0,wrong,wrong,3.0
108,-0.14850071730605696,-1.0436128216134353,-1.0083586760869792,Robins' estimator,0.2,0.2,0.5,0.5,3411,0.0,0.0,0.0,wrong,wrong,3.0
109,0.003957411681040596,-1.0363428863916286,-1.0289579318257303,Robins' estimator,0.2,0.2,0.5,0.5,3411,0.0,0.0,0.0,wrong,wrong,3.0
110,0.3336553280015301,-1.0883135218220203,-1.0297178526970714,Robins' estimator,0.2,0.2,0.5,0.5,3411,0.0,0.0,0.0,wrong,wrong,3.0
111,0.1256008075851645,-1.0294051577407057,-1.0497695810370562,Robins' estimator,0.2,0.2,0.5,0.5,3411,0.0,0.0,0.0,wrong,wrong,3.0
112,-0.12072985879776169,-1.0577437481108682,-1.0621070046429764,Robins' estimator,0.2,0.2,0.5,0.5,3411,0.0,0.0,0.0,wrong,wrong,3.0
113,-0.41935934300590266,-1.0457088548481095,-1.0393117516820956,Robins' estimator,0.2,0.2,0.5,0.5,3411,0.0,0.0,0.0,wrong,wrong,3.0
114,0.2889174767388727,-1.0577589021023859,-1.0692178310200067,Robins' estimator,0.2,0.2,0.5,0.5,3411,0.0,0.0,0.0,wrong,wrong,3.0
115,0.17393766736727484,-1.058292720728123,-1.0520748181912765,Robins' estimator,0.2,0.2,0.5,0.5,3411,0.0,0.0,0.0,wrong,wrong,3.0
116,-0.04798941849095117,-1.0370562949392157,-1.067054730888759,Robins' estimator,0.2,0.2,0.5,0.5,3411,0.0,0.0,0.0,wrong,wrong,3.0
117,-0.5227981128625618,-1.1316629391044166,-1.0523128197387652,Robins' estimator,0.2,0.2,0.5,0.5,3411,0.0,0.0,0.0,wrong,wrong,3.0
118,-0.19686751375997,-1.0975861624332919,-1.065281958123481,Robins' estimator,0.2,0.2,0.5,0.5,3411,0.0,0.0,0.0,wrong,wrong,3.0
119,-0.04753085150489371,-1.0531917176031365,-1.0514094267916003,Robins' estimator,0.2,0.2,0.5,0.5,3411,0.0,0.0,0.0,wrong,wrong,3.0
120,-0.2278382089903574,-1.0417985791019737,-1.0300449002476382,Robins' estimator,0.2,0.2,0.5,0.5,3411,0.0,0.0,0.0,wrong,wrong,3.0
121,-0.010421720071715332,-1.0177951405707386,-1.0163965373831148,Robins' estimator,0.2,0.2,0.5,0.5,3411,0.0,0.0,0.0,wrong,wrong,3.0
122,0.49832288626478405,-1.0568042688647659,-1.0390205854583732,Robins' estimator,0.2,0.2,0.5,0.5,3411,0.0,0.0,0.0,wrong,wrong,3.0
123,0.28218312290391867,-1.0080486608836656,-1.028518300605238,Robins' estimator,0.2,0.2,0.5,0.5,3411,0.0,0.0,0.0,wrong,wrong,3.0
124,-0.04542631067298701,-1.0741991488021945,-1.0741047127592558,Robins' estimator,0.2,0.2,0.5,0.5,3411,0.0,0.0,0.0,wrong,wrong,3.0
125,-0.14361047561463922,-1.0258193085337528,-1.0223889062585019,Robins' estimator,0.2,0.2,0.5,0.5,3411,0.0,0.0,0.0,wrong,wrong,3.0
126,-0.10993214298601643,-1.0554782470535473,-1.0379361186228442,Robins' estimator,0.2,0.2,0.5,0.5,3411,0.0,0.0,0.0,wrong,wrong,3.0
127,0.0018579884771343792,-1.0394289161550692,-1.0265693971521312,Robins' estimator,0.2,0.2,0.5,0.5,3411,0.0,0.0,0.0,wrong,wrong,3.0
128,0.3029706263540308,-1.0637138748802277,-1.0143621739778967,Robins' estimator,0.2,0.2,0.5,0.5,3411,0.0,0.0,0.0,wrong,wrong,3.0
129,-0.03662656581084237,-1.0424283769817149,-1.018068357974957,Robins' estimator,0.2,0.2,0.5,0.5,3411,0.0,0.0,0.0,wrong,wrong,3.0
130,-0.1704622681728208,-1.1083510433774155,-1.0740144173667943,Robins' estimator,0.2,0.2,0.5,0.5,3411,0.0,0.0,0.0,wrong,wrong,3.0
131,-0.04431099623269263,-1.050539061340467,-1.046264649582273,Robins' estimator,0.2,0.2,0.5,0.5,3411,0.0,0.0,0.0,wrong,wrong,3.0
132,-0.4444888776315866,-1.0669489544175434,-1.0354535295220921,Robins' estimator,0.2,0.2,0.5,0.5,3411,0.0,0.0,0.0,wrong,wrong,3.0
133,-0.11660405823334466,-1.077015924448212,-1.042042219851553,Robins' estimator,0.2,0.2,0.5,0.5,3411,0.0,0.0,0.0,wrong,wrong,3.0
134,0.021604078761196143,-1.0734315754802013,-1.0300169334106046,Robins' estimator,0.2,0.2,0.5,0.5,3411,0.0,0.0,0.0,wrong,wrong,3.0
135,0.14296640507502295,-1.0667338434144664,-1.0623955898686166,Robins' estimator,0.2,0.2,0.5,0.5,3411,0.0,0.0,0.0,wrong,wrong,3.0
136,-0.21164655460499956,-1.0671460109518747,-1.0522684270725389,Robins' estimator,0.2,0.2,0.5,0.5,3411,0.0,0.0,0.0,wrong,wrong,3.0
137,-0.01922590338797229,-1.0272494309427846,-1.0528660815129165,Robins' estimator,0.2,0.2,0.5,0.5,3411,0.0,0.0,0.0,wrong,wrong,3.0
138,0.37147362000978945,-1.0462359399813508,-1.0422461263772156,Robins' estimator,0.2,0.2,0.5,0.5,3411,0.0,0.0,0.0,wrong,wrong,3.0
139,-0.1952587165676284,-1.0628099943475047,-1.0655556681049425,Robins' estimator,0.2,0.2,0.5,0.5,3411,0.0,0.0,0.0,wrong,wrong,3.0
140,0.3316554790471264,-1.0446593776632263,-1.0251792746233819,Robins' estimator,0.2,0.2,0.5,0.5,3411,0.0,0.0,0.0,wrong,wrong,3.0
141,-0.016350489496768386,-1.0686399738660817,-1.0394571539213864,Robins' estimator,0.2,0.2,0.5,0.5,3411,0.0,0.0,0.0,wrong,wrong,3.0
142,0.09742229078137807,-1.084829048360589,-1.0276936850993676,Robins' estimator,0.2,0.2,0.5,0.5,3411,0.0,0.0,0.0,wrong,wrong,3.0
143,0.1869326314857221,-1.021473073771625,-1.041307103949644,Robins' estimator,0.2,0.2,0.5,0.5,3411,0.0,0.0,0.0,wrong,wrong,3.0
144,0.26019313567649094,-1.0141986140041355,-1.0383455916463984,Robins' estimator,0.2,0.2,0.5,0.5,3411,0.0,0.0,0.0,wrong,wrong,3.0
145,0.20890918055449664,-1.0392510358544291,-0.9958670240928259,Robins' estimator,0.2,0.2,0.5,0.5,3411,0.0,0.0,0.0,wrong,wrong,3.0
146,-0.1622510010088408,-1.0689329877937732,-1.0569536293837531,Robins' estimator,0.2,0.2,0.5,0.5,3411,0.0,0.0,0.0,wrong,wrong,3.0
147,0.00038145913356407577,-1.0503369978499095,-1.0528085525675848,Robins' estimator,0.2,0.2,0.5,0.5,3411,0.0,0.0,0.0,wrong,wrong,3.0
148,0.18077238631243261,-1.0520608715352868,-1.04924314209036,Robins' estimator,0.2,0.2,0.5,0.5,3411,0.0,0.0,0.0,wrong,wrong,3.0
149,-0.16632177277518728,-1.0667075734923934,-1.0353486104360499,Robins' estimator,0.2,0.2,0.5,0.5,3411,0.0,0.0,0.0,wrong,wrong,3.0
150,0.14857954044808774,-1.0573911483620477,-1.053830679320171,Robins' estimator,0.2,0.2,0.5,0.5,3411,0.0,0.0,0.0,wrong,wrong,3.0
151,0.012113593655904505,-1.0651235967031383,-1.0617324436387203,Robins' estimator,0.2,0.2,0.5,0.5,3411,0.0,0.0,0.0,wrong,wrong,3.0
152,0.07746224632883239,-1.0710040471655635,-1.0392140045948726,Robins' estimator,0.2,0.2,0.5,0.5,3411,0.0,0.0,0.0,wrong,wrong,3.0
153,0.15506700905937,-1.0499210971046313,-1.0200181375990796,Robins' estimator,0.2,0.2,0.5,0.5,3411,0.0,0.0,0.0,wrong,wrong,3.0
154,0.0020482352505038805,-0.9806903193413885,-1.035673879779575,Robins' estimator,0.2,0.2,0.5,0.5,3411,0.0,0.0,0.0,wrong,wrong,3.0
155,0.052110742140862656,-1.0227141618952174,-1.0785418798613364,Robins' estimator,0.2,0.2,0.5,0.5,3411,0.0,0.0,0.0,wrong,wrong,3.0
156,0.3998329659037852,-1.0705400666179614,-1.0153130259399856,Robins' estimator,0.2,0.2,0.5,0.5,3411,0.0,0.0,0.0,wrong,wrong,3.0
157,-0.05427171603467656,-1.0336296900573436,-1.084584299157214,Robins' estimator,0.2,0.2,0.5,0.5,3411,0.0,0.0,0.0,wrong,wrong,3.0
158,0.2314674242892912,-1.021603276005664,-1.039049876437529,Robins' estimator,0.2,0.2,0.5,0.5,3411,0.0,0.0,0.0,wrong,wrong,3.0
159,-0.01936950006161189,-0.9629864062405593,-1.0307211203401616,Robins' estimator,0.2,0.2,0.5,0.5,3411,0.0,0.0,0.0,wrong,wrong,3.0
160,0.13538812651428167,-1.0651666223650906,-1.0207330041366662,Robins' estimator,0.2,0.2,0.5,0.5,3411,0.0,0.0,0.0,wrong,wrong,3.0
161,0.0027486123771861184,-1.0257562290135638,-1.066217346390077,Robins' estimator,0.2,0.2,0.5,0.5,3411,0.0,0.0,0.0,wrong,wrong,3.0
162,0.23394721871275914,-0.9861734610999757,-1.0776133708653672,Robins' estimator,0.2,0.2,0.5,0.5,3411,0.0,0.0,0.0,wrong,wrong,3.0
163,0.01390641975265136,-1.018556414743982,-1.0453870002956398,Robins' estimator,0.2,0.2,0.5,0.5,3411,0.0,0.0,0.0,wrong,wrong,3.0
164,-0.5104023236250251,-1.0244154691421963,-1.084169272004513,Robins' estimator,0.2,0.2,0.5,0.5,3411,0.0,0.0,0.0,wrong,wrong,3.0
165,-0.1025812517695802,-1.021958791051258,-1.0560904471379786,Robins' estimator,0.2,0.2,0.5,0.5,3411,0.0,0.0,0.0,wrong,wrong,3.0
166,0.10361220280921363,-1.0911582342987602,-1.0250190480230286,Robins' estimator,0.2,0.2,0.5,0.5,3411,0.0,0.0,0.0,wrong,wrong,3.0
167,-0.2410591650996165,-1.0146332166773704,-1.0617584380894782,Robins' estimator,0.2,0.2,0.5,0.5,3411,0.0,0.0,0.0,wrong,wrong,3.0
168,0.0636864433202694,-1.0879902210155243,-1.0791954231126488,Robins' estimator,0.2,0.2,0.5,0.5,3411,0.0,0.0,0.0,wrong,wrong,3.0
169,-0.1650427706328913,-0.9925156033975958,-1.0727894616024614,Robins' estimator,0.2,0.2,0.5,0.5,3411,0.0,0.0,0.0,wrong,wrong,3.0
170,0.06763533194257532,-1.0616156768075733,-1.048570039261126,Robins' estimator,0.2,0.2,0.5,0.5,3411,0.0,0.0,0.0,wrong,wrong,3.0
171,-0.2968225547191032,-1.05151063720606,-1.081573015700101,Robins' estimator,0.2,0.2,0.5,0.5,3411,0.0,0.0,0.0,wrong,wrong,3.0
172,-0.16111841620140066,-1.0339704310514828,-1.0668005141053163,Robins' estimator,0.2,0.2,0.5,0.5,3411,0.0,0.0,0.0,wrong,wrong,3.0
173,-0.05734744949581816,-1.0715138997419413,-1.043663005395683,Robins' estimator,0.2,0.2,0.5,0.5,3411,0.0,0.0,0.0,wrong,wrong,3.0
174,0.10778760314245568,-1.0221800372171805,-1.0362453873609174,Robins' estimator,0.2,0.2,0.5,0.5,3411,0.0,0.0,0.0,wrong,wrong,3.0
175,0.3139985310795328,-1.066006865052745,-1.0509195764235388,Robins' estimator,0.2,0.2,0.5,0.5,3411,0.0,0.0,0.0,wrong,wrong,3.0
176,-0.31193008963837054,-1.065686529269149,-1.0625516563904225,Robins' estimator,0.2,0.2,0.5,0.5,3411,0.0,0.0,0.0,wrong,wrong,3.0
177,0.13326907028200508,-1.062199827129625,-1.067126527340759,Robins' estimator,0.2,0.2,0.5,0.5,3411,0.0,0.0,0.0,wrong,wrong,3.0
178,0.06880590995522771,-1.0544467866740188,-1.012581096047151,Robins' estimator,0.2,0.2,0.5,0.5,3411,0.0,0.0,0.0,wrong,wrong,3.0
179,-0.174477257618317,-1.0599666070400668,-1.0336094073261102,Robins' estimator,0.2,0.2,0.5,0.5,3411,0.0,0.0,0.0,wrong,wrong,3.0
180,0.2260783843986753,-1.0337855873214963,-1.065780635334887,Robins' estimator,0.2,0.2,0.5,0.5,3411,0.0,0.0,0.0,wrong,wrong,3.0
181,0.10924469793220344,-1.039768467729181,-1.0246651965881934,Robins' estimator,0.2,0.2,0.5,0.5,3411,0.0,0.0,0.0,wrong,wrong,3.0
182,0.18503297269605015,-1.0533262499346392,-1.041357729967363,Robins' estimator,0.2,0.2,0.5,0.5,3411,0.0,0.0,0.0,wrong,wrong,3.0
183,0.3335168644615248,-1.0164022213692343,-1.0331758358983056,Robins' estimator,0.2,0.2,0.5,0.5,3411,0.0,0.0,0.0,wrong,wrong,3.0
184,0.05568742581382106,-1.0131012059740112,-1.0593740993622929,Robins' estimator,0.2,0.2,0.5,0.5,3411,0.0,0.0,0.0,wrong,wrong,3.0
185,0.025285061422904802,-1.048602818370211,-1.0660185629780559,Robins' estimator,0.2,0.2,0.5,0.5,3411,0.0,0.0,0.0,wrong,wrong,3.0
186,0.16830645190169616,-1.0273593871889133,-1.033283981627923,Robins' estimator,0.2,0.2,0.5,0.5,3411,0.0,0.0,0.0,wrong,wrong,3.0
187,0.2632175695531503,-1.031274920289257,-1.0500757535668885,Robins' estimator,0.2,0.2,0.5,0.5,3411,0.0,0.0,0.0,wrong,wrong,3.0
188,-0.04911356251932506,-1.0473317512809994,-1.0693049393125547,Robins' estimator,0.2,0.2,0.5,0.5,3411,0.0,0.0,0.0,wrong,wrong,3.0
189,0.42616184383924527,-1.0619356419375252,-1.0146356381943593,Robins' estimator,0.2,0.2,0.5,0.5,3411,0.0,0.0,0.0,wrong,wrong,3.0
190,0.15246430208354564,-1.0017091633251496,-1.0292541708240304,Robins' estimator,0.2,0.2,0.5,0.5,3411,0.0,0.0,0.0,wrong,wrong,3.0
191,-0.2685808868806952,-1.065275012117395,-1.0397802571356254,Robins' estimator,0.2,0.2,0.5,0.5,3411,0.0,0.0,0.0,wrong,wrong,3.0
192,-0.04411115343854603,-1.0162344723760046,-1.032616297130019,Robins' estimator,0.2,0.2,0.5,0.5,3411,0.0,0.0,0.0,wrong,wrong,3.0
193,-0.35246840753411396,-1.0117979990920247,-1.0443780415929993,Robins' estimator,0.2,0.2,0.5,0.5,3411,0.0,0.0,0.0,wrong,wrong,3.0
194,0.44127323893221293,-1.0452770607770954,-1.0247013530541367,Robins' estimator,0.2,0.2,0.5,0.5,3411,0.0,0.0,0.0,wrong,wrong,3.0
195,-0.5132555118532821,-1.087443529990092,-1.0451269221983461,Robins' estimator,0.2,0.2,0.5,0.5,3411,0.0,0.0,0.0,wrong,wrong,3.0
196,-0.1627404093317796,-1.0816422775794425,-1.0500222747304582,Robins' estimator,0.2,0.2,0.5,0.5,3411,0.0,0.0,0.0,wrong,wrong,3.0
197,-0.0682638593915379,-1.0585665980919565,-1.0217707697639076,Robins' estimator,0.2,0.2,0.5,0.5,3411,0.0,0.0,0.0,wrong,wrong,3.0
198,0.11990246007068904,-1.060909761264288,-1.075615166085476,Robins' estimator,0.2,0.2,0.5,0.5,3411,0.0,0.0,0.0,wrong,wrong,3.0
199,0.38744210549286234,-1.0280940197905042,-1.023640791977113,Robins' estimator,0.2,0.2,0.5,0.5,3411,0.0,0.0,0.0,wrong,wrong,3.0
200,-0.038103748402333125,-1.008962422191584,-1.0337349117204049,Robins' estimator,0.2,0.2,0.5,0.5,3411,0.0,0.0,0.0,wrong,wrong,3.0
201,0.09665389888572307,-1.0628780743121942,-1.0305108741410112,Robins' estimator,0.2,0.2,0.5,0.5,3411,0.0,0.0,0.0,wrong,wrong,3.0
202,-0.05757872236029035,-1.0453329396315791,-1.0504427093540314,Robins' estimator,0.2,0.2,0.5,0.5,3411,0.0,0.0,0.0,wrong,wrong,3.0
203,0.2645709475439608,-1.0605847548908134,-1.041338213176925,Robins' estimator,0.2,0.2,0.5,0.5,3411,0.0,0.0,0.0,wrong,wrong,3.0
204,0.16942516381879327,-1.0618176149006129,-1.0233989832693797,Robins' estimator,0.2,0.2,0.5,0.5,3411,0.0,0.0,0.0,wrong,wrong,3.0
205,0.08483978644207577,-1.0167905957211874,-1.0311235933435061,Robins' estimator,0.2,0.2,0.5,0.5,3411,0.0,0.0,0.0,wrong,wrong,3.0
206,0.12121779286046423,-1.0522355744544658,-1.0426242721350842,Robins' estimator,0.2,0.2,0.5,0.5,3411,0.0,0.0,0.0,wrong,wrong,3.0
207,0.21414951901084436,-1.0101008159797848,-1.0392212257629336,Robins' estimator,0.2,0.2,0.5,0.5,3411,0.0,0.0,0.0,wrong,wrong,3.0
208,-0.33628083196132613,-1.0689957089035338,-1.0340199795406877,Robins' estimator,0.2,0.2,0.5,0.5,3411,0.0,0.0,0.0,wrong,wrong,3.0
209,-0.061068896720343976,-1.0187181971462738,-1.0406030330277793,Robins' estimator,0.2,0.2,0.5,0.5,3411,0.0,0.0,0.0,wrong,wrong,3.0
210,0.12510926367952113,-1.042298855789861,-1.001413786884311,Robins' estimator,0.2,0.2,0.5,0.5,3411,0.0,0.0,0.0,wrong,wrong,3.0
211,0.35522546538350147,-1.0073094584329336,-1.0250260052735558,Robins' estimator,0.2,0.2,0.5,0.5,3411,0.0,0.0,0.0,wrong,wrong,3.0
212,0.24196845250764046,-1.0463822302982106,-1.0453832623997836,Robins' estimator,0.2,0.2,0.5,0.5,3411,0.0,0.0,0.0,wrong,wrong,3.0
213,0.0623915969298052,-1.089073666157198,-1.0529176919938243,Robins' estimator,0.2,0.2,0.5,0.5,3411,0.0,0.0,0.0,wrong,wrong,3.0
214,-0.2747838099688792,-1.0599056678774945,-1.0264646422390078,Robins' estimator,0.2,0.2,0.5,0.5,3411,0.0,0.0,0.0,wrong,wrong,3.0
215,-0.09482032647435307,-1.0746548374938176,-1.0360797455104074,Robins' estimator,0.2,0.2,0.5,0.5,3411,0.0,0.0,0.0,wrong,wrong,3.0
216,0.32607031944556764,-1.0465076674603124,-1.0217469675640574,Robins' estimator,0.2,0.2,0.5,0.5,3411,0.0,0.0,0.0,wrong,wrong,3.0
217,0.3784848040016202,-1.0131634658263204,-1.0404411280308203,Robins' estimator,0.2,0.2,0.5,0.5,3411,0.0,0.0,0.0,wrong,wrong,3.0
218,-0.13256186392965516,-1.0814275158995563,-1.0389990227970503,Robins' estimator,0.2,0.2,0.5,0.5,3411,0.0,0.0,0.0,wrong,wrong,3.0
219,-0.021980285582606368,-1.0627547733456384,-1.0285298918259969,Robins' estimator,0.2,0.2,0.5,0.5,3411,0.0,0.0,0.0,wrong,wrong,3.0
220,0.2121759405322951,-1.0547951933543418,-1.0479839922462983,Robins' estimator,0.2,0.2,0.5,0.5,3411,0.0,0.0,0.0,wrong,wrong,3.0
221,0.07983259539746075,-1.0637121702762853,-1.0646576337470186,Robins' estimator,0.2,0.2,0.5,0.5,3411,0.0,0.0,0.0,wrong,wrong,3.0
222,0.05557233446014943,-1.0274431345849868,-1.0427001798918352,Robins' estimator,0.2,0.2,0.5,0.5,3411,0.0,0.0,0.0,wrong,wrong,3.0
223,0.06415482460387764,-1.0261796130349805,-0.9811311758415517,Robins' estimator,0.2,0.2,0.5,0.5,3411,0.0,0.0,0.0,wrong,wrong,3.0
224,-0.22494581052692994,-1.1000888854719835,-1.0732397641202487,Robins' estimator,0.2,0.2,0.5,0.5,3411,0.0,0.0,0.0,wrong,wrong,3.0
225,-0.14102669067843332,-1.067505916038748,-1.049175268850127,Robins' estimator,0.2,0.2,0.5,0.5,3411,0.0,0.0,0.0,wrong,wrong,3.0
226,0.23695062810961168,-1.0134109008865362,-1.0388938652268285,Robins' estimator,0.2,0.2,0.5,0.5,3411,0.0,0.0,0.0,wrong,wrong,3.0
227,0.3281255417610613,-1.0710812244477907,-1.0152188216712466,Robins' estimator,0.2,0.2,0.5,0.5,3411,0.0,0.0,0.0,wrong,wrong,3.0
228,0.2125957409793071,-1.0478207183206452,-1.0332704896126026,Robins' estimator,0.2,0.2,0.5,0.5,3411,0.0,0.0,0.0,wrong,wrong,3.0
229,-0.06321090544138366,-1.0767956641599155,-1.0494227419245181,Robins' estimator,0.2,0.2,0.5,0.5,3411,0.0,0.0,0.0,wrong,wrong,3.0
230,-0.2331517468702174,-1.0251644758747995,-1.0710437436291171,Robins' estimator,0.2,0.2,0.5,0.5,3411,0.0,0.0,0.0,wrong,wrong,3.0
231,0.3333819950782023,-1.0360813133286926,-1.0331948169842413,Robins' estimator,0.2,0.2,0.5,0.5,3411,0.0,0.0,0.0,wrong,wrong,3.0
232,-0.17184935800062856,-1.0747656083869706,-1.0578529621531354,Robins' estimator,0.2,0.2,0.5,0.5,3411,0.0,0.0,0.0,wrong,wrong,3.0
233,-0.2715092980737469,-1.0594927529450766,-1.023032495281523,Robins' estimator,0.2,0.2,0.5,0.5,3411,0.0,0.0,0.0,wrong,wrong,3.0
234,-0.028731767756557194,-1.0595552478935963,-1.0343184888310193,Robins' estimator,0.2,0.2,0.5,0.5,3411,0.0,0.0,0.0,wrong,wrong,3.0
235,-0.230707665056207,-1.03921939936702,-1.0417686591824342,Robins' estimator,0.2,0.2,0.5,0.5,3411,0.0,0.0,0.0,wrong,wrong,3.0
236,-0.3278205802681226,-1.0424075177818708,-1.0373386242641136,Robins' estimator,0.2,0.2,0.5,0.5,3411,0.0,0.0,0.0,wrong,wrong,3.0
237,-0.06936726364036955,-1.0501566579255075,-1.0307611961796774,Robins' estimator,0.2,0.2,0.5,0.5,3411,0.0,0.0,0.0,wrong,wrong,3.0
238,0.16114409730647827,-1.0268448140765898,-1.0545104586233152,Robins' estimator,0.2,0.2,0.5,0.5,3411,0.0,0.0,0.0,wrong,wrong,3.0
239,-0.24938714717838759,-1.0960499504302563,-1.0654541309347367,Robins' estimator,0.2,0.2,0.5,0.5,3411,0.0,0.0,0.0,wrong,wrong,3.0
240,0.07267132250382748,-1.0453014992296852,-1.0518322296404468,Robins' estimator,0.2,0.2,0.5,0.5,3411,0.0,0.0,0.0,wrong,wrong,3.0
241,-0.13286746331783356,-0.9831107150193031,-1.0342625351351038,Robins' estimator,0.2,0.2,0.5,0.5,3411,0.0,0.0,0.0,wrong,wrong,3.0
242,0.27528474519863816,-1.0022587425456768,-1.0486046679656509,Robins' estimator,0.2,0.2,0.5,0.5,3411,0.0,0.0,0.0,wrong,wrong,3.0
243,-0.002233499008416588,-1.0337571729175996,-1.0557058233382757,Robins' estimator,0.2,0.2,0.5,0.5,3411,0.0,0.0,0.0,wrong,wrong,3.0
244,0.10943376438056884,-1.0430201956722365,-1.0233984993569056,Robins' estimator,0.2,0.2,0.5,0.5,3411,0.0,0.0,0.0,wrong,wrong,3.0
245,0.08208605527085984,-1.0526621693721205,-1.0483273836007798,Robins' estimator,0.2,0.2,0.5,0.5,3411,0.0,0.0,0.0,wrong,wrong,3.0
246,-0.5174593677119624,-1.0881337086888712,-1.0637627799638192,Robins' estimator,0.2,0.2,0.5,0.5,3411,0.0,0.0,0.0,wrong,wrong,3.0
247,0.004188141454810695,-1.0697467491375101,-1.067443328784797,Robins' estimator,0.2,0.2,0.5,0.5,3411,0.0,0.0,0.0,wrong,wrong,3.0
248,0.2406443659866134,-1.0518715946246449,-1.0685771280911383,Robins' estimator,0.2,0.2,0.5,0.5,3411,0.0,0.0,0.0,wrong,wrong,3.0
249,0.17013664275688556,-1.0027140648727098,-1.053088023970951,Robins' estimator,0.2,0.2,0.5,0.5,3411,0.0,0.0,0.0,wrong,wrong,3.0
250,-0.08527087019210992,-1.0364134548716522,-1.0666209444224308,Robins' estimator,0.2,0.2,0.5,0.5,3411,0.0,0.0,0.0,wrong,wrong,3.0
251,-0.12456695893753135,-1.0294156982064682,-1.057839230321061,Robins' estimator,0.2,0.2,0.5,0.5,3411,0.0,0.0,0.0,wrong,wrong,3.0
252,0.13917024025964989,-1.010356407768531,-1.049945630054749,Robins' estimator,0.2,0.2,0.5,0.5,3411,0.0,0.0,0.0,wrong,wrong,3.0
253,-0.17684095484257498,-1.0139604115938068,-1.0361989832311167,Robins' estimator,0.2,0.2,0.5,0.5,3411,0.0,0.0,0.0,wrong,wrong,3.0
254,0.07375983172777248,-1.054000604066347,-1.0789604761465044,Robins' estimator,0.2,0.2,0.5,0.5,3411,0.0,0.0,0.0,wrong,wrong,3.0
255,-0.03119754639788367,-1.0839702831984852,-1.0666838928896845,Robins' estimator,0.2,0.2,0.5,0.5,3411,0.0,0.0,0.0,wrong,wrong,3.0
256,-0.16845238702403165,-1.0777759123707369,-1.0901966590236072,Robins' estimator,0.2,0.2,0.5,0.5,3411,0.0,0.0,0.0,wrong,wrong,3.0
257,-0.05552789547155519,-1.0185708472631767,-1.0285157225615515,Robins' estimator,0.2,0.2,0.5,0.5,3411,0.0,0.0,0.0,wrong,wrong,3.0
258,-0.4407814103321251,-1.0443524350493871,-1.0405455829233115,Robins' estimator,0.2,0.2,0.5,0.5,3411,0.0,0.0,0.0,wrong,wrong,3.0
259,-0.11622371270378297,-1.0990147921933058,-1.0557340603954763,Robins' estimator,0.2,0.2,0.5,0.5,3411,0.0,0.0,0.0,wrong,wrong,3.0
260,-0.15766057221929966,-1.065032495838809,-1.076151843473614,Robins' estimator,0.2,0.2,0.5,0.5,3411,0.0,0.0,0.0,wrong,wrong,3.0
261,0.05814654072125949,-1.0418875635165012,-1.044265266200977,Robins' estimator,0.2,0.2,0.5,0.5,3411,0.0,0.0,0.0,wrong,wrong,3.0
262,-0.14724400858377132,-1.000111889464262,-1.0294988523245916,Robins' estimator,0.2,0.2,0.5,0.5,3411,0.0,0.0,0.0,wrong,wrong,3.0
263,-0.18616236782472417,-1.0958972310152484,-1.050410301470318,Robins' estimator,0.2,0.2,0.5,0.5,3411,0.0,0.0,0.0,wrong,wrong,3.0
264,0.172065131716239,-0.9919595061792694,-1.0535786696659883,Robins' estimator,0.2,0.2,0.5,0.5,3411,0.0,0.0,0.0,wrong,wrong,3.0
265,-0.06284271829905749,-1.0223037254840712,-1.0573729288591074,Robins' estimator,0.2,0.2,0.5,0.5,3411,0.0,0.0,0.0,wrong,wrong,3.0
266,-0.08762267933932505,-1.0469145157313777,-1.0642907521833695,Robins' estimator,0.2,0.2,0.5,0.5,3411,0.0,0.0,0.0,wrong,wrong,3.0
267,-0.15118676342028634,-1.043420473536905,-1.0584064162045836,Robins' estimator,0.2,0.2,0.5,0.5,3411,0.0,0.0,0.0,wrong,wrong,3.0
268,-0.2266518984068941,-1.0203429870373553,-1.0443899678963742,Robins' estimator,0.2,0.2,0.5,0.5,3411,0.0,0.0,0.0,wrong,wrong,3.0
269,-0.2664030733655701,-1.0249371259403381,-1.0329798330721152,Robins' estimator,0.2,0.2,0.5,0.5,3411,0.0,0.0,0.0,wrong,wrong,3.0
270,-0.020145113849668814,-1.0828579536862135,-1.017300302017587,Robins' estimator,0.2,0.2,0.5,0.5,3411,0.0,0.0,0.0,wrong,wrong,3.0
271,-0.08993725431830943,-1.0406967331928372,-1.0540111569516823,Robins' estimator,0.2,0.2,0.5,0.5,3411,0.0,0.0,0.0,wrong,wrong,3.0
272,-0.30873619786532336,-1.065897543829598,-1.0902520416023143,Robins' estimator,0.2,0.2,0.5,0.5,3411,0.0,0.0,0.0,wrong,wrong,3.0
273,0.1376165768368155,-1.0423079718659103,-1.0662316555483773,Robins' estimator,0.2,0.2,0.5,0.5,3411,0.0,0.0,0.0,wrong,wrong,3.0
274,-0.15554291176147197,-1.0046287488365175,-1.0738099817800115,Robins' estimator,0.2,0.2,0.5,0.5,3411,0.0,0.0,0.0,wrong,wrong,3.0
275,-0.014265512971627571,-1.0055227275074394,-1.0471616300758557,Robins' estimator,0.2,0.2,0.5,0.5,3411,0.0,0.0,0.0,wrong,wrong,3.0
276,0.0005498506758087086,-1.0902458631827558,-1.056206687853478,Robins' estimator,0.2,0.2,0.5,0.5,3411,0.0,0.0,0.0,wrong,wrong,3.0
277,0.29261741581619843,-1.034041499670413,-1.0470492204493231,Robins' estimator,0.2,0.2,0.5,0.5,3411,0.0,0.0,0.0,wrong,wrong,3.0
278,0.2389894681793334,-1.054211308219681,-1.0332424103037074,Robins' estimator,0.2,0.2,0.5,0.5,3411,0.0,0.0,0.0,wrong,wrong,3.0
279,-0.004721324755706427,-1.0602514251861115,-1.0529180020984459,Robins' estimator,0.2,0.2,0.5,0.5,3411,0.0,0.0,0.0,wrong,wrong,3.0
280,0.06532068830587003,-1.0080611970318596,-1.0439499185666752,Robins' estimator,0.2,0.2,0.5,0.5,3411,0.0,0.0,0.0,wrong,wrong,3.0
281,0.24568469940122514,-0.9996088328341625,-1.014177331177362,Robins' estimator,0.2,0.2,0.5,0.5,3411,0.0,0.0,0.0,wrong,wrong,3.0
282,0.26631608164352677,-1.0703301447795504,-1.0588769439127783,Robins' estimator,0.2,0.2,0.5,0.5,3411,0.0,0.0,0.0,wrong,wrong,3.0
283,0.27697361305385393,-1.0437522972546058,-1.0602352913306103,Robins' estimator,0.2,0.2,0.5,0.5,3411,0.0,0.0,0.0,wrong,wrong,3.0
284,-0.054534801988496036,-1.0332271299455442,-1.0583669137952,Robins' estimator,0.2,0.2,0.5,0.5,3411,0.0,0.0,0.0,wrong,wrong,3.0
285,-0.0229562483048638,-1.0970666628717254,-1.0645151306811043,Robins' estimator,0.2,0.2,0.5,0.5,3411,0.0,0.0,0.0,wrong,wrong,3.0
286,0.014241099979373083,-1.0656206796118408,-1.045479865012065,Robins' estimator,0.2,0.2,0.5,0.5,3411,0.0,0.0,0.0,wrong,wrong,3.0
287,0.22851629772977222,-1.0499316189072985,-1.05617938954512,Robins' estimator,0.2,0.2,0.5,0.5,3411,0.0,0.0,0.0,wrong,wrong,3.0
288,-0.4917352870607748,-1.0563373170049262,-1.0458288864999554,Robins' estimator,0.2,0.2,0.5,0.5,3411,0.0,0.0,0.0,wrong,wrong,3.0
289,-0.2607272631372542,-1.0100357888132847,-1.0252334782232857,Robins' estimator,0.2,0.2,0.5,0.5,3411,0.0,0.0,0.0,wrong,wrong,3.0
290,-0.2520523466316603,-1.05429996439065,-1.0863635443374395,Robins' estimator,0.2,0.2,0.5,0.5,3411,0.0,0.0,0.0,wrong,wrong,3.0
291,0.34768373304636446,-1.0522917354621135,-1.0285548188230622,Robins' estimator,0.2,0.2,0.5,0.5,3411,0.0,0.0,0.0,wrong,wrong,3.0
292,0.3853149815890188,-1.0223470175228686,-1.0438966955764362,Robins' estimator,0.2,0.2,0.5,0.5,3411,0.0,0.0,0.0,wrong,wrong,3.0
293,-0.148967251861406,-1.0524860941651908,-1.0381168942831633,Robins' estimator,0.2,0.2,0.5,0.5,3411,0.0,0.0,0.0,wrong,wrong,3.0
294,0.2406303569862191,-1.0630985142051605,-1.0403646938000621,Robins' estimator,0.2,0.2,0.5,0.5,3411,0.0,0.0,0.0,wrong,wrong,3.0
295,0.09194658871588413,-1.0236842454043908,-1.0433689027546271,Robins' estimator,0.2,0.2,0.5,0.5,3411,0.0,0.0,0.0,wrong,wrong,3.0
296,0.16180607030838304,-1.0519697686168321,-1.0501696528663582,Robins' estimator,0.2,0.2,0.5,0.5,3411,0.0,0.0,0.0,wrong,wrong,3.0
297,-0.11463440451656763,-1.06653028678366,-1.0639072333714343,Robins' estimator,0.2,0.2,0.5,0.5,3411,0.0,0.0,0.0,wrong,wrong,3.0
298,0.4369337869183377,-1.0310528731747195,-1.0449562500826806,Robins' estimator,0.2,0.2,0.5,0.5,3411,0.0,0.0,0.0,wrong,wrong,3.0
299,-0.035567452767723697,-0.9875622383722599,-1.0676972348817657,Robins' estimator,0.2,0.2,0.5,0.5,3411,0.0,0.0,0.0,wrong,wrong,3.0
300,-0.03038610669229841,-1.0622782951355303,-1.044121911712817,Robins' estimator,0.2,0.2,0.5,0.5,3411,0.0,0.0,0.0,wrong,wrong,3.0
1,-0.17225855851794014,-1.127534156263933,-1.0245640529242035,GMM estimator,0.2,0.2,0.5,0.5,3411,0.0,0.0,0.0,wrong,wrong,3.0
2,-0.10108070249513693,-1.032929692765142,-1.0210371229132134,GMM estimator,0.2,0.2,0.5,0.5,3411,0.0,0.0,0.0,wrong,wrong,3.0
3,-0.5113709914464016,-1.0133852924482964,-1.0485791279549883,GMM estimator,0.2,0.2,0.5,0.5,3411,0.0,0.0,0.0,wrong,wrong,3.0
4,0.27038280237949736,-1.0494510884402213,-1.0467064573086748,GMM estimator,0.2,0.2,0.5,0.5,3411,0.0,0.0,0.0,wrong,wrong,3.0
5,-0.3044314177648523,-1.0341755145810503,-1.0790872945494496,GMM estimator,0.2,0.2,0.5,0.5,3411,0.0,0.0,0.0,wrong,wrong,3.0
6,0.2379456138456897,-1.0516997084995023,-1.0338202530493952,GMM estimator,0.2,0.2,0.5,0.5,3411,0.0,0.0,0.0,wrong,wrong,3.0
7,0.2144754786896696,-1.0764492364728453,-1.047721945130071,GMM estimator,0.2,0.2,0.5,0.5,3411,0.0,0.0,0.0,wrong,wrong,3.0
8,-0.3826064263274399,-1.0714947249649196,-1.0425276464975557,GMM estimator,0.2,0.2,0.5,0.5,3411,0.0,0.0,0.0,wrong,wrong,3.0
9,-0.2157839730414705,-1.0542895786789528,-1.0264912848478491,GMM estimator,0.2,0.2,0.5,0.5,3411,0.0,0.0,0.0,wrong,wrong,3.0
10,-0.26597722773470783,-1.0852310083440637,-1.047534838336576,GMM estimator,0.2,0.2,0.5,0.5,3411,0.0,0.0,0.0,wrong,wrong,3.0
11,0.21647913996922916,-1.0494902802043697,-1.03334194050185,GMM estimator,0.2,0.2,0.5,0.5,3411,0.0,0.0,0.0,wrong,wrong,3.0
12,-0.023675017803613356,-1.072500686785555,-1.021012468119831,GMM estimator,0.2,0.2,0.5,0.5,3411,0.0,0.0,0.0,wrong,wrong,3.0
13,0.3328962213455976,-1.035135897889743,-1.0458115652371762,GMM estimator,0.2,0.2,0.5,0.5,3411,0.0,0.0,0.0,wrong,wrong,3.0
14,-0.28951790308885594,-1.0991364317240209,-1.0574287206169353,GMM estimator,0.2,0.2,0.5,0.5,3411,0.0,0.0,0.0,wrong,wrong,3.0
15,-0.24334942706683585,-1.0780740993268667,-1.0435566030767724,GMM estimator,0.2,0.2,0.5,0.5,3411,0.0,0.0,0.0,wrong,wrong,3.0
16,-0.2549942866504478,-1.0672743964521816,-1.0788441470110806,GMM estimator,0.2,0.2,0.5,0.5,3411,0.0,0.0,0.0,wrong,wrong,3.0
17,0.4320386491434079,-0.9963024398516966,-1.0382033046137957,GMM estimator,0.2,0.2,0.5,0.5,3411,0.0,0.0,0.0,wrong,wrong,3.0
18,0.06171823787734079,-1.0927518979102504,-1.068252606414893,GMM estimator,0.2,0.2,0.5,0.5,3411,0.0,0.0,0.0,wrong,wrong,3.0
19,-0.018994201507339065,-1.0366345699180226,-1.0488306658597504,GMM estimator,0.2,0.2,0.5,0.5,3411,0.0,0.0,0.0,wrong,wrong,3.0
20,-0.043805417884595604,-1.015104381130883,-1.0191558248550492,GMM estimator,0.2,0.2,0.5,0.5,3411,0.0,0.0,0.0,wrong,wrong,3.0
21,0.05476227801861463,-1.0381936678854011,-1.0309657133351644,GMM estimator,0.2,0.2,0.5,0.5,3411,0.0,0.0,0.0,wrong,wrong,3.0
22,0.07042374581710645,-1.0459996078808724,-1.0277455918331189,GMM estimator,0.2,0.2,0.5,0.5,3411,0.0,0.0,0.0,wrong,wrong,3.0
23,-0.09893644746336333,-1.0199386984286771,-1.02048822808616,GMM estimator,0.2,0.2,0.5,0.5,3411,0.0,0.0,0.0,wrong,wrong,3.0
24,0.37511297675929983,-1.0701831729501583,-1.054754738371182,GMM estimator,0.2,0.2,0.5,0.5,3411,0.0,0.0,0.0,wrong,wrong,3.0
25,-0.05864569390937186,-1.000104843978285,-1.0731912993928727,GMM estimator,0.2,0.2,0.5,0.5,3411,0.0,0.0,0.0,wrong,wrong,3.0
26,-0.12335137723821919,-1.059166995347812,-1.0632581703353143,GMM estimator,0.2,0.2,0.5,0.5,3411,0.0,0.0,0.0,wrong,wrong,3.0
27,0.03464978153913139,-1.0556765187984105,-1.0485369470859165,GMM estimator,0.2,0.2,0.5,0.5,3411,0.0,0.0,0.0,wrong,wrong,3.0
28,-0.13634808198029066,-1.0384267728032937,-1.063192550682733,GMM estimator,0.2,0.2,0.5,0.5,3411,0.0,0.0,0.0,wrong,wrong,3.0
29,0.052156202967964166,-1.0859031180875767,-1.0419503905197494,GMM estimator,0.2,0.2,0.5,0.5,3411,0.0,0.0,0.0,wrong,wrong,3.0
30,-0.2017807926823721,-1.0384197881270518,-1.0368990907761355,GMM estimator,0.2,0.2,0.5,0.5,3411,0.0,0.0,0.0,wrong,wrong,3.0
31,0.09031567637254322,-1.008473726846563,-1.0107781049204547,GMM estimator,0.2,0.2,0.5,0.5,3411,0.0,0.0,0.0,wrong,wrong,3.0
32,-0.07610072473258889,-1.0994490095661944,-1.0533720469047851,GMM estimator,0.2,0.2,0.5,0.5,3411,0.0,0.0,0.0,wrong,wrong,3.0
33,0.06018672185441697,-1.0196803044032308,-1.050328062932795,GMM estimator,0.2,0.2,0.5,0.5,3411,0.0,0.0,0.0,wrong,wrong,3.0
34,0.0874057904533458,-1.116777746536663,-1.061718697708809,GMM estimator,0.2,0.2,0.5,0.5,3411,0.0,0.0,0.0,wrong,wrong,3.0
35,0.016832268607117753,-1.018677199260153,-1.0517401983688495,GMM estimator,0.2,0.2,0.5,0.5,3411,0.0,0.0,0.0,wrong,wrong,3.0
36,0.11921598451985811,-1.0459222069691716,-1.0787859930407515,GMM estimator,0.2,0.2,0.5,0.5,3411,0.0,0.0,0.0,wrong,wrong,3.0
37,-0.191485010499094,-1.0570676695372194,-1.0708970935520392,GMM estimator,0.2,0.2,0.5,0.5,3411,0.0,0.0,0.0,wrong,wrong,3.0
38,-0.17694073102066452,-1.0876438560324437,-1.0604325674496535,GMM estimator,0.2,0.2,0.5,0.5,3411,0.0,0.0,0.0,wrong,wrong,3.0
39,-0.3520848823475105,-1.0952433053258253,-1.0659873237846573,GMM estimator,0.2,0.2,0.5,0.5,3411,0.0,0.0,0.0,wrong,wrong,3.0
40,0.11368379360544685,-1.0010121602750073,-1.0525576504095384,GMM estimator,0.2,0.2,0.5,0.5,3411,0.0,0.0,0.0,wrong,wrong,3.0
41,-0.1625796579353988,-1.0894054323770526,-1.021608251191024,GMM estimator,0.2,0.2,0.5,0.5,3411,0.0,0.0,0.0,wrong,wrong,3.0
42,0.3202248546910625,-1.0552049194181974,-1.0470981568035707,GMM estimator,0.2,0.2,0.5,0.5,3411,0.0,0.0,0.0,wrong,wrong,3.0
43,-0.22852738824722663,-1.0834244425150517,-1.038777879014593,GMM estimator,0.2,0.2,0.5,0.5,3411,0.0,0.0,0.0,wrong,wrong,3.0
44,0.3828596127937885,-1.0872535003566326,-1.0392270769165988,GMM estimator,0.2,0.2,0.5,0.5,3411,0.0,0.0,0.0,wrong,wrong,3.0
45,0.0378026407004658,-1.0580632612002903,-1.0509709193289944,GMM estimator,0.2,0.2,0.5,0.5,3411,0.0,0.0,0.0,wrong,wrong,3.0
46,0.023253007841625588,-1.0617978747424437,-1.0203920006475984,GMM estimator,0.2,0.2,0.5,0.5,3411,0.0,0.0,0.0,wrong,wrong,3.0
47,0.08908323035077663,-1.0198190063724493,-0.9951175038381223,GMM estimator,0.2,0.2,0.5,0.5,3411,0.0,0.0,0.0,wrong,wrong,3.0
48,0.12671095764889356,-1.0215101622227925,-1.0486086330038318,GMM estimator,0.2,0.2,0.5,0.5,3411,0.0,0.0,0.0,wrong,wrong,3.0
49,-0.23307179263136546,-1.0459336025983732,-1.0012266276588175,GMM estimator,0.2,0.2,0.5,0.5,3411,0.0,0.0,0.0,wrong,wrong,3.0
50,-0.31798704906590813,-1.0627673310591763,-1.048143722380534,GMM estimator,0.2,0.2,0.5,0.5,3411,0.0,0.0,0.0,wrong,wrong,3.0
51,0.0064239921392935315,-1.0252005856577047,-1.0522979204041325,GMM estimator,0.2,0.2,0.5,0.5,3411,0.0,0.0,0.0,wrong,wrong,3.0
52,0.01852216190727773,-1.0334242709342856,-1.0648802877772232,GMM estimator,0.2,0.2,0.5,0.5,3411,0.0,0.0,0.0,wrong,wrong,3.0
53,0.16294228278524384,-1.0262662791620198,-1.0281734660721955,GMM estimator,0.2,0.2,0.5,0.5,3411,0.0,0.0,0.0,wrong,wrong,3.0
54,0.01493004796026416,-1.0179879433741295,-1.0407428615361023,GMM estimator,0.2,0.2,0.5,0.5,3411,0.0,0.0,0.0,wrong,wrong,3.0
55,-0.24532489461010581,-1.0199755114802247,-1.0434144201475948,GMM estimator,0.2,0.2,0.5,0.5,3411,0.0,0.0,0.0,wrong,wrong,3.0
56,-0.2459216174765241,-1.026478389711126,-1.0719561995862297,GMM estimator,0.2,0.2,0.5,0.5,3411,0.0,0.0,0.0,wrong,wrong,3.0
57,-0.32518771468902374,-1.1025376654063754,-1.0616038402879227,GMM estimator,0.2,0.2,0.5,0.5,3411,0.0,0.0,0.0,wrong,wrong,3.0
58,-0.3635293472705545,-1.0984803099703873,-1.0769833621371798,GMM estimator,0.2,0.2,0.5,0.5,3411,0.0,0.0,0.0,wrong,wrong,3.0
59,0.4857684917617404,-1.0227887052023579,-1.0260403607616935,GMM estimator,0.2,0.2,0.5,0.5,3411,0.0,0.0,0.0,wrong,wrong,3.0
60,-0.10211498238120116,-1.0291309932437485,-1.044475700145198,GMM estimator,0.2,0.2,0.5,0.5,3411,0.0,0.0,0.0,wrong,wrong,3.0
61,0.04759310693269111,-1.0532985790462694,-1.0479300325168999,GMM estimator,0.2,0.2,0.5,0.5,3411,0.0,0.0,0.0,wrong,wrong,3.0
62,-0.033327540013444394,-1.0448682793070119,-1.0177444012677335,GMM estimator,0.2,0.2,0.5,0.5,3411,0.0,0.0,0.0,wrong,wrong,3.0
63,-0.23737484129168304,-1.0445670400094174,-1.0497688397163458,GMM estimator,0.2,0.2,0.5,0.5,3411,0.0,0.0,0.0,wrong,wrong,3.0
64,-0.036933886486849025,-1.0156301762920301,-1.044679268391005,GMM estimator,0.2,0.2,0.5,0.5,3411,0.0,0.0,0.0,wrong,wrong,3.0
65,-0.36659986087714863,-1.0719698046288895,-1.010908644747018,GMM estimator,0.2,0.2,0.5,0.5,3411,0.0,0.0,0.0,wrong,wrong,3.0
66,0.051667943406021904,-1.0013611179242352,-1.0324419476350575,GMM estimator,0.2,0.2,0.5,0.5,3411,0.0,0.0,0.0,wrong,wrong,3.0
67,0.28177921945337936,-1.0970182674555988,-1.0581186107529752,GMM estimator,0.2,0.2,0.5,0.5,3411,0.0,0.0,0.0,wrong,wrong,3.0
68,0.01674119761556265,-1.0216872568606483,-1.0659196371807949,GMM estimator,0.2,0.2,0.5,0.5,3411,0.0,0.0,0.0,wrong,wrong,3.0
69,-0.23732790143130272,-1.0763739781994992,-1.042600034812733,GMM estimator,0.2,0.2,0.5,0.5,3411,0.0,0.0,0.0,wrong,wrong,3.0
70,-0.06908392936584362,-1.061642440655917,-1.03930114858208,GMM estimator,0.2,0.2,0.5,0.5,3411,0.0,0.0,0.0,wrong,wrong,3.0
71,-0.21293028475976775,-1.0632207518326453,-1.0290985359060478,GMM estimator,0.2,0.2,0.5,0.5,3411,0.0,0.0,0.0,wrong,wrong,3.0
72,-0.2631987205664081,-1.1013447030253027,-1.100419235698941,GMM estimator,0.2,0.2,0.5,0.5,3411,0.0,0.0,0.0,wrong,wrong,3.0
73,-0.07742713129277183,-1.033511249141259,-1.0680622419787758,GMM estimator,0.2,0.2,0.5,0.5,3411,0.0,0.0,0.0,wrong,wrong,3.0
74,-0.5207408485960076,-1.0813211040123707,-1.0367402238868046,GMM estimator,0.2,0.2,0.5,0.5,3411,0.0,0.0,0.0,wrong,wrong,3.0
75,-0.07246589273674761,-1.0475685218231994,-1.0308779424675292,GMM estimator,0.2,0.2,0.5,0.5,3411,0.0,0.0,0.0,wrong,wrong,3.0
76,0.05605434900046613,-1.0685318791645886,-1.0396968848881465,GMM estimator,0.2,0.2,0.5,0.5,3411,0.0,0.0,0.0,wrong,wrong,3.0
77,-0.2715095511676662,-1.0436539438236125,-1.0808304546520529,GMM estimator,0.2,0.2,0.5,0.5,3411,0.0,0.0,0.0,wrong,wrong,3.0
78,-0.5484031645579279,-1.0860772186169256,-1.0882000726738932,GMM estimator,0.2,0.2,0.5,0.5,3411,0.0,0.0,0.0,wrong,wrong,3.0
79,-0.044599078485566525,-1.0730399006353162,-0.9999671952925856,GMM estimator,0.2,0.2,0.5,0.5,3411,0.0,0.0,0.0,wrong,wrong,3.0
80,0.08399487573467149,-1.0773798639007943,-1.0830865613802658,GMM estimator,0.2,0.2,0.5,0.5,3411,0.0,0.0,0.0,wrong,wrong,3.0
81,-0.25166037387216367,-1.0753431464847292,-1.0746898341809374,GMM estimator,0.2,0.2,0.5,0.5,3411,0.0,0.0,0.0,wrong,wrong,3.0
82,0.15760657170404221,-1.0042056551803327,-1.0361415630745212,GMM estimator,0.2,0.2,0.5,0.5,3411,0.0,0.0,0.0,wrong,wrong,3.0
83,-0.10163367319600916,-1.0460463263767246,-1.048531675308708,GMM estimator,0.2,0.2,0.5,0.5,3411,0.0,0.0,0.0,wrong,wrong,3.0
84,-0.2263087830819339,-1.0729703607560586,-1.0444474163914101,GMM estimator,0.2,0.2,0.5,0.5,3411,0.0,0.0,0.0,wrong,wrong,3.0
85,-0.3004121007711662,-1.0658146158387656,-1.0689799797632813,GMM estimator,0.2,0.2,0.5,0.5,3411,0.0,0.0,0.0,wrong,wrong,3.0
86,-0.23799665472813158,-1.0560848647746728,-1.0720038068755977,GMM estimator,0.2,0.2,0.5,0.5,3411,0.0,0.0,0.0,wrong,wrong,3.0
87,-0.10515351142660266,-1.1112353082507465,-1.0382485514047564,GMM estimator,0.2,0.2,0.5,0.5,3411,0.0,0.0,0.0,wrong,wrong,3.0
88,0.24597691420153783,-1.0302263271628855,-1.0377877969589797,GMM estimator,0.2,0.2,0.5,0.5,3411,0.0,0.0,0.0,wrong,wrong,3.0
89,-0.04120568616372494,-1.081329255023382,-1.0278843612251778,GMM estimator,0.2,0.2,0.5,0.5,3411,0.0,0.0,0.0,wrong,wrong,3.0
90,0.03804461126190508,-1.089733462503332,-1.0338354901960694,GMM estimator,0.2,0.2,0.5,0.5,3411,0.0,0.0,0.0,wrong,wrong,3.0
91,-0.014487381287318217,-1.0362335272532102,-1.051188044731066,GMM estimator,0.2,0.2,0.5,0.5,3411,0.0,0.0,0.0,wrong,wrong,3.0
92,-0.5848101735833594,-1.045099929257994,-1.0753743318411344,GMM estimator,0.2,0.2,0.5,0.5,3411,0.0,0.0,0.0,wrong,wrong,3.0
93,-0.05633337004513995,-1.0203152734031815,-1.0803209886897331,GMM estimator,0.2,0.2,0.5,0.5,3411,0.0,0.0,0.0,wrong,wrong,3.0
94,-0.45111335654408125,-1.0801579359068914,-1.0406450355888364,GMM estimator,0.2,0.2,0.5,0.5,3411,0.0,0.0,0.0,wrong,wrong,3.0
95,-0.13298269280936087,-1.0391089030447764,-1.0279816935226802,GMM estimator,0.2,0.2,0.5,0.5,3411,0.0,0.0,0.0,wrong,wrong,3.0
96,-0.11509135992257714,-1.0892041008960398,-1.0662644615835,GMM estimator,0.2,0.2,0.5,0.5,3411,0.0,0.0,0.0,wrong,wrong,3.0
97,-0.337400018689758,-1.0624228934919278,-1.0430545851069788,GMM estimator,0.2,0.2,0.5,0.5,3411,0.0,0.0,0.0,wrong,wrong,3.0
98,0.10861929274446235,-0.9983424438960676,-1.0503856640321376,GMM estimator,0.2,0.2,0.5,0.5,3411,0.0,0.0,0.0,wrong,wrong,3.0
99,-0.32233079021987016,-1.062720357891303,-1.006985251688073,GMM estimator,0.2,0.2,0.5,0.5,3411,0.0,0.0,0.0,wrong,wrong,3.0
100,-0.0703633315921634,-1.043364551126534,-1.054175015717237,GMM estimator,0.2,0.2,0.5,0.5,3411,0.0,0.0,0.0,wrong,wrong,3.0
101,-0.01774326539817019,-1.0794325061933847,-1.0576258416969175,GMM estimator,0.2,0.2,0.5,0.5,3411,0.0,0.0,0.0,wrong,wrong,3.0
102,0.15118901592258108,-1.0741628868226625,-1.0647707225830831,GMM estimator,0.2,0.2,0.5,0.5,3411,0.0,0.0,0.0,wrong,wrong,3.0
103,-0.02898411289903487,-1.0668273437937352,-1.0345280463593016,GMM estimator,0.2,0.2,0.5,0.5,3411,0.0,0.0,0.0,wrong,wrong,3.0
104,-0.5813143737941132,-1.0237941838597195,-1.043774902380221,GMM estimator,0.2,0.2,0.5,0.5,3411,0.0,0.0,0.0,wrong,wrong,3.0
105,-0.24254507365894196,-1.0725279460009973,-1.097257139146127,GMM estimator,0.2,0.2,0.5,0.5,3411,0.0,0.0,0.0,wrong,wrong,3.0
106,-0.3193446347845131,-1.1026202782223655,-1.0828439106183154,GMM estimator,0.2,0.2,0.5,0.5,3411,0.0,0.0,0.0,wrong,wrong,3.0
107,-0.5680494826031026,-1.0905827392356755,-1.0117195499402816,GMM estimator,0.2,0.2,0.5,0.5,3411,0.0,0.0,0.0,wrong,wrong,3.0
108,-0.16040928986545758,-1.0443548679364356,-1.0072657932674427,GMM estimator,0.2,0.2,0.5,0.5,3411,0.0,0.0,0.0,wrong,wrong,3.0
109,0.0006962398500635403,-1.03836730824229,-1.0305370342861924,GMM estimator,0.2,0.2,0.5,0.5,3411,0.0,0.0,0.0,wrong,wrong,3.0
110,0.3221676163864733,-1.0900896784230871,-1.0309397132560738,GMM estimator,0.2,0.2,0.5,0.5,3411,0.0,0.0,0.0,wrong,wrong,3.0
111,0.14263859981152358,-1.0318725614418853,-1.0498558791619594,GMM estimator,0.2,0.2,0.5,0.5,3411,0.0,0.0,0.0,wrong,wrong,3.0
112,-0.11795869085720101,-1.057280438014909,-1.0618503204018819,GMM estimator,0.2,0.2,0.5,0.5,3411,0.0,0.0,0.0,wrong,wrong,3.0
113,-0.4000898901891601,-1.0468165004862753,-1.04156518171583,GMM estimator,0.2,0.2,0.5,0.5,3411,0.0,0.0,0.0,wrong,wrong,3.0
114,0.2943274184050945,-1.056877511598911,-1.0689493095619997,GMM estimator,0.2,0.2,0.5,0.5,3411,0.0,0.0,0.0,wrong,wrong,3.0
115,0.1734807042562925,-1.062384097207572,-1.052291972984691,GMM estimator,0.2,0.2,0.5,0.5,3411,0.0,0.0,0.0,wrong,wrong,3.0
116,-0.04916279406074283,-1.0365178008851788,-1.0666753313022541,GMM estimator,0.2,0.2,0.5,0.5,3411,0.0,0.0,0.0,wrong,wrong,3.0
117,-0.6257412010526999,-1.135627028979125,-1.0553464569827924,GMM estimator,0.2,0.2,0.5,0.5,3411,0.0,0.0,0.0,wrong,wrong,3.0
118,-0.19641914777596536,-1.0982211319038206,-1.0649910072422932,GMM estimator,0.2,0.2,0.5,0.5,3411,0.0,0.0,0.0,wrong,wrong,3.0
119,-0.04410202085945988,-1.0537888012847012,-1.0516271594868922,GMM estimator,0.2,0.2,0.5,0.5,3411,0.0,0.0,0.0,wrong,wrong,3.0
120,-0.2977285462650105,-1.046604596772711,-1.0318644015434,GMM estimator,0.2,0.2,0.5,0.5,3411,0.0,0.0,0.0,wrong,wrong,3.0
121,-0.02777065674697505,-1.0163536295929643,-1.0141651535219558,GMM estimator,0.2,0.2,0.5,0.5,3411,0.0,0.0,0.0,wrong,wrong,3.0
122,0.5037616149876255,-1.0548938057670718,-1.0387497621080994,GMM estimator,0.2,0.2,0.5,0.5,3411,0.0,0.0,0.0,wrong,wrong,3.0
123,0.28351630625864643,-1.0075639659982367,-1.0261002127776606,GMM estimator,0.2,0.2,0.5,0.5,3411,0.0,0.0,0.0,wrong,wrong,3.0
124,-0.03649162012843094,-1.071561384144975,-1.0742876431058106,GMM estimator,0.2,0.2,0.5,0.5,3411,0.0,0.0,0.0,wrong,wrong,3.0
125,-0.16357052498243782,-1.0237939169905104,-1.022337319862202,GMM estimator,0.2,0.2,0.5,0.5,3411,0.0,0.0,0.0,wrong,wrong,3.0
126,-0.16519986673448137,-1.0582482083080595,-1.0399195105998487,GMM estimator,0.2,0.2,0.5,0.5,3411,0.0,0.0,0.0,wrong,wrong,3.0
127,0.004783623915719988,-1.039764698418785,-1.0271324972473024,GMM estimator,0.2,0.2,0.5,0.5,3411,0.0,0.0,0.0,wrong,wrong,3.0
128,0.23510152443428053,-1.0684571360338797,-1.0154051307425902,GMM estimator,0.2,0.2,0.5,0.5,3411,0.0,0.0,0.0,wrong,wrong,3.0
129,-0.09681701275283493,-1.050557804239781,-1.016716676368565,GMM estimator,0.2,0.2,0.5,0.5,3411,0.0,0.0,0.0,wrong,wrong,3.0
130,-0.17527884208501146,-1.1111028725313745,-1.074846016799906,GMM estimator,0.2,0.2,0.5,0.5,3411,0.0,0.0,0.0,wrong,wrong,3.0
131,-0.0700644926490405,-1.050125742993886,-1.0459674476743641,GMM estimator,0.2,0.2,0.5,0.5,3411,0.0,0.0,0.0,wrong,wrong,3.0
132,-0.4575177228175929,-1.0755909944873352,-1.0380706004879303,GMM estimator,0.2,0.2,0.5,0.5,3411,0.0,0.0,0.0,wrong,wrong,3.0
133,-0.11529206247138493,-1.077012631497424,-1.0429494599113343,GMM estimator,0.2,0.2,0.5,0.5,3411,0.0,0.0,0.0,wrong,wrong,3.0
134,-0.013124739270447886,-1.0760748529987032,-1.0355515307233367,GMM estimator,0.2,0.2,0.5,0.5,3411,0.0,0.0,0.0,wrong,wrong,3.0
135,0.17618890785341862,-1.0655794468714588,-1.0624465748328167,GMM estimator,0.2,0.2,0.5,0.5,3411,0.0,0.0,0.0,wrong,wrong,3.0
136,-0.2224614274619681,-1.0677359053269266,-1.0536581357825872,GMM estimator,0.2,0.2,0.5,0.5,3411,0.0,0.0,0.0,wrong,wrong,3.0
137,-0.07260388504302466,-1.0313999159344147,-1.0532437783519006,GMM estimator,0.2,0.2,0.5,0.5,3411,0.0,0.0,0.0,wrong,wrong,3.0
138,0.3499901136217533,-1.0507579837200534,-1.0427794040084033,GMM estimator,0.2,0.2,0.5,0.5,3411,0.0,0.0,0.0,wrong,wrong,3.0
139,-0.2147941004020706,-1.0634803288680548,-1.06594699338328,GMM estimator,0.2,0.2,0.5,0.5,3411,0.0,0.0,0.0,wrong,wrong,3.0
140,0.3073449802412672,-1.037533407108586,-1.0270933550032142,GMM estimator,0.2,0.2,0.5,0.5,3411,0.0,0.0,0.0,wrong,wrong,3.0
141,-0.018575476704958616,-1.068139158151744,-1.039329110712433,GMM estimator,0.2,0.2,0.5,0.5,3411,0.0,0.0,0.0,wrong,wrong,3.0
142,0.09759426046899322,-1.0860740427147302,-1.0274752360623876,GMM estimator,0.2,0.2,0.5,0.5,3411,0.0,0.0,0.0,wrong,wrong,3.0
143,0.19461558164252973,-1.019000584720168,-1.0406512908267957,GMM estimator,0.2,0.2,0.5,0.5,3411,0.0,0.0,0.0,wrong,wrong,3.0
144,0.26461677403796124,-1.013241338233323,-1.0386325486447114,GMM estimator,0.2,0.2,0.5,0.5,3411,0.0,0.0,0.0,wrong,wrong,3.0
145,0.19360567766714573,-1.0471245959669582,-0.996162927038816,GMM estimator,0.2,0.2,0.5,0.5,3411,0.0,0.0,0.0,wrong,wrong,3.0
146,-0.19185429470898724,-1.0735039110911178,-1.0618373251249693,GMM estimator,0.2,0.2,0.5,0.5,3411,0.0,0.0,0.0,wrong,wrong,3.0
147,-0.020174748401786964,-1.052362028163627,-1.0512823829286995,GMM estimator,0.2,0.2,0.5,0.5,3411,0.0,0.0,0.0,wrong,wrong,3.0
148,0.1613896530967472,-1.0510100548615764,-1.0523494673010227,GMM estimator,0.2,0.2,0.5,0.5,3411,0.0,0.0,0.0,wrong,wrong,3.0
149,-0.15835826177387383,-1.067869977006095,-1.034795960793353,GMM estimator,0.2,0.2,0.5,0.5,3411,0.0,0.0,0.0,wrong,wrong,3.0
150,0.12410585092174117,-1.060734059222747,-1.056922894417438,GMM estimator,0.2,0.2,0.5,0.5,3411,0.0,0.0,0.0,wrong,wrong,3.0
151,-0.0037799071918075116,-1.068373384774571,-1.067347672942898,GMM estimator,0.2,0.2,0.5,0.5,3411,0.0,0.0,0.0,wrong,wrong,3.0
152,0.10374352157419675,-1.0720299860533482,-1.0323257601753029,GMM estimator,0.2,0.2,0.5,0.5,3411,0.0,0.0,0.0,wrong,wrong,3.0
153,0.16327504786445934,-1.0507595928681286,-1.0207432036727215,GMM estimator,0.2,0.2,0.5,0.5,3411,0.0,0.0,0.0,wrong,wrong,3.0
154,-0.004562112583681097,-0.9840654035641453,-1.035575542228727,GMM estimator,0.2,0.2,0.5,0.5,3411,0.0,0.0,0.0,wrong,wrong,3.0
155,0.04728897777356262,-1.0222672028224553,-1.074796969100003,GMM estimator,0.2,0.2,0.5,0.5,3411,0.0,0.0,0.0,wrong,wrong,3.0
156,0.37371293527884325,-1.0706878177940784,-1.0174018595039627,GMM estimator,0.2,0.2,0.5,0.5,3411,0.0,0.0,0.0,wrong,wrong,3.0
157,-0.08789485710840221,-1.038505387929096,-1.0880632358145745,GMM estimator,0.2,0.2,0.5,0.5,3411,0.0,0.0,0.0,wrong,wrong,3.0
158,0.19975744511547208,-1.0274278863483544,-1.039926076440625,GMM estimator,0.2,0.2,0.5,0.5,3411,0.0,0.0,0.0,wrong,wrong,3.0
159,-0.014735642866065322,-0.9622168380525208,-1.0306622704091852,GMM estimator,0.2,0.2,0.5,0.5,3411,0.0,0.0,0.0,wrong,wrong,3.0
160,0.1440032600972951,-1.0642290502663052,-1.0183257895953226,GMM estimator,0.2,0.2,0.5,0.5,3411,0.0,0.0,0.0,wrong,wrong,3.0
161,-0.007793668803435123,-1.0243942203689016,-1.0658993516513307,GMM estimator,0.2,0.2,0.5,0.5,3411,0.0,0.0,0.0,wrong,wrong,3.0
162,0.2336490329691151,-0.98653789672352,-1.0780191258420904,GMM estimator,0.2,0.2,0.5,0.5,3411,0.0,0.0,0.0,wrong,wrong,3.0
163,0.03813662214146676,-1.018071352446978,-1.04645860255788,GMM estimator,0.2,0.2,0.5,0.5,3411,0.0,0.0,0.0,wrong,wrong,3.0
164,-0.5099246972663416,-1.0242759853912264,-1.0842225734812838,GMM estimator,0.2,0.2,0.5,0.5,3411,0.0,0.0,0.0,wrong,wrong,3.0
165,-0.09995276849322365,-1.0215005910418054,-1.0563836091117869,GMM estimator,0.2,0.2,0.5,0.5,3411,0.0,0.0,0.0,wrong,wrong,3.0
166,0.07151000028934779,-1.093110271590276,-1.027200691971294,GMM estimator,0.2,0.2,0.5,0.5,3411,0.0,0.0,0.0,wrong,wrong,3.0
167,-0.22154957383458387,-1.014280248484373,-1.0621487651819246,GMM estimator,0.2,0.2,0.5,0.5,3411,0.0,0.0,0.0,wrong,wrong,3.0
168,-0.06535851671719603,-1.0976549290300897,-1.0861991933803345,GMM estimator,0.2,0.2,0.5,0.5,3411,0.0,0.0,0.0,wrong,wrong,3.0
169,-0.1732782351535625,-0.9930722356746852,-1.0729707632246264,GMM estimator,0.2,0.2,0.5,0.5,3411,0.0,0.0,0.0,wrong,wrong,3.0
170,0.0875275998050705,-1.0657156815911015,-1.048704314447692,GMM estimator,0.2,0.2,0.5,0.5,3411,0.0,0.0,0.0,wrong,wrong,3.0
171,-0.34431788137104113,-1.056427576797489,-1.0840814971232275,GMM estimator,0.2,0.2,0.5,0.5,3411,0.0,0.0,0.0,wrong,wrong,3.0
172,-0.17601064066942615,-1.0342546656828706,-1.0663199844627334,GMM estimator,0.2,0.2,0.5,0.5,3411,0.0,0.0,0.0,wrong,wrong,3.0
173,-0.06498847668247239,-1.0723634300692162,-1.0438393711678917,GMM estimator,0.2,0.2,0.5,0.5,3411,0.0,0.0,0.0,wrong,wrong,3.0
174,0.12811447117178176,-1.02342724311351,-1.0339131690649088,GMM estimator,0.2,0.2,0.5,0.5,3411,0.0,0.0,0.0,wrong,wrong,3.0
175,0.2581439821215488,-1.0578478983908792,-1.0522917466685984,GMM estimator,0.2,0.2,0.5,0.5,3411,0.0,0.0,0.0,wrong,wrong,3.0
176,-0.2985146293001062,-1.0603516151602934,-1.0593411291063717,GMM estimator,0.2,0.2,0.5,0.5,3411,0.0,0.0,0.0,wrong,wrong,3.0
177,0.12835106213495387,-1.062527734920875,-1.0698844624717998,GMM estimator,0.2,0.2,0.5,0.5,3411,0.0,0.0,0.0,wrong,wrong,3.0
178,0.02298742369896983,-1.0542935578311134,-1.0128315111052935,GMM estimator,0.2,0.2,0.5,0.5,3411,0.0,0.0,0.0,wrong,wrong,3.0
179,-0.16951432049515724,-1.0573100738973444,-1.0339553494354625,GMM estimator,0.2,0.2,0.5,0.5,3411,0.0,0.0,0.0,wrong,wrong,3.0
180,0.22702883515176436,-1.0305055135828913,-1.068433850375116,GMM estimator,0.2,0.2,0.5,0.5,3411,0.0,0.0,0.0,wrong,wrong,3.0
181,0.10600570086300314,-1.0378820813659027,-1.0233618911640125,GMM estimator,0.2,0.2,0.5,0.5,3411,0.0,0.0,0.0,wrong,wrong,3.0
182,0.1749742016425673,-1.0529941634591968,-1.0420128055477178,GMM estimator,0.2,0.2,0.5,0.5,3411,0.0,0.0,0.0,wrong,wrong,3.0
183,0.31451251402646097,-1.0190025963452816,-1.0299572252534286,GMM estimator,0.2,0.2,0.5,0.5,3411,0.0,0.0,0.0,wrong,wrong,3.0
184,0.024179476033616008,-1.0155750509130528,-1.0608419881134539,GMM estimator,0.2,0.2,0.5,0.5,3411,0.0,0.0,0.0,wrong,wrong,3.0
185,0.013321764493545715,-1.0491681652398728,-1.066431635598057,GMM estimator,0.2,0.2,0.5,0.5,3411,0.0,0.0,0.0,wrong,wrong,3.0
186,0.13995250483534544,-1.0260242779390374,-1.0341795334837136,GMM estimator,0.2,0.2,0.5,0.5,3411,0.0,0.0,0.0,wrong,wrong,3.0
187,0.09188744145086071,-1.0282945871576266,-1.0508564108891978,GMM estimator,0.2,0.2,0.5,0.5,3411,0.0,0.0,0.0,wrong,wrong,3.0
188,-0.006046255567548962,-1.0417915674403877,-1.075504547175225,GMM estimator,0.2,0.2,0.5,0.5,3411,0.0,0.0,0.0,wrong,wrong,3.0
189,0.2908186039911859,-1.0524056817868495,-1.0216259534687855,GMM estimator,0.2,0.2,0.5,0.5,3411,0.0,0.0,0.0,wrong,wrong,3.0
190,0.08478983005371284,-1.0054684382041543,-1.0278952030640711,GMM estimator,0.2,0.2,0.5,0.5,3411,0.0,0.0,0.0,wrong,wrong,3.0
191,-0.2779418007135784,-1.0676643999877997,-1.0431315332309912,GMM estimator,0.2,0.2,0.5,0.5,3411,0.0,0.0,0.0,wrong,wrong,3.0
192,-0.07179743196708187,-1.018079458574268,-1.0316979378611082,GMM estimator,0.2,0.2,0.5,0.5,3411,0.0,0.0,0.0,wrong,wrong,3.0
193,-0.3388106442861268,-1.012823360696074,-1.0448564626534467,GMM estimator,0.2,0.2,0.5,0.5,3411,0.0,0.0,0.0,wrong,wrong,3.0
194,0.4047099841890601,-1.0447169310124151,-1.0264175371970607,GMM estimator,0.2,0.2,0.5,0.5,3411,0.0,0.0,0.0,wrong,wrong,3.0
195,-0.544614299926655,-1.0896958171341817,-1.0476073138906425,GMM estimator,0.2,0.2,0.5,0.5,3411,0.0,0.0,0.0,wrong,wrong,3.0
196,-0.19104972646952129,-1.083891861162534,-1.0480148743171622,GMM estimator,0.2,0.2,0.5,0.5,3411,0.0,0.0,0.0,wrong,wrong,3.0
197,-0.08120209994185075,-1.062636907845195,-1.0202253190883703,GMM estimator,0.2,0.2,0.5,0.5,3411,0.0,0.0,0.0,wrong,wrong,3.0
198,0.107366199779212,-1.062223278331077,-1.0748342727580131,GMM estimator,0.2,0.2,0.5,0.5,3411,0.0,0.0,0.0,wrong,wrong,3.0
199,0.32011335295966825,-1.0305244894037402,-1.0281270627375922,GMM estimator,0.2,0.2,0.5,0.5,3411,0.0,0.0,0.0,wrong,wrong,3.0
200,-0.057396708302009616,-1.0107335150556438,-1.0348681215957931,GMM estimator,0.2,0.2,0.5,0.5,3411,0.0,0.0,0.0,wrong,wrong,3.0
201,0.08199664886545359,-1.0669602275182988,-1.0330011296730777,GMM estimator,0.2,0.2,0.5,0.5,3411,0.0,0.0,0.0,wrong,wrong,3.0
202,-0.05626034383997433,-1.0449989713044585,-1.0515533689700793,GMM estimator,0.2,0.2,0.5,0.5,3411,0.0,0.0,0.0,wrong,wrong,3.0
203,0.25754183613353654,-1.061789836635241,-1.041991983136184,GMM estimator,0.2,0.2,0.5,0.5,3411,0.0,0.0,0.0,wrong,wrong,3.0
204,0.17721961321714683,-1.0634867181181127,-1.023807882332686,GMM estimator,0.2,0.2,0.5,0.5,3411,0.0,0.0,0.0,wrong,wrong,3.0
205,0.07419054023163739,-1.0131460997446788,-1.0255604383376749,GMM estimator,0.2,0.2,0.5,0.5,3411,0.0,0.0,0.0,wrong,wrong,3.0
206,0.11965223115516352,-1.0522496706483204,-1.0428528003595248,GMM estimator,0.2,0.2,0.5,0.5,3411,0.0,0.0,0.0,wrong,wrong,3.0
207,0.14957521574937596,-1.0162412238920244,-1.0357653651115977,GMM estimator,0.2,0.2,0.5,0.5,3411,0.0,0.0,0.0,wrong,wrong,3.0
208,-0.33387896393649075,-1.0683779096173687,-1.0337408013642484,GMM estimator,0.2,0.2,0.5,0.5,3411,0.0,0.0,0.0,wrong,wrong,3.0
209,-0.06200753214884681,-1.0210622916405179,-1.0400512776850832,GMM estimator,0.2,0.2,0.5,0.5,3411,0.0,0.0,0.0,wrong,wrong,3.0
210,0.07278872839856078,-1.044192865534811,-1.0007529080620874,GMM estimator,0.2,0.2,0.5,0.5,3411,0.0,0.0,0.0,wrong,wrong,3.0
211,0.31463387911091767,-1.0058285178260715,-1.0278901053484708,GMM estimator,0.2,0.2,0.5,0.5,3411,0.0,0.0,0.0,wrong,wrong,3.0
212,0.21974649506759625,-1.0453976340597395,-1.0471837060140707,GMM estimator,0.2,0.2,0.5,0.5,3411,0.0,0.0,0.0,wrong,wrong,3.0
213,0.06909405762734233,-1.0904711317619238,-1.0539743949353384,GMM estimator,0.2,0.2,0.5,0.5,3411,0.0,0.0,0.0,wrong,wrong,3.0
214,-0.2808811174254076,-1.0620959755500479,-1.02755849350101,GMM estimator,0.2,0.2,0.5,0.5,3411,0.0,0.0,0.0,wrong,wrong,3.0
215,-0.11476836031479845,-1.0769907737619981,-1.03822103297473,GMM estimator,0.2,0.2,0.5,0.5,3411,0.0,0.0,0.0,wrong,wrong,3.0
216,0.28744825539408647,-1.0496847482851852,-1.0201770162455481,GMM estimator,0.2,0.2,0.5,0.5,3411,0.0,0.0,0.0,wrong,wrong,3.0
217,0.3674353469260979,-1.00947441916085,-1.0420627192670406,GMM estimator,0.2,0.2,0.5,0.5,3411,0.0,0.0,0.0,wrong,wrong,3.0
218,-0.132317915187437,-1.0814801640655014,-1.038926617550849,GMM estimator,0.2,0.2,0.5,0.5,3411,0.0,0.0,0.0,wrong,wrong,3.0
219,-0.12866309434679898,-1.0721251095178619,-1.027567592703906,GMM estimator,0.2,0.2,0.5,0.5,3411,0.0,0.0,0.0,wrong,wrong,3.0
220,0.17512411416867937,-1.0555285604867934,-1.0461642837771836,GMM estimator,0.2,0.2,0.5,0.5,3411,0.0,0.0,0.0,wrong,wrong,3.0
221,0.09390350407651529,-1.0641986561889942,-1.064432396949884,GMM estimator,0.2,0.2,0.5,0.5,3411,0.0,0.0,0.0,wrong,wrong,3.0
222,0.010872706399824725,-1.0276382024028252,-1.046438907112563,GMM estimator,0.2,0.2,0.5,0.5,3411,0.0,0.0,0.0,wrong,wrong,3.0
223,0.06102214809379794,-1.0270536607577976,-0.9801387740711216,GMM estimator,0.2,0.2,0.5,0.5,3411,0.0,0.0,0.0,wrong,wrong,3.0
224,-0.28344979776340007,-1.1074114070483885,-1.0724438271542311,GMM estimator,0.2,0.2,0.5,0.5,3411,0.0,0.0,0.0,wrong,wrong,3.0
225,-0.17192746307067686,-1.0731096607664177,-1.0518334714048587,GMM estimator,0.2,0.2,0.5,0.5,3411,0.0,0.0,0.0,wrong,wrong,3.0
226,0.19227632715476256,-1.023688581108044,-1.0428599514835941,GMM estimator,0.2,0.2,0.5,0.5,3411,0.0,0.0,0.0,wrong,wrong,3.0
227,0.32821836792779335,-1.071161785151067,-1.0150743054374536,GMM estimator,0.2,0.2,0.5,0.5,3411,0.0,0.0,0.0,wrong,wrong,3.0
228,0.1684441516833143,-1.0497958258899436,-1.0314898464681894,GMM estimator,0.2,0.2,0.5,0.5,3411,0.0,0.0,0.0,wrong,wrong,3.0
229,-0.08271067693596404,-1.0787602039852342,-1.051489595820322,GMM estimator,0.2,0.2,0.5,0.5,3411,0.0,0.0,0.0,wrong,wrong,3.0
230,-0.2769438907862049,-1.0265429303707834,-1.073968790349562,GMM estimator,0.2,0.2,0.5,0.5,3411,0.0,0.0,0.0,wrong,wrong,3.0
231,0.27114019912011184,-1.0361424720389036,-1.034609427976914,GMM estimator,0.2,0.2,0.5,0.5,3411,0.0,0.0,0.0,wrong,wrong,3.0
232,-0.17403397462704034,-1.0760228501908395,-1.0569885022803296,GMM estimator,0.2,0.2,0.5,0.5,3411,0.0,0.0,0.0,wrong,wrong,3.0
233,-0.2866400901564372,-1.059702389548938,-1.021195909111798,GMM estimator,0.2,0.2,0.5,0.5,3411,0.0,0.0,0.0,wrong,wrong,3.0
234,-0.024625501732216417,-1.058936210124187,-1.0334496343017663,GMM estimator,0.2,0.2,0.5,0.5,3411,0.0,0.0,0.0,wrong,wrong,3.0
235,-0.2527140468365186,-1.0419082573262812,-1.0411664495946413,GMM estimator,0.2,0.2,0.5,0.5,3411,0.0,0.0,0.0,wrong,wrong,3.0
236,-0.2921352738111867,-1.0462416179808947,-1.0323845242849048,GMM estimator,0.2,0.2,0.5,0.5,3411,0.0,0.0,0.0,wrong,wrong,3.0
237,-0.09874712796021372,-1.053326932672893,-1.032256809642861,GMM estimator,0.2,0.2,0.5,0.5,3411,0.0,0.0,0.0,wrong,wrong,3.0
238,0.17463135021876028,-1.0232747926933448,-1.0538207402788404,GMM estimator,0.2,0.2,0.5,0.5,3411,0.0,0.0,0.0,wrong,wrong,3.0
239,-0.25179918860514705,-1.095637363796766,-1.0662471120874089,GMM estimator,0.2,0.2,0.5,0.5,3411,0.0,0.0,0.0,wrong,wrong,3.0
240,0.03842966430149804,-1.042859805778914,-1.0501012801301497,GMM estimator,0.2,0.2,0.5,0.5,3411,0.0,0.0,0.0,wrong,wrong,3.0
241,-0.12571963245181325,-0.9844663420869044,-1.0340023812317334,GMM estimator,0.2,0.2,0.5,0.5,3411,0.0,0.0,0.0,wrong,wrong,3.0
242,0.27165928995218996,-1.0011232330489166,-1.048955285673043,GMM estimator,0.2,0.2,0.5,0.5,3411,0.0,0.0,0.0,wrong,wrong,3.0
243,-0.019626077336138456,-1.0303360317624417,-1.0537753068402678,GMM estimator,0.2,0.2,0.5,0.5,3411,0.0,0.0,0.0,wrong,wrong,3.0
244,0.10076562902680863,-1.0447841467010472,-1.023080309680751,GMM estimator,0.2,0.2,0.5,0.5,3411,0.0,0.0,0.0,wrong,wrong,3.0
245,0.07990772094551546,-1.0527164435814182,-1.0492858510941856,GMM estimator,0.2,0.2,0.5,0.5,3411,0.0,0.0,0.0,wrong,wrong,3.0
246,-0.5409601792652909,-1.0881250101605773,-1.0644123852771972,GMM estimator,0.2,0.2,0.5,0.5,3411,0.0,0.0,0.0,wrong,wrong,3.0
247,-0.07964177000144539,-1.0681178788690644,-1.0677995501927526,GMM estimator,0.2,0.2,0.5,0.5,3411,0.0,0.0,0.0,wrong,wrong,3.0
248,0.20239504767461625,-1.0658304499008444,-1.0694399640125252,GMM estimator,0.2,0.2,0.5,0.5,3411,0.0,0.0,0.0,wrong,wrong,3.0
249,0.11708743679429119,-1.0083336032142334,-1.0550184988030997,GMM estimator,0.2,0.2,0.5,0.5,3411,0.0,0.0,0.0,wrong,wrong,3.0
250,-0.05789685887956393,-1.0294667093590588,-1.0663306333773892,GMM estimator,0.2,0.2,0.5,0.5,3411,0.0,0.0,0.0,wrong,wrong,3.0
251,-0.15602068242592348,-1.0328389307875958,-1.0586909223331658,GMM estimator,0.2,0.2,0.5,0.5,3411,0.0,0.0,0.0,wrong,wrong,3.0
252,0.14350775076218875,-1.0105733322287558,-1.0518357326422618,GMM estimator,0.2,0.2,0.5,0.5,3411,0.0,0.0,0.0,wrong,wrong,3.0
253,-0.17331237271017447,-1.0172135086590908,-1.0368762876858897,GMM estimator,0.2,0.2,0.5,0.5,3411,0.0,0.0,0.0,wrong,wrong,3.0
254,0.061746509691413126,-1.0550576772632723,-1.0800873981961834,GMM estimator,0.2,0.2,0.5,0.5,3411,0.0,0.0,0.0,wrong,wrong,3.0
255,-0.025774935146816766,-1.0835204065155999,-1.066846859665785,GMM estimator,0.2,0.2,0.5,0.5,3411,0.0,0.0,0.0,wrong,wrong,3.0
256,-0.24198187315555375,-1.0776592505106142,-1.0875283550267452,GMM estimator,0.2,0.2,0.5,0.5,3411,0.0,0.0,0.0,wrong,wrong,3.0
257,-0.05617472919241297,-1.0203195675562633,-1.0286099111265785,GMM estimator,0.2,0.2,0.5,0.5,3411,0.0,0.0,0.0,wrong,wrong,3.0
258,-0.43685084599163204,-1.0432638412233914,-1.0411506434635636,GMM estimator,0.2,0.2,0.5,0.5,3411,0.0,0.0,0.0,wrong,wrong,3.0
259,-0.11946620669412486,-1.0994830682347805,-1.0551211434409014,GMM estimator,0.2,0.2,0.5,0.5,3411,0.0,0.0,0.0,wrong,wrong,3.0
260,-0.16636885245392158,-1.0657521238774845,-1.0769538404832162,GMM estimator,0.2,0.2,0.5,0.5,3411,0.0,0.0,0.0,wrong,wrong,3.0
261,0.06335047803649226,-1.0420774193231455,-1.0440752448663206,GMM estimator,0.2,0.2,0.5,0.5,3411,0.0,0.0,0.0,wrong,wrong,3.0
262,-0.1571860787760172,-1.0009516654725594,-1.0294340099105719,GMM estimator,0.2,0.2,0.5,0.5,3411,0.0,0.0,0.0,wrong,wrong,3.0
263,-0.18376450362501867,-1.0953835478394653,-1.0507927217052957,GMM estimator,0.2,0.2,0.5,0.5,3411,0.0,0.0,0.0,wrong,wrong,3.0
264,0.14815879622953385,-0.9933259354505737,-1.054038549726,GMM estimator,0.2,0.2,0.5,0.5,3411,0.0,0.0,0.0,wrong,wrong,3.0
265,-0.06094753884971454,-1.0228826670955722,-1.0587193522723268,GMM estimator,0.2,0.2,0.5,0.5,3411,0.0,0.0,0.0,wrong,wrong,3.0
266,-0.11840558952055429,-1.052262570912722,-1.0628083457057633,GMM estimator,0.2,0.2,0.5,0.5,3411,0.0,0.0,0.0,wrong,wrong,3.0
267,-0.1831409003926556,-1.0478405384378973,-1.0616016316357482,GMM estimator,0.2,0.2,0.5,0.5,3411,0.0,0.0,0.0,wrong,wrong,3.0
268,-0.22122978966365922,-1.0202559140628702,-1.0440514606479272,GMM estimator,0.2,0.2,0.5,0.5,3411,0.0,0.0,0.0,wrong,wrong,3.0
269,-0.2231566349436839,-1.0240244130345617,-1.0306304335325303,GMM estimator,0.2,0.2,0.5,0.5,3411,0.0,0.0,0.0,wrong,wrong,3.0
270,-0.07755226393896678,-1.0870773927941446,-1.0178082833969149,GMM estimator,0.2,0.2,0.5,0.5,3411,0.0,0.0,0.0,wrong,wrong,3.0
271,-0.16666002125065205,-1.0503922691983683,-1.0659809099935718,GMM estimator,0.2,0.2,0.5,0.5,3411,0.0,0.0,0.0,wrong,wrong,3.0
272,-0.2917242910474952,-1.060534981938705,-1.0913975455536384,GMM estimator,0.2,0.2,0.5,0.5,3411,0.0,0.0,0.0,wrong,wrong,3.0
273,0.15219773627855102,-1.0456926993376325,-1.0708616406097073,GMM estimator,0.2,0.2,0.5,0.5,3411,0.0,0.0,0.0,wrong,wrong,3.0
274,-0.18502778009982268,-1.0031796272878546,-1.0755721054318697,GMM estimator,0.2,0.2,0.5,0.5,3411,0.0,0.0,0.0,wrong,wrong,3.0
275,-0.016747865467871877,-1.0064435578909383,-1.046678468357031,GMM estimator,0.2,0.2,0.5,0.5,3411,0.0,0.0,0.0,wrong,wrong,3.0
276,0.00926692122273306,-1.0932546309686915,-1.053857149080863,GMM estimator,0.2,0.2,0.5,0.5,3411,0.0,0.0,0.0,wrong,wrong,3.0
277,0.29374911285250555,-1.0405384557962392,-1.0489638293729353,GMM estimator,0.2,0.2,0.5,0.5,3411,0.0,0.0,0.0,wrong,wrong,3.0
278,0.21716603762083336,-1.051880014477857,-1.0336762870834624,GMM estimator,0.2,0.2,0.5,0.5,3411,0.0,0.0,0.0,wrong,wrong,3.0
279,-0.027898416822956785,-1.0639945991596265,-1.0530626015216211,GMM estimator,0.2,0.2,0.5,0.5,3411,0.0,0.0,0.0,wrong,wrong,3.0
280,0.03325105017166611,-1.0128897519649922,-1.043357906834064,GMM estimator,0.2,0.2,0.5,0.5,3411,0.0,0.0,0.0,wrong,wrong,3.0
281,0.23485498328279156,-1.0066370317341073,-1.0152219001035998,GMM estimator,0.2,0.2,0.5,0.5,3411,0.0,0.0,0.0,wrong,wrong,3.0
282,0.21458329947430912,-1.082583889115678,-1.0617041649625036,GMM estimator,0.2,0.2,0.5,0.5,3411,0.0,0.0,0.0,wrong,wrong,3.0
283,0.2778329314779406,-1.043633127117747,-1.0608214944523853,GMM estimator,0.2,0.2,0.5,0.5,3411,0.0,0.0,0.0,wrong,wrong,3.0
284,-0.05496371821084912,-1.035408934123292,-1.057632767969635,GMM estimator,0.2,0.2,0.5,0.5,3411,0.0,0.0,0.0,wrong,wrong,3.0
285,-0.01280712284097246,-1.096343506925242,-1.065557384850654,GMM estimator,0.2,0.2,0.5,0.5,3411,0.0,0.0,0.0,wrong,wrong,3.0
286,0.0023879132337908267,-1.0695023756864181,-1.0512379128768066,GMM estimator,0.2,0.2,0.5,0.5,3411,0.0,0.0,0.0,wrong,wrong,3.0
287,0.2238983934014384,-1.0528368120676064,-1.0559678446772987,GMM estimator,0.2,0.2,0.5,0.5,3411,0.0,0.0,0.0,wrong,wrong,3.0
288,-0.5231802069510605,-1.0578030286431477,-1.0472100232327435,GMM estimator,0.2,0.2,0.5,0.5,3411,0.0,0.0,0.0,wrong,wrong,3.0
289,-0.3695143347789257,-1.0180182723840303,-1.030836507671146,GMM estimator,0.2,0.2,0.5,0.5,3411,0.0,0.0,0.0,wrong,wrong,3.0
290,-0.2619768181599546,-1.0548988830345283,-1.0871177339231672,GMM estimator,0.2,0.2,0.5,0.5,3411,0.0,0.0,0.0,wrong,wrong,3.0
291,0.34274306307511426,-1.0530753695344899,-1.032684411254434,GMM estimator,0.2,0.2,0.5,0.5,3411,0.0,0.0,0.0,wrong,wrong,3.0
292,0.30705853069392974,-1.0235528495239623,-1.0454414325440418,GMM estimator,0.2,0.2,0.5,0.5,3411,0.0,0.0,0.0,wrong,wrong,3.0
293,-0.18274472399219396,-1.0522315721153608,-1.043418482403021,GMM estimator,0.2,0.2,0.5,0.5,3411,0.0,0.0,0.0,wrong,wrong,3.0
294,0.23967836344142027,-1.062886975764537,-1.0416473234452441,GMM estimator,0.2,0.2,0.5,0.5,3411,0.0,0.0,0.0,wrong,wrong,3.0
295,0.09984605638269248,-1.0223560764195614,-1.0434377546947908,GMM estimator,0.2,0.2,0.5,0.5,3411,0.0,0.0,0.0,wrong,wrong,3.0
296,0.15958136607997112,-1.0524734226243921,-1.0503036446673197,GMM estimator,0.2,0.2,0.5,0.5,3411,0.0,0.0,0.0,wrong,wrong,3.0
297,-0.0876602484103607,-1.0646933747548881,-1.063324306659095,GMM estimator,0.2,0.2,0.5,0.5,3411,0.0,0.0,0.0,wrong,wrong,3.0
298,0.4319858195555583,-1.0322274574382033,-1.0451546446459885,GMM estimator,0.2,0.2,0.5,0.5,3411,0.0,0.0,0.0,wrong,wrong,3.0
299,-0.055286133964694874,-0.9880511639967455,-1.0696380573480326,GMM estimator,0.2,0.2,0.5,0.5,3411,0.0,0.0,0.0,wrong,wrong,3.0
300,-0.022042288971647197,-1.0650072924852434,-1.0438442931650633,GMM estimator,0.2,0.2,0.5,0.5,3411,0.0,0.0,0.0,wrong,wrong,3.0
1,-0.21675217685210324,-0.1594850534214247,0.041143911578720334,Three-step,1.0,1.0,0.5,0.5,3411,0.0,0.0,0.0,correct,correct,3.0
2,-0.12400015487047286,-0.07017408179270963,0.13651377812240958,Three-step,1.0,1.0,0.5,0.5,3411,0.0,0.0,0.0,correct,correct,3.0
3,-0.26186751594166907,0.03390918922537095,-0.0006677770287685727,Three-step,1.0,1.0,0.5,0.5,3411,0.0,0.0,0.0,correct,correct,3.0
4,0.22414766157032007,0.1140759064086165,-0.07188649738414195,Three-step,1.0,1.0,0.5,0.5,3411,0.0,0.0,0.0,correct,correct,3.0
5,-0.39776448379484436,-0.12972664752234722,-0.06295860315137708,Three-step,1.0,1.0,0.5,0.5,3411,0.0,0.0,0.0,correct,correct,3.0
6,0.22184148133112983,0.062069560154037334,0.0394408447525087,Three-step,1.0,1.0,0.5,0.5,3411,0.0,0.0,0.0,correct,correct,3.0
7,0.6370852178382767,0.3233695328364618,0.18243405165739615,Three-step,1.0,1.0,0.5,0.5,3411,0.0,0.0,0.0,correct,correct,3.0
8,-0.19844208939665187,0.010020367931864012,0.01620491119016285,Three-step,1.0,1.0,0.5,0.5,3411,0.0,0.0,0.0,correct,correct,3.0
9,-0.21230483860828978,0.006247786510182851,0.12767046939146004,Three-step,1.0,1.0,0.5,0.5,3411,0.0,0.0,0.0,correct,correct,3.0
10,-0.2914328185036724,-0.22708268183491212,-0.2170805507646671,Three-step,1.0,1.0,0.5,0.5,3411,0.0,0.0,0.0,correct,correct,3.0
11,0.26274833554962096,0.12282879879045115,0.00417520326754937,Three-step,1.0,1.0,0.5,0.5,3411,0.0,0.0,0.0,correct,correct,3.0
12,-0.04907535573024826,-0.0865096447451422,-0.02294098571370988,Three-step,1.0,1.0,0.5,0.5,3411,0.0,0.0,0.0,correct,correct,3.0
13,0.31018113989087653,0.09165405577194745,-0.008108260726297136,Three-step,1.0,1.0,0.5,0.5,3411,0.0,0.0,0.0,correct,correct,3.0
14,-0.29597940886922064,-0.13608927800831686,-0.06095718956975444,Three-step,1.0,1.0,0.5,0.5,3411,0.0,0.0,0.0,correct,correct,3.0
15,-0.2879360727029272,-0.2458901636693087,-0.13167102684967782,Three-step,1.0,1.0,0.5,0.5,3411,0.0,0.0,0.0,correct,correct,3.0
16,-0.2126292785583159,-0.36469746788065843,-0.28765674085746584,Three-step,1.0,1.0,0.5,0.5,3411,0.0,0.0,0.0,correct,correct,3.0
17,0.36035204108573116,0.2798299831341353,0.1526578740303593,Three-step,1.0,1.0,0.5,0.5,3411,0.0,0.0,0.0,correct,correct,3.0
18,0.03720091982408304,0.13596565473127928,0.14281304161974984,Three-step,1.0,1.0,0.5,0.5,3411,0.0,0.0,0.0,correct,correct,3.0
19,-0.05416023276762375,0.20968032837104256,0.13595298189227087,Three-step,1.0,1.0,0.5,0.5,3411,0.0,0.0,0.0,correct,correct,3.0
20,-0.03414979524570746,0.20746001489344124,0.15868217554071273,Three-step,1.0,1.0,0.5,0.5,3411,0.0,0.0,0.0,correct,correct,3.0
21,0.06551813271877735,0.20293790163463257,0.046538789204100865,Three-step,1.0,1.0,0.5,0.5,3411,0.0,0.0,0.0,correct,correct,3.0
22,0.1423940367618212,-0.03163139399909828,0.07879321032739241,Three-step,1.0,1.0,0.5,0.5,3411,0.0,0.0,0.0,correct,correct,3.0
23,-0.07499011679513505,-0.15660843783368553,0.00869761434457659,Three-step,1.0,1.0,0.5,0.5,3411,0.0,0.0,0.0,correct,correct,3.0
24,0.30693191644007006,0.1874259345660031,0.08590451877715852,Three-step,1.0,1.0,0.5,0.5,3411,0.0,0.0,0.0,correct,correct,3.0
25,-0.07680117988984382,0.13001466441031434,0.09521230017309101,Three-step,1.0,1.0,0.5,0.5,3411,0.0,0.0,0.0,correct,correct,3.0
26,-0.03484505248793816,0.19138049014797398,0.09981676709784863,Three-step,1.0,1.0,0.5,0.5,3411,0.0,0.0,0.0,correct,correct,3.0
27,0.06690352660569306,0.18926918102562273,0.07758851705310717,Three-step,1.0,1.0,0.5,0.5,3411,0.0,0.0,0.0,correct,correct,3.0
28,0.004474239280212499,-0.16571371834680534,-0.07147948235898681,Three-step,1.0,1.0,0.5,0.5,3411,0.0,0.0,0.0,correct,correct,3.0
29,0.03797466813926363,-0.08247948960411698,0.012043717072439921,Three-step,1.0,1.0,0.5,0.5,3411,0.0,0.0,0.0,correct,correct,3.0
30,-0.17760087336726763,0.14822750845794513,-0.03709245887549414,Three-step,1.0,1.0,0.5,0.5,3411,0.0,0.0,0.0,correct,correct,3.0
31,0.08523662958635572,0.10325189685540413,0.057309361984814025,Three-step,1.0,1.0,0.5,0.5,3411,0.0,0.0,0.0,correct,correct,3.0
32,-0.0927507515250415,-0.27821363045700287,-0.07132998830220197,Three-step,1.0,1.0,0.5,0.5,3411,0.0,0.0,0.0,correct,correct,3.0
33,0.29114589455996787,0.12550057423733182,0.027337954606909295,Three-step,1.0,1.0,0.5,0.5,3411,0.0,0.0,0.0,correct,correct,3.0
34,0.05101389187884934,-0.08183382132810334,-0.013758053607295869,Three-step,1.0,1.0,0.5,0.5,3411,0.0,0.0,0.0,correct,correct,3.0
35,-0.02313767970692429,0.021560510683197257,0.032674109107116885,Three-step,1.0,1.0,0.5,0.5,3411,0.0,0.0,0.0,correct,correct,3.0
36,0.11628147516784118,0.16911946356598084,0.02456358569886448,Three-step,1.0,1.0,0.5,0.5,3411,0.0,0.0,0.0,correct,correct,3.0
37,-0.1356286443301451,-0.1890510365974085,-0.18146085530947104,Three-step,1.0,1.0,0.5,0.5,3411,0.0,0.0,0.0,correct,correct,3.0
38,-0.16057341023832558,-0.058322490231641516,-0.01169383588335816,Three-step,1.0,1.0,0.5,0.5,3411,0.0,0.0,0.0,correct,correct,3.0
39,-0.09149041077279373,-0.09605036730364222,-0.08673517827458817,Three-step,1.0,1.0,0.5,0.5,3411,0.0,0.0,0.0,correct,correct,3.0
40,0.1291402806285419,0.13284440680600135,0.024124990635650382,Three-step,1.0,1.0,0.5,0.5,3411,0.0,0.0,0.0,correct,correct,3.0
41,-0.031522680487120855,0.0635596064543034,0.11146560455782194,Three-step,1.0,1.0,0.5,0.5,3411,0.0,0.0,0.0,correct,correct,3.0
42,0.3841533656109398,0.1484319573652945,0.05562742067222157,Three-step,1.0,1.0,0.5,0.5,3411,0.0,0.0,0.0,correct,correct,3.0
43,-0.23721266854370374,0.0628992970710724,0.024528883725308898,Three-step,1.0,1.0,0.5,0.5,3411,0.0,0.0,0.0,correct,correct,3.0
44,0.6091215229898629,-0.013490838412209544,0.08687684123547602,Three-step,1.0,1.0,0.5,0.5,3411,0.0,0.0,0.0,correct,correct,3.0
45,0.0016688681110807798,-0.1489987697252706,-0.06636425573155226,Three-step,1.0,1.0,0.5,0.5,3411,0.0,0.0,0.0,correct,correct,3.0
46,0.026068300413585113,0.017442356419215807,0.04877013092690578,Three-step,1.0,1.0,0.5,0.5,3411,0.0,0.0,0.0,correct,correct,3.0
47,0.040788400039012046,0.11359330881943056,0.08645723747408882,Three-step,1.0,1.0,0.5,0.5,3411,0.0,0.0,0.0,correct,correct,3.0
48,0.2534297874702072,0.01230854052868681,-0.06714789007874575,Three-step,1.0,1.0,0.5,0.5,3411,0.0,0.0,0.0,correct,correct,3.0
49,-0.269508154058344,0.07830944155818996,0.19184004375416902,Three-step,1.0,1.0,0.5,0.5,3411,0.0,0.0,0.0,correct,correct,3.0
50,-0.27990547248197023,0.12186757755133294,-0.10406686899952189,Three-step,1.0,1.0,0.5,0.5,3411,0.0,0.0,0.0,correct,correct,3.0
51,0.13363976023577914,0.047136021681511694,-0.09647025515792404,Three-step,1.0,1.0,0.5,0.5,3411,0.0,0.0,0.0,correct,correct,3.0
52,0.02406932509001268,0.030999834628570387,0.049256693842194395,Three-step,1.0,1.0,0.5,0.5,3411,0.0,0.0,0.0,correct,correct,3.0
53,0.19082596757533238,0.00445829496912962,0.1308023683007349,Three-step,1.0,1.0,0.5,0.5,3411,0.0,0.0,0.0,correct,correct,3.0
54,0.0018089940363385253,-0.11006511031259843,0.06835830647711781,Three-step,1.0,1.0,0.5,0.5,3411,0.0,0.0,0.0,correct,correct,3.0
55,-0.18895843821305452,0.008267813943438077,0.022288476418463977,Three-step,1.0,1.0,0.5,0.5,3411,0.0,0.0,0.0,correct,correct,3.0
56,-0.3266680528689412,-0.022252732480834744,-0.13733272344218386,Three-step,1.0,1.0,0.5,0.5,3411,0.0,0.0,0.0,correct,correct,3.0
57,-0.32372142825873895,-0.2202182236759525,-0.07057239016541628,Three-step,1.0,1.0,0.5,0.5,3411,0.0,0.0,0.0,correct,correct,3.0
58,-0.1862860334169786,-0.19863312354228174,-0.21769594358046307,Three-step,1.0,1.0,0.5,0.5,3411,0.0,0.0,0.0,correct,correct,3.0
59,0.5897773366315477,0.33149261737607616,0.12329440246721098,Three-step,1.0,1.0,0.5,0.5,3411,0.0,0.0,0.0,correct,correct,3.0
60,-0.11541254646573186,0.029217533801769176,0.03311121171883801,Three-step,1.0,1.0,0.5,0.5,3411,0.0,0.0,0.0,correct,correct,3.0
61,0.024462318088454664,0.06183837042388782,0.06317838130659219,Three-step,1.0,1.0,0.5,0.5,3411,0.0,0.0,0.0,correct,correct,3.0
62,0.06178784331782111,0.09587733218518281,0.1390277800243868,Three-step,1.0,1.0,0.5,0.5,3411,0.0,0.0,0.0,correct,correct,3.0
63,-0.26221012277483224,0.016617941735523955,-0.03755339160064178,Three-step,1.0,1.0,0.5,0.5,3411,0.0,0.0,0.0,correct,correct,3.0
64,0.038516501439584266,0.017719492256574425,0.010065082282176502,Three-step,1.0,1.0,0.5,0.5,3411,0.0,0.0,0.0,correct,correct,3.0
65,-0.3500071152725743,-0.07594275605965567,0.12532426978208785,Three-step,1.0,1.0,0.5,0.5,3411,0.0,0.0,0.0,correct,correct,3.0
66,0.06532678960758607,0.15094795806810604,0.04009658096159239,Three-step,1.0,1.0,0.5,0.5,3411,0.0,0.0,0.0,correct,correct,3.0
67,0.19582118967221007,0.047609671410927895,0.08923797733620403,Three-step,1.0,1.0,0.5,0.5,3411,0.0,0.0,0.0,correct,correct,3.0
68,-0.023580313831981243,0.07855831915617867,0.08709812449667736,Three-step,1.0,1.0,0.5,0.5,3411,0.0,0.0,0.0,correct,correct,3.0
69,-0.25029943385312914,-0.09580172807729061,-0.041943701500780695,Three-step,1.0,1.0,0.5,0.5,3411,0.0,0.0,0.0,correct,correct,3.0
70,-0.05621064784718481,-0.16316869546715593,-0.1457761100420489,Three-step,1.0,1.0,0.5,0.5,3411,0.0,0.0,0.0,correct,correct,3.0
71,-0.23654020149626995,0.02387348768767745,0.1654464451856531,Three-step,1.0,1.0,0.5,0.5,3411,0.0,0.0,0.0,correct,correct,3.0
72,-0.05807341570543839,0.030705352920869525,-0.12376445819086927,Three-step,1.0,1.0,0.5,0.5,3411,0.0,0.0,0.0,correct,correct,3.0
73,-0.06496411548080129,0.005402049781191616,0.05864169925748463,Three-step,1.0,1.0,0.5,0.5,3411,0.0,0.0,0.0,correct,correct,3.0
74,-0.38145597973064566,-0.29445721593483193,-0.2390138043397472,Three-step,1.0,1.0,0.5,0.5,3411,0.0,0.0,0.0,correct,correct,3.0
75,-0.005578264345620716,-0.027051211549927633,0.07265819631895576,Three-step,1.0,1.0,0.5,0.5,3411,0.0,0.0,0.0,correct,correct,3.0
76,0.05563503231153756,-0.0637071012695797,-0.04941160735915105,Three-step,1.0,1.0,0.5,0.5,3411,0.0,0.0,0.0,correct,correct,3.0
77,-0.23885163739494406,-0.2305556522279582,-0.2518023453870888,Three-step,1.0,1.0,0.5,0.5,3411,0.0,0.0,0.0,correct,correct,3.0
78,-0.5230863056527657,-0.18311833895795512,-0.23365071783726404,Three-step,1.0,1.0,0.5,0.5,3411,0.0,0.0,0.0,correct,correct,3.0
79,0.08393503626938542,0.02932042427309002,0.020296471857768863,Three-step,1.0,1.0,0.5,0.5,3411,0.0,0.0,0.0,correct,correct,3.0
80,0.09340145538359242,-0.08728211683566459,-0.06609076093284631,Three-step,1.0,1.0,0.5,0.5,3411,0.0,0.0,0.0,correct,correct,3.0
81,-0.335592542897511,-0.0912472455795625,-0.14864399103789447,Three-step,1.0,1.0,0.5,0.5,3411,0.0,0.0,0.0,correct,correct,3.0
82,0.2009169563018934,0.16159225138445807,0.11159513349408504,Three-step,1.0,1.0,0.5,0.5,3411,0.0,0.0,0.0,correct,correct,3.0
83,-0.05457094084007915,-0.14887651388272127,-0.19686488672885316,Three-step,1.0,1.0,0.5,0.5,3411,0.0,0.0,0.0,correct,correct,3.0
84,-0.2733460514101758,-0.17068608347358089,-0.15835360432901646,Three-step,1.0,1.0,0.5,0.5,3411,0.0,0.0,0.0,correct,correct,3.0
85,-0.32769114382431763,-0.24634596997229918,-0.2694726621519956,Three-step,1.0,1.0,0.5,0.5,3411,0.0,0.0,0.0,correct,correct,3.0
86,-0.2055745444684832,-0.026379604213986465,-0.017616293717616947,Three-step,1.0,1.0,0.5,0.5,3411,0.0,0.0,0.0,correct,correct,3.0
87,-0.023791969798401136,-0.15973878646536027,-0.163760387634087,Three-step,1.0,1.0,0.5,0.5,3411,0.0,0.0,0.0,correct,correct,3.0
88,0.22590743751832848,0.13079722702718624,0.015370322399914949,Three-step,1.0,1.0,0.5,0.5,3411,0.0,0.0,0.0,correct,correct,3.0
89,0.05439475827938375,0.12445239937708133,-0.008618050107841642,Three-step,1.0,1.0,0.5,0.5,3411,0.0,0.0,0.0,correct,correct,3.0
90,0.0006987745383836681,-0.016509751578871537,-0.05757593700782366,Three-step,1.0,1.0,0.5,0.5,3411,0.0,0.0,0.0,correct,correct,3.0
91,0.017459995745771274,-0.013758633278026419,0.01730793647554471,Three-step,1.0,1.0,0.5,0.5,3411,0.0,0.0,0.0,correct,correct,3.0
92,-0.6334730869068604,-0.25650802014327645,-0.209007140626727,Three-step,1.0,1.0,0.5,0.5,3411,0.0,0.0,0.0,correct,correct,3.0
93,0.02989491903169983,0.08462340790807359,0.05600294625342624,Three-step,1.0,1.0,0.5,0.5,3411,0.0,0.0,0.0,correct,correct,3.0
94,-0.04102674805868198,-0.061720934959420604,-0.004762812143187632,Three-step,1.0,1.0,0.5,0.5,3411,0.0,0.0,0.0,correct,correct,3.0
95,-0.12124765360632601,0.024124093102614777,0.018176224343708445,Three-step,1.0,1.0,0.5,0.5,3411,0.0,0.0,0.0,correct,correct,3.0
96,-0.06998226886179339,-0.23172925075180764,-0.12596751467676748,Three-step,1.0,1.0,0.5,0.5,3411,0.0,0.0,0.0,correct,correct,3.0
97,-0.24370309467005852,-0.0021148286775758743,0.001769493179894485,Three-step,1.0,1.0,0.5,0.5,3411,0.0,0.0,0.0,correct,correct,3.0
98,0.1109167950871706,0.09293417987616535,0.11804365682036325,Three-step,1.0,1.0,0.5,0.5,3411,0.0,0.0,0.0,correct,correct,3.0
99,-0.256004551170954,0.017695959337429446,-0.02541314223777514,Three-step,1.0,1.0,0.5,0.5,3411,0.0,0.0,0.0,correct,correct,3.0
100,-0.16267002942225722,-0.03053640821245259,-0.18576792482386914,Three-step,1.0,1.0,0.5,0.5,3411,0.0,0.0,0.0,correct,correct,3.0
101,0.03893167518935465,-0.10820991249420193,0.06126864525893245,Three-step,1.0,1.0,0.5,0.5,3411,0.0,0.0,0.0,correct,correct,3.0
102,0.18750479367405426,-0.08523491716421983,-0.1806197775369213,Three-step,1.0,1.0,0.5,0.5,3411,0.0,0.0,0.0,correct,correct,3.0
103,0.03312174409886248,0.03995602480311169,0.10663245450177865,Three-step,1.0,1.0,0.5,0.5,3411,0.0,0.0,0.0,correct,correct,3.0
104,-0.6027398782841387,-0.0912920875377181,0.07449716332915583,Three-step,1.0,1.0,0.5,0.5,3411,0.0,0.0,0.0,correct,correct,3.0
105,-0.15437092062449254,-0.16554944286662157,-0.14077318870393885,Three-step,1.0,1.0,0.5,0.5,3411,0.0,0.0,0.0,correct,correct,3.0
106,-0.32707824451250944,-0.33293916279664754,-0.2022154164299474,Three-step,1.0,1.0,0.5,0.5,3411,0.0,0.0,0.0,correct,correct,3.0
107,-0.5580793380083202,-0.2342359652371222,-0.008957397519808875,Three-step,1.0,1.0,0.5,0.5,3411,0.0,0.0,0.0,correct,correct,3.0
108,-0.11214329116758408,0.16227031661867863,-0.02501446086217338,Three-step,1.0,1.0,0.5,0.5,3411,0.0,0.0,0.0,correct,correct,3.0
109,0.024338676104693976,0.03953956607341089,0.005017631024432198,Three-step,1.0,1.0,0.5,0.5,3411,0.0,0.0,0.0,correct,correct,3.0
110,0.3015077022245714,0.14508432606644447,0.12979186385023955,Three-step,1.0,1.0,0.5,0.5,3411,0.0,0.0,0.0,correct,correct,3.0
111,0.16500587040374093,0.0964957425329133,0.02407290321787961,Three-step,1.0,1.0,0.5,0.5,3411,0.0,0.0,0.0,correct,correct,3.0
112,-0.1381187837510474,0.035112510893050994,-0.005562001308646945,Three-step,1.0,1.0,0.5,0.5,3411,0.0,0.0,0.0,correct,correct,3.0
113,-0.4180221480932822,0.04766481612174931,0.01649444185289317,Three-step,1.0,1.0,0.5,0.5,3411,0.0,0.0,0.0,correct,correct,3.0
114,0.2749984155822237,0.09786931567228628,-0.018637072979859542,Three-step,1.0,1.0,0.5,0.5,3411,0.0,0.0,0.0,correct,correct,3.0
115,0.17893679306749516,0.01304295007982907,0.058582500134610443,Three-step,1.0,1.0,0.5,0.5,3411,0.0,0.0,0.0,correct,correct,3.0
116,-0.025791066872329082,0.016642281053403027,0.016224908417492256,Three-step,1.0,1.0,0.5,0.5,3411,0.0,0.0,0.0,correct,correct,3.0
117,-0.400383632090006,-0.28477775991707244,-0.24435720732668426,Three-step,1.0,1.0,0.5,0.5,3411,0.0,0.0,0.0,correct,correct,3.0
118,-0.1976428703455108,-0.006639093331446395,-0.002241730699657668,Three-step,1.0,1.0,0.5,0.5,3411,0.0,0.0,0.0,correct,correct,3.0
119,0.007439486468286438,-0.038644457918290936,-0.04109885694453124,Three-step,1.0,1.0,0.5,0.5,3411,0.0,0.0,0.0,correct,correct,3.0
120,-0.1289878888626406,-0.015729345438040176,-0.003171513188289462,Three-step,1.0,1.0,0.5,0.5,3411,0.0,0.0,0.0,correct,correct,3.0
121,0.0313992826145708,0.013001490344287148,0.015604203101790948,Three-step,1.0,1.0,0.5,0.5,3411,0.0,0.0,0.0,correct,correct,3.0
122,0.4809358876727902,0.14948737387038413,0.10357969487780716,Three-step,1.0,1.0,0.5,0.5,3411,0.0,0.0,0.0,correct,correct,3.0
123,0.23827606824243303,0.019685502580260632,0.11938723962136356,Three-step,1.0,1.0,0.5,0.5,3411,0.0,0.0,0.0,correct,correct,3.0
124,-0.06656257114043895,-0.11877118961436389,-0.07132493338757226,Three-step,1.0,1.0,0.5,0.5,3411,0.0,0.0,0.0,correct,correct,3.0
125,-0.09599154535712297,0.003381731872649763,0.050408653319240576,Three-step,1.0,1.0,0.5,0.5,3411,0.0,0.0,0.0,correct,correct,3.0
126,-0.07710201410144601,0.0010033448782725933,0.03222913502298011,Three-step,1.0,1.0,0.5,0.5,3411,0.0,0.0,0.0,correct,correct,3.0
127,0.019744291958787016,-0.04177391074821479,0.04155391337521855,Three-step,1.0,1.0,0.5,0.5,3411,0.0,0.0,0.0,correct,correct,3.0
128,0.36700503807728735,0.15801842564526603,0.08649673222730925,Three-step,1.0,1.0,0.5,0.5,3411,0.0,0.0,0.0,correct,correct,3.0
129,0.05859040161730105,-0.06634571660511084,0.013210673344909355,Three-step,1.0,1.0,0.5,0.5,3411,0.0,0.0,0.0,correct,correct,3.0
130,-0.14718708244692885,-0.12361855294970377,-0.03359153884444046,Three-step,1.0,1.0,0.5,0.5,3411,0.0,0.0,0.0,correct,correct,3.0
131,-0.08403227702826602,-0.0001120570728032413,-0.06945346789000369,Three-step,1.0,1.0,0.5,0.5,3411,0.0,0.0,0.0,correct,correct,3.0
132,-0.43519843021960786,-0.1558925746582599,-0.030060389411891996,Three-step,1.0,1.0,0.5,0.5,3411,0.0,0.0,0.0,correct,correct,3.0
133,-0.0986046890897585,-0.038631192845420555,0.06964348458208759,Three-step,1.0,1.0,0.5,0.5,3411,0.0,0.0,0.0,correct,correct,3.0
134,0.06675728351248764,-0.07405461043940326,-0.014378274897162797,Three-step,1.0,1.0,0.5,0.5,3411,0.0,0.0,0.0,correct,correct,3.0
135,0.06661636553781038,-0.12739920823426593,-0.1202805193873714,Three-step,1.0,1.0,0.5,0.5,3411,0.0,0.0,0.0,correct,correct,3.0
136,-0.27318145910302816,-0.06702769777503434,-0.050766196394856064,Three-step,1.0,1.0,0.5,0.5,3411,0.0,0.0,0.0,correct,correct,3.0
137,-0.0925859511897898,-0.017810332162140743,-0.10413531277464211,Three-step,1.0,1.0,0.5,0.5,3411,0.0,0.0,0.0,correct,correct,3.0
138,0.426891494689417,0.06950931548742026,-0.048494149839814926,Three-step,1.0,1.0,0.5,0.5,3411,0.0,0.0,0.0,correct,correct,3.0
139,-0.1283935860939128,-0.13111948006252602,-0.12796334568700132,Three-step,1.0,1.0,0.5,0.5,3411,0.0,0.0,0.0,correct,correct,3.0
140,0.2301479677758397,0.18659679012937516,0.07442700390956358,Three-step,1.0,1.0,0.5,0.5,3411,0.0,0.0,0.0,correct,correct,3.0
141,0.00750269915274321,0.17038751376592495,0.1578979541399501,Three-step,1.0,1.0,0.5,0.5,3411,0.0,0.0,0.0,correct,correct,3.0
142,0.1361052720272013,-0.0810449617369268,-0.03338463606915025,Three-step,1.0,1.0,0.5,0.5,3411,0.0,0.0,0.0,correct,correct,3.0
143,0.11471280685795193,0.18284171411580408,0.1740872744408917,Three-step,1.0,1.0,0.5,0.5,3411,0.0,0.0,0.0,correct,correct,3.0
144,0.23907432385384142,0.07299067825081003,0.010587550702314449,Three-step,1.0,1.0,0.5,0.5,3411,0.0,0.0,0.0,correct,correct,3.0
145,0.2725236704496052,0.19633130652255054,0.2641570015932047,Three-step,1.0,1.0,0.5,0.5,3411,0.0,0.0,0.0,correct,correct,3.0
146,-0.1213830849478546,-0.0030037845826713714,-0.05088844258084294,Three-step,1.0,1.0,0.5,0.5,3411,0.0,0.0,0.0,correct,correct,3.0
147,-0.11190788327486473,-0.042285835056032735,-0.0049731538226404064,Three-step,1.0,1.0,0.5,0.5,3411,0.0,0.0,0.0,correct,correct,3.0
148,0.15442022412070008,0.01626871984760755,-0.010946191596902587,Three-step,1.0,1.0,0.5,0.5,3411,0.0,0.0,0.0,correct,correct,3.0
149,-0.17853029198161097,-0.043625427930050885,-0.03429948795309657,Three-step,1.0,1.0,0.5,0.5,3411,0.0,0.0,0.0,correct,correct,3.0
150,0.24361716799945554,0.35291641604559515,0.15209488566870014,Three-step,1.0,1.0,0.5,0.5,3411,0.0,0.0,0.0,correct,correct,3.0
151,0.15661383925496108,-0.05591593435710261,-0.07366773356726589,Three-step,1.0,1.0,0.5,0.5,3411,0.0,0.0,0.0,correct,correct,3.0
152,0.1012493558837564,0.10129932517322017,0.04979479766953168,Three-step,1.0,1.0,0.5,0.5,3411,0.0,0.0,0.0,correct,correct,3.0
153,0.13586446306676211,-0.05165805572875113,-0.019011976634863866,Three-step,1.0,1.0,0.5,0.5,3411,0.0,0.0,0.0,correct,correct,3.0
154,0.02119863756762959,0.25911103666595675,0.11249956095148418,Three-step,1.0,1.0,0.5,0.5,3411,0.0,0.0,0.0,correct,correct,3.0
155,0.030619846575977612,-0.05696037323711748,-0.13932639756197607,Three-step,1.0,1.0,0.5,0.5,3411,0.0,0.0,0.0,correct,correct,3.0
156,0.3599901080266292,-0.040067592510823445,0.1479595381520925,Three-step,1.0,1.0,0.5,0.5,3411,0.0,0.0,0.0,correct,correct,3.0
157,0.031224141286381915,-0.09735822347659716,0.023837766122863688,Three-step,1.0,1.0,0.5,0.5,3411,0.0,0.0,0.0,correct,correct,3.0
158,0.2904780057648143,0.022126217300756562,0.005989489711175976,Three-step,1.0,1.0,0.5,0.5,3411,0.0,0.0,0.0,correct,correct,3.0
159,-0.026936211326532636,0.14456797726559975,0.09510981878618086,Three-step,1.0,1.0,0.5,0.5,3411,0.0,0.0,0.0,correct,correct,3.0
160,0.14347427914316158,-0.03256031025973828,-0.027777803151187296,Three-step,1.0,1.0,0.5,0.5,3411,0.0,0.0,0.0,correct,correct,3.0
161,0.06633601645331239,0.08461864880089824,0.06605294338065006,Three-step,1.0,1.0,0.5,0.5,3411,0.0,0.0,0.0,correct,correct,3.0
162,0.24984492677760742,0.14898974517623675,0.06173894935962689,Three-step,1.0,1.0,0.5,0.5,3411,0.0,0.0,0.0,correct,correct,3.0
163,0.046365347871992306,0.05839889446807072,-0.0361279734115479,Three-step,1.0,1.0,0.5,0.5,3411,0.0,0.0,0.0,correct,correct,3.0
164,-0.5068665628244088,-0.31732737924952753,-0.2248866560204337,Three-step,1.0,1.0,0.5,0.5,3411,0.0,0.0,0.0,correct,correct,3.0
165,-0.06939409603736994,-0.18626667663576163,-0.06863598681460008,Three-step,1.0,1.0,0.5,0.5,3411,0.0,0.0,0.0,correct,correct,3.0
166,0.2064375231249662,-0.011232049026140424,0.047887771609677166,Three-step,1.0,1.0,0.5,0.5,3411,0.0,0.0,0.0,correct,correct,3.0
167,-0.23449710637637092,-0.11789484452074925,-0.07880294495682211,Three-step,1.0,1.0,0.5,0.5,3411,0.0,0.0,0.0,correct,correct,3.0
168,0.20290675536002373,0.014662874158636086,0.02439079411194705,Three-step,1.0,1.0,0.5,0.5,3411,0.0,0.0,0.0,correct,correct,3.0
169,-0.1901003128610639,0.1159853783355255,-0.04045547156772796,Three-step,1.0,1.0,0.5,0.5,3411,0.0,0.0,0.0,correct,correct,3.0
170,-0.029184591094619235,0.03154792129792776,-0.04522990069506467,Three-step,1.0,1.0,0.5,0.5,3411,0.0,0.0,0.0,correct,correct,3.0
171,-0.24060219584811177,-0.13886982442705964,-0.08781210308422081,Three-step,1.0,1.0,0.5,0.5,3411,0.0,0.0,0.0,correct,correct,3.0
172,-0.1963559361366186,-0.08996514044647301,-0.11331823847203086,Three-step,1.0,1.0,0.5,0.5,3411,0.0,0.0,0.0,correct,correct,3.0
173,-0.04100227853297787,-0.17481349469697796,-0.05540451181593058,Three-step,1.0,1.0,0.5,0.5,3411,0.0,0.0,0.0,correct,correct,3.0
174,0.02665821060676612,-0.031214404068408114,0.028027861614172957,Three-step,1.0,1.0,0.5,0.5,3411,0.0,0.0,0.0,correct,correct,3.0
175,0.38134435849113685,-0.14478658321231064,-0.06100274494123616,Three-step,1.0,1.0,0.5,0.5,3411,0.0,0.0,0.0,correct,correct,3.0
176,-0.36955481708765786,-0.04986060962805449,0.047764399231930474,Three-step,1.0,1.0,0.5,0.5,3411,0.0,0.0,0.0,correct,correct,3.0
177,0.16872937219650436,0.21827269894863743,-0.015629788451182344,Three-step,1.0,1.0,0.5,0.5,3411,0.0,0.0,0.0,correct,correct,3.0
178,-0.028381274173908268,-0.04606791074922229,0.028549119845761563,Three-step,1.0,1.0,0.5,0.5,3411,0.0,0.0,0.0,correct,correct,3.0
179,-0.2270225852668418,0.10778800924097023,0.0549174597524352,Three-step,1.0,1.0,0.5,0.5,3411,0.0,0.0,0.0,correct,correct,3.0
180,0.2784202647315135,0.1828591583417835,-0.01211609033376934,Three-step,1.0,1.0,0.5,0.5,3411,0.0,0.0,0.0,correct,correct,3.0
181,0.058442367603702014,0.06233177419522565,0.006370643931143322,Three-step,1.0,1.0,0.5,0.5,3411,0.0,0.0,0.0,correct,correct,3.0
182,0.1819480738415334,0.20545588154231226,0.2555908175494658,Three-step,1.0,1.0,0.5,0.5,3411,0.0,0.0,0.0,correct,correct,3.0
183,0.2572603558281266,0.0064747243945771785,0.09421229739721927,Three-step,1.0,1.0,0.5,0.5,3411,0.0,0.0,0.0,correct,correct,3.0
184,0.1166145088069643,0.06920954480607291,0.07396896805542676,Three-step,1.0,1.0,0.5,0.5,3411,0.0,0.0,0.0,correct,correct,3.0
185,0.038590730978298314,-0.031311837498533966,-0.022894595050697814,Three-step,1.0,1.0,0.5,0.5,3411,0.0,0.0,0.0,correct,correct,3.0
186,0.17827313890850868,-0.02748609177316924,0.0013843827292982142,Three-step,1.0,1.0,0.5,0.5,3411,0.0,0.0,0.0,correct,correct,3.0
187,0.0845160233032448,0.08524844610644967,0.13707753919717497,Three-step,1.0,1.0,0.5,0.5,3411,0.0,0.0,0.0,correct,correct,3.0
188,-0.00870498852389439,-0.06258397350022304,-0.08963925466292419,Three-step,1.0,1.0,0.5,0.5,3411,0.0,0.0,0.0,correct,correct,3.0
189,0.25068934309931684,0.193418527491797,0.17589632847716932,Three-step,1.0,1.0,0.5,0.5,3411,0.0,0.0,0.0,correct,correct,3.0
190,0.07346373633451518,0.12392923136084147,0.18180629994177394,Three-step,1.0,1.0,0.5,0.5,3411,0.0,0.0,0.0,correct,correct,3.0
191,-0.27209610720136024,0.032064404766640124,0.08964131977320859,Three-step,1.0,1.0,0.5,0.5,3411,0.0,0.0,0.0,correct,correct,3.0
192,-0.15914919488158963,-0.0014180333225624901,-0.03352652380688357,Three-step,1.0,1.0,0.5,0.5,3411,0.0,0.0,0.0,correct,correct,3.0
193,-0.37301097622306767,-0.242192139289957,-0.11964929556869831,Three-step,1.0,1.0,0.5,0.5,3411,0.0,0.0,0.0,correct,correct,3.0
194,0.35101997709302113,0.18799060785888297,0.1353379577219299,Three-step,1.0,1.0,0.5,0.5,3411,0.0,0.0,0.0,correct,correct,3.0
195,-0.45895664271609965,-0.05423238745858579,-0.11315480706362206,Three-step,1.0,1.0,0.5,0.5,3411,0.0,0.0,0.0,correct,correct,3.0
196,-0.09116239996540951,-0.17923878535985116,-0.09884011530409915,Three-step,1.0,1.0,0.5,0.5,3411,0.0,0.0,0.0,correct,correct,3.0
197,0.024735088426906096,0.0064997196706016785,-0.015171394249341028,Three-step,1.0,1.0,0.5,0.5,3411,0.0,0.0,0.0,correct,correct,3.0
198,0.06881644483033618,-0.043553683200010886,-0.04576295928046025,Three-step,1.0,1.0,0.5,0.5,3411,0.0,0.0,0.0,correct,correct,3.0
199,0.27998379079740215,0.11129368671246612,-0.017796729452544038,Three-step,1.0,1.0,0.5,0.5,3411,0.0,0.0,0.0,correct,correct,3.0
200,-0.031137475090349875,0.01681434060069409,0.0677091154298656,Three-step,1.0,1.0,0.5,0.5,3411,0.0,0.0,0.0,correct,correct,3.0
201,0.10002794576749588,-0.03450387614982778,0.01594700359504229,Three-step,1.0,1.0,0.5,0.5,3411,0.0,0.0,0.0,correct,correct,3.0
202,-0.03511547331519103,0.145576343377685,0.02985541903286011,Three-step,1.0,1.0,0.5,0.5,3411,0.0,0.0,0.0,correct,correct,3.0
203,0.21128840235646787,0.1016155440287908,0.07852448950325872,Three-step,1.0,1.0,0.5,0.5,3411,0.0,0.0,0.0,correct,correct,3.0
204,0.13376302737509332,-0.035947073788857926,0.030043181003620408,Three-step,1.0,1.0,0.5,0.5,3411,0.0,0.0,0.0,correct,correct,3.0
205,0.01459483593922374,-0.0691475842701938,0.013105557237084637,Three-step,1.0,1.0,0.5,0.5,3411,0.0,0.0,0.0,correct,correct,3.0
206,0.12635583153881305,0.06920570852242855,0.0132825640396249,Three-step,1.0,1.0,0.5,0.5,3411,0.0,0.0,0.0,correct,correct,3.0
207,0.30035089995686,0.20369150774336098,0.19730515340156984,Three-step,1.0,1.0,0.5,0.5,3411,0.0,0.0,0.0,correct,correct,3.0
208,-0.357210198003663,-0.25133684817849494,-0.03377965086560193,Three-step,1.0,1.0,0.5,0.5,3411,0.0,0.0,0.0,correct,correct,3.0
209,-0.09284385291728091,0.06936522536230358,-0.0014334258512426789,Three-step,1.0,1.0,0.5,0.5,3411,0.0,0.0,0.0,correct,correct,3.0
210,0.16828947457079513,0.09883281271592768,0.06267589249339404,Three-step,1.0,1.0,0.5,0.5,3411,0.0,0.0,0.0,correct,correct,3.0
211,0.27888622562018833,0.1901200339912411,0.08214394890870066,Three-step,1.0,1.0,0.5,0.5,3411,0.0,0.0,0.0,correct,correct,3.0
212,0.30627955563177756,0.14343525578821698,0.00826471671724505,Three-step,1.0,1.0,0.5,0.5,3411,0.0,0.0,0.0,correct,correct,3.0
213,0.01770996185005905,-0.08755228563023715,0.06509926529944753,Three-step,1.0,1.0,0.5,0.5,3411,0.0,0.0,0.0,correct,correct,3.0
214,-0.24186490710203695,-0.05118322418820516,-0.028391104229392818,Three-step,1.0,1.0,0.5,0.5,3411,0.0,0.0,0.0,correct,correct,3.0
215,-0.05765506520280327,-0.020078401002462623,0.09708068598674145,Three-step,1.0,1.0,0.5,0.5,3411,0.0,0.0,0.0,correct,correct,3.0
216,0.38915904180905025,0.16399355741243846,0.12238047844721665,Three-step,1.0,1.0,0.5,0.5,3411,0.0,0.0,0.0,correct,correct,3.0
217,0.47930470456701685,0.10567159349289801,-0.07949941055803127,Three-step,1.0,1.0,0.5,0.5,3411,0.0,0.0,0.0,correct,correct,3.0
218,-0.1372212436715401,-0.053915023823489214,-0.013443602493818088,Three-step,1.0,1.0,0.5,0.5,3411,0.0,0.0,0.0,correct,correct,3.0
219,0.08735695646540723,0.07627514665548048,0.13748883238115395,Three-step,1.0,1.0,0.5,0.5,3411,0.0,0.0,0.0,correct,correct,3.0
220,0.17785414704189784,0.13105997620720433,-0.0369549129899594,Three-step,1.0,1.0,0.5,0.5,3411,0.0,0.0,0.0,correct,correct,3.0
221,0.0478478866351533,0.0727265315456995,0.022831259254423784,Three-step,1.0,1.0,0.5,0.5,3411,0.0,0.0,0.0,correct,correct,3.0
222,-0.021737603001649456,0.07952755532735897,0.10989904828613148,Three-step,1.0,1.0,0.5,0.5,3411,0.0,0.0,0.0,correct,correct,3.0
223,0.0781437059310873,0.1588762292407618,0.2364619802898477,Three-step,1.0,1.0,0.5,0.5,3411,0.0,0.0,0.0,correct,correct,3.0
224,-0.15208812258688958,-0.11402834727449977,-0.14878381140794056,Three-step,1.0,1.0,0.5,0.5,3411,0.0,0.0,0.0,correct,correct,3.0
225,-0.1994680562915738,0.016825962617719133,0.001422149802937228,Three-step,1.0,1.0,0.5,0.5,3411,0.0,0.0,0.0,correct,correct,3.0
226,0.31827465147780193,0.16760130486976432,0.14786159122878748,Three-step,1.0,1.0,0.5,0.5,3411,0.0,0.0,0.0,correct,correct,3.0
227,0.33799250726390145,0.038577709999221436,0.12619658930614838,Three-step,1.0,1.0,0.5,0.5,3411,0.0,0.0,0.0,correct,correct,3.0
228,0.27980974611079157,0.12638534647553215,0.14766162039752165,Three-step,1.0,1.0,0.5,0.5,3411,0.0,0.0,0.0,correct,correct,3.0
229,-0.02413455658937763,-0.10899737984576316,-0.046562090635639874,Three-step,1.0,1.0,0.5,0.5,3411,0.0,0.0,0.0,correct,correct,3.0
230,-0.17370995894494715,-0.1676719472568884,-0.16093741997843677,Three-step,1.0,1.0,0.5,0.5,3411,0.0,0.0,0.0,correct,correct,3.0
231,0.263572208462642,0.012041944291808333,0.04909494106044536,Three-step,1.0,1.0,0.5,0.5,3411,0.0,0.0,0.0,correct,correct,3.0
232,-0.2202832679381246,-0.04533847156333002,-0.18885312597707068,Three-step,1.0,1.0,0.5,0.5,3411,0.0,0.0,0.0,correct,correct,3.0
233,-0.33379908033245137,0.113744364903057,0.044976347394739456,Three-step,1.0,1.0,0.5,0.5,3411,0.0,0.0,0.0,correct,correct,3.0
234,-0.04000514881223911,-0.24997050457123327,-0.09456419122364657,Three-step,1.0,1.0,0.5,0.5,3411,0.0,0.0,0.0,correct,correct,3.0
235,-0.21699917815621303,-0.052122045440464414,0.05867018708572774,Three-step,1.0,1.0,0.5,0.5,3411,0.0,0.0,0.0,correct,correct,3.0
236,-0.3428388446935939,-0.0614820219629149,-0.003441577216499207,Three-step,1.0,1.0,0.5,0.5,3411,0.0,0.0,0.0,correct,correct,3.0
237,-0.16835060162230842,-0.03327589980631494,0.03983495623127412,Three-step,1.0,1.0,0.5,0.5,3411,0.0,0.0,0.0,correct,correct,3.0
238,0.10350351467330725,0.08600253408292695,0.17363136423465006,Three-step,1.0,1.0,0.5,0.5,3411,0.0,0.0,0.0,correct,correct,3.0
239,-0.2157895980036525,-0.23520850898661919,-0.1415894125305381,Three-step,1.0,1.0,0.5,0.5,3411,0.0,0.0,0.0,correct,correct,3.0
240,-0.07643503216997569,0.11838195606280967,0.019174087801382293,Three-step,1.0,1.0,0.5,0.5,3411,0.0,0.0,0.0,correct,correct,3.0
241,-0.11095569712797848,0.06622843696409755,0.017630348110158955,Three-step,1.0,1.0,0.5,0.5,3411,0.0,0.0,0.0,correct,correct,3.0
242,0.27077282783893775,-0.028050612626169775,-0.12288224962320385,Three-step,1.0,1.0,0.5,0.5,3411,0.0,0.0,0.0,correct,correct,3.0
243,0.05099555613686604,-0.09542819324691028,0.051545198174813074,Three-step,1.0,1.0,0.5,0.5,3411,0.0,0.0,0.0,correct,correct,3.0
244,0.1011024626171091,0.008023320309665414,0.006332671489454908,Three-step,1.0,1.0,0.5,0.5,3411,0.0,0.0,0.0,correct,correct,3.0
245,0.05175053075969738,0.09956310080242788,0.05070764487726336,Three-step,1.0,1.0,0.5,0.5,3411,0.0,0.0,0.0,correct,correct,3.0
246,-0.53481468795385,0.03557310680530754,0.009949334907668033,Three-step,1.0,1.0,0.5,0.5,3411,0.0,0.0,0.0,correct,correct,3.0
247,-0.09285951575209996,-0.28943084925025614,-0.11030439370688318,Three-step,1.0,1.0,0.5,0.5,3411,0.0,0.0,0.0,correct,correct,3.0
248,0.3222641815448077,-0.09819450375021778,0.04689084905262262,Three-step,1.0,1.0,0.5,0.5,3411,0.0,0.0,0.0,correct,correct,3.0
249,0.22739421431334084,0.1983971715568194,0.1355003573778469,Three-step,1.0,1.0,0.5,0.5,3411,0.0,0.0,0.0,correct,correct,3.0
250,-0.1601498884537629,-0.04314342506807219,-0.06174538478143576,Three-step,1.0,1.0,0.5,0.5,3411,0.0,0.0,0.0,correct,correct,3.0
251,-0.08172075613938787,-0.1637530763052597,-0.11929003487821913,Three-step,1.0,1.0,0.5,0.5,3411,0.0,0.0,0.0,correct,correct,3.0
252,0.0773200570539143,0.048440681437322775,0.10728091980518403,Three-step,1.0,1.0,0.5,0.5,3411,0.0,0.0,0.0,correct,correct,3.0
253,-0.2110177287122323,0.2330597381631637,0.14564479337032507,Three-step,1.0,1.0,0.5,0.5,3411,0.0,0.0,0.0,correct,correct,3.0
254,0.15732533288928147,0.03441555667623214,-0.011798555942667278,Three-step,1.0,1.0,0.5,0.5,3411,0.0,0.0,0.0,correct,correct,3.0
255,-0.037109692676874535,-0.10156309089908105,0.09991879295207368,Three-step,1.0,1.0,0.5,0.5,3411,0.0,0.0,0.0,correct,correct,3.0
256,-0.25946779254502605,-0.24452922251485232,-0.2235106454163409,Three-step,1.0,1.0,0.5,0.5,3411,0.0,0.0,0.0,correct,correct,3.0
257,-0.0566334860417526,-0.05448493754838028,-0.06116036462891608,Three-step,1.0,1.0,0.5,0.5,3411,0.0,0.0,0.0,correct,correct,3.0
258,-0.430672899669069,-0.06336702862057993,-0.13262145025507283,Three-step,1.0,1.0,0.5,0.5,3411,0.0,0.0,0.0,correct,correct,3.0
259,-0.10479369550400189,-0.05925346429245549,0.0050234223253384945,Three-step,1.0,1.0,0.5,0.5,3411,0.0,0.0,0.0,correct,correct,3.0
260,-0.12709471731293706,-0.16232196159573536,-0.08074512873881741,Three-step,1.0,1.0,0.5,0.5,3411,0.0,0.0,0.0,correct,correct,3.0
261,0.07939376482000846,-0.027797626968127882,0.0035057158523774303,Three-step,1.0,1.0,0.5,0.5,3411,0.0,0.0,0.0,correct,correct,3.0
262,-0.16377411678079154,0.009486718588171383,-0.0033463996538755053,Three-step,1.0,1.0,0.5,0.5,3411,0.0,0.0,0.0,correct,correct,3.0
263,-0.22031668349233582,0.0036089304012339057,-0.00817434260887292,Three-step,1.0,1.0,0.5,0.5,3411,0.0,0.0,0.0,correct,correct,3.0
264,0.11488445392068994,0.08957019981341353,-0.020271222982056667,Three-step,1.0,1.0,0.5,0.5,3411,0.0,0.0,0.0,correct,correct,3.0
265,-0.0970578568802969,-0.10391797353272492,0.00103093603584531,Three-step,1.0,1.0,0.5,0.5,3411,0.0,0.0,0.0,correct,correct,3.0
266,-0.004649010760295251,-0.23023643345452943,-0.30982372297234584,Three-step,1.0,1.0,0.5,0.5,3411,0.0,0.0,0.0,correct,correct,3.0
267,-0.08280189682652841,0.12323673984016707,0.0793651478122967,Three-step,1.0,1.0,0.5,0.5,3411,0.0,0.0,0.0,correct,correct,3.0
268,-0.20727486612899948,-0.11009071123652335,-0.044183988443506496,Three-step,1.0,1.0,0.5,0.5,3411,0.0,0.0,0.0,correct,correct,3.0
269,-0.2663044427261004,0.013436490574424339,0.1166758581440285,Three-step,1.0,1.0,0.5,0.5,3411,0.0,0.0,0.0,correct,correct,3.0
270,0.07846195895775504,-0.3086329384490827,-0.06714855259236405,Three-step,1.0,1.0,0.5,0.5,3411,0.0,0.0,0.0,correct,correct,3.0
271,0.08845598338519772,-0.022456521080556315,0.06484680620453594,Three-step,1.0,1.0,0.5,0.5,3411,0.0,0.0,0.0,correct,correct,3.0
272,-0.3221031769537592,-0.10509595259409411,-0.05735112830661603,Three-step,1.0,1.0,0.5,0.5,3411,0.0,0.0,0.0,correct,correct,3.0
273,0.07270825945760567,-0.09986053080354296,-0.04983147580688771,Three-step,1.0,1.0,0.5,0.5,3411,0.0,0.0,0.0,correct,correct,3.0
274,-0.08368199119804652,-0.1572486834650091,-0.11316407337428758,Three-step,1.0,1.0,0.5,0.5,3411,0.0,0.0,0.0,correct,correct,3.0
275,0.04643330657062599,-0.025617396227014543,-0.09509434156254355,Three-step,1.0,1.0,0.5,0.5,3411,0.0,0.0,0.0,correct,correct,3.0
276,0.04655576727754144,-0.018253820674055433,-0.014516122997306962,Three-step,1.0,1.0,0.5,0.5,3411,0.0,0.0,0.0,correct,correct,3.0
277,0.34099385408517374,-0.08596640914237572,-0.05574068842335561,Three-step,1.0,1.0,0.5,0.5,3411,0.0,0.0,0.0,correct,correct,3.0
278,0.18878330425427123,0.15310555764400047,-0.037375678265455216,Three-step,1.0,1.0,0.5,0.5,3411,0.0,0.0,0.0,correct,correct,3.0
279,0.03612148361952391,-0.11604867743509248,-0.04674927668808612,Three-step,1.0,1.0,0.5,0.5,3411,0.0,0.0,0.0,correct,correct,3.0
280,0.001220695221416552,0.10200196509581744,-0.028212492849256306,Three-step,1.0,1.0,0.5,0.5,3411,0.0,0.0,0.0,correct,correct,3.0
281,0.2999114008188586,0.30471167209737193,0.1547269712139584,Three-step,1.0,1.0,0.5,0.5,3411,0.0,0.0,0.0,correct,correct,3.0
282,0.2497344188575067,-0.06434981738737935,-0.020198859035090996,Three-step,1.0,1.0,0.5,0.5,3411,0.0,0.0,0.0,correct,correct,3.0
283,0.306665520195651,0.07019686637525627,-0.05888389932615517,Three-step,1.0,1.0,0.5,0.5,3411,0.0,0.0,0.0,correct,correct,3.0
284,-0.12309413098310057,0.05005283539037582,0.02080237592223363,Three-step,1.0,1.0,0.5,0.5,3411,0.0,0.0,0.0,correct,correct,3.0
285,-0.01974467884341319,-0.08561049505972593,-0.14263347083134942,Three-step,1.0,1.0,0.5,0.5,3411,0.0,0.0,0.0,correct,correct,3.0
286,-0.010129217103645715,0.059974964836855,0.09393254391303313,Three-step,1.0,1.0,0.5,0.5,3411,0.0,0.0,0.0,correct,correct,3.0
287,0.2624655846876412,0.11816429877763164,-0.0052009594741750514,Three-step,1.0,1.0,0.5,0.5,3411,0.0,0.0,0.0,correct,correct,3.0
288,-0.4588347217882159,-0.17328683753745577,-0.08860060714043244,Three-step,1.0,1.0,0.5,0.5,3411,0.0,0.0,0.0,correct,correct,3.0
289,-0.3867233821546493,0.06822127609208821,0.10138226421394497,Three-step,1.0,1.0,0.5,0.5,3411,0.0,0.0,0.0,correct,correct,3.0
290,-0.29594981324858594,-0.14175931209794143,-0.09929478873375347,Three-step,1.0,1.0,0.5,0.5,3411,0.0,0.0,0.0,correct,correct,3.0
291,0.4392116970841873,0.08333389117260623,0.09823145545205846,Three-step,1.0,1.0,0.5,0.5,3411,0.0,0.0,0.0,correct,correct,3.0
292,0.4920693411959013,0.30350731152620325,0.25805322802342945,Three-step,1.0,1.0,0.5,0.5,3411,0.0,0.0,0.0,correct,correct,3.0
293,-0.28210560703455656,-0.12115341957213845,-0.09505544433416376,Three-step,1.0,1.0,0.5,0.5,3411,0.0,0.0,0.0,correct,correct,3.0
294,0.21582830315126753,-0.05079775392006686,0.05155425829525148,Three-step,1.0,1.0,0.5,0.5,3411,0.0,0.0,0.0,correct,correct,3.0
295,0.08874163680226406,0.08114959978339849,0.10732434764059241,Three-step,1.0,1.0,0.5,0.5,3411,0.0,0.0,0.0,correct,correct,3.0
296,0.1415443477131733,0.2293685365861867,-0.010714451047498913,Three-step,1.0,1.0,0.5,0.5,3411,0.0,0.0,0.0,correct,correct,3.0
297,-0.14273180498383828,-0.16444150382361383,-0.08318152665780659,Three-step,1.0,1.0,0.5,0.5,3411,0.0,0.0,0.0,correct,correct,3.0
298,0.46218047125167605,0.32157996306279557,0.2424389951949803,Three-step,1.0,1.0,0.5,0.5,3411,0.0,0.0,0.0,correct,correct,3.0
299,-0.10260944265300503,0.04622316074252875,0.01974110995864805,Three-step,1.0,1.0,0.5,0.5,3411,0.0,0.0,0.0,correct,correct,3.0
300,0.014361701378614911,-0.21730449505152008,-0.01187908438691237,Three-step,1.0,1.0,0.5,0.5,3411,0.0,0.0,0.0,correct,correct,3.0
1,-0.08136074286744752,-0.13484534571483672,0.04114391157872036,Robins' estimator,1.0,1.0,0.5,0.5,3411,0.0,0.0,0.0,correct,correct,3.0
2,0.019377468906121076,-0.028658935333905143,0.13651377812249751,Robins' estimator,1.0,1.0,0.5,0.5,3411,0.0,0.0,0.0,correct,correct,3.0
3,-0.18678489164160225,0.05708752102097616,-0.0006677770287686213,Robins' estimator,1.0,1.0,0.5,0.5,3411,0.0,0.0,0.0,correct,correct,3.0
4,0.17935326003318855,0.07017981713917205,-0.07188649738414211,Robins' estimator,1.0,1.0,0.5,0.5,3411,0.0,0.0,0.0,correct,correct,3.0
5,-0.2913614542173868,-0.12438814628343273,-0.06295860315137791,Robins' estimator,1.0,1.0,0.5,0.5,3411,0.0,0.0,0.0,correct,correct,3.0
6,0.15784031116187872,0.06300770475888173,0.03944084475250875,Robins' estimator,1.0,1.0,0.5,0.5,3411,0.0,0.0,0.0,correct,correct,3.0
7,0.3531779690443357,0.28252666892914013,0.1824340516573959,Robins' estimator,1.0,1.0,0.5,0.5,3411,0.0,0.0,0.0,correct,correct,3.0
8,-0.3322878033814987,-0.04758771217252376,0.016204911190162662,Robins' estimator,1.0,1.0,0.5,0.5,3411,0.0,0.0,0.0,correct,correct,3.0
9,-0.05437324186043102,0.013856658676450515,0.12767046939198087,Robins' estimator,1.0,1.0,0.5,0.5,3411,0.0,0.0,0.0,correct,correct,3.0
10,-0.10972755429861301,-0.22406110889219055,-0.2170805507664768,Robins' estimator,1.0,1.0,0.5,0.5,3411,0.0,0.0,0.0,correct,correct,3.0
11,0.10049232385663538,0.12324128186280725,0.004175203267549495,Robins' estimator,1.0,1.0,0.5,0.5,3411,0.0,0.0,0.0,correct,correct,3.0
12,-0.0412678324863612,-0.08829428248706947,-0.022940985713702903,Robins' estimator,1.0,1.0,0.5,0.5,3411,0.0,0.0,0.0,correct,correct,3.0
13,0.1807754753735615,0.06276701794565985,-0.00810826072629715,Robins' estimator,1.0,1.0,0.5,0.5,3411,0.0,0.0,0.0,correct,correct,3.0
14,-0.30440632803156176,-0.13628638380887148,-0.060957189569753864,Robins' estimator,1.0,1.0,0.5,0.5,3411,0.0,0.0,0.0,correct,correct,3.0
15,-0.30019966018422906,-0.23630664513909636,-0.1316710268495813,Robins' estimator,1.0,1.0,0.5,0.5,3411,0.0,0.0,0.0,correct,correct,3.0
16,-0.27882679249808273,-0.3379283987038658,-0.28765674084609266,Robins' estimator,1.0,1.0,0.5,0.5,3411,0.0,0.0,0.0,correct,correct,3.0
17,0.3822814588026157,0.27000954819431855,0.15265787403036205,Robins' estimator,1.0,1.0,0.5,0.5,3411,0.0,0.0,0.0,correct,correct,3.0
18,0.08544775675393358,0.1298704916446081,0.14281304162001068,Robins' estimator,1.0,1.0,0.5,0.5,3411,0.0,0.0,0.0,correct,correct,3.0
19,0.057012904974668786,0.17442463264253022,0.13595298189216162,Robins' estimator,1.0,1.0,0.5,0.5,3411,0.0,0.0,0.0,correct,correct,3.0
20,-0.1253364479402184,0.17928507842856334,0.1586821755407115,Robins' estimator,1.0,1.0,0.5,0.5,3411,0.0,0.0,0.0,correct,correct,3.0
21,0.15543284097457255,0.18962433813032809,0.04653878920410098,Robins' estimator,1.0,1.0,0.5,0.5,3411,0.0,0.0,0.0,correct,correct,3.0
22,-0.15182367242830289,-0.021445336178145744,0.07879321032720799,Robins' estimator,1.0,1.0,0.5,0.5,3411,0.0,0.0,0.0,correct,correct,3.0
23,-0.05894419431000762,-0.14132858774484752,0.008697614344576679,Robins' estimator,1.0,1.0,0.5,0.5,3411,0.0,0.0,0.0,correct,correct,3.0
24,0.17783593135731918,0.16601992555035502,0.08590451877712986,Robins' estimator,1.0,1.0,0.5,0.5,3411,0.0,0.0,0.0,correct,correct,3.0
25,0.09721338012731463,0.1198069890545329,0.09521230017308681,Robins' estimator,1.0,1.0,0.5,0.5,3411,0.0,0.0,0.0,correct,correct,3.0
26,0.041659156160738064,0.1893273764627338,0.09981676709783928,Robins' estimator,1.0,1.0,0.5,0.5,3411,0.0,0.0,0.0,correct,correct,3.0
27,0.022677696109809475,0.16665767484907845,0.07758851705310714,Robins' estimator,1.0,1.0,0.5,0.5,3411,0.0,0.0,0.0,correct,correct,3.0
28,-0.21609429246142156,-0.22163077728251973,-0.0714794823591926,Robins' estimator,1.0,1.0,0.5,0.5,3411,0.0,0.0,0.0,correct,correct,3.0
29,-0.0678566563064964,-0.04576968058654772,0.012043717072439914,Robins' estimator,1.0,1.0,0.5,0.5,3411,0.0,0.0,0.0,correct,correct,3.0
30,0.06374861239134477,0.1759852652705015,-0.03709245887549437,Robins' estimator,1.0,1.0,0.5,0.5,3411,0.0,0.0,0.0,correct,correct,3.0
31,0.2775260859491468,0.10901470087373143,0.05730936198481608,Robins' estimator,1.0,1.0,0.5,0.5,3411,0.0,0.0,0.0,correct,correct,3.0
32,-0.10428889539693634,-0.2500539563556825,-0.07132998830220079,Robins' estimator,1.0,1.0,0.5,0.5,3411,0.0,0.0,0.0,correct,correct,3.0
33,-0.0003708388957347863,0.0923121877154319,0.0273379546069106,Robins' estimator,1.0,1.0,0.5,0.5,3411,0.0,0.0,0.0,correct,correct,3.0
34,0.036656439887418284,-0.06767269823565303,-0.013758053607295817,Robins' estimator,1.0,1.0,0.5,0.5,3411,0.0,0.0,0.0,correct,correct,3.0
35,0.04043825900712241,0.028017948359799524,0.03267410910711596,Robins' estimator,1.0,1.0,0.5,0.5,3411,0.0,0.0,0.0,correct,correct,3.0
36,0.11957566654436466,0.16922150956120893,0.024563585698864434,Robins' estimator,1.0,1.0,0.5,0.5,3411,0.0,0.0,0.0,correct,correct,3.0
37,-0.18631596644434106,-0.174836451439853,-0.18146085530937675,Robins' estimator,1.0,1.0,0.5,0.5,3411,0.0,0.0,0.0,correct,correct,3.0
38,-0.02504508007623555,-0.06186287250533389,-0.011693835883358218,Robins' estimator,1.0,1.0,0.5,0.5,3411,0.0,0.0,0.0,correct,correct,3.0
39,-0.14814027866534127,-0.08863863541242085,-0.08673517827414505,Robins' estimator,1.0,1.0,0.5,0.5,3411,0.0,0.0,0.0,correct,correct,3.0
40,0.18106875751295798,0.13472494791635195,0.024124990635650347,Robins' estimator,1.0,1.0,0.5,0.5,3411,0.0,0.0,0.0,correct,correct,3.0
41,0.17168048816646692,0.08646123360669736,0.11146560455759323,Robins' estimator,1.0,1.0,0.5,0.5,3411,0.0,0.0,0.0,correct,correct,3.0
42,0.31854461731829126,0.1349603779534229,0.05562742067222154,Robins' estimator,1.0,1.0,0.5,0.5,3411,0.0,0.0,0.0,correct,correct,3.0
43,0.07022307829710568,0.03942887187836959,0.024528883725307635,Robins' estimator,1.0,1.0,0.5,0.5,3411,0.0,0.0,0.0,correct,correct,3.0
44,0.2774368787337868,0.006765731005288353,0.08687684123556165,Robins' estimator,1.0,1.0,0.5,0.5,3411,0.0,0.0,0.0,correct,correct,3.0
45,-0.024491882825982695,-0.14012644744899125,-0.06636425573164846,Robins' estimator,1.0,1.0,0.5,0.5,3411,0.0,0.0,0.0,correct,correct,3.0
46,-0.008706667127001314,0.01531238440869445,0.04877013092690656,Robins' estimator,1.0,1.0,0.5,0.5,3411,0.0,0.0,0.0,correct,correct,3.0
47,0.11974500337858437,0.1640341941333954,0.0864572374742119,Robins' estimator,1.0,1.0,0.5,0.5,3411,0.0,0.0,0.0,correct,correct,3.0
48,0.06686234317933942,0.023704744671716172,-0.06714789007869912,Robins' estimator,1.0,1.0,0.5,0.5,3411,0.0,0.0,0.0,correct,correct,3.0
49,-0.12152518019821999,0.07655582049431425,0.19184004375416636,Robins' estimator,1.0,1.0,0.5,0.5,3411,0.0,0.0,0.0,correct,correct,3.0
50,-0.09893808847701174,0.1013623719030394,-0.10406686899952192,Robins' estimator,1.0,1.0,0.5,0.5,3411,0.0,0.0,0.0,correct,correct,3.0
51,0.09507023185977682,0.037740588719687204,-0.09647025515806673,Robins' estimator,1.0,1.0,0.5,0.5,3411,0.0,0.0,0.0,correct,correct,3.0
52,-0.11294751211516449,0.01575544891885336,0.049256693842195456,Robins' estimator,1.0,1.0,0.5,0.5,3411,0.0,0.0,0.0,correct,correct,3.0
53,0.11895538892444539,-0.009780127700355763,0.1308023683004372,Robins' estimator,1.0,1.0,0.5,0.5,3411,0.0,0.0,0.0,correct,correct,3.0
54,-0.0446710183956078,-0.09449408977065443,0.06835830647713408,Robins' estimator,1.0,1.0,0.5,0.5,3411,0.0,0.0,0.0,correct,correct,3.0
55,-0.09716862621187174,-0.02591379448836903,0.022288476418463314,Robins' estimator,1.0,1.0,0.5,0.5,3411,0.0,0.0,0.0,correct,correct,3.0
56,-0.055473799420859025,0.0402293572550114,-0.13733272344210123,Robins' estimator,1.0,1.0,0.5,0.5,3411,0.0,0.0,0.0,correct,correct,3.0
57,-0.2838772622510046,-0.23600014100415068,-0.07057239016539736,Robins' estimator,1.0,1.0,0.5,0.5,3411,0.0,0.0,0.0,correct,correct,3.0
58,-0.12800138301692504,-0.1915116527502357,-0.21769594358042055,Robins' estimator,1.0,1.0,0.5,0.5,3411,0.0,0.0,0.0,correct,correct,3.0
59,0.3987082721776462,0.35587392767327963,0.12329440246721088,Robins' estimator,1.0,1.0,0.5,0.5,3411,0.0,0.0,0.0,correct,correct,3.0
60,-0.024105997079452317,0.038921860743866846,0.03311121171882573,Robins' estimator,1.0,1.0,0.5,0.5,3411,0.0,0.0,0.0,correct,correct,3.0
61,0.007337229056744372,0.021604785878197072,0.06317838130660307,Robins' estimator,1.0,1.0,0.5,0.5,3411,0.0,0.0,0.0,correct,correct,3.0
62,-0.15810609200742004,0.07984740950750843,0.13902778002491376,Robins' estimator,1.0,1.0,0.5,0.5,3411,0.0,0.0,0.0,correct,correct,3.0
63,-0.1877564271763827,-0.02582589745504088,-0.03755339160065476,Robins' estimator,1.0,1.0,0.5,0.5,3411,0.0,0.0,0.0,correct,correct,3.0
64,-0.072349058254112,-0.0007717283644184751,0.010065082282176492,Robins' estimator,1.0,1.0,0.5,0.5,3411,0.0,0.0,0.0,correct,correct,3.0
65,-0.1888388561563811,-0.06305908360739632,0.1253242697820706,Robins' estimator,1.0,1.0,0.5,0.5,3411,0.0,0.0,0.0,correct,correct,3.0
66,0.061187341899474924,0.13895594173030368,0.04009658096159232,Robins' estimator,1.0,1.0,0.5,0.5,3411,0.0,0.0,0.0,correct,correct,3.0
67,0.12668745737785966,0.05475161329390008,0.08923797733620463,Robins' estimator,1.0,1.0,0.5,0.5,3411,0.0,0.0,0.0,correct,correct,3.0
68,-0.01847313611313311,0.08645248243116747,0.08709812449671815,Robins' estimator,1.0,1.0,0.5,0.5,3411,0.0,0.0,0.0,correct,correct,3.0
69,-0.125096745423848,-0.08207771044504261,-0.04194370150078086,Robins' estimator,1.0,1.0,0.5,0.5,3411,0.0,0.0,0.0,correct,correct,3.0
70,-0.042637402691525605,-0.1594021861900622,-0.14577611004217664,Robins' estimator,1.0,1.0,0.5,0.5,3411,0.0,0.0,0.0,correct,correct,3.0
71,-0.2167823800861615,0.03175425753303245,0.1654464451858673,Robins' estimator,1.0,1.0,0.5,0.5,3411,0.0,0.0,0.0,correct,correct,3.0
72,0.026053722136417767,0.03309938044736387,-0.12376445819095588,Robins' estimator,1.0,1.0,0.5,0.5,3411,0.0,0.0,0.0,correct,correct,3.0
73,-0.005139501629811562,0.006372597155377552,0.05864169925750736,Robins' estimator,1.0,1.0,0.5,0.5,3411,0.0,0.0,0.0,correct,correct,3.0
74,-0.45418544961539,-0.2819194902453109,-0.23901380433963867,Robins' estimator,1.0,1.0,0.5,0.5,3411,0.0,0.0,0.0,correct,correct,3.0
75,-0.028890256754124394,-0.025162691693987126,0.07265819631895185,Robins' estimator,1.0,1.0,0.5,0.5,3411,0.0,0.0,0.0,correct,correct,3.0
76,0.0513684900121789,-0.03969643844456167,-0.04941160735916953,Robins' estimator,1.0,1.0,0.5,0.5,3411,0.0,0.0,0.0,correct,correct,3.0
77,-0.2789114836650004,-0.21087273892229322,-0.2518023453868824,Robins' estimator,1.0,1.0,0.5,0.5,3411,0.0,0.0,0.0,correct,correct,3.0
78,-0.338022758621628,-0.22394618339429945,-0.23365071783745328,Robins' estimator,1.0,1.0,0.5,0.5,3411,0.0,0.0,0.0,correct,correct,3.0
79,0.0885989012306739,0.01108621661989056,0.020296471857769498,Robins' estimator,1.0,1.0,0.5,0.5,3411,0.0,0.0,0.0,correct,correct,3.0
80,0.08244419915880899,-0.06513952962181198,-0.06609076093284633,Robins' estimator,1.0,1.0,0.5,0.5,3411,0.0,0.0,0.0,correct,correct,3.0
81,-0.2881843214905309,-0.08748828280095333,-0.14864399103789516,Robins' estimator,1.0,1.0,0.5,0.5,3411,0.0,0.0,0.0,correct,correct,3.0
82,0.05988686630237819,0.1523532499600236,0.11159513349409333,Robins' estimator,1.0,1.0,0.5,0.5,3411,0.0,0.0,0.0,correct,correct,3.0
83,0.03509339899594232,-0.1586627579034719,-0.1968648867295051,Robins' estimator,1.0,1.0,0.5,0.5,3411,0.0,0.0,0.0,correct,correct,3.0
84,-0.08716301716782818,-0.11933334322530871,-0.15835360432900597,Robins' estimator,1.0,1.0,0.5,0.5,3411,0.0,0.0,0.0,correct,correct,3.0
85,-0.2504633742399188,-0.26589228220671335,-0.2694726621509898,Robins' estimator,1.0,1.0,0.5,0.5,3411,0.0,0.0,0.0,correct,correct,3.0
86,-0.07689048495746188,-0.024603390435494095,-0.017616293717615136,Robins' estimator,1.0,1.0,0.5,0.5,3411,0.0,0.0,0.0,correct,correct,3.0
87,-0.02150481998717622,-0.16021176519298574,-0.16376038763353562,Robins' estimator,1.0,1.0,0.5,0.5,3411,0.0,0.0,0.0,correct,correct,3.0
88,0.339927335155477,0.13491041606138376,0.015370322399915046,Robins' estimator,1.0,1.0,0.5,0.5,3411,0.0,0.0,0.0,correct,correct,3.0
89,0.08363485157387011,0.1059836709912066,-0.008618050107841668,Robins' estimator,1.0,1.0,0.5,0.5,3411,0.0,0.0,0.0,correct,correct,3.0
90,0.10164767986784645,-0.04162011580050125,-0.057575937007640146,Robins' estimator,1.0,1.0,0.5,0.5,3411,0.0,0.0,0.0,correct,correct,3.0
91,0.0001410472344244287,-0.013078612843031412,0.01730793647554311,Robins' estimator,1.0,1.0,0.5,0.5,3411,0.0,0.0,0.0,correct,correct,3.0
92,-0.23074991708509346,-0.2553505868619214,-0.2090071406264846,Robins' estimator,1.0,1.0,0.5,0.5,3411,0.0,0.0,0.0,correct,correct,3.0
93,0.21409316526965963,0.09046416275969528,0.05600294625344007,Robins' estimator,1.0,1.0,0.5,0.5,3411,0.0,0.0,0.0,correct,correct,3.0
94,-0.19832853769879075,-0.045278291528167376,-0.004762812143187496,Robins' estimator,1.0,1.0,0.5,0.5,3411,0.0,0.0,0.0,correct,correct,3.0
95,0.09425699134875769,0.07009280530159184,0.0181762243437077,Robins' estimator,1.0,1.0,0.5,0.5,3411,0.0,0.0,0.0,correct,correct,3.0
96,-0.16321910942781395,-0.23641866172702852,-0.12596751467680214,Robins' estimator,1.0,1.0,0.5,0.5,3411,0.0,0.0,0.0,correct,correct,3.0
97,-0.07184595797073337,-0.005607818132246022,0.0017694931798944694,Robins' estimator,1.0,1.0,0.5,0.5,3411,0.0,0.0,0.0,correct,correct,3.0
98,0.23870856493002449,0.11855879719262867,0.1180436568203657,Robins' estimator,1.0,1.0,0.5,0.5,3411,0.0,0.0,0.0,correct,correct,3.0
99,-0.21790671062737646,-0.016502578009821092,-0.02541314223777718,Robins' estimator,1.0,1.0,0.5,0.5,3411,0.0,0.0,0.0,correct,correct,3.0
100,-0.004052052615182951,-0.04953822262115497,-0.18576792482387214,Robins' estimator,1.0,1.0,0.5,0.5,3411,0.0,0.0,0.0,correct,correct,3.0
101,0.08562832861225805,-0.0905688283321461,0.0612686452589328,Robins' estimator,1.0,1.0,0.5,0.5,3411,0.0,0.0,0.0,correct,correct,3.0
102,-0.03445147172831091,-0.09302159302499019,-0.18061977753712155,Robins' estimator,1.0,1.0,0.5,0.5,3411,0.0,0.0,0.0,correct,correct,3.0
103,0.15896766580849872,0.02080431767346977,0.10663245450180868,Robins' estimator,1.0,1.0,0.5,0.5,3411,0.0,0.0,0.0,correct,correct,3.0
104,-0.2723401477277336,-0.06911062812862072,0.07449716332915154,Robins' estimator,1.0,1.0,0.5,0.5,3411,0.0,0.0,0.0,correct,correct,3.0
105,-0.23218482872764673,-0.16648913615472435,-0.14077318870402097,Robins' estimator,1.0,1.0,0.5,0.5,3411,0.0,0.0,0.0,correct,correct,3.0
106,-0.30813770484842207,-0.33661338433574167,-0.2022154164291652,Robins' estimator,1.0,1.0,0.5,0.5,3411,0.0,0.0,0.0,correct,correct,3.0
107,-0.20945026862492686,-0.23037195734944593,-0.008957397519808842,Robins' estimator,1.0,1.0,0.5,0.5,3411,0.0,0.0,0.0,correct,correct,3.0
108,-0.004705231670001634,0.16356050917767953,-0.025014460862174022,Robins' estimator,1.0,1.0,0.5,0.5,3411,0.0,0.0,0.0,correct,correct,3.0
109,0.017264306442580483,0.013841624936704253,0.005017631024432175,Robins' estimator,1.0,1.0,0.5,0.5,3411,0.0,0.0,0.0,correct,correct,3.0
110,0.20220813965236517,0.1687830183886923,0.1297918638502409,Robins' estimator,1.0,1.0,0.5,0.5,3411,0.0,0.0,0.0,correct,correct,3.0
111,0.04043144364248506,0.08732167908670432,0.024072903217879586,Robins' estimator,1.0,1.0,0.5,0.5,3411,0.0,0.0,0.0,correct,correct,3.0
112,0.0595779865245166,0.012577727172849546,-0.005562001308647101,Robins' estimator,1.0,1.0,0.5,0.5,3411,0.0,0.0,0.0,correct,correct,3.0
113,-0.24561915416872349,0.040061478192459046,0.016494441852891693,Robins' estimator,1.0,1.0,0.5,0.5,3411,0.0,0.0,0.0,correct,correct,3.0
114,0.4090069173760806,0.10291274059929466,-0.018637072979859826,Robins' estimator,1.0,1.0,0.5,0.5,3411,0.0,0.0,0.0,correct,correct,3.0
115,-0.031306764791405706,0.006547721411102743,0.05858250013459095,Robins' estimator,1.0,1.0,0.5,0.5,3411,0.0,0.0,0.0,correct,correct,3.0
116,0.0027215906284202077,0.07532108376373027,0.01622490841749242,Robins' estimator,1.0,1.0,0.5,0.5,3411,0.0,0.0,0.0,correct,correct,3.0
117,-0.429204561606757,-0.2980667764014997,-0.24435720731972804,Robins' estimator,1.0,1.0,0.5,0.5,3411,0.0,0.0,0.0,correct,correct,3.0
118,-0.08418120705622782,-0.052160961271055656,-0.002241730699657778,Robins' estimator,1.0,1.0,0.5,0.5,3411,0.0,0.0,0.0,correct,correct,3.0
119,0.1538585431282321,-0.017958087512338242,-0.04109885694453004,Robins' estimator,1.0,1.0,0.5,0.5,3411,0.0,0.0,0.0,correct,correct,3.0
120,-0.07570566826346474,-0.018173435728447703,-0.0031715131882892266,Robins' estimator,1.0,1.0,0.5,0.5,3411,0.0,0.0,0.0,correct,correct,3.0
121,-0.13080520119894795,-0.022429215351441732,0.01560420310178969,Robins' estimator,1.0,1.0,0.5,0.5,3411,0.0,0.0,0.0,correct,correct,3.0
122,0.1289305472339129,0.11069630748959111,0.10357969487780727,Robins' estimator,1.0,1.0,0.5,0.5,3411,0.0,0.0,0.0,correct,correct,3.0
123,0.1581797652730186,0.02943467363336422,0.1193872396213529,Robins' estimator,1.0,1.0,0.5,0.5,3411,0.0,0.0,0.0,correct,correct,3.0
124,-0.1619659627736924,-0.14052515121226955,-0.07132493338756851,Robins' estimator,1.0,1.0,0.5,0.5,3411,0.0,0.0,0.0,correct,correct,3.0
125,-0.12934460472047163,0.002476039154027801,0.05040865331923771,Robins' estimator,1.0,1.0,0.5,0.5,3411,0.0,0.0,0.0,correct,correct,3.0
126,-0.07686921481124302,0.0036476656810257753,0.03222913502298024,Robins' estimator,1.0,1.0,0.5,0.5,3411,0.0,0.0,0.0,correct,correct,3.0
127,0.046434728487198915,-0.06123997374324724,0.04155391337522498,Robins' estimator,1.0,1.0,0.5,0.5,3411,0.0,0.0,0.0,correct,correct,3.0
128,0.06531243364671434,0.13367036037109498,0.08649673222730946,Robins' estimator,1.0,1.0,0.5,0.5,3411,0.0,0.0,0.0,correct,correct,3.0
129,0.013570735937039956,-0.05030727790986867,0.01321067334490893,Robins' estimator,1.0,1.0,0.5,0.5,3411,0.0,0.0,0.0,correct,correct,3.0
130,-0.1043429409811685,-0.1268195608725582,-0.03359153884444028,Robins' estimator,1.0,1.0,0.5,0.5,3411,0.0,0.0,0.0,correct,correct,3.0
131,-0.10145787261107718,-0.009050759339846998,-0.06945346789000559,Robins' estimator,1.0,1.0,0.5,0.5,3411,0.0,0.0,0.0,correct,correct,3.0
132,-0.27663727435098034,-0.16019473298228906,-0.030060389411892274,Robins' estimator,1.0,1.0,0.5,0.5,3411,0.0,0.0,0.0,correct,correct,3.0
133,-0.019521603288461566,-0.02496650149205706,0.06964348458220217,Robins' estimator,1.0,1.0,0.5,0.5,3411,0.0,0.0,0.0,correct,correct,3.0
134,-0.11886879900165238,-0.03793010462503452,-0.01437827489716407,Robins' estimator,1.0,1.0,0.5,0.5,3411,0.0,0.0,0.0,correct,correct,3.0
135,0.008926933467993739,-0.14486459534708898,-0.12028051938698812,Robins' estimator,1.0,1.0,0.5,0.5,3411,0.0,0.0,0.0,correct,correct,3.0
136,-0.2268415793492299,-0.057746010792650834,-0.05076619639485636,Robins' estimator,1.0,1.0,0.5,0.5,3411,0.0,0.0,0.0,correct,correct,3.0
137,0.16765300273849545,-0.02074331463800504,-0.1041353127746844,Robins' estimator,1.0,1.0,0.5,0.5,3411,0.0,0.0,0.0,correct,correct,3.0
138,0.24348770280998253,0.07344198942607606,-0.048494149839814836,Robins' estimator,1.0,1.0,0.5,0.5,3411,0.0,0.0,0.0,correct,correct,3.0
139,-0.21402221782268666,-0.1603632890847634,-0.12796334568701392,Robins' estimator,1.0,1.0,0.5,0.5,3411,0.0,0.0,0.0,correct,correct,3.0
140,0.24488137259265652,0.19125680535989253,0.07442700390956437,Robins' estimator,1.0,1.0,0.5,0.5,3411,0.0,0.0,0.0,correct,correct,3.0
141,0.15719451717854419,0.1907088182551605,0.15789795413991808,Robins' estimator,1.0,1.0,0.5,0.5,3411,0.0,0.0,0.0,correct,correct,3.0
142,-0.0644156845259807,-0.0774436474104898,-0.03338463606915048,Robins' estimator,1.0,1.0,0.5,0.5,3411,0.0,0.0,0.0,correct,correct,3.0
143,0.2073224362386032,0.2264663330138364,0.17408727444092076,Robins' estimator,1.0,1.0,0.5,0.5,3411,0.0,0.0,0.0,correct,correct,3.0
144,0.11957335990289299,0.023324505906393293,0.010587550702313975,Robins' estimator,1.0,1.0,0.5,0.5,3411,0.0,0.0,0.0,correct,correct,3.0
145,0.1210774626703809,0.19573678597700417,0.26415700159344624,Robins' estimator,1.0,1.0,0.5,0.5,3411,0.0,0.0,0.0,correct,correct,3.0
146,-0.12722882265228505,-0.0038458094166558135,-0.050888442580842984,Robins' estimator,1.0,1.0,0.5,0.5,3411,0.0,0.0,0.0,correct,correct,3.0
147,0.0726449672330097,-0.03881900062532681,-0.004973153822640344,Robins' estimator,1.0,1.0,0.5,0.5,3411,0.0,0.0,0.0,correct,correct,3.0
148,0.09182259855307157,0.01755042971566454,-0.010946191596902539,Robins' estimator,1.0,1.0,0.5,0.5,3411,0.0,0.0,0.0,correct,correct,3.0
149,-0.16860966655833115,-0.05220966103229938,-0.034299487953096744,Robins' estimator,1.0,1.0,0.5,0.5,3411,0.0,0.0,0.0,correct,correct,3.0
150,0.17337997962433285,0.3617814657405169,0.15209488566869997,Robins' estimator,1.0,1.0,0.5,0.5,3411,0.0,0.0,0.0,correct,correct,3.0
151,0.007235997259991218,-0.027760638471770214,-0.07366773356726306,Robins' estimator,1.0,1.0,0.5,0.5,3411,0.0,0.0,0.0,correct,correct,3.0
152,0.11740664121527368,0.09254459568211998,0.04979479766953161,Robins' estimator,1.0,1.0,0.5,0.5,3411,0.0,0.0,0.0,correct,correct,3.0
153,0.16086513480186246,-0.04142632705809465,-0.019011976634863793,Robins' estimator,1.0,1.0,0.5,0.5,3411,0.0,0.0,0.0,correct,correct,3.0
154,0.1385182147636707,0.24118908006954706,0.11249956095148496,Robins' estimator,1.0,1.0,0.5,0.5,3411,0.0,0.0,0.0,correct,correct,3.0
155,-0.022158049593990356,-0.0636458165238214,-0.13932639756226217,Robins' estimator,1.0,1.0,0.5,0.5,3411,0.0,0.0,0.0,correct,correct,3.0
156,0.03932178457872203,-0.03494675762664484,0.14795953815266738,Robins' estimator,1.0,1.0,0.5,0.5,3411,0.0,0.0,0.0,correct,correct,3.0
157,-0.08902598431358104,-0.056514934592767935,0.023837766122857117,Robins' estimator,1.0,1.0,0.5,0.5,3411,0.0,0.0,0.0,correct,correct,3.0
158,0.1711152481257277,0.03283229061169943,0.005989489711175447,Robins' estimator,1.0,1.0,0.5,0.5,3411,0.0,0.0,0.0,correct,correct,3.0
159,0.0023099939149997433,0.11278673605408171,0.09510981878612522,Robins' estimator,1.0,1.0,0.5,0.5,3411,0.0,0.0,0.0,correct,correct,3.0
160,0.014687316041308721,-0.033219051614636584,-0.0277778031511933,Robins' estimator,1.0,1.0,0.5,0.5,3411,0.0,0.0,0.0,correct,correct,3.0
161,0.044869754528745136,0.07238504143190945,0.06605294338066846,Robins' estimator,1.0,1.0,0.5,0.5,3411,0.0,0.0,0.0,correct,correct,3.0
162,0.13341700850150634,0.15101507026898317,0.06173894935962704,Robins' estimator,1.0,1.0,0.5,0.5,3411,0.0,0.0,0.0,correct,correct,3.0
163,0.08390398207979455,0.06810380885190477,-0.03612797341154759,Robins' estimator,1.0,1.0,0.5,0.5,3411,0.0,0.0,0.0,correct,correct,3.0
164,-0.3294443836623981,-0.2915476635042829,-0.22488665602004518,Robins' estimator,1.0,1.0,0.5,0.5,3411,0.0,0.0,0.0,correct,correct,3.0
165,-0.1273863446687687,-0.18001654153692337,-0.0686359868146406,Robins' estimator,1.0,1.0,0.5,0.5,3411,0.0,0.0,0.0,correct,correct,3.0
166,-0.01347381877518455,-0.01618720463039745,0.04788777160965565,Robins' estimator,1.0,1.0,0.5,0.5,3411,0.0,0.0,0.0,correct,correct,3.0
167,-0.1499717660958916,-0.1313232977656983,-0.07880294495682938,Robins' estimator,1.0,1.0,0.5,0.5,3411,0.0,0.0,0.0,correct,correct,3.0
168,-0.00298784978196727,0.010813492704156002,0.02439079411195878,Robins' estimator,1.0,1.0,0.5,0.5,3411,0.0,0.0,0.0,correct,correct,3.0
169,-0.1433196790266186,0.08291515654425669,-0.04045547156772777,Robins' estimator,1.0,1.0,0.5,0.5,3411,0.0,0.0,0.0,correct,correct,3.0
170,0.08923230985359677,0.03668664011946381,-0.045229900695074626,Robins' estimator,1.0,1.0,0.5,0.5,3411,0.0,0.0,0.0,correct,correct,3.0
171,-0.15577217080041564,-0.13926624251732536,-0.08781210308419869,Robins' estimator,1.0,1.0,0.5,0.5,3411,0.0,0.0,0.0,correct,correct,3.0
172,-0.177851838386299,-0.12120896115161008,-0.11331823847202936,Robins' estimator,1.0,1.0,0.5,0.5,3411,0.0,0.0,0.0,correct,correct,3.0
173,-0.06951127078618462,-0.1979669582589606,-0.055404511815933304,Robins' estimator,1.0,1.0,0.5,0.5,3411,0.0,0.0,0.0,correct,correct,3.0
174,-0.08774018454076618,-0.02171711570450509,0.028027861614170427,Robins' estimator,1.0,1.0,0.5,0.5,3411,0.0,0.0,0.0,correct,correct,3.0
175,0.1910835704280323,-0.1663759606153481,-0.06100274494123504,Robins' estimator,1.0,1.0,0.5,0.5,3411,0.0,0.0,0.0,correct,correct,3.0
176,-0.07677872773531337,-0.04646168685549711,0.04776439923204547,Robins' estimator,1.0,1.0,0.5,0.5,3411,0.0,0.0,0.0,correct,correct,3.0
177,0.12506252679120056,0.19004526426237595,-0.015629788451182312,Robins' estimator,1.0,1.0,0.5,0.5,3411,0.0,0.0,0.0,correct,correct,3.0
178,0.12976586251032476,-0.03851049660781922,0.028549119845763103,Robins' estimator,1.0,1.0,0.5,0.5,3411,0.0,0.0,0.0,correct,correct,3.0
179,-0.03920953302756593,0.11846831717480684,0.054917459752435095,Robins' estimator,1.0,1.0,0.5,0.5,3411,0.0,0.0,0.0,correct,correct,3.0
180,0.09065748680862692,0.187425820085035,-0.012116090333769473,Robins' estimator,1.0,1.0,0.5,0.5,3411,0.0,0.0,0.0,correct,correct,3.0
181,-0.04404408573707056,0.03800352335689659,0.006370643931143422,Robins' estimator,1.0,1.0,0.5,0.5,3411,0.0,0.0,0.0,correct,correct,3.0
182,0.08879791535690354,0.19597803281359075,0.255590817549467,Robins' estimator,1.0,1.0,0.5,0.5,3411,0.0,0.0,0.0,correct,correct,3.0
183,0.17062489160784278,-0.00038827401301767936,0.09421229739667301,Robins' estimator,1.0,1.0,0.5,0.5,3411,0.0,0.0,0.0,correct,correct,3.0
184,0.22120181732111444,0.0794673716301936,0.07396896805542383,Robins' estimator,1.0,1.0,0.5,0.5,3411,0.0,0.0,0.0,correct,correct,3.0
185,0.13761126290608422,-0.03322953201647981,-0.02289459505069937,Robins' estimator,1.0,1.0,0.5,0.5,3411,0.0,0.0,0.0,correct,correct,3.0
186,0.011843611901436518,-0.030400984763162362,0.001384382729298136,Robins' estimator,1.0,1.0,0.5,0.5,3411,0.0,0.0,0.0,correct,correct,3.0
187,0.19710822121071372,0.08511291834866859,0.13707753919763982,Robins' estimator,1.0,1.0,0.5,0.5,3411,0.0,0.0,0.0,correct,correct,3.0
188,-0.15899541054491972,-0.05815438482129394,-0.08963925466292205,Robins' estimator,1.0,1.0,0.5,0.5,3411,0.0,0.0,0.0,correct,correct,3.0
189,0.3460878883309595,0.20701392768064047,0.1758963284771689,Robins' estimator,1.0,1.0,0.5,0.5,3411,0.0,0.0,0.0,correct,correct,3.0
190,0.11702123335973001,0.11022920668058582,0.18180629994180136,Robins' estimator,1.0,1.0,0.5,0.5,3411,0.0,0.0,0.0,correct,correct,3.0
191,-0.14849409329127547,0.04561806454783768,0.08964131977323245,Robins' estimator,1.0,1.0,0.5,0.5,3411,0.0,0.0,0.0,correct,correct,3.0
192,-0.13177294431396064,-0.027879726788233753,-0.033526523806915745,Robins' estimator,1.0,1.0,0.5,0.5,3411,0.0,0.0,0.0,correct,correct,3.0
193,-0.2575813190269357,-0.2594232331864634,-0.1196492955687483,Robins' estimator,1.0,1.0,0.5,0.5,3411,0.0,0.0,0.0,correct,correct,3.0
194,0.31714565426658076,0.18151486961512303,0.13533795772193336,Robins' estimator,1.0,1.0,0.5,0.5,3411,0.0,0.0,0.0,correct,correct,3.0
195,-0.34532117411770924,-0.077352476671131,-0.11315480706362303,Robins' estimator,1.0,1.0,0.5,0.5,3411,0.0,0.0,0.0,correct,correct,3.0
196,-0.15585750886486757,-0.1827651886643469,-0.09884011530410464,Robins' estimator,1.0,1.0,0.5,0.5,3411,0.0,0.0,0.0,correct,correct,3.0
197,-0.20473972320690154,-0.01060509401613903,-0.015171394249346166,Robins' estimator,1.0,1.0,0.5,0.5,3411,0.0,0.0,0.0,correct,correct,3.0
198,0.08319363731299588,-0.059798836374192164,-0.04576295928047169,Robins' estimator,1.0,1.0,0.5,0.5,3411,0.0,0.0,0.0,correct,correct,3.0
199,0.4018481910142319,0.11850211699672773,-0.017796729452543875,Robins' estimator,1.0,1.0,0.5,0.5,3411,0.0,0.0,0.0,correct,correct,3.0
200,-0.019089214218816142,0.01938198806418098,0.0677091154298649,Robins' estimator,1.0,1.0,0.5,0.5,3411,0.0,0.0,0.0,correct,correct,3.0
201,0.09268082036726524,-0.046168467682088,0.015947003595042,Robins' estimator,1.0,1.0,0.5,0.5,3411,0.0,0.0,0.0,correct,correct,3.0
202,-0.05311694217393814,0.14052785959242636,0.029855419032860236,Robins' estimator,1.0,1.0,0.5,0.5,3411,0.0,0.0,0.0,correct,correct,3.0
203,0.21070193960151204,0.13060078223451607,0.0785244895032577,Robins' estimator,1.0,1.0,0.5,0.5,3411,0.0,0.0,0.0,correct,correct,3.0
204,0.06027463484614825,-0.02946966569587728,0.030043181003614455,Robins' estimator,1.0,1.0,0.5,0.5,3411,0.0,0.0,0.0,correct,correct,3.0
205,0.039511052525979855,-0.045163287672859084,0.013105557237084774,Robins' estimator,1.0,1.0,0.5,0.5,3411,0.0,0.0,0.0,correct,correct,3.0
206,0.19725203734060306,0.08148400365224326,0.013282564039624927,Robins' estimator,1.0,1.0,0.5,0.5,3411,0.0,0.0,0.0,correct,correct,3.0
207,0.20233800657389164,0.19263034781604133,0.19730515340158658,Robins' estimator,1.0,1.0,0.5,0.5,3411,0.0,0.0,0.0,correct,correct,3.0
208,-0.31606281925449714,-0.23963137237746066,-0.033779650865602154,Robins' estimator,1.0,1.0,0.5,0.5,3411,0.0,0.0,0.0,correct,correct,3.0
209,0.18190277117260042,0.1072047452276231,-0.0014334258512425223,Robins' estimator,1.0,1.0,0.5,0.5,3411,0.0,0.0,0.0,correct,correct,3.0
210,0.1101142261679764,0.07179346477472565,0.06267589249339404,Robins' estimator,1.0,1.0,0.5,0.5,3411,0.0,0.0,0.0,correct,correct,3.0
211,0.3117461682476992,0.18257415973410976,0.08214394890870066,Robins' estimator,1.0,1.0,0.5,0.5,3411,0.0,0.0,0.0,correct,correct,3.0
212,0.2949220990926544,0.13944370195705688,0.008264716717244953,Robins' estimator,1.0,1.0,0.5,0.5,3411,0.0,0.0,0.0,correct,correct,3.0
213,-0.03834454274645856,-0.08694251028685147,0.06509926529927974,Robins' estimator,1.0,1.0,0.5,0.5,3411,0.0,0.0,0.0,correct,correct,3.0
214,-0.23830637783671987,-0.07877716442821742,-0.028391104229392755,Robins' estimator,1.0,1.0,0.5,0.5,3411,0.0,0.0,0.0,correct,correct,3.0
215,-0.10141655815959331,-0.04630140031078723,0.09708068598677266,Robins' estimator,1.0,1.0,0.5,0.5,3411,0.0,0.0,0.0,correct,correct,3.0
216,0.22921120178452528,0.13990212526650972,0.12238047844723654,Robins' estimator,1.0,1.0,0.5,0.5,3411,0.0,0.0,0.0,correct,correct,3.0
217,0.17715749773777686,0.048308039050739715,-0.07949941055803401,Robins' estimator,1.0,1.0,0.5,0.5,3411,0.0,0.0,0.0,correct,correct,3.0
218,-0.046938320429075774,-0.05398231386262902,-0.013443602493818402,Robins' estimator,1.0,1.0,0.5,0.5,3411,0.0,0.0,0.0,correct,correct,3.0
219,0.12084900789268878,0.05146700819565497,0.13748883238115572,Robins' estimator,1.0,1.0,0.5,0.5,3411,0.0,0.0,0.0,correct,correct,3.0
220,0.10751866652410579,0.10330959767764683,-0.03695491298995945,Robins' estimator,1.0,1.0,0.5,0.5,3411,0.0,0.0,0.0,correct,correct,3.0
221,0.20251999832633094,0.08946361544035213,0.022831259254424394,Robins' estimator,1.0,1.0,0.5,0.5,3411,0.0,0.0,0.0,correct,correct,3.0
222,0.07991313327497176,0.08245043566464778,0.10989904828607054,Robins' estimator,1.0,1.0,0.5,0.5,3411,0.0,0.0,0.0,correct,correct,3.0
223,0.19309316588373554,0.16275400526123665,0.23646198029035193,Robins' estimator,1.0,1.0,0.5,0.5,3411,0.0,0.0,0.0,correct,correct,3.0
224,0.008810386838263242,-0.1334736743973617,-0.14878381140788158,Robins' estimator,1.0,1.0,0.5,0.5,3411,0.0,0.0,0.0,correct,correct,3.0
225,-0.00016953768875982802,0.011681190568142569,0.0014221498029372583,Robins' estimator,1.0,1.0,0.5,0.5,3411,0.0,0.0,0.0,correct,correct,3.0
226,0.08904531631900771,0.1434126441592861,0.1478615912287546,Robins' estimator,1.0,1.0,0.5,0.5,3411,0.0,0.0,0.0,correct,correct,3.0
227,0.20473294986507784,0.040406004830820456,0.12619658930624936,Robins' estimator,1.0,1.0,0.5,0.5,3411,0.0,0.0,0.0,correct,correct,3.0
228,0.269775544570698,0.1280275022049131,0.1476616203975205,Robins' estimator,1.0,1.0,0.5,0.5,3411,0.0,0.0,0.0,correct,correct,3.0
229,-0.00463704099106741,-0.09701432635347193,-0.046562090635602335,Robins' estimator,1.0,1.0,0.5,0.5,3411,0.0,0.0,0.0,correct,correct,3.0
230,-0.2988270419018505,-0.17503086338825768,-0.16093741997852595,Robins' estimator,1.0,1.0,0.5,0.5,3411,0.0,0.0,0.0,correct,correct,3.0
231,0.15075976379813522,0.012617447458638534,0.049094941060443605,Robins' estimator,1.0,1.0,0.5,0.5,3411,0.0,0.0,0.0,correct,correct,3.0
232,-0.13926885836198985,-0.005277995801428565,-0.18885312597712886,Robins' estimator,1.0,1.0,0.5,0.5,3411,0.0,0.0,0.0,correct,correct,3.0
233,0.06666865298761386,0.11520021403457043,0.04497634739472612,Robins' estimator,1.0,1.0,0.5,0.5,3411,0.0,0.0,0.0,correct,correct,3.0
234,-0.11362382071311818,-0.24970836879059485,-0.09456419122366293,Robins' estimator,1.0,1.0,0.5,0.5,3411,0.0,0.0,0.0,correct,correct,3.0
235,-0.038585070280812414,-0.0485211815891599,0.058670187085688226,Robins' estimator,1.0,1.0,0.5,0.5,3411,0.0,0.0,0.0,correct,correct,3.0
236,-0.183439124379349,-0.02736668466304154,-0.003441577216499434,Robins' estimator,1.0,1.0,0.5,0.5,3411,0.0,0.0,0.0,correct,correct,3.0
237,0.08482795515181671,-0.007939455557433516,0.03983495623128897,Robins' estimator,1.0,1.0,0.5,0.5,3411,0.0,0.0,0.0,correct,correct,3.0
238,0.2358918741336585,0.10092680756016903,0.17363136423466438,Robins' estimator,1.0,1.0,0.5,0.5,3411,0.0,0.0,0.0,correct,correct,3.0
239,-0.2680461023509996,-0.22750344361038372,-0.14158941253019017,Robins' estimator,1.0,1.0,0.5,0.5,3411,0.0,0.0,0.0,correct,correct,3.0
240,-0.10420211200764214,0.10938081254925211,0.019174087801382123,Robins' estimator,1.0,1.0,0.5,0.5,3411,0.0,0.0,0.0,correct,correct,3.0
241,-0.06805104190904081,0.07101065196484675,0.01763034811015914,Robins' estimator,1.0,1.0,0.5,0.5,3411,0.0,0.0,0.0,correct,correct,3.0
242,0.0030244489511581413,-0.03000425415649386,-0.1228822496232027,Robins' estimator,1.0,1.0,0.5,0.5,3411,0.0,0.0,0.0,correct,correct,3.0
243,-0.03912897574864851,-0.08799222885455031,0.051545198174739605,Robins' estimator,1.0,1.0,0.5,0.5,3411,0.0,0.0,0.0,correct,correct,3.0
244,0.009193570008243312,0.002712952132650077,0.00633267148945482,Robins' estimator,1.0,1.0,0.5,0.5,3411,0.0,0.0,0.0,correct,correct,3.0
245,0.14377312820473057,0.08537043680773129,0.05070764487726286,Robins' estimator,1.0,1.0,0.5,0.5,3411,0.0,0.0,0.0,correct,correct,3.0
246,-0.33137278342573273,0.026242129150854044,0.009949334907665855,Robins' estimator,1.0,1.0,0.5,0.5,3411,0.0,0.0,0.0,correct,correct,3.0
247,-0.1396288874924185,-0.2386935641788497,-0.11030439370687217,Robins' estimator,1.0,1.0,0.5,0.5,3411,0.0,0.0,0.0,correct,correct,3.0
248,0.25122056974883095,-0.0984592713986043,0.046890849052617166,Robins' estimator,1.0,1.0,0.5,0.5,3411,0.0,0.0,0.0,correct,correct,3.0
249,0.2823973600596127,0.18307846185592994,0.13550035737783417,Robins' estimator,1.0,1.0,0.5,0.5,3411,0.0,0.0,0.0,correct,correct,3.0
250,-0.03249731140008483,-0.03262622737714235,-0.0617453847814459,Robins' estimator,1.0,1.0,0.5,0.5,3411,0.0,0.0,0.0,correct,correct,3.0
251,-0.1755393294685764,-0.16793021010508297,-0.11929003487823604,Robins' estimator,1.0,1.0,0.5,0.5,3411,0.0,0.0,0.0,correct,correct,3.0
252,0.17464569820887116,0.053223594665052526,0.10728091980558344,Robins' estimator,1.0,1.0,0.5,0.5,3411,0.0,0.0,0.0,correct,correct,3.0
253,0.052363684746948476,0.21548977778375852,0.14564479337004052,Robins' estimator,1.0,1.0,0.5,0.5,3411,0.0,0.0,0.0,correct,correct,3.0
254,0.11399099646141281,0.010158209794182273,-0.01179855594266658,Robins' estimator,1.0,1.0,0.5,0.5,3411,0.0,0.0,0.0,correct,correct,3.0
255,0.010852797199736199,-0.10748755070665886,0.09991879295311078,Robins' estimator,1.0,1.0,0.5,0.5,3411,0.0,0.0,0.0,correct,correct,3.0
256,-0.20181029998098948,-0.18480288261854383,-0.22351064541641869,Robins' estimator,1.0,1.0,0.5,0.5,3411,0.0,0.0,0.0,correct,correct,3.0
257,0.01265861483924385,-0.02139412895986171,-0.06116036462890426,Robins' estimator,1.0,1.0,0.5,0.5,3411,0.0,0.0,0.0,correct,correct,3.0
258,-0.2669130372594476,-0.08866489439914585,-0.13262145025508199,Robins' estimator,1.0,1.0,0.5,0.5,3411,0.0,0.0,0.0,correct,correct,3.0
259,-0.11460062151550511,-0.0670320040528681,0.0050234223253385725,Robins' estimator,1.0,1.0,0.5,0.5,3411,0.0,0.0,0.0,correct,correct,3.0
260,-0.07991238298848016,-0.1696759091708679,-0.08074512873819557,Robins' estimator,1.0,1.0,0.5,0.5,3411,0.0,0.0,0.0,correct,correct,3.0
261,0.16650133407557288,0.0019162269404878452,0.0035057158523775058,Robins' estimator,1.0,1.0,0.5,0.5,3411,0.0,0.0,0.0,correct,correct,3.0
262,-0.060128128112637916,0.02746330807038597,-0.0033463996538755955,Robins' estimator,1.0,1.0,0.5,0.5,3411,0.0,0.0,0.0,correct,correct,3.0
263,-0.1275556122967261,-0.004481833480613376,-0.008174342608873083,Robins' estimator,1.0,1.0,0.5,0.5,3411,0.0,0.0,0.0,correct,correct,3.0
264,0.17331416473669803,0.10948451334184367,-0.020271222982056733,Robins' estimator,1.0,1.0,0.5,0.5,3411,0.0,0.0,0.0,correct,correct,3.0
265,-0.050489074189702735,-0.06130189984482009,0.001030936035845333,Robins' estimator,1.0,1.0,0.5,0.5,3411,0.0,0.0,0.0,correct,correct,3.0
266,-0.10046714671579315,-0.23876589878831175,-0.30982372297229904,Robins' estimator,1.0,1.0,0.5,0.5,3411,0.0,0.0,0.0,correct,correct,3.0
267,0.03436045746792972,0.14032104261735806,0.07936514781229691,Robins' estimator,1.0,1.0,0.5,0.5,3411,0.0,0.0,0.0,correct,correct,3.0
268,-0.30837432999020803,-0.10166564061881692,-0.044183988443506815,Robins' estimator,1.0,1.0,0.5,0.5,3411,0.0,0.0,0.0,correct,correct,3.0
269,0.027216884307990106,0.042987083884196184,0.1166758581449852,Robins' estimator,1.0,1.0,0.5,0.5,3411,0.0,0.0,0.0,correct,correct,3.0
270,-0.1800856997203503,-0.26567316988784834,-0.06714855259234186,Robins' estimator,1.0,1.0,0.5,0.5,3411,0.0,0.0,0.0,correct,correct,3.0
271,-0.06241387669922286,-0.051441865506312676,0.06484680620434102,Robins' estimator,1.0,1.0,0.5,0.5,3411,0.0,0.0,0.0,correct,correct,3.0
272,-0.1396563376850051,-0.10686378410792688,-0.05735112830661391,Robins' estimator,1.0,1.0,0.5,0.5,3411,0.0,0.0,0.0,correct,correct,3.0
273,-0.0669658613278133,-0.1155411729549008,-0.04983147580688709,Robins' estimator,1.0,1.0,0.5,0.5,3411,0.0,0.0,0.0,correct,correct,3.0
274,-0.13794579996957512,-0.18855452560332178,-0.11316407337433704,Robins' estimator,1.0,1.0,0.5,0.5,3411,0.0,0.0,0.0,correct,correct,3.0
275,-0.02283659714297599,-0.0285446695524166,-0.0950943415626159,Robins' estimator,1.0,1.0,0.5,0.5,3411,0.0,0.0,0.0,correct,correct,3.0
276,0.004241083539793526,-0.023690528191400634,-0.01451612299730707,Robins' estimator,1.0,1.0,0.5,0.5,3411,0.0,0.0,0.0,correct,correct,3.0
277,0.14001504050192576,-0.014326379235718154,-0.055740688423384414,Robins' estimator,1.0,1.0,0.5,0.5,3411,0.0,0.0,0.0,correct,correct,3.0
278,0.1322696239064335,0.14223244146296168,-0.037375678265455126,Robins' estimator,1.0,1.0,0.5,0.5,3411,0.0,0.0,0.0,correct,correct,3.0
279,-0.015054511309167533,-0.09239346804637824,-0.0467492766881458,Robins' estimator,1.0,1.0,0.5,0.5,3411,0.0,0.0,0.0,correct,correct,3.0
280,0.061117216031394736,0.1270591390211815,-0.02821249284925624,Robins' estimator,1.0,1.0,0.5,0.5,3411,0.0,0.0,0.0,correct,correct,3.0
281,0.38938069779362,0.32466726388532546,0.15472697121395845,Robins' estimator,1.0,1.0,0.5,0.5,3411,0.0,0.0,0.0,correct,correct,3.0
282,0.05392680546105733,-0.06148196358462952,-0.02019885903508744,Robins' estimator,1.0,1.0,0.5,0.5,3411,0.0,0.0,0.0,correct,correct,3.0
283,0.09429831399485442,0.04659611813663722,-0.058883899326155204,Robins' estimator,1.0,1.0,0.5,0.5,3411,0.0,0.0,0.0,correct,correct,3.0
284,-0.010888744594246802,0.03882437623048671,0.020802375922233687,Robins' estimator,1.0,1.0,0.5,0.5,3411,0.0,0.0,0.0,correct,correct,3.0
285,0.07330218995032241,-0.12997980958402713,-0.1426334708313508,Robins' estimator,1.0,1.0,0.5,0.5,3411,0.0,0.0,0.0,correct,correct,3.0
286,0.19096879215261187,0.06054857229027182,0.09393254391302708,Robins' estimator,1.0,1.0,0.5,0.5,3411,0.0,0.0,0.0,correct,correct,3.0
287,0.11978436103321664,0.1620535801173883,-0.00520095947417492,Robins' estimator,1.0,1.0,0.5,0.5,3411,0.0,0.0,0.0,correct,correct,3.0
288,-0.3431830765307876,-0.16008283544705834,-0.08860060714044848,Robins' estimator,1.0,1.0,0.5,0.5,3411,0.0,0.0,0.0,correct,correct,3.0
289,-0.24172647808739753,0.02819479119946954,0.10138226421399023,Robins' estimator,1.0,1.0,0.5,0.5,3411,0.0,0.0,0.0,correct,correct,3.0
290,-0.16265869748215558,-0.13984717540938219,-0.09929478873373702,Robins' estimator,1.0,1.0,0.5,0.5,3411,0.0,0.0,0.0,correct,correct,3.0
291,0.15859670722539287,0.09355052717279368,0.0982314554520556,Robins' estimator,1.0,1.0,0.5,0.5,3411,0.0,0.0,0.0,correct,correct,3.0
292,0.3353028188218099,0.32077077526686615,0.25805322802342934,Robins' estimator,1.0,1.0,0.5,0.5,3411,0.0,0.0,0.0,correct,correct,3.0
293,-0.04542088198710734,-0.11985886675029339,-0.09505544433416217,Robins' estimator,1.0,1.0,0.5,0.5,3411,0.0,0.0,0.0,correct,correct,3.0
294,0.10847255606201428,-0.07487122328777299,0.0515542582952515,Robins' estimator,1.0,1.0,0.5,0.5,3411,0.0,0.0,0.0,correct,correct,3.0
295,0.11492124320651945,0.08191443517446309,0.10732434764059115,Robins' estimator,1.0,1.0,0.5,0.5,3411,0.0,0.0,0.0,correct,correct,3.0
296,-0.017076446736442683,0.20063762826657683,-0.010714451047498911,Robins' estimator,1.0,1.0,0.5,0.5,3411,0.0,0.0,0.0,correct,correct,3.0
297,0.01331143236280989,-0.12668138109950383,-0.08318152665770727,Robins' estimator,1.0,1.0,0.5,0.5,3411,0.0,0.0,0.0,correct,correct,3.0
298,0.2329962526562018,0.30821298657898716,0.24243899519497988,Robins' estimator,1.0,1.0,0.5,0.5,3411,0.0,0.0,0.0,correct,correct,3.0
299,0.026683622904777445,0.07457551487642668,0.019741109958648084,Robins' estimator,1.0,1.0,0.5,0.5,3411,0.0,0.0,0.0,correct,correct,3.0
300,0.15440869422046366,-0.21635904804771378,-0.011879084386912242,Robins' estimator,1.0,1.0,0.5,0.5,3411,0.0,0.0,0.0,correct,correct,3.0
1,-0.04841951461360871,-0.08222088815691295,0.07400512936179876,GMM estimator,1.0,1.0,0.5,0.5,3411,0.0,0.0,0.0,correct,correct,3.0
2,0.03870121523188375,-0.0007167801314340234,0.13997980638422217,GMM estimator,1.0,1.0,0.5,0.5,3411,0.0,0.0,0.0,correct,correct,3.0
3,-0.18209897145974857,0.07272015732249812,0.0072803374428072574,GMM estimator,1.0,1.0,0.5,0.5,3411,0.0,0.0,0.0,correct,correct,3.0
4,0.1312612045381352,0.016817922696612413,-0.09545047894215893,GMM estimator,1.0,1.0,0.5,0.5,3411,0.0,0.0,0.0,correct,correct,3.0
5,-0.2583334426217578,-0.11201361241802285,-0.0508103742906894,GMM estimator,1.0,1.0,0.5,0.5,3411,0.0,0.0,0.0,correct,correct,3.0
6,0.14516707818062558,0.05627093439337089,0.03489755062328149,GMM estimator,1.0,1.0,0.5,0.5,3411,0.0,0.0,0.0,correct,correct,3.0
7,0.25393106953824,0.1941951856694872,0.1352589112204578,GMM estimator,1.0,1.0,0.5,0.5,3411,0.0,0.0,0.0,correct,correct,3.0
8,-0.39527640762852284,-0.11725380342421599,-0.01564776695707124,GMM estimator,1.0,1.0,0.5,0.5,3411,0.0,0.0,0.0,correct,correct,3.0
9,-0.06208117451725606,0.00856461637812593,0.12318111696758927,GMM estimator,1.0,1.0,0.5,0.5,3411,0.0,0.0,0.0,correct,correct,3.0
10,-0.08232433292200907,-0.1941799260973019,-0.1911167105523311,GMM estimator,1.0,1.0,0.5,0.5,3411,0.0,0.0,0.0,correct,correct,3.0
11,0.07885966171656861,0.10739647162793813,0.001861153138324943,GMM estimator,1.0,1.0,0.5,0.5,3411,0.0,0.0,0.0,correct,correct,3.0
12,-0.03795817628956448,-0.08705532263536854,-0.022714157989222036,GMM estimator,1.0,1.0,0.5,0.5,3411,0.0,0.0,0.0,correct,correct,3.0
13,0.16041341026302644,0.018624440632727418,-0.033481775120385936,GMM estimator,1.0,1.0,0.5,0.5,3411,0.0,0.0,0.0,correct,correct,3.0
14,-0.3057655764419537,-0.13782083379327176,-0.06217686010244556,GMM estimator,1.0,1.0,0.5,0.5,3411,0.0,0.0,0.0,correct,correct,3.0
15,-0.29997407011983696,-0.229693980292918,-0.13203328667520184,GMM estimator,1.0,1.0,0.5,0.5,3411,0.0,0.0,0.0,correct,correct,3.0
16,-0.24761933637166697,-0.3420476916200081,-0.29145218020157115,GMM estimator,1.0,1.0,0.5,0.5,3411,0.0,0.0,0.0,correct,correct,3.0
17,0.37089128736773674,0.25911843024710035,0.1443035853508989,GMM estimator,1.0,1.0,0.5,0.5,3411,0.0,0.0,0.0,correct,correct,3.0
18,0.08453916939658924,0.12749207488736347,0.14056724644675025,GMM estimator,1.0,1.0,0.5,0.5,3411,0.0,0.0,0.0,correct,correct,3.0
19,0.06567878746022,0.16802077421128095,0.1277868457658309,GMM estimator,1.0,1.0,0.5,0.5,3411,0.0,0.0,0.0,correct,correct,3.0
20,-0.1858366010961631,0.1355585737701302,0.14005787137152625,GMM estimator,1.0,1.0,0.5,0.5,3411,0.0,0.0,0.0,correct,correct,3.0
21,0.14722166656600794,0.19096683012518664,0.05525297006367051,GMM estimator,1.0,1.0,0.5,0.5,3411,0.0,0.0,0.0,correct,correct,3.0
22,-0.21143262756762757,-0.07062548153014245,0.05124005819735009,GMM estimator,1.0,1.0,0.5,0.5,3411,0.0,0.0,0.0,correct,correct,3.0
23,-0.05873852232799797,-0.14272804824941548,0.0038599971853342237,GMM estimator,1.0,1.0,0.5,0.5,3411,0.0,0.0,0.0,correct,correct,3.0
24,0.13517774546593214,0.13294090345742643,0.06621026938752735,GMM estimator,1.0,1.0,0.5,0.5,3411,0.0,0.0,0.0,correct,correct,3.0
25,0.10269715443995905,0.1272174320973805,0.11722562627825296,GMM estimator,1.0,1.0,0.5,0.5,3411,0.0,0.0,0.0,correct,correct,3.0
26,0.038748280374696756,0.18199755739415469,0.09630439899650141,GMM estimator,1.0,1.0,0.5,0.5,3411,0.0,0.0,0.0,correct,correct,3.0
27,-0.02034493470871838,0.139550695188173,0.05953438654193025,GMM estimator,1.0,1.0,0.5,0.5,3411,0.0,0.0,0.0,correct,correct,3.0
28,-0.29236349322123595,-0.30518402937528355,-0.10925495091210784,GMM estimator,1.0,1.0,0.5,0.5,3411,0.0,0.0,0.0,correct,correct,3.0
29,-0.08692643638217085,-0.06547351588615201,-0.004500135174985359,GMM estimator,1.0,1.0,0.5,0.5,3411,0.0,0.0,0.0,correct,correct,3.0
30,-0.003942349939778932,0.17953098426108183,-0.039940890653898956,GMM estimator,1.0,1.0,0.5,0.5,3411,0.0,0.0,0.0,correct,correct,3.0
31,0.2876737743205981,0.13785017616292805,0.07342893381146023,GMM estimator,1.0,1.0,0.5,0.5,3411,0.0,0.0,0.0,correct,correct,3.0
32,-0.09300550960346379,-0.2412269142222855,-0.06559731798898286,GMM estimator,1.0,1.0,0.5,0.5,3411,0.0,0.0,0.0,correct,correct,3.0
33,-0.08313697894867607,0.03694291807442664,-0.013132716260392302,GMM estimator,1.0,1.0,0.5,0.5,3411,0.0,0.0,0.0,correct,correct,3.0
34,0.03855583463618246,-0.06572475667925928,-0.00930127591280894,GMM estimator,1.0,1.0,0.5,0.5,3411,0.0,0.0,0.0,correct,correct,3.0
35,0.04522162825041976,0.03576556972936565,0.035582875723314436,GMM estimator,1.0,1.0,0.5,0.5,3411,0.0,0.0,0.0,correct,correct,3.0
36,0.11986755005470548,0.16936791032414547,0.02467270511397209,GMM estimator,1.0,1.0,0.5,0.5,3411,0.0,0.0,0.0,correct,correct,3.0
37,-0.19006587006652698,-0.1733679115547987,-0.19093683647750054,GMM estimator,1.0,1.0,0.5,0.5,3411,0.0,0.0,0.0,correct,correct,3.0
38,-0.029663421701025008,-0.051709509999806426,0.0012371260789237999,GMM estimator,1.0,1.0,0.5,0.5,3411,0.0,0.0,0.0,correct,correct,3.0
39,-0.15284078837703743,-0.08860002690114525,-0.08352251896167312,GMM estimator,1.0,1.0,0.5,0.5,3411,0.0,0.0,0.0,correct,correct,3.0
40,0.17994856685850658,0.13816027689799107,0.025537288950948134,GMM estimator,1.0,1.0,0.5,0.5,3411,0.0,0.0,0.0,correct,correct,3.0
41,0.21350922617974094,0.12918306300898172,0.1355014326388964,GMM estimator,1.0,1.0,0.5,0.5,3411,0.0,0.0,0.0,correct,correct,3.0
42,0.2855971750082683,0.11257860754330407,0.04519556390869289,GMM estimator,1.0,1.0,0.5,0.5,3411,0.0,0.0,0.0,correct,correct,3.0
43,0.011031894604507698,0.03079033654567047,0.018851244462903934,GMM estimator,1.0,1.0,0.5,0.5,3411,0.0,0.0,0.0,correct,correct,3.0
44,0.13076449451793776,-0.07078997810036906,0.07087210120009933,GMM estimator,1.0,1.0,0.5,0.5,3411,0.0,0.0,0.0,correct,correct,3.0
45,-0.012407486338852258,-0.13052704573829943,-0.06312048869757177,GMM estimator,1.0,1.0,0.5,0.5,3411,0.0,0.0,0.0,correct,correct,3.0
46,-0.015110749127898672,0.01185759139455733,0.04650564756628979,GMM estimator,1.0,1.0,0.5,0.5,3411,0.0,0.0,0.0,correct,correct,3.0
47,0.20909918315333376,0.2379059844189127,0.14082873624962947,GMM estimator,1.0,1.0,0.5,0.5,3411,0.0,0.0,0.0,correct,correct,3.0
48,0.009212802219751721,-0.02183923117802619,-0.08361664594177062,GMM estimator,1.0,1.0,0.5,0.5,3411,0.0,0.0,0.0,correct,correct,3.0
49,-0.13766174660817063,0.07692300690379243,0.19898407583063168,GMM estimator,1.0,1.0,0.5,0.5,3411,0.0,0.0,0.0,correct,correct,3.0
50,-0.12032340975377621,0.10321036105327536,-0.11708896128558025,GMM estimator,1.0,1.0,0.5,0.5,3411,0.0,0.0,0.0,correct,correct,3.0
51,0.08672360721617789,0.02820499622979039,-0.10322262354820226,GMM estimator,1.0,1.0,0.5,0.5,3411,0.0,0.0,0.0,correct,correct,3.0
52,-0.16156209394088691,-0.014248794846199658,0.02884040298742256,GMM estimator,1.0,1.0,0.5,0.5,3411,0.0,0.0,0.0,correct,correct,3.0
53,0.09860328109961228,-0.04245614999523189,0.10791233348425702,GMM estimator,1.0,1.0,0.5,0.5,3411,0.0,0.0,0.0,correct,correct,3.0
54,-0.05727200530006412,-0.09165147275286156,0.0774491562938334,GMM estimator,1.0,1.0,0.5,0.5,3411,0.0,0.0,0.0,correct,correct,3.0
55,-0.10405410971294604,-0.05301057075521567,-0.0058713861322949095,GMM estimator,1.0,1.0,0.5,0.5,3411,0.0,0.0,0.0,correct,correct,3.0
56,-0.04715081430672102,0.0839983277739201,-0.11168761113553581,GMM estimator,1.0,1.0,0.5,0.5,3411,0.0,0.0,0.0,correct,correct,3.0
57,-0.2719034862473443,-0.2310994582131154,-0.0729659223140178,GMM estimator,1.0,1.0,0.5,0.5,3411,0.0,0.0,0.0,correct,correct,3.0
58,-0.12088088761012265,-0.18110498019308272,-0.21212679708323307,GMM estimator,1.0,1.0,0.5,0.5,3411,0.0,0.0,0.0,correct,correct,3.0
59,0.35049486576208183,0.33353519706628343,0.114609343073475,GMM estimator,1.0,1.0,0.5,0.5,3411,0.0,0.0,0.0,correct,correct,3.0
60,-0.0031261039379772626,0.056779833889183076,0.049495948067549596,GMM estimator,1.0,1.0,0.5,0.5,3411,0.0,0.0,0.0,correct,correct,3.0
61,-0.022424769375117667,-0.015597826026227989,0.05693510560998331,GMM estimator,1.0,1.0,0.5,0.5,3411,0.0,0.0,0.0,correct,correct,3.0
62,-0.24628180345289682,0.02431242097490805,0.1234091764853138,GMM estimator,1.0,1.0,0.5,0.5,3411,0.0,0.0,0.0,correct,correct,3.0
63,-0.22768066398195957,-0.0705198448872634,-0.0783142006258095,GMM estimator,1.0,1.0,0.5,0.5,3411,0.0,0.0,0.0,correct,correct,3.0
64,-0.11488929575811387,-0.048363387863092897,-0.02625797531810838,GMM estimator,1.0,1.0,0.5,0.5,3411,0.0,0.0,0.0,correct,correct,3.0
65,-0.14952137237076074,-0.022203208098694496,0.1579519931887911,GMM estimator,1.0,1.0,0.5,0.5,3411,0.0,0.0,0.0,correct,correct,3.0
66,0.058393996339725654,0.13140830707348977,0.03495998653477922,GMM estimator,1.0,1.0,0.5,0.5,3411,0.0,0.0,0.0,correct,correct,3.0
67,0.11616496191865373,0.04804874985427958,0.08637902318349736,GMM estimator,1.0,1.0,0.5,0.5,3411,0.0,0.0,0.0,correct,correct,3.0
68,-0.01594584852913783,0.09237963833190245,0.09249121284181756,GMM estimator,1.0,1.0,0.5,0.5,3411,0.0,0.0,0.0,correct,correct,3.0
69,-0.10788051868585505,-0.06073883356764981,-0.031206305372311872,GMM estimator,1.0,1.0,0.5,0.5,3411,0.0,0.0,0.0,correct,correct,3.0
70,-0.03629729143172731,-0.15462804888785855,-0.14492051544674342,GMM estimator,1.0,1.0,0.5,0.5,3411,0.0,0.0,0.0,correct,correct,3.0
71,-0.2053380881038137,0.046951888089268375,0.17489838552429185,GMM estimator,1.0,1.0,0.5,0.5,3411,0.0,0.0,0.0,correct,correct,3.0
72,0.041458606782816654,0.04686206537195118,-0.11647693124203319,GMM estimator,1.0,1.0,0.5,0.5,3411,0.0,0.0,0.0,correct,correct,3.0
73,0.0007016322183712484,0.013743579344936332,0.06406863331294937,GMM estimator,1.0,1.0,0.5,0.5,3411,0.0,0.0,0.0,correct,correct,3.0
74,-0.4731856204315949,-0.2970089933876722,-0.250495911818454,GMM estimator,1.0,1.0,0.5,0.5,3411,0.0,0.0,0.0,correct,correct,3.0
75,-0.030968834779940866,-0.02773576751213965,0.07288646038280512,GMM estimator,1.0,1.0,0.5,0.5,3411,0.0,0.0,0.0,correct,correct,3.0
76,0.04480246703099637,-0.03388834420347737,-0.046939116935693796,GMM estimator,1.0,1.0,0.5,0.5,3411,0.0,0.0,0.0,correct,correct,3.0
77,-0.2894688476125649,-0.2098172667158746,-0.2566992145844277,GMM estimator,1.0,1.0,0.5,0.5,3411,0.0,0.0,0.0,correct,correct,3.0
78,-0.380914246693717,-0.2722989230506905,-0.2488899136374597,GMM estimator,1.0,1.0,0.5,0.5,3411,0.0,0.0,0.0,correct,correct,3.0
79,0.05976360858997891,-0.019140096787564762,-0.008689569551482828,GMM estimator,1.0,1.0,0.5,0.5,3411,0.0,0.0,0.0,correct,correct,3.0
80,0.08977141553936258,-0.05485126981601353,-0.0646982039157793,GMM estimator,1.0,1.0,0.5,0.5,3411,0.0,0.0,0.0,correct,correct,3.0
81,-0.2855402345721659,-0.08311874112535472,-0.1444650751237572,GMM estimator,1.0,1.0,0.5,0.5,3411,0.0,0.0,0.0,correct,correct,3.0
82,0.031074448747606797,0.12436424191662869,0.09308952566447566,GMM estimator,1.0,1.0,0.5,0.5,3411,0.0,0.0,0.0,correct,correct,3.0
83,0.023319261212721213,-0.16843303892561762,-0.20308219601613695,GMM estimator,1.0,1.0,0.5,0.5,3411,0.0,0.0,0.0,correct,correct,3.0
84,-0.03702904030140463,-0.01148106729343545,-0.06319720290311585,GMM estimator,1.0,1.0,0.5,0.5,3411,0.0,0.0,0.0,correct,correct,3.0
85,-0.2437879834058575,-0.2607338372490486,-0.2699385631026173,GMM estimator,1.0,1.0,0.5,0.5,3411,0.0,0.0,0.0,correct,correct,3.0
86,-0.07604709657578933,-0.021002488830375456,-0.012256058923514175,GMM estimator,1.0,1.0,0.5,0.5,3411,0.0,0.0,0.0,correct,correct,3.0
87,-0.02186313026942732,-0.1602407488203948,-0.1637069527795291,GMM estimator,1.0,1.0,0.5,0.5,3411,0.0,0.0,0.0,correct,correct,3.0
88,0.3340030971638302,0.13352105503877312,0.014365471601774305,GMM estimator,1.0,1.0,0.5,0.5,3411,0.0,0.0,0.0,correct,correct,3.0
89,0.058746263978199376,0.08882058144284123,-0.01771812945955483,GMM estimator,1.0,1.0,0.5,0.5,3411,0.0,0.0,0.0,correct,correct,3.0
90,0.0776340618202804,-0.06917382791921758,-0.06744207960005223,GMM estimator,1.0,1.0,0.5,0.5,3411,0.0,0.0,0.0,correct,correct,3.0
91,-0.0025378351603628953,-0.01564665656244118,0.01594655848337072,GMM estimator,1.0,1.0,0.5,0.5,3411,0.0,0.0,0.0,correct,correct,3.0
92,-0.27001844786267654,-0.27629066658737145,-0.19500649429851097,GMM estimator,1.0,1.0,0.5,0.5,3411,0.0,0.0,0.0,correct,correct,3.0
93,0.24674688902319972,0.11708732597527821,0.06306648143390586,GMM estimator,1.0,1.0,0.5,0.5,3411,0.0,0.0,0.0,correct,correct,3.0
94,-0.21793652744065414,-0.05633974187254356,-0.005844765324010819,GMM estimator,1.0,1.0,0.5,0.5,3411,0.0,0.0,0.0,correct,correct,3.0
95,0.09937183298222269,0.06426286110925152,0.02087312204373314,GMM estimator,1.0,1.0,0.5,0.5,3411,0.0,0.0,0.0,correct,correct,3.0
96,-0.1651393045435587,-0.25144111806595615,-0.1372506582071884,GMM estimator,1.0,1.0,0.5,0.5,3411,0.0,0.0,0.0,correct,correct,3.0
97,-0.06338696259975876,0.01088187842088287,0.004607550662796087,GMM estimator,1.0,1.0,0.5,0.5,3411,0.0,0.0,0.0,correct,correct,3.0
98,0.22335251394003672,0.1218864609193271,0.1207383609249791,GMM estimator,1.0,1.0,0.5,0.5,3411,0.0,0.0,0.0,correct,correct,3.0
99,-0.2371982274097429,-0.027450700278029583,-0.041731750984139615,GMM estimator,1.0,1.0,0.5,0.5,3411,0.0,0.0,0.0,correct,correct,3.0
100,-0.02498568441593352,-0.06803115406710779,-0.1688938419500655,GMM estimator,1.0,1.0,0.5,0.5,3411,0.0,0.0,0.0,correct,correct,3.0
101,0.10192912428273243,-0.07126720890631419,0.07496198272371078,GMM estimator,1.0,1.0,0.5,0.5,3411,0.0,0.0,0.0,correct,correct,3.0
102,-0.0846873724454079,-0.12713811444732362,-0.2123375813533986,GMM estimator,1.0,1.0,0.5,0.5,3411,0.0,0.0,0.0,correct,correct,3.0
103,0.1099855888246486,-0.01451290540674234,0.08578423797248833,GMM estimator,1.0,1.0,0.5,0.5,3411,0.0,0.0,0.0,correct,correct,3.0
104,-0.25746907522621665,-0.03194412100626374,0.08182213716498518,GMM estimator,1.0,1.0,0.5,0.5,3411,0.0,0.0,0.0,correct,correct,3.0
105,-0.25433978283823705,-0.18311296015090692,-0.1454854604543181,GMM estimator,1.0,1.0,0.5,0.5,3411,0.0,0.0,0.0,correct,correct,3.0
106,-0.31405083530135236,-0.3439127650653135,-0.20641212311840465,GMM estimator,1.0,1.0,0.5,0.5,3411,0.0,0.0,0.0,correct,correct,3.0
107,-0.22493573780988688,-0.21915789974895292,0.008077866392114622,GMM estimator,1.0,1.0,0.5,0.5,3411,0.0,0.0,0.0,correct,correct,3.0
108,0.012779565529581543,0.1694172650840412,-0.025570537086802552,GMM estimator,1.0,1.0,0.5,0.5,3411,0.0,0.0,0.0,correct,correct,3.0
109,-0.016494383173676096,-0.02150717588555631,-0.03161679163143832,GMM estimator,1.0,1.0,0.5,0.5,3411,0.0,0.0,0.0,correct,correct,3.0
110,0.19327711818878887,0.1765995537389306,0.12337007012105818,GMM estimator,1.0,1.0,0.5,0.5,3411,0.0,0.0,0.0,correct,correct,3.0
111,-0.00647939544029292,0.05474605187733215,0.004266614733136193,GMM estimator,1.0,1.0,0.5,0.5,3411,0.0,0.0,0.0,correct,correct,3.0
112,-0.0038833278254800903,-0.011832611763659184,-0.0053373137471446775,GMM estimator,1.0,1.0,0.5,0.5,3411,0.0,0.0,0.0,correct,correct,3.0
113,-0.2892820400410828,0.017162113351213645,-0.004584020636510532,GMM estimator,1.0,1.0,0.5,0.5,3411,0.0,0.0,0.0,correct,correct,3.0
114,0.4172525753951775,0.11309591005631378,-0.01606092863772175,GMM estimator,1.0,1.0,0.5,0.5,3411,0.0,0.0,0.0,correct,correct,3.0
115,-0.04867087331709576,-0.005629192465094717,0.061767573610939305,GMM estimator,1.0,1.0,0.5,0.5,3411,0.0,0.0,0.0,correct,correct,3.0
116,0.027738086846222434,0.09866915932662106,0.04133046337452843,GMM estimator,1.0,1.0,0.5,0.5,3411,0.0,0.0,0.0,correct,correct,3.0
117,-0.4463016836737513,-0.3181591701569179,-0.26271360819975453,GMM estimator,1.0,1.0,0.5,0.5,3411,0.0,0.0,0.0,correct,correct,3.0
118,-0.12145998654997922,-0.06763665537475246,-0.028616589386993897,GMM estimator,1.0,1.0,0.5,0.5,3411,0.0,0.0,0.0,correct,correct,3.0
119,0.16622587842230035,-0.001529163213589098,-0.038293688578346335,GMM estimator,1.0,1.0,0.5,0.5,3411,0.0,0.0,0.0,correct,correct,3.0
120,-0.07464116515820028,-0.017952536670620984,-0.0035432405824649986,GMM estimator,1.0,1.0,0.5,0.5,3411,0.0,0.0,0.0,correct,correct,3.0
121,-0.1826430712651295,-0.08819209714768637,-0.02680193036230126,GMM estimator,1.0,1.0,0.5,0.5,3411,0.0,0.0,0.0,correct,correct,3.0
122,0.006696305212389973,0.03575200862088212,0.03253455994221104,GMM estimator,1.0,1.0,0.5,0.5,3411,0.0,0.0,0.0,correct,correct,3.0
123,0.14517516618688323,0.015828580524711953,0.12009289453285084,GMM estimator,1.0,1.0,0.5,0.5,3411,0.0,0.0,0.0,correct,correct,3.0
124,-0.19457471432567258,-0.16953992451074268,-0.09916327399005845,GMM estimator,1.0,1.0,0.5,0.5,3411,0.0,0.0,0.0,correct,correct,3.0
125,-0.1335925313810639,-0.001391756228925808,0.04816397171692084,GMM estimator,1.0,1.0,0.5,0.5,3411,0.0,0.0,0.0,correct,correct,3.0
126,-0.0741228194777449,0.00452791370031825,0.03203593639393015,GMM estimator,1.0,1.0,0.5,0.5,3411,0.0,0.0,0.0,correct,correct,3.0
127,0.024572123368441792,-0.07678078533077254,0.027556264946939416,GMM estimator,1.0,1.0,0.5,0.5,3411,0.0,0.0,0.0,correct,correct,3.0
128,-0.07121568245544391,0.038260244052555244,0.025888069676760942,GMM estimator,1.0,1.0,0.5,0.5,3411,0.0,0.0,0.0,correct,correct,3.0
129,0.026798343229866097,-0.04220955483512799,0.016275532963035418,GMM estimator,1.0,1.0,0.5,0.5,3411,0.0,0.0,0.0,correct,correct,3.0
130,-0.11024513283565408,-0.12963680653141782,-0.03702775723072508,GMM estimator,1.0,1.0,0.5,0.5,3411,0.0,0.0,0.0,correct,correct,3.0
131,-0.10356702527841008,-0.014509771446204533,-0.07159781881800148,GMM estimator,1.0,1.0,0.5,0.5,3411,0.0,0.0,0.0,correct,correct,3.0
132,-0.2782544422794388,-0.15742134528479043,-0.04171626640757587,GMM estimator,1.0,1.0,0.5,0.5,3411,0.0,0.0,0.0,correct,correct,3.0
133,-0.020130700424633892,-0.01292832150670923,0.07391202141637986,GMM estimator,1.0,1.0,0.5,0.5,3411,0.0,0.0,0.0,correct,correct,3.0
134,-0.14159679970474146,-0.056945562918080075,-0.03312886607954272,GMM estimator,1.0,1.0,0.5,0.5,3411,0.0,0.0,0.0,correct,correct,3.0
135,-0.013203797395955646,-0.15943947136355577,-0.12217265483845627,GMM estimator,1.0,1.0,0.5,0.5,3411,0.0,0.0,0.0,correct,correct,3.0
136,-0.22230044718230302,-0.050484287295867736,-0.04193305718410208,GMM estimator,1.0,1.0,0.5,0.5,3411,0.0,0.0,0.0,correct,correct,3.0
137,0.18774545156196135,-0.0018461179336302011,-0.09482282025170448,GMM estimator,1.0,1.0,0.5,0.5,3411,0.0,0.0,0.0,correct,correct,3.0
138,0.2153216581749382,0.05726038013948219,-0.063680727370312,GMM estimator,1.0,1.0,0.5,0.5,3411,0.0,0.0,0.0,correct,correct,3.0
139,-0.2499397753005131,-0.208536651536726,-0.1565075497283666,GMM estimator,1.0,1.0,0.5,0.5,3411,0.0,0.0,0.0,correct,correct,3.0
140,0.24923013876147704,0.19674840977620356,0.07670813906716689,GMM estimator,1.0,1.0,0.5,0.5,3411,0.0,0.0,0.0,correct,correct,3.0
141,0.15743275561461134,0.1988013193382118,0.14984860155780716,GMM estimator,1.0,1.0,0.5,0.5,3411,0.0,0.0,0.0,correct,correct,3.0
142,-0.09815358201389002,-0.10819370007418605,-0.03489648361620752,GMM estimator,1.0,1.0,0.5,0.5,3411,0.0,0.0,0.0,correct,correct,3.0
143,0.30868670499835466,0.286043044642366,0.1903402085505797,GMM estimator,1.0,1.0,0.5,0.5,3411,0.0,0.0,0.0,correct,correct,3.0
144,0.04270612850155881,-0.04120565292293959,-0.034430032104996934,GMM estimator,1.0,1.0,0.5,0.5,3411,0.0,0.0,0.0,correct,correct,3.0
145,0.10334004023291746,0.18572117217439943,0.26049816762854977,GMM estimator,1.0,1.0,0.5,0.5,3411,0.0,0.0,0.0,correct,correct,3.0
146,-0.1286407244169844,-0.005163184065997229,-0.05159586315499728,GMM estimator,1.0,1.0,0.5,0.5,3411,0.0,0.0,0.0,correct,correct,3.0
147,0.07652568352185098,-0.03149824946568588,0.010833336764230424,GMM estimator,1.0,1.0,0.5,0.5,3411,0.0,0.0,0.0,correct,correct,3.0
148,0.07662063684733907,0.008764307199331365,-0.012042000229972517,GMM estimator,1.0,1.0,0.5,0.5,3411,0.0,0.0,0.0,correct,correct,3.0
149,-0.1637695747446761,-0.05575935991181562,-0.03606009134532257,GMM estimator,1.0,1.0,0.5,0.5,3411,0.0,0.0,0.0,correct,correct,3.0
150,0.18550204660877315,0.36679127364760095,0.15348054236599026,GMM estimator,1.0,1.0,0.5,0.5,3411,0.0,0.0,0.0,correct,correct,3.0
151,0.0017075386703471634,-0.019354917393572414,-0.05258243395393319,GMM estimator,1.0,1.0,0.5,0.5,3411,0.0,0.0,0.0,correct,correct,3.0
152,0.12589207783423867,0.09933767826746755,0.05499660264324448,GMM estimator,1.0,1.0,0.5,0.5,3411,0.0,0.0,0.0,correct,correct,3.0
153,0.1696325235596328,-0.034680456085812904,-0.016863285606994752,GMM estimator,1.0,1.0,0.5,0.5,3411,0.0,0.0,0.0,correct,correct,3.0
154,0.08431209605161075,0.1983572545313069,0.0939042678980544,GMM estimator,1.0,1.0,0.5,0.5,3411,0.0,0.0,0.0,correct,correct,3.0
155,-0.044804349478726954,-0.0819770747918162,-0.14816339885523516,GMM estimator,1.0,1.0,0.5,0.5,3411,0.0,0.0,0.0,correct,correct,3.0
156,-0.08469747125050786,-0.09681835212023054,0.10012212570024226,GMM estimator,1.0,1.0,0.5,0.5,3411,0.0,0.0,0.0,correct,correct,3.0
157,-0.0730950589580585,-0.04209802285120951,0.05936120652419636,GMM estimator,1.0,1.0,0.5,0.5,3411,0.0,0.0,0.0,correct,correct,3.0
158,0.13663258992697297,0.003916451685628152,-0.007407871166089606,GMM estimator,1.0,1.0,0.5,0.5,3411,0.0,0.0,0.0,correct,correct,3.0
159,-0.045660065900492826,0.07254969424680596,0.08253809327146187,GMM estimator,1.0,1.0,0.5,0.5,3411,0.0,0.0,0.0,correct,correct,3.0
160,-0.0077215287731184235,-0.0473851176047772,-0.03351637414133847,GMM estimator,1.0,1.0,0.5,0.5,3411,0.0,0.0,0.0,correct,correct,3.0
161,0.03362037117835526,0.06455891002511815,0.05949787771338437,GMM estimator,1.0,1.0,0.5,0.5,3411,0.0,0.0,0.0,correct,correct,3.0
162,0.12257479181709656,0.1397309037663966,0.05359895631566472,GMM estimator,1.0,1.0,0.5,0.5,3411,0.0,0.0,0.0,correct,correct,3.0
163,0.09859763633428939,0.07989808815289445,-0.024091677308768236,GMM estimator,1.0,1.0,0.5,0.5,3411,0.0,0.0,0.0,correct,correct,3.0
164,-0.2562190882148448,-0.21878551594172257,-0.17877162832740912,GMM estimator,1.0,1.0,0.5,0.5,3411,0.0,0.0,0.0,correct,correct,3.0
165,-0.13209858393551963,-0.17585596597410197,-0.06404577678067963,GMM estimator,1.0,1.0,0.5,0.5,3411,0.0,0.0,0.0,correct,correct,3.0
166,-0.06132535637959504,-0.049558702098105964,0.041544077837505855,GMM estimator,1.0,1.0,0.5,0.5,3411,0.0,0.0,0.0,correct,correct,3.0
167,-0.1638175128434005,-0.14235656272258995,-0.07736284151735996,GMM estimator,1.0,1.0,0.5,0.5,3411,0.0,0.0,0.0,correct,correct,3.0
168,-0.07952720104630043,-0.030526326009642796,0.0011414839923474375,GMM estimator,1.0,1.0,0.5,0.5,3411,0.0,0.0,0.0,correct,correct,3.0
169,-0.1500546539651266,0.04826525463154208,-0.06202866846883877,GMM estimator,1.0,1.0,0.5,0.5,3411,0.0,0.0,0.0,correct,correct,3.0
170,0.12211709021096911,0.05788048541180939,-0.038013516697966876,GMM estimator,1.0,1.0,0.5,0.5,3411,0.0,0.0,0.0,correct,correct,3.0
171,-0.14721682986973691,-0.13101779221796933,-0.08773567800762552,GMM estimator,1.0,1.0,0.5,0.5,3411,0.0,0.0,0.0,correct,correct,3.0
172,-0.18575768646959703,-0.1189942842741895,-0.10833877749143901,GMM estimator,1.0,1.0,0.5,0.5,3411,0.0,0.0,0.0,correct,correct,3.0
173,-0.10687011155943449,-0.24270612489900423,-0.07914137595758962,GMM estimator,1.0,1.0,0.5,0.5,3411,0.0,0.0,0.0,correct,correct,3.0
174,-0.10085042957740363,-0.020437584507060246,0.02780627030206195,GMM estimator,1.0,1.0,0.5,0.5,3411,0.0,0.0,0.0,correct,correct,3.0
175,0.12516035100651962,-0.19340033032999573,-0.08000565010294684,GMM estimator,1.0,1.0,0.5,0.5,3411,0.0,0.0,0.0,correct,correct,3.0
176,-0.08316211021783503,-0.024860025324209174,0.06358808496392553,GMM estimator,1.0,1.0,0.5,0.5,3411,0.0,0.0,0.0,correct,correct,3.0
177,0.09437789291102987,0.15366107863474557,-0.04092722411071555,GMM estimator,1.0,1.0,0.5,0.5,3411,0.0,0.0,0.0,correct,correct,3.0
178,0.13976213584250977,-0.03619749559873888,0.035279759453906955,GMM estimator,1.0,1.0,0.5,0.5,3411,0.0,0.0,0.0,correct,correct,3.0
179,-0.0005613277660554139,0.15402138708910226,0.07747682939922777,GMM estimator,1.0,1.0,0.5,0.5,3411,0.0,0.0,0.0,correct,correct,3.0
180,0.09681073615074448,0.19007698758932323,0.008941779521889272,GMM estimator,1.0,1.0,0.5,0.5,3411,0.0,0.0,0.0,correct,correct,3.0
181,-0.09304204214149728,-0.0024048935018835126,-0.011795115570725549,GMM estimator,1.0,1.0,0.5,0.5,3411,0.0,0.0,0.0,correct,correct,3.0
182,0.06337070702745701,0.18269874165413824,0.24844979010066265,GMM estimator,1.0,1.0,0.5,0.5,3411,0.0,0.0,0.0,correct,correct,3.0
183,0.15224199379053954,-0.019886911529614977,0.08102342295647522,GMM estimator,1.0,1.0,0.5,0.5,3411,0.0,0.0,0.0,correct,correct,3.0
184,0.23377554804261638,0.08578140869745637,0.07894885029877846,GMM estimator,1.0,1.0,0.5,0.5,3411,0.0,0.0,0.0,correct,correct,3.0
185,0.13414747043492625,-0.0353862117276096,-0.022532472936842123,GMM estimator,1.0,1.0,0.5,0.5,3411,0.0,0.0,0.0,correct,correct,3.0
186,-0.03175161143005567,-0.05228174151691822,-0.0036609748402571135,GMM estimator,1.0,1.0,0.5,0.5,3411,0.0,0.0,0.0,correct,correct,3.0
187,0.20342811717396042,0.0970557017959465,0.1458708525100577,GMM estimator,1.0,1.0,0.5,0.5,3411,0.0,0.0,0.0,correct,correct,3.0
188,-0.1621954879716209,-0.054559176107852665,-0.08442494763786057,GMM estimator,1.0,1.0,0.5,0.5,3411,0.0,0.0,0.0,correct,correct,3.0
189,0.35679498827139716,0.2137204992186445,0.18207117617246904,GMM estimator,1.0,1.0,0.5,0.5,3411,0.0,0.0,0.0,correct,correct,3.0
190,0.10492520608351331,0.10669372836833091,0.1774003900972597,GMM estimator,1.0,1.0,0.5,0.5,3411,0.0,0.0,0.0,correct,correct,3.0
191,-0.12627228655688327,0.061197835218625755,0.0957650374390643,GMM estimator,1.0,1.0,0.5,0.5,3411,0.0,0.0,0.0,correct,correct,3.0
192,-0.13847501553592695,-0.05296261094332811,-0.045970866127006876,GMM estimator,1.0,1.0,0.5,0.5,3411,0.0,0.0,0.0,correct,correct,3.0
193,-0.22261195767307157,-0.2302149886837104,-0.10430621384303045,GMM estimator,1.0,1.0,0.5,0.5,3411,0.0,0.0,0.0,correct,correct,3.0
194,0.3106403256579528,0.1754830220093658,0.13265132207992775,GMM estimator,1.0,1.0,0.5,0.5,3411,0.0,0.0,0.0,correct,correct,3.0
195,-0.3380249313387994,-0.0771340506203242,-0.10804384247356462,GMM estimator,1.0,1.0,0.5,0.5,3411,0.0,0.0,0.0,correct,correct,3.0
196,-0.16715138174619165,-0.19500509409388395,-0.10413255400386563,GMM estimator,1.0,1.0,0.5,0.5,3411,0.0,0.0,0.0,correct,correct,3.0
197,-0.27048076469808413,-0.06107184963069319,-0.028831757089134772,GMM estimator,1.0,1.0,0.5,0.5,3411,0.0,0.0,0.0,correct,correct,3.0
198,0.059050286854017434,-0.0813418139607378,-0.05365340141369863,GMM estimator,1.0,1.0,0.5,0.5,3411,0.0,0.0,0.0,correct,correct,3.0
199,0.40006347579832024,0.12896295486495432,-0.011216003037447374,GMM estimator,1.0,1.0,0.5,0.5,3411,0.0,0.0,0.0,correct,correct,3.0
200,-0.014546437472236318,0.024041906746589844,0.07085249855135235,GMM estimator,1.0,1.0,0.5,0.5,3411,0.0,0.0,0.0,correct,correct,3.0
201,0.07887544645482991,-0.055246668034310664,0.015686492422010145,GMM estimator,1.0,1.0,0.5,0.5,3411,0.0,0.0,0.0,correct,correct,3.0
202,-0.05738858835649508,0.13624753809686482,0.02768854638173427,GMM estimator,1.0,1.0,0.5,0.5,3411,0.0,0.0,0.0,correct,correct,3.0
203,0.2372103315216752,0.14742359834616184,0.08487803355484387,GMM estimator,1.0,1.0,0.5,0.5,3411,0.0,0.0,0.0,correct,correct,3.0
204,0.05019233953626569,-0.027983384520456178,0.02981909516714711,GMM estimator,1.0,1.0,0.5,0.5,3411,0.0,0.0,0.0,correct,correct,3.0
205,0.03187303100242589,-0.03336756288637235,0.018327544487049166,GMM estimator,1.0,1.0,0.5,0.5,3411,0.0,0.0,0.0,correct,correct,3.0
206,0.22267996890086675,0.09732833427958217,0.025711566378741852,GMM estimator,1.0,1.0,0.5,0.5,3411,0.0,0.0,0.0,correct,correct,3.0
207,0.1843007384183576,0.17729600372067614,0.1827696595263045,GMM estimator,1.0,1.0,0.5,0.5,3411,0.0,0.0,0.0,correct,correct,3.0
208,-0.31283610035935977,-0.22378254012588616,-0.02673358029512601,GMM estimator,1.0,1.0,0.5,0.5,3411,0.0,0.0,0.0,correct,correct,3.0
209,0.237169108350433,0.17355094474787888,0.0316835514127994,GMM estimator,1.0,1.0,0.5,0.5,3411,0.0,0.0,0.0,correct,correct,3.0
210,0.06835044737492577,0.02806371679771882,0.023062319472859846,GMM estimator,1.0,1.0,0.5,0.5,3411,0.0,0.0,0.0,correct,correct,3.0
211,0.3011176283373245,0.1731520834394064,0.07385195616148697,GMM estimator,1.0,1.0,0.5,0.5,3411,0.0,0.0,0.0,correct,correct,3.0
212,0.2901374589158102,0.13498613980764027,0.006300587126385307,GMM estimator,1.0,1.0,0.5,0.5,3411,0.0,0.0,0.0,correct,correct,3.0
213,-0.05349422156094665,-0.0941437753061851,0.06232308532193445,GMM estimator,1.0,1.0,0.5,0.5,3411,0.0,0.0,0.0,correct,correct,3.0
214,-0.2572019617055377,-0.10797179192757544,-0.04285456632884315,GMM estimator,1.0,1.0,0.5,0.5,3411,0.0,0.0,0.0,correct,correct,3.0
215,-0.14133576859488972,-0.08682786413840247,0.0775240170303352,GMM estimator,1.0,1.0,0.5,0.5,3411,0.0,0.0,0.0,correct,correct,3.0
216,0.16969449796020497,0.10914334528816383,0.11997496172611061,GMM estimator,1.0,1.0,0.5,0.5,3411,0.0,0.0,0.0,correct,correct,3.0
217,0.07714194143411145,-0.03589107147365896,-0.11462794977112113,GMM estimator,1.0,1.0,0.5,0.5,3411,0.0,0.0,0.0,correct,correct,3.0
218,-0.046876206037791676,-0.0481952554468362,-0.000638109758556668,GMM estimator,1.0,1.0,0.5,0.5,3411,0.0,0.0,0.0,correct,correct,3.0
219,0.09639578738943498,0.015897759537572973,0.1202756565900621,GMM estimator,1.0,1.0,0.5,0.5,3411,0.0,0.0,0.0,correct,correct,3.0
220,0.04476047165423452,0.07246010668503362,-0.052710683140531206,GMM estimator,1.0,1.0,0.5,0.5,3411,0.0,0.0,0.0,correct,correct,3.0
221,0.24278832493324848,0.1210772070325855,0.03304351270525621,GMM estimator,1.0,1.0,0.5,0.5,3411,0.0,0.0,0.0,correct,correct,3.0
222,0.09313531212874462,0.09494150305244707,0.11170040245266052,GMM estimator,1.0,1.0,0.5,0.5,3411,0.0,0.0,0.0,correct,correct,3.0
223,0.19292560965376818,0.17174180838701028,0.24440991976513277,GMM estimator,1.0,1.0,0.5,0.5,3411,0.0,0.0,0.0,correct,correct,3.0
224,-0.02460137639588702,-0.14006711069236372,-0.16844395706594173,GMM estimator,1.0,1.0,0.5,0.5,3411,0.0,0.0,0.0,correct,correct,3.0
225,0.024284561265456042,0.015236345107227302,0.003273857536215372,GMM estimator,1.0,1.0,0.5,0.5,3411,0.0,0.0,0.0,correct,correct,3.0
226,0.021191605113603615,0.10910790634294246,0.1349868709363209,GMM estimator,1.0,1.0,0.5,0.5,3411,0.0,0.0,0.0,correct,correct,3.0
227,0.1851872663935493,0.01777151186885865,0.13222985425608244,GMM estimator,1.0,1.0,0.5,0.5,3411,0.0,0.0,0.0,correct,correct,3.0
228,0.2701669794349045,0.12883682503861166,0.14822632667720662,GMM estimator,1.0,1.0,0.5,0.5,3411,0.0,0.0,0.0,correct,correct,3.0
229,-0.006048628994401118,-0.09459371057099507,-0.04369486536079376,GMM estimator,1.0,1.0,0.5,0.5,3411,0.0,0.0,0.0,correct,correct,3.0
230,-0.31394163675458464,-0.1918116945536238,-0.1707847595596948,GMM estimator,1.0,1.0,0.5,0.5,3411,0.0,0.0,0.0,correct,correct,3.0
231,0.12184464856869373,-0.0016242822700582413,0.048749566397734936,GMM estimator,1.0,1.0,0.5,0.5,3411,0.0,0.0,0.0,correct,correct,3.0
232,-0.11612628995996548,0.017177769402706815,-0.16213010685742704,GMM estimator,1.0,1.0,0.5,0.5,3411,0.0,0.0,0.0,correct,correct,3.0
233,0.033031796403602764,0.1128267516648568,0.051304046441700515,GMM estimator,1.0,1.0,0.5,0.5,3411,0.0,0.0,0.0,correct,correct,3.0
234,-0.13085995235901685,-0.26388592481087775,-0.1031990867056659,GMM estimator,1.0,1.0,0.5,0.5,3411,0.0,0.0,0.0,correct,correct,3.0
235,-0.03267895182453161,-0.028546143677677525,0.057210839546249864,GMM estimator,1.0,1.0,0.5,0.5,3411,0.0,0.0,0.0,correct,correct,3.0
236,-0.136561287503321,0.010102495286174016,0.022416600355911098,GMM estimator,1.0,1.0,0.5,0.5,3411,0.0,0.0,0.0,correct,correct,3.0
237,0.04779659867312973,0.0025282218200914116,0.04532036733834245,GMM estimator,1.0,1.0,0.5,0.5,3411,0.0,0.0,0.0,correct,correct,3.0
238,0.24562704063150792,0.11181282088449238,0.18086178247733045,GMM estimator,1.0,1.0,0.5,0.5,3411,0.0,0.0,0.0,correct,correct,3.0
239,-0.2733469955504204,-0.22543915599347455,-0.1378450412781552,GMM estimator,1.0,1.0,0.5,0.5,3411,0.0,0.0,0.0,correct,correct,3.0
240,-0.11388079011815519,0.09496808142378296,0.008361907059070871,GMM estimator,1.0,1.0,0.5,0.5,3411,0.0,0.0,0.0,correct,correct,3.0
241,-0.054755799143513514,0.07990617946278826,0.02352048685687107,GMM estimator,1.0,1.0,0.5,0.5,3411,0.0,0.0,0.0,correct,correct,3.0
242,-0.03177085869486643,-0.06132919768359421,-0.1299110730914477,GMM estimator,1.0,1.0,0.5,0.5,3411,0.0,0.0,0.0,correct,correct,3.0
243,-0.07090546156901198,-0.10312548382905674,0.0509282280281183,GMM estimator,1.0,1.0,0.5,0.5,3411,0.0,0.0,0.0,correct,correct,3.0
244,-0.014230470015782336,-0.011210360141208341,-0.001619863457058356,GMM estimator,1.0,1.0,0.5,0.5,3411,0.0,0.0,0.0,correct,correct,3.0
245,0.13586289775006521,0.07663899669700404,0.04002301937141636,GMM estimator,1.0,1.0,0.5,0.5,3411,0.0,0.0,0.0,correct,correct,3.0
246,-0.3372893049445782,0.02449758899931846,0.0060525498059828525,GMM estimator,1.0,1.0,0.5,0.5,3411,0.0,0.0,0.0,correct,correct,3.0
247,-0.14986223986493954,-0.252156281380675,-0.12316535503120533,GMM estimator,1.0,1.0,0.5,0.5,3411,0.0,0.0,0.0,correct,correct,3.0
248,0.23015835606381557,-0.11073102006628269,0.03960799014644939,GMM estimator,1.0,1.0,0.5,0.5,3411,0.0,0.0,0.0,correct,correct,3.0
249,0.27448259324250307,0.1695220297714729,0.12207911916214759,GMM estimator,1.0,1.0,0.5,0.5,3411,0.0,0.0,0.0,correct,correct,3.0
250,-0.0014994369984786856,-0.011696753147571346,-0.046812862920321864,GMM estimator,1.0,1.0,0.5,0.5,3411,0.0,0.0,0.0,correct,correct,3.0
251,-0.1950921293624077,-0.18083926609750706,-0.1290731906322646,GMM estimator,1.0,1.0,0.5,0.5,3411,0.0,0.0,0.0,correct,correct,3.0
252,0.18835555473432533,0.06199761876389497,0.1155846071587398,GMM estimator,1.0,1.0,0.5,0.5,3411,0.0,0.0,0.0,correct,correct,3.0
253,0.05131817343889375,0.18413523705150495,0.14994881706455132,GMM estimator,1.0,1.0,0.5,0.5,3411,0.0,0.0,0.0,correct,correct,3.0
254,0.11102144669913028,0.004365377187910609,-0.010967182835027685,GMM estimator,1.0,1.0,0.5,0.5,3411,0.0,0.0,0.0,correct,correct,3.0
255,0.015625150443019847,-0.1097523435734591,0.09381235723338796,GMM estimator,1.0,1.0,0.5,0.5,3411,0.0,0.0,0.0,correct,correct,3.0
256,-0.2875050140887749,-0.21973350336448413,-0.25257666962566705,GMM estimator,1.0,1.0,0.5,0.5,3411,0.0,0.0,0.0,correct,correct,3.0
257,0.05243482715490315,0.016018265014682974,-0.03489584281159391,GMM estimator,1.0,1.0,0.5,0.5,3411,0.0,0.0,0.0,correct,correct,3.0
258,-0.2952000651672672,-0.11105776013467714,-0.14000954421379475,GMM estimator,1.0,1.0,0.5,0.5,3411,0.0,0.0,0.0,correct,correct,3.0
259,-0.1221707076379592,-0.07413247237187469,0.0002470391801635354,GMM estimator,1.0,1.0,0.5,0.5,3411,0.0,0.0,0.0,correct,correct,3.0
260,-0.0782340054709457,-0.16689916838144306,-0.07991960231026843,GMM estimator,1.0,1.0,0.5,0.5,3411,0.0,0.0,0.0,correct,correct,3.0
261,0.149840291012821,0.009869021152846888,0.004532192570256295,GMM estimator,1.0,1.0,0.5,0.5,3411,0.0,0.0,0.0,correct,correct,3.0
262,-0.036910335808529864,0.04944183057319894,0.002343511739446736,GMM estimator,1.0,1.0,0.5,0.5,3411,0.0,0.0,0.0,correct,correct,3.0
263,-0.13331583930964455,-0.008168007124720222,-0.009338212807332937,GMM estimator,1.0,1.0,0.5,0.5,3411,0.0,0.0,0.0,correct,correct,3.0
264,0.19070298171012967,0.12728908397292762,0.00111029575230663,GMM estimator,1.0,1.0,0.5,0.5,3411,0.0,0.0,0.0,correct,correct,3.0
265,-0.07137585718812123,-0.07308660487489381,0.0029331477376966105,GMM estimator,1.0,1.0,0.5,0.5,3411,0.0,0.0,0.0,correct,correct,3.0
266,-0.11859096140899161,-0.2649914941178559,-0.33065792805234556,GMM estimator,1.0,1.0,0.5,0.5,3411,0.0,0.0,0.0,correct,correct,3.0
267,0.07902556173881888,0.17735918973757342,0.09109057018856515,GMM estimator,1.0,1.0,0.5,0.5,3411,0.0,0.0,0.0,correct,correct,3.0
268,-0.313200221988114,-0.1100383810599603,-0.04450466931634864,GMM estimator,1.0,1.0,0.5,0.5,3411,0.0,0.0,0.0,correct,correct,3.0
269,0.07908078727378404,0.07813405584853537,0.11428935622487621,GMM estimator,1.0,1.0,0.5,0.5,3411,0.0,0.0,0.0,correct,correct,3.0
270,-0.20215742559628996,-0.2882293817075932,-0.07855511454284235,GMM estimator,1.0,1.0,0.5,0.5,3411,0.0,0.0,0.0,correct,correct,3.0
271,-0.11346555631250212,-0.09608335835238635,0.0436018055096364,GMM estimator,1.0,1.0,0.5,0.5,3411,0.0,0.0,0.0,correct,correct,3.0
272,-0.1504881519546087,-0.10763832607103122,-0.05589458879260256,GMM estimator,1.0,1.0,0.5,0.5,3411,0.0,0.0,0.0,correct,correct,3.0
273,-0.11187174229372941,-0.15892913598831507,-0.07568268057476127,GMM estimator,1.0,1.0,0.5,0.5,3411,0.0,0.0,0.0,correct,correct,3.0
274,-0.14813810707949426,-0.2212635197701818,-0.14626088988035602,GMM estimator,1.0,1.0,0.5,0.5,3411,0.0,0.0,0.0,correct,correct,3.0
275,-0.028583836335739823,-0.029814046395921844,-0.09434419993173955,GMM estimator,1.0,1.0,0.5,0.5,3411,0.0,0.0,0.0,correct,correct,3.0
276,-0.0012339179857762202,-0.03027950193989154,-0.016790098366849297,GMM estimator,1.0,1.0,0.5,0.5,3411,0.0,0.0,0.0,correct,correct,3.0
277,0.08828330923829353,-0.012902201812219646,-0.053130862572492076,GMM estimator,1.0,1.0,0.5,0.5,3411,0.0,0.0,0.0,correct,correct,3.0
278,0.1081012493387485,0.12397680164647516,-0.04444522730004743,GMM estimator,1.0,1.0,0.5,0.5,3411,0.0,0.0,0.0,correct,correct,3.0
279,-1.629498221583072e-05,-0.07777548450108518,-0.035572726212896956,GMM estimator,1.0,1.0,0.5,0.5,3411,0.0,0.0,0.0,correct,correct,3.0
280,0.07837603871675189,0.13918187986417863,-0.030378532584596222,GMM estimator,1.0,1.0,0.5,0.5,3411,0.0,0.0,0.0,correct,correct,3.0
281,0.39036011784103386,0.3329162692900232,0.15778081277723932,GMM estimator,1.0,1.0,0.5,0.5,3411,0.0,0.0,0.0,correct,correct,3.0
282,0.016515391738144484,-0.09422650146960566,-0.04238027704742153,GMM estimator,1.0,1.0,0.5,0.5,3411,0.0,0.0,0.0,correct,correct,3.0
283,0.04537574543980142,0.00228157227322958,-0.0826354141100884,GMM estimator,1.0,1.0,0.5,0.5,3411,0.0,0.0,0.0,correct,correct,3.0
284,-0.012722198558916587,0.03382878635854988,0.007557403019276023,GMM estimator,1.0,1.0,0.5,0.5,3411,0.0,0.0,0.0,correct,correct,3.0
285,0.07031443997867969,-0.13269649206085382,-0.15362175343471007,GMM estimator,1.0,1.0,0.5,0.5,3411,0.0,0.0,0.0,correct,correct,3.0
286,0.23328502539618393,0.08730445325266868,0.11267702517787154,GMM estimator,1.0,1.0,0.5,0.5,3411,0.0,0.0,0.0,correct,correct,3.0
287,0.13302130247560065,0.19002523493254542,0.023576905062555,GMM estimator,1.0,1.0,0.5,0.5,3411,0.0,0.0,0.0,correct,correct,3.0
288,-0.32996165172225733,-0.1541824400027336,-0.0817389091234883,GMM estimator,1.0,1.0,0.5,0.5,3411,0.0,0.0,0.0,correct,correct,3.0
289,-0.322466223450808,-0.03704708182648376,0.06462212303474842,GMM estimator,1.0,1.0,0.5,0.5,3411,0.0,0.0,0.0,correct,correct,3.0
290,-0.15398677305200234,-0.13509201865709408,-0.09425818802153361,GMM estimator,1.0,1.0,0.5,0.5,3411,0.0,0.0,0.0,correct,correct,3.0
291,0.09029569685577633,0.05649170422126733,0.0871804523117173,GMM estimator,1.0,1.0,0.5,0.5,3411,0.0,0.0,0.0,correct,correct,3.0
292,0.29176504031146566,0.2985219418920899,0.22871651334479068,GMM estimator,1.0,1.0,0.5,0.5,3411,0.0,0.0,0.0,correct,correct,3.0
293,-0.05579576896703601,-0.11669640626659475,-0.09370900100292609,GMM estimator,1.0,1.0,0.5,0.5,3411,0.0,0.0,0.0,correct,correct,3.0
294,0.05539241615654518,-0.11086371911012752,0.03529134600503347,GMM estimator,1.0,1.0,0.5,0.5,3411,0.0,0.0,0.0,correct,correct,3.0
295,0.11845113257834784,0.08225487527553361,0.10756559543095148,GMM estimator,1.0,1.0,0.5,0.5,3411,0.0,0.0,0.0,correct,correct,3.0
296,-0.0753663393087308,0.13899498905942367,-0.03618025443372639,GMM estimator,1.0,1.0,0.5,0.5,3411,0.0,0.0,0.0,correct,correct,3.0
297,0.00648167975409576,-0.09361110842049958,-0.07523143515188332,GMM estimator,1.0,1.0,0.5,0.5,3411,0.0,0.0,0.0,correct,correct,3.0
298,0.14987977264655392,0.26968678830488424,0.21596968730677382,GMM estimator,1.0,1.0,0.5,0.5,3411,0.0,0.0,0.0,correct,correct,3.0
299,0.016186658001026456,0.08506848065169201,0.03336338362948915,GMM estimator,1.0,1.0,0.5,0.5,3411,0.0,0.0,0.0,correct,correct,3.0
300,0.13361587486333518,-0.21680340683248478,-0.0034141366302134135,GMM estimator,1.0,1.0,0.5,0.5,3411,0.0,0.0,0.0,correct,correct,3.0
1,-0.21552965782546643,-0.1591299978016224,-1.0419382201387413,Three-step,1.0,1.0,0.5,0.5,3411,0.0,0.0,0.0,correct,wrong,3.0
2,-0.12544408345141264,-0.06976087676750166,-1.0337588737146177,Three-step,1.0,1.0,0.5,0.5,3411,0.0,0.0,0.0,correct,wrong,3.0
3,-0.261882121904751,0.03379990608669803,-1.0491367213854517,Three-step,1.0,1.0,0.5,0.5,3411,0.0,0.0,0.0,correct,wrong,3.0
4,0.22833634083554774,0.1133492576371609,-1.0552851551375986,Three-step,1.0,1.0,0.5,0.5,3411,0.0,0.0,0.0,correct,wrong,3.0
5,-0.39968882949917955,-0.12963187299608997,-1.050298739330835,Three-step,1.0,1.0,0.5,0.5,3411,0.0,0.0,0.0,correct,wrong,3.0
6,0.21923820847753075,0.06222170783503404,-1.0467058467616759,Three-step,1.0,1.0,0.5,0.5,3411,0.0,0.0,0.0,correct,wrong,3.0
7,0.6414901543460931,0.3231940539968695,-1.0313537098538792,Three-step,1.0,1.0,0.5,0.5,3411,0.0,0.0,0.0,correct,wrong,3.0
8,-0.19844208897270865,0.01002036793189461,-1.0477383282253263,Three-step,1.0,1.0,0.5,0.5,3411,0.0,0.0,0.0,correct,wrong,3.0
9,-0.21309899984146888,0.006144373279975455,-1.0361753233077795,Three-step,1.0,1.0,0.5,0.5,3411,0.0,0.0,0.0,correct,wrong,3.0
10,-0.28854320964331703,-0.2270452410454047,-1.0634813514983286,Three-step,1.0,1.0,0.5,0.5,3411,0.0,0.0,0.0,correct,wrong,3.0
11,0.25938300837606154,0.12299034309257259,-1.0487377320354236,Three-step,1.0,1.0,0.5,0.5,3411,0.0,0.0,0.0,correct,wrong,3.0
12,-0.045675162918786545,-0.08639221633840188,-1.0479529634443236,Three-step,1.0,1.0,0.5,0.5,3411,0.0,0.0,0.0,correct,wrong,3.0
13,0.3146136525086852,0.09194137863191436,-1.0480561642643753,Three-step,1.0,1.0,0.5,0.5,3411,0.0,0.0,0.0,correct,wrong,3.0
14,-0.2895432268045088,-0.1354011120880925,-1.052022080895012,Three-step,1.0,1.0,0.5,0.5,3411,0.0,0.0,0.0,correct,wrong,3.0
15,-0.28482201039955046,-0.24612501888981256,-1.058542408716352,Three-step,1.0,1.0,0.5,0.5,3411,0.0,0.0,0.0,correct,wrong,3.0
16,-0.21587012864617097,-0.3651492416375879,-1.074930163280645,Three-step,1.0,1.0,0.5,0.5,3411,0.0,0.0,0.0,correct,wrong,3.0
17,0.3589257140173913,0.2797129037516964,-1.0334596648900092,Three-step,1.0,1.0,0.5,0.5,3411,0.0,0.0,0.0,correct,wrong,3.0
18,0.037167855352863315,0.13556574663713308,-1.0338392533337364,Three-step,1.0,1.0,0.5,0.5,3411,0.0,0.0,0.0,correct,wrong,3.0
19,-0.06117674546954101,0.2104160504966457,-1.0349026691237202,Three-step,1.0,1.0,0.5,0.5,3411,0.0,0.0,0.0,correct,wrong,3.0
20,-0.03414975810848024,0.20745998546681754,-1.0319302419408114,Three-step,1.0,1.0,0.5,0.5,3411,0.0,0.0,0.0,correct,wrong,3.0
21,0.06868843644625275,0.20242156342829998,-1.0442971892593453,Three-step,1.0,1.0,0.5,0.5,3411,0.0,0.0,0.0,correct,wrong,3.0
22,0.15060149897392466,-0.032268865804142656,-1.041163340594355,Three-step,1.0,1.0,0.5,0.5,3411,0.0,0.0,0.0,correct,wrong,3.0
23,-0.0762620841851561,-0.15659597266286468,-1.0445986836530687,Three-step,1.0,1.0,0.5,0.5,3411,0.0,0.0,0.0,correct,wrong,3.0
24,0.3044070576460824,0.18795516188720535,-1.0381979573381215,Three-step,1.0,1.0,0.5,0.5,3411,0.0,0.0,0.0,correct,wrong,3.0
25,-0.07688711818599413,0.13042041731908452,-1.0366690811197454,Three-step,1.0,1.0,0.5,0.5,3411,0.0,0.0,0.0,correct,wrong,3.0
26,-0.03558239125825383,0.19128865254431116,-1.0358175688102835,Three-step,1.0,1.0,0.5,0.5,3411,0.0,0.0,0.0,correct,wrong,3.0
27,0.06685963586922293,0.18889027503401498,-1.039013740809068,Three-step,1.0,1.0,0.5,0.5,3411,0.0,0.0,0.0,correct,wrong,3.0
28,0.015651043876791396,-0.16530413573892516,-1.0553760189338124,Three-step,1.0,1.0,0.5,0.5,3411,0.0,0.0,0.0,correct,wrong,3.0
29,0.03799722862634933,-0.08247851336453833,-1.0467005357867665,Three-step,1.0,1.0,0.5,0.5,3411,0.0,0.0,0.0,correct,wrong,3.0
30,-0.1776008731403822,0.148227508427031,-1.0515321849408716,Three-step,1.0,1.0,0.5,0.5,3411,0.0,0.0,0.0,correct,wrong,3.0
31,0.08364431467816298,0.10317784659639695,-1.0424364590158373,Three-step,1.0,1.0,0.5,0.5,3411,0.0,0.0,0.0,correct,wrong,3.0
32,-0.09418322359017049,-0.2786225524785979,-1.0528580790893274,Three-step,1.0,1.0,0.5,0.5,3411,0.0,0.0,0.0,correct,wrong,3.0
33,0.29692725503486284,0.1252335063118738,-1.0445356900605414,Three-step,1.0,1.0,0.5,0.5,3411,0.0,0.0,0.0,correct,wrong,3.0
34,0.052426458091262486,-0.08161867370599925,-1.0493867632535399,Three-step,1.0,1.0,0.5,0.5,3411,0.0,0.0,0.0,correct,wrong,3.0
35,-0.0290888868019034,0.021314119626497523,-1.043018580546739,Three-step,1.0,1.0,0.5,0.5,3411,0.0,0.0,0.0,correct,wrong,3.0
36,0.11885616309131748,0.16920049579104668,-1.0414378142492065,Three-step,1.0,1.0,0.5,0.5,3411,0.0,0.0,0.0,correct,wrong,3.0
37,-0.13482414913332225,-0.18903296491979604,-1.0662304923751758,Three-step,1.0,1.0,0.5,0.5,3411,0.0,0.0,0.0,correct,wrong,3.0
38,-0.15761527535508738,-0.058527906156369734,-1.0522197592330622,Three-step,1.0,1.0,0.5,0.5,3411,0.0,0.0,0.0,correct,wrong,3.0
39,-0.09320910988221946,-0.09622744056976484,-1.056454076904705,Three-step,1.0,1.0,0.5,0.5,3411,0.0,0.0,0.0,correct,wrong,3.0
40,0.12498673074571827,0.134162501914592,-1.0483161627140056,Three-step,1.0,1.0,0.5,0.5,3411,0.0,0.0,0.0,correct,wrong,3.0
41,-0.03162255038004614,0.06375860304320712,-1.0390817847847227,Three-step,1.0,1.0,0.5,0.5,3411,0.0,0.0,0.0,correct,wrong,3.0
42,0.3904372660791789,0.1480485558205095,-1.041262082495269,Three-step,1.0,1.0,0.5,0.5,3411,0.0,0.0,0.0,correct,wrong,3.0
43,-0.23154116211165032,0.0627686504980997,-1.0461684085256078,Three-step,1.0,1.0,0.5,0.5,3411,0.0,0.0,0.0,correct,wrong,3.0
44,0.6091230410705026,-0.013491391229716225,-1.040888979399311,Three-step,1.0,1.0,0.5,0.5,3411,0.0,0.0,0.0,correct,wrong,3.0
45,-0.00029059262358231144,-0.14892405804959333,-1.0526286855545721,Three-step,1.0,1.0,0.5,0.5,3411,0.0,0.0,0.0,correct,wrong,3.0
46,0.026068300415029052,0.017442356419206967,-1.0442895924795441,Three-step,1.0,1.0,0.5,0.5,3411,0.0,0.0,0.0,correct,wrong,3.0
47,0.04078896819405711,0.11359187651702563,-1.0395313856040735,Three-step,1.0,1.0,0.5,0.5,3411,0.0,0.0,0.0,correct,wrong,3.0
48,0.2534297827586251,0.012308540528630185,-1.0540384754996852,Three-step,1.0,1.0,0.5,0.5,3411,0.0,0.0,0.0,correct,wrong,3.0
49,-0.2634344749570525,0.07879079009082085,-1.0295141741850247,Three-step,1.0,1.0,0.5,0.5,3411,0.0,0.0,0.0,correct,wrong,3.0
50,-0.2799750578946067,0.12117594299218083,-1.0541143241859041,Three-step,1.0,1.0,0.5,0.5,3411,0.0,0.0,0.0,correct,wrong,3.0
51,0.1411213440564505,0.046366874068787825,-1.0584374026897123,Three-step,1.0,1.0,0.5,0.5,3411,0.0,0.0,0.0,correct,wrong,3.0
52,0.02372245045954291,0.030774896375085483,-1.0443507802559742,Three-step,1.0,1.0,0.5,0.5,3411,0.0,0.0,0.0,correct,wrong,3.0
53,0.19276560907003365,0.005801207799407718,-1.0382142899679605,Three-step,1.0,1.0,0.5,0.5,3411,0.0,0.0,0.0,correct,wrong,3.0
54,0.0027478683147030116,-0.1100634550445496,-1.0432588796563527,Three-step,1.0,1.0,0.5,0.5,3411,0.0,0.0,0.0,correct,wrong,3.0
55,-0.1889584404971939,0.008267813943444929,-1.0448156506471307,Three-step,1.0,1.0,0.5,0.5,3411,0.0,0.0,0.0,correct,wrong,3.0
56,-0.3285489216434712,-0.02217469247685858,-1.0581142371854309,Three-step,1.0,1.0,0.5,0.5,3411,0.0,0.0,0.0,correct,wrong,3.0
57,-0.3217812790774026,-0.22022552346848115,-1.0528691810906972,Three-step,1.0,1.0,0.5,0.5,3411,0.0,0.0,0.0,correct,wrong,3.0
58,-0.18773379458442255,-0.19854067655895075,-1.066969626330203,Three-step,1.0,1.0,0.5,0.5,3411,0.0,0.0,0.0,correct,wrong,3.0
59,0.5913835277176072,0.3315864482256583,-1.035180570022755,Three-step,1.0,1.0,0.5,0.5,3411,0.0,0.0,0.0,correct,wrong,3.0
60,-0.11472605201981498,0.0288790373998617,-1.0415121695563156,Three-step,1.0,1.0,0.5,0.5,3411,0.0,0.0,0.0,correct,wrong,3.0
61,0.023903254662304543,0.06257322868612085,-1.04184966120385,Three-step,1.0,1.0,0.5,0.5,3411,0.0,0.0,0.0,correct,wrong,3.0
62,0.06182578095281739,0.09614800773692038,-1.035858171351731,Three-step,1.0,1.0,0.5,0.5,3411,0.0,0.0,0.0,correct,wrong,3.0
63,-0.2632908202507188,0.01648637407499145,-1.0491086234951865,Three-step,1.0,1.0,0.5,0.5,3411,0.0,0.0,0.0,correct,wrong,3.0
64,0.03584028274080283,0.017242228700621223,-1.044277492984373,Three-step,1.0,1.0,0.5,0.5,3411,0.0,0.0,0.0,correct,wrong,3.0
65,-0.35000711682965896,-0.07594275606031799,-1.0364270048919195,Three-step,1.0,1.0,0.5,0.5,3411,0.0,0.0,0.0,correct,wrong,3.0
66,0.06265892983348736,0.15025155358724718,-1.0439320390092397,Three-step,1.0,1.0,0.5,0.5,3411,0.0,0.0,0.0,correct,wrong,3.0
67,0.19612899180676083,0.0477760437538452,-1.0404440407752498,Three-step,1.0,1.0,0.5,0.5,3411,0.0,0.0,0.0,correct,wrong,3.0
68,-0.02358031383023057,0.07855831914416861,-1.0370581811531026,Three-step,1.0,1.0,0.5,0.5,3411,0.0,0.0,0.0,correct,wrong,3.0
69,-0.2508054101654516,-0.09589088064543713,-1.050807987756038,Three-step,1.0,1.0,0.5,0.5,3411,0.0,0.0,0.0,correct,wrong,3.0
70,-0.05773916520250622,-0.1630567572846826,-1.0575277043094164,Three-step,1.0,1.0,0.5,0.5,3411,0.0,0.0,0.0,correct,wrong,3.0
71,-0.23418254701645022,0.024267935628278697,-1.0324514960686815,Three-step,1.0,1.0,0.5,0.5,3411,0.0,0.0,0.0,correct,wrong,3.0
72,-0.05815520500031388,0.03134586501852318,-1.0591237916386527,Three-step,1.0,1.0,0.5,0.5,3411,0.0,0.0,0.0,correct,wrong,3.0
73,-0.06264075709879303,0.005821575528921628,-1.0426609421849629,Three-step,1.0,1.0,0.5,0.5,3411,0.0,0.0,0.0,correct,wrong,3.0
74,-0.3816415972225758,-0.29451612084369416,-1.0701043077498154,Three-step,1.0,1.0,0.5,0.5,3411,0.0,0.0,0.0,correct,wrong,3.0
75,-0.003970365981504205,-0.026836789623321877,-1.0422409477359436,Three-step,1.0,1.0,0.5,0.5,3411,0.0,0.0,0.0,correct,wrong,3.0
76,0.054421304744493,-0.06367233607582691,-1.0510978886085314,Three-step,1.0,1.0,0.5,0.5,3411,0.0,0.0,0.0,correct,wrong,3.0
77,-0.23600272095078917,-0.23078531724971263,-1.0642911451686814,Three-step,1.0,1.0,0.5,0.5,3411,0.0,0.0,0.0,correct,wrong,3.0
78,-0.5228433882178383,-0.1830965863204512,-1.0668079823131416,Three-step,1.0,1.0,0.5,0.5,3411,0.0,0.0,0.0,correct,wrong,3.0
79,0.08200215958799235,0.029288461437593543,-1.0434263088356677,Three-step,1.0,1.0,0.5,0.5,3411,0.0,0.0,0.0,correct,wrong,3.0
80,0.09323775819561947,-0.08673083007072874,-1.05511320943468,Three-step,1.0,1.0,0.5,0.5,3411,0.0,0.0,0.0,correct,wrong,3.0
81,-0.33332852927070866,-0.09119211142700831,-1.0602499337871272,Three-step,1.0,1.0,0.5,0.5,3411,0.0,0.0,0.0,correct,wrong,3.0
82,0.20249187358140985,0.16192102059617186,-1.0376374792829508,Three-step,1.0,1.0,0.5,0.5,3411,0.0,0.0,0.0,correct,wrong,3.0
83,-0.0545768043027449,-0.14887675695709773,-1.0630215497150421,Three-step,1.0,1.0,0.5,0.5,3411,0.0,0.0,0.0,correct,wrong,3.0
84,-0.2759115659442003,-0.17068412292771032,-1.0652736942308438,Three-step,1.0,1.0,0.5,0.5,3411,0.0,0.0,0.0,correct,wrong,3.0
85,-0.3170589835168718,-0.2461811941438182,-1.0695054204475256,Three-step,1.0,1.0,0.5,0.5,3411,0.0,0.0,0.0,correct,wrong,3.0
86,-0.2045204360308933,-0.02604621366732798,-1.0456590580671579,Three-step,1.0,1.0,0.5,0.5,3411,0.0,0.0,0.0,correct,wrong,3.0
87,-0.023793451654673628,-0.15974157709397072,-1.06643058919741,Three-step,1.0,1.0,0.5,0.5,3411,0.0,0.0,0.0,correct,wrong,3.0
88,0.22778966833928238,0.13087408431630784,-1.0442186971786431,Three-step,1.0,1.0,0.5,0.5,3411,0.0,0.0,0.0,correct,wrong,3.0
89,0.05439475827877836,0.12445239936497088,-1.0468555476848098,Three-step,1.0,1.0,0.5,0.5,3411,0.0,0.0,0.0,correct,wrong,3.0
90,0.0016284527742398414,-0.01642287510185478,-1.0505238323702935,Three-step,1.0,1.0,0.5,0.5,3411,0.0,0.0,0.0,correct,wrong,3.0
91,0.011458212977687517,-0.013888946633682188,-1.0449755368488742,Three-step,1.0,1.0,0.5,0.5,3411,0.0,0.0,0.0,correct,wrong,3.0
92,-0.6334730873489388,-0.25650802020167607,-1.0640387230369197,Three-step,1.0,1.0,0.5,0.5,3411,0.0,0.0,0.0,correct,wrong,3.0
93,0.028261335262093155,0.08440242141432198,-1.0436486382701173,Three-step,1.0,1.0,0.5,0.5,3411,0.0,0.0,0.0,correct,wrong,3.0
94,-0.041025114603080226,-0.06171665805717042,-1.0474716094419474,Three-step,1.0,1.0,0.5,0.5,3411,0.0,0.0,0.0,correct,wrong,3.0
95,-0.12642004504843102,0.024356016872736072,-1.0426819544848493,Three-step,1.0,1.0,0.5,0.5,3411,0.0,0.0,0.0,correct,wrong,3.0
96,-0.06541929334727806,-0.2318743236938203,-1.0595419312648917,Three-step,1.0,1.0,0.5,0.5,3411,0.0,0.0,0.0,correct,wrong,3.0
97,-0.2436586790181142,-0.002429564492559188,-1.048821229551277,Three-step,1.0,1.0,0.5,0.5,3411,0.0,0.0,0.0,correct,wrong,3.0
98,0.11092492129427298,0.09294015875027618,-1.0376333399371245,Three-step,1.0,1.0,0.5,0.5,3411,0.0,0.0,0.0,correct,wrong,3.0
99,-0.25585664580154016,0.01733488145994461,-1.0466395084883282,Three-step,1.0,1.0,0.5,0.5,3411,0.0,0.0,0.0,correct,wrong,3.0
100,-0.16267002931815344,-0.03053640821244848,-1.065726192461049,Three-step,1.0,1.0,0.5,0.5,3411,0.0,0.0,0.0,correct,wrong,3.0
101,0.04040512410074327,-0.10807167528019782,-1.0388178050497683,Three-step,1.0,1.0,0.5,0.5,3411,0.0,0.0,0.0,correct,wrong,3.0
102,0.18602092733603917,-0.08499636990288713,-1.063898961267483,Three-step,1.0,1.0,0.5,0.5,3411,0.0,0.0,0.0,correct,wrong,3.0
103,0.03239480777767449,0.04067272377516996,-1.0381974253025008,Three-step,1.0,1.0,0.5,0.5,3411,0.0,0.0,0.0,correct,wrong,3.0
104,-0.6012971208561506,-0.09140312364909411,-1.040616988724791,Three-step,1.0,1.0,0.5,0.5,3411,0.0,0.0,0.0,correct,wrong,3.0
105,-0.14651253737529882,-0.16615910656918914,-1.0603413401917265,Three-step,1.0,1.0,0.5,0.5,3411,0.0,0.0,0.0,correct,wrong,3.0
106,-0.32429546068443055,-0.3329071371604838,-1.0680569004599496,Three-step,1.0,1.0,0.5,0.5,3411,0.0,0.0,0.0,correct,wrong,3.0
107,-0.5580793379797926,-0.23423596532627347,-1.0482308514075742,Three-step,1.0,1.0,0.5,0.5,3411,0.0,0.0,0.0,correct,wrong,3.0
108,-0.09875223801260849,0.16200525216410833,-1.0497088952757176,Three-step,1.0,1.0,0.5,0.5,3411,0.0,0.0,0.0,correct,wrong,3.0
109,0.03262304840466084,0.039578378149199386,-1.0484480348802265,Three-step,1.0,1.0,0.5,0.5,3411,0.0,0.0,0.0,correct,wrong,3.0
110,0.3022081500119002,0.14493750860305102,-1.0363889787180538,Three-step,1.0,1.0,0.5,0.5,3411,0.0,0.0,0.0,correct,wrong,3.0
111,0.16747514845866063,0.09647736306329333,-1.0452778620735654,Three-step,1.0,1.0,0.5,0.5,3411,0.0,0.0,0.0,correct,wrong,3.0
112,-0.13743159037957983,0.03519639322468272,-1.0498286829450068,Three-step,1.0,1.0,0.5,0.5,3411,0.0,0.0,0.0,correct,wrong,3.0
113,-0.4218908721123856,0.047265159977334735,-1.0470186637632126,Three-step,1.0,1.0,0.5,0.5,3411,0.0,0.0,0.0,correct,wrong,3.0
114,0.28059879106573016,0.09808617853113136,-1.0498166340387605,Three-step,1.0,1.0,0.5,0.5,3411,0.0,0.0,0.0,correct,wrong,3.0
115,0.1789559132068491,0.013024712626546451,-1.0415647008965716,Three-step,1.0,1.0,0.5,0.5,3411,0.0,0.0,0.0,correct,wrong,3.0
116,-0.0261204191481576,0.016479373628803445,-1.046562094251491,Three-step,1.0,1.0,0.5,0.5,3411,0.0,0.0,0.0,correct,wrong,3.0
117,-0.40016000474474817,-0.2847628773619952,-1.0704368604312584,Three-step,1.0,1.0,0.5,0.5,3411,0.0,0.0,0.0,correct,wrong,3.0
118,-0.1972056507578629,-0.0064350319566982275,-1.0480082952025358,Three-step,1.0,1.0,0.5,0.5,3411,0.0,0.0,0.0,correct,wrong,3.0
119,0.00496258192400863,-0.038976611974520056,-1.0529749898281855,Three-step,1.0,1.0,0.5,0.5,3411,0.0,0.0,0.0,correct,wrong,3.0
120,-0.128987889322684,-0.015729345438182493,-1.0494255070667968,Three-step,1.0,1.0,0.5,0.5,3411,0.0,0.0,0.0,correct,wrong,3.0
121,0.027610644264835928,0.012802717369926912,-1.0450938232682254,Three-step,1.0,1.0,0.5,0.5,3411,0.0,0.0,0.0,correct,wrong,3.0
122,0.4833574787983483,0.14912403445730113,-1.035493737573598,Three-step,1.0,1.0,0.5,0.5,3411,0.0,0.0,0.0,correct,wrong,3.0
123,0.23657881906947173,0.01974629028328811,-1.0361625428575387,Three-step,1.0,1.0,0.5,0.5,3411,0.0,0.0,0.0,correct,wrong,3.0
124,-0.06650139721693578,-0.1185654064606251,-1.0520916912655562,Three-step,1.0,1.0,0.5,0.5,3411,0.0,0.0,0.0,correct,wrong,3.0
125,-0.09598929768112854,0.003383347727339973,-1.0412830635458115,Three-step,1.0,1.0,0.5,0.5,3411,0.0,0.0,0.0,correct,wrong,3.0
126,-0.07710201410014908,0.0010033448782724632,-1.043523835930913,Three-step,1.0,1.0,0.5,0.5,3411,0.0,0.0,0.0,correct,wrong,3.0
127,0.021245635321733857,-0.04158729386918185,-1.0433158995483542,Three-step,1.0,1.0,0.5,0.5,3411,0.0,0.0,0.0,correct,wrong,3.0
128,0.369117622870775,0.1581964020977465,-1.0363203068347973,Three-step,1.0,1.0,0.5,0.5,3411,0.0,0.0,0.0,correct,wrong,3.0
129,0.05727396717102256,-0.06636540623342102,-1.0467440090756652,Three-step,1.0,1.0,0.5,0.5,3411,0.0,0.0,0.0,correct,wrong,3.0
130,-0.14856745275271577,-0.12332669776746558,-1.0525489316800907,Three-step,1.0,1.0,0.5,0.5,3411,0.0,0.0,0.0,correct,wrong,3.0
131,-0.08465764350634396,-0.00022045307414684693,-1.0507787822304142,Three-step,1.0,1.0,0.5,0.5,3411,0.0,0.0,0.0,correct,wrong,3.0
132,-0.43592902087418056,-0.15573280358003921,-1.0464389389833197,Three-step,1.0,1.0,0.5,0.5,3411,0.0,0.0,0.0,correct,wrong,3.0
133,-0.1015991020936271,-0.0386250831205507,-1.039336499937421,Three-step,1.0,1.0,0.5,0.5,3411,0.0,0.0,0.0,correct,wrong,3.0
134,0.07025779158739552,-0.0741300164538616,-1.045485641876303,Three-step,1.0,1.0,0.5,0.5,3411,0.0,0.0,0.0,correct,wrong,3.0
135,0.0666163655387451,-0.1273992082224818,-1.056689494006478,Three-step,1.0,1.0,0.5,0.5,3411,0.0,0.0,0.0,correct,wrong,3.0
136,-0.2696802988722574,-0.06705507890816745,-1.0518167508265928,Three-step,1.0,1.0,0.5,0.5,3411,0.0,0.0,0.0,correct,wrong,3.0
137,-0.09181011889894523,-0.01789387113520023,-1.0555653688639854,Three-step,1.0,1.0,0.5,0.5,3411,0.0,0.0,0.0,correct,wrong,3.0
138,0.4268914946887116,0.06950931548742362,-1.0504269551405416,Three-step,1.0,1.0,0.5,0.5,3411,0.0,0.0,0.0,correct,wrong,3.0
139,-0.1265374718576543,-0.13076406226482887,-1.0608688783213724,Three-step,1.0,1.0,0.5,0.5,3411,0.0,0.0,0.0,correct,wrong,3.0
140,0.23296079676068598,0.1867333540610882,-1.0378245361558276,Three-step,1.0,1.0,0.5,0.5,3411,0.0,0.0,0.0,correct,wrong,3.0
141,0.0037918066256929068,0.17038199191254405,-1.0320371837022093,Three-step,1.0,1.0,0.5,0.5,3411,0.0,0.0,0.0,correct,wrong,3.0
142,0.13215432785716574,-0.08112854380993056,-1.0480193950209473,Three-step,1.0,1.0,0.5,0.5,3411,0.0,0.0,0.0,correct,wrong,3.0
143,0.11511599809796572,0.18324273930008975,-1.0308850483812384,Three-step,1.0,1.0,0.5,0.5,3411,0.0,0.0,0.0,correct,wrong,3.0
144,0.2404993480061741,0.07272057186280265,-1.047161021796341,Three-step,1.0,1.0,0.5,0.5,3411,0.0,0.0,0.0,correct,wrong,3.0
145,0.27987404505629554,0.19686456860468138,-1.0225036024495338,Three-step,1.0,1.0,0.5,0.5,3411,0.0,0.0,0.0,correct,wrong,3.0
146,-0.11974343785820597,-0.002949721970500399,-1.0509788975287788,Three-step,1.0,1.0,0.5,0.5,3411,0.0,0.0,0.0,correct,wrong,3.0
147,-0.10481732391740199,-0.04201533219048773,-1.0475593533982615,Three-step,1.0,1.0,0.5,0.5,3411,0.0,0.0,0.0,correct,wrong,3.0
148,0.15107576103386583,0.015614946113064241,-1.047546819034642,Three-step,1.0,1.0,0.5,0.5,3411,0.0,0.0,0.0,correct,wrong,3.0
149,-0.17913687236213027,-0.043605542340708195,-1.0468397736965604,Three-step,1.0,1.0,0.5,0.5,3411,0.0,0.0,0.0,correct,wrong,3.0
150,0.24426291250221363,0.35298662818218884,-1.0335129558574885,Three-step,1.0,1.0,0.5,0.5,3411,0.0,0.0,0.0,correct,wrong,3.0
151,0.16033988782428263,-0.05570592329886854,-1.0530730070930612,Three-step,1.0,1.0,0.5,0.5,3411,0.0,0.0,0.0,correct,wrong,3.0
152,0.10176008641350302,0.10150719303314515,-1.0430809445342064,Three-step,1.0,1.0,0.5,0.5,3411,0.0,0.0,0.0,correct,wrong,3.0
153,0.14021514355024614,-0.051404314497887627,-1.046995484552859,Three-step,1.0,1.0,0.5,0.5,3411,0.0,0.0,0.0,correct,wrong,3.0
154,0.022289054117634093,0.25914761729649094,-1.035975603459049,Three-step,1.0,1.0,0.5,0.5,3411,0.0,0.0,0.0,correct,wrong,3.0
155,0.027408909098708596,-0.056804326723739,-1.056691215093472,Three-step,1.0,1.0,0.5,0.5,3411,0.0,0.0,0.0,correct,wrong,3.0
156,0.35741579869325923,-0.04034523117407,-1.0326161130878146,Three-step,1.0,1.0,0.5,0.5,3411,0.0,0.0,0.0,correct,wrong,3.0
157,0.03306568173619037,-0.09676004598241497,-1.0474880939896367,Three-step,1.0,1.0,0.5,0.5,3411,0.0,0.0,0.0,correct,wrong,3.0
158,0.29278791394662246,0.021852234664639335,-1.0489957023368042,Three-step,1.0,1.0,0.5,0.5,3411,0.0,0.0,0.0,correct,wrong,3.0
159,-0.024913375408214963,0.14492328107311955,-1.0396976723014613,Three-step,1.0,1.0,0.5,0.5,3411,0.0,0.0,0.0,correct,wrong,3.0
160,0.14347427904484308,-0.032560310259832366,-1.051356124596291,Three-step,1.0,1.0,0.5,0.5,3411,0.0,0.0,0.0,correct,wrong,3.0
161,0.06633601645069152,0.08461864880163862,-1.0395250832727054,Three-step,1.0,1.0,0.5,0.5,3411,0.0,0.0,0.0,correct,wrong,3.0
162,0.2482903035213617,0.14881553315666338,-1.0415202536185306,Three-step,1.0,1.0,0.5,0.5,3411,0.0,0.0,0.0,correct,wrong,3.0
163,0.04980115852509098,0.05862022782352563,-1.052545127921422,Three-step,1.0,1.0,0.5,0.5,3411,0.0,0.0,0.0,correct,wrong,3.0
164,-0.506866562672694,-0.3173273795790925,-1.064518454984708,Three-step,1.0,1.0,0.5,0.5,3411,0.0,0.0,0.0,correct,wrong,3.0
165,-0.061469873635052415,-0.18624768655929283,-1.0542673982563486,Three-step,1.0,1.0,0.5,0.5,3411,0.0,0.0,0.0,correct,wrong,3.0
166,0.20066805365219514,-0.011406045529578383,-1.0422961123292382,Three-step,1.0,1.0,0.5,0.5,3411,0.0,0.0,0.0,correct,wrong,3.0
167,-0.2350473377424553,-0.11784717591084791,-1.05551387565274,Three-step,1.0,1.0,0.5,0.5,3411,0.0,0.0,0.0,correct,wrong,3.0
168,0.20336642969565047,0.014223540705236863,-1.0449889222846933,Three-step,1.0,1.0,0.5,0.5,3411,0.0,0.0,0.0,correct,wrong,3.0
169,-0.18565411347956964,0.1154624295721365,-1.0494651708818652,Three-step,1.0,1.0,0.5,0.5,3411,0.0,0.0,0.0,correct,wrong,3.0
170,-0.029652681000501526,0.032333374874123265,-1.0515230022678457,Three-step,1.0,1.0,0.5,0.5,3411,0.0,0.0,0.0,correct,wrong,3.0
171,-0.24340248916516385,-0.13910519284642903,-1.0590713282103952,Three-step,1.0,1.0,0.5,0.5,3411,0.0,0.0,0.0,correct,wrong,3.0
172,-0.19675320066435506,-0.09064710109563355,-1.058159526275441,Three-step,1.0,1.0,0.5,0.5,3411,0.0,0.0,0.0,correct,wrong,3.0
173,-0.04391977203283393,-0.17515476580648476,-1.0522272358163691,Three-step,1.0,1.0,0.5,0.5,3411,0.0,0.0,0.0,correct,wrong,3.0
174,0.03402062512334193,-0.031302278450240105,-1.044913864597881,Three-step,1.0,1.0,0.5,0.5,3411,0.0,0.0,0.0,correct,wrong,3.0
175,0.3830996138005339,-0.14457432141351795,-1.0515346956960927,Three-step,1.0,1.0,0.5,0.5,3411,0.0,0.0,0.0,correct,wrong,3.0
176,-0.3651860044027023,-0.05054883956572292,-1.043505568285698,Three-step,1.0,1.0,0.5,0.5,3411,0.0,0.0,0.0,correct,wrong,3.0
177,0.16625399846771483,0.21844366178865815,-1.050157864525929,Three-step,1.0,1.0,0.5,0.5,3411,0.0,0.0,0.0,correct,wrong,3.0
178,-0.03213088839697686,-0.04606918541767668,-1.044720107786455,Three-step,1.0,1.0,0.5,0.5,3411,0.0,0.0,0.0,correct,wrong,3.0
179,-0.22841778106874525,0.1074407325724584,-1.0442345145029956,Three-step,1.0,1.0,0.5,0.5,3411,0.0,0.0,0.0,correct,wrong,3.0
180,0.2741030244753532,0.1831696943703609,-1.051449512358894,Three-step,1.0,1.0,0.5,0.5,3411,0.0,0.0,0.0,correct,wrong,3.0
181,0.06134858797590523,0.062218127991277204,-1.0497685652364819,Three-step,1.0,1.0,0.5,0.5,3411,0.0,0.0,0.0,correct,wrong,3.0
182,0.1862064789858518,0.2053114254801633,-1.0235488000347628,Three-step,1.0,1.0,0.5,0.5,3411,0.0,0.0,0.0,correct,wrong,3.0
183,0.25885910388589134,0.006583934025773259,-1.0368073244404,Three-step,1.0,1.0,0.5,0.5,3411,0.0,0.0,0.0,correct,wrong,3.0
184,0.11824014974018916,0.06904550205436905,-1.040971075127158,Three-step,1.0,1.0,0.5,0.5,3411,0.0,0.0,0.0,correct,wrong,3.0
185,0.0385907309780121,-0.031311837498788325,-1.0475909057417385,Three-step,1.0,1.0,0.5,0.5,3411,0.0,0.0,0.0,correct,wrong,3.0
186,0.17876869576097834,-0.02757953416771385,-1.0485277013586711,Three-step,1.0,1.0,0.5,0.5,3411,0.0,0.0,0.0,correct,wrong,3.0
187,0.08451602328166681,0.08524844606876163,-1.0363967757444712,Three-step,1.0,1.0,0.5,0.5,3411,0.0,0.0,0.0,correct,wrong,3.0
188,-0.006046720956844984,-0.06355062786113648,-1.0529856198870784,Three-step,1.0,1.0,0.5,0.5,3411,0.0,0.0,0.0,correct,wrong,3.0
189,0.2595148340897825,0.19361518269423558,-1.0323482240546515,Three-step,1.0,1.0,0.5,0.5,3411,0.0,0.0,0.0,correct,wrong,3.0
190,0.06490632060043866,0.12354257821126681,-1.0303285924219203,Three-step,1.0,1.0,0.5,0.5,3411,0.0,0.0,0.0,correct,wrong,3.0
191,-0.27209631687583097,0.0320643883314401,-1.0382333475743606,Three-step,1.0,1.0,0.5,0.5,3411,0.0,0.0,0.0,correct,wrong,3.0
192,-0.16270230878446718,-0.0010155476618729324,-1.0503962256032113,Three-step,1.0,1.0,0.5,0.5,3411,0.0,0.0,0.0,correct,wrong,3.0
193,-0.37518338993956346,-0.2424816914660525,-1.0603417380797853,Three-step,1.0,1.0,0.5,0.5,3411,0.0,0.0,0.0,correct,wrong,3.0
194,0.35101997755747893,0.18799060797454123,-1.0335925666954024,Three-step,1.0,1.0,0.5,0.5,3411,0.0,0.0,0.0,correct,wrong,3.0
195,-0.46005572716015625,-0.05450975211005193,-1.0590427813857985,Three-step,1.0,1.0,0.5,0.5,3411,0.0,0.0,0.0,correct,wrong,3.0
196,-0.09116239995948719,-0.17923878526113973,-1.0579003925966115,Three-step,1.0,1.0,0.5,0.5,3411,0.0,0.0,0.0,correct,wrong,3.0
197,0.02845385822525932,0.006423689918425638,-1.04834151516873,Three-step,1.0,1.0,0.5,0.5,3411,0.0,0.0,0.0,correct,wrong,3.0
198,0.07192393793279209,-0.04369950031748601,-1.0499959488961534,Three-step,1.0,1.0,0.5,0.5,3411,0.0,0.0,0.0,correct,wrong,3.0
199,0.28295795418734093,0.1120303489795834,-1.049814024112477,Three-step,1.0,1.0,0.5,0.5,3411,0.0,0.0,0.0,correct,wrong,3.0
200,-0.029379856699791946,0.01694135988142113,-1.038204943099564,Three-step,1.0,1.0,0.5,0.5,3411,0.0,0.0,0.0,correct,wrong,3.0
201,0.09963025910660271,-0.03425339220750915,-1.0465447297683619,Three-step,1.0,1.0,0.5,0.5,3411,0.0,0.0,0.0,correct,wrong,3.0
202,-0.033393812967611604,0.14570753812801104,-1.0430581092922098,Three-step,1.0,1.0,0.5,0.5,3411,0.0,0.0,0.0,correct,wrong,3.0
203,0.2083606576086518,0.10141911552485341,-1.0398730837818702,Three-step,1.0,1.0,0.5,0.5,3411,0.0,0.0,0.0,correct,wrong,3.0
204,0.13903312879522126,-0.035620026775167374,-1.043009084714899,Three-step,1.0,1.0,0.5,0.5,3411,0.0,0.0,0.0,correct,wrong,3.0
205,0.015314513358945622,-0.06953291190937605,-1.0480550933744976,Three-step,1.0,1.0,0.5,0.5,3411,0.0,0.0,0.0,correct,wrong,3.0
206,0.1250768573813325,0.06851760007361296,-1.0472304049135568,Three-step,1.0,1.0,0.5,0.5,3411,0.0,0.0,0.0,correct,wrong,3.0
207,0.30311348774736496,0.20368782391724038,-1.0314908034449408,Three-step,1.0,1.0,0.5,0.5,3411,0.0,0.0,0.0,correct,wrong,3.0
208,-0.3572200652035896,-0.2509766271366642,-1.0480713954175012,Three-step,1.0,1.0,0.5,0.5,3411,0.0,0.0,0.0,correct,wrong,3.0
209,-0.09072556164900805,0.06964840437192903,-1.0463500774404104,Three-step,1.0,1.0,0.5,0.5,3411,0.0,0.0,0.0,correct,wrong,3.0
210,0.1698491520979867,0.09889408657347545,-1.0419952959423222,Three-step,1.0,1.0,0.5,0.5,3411,0.0,0.0,0.0,correct,wrong,3.0
211,0.278163216778136,0.18974354841236896,-1.037944361569028,Three-step,1.0,1.0,0.5,0.5,3411,0.0,0.0,0.0,correct,wrong,3.0
212,0.3040408852052135,0.14351293900742368,-1.0425202612198246,Three-step,1.0,1.0,0.5,0.5,3411,0.0,0.0,0.0,correct,wrong,3.0
213,0.01796450109127049,-0.08753165455963732,-1.0406054263812972,Three-step,1.0,1.0,0.5,0.5,3411,0.0,0.0,0.0,correct,wrong,3.0
214,-0.24195161898612835,-0.0510172953173525,-1.0512153765376306,Three-step,1.0,1.0,0.5,0.5,3411,0.0,0.0,0.0,correct,wrong,3.0
215,-0.04885462692115201,-0.019986527334609754,-1.0364734009554861,Three-step,1.0,1.0,0.5,0.5,3411,0.0,0.0,0.0,correct,wrong,3.0
216,0.386542869716369,0.16400649338980536,-1.0361528247886076,Three-step,1.0,1.0,0.5,0.5,3411,0.0,0.0,0.0,correct,wrong,3.0
217,0.4748492632512561,0.10548318597369812,-1.054687473737276,Three-step,1.0,1.0,0.5,0.5,3411,0.0,0.0,0.0,correct,wrong,3.0
218,-0.1299571451153707,-0.05361853704114724,-1.0483023060464667,Three-step,1.0,1.0,0.5,0.5,3411,0.0,0.0,0.0,correct,wrong,3.0
219,0.08457143982930578,0.07669507010452453,-1.0330172138841236,Three-step,1.0,1.0,0.5,0.5,3411,0.0,0.0,0.0,correct,wrong,3.0
220,0.17917510039922394,0.13097127477665166,-1.0495529212795718,Three-step,1.0,1.0,0.5,0.5,3411,0.0,0.0,0.0,correct,wrong,3.0
221,0.046216390175434684,0.07259979101025611,-1.0469973876105967,Three-step,1.0,1.0,0.5,0.5,3411,0.0,0.0,0.0,correct,wrong,3.0
222,-0.025745243547945926,0.07945656043350627,-1.03703592600386,Three-step,1.0,1.0,0.5,0.5,3411,0.0,0.0,0.0,correct,wrong,3.0
223,0.07524777616688819,0.15897515639190146,-1.0262229317808802,Three-step,1.0,1.0,0.5,0.5,3411,0.0,0.0,0.0,correct,wrong,3.0
224,-0.15538934494476137,-0.11386413682936893,-1.061779556590363,Three-step,1.0,1.0,0.5,0.5,3411,0.0,0.0,0.0,correct,wrong,3.0
225,-0.20126556459901054,0.01681764752168433,-1.0453499266697468,Three-step,1.0,1.0,0.5,0.5,3411,0.0,0.0,0.0,correct,wrong,3.0
226,0.3175530691170886,0.168159960299793,-1.0337940528726661,Three-step,1.0,1.0,0.5,0.5,3411,0.0,0.0,0.0,correct,wrong,3.0
227,0.3428364961951632,0.03853875842258271,-1.032972370802408,Three-step,1.0,1.0,0.5,0.5,3411,0.0,0.0,0.0,correct,wrong,3.0
228,0.28485640057041284,0.12679858434877483,-1.0324475850117723,Three-step,1.0,1.0,0.5,0.5,3411,0.0,0.0,0.0,correct,wrong,3.0
229,-0.022089465769195994,-0.10916120261352982,-1.051656625612127,Three-step,1.0,1.0,0.5,0.5,3411,0.0,0.0,0.0,correct,wrong,3.0
230,-0.17537242173905443,-0.16790876441092928,-1.065003667384229,Three-step,1.0,1.0,0.5,0.5,3411,0.0,0.0,0.0,correct,wrong,3.0
231,0.2615808121194048,0.012297428644769948,-1.04284018639767,Three-step,1.0,1.0,0.5,0.5,3411,0.0,0.0,0.0,correct,wrong,3.0
232,-0.2181427882325456,-0.04493299826790464,-1.0623599981902525,Three-step,1.0,1.0,0.5,0.5,3411,0.0,0.0,0.0,correct,wrong,3.0
233,-0.34266784640146314,0.11370492010109037,-1.0415242685801014,Three-step,1.0,1.0,0.5,0.5,3411,0.0,0.0,0.0,correct,wrong,3.0
234,-0.036889604885401404,-0.25008407305505853,-1.0567247601231888,Three-step,1.0,1.0,0.5,0.5,3411,0.0,0.0,0.0,correct,wrong,3.0
235,-0.21841577140136892,-0.05231951231162946,-1.0398406252876462,Three-step,1.0,1.0,0.5,0.5,3411,0.0,0.0,0.0,correct,wrong,3.0
236,-0.34188954965887725,-0.06149565091933258,-1.0462014748604178,Three-step,1.0,1.0,0.5,0.5,3411,0.0,0.0,0.0,correct,wrong,3.0
237,-0.1731766576985029,-0.03384220313569964,-1.0433552616884962,Three-step,1.0,1.0,0.5,0.5,3411,0.0,0.0,0.0,correct,wrong,3.0
238,0.10212976705597253,0.08589843499724108,-1.0319189304662204,Three-step,1.0,1.0,0.5,0.5,3411,0.0,0.0,0.0,correct,wrong,3.0
239,-0.21572618991999618,-0.2350103311210855,-1.0582637129707826,Three-step,1.0,1.0,0.5,0.5,3411,0.0,0.0,0.0,correct,wrong,3.0
240,-0.07643503219680216,0.11838195578601196,-1.0475704303991413,Three-step,1.0,1.0,0.5,0.5,3411,0.0,0.0,0.0,correct,wrong,3.0
241,-0.1102185574928463,0.06628513451858502,-1.0467129936673574,Three-step,1.0,1.0,0.5,0.5,3411,0.0,0.0,0.0,correct,wrong,3.0
242,0.2686324019411362,-0.027832287559899267,-1.0579998161519173,Three-step,1.0,1.0,0.5,0.5,3411,0.0,0.0,0.0,correct,wrong,3.0
243,0.052321782768786816,-0.09551390640531912,-1.0437358936560148,Three-step,1.0,1.0,0.5,0.5,3411,0.0,0.0,0.0,correct,wrong,3.0
244,0.09860744883770325,0.007543757467094774,-1.0457650076449563,Three-step,1.0,1.0,0.5,0.5,3411,0.0,0.0,0.0,correct,wrong,3.0
245,0.05227297458708366,0.09950771446122236,-1.041870919776943,Three-step,1.0,1.0,0.5,0.5,3411,0.0,0.0,0.0,correct,wrong,3.0
246,-0.534812630659758,0.03557415353794358,-1.0476986694682366,Three-step,1.0,1.0,0.5,0.5,3411,0.0,0.0,0.0,correct,wrong,3.0
247,-0.08757750635089367,-0.2897250737633282,-1.0559585479701523,Three-step,1.0,1.0,0.5,0.5,3411,0.0,0.0,0.0,correct,wrong,3.0
248,0.3222642623627108,-0.0981944647532166,-1.0431967880499908,Three-step,1.0,1.0,0.5,0.5,3411,0.0,0.0,0.0,correct,wrong,3.0
249,0.22422958519547348,0.19821166731149123,-1.0358244485583639,Three-step,1.0,1.0,0.5,0.5,3411,0.0,0.0,0.0,correct,wrong,3.0
250,-0.16148720151928397,-0.04321052370451668,-1.0523366584367844,Three-step,1.0,1.0,0.5,0.5,3411,0.0,0.0,0.0,correct,wrong,3.0
251,-0.08373653015583556,-0.16369219252994072,-1.0600348616718855,Three-step,1.0,1.0,0.5,0.5,3411,0.0,0.0,0.0,correct,wrong,3.0
252,0.07704745913169575,0.04827517849646535,-1.0372334702835313,Three-step,1.0,1.0,0.5,0.5,3411,0.0,0.0,0.0,correct,wrong,3.0
253,-0.20670078547576992,0.23321695206178436,-1.0342609821228654,Three-step,1.0,1.0,0.5,0.5,3411,0.0,0.0,0.0,correct,wrong,3.0
254,0.15823213268404104,0.034463670073035184,-1.0480678086597912,Three-step,1.0,1.0,0.5,0.5,3411,0.0,0.0,0.0,correct,wrong,3.0
255,-0.040203432291510806,-0.1012061524487221,-1.0370815543791825,Three-step,1.0,1.0,0.5,0.5,3411,0.0,0.0,0.0,correct,wrong,3.0
256,-0.2533096017881921,-0.24355064945716534,-1.0657143045824453,Three-step,1.0,1.0,0.5,0.5,3411,0.0,0.0,0.0,correct,wrong,3.0
257,-0.057246951472464315,-0.05483193112174439,-1.051638916933454,Three-step,1.0,1.0,0.5,0.5,3411,0.0,0.0,0.0,correct,wrong,3.0
258,-0.4288552402173462,-0.06350334340565202,-1.062291919110261,Three-step,1.0,1.0,0.5,0.5,3411,0.0,0.0,0.0,correct,wrong,3.0
259,-0.10481954524892823,-0.05926430803110478,-1.0458820325598364,Three-step,1.0,1.0,0.5,0.5,3411,0.0,0.0,0.0,correct,wrong,3.0
260,-0.12808865208689804,-0.16216848038413867,-1.0545917489321412,Three-step,1.0,1.0,0.5,0.5,3411,0.0,0.0,0.0,correct,wrong,3.0
261,0.07563735169233997,-0.028114600440403648,-1.04953903839279,Three-step,1.0,1.0,0.5,0.5,3411,0.0,0.0,0.0,correct,wrong,3.0
262,-0.16545800173435357,0.009811516356318986,-1.043913905909869,Three-step,1.0,1.0,0.5,0.5,3411,0.0,0.0,0.0,correct,wrong,3.0
263,-0.2129282387028744,0.0033579560789271812,-1.0464312510218194,Three-step,1.0,1.0,0.5,0.5,3411,0.0,0.0,0.0,correct,wrong,3.0
264,0.11381382144893237,0.08859240667576479,-1.0473637605012023,Three-step,1.0,1.0,0.5,0.5,3411,0.0,0.0,0.0,correct,wrong,3.0
265,-0.10188676412207044,-0.103811053361173,-1.0466694042829707,Three-step,1.0,1.0,0.5,0.5,3411,0.0,0.0,0.0,correct,wrong,3.0
266,-0.00090180957061345,-0.2302958452292392,-1.0739004906547622,Three-step,1.0,1.0,0.5,0.5,3411,0.0,0.0,0.0,correct,wrong,3.0
267,-0.08479086702362085,0.12317495724322762,-1.0400982450041791,Three-step,1.0,1.0,0.5,0.5,3411,0.0,0.0,0.0,correct,wrong,3.0
268,-0.20727486569287545,-0.11009071139586993,-1.0500872328461799,Three-step,1.0,1.0,0.5,0.5,3411,0.0,0.0,0.0,correct,wrong,3.0
269,-0.27509378669724266,0.013706185770531721,-1.0381237190901602,Three-step,1.0,1.0,0.5,0.5,3411,0.0,0.0,0.0,correct,wrong,3.0
270,0.08819731106645369,-0.3088315584992385,-1.053233072101835,Three-step,1.0,1.0,0.5,0.5,3411,0.0,0.0,0.0,correct,wrong,3.0
271,0.0905642421573677,-0.022557178170921236,-1.0411131647822858,Three-step,1.0,1.0,0.5,0.5,3411,0.0,0.0,0.0,correct,wrong,3.0
272,-0.32124872799977094,-0.10493706358189613,-1.0524929715990434,Three-step,1.0,1.0,0.5,0.5,3411,0.0,0.0,0.0,correct,wrong,3.0
273,0.07074057905942951,-0.10000828847849388,-1.0531565739789577,Three-step,1.0,1.0,0.5,0.5,3411,0.0,0.0,0.0,correct,wrong,3.0
274,-0.08552099062559262,-0.1570880466590666,-1.0579269670760925,Three-step,1.0,1.0,0.5,0.5,3411,0.0,0.0,0.0,correct,wrong,3.0
275,0.04410587768031672,-0.02617477210086854,-1.0590496281488948,Three-step,1.0,1.0,0.5,0.5,3411,0.0,0.0,0.0,correct,wrong,3.0
276,0.0494553465241777,-0.018171832561860647,-1.0521224674632712,Three-step,1.0,1.0,0.5,0.5,3411,0.0,0.0,0.0,correct,wrong,3.0
277,0.3346206841608725,-0.08603575722318796,-1.0534806468908,Three-step,1.0,1.0,0.5,0.5,3411,0.0,0.0,0.0,correct,wrong,3.0
278,0.194565962573171,0.1535157116946788,-1.0485956541931496,Three-step,1.0,1.0,0.5,0.5,3411,0.0,0.0,0.0,correct,wrong,3.0
279,0.036074277602116206,-0.11604267783691534,-1.0511684557890197,Three-step,1.0,1.0,0.5,0.5,3411,0.0,0.0,0.0,correct,wrong,3.0
280,-0.0017980668880109882,0.10177189011020316,-1.0480243322199487,Three-step,1.0,1.0,0.5,0.5,3411,0.0,0.0,0.0,correct,wrong,3.0
281,0.30283655326384157,0.3042520221135657,-1.0315957852733095,Three-step,1.0,1.0,0.5,0.5,3411,0.0,0.0,0.0,correct,wrong,3.0
282,0.25061691761896165,-0.06419607442620132,-1.052096273570907,Three-step,1.0,1.0,0.5,0.5,3411,0.0,0.0,0.0,correct,wrong,3.0
283,0.30449086538895714,0.07000572294381942,-1.0513923874399114,Three-step,1.0,1.0,0.5,0.5,3411,0.0,0.0,0.0,correct,wrong,3.0
284,-0.12032864810586742,0.04980040627792628,-1.044787889997787,Three-step,1.0,1.0,0.5,0.5,3411,0.0,0.0,0.0,correct,wrong,3.0
285,-0.019749919648484243,-0.08559521033731399,-1.06098455139277,Three-step,1.0,1.0,0.5,0.5,3411,0.0,0.0,0.0,correct,wrong,3.0
286,-0.01610493749333789,0.05987289292869963,-1.0343228695832685,Three-step,1.0,1.0,0.5,0.5,3411,0.0,0.0,0.0,correct,wrong,3.0
287,0.257914548651864,0.11821011346615483,-1.049289729752486,Three-step,1.0,1.0,0.5,0.5,3411,0.0,0.0,0.0,correct,wrong,3.0
288,-0.4576090397122136,-0.17283186165267186,-1.0573862521350188,Three-step,1.0,1.0,0.5,0.5,3411,0.0,0.0,0.0,correct,wrong,3.0
289,-0.3848029389907736,0.06785300743948171,-1.0364443651405673,Three-step,1.0,1.0,0.5,0.5,3411,0.0,0.0,0.0,correct,wrong,3.0
290,-0.2967479626647183,-0.1421455187657641,-1.0581542102255221,Three-step,1.0,1.0,0.5,0.5,3411,0.0,0.0,0.0,correct,wrong,3.0
291,0.4395535629675192,0.08326301168652316,-1.0393209661994365,Three-step,1.0,1.0,0.5,0.5,3411,0.0,0.0,0.0,correct,wrong,3.0
292,0.4920523314844282,0.3034937930625077,-1.0228646307955114,Three-step,1.0,1.0,0.5,0.5,3411,0.0,0.0,0.0,correct,wrong,3.0
293,-0.28235503590974664,-0.12102844222160695,-1.0566648696489103,Three-step,1.0,1.0,0.5,0.5,3411,0.0,0.0,0.0,correct,wrong,3.0
294,0.21287877155037635,-0.05109086058845988,-1.0436639040014348,Three-step,1.0,1.0,0.5,0.5,3411,0.0,0.0,0.0,correct,wrong,3.0
295,0.08874163679799066,0.0811495997828229,-1.036424766281176,Three-step,1.0,1.0,0.5,0.5,3411,0.0,0.0,0.0,correct,wrong,3.0
296,0.14154434761721277,0.22936853544111938,-1.0493380410888162,Three-step,1.0,1.0,0.5,0.5,3411,0.0,0.0,0.0,correct,wrong,3.0
297,-0.1427318048770489,-0.16444150372642963,-1.0586527953251292,Three-step,1.0,1.0,0.5,0.5,3411,0.0,0.0,0.0,correct,wrong,3.0
298,0.4589763284356762,0.3215690762563497,-1.0268607504213565,Three-step,1.0,1.0,0.5,0.5,3411,0.0,0.0,0.0,correct,wrong,3.0
299,-0.10112725478086149,0.045977498951786135,-1.0463463793888415,Three-step,1.0,1.0,0.5,0.5,3411,0.0,0.0,0.0,correct,wrong,3.0
300,0.01833070606666787,-0.21726055126001664,-1.0509263589061784,Three-step,1.0,1.0,0.5,0.5,3411,0.0,0.0,0.0,correct,wrong,3.0
1,-0.1053564678253711,-0.1370053165471496,-1.041938220180851,Robins' estimator,1.0,1.0,0.5,0.5,3411,0.0,0.0,0.0,correct,wrong,3.0
2,-0.00018199230249330676,-0.02147956824672928,-1.033758873713371,Robins' estimator,1.0,1.0,0.5,0.5,3411,0.0,0.0,0.0,correct,wrong,3.0
3,-0.19299892431880025,0.0712416934923216,-1.0491367214353327,Robins' estimator,1.0,1.0,0.5,0.5,3411,0.0,0.0,0.0,correct,wrong,3.0
4,0.15104177663835058,0.06365250255264242,-1.0552851551303553,Robins' estimator,1.0,1.0,0.5,0.5,3411,0.0,0.0,0.0,correct,wrong,3.0
5,-0.25589051402861945,-0.11537032788986136,-1.050298739330715,Robins' estimator,1.0,1.0,0.5,0.5,3411,0.0,0.0,0.0,correct,wrong,3.0
6,0.14114467133238368,0.07067671647912303,-1.0467058466943302,Robins' estimator,1.0,1.0,0.5,0.5,3411,0.0,0.0,0.0,correct,wrong,3.0
7,0.3622871603513786,0.27830800349982404,-1.0313537098578662,Robins' estimator,1.0,1.0,0.5,0.5,3411,0.0,0.0,0.0,correct,wrong,3.0
8,-0.3479305760420814,-0.048574926045174556,-1.0477383282265362,Robins' estimator,1.0,1.0,0.5,0.5,3411,0.0,0.0,0.0,correct,wrong,3.0
9,-0.05093774018388978,0.015117296224950932,-1.0361753233471607,Robins' estimator,1.0,1.0,0.5,0.5,3411,0.0,0.0,0.0,correct,wrong,3.0
10,-0.05818261968128594,-0.2234781989930381,-1.0634813514737016,Robins' estimator,1.0,1.0,0.5,0.5,3411,0.0,0.0,0.0,correct,wrong,3.0
11,0.11365304083163001,0.13325036972446053,-1.0487377320166387,Robins' estimator,1.0,1.0,0.5,0.5,3411,0.0,0.0,0.0,correct,wrong,3.0
12,-0.07121888783974624,-0.08758087951150777,-1.0479529634443574,Robins' estimator,1.0,1.0,0.5,0.5,3411,0.0,0.0,0.0,correct,wrong,3.0
13,0.168796073457862,0.05631683478160754,-1.0480561642028314,Robins' estimator,1.0,1.0,0.5,0.5,3411,0.0,0.0,0.0,correct,wrong,3.0
14,-0.2804244753138894,-0.12975658200072357,-1.0520220808721217,Robins' estimator,1.0,1.0,0.5,0.5,3411,0.0,0.0,0.0,correct,wrong,3.0
15,-0.2724119089247768,-0.23542905273753617,-1.0585424086901405,Robins' estimator,1.0,1.0,0.5,0.5,3411,0.0,0.0,0.0,correct,wrong,3.0
16,-0.23674837391596837,-0.3298273677382563,-1.07493016318696,Robins' estimator,1.0,1.0,0.5,0.5,3411,0.0,0.0,0.0,correct,wrong,3.0
17,0.3961205407401692,0.270327168930755,-1.0334596647558685,Robins' estimator,1.0,1.0,0.5,0.5,3411,0.0,0.0,0.0,correct,wrong,3.0
18,0.12320473750326037,0.13077863669946302,-1.0338392533336334,Robins' estimator,1.0,1.0,0.5,0.5,3411,0.0,0.0,0.0,correct,wrong,3.0
19,0.057374701357679934,0.17675192672047116,-1.034902669121699,Robins' estimator,1.0,1.0,0.5,0.5,3411,0.0,0.0,0.0,correct,wrong,3.0
20,-0.12000079367279484,0.18795968567162769,-1.0319302419372354,Robins' estimator,1.0,1.0,0.5,0.5,3411,0.0,0.0,0.0,correct,wrong,3.0
21,0.17415065212994243,0.20010728058615113,-1.044297189257462,Robins' estimator,1.0,1.0,0.5,0.5,3411,0.0,0.0,0.0,correct,wrong,3.0
22,-0.15892328868396785,-0.014860327979826617,-1.0411633405912981,Robins' estimator,1.0,1.0,0.5,0.5,3411,0.0,0.0,0.0,correct,wrong,3.0
23,-0.06284950928302442,-0.13553139008654194,-1.044598683649421,Robins' estimator,1.0,1.0,0.5,0.5,3411,0.0,0.0,0.0,correct,wrong,3.0
24,0.161088879199294,0.16056200339760712,-1.03819795730516,Robins' estimator,1.0,1.0,0.5,0.5,3411,0.0,0.0,0.0,correct,wrong,3.0
25,0.061297242616708866,0.11978492504761329,-1.0366690811169983,Robins' estimator,1.0,1.0,0.5,0.5,3411,0.0,0.0,0.0,correct,wrong,3.0
26,0.06410560043723218,0.19269362799129552,-1.0358175687807416,Robins' estimator,1.0,1.0,0.5,0.5,3411,0.0,0.0,0.0,correct,wrong,3.0
27,0.031776480561139624,0.17178369549582348,-1.039013740808067,Robins' estimator,1.0,1.0,0.5,0.5,3411,0.0,0.0,0.0,correct,wrong,3.0
28,-0.201720676322737,-0.2037971041275085,-1.0553760189340062,Robins' estimator,1.0,1.0,0.5,0.5,3411,0.0,0.0,0.0,correct,wrong,3.0
29,-0.05775489432640448,-0.03908536089149016,-1.046700535786645,Robins' estimator,1.0,1.0,0.5,0.5,3411,0.0,0.0,0.0,correct,wrong,3.0
30,15.329932581520254,1.8530144416390038,-0.9745907791955359,Robins' estimator,1.0,1.0,0.5,0.5,3411,0.0,0.0,0.0,correct,wrong,3.0
31,0.26835581064851266,0.11835060905846344,-1.0424364590158333,Robins' estimator,1.0,1.0,0.5,0.5,3411,0.0,0.0,0.0,correct,wrong,3.0
32,-0.09168615841155396,-0.24710109662130048,-1.0528580790797262,Robins' estimator,1.0,1.0,0.5,0.5,3411,0.0,0.0,0.0,correct,wrong,3.0
33,-0.0023369480834778272,0.09133276489823376,-1.0445356900609266,Robins' estimator,1.0,1.0,0.5,0.5,3411,0.0,0.0,0.0,correct,wrong,3.0
34,0.011426697735920591,-0.06201613252012337,-1.0493867632535443,Robins' estimator,1.0,1.0,0.5,0.5,3411,0.0,0.0,0.0,correct,wrong,3.0
35,0.007450906039356366,0.027502135095195453,-1.0430185805467698,Robins' estimator,1.0,1.0,0.5,0.5,3411,0.0,0.0,0.0,correct,wrong,3.0
36,0.13887138283593942,0.18469510921621576,-1.0414378142487637,Robins' estimator,1.0,1.0,0.5,0.5,3411,0.0,0.0,0.0,correct,wrong,3.0
37,-0.19316454176005896,-0.16521014378548884,-1.066230492376144,Robins' estimator,1.0,1.0,0.5,0.5,3411,0.0,0.0,0.0,correct,wrong,3.0
38,-0.0001241239355766021,-0.06370522429870012,-1.052219759232683,Robins' estimator,1.0,1.0,0.5,0.5,3411,0.0,0.0,0.0,correct,wrong,3.0
39,-0.1527552843512014,-0.0938556892622564,-1.0564540769047281,Robins' estimator,1.0,1.0,0.5,0.5,3411,0.0,0.0,0.0,correct,wrong,3.0
40,0.1840970427966656,0.13500799215988885,-1.0483161627138242,Robins' estimator,1.0,1.0,0.5,0.5,3411,0.0,0.0,0.0,correct,wrong,3.0
41,0.16069646586668868,0.09122934744941956,-1.0390817847848537,Robins' estimator,1.0,1.0,0.5,0.5,3411,0.0,0.0,0.0,correct,wrong,3.0
42,0.2943788510421908,0.13828769104246597,-1.0412620823938021,Robins' estimator,1.0,1.0,0.5,0.5,3411,0.0,0.0,0.0,correct,wrong,3.0
43,0.0552446120634898,0.03128915556120252,-1.0461684085241134,Robins' estimator,1.0,1.0,0.5,0.5,3411,0.0,0.0,0.0,correct,wrong,3.0
44,0.2959765995757032,0.00978272530888869,-1.040888979398717,Robins' estimator,1.0,1.0,0.5,0.5,3411,0.0,0.0,0.0,correct,wrong,3.0
45,-0.06743890355311326,-0.14351002997084375,-1.0526286855547118,Robins' estimator,1.0,1.0,0.5,0.5,3411,0.0,0.0,0.0,correct,wrong,3.0
46,-0.020699771158074042,0.016659513404704184,-1.0442895924795514,Robins' estimator,1.0,1.0,0.5,0.5,3411,0.0,0.0,0.0,correct,wrong,3.0
47,0.12195565032279,0.15687588738802982,-1.0395313856031965,Robins' estimator,1.0,1.0,0.5,0.5,3411,0.0,0.0,0.0,correct,wrong,3.0
48,0.07246574320421013,0.02663518929658878,-1.0540384754864573,Robins' estimator,1.0,1.0,0.5,0.5,3411,0.0,0.0,0.0,correct,wrong,3.0
49,-0.11877127113759803,0.07442387653699609,-1.0295141741651799,Robins' estimator,1.0,1.0,0.5,0.5,3411,0.0,0.0,0.0,correct,wrong,3.0
50,-0.08119433817812963,0.11078661935150029,-1.0541143241484772,Robins' estimator,1.0,1.0,0.5,0.5,3411,0.0,0.0,0.0,correct,wrong,3.0
51,0.06969339606307962,0.03821564467377979,-1.0584374026894394,Robins' estimator,1.0,1.0,0.5,0.5,3411,0.0,0.0,0.0,correct,wrong,3.0
52,-0.10775302862229807,0.019035399292476655,-1.0443507802560044,Robins' estimator,1.0,1.0,0.5,0.5,3411,0.0,0.0,0.0,correct,wrong,3.0
53,0.08465681846813752,-0.010659381796762516,-1.0382142899372182,Robins' estimator,1.0,1.0,0.5,0.5,3411,0.0,0.0,0.0,correct,wrong,3.0
54,-0.05721099134291843,-0.09631558958142536,-1.0432588796560447,Robins' estimator,1.0,1.0,0.5,0.5,3411,0.0,0.0,0.0,correct,wrong,3.0
55,-0.10287469954774071,-0.031540593707918486,-1.0448156506411286,Robins' estimator,1.0,1.0,0.5,0.5,3411,0.0,0.0,0.0,correct,wrong,3.0
56,-0.07206200910068268,0.04265926313002546,-1.0581142371632264,Robins' estimator,1.0,1.0,0.5,0.5,3411,0.0,0.0,0.0,correct,wrong,3.0
57,-0.299097718285204,-0.2408775882202087,-1.0528691810790596,Robins' estimator,1.0,1.0,0.5,0.5,3411,0.0,0.0,0.0,correct,wrong,3.0
58,-0.1063487893894082,-0.18686341728531508,-1.066969626331609,Robins' estimator,1.0,1.0,0.5,0.5,3411,0.0,0.0,0.0,correct,wrong,3.0
59,0.4000884615042405,0.36369146577686273,-1.0351805700251062,Robins' estimator,1.0,1.0,0.5,0.5,3411,0.0,0.0,0.0,correct,wrong,3.0
60,-0.053735208569764756,0.04171465022879208,-1.0415121695582743,Robins' estimator,1.0,1.0,0.5,0.5,3411,0.0,0.0,0.0,correct,wrong,3.0
61,0.008639727528315839,0.017780064263315166,-1.0418496612038355,Robins' estimator,1.0,1.0,0.5,0.5,3411,0.0,0.0,0.0,correct,wrong,3.0
62,-0.1538257523209936,0.07813156426216644,-1.0358581713472494,Robins' estimator,1.0,1.0,0.5,0.5,3411,0.0,0.0,0.0,correct,wrong,3.0
63,-0.1902281499835564,-0.025576585901411552,-1.0491086234836569,Robins' estimator,1.0,1.0,0.5,0.5,3411,0.0,0.0,0.0,correct,wrong,3.0
64,-0.08834021846801966,0.001607252863900662,-1.0442774929828338,Robins' estimator,1.0,1.0,0.5,0.5,3411,0.0,0.0,0.0,correct,wrong,3.0
65,-0.21650349584907969,-0.06374665173428577,-1.0364270048876785,Robins' estimator,1.0,1.0,0.5,0.5,3411,0.0,0.0,0.0,correct,wrong,3.0
66,0.07101969849974256,0.13295056362529167,-1.0439320389806779,Robins' estimator,1.0,1.0,0.5,0.5,3411,0.0,0.0,0.0,correct,wrong,3.0
67,0.10450168298033168,0.05429263079916491,-1.0404440407664068,Robins' estimator,1.0,1.0,0.5,0.5,3411,0.0,0.0,0.0,correct,wrong,3.0
68,0.018784936863647714,0.08032476515219673,-1.037058181153038,Robins' estimator,1.0,1.0,0.5,0.5,3411,0.0,0.0,0.0,correct,wrong,3.0
69,-0.1688051334597269,-0.08930732591384986,-1.050807987748763,Robins' estimator,1.0,1.0,0.5,0.5,3411,0.0,0.0,0.0,correct,wrong,3.0
70,6.71701285857575,0.8547382664653261,-1.00105483489408,Robins' estimator,1.0,1.0,0.5,0.5,3411,0.0,0.0,0.0,correct,wrong,3.0
71,-0.24973716691808265,0.02263260174419818,-1.0324514961703233,Robins' estimator,1.0,1.0,0.5,0.5,3411,0.0,0.0,0.0,correct,wrong,3.0
72,0.04158563487004619,0.03333314478871425,-1.0591237916386465,Robins' estimator,1.0,1.0,0.5,0.5,3411,0.0,0.0,0.0,correct,wrong,3.0
73,-0.014104432436368533,0.008047074058155218,-1.042660942184964,Robins' estimator,1.0,1.0,0.5,0.5,3411,0.0,0.0,0.0,correct,wrong,3.0
74,-0.4218895118317389,-0.28567601499725453,-1.07010430774937,Robins' estimator,1.0,1.0,0.5,0.5,3411,0.0,0.0,0.0,correct,wrong,3.0
75,0.0013910961249339172,-0.02343283618825106,-1.042240947735942,Robins' estimator,1.0,1.0,0.5,0.5,3411,0.0,0.0,0.0,correct,wrong,3.0
76,0.013691515604767196,-0.040573217987227746,-1.0510978886085016,Robins' estimator,1.0,1.0,0.5,0.5,3411,0.0,0.0,0.0,correct,wrong,3.0
77,-0.2888958260639752,-0.22226122839962273,-1.064291145167601,Robins' estimator,1.0,1.0,0.5,0.5,3411,0.0,0.0,0.0,correct,wrong,3.0
78,-0.30630994365718806,-0.2220273736057963,-1.0668079823132166,Robins' estimator,1.0,1.0,0.5,0.5,3411,0.0,0.0,0.0,correct,wrong,3.0
79,0.09532658527431358,0.012873196431999707,-1.0434263088356646,Robins' estimator,1.0,1.0,0.5,0.5,3411,0.0,0.0,0.0,correct,wrong,3.0
80,0.04956138297457582,-0.06365975722943483,-1.0551132094347304,Robins' estimator,1.0,1.0,0.5,0.5,3411,0.0,0.0,0.0,correct,wrong,3.0
81,-0.22767856188158925,-0.07770763656396201,-1.0602499337594746,Robins' estimator,1.0,1.0,0.5,0.5,3411,0.0,0.0,0.0,correct,wrong,3.0
82,0.03861218301488413,0.1629203665798036,-1.0376374792695278,Robins' estimator,1.0,1.0,0.5,0.5,3411,0.0,0.0,0.0,correct,wrong,3.0
83,0.03102481758965882,-0.16665736291816644,-1.0630215497152082,Robins' estimator,1.0,1.0,0.5,0.5,3411,0.0,0.0,0.0,correct,wrong,3.0
84,-0.15132366298970926,-0.1418561934631751,-1.065273694214478,Robins' estimator,1.0,1.0,0.5,0.5,3411,0.0,0.0,0.0,correct,wrong,3.0
85,-0.25021027300199533,-0.26127656848673203,-1.069505420406429,Robins' estimator,1.0,1.0,0.5,0.5,3411,0.0,0.0,0.0,correct,wrong,3.0
86,-0.10969971314983326,-0.022411710076717148,-1.0456590580683238,Robins' estimator,1.0,1.0,0.5,0.5,3411,0.0,0.0,0.0,correct,wrong,3.0
87,-0.02524926576752135,-0.16224843431130057,-1.0664305891902492,Robins' estimator,1.0,1.0,0.5,0.5,3411,0.0,0.0,0.0,correct,wrong,3.0
88,0.354719575947015,0.14224776516874188,-1.044218697173078,Robins' estimator,1.0,1.0,0.5,0.5,3411,0.0,0.0,0.0,correct,wrong,3.0
89,0.1043565817155025,0.1004479068333729,-1.0468555476847499,Robins' estimator,1.0,1.0,0.5,0.5,3411,0.0,0.0,0.0,correct,wrong,3.0
90,0.124790262976016,-0.044735029895091025,-1.0505238323702935,Robins' estimator,1.0,1.0,0.5,0.5,3411,0.0,0.0,0.0,correct,wrong,3.0
91,-0.022593279023122585,-0.004822716889064547,-1.0449755368488771,Robins' estimator,1.0,1.0,0.5,0.5,3411,0.0,0.0,0.0,correct,wrong,3.0
92,-0.19566042871630981,-0.2496222534583682,-1.0640387230354733,Robins' estimator,1.0,1.0,0.5,0.5,3411,0.0,0.0,0.0,correct,wrong,3.0
93,0.2195876983943626,0.08534050818616364,-1.0436486382701884,Robins' estimator,1.0,1.0,0.5,0.5,3411,0.0,0.0,0.0,correct,wrong,3.0
94,-0.17321160881224693,-0.0405456464901758,-1.047471609441948,Robins' estimator,1.0,1.0,0.5,0.5,3411,0.0,0.0,0.0,correct,wrong,3.0
95,0.06203749002369506,0.08114697976490318,-1.0426819544826305,Robins' estimator,1.0,1.0,0.5,0.5,3411,0.0,0.0,0.0,correct,wrong,3.0
96,-0.177230867573003,-0.22140069821844716,-1.0595419312651997,Robins' estimator,1.0,1.0,0.5,0.5,3411,0.0,0.0,0.0,correct,wrong,3.0
97,-0.04876389993451939,-0.0077864135180888165,-1.0488212296064838,Robins' estimator,1.0,1.0,0.5,0.5,3411,0.0,0.0,0.0,correct,wrong,3.0
98,18.1715359235251,0.47593961538168583,-1.0204941256807998,Robins' estimator,1.0,1.0,0.5,0.5,3411,0.0,0.0,0.0,correct,wrong,3.0
99,-0.24357889450886924,-0.02004032652026522,-1.0466395084804696,Robins' estimator,1.0,1.0,0.5,0.5,3411,0.0,0.0,0.0,correct,wrong,3.0
100,-0.022544167754266535,-0.04165377114050644,-1.0657261924613097,Robins' estimator,1.0,1.0,0.5,0.5,3411,0.0,0.0,0.0,correct,wrong,3.0
101,0.11413343344758448,-0.0825067708858725,-1.038817805049479,Robins' estimator,1.0,1.0,0.5,0.5,3411,0.0,0.0,0.0,correct,wrong,3.0
102,-0.018642714549610438,-0.08971698725305854,-1.0638989612658882,Robins' estimator,1.0,1.0,0.5,0.5,3411,0.0,0.0,0.0,correct,wrong,3.0
103,0.15155865168840552,0.01886706983959944,-1.0381974253024986,Robins' estimator,1.0,1.0,0.5,0.5,3411,0.0,0.0,0.0,correct,wrong,3.0
104,-0.2855016210506444,-0.07234241770801345,-1.0406169887243837,Robins' estimator,1.0,1.0,0.5,0.5,3411,0.0,0.0,0.0,correct,wrong,3.0
105,-0.24829482414965576,-0.1796938018961682,-1.0603413401903141,Robins' estimator,1.0,1.0,0.5,0.5,3411,0.0,0.0,0.0,correct,wrong,3.0
106,-0.2916131089292282,-0.34354006192375497,-1.068056900401825,Robins' estimator,1.0,1.0,0.5,0.5,3411,0.0,0.0,0.0,correct,wrong,3.0
107,-0.1888405187148191,-0.21652809963527989,-1.0482308514072745,Robins' estimator,1.0,1.0,0.5,0.5,3411,0.0,0.0,0.0,correct,wrong,3.0
108,0.01914346545301751,0.16378339991767865,-1.0497088952758853,Robins' estimator,1.0,1.0,0.5,0.5,3411,0.0,0.0,0.0,correct,wrong,3.0
109,0.005030610847105291,0.004312542443333908,-1.0484480348802245,Robins' estimator,1.0,1.0,0.5,0.5,3411,0.0,0.0,0.0,correct,wrong,3.0
110,0.2159356741947865,0.16741439849688114,-1.0363889786902092,Robins' estimator,1.0,1.0,0.5,0.5,3411,0.0,0.0,0.0,correct,wrong,3.0
111,0.01826104780885559,0.09344368065823132,-1.0452778620729022,Robins' estimator,1.0,1.0,0.5,0.5,3411,0.0,0.0,0.0,correct,wrong,3.0
112,0.07213926224767485,0.014636898176586673,-1.049828682945111,Robins' estimator,1.0,1.0,0.5,0.5,3411,0.0,0.0,0.0,correct,wrong,3.0
113,-0.22520917312175398,0.04359156420631189,-1.0470186637657457,Robins' estimator,1.0,1.0,0.5,0.5,3411,0.0,0.0,0.0,correct,wrong,3.0
114,0.44107246450114357,0.0921778451918682,-1.0498166340085628,Robins' estimator,1.0,1.0,0.5,0.5,3411,0.0,0.0,0.0,correct,wrong,3.0
115,-0.03452085206416287,0.005278173930547485,-1.0415647008737547,Robins' estimator,1.0,1.0,0.5,0.5,3411,0.0,0.0,0.0,correct,wrong,3.0
116,-0.01565186090226645,0.06680972436315644,-1.0465620942514742,Robins' estimator,1.0,1.0,0.5,0.5,3411,0.0,0.0,0.0,correct,wrong,3.0
117,-0.44498833515520675,-0.2905831737518414,-1.070436860431465,Robins' estimator,1.0,1.0,0.5,0.5,3411,0.0,0.0,0.0,correct,wrong,3.0
118,-0.0954975941400539,-0.06039785337413927,-1.0480082952056982,Robins' estimator,1.0,1.0,0.5,0.5,3411,0.0,0.0,0.0,correct,wrong,3.0
119,0.1311180625895128,-0.01928909332477508,-1.052974989828094,Robins' estimator,1.0,1.0,0.5,0.5,3411,0.0,0.0,0.0,correct,wrong,3.0
120,-0.0928487445154271,-0.03827334829131718,-1.049425507065207,Robins' estimator,1.0,1.0,0.5,0.5,3411,0.0,0.0,0.0,correct,wrong,3.0
121,-0.11359751368837949,-0.014344317317711552,-1.0450938232681342,Robins' estimator,1.0,1.0,0.5,0.5,3411,0.0,0.0,0.0,correct,wrong,3.0
122,0.13886753772274438,0.11602001712604063,-1.0354937375736144,Robins' estimator,1.0,1.0,0.5,0.5,3411,0.0,0.0,0.0,correct,wrong,3.0
123,0.17890787212125084,0.038825269062438196,-1.0361625427376022,Robins' estimator,1.0,1.0,0.5,0.5,3411,0.0,0.0,0.0,correct,wrong,3.0
124,-0.14661675254133874,-0.14365271161435444,-1.0520916912654292,Robins' estimator,1.0,1.0,0.5,0.5,3411,0.0,0.0,0.0,correct,wrong,3.0
125,-0.12143242397356367,0.005471641064533289,-1.041283063545603,Robins' estimator,1.0,1.0,0.5,0.5,3411,0.0,0.0,0.0,correct,wrong,3.0
126,-0.11215412657979963,0.0034382109501386493,-1.043523835930924,Robins' estimator,1.0,1.0,0.5,0.5,3411,0.0,0.0,0.0,correct,wrong,3.0
127,0.0640723802634107,-0.06397422297687222,-1.0433158995483434,Robins' estimator,1.0,1.0,0.5,0.5,3411,0.0,0.0,0.0,correct,wrong,3.0
128,0.06701783666592208,0.12952040802257592,-1.0363203068120443,Robins' estimator,1.0,1.0,0.5,0.5,3411,0.0,0.0,0.0,correct,wrong,3.0
129,-0.015476222073140701,-0.05336426886691931,-1.0467440090756395,Robins' estimator,1.0,1.0,0.5,0.5,3411,0.0,0.0,0.0,correct,wrong,3.0
130,-0.09088808239608463,-0.12356484452962717,-1.05254893168025,Robins' estimator,1.0,1.0,0.5,0.5,3411,0.0,0.0,0.0,correct,wrong,3.0
131,-0.08540993033412828,0.0005051228129011638,-1.050778782226252,Robins' estimator,1.0,1.0,0.5,0.5,3411,0.0,0.0,0.0,correct,wrong,3.0
132,-0.24700421736870287,-0.15297682330356002,-1.0464389389833273,Robins' estimator,1.0,1.0,0.5,0.5,3411,0.0,0.0,0.0,correct,wrong,3.0
133,-0.022488840585931973,-0.0301078094013568,-1.0393364999365313,Robins' estimator,1.0,1.0,0.5,0.5,3411,0.0,0.0,0.0,correct,wrong,3.0
134,-0.12356779951372585,-0.038723410650479025,-1.0454856418762943,Robins' estimator,1.0,1.0,0.5,0.5,3411,0.0,0.0,0.0,correct,wrong,3.0
135,0.04526517571489285,-0.12665024175275735,-1.056689494006527,Robins' estimator,1.0,1.0,0.5,0.5,3411,0.0,0.0,0.0,correct,wrong,3.0
136,-0.19892783828289345,-0.06387755790140223,-1.0518167508156784,Robins' estimator,1.0,1.0,0.5,0.5,3411,0.0,0.0,0.0,correct,wrong,3.0
137,39.9824689063374,1.929467385689676,-0.9954658210981869,Robins' estimator,1.0,1.0,0.5,0.5,3411,0.0,0.0,0.0,correct,wrong,3.0
138,0.22396383360123942,0.07811624581350655,-1.0504269551405414,Robins' estimator,1.0,1.0,0.5,0.5,3411,0.0,0.0,0.0,correct,wrong,3.0
139,-0.20169513016723448,-0.1522824951352882,-1.060868878321591,Robins' estimator,1.0,1.0,0.5,0.5,3411,0.0,0.0,0.0,correct,wrong,3.0
140,0.2520528385820101,0.1913653433665613,-1.0378245361476532,Robins' estimator,1.0,1.0,0.5,0.5,3411,0.0,0.0,0.0,correct,wrong,3.0
141,0.17192274032692045,0.19818216854925477,-1.0320371837016764,Robins' estimator,1.0,1.0,0.5,0.5,3411,0.0,0.0,0.0,correct,wrong,3.0
142,-0.06036369221353977,-0.07439076432008937,-1.0480193950207946,Robins' estimator,1.0,1.0,0.5,0.5,3411,0.0,0.0,0.0,correct,wrong,3.0
143,0.23498774846094295,0.22477280327874907,-1.0308850483804968,Robins' estimator,1.0,1.0,0.5,0.5,3411,0.0,0.0,0.0,correct,wrong,3.0
144,0.11022994947675856,0.014402642600293513,-1.0471610216548557,Robins' estimator,1.0,1.0,0.5,0.5,3411,0.0,0.0,0.0,correct,wrong,3.0
145,0.12635554300359764,0.1849243024865839,-1.0225036024309793,Robins' estimator,1.0,1.0,0.5,0.5,3411,0.0,0.0,0.0,correct,wrong,3.0
146,-0.1434591880850264,0.009817252769751423,-1.050978897528822,Robins' estimator,1.0,1.0,0.5,0.5,3411,0.0,0.0,0.0,correct,wrong,3.0
147,0.10278270723906109,-0.040468352355039004,-1.047559353397713,Robins' estimator,1.0,1.0,0.5,0.5,3411,0.0,0.0,0.0,correct,wrong,3.0
148,0.08693414196631762,0.019555826618452014,-1.0475468190275783,Robins' estimator,1.0,1.0,0.5,0.5,3411,0.0,0.0,0.0,correct,wrong,3.0
149,-0.15271089200003182,-0.0580231123321625,-1.0468397736972912,Robins' estimator,1.0,1.0,0.5,0.5,3411,0.0,0.0,0.0,correct,wrong,3.0
150,0.1861108570831969,0.36622109126651803,-1.0335129557138927,Robins' estimator,1.0,1.0,0.5,0.5,3411,0.0,0.0,0.0,correct,wrong,3.0
151,0.037821669273097235,-0.049680685480206564,-1.0530730070925047,Robins' estimator,1.0,1.0,0.5,0.5,3411,0.0,0.0,0.0,correct,wrong,3.0
152,0.0768650156603665,0.09529106379183556,-1.0430809445341263,Robins' estimator,1.0,1.0,0.5,0.5,3411,0.0,0.0,0.0,correct,wrong,3.0
153,0.1556984715796767,-0.047104889751610535,-1.046995484552471,Robins' estimator,1.0,1.0,0.5,0.5,3411,0.0,0.0,0.0,correct,wrong,3.0
154,0.14254123273186847,0.24069655454070016,-1.035975603442055,Robins' estimator,1.0,1.0,0.5,0.5,3411,0.0,0.0,0.0,correct,wrong,3.0
155,-0.08168587430138019,-0.06524188891680481,-1.0566912150934513,Robins' estimator,1.0,1.0,0.5,0.5,3411,0.0,0.0,0.0,correct,wrong,3.0
156,0.047437759418964894,-0.03491937508792719,-1.0326161130900107,Robins' estimator,1.0,1.0,0.5,0.5,3411,0.0,0.0,0.0,correct,wrong,3.0
157,-0.06489761861382419,-0.05628653979298738,-1.0474880939893514,Robins' estimator,1.0,1.0,0.5,0.5,3411,0.0,0.0,0.0,correct,wrong,3.0
158,0.1658384799913519,0.027748475955871384,-1.0489957023295071,Robins' estimator,1.0,1.0,0.5,0.5,3411,0.0,0.0,0.0,correct,wrong,3.0
159,-0.004344476342261304,0.11103305312449714,-1.0396976723013729,Robins' estimator,1.0,1.0,0.5,0.5,3411,0.0,0.0,0.0,correct,wrong,3.0
160,0.017472582327631336,-0.03424741814123751,-1.0513561245961025,Robins' estimator,1.0,1.0,0.5,0.5,3411,0.0,0.0,0.0,correct,wrong,3.0
161,0.0352615193727808,0.07252260944454635,-1.0395250832727134,Robins' estimator,1.0,1.0,0.5,0.5,3411,0.0,0.0,0.0,correct,wrong,3.0
162,19.246272330625033,2.421011250346373,-0.957430061258408,Robins' estimator,1.0,1.0,0.5,0.5,3411,0.0,0.0,0.0,correct,wrong,3.0
163,0.06254228545940618,0.06974175717411647,-1.052545127921419,Robins' estimator,1.0,1.0,0.5,0.5,3411,0.0,0.0,0.0,correct,wrong,3.0
164,-0.3252928534633138,-0.29429820132742207,-1.06451845498363,Robins' estimator,1.0,1.0,0.5,0.5,3411,0.0,0.0,0.0,correct,wrong,3.0
165,-0.128112844822564,-0.1788985996577416,-1.0542673982556343,Robins' estimator,1.0,1.0,0.5,0.5,3411,0.0,0.0,0.0,correct,wrong,3.0
166,20.5025865326936,1.151780369657617,-0.9944266026888531,Robins' estimator,1.0,1.0,0.5,0.5,3411,0.0,0.0,0.0,correct,wrong,3.0
167,-0.11479122408526814,-0.11708805453821954,-1.0555138756484572,Robins' estimator,1.0,1.0,0.5,0.5,3411,0.0,0.0,0.0,correct,wrong,3.0
168,12.791669531331507,1.1313330687288536,-0.9996733368251757,Robins' estimator,1.0,1.0,0.5,0.5,3411,0.0,0.0,0.0,correct,wrong,3.0
169,-0.13884844999352328,0.07897140650834934,-1.0494651708818075,Robins' estimator,1.0,1.0,0.5,0.5,3411,0.0,0.0,0.0,correct,wrong,3.0
170,0.11292838325224631,0.0475405514360208,-1.0515230022678401,Robins' estimator,1.0,1.0,0.5,0.5,3411,0.0,0.0,0.0,correct,wrong,3.0
171,-0.13049490971753547,-0.151685844042841,-1.0590713282040465,Robins' estimator,1.0,1.0,0.5,0.5,3411,0.0,0.0,0.0,correct,wrong,3.0
172,-0.13615285723840712,-0.10978009838291149,-1.058159526275499,Robins' estimator,1.0,1.0,0.5,0.5,3411,0.0,0.0,0.0,correct,wrong,3.0
173,-0.09890495219151775,-0.19897498101695754,-1.052227235816609,Robins' estimator,1.0,1.0,0.5,0.5,3411,0.0,0.0,0.0,correct,wrong,3.0
174,-0.05653912060112581,-0.020663791056895257,-1.0449138645978744,Robins' estimator,1.0,1.0,0.5,0.5,3411,0.0,0.0,0.0,correct,wrong,3.0
175,0.2045046336421761,-0.16411018894875584,-1.0515346956898972,Robins' estimator,1.0,1.0,0.5,0.5,3411,0.0,0.0,0.0,correct,wrong,3.0
176,-0.09469334783054746,-0.045512347496932316,-1.0435055682856957,Robins' estimator,1.0,1.0,0.5,0.5,3411,0.0,0.0,0.0,correct,wrong,3.0
177,0.09916873014392469,0.1907687512582888,-1.0501578645241092,Robins' estimator,1.0,1.0,0.5,0.5,3411,0.0,0.0,0.0,correct,wrong,3.0
178,0.13643101898724885,-0.034948303888465204,-1.044720107786373,Robins' estimator,1.0,1.0,0.5,0.5,3411,0.0,0.0,0.0,correct,wrong,3.0
179,-0.06528215323255947,0.12275371254337498,-1.0442345144994105,Robins' estimator,1.0,1.0,0.5,0.5,3411,0.0,0.0,0.0,correct,wrong,3.0
180,0.10184139817470071,0.18477908860322093,-1.0514495123208045,Robins' estimator,1.0,1.0,0.5,0.5,3411,0.0,0.0,0.0,correct,wrong,3.0
181,-0.025962208953405636,0.03064472680662397,-1.0497685652364424,Robins' estimator,1.0,1.0,0.5,0.5,3411,0.0,0.0,0.0,correct,wrong,3.0
182,0.0956199135159318,0.1938156959342467,-1.0235488000313748,Robins' estimator,1.0,1.0,0.5,0.5,3411,0.0,0.0,0.0,correct,wrong,3.0
183,0.1466299926819627,-0.009988623916296154,-1.0368073244351594,Robins' estimator,1.0,1.0,0.5,0.5,3411,0.0,0.0,0.0,correct,wrong,3.0
184,0.22237283491905913,0.07289623399974667,-1.0409710751255188,Robins' estimator,1.0,1.0,0.5,0.5,3411,0.0,0.0,0.0,correct,wrong,3.0
185,0.18260614055253171,-0.041678485136612695,-1.0475909057417605,Robins' estimator,1.0,1.0,0.5,0.5,3411,0.0,0.0,0.0,correct,wrong,3.0
186,0.054012205420584575,-0.02991684364949483,-1.0485277013573944,Robins' estimator,1.0,1.0,0.5,0.5,3411,0.0,0.0,0.0,correct,wrong,3.0
187,0.19791850700381358,0.08750717121410044,-1.0363967757442747,Robins' estimator,1.0,1.0,0.5,0.5,3411,0.0,0.0,0.0,correct,wrong,3.0
188,-0.1621337772406514,-0.060402868493489865,-1.0529856198870557,Robins' estimator,1.0,1.0,0.5,0.5,3411,0.0,0.0,0.0,correct,wrong,3.0
189,0.3603435356921527,0.20920404344259855,-1.0323482240378883,Robins' estimator,1.0,1.0,0.5,0.5,3411,0.0,0.0,0.0,correct,wrong,3.0
190,0.09794777516973197,0.10104471485980845,-1.0303285924212058,Robins' estimator,1.0,1.0,0.5,0.5,3411,0.0,0.0,0.0,correct,wrong,3.0
191,-0.12065737104871857,0.048517469465759924,-1.0382333475564924,Robins' estimator,1.0,1.0,0.5,0.5,3411,0.0,0.0,0.0,correct,wrong,3.0
192,-0.11014163650542916,-0.013099966799866598,-1.0503962255934414,Robins' estimator,1.0,1.0,0.5,0.5,3411,0.0,0.0,0.0,correct,wrong,3.0
193,-0.2908237330813252,-0.26220120525130397,-1.060341738079803,Robins' estimator,1.0,1.0,0.5,0.5,3411,0.0,0.0,0.0,correct,wrong,3.0
194,0.3276480797483743,0.1876165120756687,-1.0335925666977246,Robins' estimator,1.0,1.0,0.5,0.5,3411,0.0,0.0,0.0,correct,wrong,3.0
195,-0.32452713173601067,-0.07218798842288825,-1.0590427813861785,Robins' estimator,1.0,1.0,0.5,0.5,3411,0.0,0.0,0.0,correct,wrong,3.0
196,-0.17730805975485184,-0.18479530743796768,-1.057900392597063,Robins' estimator,1.0,1.0,0.5,0.5,3411,0.0,0.0,0.0,correct,wrong,3.0
197,-0.19193083819272186,-0.013861433419094432,-1.0483415151685005,Robins' estimator,1.0,1.0,0.5,0.5,3411,0.0,0.0,0.0,correct,wrong,3.0
198,0.09511445487298999,-0.06894688605459906,-1.0499959488961526,Robins' estimator,1.0,1.0,0.5,0.5,3411,0.0,0.0,0.0,correct,wrong,3.0
199,0.4154924669782355,0.11316956342484806,-1.0498140240722775,Robins' estimator,1.0,1.0,0.5,0.5,3411,0.0,0.0,0.0,correct,wrong,3.0
200,25.59025349327993,1.15178399528849,-0.9871105171385395,Robins' estimator,1.0,1.0,0.5,0.5,3411,0.0,0.0,0.0,correct,wrong,3.0
201,0.11355571457533514,-0.03487042373642509,-1.0465447297678085,Robins' estimator,1.0,1.0,0.5,0.5,3411,0.0,0.0,0.0,correct,wrong,3.0
202,-0.04938755162445928,0.14522925451203683,-1.043058109291855,Robins' estimator,1.0,1.0,0.5,0.5,3411,0.0,0.0,0.0,correct,wrong,3.0
203,0.218437803549423,0.13321485603369937,-1.0398730837784573,Robins' estimator,1.0,1.0,0.5,0.5,3411,0.0,0.0,0.0,correct,wrong,3.0
204,12.926310148586296,1.1023296984189066,-1.0006762442618977,Robins' estimator,1.0,1.0,0.5,0.5,3411,0.0,0.0,0.0,correct,wrong,3.0
205,0.030511453663460048,-0.040256387793811445,-1.0480550933744985,Robins' estimator,1.0,1.0,0.5,0.5,3411,0.0,0.0,0.0,correct,wrong,3.0
206,0.20658627254288664,0.08118115163239815,-1.0472304049134797,Robins' estimator,1.0,1.0,0.5,0.5,3411,0.0,0.0,0.0,correct,wrong,3.0
207,0.19469250664449092,0.19574941539061216,-1.0314908034068986,Robins' estimator,1.0,1.0,0.5,0.5,3411,0.0,0.0,0.0,correct,wrong,3.0
208,-0.32540453646566675,-0.23745360022455758,-1.0480713954063563,Robins' estimator,1.0,1.0,0.5,0.5,3411,0.0,0.0,0.0,correct,wrong,3.0
209,0.18561549055294624,0.11595407406975704,-1.0463500774401242,Robins' estimator,1.0,1.0,0.5,0.5,3411,0.0,0.0,0.0,correct,wrong,3.0
210,0.07692755156292255,0.06829527965528172,-1.0419952959414585,Robins' estimator,1.0,1.0,0.5,0.5,3411,0.0,0.0,0.0,correct,wrong,3.0
211,0.3177357303821026,0.17596715953635197,-1.037944361562556,Robins' estimator,1.0,1.0,0.5,0.5,3411,0.0,0.0,0.0,correct,wrong,3.0
212,0.29081059391087966,0.13615854082116757,-1.042520261158882,Robins' estimator,1.0,1.0,0.5,0.5,3411,0.0,0.0,0.0,correct,wrong,3.0
213,-0.050962797855695234,-0.08956950435762127,-1.0406054263812323,Robins' estimator,1.0,1.0,0.5,0.5,3411,0.0,0.0,0.0,correct,wrong,3.0
214,-0.2478942826384889,-0.06846701570564247,-1.051215376532746,Robins' estimator,1.0,1.0,0.5,0.5,3411,0.0,0.0,0.0,correct,wrong,3.0
215,-0.09728597904681775,-0.04432711586310399,-1.0364734009554843,Robins' estimator,1.0,1.0,0.5,0.5,3411,0.0,0.0,0.0,correct,wrong,3.0
216,0.20095407466897858,0.13938632005721344,-1.0361528247891119,Robins' estimator,1.0,1.0,0.5,0.5,3411,0.0,0.0,0.0,correct,wrong,3.0
217,0.22320720760032756,0.05681893539579277,-1.0546874737372771,Robins' estimator,1.0,1.0,0.5,0.5,3411,0.0,0.0,0.0,correct,wrong,3.0
218,-0.050243835853568695,-0.04457793896477437,-1.0483023060465246,Robins' estimator,1.0,1.0,0.5,0.5,3411,0.0,0.0,0.0,correct,wrong,3.0
219,0.11955553201417338,0.044931793847505105,-1.033017213883919,Robins' estimator,1.0,1.0,0.5,0.5,3411,0.0,0.0,0.0,correct,wrong,3.0
220,0.09538379478709287,0.11917683486797752,-1.0495529212781292,Robins' estimator,1.0,1.0,0.5,0.5,3411,0.0,0.0,0.0,correct,wrong,3.0
221,25.064773583940635,0.9971687264388254,-1.0253924258125777,Robins' estimator,1.0,1.0,0.5,0.5,3411,0.0,0.0,0.0,correct,wrong,3.0
222,0.06394854439589169,0.07453297867586288,-1.0370359260037756,Robins' estimator,1.0,1.0,0.5,0.5,3411,0.0,0.0,0.0,correct,wrong,3.0
223,0.17585313898432298,0.16019693721214276,-1.0262229317806795,Robins' estimator,1.0,1.0,0.5,0.5,3411,0.0,0.0,0.0,correct,wrong,3.0
224,-0.012104607650282642,-0.14951555355368434,-1.0617795565906234,Robins' estimator,1.0,1.0,0.5,0.5,3411,0.0,0.0,0.0,correct,wrong,3.0
225,13.855328843319498,1.766202692536198,-0.9703090558510751,Robins' estimator,1.0,1.0,0.5,0.5,3411,0.0,0.0,0.0,correct,wrong,3.0
226,0.12303755282622347,0.1454865375599369,-1.0337940528335023,Robins' estimator,1.0,1.0,0.5,0.5,3411,0.0,0.0,0.0,correct,wrong,3.0
227,0.20068329415656577,0.0456791405146372,-1.0329723708057896,Robins' estimator,1.0,1.0,0.5,0.5,3411,0.0,0.0,0.0,correct,wrong,3.0
228,0.2728914146163615,0.13054723949678554,-1.0324475850120227,Robins' estimator,1.0,1.0,0.5,0.5,3411,0.0,0.0,0.0,correct,wrong,3.0
229,0.0016280700707725585,-0.09612027443537852,-1.0516566256113782,Robins' estimator,1.0,1.0,0.5,0.5,3411,0.0,0.0,0.0,correct,wrong,3.0
230,-0.32327881068772263,-0.1794061270825961,-1.0650036673829815,Robins' estimator,1.0,1.0,0.5,0.5,3411,0.0,0.0,0.0,correct,wrong,3.0
231,0.1577436880587148,0.018551164651738682,-1.0428401863772074,Robins' estimator,1.0,1.0,0.5,0.5,3411,0.0,0.0,0.0,correct,wrong,3.0
232,-0.15035885882919794,-0.006682401521642862,-1.0623599982035983,Robins' estimator,1.0,1.0,0.5,0.5,3411,0.0,0.0,0.0,correct,wrong,3.0
233,0.047723394066857244,0.11184795160175148,-1.0415242685770667,Robins' estimator,1.0,1.0,0.5,0.5,3411,0.0,0.0,0.0,correct,wrong,3.0
234,-0.0849242465190708,-0.25087479631693965,-1.0567247601220768,Robins' estimator,1.0,1.0,0.5,0.5,3411,0.0,0.0,0.0,correct,wrong,3.0
235,-0.03853188406530285,-0.05030136905288265,-1.0398406253473107,Robins' estimator,1.0,1.0,0.5,0.5,3411,0.0,0.0,0.0,correct,wrong,3.0
236,-0.14932727495064968,-0.03020912783361994,-1.0462014748429724,Robins' estimator,1.0,1.0,0.5,0.5,3411,0.0,0.0,0.0,correct,wrong,3.0
237,0.08231944286034298,-0.011578402209786766,-1.0433552616871826,Robins' estimator,1.0,1.0,0.5,0.5,3411,0.0,0.0,0.0,correct,wrong,3.0
238,0.23923748346324494,0.10552443811297656,-1.0319189304655776,Robins' estimator,1.0,1.0,0.5,0.5,3411,0.0,0.0,0.0,correct,wrong,3.0
239,-0.2201112126156762,-0.22953477483387436,-1.058263712966442,Robins' estimator,1.0,1.0,0.5,0.5,3411,0.0,0.0,0.0,correct,wrong,3.0
240,-0.1292386264016598,0.101880955695747,-1.047570430397637,Robins' estimator,1.0,1.0,0.5,0.5,3411,0.0,0.0,0.0,correct,wrong,3.0
241,-0.06809046976768901,0.07149798940391955,-1.0467129936671735,Robins' estimator,1.0,1.0,0.5,0.5,3411,0.0,0.0,0.0,correct,wrong,3.0
242,0.035892550103445366,-0.025900989399527948,-1.0579998161472037,Robins' estimator,1.0,1.0,0.5,0.5,3411,0.0,0.0,0.0,correct,wrong,3.0
243,-0.05132020847050803,-0.0877088582013826,-1.0437358936558483,Robins' estimator,1.0,1.0,0.5,0.5,3411,0.0,0.0,0.0,correct,wrong,3.0
244,0.03902813435280193,0.011301185733966468,-1.0457650076444736,Robins' estimator,1.0,1.0,0.5,0.5,3411,0.0,0.0,0.0,correct,wrong,3.0
245,0.1365715789441234,0.06762764915531944,-1.0418709197557325,Robins' estimator,1.0,1.0,0.5,0.5,3411,0.0,0.0,0.0,correct,wrong,3.0
246,-0.35473804249973867,0.035064413279428754,-1.0476986694622525,Robins' estimator,1.0,1.0,0.5,0.5,3411,0.0,0.0,0.0,correct,wrong,3.0
247,-0.11394766499916216,-0.22625986538595,-1.0559585479690026,Robins' estimator,1.0,1.0,0.5,0.5,3411,0.0,0.0,0.0,correct,wrong,3.0
248,0.285432634787123,-0.09611751589574188,-1.0431967880393234,Robins' estimator,1.0,1.0,0.5,0.5,3411,0.0,0.0,0.0,correct,wrong,3.0
249,0.26566126656197425,0.1733510790264359,-1.0358244484653494,Robins' estimator,1.0,1.0,0.5,0.5,3411,0.0,0.0,0.0,correct,wrong,3.0
250,-0.039485962162199593,-0.024341501240565444,-1.052336658415494,Robins' estimator,1.0,1.0,0.5,0.5,3411,0.0,0.0,0.0,correct,wrong,3.0
251,-0.1937026539151164,-0.16226818243429894,-1.0600348616720598,Robins' estimator,1.0,1.0,0.5,0.5,3411,0.0,0.0,0.0,correct,wrong,3.0
252,0.1850554582334449,0.05485185676170539,-1.0372334702834687,Robins' estimator,1.0,1.0,0.5,0.5,3411,0.0,0.0,0.0,correct,wrong,3.0
253,0.042000694295320294,0.22147187421381226,-1.0342609821143616,Robins' estimator,1.0,1.0,0.5,0.5,3411,0.0,0.0,0.0,correct,wrong,3.0
254,0.1364199774181622,0.01783935921188041,-1.0480678086488604,Robins' estimator,1.0,1.0,0.5,0.5,3411,0.0,0.0,0.0,correct,wrong,3.0
255,25.265297703672175,1.1793186825841029,-0.9822847282400033,Robins' estimator,1.0,1.0,0.5,0.5,3411,0.0,0.0,0.0,correct,wrong,3.0
256,-0.20499634853699536,-0.18244169853013958,-1.0657143045737307,Robins' estimator,1.0,1.0,0.5,0.5,3411,0.0,0.0,0.0,correct,wrong,3.0
257,0.012607582243905029,-0.02177349195662356,-1.051638916933455,Robins' estimator,1.0,1.0,0.5,0.5,3411,0.0,0.0,0.0,correct,wrong,3.0
258,41.93765541731591,1.9030729727751305,-1.0002882786978435,Robins' estimator,1.0,1.0,0.5,0.5,3411,0.0,0.0,0.0,correct,wrong,3.0
259,-0.09649443208529752,-0.0700415516084169,-1.0458820325592952,Robins' estimator,1.0,1.0,0.5,0.5,3411,0.0,0.0,0.0,correct,wrong,3.0
260,-0.09589533870388345,-0.17409985237531644,-1.054591748932423,Robins' estimator,1.0,1.0,0.5,0.5,3411,0.0,0.0,0.0,correct,wrong,3.0
261,0.14920395550237012,0.0009334992873688891,-1.0495390383927325,Robins' estimator,1.0,1.0,0.5,0.5,3411,0.0,0.0,0.0,correct,wrong,3.0
262,-0.03162805596637592,0.03286091068665794,-1.0439139059101021,Robins' estimator,1.0,1.0,0.5,0.5,3411,0.0,0.0,0.0,correct,wrong,3.0
263,-0.10713044187721217,-0.00889660596940308,-1.0464312510191263,Robins' estimator,1.0,1.0,0.5,0.5,3411,0.0,0.0,0.0,correct,wrong,3.0
264,0.1756379842600251,0.10160837732992244,-1.0473637605012063,Robins' estimator,1.0,1.0,0.5,0.5,3411,0.0,0.0,0.0,correct,wrong,3.0
265,-0.07244392894489744,-0.06207905310303186,-1.0466694042820945,Robins' estimator,1.0,1.0,0.5,0.5,3411,0.0,0.0,0.0,correct,wrong,3.0
266,-0.1258920559116151,-0.23947342938822572,-1.0739004906582688,Robins' estimator,1.0,1.0,0.5,0.5,3411,0.0,0.0,0.0,correct,wrong,3.0
267,0.02006727503743422,0.1383758017859083,-1.0400982450041159,Robins' estimator,1.0,1.0,0.5,0.5,3411,0.0,0.0,0.0,correct,wrong,3.0
268,-0.2931406631429678,-0.09472056817050149,-1.0500872328465722,Robins' estimator,1.0,1.0,0.5,0.5,3411,0.0,0.0,0.0,correct,wrong,3.0
269,0.0050743003944976744,0.04216422733512298,-1.038123719089671,Robins' estimator,1.0,1.0,0.5,0.5,3411,0.0,0.0,0.0,correct,wrong,3.0
270,-0.16511554450181237,-0.26824985014602926,-1.0532330720886627,Robins' estimator,1.0,1.0,0.5,0.5,3411,0.0,0.0,0.0,correct,wrong,3.0
271,-0.050601750603939157,-0.047465586585782066,-1.0411131647820455,Robins' estimator,1.0,1.0,0.5,0.5,3411,0.0,0.0,0.0,correct,wrong,3.0
272,-0.1280835477531748,-0.10474274442061851,-1.052492971573535,Robins' estimator,1.0,1.0,0.5,0.5,3411,0.0,0.0,0.0,correct,wrong,3.0
273,-0.08232892482392701,-0.11997940785652907,-1.0531565739789512,Robins' estimator,1.0,1.0,0.5,0.5,3411,0.0,0.0,0.0,correct,wrong,3.0
274,-0.1281312493093332,-0.1875568162712713,-1.0579269670750355,Robins' estimator,1.0,1.0,0.5,0.5,3411,0.0,0.0,0.0,correct,wrong,3.0
275,-0.02453400542761398,-0.0310617074040473,-1.0590496281489143,Robins' estimator,1.0,1.0,0.5,0.5,3411,0.0,0.0,0.0,correct,wrong,3.0
276,0.022577062353054886,-0.01922797394359044,-1.0521224674632759,Robins' estimator,1.0,1.0,0.5,0.5,3411,0.0,0.0,0.0,correct,wrong,3.0
277,0.08638106092609289,-0.014350517401310008,-1.053480646864436,Robins' estimator,1.0,1.0,0.5,0.5,3411,0.0,0.0,0.0,correct,wrong,3.0
278,0.1111066738072121,0.14910956149541413,-1.0485956541902959,Robins' estimator,1.0,1.0,0.5,0.5,3411,0.0,0.0,0.0,correct,wrong,3.0
279,-0.03400898697647284,-0.10865169472769463,-1.0511684557890333,Robins' estimator,1.0,1.0,0.5,0.5,3411,0.0,0.0,0.0,correct,wrong,3.0
280,-0.0036435252591395274,0.12864347639199766,-1.0480243322199396,Robins' estimator,1.0,1.0,0.5,0.5,3411,0.0,0.0,0.0,correct,wrong,3.0
281,0.38172538841005355,0.3214973047454533,-1.031595785185366,Robins' estimator,1.0,1.0,0.5,0.5,3411,0.0,0.0,0.0,correct,wrong,3.0
282,0.09394104361201353,-0.05606993100777022,-1.052096273559959,Robins' estimator,1.0,1.0,0.5,0.5,3411,0.0,0.0,0.0,correct,wrong,3.0
283,11.42862819171666,2.183800924217028,-0.9876785655760293,Robins' estimator,1.0,1.0,0.5,0.5,3411,0.0,0.0,0.0,correct,wrong,3.0
284,0.009026840907458944,0.030757016663158443,-1.0447878899971281,Robins' estimator,1.0,1.0,0.5,0.5,3411,0.0,0.0,0.0,correct,wrong,3.0
285,0.051098461835746664,-0.13475281520245322,-1.0609845513927734,Robins' estimator,1.0,1.0,0.5,0.5,3411,0.0,0.0,0.0,correct,wrong,3.0
286,0.19731250351745738,0.06337317966552834,-1.034322869583235,Robins' estimator,1.0,1.0,0.5,0.5,3411,0.0,0.0,0.0,correct,wrong,3.0
287,0.11885968185667702,0.16262379275986336,-1.0492897295788741,Robins' estimator,1.0,1.0,0.5,0.5,3411,0.0,0.0,0.0,correct,wrong,3.0
288,-0.3325724206903563,-0.1603206445264363,-1.0573862521350383,Robins' estimator,1.0,1.0,0.5,0.5,3411,0.0,0.0,0.0,correct,wrong,3.0
289,-0.25321036322991963,0.020824463114672898,-1.0364443651399486,Robins' estimator,1.0,1.0,0.5,0.5,3411,0.0,0.0,0.0,correct,wrong,3.0
290,-0.14574209850332856,-0.13823947545712764,-1.0581542102024348,Robins' estimator,1.0,1.0,0.5,0.5,3411,0.0,0.0,0.0,correct,wrong,3.0
291,0.1455129007844678,0.08724755868020374,-1.0393209661993947,Robins' estimator,1.0,1.0,0.5,0.5,3411,0.0,0.0,0.0,correct,wrong,3.0
292,0.3450430871399857,0.32666151090172385,-1.022864630798128,Robins' estimator,1.0,1.0,0.5,0.5,3411,0.0,0.0,0.0,correct,wrong,3.0
293,-0.048998226589430434,-0.12630506663997962,-1.0566648696259051,Robins' estimator,1.0,1.0,0.5,0.5,3411,0.0,0.0,0.0,correct,wrong,3.0
294,0.09134113546342672,-0.08079431498727796,-1.0436639039310702,Robins' estimator,1.0,1.0,0.5,0.5,3411,0.0,0.0,0.0,correct,wrong,3.0
295,0.12708701907390865,0.0835833601874474,-1.0364247662811663,Robins' estimator,1.0,1.0,0.5,0.5,3411,0.0,0.0,0.0,correct,wrong,3.0
296,0.006295880787033083,0.191679818828013,-1.0493380410828448,Robins' estimator,1.0,1.0,0.5,0.5,3411,0.0,0.0,0.0,correct,wrong,3.0
297,0.026858761988701872,-0.11821891834026596,-1.0586527953258862,Robins' estimator,1.0,1.0,0.5,0.5,3411,0.0,0.0,0.0,correct,wrong,3.0
298,16.372483781488615,2.445933784020399,-0.9395476854297452,Robins' estimator,1.0,1.0,0.5,0.5,3411,0.0,0.0,0.0,correct,wrong,3.0
299,0.06343321374286354,0.08160714559520099,-1.0463463793888552,Robins' estimator,1.0,1.0,0.5,0.5,3411,0.0,0.0,0.0,correct,wrong,3.0
300,19.376080444837626,0.8426264198076876,-1.0061205496119285,Robins' estimator,1.0,1.0,0.5,0.5,3411,0.0,0.0,0.0,correct,wrong,3.0
1,-0.2040583753307198,-0.1458506634094246,-1.0419752516715106,GMM estimator,1.0,1.0,0.5,0.5,3411,0.0,0.0,0.0,correct,wrong,3.0
2,-0.10985540910156825,-0.06127101894271897,-1.0330434124238859,GMM estimator,1.0,1.0,0.5,0.5,3411,0.0,0.0,0.0,correct,wrong,3.0
3,-0.2567233167511353,0.035419750179138954,-1.0493775163015402,GMM estimator,1.0,1.0,0.5,0.5,3411,0.0,0.0,0.0,correct,wrong,3.0
4,0.20964237027467014,0.10659849541143009,-1.0556058283134668,GMM estimator,1.0,1.0,0.5,0.5,3411,0.0,0.0,0.0,correct,wrong,3.0
5,-0.39383153152584277,-0.11785059426912453,-1.050373846289261,GMM estimator,1.0,1.0,0.5,0.5,3411,0.0,0.0,0.0,correct,wrong,3.0
6,0.23298670192094245,0.08131101774511579,-1.0465306821319438,GMM estimator,1.0,1.0,0.5,0.5,3411,0.0,0.0,0.0,correct,wrong,3.0
7,0.627880745245717,0.32164981516437285,-1.0309690393233746,GMM estimator,1.0,1.0,0.5,0.5,3411,0.0,0.0,0.0,correct,wrong,3.0
8,-0.22488170893618556,-0.005526738261746824,-1.0481366956012879,GMM estimator,1.0,1.0,0.5,0.5,3411,0.0,0.0,0.0,correct,wrong,3.0
9,-0.21273364851541554,0.006872933635116971,-1.0362422043453334,GMM estimator,1.0,1.0,0.5,0.5,3411,0.0,0.0,0.0,correct,wrong,3.0
10,-0.28797162726241726,-0.22674024477790136,-1.0635477223671033,GMM estimator,1.0,1.0,0.5,0.5,3411,0.0,0.0,0.0,correct,wrong,3.0
11,0.26085333112650694,0.12692118157629925,-1.0487277867599623,GMM estimator,1.0,1.0,0.5,0.5,3411,0.0,0.0,0.0,correct,wrong,3.0
12,-0.04551572114159611,-0.08616321015834584,-1.0478917496314468,GMM estimator,1.0,1.0,0.5,0.5,3411,0.0,0.0,0.0,correct,wrong,3.0
13,0.29695519691986116,0.07244188811960713,-1.048174316018478,GMM estimator,1.0,1.0,0.5,0.5,3411,0.0,0.0,0.0,correct,wrong,3.0
14,-0.28741226911290946,-0.1339966109607679,-1.0519597361831334,GMM estimator,1.0,1.0,0.5,0.5,3411,0.0,0.0,0.0,correct,wrong,3.0
15,-0.2837090120842208,-0.24563460125620806,-1.0584932393269826,GMM estimator,1.0,1.0,0.5,0.5,3411,0.0,0.0,0.0,correct,wrong,3.0
16,-0.11196892958388059,-0.30792988069175875,-1.074898702552935,GMM estimator,1.0,1.0,0.5,0.5,3411,0.0,0.0,0.0,correct,wrong,3.0
17,0.3514854452561007,0.27063570677618226,-1.033884256529271,GMM estimator,1.0,1.0,0.5,0.5,3411,0.0,0.0,0.0,correct,wrong,3.0
18,0.036086446625623575,0.13477193331287649,-1.0339718602065322,GMM estimator,1.0,1.0,0.5,0.5,3411,0.0,0.0,0.0,correct,wrong,3.0
19,-0.06864065854785652,0.20220032515862338,-1.035226660027561,GMM estimator,1.0,1.0,0.5,0.5,3411,0.0,0.0,0.0,correct,wrong,3.0
20,-0.0423814977436734,0.20392130317089463,-1.032070315078584,GMM estimator,1.0,1.0,0.5,0.5,3411,0.0,0.0,0.0,correct,wrong,3.0
21,0.07007125871225595,0.20269363839279306,-1.0442820803402633,GMM estimator,1.0,1.0,0.5,0.5,3411,0.0,0.0,0.0,correct,wrong,3.0
22,0.04916309051783911,0.012401660120163497,-1.0399186305209622,GMM estimator,1.0,1.0,0.5,0.5,3411,0.0,0.0,0.0,correct,wrong,3.0
23,-0.0912166513322909,-0.1582819360584163,-1.044939981916339,GMM estimator,1.0,1.0,0.5,0.5,3411,0.0,0.0,0.0,correct,wrong,3.0
24,0.30681417035067504,0.18592768255348033,-1.038305757317563,GMM estimator,1.0,1.0,0.5,0.5,3411,0.0,0.0,0.0,correct,wrong,3.0
25,-0.07593073989791546,0.13037233623097866,-1.0366293521403214,GMM estimator,1.0,1.0,0.5,0.5,3411,0.0,0.0,0.0,correct,wrong,3.0
26,-0.034449961090277,0.1911838879923691,-1.0358598249233848,GMM estimator,1.0,1.0,0.5,0.5,3411,0.0,0.0,0.0,correct,wrong,3.0
27,0.05818601595472873,0.18606950514977383,-1.0390012356368625,GMM estimator,1.0,1.0,0.5,0.5,3411,0.0,0.0,0.0,correct,wrong,3.0
28,-0.014904422224866085,-0.17585743426541997,-1.0546569856520056,GMM estimator,1.0,1.0,0.5,0.5,3411,0.0,0.0,0.0,correct,wrong,3.0
29,0.037232999030074695,-0.07777555307634201,-1.0471867017266965,GMM estimator,1.0,1.0,0.5,0.5,3411,0.0,0.0,0.0,correct,wrong,3.0
30,-0.2551709029751121,0.13686637563077234,-1.049964477458607,GMM estimator,1.0,1.0,0.5,0.5,3411,0.0,0.0,0.0,correct,wrong,3.0
31,0.08611450979612621,0.10762866808296943,-1.0424445189012752,GMM estimator,1.0,1.0,0.5,0.5,3411,0.0,0.0,0.0,correct,wrong,3.0
32,-0.005449474076279856,-0.2321508173509781,-1.0516961616957483,GMM estimator,1.0,1.0,0.5,0.5,3411,0.0,0.0,0.0,correct,wrong,3.0
33,0.1717002767251982,0.052552666718140864,-1.0469612492693936,GMM estimator,1.0,1.0,0.5,0.5,3411,0.0,0.0,0.0,correct,wrong,3.0
34,0.0572729964417559,-0.07913501154637803,-1.0496210251911882,GMM estimator,1.0,1.0,0.5,0.5,3411,0.0,0.0,0.0,correct,wrong,3.0
35,-0.026432861112156203,0.022788164786140895,-1.0429996527267724,GMM estimator,1.0,1.0,0.5,0.5,3411,0.0,0.0,0.0,correct,wrong,3.0
36,0.1334656884949688,0.17822303371906326,-1.041411914573737,GMM estimator,1.0,1.0,0.5,0.5,3411,0.0,0.0,0.0,correct,wrong,3.0
37,-0.12976100817293623,-0.18253708226887116,-1.0661060445501456,GMM estimator,1.0,1.0,0.5,0.5,3411,0.0,0.0,0.0,correct,wrong,3.0
38,-0.005985825491247073,-0.051019201826896995,-1.0508348819121232,GMM estimator,1.0,1.0,0.5,0.5,3411,0.0,0.0,0.0,correct,wrong,3.0
39,-0.10580996477423958,-0.09424251450264803,-1.056399272359304,GMM estimator,1.0,1.0,0.5,0.5,3411,0.0,0.0,0.0,correct,wrong,3.0
40,0.1278348504557286,0.1356189823791948,-1.0483339054737568,GMM estimator,1.0,1.0,0.5,0.5,3411,0.0,0.0,0.0,correct,wrong,3.0
41,-0.034958320278102806,0.06772995402649415,-1.0392787520370974,GMM estimator,1.0,1.0,0.5,0.5,3411,0.0,0.0,0.0,correct,wrong,3.0
42,0.3230091297081814,0.12378374036087805,-1.0416917439735858,GMM estimator,1.0,1.0,0.5,0.5,3411,0.0,0.0,0.0,correct,wrong,3.0
43,-0.23405190944287507,0.05111257016481413,-1.0462808316084014,GMM estimator,1.0,1.0,0.5,0.5,3411,0.0,0.0,0.0,correct,wrong,3.0
44,0.6084026076527048,-0.012673968452943728,-1.0409199773948234,GMM estimator,1.0,1.0,0.5,0.5,3411,0.0,0.0,0.0,correct,wrong,3.0
45,0.0022762828204173475,-0.14788228670325745,-1.052535936562626,GMM estimator,1.0,1.0,0.5,0.5,3411,0.0,0.0,0.0,correct,wrong,3.0
46,0.02380347792562699,0.01719712848083212,-1.0443049278211813,GMM estimator,1.0,1.0,0.5,0.5,3411,0.0,0.0,0.0,correct,wrong,3.0
47,0.07386407173214783,0.12939157372410426,-1.039358615934906,GMM estimator,1.0,1.0,0.5,0.5,3411,0.0,0.0,0.0,correct,wrong,3.0
48,0.12936562170531415,0.00587483246497665,-1.0546949502411633,GMM estimator,1.0,1.0,0.5,0.5,3411,0.0,0.0,0.0,correct,wrong,3.0
49,-0.26093812420138407,0.07686354217942934,-1.0296859406819578,GMM estimator,1.0,1.0,0.5,0.5,3411,0.0,0.0,0.0,correct,wrong,3.0
50,-0.29112278280604703,0.1134049104292118,-1.054212284977334,GMM estimator,1.0,1.0,0.5,0.5,3411,0.0,0.0,0.0,correct,wrong,3.0
51,0.1394685160016742,0.044964455008382774,-1.0585460039974095,GMM estimator,1.0,1.0,0.5,0.5,3411,0.0,0.0,0.0,correct,wrong,3.0
52,0.026585930505165587,0.03002622719986796,-1.0443862138211428,GMM estimator,1.0,1.0,0.5,0.5,3411,0.0,0.0,0.0,correct,wrong,3.0
53,0.17290472355558104,-0.010809538441974227,-1.03890451010792,GMM estimator,1.0,1.0,0.5,0.5,3411,0.0,0.0,0.0,correct,wrong,3.0
54,0.0021940014589123488,-0.10700946005366155,-1.043206763719974,GMM estimator,1.0,1.0,0.5,0.5,3411,0.0,0.0,0.0,correct,wrong,3.0
55,-0.26708613688709054,-0.047221471269071544,-1.0472791365945398,GMM estimator,1.0,1.0,0.5,0.5,3411,0.0,0.0,0.0,correct,wrong,3.0
56,-0.32639708054587846,-0.02243331198476564,-1.0581103223469512,GMM estimator,1.0,1.0,0.5,0.5,3411,0.0,0.0,0.0,correct,wrong,3.0
57,-0.2877272009574616,-0.2396096921282954,-1.052936003991451,GMM estimator,1.0,1.0,0.5,0.5,3411,0.0,0.0,0.0,correct,wrong,3.0
58,-0.18508889962351305,-0.1978662738061914,-1.067053623060923,GMM estimator,1.0,1.0,0.5,0.5,3411,0.0,0.0,0.0,correct,wrong,3.0
59,0.5846696289170038,0.34158888569933715,-1.034751912010912,GMM estimator,1.0,1.0,0.5,0.5,3411,0.0,0.0,0.0,correct,wrong,3.0
60,-0.10650456535224835,0.03553779232841661,-1.0412887278931349,GMM estimator,1.0,1.0,0.5,0.5,3411,0.0,0.0,0.0,correct,wrong,3.0
61,0.02670681001131584,0.05479929543683203,-1.0421863291103026,GMM estimator,1.0,1.0,0.5,0.5,3411,0.0,0.0,0.0,correct,wrong,3.0
62,0.0540050878629388,0.08641605799409834,-1.0359742835158188,GMM estimator,1.0,1.0,0.5,0.5,3411,0.0,0.0,0.0,correct,wrong,3.0
63,-0.2928325589526519,-0.014393135983462103,-1.050840983315814,GMM estimator,1.0,1.0,0.5,0.5,3411,0.0,0.0,0.0,correct,wrong,3.0
64,0.03480434822899331,0.01316085885601266,-1.0439981608562259,GMM estimator,1.0,1.0,0.5,0.5,3411,0.0,0.0,0.0,correct,wrong,3.0
65,-0.34903061916355227,-0.07410865461635763,-1.0362598819356825,GMM estimator,1.0,1.0,0.5,0.5,3411,0.0,0.0,0.0,correct,wrong,3.0
66,0.05959056048511054,0.12484918035741584,-1.0445599504724197,GMM estimator,1.0,1.0,0.5,0.5,3411,0.0,0.0,0.0,correct,wrong,3.0
67,0.20087883708509702,0.05001047040996914,-1.0404895982041975,GMM estimator,1.0,1.0,0.5,0.5,3411,0.0,0.0,0.0,correct,wrong,3.0
68,-0.023194619596841017,0.07931197060040532,-1.0370326061962272,GMM estimator,1.0,1.0,0.5,0.5,3411,0.0,0.0,0.0,correct,wrong,3.0
69,-0.2502298128713384,-0.09539267605217204,-1.0508805813809459,GMM estimator,1.0,1.0,0.5,0.5,3411,0.0,0.0,0.0,correct,wrong,3.0
70,-0.023919028936082113,-0.1745577615959389,-1.061398754920507,GMM estimator,1.0,1.0,0.5,0.5,3411,0.0,0.0,0.0,correct,wrong,3.0
71,-0.23508318754029883,0.02379456196732819,-1.0324329385556015,GMM estimator,1.0,1.0,0.5,0.5,3411,0.0,0.0,0.0,correct,wrong,3.0
72,-0.05840995218571085,0.031012683048611323,-1.059148478766237,GMM estimator,1.0,1.0,0.5,0.5,3411,0.0,0.0,0.0,correct,wrong,3.0
73,-0.06132251295214507,0.0062264011912618435,-1.042702113530439,GMM estimator,1.0,1.0,0.5,0.5,3411,0.0,0.0,0.0,correct,wrong,3.0
74,-0.3831941476870662,-0.293812378009384,-1.0702166804255189,GMM estimator,1.0,1.0,0.5,0.5,3411,0.0,0.0,0.0,correct,wrong,3.0
75,0.005130203054167822,-0.01860020698323717,-1.0420271821671983,GMM estimator,1.0,1.0,0.5,0.5,3411,0.0,0.0,0.0,correct,wrong,3.0
76,0.051894559333544525,-0.06190888808702175,-1.051146248309003,GMM estimator,1.0,1.0,0.5,0.5,3411,0.0,0.0,0.0,correct,wrong,3.0
77,-0.235923147388923,-0.2286144127331792,-1.0642131674386976,GMM estimator,1.0,1.0,0.5,0.5,3411,0.0,0.0,0.0,correct,wrong,3.0
78,-0.5245344632762543,-0.18874467993528696,-1.0668109218021578,GMM estimator,1.0,1.0,0.5,0.5,3411,0.0,0.0,0.0,correct,wrong,3.0
79,0.0770014216464639,0.02373670811199588,-1.0437773194516378,GMM estimator,1.0,1.0,0.5,0.5,3411,0.0,0.0,0.0,correct,wrong,3.0
80,0.09559247330193574,-0.08506774138391988,-1.0557673830262337,GMM estimator,1.0,1.0,0.5,0.5,3411,0.0,0.0,0.0,correct,wrong,3.0
81,-0.3291596916441116,-0.08986780408025243,-1.0601880679439233,GMM estimator,1.0,1.0,0.5,0.5,3411,0.0,0.0,0.0,correct,wrong,3.0
82,0.1398587309040279,0.1432003286491184,-1.0387274700909876,GMM estimator,1.0,1.0,0.5,0.5,3411,0.0,0.0,0.0,correct,wrong,3.0
83,-0.053791116514857795,-0.1503571599554973,-1.0630983815801096,GMM estimator,1.0,1.0,0.5,0.5,3411,0.0,0.0,0.0,correct,wrong,3.0
84,-0.2743111000348289,-0.16935112243782138,-1.0653563315953805,GMM estimator,1.0,1.0,0.5,0.5,3411,0.0,0.0,0.0,correct,wrong,3.0
85,-0.3163570049254767,-0.24545970218164861,-1.069590274224187,GMM estimator,1.0,1.0,0.5,0.5,3411,0.0,0.0,0.0,correct,wrong,3.0
86,-0.20240921808153384,-0.02539926240824394,-1.0456465468611553,GMM estimator,1.0,1.0,0.5,0.5,3411,0.0,0.0,0.0,correct,wrong,3.0
87,-0.026954022466716597,-0.16263470945561295,-1.0664695813361358,GMM estimator,1.0,1.0,0.5,0.5,3411,0.0,0.0,0.0,correct,wrong,3.0
88,0.22778536190139315,0.13137515247639273,-1.0442028521810927,GMM estimator,1.0,1.0,0.5,0.5,3411,0.0,0.0,0.0,correct,wrong,3.0
89,0.047499940428946376,0.11829566342275973,-1.0467704024656357,GMM estimator,1.0,1.0,0.5,0.5,3411,0.0,0.0,0.0,correct,wrong,3.0
90,0.002648467988671262,-0.018762457945162538,-1.0504703639512385,GMM estimator,1.0,1.0,0.5,0.5,3411,0.0,0.0,0.0,correct,wrong,3.0
91,0.02550296480758139,-0.0036752482028763224,-1.0445849463879056,GMM estimator,1.0,1.0,0.5,0.5,3411,0.0,0.0,0.0,correct,wrong,3.0
92,-0.6218528738828044,-0.24925265181309833,-1.0642674136886927,GMM estimator,1.0,1.0,0.5,0.5,3411,0.0,0.0,0.0,correct,wrong,3.0
93,0.03167851270405131,0.08476320955418848,-1.0436354658128055,GMM estimator,1.0,1.0,0.5,0.5,3411,0.0,0.0,0.0,correct,wrong,3.0
94,-0.03449279713619948,-0.05716490415739748,-1.0471202566335414,GMM estimator,1.0,1.0,0.5,0.5,3411,0.0,0.0,0.0,correct,wrong,3.0
95,-0.12388231238775757,0.022614157025602242,-1.0425742598015724,GMM estimator,1.0,1.0,0.5,0.5,3411,0.0,0.0,0.0,correct,wrong,3.0
96,-0.06669377799027117,-0.22628577461367075,-1.059178415308894,GMM estimator,1.0,1.0,0.5,0.5,3411,0.0,0.0,0.0,correct,wrong,3.0
97,-0.24899799552329385,-0.011238156089513018,-1.0491175880521493,GMM estimator,1.0,1.0,0.5,0.5,3411,0.0,0.0,0.0,correct,wrong,3.0
98,0.10310834959086303,0.06582636846510258,-1.0374225438239406,GMM estimator,1.0,1.0,0.5,0.5,3411,0.0,0.0,0.0,correct,wrong,3.0
99,-0.25696463666389546,0.014172362040015679,-1.0465750136101684,GMM estimator,1.0,1.0,0.5,0.5,3411,0.0,0.0,0.0,correct,wrong,3.0
100,-0.16538714090977497,-0.03297286521458884,-1.065787857609408,GMM estimator,1.0,1.0,0.5,0.5,3411,0.0,0.0,0.0,correct,wrong,3.0
101,0.04621840800161874,-0.0988749161669747,-1.0386208972113984,GMM estimator,1.0,1.0,0.5,0.5,3411,0.0,0.0,0.0,correct,wrong,3.0
102,0.18188694310314635,-0.08369963878190906,-1.063700976880228,GMM estimator,1.0,1.0,0.5,0.5,3411,0.0,0.0,0.0,correct,wrong,3.0
103,0.02804098208872127,0.03104937000345835,-1.0385394817126157,GMM estimator,1.0,1.0,0.5,0.5,3411,0.0,0.0,0.0,correct,wrong,3.0
104,-0.5956454498813767,-0.08437994263134684,-1.0400171731552394,GMM estimator,1.0,1.0,0.5,0.5,3411,0.0,0.0,0.0,correct,wrong,3.0
105,-0.15688703359570644,-0.17031938910244382,-1.0603759093896135,GMM estimator,1.0,1.0,0.5,0.5,3411,0.0,0.0,0.0,correct,wrong,3.0
106,-0.33511569045960515,-0.33710754845201696,-1.0680901632040336,GMM estimator,1.0,1.0,0.5,0.5,3411,0.0,0.0,0.0,correct,wrong,3.0
107,-0.5559431545835644,-0.23451641156130013,-1.0482442295664995,GMM estimator,1.0,1.0,0.5,0.5,3411,0.0,0.0,0.0,correct,wrong,3.0
108,-0.0991216622479487,0.16120388011579917,-1.0497631226240254,GMM estimator,1.0,1.0,0.5,0.5,3411,0.0,0.0,0.0,correct,wrong,3.0
109,0.03162489745908914,0.02825381061900561,-1.0488062462092937,GMM estimator,1.0,1.0,0.5,0.5,3411,0.0,0.0,0.0,correct,wrong,3.0
110,0.3112005209103183,0.1502274881823661,-1.0359319628779007,GMM estimator,1.0,1.0,0.5,0.5,3411,0.0,0.0,0.0,correct,wrong,3.0
111,0.16648907268355934,0.09616313880806485,-1.045256768311314,GMM estimator,1.0,1.0,0.5,0.5,3411,0.0,0.0,0.0,correct,wrong,3.0
112,-0.17761713535009754,0.011064215089047747,-1.0501686972453377,GMM estimator,1.0,1.0,0.5,0.5,3411,0.0,0.0,0.0,correct,wrong,3.0
113,-0.4248624822466898,0.04438211594464404,-1.047206338652699,GMM estimator,1.0,1.0,0.5,0.5,3411,0.0,0.0,0.0,correct,wrong,3.0
114,0.28027707813831587,0.09694471935830222,-1.0498266411234805,GMM estimator,1.0,1.0,0.5,0.5,3411,0.0,0.0,0.0,correct,wrong,3.0
115,0.1818627280784106,0.012560260388497247,-1.0414529728725652,GMM estimator,1.0,1.0,0.5,0.5,3411,0.0,0.0,0.0,correct,wrong,3.0
116,-0.0035426865495508113,0.019217866992898094,-1.0469047054291354,GMM estimator,1.0,1.0,0.5,0.5,3411,0.0,0.0,0.0,correct,wrong,3.0
117,-0.40202643646460573,-0.2857412125299806,-1.0704768286721518,GMM estimator,1.0,1.0,0.5,0.5,3411,0.0,0.0,0.0,correct,wrong,3.0
118,-0.2734002911002364,-0.06626736665544848,-1.048548966959616,GMM estimator,1.0,1.0,0.5,0.5,3411,0.0,0.0,0.0,correct,wrong,3.0
119,0.003919035552136434,-0.038910333692187826,-1.0531087537228756,GMM estimator,1.0,1.0,0.5,0.5,3411,0.0,0.0,0.0,correct,wrong,3.0
120,-0.13308552328403783,-0.02105406380370175,-1.0497523242137408,GMM estimator,1.0,1.0,0.5,0.5,3411,0.0,0.0,0.0,correct,wrong,3.0
121,0.0352020347347429,-0.0001694283786018422,-1.045609836378872,GMM estimator,1.0,1.0,0.5,0.5,3411,0.0,0.0,0.0,correct,wrong,3.0
122,0.4759012595766481,0.1434993707587706,-1.0353310783642062,GMM estimator,1.0,1.0,0.5,0.5,3411,0.0,0.0,0.0,correct,wrong,3.0
123,0.21892837436991575,0.019322358295758676,-1.0363336298266814,GMM estimator,1.0,1.0,0.5,0.5,3411,0.0,0.0,0.0,correct,wrong,3.0
124,-0.08654614466922454,-0.1311488762911239,-1.0527406366535415,GMM estimator,1.0,1.0,0.5,0.5,3411,0.0,0.0,0.0,correct,wrong,3.0
125,-0.0962359458393268,0.0034196944830545417,-1.0412630437369044,GMM estimator,1.0,1.0,0.5,0.5,3411,0.0,0.0,0.0,correct,wrong,3.0
126,-0.07441695213035279,0.0020657765752951263,-1.0435033794353723,GMM estimator,1.0,1.0,0.5,0.5,3411,0.0,0.0,0.0,correct,wrong,3.0
127,-0.03134009025543948,-0.08075963702824868,-1.0449169625252492,GMM estimator,1.0,1.0,0.5,0.5,3411,0.0,0.0,0.0,correct,wrong,3.0
128,0.35751530288668865,0.14773960691984722,-1.0365770569010118,GMM estimator,1.0,1.0,0.5,0.5,3411,0.0,0.0,0.0,correct,wrong,3.0
129,0.06902616548026787,-0.0575062343477812,-1.0467329505007583,GMM estimator,1.0,1.0,0.5,0.5,3411,0.0,0.0,0.0,correct,wrong,3.0
130,-0.14848181638418192,-0.12354929264945455,-1.0525645130912142,GMM estimator,1.0,1.0,0.5,0.5,3411,0.0,0.0,0.0,correct,wrong,3.0
131,-0.08530922833691791,0.0008981652058295212,-1.0507581618763027,GMM estimator,1.0,1.0,0.5,0.5,3411,0.0,0.0,0.0,correct,wrong,3.0
132,-0.43420632373953943,-0.15605911638153638,-1.0464838676096093,GMM estimator,1.0,1.0,0.5,0.5,3411,0.0,0.0,0.0,correct,wrong,3.0
133,-0.10308867517990568,-0.03832819339357117,-1.0394975694268203,GMM estimator,1.0,1.0,0.5,0.5,3411,0.0,0.0,0.0,correct,wrong,3.0
134,0.08190101745591023,-0.0703420737725757,-1.045464286190083,GMM estimator,1.0,1.0,0.5,0.5,3411,0.0,0.0,0.0,correct,wrong,3.0
135,0.06700197410772345,-0.12720824074404985,-1.0566802237351158,GMM estimator,1.0,1.0,0.5,0.5,3411,0.0,0.0,0.0,correct,wrong,3.0
136,-0.2696247796843296,-0.06716514723067582,-1.051862042622693,GMM estimator,1.0,1.0,0.5,0.5,3411,0.0,0.0,0.0,correct,wrong,3.0
137,-0.15134332405781875,-0.04871836460068202,-1.056581084201696,GMM estimator,1.0,1.0,0.5,0.5,3411,0.0,0.0,0.0,correct,wrong,3.0
138,0.4242154678441094,0.07223598561746489,-1.050389411799668,GMM estimator,1.0,1.0,0.5,0.5,3411,0.0,0.0,0.0,correct,wrong,3.0
139,-0.13345627304290122,-0.13369294873709894,-1.060982298152919,GMM estimator,1.0,1.0,0.5,0.5,3411,0.0,0.0,0.0,correct,wrong,3.0
140,0.23722140974716704,0.19165750589723154,-1.037721648108901,GMM estimator,1.0,1.0,0.5,0.5,3411,0.0,0.0,0.0,correct,wrong,3.0
141,0.05916729198964532,0.20039553751797826,-1.0316156604321849,GMM estimator,1.0,1.0,0.5,0.5,3411,0.0,0.0,0.0,correct,wrong,3.0
142,0.13009798664884206,-0.07931921995269292,-1.0480265095172734,GMM estimator,1.0,1.0,0.5,0.5,3411,0.0,0.0,0.0,correct,wrong,3.0
143,0.11586229438876897,0.18864693603752258,-1.0304611558015981,GMM estimator,1.0,1.0,0.5,0.5,3411,0.0,0.0,0.0,correct,wrong,3.0
144,0.18718074471220694,0.03030594448309748,-1.0478847262868867,GMM estimator,1.0,1.0,0.5,0.5,3411,0.0,0.0,0.0,correct,wrong,3.0
145,0.27011356241268436,0.18843970939462984,-1.0228072321799926,GMM estimator,1.0,1.0,0.5,0.5,3411,0.0,0.0,0.0,correct,wrong,3.0
146,-0.12042022771160829,-0.00026762207424752053,-1.050931958292053,GMM estimator,1.0,1.0,0.5,0.5,3411,0.0,0.0,0.0,correct,wrong,3.0
147,-0.10509505511876148,-0.04165031391026374,-1.047627020531213,GMM estimator,1.0,1.0,0.5,0.5,3411,0.0,0.0,0.0,correct,wrong,3.0
148,0.15240721483999664,0.016381436207325357,-1.0474886394561707,GMM estimator,1.0,1.0,0.5,0.5,3411,0.0,0.0,0.0,correct,wrong,3.0
149,-0.1787090105987513,-0.043606278690964666,-1.0468683052833778,GMM estimator,1.0,1.0,0.5,0.5,3411,0.0,0.0,0.0,correct,wrong,3.0
150,0.24552488655396745,0.35240159313430935,-1.0337798138487393,GMM estimator,1.0,1.0,0.5,0.5,3411,0.0,0.0,0.0,correct,wrong,3.0
151,0.16015756571258855,-0.05608554084367947,-1.0530688006074411,GMM estimator,1.0,1.0,0.5,0.5,3411,0.0,0.0,0.0,correct,wrong,3.0
152,0.10036026279389663,0.0992397581106141,-1.0429513213901718,GMM estimator,1.0,1.0,0.5,0.5,3411,0.0,0.0,0.0,correct,wrong,3.0
153,0.1409449482202239,-0.05097669434016692,-1.0469829084609081,GMM estimator,1.0,1.0,0.5,0.5,3411,0.0,0.0,0.0,correct,wrong,3.0
154,0.020890127724761093,0.25422648825914107,-1.0358362209367304,GMM estimator,1.0,1.0,0.5,0.5,3411,0.0,0.0,0.0,correct,wrong,3.0
155,0.02019727202231904,-0.057886150810115486,-1.0566219636852954,GMM estimator,1.0,1.0,0.5,0.5,3411,0.0,0.0,0.0,correct,wrong,3.0
156,0.3617369087077199,-0.03901669957242649,-1.0325714496252227,GMM estimator,1.0,1.0,0.5,0.5,3411,0.0,0.0,0.0,correct,wrong,3.0
157,0.023120402894299348,-0.09533689504042074,-1.0472097118426575,GMM estimator,1.0,1.0,0.5,0.5,3411,0.0,0.0,0.0,correct,wrong,3.0
158,0.29267677320120034,0.025176860859124614,-1.0489463613682544,GMM estimator,1.0,1.0,0.5,0.5,3411,0.0,0.0,0.0,correct,wrong,3.0
159,-0.047543870950572734,0.07855321662498123,-1.04089647159955,GMM estimator,1.0,1.0,0.5,0.5,3411,0.0,0.0,0.0,correct,wrong,3.0
160,0.14288437827965414,-0.03299243639247914,-1.0513300609878962,GMM estimator,1.0,1.0,0.5,0.5,3411,0.0,0.0,0.0,correct,wrong,3.0
161,0.06519101563984894,0.08483147154063755,-1.039558998877846,GMM estimator,1.0,1.0,0.5,0.5,3411,0.0,0.0,0.0,correct,wrong,3.0
162,0.23578911483385406,0.08501650017035578,-1.0449212647503943,GMM estimator,1.0,1.0,0.5,0.5,3411,0.0,0.0,0.0,correct,wrong,3.0
163,0.0735172039034176,0.07285475050209544,-1.0518138068677632,GMM estimator,1.0,1.0,0.5,0.5,3411,0.0,0.0,0.0,correct,wrong,3.0
164,-0.5034954712425125,-0.315486869834997,-1.0642286126251599,GMM estimator,1.0,1.0,0.5,0.5,3411,0.0,0.0,0.0,correct,wrong,3.0
165,-0.06425220840473313,-0.18506408894583132,-1.0542009726672312,GMM estimator,1.0,1.0,0.5,0.5,3411,0.0,0.0,0.0,correct,wrong,3.0
166,0.3118911818925457,0.030169422878050647,-1.0399523348310897,GMM estimator,1.0,1.0,0.5,0.5,3411,0.0,0.0,0.0,correct,wrong,3.0
167,-0.23482070232182045,-0.11778588795463094,-1.0555237859351319,GMM estimator,1.0,1.0,0.5,0.5,3411,0.0,0.0,0.0,correct,wrong,3.0
168,0.25078648992066577,0.03638377637638138,-1.0434817115628543,GMM estimator,1.0,1.0,0.5,0.5,3411,0.0,0.0,0.0,correct,wrong,3.0
169,-0.2518726957052108,0.06205523093542536,-1.050502166010275,GMM estimator,1.0,1.0,0.5,0.5,3411,0.0,0.0,0.0,correct,wrong,3.0
170,-0.02914265708102084,0.03858261194255492,-1.0519884072411922,GMM estimator,1.0,1.0,0.5,0.5,3411,0.0,0.0,0.0,correct,wrong,3.0
171,-0.14106529824477643,-0.1413012679077307,-1.0589253896824666,GMM estimator,1.0,1.0,0.5,0.5,3411,0.0,0.0,0.0,correct,wrong,3.0
172,-0.19709864524631604,-0.09367280165145052,-1.058401154857953,GMM estimator,1.0,1.0,0.5,0.5,3411,0.0,0.0,0.0,correct,wrong,3.0
173,-0.05987768174857448,-0.19474195477571932,-1.0526809195424143,GMM estimator,1.0,1.0,0.5,0.5,3411,0.0,0.0,0.0,correct,wrong,3.0
174,0.047767913588806464,-0.023981818090091353,-1.0447148573926617,GMM estimator,1.0,1.0,0.5,0.5,3411,0.0,0.0,0.0,correct,wrong,3.0
175,0.31223665019793323,-0.1754096830262278,-1.052583236115341,GMM estimator,1.0,1.0,0.5,0.5,3411,0.0,0.0,0.0,correct,wrong,3.0
176,-0.1083003722849051,-0.026838609254524314,-1.043134564257884,GMM estimator,1.0,1.0,0.5,0.5,3411,0.0,0.0,0.0,correct,wrong,3.0
177,0.15760723599930818,0.20392613481859262,-1.0506495055633729,GMM estimator,1.0,1.0,0.5,0.5,3411,0.0,0.0,0.0,correct,wrong,3.0
178,-0.027823272426759933,-0.04087200943167009,-1.0446064714149452,GMM estimator,1.0,1.0,0.5,0.5,3411,0.0,0.0,0.0,correct,wrong,3.0
179,-0.22665666670118265,0.10776269913041649,-1.0443656979942801,GMM estimator,1.0,1.0,0.5,0.5,3411,0.0,0.0,0.0,correct,wrong,3.0
180,0.2602105195610515,0.19914277446867149,-1.0508823723890142,GMM estimator,1.0,1.0,0.5,0.5,3411,0.0,0.0,0.0,correct,wrong,3.0
181,0.06484857645034207,0.060300335419573185,-1.04981616908477,GMM estimator,1.0,1.0,0.5,0.5,3411,0.0,0.0,0.0,correct,wrong,3.0
182,0.17583242185634582,0.19615844084610098,-1.0240436610095216,GMM estimator,1.0,1.0,0.5,0.5,3411,0.0,0.0,0.0,correct,wrong,3.0
183,0.12797981757918553,-0.03435542493047735,-1.0379166448504704,GMM estimator,1.0,1.0,0.5,0.5,3411,0.0,0.0,0.0,correct,wrong,3.0
184,0.11898607223737323,0.06916306684212846,-1.0409834932440003,GMM estimator,1.0,1.0,0.5,0.5,3411,0.0,0.0,0.0,correct,wrong,3.0
185,0.028023175383605776,-0.04121805944641997,-1.047703606152867,GMM estimator,1.0,1.0,0.5,0.5,3411,0.0,0.0,0.0,correct,wrong,3.0
186,0.174831753796136,-0.029181091291891198,-1.0485180729009027,GMM estimator,1.0,1.0,0.5,0.5,3411,0.0,0.0,0.0,correct,wrong,3.0
187,0.08629522716958588,0.08666848834157714,-1.0363928236161895,GMM estimator,1.0,1.0,0.5,0.5,3411,0.0,0.0,0.0,correct,wrong,3.0
188,-0.005922550515977885,-0.06269108899202276,-1.0528762164922814,GMM estimator,1.0,1.0,0.5,0.5,3411,0.0,0.0,0.0,correct,wrong,3.0
189,0.2785028652480465,0.20894483393169525,-1.0320570490753667,GMM estimator,1.0,1.0,0.5,0.5,3411,0.0,0.0,0.0,correct,wrong,3.0
190,0.05735219526448319,0.11952912765618585,-1.0302133639571025,GMM estimator,1.0,1.0,0.5,0.5,3411,0.0,0.0,0.0,correct,wrong,3.0
191,-0.2220231018318773,0.061688506980012756,-1.0375966984739615,GMM estimator,1.0,1.0,0.5,0.5,3411,0.0,0.0,0.0,correct,wrong,3.0
192,-0.1721119717681891,-0.008191615325661684,-1.050673916682083,GMM estimator,1.0,1.0,0.5,0.5,3411,0.0,0.0,0.0,correct,wrong,3.0
193,-0.36874838768645707,-0.24380683067221373,-1.0603815824960852,GMM estimator,1.0,1.0,0.5,0.5,3411,0.0,0.0,0.0,correct,wrong,3.0
194,0.3509277542101144,0.18800836533312057,-1.0335994537408986,GMM estimator,1.0,1.0,0.5,0.5,3411,0.0,0.0,0.0,correct,wrong,3.0
195,-0.47257813183155456,-0.060048569893425684,-1.0586079415887193,GMM estimator,1.0,1.0,0.5,0.5,3411,0.0,0.0,0.0,correct,wrong,3.0
196,-0.09450771312408007,-0.18100400040430004,-1.0579585496463793,GMM estimator,1.0,1.0,0.5,0.5,3411,0.0,0.0,0.0,correct,wrong,3.0
197,-0.04225468945029151,-0.021176564923305524,-1.048708058487773,GMM estimator,1.0,1.0,0.5,0.5,3411,0.0,0.0,0.0,correct,wrong,3.0
198,0.07278402577444787,-0.04927227451344751,-1.0502696763716297,GMM estimator,1.0,1.0,0.5,0.5,3411,0.0,0.0,0.0,correct,wrong,3.0
199,0.2835344258613202,0.11180816526209172,-1.049907504783898,GMM estimator,1.0,1.0,0.5,0.5,3411,0.0,0.0,0.0,correct,wrong,3.0
200,0.06424812481195172,0.08391759885242812,-1.0379952875699363,GMM estimator,1.0,1.0,0.5,0.5,3411,0.0,0.0,0.0,correct,wrong,3.0
201,0.09903567142434669,-0.03453297871878821,-1.0465527525957126,GMM estimator,1.0,1.0,0.5,0.5,3411,0.0,0.0,0.0,correct,wrong,3.0
202,-0.033744531391479086,0.14535579364438853,-1.043063897053419,GMM estimator,1.0,1.0,0.5,0.5,3411,0.0,0.0,0.0,correct,wrong,3.0
203,0.21304371714982495,0.11400031643194747,-1.0395348739666088,GMM estimator,1.0,1.0,0.5,0.5,3411,0.0,0.0,0.0,correct,wrong,3.0
204,0.16925197781942913,-0.054651618717623245,-1.0482378623144035,GMM estimator,1.0,1.0,0.5,0.5,3411,0.0,0.0,0.0,correct,wrong,3.0
205,0.014478304424018467,-0.07048451154356512,-1.0479752554091712,GMM estimator,1.0,1.0,0.5,0.5,3411,0.0,0.0,0.0,correct,wrong,3.0
206,0.12810535467404222,0.0697377214205108,-1.0471736820284219,GMM estimator,1.0,1.0,0.5,0.5,3411,0.0,0.0,0.0,correct,wrong,3.0
207,0.3011203520633965,0.20280081107894424,-1.031510760599458,GMM estimator,1.0,1.0,0.5,0.5,3411,0.0,0.0,0.0,correct,wrong,3.0
208,-0.3485251788355011,-0.24025687120929917,-1.0480550203388264,GMM estimator,1.0,1.0,0.5,0.5,3411,0.0,0.0,0.0,correct,wrong,3.0
209,-0.07631695298266314,0.08141955154268757,-1.0457412068161096,GMM estimator,1.0,1.0,0.5,0.5,3411,0.0,0.0,0.0,correct,wrong,3.0
210,0.12541432307538206,0.06989500784314598,-1.043516249938459,GMM estimator,1.0,1.0,0.5,0.5,3411,0.0,0.0,0.0,correct,wrong,3.0
211,0.2711679293698956,0.18299673012304085,-1.0380533705999984,GMM estimator,1.0,1.0,0.5,0.5,3411,0.0,0.0,0.0,correct,wrong,3.0
212,0.30512512711429346,0.1433099192486668,-1.042387876360238,GMM estimator,1.0,1.0,0.5,0.5,3411,0.0,0.0,0.0,correct,wrong,3.0
213,0.007976696678631132,-0.09153624266661353,-1.0406793925025053,GMM estimator,1.0,1.0,0.5,0.5,3411,0.0,0.0,0.0,correct,wrong,3.0
214,-0.24032343640895215,-0.056420051354752754,-1.051136709583765,GMM estimator,1.0,1.0,0.5,0.5,3411,0.0,0.0,0.0,correct,wrong,3.0
215,-0.0750860492669237,-0.053557542972520064,-1.0372076170122326,GMM estimator,1.0,1.0,0.5,0.5,3411,0.0,0.0,0.0,correct,wrong,3.0
216,0.3967628964799807,0.16350145223015367,-1.0360409203297396,GMM estimator,1.0,1.0,0.5,0.5,3411,0.0,0.0,0.0,correct,wrong,3.0
217,0.46357862675527595,0.09591223856350675,-1.0549798458087136,GMM estimator,1.0,1.0,0.5,0.5,3411,0.0,0.0,0.0,correct,wrong,3.0
218,-0.12721220170375322,-0.04842636334901383,-1.0482965877105326,GMM estimator,1.0,1.0,0.5,0.5,3411,0.0,0.0,0.0,correct,wrong,3.0
219,0.07196606118036136,0.04536355103071685,-1.0339080400608764,GMM estimator,1.0,1.0,0.5,0.5,3411,0.0,0.0,0.0,correct,wrong,3.0
220,0.1753705644848414,0.12765704780177675,-1.0497249668761943,GMM estimator,1.0,1.0,0.5,0.5,3411,0.0,0.0,0.0,correct,wrong,3.0
221,0.01900168026215262,0.06484224632712597,-1.0482396065361306,GMM estimator,1.0,1.0,0.5,0.5,3411,0.0,0.0,0.0,correct,wrong,3.0
222,-0.02326561964708634,0.07835819169553658,-1.037001849186523,GMM estimator,1.0,1.0,0.5,0.5,3411,0.0,0.0,0.0,correct,wrong,3.0
223,0.07561652917157523,0.1589390345377503,-1.0262275428122796,GMM estimator,1.0,1.0,0.5,0.5,3411,0.0,0.0,0.0,correct,wrong,3.0
224,-0.16272921407865226,-0.11460593988468752,-1.0619408586933448,GMM estimator,1.0,1.0,0.5,0.5,3411,0.0,0.0,0.0,correct,wrong,3.0
225,-0.22884047777552902,0.017736073791092596,-1.0412409347977918,GMM estimator,1.0,1.0,0.5,0.5,3411,0.0,0.0,0.0,correct,wrong,3.0
226,0.3125071456259914,0.1636368165079112,-1.0338938999746032,GMM estimator,1.0,1.0,0.5,0.5,3411,0.0,0.0,0.0,correct,wrong,3.0
227,0.34391120084240706,0.039550953420175804,-1.0330972341785474,GMM estimator,1.0,1.0,0.5,0.5,3411,0.0,0.0,0.0,correct,wrong,3.0
228,0.28544222127893387,0.13479230726078464,-1.0322861622867916,GMM estimator,1.0,1.0,0.5,0.5,3411,0.0,0.0,0.0,correct,wrong,3.0
229,-0.012670679184339522,-0.0995675499139206,-1.0516096743116996,GMM estimator,1.0,1.0,0.5,0.5,3411,0.0,0.0,0.0,correct,wrong,3.0
230,-0.17390952374678292,-0.16949653960929678,-1.0647616641607225,GMM estimator,1.0,1.0,0.5,0.5,3411,0.0,0.0,0.0,correct,wrong,3.0
231,0.2694249457605989,0.015506697373778067,-1.0427526474633895,GMM estimator,1.0,1.0,0.5,0.5,3411,0.0,0.0,0.0,correct,wrong,3.0
232,-0.22416302551508394,-0.04233407225343718,-1.062177152077336,GMM estimator,1.0,1.0,0.5,0.5,3411,0.0,0.0,0.0,correct,wrong,3.0
233,-0.34757404156044985,0.10986051550660002,-1.0415402094965507,GMM estimator,1.0,1.0,0.5,0.5,3411,0.0,0.0,0.0,correct,wrong,3.0
234,-0.0968769751289021,-0.26123738880870334,-1.0572967513185945,GMM estimator,1.0,1.0,0.5,0.5,3411,0.0,0.0,0.0,correct,wrong,3.0
235,-0.21865529880543644,-0.05298117671647113,-1.0398903869103375,GMM estimator,1.0,1.0,0.5,0.5,3411,0.0,0.0,0.0,correct,wrong,3.0
236,-0.3237716493290587,-0.039712379673578366,-1.0456172037676377,GMM estimator,1.0,1.0,0.5,0.5,3411,0.0,0.0,0.0,correct,wrong,3.0
237,-0.1783963507286069,-0.030943678811660078,-1.0433819654341008,GMM estimator,1.0,1.0,0.5,0.5,3411,0.0,0.0,0.0,correct,wrong,3.0
238,0.11920970063692958,0.08967065421065105,-1.0321119962864016,GMM estimator,1.0,1.0,0.5,0.5,3411,0.0,0.0,0.0,correct,wrong,3.0
239,-0.21920106425402633,-0.23591503396034216,-1.0583966179190998,GMM estimator,1.0,1.0,0.5,0.5,3411,0.0,0.0,0.0,correct,wrong,3.0
240,-0.08491993111848692,0.11364973483819782,-1.0478501306996524,GMM estimator,1.0,1.0,0.5,0.5,3411,0.0,0.0,0.0,correct,wrong,3.0
241,-0.09996106481986963,0.0734067487625791,-1.0467335892704657,GMM estimator,1.0,1.0,0.5,0.5,3411,0.0,0.0,0.0,correct,wrong,3.0
242,0.26521658702548034,-0.028361136286866775,-1.0577693435631772,GMM estimator,1.0,1.0,0.5,0.5,3411,0.0,0.0,0.0,correct,wrong,3.0
243,0.0524077246101751,-0.08484373096905003,-1.0431464314960406,GMM estimator,1.0,1.0,0.5,0.5,3411,0.0,0.0,0.0,correct,wrong,3.0
244,0.099131325179409,0.0077388710122016325,-1.0457833754737944,GMM estimator,1.0,1.0,0.5,0.5,3411,0.0,0.0,0.0,correct,wrong,3.0
245,0.04149757312995055,0.09158429963534583,-1.0422459793965009,GMM estimator,1.0,1.0,0.5,0.5,3411,0.0,0.0,0.0,correct,wrong,3.0
246,-0.5298398132572467,0.03161163741956998,-1.0477627703031354,GMM estimator,1.0,1.0,0.5,0.5,3411,0.0,0.0,0.0,correct,wrong,3.0
247,-0.10740802365473791,-0.23252923786118387,-1.055836175477454,GMM estimator,1.0,1.0,0.5,0.5,3411,0.0,0.0,0.0,correct,wrong,3.0
248,0.3209422594314176,-0.09796316950173388,-1.043242597387038,GMM estimator,1.0,1.0,0.5,0.5,3411,0.0,0.0,0.0,correct,wrong,3.0
249,0.20337928442728606,0.1786271850163218,-1.0360152452494795,GMM estimator,1.0,1.0,0.5,0.5,3411,0.0,0.0,0.0,correct,wrong,3.0
250,-0.1634651328743796,-0.04418507175752183,-1.0524491012041561,GMM estimator,1.0,1.0,0.5,0.5,3411,0.0,0.0,0.0,correct,wrong,3.0
251,-0.08551079472957522,-0.1622934303185157,-1.0599102011371582,GMM estimator,1.0,1.0,0.5,0.5,3411,0.0,0.0,0.0,correct,wrong,3.0
252,0.0886846777547791,0.05558848020767884,-1.0369382152703963,GMM estimator,1.0,1.0,0.5,0.5,3411,0.0,0.0,0.0,correct,wrong,3.0
253,-0.20416060581457954,0.2341613151652334,-1.0342070382215456,GMM estimator,1.0,1.0,0.5,0.5,3411,0.0,0.0,0.0,correct,wrong,3.0
254,0.16347255513065556,0.03385886132072318,-1.047809115927102,GMM estimator,1.0,1.0,0.5,0.5,3411,0.0,0.0,0.0,correct,wrong,3.0
255,0.023268078364031813,-0.06242729950025446,-1.0325566999559126,GMM estimator,1.0,1.0,0.5,0.5,3411,0.0,0.0,0.0,correct,wrong,3.0
256,-0.2760667834484445,-0.2532783899599209,-1.0668324707026355,GMM estimator,1.0,1.0,0.5,0.5,3411,0.0,0.0,0.0,correct,wrong,3.0
257,-0.054504877361410194,-0.04750702681900218,-1.051991074391704,GMM estimator,1.0,1.0,0.5,0.5,3411,0.0,0.0,0.0,correct,wrong,3.0
258,-0.7295204664606879,-0.2624196010506846,-1.0728999145345957,GMM estimator,1.0,1.0,0.5,0.5,3411,0.0,0.0,0.0,correct,wrong,3.0
259,-0.10904484290490261,-0.06334509571930971,-1.0460270616515646,GMM estimator,1.0,1.0,0.5,0.5,3411,0.0,0.0,0.0,correct,wrong,3.0
260,-0.12717970728758263,-0.16225960822052218,-1.054431793534133,GMM estimator,1.0,1.0,0.5,0.5,3411,0.0,0.0,0.0,correct,wrong,3.0
261,0.06264894172147066,-0.026364668852845625,-1.050143801187794,GMM estimator,1.0,1.0,0.5,0.5,3411,0.0,0.0,0.0,correct,wrong,3.0
262,-0.1493948744110019,0.021883772941615292,-1.043829228116882,GMM estimator,1.0,1.0,0.5,0.5,3411,0.0,0.0,0.0,correct,wrong,3.0
263,-0.22264678040647284,-0.0048497601840898266,-1.046584644484547,GMM estimator,1.0,1.0,0.5,0.5,3411,0.0,0.0,0.0,correct,wrong,3.0
264,0.11523890336471088,0.09175896405030735,-1.0471610506196605,GMM estimator,1.0,1.0,0.5,0.5,3411,0.0,0.0,0.0,correct,wrong,3.0
265,-0.09774090991348047,-0.10571538945050915,-1.0467356401797754,GMM estimator,1.0,1.0,0.5,0.5,3411,0.0,0.0,0.0,correct,wrong,3.0
266,-0.002415499991659904,-0.2342486915178742,-1.0740466077511466,GMM estimator,1.0,1.0,0.5,0.5,3411,0.0,0.0,0.0,correct,wrong,3.0
267,-0.07008053923588034,0.13375329233100625,-1.0399890821308615,GMM estimator,1.0,1.0,0.5,0.5,3411,0.0,0.0,0.0,correct,wrong,3.0
268,-0.20257837723930958,-0.11157926969533795,-1.0503405593318291,GMM estimator,1.0,1.0,0.5,0.5,3411,0.0,0.0,0.0,correct,wrong,3.0
269,-0.2617059413158776,0.02528919411906412,-1.0377821743741438,GMM estimator,1.0,1.0,0.5,0.5,3411,0.0,0.0,0.0,correct,wrong,3.0
270,-0.1948283344027783,-0.2966979055711837,-1.0556998795817716,GMM estimator,1.0,1.0,0.5,0.5,3411,0.0,0.0,0.0,correct,wrong,3.0
271,0.07778955553822499,-0.029616967798330097,-1.0415384395803893,GMM estimator,1.0,1.0,0.5,0.5,3411,0.0,0.0,0.0,correct,wrong,3.0
272,-0.31759156908480785,-0.10521372313348441,-1.0525734994186267,GMM estimator,1.0,1.0,0.5,0.5,3411,0.0,0.0,0.0,correct,wrong,3.0
273,0.07330122106953024,-0.10085375379460162,-1.0532958737180982,GMM estimator,1.0,1.0,0.5,0.5,3411,0.0,0.0,0.0,correct,wrong,3.0
274,-0.13268921205229445,-0.2132092293349995,-1.0607230712070677,GMM estimator,1.0,1.0,0.5,0.5,3411,0.0,0.0,0.0,correct,wrong,3.0
275,0.04509362536546546,-0.025964740546154986,-1.059059872846325,GMM estimator,1.0,1.0,0.5,0.5,3411,0.0,0.0,0.0,correct,wrong,3.0
276,0.049649964933971315,-0.018273352378646496,-1.0521194734825219,GMM estimator,1.0,1.0,0.5,0.5,3411,0.0,0.0,0.0,correct,wrong,3.0
277,0.3824443025028383,-0.055776975314439335,-1.0523849901933162,GMM estimator,1.0,1.0,0.5,0.5,3411,0.0,0.0,0.0,correct,wrong,3.0
278,0.19203627631360407,0.15283516203239023,-1.0485717686536469,GMM estimator,1.0,1.0,0.5,0.5,3411,0.0,0.0,0.0,correct,wrong,3.0
279,0.04642072847303012,-0.10989912460938421,-1.0511554525554339,GMM estimator,1.0,1.0,0.5,0.5,3411,0.0,0.0,0.0,correct,wrong,3.0
280,0.0008848429447164267,0.10870376224720597,-1.0479953456502973,GMM estimator,1.0,1.0,0.5,0.5,3411,0.0,0.0,0.0,correct,wrong,3.0
281,0.2959196297136072,0.3082185675213919,-1.031460317613397,GMM estimator,1.0,1.0,0.5,0.5,3411,0.0,0.0,0.0,correct,wrong,3.0
282,0.25257807943347393,-0.05920409771357538,-1.0519722858453588,GMM estimator,1.0,1.0,0.5,0.5,3411,0.0,0.0,0.0,correct,wrong,3.0
283,0.3777214230078692,0.15217231811943227,-1.0522648403428463,GMM estimator,1.0,1.0,0.5,0.5,3411,0.0,0.0,0.0,correct,wrong,3.0
284,-0.1234974171705485,0.04938705720155457,-1.0448388423733328,GMM estimator,1.0,1.0,0.5,0.5,3411,0.0,0.0,0.0,correct,wrong,3.0
285,-0.039049308930880086,-0.10870700186708801,-1.0621885776034319,GMM estimator,1.0,1.0,0.5,0.5,3411,0.0,0.0,0.0,correct,wrong,3.0
286,-0.01657564139607597,0.059798999376112966,-1.0343349861649493,GMM estimator,1.0,1.0,0.5,0.5,3411,0.0,0.0,0.0,correct,wrong,3.0
287,0.2629331117240281,0.12940986280652042,-1.0488661429449144,GMM estimator,1.0,1.0,0.5,0.5,3411,0.0,0.0,0.0,correct,wrong,3.0
288,-0.460365267997786,-0.17381951328070525,-1.0576443148162094,GMM estimator,1.0,1.0,0.5,0.5,3411,0.0,0.0,0.0,correct,wrong,3.0
289,-0.41437506603437235,0.012976171767469548,-1.0381074474579066,GMM estimator,1.0,1.0,0.5,0.5,3411,0.0,0.0,0.0,correct,wrong,3.0
290,-0.2952709648967011,-0.1431319633375636,-1.058199960432311,GMM estimator,1.0,1.0,0.5,0.5,3411,0.0,0.0,0.0,correct,wrong,3.0
291,0.4267256742638993,0.08269765831591581,-1.0391055631346957,GMM estimator,1.0,1.0,0.5,0.5,3411,0.0,0.0,0.0,correct,wrong,3.0
292,0.49238727742775223,0.30683602580559105,-1.0231475526180098,GMM estimator,1.0,1.0,0.5,0.5,3411,0.0,0.0,0.0,correct,wrong,3.0
293,-0.2815418718274006,-0.12159761153290878,-1.056595011187125,GMM estimator,1.0,1.0,0.5,0.5,3411,0.0,0.0,0.0,correct,wrong,3.0
294,0.23450800985291584,-0.05017475213791791,-1.0429737263819427,GMM estimator,1.0,1.0,0.5,0.5,3411,0.0,0.0,0.0,correct,wrong,3.0
295,0.09187143540140857,0.08298042045190458,-1.0364555024395055,GMM estimator,1.0,1.0,0.5,0.5,3411,0.0,0.0,0.0,correct,wrong,3.0
296,0.12101201997824325,0.21103154059071305,-1.0497024958807248,GMM estimator,1.0,1.0,0.5,0.5,3411,0.0,0.0,0.0,correct,wrong,3.0
297,-0.13953852442789624,-0.1572714335910342,-1.0586312618376308,GMM estimator,1.0,1.0,0.5,0.5,3411,0.0,0.0,0.0,correct,wrong,3.0
298,0.23689612373419774,0.3259272403020928,-1.0193248058609754,GMM estimator,1.0,1.0,0.5,0.5,3411,0.0,0.0,0.0,correct,wrong,3.0
299,-0.09706664444239103,0.04418280328358927,-1.0463216565921338,GMM estimator,1.0,1.0,0.5,0.5,3411,0.0,0.0,0.0,correct,wrong,3.0
300,0.06690772393729816,-0.1723873587400461,-1.0535942250679875,GMM estimator,1.0,1.0,0.5,0.5,3411,0.0,0.0,0.0,correct,wrong,3.0
1,-0.2167521746193973,-1.0616077753309967,0.04114391157872022,Three-step,1.0,1.0,0.5,0.5,3411,0.0,0.0,0.0,wrong,correct,3.0
2,-0.1266292875282457,-1.0548288250850921,0.1365137781224253,Three-step,1.0,1.0,0.5,0.5,3411,0.0,0.0,0.0,wrong,correct,3.0
3,-0.26260854612251794,-1.0443642610874857,-0.000667777028768704,Three-step,1.0,1.0,0.5,0.5,3411,0.0,0.0,0.0,wrong,correct,3.0
4,0.22224326900919567,-1.0352590303697404,-0.07188649738414213,Three-step,1.0,1.0,0.5,0.5,3411,0.0,0.0,0.0,wrong,correct,3.0
5,-0.40168085512416135,-1.0643571486671055,-0.0629586031513781,Three-step,1.0,1.0,0.5,0.5,3411,0.0,0.0,0.0,wrong,correct,3.0
6,0.21827799324128466,-1.040323380750947,0.03944084475250906,Three-step,1.0,1.0,0.5,0.5,3411,0.0,0.0,0.0,wrong,correct,3.0
7,0.6392850876066963,-1.0179449244066021,0.18243405165739604,Three-step,1.0,1.0,0.5,0.5,3411,0.0,0.0,0.0,wrong,correct,3.0
8,-0.1950193235698183,-1.0463650230330652,0.016204911190162652,Three-step,1.0,1.0,0.5,0.5,3411,0.0,0.0,0.0,wrong,correct,3.0
9,-0.21201594578183117,-1.0504148276369685,0.12767046939196344,Three-step,1.0,1.0,0.5,0.5,3411,0.0,0.0,0.0,wrong,correct,3.0
10,-0.2890442606806111,-1.0721139100521622,-0.21708055076509106,Three-step,1.0,1.0,0.5,0.5,3411,0.0,0.0,0.0,wrong,correct,3.0
11,0.2627584125434595,-1.0362523681890354,0.004175203267549526,Three-step,1.0,1.0,0.5,0.5,3411,0.0,0.0,0.0,wrong,correct,3.0
12,-0.04564626193113609,-1.063039443679081,-0.022940985713703017,Three-step,1.0,1.0,0.5,0.5,3411,0.0,0.0,0.0,wrong,correct,3.0
13,0.31018114005010916,-1.0400915639898989,-0.008108260726296982,Three-step,1.0,1.0,0.5,0.5,3411,0.0,0.0,0.0,wrong,correct,3.0
14,-0.2928040986821674,-1.0614467047892908,-0.06095718956975399,Three-step,1.0,1.0,0.5,0.5,3411,0.0,0.0,0.0,wrong,correct,3.0
15,-0.2878740490357776,-1.0733303958763578,-0.13167102684984935,Three-step,1.0,1.0,0.5,0.5,3411,0.0,0.0,0.0,wrong,correct,3.0
16,-0.2148594984323237,-1.080217401138717,-0.28765674085848014,Three-step,1.0,1.0,0.5,0.5,3411,0.0,0.0,0.0,wrong,correct,3.0
17,0.3597705431614839,-1.0205012802692408,0.15265787403035938,Three-step,1.0,1.0,0.5,0.5,3411,0.0,0.0,0.0,wrong,correct,3.0
18,0.03468753995132562,-1.0371417509421932,0.14281304162002006,Three-step,1.0,1.0,0.5,0.5,3411,0.0,0.0,0.0,wrong,correct,3.0
19,-0.05416023276458047,-1.0291184747353388,0.13595298189226065,Three-step,1.0,1.0,0.5,0.5,3411,0.0,0.0,0.0,wrong,correct,3.0
20,-0.03558419612586517,-1.0270153835859805,0.15868217554071168,Three-step,1.0,1.0,0.5,0.5,3411,0.0,0.0,0.0,wrong,correct,3.0
21,0.06983272384072478,-1.0309785262751046,0.046538789204101025,Three-step,1.0,1.0,0.5,0.5,3411,0.0,0.0,0.0,wrong,correct,3.0
22,0.15250969620666402,-1.049365393331542,0.07879321032723412,Three-step,1.0,1.0,0.5,0.5,3411,0.0,0.0,0.0,wrong,correct,3.0
23,-0.07204440852602739,-1.0645714086175286,0.008697614344576542,Three-step,1.0,1.0,0.5,0.5,3411,0.0,0.0,0.0,wrong,correct,3.0
24,0.30560061835590735,-1.029518133819127,0.08590451877716038,Three-step,1.0,1.0,0.5,0.5,3411,0.0,0.0,0.0,wrong,correct,3.0
25,-0.07881843271376843,-1.0352196439562595,0.09521230017308886,Three-step,1.0,1.0,0.5,0.5,3411,0.0,0.0,0.0,wrong,correct,3.0
26,-0.03528787057132441,-1.0321811741708082,0.09981676709784833,Three-step,1.0,1.0,0.5,0.5,3411,0.0,0.0,0.0,wrong,correct,3.0
27,0.06422580498848,-1.0300621457215298,0.07758851705310668,Three-step,1.0,1.0,0.5,0.5,3411,0.0,0.0,0.0,wrong,correct,3.0
28,0.012795241172344452,-1.0661831163997688,-0.07147948235920208,Three-step,1.0,1.0,0.5,0.5,3411,0.0,0.0,0.0,wrong,correct,3.0
29,0.03799722862636482,-1.0603272913720694,0.01204371707243968,Three-step,1.0,1.0,0.5,0.5,3411,0.0,0.0,0.0,wrong,correct,3.0
30,-0.17462071146579883,-1.0371494785411883,-0.037092458875494255,Three-step,1.0,1.0,0.5,0.5,3411,0.0,0.0,0.0,wrong,correct,3.0
31,0.0836385761252467,-1.0397700728214614,0.05730936198481612,Three-step,1.0,1.0,0.5,0.5,3411,0.0,0.0,0.0,wrong,correct,3.0
32,-0.08526930813143892,-1.0747128458069506,-0.07132998830206785,Three-step,1.0,1.0,0.5,0.5,3411,0.0,0.0,0.0,wrong,correct,3.0
33,0.28302221963908775,-1.0393987605028736,0.027337954606909846,Three-step,1.0,1.0,0.5,0.5,3411,0.0,0.0,0.0,wrong,correct,3.0
34,0.055758349528861974,-1.0575447009043193,-0.013758053607295808,Three-step,1.0,1.0,0.5,0.5,3411,0.0,0.0,0.0,wrong,correct,3.0
35,-0.01921366299007025,-1.0486025122143698,0.03267410910711673,Three-step,1.0,1.0,0.5,0.5,3411,0.0,0.0,0.0,wrong,correct,3.0
36,0.11318388987631853,-1.031523131070643,0.02456358569886456,Three-step,1.0,1.0,0.5,0.5,3411,0.0,0.0,0.0,wrong,correct,3.0
37,-0.1380032037430041,-1.0714725528041764,-0.18146085530942208,Three-step,1.0,1.0,0.5,0.5,3411,0.0,0.0,0.0,wrong,correct,3.0
38,-0.16387821298806085,-1.0578324404866963,-0.011693835883358174,Three-step,1.0,1.0,0.5,0.5,3411,0.0,0.0,0.0,wrong,correct,3.0
39,-0.09027603533296899,-1.0591129632635037,-0.0867351782741475,Three-step,1.0,1.0,0.5,0.5,3411,0.0,0.0,0.0,wrong,correct,3.0
40,0.13265676234834667,-1.0373617286187709,0.02412499063565045,Three-step,1.0,1.0,0.5,0.5,3411,0.0,0.0,0.0,wrong,correct,3.0
41,-0.03162255037930536,-1.043318235757286,0.11146560455760925,Three-step,1.0,1.0,0.5,0.5,3411,0.0,0.0,0.0,wrong,correct,3.0
42,0.38417132101439894,-1.0356075951384691,0.055627420672223385,Three-step,1.0,1.0,0.5,0.5,3411,0.0,0.0,0.0,wrong,correct,3.0
43,-0.23081922034548868,-1.0448025683241624,0.02452888372530884,Three-step,1.0,1.0,0.5,0.5,3411,0.0,0.0,0.0,wrong,correct,3.0
44,0.6091215229941735,-1.050108291735069,0.08687684123554298,Three-step,1.0,1.0,0.5,0.5,3411,0.0,0.0,0.0,wrong,correct,3.0
45,-0.0008550916878052165,-1.0662614116096691,-0.06636425573159098,Three-step,1.0,1.0,0.5,0.5,3411,0.0,0.0,0.0,wrong,correct,3.0
46,0.026068300416380506,-1.0457500453606385,0.04877013092690555,Three-step,1.0,1.0,0.5,0.5,3411,0.0,0.0,0.0,wrong,correct,3.0
47,0.04095854982845394,-1.0399472176707603,0.08645723747420296,Three-step,1.0,1.0,0.5,0.5,3411,0.0,0.0,0.0,wrong,correct,3.0
48,0.253429755415319,-1.0454350702575452,-0.06714789007867421,Three-step,1.0,1.0,0.5,0.5,3411,0.0,0.0,0.0,wrong,correct,3.0
49,-0.26343446078374155,-1.0387520901334875,0.19184004375407374,Three-step,1.0,1.0,0.5,0.5,3411,0.0,0.0,0.0,wrong,correct,3.0
50,-0.27486553866348845,-1.0394868310577627,-0.10406686899952346,Three-step,1.0,1.0,0.5,0.5,3411,0.0,0.0,0.0,wrong,correct,3.0
51,0.13602902486344873,-1.0436461365339633,-0.09647025515792446,Three-step,1.0,1.0,0.5,0.5,3411,0.0,0.0,0.0,wrong,correct,3.0
52,0.023054073273035613,-1.044784026137634,0.04925669384219518,Three-step,1.0,1.0,0.5,0.5,3411,0.0,0.0,0.0,wrong,correct,3.0
53,0.1902081574897758,-1.046949461283884,0.13080236830041705,Three-step,1.0,1.0,0.5,0.5,3411,0.0,0.0,0.0,wrong,correct,3.0
54,0.001812360443057921,-1.0613806379187467,0.06835830647709408,Three-step,1.0,1.0,0.5,0.5,3411,0.0,0.0,0.0,wrong,correct,3.0
55,-0.18819387406062132,-1.0480382861043458,0.02228847641846408,Three-step,1.0,1.0,0.5,0.5,3411,0.0,0.0,0.0,wrong,correct,3.0
56,-0.3270537904949941,-1.0514795324760882,-0.13733272344217634,Three-step,1.0,1.0,0.5,0.5,3411,0.0,0.0,0.0,wrong,correct,3.0
57,-0.3164450327610979,-1.065983175508316,-0.07057239016544686,Three-step,1.0,1.0,0.5,0.5,3411,0.0,0.0,0.0,wrong,correct,3.0
58,-0.18349559528545656,-1.0682343213792194,-0.21769594358050828,Three-step,1.0,1.0,0.5,0.5,3411,0.0,0.0,0.0,wrong,correct,3.0
59,0.5960577638396759,-1.0171155535477412,0.12329440246721093,Three-step,1.0,1.0,0.5,0.5,3411,0.0,0.0,0.0,wrong,correct,3.0
60,-0.1143565988786813,-1.049269331078801,0.033111211718823384,Three-step,1.0,1.0,0.5,0.5,3411,0.0,0.0,0.0,wrong,correct,3.0
61,0.023903254662037854,-1.043189346665523,0.06317838130660307,Three-step,1.0,1.0,0.5,0.5,3411,0.0,0.0,0.0,wrong,correct,3.0
62,0.06178395775431409,-1.0397902075223884,0.1390277800246389,Three-step,1.0,1.0,0.5,0.5,3411,0.0,0.0,0.0,wrong,correct,3.0
63,-0.25912996953399825,-1.045697875257905,-0.0375533916006476,Three-step,1.0,1.0,0.5,0.5,3411,0.0,0.0,0.0,wrong,correct,3.0
64,0.03617375760991004,-1.0482438474776228,0.010065082282176415,Three-step,1.0,1.0,0.5,0.5,3411,0.0,0.0,0.0,wrong,correct,3.0
65,-0.35252867138989796,-1.0574063201306925,0.12532426978208777,Three-step,1.0,1.0,0.5,0.5,3411,0.0,0.0,0.0,wrong,correct,3.0
66,0.06855942098617544,-1.0362543149053505,0.0400965809615919,Three-step,1.0,1.0,0.5,0.5,3411,0.0,0.0,0.0,wrong,correct,3.0
67,0.1957576524872171,-1.0460350560538765,0.08923797733620602,Three-step,1.0,1.0,0.5,0.5,3411,0.0,0.0,0.0,wrong,correct,3.0
68,-0.021518641233830557,-1.0414608064871567,0.08709812449656341,Three-step,1.0,1.0,0.5,0.5,3411,0.0,0.0,0.0,wrong,correct,3.0
69,-0.24580655000483292,-1.0600449017270688,-0.041943701500781326,Three-step,1.0,1.0,0.5,0.5,3411,0.0,0.0,0.0,wrong,correct,3.0
70,-0.06067051774870524,-1.0624187107979308,-0.14577611004208813,Three-step,1.0,1.0,0.5,0.5,3411,0.0,0.0,0.0,wrong,correct,3.0
71,-0.23654019716475902,-1.047370998571191,0.16544644518563206,Three-step,1.0,1.0,0.5,0.5,3411,0.0,0.0,0.0,wrong,correct,3.0
72,-0.0573859159304843,-1.0468029710249935,-0.12376445819095315,Three-step,1.0,1.0,0.5,0.5,3411,0.0,0.0,0.0,wrong,correct,3.0
73,-0.061858086581893644,-1.0487699239541592,0.05864169925748541,Three-step,1.0,1.0,0.5,0.5,3411,0.0,0.0,0.0,wrong,correct,3.0
74,-0.38142276601500635,-1.0763378828251446,-0.2390138043398425,Three-step,1.0,1.0,0.5,0.5,3411,0.0,0.0,0.0,wrong,correct,3.0
75,-0.005380613838674975,-1.0481049426714166,0.0726581963189557,Three-step,1.0,1.0,0.5,0.5,3411,0.0,0.0,0.0,wrong,correct,3.0
76,0.05461631905449445,-1.0535603937237863,-0.04941160735918083,Three-step,1.0,1.0,0.5,0.5,3411,0.0,0.0,0.0,wrong,correct,3.0
77,-0.23885163216450447,-1.069914201639673,-0.25180234538714036,Three-step,1.0,1.0,0.5,0.5,3411,0.0,0.0,0.0,wrong,correct,3.0
78,-0.5219150182901657,-1.0660665080912028,-0.23365071783767383,Three-step,1.0,1.0,0.5,0.5,3411,0.0,0.0,0.0,wrong,correct,3.0
79,0.0827434231367322,-1.0462704135843588,0.02029647185776952,Three-step,1.0,1.0,0.5,0.5,3411,0.0,0.0,0.0,wrong,correct,3.0
80,0.09428952027057849,-1.0599805164181715,-0.06609076093284613,Three-step,1.0,1.0,0.5,0.5,3411,0.0,0.0,0.0,wrong,correct,3.0
81,-0.3376987113319296,-1.05881347684921,-0.14864399103789594,Three-step,1.0,1.0,0.5,0.5,3411,0.0,0.0,0.0,wrong,correct,3.0
82,0.20091760279135942,-1.0357389456727102,0.11159513349409468,Three-step,1.0,1.0,0.5,0.5,3411,0.0,0.0,0.0,wrong,correct,3.0
83,-0.05584036449926504,-1.0631760002765935,-0.19686488672839586,Three-step,1.0,1.0,0.5,0.5,3411,0.0,0.0,0.0,wrong,correct,3.0
84,-0.2759634135015037,-1.0677170864170031,-0.15835360432904894,Three-step,1.0,1.0,0.5,0.5,3411,0.0,0.0,0.0,wrong,correct,3.0
85,-0.3249593963384646,-1.0703081173688171,-0.2694726621520045,Three-step,1.0,1.0,0.5,0.5,3411,0.0,0.0,0.0,wrong,correct,3.0
86,-0.2045226658953209,-1.05586493773029,-0.01761629371761508,Three-step,1.0,1.0,0.5,0.5,3411,0.0,0.0,0.0,wrong,correct,3.0
87,-0.02430044555872438,-1.0595490360736968,-0.16376038763352244,Three-step,1.0,1.0,0.5,0.5,3411,0.0,0.0,0.0,wrong,correct,3.0
88,0.2313535991219485,-1.0347741022606183,0.015370322399914933,Three-step,1.0,1.0,0.5,0.5,3411,0.0,0.0,0.0,wrong,correct,3.0
89,0.05948724524341296,-1.037873078113146,-0.008618050107841523,Three-step,1.0,1.0,0.5,0.5,3411,0.0,0.0,0.0,wrong,correct,3.0
90,-0.005034941257789186,-1.0504006016498837,-0.05757593700764,Three-step,1.0,1.0,0.5,0.5,3411,0.0,0.0,0.0,wrong,correct,3.0
91,0.014538746187249731,-1.051217823147522,0.017307936475544673,Three-step,1.0,1.0,0.5,0.5,3411,0.0,0.0,0.0,wrong,correct,3.0
92,-0.6351297956027949,-1.076456438298494,-0.2090071406267131,Three-step,1.0,1.0,0.5,0.5,3411,0.0,0.0,0.0,wrong,correct,3.0
93,0.025559371457056865,-1.0400441681426797,0.05600294625344047,Three-step,1.0,1.0,0.5,0.5,3411,0.0,0.0,0.0,wrong,correct,3.0
94,-0.03811821242673326,-1.0565996143191538,-0.004762812143187599,Three-step,1.0,1.0,0.5,0.5,3411,0.0,0.0,0.0,wrong,correct,3.0
95,-0.12642004452478037,-1.0465086330224833,0.018176224343707668,Three-step,1.0,1.0,0.5,0.5,3411,0.0,0.0,0.0,wrong,correct,3.0
96,-0.06541929334833825,-1.0701828176483978,-0.12596751467682343,Three-step,1.0,1.0,0.5,0.5,3411,0.0,0.0,0.0,wrong,correct,3.0
97,-0.24780208333853965,-1.0489442346860034,0.001769493179894421,Three-step,1.0,1.0,0.5,0.5,3411,0.0,0.0,0.0,wrong,correct,3.0
98,0.1108522507322728,-1.0363093540843784,0.11804365682036576,Three-step,1.0,1.0,0.5,0.5,3411,0.0,0.0,0.0,wrong,correct,3.0
99,-0.2523061198819718,-1.0469187121709138,-0.02541314223777805,Three-step,1.0,1.0,0.5,0.5,3411,0.0,0.0,0.0,wrong,correct,3.0
100,-0.16860393929602174,-1.0531310362848185,-0.1857679248238739,Three-step,1.0,1.0,0.5,0.5,3411,0.0,0.0,0.0,wrong,correct,3.0
101,0.04031568061076473,-1.0621489320716377,0.061268645258910535,Three-step,1.0,1.0,0.5,0.5,3411,0.0,0.0,0.0,wrong,correct,3.0
102,0.1860521620915875,-1.0605226472412623,-0.18061977753688374,Three-step,1.0,1.0,0.5,0.5,3411,0.0,0.0,0.0,wrong,correct,3.0
103,0.03622304728088136,-1.0453989903046328,0.10663245450174166,Three-step,1.0,1.0,0.5,0.5,3411,0.0,0.0,0.0,wrong,correct,3.0
104,-0.5992459583354497,-1.0568168450954456,0.07449716332915468,Three-step,1.0,1.0,0.5,0.5,3411,0.0,0.0,0.0,wrong,correct,3.0
105,-0.15077550996982947,-1.0662937747562382,-0.14077318870403854,Three-step,1.0,1.0,0.5,0.5,3411,0.0,0.0,0.0,wrong,correct,3.0
106,-0.3251759819737903,-1.0793868388250456,-0.20221541643092564,Three-step,1.0,1.0,0.5,0.5,3411,0.0,0.0,0.0,wrong,correct,3.0
107,-0.5550798518806932,-1.0713183714432,-0.00895739751980883,Three-step,1.0,1.0,0.5,0.5,3411,0.0,0.0,0.0,wrong,correct,3.0
108,-0.10810694468790855,-1.0319080326470016,-0.025014460862173436,Three-step,1.0,1.0,0.5,0.5,3411,0.0,0.0,0.0,wrong,correct,3.0
109,0.024342717484071325,-1.0469503672897051,0.005017631024432158,Three-step,1.0,1.0,0.5,0.5,3411,0.0,0.0,0.0,wrong,correct,3.0
110,0.3022091451219369,-1.0309128616604009,0.12979186385024147,Three-step,1.0,1.0,0.5,0.5,3411,0.0,0.0,0.0,wrong,correct,3.0
111,0.16500824791789248,-1.0412127956870094,0.024072903217879534,Three-step,1.0,1.0,0.5,0.5,3411,0.0,0.0,0.0,wrong,correct,3.0
112,-0.13816403363885918,-1.0470860297800775,-0.005562001308647146,Three-step,1.0,1.0,0.5,0.5,3411,0.0,0.0,0.0,wrong,correct,3.0
113,-0.4180156236408198,-1.048157542087501,0.01649444185289165,Three-step,1.0,1.0,0.5,0.5,3411,0.0,0.0,0.0,wrong,correct,3.0
114,0.28069016583275436,-1.0389684750141077,-0.01863707297985966,Three-step,1.0,1.0,0.5,0.5,3411,0.0,0.0,0.0,wrong,correct,3.0
115,0.1769712381632118,-1.0469515640440303,0.05858250013459126,Three-step,1.0,1.0,0.5,0.5,3411,0.0,0.0,0.0,wrong,correct,3.0
116,-0.02674965314474588,-1.0439470138888693,0.016224908417492346,Three-step,1.0,1.0,0.5,0.5,3411,0.0,0.0,0.0,wrong,correct,3.0
117,-0.3982939452222211,-1.0794190394113685,-0.24435720732676364,Three-step,1.0,1.0,0.5,0.5,3411,0.0,0.0,0.0,wrong,correct,3.0
118,-0.19797854246499286,-1.0527630801365608,-0.0022417306996576967,Three-step,1.0,1.0,0.5,0.5,3411,0.0,0.0,0.0,wrong,correct,3.0
119,0.004962581922517548,-1.0534061891388617,-0.04109885694453116,Three-step,1.0,1.0,0.5,0.5,3411,0.0,0.0,0.0,wrong,correct,3.0
120,-0.13285344540953453,-1.0486102105552648,-0.0031715131882894244,Three-step,1.0,1.0,0.5,0.5,3411,0.0,0.0,0.0,wrong,correct,3.0
121,0.027550210233681923,-1.0489472140045406,0.01560420310179099,Three-step,1.0,1.0,0.5,0.5,3411,0.0,0.0,0.0,wrong,correct,3.0
122,0.48166002183250756,-1.0324364139810274,0.10357969487780906,Three-step,1.0,1.0,0.5,0.5,3411,0.0,0.0,0.0,wrong,correct,3.0
123,0.2380426914280674,-1.0437642692043856,0.1193872396213651,Three-step,1.0,1.0,0.5,0.5,3411,0.0,0.0,0.0,wrong,correct,3.0
124,-0.06655936486379116,-1.0638131360168503,-0.07132493338754924,Three-step,1.0,1.0,0.5,0.5,3411,0.0,0.0,0.0,wrong,correct,3.0
125,-0.09644738712286559,-1.05209260857431,0.05040865331924051,Three-step,1.0,1.0,0.5,0.5,3411,0.0,0.0,0.0,wrong,correct,3.0
126,-0.07882339672866931,-1.0472584278588737,0.032229135022980214,Three-step,1.0,1.0,0.5,0.5,3411,0.0,0.0,0.0,wrong,correct,3.0
127,0.019454202971693278,-1.0552367371748659,0.041553913375216446,Three-step,1.0,1.0,0.5,0.5,3411,0.0,0.0,0.0,wrong,correct,3.0
128,0.36621739241928425,-1.0311614546341459,0.08649673222731007,Three-step,1.0,1.0,0.5,0.5,3411,0.0,0.0,0.0,wrong,correct,3.0
129,0.057424491661281794,-1.0569676075091328,0.013210673344908953,Three-step,1.0,1.0,0.5,0.5,3411,0.0,0.0,0.0,wrong,correct,3.0
130,-0.14913917839510374,-1.0628870728416389,-0.03359153884444059,Three-step,1.0,1.0,0.5,0.5,3411,0.0,0.0,0.0,wrong,correct,3.0
131,-0.08510690589531257,-1.0518326834192218,-0.06945346788999039,Three-step,1.0,1.0,0.5,0.5,3411,0.0,0.0,0.0,wrong,correct,3.0
132,-0.43599265358089684,-1.064448577010723,-0.030060389411892444,Three-step,1.0,1.0,0.5,0.5,3411,0.0,0.0,0.0,wrong,correct,3.0
133,-0.09601593149316191,-1.0507657663491123,0.06964348458220325,Three-step,1.0,1.0,0.5,0.5,3411,0.0,0.0,0.0,wrong,correct,3.0
134,0.06570279638729515,-1.0597148929134164,-0.01437827489716392,Three-step,1.0,1.0,0.5,0.5,3411,0.0,0.0,0.0,wrong,correct,3.0
135,0.06181417554776477,-1.059908646507164,-0.12028051938660261,Three-step,1.0,1.0,0.5,0.5,3411,0.0,0.0,0.0,wrong,correct,3.0
136,-0.2648522319184659,-1.055326340946577,-0.05076619639485865,Three-step,1.0,1.0,0.5,0.5,3411,0.0,0.0,0.0,wrong,correct,3.0
137,-0.09742126224073057,-1.0490946410019024,-0.10413531277462222,Three-step,1.0,1.0,0.5,0.5,3411,0.0,0.0,0.0,wrong,correct,3.0
138,0.42840603856912013,-1.040444035638613,-0.0484941498398151,Three-step,1.0,1.0,0.5,0.5,3411,0.0,0.0,0.0,wrong,correct,3.0
139,-0.12688159814903835,-1.0612484722969562,-0.12796334568701623,Three-step,1.0,1.0,0.5,0.5,3411,0.0,0.0,0.0,wrong,correct,3.0
140,0.22854253153523088,-1.0282992683190175,0.07442700390956813,Three-step,1.0,1.0,0.5,0.5,3411,0.0,0.0,0.0,wrong,correct,3.0
141,0.010581475540091242,-1.0323855395191985,0.15789795413988705,Three-step,1.0,1.0,0.5,0.5,3411,0.0,0.0,0.0,wrong,correct,3.0
142,0.13215714336413883,-1.0635115468323983,-0.03338463606915034,Three-step,1.0,1.0,0.5,0.5,3411,0.0,0.0,0.0,wrong,correct,3.0
143,0.11430815095352842,-1.0323954559272566,0.17408727444040595,Three-step,1.0,1.0,0.5,0.5,3411,0.0,0.0,0.0,wrong,correct,3.0
144,0.2427283467852138,-1.0423136932268127,0.010587550702314253,Three-step,1.0,1.0,0.5,0.5,3411,0.0,0.0,0.0,wrong,correct,3.0
145,0.2731779649182717,-1.0304636908282987,0.2641570015935132,Three-step,1.0,1.0,0.5,0.5,3411,0.0,0.0,0.0,wrong,correct,3.0
146,-0.12026143543381215,-1.0499526223575633,-0.050888442580843136,Three-step,1.0,1.0,0.5,0.5,3411,0.0,0.0,0.0,wrong,correct,3.0
147,-0.10347422480578541,-1.053234170995321,-0.0049731538226404,Three-step,1.0,1.0,0.5,0.5,3411,0.0,0.0,0.0,wrong,correct,3.0
148,0.15479416312412195,-1.0474074797344008,-0.010946191596902343,Three-step,1.0,1.0,0.5,0.5,3411,0.0,0.0,0.0,wrong,correct,3.0
149,-0.17913687220302504,-1.053207918222477,-0.0342994879530967,Three-step,1.0,1.0,0.5,0.5,3411,0.0,0.0,0.0,wrong,correct,3.0
150,0.2395526260736675,-1.013650704084414,0.152094885668711,Three-step,1.0,1.0,0.5,0.5,3411,0.0,0.0,0.0,wrong,correct,3.0
151,0.16098421578182595,-1.058186758263823,-0.0736677335672643,Three-step,1.0,1.0,0.5,0.5,3411,0.0,0.0,0.0,wrong,correct,3.0
152,0.102796183162908,-1.0392746612544765,0.049794797669531,Three-step,1.0,1.0,0.5,0.5,3411,0.0,0.0,0.0,wrong,correct,3.0
153,0.14036475038660312,-1.0538098245422074,-0.019011976634863904,Three-step,1.0,1.0,0.5,0.5,3411,0.0,0.0,0.0,wrong,correct,3.0
154,0.02167041883258847,-1.0244687536518509,0.11249956095148499,Three-step,1.0,1.0,0.5,0.5,3411,0.0,0.0,0.0,wrong,correct,3.0
155,0.031379702854904185,-1.052324312081747,-0.13932639756183765,Three-step,1.0,1.0,0.5,0.5,3411,0.0,0.0,0.0,wrong,correct,3.0
156,0.3599988081524623,-1.0557468080030745,0.14795953815161228,Three-step,1.0,1.0,0.5,0.5,3411,0.0,0.0,0.0,wrong,correct,3.0
157,0.037170538813467206,-1.0599545420027656,0.02383776612285713,Three-step,1.0,1.0,0.5,0.5,3411,0.0,0.0,0.0,wrong,correct,3.0
158,0.294316585750741,-1.0449155142819715,0.005989489711176012,Three-step,1.0,1.0,0.5,0.5,3411,0.0,0.0,0.0,wrong,correct,3.0
159,-0.024334963437363296,-1.0367433790245375,0.09510981878611827,Three-step,1.0,1.0,0.5,0.5,3411,0.0,0.0,0.0,wrong,correct,3.0
160,0.14347427890413464,-1.0535468140142101,-0.027777803151193645,Three-step,1.0,1.0,0.5,0.5,3411,0.0,0.0,0.0,wrong,correct,3.0
161,0.06667452466498394,-1.0392857247990337,0.06605294338069874,Three-step,1.0,1.0,0.5,0.5,3411,0.0,0.0,0.0,wrong,correct,3.0
162,0.2468411402095908,-1.0336894198708977,0.06173894935963032,Three-step,1.0,1.0,0.5,0.5,3411,0.0,0.0,0.0,wrong,correct,3.0
163,0.04465269626156484,-1.046431210391378,-0.036127973411547484,Three-step,1.0,1.0,0.5,0.5,3411,0.0,0.0,0.0,wrong,correct,3.0
164,-0.5068591262168811,-1.0774488516175527,-0.22488665602004573,Three-step,1.0,1.0,0.5,0.5,3411,0.0,0.0,0.0,wrong,correct,3.0
165,-0.06329749529497058,-1.0647741576746486,-0.0686359868146011,Three-step,1.0,1.0,0.5,0.5,3411,0.0,0.0,0.0,wrong,correct,3.0
166,0.20549057638291338,-1.0512275759417185,0.04788777160965568,Three-step,1.0,1.0,0.5,0.5,3411,0.0,0.0,0.0,wrong,correct,3.0
167,-0.2360309934588065,-1.058645920724839,-0.0788029449568358,Three-step,1.0,1.0,0.5,0.5,3411,0.0,0.0,0.0,wrong,correct,3.0
168,0.20369909434233727,-1.0484234399658878,0.02439079411194742,Three-step,1.0,1.0,0.5,0.5,3411,0.0,0.0,0.0,wrong,correct,3.0
169,-0.1794120352243593,-1.0412876139168863,-0.04045547156772771,Three-step,1.0,1.0,0.5,0.5,3411,0.0,0.0,0.0,wrong,correct,3.0
170,-0.033173197684740044,-1.048376547921373,-0.045229900695066425,Three-step,1.0,1.0,0.5,0.5,3411,0.0,0.0,0.0,wrong,correct,3.0
171,-0.2416565469889494,-1.0721855958646125,-0.08781210308420759,Three-step,1.0,1.0,0.5,0.5,3411,0.0,0.0,0.0,wrong,correct,3.0
172,-0.19675320003413782,-1.0571986924897334,-0.11331823847205041,Three-step,1.0,1.0,0.5,0.5,3411,0.0,0.0,0.0,wrong,correct,3.0
173,-0.04383975949972094,-1.0660113516104068,-0.055404511815927454,Three-step,1.0,1.0,0.5,0.5,3411,0.0,0.0,0.0,wrong,correct,3.0
174,0.02997722114109136,-1.0521238813495852,0.02802786161417214,Three-step,1.0,1.0,0.5,0.5,3411,0.0,0.0,0.0,wrong,correct,3.0
175,0.37966324938861085,-1.0651400557996062,-0.061002744941228475,Three-step,1.0,1.0,0.5,0.5,3411,0.0,0.0,0.0,wrong,correct,3.0
176,-0.36506774061540237,-1.0567264889944936,0.04776439923204558,Three-step,1.0,1.0,0.5,0.5,3411,0.0,0.0,0.0,wrong,correct,3.0
177,0.16901608627889184,-1.0269417155474432,-0.015629788451182368,Three-step,1.0,1.0,0.5,0.5,3411,0.0,0.0,0.0,wrong,correct,3.0
178,-0.03330071621672516,-1.0509778652839468,0.02854911984576293,Three-step,1.0,1.0,0.5,0.5,3411,0.0,0.0,0.0,wrong,correct,3.0
179,-0.2275579857417833,-1.0404349615554462,0.054917459752435144,Three-step,1.0,1.0,0.5,0.5,3411,0.0,0.0,0.0,wrong,correct,3.0
180,0.27589095710282074,-1.0314544018838905,-0.012116090333769373,Three-step,1.0,1.0,0.5,0.5,3411,0.0,0.0,0.0,wrong,correct,3.0
181,0.05702773235697148,-1.0436953593027996,0.006370643931143462,Three-step,1.0,1.0,0.5,0.5,3411,0.0,0.0,0.0,wrong,correct,3.0
182,0.18773657002750502,-1.0303423430433647,0.2555908175479353,Three-step,1.0,1.0,0.5,0.5,3411,0.0,0.0,0.0,wrong,correct,3.0
183,0.24778868143926663,-1.0465503738352282,0.09421229739643804,Three-step,1.0,1.0,0.5,0.5,3411,0.0,0.0,0.0,wrong,correct,3.0
184,0.11959396688690055,-1.0414879320997412,0.07396896805539271,Three-step,1.0,1.0,0.5,0.5,3411,0.0,0.0,0.0,wrong,correct,3.0
185,0.038589473691042465,-1.049533255552567,-0.022894595050699445,Three-step,1.0,1.0,0.5,0.5,3411,0.0,0.0,0.0,wrong,correct,3.0
186,0.17569996447720956,-1.0529925828476538,0.0013843827292983125,Three-step,1.0,1.0,0.5,0.5,3411,0.0,0.0,0.0,wrong,correct,3.0
187,0.08451602331885735,-1.0393426320205243,0.13707753919766738,Three-step,1.0,1.0,0.5,0.5,3411,0.0,0.0,0.0,wrong,correct,3.0
188,-0.011434931040106736,-1.0534265066487636,-0.08963925466292326,Three-step,1.0,1.0,0.5,0.5,3411,0.0,0.0,0.0,wrong,correct,3.0
189,0.2595147951759664,-1.0315599543373384,0.17589632847718772,Three-step,1.0,1.0,0.5,0.5,3411,0.0,0.0,0.0,wrong,correct,3.0
190,0.06850378935186269,-1.0382130934668243,0.1818062999417617,Three-step,1.0,1.0,0.5,0.5,3411,0.0,0.0,0.0,wrong,correct,3.0
191,-0.27209629878227964,-1.0473902214589537,0.08964131977322479,Three-step,1.0,1.0,0.5,0.5,3411,0.0,0.0,0.0,wrong,correct,3.0
192,-0.16220944160173456,-1.0522697444814622,-0.03352652380689478,Three-step,1.0,1.0,0.5,0.5,3411,0.0,0.0,0.0,wrong,correct,3.0
193,-0.3732047161132743,-1.0699191258817058,-0.11964929556891035,Three-step,1.0,1.0,0.5,0.5,3411,0.0,0.0,0.0,wrong,correct,3.0
194,0.3510199340618153,-1.030740497759953,0.1353379577219866,Three-step,1.0,1.0,0.5,0.5,3411,0.0,0.0,0.0,wrong,correct,3.0
195,-0.46402420947151024,-1.055248182764237,-0.11315480706362384,Three-step,1.0,1.0,0.5,0.5,3411,0.0,0.0,0.0,wrong,correct,3.0
196,-0.09115690447781781,-1.0651833411440186,-0.0988401153041051,Three-step,1.0,1.0,0.5,0.5,3411,0.0,0.0,0.0,wrong,correct,3.0
197,0.024873178779081843,-1.0508495894167862,-0.015171394249346307,Three-step,1.0,1.0,0.5,0.5,3411,0.0,0.0,0.0,wrong,correct,3.0
198,0.07685173887091701,-1.0516185249973358,-0.045762959280471,Three-step,1.0,1.0,0.5,0.5,3411,0.0,0.0,0.0,wrong,correct,3.0
199,0.27998137280132895,-1.0373117609781928,-0.01779672945254397,Three-step,1.0,1.0,0.5,0.5,3411,0.0,0.0,0.0,wrong,correct,3.0
200,-0.029379856699590003,-1.047702852048667,0.06770911542986095,Three-step,1.0,1.0,0.5,0.5,3411,0.0,0.0,0.0,wrong,correct,3.0
201,0.10635790225322762,-1.0508371731811696,0.01594700359504196,Three-step,1.0,1.0,0.5,0.5,3411,0.0,0.0,0.0,wrong,correct,3.0
202,-0.0316505836154841,-1.0351407801889758,0.029855419032860205,Three-step,1.0,1.0,0.5,0.5,3411,0.0,0.0,0.0,wrong,correct,3.0
203,0.2083606567583199,-1.0384879416867914,0.07852448950326361,Three-step,1.0,1.0,0.5,0.5,3411,0.0,0.0,0.0,wrong,correct,3.0
204,0.13995104746875875,-1.0536117825812668,0.030043181003609518,Three-step,1.0,1.0,0.5,0.5,3411,0.0,0.0,0.0,wrong,correct,3.0
205,0.01473453454078112,-1.0558170192584668,0.013105557237084385,Three-step,1.0,1.0,0.5,0.5,3411,0.0,0.0,0.0,wrong,correct,3.0
206,0.1273409650195656,-1.0444988947316198,0.013282564039624871,Three-step,1.0,1.0,0.5,0.5,3411,0.0,0.0,0.0,wrong,correct,3.0
207,0.3031134966447215,-1.0293743185038726,0.19730515340162266,Three-step,1.0,1.0,0.5,0.5,3411,0.0,0.0,0.0,wrong,correct,3.0
208,-0.35722006069264345,-1.0793073099463255,-0.03377965086560319,Three-step,1.0,1.0,0.5,0.5,3411,0.0,0.0,0.0,wrong,correct,3.0
209,-0.08924676638489668,-1.0421341988810375,-0.0014334258512427017,Three-step,1.0,1.0,0.5,0.5,3411,0.0,0.0,0.0,wrong,correct,3.0
210,0.16828947430736832,-1.0421282709977466,0.06267589249339427,Three-step,1.0,1.0,0.5,0.5,3411,0.0,0.0,0.0,wrong,correct,3.0
211,0.27950533177352954,-1.027866577907193,0.08214394890870085,Three-step,1.0,1.0,0.5,0.5,3411,0.0,0.0,0.0,wrong,correct,3.0
212,0.30627955568623,-1.033715656819011,0.008264716717245048,Three-step,1.0,1.0,0.5,0.5,3411,0.0,0.0,0.0,wrong,correct,3.0
213,0.0240021015873341,-1.0570500407351267,0.06509926529943887,Three-step,1.0,1.0,0.5,0.5,3411,0.0,0.0,0.0,wrong,correct,3.0
214,-0.24564593859658262,-1.053711636695112,-0.02839110422939331,Three-step,1.0,1.0,0.5,0.5,3411,0.0,0.0,0.0,wrong,correct,3.0
215,-0.05765506520290026,-1.0503917542580559,0.09708068598677384,Three-step,1.0,1.0,0.5,0.5,3411,0.0,0.0,0.0,wrong,correct,3.0
216,0.3878925944000566,-1.033691762848156,0.12238047844724748,Three-step,1.0,1.0,0.5,0.5,3411,0.0,0.0,0.0,wrong,correct,3.0
217,0.4736349972549061,-1.0376936804675208,-0.07949941055802559,Three-step,1.0,1.0,0.5,0.5,3411,0.0,0.0,0.0,wrong,correct,3.0
218,-0.13416743172524837,-1.0547897598510088,-0.013443602493818084,Three-step,1.0,1.0,0.5,0.5,3411,0.0,0.0,0.0,wrong,correct,3.0
219,0.09239094165737044,-1.0430626889474222,0.1374888323811599,Three-step,1.0,1.0,0.5,0.5,3411,0.0,0.0,0.0,wrong,correct,3.0
220,0.17917510018243255,-1.035977221143706,-0.03695491298995942,Three-step,1.0,1.0,0.5,0.5,3411,0.0,0.0,0.0,wrong,correct,3.0
221,0.04784788663553945,-1.043050004936043,0.022831259254424568,Three-step,1.0,1.0,0.5,0.5,3411,0.0,0.0,0.0,wrong,correct,3.0
222,-0.02282978710442681,-1.0409303643677488,0.10989904828607226,Three-step,1.0,1.0,0.5,0.5,3411,0.0,0.0,0.0,wrong,correct,3.0
223,0.07525462777853723,-1.0366793710551536,0.23646198027750429,Three-step,1.0,1.0,0.5,0.5,3411,0.0,0.0,0.0,wrong,correct,3.0
224,-0.15208812428598367,-1.0592287717128426,-0.14878381140788924,Three-step,1.0,1.0,0.5,0.5,3411,0.0,0.0,0.0,wrong,correct,3.0
225,-0.20270999954467478,-1.0488480644185014,0.0014221498029371178,Three-step,1.0,1.0,0.5,0.5,3411,0.0,0.0,0.0,wrong,correct,3.0
226,0.31743743382536965,-1.0310084998051399,0.14786159122879816,Three-step,1.0,1.0,0.5,0.5,3411,0.0,0.0,0.0,wrong,correct,3.0
227,0.3342598542212027,-1.0449320014694137,0.12619658930628244,Three-step,1.0,1.0,0.5,0.5,3411,0.0,0.0,0.0,wrong,correct,3.0
228,0.28209999695121973,-1.0372563689330843,0.14766162039753078,Three-step,1.0,1.0,0.5,0.5,3411,0.0,0.0,0.0,wrong,correct,3.0
229,-0.020536880845646848,-1.0581498662592972,-0.04656209063561781,Three-step,1.0,1.0,0.5,0.5,3411,0.0,0.0,0.0,wrong,correct,3.0
230,-0.17371110453891983,-1.0677630279683374,-0.1609374199785902,Three-step,1.0,1.0,0.5,0.5,3411,0.0,0.0,0.0,wrong,correct,3.0
231,0.2592510516236223,-1.0488358508068603,0.04909494106044231,Three-step,1.0,1.0,0.5,0.5,3411,0.0,0.0,0.0,wrong,correct,3.0
232,-0.21822711090930008,-1.0520541549291533,-0.18885312597707116,Three-step,1.0,1.0,0.5,0.5,3411,0.0,0.0,0.0,wrong,correct,3.0
233,-0.33584414574598204,-1.0380706136103826,0.04497634739472612,Three-step,1.0,1.0,0.5,0.5,3411,0.0,0.0,0.0,wrong,correct,3.0
234,-0.0368825692346939,-1.0708373146710894,-0.09456419122367112,Three-step,1.0,1.0,0.5,0.5,3411,0.0,0.0,0.0,wrong,correct,3.0
235,-0.22261454095630134,-1.0546175921442962,0.058670187085727896,Three-step,1.0,1.0,0.5,0.5,3411,0.0,0.0,0.0,wrong,correct,3.0
236,-0.34283913286309503,-1.054611008097117,-0.0034415772164992256,Three-step,1.0,1.0,0.5,0.5,3411,0.0,0.0,0.0,wrong,correct,3.0
237,-0.17167301903446128,-1.0538631535282914,0.03983495623128878,Three-step,1.0,1.0,0.5,0.5,3411,0.0,0.0,0.0,wrong,correct,3.0
238,0.1069311416544537,-1.0402934160177348,0.17363136423466302,Three-step,1.0,1.0,0.5,0.5,3411,0.0,0.0,0.0,wrong,correct,3.0
239,-0.2198597245165574,-1.0754870303496369,-0.14158941253056534,Three-step,1.0,1.0,0.5,0.5,3411,0.0,0.0,0.0,wrong,correct,3.0
240,-0.07643503216854437,-1.0381590889595833,0.019174087801382127,Three-step,1.0,1.0,0.5,0.5,3411,0.0,0.0,0.0,wrong,correct,3.0
241,-0.10737657770775033,-1.043449417780606,0.017630348110159042,Three-step,1.0,1.0,0.5,0.5,3411,0.0,0.0,0.0,wrong,correct,3.0
242,0.26489419291231775,-1.0509835431797132,-0.12288224962319735,Three-step,1.0,1.0,0.5,0.5,3411,0.0,0.0,0.0,wrong,correct,3.0
243,0.048374715926592274,-1.0579220758889087,0.0515451981748075,Three-step,1.0,1.0,0.5,0.5,3411,0.0,0.0,0.0,wrong,correct,3.0
244,0.09609913325524246,-1.0482847253086331,0.006332671489454881,Three-step,1.0,1.0,0.5,0.5,3411,0.0,0.0,0.0,wrong,correct,3.0
245,0.05365828993688819,-1.0383476660473152,0.050707644877263626,Three-step,1.0,1.0,0.5,0.5,3411,0.0,0.0,0.0,wrong,correct,3.0
246,-0.534812630637344,-1.0494311736404742,0.009949334907667315,Three-step,1.0,1.0,0.5,0.5,3411,0.0,0.0,0.0,wrong,correct,3.0
247,-0.0930505447665734,-1.08091110659487,-0.11030439370690254,Three-step,1.0,1.0,0.5,0.5,3411,0.0,0.0,0.0,wrong,correct,3.0
248,0.32226418621323794,-1.0593318411861128,0.04689084905261445,Three-step,1.0,1.0,0.5,0.5,3411,0.0,0.0,0.0,wrong,correct,3.0
249,0.22831423319912678,-1.0258044162596596,0.13550035737955468,Three-step,1.0,1.0,0.5,0.5,3411,0.0,0.0,0.0,wrong,correct,3.0
250,-0.16148720126002256,-1.0512247470463978,-0.0617453847814364,Three-step,1.0,1.0,0.5,0.5,3411,0.0,0.0,0.0,wrong,correct,3.0
251,-0.08373653015981908,-1.0665711492925962,-0.1192900348782395,Three-step,1.0,1.0,0.5,0.5,3411,0.0,0.0,0.0,wrong,correct,3.0
252,0.07586938254679049,-1.0444569993885768,0.1072809198055886,Three-step,1.0,1.0,0.5,0.5,3411,0.0,0.0,0.0,wrong,correct,3.0
253,-0.2111877944715756,-1.0255222126604158,0.14564479337032302,Three-step,1.0,1.0,0.5,0.5,3411,0.0,0.0,0.0,wrong,correct,3.0
254,0.15823213619523352,-1.0444288923160028,-0.01179855594266658,Three-step,1.0,1.0,0.5,0.5,3411,0.0,0.0,0.0,wrong,correct,3.0
255,-0.042888636306002384,-1.0597233801713035,0.09991879295319575,Three-step,1.0,1.0,0.5,0.5,3411,0.0,0.0,0.0,wrong,correct,3.0
256,-0.253168587827086,-1.0718444929310231,-0.22351064541671378,Three-step,1.0,1.0,0.5,0.5,3411,0.0,0.0,0.0,wrong,correct,3.0
257,-0.05724695147248663,-1.0544789288862537,-0.061160364628904805,Three-step,1.0,1.0,0.5,0.5,3411,0.0,0.0,0.0,wrong,correct,3.0
258,-0.42885555109924084,-1.0580085540094095,-0.1326214502550828,Three-step,1.0,1.0,0.5,0.5,3411,0.0,0.0,0.0,wrong,correct,3.0
259,-0.1048003346010973,-1.0522021447307874,0.0050234223253385595,Three-step,1.0,1.0,0.5,0.5,3411,0.0,0.0,0.0,wrong,correct,3.0
260,-0.12808865211257642,-1.0637641896736543,-0.08074512873819736,Three-step,1.0,1.0,0.5,0.5,3411,0.0,0.0,0.0,wrong,correct,3.0
261,0.07563735172356678,-1.0542559643914382,0.0035057158523774824,Three-step,1.0,1.0,0.5,0.5,3411,0.0,0.0,0.0,wrong,correct,3.0
262,-0.16682620840983373,-1.0533455660491677,-0.0033463996538754537,Three-step,1.0,1.0,0.5,0.5,3411,0.0,0.0,0.0,wrong,correct,3.0
263,-0.21441132566669086,-1.0504816978377622,-0.00817434260887297,Three-step,1.0,1.0,0.5,0.5,3411,0.0,0.0,0.0,wrong,correct,3.0
264,0.11359180112614645,-1.0398789996556166,-0.020271222982056792,Three-step,1.0,1.0,0.5,0.5,3411,0.0,0.0,0.0,wrong,correct,3.0
265,-0.09919496903479531,-1.06339227044356,0.0010309360358453303,Three-step,1.0,1.0,0.5,0.5,3411,0.0,0.0,0.0,wrong,correct,3.0
266,-0.008034993741670044,-1.0743239439949341,-0.3098237229723344,Three-step,1.0,1.0,0.5,0.5,3411,0.0,0.0,0.0,wrong,correct,3.0
267,-0.08197808096873731,-1.0363382022677123,0.07936514781229682,Three-step,1.0,1.0,0.5,0.5,3411,0.0,0.0,0.0,wrong,correct,3.0
268,-0.20839307432320034,-1.0625717722474581,-0.04418398844350707,Three-step,1.0,1.0,0.5,0.5,3411,0.0,0.0,0.0,wrong,correct,3.0
269,-0.274290954684314,-1.047887423528501,0.1166758581449883,Three-step,1.0,1.0,0.5,0.5,3411,0.0,0.0,0.0,wrong,correct,3.0
270,0.08535915230031635,-1.0779945401417528,-0.06714855259236169,Three-step,1.0,1.0,0.5,0.5,3411,0.0,0.0,0.0,wrong,correct,3.0
271,0.09001779751002868,-1.0517294653113265,0.06484680620446567,Three-step,1.0,1.0,0.5,0.5,3411,0.0,0.0,0.0,wrong,correct,3.0
272,-0.321248589838233,-1.0610094248135031,-0.05735112830662112,Three-step,1.0,1.0,0.5,0.5,3411,0.0,0.0,0.0,wrong,correct,3.0
273,0.07270825945474604,-1.0607606816001853,-0.049831475806887286,Three-step,1.0,1.0,0.5,0.5,3411,0.0,0.0,0.0,wrong,correct,3.0
274,-0.08262562035722278,-1.064164368895539,-0.11316407337344107,Three-step,1.0,1.0,0.5,0.5,3411,0.0,0.0,0.0,wrong,correct,3.0
275,0.03782446419727837,-1.0511458381061016,-0.09509434156260972,Three-step,1.0,1.0,0.5,0.5,3411,0.0,0.0,0.0,wrong,correct,3.0
276,0.04945534652484777,-1.0500759261639758,-0.014516122997307037,Three-step,1.0,1.0,0.5,0.5,3411,0.0,0.0,0.0,wrong,correct,3.0
277,0.33827225797581917,-1.055648776616219,-0.05574068842335368,Three-step,1.0,1.0,0.5,0.5,3411,0.0,0.0,0.0,wrong,correct,3.0
278,0.19456596278492883,-1.033051530018641,-0.03737567826545524,Three-step,1.0,1.0,0.5,0.5,3411,0.0,0.0,0.0,wrong,correct,3.0
279,0.036121208688022814,-1.0643460305791812,-0.04674927668813774,Three-step,1.0,1.0,0.5,0.5,3411,0.0,0.0,0.0,wrong,correct,3.0
280,0.00409357001482434,-1.0382294652278063,-0.02821249284925638,Three-step,1.0,1.0,0.5,0.5,3411,0.0,0.0,0.0,wrong,correct,3.0
281,0.29961412987154457,-1.020167792440693,0.15472697121397821,Three-step,1.0,1.0,0.5,0.5,3411,0.0,0.0,0.0,wrong,correct,3.0
282,0.2515506480969276,-1.0530611174684024,-0.020198859035090687,Three-step,1.0,1.0,0.5,0.5,3411,0.0,0.0,0.0,wrong,correct,3.0
283,0.3115016361282044,-1.040265243322966,-0.058883899326155155,Three-step,1.0,1.0,0.5,0.5,3411,0.0,0.0,0.0,wrong,correct,3.0
284,-0.122021602185214,-1.0430834791619503,0.020802375922233662,Three-step,1.0,1.0,0.5,0.5,3411,0.0,0.0,0.0,wrong,correct,3.0
285,-0.01912678965986644,-1.057089821510639,-0.14263347083133754,Three-step,1.0,1.0,0.5,0.5,3411,0.0,0.0,0.0,wrong,correct,3.0
286,-0.016122152476866377,-1.0409425618585497,0.09393254391303148,Three-step,1.0,1.0,0.5,0.5,3411,0.0,0.0,0.0,wrong,correct,3.0
287,0.26120676862951037,-1.036584552435466,-0.005200959474174836,Three-step,1.0,1.0,0.5,0.5,3411,0.0,0.0,0.0,wrong,correct,3.0
288,-0.4501668760642029,-1.0661592376578486,-0.08860060714045451,Three-step,1.0,1.0,0.5,0.5,3411,0.0,0.0,0.0,wrong,correct,3.0
289,-0.38413232890543636,-1.042030155493444,0.10138226421394492,Three-step,1.0,1.0,0.5,0.5,3411,0.0,0.0,0.0,wrong,correct,3.0
290,-0.30105191849015084,-1.0640121277435526,-0.09929478873376905,Three-step,1.0,1.0,0.5,0.5,3411,0.0,0.0,0.0,wrong,correct,3.0
291,0.43955352536050035,-1.041695949834772,0.09823145545207614,Three-step,1.0,1.0,0.5,0.5,3411,0.0,0.0,0.0,wrong,correct,3.0
292,0.49599283157598606,-1.0220408719015177,0.2580532280234294,Three-step,1.0,1.0,0.5,0.5,3411,0.0,0.0,0.0,wrong,correct,3.0
293,-0.2853961013244023,-1.0624432971148432,-0.09505544433415726,Three-step,1.0,1.0,0.5,0.5,3411,0.0,0.0,0.0,wrong,correct,3.0
294,0.21216870850237485,-1.0533546286005113,0.05155425829525176,Three-step,1.0,1.0,0.5,0.5,3411,0.0,0.0,0.0,wrong,correct,3.0
295,0.09144473048836525,-1.04323407132876,0.10732434764059492,Three-step,1.0,1.0,0.5,0.5,3411,0.0,0.0,0.0,wrong,correct,3.0
296,0.14154434436522173,-1.0254948331402831,-0.010714451047498791,Three-step,1.0,1.0,0.5,0.5,3411,0.0,0.0,0.0,wrong,correct,3.0
297,-0.13912186655064113,-1.066956599078705,-0.08318152665781127,Three-step,1.0,1.0,0.5,0.5,3411,0.0,0.0,0.0,wrong,correct,3.0
298,0.4621804712511341,-1.017905386576216,0.24243899519498044,Three-step,1.0,1.0,0.5,0.5,3411,0.0,0.0,0.0,wrong,correct,3.0
299,-0.10112725479014269,-1.0418543543763612,0.019741109958648043,Three-step,1.0,1.0,0.5,0.5,3411,0.0,0.0,0.0,wrong,correct,3.0
300,0.01108218340535708,-1.070243976963657,-0.011879084386912543,Three-step,1.0,1.0,0.5,0.5,3411,0.0,0.0,0.0,wrong,correct,3.0
1,-0.13304193247476925,-1.0591754488242129,0.04114391153754271,Robins' estimator,1.0,1.0,0.5,0.5,3411,0.0,0.0,0.0,wrong,correct,3.0
2,-0.002393411914004515,-1.050696775218216,0.13651377812242838,Robins' estimator,1.0,1.0,0.5,0.5,3411,0.0,0.0,0.0,wrong,correct,3.0
3,-0.20441187033077804,-1.0420947339329456,-0.0006677770312305023,Robins' estimator,1.0,1.0,0.5,0.5,3411,0.0,0.0,0.0,wrong,correct,3.0
4,0.14763572834081046,-1.039399846386995,-0.07188649723462669,Robins' estimator,1.0,1.0,0.5,0.5,3411,0.0,0.0,0.0,wrong,correct,3.0
5,-0.32246708171734023,-1.063797474736691,-0.06295860367881,Robins' estimator,1.0,1.0,0.5,0.5,3411,0.0,0.0,0.0,wrong,correct,3.0
6,0.1362343958264948,-1.040234059434956,0.0394408446616496,Robins' estimator,1.0,1.0,0.5,0.5,3411,0.0,0.0,0.0,wrong,correct,3.0
7,0.3513282859326564,-1.021899717939707,0.18243405166233925,Robins' estimator,1.0,1.0,0.5,0.5,3411,0.0,0.0,0.0,wrong,correct,3.0
8,-0.3673699112723513,-1.0520561143409783,0.016204910992742894,Robins' estimator,1.0,1.0,0.5,0.5,3411,0.0,0.0,0.0,wrong,correct,3.0
9,-0.0762474209789828,-1.0496375452707292,0.12767047038197513,Robins' estimator,1.0,1.0,0.5,0.5,3411,0.0,0.0,0.0,wrong,correct,3.0
10,-0.1715462283152248,-1.0717996210207674,-0.21708055033342497,Robins' estimator,1.0,1.0,0.5,0.5,3411,0.0,0.0,0.0,wrong,correct,3.0
11,0.08874318262846366,-1.0362123383673563,0.004175203024605808,Robins' estimator,1.0,1.0,0.5,0.5,3411,0.0,0.0,0.0,wrong,correct,3.0
12,-0.06971384005394275,-1.0632316787320688,-0.022940985713828008,Robins' estimator,1.0,1.0,0.5,0.5,3411,0.0,0.0,0.0,wrong,correct,3.0
13,0.16510216059146665,-1.042948810335817,-0.008108241473902964,Robins' estimator,1.0,1.0,0.5,0.5,3411,0.0,0.0,0.0,wrong,correct,3.0
14,-0.33295621155170796,-1.0614665711465825,-0.06095718956428828,Robins' estimator,1.0,1.0,0.5,0.5,3411,0.0,0.0,0.0,wrong,correct,3.0
15,-0.33365548604306594,-1.0723352350199444,-0.1316710268496216,Robins' estimator,1.0,1.0,0.5,0.5,3411,0.0,0.0,0.0,wrong,correct,3.0
16,-0.3702203086773085,-1.0775277851942906,-0.28765674085271803,Robins' estimator,1.0,1.0,0.5,0.5,3411,0.0,0.0,0.0,wrong,correct,3.0
17,0.3849248668488244,-1.0214135704601819,0.15265784832017942,Robins' estimator,1.0,1.0,0.5,0.5,3411,0.0,0.0,0.0,wrong,correct,3.0
18,0.06786183597201484,-1.0377560259902756,0.1428130422349692,Robins' estimator,1.0,1.0,0.5,0.5,3411,0.0,0.0,0.0,wrong,correct,3.0
19,0.04948710044075502,-1.03257704011919,0.13595297944113824,Robins' estimator,1.0,1.0,0.5,0.5,3411,0.0,0.0,0.0,wrong,correct,3.0
20,-0.13307892275092673,-1.0296666297834143,0.1586821757898519,Robins' estimator,1.0,1.0,0.5,0.5,3411,0.0,0.0,0.0,wrong,correct,3.0
21,0.1669257569150536,-1.0323246297209496,0.046538789478996326,Robins' estimator,1.0,1.0,0.5,0.5,3411,0.0,0.0,0.0,wrong,correct,3.0
22,-0.16924717103824102,-1.0483805383469718,0.07879321045057609,Robins' estimator,1.0,1.0,0.5,0.5,3411,0.0,0.0,0.0,wrong,correct,3.0
23,-0.08235894090884671,-1.0630193488037665,0.008697614344576573,Robins' estimator,1.0,1.0,0.5,0.5,3411,0.0,0.0,0.0,wrong,correct,3.0
24,0.15462512278451745,-1.03155002414211,0.08590451877714893,Robins' estimator,1.0,1.0,0.5,0.5,3411,0.0,0.0,0.0,wrong,correct,3.0
25,0.0713401347096805,-1.0362069587769145,0.09521230021583378,Robins' estimator,1.0,1.0,0.5,0.5,3411,0.0,0.0,0.0,wrong,correct,3.0
26,0.03725203451611211,-1.0323899889559636,0.09981676709803368,Robins' estimator,1.0,1.0,0.5,0.5,3411,0.0,0.0,0.0,wrong,correct,3.0
27,0.0076914340376086935,-1.0322453168672208,0.07758851705251657,Robins' estimator,1.0,1.0,0.5,0.5,3411,0.0,0.0,0.0,wrong,correct,3.0
28,-0.2606464644276741,-1.071965709059644,-0.07147948235944081,Robins' estimator,1.0,1.0,0.5,0.5,3411,0.0,0.0,0.0,wrong,correct,3.0
29,-0.10906926814671945,-1.0564484566656225,0.012043717013631147,Robins' estimator,1.0,1.0,0.5,0.5,3411,0.0,0.0,0.0,wrong,correct,3.0
30,0.06424381787254999,-1.0343043727476622,-0.03709245620986963,Robins' estimator,1.0,1.0,0.5,0.5,3411,0.0,0.0,0.0,wrong,correct,3.0
31,0.2616651731816107,-1.0391928753284512,0.05730936198894028,Robins' estimator,1.0,1.0,0.5,0.5,3411,0.0,0.0,0.0,wrong,correct,3.0
32,-0.17140099234429831,-1.071842846745954,-0.07132998823003155,Robins' estimator,1.0,1.0,0.5,0.5,3411,0.0,0.0,0.0,wrong,correct,3.0
33,-0.0149173230381842,-1.0428250656727058,0.027337954606838286,Robins' estimator,1.0,1.0,0.5,0.5,3411,0.0,0.0,0.0,wrong,correct,3.0
34,-0.008620120150495358,-1.0561057148745345,-0.013758053607125243,Robins' estimator,1.0,1.0,0.5,0.5,3411,0.0,0.0,0.0,wrong,correct,3.0
35,0.023317633778916345,-1.0479407243268255,0.032674109224019164,Robins' estimator,1.0,1.0,0.5,0.5,3411,0.0,0.0,0.0,wrong,correct,3.0
36,0.10731545520997675,-1.0315133980980022,0.02456358583433059,Robins' estimator,1.0,1.0,0.5,0.5,3411,0.0,0.0,0.0,wrong,correct,3.0
37,-0.2462852314887515,-1.0699592251011316,-0.18146085530940875,Robins' estimator,1.0,1.0,0.5,0.5,3411,0.0,0.0,0.0,wrong,correct,3.0
38,-0.07371635534910329,-1.0582049210172177,-0.011693835883400169,Robins' estimator,1.0,1.0,0.5,0.5,3411,0.0,0.0,0.0,wrong,correct,3.0
39,-0.1616048469955898,-1.0583507465217064,-0.08673517827383688,Robins' estimator,1.0,1.0,0.5,0.5,3411,0.0,0.0,0.0,wrong,correct,3.0
40,0.1710488613624306,-1.0371732952079546,0.024124990642524657,Robins' estimator,1.0,1.0,0.5,0.5,3411,0.0,0.0,0.0,wrong,correct,3.0
41,0.1388326337278753,-1.0410415033308857,0.11146560455761076,Robins' estimator,1.0,1.0,0.5,0.5,3411,0.0,0.0,0.0,wrong,correct,3.0
42,0.30016431971231194,-1.0369542279430208,0.055627419793937566,Robins' estimator,1.0,1.0,0.5,0.5,3411,0.0,0.0,0.0,wrong,correct,3.0
43,0.05586279675720884,-1.0472095853965258,0.024528883725439304,Robins' estimator,1.0,1.0,0.5,0.5,3411,0.0,0.0,0.0,wrong,correct,3.0
44,0.2552485261917915,-1.0480998584042245,0.0868768412265839,Robins' estimator,1.0,1.0,0.5,0.5,3411,0.0,0.0,0.0,wrong,correct,3.0
45,-0.08633011281720648,-1.0653291027402136,-0.0663642554333573,Robins' estimator,1.0,1.0,0.5,0.5,3411,0.0,0.0,0.0,wrong,correct,3.0
46,-0.024862296250280053,-1.0459578173963122,0.048770130050091114,Robins' estimator,1.0,1.0,0.5,0.5,3411,0.0,0.0,0.0,wrong,correct,3.0
47,0.10305754323846998,-1.0348075676414328,0.08645723748971604,Robins' estimator,1.0,1.0,0.5,0.5,3411,0.0,0.0,0.0,wrong,correct,3.0
48,0.04236647628670174,-1.0443372084284088,-0.06714788795673478,Robins' estimator,1.0,1.0,0.5,0.5,3411,0.0,0.0,0.0,wrong,correct,3.0
49,-0.1443963359199961,-1.0389185508954553,0.19184005126637074,Robins' estimator,1.0,1.0,0.5,0.5,3411,0.0,0.0,0.0,wrong,correct,3.0
50,-0.1174361877119254,-1.041597301971244,-0.10406686899976168,Robins' estimator,1.0,1.0,0.5,0.5,3411,0.0,0.0,0.0,wrong,correct,3.0
51,0.07742675404460791,-1.0445704930913848,-0.0964702551390881,Robins' estimator,1.0,1.0,0.5,0.5,3411,0.0,0.0,0.0,wrong,correct,3.0
52,-0.11871014741709315,-1.0462769664192124,0.04925669467485752,Robins' estimator,1.0,1.0,0.5,0.5,3411,0.0,0.0,0.0,wrong,correct,3.0
53,0.07712335007881595,-1.0483412367722895,0.13080236867104209,Robins' estimator,1.0,1.0,0.5,0.5,3411,0.0,0.0,0.0,wrong,correct,3.0
54,-0.07918156646041184,-1.0597794654064507,0.06835830649771368,Robins' estimator,1.0,1.0,0.5,0.5,3411,0.0,0.0,0.0,wrong,correct,3.0
55,-0.10293252121495411,-1.0514521857877275,0.022288476418530254,Robins' estimator,1.0,1.0,0.5,0.5,3411,0.0,0.0,0.0,wrong,correct,3.0
56,-0.0764409669277315,-1.0451910684026187,-0.13733272344189815,Robins' estimator,1.0,1.0,0.5,0.5,3411,0.0,0.0,0.0,wrong,correct,3.0
57,-0.32003225601557866,-1.067530524777222,-0.07057239015035276,Robins' estimator,1.0,1.0,0.5,0.5,3411,0.0,0.0,0.0,wrong,correct,3.0
58,-0.15855986822585738,-1.0675118030986215,-0.21769594361025787,Robins' estimator,1.0,1.0,0.5,0.5,3411,0.0,0.0,0.0,wrong,correct,3.0
59,0.4067537633657322,-1.0147999681534277,0.12329440246390634,Robins' estimator,1.0,1.0,0.5,0.5,3411,0.0,0.0,0.0,wrong,correct,3.0
60,-0.053554253345054474,-1.0482576190488135,0.03311121919809651,Robins' estimator,1.0,1.0,0.5,0.5,3411,0.0,0.0,0.0,wrong,correct,3.0
61,-0.023948522306344193,-1.0472181639464087,0.06317838130642207,Robins' estimator,1.0,1.0,0.5,0.5,3411,0.0,0.0,0.0,wrong,correct,3.0
62,-0.16918780588659507,-1.0413775450808351,0.13902778059254906,Robins' estimator,1.0,1.0,0.5,0.5,3411,0.0,0.0,0.0,wrong,correct,3.0
63,-0.22050290177175386,-1.0498436588024256,-0.03755342062241822,Robins' estimator,1.0,1.0,0.5,0.5,3411,0.0,0.0,0.0,wrong,correct,3.0
64,-0.1068091608017295,-1.0501146632030653,0.010065082290753041,Robins' estimator,1.0,1.0,0.5,0.5,3411,0.0,0.0,0.0,wrong,correct,3.0
65,-0.23411393501120747,-1.0560907199375764,0.1253242697821689,Robins' estimator,1.0,1.0,0.5,0.5,3411,0.0,0.0,0.0,wrong,correct,3.0
66,0.06152753024431475,-1.0374729152857551,0.04009658098035258,Robins' estimator,1.0,1.0,0.5,0.5,3411,0.0,0.0,0.0,wrong,correct,3.0
67,0.10834043738318869,-1.0453084888994464,0.08923797782415119,Robins' estimator,1.0,1.0,0.5,0.5,3411,0.0,0.0,0.0,wrong,correct,3.0
68,-0.043134944309064394,-1.0406759739604916,0.08709812455487156,Robins' estimator,1.0,1.0,0.5,0.5,3411,0.0,0.0,0.0,wrong,correct,3.0
69,-0.1541553766388339,-1.0586204996625008,-0.04194370150077475,Robins' estimator,1.0,1.0,0.5,0.5,3411,0.0,0.0,0.0,wrong,correct,3.0
70,-0.09276659988408328,-1.0620463961332427,-0.14577611001637483,Robins' estimator,1.0,1.0,0.5,0.5,3411,0.0,0.0,0.0,wrong,correct,3.0
71,-0.2329446970597436,-1.0465766338629183,0.165446445185494,Robins' estimator,1.0,1.0,0.5,0.5,3411,0.0,0.0,0.0,wrong,correct,3.0
72,0.004579131003209571,-1.0465616992726166,-0.12376445819095315,Robins' estimator,1.0,1.0,0.5,0.5,3411,0.0,0.0,0.0,wrong,correct,3.0
73,-0.010919925398673917,-1.0486726576772043,0.058641702666858975,Robins' estimator,1.0,1.0,0.5,0.5,3411,0.0,0.0,0.0,wrong,correct,3.0
74,-0.5277453197536792,-1.0750629173075856,-0.23901380434921649,Robins' estimator,1.0,1.0,0.5,0.5,3411,0.0,0.0,0.0,wrong,correct,3.0
75,-0.03682069162023778,-1.0479245201902658,0.0726581963197384,Robins' estimator,1.0,1.0,0.5,0.5,3411,0.0,0.0,0.0,wrong,correct,3.0
76,0.002735991892426461,-1.0511865423903572,-0.04941159996359354,Robins' estimator,1.0,1.0,0.5,0.5,3411,0.0,0.0,0.0,wrong,correct,3.0
77,-0.32146666608893215,-1.0679336472599945,-0.25180234538896656,Robins' estimator,1.0,1.0,0.5,0.5,3411,0.0,0.0,0.0,wrong,correct,3.0
78,-0.38739224129792305,-1.0702287466831484,-0.23365071783779043,Robins' estimator,1.0,1.0,0.5,0.5,3411,0.0,0.0,0.0,wrong,correct,3.0
79,0.06945035319868771,-1.0480904140176204,0.020296472363086994,Robins' estimator,1.0,1.0,0.5,0.5,3411,0.0,0.0,0.0,wrong,correct,3.0
80,0.06767244391196568,-1.057683337645857,-0.06609076415575922,Robins' estimator,1.0,1.0,0.5,0.5,3411,0.0,0.0,0.0,wrong,correct,3.0
81,-0.32260041257239563,-1.0584289938084688,-0.14864399103960454,Robins' estimator,1.0,1.0,0.5,0.5,3411,0.0,0.0,0.0,wrong,correct,3.0
82,0.04576085155278599,-1.0366892740999236,0.11159513350698749,Robins' estimator,1.0,1.0,0.5,0.5,3411,0.0,0.0,0.0,wrong,correct,3.0
83,10.944420685975004,-0.9052038845726229,0.7500048918950573,Robins' estimator,1.0,1.0,0.5,0.5,3411,0.0,0.0,0.0,wrong,correct,3.0
84,-0.14123939313460124,-1.0623841313429276,-0.15835360429935902,Robins' estimator,1.0,1.0,0.5,0.5,3411,0.0,0.0,0.0,wrong,correct,3.0
85,-0.29888175663358674,-1.0722710506975985,-0.26947266289163324,Robins' estimator,1.0,1.0,0.5,0.5,3411,0.0,0.0,0.0,wrong,correct,3.0
86,-0.11252760788298678,-1.0556762277692908,-0.017616293719961,Robins' estimator,1.0,1.0,0.5,0.5,3411,0.0,0.0,0.0,wrong,correct,3.0
87,-0.05659987994554362,-1.0595944464625733,-0.1637603876328548,Robins' estimator,1.0,1.0,0.5,0.5,3411,0.0,0.0,0.0,wrong,correct,3.0
88,0.32394713313461515,-1.0343784878734894,0.015370322537353171,Robins' estimator,1.0,1.0,0.5,0.5,3411,0.0,0.0,0.0,wrong,correct,3.0
89,0.07360830234204965,-1.0397315624752372,-0.008618049187368049,Robins' estimator,1.0,1.0,0.5,0.5,3411,0.0,0.0,0.0,wrong,correct,3.0
90,0.08495235364424958,-1.0529076412783493,-0.05757593700655682,Robins' estimator,1.0,1.0,0.5,0.5,3411,0.0,0.0,0.0,wrong,correct,3.0
91,-0.04447933353781342,-1.0511488160573954,0.0173079365001048,Robins' estimator,1.0,1.0,0.5,0.5,3411,0.0,0.0,0.0,wrong,correct,3.0
92,-0.27391847173146616,-1.0763336270854023,-0.20900714062545875,Robins' estimator,1.0,1.0,0.5,0.5,3411,0.0,0.0,0.0,wrong,correct,3.0
93,0.1857908283020652,-1.0394757825335166,0.056002946259735564,Robins' estimator,1.0,1.0,0.5,0.5,3411,0.0,0.0,0.0,wrong,correct,3.0
94,-0.22749315492983238,-1.0549124392030416,-0.004762812244347974,Robins' estimator,1.0,1.0,0.5,0.5,3411,0.0,0.0,0.0,wrong,correct,3.0
95,0.08943011136995603,-1.0419586051117886,0.018176224344085876,Robins' estimator,1.0,1.0,0.5,0.5,3411,0.0,0.0,0.0,wrong,correct,3.0
96,-0.2195798251201389,-1.0706590990293205,-0.12596751473112738,Robins' estimator,1.0,1.0,0.5,0.5,3411,0.0,0.0,0.0,wrong,correct,3.0
97,-0.09273154824482184,-1.0492923946725532,0.0017694931798933776,Robins' estimator,1.0,1.0,0.5,0.5,3411,0.0,0.0,0.0,wrong,correct,3.0
98,0.23393348571538558,-1.033930617156498,0.11804365681119694,Robins' estimator,1.0,1.0,0.5,0.5,3411,0.0,0.0,0.0,wrong,correct,3.0
99,-0.2233452399288766,-1.0503128065818685,-0.025413142320833425,Robins' estimator,1.0,1.0,0.5,0.5,3411,0.0,0.0,0.0,wrong,correct,3.0
100,-0.0413130165334125,-1.0550625184115907,-0.18576792482388874,Robins' estimator,1.0,1.0,0.5,0.5,3411,0.0,0.0,0.0,wrong,correct,3.0
101,0.049727004224176204,-1.0603093970239836,0.06126864525964252,Robins' estimator,1.0,1.0,0.5,0.5,3411,0.0,0.0,0.0,wrong,correct,3.0
102,-0.08551728433603308,-1.0613379027369956,-0.18061977753678696,Robins' estimator,1.0,1.0,0.5,0.5,3411,0.0,0.0,0.0,wrong,correct,3.0
103,0.15013781303163648,-1.0473113759963741,0.1066324540153868,Robins' estimator,1.0,1.0,0.5,0.5,3411,0.0,0.0,0.0,wrong,correct,3.0
104,-0.30578623377749364,-1.0546077546708854,0.07449716332927069,Robins' estimator,1.0,1.0,0.5,0.5,3411,0.0,0.0,0.0,wrong,correct,3.0
105,-0.2803155418234207,-1.066390930729654,-0.14077318898199603,Robins' estimator,1.0,1.0,0.5,0.5,3411,0.0,0.0,0.0,wrong,correct,3.0
106,-0.3487122192611261,-1.079762720453309,-0.20221541642931873,Robins' estimator,1.0,1.0,0.5,0.5,3411,0.0,0.0,0.0,wrong,correct,3.0
107,-0.2612819691945999,-1.070920964204049,-0.008957397524189606,Robins' estimator,1.0,1.0,0.5,0.5,3411,0.0,0.0,0.0,wrong,correct,3.0
108,-0.022891735853124383,-1.031783809095876,-0.02501446083000873,Robins' estimator,1.0,1.0,0.5,0.5,3411,0.0,0.0,0.0,wrong,correct,3.0
109,-0.0196600094059845,-1.0495962877841005,0.005017629804232608,Robins' estimator,1.0,1.0,0.5,0.5,3411,0.0,0.0,0.0,wrong,correct,3.0
110,0.1914481617567038,-1.0287732721922884,0.12979186407821613,Robins' estimator,1.0,1.0,0.5,0.5,3411,0.0,0.0,0.0,wrong,correct,3.0
111,0.01635787027946083,-1.042149022381795,0.024072905454376473,Robins' estimator,1.0,1.0,0.5,0.5,3411,0.0,0.0,0.0,wrong,correct,3.0
112,0.017676804771451022,-1.0493833248892863,-0.005562001308622616,Robins' estimator,1.0,1.0,0.5,0.5,3411,0.0,0.0,0.0,wrong,correct,3.0
113,-0.26117443223921233,-1.0489567269753968,0.016494441992952066,Robins' estimator,1.0,1.0,0.5,0.5,3411,0.0,0.0,0.0,wrong,correct,3.0
114,0.39875061898436226,-1.0384750241904848,-0.018637072782614394,Robins' estimator,1.0,1.0,0.5,0.5,3411,0.0,0.0,0.0,wrong,correct,3.0
115,-0.04246445559604584,-1.0475876703937672,0.058582499964993213,Robins' estimator,1.0,1.0,0.5,0.5,3411,0.0,0.0,0.0,wrong,correct,3.0
116,-0.008136011719738814,-1.0383951335554278,0.016224907241080493,Robins' estimator,1.0,1.0,0.5,0.5,3411,0.0,0.0,0.0,wrong,correct,3.0
117,-0.5003720836494451,-1.0808305100743807,-0.2443572072734957,Robins' estimator,1.0,1.0,0.5,0.5,3411,0.0,0.0,0.0,wrong,correct,3.0
118,-0.11314554404037461,-1.0575343126234906,-0.0022417307038643786,Robins' estimator,1.0,1.0,0.5,0.5,3411,0.0,0.0,0.0,wrong,correct,3.0
119,0.13009474757474704,-1.0513124248215318,-0.041098856953066025,Robins' estimator,1.0,1.0,0.5,0.5,3411,0.0,0.0,0.0,wrong,correct,3.0
120,-0.09799679093460231,-1.0488481627736963,-0.003171512053398578,Robins' estimator,1.0,1.0,0.5,0.5,3411,0.0,0.0,0.0,wrong,correct,3.0
121,-0.16710773260996842,-1.0525728724919479,0.015604203019698639,Robins' estimator,1.0,1.0,0.5,0.5,3411,0.0,0.0,0.0,wrong,correct,3.0
122,0.10592002465218053,-1.036099401928098,0.10357969486072223,Robins' estimator,1.0,1.0,0.5,0.5,3411,0.0,0.0,0.0,wrong,correct,3.0
123,0.12278704524033253,-1.0428423290976967,0.11938723962070574,Robins' estimator,1.0,1.0,0.5,0.5,3411,0.0,0.0,0.0,wrong,correct,3.0
124,-0.21220744730264354,-1.0661088937513261,-0.07132491759877924,Robins' estimator,1.0,1.0,0.5,0.5,3411,0.0,0.0,0.0,wrong,correct,3.0
125,-0.16807962469107585,-1.0521876470148335,0.050408653346662016,Robins' estimator,1.0,1.0,0.5,0.5,3411,0.0,0.0,0.0,wrong,correct,3.0
126,-0.10364043578948719,-1.0469992887231396,0.03222913503833691,Robins' estimator,1.0,1.0,0.5,0.5,3411,0.0,0.0,0.0,wrong,correct,3.0
127,0.016128980600335525,-1.0572567656787044,0.04155391948939222,Robins' estimator,1.0,1.0,0.5,0.5,3411,0.0,0.0,0.0,wrong,correct,3.0
128,0.03536498279780758,-1.0334185175012398,0.08649673224598252,Robins' estimator,1.0,1.0,0.5,0.5,3411,0.0,0.0,0.0,wrong,correct,3.0
129,-0.01608547372583014,-1.0553253768231174,0.013210673278138923,Robins' estimator,1.0,1.0,0.5,0.5,3411,0.0,0.0,0.0,wrong,correct,3.0
130,-0.13556535133941944,-1.0632170228820852,-0.03359153884220594,Robins' estimator,1.0,1.0,0.5,0.5,3411,0.0,0.0,0.0,wrong,correct,3.0
131,-0.11840880946604841,-1.0527623075354642,-0.0694534677409531,Robins' estimator,1.0,1.0,0.5,0.5,3411,0.0,0.0,0.0,wrong,correct,3.0
132,-0.3059061075019566,-1.0648896338796106,-0.030060389411893096,Robins' estimator,1.0,1.0,0.5,0.5,3411,0.0,0.0,0.0,wrong,correct,3.0
133,-0.028684515082810145,-1.0494312437046522,0.06964348458265344,Robins' estimator,1.0,1.0,0.5,0.5,3411,0.0,0.0,0.0,wrong,correct,3.0
134,-0.14300931092496333,-1.0559211281155334,-0.014378274897184056,Robins' estimator,1.0,1.0,0.5,0.5,3411,0.0,0.0,0.0,wrong,correct,3.0
135,-0.04113553223888937,-1.0616475261312905,-0.12028051933155308,Robins' estimator,1.0,1.0,0.5,0.5,3411,0.0,0.0,0.0,wrong,correct,3.0
136,-0.253194119094405,-1.0543859650826133,-0.05076619639144453,Robins' estimator,1.0,1.0,0.5,0.5,3411,0.0,0.0,0.0,wrong,correct,3.0
137,0.1208657130234077,-1.0493804820797958,-0.10413531277462348,Robins' estimator,1.0,1.0,0.5,0.5,3411,0.0,0.0,0.0,wrong,correct,3.0
138,0.22974803193278123,-1.0400676662258068,-0.0484941498403365,Robins' estimator,1.0,1.0,0.5,0.5,3411,0.0,0.0,0.0,wrong,correct,3.0
139,-0.2577666746649121,-1.0642321901101655,-0.12796334568660137,Robins' estimator,1.0,1.0,0.5,0.5,3411,0.0,0.0,0.0,wrong,correct,3.0
140,0.2371846393289072,-1.0278701390197975,0.07442700390996504,Robins' estimator,1.0,1.0,0.5,0.5,3411,0.0,0.0,0.0,wrong,correct,3.0
141,0.14854488217254183,-1.0303998967738601,0.1578979541398895,Robins' estimator,1.0,1.0,0.5,0.5,3411,0.0,0.0,0.0,wrong,correct,3.0
142,-0.10738865162127031,-1.063116239145415,-0.033384636087062505,Robins' estimator,1.0,1.0,0.5,0.5,3411,0.0,0.0,0.0,wrong,correct,3.0
143,0.1970787656288483,-1.0280461564825052,0.17408727444247016,Robins' estimator,1.0,1.0,0.5,0.5,3411,0.0,0.0,0.0,wrong,correct,3.0
144,0.0955237158978957,-1.0473007395006,0.01058755022483415,Robins' estimator,1.0,1.0,0.5,0.5,3411,0.0,0.0,0.0,wrong,correct,3.0
145,0.11991898214310194,-1.0305225822010955,0.2641570015665466,Robins' estimator,1.0,1.0,0.5,0.5,3411,0.0,0.0,0.0,wrong,correct,3.0
146,-0.1542623493090684,-1.0500377888764136,-0.05088843129810846,Robins' estimator,1.0,1.0,0.5,0.5,3411,0.0,0.0,0.0,wrong,correct,3.0
147,0.04950743429054323,-1.0528855715014498,-0.004973152976107013,Robins' estimator,1.0,1.0,0.5,0.5,3411,0.0,0.0,0.0,wrong,correct,3.0
148,0.07145621984610825,-1.0472794754752597,-0.010946190996188638,Robins' estimator,1.0,1.0,0.5,0.5,3411,0.0,0.0,0.0,wrong,correct,3.0
149,-0.20182736563801085,-1.0540689985498741,-0.03429948795317648,Robins' estimator,1.0,1.0,0.5,0.5,3411,0.0,0.0,0.0,wrong,correct,3.0
150,0.15924629437156876,-1.012831259877957,0.15209488578126396,Robins' estimator,1.0,1.0,0.5,0.5,3411,0.0,0.0,0.0,wrong,correct,3.0
151,-0.015956960374344326,-1.0552185145586515,-0.07366773348807996,Robins' estimator,1.0,1.0,0.5,0.5,3411,0.0,0.0,0.0,wrong,correct,3.0
152,0.09008004898868942,-1.040143933870689,0.04979479766891868,Robins' estimator,1.0,1.0,0.5,0.5,3411,0.0,0.0,0.0,wrong,correct,3.0
153,0.12998740674191928,-1.052786978264143,-0.019011976154386434,Robins' estimator,1.0,1.0,0.5,0.5,3411,0.0,0.0,0.0,wrong,correct,3.0
154,0.14486704969492267,-1.0262312822928792,0.11249956362799682,Robins' estimator,1.0,1.0,0.5,0.5,3411,0.0,0.0,0.0,wrong,correct,3.0
155,-0.04049123077753549,-1.052979894736178,-0.13932639756239412,Robins' estimator,1.0,1.0,0.5,0.5,3411,0.0,0.0,0.0,wrong,correct,3.0
156,0.012010378712190531,-1.0552133096383818,0.14795953856196645,Robins' estimator,1.0,1.0,0.5,0.5,3411,0.0,0.0,0.0,wrong,correct,3.0
157,-0.10391474404821119,-1.0557420971244613,0.023837766110663277,Robins' estimator,1.0,1.0,0.5,0.5,3411,0.0,0.0,0.0,wrong,correct,3.0
158,0.15951754450241426,-1.043877928929545,0.005989493075607205,Robins' estimator,1.0,1.0,0.5,0.5,3411,0.0,0.0,0.0,wrong,correct,3.0
159,-0.018556763036989492,-1.0399717299496594,0.09510982242134158,Robins' estimator,1.0,1.0,0.5,0.5,3411,0.0,0.0,0.0,wrong,correct,3.0
160,-0.00526913619743183,-1.0536140636099842,-0.02777780315024745,Robins' estimator,1.0,1.0,0.5,0.5,3411,0.0,0.0,0.0,wrong,correct,3.0
161,0.01816054358242828,-1.0404676877227756,0.06605294339500213,Robins' estimator,1.0,1.0,0.5,0.5,3411,0.0,0.0,0.0,wrong,correct,3.0
162,0.11032555566493173,-1.033494608729119,0.06173894926565418,Robins' estimator,1.0,1.0,0.5,0.5,3411,0.0,0.0,0.0,wrong,correct,3.0
163,0.054542618059202706,-1.045422216734584,-0.036127962773357496,Robins' estimator,1.0,1.0,0.5,0.5,3411,0.0,0.0,0.0,wrong,correct,3.0
164,-0.3864522688879183,-1.0748389165524148,-0.22488665599954374,Robins' estimator,1.0,1.0,0.5,0.5,3411,0.0,0.0,0.0,wrong,correct,3.0
165,-0.156817259877738,-1.0641546319089106,-0.06863598681148088,Robins' estimator,1.0,1.0,0.5,0.5,3411,0.0,0.0,0.0,wrong,correct,3.0
166,-0.0504273708177017,-1.051730678814518,0.0478877720804665,Robins' estimator,1.0,1.0,0.5,0.5,3411,0.0,0.0,0.0,wrong,correct,3.0
167,-0.1791992793794059,-1.0599727553678209,-0.07880294495685068,Robins' estimator,1.0,1.0,0.5,0.5,3411,0.0,0.0,0.0,wrong,correct,3.0
168,-0.04022738411010988,-1.0488141758560898,0.024390794427709417,Robins' estimator,1.0,1.0,0.5,0.5,3411,0.0,0.0,0.0,wrong,correct,3.0
169,-0.15203853734346434,-1.0447694530165672,-0.0404554711655341,Robins' estimator,1.0,1.0,0.5,0.5,3411,0.0,0.0,0.0,wrong,correct,3.0
170,0.049606614213996626,-1.047844529758795,-0.04522989994854285,Robins' estimator,1.0,1.0,0.5,0.5,3411,0.0,0.0,0.0,wrong,correct,3.0
171,-0.20393151991864666,-1.0722302644974093,-0.08781210308422048,Robins' estimator,1.0,1.0,0.5,0.5,3411,0.0,0.0,0.0,wrong,correct,3.0
172,-0.21835641985822118,-1.0603548778682803,-0.11331823538212764,Robins' estimator,1.0,1.0,0.5,0.5,3411,0.0,0.0,0.0,wrong,correct,3.0
173,-0.09263417464004678,-1.0683595138993767,-0.05540451134710612,Robins' estimator,1.0,1.0,0.5,0.5,3411,0.0,0.0,0.0,wrong,correct,3.0
174,-0.10692550938811163,-1.0511700867488791,0.02802786161425626,Robins' estimator,1.0,1.0,0.5,0.5,3411,0.0,0.0,0.0,wrong,correct,3.0
175,0.14464400361727536,-1.0673840039432407,-0.061002746472183435,Robins' estimator,1.0,1.0,0.5,0.5,3411,0.0,0.0,0.0,wrong,correct,3.0
176,-0.09217903852426049,-1.0563725934691561,0.04776439926761091,Robins' estimator,1.0,1.0,0.5,0.5,3411,0.0,0.0,0.0,wrong,correct,3.0
177,0.1163586541844766,-1.0296384864896473,-0.015629788451477073,Robins' estimator,1.0,1.0,0.5,0.5,3411,0.0,0.0,0.0,wrong,correct,3.0
178,0.09498392806094294,-1.0502441795972481,0.028549119845796188,Robins' estimator,1.0,1.0,0.5,0.5,3411,0.0,0.0,0.0,wrong,correct,3.0
179,-0.05118083873411854,-1.0393391730068624,0.05491746167560886,Robins' estimator,1.0,1.0,0.5,0.5,3411,0.0,0.0,0.0,wrong,correct,3.0
180,0.06189083265424193,-1.0310078662888431,-0.012116090259347791,Robins' estimator,1.0,1.0,0.5,0.5,3411,0.0,0.0,0.0,wrong,correct,3.0
181,-0.0777595516724612,-1.0461466210004582,0.006370643931143152,Robins' estimator,1.0,1.0,0.5,0.5,3411,0.0,0.0,0.0,wrong,correct,3.0
182,0.09325416275185681,-1.0312929642386246,0.2555908168465615,Robins' estimator,1.0,1.0,0.5,0.5,3411,0.0,0.0,0.0,wrong,correct,3.0
183,0.1389600692338846,-1.0472166636341373,0.09421229739674881,Robins' estimator,1.0,1.0,0.5,0.5,3411,0.0,0.0,0.0,wrong,correct,3.0
184,0.22399502849066855,-1.0404868704832528,0.07396896805721981,Robins' estimator,1.0,1.0,0.5,0.5,3411,0.0,0.0,0.0,wrong,correct,3.0
185,0.12208177157023206,-1.049720081346486,-0.022894595050193818,Robins' estimator,1.0,1.0,0.5,0.5,3411,0.0,0.0,0.0,wrong,correct,3.0
186,-0.019728821904319026,-1.0532884631767232,0.0013843838279696554,Robins' estimator,1.0,1.0,0.5,0.5,3411,0.0,0.0,0.0,wrong,correct,3.0
187,0.16493294129575722,-1.039355777005568,0.13707753919778642,Robins' estimator,1.0,1.0,0.5,0.5,3411,0.0,0.0,0.0,wrong,correct,3.0
188,-0.18154356333803087,-1.0529917780984213,-0.08963925469760982,Robins' estimator,1.0,1.0,0.5,0.5,3411,0.0,0.0,0.0,wrong,correct,3.0
189,0.3458218435046101,-1.0301987317528383,0.17589632847683823,Robins' estimator,1.0,1.0,0.5,0.5,3411,0.0,0.0,0.0,wrong,correct,3.0
190,0.10615076043101322,-1.0395861737772092,0.18180629994130645,Robins' estimator,1.0,1.0,0.5,0.5,3411,0.0,0.0,0.0,wrong,correct,3.0
191,-0.1711316201403279,-1.0460060547482333,0.08964131970091561,Robins' estimator,1.0,1.0,0.5,0.5,3411,0.0,0.0,0.0,wrong,correct,3.0
192,-0.16343725959649213,-1.0550322660819023,-0.0335265238063975,Robins' estimator,1.0,1.0,0.5,0.5,3411,0.0,0.0,0.0,wrong,correct,3.0
193,-0.34059760544255135,-1.0716528152499856,-0.11964929560578037,Robins' estimator,1.0,1.0,0.5,0.5,3411,0.0,0.0,0.0,wrong,correct,3.0
194,0.3062267289434831,-1.0313663920993783,0.13533795704440138,Robins' estimator,1.0,1.0,0.5,0.5,3411,0.0,0.0,0.0,wrong,correct,3.0
195,-0.3832924024733613,-1.057624827864153,-0.1131548070636221,Robins' estimator,1.0,1.0,0.5,0.5,3411,0.0,0.0,0.0,wrong,correct,3.0
196,-0.19392145951096793,-1.065537392701228,-0.09884011530332228,Robins' estimator,1.0,1.0,0.5,0.5,3411,0.0,0.0,0.0,wrong,correct,3.0
197,-0.23863997478585688,-1.0526235018349597,-0.01517139517428964,Robins' estimator,1.0,1.0,0.5,0.5,3411,0.0,0.0,0.0,wrong,correct,3.0
198,0.06417612637750976,-1.0532162846724253,-0.045762959115796746,Robins' estimator,1.0,1.0,0.5,0.5,3411,0.0,0.0,0.0,wrong,correct,3.0
199,0.4037402877946652,-1.0366153410130123,-0.017796729453300252,Robins' estimator,1.0,1.0,0.5,0.5,3411,0.0,0.0,0.0,wrong,correct,3.0
200,-0.05481946136437414,-1.0474450430795619,0.06770911044337653,Robins' estimator,1.0,1.0,0.5,0.5,3411,0.0,0.0,0.0,wrong,correct,3.0
201,0.07724866605673883,-1.0519780267370817,0.015947000532897906,Robins' estimator,1.0,1.0,0.5,0.5,3411,0.0,0.0,0.0,wrong,correct,3.0
202,-0.05692138913573866,-1.0356399632483793,0.029855413954174053,Robins' estimator,1.0,1.0,0.5,0.5,3411,0.0,0.0,0.0,wrong,correct,3.0
203,0.19532813117689396,-1.0356663846105691,0.07852448950321232,Robins' estimator,1.0,1.0,0.5,0.5,3411,0.0,0.0,0.0,wrong,correct,3.0
204,0.04476384498905886,-1.0529556657632035,0.03004318100361045,Robins' estimator,1.0,1.0,0.5,0.5,3411,0.0,0.0,0.0,wrong,correct,3.0
205,0.015741168261673433,-1.0534047865946783,0.013105557465274654,Robins' estimator,1.0,1.0,0.5,0.5,3411,0.0,0.0,0.0,wrong,correct,3.0
206,0.17878831277851895,-1.0432350351947066,0.013282564186657199,Robins' estimator,1.0,1.0,0.5,0.5,3411,0.0,0.0,0.0,wrong,correct,3.0
207,0.2005273205726971,-1.0304541016967945,0.19730515372820775,Robins' estimator,1.0,1.0,0.5,0.5,3411,0.0,0.0,0.0,wrong,correct,3.0
208,-0.3631903128237978,-1.0780321019031056,-0.03377965086560303,Robins' estimator,1.0,1.0,0.5,0.5,3411,0.0,0.0,0.0,wrong,correct,3.0
209,0.17169830850343407,-1.0384049307785157,-0.0014334261336381975,Robins' estimator,1.0,1.0,0.5,0.5,3411,0.0,0.0,0.0,wrong,correct,3.0
210,0.08888445502408092,-1.0449367600246384,0.06267589249424352,Robins' estimator,1.0,1.0,0.5,0.5,3411,0.0,0.0,0.0,wrong,correct,3.0
211,0.3096142189735097,-1.0285616953382344,0.08214394891775383,Robins' estimator,1.0,1.0,0.5,0.5,3411,0.0,0.0,0.0,wrong,correct,3.0
212,0.2751596557230957,-1.034096413171369,0.008264716183563467,Robins' estimator,1.0,1.0,0.5,0.5,3411,0.0,0.0,0.0,wrong,correct,3.0
213,-0.06429414752908967,-1.0569890811997327,0.06509926529870412,Robins' estimator,1.0,1.0,0.5,0.5,3411,0.0,0.0,0.0,wrong,correct,3.0
214,-0.2780338290218389,-1.0564895094840312,-0.028391104230655263,Robins' estimator,1.0,1.0,0.5,0.5,3411,0.0,0.0,0.0,wrong,correct,3.0
215,-0.1270527728599219,-1.0530046842590222,0.09708068598714605,Robins' estimator,1.0,1.0,0.5,0.5,3411,0.0,0.0,0.0,wrong,correct,3.0
216,0.20457968073592547,-1.0360989691417568,0.12238047856008247,Robins' estimator,1.0,1.0,0.5,0.5,3411,0.0,0.0,0.0,wrong,correct,3.0
217,0.14501668782180616,-1.0432521722693195,-0.07949941055803518,Robins' estimator,1.0,1.0,0.5,0.5,3411,0.0,0.0,0.0,wrong,correct,3.0
218,-0.05346680380037072,-1.0547965656735987,-0.013443602300382294,Robins' estimator,1.0,1.0,0.5,0.5,3411,0.0,0.0,0.0,wrong,correct,3.0
219,0.10259572325416282,-1.0455787187783605,0.1374888324244857,Robins' estimator,1.0,1.0,0.5,0.5,3411,0.0,0.0,0.0,wrong,correct,3.0
220,0.08509679341140833,-1.0386799278498038,-0.036954901652305486,Robins' estimator,1.0,1.0,0.5,0.5,3411,0.0,0.0,0.0,wrong,correct,3.0
221,0.18520191480065365,-1.0413561307303243,0.02283125949899695,Robins' estimator,1.0,1.0,0.5,0.5,3411,0.0,0.0,0.0,wrong,correct,3.0
222,0.07086681249495423,-1.0406425192854285,0.10989904607060419,Robins' estimator,1.0,1.0,0.5,0.5,3411,0.0,0.0,0.0,wrong,correct,3.0
223,0.16025034026672835,-1.0362761684061863,0.23646198031032445,Robins' estimator,1.0,1.0,0.5,0.5,3411,0.0,0.0,0.0,wrong,correct,3.0
224,-0.06113792976289848,-1.0611854361161976,-0.14878381140787347,Robins' estimator,1.0,1.0,0.5,0.5,3411,0.0,0.0,0.0,wrong,correct,3.0
225,-0.03110190626466932,-1.0493725626757546,0.0014221498236882638,Robins' estimator,1.0,1.0,0.5,0.5,3411,0.0,0.0,0.0,wrong,correct,3.0
226,0.07669416151790659,-1.0333117877381035,0.14786159172947447,Robins' estimator,1.0,1.0,0.5,0.5,3411,0.0,0.0,0.0,wrong,correct,3.0
227,0.18877996911263956,-1.044750625976033,0.12619658932602282,Robins' estimator,1.0,1.0,0.5,0.5,3411,0.0,0.0,0.0,wrong,correct,3.0
228,0.26272507118647376,-1.0370932396768866,0.14766162045853165,Robins' estimator,1.0,1.0,0.5,0.5,3411,0.0,0.0,0.0,wrong,correct,3.0
229,-0.02816231146284146,-1.0569605012765222,-0.04656209050807084,Robins' estimator,1.0,1.0,0.5,0.5,3411,0.0,0.0,0.0,wrong,correct,3.0
230,-0.3316185092263403,-1.068539876331428,-0.1609374218665547,Robins' estimator,1.0,1.0,0.5,0.5,3411,0.0,0.0,0.0,wrong,correct,3.0
231,0.1383283906092346,-1.048777878803303,0.049094941051918715,Robins' estimator,1.0,1.0,0.5,0.5,3411,0.0,0.0,0.0,wrong,correct,3.0
232,-0.16667073685341133,-1.048126447737317,-0.18885312756204847,Robins' estimator,1.0,1.0,0.5,0.5,3411,0.0,0.0,0.0,wrong,correct,3.0
233,0.03878940718743485,-1.0379271415105389,0.04497634739472601,Robins' estimator,1.0,1.0,0.5,0.5,3411,0.0,0.0,0.0,wrong,correct,3.0
234,-0.16625395316964456,-1.0708111695721931,-0.09456419122366651,Robins' estimator,1.0,1.0,0.5,0.5,3411,0.0,0.0,0.0,wrong,correct,3.0
235,-0.0713320947132854,-1.05425505443048,0.05867018708541109,Robins' estimator,1.0,1.0,0.5,0.5,3411,0.0,0.0,0.0,wrong,correct,3.0
236,-0.21764908724692306,-1.0511795531511852,-0.0034415802576745363,Robins' estimator,1.0,1.0,0.5,0.5,3411,0.0,0.0,0.0,wrong,correct,3.0
237,0.07248434541063328,-1.051252981935879,0.03983495682244962,Robins' estimator,1.0,1.0,0.5,0.5,3411,0.0,0.0,0.0,wrong,correct,3.0
238,0.22539161428215013,-1.038823005812726,0.17363136423779563,Robins' estimator,1.0,1.0,0.5,0.5,3411,0.0,0.0,0.0,wrong,correct,3.0
239,-0.3171865981485813,-1.0746662227676766,-0.1415894125300753,Robins' estimator,1.0,1.0,0.5,0.5,3411,0.0,0.0,0.0,wrong,correct,3.0
240,-0.1151171122330406,-1.039060791104189,0.01917409013050486,Robins' estimator,1.0,1.0,0.5,0.5,3411,0.0,0.0,0.0,wrong,correct,3.0
241,-0.07467245616642663,-1.042969302628615,0.017630348077748947,Robins' estimator,1.0,1.0,0.5,0.5,3411,0.0,0.0,0.0,wrong,correct,3.0
242,-0.026314573925201548,-1.0511770351004925,-0.1228822496232849,Robins' estimator,1.0,1.0,0.5,0.5,3411,0.0,0.0,0.0,wrong,correct,3.0
243,-0.07461380504040628,-1.057175744054914,0.051545197998887855,Robins' estimator,1.0,1.0,0.5,0.5,3411,0.0,0.0,0.0,wrong,correct,3.0
244,-0.018655825516812552,-1.048816330577648,0.006332671489347664,Robins' estimator,1.0,1.0,0.5,0.5,3411,0.0,0.0,0.0,wrong,correct,3.0
245,0.1332648763538563,-1.0397281344831635,0.050707645051693694,Robins' estimator,1.0,1.0,0.5,0.5,3411,0.0,0.0,0.0,wrong,correct,3.0
246,-0.3550908261849979,-1.0504146228554543,0.009949337933869236,Robins' estimator,1.0,1.0,0.5,0.5,3411,0.0,0.0,0.0,wrong,correct,3.0
247,-0.22790945153550698,-1.0754983657904105,-0.1103043937400075,Robins' estimator,1.0,1.0,0.5,0.5,3411,0.0,0.0,0.0,wrong,correct,3.0
248,0.2243915675885128,-1.059358859213528,0.046890849052943426,Robins' estimator,1.0,1.0,0.5,0.5,3411,0.0,0.0,0.0,wrong,correct,3.0
249,0.2651621180680189,-1.0271717322345677,0.13550036879708294,Robins' estimator,1.0,1.0,0.5,0.5,3411,0.0,0.0,0.0,wrong,correct,3.0
250,-0.05792453316867206,-1.0501999425061002,-0.06174538469407529,Robins' estimator,1.0,1.0,0.5,0.5,3411,0.0,0.0,0.0,wrong,correct,3.0
251,-0.20909204447503366,-1.0670027568067373,-0.1192900348799972,Robins' estimator,1.0,1.0,0.5,0.5,3411,0.0,0.0,0.0,wrong,correct,3.0
252,0.1531274048088435,-1.0439821062580388,0.10728091980559079,Robins' estimator,1.0,1.0,0.5,0.5,3411,0.0,0.0,0.0,wrong,correct,3.0
253,0.045532417324225485,-1.0272027817871339,0.14564479351322088,Robins' estimator,1.0,1.0,0.5,0.5,3411,0.0,0.0,0.0,wrong,correct,3.0
254,0.10799995452339807,-1.0468025395136173,-0.0117985559350836,Robins' estimator,1.0,1.0,0.5,0.5,3411,0.0,0.0,0.0,wrong,correct,3.0
255,-0.022779494460984817,-1.0603256497532196,0.09991879295312393,Robins' estimator,1.0,1.0,0.5,0.5,3411,0.0,0.0,0.0,wrong,correct,3.0
256,-0.22757698280416205,-1.065779868496637,-0.2235106454166519,Robins' estimator,1.0,1.0,0.5,0.5,3411,0.0,0.0,0.0,wrong,correct,3.0
257,-0.018901883156705726,-1.0511463579401787,-0.061160363951459934,Robins' estimator,1.0,1.0,0.5,0.5,3411,0.0,0.0,0.0,wrong,correct,3.0
258,-0.3061709827404557,-1.0606589522699754,-0.13262145025508282,Robins' estimator,1.0,1.0,0.5,0.5,3411,0.0,0.0,0.0,wrong,correct,3.0
259,-0.14356318032891574,-1.0529585243407575,0.0050234223962953685,Robins' estimator,1.0,1.0,0.5,0.5,3411,0.0,0.0,0.0,wrong,correct,3.0
260,-0.13517354216946867,-1.0645004680566925,-0.08074512873878562,Robins' estimator,1.0,1.0,0.5,0.5,3411,0.0,0.0,0.0,wrong,correct,3.0
261,0.12923035419237267,-1.051197836380343,0.0035057158480785093,Robins' estimator,1.0,1.0,0.5,0.5,3411,0.0,0.0,0.0,wrong,correct,3.0
262,-0.10448434323394026,-1.0514030675562482,-0.003346399657335535,Robins' estimator,1.0,1.0,0.5,0.5,3411,0.0,0.0,0.0,wrong,correct,3.0
263,-0.14933845878763807,-1.051313403833281,-0.008174342603763348,Robins' estimator,1.0,1.0,0.5,0.5,3411,0.0,0.0,0.0,wrong,correct,3.0
264,0.1559981045487145,-1.037930604763651,-0.020271222992400393,Robins' estimator,1.0,1.0,0.5,0.5,3411,0.0,0.0,0.0,wrong,correct,3.0
265,-0.08541527359170392,-1.058864961514156,0.0010309360357114565,Robins' estimator,1.0,1.0,0.5,0.5,3411,0.0,0.0,0.0,wrong,correct,3.0
266,-0.1428340637387979,-1.0752223755750834,-0.3098237229723362,Robins' estimator,1.0,1.0,0.5,0.5,3411,0.0,0.0,0.0,wrong,correct,3.0
267,0.01032079715237881,-1.0346695965194346,0.07936514711647505,Robins' estimator,1.0,1.0,0.5,0.5,3411,0.0,0.0,0.0,wrong,correct,3.0
268,-0.3456889739445158,-1.0616896606695325,-0.044183987424118,Robins' estimator,1.0,1.0,0.5,0.5,3411,0.0,0.0,0.0,wrong,correct,3.0
269,-0.005741787427715952,-1.0449111000261342,0.11667586016753625,Robins' estimator,1.0,1.0,0.5,0.5,3411,0.0,0.0,0.0,wrong,correct,3.0
270,-0.23331953615256557,-1.0736011440771671,-0.06714855259141135,Robins' estimator,1.0,1.0,0.5,0.5,3411,0.0,0.0,0.0,wrong,correct,3.0
271,-0.08068923894570068,-1.054656797756572,0.06484681076576403,Robins' estimator,1.0,1.0,0.5,0.5,3411,0.0,0.0,0.0,wrong,correct,3.0
272,-0.1764089526792711,-1.0611930179889884,-0.05735112830730315,Robins' estimator,1.0,1.0,0.5,0.5,3411,0.0,0.0,0.0,wrong,correct,3.0
273,-0.11788531239745316,-1.0623850236159218,-0.04983147580688454,Robins' estimator,1.0,1.0,0.5,0.5,3411,0.0,0.0,0.0,wrong,correct,3.0
274,-0.1807065303012789,-1.0673552889781708,-0.11316407335913532,Robins' estimator,1.0,1.0,0.5,0.5,3411,0.0,0.0,0.0,wrong,correct,3.0
275,-0.0684079992258029,-1.0514389238401554,-0.09509434039943224,Robins' estimator,1.0,1.0,0.5,0.5,3411,0.0,0.0,0.0,wrong,correct,3.0
276,-0.0075397574062858914,-1.0506148872006706,-0.014516122997307009,Robins' estimator,1.0,1.0,0.5,0.5,3411,0.0,0.0,0.0,wrong,correct,3.0
277,0.11514642880426505,-1.0486630458563315,-0.05574068842184618,Robins' estimator,1.0,1.0,0.5,0.5,3411,0.0,0.0,0.0,wrong,correct,3.0
278,0.11066505353005544,-1.0341023823899174,-0.03737567827299447,Robins' estimator,1.0,1.0,0.5,0.5,3411,0.0,0.0,0.0,wrong,correct,3.0
279,-0.05420019118812157,-1.061832733991104,-0.04674927668955468,Robins' estimator,1.0,1.0,0.5,0.5,3411,0.0,0.0,0.0,wrong,correct,3.0
280,0.05620377744720721,-1.0357964322211684,-0.028212492539679473,Robins' estimator,1.0,1.0,0.5,0.5,3411,0.0,0.0,0.0,wrong,correct,3.0
281,0.3874701951002047,-1.0182163665286816,0.15472697462513021,Robins' estimator,1.0,1.0,0.5,0.5,3411,0.0,0.0,0.0,wrong,correct,3.0
282,0.01578301269454225,-1.0527819952028195,-0.020198859011645327,Robins' estimator,1.0,1.0,0.5,0.5,3411,0.0,0.0,0.0,wrong,correct,3.0
283,0.07568556771687669,-1.0425379572687035,-0.05888389932615531,Robins' estimator,1.0,1.0,0.5,0.5,3411,0.0,0.0,0.0,wrong,correct,3.0
284,-0.018665583523035302,-1.0441822986216536,0.020802375921981572,Robins' estimator,1.0,1.0,0.5,0.5,3411,0.0,0.0,0.0,wrong,correct,3.0
285,0.020129149364563875,-1.0615506558216503,-0.14263347083140498,Robins' estimator,1.0,1.0,0.5,0.5,3411,0.0,0.0,0.0,wrong,correct,3.0
286,0.15530794033423778,-1.0408873723368879,0.09393254392015861,Robins' estimator,1.0,1.0,0.5,0.5,3411,0.0,0.0,0.0,wrong,correct,3.0
287,0.10977945991155258,-1.0323418596569987,-0.005200959597645546,Robins' estimator,1.0,1.0,0.5,0.5,3411,0.0,0.0,0.0,wrong,correct,3.0
288,-0.39855408838625184,-1.064802309387904,-0.08860060714049768,Robins' estimator,1.0,1.0,0.5,0.5,3411,0.0,0.0,0.0,wrong,correct,3.0
289,-0.260848904137385,-1.0460041447422146,0.10138227460451148,Robins' estimator,1.0,1.0,0.5,0.5,3411,0.0,0.0,0.0,wrong,correct,3.0
290,-0.20866162161290044,-1.0638146108982938,-0.09929478873325022,Robins' estimator,1.0,1.0,0.5,0.5,3411,0.0,0.0,0.0,wrong,correct,3.0
291,0.14327170826835742,-1.0406770238594445,0.09823145545582342,Robins' estimator,1.0,1.0,0.5,0.5,3411,0.0,0.0,0.0,wrong,correct,3.0
292,0.3291573155342667,-1.0202631144878187,0.25805322802515357,Robins' estimator,1.0,1.0,0.5,0.5,3411,0.0,0.0,0.0,wrong,correct,3.0
293,-0.09388343873342705,-1.0623092385668649,-0.09505544364317331,Robins' estimator,1.0,1.0,0.5,0.5,3411,0.0,0.0,0.0,wrong,correct,3.0
294,0.06413196254889783,-1.055751835346315,0.05155425596884298,Robins' estimator,1.0,1.0,0.5,0.5,3411,0.0,0.0,0.0,wrong,correct,3.0
295,0.09672142520995003,-1.0431552929991184,0.1073243476418114,Robins' estimator,1.0,1.0,0.5,0.5,3411,0.0,0.0,0.0,wrong,correct,3.0
296,-0.026987737910189217,-1.028219252400718,-0.010714451047535701,Robins' estimator,1.0,1.0,0.5,0.5,3411,0.0,0.0,0.0,wrong,correct,3.0
297,-0.010138046431874258,-1.0630493994334014,-0.08318152665827969,Robins' estimator,1.0,1.0,0.5,0.5,3411,0.0,0.0,0.0,wrong,correct,3.0
298,0.230316860452831,-1.0191829696151449,0.24243899543939296,Robins' estimator,1.0,1.0,0.5,0.5,3411,0.0,0.0,0.0,wrong,correct,3.0
299,0.012762233629478327,-1.039172694148172,0.0197411099588984,Robins' estimator,1.0,1.0,0.5,0.5,3411,0.0,0.0,0.0,wrong,correct,3.0
300,0.09621632616725201,-1.0701474704376008,-0.011879084369835495,Robins' estimator,1.0,1.0,0.5,0.5,3411,0.0,0.0,0.0,wrong,correct,3.0
1,-0.10133036239847014,-1.0547714822252012,0.0708947779833648,GMM estimator,1.0,1.0,0.5,0.5,3411,0.0,0.0,0.0,wrong,correct,3.0
2,0.02214047274459217,-1.0475320050273753,0.14194436592892026,GMM estimator,1.0,1.0,0.5,0.5,3411,0.0,0.0,0.0,wrong,correct,3.0
3,-0.19918845487731318,-1.040715404319161,0.007495859098171664,GMM estimator,1.0,1.0,0.5,0.5,3411,0.0,0.0,0.0,wrong,correct,3.0
4,0.09800075672635646,-1.043888061558705,-0.09387322336548727,GMM estimator,1.0,1.0,0.5,0.5,3411,0.0,0.0,0.0,wrong,correct,3.0
5,-0.30356584481090143,-1.0633965190321935,-0.05718940442738157,GMM estimator,1.0,1.0,0.5,0.5,3411,0.0,0.0,0.0,wrong,correct,3.0
6,0.12404849840598423,-1.04054809823054,0.03644133869138737,GMM estimator,1.0,1.0,0.5,0.5,3411,0.0,0.0,0.0,wrong,correct,3.0
7,0.2579452872589859,-1.0294150286608095,0.13977516934646395,GMM estimator,1.0,1.0,0.5,0.5,3411,0.0,0.0,0.0,wrong,correct,3.0
8,-0.4217254814315634,-1.0568424963956364,-0.008117016141084392,GMM estimator,1.0,1.0,0.5,0.5,3411,0.0,0.0,0.0,wrong,correct,3.0
9,-0.09082904486567636,-1.0508072877245074,0.12009872086610662,GMM estimator,1.0,1.0,0.5,0.5,3411,0.0,0.0,0.0,wrong,correct,3.0
10,-0.16391853127794023,-1.0712613771471662,-0.2085495909589187,GMM estimator,1.0,1.0,0.5,0.5,3411,0.0,0.0,0.0,wrong,correct,3.0
11,0.07480939699988391,-1.0368793434613601,0.006138214102895001,GMM estimator,1.0,1.0,0.5,0.5,3411,0.0,0.0,0.0,wrong,correct,3.0
12,-0.0705350972475798,-1.0633386544957948,-0.023050911155974317,GMM estimator,1.0,1.0,0.5,0.5,3411,0.0,0.0,0.0,wrong,correct,3.0
13,0.14497594439217246,-1.046930583817734,-0.030346536636364663,GMM estimator,1.0,1.0,0.5,0.5,3411,0.0,0.0,0.0,wrong,correct,3.0
14,-0.33668116504520135,-1.0618143645051115,-0.06490047935593508,GMM estimator,1.0,1.0,0.5,0.5,3411,0.0,0.0,0.0,wrong,correct,3.0
15,-0.3343819139089307,-1.071381124253337,-0.13173648104527932,GMM estimator,1.0,1.0,0.5,0.5,3411,0.0,0.0,0.0,wrong,correct,3.0
16,-0.3367172747531402,-1.0769750615466152,-0.28665103307455075,GMM estimator,1.0,1.0,0.5,0.5,3411,0.0,0.0,0.0,wrong,correct,3.0
17,0.3726101292022954,-1.0224341309973919,0.14388792963876934,GMM estimator,1.0,1.0,0.5,0.5,3411,0.0,0.0,0.0,wrong,correct,3.0
18,0.06324327977426464,-1.0383076259920763,0.13896613741419545,GMM estimator,1.0,1.0,0.5,0.5,3411,0.0,0.0,0.0,wrong,correct,3.0
19,0.057515062790425855,-1.033352706004869,0.12779304397803815,GMM estimator,1.0,1.0,0.5,0.5,3411,0.0,0.0,0.0,wrong,correct,3.0
20,-0.18912828029890646,-1.0329736712196191,0.1432346378335016,GMM estimator,1.0,1.0,0.5,0.5,3411,0.0,0.0,0.0,wrong,correct,3.0
21,0.15729313552927937,-1.0323091857577391,0.055067857095003364,GMM estimator,1.0,1.0,0.5,0.5,3411,0.0,0.0,0.0,wrong,correct,3.0
22,-0.21530130867535416,-1.0508430912081308,0.06069345632364449,GMM estimator,1.0,1.0,0.5,0.5,3411,0.0,0.0,0.0,wrong,correct,3.0
23,-0.08796403619349911,-1.0634104203083539,0.0038746866884539367,GMM estimator,1.0,1.0,0.5,0.5,3411,0.0,0.0,0.0,wrong,correct,3.0
24,0.11331458732684557,-1.0342723472091286,0.06882987528518646,GMM estimator,1.0,1.0,0.5,0.5,3411,0.0,0.0,0.0,wrong,correct,3.0
25,0.0016200125093442411,-1.0365794513586624,0.1008172509947933,GMM estimator,1.0,1.0,0.5,0.5,3411,0.0,0.0,0.0,wrong,correct,3.0
26,0.031090289302209202,-1.0333436229138349,0.09536969434325264,GMM estimator,1.0,1.0,0.5,0.5,3411,0.0,0.0,0.0,wrong,correct,3.0
27,-0.03596054550314833,-1.0346425803538855,0.060897162983069686,GMM estimator,1.0,1.0,0.5,0.5,3411,0.0,0.0,0.0,wrong,correct,3.0
28,-0.3405183042209796,-1.079418492294352,-0.10211826212440762,GMM estimator,1.0,1.0,0.5,0.5,3411,0.0,0.0,0.0,wrong,correct,3.0
29,-0.11703752882584778,-1.057094677605703,0.002643101682859758,GMM estimator,1.0,1.0,0.5,0.5,3411,0.0,0.0,0.0,wrong,correct,3.0
30,-0.044975647725869636,-1.0385172309859996,-0.04119345221681979,GMM estimator,1.0,1.0,0.5,0.5,3411,0.0,0.0,0.0,wrong,correct,3.0
31,0.2597948977303072,-1.0375690429121145,0.06748175947746284,GMM estimator,1.0,1.0,0.5,0.5,3411,0.0,0.0,0.0,wrong,correct,3.0
32,-0.15097709783270966,-1.069979612653326,-0.06251343298117276,GMM estimator,1.0,1.0,0.5,0.5,3411,0.0,0.0,0.0,wrong,correct,3.0
33,-0.09229092884077708,-1.0476329441989352,-0.008953023789409723,GMM estimator,1.0,1.0,0.5,0.5,3411,0.0,0.0,0.0,wrong,correct,3.0
34,-0.013506481305919743,-1.0558760841662391,-0.010048106749141335,GMM estimator,1.0,1.0,0.5,0.5,3411,0.0,0.0,0.0,wrong,correct,3.0
35,0.0261542658175653,-1.047424648464327,0.034334187712954406,GMM estimator,1.0,1.0,0.5,0.5,3411,0.0,0.0,0.0,wrong,correct,3.0
36,0.10710842660914162,-1.031502081403242,0.024444225932771502,GMM estimator,1.0,1.0,0.5,0.5,3411,0.0,0.0,0.0,wrong,correct,3.0
37,-0.25330120841580117,-1.0688856430216065,-0.18789022972647657,GMM estimator,1.0,1.0,0.5,0.5,3411,0.0,0.0,0.0,wrong,correct,3.0
38,-0.08448856889302007,-1.0582547799940607,-0.007312235582580445,GMM estimator,1.0,1.0,0.5,0.5,3411,0.0,0.0,0.0,wrong,correct,3.0
39,-0.164293552691071,-1.0580392934141174,-0.08131769209003964,GMM estimator,1.0,1.0,0.5,0.5,3411,0.0,0.0,0.0,wrong,correct,3.0
40,0.1688019521116714,-1.037067456728438,0.024160455368498746,GMM estimator,1.0,1.0,0.5,0.5,3411,0.0,0.0,0.0,wrong,correct,3.0
41,0.1744894940345428,-1.037960637318638,0.12980676148846268,GMM estimator,1.0,1.0,0.5,0.5,3411,0.0,0.0,0.0,wrong,correct,3.0
42,0.2657683136235156,-1.0390607214491483,0.045331757667925014,GMM estimator,1.0,1.0,0.5,0.5,3411,0.0,0.0,0.0,wrong,correct,3.0
43,-0.024308354822311747,-1.050149937015708,0.008288690119321538,GMM estimator,1.0,1.0,0.5,0.5,3411,0.0,0.0,0.0,wrong,correct,3.0
44,0.12153267332900203,-1.054123913826838,0.08204644023596398,GMM estimator,1.0,1.0,0.5,0.5,3411,0.0,0.0,0.0,wrong,correct,3.0
45,-0.07447794349224333,-1.0639540130126015,-0.06282786422234724,GMM estimator,1.0,1.0,0.5,0.5,3411,0.0,0.0,0.0,wrong,correct,3.0
46,-0.030818310761239965,-1.0460502719040465,0.047332638236160504,GMM estimator,1.0,1.0,0.5,0.5,3411,0.0,0.0,0.0,wrong,correct,3.0
47,0.20490351776080165,-1.0262258162333702,0.14611401090429108,GMM estimator,1.0,1.0,0.5,0.5,3411,0.0,0.0,0.0,wrong,correct,3.0
48,-0.014681728972256084,-1.0476512389596628,-0.07788949138727373,GMM estimator,1.0,1.0,0.5,0.5,3411,0.0,0.0,0.0,wrong,correct,3.0
49,-0.16796532190268224,-1.0401597145705852,0.191393116427342,GMM estimator,1.0,1.0,0.5,0.5,3411,0.0,0.0,0.0,wrong,correct,3.0
50,-0.14853225658512856,-1.0428566241129043,-0.12390327034018331,GMM estimator,1.0,1.0,0.5,0.5,3411,0.0,0.0,0.0,wrong,correct,3.0
51,0.06759483460194526,-1.045330057106545,-0.10318740791209924,GMM estimator,1.0,1.0,0.5,0.5,3411,0.0,0.0,0.0,wrong,correct,3.0
52,-0.16507873143876944,-1.048544273900592,0.0320396720128983,GMM estimator,1.0,1.0,0.5,0.5,3411,0.0,0.0,0.0,wrong,correct,3.0
53,0.05845454837458175,-1.0512812413191268,0.10976093417657701,GMM estimator,1.0,1.0,0.5,0.5,3411,0.0,0.0,0.0,wrong,correct,3.0
54,-0.09305153202234182,-1.0593069453846278,0.07925612678186957,GMM estimator,1.0,1.0,0.5,0.5,3411,0.0,0.0,0.0,wrong,correct,3.0
55,-0.11442201615664059,-1.054248760422374,-0.006512008573462502,GMM estimator,1.0,1.0,0.5,0.5,3411,0.0,0.0,0.0,wrong,correct,3.0
56,-0.05312087021158914,-1.0401962003619545,-0.10742007117519435,GMM estimator,1.0,1.0,0.5,0.5,3411,0.0,0.0,0.0,wrong,correct,3.0
57,-0.3185091662513568,-1.068061959663102,-0.0778791907966343,GMM estimator,1.0,1.0,0.5,0.5,3411,0.0,0.0,0.0,wrong,correct,3.0
58,-0.15266706540120276,-1.0666810120722539,-0.21264325500762724,GMM estimator,1.0,1.0,0.5,0.5,3411,0.0,0.0,0.0,wrong,correct,3.0
59,0.36763599955782245,-1.01623170935809,0.11775494775307753,GMM estimator,1.0,1.0,0.5,0.5,3411,0.0,0.0,0.0,wrong,correct,3.0
60,-0.03810223809697621,-1.0470260996526712,0.04419069918393543,GMM estimator,1.0,1.0,0.5,0.5,3411,0.0,0.0,0.0,wrong,correct,3.0
61,-0.05093890859810593,-1.0504727532899205,0.05926354538088991,GMM estimator,1.0,1.0,0.5,0.5,3411,0.0,0.0,0.0,wrong,correct,3.0
62,-0.2545966140346846,-1.0457942652532994,0.12875898879376568,GMM estimator,1.0,1.0,0.5,0.5,3411,0.0,0.0,0.0,wrong,correct,3.0
63,-0.2671063921889104,-1.0539552964821417,-0.07678846188764755,GMM estimator,1.0,1.0,0.5,0.5,3411,0.0,0.0,0.0,wrong,correct,3.0
64,-0.15333975654453544,-1.0547981811836982,-0.02825629644182494,GMM estimator,1.0,1.0,0.5,0.5,3411,0.0,0.0,0.0,wrong,correct,3.0
65,-0.20542573799353617,-1.0535186656615583,0.1468768983674427,GMM estimator,1.0,1.0,0.5,0.5,3411,0.0,0.0,0.0,wrong,correct,3.0
66,0.05829225919330449,-1.0381301346486083,0.035100820055984916,GMM estimator,1.0,1.0,0.5,0.5,3411,0.0,0.0,0.0,wrong,correct,3.0
67,0.09653107401199101,-1.0458908010854016,0.08736789469624225,GMM estimator,1.0,1.0,0.5,0.5,3411,0.0,0.0,0.0,wrong,correct,3.0
68,-0.032813632425645896,-1.0397233357496858,0.0943542166425352,GMM estimator,1.0,1.0,0.5,0.5,3411,0.0,0.0,0.0,wrong,correct,3.0
69,-0.1416778877997848,-1.0570431532710691,-0.03498464393778151,GMM estimator,1.0,1.0,0.5,0.5,3411,0.0,0.0,0.0,wrong,correct,3.0
70,-0.09524313623996625,-1.061780232550934,-0.14445631626036826,GMM estimator,1.0,1.0,0.5,0.5,3411,0.0,0.0,0.0,wrong,correct,3.0
71,-0.22024130106211354,-1.045238126871802,0.172725348718604,GMM estimator,1.0,1.0,0.5,0.5,3411,0.0,0.0,0.0,wrong,correct,3.0
72,0.008490959454237279,-1.0462628404741987,-0.12142245859620897,GMM estimator,1.0,1.0,0.5,0.5,3411,0.0,0.0,0.0,wrong,correct,3.0
73,-0.008644943193958725,-1.0483663489357504,0.06175594813947824,GMM estimator,1.0,1.0,0.5,0.5,3411,0.0,0.0,0.0,wrong,correct,3.0
74,-0.37109578823118405,-1.07467842910999,-0.23859060346589356,GMM estimator,1.0,1.0,0.5,0.5,3411,0.0,0.0,0.0,wrong,correct,3.0
75,-0.03860312222925738,-1.0481109370900388,0.0737697950255984,GMM estimator,1.0,1.0,0.5,0.5,3411,0.0,0.0,0.0,wrong,correct,3.0
76,-0.0009239157851666975,-1.0505761761506263,-0.049040899596450985,GMM estimator,1.0,1.0,0.5,0.5,3411,0.0,0.0,0.0,wrong,correct,3.0
77,-0.32927795636905405,-1.0674824206405231,-0.25706219356702414,GMM estimator,1.0,1.0,0.5,0.5,3411,0.0,0.0,0.0,wrong,correct,3.0
78,-0.43853965846922816,-1.0759071567060845,-0.2500763864192154,GMM estimator,1.0,1.0,0.5,0.5,3411,0.0,0.0,0.0,wrong,correct,3.0
79,0.10001346581954512,-1.0498850395653476,-0.00412464703660017,GMM estimator,1.0,1.0,0.5,0.5,3411,0.0,0.0,0.0,wrong,correct,3.0
80,0.07780824743205801,-1.05638238027221,-0.06266541810387746,GMM estimator,1.0,1.0,0.5,0.5,3411,0.0,0.0,0.0,wrong,correct,3.0
81,-0.32166082178744354,-1.058210310251578,-0.14649747222186213,GMM estimator,1.0,1.0,0.5,0.5,3411,0.0,0.0,0.0,wrong,correct,3.0
82,0.017751411565082992,-1.0391944216022657,0.09415510170149036,GMM estimator,1.0,1.0,0.5,0.5,3411,0.0,0.0,0.0,wrong,correct,3.0
83,13.86822123994951,-0.7351049651292472,1.306104867686151,GMM estimator,1.0,1.0,0.5,0.5,3411,0.0,0.0,0.0,wrong,correct,3.0
84,-0.07091260576961592,-1.051642914228903,-0.06612313404788303,GMM estimator,1.0,1.0,0.5,0.5,3411,0.0,0.0,0.0,wrong,correct,3.0
85,-0.32331716330655147,-1.0701924165209566,-0.269896703861979,GMM estimator,1.0,1.0,0.5,0.5,3411,0.0,0.0,0.0,wrong,correct,3.0
86,-0.1960526195978462,-1.0560622716890193,-0.018072323446820665,GMM estimator,1.0,1.0,0.5,0.5,3411,0.0,0.0,0.0,wrong,correct,3.0
87,-0.05563156400782716,-1.0597519766943473,-0.16597698895746293,GMM estimator,1.0,1.0,0.5,0.5,3411,0.0,0.0,0.0,wrong,correct,3.0
88,0.24365961372683614,-1.0349703292949264,0.012613536582694143,GMM estimator,1.0,1.0,0.5,0.5,3411,0.0,0.0,0.0,wrong,correct,3.0
89,0.04754002642491591,-1.0416673761397945,-0.017582245727813535,GMM estimator,1.0,1.0,0.5,0.5,3411,0.0,0.0,0.0,wrong,correct,3.0
90,0.055517727453457455,-1.0559579484394317,-0.06888996491780583,GMM estimator,1.0,1.0,0.5,0.5,3411,0.0,0.0,0.0,wrong,correct,3.0
91,-0.05155455857461061,-1.0516681477459127,0.014193354555473601,GMM estimator,1.0,1.0,0.5,0.5,3411,0.0,0.0,0.0,wrong,correct,3.0
92,-0.6008585203560369,-1.0763262365114266,-0.21532976280432117,GMM estimator,1.0,1.0,0.5,0.5,3411,0.0,0.0,0.0,wrong,correct,3.0
93,0.20565473026333875,-1.0382534122879794,0.05673091746388127,GMM estimator,1.0,1.0,0.5,0.5,3411,0.0,0.0,0.0,wrong,correct,3.0
94,-0.24075764782195064,-1.0549415113074112,-0.0022955963792604486,GMM estimator,1.0,1.0,0.5,0.5,3411,0.0,0.0,0.0,wrong,correct,3.0
95,0.09895954806924788,-1.0421698804147004,0.022776192649647923,GMM estimator,1.0,1.0,0.5,0.5,3411,0.0,0.0,0.0,wrong,correct,3.0
96,-0.2158732454648293,-1.071599230314983,-0.13602606439776388,GMM estimator,1.0,1.0,0.5,0.5,3411,0.0,0.0,0.0,wrong,correct,3.0
97,-0.09188407200466144,-1.0485414733363925,0.00025866806769560816,GMM estimator,1.0,1.0,0.5,0.5,3411,0.0,0.0,0.0,wrong,correct,3.0
98,0.22003821344712773,-1.0337108769504773,0.12084656113142203,GMM estimator,1.0,1.0,0.5,0.5,3411,0.0,0.0,0.0,wrong,correct,3.0
99,-0.24131438955018017,-1.0512432720881428,-0.04167830386306636,GMM estimator,1.0,1.0,0.5,0.5,3411,0.0,0.0,0.0,wrong,correct,3.0
100,-0.07428492506980652,-1.0580687014200831,-0.17813642059031196,GMM estimator,1.0,1.0,0.5,0.5,3411,0.0,0.0,0.0,wrong,correct,3.0
101,0.07212195068789784,-1.0583579287872587,0.07440072263858923,GMM estimator,1.0,1.0,0.5,0.5,3411,0.0,0.0,0.0,wrong,correct,3.0
102,-0.13666117301503228,-1.0640515110542386,-0.20964099561145746,GMM estimator,1.0,1.0,0.5,0.5,3411,0.0,0.0,0.0,wrong,correct,3.0
103,0.09669490988526876,-1.0510538854945464,0.08460800156899383,GMM estimator,1.0,1.0,0.5,0.5,3411,0.0,0.0,0.0,wrong,correct,3.0
104,-0.31923730022559627,-1.0545054986848628,0.06458395347194221,GMM estimator,1.0,1.0,0.5,0.5,3411,0.0,0.0,0.0,wrong,correct,3.0
105,-0.312855067047338,-1.0682255119524768,-0.14320229473836102,GMM estimator,1.0,1.0,0.5,0.5,3411,0.0,0.0,0.0,wrong,correct,3.0
106,-0.3538461327351353,-1.0800839210262578,-0.20400495019716258,GMM estimator,1.0,1.0,0.5,0.5,3411,0.0,0.0,0.0,wrong,correct,3.0
107,-0.298173268797962,-1.0726953207833294,-0.010970149176679706,GMM estimator,1.0,1.0,0.5,0.5,3411,0.0,0.0,0.0,wrong,correct,3.0
108,-0.015017946523202869,-1.0319658796499092,-0.02889046165381649,GMM estimator,1.0,1.0,0.5,0.5,3411,0.0,0.0,0.0,wrong,correct,3.0
109,-0.05788985030468908,-1.0531063465893422,-0.02921857472377864,GMM estimator,1.0,1.0,0.5,0.5,3411,0.0,0.0,0.0,wrong,correct,3.0
110,0.1934998494345564,-1.0269544824443242,0.12793122537572185,GMM estimator,1.0,1.0,0.5,0.5,3411,0.0,0.0,0.0,wrong,correct,3.0
111,-0.02841824334983749,-1.0449607219718204,0.006845949706296002,GMM estimator,1.0,1.0,0.5,0.5,3411,0.0,0.0,0.0,wrong,correct,3.0
112,-0.05611886633555475,-1.053231104837439,-0.015306433082844061,GMM estimator,1.0,1.0,0.5,0.5,3411,0.0,0.0,0.0,wrong,correct,3.0
113,-0.3137151772039335,-1.052107356079658,-0.007656682446351796,GMM estimator,1.0,1.0,0.5,0.5,3411,0.0,0.0,0.0,wrong,correct,3.0
114,0.40061286622065523,-1.0380257696208721,-0.018906380153619857,GMM estimator,1.0,1.0,0.5,0.5,3411,0.0,0.0,0.0,wrong,correct,3.0
115,-0.05157232662749748,-1.0478289322762888,0.06871096197876755,GMM estimator,1.0,1.0,0.5,0.5,3411,0.0,0.0,0.0,wrong,correct,3.0
116,0.03440276727114685,-1.034562585468846,0.04992799075050004,GMM estimator,1.0,1.0,0.5,0.5,3411,0.0,0.0,0.0,wrong,correct,3.0
117,-0.5343261226018752,-1.0835336429575295,-0.2655551899885101,GMM estimator,1.0,1.0,0.5,0.5,3411,0.0,0.0,0.0,wrong,correct,3.0
118,-0.15435250600441766,-1.0597631465680866,-0.03151007565327853,GMM estimator,1.0,1.0,0.5,0.5,3411,0.0,0.0,0.0,wrong,correct,3.0
119,0.14036750111892102,-1.0501972260054635,-0.04054530161361979,GMM estimator,1.0,1.0,0.5,0.5,3411,0.0,0.0,0.0,wrong,correct,3.0
120,-0.10100885771266603,-1.049152960713488,-0.005437589008212131,GMM estimator,1.0,1.0,0.5,0.5,3411,0.0,0.0,0.0,wrong,correct,3.0
121,-0.2195266556509561,-1.0585686907743268,-0.020272998222175573,GMM estimator,1.0,1.0,0.5,0.5,3411,0.0,0.0,0.0,wrong,correct,3.0
122,-0.004982110478084442,-1.041177241160158,0.042551703796220086,GMM estimator,1.0,1.0,0.5,0.5,3411,0.0,0.0,0.0,wrong,correct,3.0
123,0.10468638147523965,-1.043957469443013,0.12326544001846061,GMM estimator,1.0,1.0,0.5,0.5,3411,0.0,0.0,0.0,wrong,correct,3.0
124,-0.24579153290189068,-1.0685583121490416,-0.09456289927387684,GMM estimator,1.0,1.0,0.5,0.5,3411,0.0,0.0,0.0,wrong,correct,3.0
125,-0.17214331075897296,-1.0523786436295632,0.04929106683186832,GMM estimator,1.0,1.0,0.5,0.5,3411,0.0,0.0,0.0,wrong,correct,3.0
126,-0.10415871240000588,-1.0472031290640635,0.02955184192822193,GMM estimator,1.0,1.0,0.5,0.5,3411,0.0,0.0,0.0,wrong,correct,3.0
127,-0.008422051774462709,-1.0591359440440944,0.025371531311292734,GMM estimator,1.0,1.0,0.5,0.5,3411,0.0,0.0,0.0,wrong,correct,3.0
128,-0.10717827332951799,-1.0412526967365452,0.030398105828908468,GMM estimator,1.0,1.0,0.5,0.5,3411,0.0,0.0,0.0,wrong,correct,3.0
129,0.007082077690155891,-1.053612395376219,0.02010579922202363,GMM estimator,1.0,1.0,0.5,0.5,3411,0.0,0.0,0.0,wrong,correct,3.0
130,-0.14373364799800264,-1.0637236025432004,-0.03669240261530196,GMM estimator,1.0,1.0,0.5,0.5,3411,0.0,0.0,0.0,wrong,correct,3.0
131,-0.11984425171023662,-1.0533229197421285,-0.0713198006321273,GMM estimator,1.0,1.0,0.5,0.5,3411,0.0,0.0,0.0,wrong,correct,3.0
132,-0.31725332161447944,-1.0658193792217476,-0.043088213618107316,GMM estimator,1.0,1.0,0.5,0.5,3411,0.0,0.0,0.0,wrong,correct,3.0
133,-0.030818949692652437,-1.0487590334175303,0.06990918222027467,GMM estimator,1.0,1.0,0.5,0.5,3411,0.0,0.0,0.0,wrong,correct,3.0
134,-0.1531254862907472,-1.056757934107649,-0.024569627382914513,GMM estimator,1.0,1.0,0.5,0.5,3411,0.0,0.0,0.0,wrong,correct,3.0
135,-0.06534780903673637,-1.0631874515602864,-0.12442144095681287,GMM estimator,1.0,1.0,0.5,0.5,3411,0.0,0.0,0.0,wrong,correct,3.0
136,-0.2540001975207367,-1.0540784128047949,-0.04591263753915884,GMM estimator,1.0,1.0,0.5,0.5,3411,0.0,0.0,0.0,wrong,correct,3.0
137,0.11565891682079375,-1.0505181105341956,-0.1093362210990076,GMM estimator,1.0,1.0,0.5,0.5,3411,0.0,0.0,0.0,wrong,correct,3.0
138,0.20908979925899093,-1.040716154718011,-0.059476610516004745,GMM estimator,1.0,1.0,0.5,0.5,3411,0.0,0.0,0.0,wrong,correct,3.0
139,-0.3000871239562716,-1.0688072907543351,-0.15669594039361504,GMM estimator,1.0,1.0,0.5,0.5,3411,0.0,0.0,0.0,wrong,correct,3.0
140,0.2412498913205614,-1.0274103610522678,0.07634688907007692,GMM estimator,1.0,1.0,0.5,0.5,3411,0.0,0.0,0.0,wrong,correct,3.0
141,0.035948535700282475,-1.0303857407342538,0.15716399907192358,GMM estimator,1.0,1.0,0.5,0.5,3411,0.0,0.0,0.0,wrong,correct,3.0
142,-0.1358889170238995,-1.065185816375251,-0.02337412435046297,GMM estimator,1.0,1.0,0.5,0.5,3411,0.0,0.0,0.0,wrong,correct,3.0
143,0.3087757619797404,-1.021527994244029,0.19409507271675008,GMM estimator,1.0,1.0,0.5,0.5,3411,0.0,0.0,0.0,wrong,correct,3.0
144,0.021730784091819298,-1.0524576188684174,-0.030277953755002557,GMM estimator,1.0,1.0,0.5,0.5,3411,0.0,0.0,0.0,wrong,correct,3.0
145,0.10733943011864942,-1.0308651039011885,0.26364865696396944,GMM estimator,1.0,1.0,0.5,0.5,3411,0.0,0.0,0.0,wrong,correct,3.0
146,-0.1601216171282383,-1.0504136107707853,-0.0541602921186779,GMM estimator,1.0,1.0,0.5,0.5,3411,0.0,0.0,0.0,wrong,correct,3.0
147,0.041272483671657416,-1.0534986422728654,0.0038411233811037897,GMM estimator,1.0,1.0,0.5,0.5,3411,0.0,0.0,0.0,wrong,correct,3.0
148,0.05559790180578233,-1.0479197325480911,-0.009720074332156948,GMM estimator,1.0,1.0,0.5,0.5,3411,0.0,0.0,0.0,wrong,correct,3.0
149,-0.19812271203683626,-1.0544433729460518,-0.03462112488396784,GMM estimator,1.0,1.0,0.5,0.5,3411,0.0,0.0,0.0,wrong,correct,3.0
150,0.17686655768825169,-1.011904528807331,0.15588695885007503,GMM estimator,1.0,1.0,0.5,0.5,3411,0.0,0.0,0.0,wrong,correct,3.0
151,0.1905346880115183,-1.0515221852623666,-0.03925589927015451,GMM estimator,1.0,1.0,0.5,0.5,3411,0.0,0.0,0.0,wrong,correct,3.0
152,0.09317383366854715,-1.0399118029452792,0.053050522626936374,GMM estimator,1.0,1.0,0.5,0.5,3411,0.0,0.0,0.0,wrong,correct,3.0
153,0.13538046620253524,-1.0521493155868218,-0.01791326258233361,GMM estimator,1.0,1.0,0.5,0.5,3411,0.0,0.0,0.0,wrong,correct,3.0
154,0.08745290273062134,-1.0306569018286833,0.09281859428696534,GMM estimator,1.0,1.0,0.5,0.5,3411,0.0,0.0,0.0,wrong,correct,3.0
155,-0.06450855060666195,-1.0546586523224817,-0.14740475472438244,GMM estimator,1.0,1.0,0.5,0.5,3411,0.0,0.0,0.0,wrong,correct,3.0
156,-0.11080042058917962,-1.0602086394909085,0.10617604337551513,GMM estimator,1.0,1.0,0.5,0.5,3411,0.0,0.0,0.0,wrong,correct,3.0
157,-0.06844574954286825,-1.0522006707747058,0.0693307882433154,GMM estimator,1.0,1.0,0.5,0.5,3411,0.0,0.0,0.0,wrong,correct,3.0
158,0.1281262788475262,-1.0460902883315504,-0.004965055317900038,GMM estimator,1.0,1.0,0.5,0.5,3411,0.0,0.0,0.0,wrong,correct,3.0
159,-0.06933399624799788,-1.0438998795849457,0.08276963867361568,GMM estimator,1.0,1.0,0.5,0.5,3411,0.0,0.0,0.0,wrong,correct,3.0
160,-0.022970260319872524,-1.05429535814226,-0.02970155639794014,GMM estimator,1.0,1.0,0.5,0.5,3411,0.0,0.0,0.0,wrong,correct,3.0
161,0.008033609597851186,-1.0407692528982917,0.0628021014819232,GMM estimator,1.0,1.0,0.5,0.5,3411,0.0,0.0,0.0,wrong,correct,3.0
162,0.10334882029481601,-1.0340138766851654,0.05701078727444936,GMM estimator,1.0,1.0,0.5,0.5,3411,0.0,0.0,0.0,wrong,correct,3.0
163,0.0686530669372232,-1.0444209247761054,-0.025323262886168593,GMM estimator,1.0,1.0,0.5,0.5,3411,0.0,0.0,0.0,wrong,correct,3.0
164,-0.33152601917142477,-1.0698417538246696,-0.19249538830110355,GMM estimator,1.0,1.0,0.5,0.5,3411,0.0,0.0,0.0,wrong,correct,3.0
165,-0.1581125661511244,-1.0630329581578608,-0.060315240041474774,GMM estimator,1.0,1.0,0.5,0.5,3411,0.0,0.0,0.0,wrong,correct,3.0
166,-0.09127686182270098,-1.0539460419672912,0.04882489706717123,GMM estimator,1.0,1.0,0.5,0.5,3411,0.0,0.0,0.0,wrong,correct,3.0
167,-0.21000730703970294,-1.0610756262417158,-0.08062885519893084,GMM estimator,1.0,1.0,0.5,0.5,3411,0.0,0.0,0.0,wrong,correct,3.0
168,-0.12109254926598798,-1.0525165225028836,0.0037606203005696964,GMM estimator,1.0,1.0,0.5,0.5,3411,0.0,0.0,0.0,wrong,correct,3.0
169,-0.16290819620180416,-1.0483692149154853,-0.06399139345833357,GMM estimator,1.0,1.0,0.5,0.5,3411,0.0,0.0,0.0,wrong,correct,3.0
170,0.06963143640004922,-1.0466820938696098,-0.043139944737212374,GMM estimator,1.0,1.0,0.5,0.5,3411,0.0,0.0,0.0,wrong,correct,3.0
171,-0.20291434799776398,-1.072141625283149,-0.0893060520227027,GMM estimator,1.0,1.0,0.5,0.5,3411,0.0,0.0,0.0,wrong,correct,3.0
172,-0.23418910762225603,-1.0608351596221621,-0.10887629182806488,GMM estimator,1.0,1.0,0.5,0.5,3411,0.0,0.0,0.0,wrong,correct,3.0
173,-0.13329367697387623,-1.0727796951922,-0.07915271275856053,GMM estimator,1.0,1.0,0.5,0.5,3411,0.0,0.0,0.0,wrong,correct,3.0
174,-0.11448694383783264,-1.0503497889921973,0.03203486101793348,GMM estimator,1.0,1.0,0.5,0.5,3411,0.0,0.0,0.0,wrong,correct,3.0
175,0.07870373920194929,-1.0689452608898242,-0.07603873744344723,GMM estimator,1.0,1.0,0.5,0.5,3411,0.0,0.0,0.0,wrong,correct,3.0
176,-0.1171968329243384,-1.0565718742086507,0.05229313771886273,GMM estimator,1.0,1.0,0.5,0.5,3411,0.0,0.0,0.0,wrong,correct,3.0
177,0.08843798368420068,-1.0325766567773524,-0.03867705292655971,GMM estimator,1.0,1.0,0.5,0.5,3411,0.0,0.0,0.0,wrong,correct,3.0
178,0.09580083870509852,-1.0508676901806013,0.029359202014877205,GMM estimator,1.0,1.0,0.5,0.5,3411,0.0,0.0,0.0,wrong,correct,3.0
179,-0.021849534687004207,-1.036873945875279,0.07130060300479908,GMM estimator,1.0,1.0,0.5,0.5,3411,0.0,0.0,0.0,wrong,correct,3.0
180,0.08197171767627051,-1.0294939398883742,0.01801560156515545,GMM estimator,1.0,1.0,0.5,0.5,3411,0.0,0.0,0.0,wrong,correct,3.0
181,-0.12995119883836154,-1.0498019464520767,-0.008795455335379055,GMM estimator,1.0,1.0,0.5,0.5,3411,0.0,0.0,0.0,wrong,correct,3.0
182,0.06966659892151243,-1.0323639070463126,0.24980079699444943,GMM estimator,1.0,1.0,0.5,0.5,3411,0.0,0.0,0.0,wrong,correct,3.0
183,0.11967118560386011,-1.048933655323243,0.08108428086193108,GMM estimator,1.0,1.0,0.5,0.5,3411,0.0,0.0,0.0,wrong,correct,3.0
184,0.22673528396407328,-1.0400158316404897,0.07747112286881348,GMM estimator,1.0,1.0,0.5,0.5,3411,0.0,0.0,0.0,wrong,correct,3.0
185,0.05719434338991766,-1.0515542946005296,-0.029743098334971407,GMM estimator,1.0,1.0,0.5,0.5,3411,0.0,0.0,0.0,wrong,correct,3.0
186,-0.062266537961754666,-1.0547099337558772,0.00117087062648488,GMM estimator,1.0,1.0,0.5,0.5,3411,0.0,0.0,0.0,wrong,correct,3.0
187,0.16431530048756932,-1.0390559785176068,0.14078156909613868,GMM estimator,1.0,1.0,0.5,0.5,3411,0.0,0.0,0.0,wrong,correct,3.0
188,-0.1753280722266405,-1.0512156430061805,-0.07674821276510503,GMM estimator,1.0,1.0,0.5,0.5,3411,0.0,0.0,0.0,wrong,correct,3.0
189,0.3545265650713409,-1.0298111311629696,0.18073345229865237,GMM estimator,1.0,1.0,0.5,0.5,3411,0.0,0.0,0.0,wrong,correct,3.0
190,0.0903285372104309,-1.0403782839221742,0.1754945969959781,GMM estimator,1.0,1.0,0.5,0.5,3411,0.0,0.0,0.0,wrong,correct,3.0
191,-0.15487759551591604,-1.0450032661872761,0.09304378714470449,GMM estimator,1.0,1.0,0.5,0.5,3411,0.0,0.0,0.0,wrong,correct,3.0
192,-0.17435001899969568,-1.0578136711298818,-0.04686868495234459,GMM estimator,1.0,1.0,0.5,0.5,3411,0.0,0.0,0.0,wrong,correct,3.0
193,-0.3210344306579782,-1.0709989754985554,-0.11358605854071373,GMM estimator,1.0,1.0,0.5,0.5,3411,0.0,0.0,0.0,wrong,correct,3.0
194,0.301244348643911,-1.031742209253894,0.13441637636162415,GMM estimator,1.0,1.0,0.5,0.5,3411,0.0,0.0,0.0,wrong,correct,3.0
195,-0.3837206421107591,-1.0581658398812417,-0.11148125752707637,GMM estimator,1.0,1.0,0.5,0.5,3411,0.0,0.0,0.0,wrong,correct,3.0
196,-0.20600502511254445,-1.0664714379449471,-0.1010334706792515,GMM estimator,1.0,1.0,0.5,0.5,3411,0.0,0.0,0.0,wrong,correct,3.0
197,-0.30112574538601794,-1.0567345695181058,-0.022392405252502908,GMM estimator,1.0,1.0,0.5,0.5,3411,0.0,0.0,0.0,wrong,correct,3.0
198,0.03622236763438912,-1.0553650289175232,-0.05400066470477172,GMM estimator,1.0,1.0,0.5,0.5,3411,0.0,0.0,0.0,wrong,correct,3.0
199,0.3989066292643327,-1.0359709708662836,-0.012943458992355682,GMM estimator,1.0,1.0,0.5,0.5,3411,0.0,0.0,0.0,wrong,correct,3.0
200,-0.053512071392875976,-1.0473848508373673,0.06805156384461084,GMM estimator,1.0,1.0,0.5,0.5,3411,0.0,0.0,0.0,wrong,correct,3.0
201,0.06099922332884466,-1.0529560903722608,0.016399493129913807,GMM estimator,1.0,1.0,0.5,0.5,3411,0.0,0.0,0.0,wrong,correct,3.0
202,-0.06085628527692791,-1.0360326733965282,0.02745352513716103,GMM estimator,1.0,1.0,0.5,0.5,3411,0.0,0.0,0.0,wrong,correct,3.0
203,0.22869031695294265,-1.0333796931204158,0.08712425830886456,GMM estimator,1.0,1.0,0.5,0.5,3411,0.0,0.0,0.0,wrong,correct,3.0
204,0.03595424820166902,-1.0522873098168153,0.03303417522119537,GMM estimator,1.0,1.0,0.5,0.5,3411,0.0,0.0,0.0,wrong,correct,3.0
205,0.014262913315394277,-1.0516650289702123,0.018753782470522774,GMM estimator,1.0,1.0,0.5,0.5,3411,0.0,0.0,0.0,wrong,correct,3.0
206,0.2032221316424746,-1.041813485009094,0.024756515649458428,GMM estimator,1.0,1.0,0.5,0.5,3411,0.0,0.0,0.0,wrong,correct,3.0
207,0.18402553866944524,-1.0316712111648705,0.18375816125161662,GMM estimator,1.0,1.0,0.5,0.5,3411,0.0,0.0,0.0,wrong,correct,3.0
208,-0.3635650058258727,-1.0768002344840681,-0.028587995803658152,GMM estimator,1.0,1.0,0.5,0.5,3411,0.0,0.0,0.0,wrong,correct,3.0
209,0.22755140179613587,-1.0322199378726598,0.02922142852096871,GMM estimator,1.0,1.0,0.5,0.5,3411,0.0,0.0,0.0,wrong,correct,3.0
210,0.04389752676985561,-1.0491894322246547,0.025345358871659413,GMM estimator,1.0,1.0,0.5,0.5,3411,0.0,0.0,0.0,wrong,correct,3.0
211,0.29710569066546283,-1.0295567214739987,0.0734372258915284,GMM estimator,1.0,1.0,0.5,0.5,3411,0.0,0.0,0.0,wrong,correct,3.0
212,0.270587905791834,-1.0343861069322005,0.007171793588845863,GMM estimator,1.0,1.0,0.5,0.5,3411,0.0,0.0,0.0,wrong,correct,3.0
213,-0.009370229371761768,-1.0571996985564227,0.06376720152174271,GMM estimator,1.0,1.0,0.5,0.5,3411,0.0,0.0,0.0,wrong,correct,3.0
214,-0.3056508870268517,-1.0598276607159518,-0.04616026964430428,GMM estimator,1.0,1.0,0.5,0.5,3411,0.0,0.0,0.0,wrong,correct,3.0
215,-0.16634538529469786,-1.0565268228710103,0.07908057063563279,GMM estimator,1.0,1.0,0.5,0.5,3411,0.0,0.0,0.0,wrong,correct,3.0
216,0.14570517601021457,-1.0387982453524467,0.12237492344354588,GMM estimator,1.0,1.0,0.5,0.5,3411,0.0,0.0,0.0,wrong,correct,3.0
217,0.054212273176050735,-1.0499836636560789,-0.10492461123664086,GMM estimator,1.0,1.0,0.5,0.5,3411,0.0,0.0,0.0,wrong,correct,3.0
218,-0.057218568109574326,-1.0546390831905217,-0.003909576697693755,GMM estimator,1.0,1.0,0.5,0.5,3411,0.0,0.0,0.0,wrong,correct,3.0
219,0.07297741023981083,-1.049254292622773,0.11960879625074793,GMM estimator,1.0,1.0,0.5,0.5,3411,0.0,0.0,0.0,wrong,correct,3.0
220,0.030035106383831615,-1.0408548243806433,-0.048867547821958304,GMM estimator,1.0,1.0,0.5,0.5,3411,0.0,0.0,0.0,wrong,correct,3.0
221,0.1095943984174071,-1.0387528870795186,0.03567459770046893,GMM estimator,1.0,1.0,0.5,0.5,3411,0.0,0.0,0.0,wrong,correct,3.0
222,0.07919103339295556,-1.0398690380507887,0.10965521654538919,GMM estimator,1.0,1.0,0.5,0.5,3411,0.0,0.0,0.0,wrong,correct,3.0
223,0.15587693318614435,-1.036033900063781,0.24068534809670347,GMM estimator,1.0,1.0,0.5,0.5,3411,0.0,0.0,0.0,wrong,correct,3.0
224,-0.11452989008063587,-1.0637045596797443,-0.1736242168269719,GMM estimator,1.0,1.0,0.5,0.5,3411,0.0,0.0,0.0,wrong,correct,3.0
225,-0.021495241775990624,-1.0501264259346041,-0.003586722624387079,GMM estimator,1.0,1.0,0.5,0.5,3411,0.0,0.0,0.0,wrong,correct,3.0
226,0.02211440121668001,-1.0353579507092308,0.14221133269519115,GMM estimator,1.0,1.0,0.5,0.5,3411,0.0,0.0,0.0,wrong,correct,3.0
227,0.1740274065101303,-1.0462107206935694,0.1385264254126444,GMM estimator,1.0,1.0,0.5,0.5,3411,0.0,0.0,0.0,wrong,correct,3.0
228,0.26245552213048895,-1.0369897495388758,0.1486424895971395,GMM estimator,1.0,1.0,0.5,0.5,3411,0.0,0.0,0.0,wrong,correct,3.0
229,-0.031925617184480524,-1.056495106949949,-0.04459357555684081,GMM estimator,1.0,1.0,0.5,0.5,3411,0.0,0.0,0.0,wrong,correct,3.0
230,-0.3432460687743213,-1.069662257128739,-0.166829243296568,GMM estimator,1.0,1.0,0.5,0.5,3411,0.0,0.0,0.0,wrong,correct,3.0
231,0.1118600972074907,-1.0497326248072285,0.0517726606021381,GMM estimator,1.0,1.0,0.5,0.5,3411,0.0,0.0,0.0,wrong,correct,3.0
232,-0.22039524922600376,-1.0514142740151369,-0.1833294914356392,GMM estimator,1.0,1.0,0.5,0.5,3411,0.0,0.0,0.0,wrong,correct,3.0
233,-0.018134539228399874,-1.0411346857836643,0.03584692098515481,GMM estimator,1.0,1.0,0.5,0.5,3411,0.0,0.0,0.0,wrong,correct,3.0
234,-0.18940148455776534,-1.0721163679699863,-0.10422689907019349,GMM estimator,1.0,1.0,0.5,0.5,3411,0.0,0.0,0.0,wrong,correct,3.0
235,-0.07389994574891805,-1.0535343382195888,0.052684905295470624,GMM estimator,1.0,1.0,0.5,0.5,3411,0.0,0.0,0.0,wrong,correct,3.0
236,-0.17899738429708675,-1.0480338445979158,0.018845602569852668,GMM estimator,1.0,1.0,0.5,0.5,3411,0.0,0.0,0.0,wrong,correct,3.0
237,0.029595967845262486,-1.0508482435895037,0.040883406152647246,GMM estimator,1.0,1.0,0.5,0.5,3411,0.0,0.0,0.0,wrong,correct,3.0
238,0.231805547612806,-1.0381918571441897,0.17861287500307294,GMM estimator,1.0,1.0,0.5,0.5,3411,0.0,0.0,0.0,wrong,correct,3.0
239,-0.3166749985930687,-1.0738724824675616,-0.13324486044527667,GMM estimator,1.0,1.0,0.5,0.5,3411,0.0,0.0,0.0,wrong,correct,3.0
240,-0.12636245916431083,-1.0404954929957133,0.008142726643376572,GMM estimator,1.0,1.0,0.5,0.5,3411,0.0,0.0,0.0,wrong,correct,3.0
241,-0.06435042938142287,-1.0423245367292524,0.02206141232343536,GMM estimator,1.0,1.0,0.5,0.5,3411,0.0,0.0,0.0,wrong,correct,3.0
242,-0.05382302122687029,-1.0530198922778877,-0.12159593667337978,GMM estimator,1.0,1.0,0.5,0.5,3411,0.0,0.0,0.0,wrong,correct,3.0
243,-0.10545574940892434,-1.0581284041681365,0.05597877597183081,GMM estimator,1.0,1.0,0.5,0.5,3411,0.0,0.0,0.0,wrong,correct,3.0
244,-0.03983259750616869,-1.0497226019186507,0.0009166929056177831,GMM estimator,1.0,1.0,0.5,0.5,3411,0.0,0.0,0.0,wrong,correct,3.0
245,0.11995469570743215,-1.0411639671409252,0.0361651678065401,GMM estimator,1.0,1.0,0.5,0.5,3411,0.0,0.0,0.0,wrong,correct,3.0
246,-0.3751495865849038,-1.0521362562794272,-0.00023027746422707562,GMM estimator,1.0,1.0,0.5,0.5,3411,0.0,0.0,0.0,wrong,correct,3.0
247,-0.2251484908924611,-1.0747327416536068,-0.11021076195263717,GMM estimator,1.0,1.0,0.5,0.5,3411,0.0,0.0,0.0,wrong,correct,3.0
248,0.1999811537452947,-1.0605248609337523,0.04012622343668729,GMM estimator,1.0,1.0,0.5,0.5,3411,0.0,0.0,0.0,wrong,correct,3.0
249,0.25272559402509237,-1.0285777960870623,0.12141488631337408,GMM estimator,1.0,1.0,0.5,0.5,3411,0.0,0.0,0.0,wrong,correct,3.0
250,-0.037186920608250705,-1.0491894219854903,-0.05359154545159041,GMM estimator,1.0,1.0,0.5,0.5,3411,0.0,0.0,0.0,wrong,correct,3.0
251,-0.22830008346076047,-1.067461973420468,-0.1268775596619333,GMM estimator,1.0,1.0,0.5,0.5,3411,0.0,0.0,0.0,wrong,correct,3.0
252,0.1607554533966931,-1.0436176397978263,0.11182250947414864,GMM estimator,1.0,1.0,0.5,0.5,3411,0.0,0.0,0.0,wrong,correct,3.0
253,0.02858783652092873,-1.03151927137754,0.14261211111469405,GMM estimator,1.0,1.0,0.5,0.5,3411,0.0,0.0,0.0,wrong,correct,3.0
254,0.10830583562363526,-1.047029999921861,-0.009083500951588516,GMM estimator,1.0,1.0,0.5,0.5,3411,0.0,0.0,0.0,wrong,correct,3.0
255,-0.023245690756238648,-1.0607048061734479,0.09355341780813449,GMM estimator,1.0,1.0,0.5,0.5,3411,0.0,0.0,0.0,wrong,correct,3.0
256,-0.28705130808509327,-1.0667514497093988,-0.23647345288497243,GMM estimator,1.0,1.0,0.5,0.5,3411,0.0,0.0,0.0,wrong,correct,3.0
257,0.030818392263945525,-1.0467724308618922,-0.03106065825197609,GMM estimator,1.0,1.0,0.5,0.5,3411,0.0,0.0,0.0,wrong,correct,3.0
258,-0.3421555402651408,-1.0638517713161004,-0.14466495586981667,GMM estimator,1.0,1.0,0.5,0.5,3411,0.0,0.0,0.0,wrong,correct,3.0
259,-0.14955397750152236,-1.053527084514131,0.0012423610586880744,GMM estimator,1.0,1.0,0.5,0.5,3411,0.0,0.0,0.0,wrong,correct,3.0
260,-0.14845866227124538,-1.0652753476225816,-0.08401703391572848,GMM estimator,1.0,1.0,0.5,0.5,3411,0.0,0.0,0.0,wrong,correct,3.0
261,0.11623511571257604,-1.0504697712342486,0.0038991926668682612,GMM estimator,1.0,1.0,0.5,0.5,3411,0.0,0.0,0.0,wrong,correct,3.0
262,-0.08863070856158148,-1.0497558548484782,0.0003663102262950002,GMM estimator,1.0,1.0,0.5,0.5,3411,0.0,0.0,0.0,wrong,correct,3.0
263,-0.15973151658376297,-1.0522459279078331,-0.012651587471707498,GMM estimator,1.0,1.0,0.5,0.5,3411,0.0,0.0,0.0,wrong,correct,3.0
264,0.17528994324617914,-1.0362177343266874,0.0014792962337952162,GMM estimator,1.0,1.0,0.5,0.5,3411,0.0,0.0,0.0,wrong,correct,3.0
265,-0.09650440158396084,-1.059052000033954,0.00881265360271099,GMM estimator,1.0,1.0,0.5,0.5,3411,0.0,0.0,0.0,wrong,correct,3.0
266,-0.16546837520873972,-1.0779872302272722,-0.3328586849278066,GMM estimator,1.0,1.0,0.5,0.5,3411,0.0,0.0,0.0,wrong,correct,3.0
267,0.046749767121223376,-1.0321020155524006,0.0867329905509761,GMM estimator,1.0,1.0,0.5,0.5,3411,0.0,0.0,0.0,wrong,correct,3.0
268,-0.34230286166325063,-1.061360707472789,-0.038708944430793445,GMM estimator,1.0,1.0,0.5,0.5,3411,0.0,0.0,0.0,wrong,correct,3.0
269,0.03255509315399705,-1.0431578174269593,0.10741534532790903,GMM estimator,1.0,1.0,0.5,0.5,3411,0.0,0.0,0.0,wrong,correct,3.0
270,-0.2155167746591839,-1.0724030719712094,-0.05618725651982948,GMM estimator,1.0,1.0,0.5,0.5,3411,0.0,0.0,0.0,wrong,correct,3.0
271,-0.1307639073856609,-1.0585521969095604,0.04763354197449442,GMM estimator,1.0,1.0,0.5,0.5,3411,0.0,0.0,0.0,wrong,correct,3.0
272,-0.1986976123582991,-1.062765025777969,-0.06356218218218421,GMM estimator,1.0,1.0,0.5,0.5,3411,0.0,0.0,0.0,wrong,correct,3.0
273,-0.16692156682861953,-1.0663806123827548,-0.07455868271680742,GMM estimator,1.0,1.0,0.5,0.5,3411,0.0,0.0,0.0,wrong,correct,3.0
274,-0.19691514761562864,-1.0702328016164542,-0.14294903516236615,GMM estimator,1.0,1.0,0.5,0.5,3411,0.0,0.0,0.0,wrong,correct,3.0
275,-0.06977560973799993,-1.0508753986231083,-0.09056988011823766,GMM estimator,1.0,1.0,0.5,0.5,3411,0.0,0.0,0.0,wrong,correct,3.0
276,-0.011036875640330178,-1.0510085677897323,-0.015326812300455281,GMM estimator,1.0,1.0,0.5,0.5,3411,0.0,0.0,0.0,wrong,correct,3.0
277,0.10669370559280102,-1.0442383210464585,-0.03259492912432656,GMM estimator,1.0,1.0,0.5,0.5,3411,0.0,0.0,0.0,wrong,correct,3.0
278,0.08154584666841203,-1.035721581438454,-0.044296484800047324,GMM estimator,1.0,1.0,0.5,0.5,3411,0.0,0.0,0.0,wrong,correct,3.0
279,-0.0312160478415323,-1.0594851489547137,-0.030743698564154636,GMM estimator,1.0,1.0,0.5,0.5,3411,0.0,0.0,0.0,wrong,correct,3.0
280,0.07428543921346144,-1.0345587146774202,-0.03022155401000451,GMM estimator,1.0,1.0,0.5,0.5,3411,0.0,0.0,0.0,wrong,correct,3.0
281,0.3895853142679662,-1.0173339595471043,0.15818912204060878,GMM estimator,1.0,1.0,0.5,0.5,3411,0.0,0.0,0.0,wrong,correct,3.0
282,-0.01645037809863848,-1.054988981000942,-0.037701799405947034,GMM estimator,1.0,1.0,0.5,0.5,3411,0.0,0.0,0.0,wrong,correct,3.0
283,0.03663180862484449,-1.045566698848184,-0.07680133973340429,GMM estimator,1.0,1.0,0.5,0.5,3411,0.0,0.0,0.0,wrong,correct,3.0
284,-0.02761394631999278,-1.04535568628763,0.004594882807287166,GMM estimator,1.0,1.0,0.5,0.5,3411,0.0,0.0,0.0,wrong,correct,3.0
285,0.015759429596880762,-1.0617136084612748,-0.15093231612448496,GMM estimator,1.0,1.0,0.5,0.5,3411,0.0,0.0,0.0,wrong,correct,3.0
286,0.17927438295684128,-1.040066176831104,0.10239690509704558,GMM estimator,1.0,1.0,0.5,0.5,3411,0.0,0.0,0.0,wrong,correct,3.0
287,0.1428936161536924,-1.0280974625045474,0.032347028691995454,GMM estimator,1.0,1.0,0.5,0.5,3411,0.0,0.0,0.0,wrong,correct,3.0
288,-0.43312723035936473,-1.0643354261184843,-0.0862483445072222,GMM estimator,1.0,1.0,0.5,0.5,3411,0.0,0.0,0.0,wrong,correct,3.0
289,-0.3469592807155125,-1.0523795894391261,0.06113317674626962,GMM estimator,1.0,1.0,0.5,0.5,3411,0.0,0.0,0.0,wrong,correct,3.0
290,-0.2103657208738722,-1.0642324609867806,-0.10202210501777995,GMM estimator,1.0,1.0,0.5,0.5,3411,0.0,0.0,0.0,wrong,correct,3.0
291,0.081319900181619,-1.0433094706723212,0.09462543006058526,GMM estimator,1.0,1.0,0.5,0.5,3411,0.0,0.0,0.0,wrong,correct,3.0
292,0.2910678376137163,-1.021844210064708,0.2310611905969744,GMM estimator,1.0,1.0,0.5,0.5,3411,0.0,0.0,0.0,wrong,correct,3.0
293,-0.12001638473565102,-1.0642336392757623,-0.10474147013162051,GMM estimator,1.0,1.0,0.5,0.5,3411,0.0,0.0,0.0,wrong,correct,3.0
294,0.010815272340090021,-1.0583661016635488,0.04042074987054139,GMM estimator,1.0,1.0,0.5,0.5,3411,0.0,0.0,0.0,wrong,correct,3.0
295,0.09777312900054508,-1.0431082552721143,0.10745166130816147,GMM estimator,1.0,1.0,0.5,0.5,3411,0.0,0.0,0.0,wrong,correct,3.0
296,-0.08473095872402289,-1.0335971562947572,-0.033031515084931906,GMM estimator,1.0,1.0,0.5,0.5,3411,0.0,0.0,0.0,wrong,correct,3.0
297,-0.016244563165593372,-1.059601043087828,-0.07535316448232546,GMM estimator,1.0,1.0,0.5,0.5,3411,0.0,0.0,0.0,wrong,correct,3.0
298,0.15213943717605471,-1.0222005467503552,0.21943709907555808,GMM estimator,1.0,1.0,0.5,0.5,3411,0.0,0.0,0.0,wrong,correct,3.0
299,0.0010512260317071772,-1.0382010052978135,0.032341193427218015,GMM estimator,1.0,1.0,0.5,0.5,3411,0.0,0.0,0.0,wrong,correct,3.0
300,0.07953124543634923,-1.0706623160240734,-0.010292009027884944,GMM estimator,1.0,1.0,0.5,0.5,3411,0.0,0.0,0.0,wrong,correct,3.0
1,-0.2103030690969694,-1.0615705227623131,-1.041938220176944,Three-step,1.0,1.0,0.5,0.5,3411,0.0,0.0,0.0,wrong,wrong,3.0
2,-0.12662867807060646,-1.054829056259486,-1.0337588737133823,Three-step,1.0,1.0,0.5,0.5,3411,0.0,0.0,0.0,wrong,wrong,3.0
3,-0.2643098134474842,-1.044412620894812,-1.049136721435333,Three-step,1.0,1.0,0.5,0.5,3411,0.0,0.0,0.0,wrong,wrong,3.0
4,0.22568013794967298,-1.0352218425136168,-1.0552851551303966,Three-step,1.0,1.0,0.5,0.5,3411,0.0,0.0,0.0,wrong,wrong,3.0
5,-0.39776448379541485,-1.0643609323667664,-1.0502987393308372,Three-step,1.0,1.0,0.5,0.5,3411,0.0,0.0,0.0,wrong,wrong,3.0
6,0.22035645170476523,-1.0403478566100781,-1.046705846694366,Three-step,1.0,1.0,0.5,0.5,3411,0.0,0.0,0.0,wrong,wrong,3.0
7,0.6414901710564592,-1.0179690992676447,-1.0313537098578722,Three-step,1.0,1.0,0.5,0.5,3411,0.0,0.0,0.0,wrong,wrong,3.0
8,-0.20070206893291923,-1.0464049813166536,-1.0477383282265362,Three-step,1.0,1.0,0.5,0.5,3411,0.0,0.0,0.0,wrong,wrong,3.0
9,-0.20751573821566155,-1.050431307759004,-1.0361753233515385,Three-step,1.0,1.0,0.5,0.5,3411,0.0,0.0,0.0,wrong,wrong,3.0
10,-0.2886850666884073,-1.0721247035648314,-1.063481351492593,Three-step,1.0,1.0,0.5,0.5,3411,0.0,0.0,0.0,wrong,wrong,3.0
11,0.26019224851668743,-1.0362495311394921,-1.048737732016504,Three-step,1.0,1.0,0.5,0.5,3411,0.0,0.0,0.0,wrong,wrong,3.0
12,-0.043823198029752625,-1.0630333066580877,-1.0479529634483102,Three-step,1.0,1.0,0.5,0.5,3411,0.0,0.0,0.0,wrong,wrong,3.0
13,0.3146136758607839,-1.0400632149576705,-1.048056164202866,Three-step,1.0,1.0,0.5,0.5,3411,0.0,0.0,0.0,wrong,wrong,3.0
14,-0.2895432185611601,-1.0614004713876064,-1.0520220808779404,Three-step,1.0,1.0,0.5,0.5,3411,0.0,0.0,0.0,wrong,wrong,3.0
15,-0.28787020865710317,-1.0733294448308315,-1.0585424086901873,Three-step,1.0,1.0,0.5,0.5,3411,0.0,0.0,0.0,wrong,wrong,3.0
16,-0.21641900630855262,-1.0801843700363523,-1.0749301630984747,Three-step,1.0,1.0,0.5,0.5,3411,0.0,0.0,0.0,wrong,wrong,3.0
17,0.3597699173940247,-1.0205219156175525,-1.033459664755868,Three-step,1.0,1.0,0.5,0.5,3411,0.0,0.0,0.0,wrong,wrong,3.0
18,0.03716785535279594,-1.037136097475739,-1.0338392533336331,Three-step,1.0,1.0,0.5,0.5,3411,0.0,0.0,0.0,wrong,wrong,3.0
19,-0.0541627536941245,-1.02911859683719,-1.0349026691217722,Three-step,1.0,1.0,0.5,0.5,3411,0.0,0.0,0.0,wrong,wrong,3.0
20,-0.03671746625444815,-1.026949344889012,-1.0319302419372327,Three-step,1.0,1.0,0.5,0.5,3411,0.0,0.0,0.0,wrong,wrong,3.0
21,0.0673051143953662,-1.0310010685708673,-1.044297189257466,Three-step,1.0,1.0,0.5,0.5,3411,0.0,0.0,0.0,wrong,wrong,3.0
22,0.14622423075296412,-1.0493801251585848,-1.0411633405837042,Three-step,1.0,1.0,0.5,0.5,3411,0.0,0.0,0.0,wrong,wrong,3.0
23,-0.07204763081481175,-1.064573320671714,-1.044598683648558,Three-step,1.0,1.0,0.5,0.5,3411,0.0,0.0,0.0,wrong,wrong,3.0
24,0.2967474019737644,-1.0295217843538458,-1.0381979573051898,Three-step,1.0,1.0,0.5,0.5,3411,0.0,0.0,0.0,wrong,wrong,3.0
25,-0.0779117741860162,-1.0351626898779693,-1.0366690811169994,Three-step,1.0,1.0,0.5,0.5,3411,0.0,0.0,0.0,wrong,wrong,3.0
26,-0.0380237185389878,-1.0322047352283708,-1.0358175687807485,Three-step,1.0,1.0,0.5,0.5,3411,0.0,0.0,0.0,wrong,wrong,3.0
27,0.06349858991800403,-1.0300090047751018,-1.039013740808064,Three-step,1.0,1.0,0.5,0.5,3411,0.0,0.0,0.0,wrong,wrong,3.0
28,0.015682713853639695,-1.0661558459001559,-1.0553760189321373,Three-step,1.0,1.0,0.5,0.5,3411,0.0,0.0,0.0,wrong,wrong,3.0
29,0.041328439852402185,-1.0603062555719227,-1.046700535786593,Three-step,1.0,1.0,0.5,0.5,3411,0.0,0.0,0.0,wrong,wrong,3.0
30,-0.17760087336537012,-1.037153156339447,-1.0515321849412629,Three-step,1.0,1.0,0.5,0.5,3411,0.0,0.0,0.0,wrong,wrong,3.0
31,0.08363857612887593,-1.0397700728215262,-1.0424364590158375,Three-step,1.0,1.0,0.5,0.5,3411,0.0,0.0,0.0,wrong,wrong,3.0
32,-0.09053529973025104,-1.0746868953890345,-1.0528580790755202,Three-step,1.0,1.0,0.5,0.5,3411,0.0,0.0,0.0,wrong,wrong,3.0
33,0.2917544390163168,-1.0393816788009955,-1.0445356900607918,Three-step,1.0,1.0,0.5,0.5,3411,0.0,0.0,0.0,wrong,wrong,3.0
34,0.05103639605201012,-1.0575529384965805,-1.049386763286589,Three-step,1.0,1.0,0.5,0.5,3411,0.0,0.0,0.0,wrong,wrong,3.0
35,-0.02227428388394065,-1.0485999391341334,-1.0430185805467371,Three-step,1.0,1.0,0.5,0.5,3411,0.0,0.0,0.0,wrong,wrong,3.0
36,0.11906497361097865,-1.0315427259355636,-1.0414378142487666,Three-step,1.0,1.0,0.5,0.5,3411,0.0,0.0,0.0,wrong,wrong,3.0
37,-0.1334169150457716,-1.0714742050462926,-1.0662304924185415,Three-step,1.0,1.0,0.5,0.5,3411,0.0,0.0,0.0,wrong,wrong,3.0
38,-0.15994017852589215,-1.0577856816105995,-1.0522197592327578,Three-step,1.0,1.0,0.5,0.5,3411,0.0,0.0,0.0,wrong,wrong,3.0
39,-0.09008878871006677,-1.0590966903021493,-1.056454076904727,Three-step,1.0,1.0,0.5,0.5,3411,0.0,0.0,0.0,wrong,wrong,3.0
40,0.13476378889119098,-1.0373322612731781,-1.0483161627138238,Three-step,1.0,1.0,0.5,0.5,3411,0.0,0.0,0.0,wrong,wrong,3.0
41,-0.03154103788733767,-1.0433387980910873,-1.0390817847970084,Three-step,1.0,1.0,0.5,0.5,3411,0.0,0.0,0.0,wrong,wrong,3.0
42,0.3904373014337077,-1.0355929626590807,-1.0412620823938368,Three-step,1.0,1.0,0.5,0.5,3411,0.0,0.0,0.0,wrong,wrong,3.0
43,-0.23167430691039342,-1.0447907392180555,-1.0461684085238812,Three-step,1.0,1.0,0.5,0.5,3411,0.0,0.0,0.0,wrong,wrong,3.0
44,0.6089001639001069,-1.050119276979613,-1.0408889794213907,Three-step,1.0,1.0,0.5,0.5,3411,0.0,0.0,0.0,wrong,wrong,3.0
45,-0.0007679888678956915,-1.0662608270643514,-1.0526286855510334,Three-step,1.0,1.0,0.5,0.5,3411,0.0,0.0,0.0,wrong,wrong,3.0
46,0.026067855362908003,-1.045749979815286,-1.0442895924795452,Three-step,1.0,1.0,0.5,0.5,3411,0.0,0.0,0.0,wrong,wrong,3.0
47,0.04081897647888361,-1.0399212711084045,-1.0395313856032697,Three-step,1.0,1.0,0.5,0.5,3411,0.0,0.0,0.0,wrong,wrong,3.0
48,0.25538849814663267,-1.0454291170569718,-1.054038475486458,Three-step,1.0,1.0,0.5,0.5,3411,0.0,0.0,0.0,wrong,wrong,3.0
49,-0.27000493507766454,-1.0387601234715722,-1.029514174165197,Three-step,1.0,1.0,0.5,0.5,3411,0.0,0.0,0.0,wrong,wrong,3.0
50,-0.27794697747324576,-1.0395104681172327,-1.0541143241696829,Three-step,1.0,1.0,0.5,0.5,3411,0.0,0.0,0.0,wrong,wrong,3.0
51,0.13497243460295913,-1.0436627376557976,-1.0584374026894419,Three-step,1.0,1.0,0.5,0.5,3411,0.0,0.0,0.0,wrong,wrong,3.0
52,0.024069325089880644,-1.0447637334096622,-1.0443507802559755,Three-step,1.0,1.0,0.5,0.5,3411,0.0,0.0,0.0,wrong,wrong,3.0
53,0.19020756029536587,-1.0469494986344776,-1.0382142899371154,Three-step,1.0,1.0,0.5,0.5,3411,0.0,0.0,0.0,wrong,wrong,3.0
54,0.0032191442618329453,-1.0614052399038953,-1.0432588796619764,Three-step,1.0,1.0,0.5,0.5,3411,0.0,0.0,0.0,wrong,wrong,3.0
55,-0.18895718910008838,-1.0479898250152548,-1.044815650641128,Three-step,1.0,1.0,0.5,0.5,3411,0.0,0.0,0.0,wrong,wrong,3.0
56,-0.3248245735312297,-1.0514267374793125,-1.058114237163225,Three-step,1.0,1.0,0.5,0.5,3411,0.0,0.0,0.0,wrong,wrong,3.0
57,-0.3217812515412019,-1.0660393755838686,-1.0528691811320883,Three-step,1.0,1.0,0.5,0.5,3411,0.0,0.0,0.0,wrong,wrong,3.0
58,-0.18773447045343847,-1.0682318607986103,-1.066969626312086,Three-step,1.0,1.0,0.5,0.5,3411,0.0,0.0,0.0,wrong,wrong,3.0
59,0.5885449911068655,-1.0171005724174569,-1.0351805700283585,Three-step,1.0,1.0,0.5,0.5,3411,0.0,0.0,0.0,wrong,wrong,3.0
60,-0.1147197165716122,-1.0493435982451786,-1.0415121695553191,Three-step,1.0,1.0,0.5,0.5,3411,0.0,0.0,0.0,wrong,wrong,3.0
61,0.020300760851265708,-1.0432091749307153,-1.0418496612038457,Three-step,1.0,1.0,0.5,0.5,3411,0.0,0.0,0.0,wrong,wrong,3.0
62,0.06178395780451308,-1.0397902075221774,-1.0358581713515058,Three-step,1.0,1.0,0.5,0.5,3411,0.0,0.0,0.0,wrong,wrong,3.0
63,-0.2608628947431291,-1.0456912106882792,-1.0491086234839586,Three-step,1.0,1.0,0.5,0.5,3411,0.0,0.0,0.0,wrong,wrong,3.0
64,0.03494039969054816,-1.0482578933599274,-1.0442774930139633,Three-step,1.0,1.0,0.5,0.5,3411,0.0,0.0,0.0,wrong,wrong,3.0
65,-0.35000711557666303,-1.057413560053273,-1.0364270049253366,Three-step,1.0,1.0,0.5,0.5,3411,0.0,0.0,0.0,wrong,wrong,3.0
66,0.06765849699397922,-1.0363167004522056,-1.0439320390090825,Three-step,1.0,1.0,0.5,0.5,3411,0.0,0.0,0.0,wrong,wrong,3.0
67,0.19521086334077686,-1.0460551279768688,-1.0404440408037299,Three-step,1.0,1.0,0.5,0.5,3411,0.0,0.0,0.0,wrong,wrong,3.0
68,-0.023580313831080568,-1.0415259734005462,-1.037058181153038,Three-step,1.0,1.0,0.5,0.5,3411,0.0,0.0,0.0,wrong,wrong,3.0
69,-0.2502994338512974,-1.0600611452007433,-1.0508079877487637,Three-step,1.0,1.0,0.5,0.5,3411,0.0,0.0,0.0,wrong,wrong,3.0
70,-0.057439341153580036,-1.0623859334889516,-1.0575277043615714,Three-step,1.0,1.0,0.5,0.5,3411,0.0,0.0,0.0,wrong,wrong,3.0
71,-0.2356461885310396,-1.047366934712288,-1.0324514961703801,Three-step,1.0,1.0,0.5,0.5,3411,0.0,0.0,0.0,wrong,wrong,3.0
72,-0.04818198573810578,-1.0467419000894804,-1.0591237916386806,Three-step,1.0,1.0,0.5,0.5,3411,0.0,0.0,0.0,wrong,wrong,3.0
73,-0.062386547411312325,-1.0487389909910525,-1.0426609421849675,Three-step,1.0,1.0,0.5,0.5,3411,0.0,0.0,0.0,wrong,wrong,3.0
74,-0.38144428581915313,-1.076338492672431,-1.0701043077315797,Three-step,1.0,1.0,0.5,0.5,3411,0.0,0.0,0.0,wrong,wrong,3.0
75,-0.01054299244217241,-1.0481239927658277,-1.042240947735948,Three-step,1.0,1.0,0.5,0.5,3411,0.0,0.0,0.0,wrong,wrong,3.0
76,0.05626140783220878,-1.0535499519852574,-1.0510978886860747,Three-step,1.0,1.0,0.5,0.5,3411,0.0,0.0,0.0,wrong,wrong,3.0
77,-0.24022442132853458,-1.069927514696952,-1.06429114520111,Three-step,1.0,1.0,0.5,0.5,3411,0.0,0.0,0.0,wrong,wrong,3.0
78,-0.51918322227022,-1.0660603958865447,-1.066807982344214,Three-step,1.0,1.0,0.5,0.5,3411,0.0,0.0,0.0,wrong,wrong,3.0
79,0.08274824775254222,-1.046270768097554,-1.043426308835665,Three-step,1.0,1.0,0.5,0.5,3411,0.0,0.0,0.0,wrong,wrong,3.0
80,0.09383579344927108,-1.059978419282433,-1.0551132095281652,Three-step,1.0,1.0,0.5,0.5,3411,0.0,0.0,0.0,wrong,wrong,3.0
81,-0.33332783121515236,-1.0587706737328348,-1.0602499337596196,Three-step,1.0,1.0,0.5,0.5,3411,0.0,0.0,0.0,wrong,wrong,3.0
82,0.19980787689043586,-1.0357902931286607,-1.0376374792795728,Three-step,1.0,1.0,0.5,0.5,3411,0.0,0.0,0.0,wrong,wrong,3.0
83,-0.05211421616115189,-1.063139363550907,-1.063021549731552,Three-step,1.0,1.0,0.5,0.5,3411,0.0,0.0,0.0,wrong,wrong,3.0
84,-0.2733460514104405,-1.067682641135221,-1.0652736942144956,Three-step,1.0,1.0,0.5,0.5,3411,0.0,0.0,0.0,wrong,wrong,3.0
85,-0.32935070538415445,-1.0703168162066705,-1.0695054203345948,Three-step,1.0,1.0,0.5,0.5,3411,0.0,0.0,0.0,wrong,wrong,3.0
86,-0.20018739616284828,-1.055909499683918,-1.0456590580683238,Three-step,1.0,1.0,0.5,0.5,3411,0.0,0.0,0.0,wrong,wrong,3.0
87,-0.021919635412585747,-1.0595636792527572,-1.0664305892604815,Three-step,1.0,1.0,0.5,0.5,3411,0.0,0.0,0.0,wrong,wrong,3.0
88,0.23406683278559917,-1.034808692199839,-1.044218697173078,Three-step,1.0,1.0,0.5,0.5,3411,0.0,0.0,0.0,wrong,wrong,3.0
89,0.058225984212756286,-1.0379092938159864,-1.0468555476847505,Three-step,1.0,1.0,0.5,0.5,3411,0.0,0.0,0.0,wrong,wrong,3.0
90,0.001362578609246929,-1.0503931450362243,-1.0505238323703043,Three-step,1.0,1.0,0.5,0.5,3411,0.0,0.0,0.0,wrong,wrong,3.0
91,0.0138064699217146,-1.0512271513664837,-1.0449755368488993,Three-step,1.0,1.0,0.5,0.5,3411,0.0,0.0,0.0,wrong,wrong,3.0
92,-0.6334740084094337,-1.0764337446326657,-1.06403872294381,Three-step,1.0,1.0,0.5,0.5,3411,0.0,0.0,0.0,wrong,wrong,3.0
93,0.030190617173239512,-1.0400234131018642,-1.0436486382925791,Three-step,1.0,1.0,0.5,0.5,3411,0.0,0.0,0.0,wrong,wrong,3.0
94,-0.03827334988720512,-1.056608742300719,-1.047471609441948,Three-step,1.0,1.0,0.5,0.5,3411,0.0,0.0,0.0,wrong,wrong,3.0
95,-0.12123455704648399,-1.0465315117926484,-1.0426819544835384,Three-step,1.0,1.0,0.5,0.5,3411,0.0,0.0,0.0,wrong,wrong,3.0
96,-0.06568608424050809,-1.0701812480801414,-1.0595419312589498,Three-step,1.0,1.0,0.5,0.5,3411,0.0,0.0,0.0,wrong,wrong,3.0
97,-0.24594961453950323,-1.0489789949025687,-1.0488212296064838,Three-step,1.0,1.0,0.5,0.5,3411,0.0,0.0,0.0,wrong,wrong,3.0
98,0.11083336161403351,-1.036310414208309,-1.037633339936053,Three-step,1.0,1.0,0.5,0.5,3411,0.0,0.0,0.0,wrong,wrong,3.0
99,-0.2562092980430159,-1.0468555636414751,-1.0466395084804747,Three-step,1.0,1.0,0.5,0.5,3411,0.0,0.0,0.0,wrong,wrong,3.0
100,-0.162670029423877,-1.0531000314764973,-1.0657261924613213,Three-step,1.0,1.0,0.5,0.5,3411,0.0,0.0,0.0,wrong,wrong,3.0
101,0.03892842154252085,-1.062147006536517,-1.0388178050796117,Three-step,1.0,1.0,0.5,0.5,3411,0.0,0.0,0.0,wrong,wrong,3.0
102,0.18605435095595108,-1.0605226516971982,-1.0638989612661112,Three-step,1.0,1.0,0.5,0.5,3411,0.0,0.0,0.0,wrong,wrong,3.0
103,0.027631828448920807,-1.045410140542628,-1.0381974252992465,Three-step,1.0,1.0,0.5,0.5,3411,0.0,0.0,0.0,wrong,wrong,3.0
104,-0.5992785663752406,-1.056824755451284,-1.0406169893778419,Three-step,1.0,1.0,0.5,0.5,3411,0.0,0.0,0.0,wrong,wrong,3.0
105,-0.1509388923075766,-1.066334460310585,-1.060341340247745,Three-step,1.0,1.0,0.5,0.5,3411,0.0,0.0,0.0,wrong,wrong,3.0
106,-0.3251019204903505,-1.0793910800370676,-1.0680569004000158,Three-step,1.0,1.0,0.5,0.5,3411,0.0,0.0,0.0,wrong,wrong,3.0
107,-0.5580793380078738,-1.0712840918997812,-1.048230851407215,Three-step,1.0,1.0,0.5,0.5,3411,0.0,0.0,0.0,wrong,wrong,3.0
108,-0.10824527128322486,-1.0320037311521595,-1.0497088952750901,Three-step,1.0,1.0,0.5,0.5,3411,0.0,0.0,0.0,wrong,wrong,3.0
109,0.028630026562625185,-1.0469308183970005,-1.048448034880227,Three-step,1.0,1.0,0.5,0.5,3411,0.0,0.0,0.0,wrong,wrong,3.0
110,0.2937713922572458,-1.0309648729777676,-1.0363889786902087,Three-step,1.0,1.0,0.5,0.5,3411,0.0,0.0,0.0,wrong,wrong,3.0
111,0.16500824812753462,-1.0412127956864103,-1.0452778620728866,Three-step,1.0,1.0,0.5,0.5,3411,0.0,0.0,0.0,wrong,wrong,3.0
112,-0.13816403368389416,-1.0470860297802718,-1.049828682945124,Three-step,1.0,1.0,0.5,0.5,3411,0.0,0.0,0.0,wrong,wrong,3.0
113,-0.4188125228752577,-1.0481546249891731,-1.047018663763216,Three-step,1.0,1.0,0.5,0.5,3411,0.0,0.0,0.0,wrong,wrong,3.0
114,0.273906646346643,-1.038988127196225,-1.049816634008572,Three-step,1.0,1.0,0.5,0.5,3411,0.0,0.0,0.0,wrong,wrong,3.0
115,0.17697123907636794,-1.0469515640298954,-1.0415647008811784,Three-step,1.0,1.0,0.5,0.5,3411,0.0,0.0,0.0,wrong,wrong,3.0
116,-0.0279089284451599,-1.0439445828161853,-1.046562094251491,Three-step,1.0,1.0,0.5,0.5,3411,0.0,0.0,0.0,wrong,wrong,3.0
117,-0.4001600032639926,-1.0794190303419184,-1.070436860340087,Three-step,1.0,1.0,0.5,0.5,3411,0.0,0.0,0.0,wrong,wrong,3.0
118,-0.19865844889601875,-1.0527813311698695,-1.0480082952056982,Three-step,1.0,1.0,0.5,0.5,3411,0.0,0.0,0.0,wrong,wrong,3.0
119,0.004965996509691582,-1.0534059519220957,-1.052974989828194,Three-step,1.0,1.0,0.5,0.5,3411,0.0,0.0,0.0,wrong,wrong,3.0
120,-0.13089914685253062,-1.0486226663040994,-1.0494255070655618,Three-step,1.0,1.0,0.5,0.5,3411,0.0,0.0,0.0,wrong,wrong,3.0
121,0.027610644265313247,-1.0489608834304989,-1.0450938232683098,Three-step,1.0,1.0,0.5,0.5,3411,0.0,0.0,0.0,wrong,wrong,3.0
122,0.48337707210798625,-1.0324640631332553,-1.0354937375735895,Three-step,1.0,1.0,0.5,0.5,3411,0.0,0.0,0.0,wrong,wrong,3.0
123,0.23462961411832808,-1.0437076895492718,-1.0361625427423398,Three-step,1.0,1.0,0.5,0.5,3411,0.0,0.0,0.0,wrong,wrong,3.0
124,-0.06655936489863805,-1.0638131359706446,-1.0520916912988239,Three-step,1.0,1.0,0.5,0.5,3411,0.0,0.0,0.0,wrong,wrong,3.0
125,-0.09599154536409445,-1.0521058535636894,-1.0412830635754002,Three-step,1.0,1.0,0.5,0.5,3411,0.0,0.0,0.0,wrong,wrong,3.0
126,-0.07710201410085418,-1.0473033133001128,-1.043523835930922,Three-step,1.0,1.0,0.5,0.5,3411,0.0,0.0,0.0,wrong,wrong,3.0
127,0.021482424234809318,-1.0552363513096956,-1.0433158995483576,Three-step,1.0,1.0,0.5,0.5,3411,0.0,0.0,0.0,wrong,wrong,3.0
128,0.36970271636983904,-1.031078326946572,-1.0363203068120306,Three-step,1.0,1.0,0.5,0.5,3411,0.0,0.0,0.0,wrong,wrong,3.0
129,0.05326651034711936,-1.0569678249172423,-1.0467440091063072,Three-step,1.0,1.0,0.5,0.5,3411,0.0,0.0,0.0,wrong,wrong,3.0
130,-0.14832668063900353,-1.0628695059366464,-1.0525489316848224,Three-step,1.0,1.0,0.5,0.5,3411,0.0,0.0,0.0,wrong,wrong,3.0
131,-0.08510690595776449,-1.0518326834194953,-1.0507787822301031,Three-step,1.0,1.0,0.5,0.5,3411,0.0,0.0,0.0,wrong,wrong,3.0
132,-0.43490590090642206,-1.0643983769884962,-1.0464389389861772,Three-step,1.0,1.0,0.5,0.5,3411,0.0,0.0,0.0,wrong,wrong,3.0
133,-0.09926012857715798,-1.0508068868700886,-1.0393364999368597,Three-step,1.0,1.0,0.5,0.5,3411,0.0,0.0,0.0,wrong,wrong,3.0
134,0.07025779160924003,-1.0596324496201914,-1.0454856418761687,Three-step,1.0,1.0,0.5,0.5,3411,0.0,0.0,0.0,wrong,wrong,3.0
135,0.06661636554202231,-1.0598655727852602,-1.0566894940512483,Three-step,1.0,1.0,0.5,0.5,3411,0.0,0.0,0.0,wrong,wrong,3.0
136,-0.269685158099496,-1.0553530243817213,-1.051816750815704,Three-step,1.0,1.0,0.5,0.5,3411,0.0,0.0,0.0,wrong,wrong,3.0
137,-0.09644571926459923,-1.049070078374796,-1.0555653689136761,Three-step,1.0,1.0,0.5,0.5,3411,0.0,0.0,0.0,wrong,wrong,3.0
138,0.42269941197457417,-1.040481159298291,-1.0504269551403875,Three-step,1.0,1.0,0.5,0.5,3411,0.0,0.0,0.0,wrong,wrong,3.0
139,-0.12904866451385044,-1.0612627846096474,-1.0608688783215963,Three-step,1.0,1.0,0.5,0.5,3411,0.0,0.0,0.0,wrong,wrong,3.0
140,0.23208711883356511,-1.02833078857733,-1.0378245361476497,Three-step,1.0,1.0,0.5,0.5,3411,0.0,0.0,0.0,wrong,wrong,3.0
141,0.002293325066243191,-1.0324100476906648,-1.0320371837017062,Three-step,1.0,1.0,0.5,0.5,3411,0.0,0.0,0.0,wrong,wrong,3.0
142,0.1361052720282547,-1.0635024560175086,-1.0480193950207952,Three-step,1.0,1.0,0.5,0.5,3411,0.0,0.0,0.0,wrong,wrong,3.0
143,0.11702404773915516,-1.032339107260837,-1.0308850483805074,Three-step,1.0,1.0,0.5,0.5,3411,0.0,0.0,0.0,wrong,wrong,3.0
144,0.240479075701123,-1.0423609767864717,-1.0471610216730745,Three-step,1.0,1.0,0.5,0.5,3411,0.0,0.0,0.0,wrong,wrong,3.0
145,0.2724174507799039,-1.0304136660313437,-1.0225036024304375,Three-step,1.0,1.0,0.5,0.5,3411,0.0,0.0,0.0,wrong,wrong,3.0
146,-0.1252224200325948,-1.049918860572713,-1.0509788975288414,Three-step,1.0,1.0,0.5,0.5,3411,0.0,0.0,0.0,wrong,wrong,3.0
147,-0.1033370207994966,-1.0532140134502788,-1.0475593534700858,Three-step,1.0,1.0,0.5,0.5,3411,0.0,0.0,0.0,wrong,wrong,3.0
148,0.15429042735572535,-1.0474132280574022,-1.047546819027579,Three-step,1.0,1.0,0.5,0.5,3411,0.0,0.0,0.0,wrong,wrong,3.0
149,-0.1791368726709633,-1.0532079182242762,-1.0468397736973,Three-step,1.0,1.0,0.5,0.5,3411,0.0,0.0,0.0,wrong,wrong,3.0
150,0.24426291633374356,-1.0136532966314915,-1.0335129557283487,Three-step,1.0,1.0,0.5,0.5,3411,0.0,0.0,0.0,wrong,wrong,3.0
151,0.15476539642183382,-1.0581770458306923,-1.053073007092586,Three-step,1.0,1.0,0.5,0.5,3411,0.0,0.0,0.0,wrong,wrong,3.0
152,0.1027936149708794,-1.0392747759766745,-1.0430809445341762,Three-step,1.0,1.0,0.5,0.5,3411,0.0,0.0,0.0,wrong,wrong,3.0
153,0.13903339941706927,-1.0538229193911886,-1.0469954845626765,Three-step,1.0,1.0,0.5,0.5,3411,0.0,0.0,0.0,wrong,wrong,3.0
154,0.02228905411946454,-1.0244801084402453,-1.0359756034420573,Three-step,1.0,1.0,0.5,0.5,3411,0.0,0.0,0.0,wrong,wrong,3.0
155,0.03468822956267941,-1.052301886392174,-1.0566912151449122,Three-step,1.0,1.0,0.5,0.5,3411,0.0,0.0,0.0,wrong,wrong,3.0
156,0.36169127215235153,-1.0557881306075092,-1.032616113087713,Three-step,1.0,1.0,0.5,0.5,3411,0.0,0.0,0.0,wrong,wrong,3.0
157,0.029580340140688863,-1.0599863221212091,-1.0474880939894116,Three-step,1.0,1.0,0.5,0.5,3411,0.0,0.0,0.0,wrong,wrong,3.0
158,0.2897186721833092,-1.0448927965349066,-1.048995702329622,Three-step,1.0,1.0,0.5,0.5,3411,0.0,0.0,0.0,wrong,wrong,3.0
159,-0.022704534576747006,-1.036712944788124,-1.0396976722990714,Three-step,1.0,1.0,0.5,0.5,3411,0.0,0.0,0.0,wrong,wrong,3.0
160,0.14388488546129957,-1.0535455433450944,-1.0513561246444492,Three-step,1.0,1.0,0.5,0.5,3411,0.0,0.0,0.0,wrong,wrong,3.0
161,0.06633601645147329,-1.039283036873394,-1.0395250832727043,Three-step,1.0,1.0,0.5,0.5,3411,0.0,0.0,0.0,wrong,wrong,3.0
162,0.24364340403978968,-1.0336742795431264,-1.0415202536080235,Three-step,1.0,1.0,0.5,0.5,3411,0.0,0.0,0.0,wrong,wrong,3.0
163,0.05407906807526781,-1.046376306972224,-1.0525451279451632,Three-step,1.0,1.0,0.5,0.5,3411,0.0,0.0,0.0,wrong,wrong,3.0
164,-0.5068591220004622,-1.0774488518495415,-1.0645184547977231,Three-step,1.0,1.0,0.5,0.5,3411,0.0,0.0,0.0,wrong,wrong,3.0
165,-0.0687864477429816,-1.064888692167885,-1.054267398253401,Three-step,1.0,1.0,0.5,0.5,3411,0.0,0.0,0.0,wrong,wrong,3.0
166,0.2040833488194535,-1.0511797034776058,-1.042296112285664,Three-step,1.0,1.0,0.5,0.5,3411,0.0,0.0,0.0,wrong,wrong,3.0
167,-0.23603099633133207,-1.0586459207214345,-1.0555138756602527,Three-step,1.0,1.0,0.5,0.5,3411,0.0,0.0,0.0,wrong,wrong,3.0
168,0.2036991133227661,-1.0484234398922114,-1.0449889222421247,Three-step,1.0,1.0,0.5,0.5,3411,0.0,0.0,0.0,wrong,wrong,3.0
169,-0.18381816313971097,-1.0412410375486807,-1.0494651708818077,Three-step,1.0,1.0,0.5,0.5,3411,0.0,0.0,0.0,wrong,wrong,3.0
170,-0.033173197685741805,-1.0483765479213727,-1.051523002267841,Three-step,1.0,1.0,0.5,0.5,3411,0.0,0.0,0.0,wrong,wrong,3.0
171,-0.24152879035019728,-1.0721925228289377,-1.0590713282450253,Three-step,1.0,1.0,0.5,0.5,3411,0.0,0.0,0.0,wrong,wrong,3.0
172,-0.19675320069231955,-1.0571986924925139,-1.058159526275522,Three-step,1.0,1.0,0.5,0.5,3411,0.0,0.0,0.0,wrong,wrong,3.0
173,-0.04392028282011369,-1.0659424957408465,-1.0522272358170428,Three-step,1.0,1.0,0.5,0.5,3411,0.0,0.0,0.0,wrong,wrong,3.0
174,0.029015768173724032,-1.0521175852761318,-1.044913864645695,Three-step,1.0,1.0,0.5,0.5,3411,0.0,0.0,0.0,wrong,wrong,3.0
175,0.38134034414247675,-1.065143333501049,-1.051534695692499,Three-step,1.0,1.0,0.5,0.5,3411,0.0,0.0,0.0,wrong,wrong,3.0
176,-0.36724763517865283,-1.0568039627756414,-1.0435055682862744,Three-step,1.0,1.0,0.5,0.5,3411,0.0,0.0,0.0,wrong,wrong,3.0
177,0.16216155279629355,-1.026923305948935,-1.0501578645221283,Three-step,1.0,1.0,0.5,0.5,3411,0.0,0.0,0.0,wrong,wrong,3.0
178,-0.030992301486612035,-1.0509648971812873,-1.044720107847141,Three-step,1.0,1.0,0.5,0.5,3411,0.0,0.0,0.0,wrong,wrong,3.0
179,-0.22755798791057552,-1.0404349615645878,-1.0442345144994103,Three-step,1.0,1.0,0.5,0.5,3411,0.0,0.0,0.0,wrong,wrong,3.0
180,0.2712361172640779,-1.0314478088428245,-1.0514495123204481,Three-step,1.0,1.0,0.5,0.5,3411,0.0,0.0,0.0,wrong,wrong,3.0
181,0.053503310301783895,-1.0436730310933728,-1.0497685652364521,Three-step,1.0,1.0,0.5,0.5,3411,0.0,0.0,0.0,wrong,wrong,3.0
182,0.18194807384272624,-1.0303164673386138,-1.0235488000313755,Three-step,1.0,1.0,0.5,0.5,3411,0.0,0.0,0.0,wrong,wrong,3.0
183,0.2559734396790406,-1.0465359385707258,-1.0368073244317195,Three-step,1.0,1.0,0.5,0.5,3411,0.0,0.0,0.0,wrong,wrong,3.0
184,0.11824015034979789,-1.0415517605056754,-1.0409710751255183,Three-step,1.0,1.0,0.5,0.5,3411,0.0,0.0,0.0,wrong,wrong,3.0
185,0.038848365662346306,-1.0495245637906478,-1.0475909057417534,Three-step,1.0,1.0,0.5,0.5,3411,0.0,0.0,0.0,wrong,wrong,3.0
186,0.17559291554360773,-1.0529519304206927,-1.048527701370362,Three-step,1.0,1.0,0.5,0.5,3411,0.0,0.0,0.0,wrong,wrong,3.0
187,0.084516023324277,-1.0393426320204873,-1.0363967757442258,Three-step,1.0,1.0,0.5,0.5,3411,0.0,0.0,0.0,wrong,wrong,3.0
188,-0.011815354201150218,-1.0534899350203017,-1.052985619887081,Three-step,1.0,1.0,0.5,0.5,3411,0.0,0.0,0.0,wrong,wrong,3.0
189,0.2579850113217558,-1.0315729176980044,-1.032348224037845,Three-step,1.0,1.0,0.5,0.5,3411,0.0,0.0,0.0,wrong,wrong,3.0
190,0.07066642481710049,-1.0381797068877474,-1.0303285924205094,Three-step,1.0,1.0,0.5,0.5,3411,0.0,0.0,0.0,wrong,wrong,3.0
191,-0.27209631117051863,-1.0473902215176925,-1.038233347556497,Three-step,1.0,1.0,0.5,0.5,3411,0.0,0.0,0.0,wrong,wrong,3.0
192,-0.1622094419201046,-1.052269744473227,-1.0503962256104304,Three-step,1.0,1.0,0.5,0.5,3411,0.0,0.0,0.0,wrong,wrong,3.0
193,-0.3770424285031377,-1.0699529129414773,-1.0603417380556208,Three-step,1.0,1.0,0.5,0.5,3411,0.0,0.0,0.0,wrong,wrong,3.0
194,0.3516674926884878,-1.0307481240098213,-1.0335925667068717,Three-step,1.0,1.0,0.5,0.5,3411,0.0,0.0,0.0,wrong,wrong,3.0
195,-0.4640256567804484,-1.055248160127464,-1.0590427813857965,Three-step,1.0,1.0,0.5,0.5,3411,0.0,0.0,0.0,wrong,wrong,3.0
196,-0.0911623999636784,-1.0651844982272245,-1.0579003927188166,Three-step,1.0,1.0,0.5,0.5,3411,0.0,0.0,0.0,wrong,wrong,3.0
197,0.024735088428854208,-1.0508371706531805,-1.0483415151687914,Three-step,1.0,1.0,0.5,0.5,3411,0.0,0.0,0.0,wrong,wrong,3.0
198,0.07685173906963456,-1.0516185249447902,-1.0499959489339297,Three-step,1.0,1.0,0.5,0.5,3411,0.0,0.0,0.0,wrong,wrong,3.0
199,0.2788542240616303,-1.0373092282743812,-1.0498140240736564,Three-step,1.0,1.0,0.5,0.5,3411,0.0,0.0,0.0,wrong,wrong,3.0
200,-0.028700139842586642,-1.0476875118693056,-1.038204943099564,Three-step,1.0,1.0,0.5,0.5,3411,0.0,0.0,0.0,wrong,wrong,3.0
201,0.10090957683756085,-1.0508496390664819,-1.0465447298257733,Three-step,1.0,1.0,0.5,0.5,3411,0.0,0.0,0.0,wrong,wrong,3.0
202,-0.03054856384688782,-1.0351575088865246,-1.0430581092920104,Three-step,1.0,1.0,0.5,0.5,3411,0.0,0.0,0.0,wrong,wrong,3.0
203,0.21232192009902826,-1.038470079781233,-1.0398730837759076,Three-step,1.0,1.0,0.5,0.5,3411,0.0,0.0,0.0,wrong,wrong,3.0
204,0.13376302737556556,-1.0536470588753784,-1.0430090847293763,Three-step,1.0,1.0,0.5,0.5,3411,0.0,0.0,0.0,wrong,wrong,3.0
205,0.015314513359015574,-1.0558552021358623,-1.048055093424285,Three-step,1.0,1.0,0.5,0.5,3411,0.0,0.0,0.0,wrong,wrong,3.0
206,0.13012222180328245,-1.0444685326497116,-1.0472304049134722,Three-step,1.0,1.0,0.5,0.5,3411,0.0,0.0,0.0,wrong,wrong,3.0
207,0.30035019797892376,-1.029374203278937,-1.0314908034068948,Three-step,1.0,1.0,0.5,0.5,3411,0.0,0.0,0.0,wrong,wrong,3.0
208,-0.3572101984751311,-1.0793465885732334,-1.048071395463116,Three-step,1.0,1.0,0.5,0.5,3411,0.0,0.0,0.0,wrong,wrong,3.0
209,-0.08924589088917244,-1.042134068529611,-1.0463500774401275,Three-step,1.0,1.0,0.5,0.5,3411,0.0,0.0,0.0,wrong,wrong,3.0
210,0.16736083758912673,-1.0421405004082023,-1.041995295941432,Three-step,1.0,1.0,0.5,0.5,3411,0.0,0.0,0.0,wrong,wrong,3.0
211,0.2778804766760721,-1.0278696809951067,-1.0379443615625508,Three-step,1.0,1.0,0.5,0.5,3411,0.0,0.0,0.0,wrong,wrong,3.0
212,0.3059719441252098,-1.0337156732757495,-1.042520261158897,Three-step,1.0,1.0,0.5,0.5,3411,0.0,0.0,0.0,wrong,wrong,3.0
213,0.01950269605776331,-1.0571613988396464,-1.0406054263953424,Three-step,1.0,1.0,0.5,0.5,3411,0.0,0.0,0.0,wrong,wrong,3.0
214,-0.24161206987977382,-1.0537163970103958,-1.0512153765329861,Three-step,1.0,1.0,0.5,0.5,3411,0.0,0.0,0.0,wrong,wrong,3.0
215,-0.054750062317711685,-1.0503955612513292,-1.0364734009554861,Three-step,1.0,1.0,0.5,0.5,3411,0.0,0.0,0.0,wrong,wrong,3.0
216,0.3889643887291641,-1.033637882726942,-1.0361528247891258,Three-step,1.0,1.0,0.5,0.5,3411,0.0,0.0,0.0,wrong,wrong,3.0
217,0.4736350427117742,-1.0376936802883525,-1.054687473737276,Three-step,1.0,1.0,0.5,0.5,3411,0.0,0.0,0.0,wrong,wrong,3.0
218,-0.13722124366857683,-1.054795192047779,-1.0483023060465275,Three-step,1.0,1.0,0.5,0.5,3411,0.0,0.0,0.0,wrong,wrong,3.0
219,0.09451010938667508,-1.043024613122788,-1.0330172138839198,Three-step,1.0,1.0,0.5,0.5,3411,0.0,0.0,0.0,wrong,wrong,3.0
220,0.1791751008216268,-1.0359772211412963,-1.0495529212784436,Three-step,1.0,1.0,0.5,0.5,3411,0.0,0.0,0.0,wrong,wrong,3.0
221,0.044748345839660586,-1.0430634702817017,-1.0469973876105958,Three-step,1.0,1.0,0.5,0.5,3411,0.0,0.0,0.0,wrong,wrong,3.0
222,-0.021605024066743514,-1.0409044706397002,-1.0370359260037754,Three-step,1.0,1.0,0.5,0.5,3411,0.0,0.0,0.0,wrong,wrong,3.0
223,0.07524777616582129,-1.0366796874117221,-1.0262229317806775,Three-step,1.0,1.0,0.5,0.5,3411,0.0,0.0,0.0,wrong,wrong,3.0
224,-0.15300912016459364,-1.059225665643903,-1.061779556601726,Three-step,1.0,1.0,0.5,0.5,3411,0.0,0.0,0.0,wrong,wrong,3.0
225,-0.20230489827035678,-1.048877301062562,-1.0453499266713138,Three-step,1.0,1.0,0.5,0.5,3411,0.0,0.0,0.0,wrong,wrong,3.0
226,0.3180991676792068,-1.0310109965393968,-1.0337940528335083,Three-step,1.0,1.0,0.5,0.5,3411,0.0,0.0,0.0,wrong,wrong,3.0
227,0.33675075554812356,-1.0448855397736587,-1.0329723708057885,Three-step,1.0,1.0,0.5,0.5,3411,0.0,0.0,0.0,wrong,wrong,3.0
228,0.2835376467501575,-1.0372346847509164,-1.0324475850244976,Three-step,1.0,1.0,0.5,0.5,3411,0.0,0.0,0.0,wrong,wrong,3.0
229,-0.020928451701330984,-1.0581706803703352,-1.0516566257217046,Three-step,1.0,1.0,0.5,0.5,3411,0.0,0.0,0.0,wrong,wrong,3.0
230,-0.17371110472618884,-1.0677630279691501,-1.0650036673849477,Three-step,1.0,1.0,0.5,0.5,3411,0.0,0.0,0.0,wrong,wrong,3.0
231,0.26240109788247673,-1.0488868197869132,-1.0428401863887549,Three-step,1.0,1.0,0.5,0.5,3411,0.0,0.0,0.0,wrong,wrong,3.0
232,-0.21822711143014686,-1.052054154931188,-1.0623599982036582,Three-step,1.0,1.0,0.5,0.5,3411,0.0,0.0,0.0,wrong,wrong,3.0
233,-0.3349189479216049,-1.0380946656099264,-1.0415242685771648,Three-step,1.0,1.0,0.5,0.5,3411,0.0,0.0,0.0,wrong,wrong,3.0
234,-0.0400051488119331,-1.0708262836416844,-1.0567247601186818,Three-step,1.0,1.0,0.5,0.5,3411,0.0,0.0,0.0,wrong,wrong,3.0
235,-0.22174397725694936,-1.0545849237051703,-1.0398406253524355,Three-step,1.0,1.0,0.5,0.5,3411,0.0,0.0,0.0,wrong,wrong,3.0
236,-0.3418895441215204,-1.054612360802964,-1.0462014748432076,Three-step,1.0,1.0,0.5,0.5,3411,0.0,0.0,0.0,wrong,wrong,3.0
237,-0.1731766567771103,-1.0538726055929095,-1.043355261686271,Three-step,1.0,1.0,0.5,0.5,3411,0.0,0.0,0.0,wrong,wrong,3.0
238,0.10644612007996546,-1.0403386568978208,-1.0319189304655785,Three-step,1.0,1.0,0.5,0.5,3411,0.0,0.0,0.0,wrong,wrong,3.0
239,-0.21683343654551562,-1.0754633768430109,-1.0582637130231822,Three-step,1.0,1.0,0.5,0.5,3411,0.0,0.0,0.0,wrong,wrong,3.0
240,-0.07643503216981239,-1.0381590889595869,-1.0475704303976914,Three-step,1.0,1.0,0.5,0.5,3411,0.0,0.0,0.0,wrong,wrong,3.0
241,-0.10570211320849202,-1.0434211316519657,-1.0467129936673973,Three-step,1.0,1.0,0.5,0.5,3411,0.0,0.0,0.0,wrong,wrong,3.0
242,0.26181494453991194,-1.0510000517062086,-1.0579998161796202,Three-step,1.0,1.0,0.5,0.5,3411,0.0,0.0,0.0,wrong,wrong,3.0
243,0.04798956962626582,-1.0579864640666934,-1.0437358936855035,Three-step,1.0,1.0,0.5,0.5,3411,0.0,0.0,0.0,wrong,wrong,3.0
244,0.09860744900862009,-1.0482622811496702,-1.0457650076445086,Three-step,1.0,1.0,0.5,0.5,3411,0.0,0.0,0.0,wrong,wrong,3.0
245,0.05164690429916932,-1.0383530561805288,-1.0418709197765619,Three-step,1.0,1.0,0.5,0.5,3411,0.0,0.0,0.0,wrong,wrong,3.0
246,-0.5312460784431429,-1.0494222344256579,-1.0476986694681876,Three-step,1.0,1.0,0.5,0.5,3411,0.0,0.0,0.0,wrong,wrong,3.0
247,-0.09111994832185755,-1.0809333572550612,-1.0559585479543476,Three-step,1.0,1.0,0.5,0.5,3411,0.0,0.0,0.0,wrong,wrong,3.0
248,0.3224004015182188,-1.0593386197334935,-1.0431967880422262,Three-step,1.0,1.0,0.5,0.5,3411,0.0,0.0,0.0,wrong,wrong,3.0
249,0.2288097349380542,-1.0258213354911712,-1.0358244484653518,Three-step,1.0,1.0,0.5,0.5,3411,0.0,0.0,0.0,wrong,wrong,3.0
250,-0.16405832510304122,-1.0512496140510075,-1.0523366584610205,Three-step,1.0,1.0,0.5,0.5,3411,0.0,0.0,0.0,wrong,wrong,3.0
251,-0.0790429965153368,-1.0666239764762275,-1.0600348617943909,Three-step,1.0,1.0,0.5,0.5,3411,0.0,0.0,0.0,wrong,wrong,3.0
252,0.07732005705656231,-1.0444479390577586,-1.037233470303678,Three-step,1.0,1.0,0.5,0.5,3411,0.0,0.0,0.0,wrong,wrong,3.0
253,-0.2097226014414432,-1.0255009973801616,-1.0342609821143616,Three-step,1.0,1.0,0.5,0.5,3411,0.0,0.0,0.0,wrong,wrong,3.0
254,0.16131895400449833,-1.0443956380104313,-1.0480678086488586,Three-step,1.0,1.0,0.5,0.5,3411,0.0,0.0,0.0,wrong,wrong,3.0
255,-0.03931601763614924,-1.0597925797267729,-1.0370815543788299,Three-step,1.0,1.0,0.5,0.5,3411,0.0,0.0,0.0,wrong,wrong,3.0
256,-0.25330405265841344,-1.0718316376390344,-1.065714304573754,Three-step,1.0,1.0,0.5,0.5,3411,0.0,0.0,0.0,wrong,wrong,3.0
257,-0.05724695147144652,-1.0544789288862497,-1.051638916933457,Three-step,1.0,1.0,0.5,0.5,3411,0.0,0.0,0.0,wrong,wrong,3.0
258,-0.4288552402311546,-1.0580084404845502,-1.0622919191109226,Three-step,1.0,1.0,0.5,0.5,3411,0.0,0.0,0.0,wrong,wrong,3.0
259,-0.098831821941267,-1.0522439970686626,-1.0458820326118372,Three-step,1.0,1.0,0.5,0.5,3411,0.0,0.0,0.0,wrong,wrong,3.0
260,-0.12840251486743434,-1.0638316623615225,-1.0545917489294294,Three-step,1.0,1.0,0.5,0.5,3411,0.0,0.0,0.0,wrong,wrong,3.0
261,0.07563735172784897,-1.054255964366989,-1.0495390384105405,Three-step,1.0,1.0,0.5,0.5,3411,0.0,0.0,0.0,wrong,wrong,3.0
262,-0.16723963276576795,-1.0533255117989617,-1.043913905910215,Three-step,1.0,1.0,0.5,0.5,3411,0.0,0.0,0.0,wrong,wrong,3.0
263,-0.21371114474235525,-1.0504427399973195,-1.0464312510191274,Three-step,1.0,1.0,0.5,0.5,3411,0.0,0.0,0.0,wrong,wrong,3.0
264,0.11671698241409688,-1.039909211381593,-1.0473637605011532,Three-step,1.0,1.0,0.5,0.5,3411,0.0,0.0,0.0,wrong,wrong,3.0
265,-0.09940901227792162,-1.0634352559048128,-1.0466694042820959,Three-step,1.0,1.0,0.5,0.5,3411,0.0,0.0,0.0,wrong,wrong,3.0
266,-0.0025137484447135565,-1.0743017442944203,-1.0739004906327176,Three-step,1.0,1.0,0.5,0.5,3411,0.0,0.0,0.0,wrong,wrong,3.0
267,-0.08479086702252495,-1.0363772427410813,-1.0400982450041723,Three-step,1.0,1.0,0.5,0.5,3411,0.0,0.0,0.0,wrong,wrong,3.0
268,-0.20389612777534716,-1.062546267012274,-1.0500872328465736,Three-step,1.0,1.0,0.5,0.5,3411,0.0,0.0,0.0,wrong,wrong,3.0
269,-0.2748763485014195,-1.0478999336990849,-1.0381237190896766,Three-step,1.0,1.0,0.5,0.5,3411,0.0,0.0,0.0,wrong,wrong,3.0
270,0.07846420999073786,-1.0779709520143015,-1.0532330721309837,Three-step,1.0,1.0,0.5,0.5,3411,0.0,0.0,0.0,wrong,wrong,3.0
271,0.08731823942707614,-1.0517016698375263,-1.0411131648073702,Three-step,1.0,1.0,0.5,0.5,3411,0.0,0.0,0.0,wrong,wrong,3.0
272,-0.3221031769411369,-1.0610259348467213,-1.052492971665119,Three-step,1.0,1.0,0.5,0.5,3411,0.0,0.0,0.0,wrong,wrong,3.0
273,0.07270825945892129,-1.0607606815539368,-1.0531565740107698,Three-step,1.0,1.0,0.5,0.5,3411,0.0,0.0,0.0,wrong,wrong,3.0
274,-0.08262562044480508,-1.0641643688382598,-1.0579269671209295,Three-step,1.0,1.0,0.5,0.5,3411,0.0,0.0,0.0,wrong,wrong,3.0
275,0.04643330657225171,-1.0511149849403199,-1.0590496281489088,Three-step,1.0,1.0,0.5,0.5,3411,0.0,0.0,0.0,wrong,wrong,3.0
276,0.049455346524188884,-1.0500759261639718,-1.0521224674632734,Three-step,1.0,1.0,0.5,0.5,3411,0.0,0.0,0.0,wrong,wrong,3.0
277,0.3409938540404085,-1.055632838668809,-1.0534806468828026,Three-step,1.0,1.0,0.5,0.5,3411,0.0,0.0,0.0,wrong,wrong,3.0
278,0.19473976379983715,-1.03307899540538,-1.0485956541902632,Three-step,1.0,1.0,0.5,0.5,3411,0.0,0.0,0.0,wrong,wrong,3.0
279,0.03959592242949197,-1.0643354009393502,-1.051168455789042,Three-step,1.0,1.0,0.5,0.5,3411,0.0,0.0,0.0,wrong,wrong,3.0
280,-0.0017801792116858791,-1.038268774233614,-1.0480243322199396,Three-step,1.0,1.0,0.5,0.5,3411,0.0,0.0,0.0,wrong,wrong,3.0
281,0.29992348184713674,-1.0201986800235427,-1.0315957851853692,Three-step,1.0,1.0,0.5,0.5,3411,0.0,0.0,0.0,wrong,wrong,3.0
282,0.25155065617915,-1.0530611174358129,-1.052096273559729,Three-step,1.0,1.0,0.5,0.5,3411,0.0,0.0,0.0,wrong,wrong,3.0
283,0.310813894294407,-1.0402905785395815,-1.0513923874044186,Three-step,1.0,1.0,0.5,0.5,3411,0.0,0.0,0.0,wrong,wrong,3.0
284,-0.12568080744048649,-1.0431696146569183,-1.0447878899971235,Three-step,1.0,1.0,0.5,0.5,3411,0.0,0.0,0.0,wrong,wrong,3.0
285,-0.01974893296192137,-1.0570835328972652,-1.0609845513921174,Three-step,1.0,1.0,0.5,0.5,3411,0.0,0.0,0.0,wrong,wrong,3.0
286,-0.0139534584700327,-1.0408762334859794,-1.0343228695832516,Three-step,1.0,1.0,0.5,0.5,3411,0.0,0.0,0.0,wrong,wrong,3.0
287,0.2612067692399483,-1.0365845524328827,-1.0492897295785348,Three-step,1.0,1.0,0.5,0.5,3411,0.0,0.0,0.0,wrong,wrong,3.0
288,-0.45016687863467864,-1.0661592373409035,-1.0573862523782527,Three-step,1.0,1.0,0.5,0.5,3411,0.0,0.0,0.0,wrong,wrong,3.0
289,-0.38488505184238214,-1.0420427928394076,-1.0364443651405673,Three-step,1.0,1.0,0.5,0.5,3411,0.0,0.0,0.0,wrong,wrong,3.0
290,-0.29594981324976344,-1.0639875839099942,-1.0581542102024226,Three-step,1.0,1.0,0.5,0.5,3411,0.0,0.0,0.0,wrong,wrong,3.0
291,0.439211697061648,-1.041688875164853,-1.0393209662079002,Three-step,1.0,1.0,0.5,0.5,3411,0.0,0.0,0.0,wrong,wrong,3.0
292,0.49774405978104563,-1.0220552424274683,-1.0228646307982139,Three-step,1.0,1.0,0.5,0.5,3411,0.0,0.0,0.0,wrong,wrong,3.0
293,-0.2819373948191336,-1.0624654764766144,-1.0566648697044858,Three-step,1.0,1.0,0.5,0.5,3411,0.0,0.0,0.0,wrong,wrong,3.0
294,0.21262610720179678,-1.0533749095697063,-1.0436639039307887,Three-step,1.0,1.0,0.5,0.5,3411,0.0,0.0,0.0,wrong,wrong,3.0
295,0.09116987840128213,-1.0432404379297953,-1.0364247662811663,Three-step,1.0,1.0,0.5,0.5,3411,0.0,0.0,0.0,wrong,wrong,3.0
296,0.14154434770897917,-1.0254948331271974,-1.0493380410829223,Three-step,1.0,1.0,0.5,0.5,3411,0.0,0.0,0.0,wrong,wrong,3.0
297,-0.14103720501890207,-1.0669510898458532,-1.0586527953573754,Three-step,1.0,1.0,0.5,0.5,3411,0.0,0.0,0.0,wrong,wrong,3.0
298,0.45708023407983916,-1.0178808531137085,-1.0268607504234286,Three-step,1.0,1.0,0.5,0.5,3411,0.0,0.0,0.0,wrong,wrong,3.0
299,-0.1066968916500211,-1.0418452287663829,-1.0463463793888585,Three-step,1.0,1.0,0.5,0.5,3411,0.0,0.0,0.0,wrong,wrong,3.0
300,0.016763283032359966,-1.0702272370296446,-1.0509263589029854,Three-step,1.0,1.0,0.5,0.5,3411,0.0,0.0,0.0,wrong,wrong,3.0
1,15.57355328729128,-0.8381762416115273,-0.9368027489757058,Robins' estimator,1.0,1.0,0.5,0.5,3411,0.0,0.0,0.0,wrong,wrong,3.0
2,15.425216229360416,-0.842991971785591,-0.9391147183243963,Robins' estimator,1.0,1.0,0.5,0.5,3411,0.0,0.0,0.0,wrong,wrong,3.0
3,14.715163845808434,-0.8149351306094226,-0.9460988183081748,Robins' estimator,1.0,1.0,0.5,0.5,3411,0.0,0.0,0.0,wrong,wrong,3.0
4,15.446761937236872,-0.8302043256399264,-0.9545246174118955,Robins' estimator,1.0,1.0,0.5,0.5,3411,0.0,0.0,0.0,wrong,wrong,3.0
5,15.133661363618572,-0.8402732307474222,-0.9440085444129156,Robins' estimator,1.0,1.0,0.5,0.5,3411,0.0,0.0,0.0,wrong,wrong,3.0
6,15.713615993557596,-0.8256172355443646,-0.9456016675575035,Robins' estimator,1.0,1.0,0.5,0.5,3411,0.0,0.0,0.0,wrong,wrong,3.0
7,16.117244862244604,-0.8230927204174906,-0.9368625510763887,Robins' estimator,1.0,1.0,0.5,0.5,3411,0.0,0.0,0.0,wrong,wrong,3.0
8,12.030880972832207,-0.8056039679149974,-0.9383146975146781,Robins' estimator,1.0,1.0,0.5,0.5,3411,0.0,0.0,0.0,wrong,wrong,3.0
9,23.023001872619226,-0.8549326985528114,-0.9419113313686996,Robins' estimator,1.0,1.0,0.5,0.5,3411,0.0,0.0,0.0,wrong,wrong,3.0
10,14.108611442806673,-0.8452651462444903,-0.9558862506567816,Robins' estimator,1.0,1.0,0.5,0.5,3411,0.0,0.0,0.0,wrong,wrong,3.0
11,15.288530729711772,-0.8187185088184938,-0.9452726472074441,Robins' estimator,1.0,1.0,0.5,0.5,3411,0.0,0.0,0.0,wrong,wrong,3.0
12,15.923985962459538,-0.8511341134851385,-0.9470129052742573,Robins' estimator,1.0,1.0,0.5,0.5,3411,0.0,0.0,0.0,wrong,wrong,3.0
13,16.690962239561646,-0.8400800389628401,-0.9500022837556897,Robins' estimator,1.0,1.0,0.5,0.5,3411,0.0,0.0,0.0,wrong,wrong,3.0
14,14.13544120271979,-0.8335796846571324,-0.9491642964602911,Robins' estimator,1.0,1.0,0.5,0.5,3411,0.0,0.0,0.0,wrong,wrong,3.0
15,15.820155619063243,-0.8433113058840256,-0.9514170125541218,Robins' estimator,1.0,1.0,0.5,0.5,3411,0.0,0.0,0.0,wrong,wrong,3.0
16,17.300906617107515,-0.8526005852531905,-0.9707476988320166,Robins' estimator,1.0,1.0,0.5,0.5,3411,0.0,0.0,0.0,wrong,wrong,3.0
17,18.145550834099723,-0.8312659094721369,-0.9414775634186169,Robins' estimator,1.0,1.0,0.5,0.5,3411,0.0,0.0,0.0,wrong,wrong,3.0
18,14.928765061467372,-0.8259831335305956,-0.9377220158033782,Robins' estimator,1.0,1.0,0.5,0.5,3411,0.0,0.0,0.0,wrong,wrong,3.0
19,18.266687237483648,-0.8274046464914527,-0.939712441431001,Robins' estimator,1.0,1.0,0.5,0.5,3411,0.0,0.0,0.0,wrong,wrong,3.0
20,13.300493305372976,-0.7982288780749656,-0.9312859154877046,Robins' estimator,1.0,1.0,0.5,0.5,3411,0.0,0.0,0.0,wrong,wrong,3.0
21,17.006292610101696,-0.8346219906154161,-0.9469327266147822,Robins' estimator,1.0,1.0,0.5,0.5,3411,0.0,0.0,0.0,wrong,wrong,3.0
22,13.691117238663065,-0.8169672574071185,-0.9350538786849206,Robins' estimator,1.0,1.0,0.5,0.5,3411,0.0,0.0,0.0,wrong,wrong,3.0
23,14.354138896091142,-0.845335519261535,-0.9431103930743308,Robins' estimator,1.0,1.0,0.5,0.5,3411,0.0,0.0,0.0,wrong,wrong,3.0
24,17.343573423558936,-0.8284719558024336,-0.9433638813689956,Robins' estimator,1.0,1.0,0.5,0.5,3411,0.0,0.0,0.0,wrong,wrong,3.0
25,15.130349235767412,-0.8262510236840385,-0.9404983528499902,Robins' estimator,1.0,1.0,0.5,0.5,3411,0.0,0.0,0.0,wrong,wrong,3.0
26,16.793060039920782,-0.8286193571710462,-0.941618129262021,Robins' estimator,1.0,1.0,0.5,0.5,3411,0.0,0.0,0.0,wrong,wrong,3.0
27,15.402436428978348,-0.817580640476819,-0.9391561884146435,Robins' estimator,1.0,1.0,0.5,0.5,3411,0.0,0.0,0.0,wrong,wrong,3.0
28,12.063407856857037,-0.8265163230249393,-0.9414737026842391,Robins' estimator,1.0,1.0,0.5,0.5,3411,0.0,0.0,0.0,wrong,wrong,3.0
29,14.698159079103373,-0.8320064948368263,-0.9434938683880953,Robins' estimator,1.0,1.0,0.5,0.5,3411,0.0,0.0,0.0,wrong,wrong,3.0
30,18.218911359243464,-0.8321191090157272,-0.9549591989416184,Robins' estimator,1.0,1.0,0.5,0.5,3411,0.0,0.0,0.0,wrong,wrong,3.0
31,18.67558888287214,-0.8397306411426277,-0.9477108145786286,Robins' estimator,1.0,1.0,0.5,0.5,3411,0.0,0.0,0.0,wrong,wrong,3.0
32,14.98798025098523,-0.8503199059440629,-0.9499662799714556,Robins' estimator,1.0,1.0,0.5,0.5,3411,0.0,0.0,0.0,wrong,wrong,3.0
33,16.476150645423633,-0.8309835703842784,-0.944511609784942,Robins' estimator,1.0,1.0,0.5,0.5,3411,0.0,0.0,0.0,wrong,wrong,3.0
34,15.992343429834786,-0.8375696473124971,-0.9477005891314018,Robins' estimator,1.0,1.0,0.5,0.5,3411,0.0,0.0,0.0,wrong,wrong,3.0
35,19.94235429230838,-0.8429437663124698,-0.9495673273194732,Robins' estimator,1.0,1.0,0.5,0.5,3411,0.0,0.0,0.0,wrong,wrong,3.0
36,18.592909922521173,-0.8264949287747669,-0.9409098288757455,Robins' estimator,1.0,1.0,0.5,0.5,3411,0.0,0.0,0.0,wrong,wrong,3.0
37,17.67601852804256,-0.8514226025198867,-0.9643470789244004,Robins' estimator,1.0,1.0,0.5,0.5,3411,0.0,0.0,0.0,wrong,wrong,3.0
38,18.669648150436103,-0.8569811376942028,-0.9535711730951665,Robins' estimator,1.0,1.0,0.5,0.5,3411,0.0,0.0,0.0,wrong,wrong,3.0
39,13.706726944467079,-0.8328309929757663,-0.9466618817062962,Robins' estimator,1.0,1.0,0.5,0.5,3411,0.0,0.0,0.0,wrong,wrong,3.0
40,16.99979428617001,-0.8358305045598806,-0.9478970005926084,Robins' estimator,1.0,1.0,0.5,0.5,3411,0.0,0.0,0.0,wrong,wrong,3.0
41,20.21575626321773,-0.8485293391611454,-0.9492431757046664,Robins' estimator,1.0,1.0,0.5,0.5,3411,0.0,0.0,0.0,wrong,wrong,3.0
42,17.639503557458603,-0.8432511578937858,-0.9440272445276302,Robins' estimator,1.0,1.0,0.5,0.5,3411,0.0,0.0,0.0,wrong,wrong,3.0
43,21.358159674219692,-0.8545429025414026,-0.9560642871051607,Robins' estimator,1.0,1.0,0.5,0.5,3411,0.0,0.0,0.0,wrong,wrong,3.0
44,19.167283742660647,-0.8524170134748782,-0.949086467366312,Robins' estimator,1.0,1.0,0.5,0.5,3411,0.0,0.0,0.0,wrong,wrong,3.0
45,14.076538904152198,-0.8414503580463558,-0.9481768696226655,Robins' estimator,1.0,1.0,0.5,0.5,3411,0.0,0.0,0.0,wrong,wrong,3.0
46,17.84840996109704,-0.8472801613511906,-0.9498178157725212,Robins' estimator,1.0,1.0,0.5,0.5,3411,0.0,0.0,0.0,wrong,wrong,3.0
47,20.67843323309067,-0.840040241566343,-0.9474348584797999,Robins' estimator,1.0,1.0,0.5,0.5,3411,0.0,0.0,0.0,wrong,wrong,3.0
48,15.652289163322095,-0.8204682089756585,-0.953391969117075,Robins' estimator,1.0,1.0,0.5,0.5,3411,0.0,0.0,0.0,wrong,wrong,3.0
49,13.841422146801442,-0.8114230940045903,-0.9262134827929507,Robins' estimator,1.0,1.0,0.5,0.5,3411,0.0,0.0,0.0,wrong,wrong,3.0
50,16.044836116761672,-0.8275676165308832,-0.9526566445940008,Robins' estimator,1.0,1.0,0.5,0.5,3411,0.0,0.0,0.0,wrong,wrong,3.0
51,15.532274074375891,-0.8341084589743736,-0.9578579584406226,Robins' estimator,1.0,1.0,0.5,0.5,3411,0.0,0.0,0.0,wrong,wrong,3.0
52,14.947535484771974,-0.8308222290249699,-0.9415569410401878,Robins' estimator,1.0,1.0,0.5,0.5,3411,0.0,0.0,0.0,wrong,wrong,3.0
53,17.22835637194873,-0.8453098633551666,-0.9409100394633777,Robins' estimator,1.0,1.0,0.5,0.5,3411,0.0,0.0,0.0,wrong,wrong,3.0
54,19.370099444803508,-0.8486147929622231,-0.9482528806756109,Robins' estimator,1.0,1.0,0.5,0.5,3411,0.0,0.0,0.0,wrong,wrong,3.0
55,14.28598028588226,-0.8391006072918573,-0.94675237873621,Robins' estimator,1.0,1.0,0.5,0.5,3411,0.0,0.0,0.0,wrong,wrong,3.0
56,16.295377358239662,-0.8349773970658053,-0.9569811334962027,Robins' estimator,1.0,1.0,0.5,0.5,3411,0.0,0.0,0.0,wrong,wrong,3.0
57,13.224937490363686,-0.8361673095536379,-0.9442263736684301,Robins' estimator,1.0,1.0,0.5,0.5,3411,0.0,0.0,0.0,wrong,wrong,3.0
58,18.847775421965807,-0.8550965581797868,-0.962838102712594,Robins' estimator,1.0,1.0,0.5,0.5,3411,0.0,0.0,0.0,wrong,wrong,3.0
59,15.725486011504215,-0.8161713475204115,-0.941226306024713,Robins' estimator,1.0,1.0,0.5,0.5,3411,0.0,0.0,0.0,wrong,wrong,3.0
60,13.5481901188638,-0.8293275361898117,-0.9398878282481554,Robins' estimator,1.0,1.0,0.5,0.5,3411,0.0,0.0,0.0,wrong,wrong,3.0
61,14.525968121474659,-0.8296637348388285,-0.9358675068006144,Robins' estimator,1.0,1.0,0.5,0.5,3411,0.0,0.0,0.0,wrong,wrong,3.0
62,16.00457740893042,-0.8192704030108376,-0.9312908093507856,Robins' estimator,1.0,1.0,0.5,0.5,3411,0.0,0.0,0.0,wrong,wrong,3.0
63,13.568140927676023,-0.8223782182391772,-0.942571753126107,Robins' estimator,1.0,1.0,0.5,0.5,3411,0.0,0.0,0.0,wrong,wrong,3.0
64,13.312847185471083,-0.8196790841579492,-0.9336343703027691,Robins' estimator,1.0,1.0,0.5,0.5,3411,0.0,0.0,0.0,wrong,wrong,3.0
65,17.31966205160849,-0.8439211494939224,-0.9342293399158184,Robins' estimator,1.0,1.0,0.5,0.5,3411,0.0,0.0,0.0,wrong,wrong,3.0
66,15.912728143320342,-0.8244650445513969,-0.942521991406272,Robins' estimator,1.0,1.0,0.5,0.5,3411,0.0,0.0,0.0,wrong,wrong,3.0
67,17.337693357649414,-0.838101674040442,-0.9403099069933626,Robins' estimator,1.0,1.0,0.5,0.5,3411,0.0,0.0,0.0,wrong,wrong,3.0
68,16.17192011697925,-0.8274059807945594,-0.9336003919304837,Robins' estimator,1.0,1.0,0.5,0.5,3411,0.0,0.0,0.0,wrong,wrong,3.0
69,16.599221493531136,-0.8440317477411842,-0.9506642734392023,Robins' estimator,1.0,1.0,0.5,0.5,3411,0.0,0.0,0.0,wrong,wrong,3.0
70,17.228692924595222,-0.851881426943743,-0.9542648709413147,Robins' estimator,1.0,1.0,0.5,0.5,3411,0.0,0.0,0.0,wrong,wrong,3.0
71,15.679897565783419,-0.8241824761277069,-0.9336617333399209,Robins' estimator,1.0,1.0,0.5,0.5,3411,0.0,0.0,0.0,wrong,wrong,3.0
72,16.6087667521371,-0.8357785951426274,-0.9616047632859069,Robins' estimator,1.0,1.0,0.5,0.5,3411,0.0,0.0,0.0,wrong,wrong,3.0
73,12.505414705834243,-0.8211318925996257,-0.9358122341963083,Robins' estimator,1.0,1.0,0.5,0.5,3411,0.0,0.0,0.0,wrong,wrong,3.0
74,18.2786169294875,-0.8481402868119424,-0.9605388078458664,Robins' estimator,1.0,1.0,0.5,0.5,3411,0.0,0.0,0.0,wrong,wrong,3.0
75,16.660714484236898,-0.8335604768265988,-0.9426765369774026,Robins' estimator,1.0,1.0,0.5,0.5,3411,0.0,0.0,0.0,wrong,wrong,3.0
76,18.197495630823195,-0.8462975566451328,-0.947142372335963,Robins' estimator,1.0,1.0,0.5,0.5,3411,0.0,0.0,0.0,wrong,wrong,3.0
77,14.419762950705888,-0.8345681487408796,-0.9522496880532737,Robins' estimator,1.0,1.0,0.5,0.5,3411,0.0,0.0,0.0,wrong,wrong,3.0
78,18.474345753333566,-0.8574977822996454,-0.9670383669018658,Robins' estimator,1.0,1.0,0.5,0.5,3411,0.0,0.0,0.0,wrong,wrong,3.0
79,16.117494389197454,-0.8348675974369237,-0.9405188361897093,Robins' estimator,1.0,1.0,0.5,0.5,3411,0.0,0.0,0.0,wrong,wrong,3.0
80,13.815720331531285,-0.8371460103620757,-0.9512326615834432,Robins' estimator,1.0,1.0,0.5,0.5,3411,0.0,0.0,0.0,wrong,wrong,3.0
81,18.668238827748723,-0.8382011416410879,-0.9519325322327583,Robins' estimator,1.0,1.0,0.5,0.5,3411,0.0,0.0,0.0,wrong,wrong,3.0
82,13.670591216123578,-0.8146978106586069,-0.937097360600787,Robins' estimator,1.0,1.0,0.5,0.5,3411,0.0,0.0,0.0,wrong,wrong,3.0
83,17.35802182319594,-0.8508972401587827,-0.9644367948497976,Robins' estimator,1.0,1.0,0.5,0.5,3411,0.0,0.0,0.0,wrong,wrong,3.0
84,15.985766649195199,-0.8446349151943109,-0.9617057214887234,Robins' estimator,1.0,1.0,0.5,0.5,3411,0.0,0.0,0.0,wrong,wrong,3.0
85,14.85440860172588,-0.85077141145566,-0.9641065428355071,Robins' estimator,1.0,1.0,0.5,0.5,3411,0.0,0.0,0.0,wrong,wrong,3.0
86,19.23323543173716,-0.8513740419892194,-0.9481335421449982,Robins' estimator,1.0,1.0,0.5,0.5,3411,0.0,0.0,0.0,wrong,wrong,3.0
87,14.666844241950201,-0.8410343798302735,-0.9636667296903901,Robins' estimator,1.0,1.0,0.5,0.5,3411,0.0,0.0,0.0,wrong,wrong,3.0
88,17.04997731983734,-0.8376449570052314,-0.9543133726540829,Robins' estimator,1.0,1.0,0.5,0.5,3411,0.0,0.0,0.0,wrong,wrong,3.0
89,14.578593542483478,-0.8228399090105561,-0.9468333145238006,Robins' estimator,1.0,1.0,0.5,0.5,3411,0.0,0.0,0.0,wrong,wrong,3.0
90,19.055730309157056,-0.8506205456572217,-0.9571494318673848,Robins' estimator,1.0,1.0,0.5,0.5,3411,0.0,0.0,0.0,wrong,wrong,3.0
91,15.802172326752107,-0.8287138089973606,-0.943414002072638,Robins' estimator,1.0,1.0,0.5,0.5,3411,0.0,0.0,0.0,wrong,wrong,3.0
92,18.883140198802806,-0.8650687422488693,-0.9625152131929786,Robins' estimator,1.0,1.0,0.5,0.5,3411,0.0,0.0,0.0,wrong,wrong,3.0
93,20.06517500420293,-0.8473840039847963,-0.9470479360674645,Robins' estimator,1.0,1.0,0.5,0.5,3411,0.0,0.0,0.0,wrong,wrong,3.0
94,13.64064424944263,-0.833651287030816,-0.9424858267117492,Robins' estimator,1.0,1.0,0.5,0.5,3411,0.0,0.0,0.0,wrong,wrong,3.0
95,16.178750199720056,-0.8309198292829232,-0.9488946729025217,Robins' estimator,1.0,1.0,0.5,0.5,3411,0.0,0.0,0.0,wrong,wrong,3.0
96,17.362627555523943,-0.8448048461214605,-0.9579178534490425,Robins' estimator,1.0,1.0,0.5,0.5,3411,0.0,0.0,0.0,wrong,wrong,3.0
97,16.068759417565204,-0.8415329954288836,-0.9512224853303555,Robins' estimator,1.0,1.0,0.5,0.5,3411,0.0,0.0,0.0,wrong,wrong,3.0
98,18.606819699095244,-0.8400287860289829,-0.9489494578070243,Robins' estimator,1.0,1.0,0.5,0.5,3411,0.0,0.0,0.0,wrong,wrong,3.0
99,15.852313168431664,-0.8338966098355838,-0.9393664690263502,Robins' estimator,1.0,1.0,0.5,0.5,3411,0.0,0.0,0.0,wrong,wrong,3.0
100,21.14506329179443,-0.8534070338345543,-0.967004518284818,Robins' estimator,1.0,1.0,0.5,0.5,3411,0.0,0.0,0.0,wrong,wrong,3.0
101,17.633678103813285,-0.8603289270903706,-0.9410527001989053,Robins' estimator,1.0,1.0,0.5,0.5,3411,0.0,0.0,0.0,wrong,wrong,3.0
102,17.609419189763596,-0.8420038050860739,-0.9590127232596936,Robins' estimator,1.0,1.0,0.5,0.5,3411,0.0,0.0,0.0,wrong,wrong,3.0
103,19.690962002181386,-0.8550316268053219,-0.9467453991649941,Robins' estimator,1.0,1.0,0.5,0.5,3411,0.0,0.0,0.0,wrong,wrong,3.0
104,18.954087975802,-0.8503983926760064,-0.9421853876861856,Robins' estimator,1.0,1.0,0.5,0.5,3411,0.0,0.0,0.0,wrong,wrong,3.0
105,16.68450214759261,-0.83138080717682,-0.9556193751346322,Robins' estimator,1.0,1.0,0.5,0.5,3411,0.0,0.0,0.0,wrong,wrong,3.0
106,17.32512957192348,-0.8649335424333007,-0.9659229672770699,Robins' estimator,1.0,1.0,0.5,0.5,3411,0.0,0.0,0.0,wrong,wrong,3.0
107,15.609754857161207,-0.8556613050481408,-0.9442448632551408,Robins' estimator,1.0,1.0,0.5,0.5,3411,0.0,0.0,0.0,wrong,wrong,3.0
108,14.250759088014036,-0.8200431929856131,-0.9498434572171846,Robins' estimator,1.0,1.0,0.5,0.5,3411,0.0,0.0,0.0,wrong,wrong,3.0
109,14.568819412534033,-0.8321201843728608,-0.9467038999962436,Robins' estimator,1.0,1.0,0.5,0.5,3411,0.0,0.0,0.0,wrong,wrong,3.0
110,19.63868197776175,-0.8279646294362364,-0.9423852292931985,Robins' estimator,1.0,1.0,0.5,0.5,3411,0.0,0.0,0.0,wrong,wrong,3.0
111,17.259932776289954,-0.8358685283468448,-0.9482353122981625,Robins' estimator,1.0,1.0,0.5,0.5,3411,0.0,0.0,0.0,wrong,wrong,3.0
112,14.878642384564293,-0.8393518303249855,-0.9483496048595483,Robins' estimator,1.0,1.0,0.5,0.5,3411,0.0,0.0,0.0,wrong,wrong,3.0
113,18.431013048599425,-0.8366166728103824,-0.9454903706605697,Robins' estimator,1.0,1.0,0.5,0.5,3411,0.0,0.0,0.0,wrong,wrong,3.0
114,20.42323640888119,-0.8543810301102402,-0.9558105111690443,Robins' estimator,1.0,1.0,0.5,0.5,3411,0.0,0.0,0.0,wrong,wrong,3.0
115,14.166251501651525,-0.8271466523237233,-0.9396593766500301,Robins' estimator,1.0,1.0,0.5,0.5,3411,0.0,0.0,0.0,wrong,wrong,3.0
116,12.415491978902587,-0.8114306997616947,-0.9426817304449832,Robins' estimator,1.0,1.0,0.5,0.5,3411,0.0,0.0,0.0,wrong,wrong,3.0
117,13.402786504638954,-0.8402293361401093,-0.9548069959925681,Robins' estimator,1.0,1.0,0.5,0.5,3411,0.0,0.0,0.0,wrong,wrong,3.0
118,18.127070579834122,-0.8463150542487079,-0.9503156391951847,Robins' estimator,1.0,1.0,0.5,0.5,3411,0.0,0.0,0.0,wrong,wrong,3.0
119,15.824003590543185,-0.8416551263153178,-0.9559557550656909,Robins' estimator,1.0,1.0,0.5,0.5,3411,0.0,0.0,0.0,wrong,wrong,3.0
120,18.28369779443119,-0.83993820006532,-0.9487011379681994,Robins' estimator,1.0,1.0,0.5,0.5,3411,0.0,0.0,0.0,wrong,wrong,3.0
121,17.1137662788065,-0.8290000845044057,-0.9442693111373103,Robins' estimator,1.0,1.0,0.5,0.5,3411,0.0,0.0,0.0,wrong,wrong,3.0
122,16.65319404110343,-0.8306248777608588,-0.937325305558812,Robins' estimator,1.0,1.0,0.5,0.5,3411,0.0,0.0,0.0,wrong,wrong,3.0
123,16.086136189765163,-0.8268659182686029,-0.9391958053872949,Robins' estimator,1.0,1.0,0.5,0.5,3411,0.0,0.0,0.0,wrong,wrong,3.0
124,15.965187774467694,-0.8418953780038237,-0.948739522918647,Robins' estimator,1.0,1.0,0.5,0.5,3411,0.0,0.0,0.0,wrong,wrong,3.0
125,14.669630693950916,-0.8271275092698503,-0.9378370759897735,Robins' estimator,1.0,1.0,0.5,0.5,3411,0.0,0.0,0.0,wrong,wrong,3.0
126,14.2598272944078,-0.8278366029774283,-0.9402500096451522,Robins' estimator,1.0,1.0,0.5,0.5,3411,0.0,0.0,0.0,wrong,wrong,3.0
127,15.518316922696137,-0.8464453711786326,-0.9444187463835265,Robins' estimator,1.0,1.0,0.5,0.5,3411,0.0,0.0,0.0,wrong,wrong,3.0
128,16.19352321605661,-0.8121401693551475,-0.9346261594877111,Robins' estimator,1.0,1.0,0.5,0.5,3411,0.0,0.0,0.0,wrong,wrong,3.0
129,15.304803611032161,-0.8402052975517202,-0.9484917837525594,Robins' estimator,1.0,1.0,0.5,0.5,3411,0.0,0.0,0.0,wrong,wrong,3.0
130,18.01845086338617,-0.8485578734663706,-0.9531810494739323,Robins' estimator,1.0,1.0,0.5,0.5,3411,0.0,0.0,0.0,wrong,wrong,3.0
131,14.875349255491315,-0.8332191111300354,-0.9462940068236066,Robins' estimator,1.0,1.0,0.5,0.5,3411,0.0,0.0,0.0,wrong,wrong,3.0
132,14.914558761446756,-0.8359556083611246,-0.9404144393183075,Robins' estimator,1.0,1.0,0.5,0.5,3411,0.0,0.0,0.0,wrong,wrong,3.0
133,14.816971312327487,-0.8374119275929046,-0.9394178801744422,Robins' estimator,1.0,1.0,0.5,0.5,3411,0.0,0.0,0.0,wrong,wrong,3.0
134,15.934403675131591,-0.8337444804848942,-0.9419303746115129,Robins' estimator,1.0,1.0,0.5,0.5,3411,0.0,0.0,0.0,wrong,wrong,3.0
135,16.821080923057202,-0.8490879811227352,-0.9535532610758237,Robins' estimator,1.0,1.0,0.5,0.5,3411,0.0,0.0,0.0,wrong,wrong,3.0
136,14.873872642336934,-0.8246899875979378,-0.9458647782019739,Robins' estimator,1.0,1.0,0.5,0.5,3411,0.0,0.0,0.0,wrong,wrong,3.0
137,18.635455683519396,-0.8556999667431144,-0.9604842294879999,Robins' estimator,1.0,1.0,0.5,0.5,3411,0.0,0.0,0.0,wrong,wrong,3.0
138,13.769755406686652,-0.825094116647391,-0.9497566273457437,Robins' estimator,1.0,1.0,0.5,0.5,3411,0.0,0.0,0.0,wrong,wrong,3.0
139,19.161454431305458,-0.849048584751762,-0.9668983321602893,Robins' estimator,1.0,1.0,0.5,0.5,3411,0.0,0.0,0.0,wrong,wrong,3.0
140,19.001158067567296,-0.8250555832447913,-0.9469064348040911,Robins' estimator,1.0,1.0,0.5,0.5,3411,0.0,0.0,0.0,wrong,wrong,3.0
141,17.099694839792317,-0.8221662660654677,-0.9332507547075207,Robins' estimator,1.0,1.0,0.5,0.5,3411,0.0,0.0,0.0,wrong,wrong,3.0
142,15.260234727010062,-0.8411180510868026,-0.9431583273469587,Robins' estimator,1.0,1.0,0.5,0.5,3411,0.0,0.0,0.0,wrong,wrong,3.0
143,20.122410678781787,-0.8352649542848658,-0.9414244531112326,Robins' estimator,1.0,1.0,0.5,0.5,3411,0.0,0.0,0.0,wrong,wrong,3.0
144,15.963465877905675,-0.8370964222349498,-0.9422709421128612,Robins' estimator,1.0,1.0,0.5,0.5,3411,0.0,0.0,0.0,wrong,wrong,3.0
145,15.836095748813523,-0.8196877966361982,-0.9254465180658017,Robins' estimator,1.0,1.0,0.5,0.5,3411,0.0,0.0,0.0,wrong,wrong,3.0
146,18.165940384746406,-0.8389754342168048,-0.9513908531501211,Robins' estimator,1.0,1.0,0.5,0.5,3411,0.0,0.0,0.0,wrong,wrong,3.0
147,18.002121430568845,-0.8514414827234361,-0.9527702256915287,Robins' estimator,1.0,1.0,0.5,0.5,3411,0.0,0.0,0.0,wrong,wrong,3.0
148,16.540266597453524,-0.8348566645525956,-0.9505945506684701,Robins' estimator,1.0,1.0,0.5,0.5,3411,0.0,0.0,0.0,wrong,wrong,3.0
149,17.136002385042715,-0.8349732888398249,-0.9485045813363595,Robins' estimator,1.0,1.0,0.5,0.5,3411,0.0,0.0,0.0,wrong,wrong,3.0
150,14.96483940586926,-0.8044095100482597,-0.9350563035483106,Robins' estimator,1.0,1.0,0.5,0.5,3411,0.0,0.0,0.0,wrong,wrong,3.0
151,18.025172718715393,-0.8404086768331374,-0.9501987085659236,Robins' estimator,1.0,1.0,0.5,0.5,3411,0.0,0.0,0.0,wrong,wrong,3.0
152,16.195265773659504,-0.8304997566683432,-0.9438468874745537,Robins' estimator,1.0,1.0,0.5,0.5,3411,0.0,0.0,0.0,wrong,wrong,3.0
153,14.838652227523024,-0.8491324765445324,-0.9482251399580639,Robins' estimator,1.0,1.0,0.5,0.5,3411,0.0,0.0,0.0,wrong,wrong,3.0
154,15.510241474974409,-0.8253670612936177,-0.9400713509751167,Robins' estimator,1.0,1.0,0.5,0.5,3411,0.0,0.0,0.0,wrong,wrong,3.0
155,16.169731822783078,-0.838784467532917,-0.9575804902285631,Robins' estimator,1.0,1.0,0.5,0.5,3411,0.0,0.0,0.0,wrong,wrong,3.0
156,13.281036688808179,-0.8262922349915904,-0.9236397576546119,Robins' estimator,1.0,1.0,0.5,0.5,3411,0.0,0.0,0.0,wrong,wrong,3.0
157,15.317372962886562,-0.8347514998760357,-0.9436366405906726,Robins' estimator,1.0,1.0,0.5,0.5,3411,0.0,0.0,0.0,wrong,wrong,3.0
158,17.04562136850928,-0.8343141281494567,-0.9522818999086939,Robins' estimator,1.0,1.0,0.5,0.5,3411,0.0,0.0,0.0,wrong,wrong,3.0
159,15.95785630902333,-0.8246628102559672,-0.9368761997098642,Robins' estimator,1.0,1.0,0.5,0.5,3411,0.0,0.0,0.0,wrong,wrong,3.0
160,17.08019361459891,-0.8416786336707538,-0.9519788875894538,Robins' estimator,1.0,1.0,0.5,0.5,3411,0.0,0.0,0.0,wrong,wrong,3.0
161,13.98599999212291,-0.8234358219246588,-0.9369189379279619,Robins' estimator,1.0,1.0,0.5,0.5,3411,0.0,0.0,0.0,wrong,wrong,3.0
162,16.286166402534658,-0.819718416787464,-0.9410487067122469,Robins' estimator,1.0,1.0,0.5,0.5,3411,0.0,0.0,0.0,wrong,wrong,3.0
163,15.402109264744233,-0.8343392118851988,-0.9481613709360328,Robins' estimator,1.0,1.0,0.5,0.5,3411,0.0,0.0,0.0,wrong,wrong,3.0
164,21.078113321515403,-0.8684297463423754,-0.964503246150221,Robins' estimator,1.0,1.0,0.5,0.5,3411,0.0,0.0,0.0,wrong,wrong,3.0
165,15.254761141140664,-0.8442885067705369,-0.9496319753929688,Robins' estimator,1.0,1.0,0.5,0.5,3411,0.0,0.0,0.0,wrong,wrong,3.0
166,15.721415013203188,-0.8379422652648012,-0.9399993910782912,Robins' estimator,1.0,1.0,0.5,0.5,3411,0.0,0.0,0.0,wrong,wrong,3.0
167,17.049393990815574,-0.8431426050071431,-0.9525879381976639,Robins' estimator,1.0,1.0,0.5,0.5,3411,0.0,0.0,0.0,wrong,wrong,3.0
168,15.86571061375941,-0.8337019769581839,-0.9416262369426303,Robins' estimator,1.0,1.0,0.5,0.5,3411,0.0,0.0,0.0,wrong,wrong,3.0
169,15.09537836917589,-0.8230869995969771,-0.9488906000542866,Robins' estimator,1.0,1.0,0.5,0.5,3411,0.0,0.0,0.0,wrong,wrong,3.0
170,20.905535577032147,-0.8486429096531006,-0.9572801857474288,Robins' estimator,1.0,1.0,0.5,0.5,3411,0.0,0.0,0.0,wrong,wrong,3.0
171,16.653697095538917,-0.8506901477239313,-0.9533292214500143,Robins' estimator,1.0,1.0,0.5,0.5,3411,0.0,0.0,0.0,wrong,wrong,3.0
172,16.324754235742745,-0.8387020404006663,-0.9569841894483363,Robins' estimator,1.0,1.0,0.5,0.5,3411,0.0,0.0,0.0,wrong,wrong,3.0
173,16.062645638957463,-0.8476664824016662,-0.9521445081466011,Robins' estimator,1.0,1.0,0.5,0.5,3411,0.0,0.0,0.0,wrong,wrong,3.0
174,15.366336125506768,-0.8355687408296436,-0.9394680702516267,Robins' estimator,1.0,1.0,0.5,0.5,3411,0.0,0.0,0.0,wrong,wrong,3.0
175,13.329077691617183,-0.8486111339693645,-0.9449680077815035,Robins' estimator,1.0,1.0,0.5,0.5,3411,0.0,0.0,0.0,wrong,wrong,3.0
176,13.497896409655837,-0.8348952530876796,-0.9352699749247262,Robins' estimator,1.0,1.0,0.5,0.5,3411,0.0,0.0,0.0,wrong,wrong,3.0
177,14.976977859065837,-0.8133971648202208,-0.9488105212942206,Robins' estimator,1.0,1.0,0.5,0.5,3411,0.0,0.0,0.0,wrong,wrong,3.0
178,16.877516385298918,-0.8558413216126436,-0.9489359738410496,Robins' estimator,1.0,1.0,0.5,0.5,3411,0.0,0.0,0.0,wrong,wrong,3.0
179,15.475271379077663,-0.8304160042501599,-0.9458993810572079,Robins' estimator,1.0,1.0,0.5,0.5,3411,0.0,0.0,0.0,wrong,wrong,3.0
180,14.439955156199941,-0.8220040796936092,-0.9455766439078677,Robins' estimator,1.0,1.0,0.5,0.5,3411,0.0,0.0,0.0,wrong,wrong,3.0
181,18.180459442266642,-0.8290824520742323,-0.948898444811097,Robins' estimator,1.0,1.0,0.5,0.5,3411,0.0,0.0,0.0,wrong,wrong,3.0
182,17.312171107458038,-0.8341351509919502,-0.9292189706573427,Robins' estimator,1.0,1.0,0.5,0.5,3411,0.0,0.0,0.0,wrong,wrong,3.0
183,16.060711682729632,-0.8393292187643305,-0.9414239792285326,Robins' estimator,1.0,1.0,0.5,0.5,3411,0.0,0.0,0.0,wrong,wrong,3.0
184,19.13391242768123,-0.8422110731841089,-0.9480265829157671,Robins' estimator,1.0,1.0,0.5,0.5,3411,0.0,0.0,0.0,wrong,wrong,3.0
185,16.38922189213432,-0.8521100244223692,-0.9532795920325962,Robins' estimator,1.0,1.0,0.5,0.5,3411,0.0,0.0,0.0,wrong,wrong,3.0
186,15.98061205124527,-0.8414045711429149,-0.9493987979419591,Robins' estimator,1.0,1.0,0.5,0.5,3411,0.0,0.0,0.0,wrong,wrong,3.0
187,19.373084672808652,-0.8483787311602294,-0.9407896688401524,Robins' estimator,1.0,1.0,0.5,0.5,3411,0.0,0.0,0.0,wrong,wrong,3.0
188,15.23187266921073,-0.828493062731057,-0.9466708160152838,Robins' estimator,1.0,1.0,0.5,0.5,3411,0.0,0.0,0.0,wrong,wrong,3.0
189,0.3496231284507076,-1.030012439568414,-1.0323482240378417,Robins' estimator,1.0,1.0,0.5,0.5,3411,0.0,0.0,0.0,wrong,wrong,3.0
190,19.679098843239423,-0.8385671975021259,-0.9346751656079119,Robins' estimator,1.0,1.0,0.5,0.5,3411,0.0,0.0,0.0,wrong,wrong,3.0
191,14.00253551198074,-0.8263090172074341,-0.935696463976149,Robins' estimator,1.0,1.0,0.5,0.5,3411,0.0,0.0,0.0,wrong,wrong,3.0
192,16.481192814725773,-0.8334187883922082,-0.9486035998409168,Robins' estimator,1.0,1.0,0.5,0.5,3411,0.0,0.0,0.0,wrong,wrong,3.0
193,17.388501464081756,-0.8517856432750431,-0.957396651518317,Robins' estimator,1.0,1.0,0.5,0.5,3411,0.0,0.0,0.0,wrong,wrong,3.0
194,16.352397716241576,-0.8345023125269222,-0.9340717119759647,Robins' estimator,1.0,1.0,0.5,0.5,3411,0.0,0.0,0.0,wrong,wrong,3.0
195,15.766109902608662,-0.8326634057571183,-0.9534342587115137,Robins' estimator,1.0,1.0,0.5,0.5,3411,0.0,0.0,0.0,wrong,wrong,3.0
196,14.00255252550025,-0.8399372280148744,-0.9528214701904199,Robins' estimator,1.0,1.0,0.5,0.5,3411,0.0,0.0,0.0,wrong,wrong,3.0
197,15.851605804011157,-0.8117679037969847,-0.941188940614373,Robins' estimator,1.0,1.0,0.5,0.5,3411,0.0,0.0,0.0,wrong,wrong,3.0
198,19.777776225129074,-0.8515236444927083,-0.9552780163584504,Robins' estimator,1.0,1.0,0.5,0.5,3411,0.0,0.0,0.0,wrong,wrong,3.0
199,16.251370841242238,-0.8432087784783415,-0.9520663877057628,Robins' estimator,1.0,1.0,0.5,0.5,3411,0.0,0.0,0.0,wrong,wrong,3.0
200,16.209661109094178,-0.8328152036995681,-0.9366160021168799,Robins' estimator,1.0,1.0,0.5,0.5,3411,0.0,0.0,0.0,wrong,wrong,3.0
201,17.095243676057414,-0.840936723807948,-0.9436393504276005,Robins' estimator,1.0,1.0,0.5,0.5,3411,0.0,0.0,0.0,wrong,wrong,3.0
202,15.052582510411085,-0.8218784881044606,-0.9436258030207566,Robins' estimator,1.0,1.0,0.5,0.5,3411,0.0,0.0,0.0,wrong,wrong,3.0
203,19.527178801083334,-0.8418884027772837,-0.9457632851603573,Robins' estimator,1.0,1.0,0.5,0.5,3411,0.0,0.0,0.0,wrong,wrong,3.0
204,17.130155148499796,-0.8440922722894456,-0.9433669112170113,Robins' estimator,1.0,1.0,0.5,0.5,3411,0.0,0.0,0.0,wrong,wrong,3.0
205,18.700031842171292,-0.8490113672902834,-0.95328894544363,Robins' estimator,1.0,1.0,0.5,0.5,3411,0.0,0.0,0.0,wrong,wrong,3.0
206,18.870170870731357,-0.849977911274907,-0.956207711494408,Robins' estimator,1.0,1.0,0.5,0.5,3411,0.0,0.0,0.0,wrong,wrong,3.0
207,18.16009952936339,-0.8349756762363467,-0.9399764169402062,Robins' estimator,1.0,1.0,0.5,0.5,3411,0.0,0.0,0.0,wrong,wrong,3.0
208,14.596208246103547,-0.8366850617756436,-0.9412390690486919,Robins' estimator,1.0,1.0,0.5,0.5,3411,0.0,0.0,0.0,wrong,wrong,3.0
209,18.58115539429435,-0.8374508097664248,-0.9507241154602601,Robins' estimator,1.0,1.0,0.5,0.5,3411,0.0,0.0,0.0,wrong,wrong,3.0
210,12.598258040321248,-0.8238352476053882,-0.9385204095541483,Robins' estimator,1.0,1.0,0.5,0.5,3411,0.0,0.0,0.0,wrong,wrong,3.0
211,16.108852979492454,-0.8289693576748002,-0.94642531643179,Robins' estimator,1.0,1.0,0.5,0.5,3411,0.0,0.0,0.0,wrong,wrong,3.0
212,14.6628192190074,-0.8300114676316922,-0.9440083517937782,Robins' estimator,1.0,1.0,0.5,0.5,3411,0.0,0.0,0.0,wrong,wrong,3.0
213,21.494679553292706,-0.8528660528296297,-0.9441632408566025,Robins' estimator,1.0,1.0,0.5,0.5,3411,0.0,0.0,0.0,wrong,wrong,3.0
214,14.112202414678961,-0.83127565686753,-0.9455052404798786,Robins' estimator,1.0,1.0,0.5,0.5,3411,0.0,0.0,0.0,wrong,wrong,3.0
215,16.421239839618284,-0.8332876214193352,-0.9371919731947571,Robins' estimator,1.0,1.0,0.5,0.5,3411,0.0,0.0,0.0,wrong,wrong,3.0
216,17.132589096241414,-0.8315910107044765,-0.9396105930098629,Robins' estimator,1.0,1.0,0.5,0.5,3411,0.0,0.0,0.0,wrong,wrong,3.0
217,17.26422896705786,-0.8350002306424129,-0.9559200381381034,Robins' estimator,1.0,1.0,0.5,0.5,3411,0.0,0.0,0.0,wrong,wrong,3.0
218,18.075558357811417,-0.85043000154702,-0.9497847814774547,Robins' estimator,1.0,1.0,0.5,0.5,3411,0.0,0.0,0.0,wrong,wrong,3.0
219,16.699991757585927,-0.8382906025807182,-0.9364188797108531,Robins' estimator,1.0,1.0,0.5,0.5,3411,0.0,0.0,0.0,wrong,wrong,3.0
220,17.896920810570904,-0.8246113287121909,-0.9496312619995989,Robins' estimator,1.0,1.0,0.5,0.5,3411,0.0,0.0,0.0,wrong,wrong,3.0
221,19.978714053537033,-0.8451406537368675,-0.9562491880143699,Robins' estimator,1.0,1.0,0.5,0.5,3411,0.0,0.0,0.0,wrong,wrong,3.0
222,15.823589132740903,-0.8325660041692512,-0.9387880028713155,Robins' estimator,1.0,1.0,0.5,0.5,3411,0.0,0.0,0.0,wrong,wrong,3.0
223,18.108858926788724,-0.8361695902876722,-0.934087316900617,Robins' estimator,1.0,1.0,0.5,0.5,3411,0.0,0.0,0.0,wrong,wrong,3.0
224,16.90819134034392,-0.8528552547328999,-0.9583198942011498,Robins' estimator,1.0,1.0,0.5,0.5,3411,0.0,0.0,0.0,wrong,wrong,3.0
225,15.329033781014644,-0.8437050979925632,-0.9497789498795873,Robins' estimator,1.0,1.0,0.5,0.5,3411,0.0,0.0,0.0,wrong,wrong,3.0
226,19.35934167221374,-0.8332404119315059,-0.9431409927560551,Robins' estimator,1.0,1.0,0.5,0.5,3411,0.0,0.0,0.0,wrong,wrong,3.0
227,16.048735300199258,-0.835531778664408,-0.9329423400268282,Robins' estimator,1.0,1.0,0.5,0.5,3411,0.0,0.0,0.0,wrong,wrong,3.0
228,19.69444677744612,-0.8478700574929523,-0.9393660219351871,Robins' estimator,1.0,1.0,0.5,0.5,3411,0.0,0.0,0.0,wrong,wrong,3.0
229,14.639384294599402,-0.8447258502507339,-0.9487506608219526,Robins' estimator,1.0,1.0,0.5,0.5,3411,0.0,0.0,0.0,wrong,wrong,3.0
230,12.803009201236861,-0.8330842527017461,-0.9544082983560448,Robins' estimator,1.0,1.0,0.5,0.5,3411,0.0,0.0,0.0,wrong,wrong,3.0
231,16.3666202883021,-0.8481149652437644,-0.9439028518736219,Robins' estimator,1.0,1.0,0.5,0.5,3411,0.0,0.0,0.0,wrong,wrong,3.0
232,17.865595396990656,-0.8343536687008144,-0.9558652268564107,Robins' estimator,1.0,1.0,0.5,0.5,3411,0.0,0.0,0.0,wrong,wrong,3.0
233,21.493451878663095,-0.8414326827563396,-0.9494237234326666,Robins' estimator,1.0,1.0,0.5,0.5,3411,0.0,0.0,0.0,wrong,wrong,3.0
234,16.413009719044457,-0.8500997099515244,-0.9545587225451602,Robins' estimator,1.0,1.0,0.5,0.5,3411,0.0,0.0,0.0,wrong,wrong,3.0
235,17.085631846608013,-0.8503332698613834,-0.9423690719434975,Robins' estimator,1.0,1.0,0.5,0.5,3411,0.0,0.0,0.0,wrong,wrong,3.0
236,14.148629591840994,-0.8300685734196593,-0.9404414443834622,Robins' estimator,1.0,1.0,0.5,0.5,3411,0.0,0.0,0.0,wrong,wrong,3.0
237,18.818728449147187,-0.8534445819407697,-0.9538020459905152,Robins' estimator,1.0,1.0,0.5,0.5,3411,0.0,0.0,0.0,wrong,wrong,3.0
238,20.456672838126025,-0.8544235522547148,-0.9444635353040618,Robins' estimator,1.0,1.0,0.5,0.5,3411,0.0,0.0,0.0,wrong,wrong,3.0
239,16.941717398203014,-0.8529949184486727,-0.953435903849258,Robins' estimator,1.0,1.0,0.5,0.5,3411,0.0,0.0,0.0,wrong,wrong,3.0
240,14.967489528700005,-0.818226650514292,-0.9441323317944236,Robins' estimator,1.0,1.0,0.5,0.5,3411,0.0,0.0,0.0,wrong,wrong,3.0
241,14.957663922268512,-0.8267789165401014,-0.9457145091420188,Robins' estimator,1.0,1.0,0.5,0.5,3411,0.0,0.0,0.0,wrong,wrong,3.0
242,15.195292943085832,-0.8344273289029928,-0.9523922156837352,Robins' estimator,1.0,1.0,0.5,0.5,3411,0.0,0.0,0.0,wrong,wrong,3.0
243,18.10739420740667,-0.8451122464181656,-0.944872463958649,Robins' estimator,1.0,1.0,0.5,0.5,3411,0.0,0.0,0.0,wrong,wrong,3.0
244,18.020745210225087,-0.8376225459739634,-0.9476742576895831,Robins' estimator,1.0,1.0,0.5,0.5,3411,0.0,0.0,0.0,wrong,wrong,3.0
245,17.170624488265393,-0.8405617732016009,-0.9441353525717701,Robins' estimator,1.0,1.0,0.5,0.5,3411,0.0,0.0,0.0,wrong,wrong,3.0
246,16.62740976962185,-0.8338055203648855,-0.9455756809831541,Robins' estimator,1.0,1.0,0.5,0.5,3411,0.0,0.0,0.0,wrong,wrong,3.0
247,19.48627824236781,-0.8554477844870448,-0.9551713435591659,Robins' estimator,1.0,1.0,0.5,0.5,3411,0.0,0.0,0.0,wrong,wrong,3.0
248,18.82511950283329,-0.8619666430959981,-0.9496717835956491,Robins' estimator,1.0,1.0,0.5,0.5,3411,0.0,0.0,0.0,wrong,wrong,3.0
249,17.345137201723027,-0.8266193883017182,-0.9409658227562231,Robins' estimator,1.0,1.0,0.5,0.5,3411,0.0,0.0,0.0,wrong,wrong,3.0
250,15.037103387398604,-0.8380817287138382,-0.9481092662303028,Robins' estimator,1.0,1.0,0.5,0.5,3411,0.0,0.0,0.0,wrong,wrong,3.0
251,17.36459436310747,-0.8429469089691242,-0.9559804779914743,Robins' estimator,1.0,1.0,0.5,0.5,3411,0.0,0.0,0.0,wrong,wrong,3.0
252,19.365075894632604,-0.8540344568585546,-0.9415622276989146,Robins' estimator,1.0,1.0,0.5,0.5,3411,0.0,0.0,0.0,wrong,wrong,3.0
253,16.74126479189031,-0.820278970079274,-0.9405680897177847,Robins' estimator,1.0,1.0,0.5,0.5,3411,0.0,0.0,0.0,wrong,wrong,3.0
254,15.978843662480768,-0.8338302948057116,-0.9497634590747922,Robins' estimator,1.0,1.0,0.5,0.5,3411,0.0,0.0,0.0,wrong,wrong,3.0
255,17.776486786923783,-0.8578633107052707,-0.9381963697858583,Robins' estimator,1.0,1.0,0.5,0.5,3411,0.0,0.0,0.0,wrong,wrong,3.0
256,16.2153240831381,-0.8436564111747766,-0.9567007794984915,Robins' estimator,1.0,1.0,0.5,0.5,3411,0.0,0.0,0.0,wrong,wrong,3.0
257,13.993939798764885,-0.8358585918215545,-0.9533608991764979,Robins' estimator,1.0,1.0,0.5,0.5,3411,0.0,0.0,0.0,wrong,wrong,3.0
258,17.351695680032904,-0.842162513056732,-0.9617838681402942,Robins' estimator,1.0,1.0,0.5,0.5,3411,0.0,0.0,0.0,wrong,wrong,3.0
259,13.669127230720685,-0.8289259807047661,-0.9389580850591611,Robins' estimator,1.0,1.0,0.5,0.5,3411,0.0,0.0,0.0,wrong,wrong,3.0
260,16.399879265406387,-0.8538051051180628,-0.9472712058153491,Robins' estimator,1.0,1.0,0.5,0.5,3411,0.0,0.0,0.0,wrong,wrong,3.0
261,18.446685182253287,-0.8473149805052205,-0.9528374715081207,Robins' estimator,1.0,1.0,0.5,0.5,3411,0.0,0.0,0.0,wrong,wrong,3.0
262,17.220786939631907,-0.836991514537335,-0.949496016072128,Robins' estimator,1.0,1.0,0.5,0.5,3411,0.0,0.0,0.0,wrong,wrong,3.0
263,16.418722260918674,-0.8390141115674391,-0.9440637698607103,Robins' estimator,1.0,1.0,0.5,0.5,3411,0.0,0.0,0.0,wrong,wrong,3.0
264,17.814782021174384,-0.8379608767469866,-0.9526514032598523,Robins' estimator,1.0,1.0,0.5,0.5,3411,0.0,0.0,0.0,wrong,wrong,3.0
265,17.493933703998707,-0.8449105064193907,-0.9478667541910744,Robins' estimator,1.0,1.0,0.5,0.5,3411,0.0,0.0,0.0,wrong,wrong,3.0
266,11.919945927719425,-0.835990359971467,-0.9632547056035242,Robins' estimator,1.0,1.0,0.5,0.5,3411,0.0,0.0,0.0,wrong,wrong,3.0
267,13.0242799694245,-0.811445061091159,-0.937672823825172,Robins' estimator,1.0,1.0,0.5,0.5,3411,0.0,0.0,0.0,wrong,wrong,3.0
268,14.718907868461173,-0.8325665163352367,-0.9458785282404755,Robins' estimator,1.0,1.0,0.5,0.5,3411,0.0,0.0,0.0,wrong,wrong,3.0
269,18.328658188544207,-0.8452116637126723,-0.9444594924407677,Robins' estimator,1.0,1.0,0.5,0.5,3411,0.0,0.0,0.0,wrong,wrong,3.0
270,14.0524956624845,-0.8408721240495944,-0.9457863835468532,Robins' estimator,1.0,1.0,0.5,0.5,3411,0.0,0.0,0.0,wrong,wrong,3.0
271,17.520289200145143,-0.8463224055017355,-0.9433861771587476,Robins' estimator,1.0,1.0,0.5,0.5,3411,0.0,0.0,0.0,wrong,wrong,3.0
272,16.833457780811855,-0.8478314855933897,-0.9526462937282895,Robins' estimator,1.0,1.0,0.5,0.5,3411,0.0,0.0,0.0,wrong,wrong,3.0
273,12.787914457495967,-0.8327825017101679,-0.9484907711112706,Robins' estimator,1.0,1.0,0.5,0.5,3411,0.0,0.0,0.0,wrong,wrong,3.0
274,15.26938071609774,-0.8392616452465265,-0.95001589421288,Robins' estimator,1.0,1.0,0.5,0.5,3411,0.0,0.0,0.0,wrong,wrong,3.0
275,18.431830797392507,-0.8415142048120183,-0.9583896777887834,Robins' estimator,1.0,1.0,0.5,0.5,3411,0.0,0.0,0.0,wrong,wrong,3.0
276,15.964100863031012,-0.8317527157743825,-0.9476593501008884,Robins' estimator,1.0,1.0,0.5,0.5,3411,0.0,0.0,0.0,wrong,wrong,3.0
277,15.05199828155584,-0.8316770999802905,-0.9494786768736896,Robins' estimator,1.0,1.0,0.5,0.5,3411,0.0,0.0,0.0,wrong,wrong,3.0
278,15.052799625378427,-0.8224832119513296,-0.9471004986730424,Robins' estimator,1.0,1.0,0.5,0.5,3411,0.0,0.0,0.0,wrong,wrong,3.0
279,19.086688686286024,-0.8509524911970009,-0.9534066580808043,Robins' estimator,1.0,1.0,0.5,0.5,3411,0.0,0.0,0.0,wrong,wrong,3.0
280,18.1315642409632,-0.830752931982587,-0.9508167932623177,Robins' estimator,1.0,1.0,0.5,0.5,3411,0.0,0.0,0.0,wrong,wrong,3.0
281,16.10207467072052,-0.8236683556041686,-0.9370270847756662,Robins' estimator,1.0,1.0,0.5,0.5,3411,0.0,0.0,0.0,wrong,wrong,3.0
282,15.6910035239782,-0.8416692675575426,-0.9525351912174368,Robins' estimator,1.0,1.0,0.5,0.5,3411,0.0,0.0,0.0,wrong,wrong,3.0
283,18.172934958392005,-0.8352530057460212,-0.9595831851552042,Robins' estimator,1.0,1.0,0.5,0.5,3411,0.0,0.0,0.0,wrong,wrong,3.0
284,18.709945814581868,-0.8350370353936398,-0.9493729603969249,Robins' estimator,1.0,1.0,0.5,0.5,3411,0.0,0.0,0.0,wrong,wrong,3.0
285,21.777138531386015,-0.8729720768240523,-0.9685766096398002,Robins' estimator,1.0,1.0,0.5,0.5,3411,0.0,0.0,0.0,wrong,wrong,3.0
286,17.8177007065928,-0.8408813138656444,-0.9391225070567021,Robins' estimator,1.0,1.0,0.5,0.5,3411,0.0,0.0,0.0,wrong,wrong,3.0
287,17.486936243431177,-0.822527210921538,-0.9483023448014577,Robins' estimator,1.0,1.0,0.5,0.5,3411,0.0,0.0,0.0,wrong,wrong,3.0
288,15.176643128827749,-0.835725120348517,-0.9491850319831863,Robins' estimator,1.0,1.0,0.5,0.5,3411,0.0,0.0,0.0,wrong,wrong,3.0
289,17.249800447237163,-0.8287757266141201,-0.9357581615964432,Robins' estimator,1.0,1.0,0.5,0.5,3411,0.0,0.0,0.0,wrong,wrong,3.0
290,17.18155004037152,-0.8520294499548596,-0.95826352015143,Robins' estimator,1.0,1.0,0.5,0.5,3411,0.0,0.0,0.0,wrong,wrong,3.0
291,17.52951597100723,-0.8326095998727533,-0.9439490394484007,Robins' estimator,1.0,1.0,0.5,0.5,3411,0.0,0.0,0.0,wrong,wrong,3.0
292,17.661530112292343,-0.8236366243147325,-0.9350271659448329,Robins' estimator,1.0,1.0,0.5,0.5,3411,0.0,0.0,0.0,wrong,wrong,3.0
293,15.020515758572856,-0.8518093772170027,-0.9520346080787633,Robins' estimator,1.0,1.0,0.5,0.5,3411,0.0,0.0,0.0,wrong,wrong,3.0
294,15.656329627791497,-0.8490514139380608,-0.9426942545461784,Robins' estimator,1.0,1.0,0.5,0.5,3411,0.0,0.0,0.0,wrong,wrong,3.0
295,15.459668190353844,-0.8330079541903114,-0.9413476380037528,Robins' estimator,1.0,1.0,0.5,0.5,3411,0.0,0.0,0.0,wrong,wrong,3.0
296,15.884924679247675,-0.8165718274815349,-0.9455681224293532,Robins' estimator,1.0,1.0,0.5,0.5,3411,0.0,0.0,0.0,wrong,wrong,3.0
297,18.064157805485422,-0.8590151626418059,-0.9641070005504822,Robins' estimator,1.0,1.0,0.5,0.5,3411,0.0,0.0,0.0,wrong,wrong,3.0
298,15.93558951715958,-0.8134200269947235,-0.9291505132773882,Robins' estimator,1.0,1.0,0.5,0.5,3411,0.0,0.0,0.0,wrong,wrong,3.0
299,18.5394701126608,-0.8360254382671861,-0.9479446470281678,Robins' estimator,1.0,1.0,0.5,0.5,3411,0.0,0.0,0.0,wrong,wrong,3.0
300,18.091242060790552,-0.8685475776899684,-0.9524107695259162,Robins' estimator,1.0,1.0,0.5,0.5,3411,0.0,0.0,0.0,wrong,wrong,3.0
1,0.08309525774397927,-1.0398239738025516,-1.0209917603194476,GMM estimator,1.0,1.0,0.5,0.5,3411,0.0,0.0,0.0,wrong,wrong,3.0
2,2.5644023796539006,-0.9356122794254929,-0.9739796415223931,GMM estimator,1.0,1.0,0.5,0.5,3411,0.0,0.0,0.0,wrong,wrong,3.0
3,2.9143147607485713,-0.8270757956021612,-1.0029612576736955,GMM estimator,1.0,1.0,0.5,0.5,3411,0.0,0.0,0.0,wrong,wrong,3.0
4,3.7111332746655035,-0.8736888720204175,-0.9501537909687892,GMM estimator,1.0,1.0,0.5,0.5,3411,0.0,0.0,0.0,wrong,wrong,3.0
5,3.3203478996470954,-0.8965795088508585,-0.9738710232720802,GMM estimator,1.0,1.0,0.5,0.5,3411,0.0,0.0,0.0,wrong,wrong,3.0
6,0.5734631468071006,-1.02350589682954,-1.0315216551158688,GMM estimator,1.0,1.0,0.5,0.5,3411,0.0,0.0,0.0,wrong,wrong,3.0
7,0.8254360156208552,-1.0077056871093568,-1.0195310170386067,GMM estimator,1.0,1.0,0.5,0.5,3411,0.0,0.0,0.0,wrong,wrong,3.0
8,4.2061664279179825,-0.8495325872505806,-1.0223934893626152,GMM estimator,1.0,1.0,0.5,0.5,3411,0.0,0.0,0.0,wrong,wrong,3.0
9,0.13650453046631172,-1.0073377991534493,-1.0132030455042949,GMM estimator,1.0,1.0,0.5,0.5,3411,0.0,0.0,0.0,wrong,wrong,3.0
10,3.4678935499213663,-0.9325179988100426,-1.0121736679608084,GMM estimator,1.0,1.0,0.5,0.5,3411,0.0,0.0,0.0,wrong,wrong,3.0
11,0.5587188333033898,-1.0175325857860387,-1.0343521661197836,GMM estimator,1.0,1.0,0.5,0.5,3411,0.0,0.0,0.0,wrong,wrong,3.0
12,3.170444486659633,-0.9072095279508499,-0.9272956917352712,GMM estimator,1.0,1.0,0.5,0.5,3411,0.0,0.0,0.0,wrong,wrong,3.0
13,0.6241873506298778,-1.0150473466149985,-1.0272656936865583,GMM estimator,1.0,1.0,0.5,0.5,3411,0.0,0.0,0.0,wrong,wrong,3.0
14,2.98200841569451,-0.8960437227283019,-1.0004092700686964,GMM estimator,1.0,1.0,0.5,0.5,3411,0.0,0.0,0.0,wrong,wrong,3.0
15,2.9630246673326983,-0.9058317548469899,-1.0435462644808895,GMM estimator,1.0,1.0,0.5,0.5,3411,0.0,0.0,0.0,wrong,wrong,3.0
16,3.6669146776244563,-0.9389175811942161,-0.9984623854203644,GMM estimator,1.0,1.0,0.5,0.5,3411,0.0,0.0,0.0,wrong,wrong,3.0
17,0.6271913520262442,-1.0013483746732954,-1.0174595346625168,GMM estimator,1.0,1.0,0.5,0.5,3411,0.0,0.0,0.0,wrong,wrong,3.0
18,0.7290077416181822,-1.0111300087775488,-1.0183339470906934,GMM estimator,1.0,1.0,0.5,0.5,3411,0.0,0.0,0.0,wrong,wrong,3.0
19,0.1422894480460622,-1.0173642252751374,-1.0226936550638008,GMM estimator,1.0,1.0,0.5,0.5,3411,0.0,0.0,0.0,wrong,wrong,3.0
20,3.395591383995554,-0.8153680233498265,-0.974197524196335,GMM estimator,1.0,1.0,0.5,0.5,3411,0.0,0.0,0.0,wrong,wrong,3.0
21,3.8646233699304275,-0.8701903370624459,-0.9861391274723936,GMM estimator,1.0,1.0,0.5,0.5,3411,0.0,0.0,0.0,wrong,wrong,3.0
22,4.122073320267717,-0.8378688723758781,-0.9887147826557415,GMM estimator,1.0,1.0,0.5,0.5,3411,0.0,0.0,0.0,wrong,wrong,3.0
23,4.992538259132763,-0.942525296254719,-1.0394814053032826,GMM estimator,1.0,1.0,0.5,0.5,3411,0.0,0.0,0.0,wrong,wrong,3.0
24,4.177749986632549,-0.8856828124835132,-0.9867753699797848,GMM estimator,1.0,1.0,0.5,0.5,3411,0.0,0.0,0.0,wrong,wrong,3.0
25,0.33518279921614974,-1.015669679432083,-1.0155829983343132,GMM estimator,1.0,1.0,0.5,0.5,3411,0.0,0.0,0.0,wrong,wrong,3.0
26,0.7539132322387254,-1.0009723583355103,-1.0173223517505883,GMM estimator,1.0,1.0,0.5,0.5,3411,0.0,0.0,0.0,wrong,wrong,3.0
27,4.6138081955810115,-0.8528887696563973,-0.9933579864433408,GMM estimator,1.0,1.0,0.5,0.5,3411,0.0,0.0,0.0,wrong,wrong,3.0
28,5.667581065753846,-0.8920942308406166,-1.0330857678633603,GMM estimator,1.0,1.0,0.5,0.5,3411,0.0,0.0,0.0,wrong,wrong,3.0
29,3.7986466677442134,-0.879802678451187,-0.9415354132649728,GMM estimator,1.0,1.0,0.5,0.5,3411,0.0,0.0,0.0,wrong,wrong,3.0
30,2.0213676991672167,-0.868158485891336,-0.9898748219968866,GMM estimator,1.0,1.0,0.5,0.5,3411,0.0,0.0,0.0,wrong,wrong,3.0
31,0.2783332805163012,-1.0315263898572598,-1.0294589767939777,GMM estimator,1.0,1.0,0.5,0.5,3411,0.0,0.0,0.0,wrong,wrong,3.0
32,2.774064425592693,-0.9320663870454133,-0.9957055391929438,GMM estimator,1.0,1.0,0.5,0.5,3411,0.0,0.0,0.0,wrong,wrong,3.0
33,0.5314510302251089,-1.0280651418869662,-1.028860283898986,GMM estimator,1.0,1.0,0.5,0.5,3411,0.0,0.0,0.0,wrong,wrong,3.0
34,0.6509271777244999,-1.0357398548124908,-1.0316932271062793,GMM estimator,1.0,1.0,0.5,0.5,3411,0.0,0.0,0.0,wrong,wrong,3.0
35,2.9362469428707056,-0.9043104527797379,-1.0016546696301256,GMM estimator,1.0,1.0,0.5,0.5,3411,0.0,0.0,0.0,wrong,wrong,3.0
36,0.3564061288930034,-1.020857431771693,-1.0304227071624024,GMM estimator,1.0,1.0,0.5,0.5,3411,0.0,0.0,0.0,wrong,wrong,3.0
37,3.4632386430085726,-0.9308439233751699,-1.0246294924633075,GMM estimator,1.0,1.0,0.5,0.5,3411,0.0,0.0,0.0,wrong,wrong,3.0
38,0.44245715315245165,-1.0261267388855229,-1.0254402822437578,GMM estimator,1.0,1.0,0.5,0.5,3411,0.0,0.0,0.0,wrong,wrong,3.0
39,3.629651960729574,-0.9187792151196379,-0.9817754427393248,GMM estimator,1.0,1.0,0.5,0.5,3411,0.0,0.0,0.0,wrong,wrong,3.0
40,0.6461782676222252,-1.021153877060466,-1.0327956566885785,GMM estimator,1.0,1.0,0.5,0.5,3411,0.0,0.0,0.0,wrong,wrong,3.0
41,0.4325986403846494,-1.0174629763723875,-1.0255923746662161,GMM estimator,1.0,1.0,0.5,0.5,3411,0.0,0.0,0.0,wrong,wrong,3.0
42,0.9266713258864836,-1.016062492281168,-1.0237074425001498,GMM estimator,1.0,1.0,0.5,0.5,3411,0.0,0.0,0.0,wrong,wrong,3.0
43,0.044917385590665874,-1.0265117482505883,-1.0301355561478567,GMM estimator,1.0,1.0,0.5,0.5,3411,0.0,0.0,0.0,wrong,wrong,3.0
44,0.8351722711362077,-1.0385741428249065,-1.0314633796649704,GMM estimator,1.0,1.0,0.5,0.5,3411,0.0,0.0,0.0,wrong,wrong,3.0
45,0.9280634199775405,-1.01244980449414,-1.020219677659903,GMM estimator,1.0,1.0,0.5,0.5,3411,0.0,0.0,0.0,wrong,wrong,3.0
46,3.678021982494537,-0.9138697823634621,-0.9946752789714729,GMM estimator,1.0,1.0,0.5,0.5,3411,0.0,0.0,0.0,wrong,wrong,3.0
47,0.5129689632830022,-1.0227243096514211,-1.0262505532029564,GMM estimator,1.0,1.0,0.5,0.5,3411,0.0,0.0,0.0,wrong,wrong,3.0
48,1.2320605475366804,-1.0087221902899595,-1.0290623448570735,GMM estimator,1.0,1.0,0.5,0.5,3411,0.0,0.0,0.0,wrong,wrong,3.0
49,0.009266982595153754,-1.0013455231225572,-1.0071603182573912,GMM estimator,1.0,1.0,0.5,0.5,3411,0.0,0.0,0.0,wrong,wrong,3.0
50,3.2693289205722045,-0.8359486282107669,-1.0102293380969452,GMM estimator,1.0,1.0,0.5,0.5,3411,0.0,0.0,0.0,wrong,wrong,3.0
51,3.043050449679719,-0.86105216724611,-0.982803274386298,GMM estimator,1.0,1.0,0.5,0.5,3411,0.0,0.0,0.0,wrong,wrong,3.0
52,3.81726363992185,-0.8874372324943984,-0.9543534274115069,GMM estimator,1.0,1.0,0.5,0.5,3411,0.0,0.0,0.0,wrong,wrong,3.0
53,0.36117862708892384,-1.0370688593123407,-1.0258456492935908,GMM estimator,1.0,1.0,0.5,0.5,3411,0.0,0.0,0.0,wrong,wrong,3.0
54,4.146609515084542,-0.9357155859689004,-1.012956131793376,GMM estimator,1.0,1.0,0.5,0.5,3411,0.0,0.0,0.0,wrong,wrong,3.0
55,2.952776462871965,-0.9227761275064279,-1.0081030665345099,GMM estimator,1.0,1.0,0.5,0.5,3411,0.0,0.0,0.0,wrong,wrong,3.0
56,2.530663787646662,-0.9233615389552379,-1.0147459851951204,GMM estimator,1.0,1.0,0.5,0.5,3411,0.0,0.0,0.0,wrong,wrong,3.0
57,2.916375046782827,-0.9516198857773971,-1.014612911127604,GMM estimator,1.0,1.0,0.5,0.5,3411,0.0,0.0,0.0,wrong,wrong,3.0
58,3.094121277063839,-0.9189268411184827,-0.9931650156890744,GMM estimator,1.0,1.0,0.5,0.5,3411,0.0,0.0,0.0,wrong,wrong,3.0
59,1.3203405857273327,-0.9843883044008203,-1.0163555556065107,GMM estimator,1.0,1.0,0.5,0.5,3411,0.0,0.0,0.0,wrong,wrong,3.0
60,3.8611124294561123,-0.9260852727395688,-1.0382346017028443,GMM estimator,1.0,1.0,0.5,0.5,3411,0.0,0.0,0.0,wrong,wrong,3.0
61,3.9358931383778226,-0.8947156884189517,-0.9744354064203499,GMM estimator,1.0,1.0,0.5,0.5,3411,0.0,0.0,0.0,wrong,wrong,3.0
62,0.2650189512956895,-1.0302708674130168,-1.0205655317357094,GMM estimator,1.0,1.0,0.5,0.5,3411,0.0,0.0,0.0,wrong,wrong,3.0
63,3.2699730293996776,-0.8343592701619817,-0.9483843532384472,GMM estimator,1.0,1.0,0.5,0.5,3411,0.0,0.0,0.0,wrong,wrong,3.0
64,0.2622551843772022,-1.0231309302152172,-1.0299779189225304,GMM estimator,1.0,1.0,0.5,0.5,3411,0.0,0.0,0.0,wrong,wrong,3.0
65,0.1375722056758398,-1.0322776056776797,-1.0244097626743662,GMM estimator,1.0,1.0,0.5,0.5,3411,0.0,0.0,0.0,wrong,wrong,3.0
66,0.5932846208747734,-1.0236515715740793,-1.0194835677730014,GMM estimator,1.0,1.0,0.5,0.5,3411,0.0,0.0,0.0,wrong,wrong,3.0
67,0.3351275259911055,-1.0313958033671833,-1.0258462981403242,GMM estimator,1.0,1.0,0.5,0.5,3411,0.0,0.0,0.0,wrong,wrong,3.0
68,0.18662210075560104,-1.0300250548813699,-1.025317885626162,GMM estimator,1.0,1.0,0.5,0.5,3411,0.0,0.0,0.0,wrong,wrong,3.0
69,2.723616082132404,-0.8844767458171933,-1.0248185913858057,GMM estimator,1.0,1.0,0.5,0.5,3411,0.0,0.0,0.0,wrong,wrong,3.0
70,4.6304420424117305,-0.9141379230359316,-0.9625213772150883,GMM estimator,1.0,1.0,0.5,0.5,3411,0.0,0.0,0.0,wrong,wrong,3.0
71,2.8743486042708666,-0.8660928529792821,-0.9800862053962094,GMM estimator,1.0,1.0,0.5,0.5,3411,0.0,0.0,0.0,wrong,wrong,3.0
72,3.377582706644507,-0.8382487371132755,-0.9849769119011624,GMM estimator,1.0,1.0,0.5,0.5,3411,0.0,0.0,0.0,wrong,wrong,3.0
73,0.37916652312025345,-1.0244316420457424,-1.0157666761355575,GMM estimator,1.0,1.0,0.5,0.5,3411,0.0,0.0,0.0,wrong,wrong,3.0
74,2.572807071249321,-0.9456261046862656,-1.0228301130837452,GMM estimator,1.0,1.0,0.5,0.5,3411,0.0,0.0,0.0,wrong,wrong,3.0
75,0.32064836025816695,-1.0276077492835425,-1.0215547328217454,GMM estimator,1.0,1.0,0.5,0.5,3411,0.0,0.0,0.0,wrong,wrong,3.0
76,2.97852892246242,-0.9812294035365243,-0.9661354883475649,GMM estimator,1.0,1.0,0.5,0.5,3411,0.0,0.0,0.0,wrong,wrong,3.0
77,3.8841909365626033,-0.8738120000107863,-1.0331118018030852,GMM estimator,1.0,1.0,0.5,0.5,3411,0.0,0.0,0.0,wrong,wrong,3.0
78,3.050352773628859,-0.889217540047187,-1.0225826894118808,GMM estimator,1.0,1.0,0.5,0.5,3411,0.0,0.0,0.0,wrong,wrong,3.0
79,0.20227143457446942,-1.0320295261993186,-1.0272982944155393,GMM estimator,1.0,1.0,0.5,0.5,3411,0.0,0.0,0.0,wrong,wrong,3.0
80,0.8951589289336784,-1.020915192050822,-1.0292225625966493,GMM estimator,1.0,1.0,0.5,0.5,3411,0.0,0.0,0.0,wrong,wrong,3.0
81,2.5669475413714804,-0.8587986186663709,-0.9495294894499925,GMM estimator,1.0,1.0,0.5,0.5,3411,0.0,0.0,0.0,wrong,wrong,3.0
82,-0.4634198582018214,-1.0642001557060323,-1.0488849845438548,GMM estimator,1.0,1.0,0.5,0.5,3411,0.0,0.0,0.0,wrong,wrong,3.0
83,2.7561622632126372,-0.9160730610132115,-1.0275395429123693,GMM estimator,1.0,1.0,0.5,0.5,3411,0.0,0.0,0.0,wrong,wrong,3.0
84,2.34508325116471,-0.9381460497850688,-1.049022744322218,GMM estimator,1.0,1.0,0.5,0.5,3411,0.0,0.0,0.0,wrong,wrong,3.0
85,3.0839863354021464,-0.8917196873421036,-1.0165376417325838,GMM estimator,1.0,1.0,0.5,0.5,3411,0.0,0.0,0.0,wrong,wrong,3.0
86,3.269087910300509,-0.8843567583409143,-0.9809934863091837,GMM estimator,1.0,1.0,0.5,0.5,3411,0.0,0.0,0.0,wrong,wrong,3.0
87,2.624690383426039,-0.8671057964106128,-1.0106883592791762,GMM estimator,1.0,1.0,0.5,0.5,3411,0.0,0.0,0.0,wrong,wrong,3.0
88,3.4647251649456794,-0.9028154574627066,-1.0274733833758691,GMM estimator,1.0,1.0,0.5,0.5,3411,0.0,0.0,0.0,wrong,wrong,3.0
89,3.2540466955106395,-0.914486815562833,-1.0320817031697644,GMM estimator,1.0,1.0,0.5,0.5,3411,0.0,0.0,0.0,wrong,wrong,3.0
90,3.531742328167452,-0.8827782723339018,-0.998789723940201,GMM estimator,1.0,1.0,0.5,0.5,3411,0.0,0.0,0.0,wrong,wrong,3.0
91,0.30049617352831315,-1.0315188475590582,-1.0302769829612672,GMM estimator,1.0,1.0,0.5,0.5,3411,0.0,0.0,0.0,wrong,wrong,3.0
92,2.4006260612029995,-0.9745509949449711,-1.0109697845738503,GMM estimator,1.0,1.0,0.5,0.5,3411,0.0,0.0,0.0,wrong,wrong,3.0
93,3.528011995558985,-0.9039753198361532,-1.025178980530396,GMM estimator,1.0,1.0,0.5,0.5,3411,0.0,0.0,0.0,wrong,wrong,3.0
94,3.7211215862209244,-0.9066190828287831,-1.0051096892702103,GMM estimator,1.0,1.0,0.5,0.5,3411,0.0,0.0,0.0,wrong,wrong,3.0
95,0.6418278681553663,-0.9969901058148394,-1.0248225100365902,GMM estimator,1.0,1.0,0.5,0.5,3411,0.0,0.0,0.0,wrong,wrong,3.0
96,3.3809352580048837,-0.9298032831699092,-0.991234265554615,GMM estimator,1.0,1.0,0.5,0.5,3411,0.0,0.0,0.0,wrong,wrong,3.0
97,2.7253659525531466,-0.9174004394742439,-0.9869756900135777,GMM estimator,1.0,1.0,0.5,0.5,3411,0.0,0.0,0.0,wrong,wrong,3.0
98,0.5864910422839948,-1.0144537522363912,-1.0227604912150259,GMM estimator,1.0,1.0,0.5,0.5,3411,0.0,0.0,0.0,wrong,wrong,3.0
99,3.0842307728809675,-0.9339355852788939,-0.9815678447314198,GMM estimator,1.0,1.0,0.5,0.5,3411,0.0,0.0,0.0,wrong,wrong,3.0
100,3.541381019633484,-0.8745891270423919,-1.0070158612973,GMM estimator,1.0,1.0,0.5,0.5,3411,0.0,0.0,0.0,wrong,wrong,3.0
101,0.3501875670967752,-1.0530033504186327,-1.0310132319042142,GMM estimator,1.0,1.0,0.5,0.5,3411,0.0,0.0,0.0,wrong,wrong,3.0
102,5.124679316551095,-0.8658608968537189,-0.9209564962851237,GMM estimator,1.0,1.0,0.5,0.5,3411,0.0,0.0,0.0,wrong,wrong,3.0
103,0.20283102242025702,-1.0230464883792845,-1.0214280387383083,GMM estimator,1.0,1.0,0.5,0.5,3411,0.0,0.0,0.0,wrong,wrong,3.0
104,1.7378347451480907,-0.9621859067310538,-0.9380150848013675,GMM estimator,1.0,1.0,0.5,0.5,3411,0.0,0.0,0.0,wrong,wrong,3.0
105,3.134172623975094,-0.8115846333597313,-0.9576709743137882,GMM estimator,1.0,1.0,0.5,0.5,3411,0.0,0.0,0.0,wrong,wrong,3.0
106,3.1789427051066714,-0.9143266799896171,-0.9731441666170346,GMM estimator,1.0,1.0,0.5,0.5,3411,0.0,0.0,0.0,wrong,wrong,3.0
107,2.0031021789145216,-0.9826628024980997,-1.0123606210236535,GMM estimator,1.0,1.0,0.5,0.5,3411,0.0,0.0,0.0,wrong,wrong,3.0
108,4.128891057673427,-0.8553338726880316,-1.0121533943205712,GMM estimator,1.0,1.0,0.5,0.5,3411,0.0,0.0,0.0,wrong,wrong,3.0
109,0.5433765774906785,-1.011999922459846,-1.024947251415885,GMM estimator,1.0,1.0,0.5,0.5,3411,0.0,0.0,0.0,wrong,wrong,3.0
110,0.6646372589679402,-1.0185774404808938,-1.0283875383552286,GMM estimator,1.0,1.0,0.5,0.5,3411,0.0,0.0,0.0,wrong,wrong,3.0
111,3.706957492093573,-0.8602451765374192,-0.9327426122819408,GMM estimator,1.0,1.0,0.5,0.5,3411,0.0,0.0,0.0,wrong,wrong,3.0
112,2.93887265303695,-0.9035021480375307,-1.0190461457625173,GMM estimator,1.0,1.0,0.5,0.5,3411,0.0,0.0,0.0,wrong,wrong,3.0
113,3.397847195305856,-0.8395036507761494,-0.9385019667814222,GMM estimator,1.0,1.0,0.5,0.5,3411,0.0,0.0,0.0,wrong,wrong,3.0
114,0.8895499536450188,-1.011928297131485,-1.0294870645071785,GMM estimator,1.0,1.0,0.5,0.5,3411,0.0,0.0,0.0,wrong,wrong,3.0
115,3.630445376451496,-0.8624669919915494,-0.9343009602755376,GMM estimator,1.0,1.0,0.5,0.5,3411,0.0,0.0,0.0,wrong,wrong,3.0
116,4.099214416621966,-0.9109918383321344,-1.0210375049407812,GMM estimator,1.0,1.0,0.5,0.5,3411,0.0,0.0,0.0,wrong,wrong,3.0
117,2.6700143947629624,-0.88687389864057,-0.9564818824864129,GMM estimator,1.0,1.0,0.5,0.5,3411,0.0,0.0,0.0,wrong,wrong,3.0
118,0.33741267318509516,-1.0269380524887393,-1.0309167402883916,GMM estimator,1.0,1.0,0.5,0.5,3411,0.0,0.0,0.0,wrong,wrong,3.0
119,3.69326344454638,-0.8782785052523956,-1.0208195943966725,GMM estimator,1.0,1.0,0.5,0.5,3411,0.0,0.0,0.0,wrong,wrong,3.0
120,3.184401564645397,-0.8933632503597103,-0.959243312910875,GMM estimator,1.0,1.0,0.5,0.5,3411,0.0,0.0,0.0,wrong,wrong,3.0
121,3.7870768369875005,-0.8895531466211619,-0.9869899241637984,GMM estimator,1.0,1.0,0.5,0.5,3411,0.0,0.0,0.0,wrong,wrong,3.0
122,1.0279874897378354,-1.012233019852261,-1.0182357647417475,GMM estimator,1.0,1.0,0.5,0.5,3411,0.0,0.0,0.0,wrong,wrong,3.0
123,0.7606898390388471,-1.0216224588307383,-1.0176959950878932,GMM estimator,1.0,1.0,0.5,0.5,3411,0.0,0.0,0.0,wrong,wrong,3.0
124,0.3932616697944636,-1.0237870234755317,-1.0275168635527614,GMM estimator,1.0,1.0,0.5,0.5,3411,0.0,0.0,0.0,wrong,wrong,3.0
125,0.588201991948623,-1.0137588886991682,-1.0175801466628722,GMM estimator,1.0,1.0,0.5,0.5,3411,0.0,0.0,0.0,wrong,wrong,3.0
126,3.5027024808756524,-0.8480364288505751,-0.9995290000490018,GMM estimator,1.0,1.0,0.5,0.5,3411,0.0,0.0,0.0,wrong,wrong,3.0
127,0.3860283072532352,-1.0428047250269552,-1.0334557268606313,GMM estimator,1.0,1.0,0.5,0.5,3411,0.0,0.0,0.0,wrong,wrong,3.0
128,0.8904301786824178,-1.013946978164139,-1.0193295357786103,GMM estimator,1.0,1.0,0.5,0.5,3411,0.0,0.0,0.0,wrong,wrong,3.0
129,3.8559440204941895,-0.9366643091117808,-0.9523934934426516,GMM estimator,1.0,1.0,0.5,0.5,3411,0.0,0.0,0.0,wrong,wrong,3.0
130,3.139742950331134,-0.842650151374356,-0.9845299592231167,GMM estimator,1.0,1.0,0.5,0.5,3411,0.0,0.0,0.0,wrong,wrong,3.0
131,3.224440783557029,-0.8870978010726673,-0.9832433776037056,GMM estimator,1.0,1.0,0.5,0.5,3411,0.0,0.0,0.0,wrong,wrong,3.0
132,2.7225116487855385,-0.8777243469061623,-0.9886787593121869,GMM estimator,1.0,1.0,0.5,0.5,3411,0.0,0.0,0.0,wrong,wrong,3.0
133,2.9918857140431445,-0.9153037749404024,-1.0084274241662967,GMM estimator,1.0,1.0,0.5,0.5,3411,0.0,0.0,0.0,wrong,wrong,3.0
134,4.307272224732492,-0.884603277677582,-1.026691644857245,GMM estimator,1.0,1.0,0.5,0.5,3411,0.0,0.0,0.0,wrong,wrong,3.0
135,3.8038964003216127,-0.9366244380849699,-0.9944343326985544,GMM estimator,1.0,1.0,0.5,0.5,3411,0.0,0.0,0.0,wrong,wrong,3.0
136,3.151266504730484,-0.8976293706204225,-0.966583831672352,GMM estimator,1.0,1.0,0.5,0.5,3411,0.0,0.0,0.0,wrong,wrong,3.0
137,0.0797640692426033,-1.0249162410015364,-1.0577560625814,GMM estimator,1.0,1.0,0.5,0.5,3411,0.0,0.0,0.0,wrong,wrong,3.0
138,3.8062280212878132,-0.8870097969737358,-0.9999284276021894,GMM estimator,1.0,1.0,0.5,0.5,3411,0.0,0.0,0.0,wrong,wrong,3.0
139,3.1490286435790487,-0.8889214366040066,-1.0200598732652864,GMM estimator,1.0,1.0,0.5,0.5,3411,0.0,0.0,0.0,wrong,wrong,3.0
140,0.7678772132134508,-1.009995827266415,-1.0217649850056083,GMM estimator,1.0,1.0,0.5,0.5,3411,0.0,0.0,0.0,wrong,wrong,3.0
141,0.26327639263290353,-1.017954831058259,-1.0176455891090492,GMM estimator,1.0,1.0,0.5,0.5,3411,0.0,0.0,0.0,wrong,wrong,3.0
142,3.5386594613521316,-0.9022662310077241,-0.985724422758834,GMM estimator,1.0,1.0,0.5,0.5,3411,0.0,0.0,0.0,wrong,wrong,3.0
143,0.4678794428692274,-1.0217516435987646,-1.0203277604749843,GMM estimator,1.0,1.0,0.5,0.5,3411,0.0,0.0,0.0,wrong,wrong,3.0
144,0.7259697076293729,-1.0211913676533357,-1.0244109948642444,GMM estimator,1.0,1.0,0.5,0.5,3411,0.0,0.0,0.0,wrong,wrong,3.0
145,0.555242360635217,-1.0190423248691363,-1.0122641714614464,GMM estimator,1.0,1.0,0.5,0.5,3411,0.0,0.0,0.0,wrong,wrong,3.0
146,3.9634136912628155,-0.9223611555696616,-1.0161780858031575,GMM estimator,1.0,1.0,0.5,0.5,3411,0.0,0.0,0.0,wrong,wrong,3.0
147,3.5892451123762217,-0.928052392383655,-0.9702687083104415,GMM estimator,1.0,1.0,0.5,0.5,3411,0.0,0.0,0.0,wrong,wrong,3.0
148,4.015566379639967,-0.8659692923393637,-0.9596729456002805,GMM estimator,1.0,1.0,0.5,0.5,3411,0.0,0.0,0.0,wrong,wrong,3.0
149,1.9605920798655192,-0.8901569823286293,-1.0092639403563022,GMM estimator,1.0,1.0,0.5,0.5,3411,0.0,0.0,0.0,wrong,wrong,3.0
150,1.0534156335690932,-0.9908100441306547,-1.0206942227528921,GMM estimator,1.0,1.0,0.5,0.5,3411,0.0,0.0,0.0,wrong,wrong,3.0
151,4.3518459449856115,-0.8908088163942632,-0.9518333068459627,GMM estimator,1.0,1.0,0.5,0.5,3411,0.0,0.0,0.0,wrong,wrong,3.0
152,0.464881188527281,-1.0241075115786205,-1.03198018227556,GMM estimator,1.0,1.0,0.5,0.5,3411,0.0,0.0,0.0,wrong,wrong,3.0
153,3.481833623044648,-0.9748196377264536,-1.0003244897096804,GMM estimator,1.0,1.0,0.5,0.5,3411,0.0,0.0,0.0,wrong,wrong,3.0
154,3.1517197162657986,-0.8197830572544171,-0.9492707232581388,GMM estimator,1.0,1.0,0.5,0.5,3411,0.0,0.0,0.0,wrong,wrong,3.0
155,3.318046803570342,-0.8647580041342325,-1.0111642061472406,GMM estimator,1.0,1.0,0.5,0.5,3411,0.0,0.0,0.0,wrong,wrong,3.0
156,0.5808477446474766,-1.0448817442636835,-1.0217217198604411,GMM estimator,1.0,1.0,0.5,0.5,3411,0.0,0.0,0.0,wrong,wrong,3.0
157,0.41505671905850294,-1.0389193575488909,-1.031155781605404,GMM estimator,1.0,1.0,0.5,0.5,3411,0.0,0.0,0.0,wrong,wrong,3.0
158,0.8126210304497531,-1.0153991156011966,-1.0309310014787332,GMM estimator,1.0,1.0,0.5,0.5,3411,0.0,0.0,0.0,wrong,wrong,3.0
159,0.21782173446453973,-1.0262338934602098,-1.0339123444447766,GMM estimator,1.0,1.0,0.5,0.5,3411,0.0,0.0,0.0,wrong,wrong,3.0
160,4.078019435795524,-0.8261204393941394,-0.9414360062455287,GMM estimator,1.0,1.0,0.5,0.5,3411,0.0,0.0,0.0,wrong,wrong,3.0
161,4.134853894608413,-0.8993545692306973,-1.0063403794263222,GMM estimator,1.0,1.0,0.5,0.5,3411,0.0,0.0,0.0,wrong,wrong,3.0
162,2.8085221191771637,-0.833137546884109,-0.9653462673377422,GMM estimator,1.0,1.0,0.5,0.5,3411,0.0,0.0,0.0,wrong,wrong,3.0
163,3.9632393995892117,-0.9344333995147841,-0.9980495600522539,GMM estimator,1.0,1.0,0.5,0.5,3411,0.0,0.0,0.0,wrong,wrong,3.0
164,2.4177906170896444,-0.9387761287234422,-1.0316660231632473,GMM estimator,1.0,1.0,0.5,0.5,3411,0.0,0.0,0.0,wrong,wrong,3.0
165,0.6874363834015661,-1.0200257290277517,-1.0332176985829502,GMM estimator,1.0,1.0,0.5,0.5,3411,0.0,0.0,0.0,wrong,wrong,3.0
166,0.568359132075076,-1.0309653861586683,-1.0258740322058413,GMM estimator,1.0,1.0,0.5,0.5,3411,0.0,0.0,0.0,wrong,wrong,3.0
167,2.437736247157038,-0.9142285465459175,-1.0320724840264603,GMM estimator,1.0,1.0,0.5,0.5,3411,0.0,0.0,0.0,wrong,wrong,3.0
168,0.8329041567495319,-1.0193838243146032,-1.0257772003487196,GMM estimator,1.0,1.0,0.5,0.5,3411,0.0,0.0,0.0,wrong,wrong,3.0
169,3.1564589474297438,-0.9234718054966669,-1.0233123615617583,GMM estimator,1.0,1.0,0.5,0.5,3411,0.0,0.0,0.0,wrong,wrong,3.0
170,1.0258893543686038,-1.0131922920776577,-1.0282551056311546,GMM estimator,1.0,1.0,0.5,0.5,3411,0.0,0.0,0.0,wrong,wrong,3.0
171,2.5784046743443416,-0.9189583478463749,-0.96052525065045,GMM estimator,1.0,1.0,0.5,0.5,3411,0.0,0.0,0.0,wrong,wrong,3.0
172,3.298239603744578,-0.910874350765613,-1.047874280003939,GMM estimator,1.0,1.0,0.5,0.5,3411,0.0,0.0,0.0,wrong,wrong,3.0
173,3.621052854504076,-0.8961140303335139,-0.9738257909022964,GMM estimator,1.0,1.0,0.5,0.5,3411,0.0,0.0,0.0,wrong,wrong,3.0
174,0.3948667275047746,-1.0289356991233696,-1.028425029499752,GMM estimator,1.0,1.0,0.5,0.5,3411,0.0,0.0,0.0,wrong,wrong,3.0
175,0.5688311922417618,-1.0600679151679724,-1.0550735664461475,GMM estimator,1.0,1.0,0.5,0.5,3411,0.0,0.0,0.0,wrong,wrong,3.0
176,3.766117785030951,-0.8373201342299883,-0.9858879347760428,GMM estimator,1.0,1.0,0.5,0.5,3411,0.0,0.0,0.0,wrong,wrong,3.0
177,3.7867426989141153,-0.790459791234109,-0.9495580553493665,GMM estimator,1.0,1.0,0.5,0.5,3411,0.0,0.0,0.0,wrong,wrong,3.0
178,0.7445807852591961,-1.0171074789036028,-1.0262166606367933,GMM estimator,1.0,1.0,0.5,0.5,3411,0.0,0.0,0.0,wrong,wrong,3.0
179,0.5418165217540843,-1.0089741658830897,-1.0241220539810185,GMM estimator,1.0,1.0,0.5,0.5,3411,0.0,0.0,0.0,wrong,wrong,3.0
180,0.7212886625678147,-0.9812525763912371,-1.0168386518533794,GMM estimator,1.0,1.0,0.5,0.5,3411,0.0,0.0,0.0,wrong,wrong,3.0
181,0.5946151680394887,-1.0165327153155748,-1.024444276477629,GMM estimator,1.0,1.0,0.5,0.5,3411,0.0,0.0,0.0,wrong,wrong,3.0
182,0.5419471931908738,-1.0156667065977039,-1.0111284231696605,GMM estimator,1.0,1.0,0.5,0.5,3411,0.0,0.0,0.0,wrong,wrong,3.0
183,0.6847170354874746,-1.0237313697868469,-1.0188796066710657,GMM estimator,1.0,1.0,0.5,0.5,3411,0.0,0.0,0.0,wrong,wrong,3.0
184,0.2698318681478695,-1.0167151262695944,-1.0196403963026308,GMM estimator,1.0,1.0,0.5,0.5,3411,0.0,0.0,0.0,wrong,wrong,3.0
185,2.8506595723241492,-0.901521901739576,-0.976923893581499,GMM estimator,1.0,1.0,0.5,0.5,3411,0.0,0.0,0.0,wrong,wrong,3.0
186,1.2096536197298924,-1.014539562297914,-1.0168167560375778,GMM estimator,1.0,1.0,0.5,0.5,3411,0.0,0.0,0.0,wrong,wrong,3.0
187,0.6320773169117396,-1.0279841893215018,-1.0201217827896008,GMM estimator,1.0,1.0,0.5,0.5,3411,0.0,0.0,0.0,wrong,wrong,3.0
188,3.3156608254995015,-0.8855951223109686,-0.9912008625707576,GMM estimator,1.0,1.0,0.5,0.5,3411,0.0,0.0,0.0,wrong,wrong,3.0
189,0.26109070189701367,-1.0314194396674532,-1.032989063940116,GMM estimator,1.0,1.0,0.5,0.5,3411,0.0,0.0,0.0,wrong,wrong,3.0
190,0.3081091829756602,-1.0247303637199972,-1.0182156337303279,GMM estimator,1.0,1.0,0.5,0.5,3411,0.0,0.0,0.0,wrong,wrong,3.0
191,2.7668236570839038,-0.8820409788033303,-0.9810429698232043,GMM estimator,1.0,1.0,0.5,0.5,3411,0.0,0.0,0.0,wrong,wrong,3.0
192,3.385334983987448,-0.8666124633806104,-0.962962029361165,GMM estimator,1.0,1.0,0.5,0.5,3411,0.0,0.0,0.0,wrong,wrong,3.0
193,2.7712918770576453,-0.9302403065442634,-1.0065951547211154,GMM estimator,1.0,1.0,0.5,0.5,3411,0.0,0.0,0.0,wrong,wrong,3.0
194,0.5465023364256059,-1.0178577468855587,-1.0233341880897349,GMM estimator,1.0,1.0,0.5,0.5,3411,0.0,0.0,0.0,wrong,wrong,3.0
195,2.627148559012275,-0.8995835411611778,-1.019721758656631,GMM estimator,1.0,1.0,0.5,0.5,3411,0.0,0.0,0.0,wrong,wrong,3.0
196,3.056950515966894,-0.8956738996245175,-1.0079673383924506,GMM estimator,1.0,1.0,0.5,0.5,3411,0.0,0.0,0.0,wrong,wrong,3.0
197,3.081912153613598,-0.8919443728642626,-1.003258801675829,GMM estimator,1.0,1.0,0.5,0.5,3411,0.0,0.0,0.0,wrong,wrong,3.0
198,4.151880733901253,-0.9216741368552499,-1.0251077289880806,GMM estimator,1.0,1.0,0.5,0.5,3411,0.0,0.0,0.0,wrong,wrong,3.0
199,0.727806958169647,-1.0239870586445954,-1.0379951589200147,GMM estimator,1.0,1.0,0.5,0.5,3411,0.0,0.0,0.0,wrong,wrong,3.0
200,3.5675922612750153,-0.8387096078842248,-0.9207704892572753,GMM estimator,1.0,1.0,0.5,0.5,3411,0.0,0.0,0.0,wrong,wrong,3.0
201,0.5761966368449891,-1.0319778211043362,-1.0304460318696083,GMM estimator,1.0,1.0,0.5,0.5,3411,0.0,0.0,0.0,wrong,wrong,3.0
202,3.123900189515884,-0.8162482620708955,-0.9696353218894941,GMM estimator,1.0,1.0,0.5,0.5,3411,0.0,0.0,0.0,wrong,wrong,3.0
203,0.5051269082391124,-1.0257379789189212,-1.0281576892904356,GMM estimator,1.0,1.0,0.5,0.5,3411,0.0,0.0,0.0,wrong,wrong,3.0
204,3.4064735265369177,-0.9128192192247875,-0.9394691852504292,GMM estimator,1.0,1.0,0.5,0.5,3411,0.0,0.0,0.0,wrong,wrong,3.0
205,4.52894262306977,-0.8943220267200932,-0.9795996266035429,GMM estimator,1.0,1.0,0.5,0.5,3411,0.0,0.0,0.0,wrong,wrong,3.0
206,3.911412541210247,-0.8870780559711278,-0.9788209967195365,GMM estimator,1.0,1.0,0.5,0.5,3411,0.0,0.0,0.0,wrong,wrong,3.0
207,0.8111365257925403,-1.002506200349151,-1.0078124599375586,GMM estimator,1.0,1.0,0.5,0.5,3411,0.0,0.0,0.0,wrong,wrong,3.0
208,2.6872781915405533,-0.7861336212015797,-0.9094923515452721,GMM estimator,1.0,1.0,0.5,0.5,3411,0.0,0.0,0.0,wrong,wrong,3.0
209,2.7874591972364593,-0.8698360278493368,-0.9400941567761886,GMM estimator,1.0,1.0,0.5,0.5,3411,0.0,0.0,0.0,wrong,wrong,3.0
210,3.83494292046072,-0.8714569692417806,-0.9834924464420723,GMM estimator,1.0,1.0,0.5,0.5,3411,0.0,0.0,0.0,wrong,wrong,3.0
211,0.5236036334144455,-1.0160424925554832,-1.026926060435043,GMM estimator,1.0,1.0,0.5,0.5,3411,0.0,0.0,0.0,wrong,wrong,3.0
212,0.7124049044457261,-1.010299711557171,-1.0240744163173972,GMM estimator,1.0,1.0,0.5,0.5,3411,0.0,0.0,0.0,wrong,wrong,3.0
213,0.3888598168567902,-1.0417050248777293,-1.0271794489705788,GMM estimator,1.0,1.0,0.5,0.5,3411,0.0,0.0,0.0,wrong,wrong,3.0
214,0.8263235385633687,-1.004054834842884,-1.0123093230113374,GMM estimator,1.0,1.0,0.5,0.5,3411,0.0,0.0,0.0,wrong,wrong,3.0
215,3.21887825759781,-0.8914925966368454,-0.9560271302994543,GMM estimator,1.0,1.0,0.5,0.5,3411,0.0,0.0,0.0,wrong,wrong,3.0
216,0.5690279483570886,-1.024154625948438,-1.028168086709654,GMM estimator,1.0,1.0,0.5,0.5,3411,0.0,0.0,0.0,wrong,wrong,3.0
217,0.8101991319733163,-1.0193209753841033,-1.0338658505227654,GMM estimator,1.0,1.0,0.5,0.5,3411,0.0,0.0,0.0,wrong,wrong,3.0
218,3.049024498997192,-0.8505879808707456,-0.9380886878676926,GMM estimator,1.0,1.0,0.5,0.5,3411,0.0,0.0,0.0,wrong,wrong,3.0
219,0.2682961539477177,-1.033267087855508,-1.0190141992855317,GMM estimator,1.0,1.0,0.5,0.5,3411,0.0,0.0,0.0,wrong,wrong,3.0
220,4.311819704267535,-0.8652968560199569,-0.9503339995074335,GMM estimator,1.0,1.0,0.5,0.5,3411,0.0,0.0,0.0,wrong,wrong,3.0
221,3.1264475517519728,-0.8897750519495103,-1.020528001468167,GMM estimator,1.0,1.0,0.5,0.5,3411,0.0,0.0,0.0,wrong,wrong,3.0
222,0.7697503864118642,-1.015680381922206,-1.0173055876573234,GMM estimator,1.0,1.0,0.5,0.5,3411,0.0,0.0,0.0,wrong,wrong,3.0
223,0.431768042939107,-1.0211164474876624,-1.0135146868274936,GMM estimator,1.0,1.0,0.5,0.5,3411,0.0,0.0,0.0,wrong,wrong,3.0
224,2.723684643522059,-0.9022381275073236,-0.9866283537676256,GMM estimator,1.0,1.0,0.5,0.5,3411,0.0,0.0,0.0,wrong,wrong,3.0
225,3.2675782101828905,-0.877046862954769,-1.0491573091125523,GMM estimator,1.0,1.0,0.5,0.5,3411,0.0,0.0,0.0,wrong,wrong,3.0
226,0.8083661621989501,-1.0057163597974157,-1.0114991783528147,GMM estimator,1.0,1.0,0.5,0.5,3411,0.0,0.0,0.0,wrong,wrong,3.0
227,0.5408209599978678,-1.0323338681963434,-1.0206223821114855,GMM estimator,1.0,1.0,0.5,0.5,3411,0.0,0.0,0.0,wrong,wrong,3.0
228,0.447593685787169,-1.0278172992248222,-1.0227208213560415,GMM estimator,1.0,1.0,0.5,0.5,3411,0.0,0.0,0.0,wrong,wrong,3.0
229,3.4082908117291537,-0.8858202588713675,-0.9692874352318976,GMM estimator,1.0,1.0,0.5,0.5,3411,0.0,0.0,0.0,wrong,wrong,3.0
230,3.406046058596924,-0.9151716480768657,-1.019059179634775,GMM estimator,1.0,1.0,0.5,0.5,3411,0.0,0.0,0.0,wrong,wrong,3.0
231,1.3336868668533044,-0.9948134339657078,-1.0092321309578085,GMM estimator,1.0,1.0,0.5,0.5,3411,0.0,0.0,0.0,wrong,wrong,3.0
232,2.9991016164433395,-0.8674427029997765,-0.9317403256999047,GMM estimator,1.0,1.0,0.5,0.5,3411,0.0,0.0,0.0,wrong,wrong,3.0
233,2.126036068625005,-0.9082502247892708,-0.9671124767802561,GMM estimator,1.0,1.0,0.5,0.5,3411,0.0,0.0,0.0,wrong,wrong,3.0
234,3.5103418988723547,-0.8804500153167609,-0.9579426754367542,GMM estimator,1.0,1.0,0.5,0.5,3411,0.0,0.0,0.0,wrong,wrong,3.0
235,2.577774145440807,-0.9801101059704243,-0.9614276911264351,GMM estimator,1.0,1.0,0.5,0.5,3411,0.0,0.0,0.0,wrong,wrong,3.0
236,2.8605869799872856,-0.8864426144705032,-1.00649928330136,GMM estimator,1.0,1.0,0.5,0.5,3411,0.0,0.0,0.0,wrong,wrong,3.0
237,3.4715716703587525,-0.9067770167036617,-1.0004530989686256,GMM estimator,1.0,1.0,0.5,0.5,3411,0.0,0.0,0.0,wrong,wrong,3.0
238,3.930069452560184,-0.9502059798332424,-0.9965505518954552,GMM estimator,1.0,1.0,0.5,0.5,3411,0.0,0.0,0.0,wrong,wrong,3.0
239,2.792248514490361,-0.9139545150057224,-0.947942220016453,GMM estimator,1.0,1.0,0.5,0.5,3411,0.0,0.0,0.0,wrong,wrong,3.0
240,0.2739511970320681,-1.0225224407610254,-1.021315675207454,GMM estimator,1.0,1.0,0.5,0.5,3411,0.0,0.0,0.0,wrong,wrong,3.0
241,3.2738107972913553,-0.838448142549901,-0.942751858883989,GMM estimator,1.0,1.0,0.5,0.5,3411,0.0,0.0,0.0,wrong,wrong,3.0
242,3.619874234360625,-0.8140085536842985,-0.938118936011574,GMM estimator,1.0,1.0,0.5,0.5,3411,0.0,0.0,0.0,wrong,wrong,3.0
243,3.8997788821396195,-0.8988696226387008,-0.9460074842672069,GMM estimator,1.0,1.0,0.5,0.5,3411,0.0,0.0,0.0,wrong,wrong,3.0
244,0.9244082462494195,-1.0043337632064684,-1.0241335137314975,GMM estimator,1.0,1.0,0.5,0.5,3411,0.0,0.0,0.0,wrong,wrong,3.0
245,0.29973787679005115,-1.0309619155991163,-1.0294243219249266,GMM estimator,1.0,1.0,0.5,0.5,3411,0.0,0.0,0.0,wrong,wrong,3.0
246,2.6958210161743663,-0.9045195591938229,-1.0177537854212133,GMM estimator,1.0,1.0,0.5,0.5,3411,0.0,0.0,0.0,wrong,wrong,3.0
247,3.4071697796090397,-0.9225445688824705,-0.9365869129833627,GMM estimator,1.0,1.0,0.5,0.5,3411,0.0,0.0,0.0,wrong,wrong,3.0
248,0.4947632929487076,-1.0512879628056495,-1.0353496163919178,GMM estimator,1.0,1.0,0.5,0.5,3411,0.0,0.0,0.0,wrong,wrong,3.0
249,0.5823351724725273,-1.0143142468788617,-1.0226592064194098,GMM estimator,1.0,1.0,0.5,0.5,3411,0.0,0.0,0.0,wrong,wrong,3.0
250,3.5010083672934527,-0.910030778529656,-0.9745344477926404,GMM estimator,1.0,1.0,0.5,0.5,3411,0.0,0.0,0.0,wrong,wrong,3.0
251,4.5312231995362575,-0.8784398084655041,-0.9957281838806056,GMM estimator,1.0,1.0,0.5,0.5,3411,0.0,0.0,0.0,wrong,wrong,3.0
252,0.561743586432359,-1.0241421996762354,-1.0189092066058518,GMM estimator,1.0,1.0,0.5,0.5,3411,0.0,0.0,0.0,wrong,wrong,3.0
253,3.603379213912859,-0.863042992762239,-1.0125296195572153,GMM estimator,1.0,1.0,0.5,0.5,3411,0.0,0.0,0.0,wrong,wrong,3.0
254,0.40368936815096834,-1.0328066945761394,-1.035156954221638,GMM estimator,1.0,1.0,0.5,0.5,3411,0.0,0.0,0.0,wrong,wrong,3.0
255,0.32519802845646023,-1.0389269496522169,-1.0132611072140798,GMM estimator,1.0,1.0,0.5,0.5,3411,0.0,0.0,0.0,wrong,wrong,3.0
256,3.8215957460309142,-0.8958295905621753,-0.9686170100297917,GMM estimator,1.0,1.0,0.5,0.5,3411,0.0,0.0,0.0,wrong,wrong,3.0
257,3.0383985156525193,-0.865010109267489,-1.019878702310553,GMM estimator,1.0,1.0,0.5,0.5,3411,0.0,0.0,0.0,wrong,wrong,3.0
258,2.0855604263314382,-0.8975128423759017,-0.9968248617622242,GMM estimator,1.0,1.0,0.5,0.5,3411,0.0,0.0,0.0,wrong,wrong,3.0
259,0.4163562543447853,-1.0208456113307132,-1.0227355835138399,GMM estimator,1.0,1.0,0.5,0.5,3411,0.0,0.0,0.0,wrong,wrong,3.0
260,4.158287407901245,-0.8673628634855939,-0.8980025187135453,GMM estimator,1.0,1.0,0.5,0.5,3411,0.0,0.0,0.0,wrong,wrong,3.0
261,0.38397618462769606,-1.0464781988808844,-1.0384172874273394,GMM estimator,1.0,1.0,0.5,0.5,3411,0.0,0.0,0.0,wrong,wrong,3.0
262,2.992911452201474,-0.8684653062066142,-0.9951018920567889,GMM estimator,1.0,1.0,0.5,0.5,3411,0.0,0.0,0.0,wrong,wrong,3.0
263,2.9219783337878766,-0.8756846425045819,-0.9853063209297609,GMM estimator,1.0,1.0,0.5,0.5,3411,0.0,0.0,0.0,wrong,wrong,3.0
264,0.705501884264803,-1.020992152384505,-1.0285803336458899,GMM estimator,1.0,1.0,0.5,0.5,3411,0.0,0.0,0.0,wrong,wrong,3.0
265,2.8145019881570863,-0.8976492401603285,-0.9768783968607397,GMM estimator,1.0,1.0,0.5,0.5,3411,0.0,0.0,0.0,wrong,wrong,3.0
266,3.76502856211925,-0.858391537968097,-0.9881162309853706,GMM estimator,1.0,1.0,0.5,0.5,3411,0.0,0.0,0.0,wrong,wrong,3.0
267,3.83009196514307,-0.8608940783160411,-0.9995887589027104,GMM estimator,1.0,1.0,0.5,0.5,3411,0.0,0.0,0.0,wrong,wrong,3.0
268,3.206309112007477,-0.8764096034563899,-0.9954241664072011,GMM estimator,1.0,1.0,0.5,0.5,3411,0.0,0.0,0.0,wrong,wrong,3.0
269,0.19793943446496315,-1.0201084829436977,-1.0270069296920947,GMM estimator,1.0,1.0,0.5,0.5,3411,0.0,0.0,0.0,wrong,wrong,3.0
270,3.9109337798146395,-0.8583184869853939,-0.9237021981379495,GMM estimator,1.0,1.0,0.5,0.5,3411,0.0,0.0,0.0,wrong,wrong,3.0
271,0.5742166570530679,-1.0359865284482224,-1.0234033536425078,GMM estimator,1.0,1.0,0.5,0.5,3411,0.0,0.0,0.0,wrong,wrong,3.0
272,2.592162654186099,-0.9414760724830927,-0.9848817345759822,GMM estimator,1.0,1.0,0.5,0.5,3411,0.0,0.0,0.0,wrong,wrong,3.0
273,3.617733855309471,-0.8711703183200716,-0.9875310943107938,GMM estimator,1.0,1.0,0.5,0.5,3411,0.0,0.0,0.0,wrong,wrong,3.0
274,3.5866830461836217,-0.9274958862853484,-0.9080038961066008,GMM estimator,1.0,1.0,0.5,0.5,3411,0.0,0.0,0.0,wrong,wrong,3.0
275,4.227069302707942,-0.8652020726219668,-0.9798707144960506,GMM estimator,1.0,1.0,0.5,0.5,3411,0.0,0.0,0.0,wrong,wrong,3.0
276,2.5352557034017247,-0.8438284617294209,-0.9773599315355899,GMM estimator,1.0,1.0,0.5,0.5,3411,0.0,0.0,0.0,wrong,wrong,3.0
277,4.44511087575612,-0.8711327396061089,-0.9756699208242997,GMM estimator,1.0,1.0,0.5,0.5,3411,0.0,0.0,0.0,wrong,wrong,3.0
278,1.2690664187367393,-0.9964139913228963,-1.027433412303271,GMM estimator,1.0,1.0,0.5,0.5,3411,0.0,0.0,0.0,wrong,wrong,3.0
279,3.7621311086975786,-0.9162756952021816,-0.9518712040156768,GMM estimator,1.0,1.0,0.5,0.5,3411,0.0,0.0,0.0,wrong,wrong,3.0
280,3.028845904538314,-0.8258721827330348,-0.9739952444325027,GMM estimator,1.0,1.0,0.5,0.5,3411,0.0,0.0,0.0,wrong,wrong,3.0
281,0.4728939426791802,-1.011621140008616,-1.0230371889580043,GMM estimator,1.0,1.0,0.5,0.5,3411,0.0,0.0,0.0,wrong,wrong,3.0
282,3.4410939971602037,-0.8726862321235233,-0.9506323281054039,GMM estimator,1.0,1.0,0.5,0.5,3411,0.0,0.0,0.0,wrong,wrong,3.0
283,4.640845905684627,-0.9141314140620111,-1.0129330125627378,GMM estimator,1.0,1.0,0.5,0.5,3411,0.0,0.0,0.0,wrong,wrong,3.0
284,0.08381618135971948,-1.0255373921933544,-1.0198453653218598,GMM estimator,1.0,1.0,0.5,0.5,3411,0.0,0.0,0.0,wrong,wrong,3.0
285,0.15704563335582808,-1.0509880375188771,-1.0635655815317955,GMM estimator,1.0,1.0,0.5,0.5,3411,0.0,0.0,0.0,wrong,wrong,3.0
286,0.2167580492316982,-1.0293582468663598,-1.0238938847883847,GMM estimator,1.0,1.0,0.5,0.5,3411,0.0,0.0,0.0,wrong,wrong,3.0
287,0.5755831544613779,-1.022664164198983,-1.038845008427003,GMM estimator,1.0,1.0,0.5,0.5,3411,0.0,0.0,0.0,wrong,wrong,3.0
288,3.0860636566717545,-0.8837813548251043,-0.9958807417232363,GMM estimator,1.0,1.0,0.5,0.5,3411,0.0,0.0,0.0,wrong,wrong,3.0
289,2.286464876832417,-0.8336084489082611,-0.9995538141305653,GMM estimator,1.0,1.0,0.5,0.5,3411,0.0,0.0,0.0,wrong,wrong,3.0
290,3.61560663060036,-0.9041961378074541,-1.0297239503743343,GMM estimator,1.0,1.0,0.5,0.5,3411,0.0,0.0,0.0,wrong,wrong,3.0
291,5.138419067303473,-0.8861545321102099,-0.9230330183865294,GMM estimator,1.0,1.0,0.5,0.5,3411,0.0,0.0,0.0,wrong,wrong,3.0
292,0.8048953700625686,-1.0098230208078212,-1.0114663070992873,GMM estimator,1.0,1.0,0.5,0.5,3411,0.0,0.0,0.0,wrong,wrong,3.0
293,2.891734499531106,-0.906798522593433,-0.9410215737804664,GMM estimator,1.0,1.0,0.5,0.5,3411,0.0,0.0,0.0,wrong,wrong,3.0
294,1.3396971058869835,-1.0046756628248819,-1.0048050757432712,GMM estimator,1.0,1.0,0.5,0.5,3411,0.0,0.0,0.0,wrong,wrong,3.0
295,0.7242602953305642,-1.0230711347128723,-1.0246498793458756,GMM estimator,1.0,1.0,0.5,0.5,3411,0.0,0.0,0.0,wrong,wrong,3.0
296,3.6053499894282943,-0.8059577143346786,-0.9120187519906682,GMM estimator,1.0,1.0,0.5,0.5,3411,0.0,0.0,0.0,wrong,wrong,3.0
297,2.7585109012264595,-0.9058134192477707,-1.057802350775759,GMM estimator,1.0,1.0,0.5,0.5,3411,0.0,0.0,0.0,wrong,wrong,3.0
298,0.6674376745208329,-1.0102411208132178,-1.015265253118594,GMM estimator,1.0,1.0,0.5,0.5,3411,0.0,0.0,0.0,wrong,wrong,3.0
299,3.2270620207467067,-0.878424864435619,-0.9669001591904008,GMM estimator,1.0,1.0,0.5,0.5,3411,0.0,0.0,0.0,wrong,wrong,3.0
300,0.3950987285779096,-1.049063669564834,-1.0335445382442565,GMM estimator,1.0,1.0,0.5,0.5,3411,0.0,0.0,0.0,wrong,wrong,3.0
