id,method,est_psi05,est_psi15,est_psi25,est_psi35,est_psi45
1,Three-step-g,0.12798822600176543,-0.28864054190345784,-0.10084855278395084,0.04312135097561338,0.012229344341034188
1,Three-step-ipw,-0.2089704045637087,-0.5267454427930711,-0.26461150336056627,0.03382821249170344,0.012229344341034341
1,Robins',0.0816031934195164,0.08241562983729844,0.07687770780397328,0.049066944409892975,0.012229344341034206
2,Three-step-g,0.8664001419859921,0.264109222026339,0.013423646296930523,0.10050534066993193,0.0782118208024624
2,Three-step-ipw,0.19387389223830376,0.09244755566668801,0.06134189839087676,0.10035071151964291,0.0782118208024624
2,Robins',-0.02889691306938202,0.086710596248749,0.10419518782560015,0.1377619707967035,0.07821182080246405
3,Three-step-g,0.32116642438044546,0.5802232273141799,0.4906098982995484,0.19217781285576116,0.07342293436812627
3,Three-step-ipw,0.7008889867677438,0.7782668387112825,0.5780403028956472,0.23469900482513223,0.0734229343681253
3,Robins',0.38972379081663566,0.421642801729314,0.3033449160555128,0.14929846654903176,0.07342293436812893
4,Three-step-g,0.5544546174189048,0.25290822069056323,0.1647623691014217,0.07964913564830338,-0.015575463889965172
4,Three-step-ipw,0.8351201426510506,0.47982183933249145,0.2677779162998434,0.1443378956404236,-0.015575463889963998
4,Robins',-0.1096769684073334,-0.09804777295627207,-0.0009454590453350255,0.051426169639358664,-0.01557546388996536
5,Three-step-g,-1.3212803899457033,-0.35456720617754006,-0.12473419742229079,0.003406834372678947,0.03946590092069731
5,Three-step-ipw,-1.06776404183954,-0.08279924713146693,-0.12202031889506734,-0.03016532183404498,0.03946590092069731
5,Robins',-0.14381727982758546,-0.09584415166827316,0.03580761147373808,0.05079187229363659,0.039465900920697225
6,Three-step-g,-0.5659415829157431,-0.24152327485353295,-0.17682988222162355,-0.07286745462791674,-0.033975666783946035
6,Three-step-ipw,-0.7103436310568443,-0.30298081497481627,-0.29027228775654706,-0.07860716502310662,-0.03397566678394616
6,Robins',0.05019940858451045,-0.06133553845355182,-0.1403470476694129,-0.0730197623136634,-0.03397566678408605
7,Three-step-g,-0.9691105582138471,-0.4763122761403799,0.04672518148886812,0.21506630643679903,0.08285570458447096
7,Three-step-ipw,-1.5317857204568543,-0.6805157852046733,-0.10771049983376658,0.26789710118697163,0.08285570458447054
7,Robins',0.050566934140736444,0.11103998960300553,0.21124905820644174,0.23131082647082493,0.08285570458435851
8,Three-step-g,0.44214264029130923,0.5945963223060844,0.31787021752678596,0.028621078694830708,0.04117074838830895
8,Three-step-ipw,0.6232568455352053,0.5770643601925942,0.275226506749944,0.048173477071729046,0.04117074838830856
8,Robins',0.0011400929144945388,0.06461511880954593,0.03333273989183321,-0.010669830264514176,0.041170748388308996
9,Three-step-g,-0.24254523769367842,-0.14181227584268022,-0.32930872492318447,-0.14707037964284006,-0.060280767064004544
9,Three-step-ipw,-0.06713562721138439,0.006161831935149279,-0.20968994183050327,-0.12853931163157944,-0.06028076706400233
9,Robins',-0.2018091955591024,-0.15229744754761085,-0.16023718085033478,-0.09532069292033965,-0.0602807670640064
10,Three-step-g,0.011618740910965876,-0.33438746935745817,-0.288513481854008,-0.1977632016957438,-0.10448333395172826
10,Three-step-ipw,0.02158164729209987,-0.31335786760819967,-0.25228405786089253,-0.13384556982744836,-0.10448333395173093
10,Robins',-0.03826172318894881,-0.03534430411905101,-0.06511681467253734,-0.15237164376330808,-0.1044833339517448
11,Three-step-g,0.1044767389237756,-0.1961834148380105,-0.13439180100083678,-0.04580057308014694,0.032728185473027936
11,Three-step-ipw,-0.16574723316377055,-0.37787529791412633,-0.24032638075336837,-0.10588480765290849,0.0327281854730334
11,Robins',-0.03524224491878355,-0.06629631919931844,-0.08558404058042823,-0.04678262138246077,0.03272818547302723
12,Three-step-g,-1.395960320426833,-0.4152868203344909,-0.010462492360580701,0.11273352341090712,0.1278762601741082
12,Three-step-ipw,-0.8027664700735169,-0.34372942097621856,0.007488257090080088,0.16462771387789324,0.12787626017429868
12,Robins',0.058877009778172534,0.06100001745270194,0.12620662992462078,0.12821504124739586,0.12787626017407563
13,Three-step-g,-0.07647899620067251,-0.2600962167470255,-0.3454237408717118,-0.16489183711485988,-0.0338449276790622
13,Three-step-ipw,-0.09718108053431876,-0.10857358586520817,-0.29321925228625845,-0.2111180739938474,-0.033844927679068125
13,Robins',-0.25443229595096434,-0.2405027597044562,-0.20124016688886925,-0.1190551986798146,-0.033844927679068965
14,Three-step-g,-0.39128958589686874,-0.4279974488261629,-0.16116960833129995,-0.01813583340970737,-0.04315047448164395
14,Three-step-ipw,0.39864055005340765,-0.22906535310174325,-0.19583203377149544,-0.06441722484352021,-0.04315047448164521
14,Robins',0.15008474522455353,0.08046156842042292,0.046380803878342806,-0.0002790390853188611,-0.043150474481645315
15,Three-step-g,-0.6569866533120009,-0.1682025400168082,0.1774322207562352,0.09230007611798212,0.020384420253967753
15,Three-step-ipw,-1.310459770709943,-0.2713342895657877,0.1508498632910018,0.07777950226458186,0.020384420253967556
15,Robins',0.14267517412159952,0.17107730055869022,0.1598361196274131,0.054712237183383215,0.020384420253968687
16,Three-step-g,0.9984540152435125,0.4339439207733929,0.13676925143415922,0.1268179103780587,0.12984340756234716
16,Three-step-ipw,0.7529385820937153,0.263033565108664,0.007185108422855496,0.11423415906770104,0.12984340756234483
16,Robins',0.1307641822627753,0.22742451100209984,0.23068863540255502,0.17710716940852453,0.12984340756234544
17,Three-step-g,0.2670257911446546,-0.004694850897286413,0.04061428084345594,0.009452710140387462,0.0009253109921917849
17,Three-step-ipw,-0.008012557765605326,-0.11192198200807779,-0.07026573170682046,-0.029910123544463492,0.0009253109921919103
17,Robins',0.008505945953288104,-0.0002000165278536978,0.05509134883610877,0.004403245622939281,0.0009253109921919285
18,Three-step-g,-0.8155838614988017,-0.2208137627990766,-0.2068612235627853,-0.2016178366471481,-0.06521855524062664
18,Three-step-ipw,-0.5787966218871691,-0.14140254704126798,-0.13075387300752556,-0.14605624411718277,-0.06521855524058873
18,Robins',-0.20776783226541173,-0.11646136182357227,-0.14671850947290427,-0.1843204986819689,-0.06521855524061261
19,Three-step-g,-0.05484502274930721,-0.02156425752802503,-0.163945129600552,-0.2060006861587798,-0.06008253912459364
19,Three-step-ipw,-0.332739410190651,-0.22606236903867533,-0.23092477659234242,-0.22668779875902964,-0.06008253912457663
19,Robins',-0.30552593029284325,-0.32931588539741025,-0.3356668557340797,-0.2437981393509191,-0.06008253912460504
20,Three-step-g,0.6913581938442032,0.38761748083393727,0.09779220930578168,0.030381394762695982,0.08214765317455439
20,Three-step-ipw,0.5791039277283588,0.3814308566019386,0.11689390408966867,0.03835735287852088,0.08214765317456543
20,Robins',-0.02375688996430461,0.10613073944000125,0.06100689455056707,0.05810687007905996,0.08214765317456395
21,Three-step-g,-0.16146092395331885,0.0517410650779434,0.06515655436696954,0.0330602535923475,-0.03630623850485982
21,Three-step-ipw,-0.07275305305682186,0.10756220660270674,0.20315129916011287,0.08143039973382515,-0.03630623850485981
21,Robins',0.08376256798857627,0.04908117383495263,0.037601760780871935,0.030219397720754226,-0.036306238504859416
22,Three-step-g,-1.16968271505713,-0.17647671130545645,-0.11024074429044828,0.06160637933152884,0.04523491758826653
22,Three-step-ipw,-0.9746468210109285,-0.1728163141951602,-0.16005203470367294,0.0544690003833589,0.045234917588268295
22,Robins',0.2507468839112515,0.1472843374962232,0.11172254901495131,0.1280339223666637,0.045234917588264305
23,Three-step-g,-1.5289218342465694,-0.8816886355253282,-0.3774871350463794,-0.005785452220708773,0.060891354835068544
23,Three-step-ipw,-1.3524641120169103,-0.7792097890795472,-0.29662732676187853,-0.006197285511541873,0.060891354835066976
23,Robins',0.14753097705829296,0.11105424903470093,0.042710507140321104,0.03844115901352112,0.06089135483506843
24,Three-step-g,0.6413538980713047,-0.17109976458237583,0.04370619786895026,0.16698262618971835,0.12039837500886905
24,Three-step-ipw,1.091091710016243,-0.24320371331083104,-0.04521244288603597,0.13532308066456714,0.12039837500888123
24,Robins',0.2537532489274458,0.26656686352557835,0.2575984619802119,0.1916490412268463,0.12039837500888796
25,Three-step-g,0.842101715751933,0.20798496861059934,0.051872477642058656,0.04733046496645034,0.05009261003927049
25,Three-step-ipw,0.7338852115331036,0.09713910302629461,0.09472556950091839,0.058403818587140145,0.050092610039269334
25,Robins',0.030465074731203516,-0.01676231743267494,-0.03637537879107795,0.016552244393700434,0.05009261003923291
26,Three-step-g,0.25383685808514267,-0.023658463527803195,-0.09169045125523188,0.010300646029954655,0.006275766114863474
26,Three-step-ipw,1.07937353606426,0.1696747720962577,-0.0463737429936031,-0.02411352212757879,0.006275766114863427
26,Robins',-0.013715398455207636,-0.040008685626017504,-0.15217290310433737,-0.016801598809519307,0.006275766114862043
27,Three-step-g,0.42129518524943227,0.3258288227933618,0.061825788805951444,-0.029969351777667554,0.018130206716248067
27,Three-step-ipw,0.4514358118766099,0.19851805091298183,0.03181045998560269,-0.0668742011108764,0.018130206716248178
27,Robins',0.26617508213422714,0.20254822283929938,0.14777944370375937,-0.010839880275261228,0.018130206716243834
28,Three-step-g,0.9655877167701311,0.4168886844099567,0.12535802356700054,0.010678212317619593,-0.004028570607118692
28,Three-step-ipw,0.3464409293913152,-0.01708203486648419,-0.03506954664259842,-0.014893212756858369,-0.004028570607118726
28,Robins',0.14276683796909725,0.09592801570155075,-0.025630821952000726,-0.03649709441260722,-0.004028570607118725
29,Three-step-g,0.21322962790086844,0.008424811103089722,0.1166343052214936,0.13771232294008573,0.0631080418888654
29,Three-step-ipw,0.157020925759861,-0.045853778141531465,0.1391990451681075,0.11717146336572853,0.06310804188886594
29,Robins',0.31457035880964873,0.19502344101101343,0.1409956811912326,0.12784537321619113,0.06310804188886499
30,Three-step-g,1.048937429245399,0.41635420718160826,0.08080705715070782,0.03296348506207402,0.08409742508613488
30,Three-step-ipw,1.4105996449492562,0.6905239490872687,0.1048137262758813,0.012131059155471302,0.08409742508613467
30,Robins',0.10199186813708458,0.01779414746096273,-0.09045030369478085,-0.010346572719918658,0.084097425086135
31,Three-step-g,0.1705789593266849,0.055385747398415,-0.10353345527179404,-0.06526556857019061,-0.00950502680449618
31,Three-step-ipw,0.2668833196805859,-0.0021737801697179347,-0.20634378545787632,-0.07741533776812362,-0.009505026804496133
31,Robins',-0.08321740002144792,-0.09865200951337327,-0.17103001986678862,-0.09231243569717405,-0.00950502680449714
32,Three-step-g,-0.6321311693921554,-0.26466784179166414,-0.03921815818697033,-0.06395736687489835,-0.04489058313301072
32,Three-step-ipw,-0.8149113711015505,-0.32102264999893915,-0.04431405484362791,-0.024650876323050755,-0.044890583133010774
32,Robins',-0.0334166980702882,0.006341729146330244,-0.015722977580361043,-0.06429391888293623,-0.04489058313301117
33,Three-step-g,-1.728086493818004,-0.5262581160467391,-0.47569686879214307,-0.0779296068087385,0.04534890032772662
33,Three-step-ipw,-1.6671025166422266,-0.5354630089249292,-0.5176795621578452,-0.11698575413555279,0.045348900327689706
33,Robins',-0.3279903248282077,-0.2752965642945295,-0.20756794772384946,-0.016013126178117152,0.045348900327691705
34,Three-step-g,-1.0723406904247048,-0.34058900579224033,-0.09231893267091214,-0.045118168992331835,-0.07449591148325338
34,Three-step-ipw,-0.9990548644255879,-0.32657743539683937,-0.10718334274064617,-0.10348934783707575,-0.07449591148325335
34,Robins',-0.1101501314080413,0.02170337292808104,0.029281059775311657,-0.03351374182314765,-0.07449591148325127
35,Three-step-g,0.47651001356783085,0.3409571104443228,0.2838325055180284,0.16425825970715377,0.06944884753645243
35,Three-step-ipw,0.2650957589736913,0.2207143094155763,0.32337180166856444,0.21314654916921585,0.0694488475364644
35,Robins',0.19358373035817167,0.09769567713632554,0.16509737691520235,0.15038972915207646,0.06944884753647301
36,Three-step-g,0.31434629396214947,0.17683893899996592,0.24536092733182346,0.1614324144331781,0.11489270816863463
36,Three-step-ipw,0.3628844939702059,0.14935701193754503,0.23842824509086144,0.17180655033138292,0.11489270816866069
36,Robins',0.05598632323600055,0.17243889340804489,0.28852246124712005,0.17845040859696065,0.11489270816870656
37,Three-step-g,-1.061547191723033,-0.628022045322388,-0.3413683593238496,-0.22510282810342414,-0.1324676182787823
37,Three-step-ipw,-0.5267473657974564,-0.3712523766945226,-0.27144924090743894,-0.16090136607602523,-0.13246761827879916
37,Robins',-0.04189591567270593,-0.05133785079940656,-0.10838169241023049,-0.1865220504759152,-0.1324676182792031
38,Three-step-g,-0.5753349838854606,-0.3631351585450278,-0.24067590238317438,-0.12279782563636667,-0.08218022612194836
38,Three-step-ipw,-0.5434839590484024,-0.22113612583078757,-0.08875227649554572,-0.01311839309520201,-0.08218022612194853
38,Robins',-0.12481494008542884,-0.14182009317125915,-0.14163838612459168,-0.12852238000659866,-0.08218022612195898
39,Three-step-g,-0.8922950289213025,-0.7157407048466963,-0.3469767948080437,-0.00814674514317572,0.05345922596869387
39,Three-step-ipw,-1.2098791961262312,-0.8194801729192471,-0.4738408036476957,-0.029227901027919424,0.05345922596869348
39,Robins',-0.17494030775827496,-0.13420599687752977,-0.08811051398753554,0.02098532199909215,0.05345922596869357
40,Three-step-g,0.5824944918986598,0.6173509455821179,0.5676780667026533,0.22560458676160158,0.057116699801321294
40,Three-step-ipw,0.3637621048171569,0.5083948297986701,0.61414798596917,0.23292598715462717,0.05711669980132052
40,Robins',0.40324896267947746,0.3597887640540788,0.3491101599560807,0.18650883394102713,0.05711669980132107
41,Three-step-g,0.22393607225219334,-0.011495108381498347,-0.016141644260087587,-0.008276873065857856,-0.020053464305090772
41,Three-step-ipw,0.3684785469599752,0.008984569007103163,-0.1326349307165351,-0.05582247930028277,-0.020053464305090578
41,Robins',0.15019974776906678,0.13676077789544416,0.060134970977823686,0.00640584580523943,-0.02005346430509066
42,Three-step-g,0.5327570275425888,0.16778351074440745,0.1663200913776527,0.04095421217131036,0.009807319199544444
42,Three-step-ipw,0.7724026502826498,0.3039693514638823,0.21007674795622117,0.04520278798619842,0.009807319199544836
42,Robins',0.05953873926560257,0.01456650380099997,-0.030725414323116915,-0.024956684763955052,0.009807319199544572
43,Three-step-g,0.5165925937377766,0.1779967101573465,0.14652882555310512,0.020268829617123785,-0.019835977560663666
43,Three-step-ipw,0.62056094822658,0.10691547316076151,0.11362609321771243,0.09132585750007796,-0.0198359775606619
43,Robins',0.061368838163441346,0.005119324871550091,-0.018500390676042422,-0.037877345072299055,-0.019835977560661345
44,Three-step-g,-0.11792271651933955,0.10835538245513428,0.10532655324368508,-0.01945336030574849,-0.11104409402809653
44,Three-step-ipw,-0.3217940176055164,-0.04443837553583394,0.06501623170023826,-0.0356195955965442,-0.11104409402809744
44,Robins',0.029795022270087658,0.038097166929212424,-0.004159818480513372,-0.04381730742132412,-0.11104409402809912
45,Three-step-g,1.9759994462263344,0.8534043021458745,0.27817586687987844,-0.022909866072820882,-0.030480228599445387
45,Three-step-ipw,1.6452396736901775,0.9680667280385966,0.2790124187662031,-0.04128867544050244,-0.030480228599446803
45,Robins',0.048020758478412785,-0.05117205459474644,-0.09825580055125095,-0.08386636919295541,-0.030480228599480113
46,Three-step-g,0.38762391951844694,-0.09025429709801706,-0.22456907980274968,-0.19387895611632042,-0.11782632803522165
46,Three-step-ipw,0.2960529703269715,-0.10250912626756502,-0.23998599676049848,-0.1735285144854724,-0.11782632803518604
46,Robins',-0.17313822735826612,-0.16986431231890398,-0.19799092128599158,-0.17677323508953058,-0.11782632803537667
47,Three-step-g,-1.8835418522477718,-0.8848433316573829,-0.20136019388600357,0.006005427044632789,-0.024888760693821673
47,Three-step-ipw,-1.4036675438114692,-0.763990521946096,-0.219140866267606,-0.0024867347517625138,-0.024888760693821975
47,Robins',-0.05475462424672013,-0.04656418671123329,0.008432213568039271,0.005002830827834948,-0.024888760693822006
48,Three-step-g,0.41217590224283446,-0.08343117697321088,-0.14053084342210304,-0.1283726207263773,-0.11204504536433121
48,Three-step-ipw,0.4943658623595577,0.0862894656219453,0.05766602846948245,-0.03008756197989766,-0.11204504536432751
48,Robins',0.08886086322326307,0.0042305175532591464,-0.051870566774218786,-0.13165000456189938,-0.11204504536432607
49,Three-step-g,-1.2659525987518885,-0.5681600236080347,-0.45022423876635,-0.23401110263748465,-0.15818150530840708
49,Three-step-ipw,-1.332501894781149,-0.47499881692734386,-0.49939632680650825,-0.27966359602153096,-0.15818150530840724
49,Robins',-0.0246447771486795,-0.059188899379517754,-0.11440250239779526,-0.159819287735949,-0.15818150530849176
50,Three-step-g,0.03928448505052021,0.10866714054035662,0.03470043966633554,-0.05422624901140344,-0.0498815645666053
50,Three-step-ipw,0.2270838205570591,0.24234756443180144,0.11552253024581116,-0.01691199406696625,-0.04988156456662154
50,Robins',0.08526949913311112,0.12143514417039257,0.04485301937495392,-0.036786960263072974,-0.04988156456661921
51,Three-step-g,0.7693650519995243,-0.014482641274851061,0.04486671103284805,0.12664597440052103,0.047957704113878806
51,Three-step-ipw,1.0556355644317985,-0.04371761621830946,0.1282155805769168,0.1525960290173623,0.04795770411387871
51,Robins',-0.03805847698828051,0.022706635897085423,0.0857623595697554,0.11139863657254351,0.047957704113882435
52,Three-step-g,1.9963534730031316,0.8481456073310495,0.36086018170218787,0.14425657442733758,0.05775417466376438
52,Three-step-ipw,2.20433339491039,1.0157360607878183,0.3905474353613296,0.15003005698439723,0.05775417466376537
52,Robins',0.4320753569787253,0.29561502216613184,0.1853620699578137,0.1051521174675122,0.057754174663764146
53,Three-step-g,0.2439631314386024,0.3160045367736302,0.24916561057799108,0.08685041694924359,0.031095261790216676
53,Three-step-ipw,0.5139357788926311,0.4291944177031665,0.22391467706912713,-0.0015326015406511857,0.031095261790216457
53,Robins',-0.003752349960951327,0.009358125285026194,0.05200230938749771,0.04511768477591374,0.031095261790217408
54,Three-step-g,-0.12497300310034912,0.26378534535171577,0.23813308653916268,0.08013541929723687,0.007881394518672879
54,Three-step-ipw,-0.2623103693523062,0.16019645669700047,0.23058461805031458,0.04884875285344589,0.007881394518672827
54,Robins',-0.1077874745131093,-0.16076694254362658,-0.10952630886942526,0.010546667839000875,0.007881394518672829
55,Three-step-g,0.4746534825263569,0.18973567235605351,-0.11358735017055602,-0.05362393644505201,-0.06981716822522446
55,Three-step-ipw,0.07195038631454263,0.13302270141731698,-0.20247288799553476,-0.08662787233132234,-0.06981716822522362
55,Robins',0.0072452095988112955,0.037861055712900535,0.007042277409383239,-0.006776163006416794,-0.06981716822520918
56,Three-step-g,-1.8314324048705786,-0.7605871325895982,-0.3116134194463017,-0.1486989636059837,-0.06775172281371594
56,Three-step-ipw,-1.4109186737809447,-0.5078289278742756,-0.217497445524585,-0.17646393825328172,-0.0677517228137168
56,Robins',0.10018575226142805,-0.00390413314940827,-0.023157884493973692,-0.0959734109189659,-0.0677517228136942
57,Three-step-g,-0.16542267276284106,-0.3253314630062775,-0.25187342284169695,-0.08033927112533991,0.0069830230199612806
57,Three-step-ipw,-0.04349839795697147,-0.19352542943881895,-0.09198283752629408,0.007866315416768462,0.006983023019961203
57,Robins',-0.193658905555211,-0.24919750243635397,-0.22218752928740887,-0.0795388329855745,0.006983023019961322
58,Three-step-g,-0.9199910117316829,-0.5044313691824148,-0.26033133577139733,-0.16028600425758038,-0.09041963880766796
58,Three-step-ipw,-1.2138949091496511,-0.3641676679898168,-0.1749806476797368,-0.23577989712910957,-0.09041963880767806
58,Robins',-0.20937208334864285,-0.08643248299913407,-0.08143124578151906,-0.1366020064907403,-0.09041963880766983
59,Three-step-g,0.3328334981318715,0.36872517622378137,0.30368423592705396,0.07494164167232678,-0.001882922018608715
59,Three-step-ipw,-0.13202113435291543,0.1543733389289233,0.3165473635039568,0.15451891500831189,-0.0018829220186087432
59,Robins',0.21029449255745394,0.08914104937855363,0.08178262333996057,0.039420948025456724,-0.0018829220186087178
60,Three-step-g,0.03990342963564984,0.27302266878064296,0.2634811268408539,0.15335143570375234,0.046601094068896384
60,Three-step-ipw,-0.42195646918400026,0.11578288624745856,0.11936652925401399,0.09131288185580422,0.04660109406890516
60,Robins',0.31348938290259304,0.270963159638589,0.16550415393031598,0.11274738856267306,0.046601094068897196
61,Three-step-g,0.5609105000307457,0.24152584392901402,0.029179457965995026,-0.011911160240666468,-0.04221410692520186
61,Three-step-ipw,0.891055728008612,0.41999875629199895,0.11782745035450894,0.051597070355263806,-0.0422141069252016
61,Robins',-0.0328048173148433,-0.02109462351823376,-0.02072844181788088,-0.01581428816011663,-0.042214106925202236
62,Three-step-g,0.5454247684979382,0.09225531473093407,0.17642802500388902,0.03644242211717472,-0.022702943107888167
62,Three-step-ipw,0.5522882545566821,0.16841912297193196,0.30703322558558876,0.09235386901773392,-0.02270294310788666
62,Robins',0.08689321590122316,0.0834166576830585,0.09100167652528816,-0.006130403211182903,-0.022702943107886696
63,Three-step-g,-0.40441597260594825,-0.2858919402898851,-0.17179298808851978,-0.05481208531459925,0.03982576375966844
63,Three-step-ipw,0.16144033463454263,-0.2914468848722476,-0.31566003798780407,-0.13798292519647246,0.03982576375967284
63,Robins',-0.04244689339350316,-0.018108898553816328,-0.03399432923814649,-0.03902071090473849,0.03982576375966828
64,Three-step-g,-0.19727565792488266,-0.030460264416223997,0.1389624539131638,0.17005276328703636,0.11173253946943479
64,Three-step-ipw,0.16905773528136564,0.16937761453178224,0.21157237124747472,0.18850491283069767,0.11173253946943433
64,Robins',0.23552357203574273,0.2868273636302505,0.2675170150494322,0.1918491235175533,0.1117325394694595
65,Three-step-g,-0.5009492678033011,0.04699162032657875,0.2376363377823447,0.2706917528759207,0.12896604662296007
65,Three-step-ipw,-0.15529309722468435,0.07735910920316716,0.25717208458046636,0.3130375041038426,0.12896604662296016
65,Robins',0.3112379882924796,0.38721224022022316,0.4088381476501371,0.3326248273786782,0.12896604662296016
66,Three-step-g,-0.8690610381805475,-0.8181783478694902,-0.4248653902286412,-0.051040398107762744,-0.021092786171762745
66,Three-step-ipw,-0.4843637410431619,-0.3594323057927327,-0.27011066829562164,-0.01841640944723501,-0.021092786171762853
66,Robins',-0.05617708026390324,-0.09833473609601724,-0.08649428591158011,-0.0049187348463309195,-0.02109278617176279
67,Three-step-g,0.06910790582958999,0.16411276302806735,0.18794592703598198,0.020978559380067395,-0.04088484049644208
67,Three-step-ipw,0.0005857605638758184,0.1859712537102669,0.2600952811339731,0.04160633959773662,-0.040884840496442094
67,Robins',0.19410297795114012,0.047411104595471626,0.011419564057961702,0.0011811033239152381,-0.04088484049644211
68,Three-step-g,-0.5401588462884409,-0.3189689263987403,-0.05427786469835529,-0.020152109560143325,-0.0065051983859269365
68,Three-step-ipw,-1.132782524535567,-0.5367452958181276,-0.052809035240541854,-0.017217265432554713,-0.006505198385926872
68,Robins',0.029548452223604103,0.06788232223960908,0.035701724462301264,-0.018430087747342158,-0.006505198385926987
69,Three-step-g,0.3551671430508907,0.3042644655922369,-0.1733468230731364,-0.09538744084816785,-0.039144577787873204
69,Three-step-ipw,0.8582659436097165,0.4381989231884272,-0.16726317865387055,-0.03347882293255063,-0.03914457778787379
69,Robins',-0.04532940631595212,-0.0937508845935191,-0.13438092086939962,-0.04347428417588474,-0.03914457778786417
70,Three-step-g,0.1266223559117447,0.27078742957580726,0.027875869158302084,-0.041292591102787456,0.03132108081708738
70,Three-step-ipw,0.2592449387414254,0.2447098976226542,-0.0533971781100768,-0.052129684974554294,0.03132108081708756
70,Robins',0.09150873682718592,0.0574327040879288,0.03714126365967156,0.0011049891521026972,0.03132108081708952
71,Three-step-g,-1.035105814170303,-0.4103604615638722,-0.02301073672404885,0.0988889183636773,0.03868889179213254
71,Three-step-ipw,-1.2066385620731952,-0.17732331986644354,0.05521673090739663,0.10544320153013442,0.03868889179213303
71,Robins',0.06435841057634555,0.11622142228011266,0.12685469715762954,0.10514488294567335,0.03868889179212667
72,Three-step-g,0.7635094542777272,0.18830626046976628,0.080233072896018,0.10854250216698194,0.07154282924199824
72,Three-step-ipw,0.8469561162659233,0.3181896489095462,0.23309852431732292,0.15906184487459007,0.07154282924200218
72,Robins',0.13399169129527325,0.1327504018426601,0.12887748505658128,0.11084579448425598,0.07154282924200005
73,Three-step-g,0.19878660756851202,0.16752180285278617,0.056274551878074314,-0.07551725551954085,-0.0763341119756072
73,Three-step-ipw,0.2746673183803004,0.23976868151531286,0.03557240265205353,-0.11777262950077773,-0.07633411197560652
73,Robins',0.02050038072796038,-0.034225708292989744,-0.12168266082585406,-0.1259579665227258,-0.07633411197560773
74,Three-step-g,-0.09008689187305828,0.22908186392271299,0.32864084250921555,0.2652086499797638,0.052094288497518314
74,Three-step-ipw,0.49746181798657796,0.43810706772382507,0.38802110430930087,0.2979782442997325,0.05209428849751987
74,Robins',0.3177810888696131,0.37405017361355525,0.3433654826164432,0.2412444039925911,0.05209428849751884
75,Three-step-g,0.7888324570232185,-0.1562078028572884,-0.21641482932890344,-0.08776703352278523,-0.05121257154933713
75,Three-step-ipw,0.7903444791291298,-0.20634032774565672,-0.27142842957135016,-0.11810260664133712,-0.05121257154933717
75,Robins',-0.1746216758767107,-0.1562882388832897,-0.11175726162096752,-0.08494594731960681,-0.05121257154933775
76,Three-step-g,0.01691834188281578,-0.208184219056011,-0.45571384398994946,-0.32015721629812305,-0.149005197161231
76,Three-step-ipw,-0.36640730145408984,-0.4893950063849421,-0.5380333090870488,-0.37795218862735497,-0.14900519716131191
76,Robins',-0.2181073533514526,-0.24375341566882608,-0.31244040804435036,-0.2685228294232495,-0.1490051971614573
77,Three-step-g,0.7922577597327867,0.4949591760640717,0.3162229538189913,0.13657756817020475,0.018560323639997645
77,Three-step-ipw,1.1503901415082656,0.6034493694771544,0.3390169989110329,0.11814811799987332,0.018560323639997725
77,Robins',-0.025641366675583758,0.10701780717208804,0.13252701799527128,0.10325416676352615,0.018560323639995265
78,Three-step-g,-0.8717656325734405,-0.31042322757381996,-0.10220771802234893,-0.07475560800725901,-0.05683509194088215
78,Three-step-ipw,-0.75960554815235,-0.27839845082119286,-0.150813324387442,-0.11539306982211629,-0.05683509194085227
78,Robins',-0.019297622076940243,-0.08225475633653945,-0.09331991239501104,-0.08887899949118004,-0.05683509194088339
79,Three-step-g,-0.1420931188337412,-0.03443771266261424,0.0665437161509062,0.0767850929782645,0.019641430857830107
79,Three-step-ipw,-0.2838785084542643,-0.14870838120352536,0.04425041885147202,0.08693430590676422,0.019641430857829528
79,Robins',-0.23200372165360036,-0.1824889327299847,-0.018351901310716075,0.06898571377922076,0.019641430857829822
80,Three-step-g,-0.4031339773876518,-0.24446020135580845,-0.1845012531572177,-0.06516731421038686,-0.061865264986121625
80,Three-step-ipw,-0.32696327856282875,-0.1318622547177216,-0.10625005686740624,-0.018612220791261878,-0.06186526498605841
80,Robins',-0.09902015996462175,-0.15139872067174018,-0.1901323016715457,-0.07949902396087866,-0.06186526498612564
81,Three-step-g,0.6076817922495693,0.1137180655250352,-0.17672210489507112,-0.155102136251831,-0.05329289380596962
81,Three-step-ipw,0.31229343982495067,-0.11231551603447679,-0.32602348499569644,-0.14907607260820416,-0.05329289380596666
81,Robins',-0.09911925348088917,-0.12357344741393708,-0.16175393415804368,-0.1374200790491781,-0.053292893805962034
82,Three-step-g,-1.2435591784132902,-0.39720412090062057,-0.047753001752213683,-0.061544340387094464,-0.03137274712598193
82,Three-step-ipw,-1.045425110479187,-0.3464318202970804,-0.06342814963977868,-0.04022669633294741,-0.03137274712598208
82,Robins',0.07697912903359347,0.03188890075856738,-0.05969425037447737,-0.08586105002637508,-0.031372747125977055
83,Three-step-g,-0.18463913748705882,-0.07581426035947561,0.03048615810883021,0.07644970523951711,0.0026503454426589435
83,Three-step-ipw,0.12759967058954186,-0.075954847092528,-0.01622372534441675,0.07570851080087336,0.0026503454426589214
83,Robins',0.019899928778749902,0.043606219372729176,0.06628433138111159,0.06560543076870112,0.002650345442658966
84,Three-step-g,-0.6533773980437447,-0.5409640633825691,-0.06778821728637711,0.1614198383038735,0.09752982530308892
84,Three-step-ipw,-1.0639966771017524,-0.6702053501552431,-0.15436915597454953,0.15661453777564394,0.09752982530308894
84,Robins',0.2475100823181363,0.2473138001172176,0.2763412300455185,0.19101510532088115,0.09752982530309452
85,Three-step-g,-0.4158976274746082,0.26103052371138474,0.14668586984942128,0.08171616832035604,0.032725993245380704
85,Three-step-ipw,0.23862651454084352,0.7220823833299924,0.31805325742728946,0.14919695213808998,0.03272599324538083
85,Robins',0.08924957824924583,0.09656414572796033,0.15279584049802955,0.09099565213232506,0.03272599324537222
86,Three-step-g,0.5667831772350789,-0.1140612110302254,-0.13729740497264264,-0.09461558877131583,-0.11922194405400105
86,Three-step-ipw,0.4198306841834973,-0.3151792453160804,-0.19478731540146804,-0.11866485097012294,-0.11922194405400048
86,Robins',-0.008694379093701809,-0.04299548274225843,-0.06275856433330604,-0.0963979708744578,-0.11922194405400514
87,Three-step-g,-0.4376602161037809,-0.2517770813759948,-0.09759504465478146,-0.11816347006105993,-0.07869990502276217
87,Three-step-ipw,-0.9707487974792084,-0.2137975473076803,-0.05102275248148542,-0.2066405236512957,-0.07869990502276661
87,Robins',-0.08837895113150934,-0.04530311227704971,-0.11911144516084257,-0.13857801291212574,-0.07869990502276733
88,Three-step-g,-1.3123303779307143,-0.36722414960115946,-0.2237533567290429,-0.10231636895300937,-0.046844359695639846
88,Three-step-ipw,-1.2595931712910635,-0.5445057077485659,-0.41398090353446143,-0.18282301005535592,-0.04684435969564121
88,Robins',0.09099208321636064,-0.006549667997712972,-0.07872847425274444,-0.0639154150809068,-0.04684435969564239
89,Three-step-g,2.0353866031269545,0.7106858794683719,0.4494257330956163,0.3134177019575265,0.1487888972242466
89,Three-step-ipw,2.7535350074766134,0.9860358393275412,0.658603282191051,0.34303381085229856,0.14878889722424987
89,Robins',0.4529810406092857,0.322729685147307,0.27751301460743333,0.24542507056551022,0.14878889722425134
90,Three-step-g,0.022686618394428138,-0.5270702692122616,-0.4763144499686531,-0.3567574639508704,-0.2047338292697296
90,Three-step-ipw,0.10467786594555309,-0.35127555260398,-0.3665018740020921,-0.31428802714354315,-0.20473382926945
90,Robins',-0.396732691828542,-0.3970220197249442,-0.3161249226284381,-0.33410631911314587,-0.20473382926977224
91,Three-step-g,0.636476214309226,0.3762736891249946,0.31128272205947305,0.10688624945961007,0.07205329463551242
91,Three-step-ipw,0.7043631584666784,0.27410879715992864,0.08577122422661565,0.04825683949638488,0.07205329463551263
91,Robins',0.14219273344092842,0.16319374488740662,0.14943656692602794,0.07196039097689642,0.0720532946355227
92,Three-step-g,-0.04665341729193779,0.36947029741487036,0.15731505016945213,0.018688120876193783,-0.010019855881037707
92,Three-step-ipw,-0.34871395805827776,0.2621662222373765,0.12755869606669418,0.006330200887967364,-0.01001985588103734
92,Robins',0.012237176488961716,-0.021918479882223382,-0.022170377469645373,0.01536193543320246,-0.010019855881037524
93,Three-step-g,-0.3172375931712145,-0.04471713169880165,0.09391689203172862,0.12496413173756252,0.04477930386645115
93,Three-step-ipw,-0.21111049972647597,0.058902544948756345,0.05237903881362965,0.059713748344031044,0.044779303866450945
93,Robins',0.12148032109950478,0.16757558052421276,0.14228623283990977,0.11665091229715177,0.04477930386645275
94,Three-step-g,0.2862450445324227,-0.46171991357751807,-0.386209852805438,-0.009393531884381471,0.03369713787281834
94,Three-step-ipw,0.31763100590786575,-0.3382786284231696,-0.3106540060129583,0.014663147979689714,0.03369713787281889
94,Robins',0.044098450847993555,0.026806805472056563,0.0684546821857889,0.08368231903713753,0.03369713787281767
95,Three-step-g,-1.0296034950987132,-0.39081801102729846,-0.12131086835459898,-0.07385642199764972,-0.07476310899890665
95,Three-step-ipw,-1.2047329431313385,-0.5278159297862438,-0.2769141039308153,-0.11978347552502634,-0.07476310899891399
95,Robins',0.02222776514202528,0.0023714724188435977,-0.05386143322667124,-0.08439267277554797,-0.07476310899891346
96,Three-step-g,0.7909262260867754,0.3715671505456564,0.10036278161738728,-0.049157771127323,-0.06594085593400956
96,Three-step-ipw,0.9076591576106245,0.4154604069435547,0.09688809337298526,-0.04255007630732138,-0.06594085593400938
96,Robins',0.13417547598135027,0.02590714148944843,-0.021121420080052886,-0.06254282427105191,-0.06594085593395874
97,Three-step-g,0.09316512151843183,-0.02291977092772033,4.848999516097187e-05,-0.013678425615902238,-0.008161908857513497
97,Three-step-ipw,0.5097465925502234,0.18822793329009085,0.06273016340298165,0.008805553246056062,-0.008161908857513582
97,Robins',0.1188734197594304,0.10864686856369787,0.06734101435395937,-0.0118750158534883,-0.008161908857513533
98,Three-step-g,0.8746899438632924,0.1565317784280489,-0.13392592275918358,-0.0882329890282288,-0.013008073538812727
98,Three-step-ipw,0.5965880624277788,0.013484108902768027,-0.13125581151385463,-0.1183760348638905,-0.013008073538812448
98,Robins',0.09452456590754638,0.0024907129724214094,-0.06648942163721744,-0.07348607177478507,-0.013008073538809933
99,Three-step-g,0.7624774573408122,0.32169908521158613,0.08427906735308587,0.025302794974726872,-0.020696206608944435
99,Three-step-ipw,0.4176300069698422,0.0733974791240605,0.04692348662526761,0.06564642589271998,-0.020696206608944414
99,Robins',0.16854915113809005,0.07753489652951957,0.037590693490757346,0.021122126332045403,-0.02069620660894423
100,Three-step-g,0.7635790807995918,0.2286948752978107,0.1377318069067522,0.08752261767804713,-0.020022623619425237
100,Three-step-ipw,1.0805728136132997,0.48241790393400824,0.232779933561621,0.08253595306013359,-0.02002262361942521
100,Robins',0.035194430039940085,0.030603613911828576,0.07492038815568039,0.07227444904946524,-0.020022623619425077
101,Three-step-g,0.30989317035487124,0.17816277281339024,0.13334748521681644,0.1816469652109701,0.08733135193337581
101,Three-step-ipw,0.022629752265063894,0.10604825769757209,0.10785787186807569,0.15353786235004238,0.08733135193337903
101,Robins',0.2244920609182221,0.12735691181078207,0.12712419866267943,0.1873199113118502,0.08733135193337939
102,Three-step-g,-0.07488889008304746,0.232311680462569,0.14503107321814568,0.00030325219739440307,-0.052364591269792544
102,Three-step-ipw,-0.46604998932649705,0.20232448667233038,0.11522934651704869,-0.026989870205271785,-0.052364591269767675
102,Robins',0.12298466704086866,-0.03162885865113379,-0.05239477988527274,-0.037121163900667546,-0.05236459126978227
103,Three-step-g,0.5029566067943996,0.08525929904094934,-0.14745710523371283,-0.03768029999095119,-0.046257883802885605
103,Three-step-ipw,0.2362313103111324,0.009105954068141206,-0.04554605188508178,0.07084335914029546,-0.04625788380288931
103,Robins',-0.0009991758754822162,-0.03295306519232652,-0.06816811937101112,-0.012527563896530555,-0.04625788380288542
104,Three-step-g,-0.5875858044726867,-0.14326494302550102,0.1717071269737432,0.09989136480749866,0.06065664538246445
104,Three-step-ipw,-0.7511077879318048,-0.26955153435772544,-0.09296864803274282,-0.006394739559674424,0.060656645382458935
104,Robins',0.04559354482526239,0.13159873081045612,0.1312312022619326,0.06840782019303937,0.06065664538241947
105,Three-step-g,-0.04669405573960167,0.0727023147604028,0.14579403107309535,0.17021593513879082,0.15865573950332143
105,Three-step-ipw,-0.5177606799840153,-0.09809028468631507,0.06771190239046856,0.16443690062107852,0.15865573950361733
105,Robins',0.11959060316651679,0.128308517122945,0.1331169203186406,0.1632309171594014,0.15865573950361356
106,Three-step-g,0.7785772695789311,0.07737403006890166,0.038445286684813784,0.0728080780827334,0.011730533584554455
106,Three-step-ipw,0.8583575219788,0.1776405258721617,0.11263157821175179,0.1172244298045249,0.011730533584554352
106,Robins',0.09810908068873654,0.13402713152541565,0.11531053857994998,0.07475799844818935,0.011730533584553695
107,Three-step-g,-0.6649579717868372,-0.5509095162759179,-0.5043061952881066,-0.20414697066907667,-0.09306406748563645
107,Three-step-ipw,-0.5045264138535058,-0.37120355651339604,-0.41604380982623373,-0.21286581650209913,-0.0930640674856398
107,Robins',-0.16946511932600145,-0.1303546181705433,-0.13300605995121345,-0.12696895238124,-0.09306406748565296
108,Three-step-g,0.04688099455312179,0.014277252012724945,-0.0502850816724328,-0.01922258862751263,-0.0877490350730767
108,Three-step-ipw,-0.2308652876631714,0.11330653164555642,0.09932364835542248,0.07846623397334879,-0.08774903507306762
108,Robins',0.07803971449376138,0.10306693216544704,-0.031003420741645145,-0.035733203209922994,-0.08774903507307429
109,Three-step-g,0.3183527731746558,0.41598119841165027,0.3907574799370638,0.11973113543966073,0.036630012211715794
109,Three-step-ipw,0.30994129375606266,0.3075079055171134,0.3214078143542782,0.12944996927954908,0.03663001221171572
109,Robins',0.08197735536006863,0.06473260219539818,0.12319493858879639,0.0812455345453602,0.03663001221172376
110,Three-step-g,-0.6322331848294933,-0.181232504471391,-0.3292002233669708,-0.1388575039218689,0.028969345327563806
110,Three-step-ipw,-0.34265556643468115,-0.13661361393321522,-0.2718434493458598,-0.14054178016599714,0.028969345327559248
110,Robins',-0.14002087847940717,-0.11841574704692027,-0.10569458571598658,-0.06417258716163216,0.028969345327564826
111,Three-step-g,0.09968564233374959,0.09223286117637582,0.1658114550842759,0.11955355110415117,0.02191688062680835
111,Three-step-ipw,0.15646903369687726,0.044712339295924816,0.0045467783013341916,0.1119586821789164,0.02191688062680844
111,Robins',0.04789941801167675,-0.02641324088314071,-0.027116575356066652,0.06892637328512788,0.021916880626807845
112,Three-step-g,-0.38403312637287323,0.015563631778326072,0.02681938267401189,-0.02309598735891327,-0.03913489951875301
112,Three-step-ipw,-0.6629704032824072,-0.07667562529199247,0.14639805784910018,0.029634713362832542,-0.03913489951875315
112,Robins',-0.0036727884497411065,-0.011417145044695093,-0.023859953721351582,-0.024599996111537493,-0.03913489951877775
113,Three-step-g,-0.49485763624568546,-0.07346496553895797,0.04598362030332447,-0.0006293116668345482,-0.01734537605052084
113,Three-step-ipw,-0.24506329647979005,-0.17405701303817642,-0.03817892918257614,0.03848420831862736,-0.017345376050520753
113,Robins',0.14868314617664416,0.10808326019414055,0.005293845543163669,-0.02810836745432632,-0.017345376050520972
114,Three-step-g,0.4441227659063666,0.4350734896682376,0.3373438699447951,0.0419651912980192,-0.030544326907761304
114,Three-step-ipw,0.5507894730605298,0.47336594554805855,0.34093344904502865,0.039405591447584265,-0.030544326907761578
114,Robins',0.0967947059629046,0.14541242906460608,0.104020005736647,-0.0006543294110604786,-0.030544326907764697
115,Three-step-g,0.3978188726977452,-0.0542634293497097,0.08649028489618496,0.1814227394689411,0.11233153070481877
115,Three-step-ipw,0.5138268405667388,-0.1153508391518561,0.018702368563551668,0.16053081592036636,0.11233153070481841
115,Robins',0.12855821370728124,0.0921598797543624,0.08864017497925716,0.14716856622852614,0.11233153070482092
116,Three-step-g,0.8359332320015528,0.23012526056677646,-0.05744717756214232,-0.06758191496419115,0.00966968943690925
116,Three-step-ipw,0.7496539118396547,0.023251038654195467,-0.06326538476979593,-0.06678870958617047,0.009669689436909022
116,Robins',-0.05000191924009421,-0.05762599379108884,-0.0710325395191371,-0.06167575097731809,0.009669689436908773
117,Three-step-g,-0.9878944592813454,-0.458018248583034,-0.13590365418372874,0.05779824439838306,0.023153901109656733
117,Three-step-ipw,-0.793342593930755,-0.28220846992405246,0.032575353177861005,0.16258265345945505,0.023153901109656864
117,Robins',-0.15887264224934974,-0.02328576623975337,0.03406555543046498,0.08272152992557623,0.02315390110965391
118,Three-step-g,-0.3501521807692147,-0.07927886193863955,0.19963407271264372,0.06923171644450912,0.010634603703552346
118,Three-step-ipw,-0.36829536826274606,-0.07198960181920051,0.2148468673715716,0.0776213781733833,0.010634603703552268
118,Robins',0.1853681317891814,0.26165453752340656,0.2751164445568475,0.08474596110610824,0.010634603703552282
119,Three-step-g,0.9003364245190616,0.5115689188143051,0.15107162888436168,0.07908633567938321,0.04016685447641948
119,Three-step-ipw,1.2208783537299117,0.33762699921318023,0.04654691186400478,0.04313344044302223,0.040166854476419316
119,Robins',0.31108472492493494,0.25817577914066675,0.17080845418968368,0.10335772791099852,0.04016685447641918
120,Three-step-g,0.1343800483857154,0.3426008162520972,0.30307178056253886,0.0963953743866553,-0.02930354459687111
120,Three-step-ipw,-0.006143861437539295,0.35692474568210353,0.33076344013013437,0.08535221965556766,-0.02930354459687125
120,Robins',0.04222604326964428,0.0630213807699738,0.09392744550177008,0.05255905095393276,-0.029303544596869607
121,Three-step-g,0.11334795282160895,-0.006552266085351269,0.012696678464181786,0.059309510489476885,0.024276894481270992
121,Three-step-ipw,0.330815274034938,-0.08066936236869211,-0.12165796363494542,-0.0038194777116601856,0.024276894481270683
121,Robins',0.24080213311002677,0.22070918230553038,0.15732903325698244,0.09692832709194281,0.024276894481273174
122,Three-step-g,-1.047335910892162,0.24464451942150808,0.2058688591391146,-0.023444130640353694,-0.04286774548094465
122,Three-step-ipw,-1.0713508933454794,0.34014530051143427,0.27663527120031306,0.00886211763326993,-0.04286774548097576
122,Robins',0.013428731349977241,0.08385632283775492,0.06877732791095134,-0.02919565323683393,-0.04286774548095839
123,Three-step-g,0.15892080193597485,-0.08901531513969609,-0.08437134954164517,-0.03572248999483536,0.009145252035947536
123,Three-step-ipw,0.2324231962441601,-0.16749387006458327,-0.03534588033643637,-0.008619276242309041,0.009145252035947373
123,Robins',-0.08546898723392968,-0.04538851520742912,-0.06422611431216321,-0.04109943284080141,0.009145252035947661
124,Three-step-g,-0.3441683446669316,0.20704990575657925,0.21232083544048605,0.12722495735252856,0.09978291929792035
124,Three-step-ipw,-0.8799433662693447,0.08201762022968417,0.17004311764721453,0.1040039972566331,0.09978291929793984
124,Robins',0.1871866143853234,0.21191499592483204,0.1085813576605207,0.11295640202078684,0.09978291929794707
125,Three-step-g,-0.4495658998325007,-0.2834461005964404,-0.3115605234738104,-0.12263571022915554,-0.002394194262202307
125,Three-step-ipw,-0.21268219419039083,-0.15966393237110788,-0.3050667912138343,-0.12858220122316943,-0.0023941942622022383
125,Robins',-0.24644902708869032,-0.18922506468063358,-0.09991131504990718,-0.05890229755562439,-0.002394194262202324
126,Three-step-g,-0.6145476113866183,-0.03856202049418252,0.032161534454094726,0.0739616462822792,0.027648723394012854
126,Three-step-ipw,-0.5368805605787239,0.00900498527446537,-0.046157622435152146,0.06599704183325128,0.027648723394013565
126,Robins',0.022857408993691597,0.08484168363877037,0.14252907129975279,0.1087828482405415,0.027648723394007244
127,Three-step-g,0.9787391486600577,0.31140839213503285,-0.02447093603696286,-0.0023088329804741192,-0.024760142564875093
127,Three-step-ipw,1.4959278500120454,0.642334627204798,0.024138496699359357,-0.0338589905134384,-0.02476014256487502
127,Robins',0.38516403418401873,0.1453196875392717,0.05113759692536901,0.03221489999390878,-0.024760142564874354
128,Three-step-g,1.9829105438290486,0.5790190147020877,0.15574399598173755,0.024021136586696835,0.007337581870040326
128,Three-step-ipw,2.3578772567773827,0.7351236560674952,0.18784408631293867,0.07113415466535188,0.007337581870040507
128,Robins',0.32632885540079726,0.2030126088073648,0.09612294630586074,0.0030128864152172085,0.007337581870040546
129,Three-step-g,0.06904670137584941,-0.09715332593425448,-0.01900431821858559,-0.05416133798230107,-0.049340091845105995
129,Three-step-ipw,-0.10495759993410053,-0.17708642387977913,-0.1273082831339893,-0.07724041661218843,-0.0493400918450969
129,Robins',-0.015267129431311142,-0.06734347100818355,-0.04794857717463316,-0.05792483536547134,-0.0493400918450982
130,Three-step-g,0.8584635655628982,-0.0688265346593784,-0.06856905506236086,0.07853062238881588,0.05239270546805869
130,Three-step-ipw,0.8769065937191498,-0.11157756014167461,-0.1496174197304875,0.04461830458444571,0.05239270546805857
130,Robins',0.15139387291682752,0.1026079104166502,0.15974220295637764,0.11509453741180271,0.05239270546806085
131,Three-step-g,1.1647973887689205,0.5117423643111755,0.4807719593435536,0.32402533249750953,0.14259907399212873
131,Three-step-ipw,0.79638141471941,0.368218567957728,0.4566885642055279,0.27715754644389584,0.1425990739921327
131,Robins',0.6363117493661876,0.5955869134654905,0.4851950752522618,0.3039707701424808,0.14259907399212873
132,Three-step-g,0.33471510280070493,0.4185982296182395,0.37723232994640393,0.14039556301697081,0.03533238890952031
132,Three-step-ipw,-0.42632838330418615,0.1067965792548419,0.3968398035887389,0.1668399598093992,0.0353323889095203
132,Robins',0.15573694677880015,0.19827457867677759,0.1672197410900207,0.082383301180596,0.03533238890952319
133,Three-step-g,0.5026958041010082,0.4029890466585647,0.07943761639829788,0.006382899976728203,-0.025841131472073852
133,Three-step-ipw,0.9353456880211688,0.7243440050212496,0.2374884430046705,0.022704433479454347,-0.025841131472075077
133,Robins',0.2630614828456099,0.16800522059554704,0.061208164470797716,0.016022114238590502,-0.025841131472073647
134,Three-step-g,0.22555095011637197,-0.0106135030250717,0.032033170736496204,0.00938738036752015,-0.028688865490411962
134,Three-step-ipw,-0.34862885940822574,-0.27582799029583327,0.015933059645734462,0.014590655252428204,-0.02868886549041194
134,Robins',-0.09585107921183693,-0.03811559760334129,0.014798941544338591,-0.0017071504844222347,-0.028688865490412118
135,Three-step-g,1.419296645123553,0.9124497897652493,0.4524729838108572,0.1171474630775084,0.07671578422200451
135,Three-step-ipw,1.7536754476763952,0.9130942634494308,0.40465530347122136,0.01865945325585723,0.07671578422200462
135,Robins',0.12352768971577728,0.1335860995308727,0.14599523105801285,0.07534617400028257,0.07671578422200663
136,Three-step-g,-1.367472682037527,0.16963103532981472,-0.021537493990549505,-0.11394519287550035,-0.07944346723525679
136,Three-step-ipw,-0.5371735330947232,0.34615783328104893,0.03993491617733186,-0.09311653282553205,-0.07944346723529801
136,Robins',-0.16779810406583334,-0.13100432750190702,-0.16683786349227409,-0.10535560430819775,-0.07944346723530263
137,Three-step-g,0.0641697812768854,0.02123186588757661,0.0793710405228402,0.13039107959165513,0.04556579224133125
137,Three-step-ipw,0.5967458812057039,0.4265688507977637,0.14987900879630167,0.15867758412382496,0.04556579224132629
137,Robins',0.10973761331383376,0.10872815380175231,0.1605167195260952,0.1507712104487837,0.045565792241328645
138,Three-step-g,-0.2571484461076098,-0.42040776347775277,-0.18339765841691616,-0.04581689857228254,-0.007971653766558931
138,Three-step-ipw,-0.2400381542087468,-0.42983829976385973,-0.18667148981746345,-0.11233003399776371,-0.007971653766558756
138,Robins',-0.2125157002568614,-0.16502107720726505,-0.020789325407067127,-0.019682490558658217,-0.007971653766558832
139,Three-step-g,0.6249665823070432,0.21556744665847657,0.1764122425145584,0.1721345993415689,0.051614690221413975
139,Three-step-ipw,0.18629566439118816,0.14699628970770715,0.13066124444585772,0.2009884536489047,0.051614690221411984
139,Robins',0.17572997500654236,0.15780634837807087,0.0987608830532982,0.13068020378198353,0.0516146902214125
140,Three-step-g,-0.5936118198773558,-0.1664470062970736,-0.13421089920034948,-0.11490419185788117,-0.06462706381449858
140,Three-step-ipw,0.596253690572675,0.15260430079283033,-0.10672813120627922,-0.07786964223258099,-0.06462706381450449
140,Robins',-0.28257109907173084,-0.24161877883822572,-0.19688209452143265,-0.1205799629597984,-0.06462706381452858
141,Three-step-g,-0.6879747819837686,-0.1503542232653834,0.11097974300032744,0.12097473583917807,0.03264737576011722
141,Three-step-ipw,-0.797555731176832,-0.2548754403982245,0.02674635658576377,0.14681359293160662,0.03264737576011626
141,Robins',0.019311672418038738,0.02408118116648587,0.09383157616769268,0.13717242034198027,0.03264737576011609
142,Three-step-g,-0.6033851197921237,-0.12481859092592144,-0.012762234909603308,0.07679440030329261,0.04911564301406193
142,Three-step-ipw,-1.0844728558126597,-0.20149882921827042,-0.07069659808734217,0.06442032541033384,0.04911564301406213
142,Robins',0.21141527747372704,0.24296765835346512,0.2206621728571196,0.1297109463967836,0.04911564301406188
143,Three-step-g,-0.6136893942331682,0.1295261821037647,0.1688258458499639,-0.07532240480018952,-0.10473193014313421
143,Three-step-ipw,-0.3703986769175523,0.14614530481539306,0.19082018814440013,-0.03910414531646534,-0.10473193014308656
143,Robins',-0.03654618314895003,-0.033537622149560915,-0.037043980615273094,-0.10414876739830355,-0.10473193014316916
144,Three-step-g,-0.4742526776014509,0.0007490260584935018,0.0071510289164606,-0.03981821583379356,-0.020977332584572406
144,Three-step-ipw,-0.964007799962615,-0.1388367460679677,-0.02644527630236872,-0.06631990483311274,-0.020977332584572555
144,Robins',0.06104766060605796,0.004272932694263147,-0.059816647614326666,-0.04844157985329527,-0.020977332584572496
145,Three-step-g,0.024058994132495955,-0.23456454257570591,-0.17791390670964305,-0.09082177059819892,-0.04955546900845708
145,Three-step-ipw,-0.2406765364070871,-0.2804543321518284,-0.11719221994238237,-0.05676025610659332,-0.049555469008458405
145,Robins',0.030797035831942467,-0.008599620772067412,-0.042862618708344104,-0.07219955031470045,-0.049555469008457906
146,Three-step-g,-0.3687665621873424,0.11777520592447677,0.2851944961777687,0.18667690709013915,0.07230942514642426
146,Three-step-ipw,-0.36952407842361895,0.11371483777204229,0.3093345964348344,0.19402469747314743,0.07230942514642429
146,Robins',0.22240162088544513,0.291969761200775,0.2829391981269577,0.17719064048071356,0.07230942514644353
147,Three-step-g,-0.43127906373273106,0.06772536750051451,0.16478659237796853,0.08316745433398173,0.06516571782128533
147,Three-step-ipw,0.16908415495993417,0.23469008935040167,0.21397527216748088,0.11079585426579133,0.06516571782128791
147,Robins',0.21263374678836766,0.11328496374468654,0.09373374585600465,0.06291564844278842,0.06516571782128591
148,Three-step-g,0.7552142750294385,0.20591589749613806,0.07226370314219224,0.006550369943747742,-0.032062795201227075
148,Three-step-ipw,0.6794365166613525,0.23113714380723238,0.09328448731379796,0.02581719450313585,-0.032062795201226915
148,Robins',0.16310835113126065,0.12641920558825448,0.08500721233100869,0.013234316600955105,-0.0320627952012268
149,Three-step-g,-0.23477070157356697,0.025817823466887095,-0.052964002222861,0.07699238051162341,0.026626769650290927
149,Three-step-ipw,0.16039079216460403,0.054339027145154255,-0.09413022278363628,0.13803014941635033,0.026626769650289685
149,Robins',0.043524018315210855,0.0224066297426932,0.08087554752074017,0.13024525802315295,0.02662676965028975
150,Three-step-g,-0.321979109056934,-0.30415547080986377,-0.07214590122307787,-0.07616270709200822,-0.0878234095791645
150,Three-step-ipw,0.3567212700642569,0.006775249068090791,0.18116892719627706,0.018025738384629876,-0.08782340957916387
150,Robins',-0.09897836424825616,-0.00020243041816808135,-0.04345929788199683,-0.09800271996275128,-0.0878234095791951
151,Three-step-g,0.42786011476306,0.6195774622658413,0.2981905974611511,0.10066823227026099,-0.008265867097702304
151,Three-step-ipw,-0.07515681056136161,0.5646256923799028,0.32924222209195697,0.09241765316166003,-0.008265867097702552
151,Robins',-0.01815753891351076,0.05787153484334107,0.1304619862149806,0.0852497017711778,-0.008265867097702526
152,Three-step-g,-0.49898545049389936,-0.4633682611289955,-0.31185610655944207,-0.09103760522533101,-0.04631278446565568
152,Three-step-ipw,-0.6422146586463973,-0.7340201885362785,-0.5016327880711929,-0.1456989952074889,-0.04631278446565354
152,Robins',-0.24716856017451477,-0.15911524652699083,-0.0968519376792169,-0.03127595212643208,-0.04631278446565572
153,Three-step-g,-0.050139029049955354,-0.32285018298401214,-0.30058135084964904,-0.07621943541803917,0.012864094562964414
153,Three-step-ipw,0.10132021427281443,-0.36326563645377363,-0.5098150336019276,-0.14168388634831042,0.012864094562964588
153,Robins',0.024045127390909447,0.03638438093066881,-0.02107956417804896,-0.0362255506636971,0.012864094562964666
154,Three-step-g,0.9959722175169393,0.6520524661583823,0.24915900178571493,0.12715945163048478,0.08331282372990735
154,Three-step-ipw,1.470984472080035,0.8893647323509315,0.4224704997919274,0.16124274396054578,0.08331282372990743
154,Robins',0.2998206620437378,0.2723414906390283,0.1931686152682994,0.11413863541054635,0.08331282372990806
155,Three-step-g,-0.490854555091546,-0.041569098116173375,0.0019067339779208778,-0.0005390753772616441,0.019285300528385306
155,Three-step-ipw,-0.9891587776093639,-0.03907366875256671,0.06956534892468183,0.0326894957461754,0.01928530052839258
155,Robins',-0.06803249398336345,-0.09438466543438342,-0.0726919073438399,-0.00376735078533159,0.019285300528387776
156,Three-step-g,0.2039204935158319,0.1754192993395286,0.19317104155427,0.0952919719545779,0.022945290402294847
156,Three-step-ipw,0.3030948327613118,0.33267948323421903,0.30705895545690715,0.10354823889205297,0.022945290402294753
156,Robins',-0.019128192884559563,0.004041996019500134,0.05864926813583517,0.07069933139150261,0.022945290402294954
157,Three-step-g,0.3715431793385481,0.02663899276353116,-0.016207436097331943,-0.10209548237949655,-0.04312496819922894
157,Three-step-ipw,0.5917308249706225,0.2624346995262859,0.24812385516682856,0.008029521625525463,-0.04312496819923255
157,Robins',-0.10842743088353933,-0.18724554398348423,-0.17915825019956166,-0.14142680557184867,-0.043124968199242074
158,Three-step-g,0.3614070081789246,0.045269682292530526,-0.07395269904423644,-0.08418185316653311,-0.011306393518153168
158,Three-step-ipw,0.7956777603660034,0.051807509355552284,-0.2106312889934568,-0.11880817878709274,-0.011306393518153343
158,Robins',0.04000074263960055,0.05023957463717941,0.00598253109659267,-0.08753606829849825,-0.011306393518152252
159,Three-step-g,1.854339633055948,0.9430622739879257,0.2685353846769265,0.03656404149064671,0.013469906276592622
159,Three-step-ipw,1.9088696315249396,1.0222049058853158,0.2968529078412286,0.07864033331598813,0.01346990627659239
159,Robins',0.23512546635838397,0.15054363453716765,0.11715214101838581,0.037455733702408935,0.013469906276592813
160,Three-step-g,-0.40719359213175255,-0.6046560448315211,-0.47512471031616044,-0.2500790774161626,-0.12500541570607826
160,Three-step-ipw,-0.5810377581031431,-0.7808001056351608,-0.5204834061221627,-0.2208455723201234,-0.1250054157061018
160,Robins',-0.2023611151051163,-0.20360518617057008,-0.19778521888064238,-0.18949647129891004,-0.12500541570648027
161,Three-step-g,0.10620284036302988,-0.2273150595594357,-0.29971471590329185,-0.10865156195186355,0.04669354218359762
161,Three-step-ipw,1.2631850876221706,0.3351528458128949,-0.018685683393865872,-0.016478703959290564,0.0466935421835969
161,Robins',-0.16922464417636468,-0.21872221850366166,-0.1727695109261124,-0.08978417743552673,0.046693542183581155
162,Three-step-g,-0.24358831796957167,0.25138425512900087,0.4357323011155953,0.23277378320773348,0.068402600694966
162,Three-step-ipw,-0.35361472173023833,0.18718224429593353,0.3657007903383224,0.22347527540760664,0.06840260069496625
162,Robins',0.15971428318669692,0.2148741290117578,0.23168238250497836,0.17573813441589178,0.06840260069496677
163,Three-step-g,0.6010272688389119,0.03956918615140244,-0.07288504001475599,0.0030258494558518373,-0.08082886325277766
163,Three-step-ipw,0.21253413365031237,-0.07637881549462547,-0.0801434316680546,0.03701744507978392,-0.08082886325275783
163,Robins',0.09998064087882805,0.08471536772040124,0.04676208185847873,0.01885168490912765,-0.0808288632527575
164,Three-step-g,-0.5865891534276509,0.253339349993256,-0.0722829651584023,-0.1569303379782705,-0.09196834819586695
164,Three-step-ipw,-0.45137279807204445,0.15532312470921475,-0.15508012716385314,-0.19921654480619888,-0.09196834819596543
164,Robins',-0.11723889892236672,-0.20571277898394685,-0.2507099392837577,-0.16861664161507803,-0.09196834819606095
165,Three-step-g,0.3009577782345207,0.21050802274543637,0.19654418201074286,0.0984497037134776,0.06408501139958993
165,Three-step-ipw,0.3035717175227925,0.2635441306949967,0.22986035396714066,0.07499408982747599,0.064085011399599
165,Robins',-0.07305035038861726,-0.028707559195815205,0.02588821668473294,0.060019097435894495,0.06408501139961065
166,Three-step-g,1.21779187511766,0.6231519570688048,0.2549335317175944,0.14140344523312834,0.06202662633212736
166,Three-step-ipw,0.979215840362438,0.547529947221246,0.163085642914745,0.10533457611159272,0.06202662633212817
166,Robins',0.19005937338272041,0.22904042706856523,0.1443522770157769,0.11687632978255388,0.06202662633213898
167,Three-step-g,0.16860786407188671,0.013887995630588993,0.06911259591172066,0.04564652979079357,0.04952677550616783
167,Three-step-ipw,0.11942867834687541,-0.23150879805334706,-0.0225441488919227,-0.013196146182208095,0.04952677550617092
167,Robins',0.1845004977223186,0.13751596335549224,0.12717849113258883,0.054568652936426834,0.04952677550617162
168,Three-step-g,1.1703566410749389,0.844376842314006,0.2230385241163186,0.054354053912976326,0.04409062749166571
168,Three-step-ipw,1.1357833778383908,0.8152379558682584,0.15746668161554458,0.04582163229795084,0.04409062749166954
168,Robins',-0.052036781342797725,-0.04930858353979684,-0.04058309135837845,0.03795766486256226,0.04409062749166694
169,Three-step-g,-0.726684382594653,-0.5193146957061493,-0.22456742143983738,-0.0073205712692643475,-0.023199902386241294
169,Three-step-ipw,-0.9248506310671898,-0.4414913660400343,-0.13884203955275612,0.020330565584480036,-0.023199902386241242
169,Robins',0.1528976222836077,0.031918414293435046,-0.007428777624817852,0.010521981870645618,-0.023199902386240805
170,Three-step-g,-0.5697875118259822,-0.26043803590796794,0.06374784888942056,0.08832964553316822,0.05618990614197484
170,Three-step-ipw,-0.6819408412656006,-0.5225842270067368,0.003982894526639905,0.10940236667655767,0.056189906141978975
170,Robins',-0.10019716048431301,-0.09697090016845801,-0.05488386968983499,0.03399071716203195,0.05618990614197494
171,Three-step-g,-0.048526307130580905,-0.08277445774525112,-0.08234599232965215,0.031720223077727906,0.03697525644353619
171,Three-step-ipw,-0.10143053136842477,-0.20705578149076603,-0.14005728953416788,0.048426924437767166,0.0369752564435372
171,Robins',-0.0751892465761988,-0.03897348673770805,-0.06172049129247145,0.029931721948225878,0.036975256443535456
172,Three-step-g,0.2778431784903889,0.16803749029487386,0.09467033926439636,0.09336666985706868,0.016941194963249032
172,Three-step-ipw,0.928563023362794,0.34298383803958327,0.11577890489090681,0.08347504664732423,0.016941194963249147
172,Robins',-0.03178713590574321,-0.11557880595686491,-0.08765358859346517,0.051564300230197715,0.016941194963261706
173,Three-step-g,-0.7315356534687482,-0.07525733036359332,0.011478319943136089,-0.007925341242824182,-0.0232004002773586
173,Three-step-ipw,-0.7618079265364759,-0.26426035593514946,-0.2043898254703281,-0.11917986209130346,-0.02320040027735852
173,Robins',0.18475920073771532,0.029901015558964007,0.016614301151722417,-0.0074108406778287264,-0.02320040027736001
174,Three-step-g,0.2086043871587364,-0.07356317923569133,0.09867508796517613,0.056638546576054695,-0.025565096673377294
174,Three-step-ipw,0.316272511429813,0.06756736694733365,0.12856797001801465,0.08122254315696416,-0.025565096673377568
174,Robins',0.14778972539494484,0.1154604222136495,0.09146242782941029,0.00903189064074866,-0.025565096673377356
175,Three-step-g,-0.6415621314937587,-0.6362126522157123,-0.5417646102973274,-0.17589790258364493,-0.055037130616989074
175,Three-step-ipw,-0.6023353310008549,-0.5645145318068365,-0.4636304109435099,-0.22034987432232678,-0.055037130616989116
175,Robins',-0.26496531955873737,-0.18269927290833243,-0.14026956201307447,-0.11642132256349595,-0.055037130616990386
176,Three-step-g,0.1593326369562822,0.09173118004915058,-0.044458508957402,-0.11310395790025664,0.0017246765356869313
176,Three-step-ipw,0.18423067986616265,-0.07087023904700057,-0.04809084130135636,-0.09382071394120792,0.0017246765356871124
176,Robins',-0.2837910825568148,-0.2531603153548097,-0.27441088520786844,-0.1560490760946701,0.0017246765356669716
177,Three-step-g,-0.25748077501085076,0.22005801253213975,0.2909055350828589,0.17786491064335067,0.0540531070958392
177,Three-step-ipw,-0.5131580802852994,0.343983366092558,0.47893323823988637,0.3019664844253997,0.054053107095889695
177,Robins',0.052054386759050636,0.10812496215917654,0.176094625531729,0.16178354297869454,0.054053107095819446
178,Three-step-g,0.09757592614975184,-0.2540325783140077,-0.2845458027047675,-0.13303946759107657,-0.04314179734121408
178,Three-step-ipw,-0.36567229971411597,-0.45791111571122145,-0.4383057934235769,-0.1652559745787049,-0.04314179734121526
178,Robins',0.2182290161028477,0.09029268675068282,-0.04980816476331715,-0.09422324268880095,-0.04314179734121593
179,Three-step-g,0.3179651313407084,0.22137269312465233,-0.21984611045328617,-0.1760033849647688,-0.011218713528948297
179,Three-step-ipw,0.05607808086254619,0.1381103916666729,-0.21960658236262004,-0.18234328073904163,-0.011218713528947356
179,Robins',-0.046318754796465876,-0.1265479440543591,-0.21271062397236906,-0.13761042067862925,-0.011218713528946659
180,Three-step-g,-0.6720559103061934,-0.007027043450959381,0.24517345119147127,0.12959845035613035,0.05874729528408045
180,Three-step-ipw,-1.2802975217692367,-0.22536073149036462,0.08507844430277055,0.06844319692902073,0.05874729528408031
180,Robins',0.015728628454468332,0.09747241201655889,0.11477192820927681,0.09381281656465902,0.05874729528392786
181,Three-step-g,0.13805456923851625,-0.08702045311321935,0.013211803553599551,-0.011398033108488224,-0.01808686319305537
181,Three-step-ipw,-0.4240413891913813,-0.22322544513234535,-0.032147872885444746,-0.019043180307333252,-0.018086863193055202
181,Robins',0.05164966446240412,-0.016723215100961024,0.03371002729828075,-0.013668524245090375,-0.0180868631930555
182,Three-step-g,-0.3031779448585781,0.033691971946654305,0.15709320874337038,0.07650437605310098,0.036765222281536176
182,Three-step-ipw,0.38368183245622145,0.0869914207436255,0.022375129050186272,0.05432121696069101,0.03676522228153523
182,Robins',0.18132833222300823,0.22018464491145923,0.11236570236410756,0.05461658712216469,0.03676522228153709
183,Three-step-g,-0.513439713370741,-0.008759219992339659,-0.0859456943172455,-0.1163371585749616,-0.046682742311101505
183,Three-step-ipw,-1.2498980871366416,-0.31528386436677264,-0.333415560795774,-0.22046022645554386,-0.04668274231110365
183,Robins',-0.1663701921816477,-0.1729203392122963,-0.2231765959971921,-0.15138197104458453,-0.0466827423111223
184,Three-step-g,-1.0543374894788367,-0.6587535880025873,-0.19973242543786734,-0.012361726727354132,0.0733353670991387
184,Three-step-ipw,-1.373757430301446,-0.6456114761060534,-0.15925098916226368,-0.024699193923294675,0.07333536709913874
184,Robins',0.017132123060217407,-0.11896565950701873,-0.08872354999373325,-0.0054269387915079756,0.0733353670991441
185,Three-step-g,-0.13261636574580982,0.0211731209015924,0.05187001564008622,-0.09309806634948632,-0.09113562381395353
185,Three-step-ipw,-0.11486835386451674,-0.04826064062121251,0.06489675396530273,-0.07010796747005929,-0.09113562381399336
185,Robins',-0.03263702074716505,-0.028139613972828173,-0.025543061989267993,-0.10940115483935565,-0.09113562381395154
186,Three-step-g,-1.3575345379789077,-0.36116193330026963,-0.23195115669365013,-0.24740533489091635,-0.11270181829279276
186,Three-step-ipw,-1.253107993108359,-0.30354867945921726,-0.11707271740474713,-0.16074064812513866,-0.11270181829279113
186,Robins',-0.45542748570063324,-0.32725472538768563,-0.2940015853900066,-0.25523265338540496,-0.11270181829277291
187,Three-step-g,-0.30659834063201713,-0.3937084456043652,-0.2844459957179404,-0.22294117756059953,-0.13998434272450833
187,Three-step-ipw,-0.7384430689849518,-0.5887669251561526,-0.3777402782746244,-0.2999211370625449,-0.13998434272437532
187,Robins',-0.2211486038729698,-0.20733494866248475,-0.27202062126347565,-0.23527188876039015,-0.13998434272455382
188,Three-step-g,-0.4004735392875968,-0.5457200946844135,-0.44546413044179506,-0.13734179040578998,-0.029703759180535656
188,Three-step-ipw,-1.571274596461413,-0.9015351167809623,-0.5371525573210543,-0.19304537286927154,-0.02970375918053432
188,Robins',-0.14585326955946312,-0.15940842843312436,-0.14978358241138984,-0.081461108692261,-0.029703759180534757
189,Three-step-g,-0.7081105048477178,-0.3075242907313129,0.050078599589674255,0.07766383126327057,0.026008879619713324
189,Three-step-ipw,-0.32368444700324495,-0.3374821460332541,-0.07241152867098104,0.053038726681876355,0.026008879619713213
189,Robins',0.04099316197735657,0.02558203776451016,0.07652740426869555,0.07570788818435893,0.026008879619713137
190,Three-step-g,-0.43038471555290053,-0.3074912622167872,0.009685947712205881,0.08637653560848077,0.0020963864437898074
190,Three-step-ipw,-0.5605820788718876,-0.19966373388267658,0.09475392806559144,0.09930404019696197,0.002096386443789953
190,Robins',-0.03913736506619237,0.033157292188789676,0.074888418965076,0.07465281821954545,0.0020963864437898816
191,Three-step-g,-0.1516163056954757,0.177340459792364,0.17257644265338812,0.14279002967597987,0.06558080190411461
191,Three-step-ipw,-0.4318344428477261,0.06776468143366335,0.15002696756279954,0.15286005033717318,0.0655808019041201
191,Robins',0.19267727435889095,0.1358109138897531,0.12274632900030083,0.15007824699226432,0.0655808019041206
192,Three-step-g,-0.9797433468888571,-0.4854719167014774,-0.32956564154576745,-0.1036463417191233,-0.029486390685553865
192,Three-step-ipw,-1.0905002633494234,-0.5347033118084451,-0.2355041403347585,-0.09023611844340573,-0.029486390685554153
192,Robins',-0.03302115966314412,-0.0449720643606654,-0.12060441638836004,-0.0661881359320499,-0.029486390685555263
193,Three-step-g,0.008501426050465994,0.15151871683624915,0.20720644779029285,0.10567342053713438,0.07374682290235962
193,Three-step-ipw,0.3748946191236069,0.33079509823669595,0.2791128318874713,0.11309437924146974,0.07374682290235868
193,Robins',0.28743459823747397,0.1927013005634037,0.13498983773975679,0.09049759187421443,0.0737468229023603
194,Three-step-g,-0.8845660571731881,-0.18075292942260113,-0.008829081864213712,-0.05062712388411215,-0.047990528515406056
194,Three-step-ipw,-0.89282870569031,-0.22740479577078745,-0.004213783363349409,-0.07972850726997713,-0.0479905285154063
194,Robins',0.006106457797282675,0.05900920862500421,0.01883526070621157,-0.04160296718655684,-0.047990528515406035
195,Three-step-g,-0.25076050314144366,-0.17131588718241192,-0.14276742292335096,-0.08014370738639515,-0.010738933987284373
195,Three-step-ipw,-0.0832560834038125,-0.2327286527848423,-0.1359296039052798,-0.07963101448093977,-0.010738933987286436
195,Robins',0.018293021537622946,-0.15107595117541575,-0.17352951427100485,-0.07894527499728113,-0.0107389339872865
196,Three-step-g,0.8130973499815024,0.5812094418796799,0.09904901924720233,-0.025524861829300055,-0.0647658670819482
196,Three-step-ipw,0.5703436128479292,0.5004728383335412,0.12829461245905754,-0.035396781935939245,-0.06476586708194805
196,Robins',0.11414988513298042,0.053587878166901595,0.039178134505301915,-0.004334793894250157,-0.06476586708194819
197,Three-step-g,0.46717703983013187,-0.06960883906389123,-0.1299012807347058,-0.06899416648937594,-0.0770079508103236
197,Three-step-ipw,0.21061947859386107,-0.20038150285187564,-0.2752325546608986,-0.12051366760344948,-0.07700795081035383
197,Robins',0.04504590195405468,0.02417536814789513,0.06406919628595541,-0.02227429159219329,-0.07700795081032492
198,Three-step-g,0.4528429403909624,0.07388573285259945,-0.19124939436295027,0.027404106533765942,0.11986303831800145
198,Three-step-ipw,0.22339657435448504,-0.2177264179145999,-0.20289464670264878,0.06263145891553362,0.11986303831798717
198,Robins',0.3026346652596126,0.1512030492983249,0.09967333129423837,0.1170900921754196,0.11986303831800503
199,Three-step-g,-0.330718853686331,0.08240626706148499,0.03217781727121162,0.03166545289161993,0.0324464153995196
199,Three-step-ipw,-0.958831650987624,0.02927594157274288,0.0894875956665893,0.054400520284426566,0.03244641539951941
199,Robins',0.07486760334826383,0.021585142994047186,0.057963053403763,0.06496979271757637,0.03244641539952224
200,Three-step-g,0.3012707497378511,0.042051105519662915,-0.05260754824535314,-0.026117821801831222,-0.05702648193373522
200,Three-step-ipw,0.2982715208299214,0.02782259040566028,-0.10945801618162261,-0.06277123382720769,-0.05702648193372816
200,Robins',0.20486950674876558,0.14518980829836725,0.08298340437065373,-0.009038902439991435,-0.05702648193372802
201,Three-step-g,0.20113633067503384,-0.3283860865428493,-0.3830024268896886,-0.1370299761457379,-0.02852865476495216
201,Three-step-ipw,0.8421302528726008,-0.09849446655130074,-0.30141032233555887,-0.09141661404122925,-0.028528654764956817
201,Robins',0.011946626430309248,-0.06882092470465431,-0.07563598049038459,-0.08826997332770728,-0.028528654764955624
202,Three-step-g,0.17637704123673845,0.14787562097918963,0.0941672634273682,-0.1687993475268426,-0.12947239218002562
202,Three-step-ipw,0.24856456985407144,0.07068053576877914,0.002015657436504423,-0.226585083313251,-0.1294723921800411
202,Robins',-0.08998710540049058,-0.13015791217062564,-0.16720125984673834,-0.21741754698640645,-0.1294723921800411
203,Three-step-g,0.6448854223445923,0.34951982751352706,0.4002396938868527,0.1418353907190459,0.04029123193875909
203,Three-step-ipw,0.7551537023390164,0.6633387775752104,0.6220859558354761,0.16870890619411014,0.0402912319387596
203,Robins',0.11871793463196062,0.08694759013591519,0.042499747927417106,0.037451607207522865,0.04029123193875943
204,Three-step-g,0.1188528036888161,0.4158946504243473,0.25027287122625164,0.1406892188081025,0.06286593974484642
204,Three-step-ipw,-0.19040334767323233,0.18836158911549564,0.14818797015368929,0.0834460169733554,0.06286593974485045
204,Robins',0.2722138034593866,0.24338872082470983,0.20195169480229072,0.1544791326799383,0.06286593974484661
205,Three-step-g,-1.3017570281154278,-0.2984199837194982,-0.10481933779898732,-0.0017379027660702371,-0.03557261464463699
205,Three-step-ipw,-1.5470869462190537,-0.3307359225991899,-0.16447577839538743,-0.012662396429237605,-0.03557261464463705
205,Robins',-0.055008319617315594,-0.02857787013673916,-0.05018898547320035,0.005745285739085769,-0.03557261464463733
206,Three-step-g,0.2504700000124563,-0.16818654538478445,-0.14569155251411678,-0.06579612626668581,-0.025854723647401358
206,Three-step-ipw,0.5755226994522139,-0.1452716407830721,-0.21472123623463202,-0.09969451288200698,-0.025854723647401143
206,Robins',-0.0895434682349261,-0.0776720342414721,-0.11802941011260197,-0.06914159462220348,-0.025854723647401653
207,Three-step-g,0.2807772782689995,0.6147357496619004,0.338048787664516,0.09744717468025706,0.05437524486436186
207,Three-step-ipw,0.28989209051271114,0.7854397099975183,0.5042417416425182,0.1257745279388438,0.05437524486436212
207,Robins',0.024298035057170583,-0.025986759473109865,0.04918010789459332,0.05018753861392979,0.054375244864359844
208,Three-step-g,1.6225916151544506,0.6536911714284867,0.22706193477845965,0.006173775870284561,-0.040696448341037514
208,Three-step-ipw,1.8011774951517574,0.7224118936321137,0.23406745358473555,-0.0448118650449099,-0.040696448341037965
208,Robins',-0.01638697292927602,-0.15969393722944744,-0.17201296807296637,-0.07466659872685807,-0.040696448341037986
209,Three-step-g,-0.7408568850418413,-0.17619784034870498,-0.004512431505322144,0.018347897089022264,0.03031225799768968
209,Three-step-ipw,-0.7478653186073214,-0.36984008941749075,-0.1485022639774774,-0.07836021606699387,0.0303122579976867
209,Robins',0.027480293761408887,0.04339836417663437,0.024476873532908273,0.018970865010324942,0.030312257997689523
210,Three-step-g,0.30131727985854995,0.008070050639520527,-0.052986295797314134,-0.03399878791977186,-0.03082927868214589
210,Three-step-ipw,0.25904201439917346,-0.1441834353706381,-0.09552031985285286,-0.04908208611259811,-0.030829278682146362
210,Robins',0.046838790314522476,0.08440467768074743,0.037032491596917363,-0.010826320306944397,-0.030829278682146802
211,Three-step-g,-0.6469725273989673,-0.354954295065801,-0.14716246827608384,-0.01485488651652492,0.02541094827511174
211,Three-step-ipw,-0.7028536094520043,-0.2196445903513911,-0.035050068925832595,0.036191862790453784,0.02541094827511112
211,Robins',-0.12722871005812564,-0.04208285899339975,-0.04323069070201035,-0.0053895732266599095,0.025410948275115152
212,Three-step-g,-0.46691462151269686,-0.13120282447930745,-0.028570024652986074,0.0085982866788106,0.046441206036302106
212,Three-step-ipw,-0.35259118318281424,-0.10100033840656182,0.06950793723852866,0.006647198360679584,0.0464412060363021
212,Robins',0.40956885673967924,0.31647989843022617,0.20171123798875917,0.07146150180677362,0.046441206036301544
213,Three-step-g,0.9479434596330459,0.4291491946675836,0.24938649178674793,0.14255932339926658,0.07692023671917574
213,Three-step-ipw,1.0131934008469845,0.5260610237027091,0.3289735766378149,0.1985498124872095,0.07692023671916257
213,Robins',0.1432601920165025,0.12763515631498581,0.051097717331939685,0.08516900546600746,0.07692023671916255
214,Three-step-g,0.8332265355529272,0.4550042335776312,0.2025694645294511,0.14934945946515976,0.082938961707862
214,Three-step-ipw,0.4696775949401379,0.1693139943277993,0.18631145541351202,0.133856389475223,0.08293896170786
214,Robins',0.22391278217955135,0.18145055293127457,0.19790019906983228,0.16856693211128104,0.08293896170786039
215,Three-step-g,0.8414874115817885,0.5864967070957013,0.18875212123164659,0.05396549266641779,0.0722195038088309
215,Three-step-ipw,0.1400170654541822,0.48793908705586064,0.18731807215001522,0.05246986158727817,0.0722195038088364
215,Robins',-0.02056251594652012,0.032987970860307345,0.034342514043910165,0.04443513843946341,0.07221950380882912
216,Three-step-g,0.12226055501946756,0.21557048322159914,0.3884759159831565,0.28532151029164704,0.14968234565116054
216,Three-step-ipw,0.46577768564198246,0.46724075254721453,0.4860481909777369,0.32671955561238675,0.14968234565112462
216,Robins',0.28604258428063595,0.2251882321481472,0.21563159496430184,0.2364845538977751,0.14968234565112612
217,Three-step-g,0.7273610602057835,0.2907376012293468,0.07028414890740446,0.029476622940511094,0.030065484273237148
217,Three-step-ipw,0.11110463589186982,0.2518606047726256,0.07403624572138763,0.01939332907236832,0.030065484273236947
217,Robins',0.2176728090210687,0.1855266326019779,0.12116335038216734,0.050835376362460764,0.030065484273237436
218,Three-step-g,0.7753849392454092,0.13395791338121832,-0.10429956690102841,-0.018238203668909655,-0.010684024868091476
218,Three-step-ipw,0.1557664904106439,-0.1976177851369672,-0.3348020519084615,-0.08036596569323493,-0.010684024868091533
218,Robins',-0.01595522231212984,-0.05424431269727074,0.027128396270384852,0.028690081694698548,-0.010684024868091583
219,Three-step-g,-0.014382255755130621,-0.10831765552007923,-0.16164457190973372,-0.118041164358264,-0.06346989789685455
219,Three-step-ipw,1.3095232922325444,0.2389740737616426,-0.1081391723304941,-0.060020192305293735,-0.06346989789681974
219,Robins',-0.10264205709175728,-0.11446540337827785,-0.12161627872597514,-0.10965106814227948,-0.06346989789679278
220,Three-step-g,0.8750046230557379,0.6621554882843432,0.36311739268714105,0.2305298165782267,0.17764046452231338
220,Three-step-ipw,0.7528073619262343,0.5650727648130377,0.36389457636797945,0.25394928628359303,0.1776404645223138
220,Robins',0.2962474936315844,0.2541491043603909,0.2554093393763849,0.23738494993952336,0.17764046452231616
221,Three-step-g,-0.07553521271695075,0.1916079095858408,0.1931206466146034,-0.024166201867336923,0.039741258385202365
221,Three-step-ipw,-0.2505599181561712,0.15073122476441517,0.17124646601627602,-0.1184582818714974,0.039741258385201726
221,Robins',0.14283050642759923,0.0877993915475633,0.011840104667868797,-0.042612665831891314,0.03974125838520158
222,Three-step-g,0.5850059321293901,0.25136104102750717,0.012177026691592487,-0.04907851727389982,-0.057283586054253086
222,Three-step-ipw,0.943642720731288,0.4674685270863153,0.06420992432870315,-0.02283228255706326,-0.057283586054252995
222,Robins',-0.330685476518033,-0.27386670642926486,-0.2542277609165793,-0.10583110930622924,-0.057283586054253925
223,Three-step-g,0.7270164403435838,0.5650620723924837,0.2529928412790946,0.06610660493634593,0.0425204553642258
223,Three-step-ipw,0.7645960736349254,0.5351173269379487,0.2456874610688866,0.10820487565354799,0.04252045536422426
223,Robins',0.20088958060573694,0.1642648329720311,0.1525947948054171,0.06696391547920376,0.04252045536423083
224,Three-step-g,-0.4036152046882681,-0.2947612661158608,-0.2605786989791739,-0.11844668093874494,-0.0410874707287319
224,Three-step-ipw,-0.11063745244165045,-0.011496313268516864,-0.12992615856957287,-0.0899001240864608,-0.0410874707287469
224,Robins',-0.14410137417310973,-0.15182616580663852,-0.17482416440993584,-0.09675117549186173,-0.04108747072873486
225,Three-step-g,-0.9268838600732245,-0.22271986468322327,-0.07289791636379757,-0.032273605505964725,-0.0015146378762871963
225,Three-step-ipw,-0.9676184268976752,-0.19497706414354257,-0.08176594226799956,-0.0317690689725541,-0.0015146378762872915
225,Robins',0.04990418590140971,-0.003139036990803276,-0.07471615735618761,-0.04698240326498995,-0.0015146378762871996
226,Three-step-g,-0.7300467234375113,-0.42614216502935726,-0.44346269486721857,-0.12648882282894125,-0.0523038897517337
226,Three-step-ipw,-0.6392569200342051,-0.3159196112238422,-0.38033649459953417,-0.0973389787406284,-0.052303889751729234
226,Robins',-0.06440347265476856,-0.08694592203493845,-0.24140802635752845,-0.12470866540050367,-0.05230388975173232
227,Three-step-g,-0.2034195540695935,-0.5020634995165788,-0.38288318783043196,-0.024353373306130924,0.004589472407388736
227,Three-step-ipw,0.021551111288569045,-0.41797749391475897,-0.33388454113059146,-0.04828003870559618,0.004589472407388775
227,Robins',-0.10637262187458843,-0.02650081952534686,0.007200168867383006,0.036711954877099565,0.004589472407388918
228,Three-step-g,-0.08741739674341924,-0.0019440658680044522,-0.16290322316532282,-0.10508036152551181,-0.018282326034890786
228,Three-step-ipw,-0.0018886288896101157,0.06099338562347943,-0.09522054556462713,-0.02836261720054431,-0.018282326034889308
228,Robins',0.01530658759247471,-0.010274260680295083,-0.06374320544610908,-0.06240962242579084,-0.01828232603488923
229,Three-step-g,0.0494767187879802,-0.01823839031981108,-0.02268164781509087,-0.010980367326534445,0.01681672842206459
229,Three-step-ipw,0.43680423736343105,0.1251386371942505,0.04868383176829872,-0.008119674313973825,0.01681672842206479
229,Robins',0.11591509961959545,0.09627357473314989,0.017214673735526032,0.0013270605396736225,0.016816728422064595
230,Three-step-g,-0.609302809058765,-0.38104097084389993,-0.3124308341623673,-0.18867465201830008,-0.12113943154700811
230,Three-step-ipw,-0.016083538591930138,-0.17500697000264406,-0.13538441520932468,-0.10155403428060929,-0.12113943154680233
230,Robins',-0.06417936271839288,-0.058745716831381634,-0.10069620538506026,-0.14450589996695806,-0.12113943154686017
231,Three-step-g,-0.9832665334739142,-0.3785836526257383,-0.3273264772635246,-0.11574769516844678,0.04703936499210257
231,Three-step-ipw,-2.0613121770333978,-0.8242386956287494,-0.5047652020931286,-0.15178160026105453,0.04703936499211764
231,Robins',0.0745051329617549,0.05111812668776552,0.016676646202135447,-0.023302357208256762,0.04703936499210211
232,Three-step-g,0.4966794485376454,0.26204852155971636,0.22687993462389114,0.011512400181211815,-0.05429401231015457
232,Three-step-ipw,0.5872588667914656,0.19989853771795194,0.15180918817563624,-0.022065874068536575,-0.05429401231015164
232,Robins',-0.07774443638575634,-0.015650903782589723,-0.04076529897030214,-0.051997677157624,-0.054294012310148576
233,Three-step-g,-0.200708070696375,-0.06132095899836973,-0.2801021654131445,-0.11972759824034669,-0.029278968175752675
233,Three-step-ipw,-0.3880680008043656,-0.3952423876760298,-0.38397810675579475,-0.14306524269556892,-0.029278968175752554
233,Robins',-0.2768246345863827,-0.2538839794257609,-0.23225325744009637,-0.0815650238168175,-0.02927896817575279
234,Three-step-g,-0.6279301264998723,-0.18845259583784937,-0.06693650813975699,0.07559414800210987,0.04357167061787848
234,Three-step-ipw,-1.3609640078633916,-0.6634098279486372,-0.26050659483675764,0.07663148681284572,0.043571670617878186
234,Robins',0.04178327237985016,-0.025861712988751232,0.06531679754366677,0.11924292164850213,0.04357167061787739
235,Three-step-g,0.8256757592590012,0.58254913353513,0.516766886975621,0.33030867185425483,0.2278116691196131
235,Three-step-ipw,0.6365705617065315,0.44688062193658407,0.41988469756196434,0.2924830559219719,0.22781166911961598
235,Robins',0.3096708443860585,0.3155696419331222,0.400034445637818,0.3346333043309721,0.22781166911962045
236,Three-step-g,-0.18874620981941154,-0.05280645912180336,-0.08181230390607827,-0.014675346842108812,0.01069105511276419
236,Three-step-ipw,0.3914896577408798,0.27505492249448177,-0.013962294351726074,0.0166738454847037,0.010691055112764214
236,Robins',0.15108203745284626,0.12296727106766635,0.04654714202780998,0.017860044909883695,0.010691055112763963
237,Three-step-g,0.1942701889952531,0.13468975251734616,0.02008090161909414,0.03180968270161542,0.047539002163969495
237,Three-step-ipw,0.025632234298051778,-0.0040400580038330875,-0.10720380588286767,-0.03480875957663851,0.04753900216396476
237,Robins',0.2436298047693236,0.22927611902704975,0.2100398634283156,0.11301622187575083,0.04753900216396954
238,Three-step-g,0.12625515755457867,-0.04518797955768012,-0.13835457477061533,-0.1258495322398642,-0.04351654396622996
238,Three-step-ipw,-0.1687434577529063,-0.003248717475200136,-0.1443099529976048,-0.14604327108889265,-0.04351654396622913
238,Robins',-0.006048004292818389,-0.006470851827676707,-0.017837362578553465,-0.09697117072285709,-0.04351654396622929
239,Three-step-g,-0.2927335102196242,-0.159530629781977,-0.18009260112607142,-0.15786644269348396,-0.04292001715310682
239,Three-step-ipw,0.3435042080751755,-0.11887060219451887,-0.1405225933869027,-0.1748341789906849,-0.042920017153111625
239,Robins',-0.07413456250015722,-0.1393699663903602,-0.0755776223315459,-0.11974034110643252,-0.042920017153105165
240,Three-step-g,1.4894623551222308,1.248242965810524,0.39893137765615594,0.013391020422589925,-0.00010504523082335802
240,Three-step-ipw,1.0691958567456974,1.1361662908683012,0.42606455307548297,0.07854218063934837,-0.00010504523082322269
240,Robins',0.11064420553579356,0.18554794640800218,0.05982999415980667,-0.013699302937667697,-0.0001050452308233752
241,Three-step-g,0.7791018719475766,0.17546010720817842,-0.01518107229278155,0.0975548119669022,0.06150265404075106
241,Three-step-ipw,1.0135467630118007,0.16841998331971691,-0.09593054791789106,0.13155628164196473,0.0615026540407509
241,Robins',0.24993238070207938,0.3294488736633392,0.29955204325740853,0.17946369024373687,0.061502654040751586
242,Three-step-g,0.11525800343507396,-0.16205692265861496,-0.04524031382646767,-0.10218564160053745,-0.07886439892892888
242,Three-step-ipw,-0.06822740910463529,-0.1330331902213028,0.008422219402984564,-0.11209654661733305,-0.07886439892893136
242,Robins',-0.09803734977615654,-0.05512519999401525,-0.09438141921692962,-0.13796954969653322,-0.07886439892892307
243,Three-step-g,0.524178804139241,0.4520030724363626,0.07031702246990724,-0.11595241380607194,-0.07431210109947521
243,Three-step-ipw,0.529680989803575,0.4713774333835334,0.12235317242774599,-0.12067380258963877,-0.07431210109947409
243,Robins',-0.01695158067334152,-0.09163349703192872,-0.10001036800448174,-0.11387074213783815,-0.07431210109947506
244,Three-step-g,0.7776040680883564,0.7346882347533575,0.30746782876554735,0.09573840918422176,0.0413695110616055
244,Three-step-ipw,1.2348010117243524,0.9286421302312869,0.3583368936987076,0.11016109820860867,0.04136951106160545
244,Robins',0.2846067704811158,0.18795540088093637,0.13530095003141493,0.09636005138226586,0.04136951106160609
245,Three-step-g,-1.0928766440768927,-0.4471244928301902,-0.05301871878086301,0.044098187837001694,0.06212518571147622
245,Three-step-ipw,-1.1709485705378913,-0.5432282869755247,-0.08625650340627529,0.08598008679856778,0.062125185711476426
245,Robins',-0.05661945931101014,-0.021536773831617038,-0.004030767987289633,0.03419219596647207,0.062125185711477626
246,Three-step-g,0.5793606484051503,0.030453314941275067,-0.030798946438918045,0.002666042034397831,0.04866580997157244
246,Three-step-ipw,0.8473798927351418,0.13707659317907112,0.07004251340650583,0.013591926230796051,0.04866580997157399
246,Robins',0.021893392060833537,-0.0022179417973348086,0.02753851700276539,0.02254485272194902,0.04866580997157406
247,Three-step-g,0.776073754813287,0.6710142499256807,0.34246085562266243,0.14095153429096835,0.09958743165853261
247,Three-step-ipw,0.9350866353663005,0.6913883700794925,0.41236920537317806,0.19483146531620443,0.09958743165854256
247,Robins',0.018521670604414668,0.036988092733429866,0.08448218147087153,0.12432232280229154,0.09958743165858239
248,Three-step-g,1.4897170736935548,0.37963265692702186,0.00987051800413369,0.017448504471902618,-0.03626831700811193
248,Three-step-ipw,1.7264613583117125,0.465636649596756,0.026512491960781502,0.02308301190040444,-0.03626831700811189
248,Robins',-0.137171414019435,-0.09698525957144678,-0.06512955107137718,0.005768335107386911,-0.036268317008111915
249,Three-step-g,0.24438399096621646,0.3020895440175506,0.267147878127828,0.12227175033450473,-0.01093000461665297
249,Three-step-ipw,0.1684209518348685,0.3481113290827733,0.2695372759258907,0.04728584819087614,-0.01093000461665292
249,Robins',0.0586791919046229,0.04479521933814382,0.06341895957141902,0.06571495813079868,-0.010930004616653105
250,Three-step-g,0.14495098438033732,0.24056832972569597,0.15979791090521023,-0.07157210398603361,-0.10229368465098165
250,Three-step-ipw,-0.427154351266762,-0.09719993714230399,0.04496270772916933,-0.1285215866180064,-0.1022936846509762
250,Robins',0.22706989605181346,0.08056066251068349,-0.005767920964407858,-0.11614906274440287,-0.10229368465098358
251,Three-step-g,-0.07524924980506868,-0.03388582719899715,0.019716866131601472,0.012566765822142171,-0.04056298105512693
251,Three-step-ipw,0.0721778021862146,-0.0755145641755294,0.04152145778086543,0.0014981796686477345,-0.040562981055127054
251,Robins',-0.1583019655473991,-0.12951863930806673,-0.02617093549038293,0.0038238209498078365,-0.04056298105512643
252,Three-step-g,-0.13385827087567154,-0.13959501634488053,-0.21206963972685466,-0.08475341631999159,-0.0850034904309495
252,Three-step-ipw,-0.5129279820034912,-0.2996707714968114,-0.3212051980006275,-0.1192551971354176,-0.08500349043094943
252,Robins',-0.028084051176451574,0.017883150901923058,0.012662412851403805,-0.026105102197990254,-0.08500349043094989
253,Three-step-g,-0.9680637472191591,-0.4295680106739339,-0.30867270091394566,-0.2010126274419555,-0.06753830981053563
253,Three-step-ipw,-0.515554893278447,-0.31691322682818307,-0.2867872610157799,-0.23019451787210163,-0.06753830981052918
253,Robins',-0.13423855269804763,-0.19480520784433977,-0.21316125540049866,-0.17431747237823897,-0.06753830981058365
254,Three-step-g,-0.7252426445089485,-0.15336127419754492,-0.19144922110448884,-0.15069356619954363,-0.04267543178547733
254,Three-step-ipw,-1.4976143542357396,-0.2243424413227786,-0.20647309033411745,-0.1829420273121702,-0.04267543178547683
254,Robins',-0.19092818807213222,-0.16888540601497493,-0.23299078513097451,-0.1483339369419306,-0.042675431785503495
255,Three-step-g,-1.0404233136888752,-0.19255667479011193,0.006931357626339234,0.028477716874371718,0.03754321153848632
255,Three-step-ipw,-1.224307547894554,-0.22392477622152898,-0.02591487455938658,-0.006285187896192272,0.03754321153848638
255,Robins',0.09191310451287565,0.09227705599603522,0.057387260502052576,0.04715027284240377,0.03754321153848641
256,Three-step-g,-0.4922239872957029,-0.09631359607583916,0.1497601827031693,0.1540424785917757,0.09248225449876736
256,Three-step-ipw,-0.5012497832896621,-0.12424304655058202,0.009160385123705839,0.17336693126208777,0.09248225449877522
256,Robins',0.11905576442451624,0.23951266282225916,0.23987379000247372,0.14881303287957742,0.09248225449875974
257,Three-step-g,0.32037067108619527,-0.15395287584446857,-0.06519528347287382,0.05650102394996388,0.057638475976188895
257,Three-step-ipw,0.08902713348087093,-0.24664418403692637,-0.05738086354271591,0.038604263084238685,0.0576384759761892
257,Robins',0.05090151460798847,0.06175617133234805,0.10448943617155228,0.08308351664024426,0.05763847597619128
258,Three-step-g,0.4240626797933169,0.037390423612589575,0.07937741608485027,0.009366242057344019,0.008118799942487258
258,Three-step-ipw,0.0020266327068101096,-0.08389537388017149,-0.02668378749494279,-0.003062133101639875,0.008118799942487258
258,Robins',0.1842234965796885,0.042815386481288,0.020858312996277394,-0.01689668716270324,0.008118799942487246
259,Three-step-g,-0.2757585415941228,-0.03379002100792994,0.0019202854917966963,0.028339642946544164,0.05207042914668322
259,Three-step-ipw,-0.749035676638071,-0.24117119318319657,-0.10990730491231558,-0.03708009483188606,0.05207042914669621
259,Robins',0.3664728404740923,0.255552892136402,0.19403862427123167,0.08147397255760393,0.052070429146696344
260,Three-step-g,-1.3310882813844378,-0.13081703367434624,-0.11278161467959238,-0.055978939417486155,-0.012110814043850959
260,Three-step-ipw,-0.9345571327810555,0.08941912897339863,-0.02578076523868317,-0.09686813356161621,-0.01211081404385102
260,Robins',0.19622985464253997,0.15712665294722394,0.12417675046286168,0.03889494763189804,-0.012110814043851155
261,Three-step-g,-0.7029636417878463,0.013008577104438791,-0.030645810482989446,-0.06731891311730896,-0.0946568855293841
261,Three-step-ipw,-0.32290978352560956,0.15795593989776127,0.0006497762181365074,-0.08423526568785564,-0.0946568855294395
261,Robins',0.11755046001671629,0.06198707756813511,0.028863977754056636,-0.03424009464399629,-0.09465688552945013
262,Three-step-g,0.16600104614630365,-0.0569951463116543,-0.04050520141937261,-0.02446406749660169,-0.02927933366594273
262,Three-step-ipw,-0.5150028890519456,-0.2140527301905913,-0.04501380360740966,-0.050683035957267954,-0.02927933366594263
262,Robins',-0.13228708898804817,-0.14227629214876364,-0.0667390451509435,-0.02544018441404638,-0.029279333665942778
263,Three-step-g,-0.24636439967151566,-0.3873661513163812,-0.1913317751884917,-0.11552741921433782,-0.03654082795262349
263,Three-step-ipw,-0.6179324861171164,-0.5759596690072991,-0.2356715632379059,-0.19373024678051626,-0.03654082795262502
263,Robins',-0.12045322762826179,-0.15829867032391903,-0.1210380307789587,-0.11486792516764935,-0.03654082795262667
264,Three-step-g,-1.1877692566975822,-0.5802025124233091,-0.09785050152281843,0.1868096695741829,0.10333677450111889
264,Three-step-ipw,-1.6552485102028698,-0.6294618688450901,-0.12419076594231061,0.16820828868483656,0.10333677450111835
264,Robins',0.17551496404152583,0.17541299060327495,0.21408046343379472,0.2171164112095874,0.1033367745011427
265,Three-step-g,-0.060428373623974935,-0.04265772549883978,-0.01695091967240729,-0.11444677223547967,-0.14424191511900214
265,Three-step-ipw,-0.5235205528906975,-0.22872879617113404,-0.15659785602848608,-0.11311309367694779,-0.14424191511895218
265,Robins',-0.09452302863573646,-0.18194392328378217,-0.19517937507063743,-0.16470346757178028,-0.14424191511902157
266,Three-step-g,0.4226225289293305,-0.37802263824528964,-0.25310709595320435,-0.14651004772153442,-0.11672045871821228
266,Three-step-ipw,0.39039842505294714,-0.395871084823601,-0.23677694848869285,-0.10294851432446905,-0.11672045871829423
266,Robins',-0.0026411188983361485,-0.04530114729361133,-0.10153633453301623,-0.14548666019326767,-0.11672045871823494
267,Three-step-g,-0.3495029519928069,-0.11718744092257576,0.3176577737624605,0.2030445834736835,0.05649374689909222
267,Three-step-ipw,-0.5110092104051206,-0.11279325011833322,0.3715977956377007,0.1646150627371878,0.056493746899094935
267,Robins',0.17110333985319942,0.2041306520470589,0.23702621288230455,0.1556728972548063,0.05649374689909468
268,Three-step-g,0.3870757476787766,-0.04364367358972807,-0.10776455058068768,-0.009239586949665882,0.06421819533005932
268,Three-step-ipw,0.6061484890952767,0.0510774871691445,-0.058229656382761744,0.009844744223422677,0.06421819533002145
268,Robins',-0.028567501525312292,-0.024771086310699054,-0.04356896257242978,-0.0020846869644219213,0.06421819533004972
269,Three-step-g,-0.29503199085305437,-0.3912532998486614,-0.21787301593441566,-0.03895404214398924,0.028773997182681796
269,Three-step-ipw,-0.574038426151306,-0.28086911343570553,-0.08855774705317428,-0.08696080818552566,0.028773997182678087
269,Robins',-0.0886232591167728,-0.05943909616685913,-0.035588742044164276,-0.01489587738671101,0.02877399718267926
270,Three-step-g,-0.23097719619478352,-0.31503257785126504,-0.1591145281452797,0.06799240765273869,0.043699158441239255
270,Three-step-ipw,-0.1879603420284894,-0.10340905557575569,0.001986522764940393,0.08928432789354224,0.04369915844123925
270,Robins',0.13313014531064105,0.12319897241766431,0.06670921059917817,0.10830708544955918,0.04369915844123924
271,Three-step-g,0.5739591834654613,0.15933394479952223,0.07134566863052255,-0.025214849389268434,-0.024344821127064074
271,Three-step-ipw,0.3997934389155595,0.03576779037485917,0.07697160201325172,-0.05400405757492972,-0.024344821127060753
271,Robins',0.17301404240550936,0.112517458825519,0.10569481021686222,-0.017565417842060258,-0.02434482112706253
272,Three-step-g,-0.9021806019477021,-0.17949209350173453,-0.10500670044398575,0.004212949362877352,-0.013773543843161123
272,Three-step-ipw,-0.9928967698786988,-0.28789098017808507,-0.10277206881705538,-0.0665991238592723,-0.013773543843160835
272,Robins',0.06506850203594383,0.000856400237956616,0.021799910870097593,0.06358053984811178,-0.013773543843160872
273,Three-step-g,-0.9428314664309262,-0.3642105917649963,-0.3034945732152758,0.02511834888755173,0.05736514967971904
273,Three-step-ipw,-0.7339142175960172,-0.13756082024125627,-0.12032245526848255,0.06817905360136171,0.0573651496797202
273,Robins',-0.06812230660718367,-0.02279904780391696,0.043210891546730884,0.08795607857093178,0.057365149679720034
274,Three-step-g,0.40109542954870303,0.11928210744542778,0.0640423999458523,0.032343347281732854,0.004028536856376115
274,Three-step-ipw,0.138467612453193,-0.06876701437734334,-0.06223660096921581,-0.046776371732106505,0.004028536856376058
274,Robins',0.34352934969674787,0.2225056587537341,0.1951393433680552,0.05750770376097397,0.004028536856376142
275,Three-step-g,0.057526453815663646,0.052534742226129694,0.028188599821800008,-0.04830056640589581,-0.031600248633927
275,Three-step-ipw,0.19132227489048725,0.27270838494273475,0.15057328035832818,-0.12351481740107365,-0.031600248633929795
275,Robins',0.014736474002259222,0.05435423181293264,0.05367613309811254,-0.030930215382587663,-0.031600248633929566
276,Three-step-g,-0.5534991590319973,-0.06626013049380239,-0.05331965138692811,0.012185671516099145,0.01966085562407454
276,Three-step-ipw,-0.4030680956351939,-0.021462645359106462,0.03579694245677645,0.05422869780494227,0.019660855624074415
276,Robins',0.004503792869676886,0.0030771231047170013,0.07003536494502939,0.0667591188668076,0.019660855624086447
277,Three-step-g,-0.6230202335559063,-0.5071735369670073,-0.2429770802776817,-0.08872902751289626,-0.07872661682756812
277,Three-step-ipw,-0.40784679652414246,-0.6271843199906578,-0.30166229974268327,-0.10105265746616232,-0.07872661682756912
277,Robins',-0.14184397209412034,-0.07196088447456524,-0.023196177000003836,-0.0522591890802871,-0.07872661682756932
278,Three-step-g,-0.42500715368617004,-0.2048817960804808,-0.2158758710811421,-0.08699862944783462,-0.03475824908238527
278,Three-step-ipw,-0.8243978580494652,-0.3303918060351717,-0.26732157825341873,-0.1073937350135461,-0.034758249082364925
278,Robins',-0.10314535278634167,-0.05313254145892565,-0.0639066855455871,-0.03605011471996295,-0.03475824908237834
279,Three-step-g,1.411744721543579,0.6459248257930645,0.16237376379540755,0.0902363040867054,0.04818996110526173
279,Three-step-ipw,1.3054791059107747,0.7082026427028892,0.2165079220248095,0.10401389325209726,0.04818996110526172
279,Robins',0.025136671513089372,0.06018865813600105,0.10858615740409244,0.08814419235145975,0.048189961105248987
280,Three-step-g,-0.7218529902523904,-0.4116833840177343,-0.1513739913587979,-0.027602135467655022,-0.008518035667416091
280,Three-step-ipw,-1.848566260451471,-0.8287103439398422,-0.25538623119449133,-0.1258583878156864,-0.00851803566741602
280,Robins',-0.12383496872108828,-0.07413386030987534,-0.04848990189980101,-0.02095744544112884,-0.008518035667416194
281,Three-step-g,0.045212054504916624,0.14789522167777272,0.24140771917089196,-0.009667263975796371,-0.0031914482513542685
281,Three-step-ipw,0.27167693582543867,0.11060225692536657,0.17825975815853976,-0.024971127055018583,-0.003191448251354233
281,Robins',-0.1248118027825206,-0.09322193572667836,-0.006695426693713196,-0.059020613935046214,-0.003191448251354243
282,Three-step-g,-0.9828219625900497,-0.4763516356610663,-0.095073878590031,-0.021015976382483863,-0.06788301692731934
282,Three-step-ipw,-0.9241431965499973,-0.3179912664025812,0.034797301913141426,0.010154393429955243,-0.06788301692731988
282,Robins',-0.3267684437587294,-0.27630292384347355,-0.15087390882597737,-0.05991230075716431,-0.06788301692731602
283,Three-step-g,-0.5862250632420164,-0.14267606192898113,0.10995102999506304,0.06849812725190656,-0.006087274785523673
283,Three-step-ipw,-0.4395747784926533,-0.04519956557280808,0.14946012029217443,-0.00458783958165458,-0.006087274785524013
283,Robins',0.17074488574786767,0.1525107137931695,0.12387701835053347,0.06270754284652337,-0.006087274785523809
284,Three-step-g,0.011847967989203763,0.027511772504169623,-0.004442540430465436,0.028343291207367966,0.05000238504335801
284,Three-step-ipw,-0.23340733179035547,0.0011560986979908124,-0.06314087440824971,-0.009847977897514654,0.050002385043362206
284,Robins',-0.0972849441840724,-0.13680201361869768,-0.10150245372265847,0.005854270493944315,0.050002385043360034
285,Three-step-g,0.49279297602158756,0.02938008908016451,-0.12975320191261974,0.041720189646724914,0.09440405427095427
285,Three-step-ipw,0.23378876371529195,-0.06775707618435353,-0.1735106016279292,0.04829518220318724,0.09440405427094774
285,Robins',0.0032918639253134343,-0.0503953317544737,-0.07657295994433258,0.055763158770852264,0.0944040542709544
286,Three-step-g,0.759584580715852,0.3655254912338598,0.13713574601801964,-0.035005731108533035,-0.058686543037856996
286,Three-step-ipw,1.1174829333271679,0.34947354039557005,0.03406940890668563,-0.09922941333890868,-0.05868654303785061
286,Robins',-0.05993242012465524,-0.03327173574576767,0.023621256351766127,-0.052989519972322395,-0.05868654303785086
287,Three-step-g,-1.2465963304111543,-0.27746461467582667,0.043689204968798,-0.0879873761043492,-0.041765600818508844
287,Three-step-ipw,-1.124806282379391,-0.344317353586146,-0.050874694035226584,-0.09860105544205329,-0.041765600818508906
287,Robins',-0.2043393936154089,-0.2613390297971686,-0.16436927797175024,-0.14520412587506898,-0.04176560081855896
288,Three-step-g,-0.3277492394916933,0.10780021963353559,-0.07528588088177585,-0.031232312160765874,0.007955806425626008
288,Three-step-ipw,-1.16484256630636,-0.09211460973919416,0.009849652770038388,0.018263574335742574,0.00795580642562586
288,Robins',-0.059212480030155584,0.024700989634538036,-0.03314775132510462,-0.004777815059970556,0.007955806425625747
289,Three-step-g,-0.10849421143136265,-0.09274216606174528,-0.20118418575760097,-0.14240770902877298,-0.08977901038078619
289,Three-step-ipw,-0.3818937779340655,-0.0006656778382333264,-0.18034917764204808,-0.1295011913073123,-0.08977901038077804
289,Robins',0.012713516216913624,-0.046945364372606296,-0.18034543889720156,-0.15288745528749628,-0.08977901038092974
290,Three-step-g,-0.37139269925222435,-0.5882802509744397,-0.35092902807143994,-0.019516912546891887,0.04794123198912426
290,Three-step-ipw,0.04889853078408125,-0.3142902722921826,-0.27597558120365623,0.03669200770730636,0.04794123198913192
290,Robins',-0.05465479775220441,0.028669855481533404,0.13986796851202996,0.08836209618651081,0.04794123198913358
291,Three-step-g,0.2504304756670905,0.11380284620926248,0.2221346828312509,0.17659407142827965,0.09034739312735808
291,Three-step-ipw,0.3424443654841377,0.032749104022127815,0.2563298807646571,0.245219816153825,0.0903473931273486
291,Robins',-0.21599694931546604,-0.12496247472633125,-0.009698361118307332,0.10663874465816392,0.0903473931273527
292,Three-step-g,-0.4309276620136697,-0.0545762526570844,-0.17212783009925162,-0.1257513077725625,-0.07612550616964615
292,Three-step-ipw,-0.6572111879978719,-0.14333661567780617,-0.25862231568491606,-0.179522501712702,-0.0761255061696472
292,Robins',-0.332441601222156,-0.2938823820994531,-0.266057926937623,-0.13356020739730393,-0.07612550616965866
293,Three-step-g,-1.2936488658833007,-0.6053124299416159,-0.35669677455445936,-0.11225383787916951,-0.015071337767598343
293,Three-step-ipw,-0.9481183434136293,-0.30841876722147477,-0.1298914924619999,0.04397920965460447,-0.015071337767598598
293,Robins',-0.21029320514025224,-0.18667646475482816,-0.12188164803225494,-0.05192452708446297,-0.015071337767598359
294,Three-step-g,0.31939791020071084,0.08068887968239624,0.045244574446397956,0.06592348892073722,0.060894432538174885
294,Three-step-ipw,0.4249114526744372,0.2242381884346201,0.11502056459233911,0.09463486962374937,0.06089443253816154
294,Robins',0.20232972835401317,0.1658079547792268,0.12547595654212013,0.0925075402603486,0.060894432538179055
295,Three-step-g,-0.3660637088168383,0.03658208970551012,-0.15165987708514422,-0.14538412611429394,-0.06499374765480771
295,Three-step-ipw,-0.6678196038395243,0.04942405874737389,-0.050595140343550934,-0.11982069872390533,-0.06499374765480603
295,Robins',0.10178206852563626,0.03443424487167532,-0.09719566337667415,-0.12678082105889635,-0.06499374765479744
296,Three-step-g,-0.3120072598757307,-0.2873145252153492,-0.12928474753393387,-0.0056656808348096955,0.02003817459594813
296,Three-step-ipw,0.09310446059913852,-0.017932001494645956,-0.023584584220467737,0.020163886410995292,0.020038174595948054
296,Robins',-0.056913354673912946,-0.026095766444901743,0.01751553389949233,0.02280489085657697,0.020038174595948074
297,Three-step-g,1.6998044936452352,0.7843564757429694,0.6311746919477698,0.22485250163864257,0.05921619592274499
297,Three-step-ipw,2.104970503397352,0.8549598035144924,0.6080505856336746,0.2001022283338899,0.05921619592274507
297,Robins',-0.08182918555628785,0.013825813997171098,0.12865451019101454,0.10643024100727995,0.05921619592274479
298,Three-step-g,-0.4063892383644167,0.001862229486728469,0.0824065767246505,0.012883215909370402,-1.0373896849141686e-05
298,Three-step-ipw,-0.24794682355725056,-0.005129656053600004,0.0013732134067088975,0.03566553679731102,-1.037389684915395e-05
298,Robins',-0.021152589541778007,-0.04441924665860179,0.0032779107492360354,0.020300482454828277,-1.0373896848997704e-05
299,Three-step-g,-0.7436493332671319,0.13046787710645696,0.06392589461229464,-0.05708411619366676,-0.07039530130824626
299,Three-step-ipw,-0.48141978834679133,0.39257724036919905,0.24636730606680263,-0.0907418025240132,-0.07039530130824607
299,Robins',-0.22158944084928,-0.15043092032762403,-0.05541137728470687,-0.054218088172946925,-0.0703953013082461
300,Three-step-g,-0.3529988613938096,-0.4749075571625194,-0.24977126275409262,-0.10992044491988733,-0.03818620920222411
300,Three-step-ipw,-0.6654660479460334,-0.49390573625662026,-0.08731313981528775,-0.05063237316240196,-0.03818620920222508
300,Robins',-0.27352175745430113,-0.1583884763043425,-0.07655604348149525,-0.09023271281700251,-0.03818620920222423
