id,est_psi03,est_psi13,est_psi23,method,p_I,ph,seed,psi03,psi13,psi23
1,1.2173578518703487,0.542035622583107,0.9056809319804443,Three-step,0.25,0.4,3411,1.0,1.0,1.0
2,0.7044957217774909,1.3363853317382715,1.017419926962705,Three-step,0.25,0.4,3411,1.0,1.0,1.0
3,0.9999066298554833,1.9086897151854452,1.0181045458063094,Three-step,0.25,0.4,3411,1.0,1.0,1.0
4,2.127584531015631,0.8734903182900098,1.1461155613961431,Three-step,0.25,0.4,3411,1.0,1.0,1.0
5,2.549479941563266,2.1838033820585867,0.6193555239474546,Three-step,0.25,0.4,3411,1.0,1.0,1.0
6,1.9878428163326907,2.085740437261512,1.3994498019097548,Three-step,0.25,0.4,3411,1.0,1.0,1.0
7,1.2585801202017712,1.8654862666067442,0.8633648385855294,Three-step,0.25,0.4,3411,1.0,1.0,1.0
8,0.8713433368180135,1.1030602236173717,0.5534699100835252,Three-step,0.25,0.4,3411,1.0,1.0,1.0
9,0.9448359834874961,0.2195983139836667,0.4749098339939225,Three-step,0.25,0.4,3411,1.0,1.0,1.0
10,-0.4748222971391539,0.24447391068828234,1.2461774044480536,Three-step,0.25,0.4,3411,1.0,1.0,1.0
11,0.2247453235025843,1.3248445181690085,0.739552452706726,Three-step,0.25,0.4,3411,1.0,1.0,1.0
12,1.1789636343036278,1.093481531104301,1.3773538134099257,Three-step,0.25,0.4,3411,1.0,1.0,1.0
13,1.432493293002935,0.9184566987796507,0.8284776110001841,Three-step,0.25,0.4,3411,1.0,1.0,1.0
14,0.9480094208009167,0.7372096188621793,0.6421633473245164,Three-step,0.25,0.4,3411,1.0,1.0,1.0
15,2.478078050798279,2.20537138743821,1.6777434730254717,Three-step,0.25,0.4,3411,1.0,1.0,1.0
16,2.134075795240587,1.78463098314855,1.6840981271952842,Three-step,0.25,0.4,3411,1.0,1.0,1.0
17,4.009751746257489,2.043046394286982,1.2082413555022873,Three-step,0.25,0.4,3411,1.0,1.0,1.0
18,1.6742376202923723,1.2082331978758725,2.024439688568307,Three-step,0.25,0.4,3411,1.0,1.0,1.0
19,0.4247744958350418,0.9714767337792073,1.2292855531579636,Three-step,0.25,0.4,3411,1.0,1.0,1.0
20,1.644381488811578,1.8466373541663466,0.8284750650633258,Three-step,0.25,0.4,3411,1.0,1.0,1.0
21,1.9529032206792607,1.8081904241118627,1.362678927166494,Three-step,0.25,0.4,3411,1.0,1.0,1.0
22,0.6859847380559471,1.5581929457474697,1.0194367183926336,Three-step,0.25,0.4,3411,1.0,1.0,1.0
23,0.6716059888227786,1.4961109299991675,1.022768168889594,Three-step,0.25,0.4,3411,1.0,1.0,1.0
24,1.1381593440911921,1.8281233016497414,0.5012676557590438,Three-step,0.25,0.4,3411,1.0,1.0,1.0
25,1.0430658611253885,1.70123990102158,0.6353269665769418,Three-step,0.25,0.4,3411,1.0,1.0,1.0
26,3.9080265068886746,1.596745414911776,0.7883506747894182,Three-step,0.25,0.4,3411,1.0,1.0,1.0
27,1.1340287022330744,0.8906509817583226,1.1125860909176128,Three-step,0.25,0.4,3411,1.0,1.0,1.0
28,2.0333878977267235,0.9864943107458121,1.1098215176625414,Three-step,0.25,0.4,3411,1.0,1.0,1.0
29,1.7971963161139362,1.7528949815845123,0.8569106259909434,Three-step,0.25,0.4,3411,1.0,1.0,1.0
30,0.9968968697132254,1.480103954152829,1.1797291528664682,Three-step,0.25,0.4,3411,1.0,1.0,1.0
31,0.7328724201723894,2.079772733096157,0.9489763167634189,Three-step,0.25,0.4,3411,1.0,1.0,1.0
32,2.1137636919844165,1.8553512899043016,1.9514975818831388,Three-step,0.25,0.4,3411,1.0,1.0,1.0
33,0.7318666920882673,2.401589142605215,0.27363319787068613,Three-step,0.25,0.4,3411,1.0,1.0,1.0
34,1.3991216333096594,0.6473611412321062,0.8467638767624612,Three-step,0.25,0.4,3411,1.0,1.0,1.0
35,2.3963579802916257,1.7944592639468087,0.8818150772321162,Three-step,0.25,0.4,3411,1.0,1.0,1.0
36,0.3434122742014194,0.02688418739257118,0.6648949262593795,Three-step,0.25,0.4,3411,1.0,1.0,1.0
37,1.9853363306298353,2.382931284855096,1.3117062615855077,Three-step,0.25,0.4,3411,1.0,1.0,1.0
38,0.7565279932817299,0.9434523638192903,1.1878839368337635,Three-step,0.25,0.4,3411,1.0,1.0,1.0
39,0.8985928851330272,1.899466651110378,1.2051169811413363,Three-step,0.25,0.4,3411,1.0,1.0,1.0
40,2.807319204313474,1.7207370640272746,0.926375224821411,Three-step,0.25,0.4,3411,1.0,1.0,1.0
41,1.9978083615979292,1.8026729776254227,1.5194083804961036,Three-step,0.25,0.4,3411,1.0,1.0,1.0
42,0.5820379949480184,1.1879833434806133,0.2887912238547714,Three-step,0.25,0.4,3411,1.0,1.0,1.0
43,0.9149842201256525,1.217422185359102,0.5662559526118699,Three-step,0.25,0.4,3411,1.0,1.0,1.0
44,1.3560698287804314,0.15842592446736586,0.9520409538518744,Three-step,0.25,0.4,3411,1.0,1.0,1.0
45,0.35602217295435834,0.4998370916952272,0.8342770911927162,Three-step,0.25,0.4,3411,1.0,1.0,1.0
46,1.8389441834901665,0.4304480960142249,0.9252634984461907,Three-step,0.25,0.4,3411,1.0,1.0,1.0
47,1.1990132804071756,1.339432153872059,0.9750299550201009,Three-step,0.25,0.4,3411,1.0,1.0,1.0
48,0.05128601692297589,1.1301530326564453,0.4414295516293194,Three-step,0.25,0.4,3411,1.0,1.0,1.0
49,-0.028070361404255277,0.631147955701765,1.3805160586162357,Three-step,0.25,0.4,3411,1.0,1.0,1.0
50,0.3365498187794983,0.7689402828602455,0.8105475960193751,Three-step,0.25,0.4,3411,1.0,1.0,1.0
51,0.20417459837377336,-0.6216523820043086,0.24029678854100156,Three-step,0.25,0.4,3411,1.0,1.0,1.0
52,0.13446272491354913,1.379027960789261,1.0303562234940105,Three-step,0.25,0.4,3411,1.0,1.0,1.0
53,1.1836374778836616,0.8972218838824559,1.111683455963146,Three-step,0.25,0.4,3411,1.0,1.0,1.0
54,-0.03028411640311543,2.030148801351248,1.1452240907869289,Three-step,0.25,0.4,3411,1.0,1.0,1.0
55,0.4214181348717071,0.5309986688322517,0.9973186021759385,Three-step,0.25,0.4,3411,1.0,1.0,1.0
56,0.6326688360463454,1.8668676347915534,-0.12065555259572087,Three-step,0.25,0.4,3411,1.0,1.0,1.0
57,1.7902898514015484,1.7991192965425058,1.6985456792156266,Three-step,0.25,0.4,3411,1.0,1.0,1.0
58,0.5437483761677107,0.06282685602129419,0.8526647410065323,Three-step,0.25,0.4,3411,1.0,1.0,1.0
59,0.7810199065390648,2.5426861986336236,0.3171992850059149,Three-step,0.25,0.4,3411,1.0,1.0,1.0
60,1.7464455143616051,1.5866320447319229,1.0319011491667454,Three-step,0.25,0.4,3411,1.0,1.0,1.0
61,1.3577185281243564,1.7335764653389478,0.6492987031719786,Three-step,0.25,0.4,3411,1.0,1.0,1.0
62,1.137899077643158,1.03046706777472,0.3307275399221406,Three-step,0.25,0.4,3411,1.0,1.0,1.0
63,2.1167413915846085,2.3479729112679717,0.8215225270926159,Three-step,0.25,0.4,3411,1.0,1.0,1.0
64,0.9040804320449495,1.4857267167642207,0.012036119881669475,Three-step,0.25,0.4,3411,1.0,1.0,1.0
65,0.45107465621122367,1.139605533518966,0.7944767988895962,Three-step,0.25,0.4,3411,1.0,1.0,1.0
66,1.453943184475365,1.4115047159605933,1.4219104229504749,Three-step,0.25,0.4,3411,1.0,1.0,1.0
67,1.0955153775094104,1.3203448395144677,1.3415237663281918,Three-step,0.25,0.4,3411,1.0,1.0,1.0
68,0.78971289460928,0.5485546874632052,1.0356632402257966,Three-step,0.25,0.4,3411,1.0,1.0,1.0
69,0.9658088738980655,0.4817283200105512,1.2314947921254624,Three-step,0.25,0.4,3411,1.0,1.0,1.0
70,1.3160493335886108,0.2336744687316047,0.7695295484538746,Three-step,0.25,0.4,3411,1.0,1.0,1.0
71,0.3370938126178542,1.268285374365583,0.9258787250889512,Three-step,0.25,0.4,3411,1.0,1.0,1.0
72,1.3521181553950135,1.8735711270700506,1.7374758892295101,Three-step,0.25,0.4,3411,1.0,1.0,1.0
73,0.48398674869753605,1.3213332873105241,1.315885586589641,Three-step,0.25,0.4,3411,1.0,1.0,1.0
74,0.9131580539452253,1.2202692621502393,1.1954187164881351,Three-step,0.25,0.4,3411,1.0,1.0,1.0
75,0.9109858287899323,1.5590313513448397,1.4847788131999353,Three-step,0.25,0.4,3411,1.0,1.0,1.0
76,1.4501643625175502,0.6812025478681846,0.664157238320376,Three-step,0.25,0.4,3411,1.0,1.0,1.0
77,0.4762486507325151,1.688840275996012,0.8072812987223161,Three-step,0.25,0.4,3411,1.0,1.0,1.0
78,-0.09894984543078743,1.2879911585956212,0.15239712855677418,Three-step,0.25,0.4,3411,1.0,1.0,1.0
79,2.065374815210137,1.6038927962523297,1.256995690048796,Three-step,0.25,0.4,3411,1.0,1.0,1.0
80,1.4989055018656587,1.6227638005980727,1.0577985782339645,Three-step,0.25,0.4,3411,1.0,1.0,1.0
81,1.302625106082817,1.1478129364552958,0.8318445848434832,Three-step,0.25,0.4,3411,1.0,1.0,1.0
82,0.972171557863988,0.6222684272010534,1.5683059344752626,Three-step,0.25,0.4,3411,1.0,1.0,1.0
83,0.9851811396025353,1.1056551139741018,1.34020300453628,Three-step,0.25,0.4,3411,1.0,1.0,1.0
84,1.324058204246388,0.9803312612596805,1.0182308096856127,Three-step,0.25,0.4,3411,1.0,1.0,1.0
85,1.1235206782183724,1.5298828360659567,1.026620313103209,Three-step,0.25,0.4,3411,1.0,1.0,1.0
86,1.9884018316430818,1.5789902718809397,1.0021765207249071,Three-step,0.25,0.4,3411,1.0,1.0,1.0
87,0.6805614556965914,-0.6568272298271335,0.8830021793637791,Three-step,0.25,0.4,3411,1.0,1.0,1.0
88,-0.237751492535209,0.8471966665293441,0.8757898846569249,Three-step,0.25,0.4,3411,1.0,1.0,1.0
89,0.6054949081891474,1.0514615955754263,0.5184504811455025,Three-step,0.25,0.4,3411,1.0,1.0,1.0
90,0.49389479572413425,1.9981717705272213,1.051480124811485,Three-step,0.25,0.4,3411,1.0,1.0,1.0
91,0.3748959558547917,1.9607564138514184,1.2129787679148012,Three-step,0.25,0.4,3411,1.0,1.0,1.0
92,1.1883653984080997,2.232832578914745,1.2086767894766868,Three-step,0.25,0.4,3411,1.0,1.0,1.0
93,0.7505688733031394,1.4353146702298043,0.9763705050550358,Three-step,0.25,0.4,3411,1.0,1.0,1.0
94,0.5525706053272266,1.0867222836514534,1.4024916068727722,Three-step,0.25,0.4,3411,1.0,1.0,1.0
95,2.2379110800804733,1.1233663917268353,1.1112141190995977,Three-step,0.25,0.4,3411,1.0,1.0,1.0
96,1.2138186119200929,0.9910209185714575,1.572946362278416,Three-step,0.25,0.4,3411,1.0,1.0,1.0
97,1.5575187411005593,0.04323888709818609,0.5133591550978597,Three-step,0.25,0.4,3411,1.0,1.0,1.0
98,0.44043359544827676,1.1925949181277358,0.23385497792435797,Three-step,0.25,0.4,3411,1.0,1.0,1.0
99,1.2859686346520018,1.7986868439040196,1.2291040369890287,Three-step,0.25,0.4,3411,1.0,1.0,1.0
100,1.593957105308271,1.2851376906114784,0.7322866464586284,Three-step,0.25,0.4,3411,1.0,1.0,1.0
1,1.4660917773377689,0.3651128248202238,0.90568093198499,Robins' estimator,0.25,0.4,3411,1.0,1.0,1.0
2,0.7425624798640724,1.1777657800485695,1.0174199269618451,Robins' estimator,0.25,0.4,3411,1.0,1.0,1.0
3,0.9298939129111791,1.6478232805706534,1.018104545806261,Robins' estimator,0.25,0.4,3411,1.0,1.0,1.0
4,2.2722881852928616,0.7419189703717802,1.1461155604931008,Robins' estimator,0.25,0.4,3411,1.0,1.0,1.0
5,3.30887785693145,2.2172683406785616,0.619355523681336,Robins' estimator,0.25,0.4,3411,1.0,1.0,1.0
6,1.7570143180470523,2.1703321565569715,1.3994498019041208,Robins' estimator,0.25,0.4,3411,1.0,1.0,1.0
7,1.3125502923207195,1.6743208688488591,0.8633648385537344,Robins' estimator,0.25,0.4,3411,1.0,1.0,1.0
8,0.8964681246091537,0.9000863719392397,0.5534699103020326,Robins' estimator,0.25,0.4,3411,1.0,1.0,1.0
9,1.1572996245392957,0.44479899919176874,0.4749098340539708,Robins' estimator,0.25,0.4,3411,1.0,1.0,1.0
10,-0.22961009962138113,-0.022460344695225332,1.2461774044523233,Robins' estimator,0.25,0.4,3411,1.0,1.0,1.0
11,0.06538754075002971,0.7708932775199375,0.7395524526957099,Robins' estimator,0.25,0.4,3411,1.0,1.0,1.0
12,0.9983557457856853,1.0875224640129717,1.3773538133923593,Robins' estimator,0.25,0.4,3411,1.0,1.0,1.0
13,1.8963897164137533,1.1443635474345464,0.8284776109595247,Robins' estimator,0.25,0.4,3411,1.0,1.0,1.0
14,1.1644593348274321,0.9490307879171364,0.6421633467652386,Robins' estimator,0.25,0.4,3411,1.0,1.0,1.0
15,2.4769340299333678,1.9448022338759752,1.6777434729728695,Robins' estimator,0.25,0.4,3411,1.0,1.0,1.0
16,2.0711584764398863,1.6458354363564192,1.6840981271849347,Robins' estimator,0.25,0.4,3411,1.0,1.0,1.0
17,2.6647499363117433,1.8188099850283144,1.2082413562879122,Robins' estimator,0.25,0.4,3411,1.0,1.0,1.0
18,1.6741189938524184,1.5063834624459167,2.024439686705155,Robins' estimator,0.25,0.4,3411,1.0,1.0,1.0
19,0.5388284750781507,1.2493692506094969,1.2292855531587323,Robins' estimator,0.25,0.4,3411,1.0,1.0,1.0
20,1.836195304559421,1.8002831763069909,0.8284750650692517,Robins' estimator,0.25,0.4,3411,1.0,1.0,1.0
21,1.7317021163348787,1.8364041485017835,1.3626789271644648,Robins' estimator,0.25,0.4,3411,1.0,1.0,1.0
22,0.5744113896821816,1.415457801692749,1.0194367183927644,Robins' estimator,0.25,0.4,3411,1.0,1.0,1.0
23,0.7611779414872667,1.2555284111781755,1.0227681688947978,Robins' estimator,0.25,0.4,3411,1.0,1.0,1.0
24,1.1824821579840041,1.8272209332858071,0.5012676557587427,Robins' estimator,0.25,0.4,3411,1.0,1.0,1.0
25,1.9878938217016857,1.7698489277741598,0.635326966576586,Robins' estimator,0.25,0.4,3411,1.0,1.0,1.0
26,3.576237810284621,1.357492964527243,0.7883506752792099,Robins' estimator,0.25,0.4,3411,1.0,1.0,1.0
27,1.2601496224678672,0.4846375550833875,1.1125860904118263,Robins' estimator,0.25,0.4,3411,1.0,1.0,1.0
28,1.9175321847395614,1.0962292823371391,1.1098215179607411,Robins' estimator,0.25,0.4,3411,1.0,1.0,1.0
29,1.6852152602500274,1.6636518609026536,0.8569106253634379,Robins' estimator,0.25,0.4,3411,1.0,1.0,1.0
30,1.3379346305207334,1.6470458217848953,1.1797291528706193,Robins' estimator,0.25,0.4,3411,1.0,1.0,1.0
31,1.082498214824512,1.6657710649250461,0.9489763168106592,Robins' estimator,0.25,0.4,3411,1.0,1.0,1.0
32,2.2892866457800394,2.013885116424929,1.9514975815866642,Robins' estimator,0.25,0.4,3411,1.0,1.0,1.0
33,0.8055634077983294,2.3524706531685187,0.27363319787763096,Robins' estimator,0.25,0.4,3411,1.0,1.0,1.0
34,0.8691356423406101,0.6579699295049944,0.8467638767893272,Robins' estimator,0.25,0.4,3411,1.0,1.0,1.0
35,2.3670825644902704,1.609097528576896,0.8818150746664303,Robins' estimator,0.25,0.4,3411,1.0,1.0,1.0
36,0.7017668854950349,-0.039349738752433625,0.6648949262597049,Robins' estimator,0.25,0.4,3411,1.0,1.0,1.0
37,2.175552216902983,2.4187548042131444,1.3117062614441193,Robins' estimator,0.25,0.4,3411,1.0,1.0,1.0
38,0.5494632397751774,0.7265370101072816,1.1878839367658074,Robins' estimator,0.25,0.4,3411,1.0,1.0,1.0
39,0.6627420361219569,2.04716821728062,1.2051169812980567,Robins' estimator,0.25,0.4,3411,1.0,1.0,1.0
40,2.313627478482164,1.880803860406669,0.9263752247779414,Robins' estimator,0.25,0.4,3411,1.0,1.0,1.0
41,2.1857384333747754,1.934619756617574,1.5194083804802387,Robins' estimator,0.25,0.4,3411,1.0,1.0,1.0
42,0.9111904846759983,0.9479267087475512,0.2887912238302569,Robins' estimator,0.25,0.4,3411,1.0,1.0,1.0
43,0.990811426521758,1.4763138743190207,0.5662559526041588,Robins' estimator,0.25,0.4,3411,1.0,1.0,1.0
44,1.4550970769306797,0.09119515420908995,0.9520409538513686,Robins' estimator,0.25,0.4,3411,1.0,1.0,1.0
45,0.3500280876367476,0.6139166452777665,0.8342770911926759,Robins' estimator,0.25,0.4,3411,1.0,1.0,1.0
46,2.2036086982759335,0.6035180221244196,0.9252634984470881,Robins' estimator,0.25,0.4,3411,1.0,1.0,1.0
47,2.0502260745708103,1.1389458908513963,0.9750299550709981,Robins' estimator,0.25,0.4,3411,1.0,1.0,1.0
48,0.16744765792192012,1.073753842054536,0.4414295516354035,Robins' estimator,0.25,0.4,3411,1.0,1.0,1.0
49,-0.06514742217649779,0.7884421463087933,1.3805160586002216,Robins' estimator,0.25,0.4,3411,1.0,1.0,1.0
50,0.8949840297024266,1.0360388848498063,0.8105475959044885,Robins' estimator,0.25,0.4,3411,1.0,1.0,1.0
51,0.45092071772517917,-0.5266142191798385,0.24029678854405234,Robins' estimator,0.25,0.4,3411,1.0,1.0,1.0
52,0.22222927350810714,1.2408053468160072,1.0303562234901125,Robins' estimator,0.25,0.4,3411,1.0,1.0,1.0
53,1.5067285872949108,0.5535457962958509,1.111683456000544,Robins' estimator,0.25,0.4,3411,1.0,1.0,1.0
54,0.08706744136535546,1.5846355877561793,1.145224090779832,Robins' estimator,0.25,0.4,3411,1.0,1.0,1.0
55,0.6919628134585948,0.358214073619315,0.9973186021430585,Robins' estimator,0.25,0.4,3411,1.0,1.0,1.0
56,0.8465318898949598,1.8776309138559393,-0.12065555260211457,Robins' estimator,0.25,0.4,3411,1.0,1.0,1.0
57,2.0372274357051596,2.0344857437965427,1.6985456788899826,Robins' estimator,0.25,0.4,3411,1.0,1.0,1.0
58,0.6164486915708582,0.8513937395705046,0.8526647410118926,Robins' estimator,0.25,0.4,3411,1.0,1.0,1.0
59,1.1875898794128217,2.181489920778258,0.317199284501272,Robins' estimator,0.25,0.4,3411,1.0,1.0,1.0
60,1.6489607680408935,1.4841759243723678,1.0319011491667123,Robins' estimator,0.25,0.4,3411,1.0,1.0,1.0
61,1.1646171038675392,1.885110265596852,0.6492987029859361,Robins' estimator,0.25,0.4,3411,1.0,1.0,1.0
62,0.709379533315178,0.7634624205169915,0.33072753979850467,Robins' estimator,0.25,0.4,3411,1.0,1.0,1.0
63,2.812475124314127,1.9750195156280872,0.8215225269661325,Robins' estimator,0.25,0.4,3411,1.0,1.0,1.0
64,0.8824708955403089,1.345545402344401,0.012036119881669518,Robins' estimator,0.25,0.4,3411,1.0,1.0,1.0
65,1.0102373772480524,1.0681315324798313,0.7944767988898026,Robins' estimator,0.25,0.4,3411,1.0,1.0,1.0
66,1.2152022106362372,1.5566780421222035,1.4219104227499955,Robins' estimator,0.25,0.4,3411,1.0,1.0,1.0
67,0.9872394001178866,1.2849076417368872,1.3415237657662136,Robins' estimator,0.25,0.4,3411,1.0,1.0,1.0
68,1.2901528000044076,0.34379889014019255,1.0356632402221588,Robins' estimator,0.25,0.4,3411,1.0,1.0,1.0
69,1.449637892128053,0.40955887432376453,1.2314947925277686,Robins' estimator,0.25,0.4,3411,1.0,1.0,1.0
70,1.87004578403753,0.056236617535591435,0.7695295485720585,Robins' estimator,0.25,0.4,3411,1.0,1.0,1.0
71,0.4017222748752905,0.7593714408265629,0.9258787250931769,Robins' estimator,0.25,0.4,3411,1.0,1.0,1.0
72,1.3250419496666532,1.5872772099217651,1.7374758892754416,Robins' estimator,0.25,0.4,3411,1.0,1.0,1.0
73,0.52321465239744,0.7396375794279619,1.3158855865825174,Robins' estimator,0.25,0.4,3411,1.0,1.0,1.0
74,0.6623187911932452,1.3909933337493643,1.1954187164530827,Robins' estimator,0.25,0.4,3411,1.0,1.0,1.0
75,0.7911888325709175,1.6989821928490842,1.4847788131986963,Robins' estimator,0.25,0.4,3411,1.0,1.0,1.0
76,1.2678906988691598,0.8720471081929659,0.6641572382480067,Robins' estimator,0.25,0.4,3411,1.0,1.0,1.0
77,1.2695248419242378,1.569302643331997,0.8072812987197949,Robins' estimator,0.25,0.4,3411,1.0,1.0,1.0
78,0.4649043166851419,1.1532013590493908,0.15239712859607893,Robins' estimator,0.25,0.4,3411,1.0,1.0,1.0
79,2.015505180506276,1.8886737230132433,1.256995689995471,Robins' estimator,0.25,0.4,3411,1.0,1.0,1.0
80,2.477325048939021,1.724165951420598,1.05779857823247,Robins' estimator,0.25,0.4,3411,1.0,1.0,1.0
81,1.2833178345562881,1.2247267480154373,0.8318445848261826,Robins' estimator,0.25,0.4,3411,1.0,1.0,1.0
82,0.7381680561724697,0.8358650430698774,1.5683059344739154,Robins' estimator,0.25,0.4,3411,1.0,1.0,1.0
83,1.2023925625963154,1.4430033124859185,1.3402030042592,Robins' estimator,0.25,0.4,3411,1.0,1.0,1.0
84,1.206041839309073,1.066384119603923,1.0182308096032597,Robins' estimator,0.25,0.4,3411,1.0,1.0,1.0
85,0.7381073261015957,1.1490513145032828,1.0266203131103209,Robins' estimator,0.25,0.4,3411,1.0,1.0,1.0
86,1.8481142961616033,1.6501989217416284,1.0021765207203757,Robins' estimator,0.25,0.4,3411,1.0,1.0,1.0
87,0.44158112428568375,-0.400874932603461,0.8830021793642423,Robins' estimator,0.25,0.4,3411,1.0,1.0,1.0
88,0.17998092574722155,0.9279082675307458,0.8757898846573333,Robins' estimator,0.25,0.4,3411,1.0,1.0,1.0
89,0.8607321998958921,1.2639824279975773,0.5184504812567967,Robins' estimator,0.25,0.4,3411,1.0,1.0,1.0
90,0.31370455462987634,1.7802767826393462,1.0514801248139858,Robins' estimator,0.25,0.4,3411,1.0,1.0,1.0
91,1.1160399182032046,2.0076531837563074,1.212978767920078,Robins' estimator,0.25,0.4,3411,1.0,1.0,1.0
92,1.5191712425130717,2.2211810892496517,1.208676789474007,Robins' estimator,0.25,0.4,3411,1.0,1.0,1.0
93,0.7384014445726663,1.4670639474472777,0.9763705050360075,Robins' estimator,0.25,0.4,3411,1.0,1.0,1.0
94,0.3908237523296906,0.8510851075701932,1.402491606861614,Robins' estimator,0.25,0.4,3411,1.0,1.0,1.0
95,1.8700002966736002,1.2058442971851697,1.1112141190825344,Robins' estimator,0.25,0.4,3411,1.0,1.0,1.0
96,0.9103297879334487,0.9393868951665603,1.5729463622531736,Robins' estimator,0.25,0.4,3411,1.0,1.0,1.0
97,1.2749333224960415,0.4562299182593689,0.5133591550836091,Robins' estimator,0.25,0.4,3411,1.0,1.0,1.0
98,0.5969490701526522,1.2743263885927785,0.23385497784866605,Robins' estimator,0.25,0.4,3411,1.0,1.0,1.0
99,1.2665399204100345,1.7730997889605615,1.2291040369893071,Robins' estimator,0.25,0.4,3411,1.0,1.0,1.0
100,1.9158313519060743,1.1339829684572185,0.7322866464462506,Robins' estimator,0.25,0.4,3411,1.0,1.0,1.0
1,0.9678381579328107,0.30258989306698514,0.7584049338454112,GMM estimator,0.25,0.4,3411,1.0,1.0,1.0
2,0.6891201719377631,1.2123548286487598,0.9981123517453668,GMM estimator,0.25,0.4,3411,1.0,1.0,1.0
3,1.1456773475149513,1.8942267125038188,1.0116553364985523,GMM estimator,0.25,0.4,3411,1.0,1.0,1.0
4,2.175741912154987,0.6794420309540893,1.1280933849363328,GMM estimator,0.25,0.4,3411,1.0,1.0,1.0
5,2.432498265878844,2.220275004213337,0.6092509505890635,GMM estimator,0.25,0.4,3411,1.0,1.0,1.0
6,1.7082890945411509,2.2224146733745034,1.3826431078585482,GMM estimator,0.25,0.4,3411,1.0,1.0,1.0
7,1.3076881679051116,1.8060308660760218,0.8736992224945408,GMM estimator,0.25,0.4,3411,1.0,1.0,1.0
8,0.9139362072740642,0.8663947240953704,0.5666702515499558,GMM estimator,0.25,0.4,3411,1.0,1.0,1.0
9,1.1476245736070672,0.40459899458157333,0.5341114566509848,GMM estimator,0.25,0.4,3411,1.0,1.0,1.0
10,-0.5227190522522275,-0.20690965538220174,1.1740193374149093,GMM estimator,0.25,0.4,3411,1.0,1.0,1.0
11,-0.02283547678022157,0.741391190736268,0.4886254268347647,GMM estimator,0.25,0.4,3411,1.0,1.0,1.0
12,1.007197417456095,1.1076847251457809,1.3913986241463334,GMM estimator,0.25,0.4,3411,1.0,1.0,1.0
13,1.4233529635478346,1.0563479845215544,0.8565304254782398,GMM estimator,0.25,0.4,3411,1.0,1.0,1.0
14,0.9669264195025464,0.8763836432565234,0.6754156118783923,GMM estimator,0.25,0.4,3411,1.0,1.0,1.0
15,2.6053474229148303,2.081587879654683,1.7686337049805534,GMM estimator,0.25,0.4,3411,1.0,1.0,1.0
16,2.1414315333283866,1.665067192564671,1.767137660168828,GMM estimator,0.25,0.4,3411,1.0,1.0,1.0
17,2.681502625884492,1.8951046243661245,1.2255331413097112,GMM estimator,0.25,0.4,3411,1.0,1.0,1.0
18,1.7891552718843202,1.6280973123027451,2.0151195449259216,GMM estimator,0.25,0.4,3411,1.0,1.0,1.0
19,0.4930682938923954,1.1692921406422125,0.9299272167510158,GMM estimator,0.25,0.4,3411,1.0,1.0,1.0
20,1.7193800427905765,1.7400118269722826,0.7804417089760137,GMM estimator,0.25,0.4,3411,1.0,1.0,1.0
21,1.6692984761699854,1.8546312685427964,1.3418796177348495,GMM estimator,0.25,0.4,3411,1.0,1.0,1.0
22,0.5594647730230036,1.436860943651064,1.038962178170482,GMM estimator,0.25,0.4,3411,1.0,1.0,1.0
23,0.7523783975491146,1.3351717834619587,1.1184343553242964,GMM estimator,0.25,0.4,3411,1.0,1.0,1.0
24,1.1858884729447459,1.8165301435803949,0.5038912874501298,GMM estimator,0.25,0.4,3411,1.0,1.0,1.0
25,0.5077218689295244,1.2410309857627897,0.587727166919444,GMM estimator,0.25,0.4,3411,1.0,1.0,1.0
26,3.7854818670151538,1.4679154459748849,0.8434101926164259,GMM estimator,0.25,0.4,3411,1.0,1.0,1.0
27,1.0017507488967494,0.3990324535160482,1.053621604398558,GMM estimator,0.25,0.4,3411,1.0,1.0,1.0
28,1.9185866798305424,1.1154830341618218,1.1354134365064572,GMM estimator,0.25,0.4,3411,1.0,1.0,1.0
29,1.6439616005413331,1.6751102388981072,0.863375951290806,GMM estimator,0.25,0.4,3411,1.0,1.0,1.0
30,0.8530887858338851,1.4448324504876557,1.1620537789681036,GMM estimator,0.25,0.4,3411,1.0,1.0,1.0
31,0.638384492535343,1.6552274298476188,0.8253746869670845,GMM estimator,0.25,0.4,3411,1.0,1.0,1.0
32,2.281535742793614,1.9970920178701723,1.9497530058511918,GMM estimator,0.25,0.4,3411,1.0,1.0,1.0
33,0.7497545026978643,2.2882908827206965,0.25052429759181516,GMM estimator,0.25,0.4,3411,1.0,1.0,1.0
34,0.4704311715217926,0.5825685971563794,0.781432587261476,GMM estimator,0.25,0.4,3411,1.0,1.0,1.0
35,2.3932877886143604,1.654010493204153,0.8641850281952227,GMM estimator,0.25,0.4,3411,1.0,1.0,1.0
36,0.4300338133771462,-0.06645381928592846,0.7726264536866354,GMM estimator,0.25,0.4,3411,1.0,1.0,1.0
37,1.957314079272825,2.404832896370093,1.3060297003304944,GMM estimator,0.25,0.4,3411,1.0,1.0,1.0
38,0.49179817525273917,0.6644952167208973,1.1103955343443033,GMM estimator,0.25,0.4,3411,1.0,1.0,1.0
39,0.6084457045788962,2.112656496130377,1.165868139424624,GMM estimator,0.25,0.4,3411,1.0,1.0,1.0
40,2.010116323783652,1.9383043587935953,0.9217016211566785,GMM estimator,0.25,0.4,3411,1.0,1.0,1.0
41,1.995673022196536,1.8986216418560655,1.4774990546664775,GMM estimator,0.25,0.4,3411,1.0,1.0,1.0
42,0.7052366384035184,0.9924351805358002,0.35374811060647116,GMM estimator,0.25,0.4,3411,1.0,1.0,1.0
43,0.9504320982603768,1.5291337782370178,0.5877495111138596,GMM estimator,0.25,0.4,3411,1.0,1.0,1.0
44,1.4760383477529926,0.09318361889486451,0.9363853874861312,GMM estimator,0.25,0.4,3411,1.0,1.0,1.0
45,0.3405150972325981,0.5831094123466166,0.865159041645072,GMM estimator,0.25,0.4,3411,1.0,1.0,1.0
46,1.7885747415876643,0.47997776637100287,0.9501192637735236,GMM estimator,0.25,0.4,3411,1.0,1.0,1.0
47,0.777519753516896,0.6888370696511514,0.9043663762472053,GMM estimator,0.25,0.4,3411,1.0,1.0,1.0
48,0.12603219514308922,1.021882648220703,0.444725953825174,GMM estimator,0.25,0.4,3411,1.0,1.0,1.0
49,-0.08804906672603176,0.8118474065880907,1.4342905401178832,GMM estimator,0.25,0.4,3411,1.0,1.0,1.0
50,0.32585043918956713,0.6840694234523117,0.7700381384478033,GMM estimator,0.25,0.4,3411,1.0,1.0,1.0
51,0.2472665977336716,-0.3105319688942994,0.2674231884764965,GMM estimator,0.25,0.4,3411,1.0,1.0,1.0
52,0.224867793680124,1.3074866273672043,1.0862955633896199,GMM estimator,0.25,0.4,3411,1.0,1.0,1.0
53,1.3919305479509738,0.575334914881488,1.2798057552544604,GMM estimator,0.25,0.4,3411,1.0,1.0,1.0
54,0.10368179037794445,1.873895049341204,1.362633975636461,GMM estimator,0.25,0.4,3411,1.0,1.0,1.0
55,0.5761439159985584,0.32456897209644464,0.9619866422371857,GMM estimator,0.25,0.4,3411,1.0,1.0,1.0
56,0.7546250225128508,1.803424111728721,-0.11525233873716767,GMM estimator,0.25,0.4,3411,1.0,1.0,1.0
57,1.5902154324042495,1.9771157756880857,1.6119061955557885,GMM estimator,0.25,0.4,3411,1.0,1.0,1.0
58,0.4487907220809393,0.692819789414032,0.8804127958701717,GMM estimator,0.25,0.4,3411,1.0,1.0,1.0
59,0.8078858329753755,2.176249497031965,0.2347401809659051,GMM estimator,0.25,0.4,3411,1.0,1.0,1.0
60,1.6730830995877368,1.498370088195967,1.015303619407598,GMM estimator,0.25,0.4,3411,1.0,1.0,1.0
61,0.9704483312992633,1.9952042599876187,0.6173312304903112,GMM estimator,0.25,0.4,3411,1.0,1.0,1.0
62,0.4083867511136051,0.8153704885354853,0.2646638890815125,GMM estimator,0.25,0.4,3411,1.0,1.0,1.0
63,2.089258268488929,2.005216376316242,0.5980108057491145,GMM estimator,0.25,0.4,3411,1.0,1.0,1.0
64,0.8285112954367244,1.2648915520239254,-0.040649962261539996,GMM estimator,0.25,0.4,3411,1.0,1.0,1.0
65,0.17419262850839712,0.6765635449308525,0.7878506092762703,GMM estimator,0.25,0.4,3411,1.0,1.0,1.0
66,1.1430386573859073,1.5971427560008937,1.438585210303441,GMM estimator,0.25,0.4,3411,1.0,1.0,1.0
67,0.976445640211391,1.2988384659182466,1.3436644162073947,GMM estimator,0.25,0.4,3411,1.0,1.0,1.0
68,1.427952153248718,0.3396302583455448,1.2152684333010282,GMM estimator,0.25,0.4,3411,1.0,1.0,1.0
69,0.8048805227436711,0.29132544623338913,1.219703346218163,GMM estimator,0.25,0.4,3411,1.0,1.0,1.0
70,1.1295047941911085,0.009114562520467329,0.7603248382582974,GMM estimator,0.25,0.4,3411,1.0,1.0,1.0
71,0.46684313173228165,0.8495388010386811,0.9642534049460921,GMM estimator,0.25,0.4,3411,1.0,1.0,1.0
72,1.3904523682502332,1.714838285609303,1.9075563813113927,GMM estimator,0.25,0.4,3411,1.0,1.0,1.0
73,0.5177161503492663,0.8331496004501038,1.2076544602118797,GMM estimator,0.25,0.4,3411,1.0,1.0,1.0
74,0.6355440236440293,1.4936072274189338,1.217732419414151,GMM estimator,0.25,0.4,3411,1.0,1.0,1.0
75,0.805600740716649,1.7343133715950894,1.4562813875581775,GMM estimator,0.25,0.4,3411,1.0,1.0,1.0
76,1.2030330535050058,0.9391547196373082,0.7086265511104003,GMM estimator,0.25,0.4,3411,1.0,1.0,1.0
77,0.03457351045813284,1.0830493740610683,0.7225396653386691,GMM estimator,0.25,0.4,3411,1.0,1.0,1.0
78,-0.4847171846710265,0.7536946327545365,0.15371822071829216,GMM estimator,0.25,0.4,3411,1.0,1.0,1.0
79,2.1202404411275566,2.0472539937401004,1.3357267714717418,GMM estimator,0.25,0.4,3411,1.0,1.0,1.0
80,1.0306208369009047,1.576707610942295,1.0086569861042207,GMM estimator,0.25,0.4,3411,1.0,1.0,1.0
81,1.3844469243197124,1.282485626775327,0.8450115232702688,GMM estimator,0.25,0.4,3411,1.0,1.0,1.0
82,0.6892382104746694,0.8084732676326836,1.5379376924047077,GMM estimator,0.25,0.4,3411,1.0,1.0,1.0
83,1.0567878813933764,1.4703896224213808,1.1689004444426936,GMM estimator,0.25,0.4,3411,1.0,1.0,1.0
84,1.1890486962501265,1.0757759857805025,1.0079618657122342,GMM estimator,0.25,0.4,3411,1.0,1.0,1.0
85,0.6709685472249958,1.3117091556892633,1.0395701507800155,GMM estimator,0.25,0.4,3411,1.0,1.0,1.0
86,1.8429567880481386,1.6463433760442077,0.998401815228346,GMM estimator,0.25,0.4,3411,1.0,1.0,1.0
87,0.3257106387447983,-0.7195781357792411,0.7905946246048855,GMM estimator,0.25,0.4,3411,1.0,1.0,1.0
88,-0.36496609586625356,0.6275136478442149,0.8956448586219771,GMM estimator,0.25,0.4,3411,1.0,1.0,1.0
89,0.6653819842647796,1.173586385095762,0.5602808420817871,GMM estimator,0.25,0.4,3411,1.0,1.0,1.0
90,0.251545434964103,1.8685790589451174,1.0711949839900154,GMM estimator,0.25,0.4,3411,1.0,1.0,1.0
91,-0.055448726593340436,1.5686536704383944,1.0686815895122688,GMM estimator,0.25,0.4,3411,1.0,1.0,1.0
92,1.3386639445773434,2.0674259778343806,1.1870363182810413,GMM estimator,0.25,0.4,3411,1.0,1.0,1.0
93,0.7579400989645552,1.489109572085434,0.9869963648429282,GMM estimator,0.25,0.4,3411,1.0,1.0,1.0
94,0.30688013997376334,0.8304570754257456,1.4459710036748714,GMM estimator,0.25,0.4,3411,1.0,1.0,1.0
95,1.7480409082009687,1.182842897810545,1.07653823890318,GMM estimator,0.25,0.4,3411,1.0,1.0,1.0
96,0.6958098448264232,0.9288286753972732,1.4954720428115482,GMM estimator,0.25,0.4,3411,1.0,1.0,1.0
97,1.1198651029669366,0.5263323243930664,0.6012520749234584,GMM estimator,0.25,0.4,3411,1.0,1.0,1.0
98,0.5492683895049318,1.190137996545997,0.225420801524717,GMM estimator,0.25,0.4,3411,1.0,1.0,1.0
99,1.2691286774077066,1.7789157783297973,1.2260933138238272,GMM estimator,0.25,0.4,3411,1.0,1.0,1.0
100,1.58191438042512,1.1028650382399872,0.6883235141483319,GMM estimator,0.25,0.4,3411,1.0,1.0,1.0
1,1.1641127901423716,0.9868263410872312,1.3375770832514273,Three-step,0.5,0.4,3411,1.0,1.0,1.0
2,0.7199991326434749,1.5165235313405785,1.040349226731473,Three-step,0.5,0.4,3411,1.0,1.0,1.0
3,1.0725863067339163,1.8241729274468377,1.0749264265038596,Three-step,0.5,0.4,3411,1.0,1.0,1.0
4,2.2064451667481215,1.0535052763587618,0.9947490303117154,Three-step,0.5,0.4,3411,1.0,1.0,1.0
5,2.594156182108644,1.598776035134355,0.6624794531649965,Three-step,0.5,0.4,3411,1.0,1.0,1.0
6,2.015098267841563,2.3126514200637844,1.0998969975023818,Three-step,0.5,0.4,3411,1.0,1.0,1.0
7,1.3224055214917387,1.3625282286520661,1.1896207189381487,Three-step,0.5,0.4,3411,1.0,1.0,1.0
8,0.8339505845416944,0.9152278747066346,1.0474153825833994,Three-step,0.5,0.4,3411,1.0,1.0,1.0
9,0.9769147581390851,0.9117570922159972,0.5091239246213771,Three-step,0.5,0.4,3411,1.0,1.0,1.0
10,-0.5495314906774237,0.37803961373536404,0.9420907227397955,Three-step,0.5,0.4,3411,1.0,1.0,1.0
11,0.2499896142264357,1.0695588101505853,0.7751607977181378,Three-step,0.5,0.4,3411,1.0,1.0,1.0
12,1.3548267997172616,1.4715826631822635,1.2545173342401557,Three-step,0.5,0.4,3411,1.0,1.0,1.0
13,1.2599434540201142,1.5113358647029747,1.0185972025044068,Three-step,0.5,0.4,3411,1.0,1.0,1.0
14,1.0087781818669228,0.9631842253236859,0.9358896212359273,Three-step,0.5,0.4,3411,1.0,1.0,1.0
15,2.3497803629996743,2.141694619176501,1.6480546727855845,Three-step,0.5,0.4,3411,1.0,1.0,1.0
16,2.1049880981108404,2.0856912963330814,1.2098314881757188,Three-step,0.5,0.4,3411,1.0,1.0,1.0
17,4.01696994311015,1.6560747288676507,1.2008588359377312,Three-step,0.5,0.4,3411,1.0,1.0,1.0
18,1.6807290764200482,1.5208115056401557,1.4024247823254021,Three-step,0.5,0.4,3411,1.0,1.0,1.0
19,0.41368049458416234,1.0249549301579655,1.0165755657766444,Three-step,0.5,0.4,3411,1.0,1.0,1.0
20,1.5812582080676427,1.7126606161249653,1.1523560487558107,Three-step,0.5,0.4,3411,1.0,1.0,1.0
21,2.0930720926500226,1.7058861096464382,1.6840758954611041,Three-step,0.5,0.4,3411,1.0,1.0,1.0
22,0.6179439121718371,1.0871102236731227,1.1152733819673109,Three-step,0.5,0.4,3411,1.0,1.0,1.0
23,0.6783020422583871,1.2724696216284812,0.7582921838336208,Three-step,0.5,0.4,3411,1.0,1.0,1.0
24,1.1324767498068264,1.6133302294100043,0.7925547342298803,Three-step,0.5,0.4,3411,1.0,1.0,1.0
25,1.055939989968988,1.657437354011373,0.7941106304527257,Three-step,0.5,0.4,3411,1.0,1.0,1.0
26,3.5786993003151437,1.4327562799488336,0.8635415998604915,Three-step,0.5,0.4,3411,1.0,1.0,1.0
27,1.1695905221153715,1.646431973661997,1.1154110200095342,Three-step,0.5,0.4,3411,1.0,1.0,1.0
28,2.2340982240639984,1.3561110840881676,1.0327720677879544,Three-step,0.5,0.4,3411,1.0,1.0,1.0
29,1.7588147783097678,1.564861865009119,1.105456642218951,Three-step,0.5,0.4,3411,1.0,1.0,1.0
30,1.0042392661409743,1.1367187728565424,1.2139152914398117,Three-step,0.5,0.4,3411,1.0,1.0,1.0
31,0.8404156721898246,0.9283139177448527,0.9722448590408528,Three-step,0.5,0.4,3411,1.0,1.0,1.0
32,1.9708096970721252,1.6228203844006213,1.102217633563896,Three-step,0.5,0.4,3411,1.0,1.0,1.0
33,0.745823950053584,1.7618612465650305,0.6241793566547443,Three-step,0.5,0.4,3411,1.0,1.0,1.0
34,1.3001426991681224,0.9680538308183603,0.8075253225461686,Three-step,0.5,0.4,3411,1.0,1.0,1.0
35,2.3103252603675806,0.8823366076812055,1.1521339196340465,Three-step,0.5,0.4,3411,1.0,1.0,1.0
36,0.34534987521657723,0.9314710511307477,1.062887311323681,Three-step,0.5,0.4,3411,1.0,1.0,1.0
37,2.0648203850318168,1.6860944408287475,1.212253694465208,Three-step,0.5,0.4,3411,1.0,1.0,1.0
38,0.8862506338993814,0.9270103022747405,1.203844034916887,Three-step,0.5,0.4,3411,1.0,1.0,1.0
39,0.8507251213637149,1.8817835855003713,1.2650432945770944,Three-step,0.5,0.4,3411,1.0,1.0,1.0
40,2.901375090857769,1.720144449517393,0.7231983525037314,Three-step,0.5,0.4,3411,1.0,1.0,1.0
41,1.9853433013945299,1.7985747798648206,1.302092329288008,Three-step,0.5,0.4,3411,1.0,1.0,1.0
42,0.6142902713209157,0.9344191225376924,0.6542624540165506,Three-step,0.5,0.4,3411,1.0,1.0,1.0
43,1.0231130812063431,0.8864653552424975,0.6983388774057474,Three-step,0.5,0.4,3411,1.0,1.0,1.0
44,1.3619317871443535,0.801700231659341,0.9467887952886695,Three-step,0.5,0.4,3411,1.0,1.0,1.0
45,0.43216664540029104,0.74062227489534,1.000386903914672,Three-step,0.5,0.4,3411,1.0,1.0,1.0
46,1.786647134698175,0.49321716533238447,0.6687240715486426,Three-step,0.5,0.4,3411,1.0,1.0,1.0
47,1.4290711996768282,1.6915759681237004,1.2327279615045046,Three-step,0.5,0.4,3411,1.0,1.0,1.0
48,0.0072085965693946845,1.0623772046180568,0.6234110435610858,Three-step,0.5,0.4,3411,1.0,1.0,1.0
49,0.015980062947815264,0.7399270605192607,0.9473606808351444,Three-step,0.5,0.4,3411,1.0,1.0,1.0
50,0.23637398780441102,0.9771026166566584,0.9408971459124583,Three-step,0.5,0.4,3411,1.0,1.0,1.0
51,0.26114013418817683,0.1707983101367698,0.5434513407479095,Three-step,0.5,0.4,3411,1.0,1.0,1.0
52,0.16486143390428415,1.5237830379156483,1.0961251977812905,Three-step,0.5,0.4,3411,1.0,1.0,1.0
53,1.1836249152966922,1.1824603063651602,0.7675837947786011,Three-step,0.5,0.4,3411,1.0,1.0,1.0
54,-0.03122397350763924,1.210399794174926,0.9243489450269193,Three-step,0.5,0.4,3411,1.0,1.0,1.0
55,0.42934763242890833,1.0724039661770843,0.7865766209463677,Three-step,0.5,0.4,3411,1.0,1.0,1.0
56,0.7478603664666253,1.2511141203153098,0.41773298403563497,Three-step,0.5,0.4,3411,1.0,1.0,1.0
57,1.7622084845184487,0.877894577080633,1.388672601162481,Three-step,0.5,0.4,3411,1.0,1.0,1.0
58,0.4321430225117932,0.7881376703286448,0.9299228621922251,Three-step,0.5,0.4,3411,1.0,1.0,1.0
59,0.8334744378323555,2.271664500469381,0.7086136903208519,Three-step,0.5,0.4,3411,1.0,1.0,1.0
60,1.762624746632799,1.2443605469801968,1.1847193159335236,Three-step,0.5,0.4,3411,1.0,1.0,1.0
61,1.3938067282698803,1.6690700485384724,0.8569184531804879,Three-step,0.5,0.4,3411,1.0,1.0,1.0
62,1.1600220277248368,0.7893159950309819,0.8610466207794646,Three-step,0.5,0.4,3411,1.0,1.0,1.0
63,2.4382631497214695,2.22782997285962,1.1055186218356814,Three-step,0.5,0.4,3411,1.0,1.0,1.0
64,0.7935253608430243,1.0701758612798242,0.6640477020908067,Three-step,0.5,0.4,3411,1.0,1.0,1.0
65,0.4384613783711529,0.8535248367070118,0.8300785334846167,Three-step,0.5,0.4,3411,1.0,1.0,1.0
66,1.4032657069388406,1.3176835734019001,1.2329760712880484,Three-step,0.5,0.4,3411,1.0,1.0,1.0
67,1.1082791775214982,1.7370337174472985,1.5100223685934882,Three-step,0.5,0.4,3411,1.0,1.0,1.0
68,0.8470436882500871,0.44996801345095105,0.8528252376427896,Three-step,0.5,0.4,3411,1.0,1.0,1.0
69,0.9001426333378957,0.8866359015915247,1.291354622083336,Three-step,0.5,0.4,3411,1.0,1.0,1.0
70,1.2604321622045898,0.6492046645814684,0.912703730561183,Three-step,0.5,0.4,3411,1.0,1.0,1.0
71,0.47862818110475575,0.8499606808017175,0.8388830867142452,Three-step,0.5,0.4,3411,1.0,1.0,1.0
72,1.3982053638292382,1.593666694704469,1.1410833725627254,Three-step,0.5,0.4,3411,1.0,1.0,1.0
73,0.48908340977759246,0.7478223168421698,1.2181336679091808,Three-step,0.5,0.4,3411,1.0,1.0,1.0
74,1.0584186051379676,0.7886943523489203,0.9236301165871076,Three-step,0.5,0.4,3411,1.0,1.0,1.0
75,0.9197152809765333,1.6343646585725535,1.2001339321113138,Three-step,0.5,0.4,3411,1.0,1.0,1.0
76,1.4538959743916164,1.0015856126662914,1.3255680279150748,Three-step,0.5,0.4,3411,1.0,1.0,1.0
77,0.4738242145020309,1.3925638645595857,0.7113211302900779,Three-step,0.5,0.4,3411,1.0,1.0,1.0
78,-0.10455383732764818,0.7016136627994922,0.7551249331189204,Three-step,0.5,0.4,3411,1.0,1.0,1.0
79,2.2168849492152334,1.1374877900543396,0.7759101391913406,Three-step,0.5,0.4,3411,1.0,1.0,1.0
80,1.5854500319922,1.48352803607278,1.1234379003365598,Three-step,0.5,0.4,3411,1.0,1.0,1.0
81,1.3605545175421934,1.4006985331050328,1.2246177421919793,Three-step,0.5,0.4,3411,1.0,1.0,1.0
82,1.0230603512605925,0.8183049501291602,1.0438837444562126,Three-step,0.5,0.4,3411,1.0,1.0,1.0
83,0.7941615459415897,1.4663407068072312,1.0237029564498243,Three-step,0.5,0.4,3411,1.0,1.0,1.0
84,1.144362359195933,0.8849770029059406,1.0190932744625498,Three-step,0.5,0.4,3411,1.0,1.0,1.0
85,1.1039666355001858,0.8586325272869011,1.2423953233920129,Three-step,0.5,0.4,3411,1.0,1.0,1.0
86,2.0895745028378276,1.5587918890371304,0.9720318166991578,Three-step,0.5,0.4,3411,1.0,1.0,1.0
87,0.7619506767978984,0.620812440178418,1.040557919956479,Three-step,0.5,0.4,3411,1.0,1.0,1.0
88,-0.23769239982437326,0.9271795002067391,1.1253170765195275,Three-step,0.5,0.4,3411,1.0,1.0,1.0
89,0.6136386691396375,1.0038725043428132,0.7525181633558975,Three-step,0.5,0.4,3411,1.0,1.0,1.0
90,0.551988863924865,1.0788417473319238,0.9604168380060963,Three-step,0.5,0.4,3411,1.0,1.0,1.0
91,0.46818143424383774,1.052807439773419,1.1537975601903545,Three-step,0.5,0.4,3411,1.0,1.0,1.0
92,1.2426752182222216,1.2450981300964206,1.260845080812427,Three-step,0.5,0.4,3411,1.0,1.0,1.0
93,0.7794573682803719,1.135164266473736,0.8542418909110902,Three-step,0.5,0.4,3411,1.0,1.0,1.0
94,0.7784614683310751,1.2118754478609945,1.189698911675109,Three-step,0.5,0.4,3411,1.0,1.0,1.0
95,2.3024603069032934,1.5596026862525183,1.1548611409015128,Three-step,0.5,0.4,3411,1.0,1.0,1.0
96,1.178196008624144,1.2385725843864703,1.4689055986269726,Three-step,0.5,0.4,3411,1.0,1.0,1.0
97,1.7668410229222342,1.0156947333540955,1.046115863991099,Three-step,0.5,0.4,3411,1.0,1.0,1.0
98,0.3809074548475062,1.1195399801297972,0.7774157926687046,Three-step,0.5,0.4,3411,1.0,1.0,1.0
99,1.2676365325741246,1.552113513282382,0.9668148195035391,Three-step,0.5,0.4,3411,1.0,1.0,1.0
100,1.5620943406650756,1.2558457468023747,0.8676497333611127,Three-step,0.5,0.4,3411,1.0,1.0,1.0
1,1.6089561274466775,0.8061608810220111,1.3375770832498461,Robins' estimator,0.5,0.4,3411,1.0,1.0,1.0
2,0.771471961641668,1.4330404891618704,1.040349226751553,Robins' estimator,0.5,0.4,3411,1.0,1.0,1.0
3,1.3110584321545529,1.7391862618873017,1.0749264263653968,Robins' estimator,0.5,0.4,3411,1.0,1.0,1.0
4,1.683374740209185,0.9704878988220095,0.9947490304050526,Robins' estimator,0.5,0.4,3411,1.0,1.0,1.0
5,2.63539118229769,1.6262465999643767,0.6624794534196752,Robins' estimator,0.5,0.4,3411,1.0,1.0,1.0
6,1.8979313424600877,2.0335124978076364,1.0998969976938873,Robins' estimator,0.5,0.4,3411,1.0,1.0,1.0
7,1.3914502030159352,1.202887513548689,1.1896207189057708,Robins' estimator,0.5,0.4,3411,1.0,1.0,1.0
8,1.023386220795267,1.0072378385131062,1.0474153825759944,Robins' estimator,0.5,0.4,3411,1.0,1.0,1.0
9,1.310294752291062,1.0205703391133971,0.5091239246977377,Robins' estimator,0.5,0.4,3411,1.0,1.0,1.0
10,-0.001631405462555044,0.2533521227612941,0.9420907227400596,Robins' estimator,0.5,0.4,3411,1.0,1.0,1.0
11,0.37376202875835024,0.9770253385191786,0.7751607976845114,Robins' estimator,0.5,0.4,3411,1.0,1.0,1.0
12,1.3059194261586926,1.3179905598877208,1.254517334266602,Robins' estimator,0.5,0.4,3411,1.0,1.0,1.0
13,1.7292376038133366,1.0405801784529456,1.0185972024999144,Robins' estimator,0.5,0.4,3411,1.0,1.0,1.0
14,1.7770005970402754,1.116260788198062,0.9358896212362994,Robins' estimator,0.5,0.4,3411,1.0,1.0,1.0
15,2.6456277269333235,1.808230316166639,1.6480546728223484,Robins' estimator,0.5,0.4,3411,1.0,1.0,1.0
16,2.1814705326036354,1.7394429080004643,1.209831488790008,Robins' estimator,0.5,0.4,3411,1.0,1.0,1.0
17,1.8077064934016858,1.2828993811749487,1.2008588354014413,Robins' estimator,0.5,0.4,3411,1.0,1.0,1.0
18,1.5287711696111168,1.624779810993512,1.4024247823253724,Robins' estimator,0.5,0.4,3411,1.0,1.0,1.0
19,0.3906101829765562,1.2568126900357455,1.0165755657791253,Robins' estimator,0.5,0.4,3411,1.0,1.0,1.0
20,1.6117524499431486,1.5756902774377213,1.1523560483689033,Robins' estimator,0.5,0.4,3411,1.0,1.0,1.0
21,1.7673527428126048,1.7593257643207156,1.6840758955745794,Robins' estimator,0.5,0.4,3411,1.0,1.0,1.0
22,0.7222789413816949,1.3048172869747632,1.1152733819725285,Robins' estimator,0.5,0.4,3411,1.0,1.0,1.0
23,0.7484738989206119,1.2931440622960177,0.7582921838344417,Robins' estimator,0.5,0.4,3411,1.0,1.0,1.0
24,1.2021198887771412,1.4516967279354742,0.7925547341545769,Robins' estimator,0.5,0.4,3411,1.0,1.0,1.0
25,1.7861144239313955,1.56288397835758,0.7941106304536532,Robins' estimator,0.5,0.4,3411,1.0,1.0,1.0
26,3.259674947107504,1.5325513983729182,0.8635415998550947,Robins' estimator,0.5,0.4,3411,1.0,1.0,1.0
27,1.5012568285300234,1.6630376133625788,1.1154110194734435,Robins' estimator,0.5,0.4,3411,1.0,1.0,1.0
28,2.776642093775585,1.2871173638521913,1.0327720678020333,Robins' estimator,0.5,0.4,3411,1.0,1.0,1.0
29,1.4720682162185128,1.4348093542860858,1.105456642238864,Robins' estimator,0.5,0.4,3411,1.0,1.0,1.0
30,0.9868368094325813,1.005589325832627,1.2139152914301987,Robins' estimator,0.5,0.4,3411,1.0,1.0,1.0
31,1.0436524338318292,0.9389409047265845,0.9722448590369231,Robins' estimator,0.5,0.4,3411,1.0,1.0,1.0
32,2.02422785448677,1.6630454083342288,1.1022176341843022,Robins' estimator,0.5,0.4,3411,1.0,1.0,1.0
33,0.8264470099924863,1.6267575426690568,0.6241793566534165,Robins' estimator,0.5,0.4,3411,1.0,1.0,1.0
34,0.8397324671187877,1.0303672615979893,0.8075253225052146,Robins' estimator,0.5,0.4,3411,1.0,1.0,1.0
35,1.6777767883395265,0.9690751679172278,1.152133919760915,Robins' estimator,0.5,0.4,3411,1.0,1.0,1.0
36,0.6530117730485508,0.8510998818414542,1.0628873113336377,Robins' estimator,0.5,0.4,3411,1.0,1.0,1.0
37,2.581506386172573,1.559651139047087,1.2122536944698268,Robins' estimator,0.5,0.4,3411,1.0,1.0,1.0
38,0.9454684512719493,0.8024723147502847,1.203844034911296,Robins' estimator,0.5,0.4,3411,1.0,1.0,1.0
39,1.106017972062699,1.7227172026281956,1.265043294578075,Robins' estimator,0.5,0.4,3411,1.0,1.0,1.0
40,2.1213445757258547,1.797754854968333,0.7231983526805515,Robins' estimator,0.5,0.4,3411,1.0,1.0,1.0
41,2.8503553366270475,1.6185332123110876,1.302092329236961,Robins' estimator,0.5,0.4,3411,1.0,1.0,1.0
42,1.0758775595028167,1.1932990597937874,0.6542624540171466,Robins' estimator,0.5,0.4,3411,1.0,1.0,1.0
43,1.347586513179744,1.0161508431241408,0.69833887720876,Robins' estimator,0.5,0.4,3411,1.0,1.0,1.0
44,1.3334515426522486,0.919889110686957,0.9467887952842965,Robins' estimator,0.5,0.4,3411,1.0,1.0,1.0
45,0.4282023196500842,0.8109773115927734,1.000386903915228,Robins' estimator,0.5,0.4,3411,1.0,1.0,1.0
46,2.0609053277819327,0.7384816945038942,0.6687240715206331,Robins' estimator,0.5,0.4,3411,1.0,1.0,1.0
47,3.191710530596306,1.596892318679234,1.2327279615079663,Robins' estimator,0.5,0.4,3411,1.0,1.0,1.0
48,0.31720128592980834,0.9018502752345794,0.6234110435587573,Robins' estimator,0.5,0.4,3411,1.0,1.0,1.0
49,0.019294395451844172,0.6284799273727285,0.9473606808175022,Robins' estimator,0.5,0.4,3411,1.0,1.0,1.0
50,1.0465843929369205,1.1268631215992044,0.9408971459056098,Robins' estimator,0.5,0.4,3411,1.0,1.0,1.0
51,0.7870081466863885,0.5461077333207789,0.5434513407413728,Robins' estimator,0.5,0.4,3411,1.0,1.0,1.0
52,0.5031663359820894,1.4007100273818007,1.0961251978284723,Robins' estimator,0.5,0.4,3411,1.0,1.0,1.0
53,1.5220333379334088,1.0260028655431253,0.7675837948781319,Robins' estimator,0.5,0.4,3411,1.0,1.0,1.0
54,0.09907755673171414,1.007475944973026,0.9243489450269448,Robins' estimator,0.5,0.4,3411,1.0,1.0,1.0
55,0.7990723505528754,0.712377042874149,0.7865766209197805,Robins' estimator,0.5,0.4,3411,1.0,1.0,1.0
56,0.940558978826333,1.0661280221253648,0.4177329839692314,Robins' estimator,0.5,0.4,3411,1.0,1.0,1.0
57,1.169032806311198,0.933264897662581,1.3886726011303596,Robins' estimator,0.5,0.4,3411,1.0,1.0,1.0
58,0.46639598963563095,1.0010452859650008,0.9299228621902291,Robins' estimator,0.5,0.4,3411,1.0,1.0,1.0
59,1.4553850014678738,2.090622265842127,0.7086136903217808,Robins' estimator,0.5,0.4,3411,1.0,1.0,1.0
60,1.6888413092630712,1.3063324184813494,1.184719316085694,Robins' estimator,0.5,0.4,3411,1.0,1.0,1.0
61,1.5920369064472002,1.4942543180180003,0.8569184531574255,Robins' estimator,0.5,0.4,3411,1.0,1.0,1.0
62,0.6974739375437637,0.4072591453508477,0.8610466211725474,Robins' estimator,0.5,0.4,3411,1.0,1.0,1.0
63,2.657185577165027,2.1711304402719405,1.1055186217305901,Robins' estimator,0.5,0.4,3411,1.0,1.0,1.0
64,0.9908640232618237,1.1805815194667937,0.6640477019272837,Robins' estimator,0.5,0.4,3411,1.0,1.0,1.0
65,0.7413045188084055,1.0176742653984812,0.830078533484677,Robins' estimator,0.5,0.4,3411,1.0,1.0,1.0
66,0.9176197012496751,1.3671789137939403,1.2329760713532865,Robins' estimator,0.5,0.4,3411,1.0,1.0,1.0
67,0.9723747280286905,1.4003831702664131,1.5100223686910528,Robins' estimator,0.5,0.4,3411,1.0,1.0,1.0
68,1.4222591792814747,0.7438949387303103,0.8528252375630367,Robins' estimator,0.5,0.4,3411,1.0,1.0,1.0
69,0.8898718569067604,1.0085503018709692,1.291354622053595,Robins' estimator,0.5,0.4,3411,1.0,1.0,1.0
70,2.188628137312117,0.6692714387965054,0.9127037291341965,Robins' estimator,0.5,0.4,3411,1.0,1.0,1.0
71,0.9583736779299848,1.1214098747668095,0.8388830867261532,Robins' estimator,0.5,0.4,3411,1.0,1.0,1.0
72,1.3319206697366193,1.3494367002700158,1.1410833726212217,Robins' estimator,0.5,0.4,3411,1.0,1.0,1.0
73,0.5146733820879841,0.7246562281186723,1.2181336679187535,Robins' estimator,0.5,0.4,3411,1.0,1.0,1.0
74,1.6650026032695866,0.8474534401628651,0.9236301166442799,Robins' estimator,0.5,0.4,3411,1.0,1.0,1.0
75,1.3378201020208391,1.70835644428105,1.200133932111299,Robins' estimator,0.5,0.4,3411,1.0,1.0,1.0
76,1.2360936196220074,0.8264705350261093,1.325568027902047,Robins' estimator,0.5,0.4,3411,1.0,1.0,1.0
77,1.250607821890232,1.453105298385855,0.7113211297550243,Robins' estimator,0.5,0.4,3411,1.0,1.0,1.0
78,0.4393619896735291,0.7137939723532766,0.7551249331187876,Robins' estimator,0.5,0.4,3411,1.0,1.0,1.0
79,1.9526443467036996,1.3081347704573414,0.7759101391840886,Robins' estimator,0.5,0.4,3411,1.0,1.0,1.0
80,1.9751354680362592,1.2355757368383347,1.1234379008789248,Robins' estimator,0.5,0.4,3411,1.0,1.0,1.0
81,1.56288356217567,1.455424176689519,1.2246177422170437,Robins' estimator,0.5,0.4,3411,1.0,1.0,1.0
82,0.7126539395538909,0.88000405980284,1.0438837444568019,Robins' estimator,0.5,0.4,3411,1.0,1.0,1.0
83,1.5948263753285363,1.2865716903796938,1.0237029556548942,Robins' estimator,0.5,0.4,3411,1.0,1.0,1.0
84,1.2959535393297175,1.168481695711711,1.0190932744461179,Robins' estimator,0.5,0.4,3411,1.0,1.0,1.0
85,1.1620033075738276,1.2076344089109972,1.2423953233650091,Robins' estimator,0.5,0.4,3411,1.0,1.0,1.0
86,1.9238110443416205,1.3375243609794067,0.9720318161196722,Robins' estimator,0.5,0.4,3411,1.0,1.0,1.0
87,0.5822459104339258,0.43158860051574127,1.0405579199385893,Robins' estimator,0.5,0.4,3411,1.0,1.0,1.0
88,0.600932053921166,1.048632515331134,1.1253170765045573,Robins' estimator,0.5,0.4,3411,1.0,1.0,1.0
89,0.8345084022229645,1.1195730674594406,0.7525181633566284,Robins' estimator,0.5,0.4,3411,1.0,1.0,1.0
90,0.4558505149517345,0.8121226434537229,0.9604168380059704,Robins' estimator,0.5,0.4,3411,1.0,1.0,1.0
91,0.9462318740714655,0.9148047443703946,1.1537975597653232,Robins' estimator,0.5,0.4,3411,1.0,1.0,1.0
92,1.528305399292457,1.3163905541405037,1.2608450808113838,Robins' estimator,0.5,0.4,3411,1.0,1.0,1.0
93,0.7586279842689185,0.9638920754677817,0.8542418908994364,Robins' estimator,0.5,0.4,3411,1.0,1.0,1.0
94,0.7330523200915113,1.0912436546053859,1.189698911674028,Robins' estimator,0.5,0.4,3411,1.0,1.0,1.0
95,1.6817480431512806,1.4008130388132174,1.1548611408766307,Robins' estimator,0.5,0.4,3411,1.0,1.0,1.0
96,0.8825726679947733,1.1510565210148385,1.468905598605071,Robins' estimator,0.5,0.4,3411,1.0,1.0,1.0
97,1.4391967582132976,1.104575165905818,1.0461158644040642,Robins' estimator,0.5,0.4,3411,1.0,1.0,1.0
98,1.143915270488756,1.2405004625835165,0.7774157926685681,Robins' estimator,0.5,0.4,3411,1.0,1.0,1.0
99,1.2542772381712777,1.456185928055078,0.9668148195594909,Robins' estimator,0.5,0.4,3411,1.0,1.0,1.0
100,1.3792260474638054,1.3367829655063066,0.86764973293809,Robins' estimator,0.5,0.4,3411,1.0,1.0,1.0
1,1.289017418578954,0.7438030487970302,1.278965602106446,GMM estimator,0.5,0.4,3411,1.0,1.0,1.0
2,0.7617812077968816,1.421904954861792,1.0387475510055992,GMM estimator,0.5,0.4,3411,1.0,1.0,1.0
3,1.1872412020765437,1.6967232519212692,1.0596901896032993,GMM estimator,0.5,0.4,3411,1.0,1.0,1.0
4,1.577517563999438,0.9385722873890867,0.9832297369919573,GMM estimator,0.5,0.4,3411,1.0,1.0,1.0
5,2.6089806505171076,1.6285994832974633,0.6593884755426187,GMM estimator,0.5,0.4,3411,1.0,1.0,1.0
6,2.035781175678926,2.069467719767268,1.0928516121736167,GMM estimator,0.5,0.4,3411,1.0,1.0,1.0
7,1.2314730331731336,1.1425081962322845,1.155707779006557,GMM estimator,0.5,0.4,3411,1.0,1.0,1.0
8,0.9991718176757902,1.01529017101398,1.0568880513154622,GMM estimator,0.5,0.4,3411,1.0,1.0,1.0
9,1.2604630284045895,1.020598197475103,0.5292976909372096,GMM estimator,0.5,0.4,3411,1.0,1.0,1.0
10,-0.40389856166956684,0.13965195048517337,0.8905302727993991,GMM estimator,0.5,0.4,3411,1.0,1.0,1.0
11,0.3385049326552192,0.9217753333730613,0.7592820955579844,GMM estimator,0.5,0.4,3411,1.0,1.0,1.0
12,1.437739704080429,1.3660426420549248,1.2496195826364445,GMM estimator,0.5,0.4,3411,1.0,1.0,1.0
13,1.382718614255024,0.8335225407573849,0.9589065758508404,GMM estimator,0.5,0.4,3411,1.0,1.0,1.0
14,1.0918563977148503,0.9205146065352371,0.9321873883136325,GMM estimator,0.5,0.4,3411,1.0,1.0,1.0
15,2.5175827193857065,1.8659170772696576,1.6370156779770615,GMM estimator,0.5,0.4,3411,1.0,1.0,1.0
16,2.6564333949794903,1.813745762952402,1.2689012168459235,GMM estimator,0.5,0.4,3411,1.0,1.0,1.0
17,1.7118594667138596,1.3426326333575007,1.1769615690583322,GMM estimator,0.5,0.4,3411,1.0,1.0,1.0
18,1.5540333261032488,1.6648367821305825,1.4416233393269826,GMM estimator,0.5,0.4,3411,1.0,1.0,1.0
19,0.3781622904107921,1.2578412726498427,0.9944073713698467,GMM estimator,0.5,0.4,3411,1.0,1.0,1.0
20,1.5617062450581234,1.5345649011398732,1.1512034196517638,GMM estimator,0.5,0.4,3411,1.0,1.0,1.0
21,1.8290694412361488,1.7609327823605907,1.7102757166623657,GMM estimator,0.5,0.4,3411,1.0,1.0,1.0
22,0.6677607844144134,1.3330287565830978,1.1076294483340539,GMM estimator,0.5,0.4,3411,1.0,1.0,1.0
23,0.7566368460264056,1.2958303309264432,0.7647422881796646,GMM estimator,0.5,0.4,3411,1.0,1.0,1.0
24,1.2063671894416874,1.438743976608153,0.7789838249886842,GMM estimator,0.5,0.4,3411,1.0,1.0,1.0
25,1.060802506659658,1.3620070240982391,0.781322222959185,GMM estimator,0.5,0.4,3411,1.0,1.0,1.0
26,3.365206111693624,1.5639132374992397,0.8687563106623247,GMM estimator,0.5,0.4,3411,1.0,1.0,1.0
27,1.3231315796887895,1.5982757422676124,1.0805451039459668,GMM estimator,0.5,0.4,3411,1.0,1.0,1.0
28,2.445566433461715,1.2104537965551825,1.000458592952277,GMM estimator,0.5,0.4,3411,1.0,1.0,1.0
29,1.2986570153476484,1.3991233144517952,1.0940114104750214,GMM estimator,0.5,0.4,3411,1.0,1.0,1.0
30,1.0011026821472206,1.0021620493547636,1.1924118422550194,GMM estimator,0.5,0.4,3411,1.0,1.0,1.0
31,0.9967544306209536,0.9351087503642219,0.9726893793202919,GMM estimator,0.5,0.4,3411,1.0,1.0,1.0
32,2.042812528416042,1.6649846348244346,1.1144184954760863,GMM estimator,0.5,0.4,3411,1.0,1.0,1.0
33,0.7522021915189068,1.5730611854033156,0.5934944948446854,GMM estimator,0.5,0.4,3411,1.0,1.0,1.0
34,0.5319884566044311,0.9534998650166439,0.7671304881006635,GMM estimator,0.5,0.4,3411,1.0,1.0,1.0
35,1.4722067680792943,0.9296583805500207,1.1519071589805172,GMM estimator,0.5,0.4,3411,1.0,1.0,1.0
36,0.5414250228863262,0.8099047511862368,1.083946246671848,GMM estimator,0.5,0.4,3411,1.0,1.0,1.0
37,1.7588359947727787,1.5221893276528407,1.1939808160184724,GMM estimator,0.5,0.4,3411,1.0,1.0,1.0
38,0.8655515014512347,0.7730223591891396,1.1705733065228743,GMM estimator,0.5,0.4,3411,1.0,1.0,1.0
39,0.8913817653262587,1.6391500447470286,1.23696191399956,GMM estimator,0.5,0.4,3411,1.0,1.0,1.0
40,1.8009819045368507,1.7900474664313188,0.7117500880338212,GMM estimator,0.5,0.4,3411,1.0,1.0,1.0
41,1.5507358790058317,1.4384061552367862,1.2499327008141745,GMM estimator,0.5,0.4,3411,1.0,1.0,1.0
42,0.8083050844144452,1.0612549729544387,0.5878566399801107,GMM estimator,0.5,0.4,3411,1.0,1.0,1.0
43,1.1764489635764654,0.9807305759209601,0.7126268489668983,GMM estimator,0.5,0.4,3411,1.0,1.0,1.0
44,1.301938476700677,0.9149776954300448,0.9558137845302084,GMM estimator,0.5,0.4,3411,1.0,1.0,1.0
45,0.41440650117834604,0.8065171371189704,1.0235550559283444,GMM estimator,0.5,0.4,3411,1.0,1.0,1.0
46,2.0359082295839324,0.7101335504147503,0.6345145895698481,GMM estimator,0.5,0.4,3411,1.0,1.0,1.0
47,0.8839169315831263,1.338877199753289,1.149323305801972,GMM estimator,0.5,0.4,3411,1.0,1.0,1.0
48,0.2818763363480256,0.8330637184256753,0.581451832958419,GMM estimator,0.5,0.4,3411,1.0,1.0,1.0
49,0.030053356386780805,0.6058748126451634,0.9247079257540112,GMM estimator,0.5,0.4,3411,1.0,1.0,1.0
50,0.29665256197121626,0.8480997128308485,0.8538165165352742,GMM estimator,0.5,0.4,3411,1.0,1.0,1.0
51,0.5409909593662,0.44613733372546377,0.5097738043889932,GMM estimator,0.5,0.4,3411,1.0,1.0,1.0
52,0.37100245182488084,1.3347603014618827,1.0878718366528384,GMM estimator,0.5,0.4,3411,1.0,1.0,1.0
53,1.3877692927775533,1.0036717986929389,0.7920628833236004,GMM estimator,0.5,0.4,3411,1.0,1.0,1.0
54,0.0054481989004148135,0.9375755199045197,0.8870375650836502,GMM estimator,0.5,0.4,3411,1.0,1.0,1.0
55,0.4315334102296079,0.5616913443081967,0.7631413377975949,GMM estimator,0.5,0.4,3411,1.0,1.0,1.0
56,0.8858042860066229,1.0199019616614735,0.39506188738881537,GMM estimator,0.5,0.4,3411,1.0,1.0,1.0
57,0.887167831419694,0.8091751860112886,1.3331496429644283,GMM estimator,0.5,0.4,3411,1.0,1.0,1.0
58,0.39955108241938275,0.980027190915299,0.9256026201881011,GMM estimator,0.5,0.4,3411,1.0,1.0,1.0
59,0.8909631483750531,1.9045423895002993,0.6189563358049974,GMM estimator,0.5,0.4,3411,1.0,1.0,1.0
60,1.6678172197475525,1.3213344210563234,1.1872509833824627,GMM estimator,0.5,0.4,3411,1.0,1.0,1.0
61,1.4844662995357385,1.463019642105065,0.8386901575283969,GMM estimator,0.5,0.4,3411,1.0,1.0,1.0
62,0.5223603528384843,0.3050035996496519,0.7282846077078053,GMM estimator,0.5,0.4,3411,1.0,1.0,1.0
63,2.390505310314907,2.1278054892930456,1.0986851017223145,GMM estimator,0.5,0.4,3411,1.0,1.0,1.0
64,1.0222847822795096,1.1816847526782372,0.6996098219484652,GMM estimator,0.5,0.4,3411,1.0,1.0,1.0
65,0.6233022166012033,1.0140023002588987,0.8679415255497942,GMM estimator,0.5,0.4,3411,1.0,1.0,1.0
66,0.7927669138602207,1.3541730000251815,1.2328178305974762,GMM estimator,0.5,0.4,3411,1.0,1.0,1.0
67,0.8318676362159867,1.4146576909053503,1.5344954787440725,GMM estimator,0.5,0.4,3411,1.0,1.0,1.0
68,1.5578167632756204,0.8197339636391596,0.8974577324350228,GMM estimator,0.5,0.4,3411,1.0,1.0,1.0
69,0.9055587293505499,0.9992877016852457,1.2772469300243208,GMM estimator,0.5,0.4,3411,1.0,1.0,1.0
70,1.143162730163843,0.4889188310646626,0.8538394641748874,GMM estimator,0.5,0.4,3411,1.0,1.0,1.0
71,0.8132340948068665,1.0236033790445926,0.8632353246505895,GMM estimator,0.5,0.4,3411,1.0,1.0,1.0
72,1.3286170065923872,1.372439122220325,1.1351991824353673,GMM estimator,0.5,0.4,3411,1.0,1.0,1.0
73,0.5113184363440646,0.7219945634253859,1.2145249669620315,GMM estimator,0.5,0.4,3411,1.0,1.0,1.0
74,1.1155647863132683,0.7823521111999506,0.9276130212813274,GMM estimator,0.5,0.4,3411,1.0,1.0,1.0
75,1.1040789668020612,1.6023362253100693,1.165205287552125,GMM estimator,0.5,0.4,3411,1.0,1.0,1.0
76,1.1548978598078052,0.7725041126481069,1.2270770699249096,GMM estimator,0.5,0.4,3411,1.0,1.0,1.0
77,0.5026412948746117,1.0695788098495342,0.6500357254115641,GMM estimator,0.5,0.4,3411,1.0,1.0,1.0
78,0.21783260947054683,0.6351104945216259,0.7851782415238504,GMM estimator,0.5,0.4,3411,1.0,1.0,1.0
79,1.8908659055275874,1.3536805110149968,0.8255341908392848,GMM estimator,0.5,0.4,3411,1.0,1.0,1.0
80,1.708791642506705,1.1693234188924588,1.1013201459278548,GMM estimator,0.5,0.4,3411,1.0,1.0,1.0
81,1.4783856341505714,1.4338578711512213,1.223454490891537,GMM estimator,0.5,0.4,3411,1.0,1.0,1.0
82,0.5689558320189134,0.8618883806476655,1.0111801023592193,GMM estimator,0.5,0.4,3411,1.0,1.0,1.0
83,0.6277961053231176,1.0004426226828036,0.9573919588582002,GMM estimator,0.5,0.4,3411,1.0,1.0,1.0
84,1.1513171650812803,1.1891967006834376,1.0981951594737402,GMM estimator,0.5,0.4,3411,1.0,1.0,1.0
85,1.1727674564766826,1.19489158214864,1.2192207470463168,GMM estimator,0.5,0.4,3411,1.0,1.0,1.0
86,1.9009920617729703,1.317945168682588,0.9555580207961444,GMM estimator,0.5,0.4,3411,1.0,1.0,1.0
87,0.5405314978767792,0.38012025755443074,0.9763439869744737,GMM estimator,0.5,0.4,3411,1.0,1.0,1.0
88,-0.2344561981565249,0.6216211805700389,1.1348980493777132,GMM estimator,0.5,0.4,3411,1.0,1.0,1.0
89,0.8288368954429032,1.1082226716432806,0.7650228477671317,GMM estimator,0.5,0.4,3411,1.0,1.0,1.0
90,0.45886325592205046,0.8237450039082238,0.9215254678546868,GMM estimator,0.5,0.4,3411,1.0,1.0,1.0
91,0.8414319089914928,0.8393490967370458,1.1328565149678536,GMM estimator,0.5,0.4,3411,1.0,1.0,1.0
92,1.455822608497742,1.2730123481389541,1.2683635525023667,GMM estimator,0.5,0.4,3411,1.0,1.0,1.0
93,0.7122257163022176,0.9212904127028367,0.8243666013588216,GMM estimator,0.5,0.4,3411,1.0,1.0,1.0
94,0.7151258130666613,1.1021979183606736,1.194838001557765,GMM estimator,0.5,0.4,3411,1.0,1.0,1.0
95,1.478223243995444,1.3508441305255925,1.1362768678370463,GMM estimator,0.5,0.4,3411,1.0,1.0,1.0
96,0.7916093253816916,1.1590597254703172,1.4384518273276001,GMM estimator,0.5,0.4,3411,1.0,1.0,1.0
97,1.336323619313962,1.1220374858490179,1.0256240014457392,GMM estimator,0.5,0.4,3411,1.0,1.0,1.0
98,0.3630086757031812,0.8910428271609703,0.656109407545654,GMM estimator,0.5,0.4,3411,1.0,1.0,1.0
99,1.2399312700699963,1.449107227208791,0.9569896038555618,GMM estimator,0.5,0.4,3411,1.0,1.0,1.0
100,1.3172478667738,1.3690229889808228,0.8792146531946476,GMM estimator,0.5,0.4,3411,1.0,1.0,1.0
1,1.3031542361751909,1.4857350295970189,1.4814430030525563,Three-step,0.75,0.4,3411,1.0,1.0,1.0
2,0.779713301412703,1.069158702108246,0.9522590972784145,Three-step,0.75,0.4,3411,1.0,1.0,1.0
3,1.0629841404345635,0.8927714468359915,0.9438160458231675,Three-step,0.75,0.4,3411,1.0,1.0,1.0
4,2.052646040761404,1.3819562015442188,1.057466531995589,Three-step,0.75,0.4,3411,1.0,1.0,1.0
5,2.3185555377334257,0.8282135334680386,0.9908241951133588,Three-step,0.75,0.4,3411,1.0,1.0,1.0
6,1.9144582286115006,1.1904334707516848,1.1860672312298433,Three-step,0.75,0.4,3411,1.0,1.0,1.0
7,1.184174688990201,1.0802482212545526,0.922966722667902,Three-step,0.75,0.4,3411,1.0,1.0,1.0
8,0.9018960463827336,1.3329399600518332,1.3932821761445653,Three-step,0.75,0.4,3411,1.0,1.0,1.0
9,1.1303675447678716,0.8583519132478195,0.5965148958916185,Three-step,0.75,0.4,3411,1.0,1.0,1.0
10,-0.5690037594710025,0.4615144970157514,0.698916662951605,Three-step,0.75,0.4,3411,1.0,1.0,1.0
11,0.2300341529079469,0.9145137518061975,0.757631515775747,Three-step,0.75,0.4,3411,1.0,1.0,1.0
12,1.4514336316282628,1.0664188029958708,0.6869661580021175,Three-step,0.75,0.4,3411,1.0,1.0,1.0
13,1.3752317493350548,1.2074369526127164,1.1572076716630895,Three-step,0.75,0.4,3411,1.0,1.0,1.0
14,0.8704093574709937,1.2590258717431513,1.371066109025752,Three-step,0.75,0.4,3411,1.0,1.0,1.0
15,2.236991614179977,0.7931556513048935,1.2873663594475335,Three-step,0.75,0.4,3411,1.0,1.0,1.0
16,2.0388453670480438,1.1150565701925723,1.3943676884744753,Three-step,0.75,0.4,3411,1.0,1.0,1.0
17,3.7851453033682256,1.3561307921395183,0.9608223419972762,Three-step,0.75,0.4,3411,1.0,1.0,1.0
18,1.6532329009281703,1.3280920328925392,1.056004958040876,Three-step,0.75,0.4,3411,1.0,1.0,1.0
19,0.49734403498709295,1.230012913101489,0.9830390306601073,Three-step,0.75,0.4,3411,1.0,1.0,1.0
20,1.643848723209098,1.4947473886272769,1.2371708034631501,Three-step,0.75,0.4,3411,1.0,1.0,1.0
21,2.0648318196677744,1.419635936848629,1.0330523591925111,Three-step,0.75,0.4,3411,1.0,1.0,1.0
22,0.5131116675199466,0.8193945721797972,0.6878108553560618,Three-step,0.75,0.4,3411,1.0,1.0,1.0
23,0.5726374991741993,0.5489403038065686,0.8970766143272194,Three-step,0.75,0.4,3411,1.0,1.0,1.0
24,1.0628834937375213,1.5153618771449655,1.2133765638131273,Three-step,0.75,0.4,3411,1.0,1.0,1.0
25,0.9809306803961694,1.2658071833114886,1.0879285333469126,Three-step,0.75,0.4,3411,1.0,1.0,1.0
26,3.612403318492665,1.531933378077248,0.9709576395220204,Three-step,0.75,0.4,3411,1.0,1.0,1.0
27,1.216102398908251,1.1910218873525233,1.1831281414697492,Three-step,0.75,0.4,3411,1.0,1.0,1.0
28,2.164617389374246,1.3046614080957493,0.9349061269423619,Three-step,0.75,0.4,3411,1.0,1.0,1.0
29,1.6272553096257805,1.8151268909585438,1.1833536829363116,Three-step,0.75,0.4,3411,1.0,1.0,1.0
30,1.0430016578619503,1.3956460197984748,1.5674649270912728,Three-step,0.75,0.4,3411,1.0,1.0,1.0
31,0.7319227562992037,1.069820110309723,1.043546513546177,Three-step,0.75,0.4,3411,1.0,1.0,1.0
32,2.015729746467725,1.096948948930577,0.8061572794292814,Three-step,0.75,0.4,3411,1.0,1.0,1.0
33,0.8043238695454544,1.1011292856882222,1.1399832354446768,Three-step,0.75,0.4,3411,1.0,1.0,1.0
34,1.2845748014958163,1.493539988259926,1.0336371186440745,Three-step,0.75,0.4,3411,1.0,1.0,1.0
35,2.3052335405885622,1.6117812224670793,1.3472717729334216,Three-step,0.75,0.4,3411,1.0,1.0,1.0
36,0.3596731137934621,1.1873242241422701,1.1527856779773276,Three-step,0.75,0.4,3411,1.0,1.0,1.0
37,1.8936292520121427,1.204813794097461,0.9891621663278184,Three-step,0.75,0.4,3411,1.0,1.0,1.0
38,0.8170271016049604,1.2531515768799528,1.1381370286013246,Three-step,0.75,0.4,3411,1.0,1.0,1.0
39,0.9527022161135431,0.9256153234012976,1.0420518390856057,Three-step,0.75,0.4,3411,1.0,1.0,1.0
40,2.822530723500798,0.9724867132262663,0.8319745210340358,Three-step,0.75,0.4,3411,1.0,1.0,1.0
41,2.179096677528406,1.596112887763116,0.9020232219517333,Three-step,0.75,0.4,3411,1.0,1.0,1.0
42,0.5783369559215586,0.8303919970512357,0.7009570881479649,Three-step,0.75,0.4,3411,1.0,1.0,1.0
43,0.9850143626482337,0.978253638418573,0.8609831655770172,Three-step,0.75,0.4,3411,1.0,1.0,1.0
44,1.2722582520878332,1.2756774549943926,1.0558659742420395,Three-step,0.75,0.4,3411,1.0,1.0,1.0
45,0.4331385037478816,0.7785465973196342,0.8263684955154577,Three-step,0.75,0.4,3411,1.0,1.0,1.0
46,1.7430216738131077,1.4056943519055827,0.9352303887974892,Three-step,0.75,0.4,3411,1.0,1.0,1.0
47,1.4886381242279554,1.4913906785334115,1.1757307273011013,Three-step,0.75,0.4,3411,1.0,1.0,1.0
48,0.04451605450016533,0.6326305428441742,0.9507261920725205,Three-step,0.75,0.4,3411,1.0,1.0,1.0
49,-0.01957756144486011,0.7516225136402919,0.479220310764038,Three-step,0.75,0.4,3411,1.0,1.0,1.0
50,0.32239531279311523,1.2978309467841989,1.3976307215508887,Three-step,0.75,0.4,3411,1.0,1.0,1.0
51,0.31424510626151064,1.174456083495976,1.1396097158434357,Three-step,0.75,0.4,3411,1.0,1.0,1.0
52,0.07275253800694766,1.0931381461060818,0.7087465936277282,Three-step,0.75,0.4,3411,1.0,1.0,1.0
53,1.1514931526567556,0.8271299995881525,0.7514563953676615,Three-step,0.75,0.4,3411,1.0,1.0,1.0
54,0.03777968585677725,0.24311117683886962,0.7433285944463051,Three-step,0.75,0.4,3411,1.0,1.0,1.0
55,0.39959568898009473,0.935190240766833,0.731464255037427,Three-step,0.75,0.4,3411,1.0,1.0,1.0
56,0.6636896825270393,0.4567252661158716,0.650807288470654,Three-step,0.75,0.4,3411,1.0,1.0,1.0
57,1.6657324684843176,0.8281616899393237,0.673802786378444,Three-step,0.75,0.4,3411,1.0,1.0,1.0
58,0.5620155618931758,1.373634632841847,0.8293122495575042,Three-step,0.75,0.4,3411,1.0,1.0,1.0
59,0.8367453020458845,0.8993283785230045,1.0873167777526433,Three-step,0.75,0.4,3411,1.0,1.0,1.0
60,1.8993227899316296,1.4891164204293081,1.356436109564358,Three-step,0.75,0.4,3411,1.0,1.0,1.0
61,1.4694213855164322,1.4693324312207652,1.2714671887558588,Three-step,0.75,0.4,3411,1.0,1.0,1.0
62,1.2148947772409957,0.8070976544884494,0.7688003068173072,Three-step,0.75,0.4,3411,1.0,1.0,1.0
63,2.2154532236539612,1.1775186890299187,1.1026725052721953,Three-step,0.75,0.4,3411,1.0,1.0,1.0
64,0.81051316654447,0.8953722984705976,1.2316955249321606,Three-step,0.75,0.4,3411,1.0,1.0,1.0
65,0.43450481159389276,1.2048751183731643,1.11130633748082,Three-step,0.75,0.4,3411,1.0,1.0,1.0
66,1.6014785665858358,1.3173235684909863,0.9589149750055682,Three-step,0.75,0.4,3411,1.0,1.0,1.0
67,1.2365464414627063,1.5976673701584296,1.279495140793838,Three-step,0.75,0.4,3411,1.0,1.0,1.0
68,0.9800518985090061,0.9569186606667711,0.9127976688201334,Three-step,0.75,0.4,3411,1.0,1.0,1.0
69,0.857378595628202,1.3227661932964556,1.0157804000987338,Three-step,0.75,0.4,3411,1.0,1.0,1.0
70,1.1954738451665146,0.989823171386608,0.7538959899349238,Three-step,0.75,0.4,3411,1.0,1.0,1.0
71,0.4472974106344579,1.4588500565828406,1.1459772105534776,Three-step,0.75,0.4,3411,1.0,1.0,1.0
72,1.417053564736736,1.5412862888297725,0.8423214510486695,Three-step,0.75,0.4,3411,1.0,1.0,1.0
73,0.43713807837329854,0.645802962388656,1.0322689288791846,Three-step,0.75,0.4,3411,1.0,1.0,1.0
74,0.9882550353059596,0.903306746169208,0.5764601327818065,Three-step,0.75,0.4,3411,1.0,1.0,1.0
75,0.8727893829278393,1.2192930799219754,1.0973000247637545,Three-step,0.75,0.4,3411,1.0,1.0,1.0
76,1.4097747372828089,1.036000182700917,1.0361785889708048,Three-step,0.75,0.4,3411,1.0,1.0,1.0
77,0.27310000851315785,1.4189968809216755,1.2061259043158747,Three-step,0.75,0.4,3411,1.0,1.0,1.0
78,-0.02367916176115153,0.5786568478019443,0.8826991785985668,Three-step,0.75,0.4,3411,1.0,1.0,1.0
79,2.124680820034524,1.2361753908724282,0.8687209710667629,Three-step,0.75,0.4,3411,1.0,1.0,1.0
80,1.4778127305928794,1.1128155082374476,0.9783417641588241,Three-step,0.75,0.4,3411,1.0,1.0,1.0
81,1.3011718455226642,1.0412201474831413,1.1805505153021114,Three-step,0.75,0.4,3411,1.0,1.0,1.0
82,1.0642842967558794,1.3852432994500883,0.7996327330463546,Three-step,0.75,0.4,3411,1.0,1.0,1.0
83,0.6346049213105664,1.0802629968157769,1.1355406723203945,Three-step,0.75,0.4,3411,1.0,1.0,1.0
84,1.199255151031343,1.218573718148935,0.9666685018065568,Three-step,0.75,0.4,3411,1.0,1.0,1.0
85,1.069817272764459,1.304138065838846,1.1220982784103088,Three-step,0.75,0.4,3411,1.0,1.0,1.0
86,2.172954233200792,1.7419353030837552,1.2221944770157116,Three-step,0.75,0.4,3411,1.0,1.0,1.0
87,0.7820337423319002,1.1928656295338833,0.9751865726171011,Three-step,0.75,0.4,3411,1.0,1.0,1.0
88,-0.09897774429515739,1.1743288259129336,0.9665205549381282,Three-step,0.75,0.4,3411,1.0,1.0,1.0
89,0.6868923416735512,1.147339724612273,1.1694077116470603,Three-step,0.75,0.4,3411,1.0,1.0,1.0
90,0.5434769956974195,0.5764854277224025,1.0193266994975516,Three-step,0.75,0.4,3411,1.0,1.0,1.0
91,0.553355133650498,0.5304494306951901,1.068223137857432,Three-step,0.75,0.4,3411,1.0,1.0,1.0
92,1.2638572900376226,1.156271688301939,1.195658399103945,Three-step,0.75,0.4,3411,1.0,1.0,1.0
93,0.8280859459654532,0.7853507990805932,0.7614702362770693,Three-step,0.75,0.4,3411,1.0,1.0,1.0
94,0.8179118243617064,1.7115842206331096,0.9279310768009291,Three-step,0.75,0.4,3411,1.0,1.0,1.0
95,2.2057660187202868,1.509641781729086,0.8766257645464135,Three-step,0.75,0.4,3411,1.0,1.0,1.0
96,1.2455003731146024,1.550688551370416,1.27312867407328,Three-step,0.75,0.4,3411,1.0,1.0,1.0
97,1.604348773434772,2.0780998889490307,1.3761110533371876,Three-step,0.75,0.4,3411,1.0,1.0,1.0
98,0.4643080664911601,0.9254199128796385,1.0790058036170684,Three-step,0.75,0.4,3411,1.0,1.0,1.0
99,1.165377321714809,1.4790052560365643,0.9577729032426348,Three-step,0.75,0.4,3411,1.0,1.0,1.0
100,1.5827959244568803,1.1946982981596015,0.9774081357493986,Three-step,0.75,0.4,3411,1.0,1.0,1.0
1,1.9454581908128035,1.4505032127777053,1.4814430030623509,Robins' estimator,0.75,0.4,3411,1.0,1.0,1.0
2,0.9139557437449907,1.078483281432905,0.9522590972782973,Robins' estimator,0.75,0.4,3411,1.0,1.0,1.0
3,0.8157846033620062,0.9444619781406275,0.9438160458329486,Robins' estimator,0.75,0.4,3411,1.0,1.0,1.0
4,1.659605455011331,1.3373663149247925,1.0574665319969039,Robins' estimator,0.75,0.4,3411,1.0,1.0,1.0
5,1.935250271484181,0.8898850555985393,0.9908241951658981,Robins' estimator,0.75,0.4,3411,1.0,1.0,1.0
6,2.244008699854831,1.458069051262237,1.1860672312357665,Robins' estimator,0.75,0.4,3411,1.0,1.0,1.0
7,1.0711065206491113,1.1430569140069675,0.9229667226706588,Robins' estimator,0.75,0.4,3411,1.0,1.0,1.0
8,1.065891869523615,1.4653677455716976,1.3932821760895415,Robins' estimator,0.75,0.4,3411,1.0,1.0,1.0
9,0.8043887597661704,0.6873430887581894,0.5965148958867655,Robins' estimator,0.75,0.4,3411,1.0,1.0,1.0
10,0.42460947302087365,0.38318292715683566,0.6989166629938013,Robins' estimator,0.75,0.4,3411,1.0,1.0,1.0
11,0.8015938253655842,0.9433383856324457,0.7576315157789423,Robins' estimator,0.75,0.4,3411,1.0,1.0,1.0
12,1.0675571175728495,0.8815010093337151,0.6869661580030826,Robins' estimator,0.75,0.4,3411,1.0,1.0,1.0
13,0.8782680658476053,0.9470370444131039,1.157207671651014,Robins' estimator,0.75,0.4,3411,1.0,1.0,1.0
14,1.7612633635378412,1.2148677862836268,1.3710661090142475,Robins' estimator,0.75,0.4,3411,1.0,1.0,1.0
15,1.2148860765107203,0.948505812887336,1.287366359449104,Robins' estimator,0.75,0.4,3411,1.0,1.0,1.0
16,2.0421282833645344,1.1512702406224746,1.3943676884846856,Robins' estimator,0.75,0.4,3411,1.0,1.0,1.0
17,2.0060727850350872,1.4002338010598308,0.9608223419522901,Robins' estimator,0.75,0.4,3411,1.0,1.0,1.0
18,1.0247497943334374,1.3340636147293758,1.056004957999865,Robins' estimator,0.75,0.4,3411,1.0,1.0,1.0
19,0.7077468632914549,1.1698717826907812,0.9830390306600996,Robins' estimator,0.75,0.4,3411,1.0,1.0,1.0
20,1.5662902072680498,1.2588567567750453,1.2371708034593487,Robins' estimator,0.75,0.4,3411,1.0,1.0,1.0
21,1.9261112638864557,1.4502302652451888,1.0330523591899237,Robins' estimator,0.75,0.4,3411,1.0,1.0,1.0
22,0.8276246429312563,0.8775048093851191,0.6878108553550223,Robins' estimator,0.75,0.4,3411,1.0,1.0,1.0
23,0.7859519351390103,0.45491377895591784,0.8970766143294678,Robins' estimator,0.75,0.4,3411,1.0,1.0,1.0
24,1.6424201940217635,1.8312853218549707,1.213376563813006,Robins' estimator,0.75,0.4,3411,1.0,1.0,1.0
25,0.8074929749799157,1.399934424850882,1.0879285333469026,Robins' estimator,0.75,0.4,3411,1.0,1.0,1.0
26,3.1969460270733356,1.5828991501443677,0.9709576395220458,Robins' estimator,0.75,0.4,3411,1.0,1.0,1.0
27,1.6505385265604278,1.1196939062540896,1.1831281414782902,Robins' estimator,0.75,0.4,3411,1.0,1.0,1.0
28,1.7469811675587135,1.1672773627972404,0.9349061269262471,Robins' estimator,0.75,0.4,3411,1.0,1.0,1.0
29,1.78164386517769,1.7229376529987337,1.1833536829272708,Robins' estimator,0.75,0.4,3411,1.0,1.0,1.0
30,1.1492912371300756,1.2107856537222572,1.5674649270823378,Robins' estimator,0.75,0.4,3411,1.0,1.0,1.0
31,1.549213793848379,1.08659666256362,1.0435465135458957,Robins' estimator,0.75,0.4,3411,1.0,1.0,1.0
32,1.833582070593853,1.1348381764261934,0.8061572794293097,Robins' estimator,0.75,0.4,3411,1.0,1.0,1.0
33,1.3866614494040106,1.2814168018693657,1.1399832354461863,Robins' estimator,0.75,0.4,3411,1.0,1.0,1.0
34,1.9228172683373377,1.3568552202942574,1.0336371186450182,Robins' estimator,0.75,0.4,3411,1.0,1.0,1.0
35,2.0416069060113085,1.5596058541996514,1.3472717729422778,Robins' estimator,0.75,0.4,3411,1.0,1.0,1.0
36,0.28828765156819625,0.992786342042859,1.1527856779758274,Robins' estimator,0.75,0.4,3411,1.0,1.0,1.0
37,2.435263665809393,1.4893774273412022,0.9891621662992686,Robins' estimator,0.75,0.4,3411,1.0,1.0,1.0
38,1.789894970169783,1.163206537177012,1.1381370286157317,Robins' estimator,0.75,0.4,3411,1.0,1.0,1.0
39,1.5128093646370078,1.3016731675799396,1.0420518390869389,Robins' estimator,0.75,0.4,3411,1.0,1.0,1.0
40,1.770500703279564,0.9890408883132329,0.8319745210268267,Robins' estimator,0.75,0.4,3411,1.0,1.0,1.0
41,1.8644099639521663,1.3974146663447213,0.902023221952783,Robins' estimator,0.75,0.4,3411,1.0,1.0,1.0
42,0.5615678430071266,0.7990658645901102,0.7009570881281801,Robins' estimator,0.75,0.4,3411,1.0,1.0,1.0
43,1.4230549632403902,0.8417246981551698,0.8609831655806215,Robins' estimator,0.75,0.4,3411,1.0,1.0,1.0
44,1.3643597064825579,0.9241173320217313,1.0558659742536527,Robins' estimator,0.75,0.4,3411,1.0,1.0,1.0
45,0.27877163801304017,0.8448536811521891,0.8263684955152919,Robins' estimator,0.75,0.4,3411,1.0,1.0,1.0
46,1.6903573985551854,1.1739730466868483,0.9352303887870121,Robins' estimator,0.75,0.4,3411,1.0,1.0,1.0
47,1.8388898945489207,1.474742781295592,1.1757307273355329,Robins' estimator,0.75,0.4,3411,1.0,1.0,1.0
48,0.4653635443611011,0.7198207772644432,0.9507261920509088,Robins' estimator,0.75,0.4,3411,1.0,1.0,1.0
49,0.3673993936612779,0.8338513317882762,0.4792203107632155,Robins' estimator,0.75,0.4,3411,1.0,1.0,1.0
50,0.8707615818186047,1.1860799481460567,1.397630721550938,Robins' estimator,0.75,0.4,3411,1.0,1.0,1.0
51,0.7591064471307863,0.950658802269934,1.1396097158445608,Robins' estimator,0.75,0.4,3411,1.0,1.0,1.0
52,0.3336234377954544,0.9066865644839639,0.7087465936199221,Robins' estimator,0.75,0.4,3411,1.0,1.0,1.0
53,0.8975475932468414,0.71917321011413,0.7514563953717018,Robins' estimator,0.75,0.4,3411,1.0,1.0,1.0
54,0.2384406207003997,0.4867805438686688,0.7433285944451699,Robins' estimator,0.75,0.4,3411,1.0,1.0,1.0
55,1.0462057504612827,0.7745390590536253,0.7314642550368227,Robins' estimator,0.75,0.4,3411,1.0,1.0,1.0
56,0.6610983257806942,0.4329175774572734,0.6508072884706445,Robins' estimator,0.75,0.4,3411,1.0,1.0,1.0
57,0.9475281777052805,0.731578046272009,0.6738027863916416,Robins' estimator,0.75,0.4,3411,1.0,1.0,1.0
58,0.8646743984122398,1.1803772241697028,0.8293122495586884,Robins' estimator,0.75,0.4,3411,1.0,1.0,1.0
59,1.1973324785229276,0.8510784517681669,1.0873167777526471,Robins' estimator,0.75,0.4,3411,1.0,1.0,1.0
60,1.7936410842209938,1.2761396893849395,1.3564361097222735,Robins' estimator,0.75,0.4,3411,1.0,1.0,1.0
61,1.0495449363454876,1.3499470398200206,1.2714671887357107,Robins' estimator,0.75,0.4,3411,1.0,1.0,1.0
62,1.4093433062575833,0.6425025940769366,0.7688003068178351,Robins' estimator,0.75,0.4,3411,1.0,1.0,1.0
63,1.639990692693774,1.214088997641571,1.1026725052851312,Robins' estimator,0.75,0.4,3411,1.0,1.0,1.0
64,1.0519794716096094,0.7893972090575436,1.2316955249322563,Robins' estimator,0.75,0.4,3411,1.0,1.0,1.0
65,0.3976554928666927,0.988824276937419,1.1113063374805106,Robins' estimator,0.75,0.4,3411,1.0,1.0,1.0
66,0.8949413498299749,1.1287630724744413,0.9589149749982301,Robins' estimator,0.75,0.4,3411,1.0,1.0,1.0
67,1.5069851388232225,1.5028509570782635,1.279495140788065,Robins' estimator,0.75,0.4,3411,1.0,1.0,1.0
68,0.9539117781454495,0.9203346988805605,0.9127976688187514,Robins' estimator,0.75,0.4,3411,1.0,1.0,1.0
69,0.9046280010151454,1.2140271008135903,1.0157804000996755,Robins' estimator,0.75,0.4,3411,1.0,1.0,1.0
70,0.884337512759449,0.9726740866425713,0.7538959898921657,Robins' estimator,0.75,0.4,3411,1.0,1.0,1.0
71,1.3001759566544755,1.3883231516157897,1.1459772105533244,Robins' estimator,0.75,0.4,3411,1.0,1.0,1.0
72,1.384711972093878,1.4054464171485317,0.8423214510487322,Robins' estimator,0.75,0.4,3411,1.0,1.0,1.0
73,0.466483173464877,0.5761236640095887,1.03226892887984,Robins' estimator,0.75,0.4,3411,1.0,1.0,1.0
74,2.023987883665531,0.9994099508084788,0.5764601328089836,Robins' estimator,0.75,0.4,3411,1.0,1.0,1.0
75,0.9493136382898344,1.3648008470092223,1.0973000247689895,Robins' estimator,0.75,0.4,3411,1.0,1.0,1.0
76,1.3561771476596893,1.0864297204195965,1.0361785889726338,Robins' estimator,0.75,0.4,3411,1.0,1.0,1.0
77,0.6438809525654615,1.3331535493029212,1.2061259043200767,Robins' estimator,0.75,0.4,3411,1.0,1.0,1.0
78,0.4490801353455773,0.48884737332012784,0.8826991785986192,Robins' estimator,0.75,0.4,3411,1.0,1.0,1.0
79,2.01734354251951,1.33571455853109,0.8687209710668757,Robins' estimator,0.75,0.4,3411,1.0,1.0,1.0
80,0.9374648686095783,1.3064018238995994,0.9783417641599448,Robins' estimator,0.75,0.4,3411,1.0,1.0,1.0
81,1.344463968593793,0.9202230301478147,1.1805505153193727,Robins' estimator,0.75,0.4,3411,1.0,1.0,1.0
82,0.9714725736000535,1.3102360389507257,0.7996327330460172,Robins' estimator,0.75,0.4,3411,1.0,1.0,1.0
83,1.1089966141290457,1.1233023182224873,1.1355406722907544,Robins' estimator,0.75,0.4,3411,1.0,1.0,1.0
84,1.6902521154631578,1.1496921924831829,0.9666685018077378,Robins' estimator,0.75,0.4,3411,1.0,1.0,1.0
85,1.7738587880871426,1.3140894676581645,1.122098278408817,Robins' estimator,0.75,0.4,3411,1.0,1.0,1.0
86,2.110797944227236,1.5123848743856767,1.2221944772482773,Robins' estimator,0.75,0.4,3411,1.0,1.0,1.0
87,0.9388258257919423,1.0453433791211222,0.975186572616118,Robins' estimator,0.75,0.4,3411,1.0,1.0,1.0
88,0.5807055706576467,1.3958359002647163,0.9665205549610615,Robins' estimator,0.75,0.4,3411,1.0,1.0,1.0
89,0.7502972835710968,1.1565675682982226,1.1694077116475305,Robins' estimator,0.75,0.4,3411,1.0,1.0,1.0
90,0.8857028859134635,0.6653107165281756,1.019326699503918,Robins' estimator,0.75,0.4,3411,1.0,1.0,1.0
91,0.7000524072653316,0.4685548614598288,1.0682231378568054,Robins' estimator,0.75,0.4,3411,1.0,1.0,1.0
92,1.2676874288544298,1.2605965589624446,1.1956583990830996,Robins' estimator,0.75,0.4,3411,1.0,1.0,1.0
93,0.7424165698292501,0.8004790206552096,0.7614702362760933,Robins' estimator,0.75,0.4,3411,1.0,1.0,1.0
94,1.7364153323581857,1.559218584432374,0.9279310767929184,Robins' estimator,0.75,0.4,3411,1.0,1.0,1.0
95,1.7018388837492542,1.4229660608502435,0.876625764582893,Robins' estimator,0.75,0.4,3411,1.0,1.0,1.0
96,1.550837824759476,1.369073714428637,1.2731286740709464,Robins' estimator,0.75,0.4,3411,1.0,1.0,1.0
97,1.8265414709668282,1.674188170082889,1.3761110534798489,Robins' estimator,0.75,0.4,3411,1.0,1.0,1.0
98,0.5195958644672272,0.8102877466993045,1.0790058036094987,Robins' estimator,0.75,0.4,3411,1.0,1.0,1.0
99,1.2284204491006963,1.5485062320543355,0.9577729032429314,Robins' estimator,0.75,0.4,3411,1.0,1.0,1.0
100,0.6467053195245523,0.9909647730461991,0.9774081357613924,Robins' estimator,0.75,0.4,3411,1.0,1.0,1.0
1,1.7282564490653944,1.3926621037961007,1.450516633056406,GMM estimator,0.75,0.4,3411,1.0,1.0,1.0
2,0.8767074489950323,1.0789812262759746,0.9532069566807957,GMM estimator,0.75,0.4,3411,1.0,1.0,1.0
3,0.7520712363532502,0.8925259482305246,0.9204938141263808,GMM estimator,0.75,0.4,3411,1.0,1.0,1.0
4,1.621721724221132,1.3209595136637071,1.0559706876335158,GMM estimator,0.75,0.4,3411,1.0,1.0,1.0
5,1.8080403248748858,0.8508579661045481,0.9777509663091923,GMM estimator,0.75,0.4,3411,1.0,1.0,1.0
6,2.2086705725741504,1.4580664892152069,1.2123599839972283,GMM estimator,0.75,0.4,3411,1.0,1.0,1.0
7,1.0143892119887665,1.1116865304096977,0.9117823714537404,GMM estimator,0.75,0.4,3411,1.0,1.0,1.0
8,1.108228825683402,1.4912633386383636,1.4034795479421769,GMM estimator,0.75,0.4,3411,1.0,1.0,1.0
9,0.7201698545183655,0.6537115129662316,0.5717211011898637,GMM estimator,0.75,0.4,3411,1.0,1.0,1.0
10,0.00987960202126198,0.32734071042511637,0.6748723934150702,GMM estimator,0.75,0.4,3411,1.0,1.0,1.0
11,0.5148333513578083,0.870038928382632,0.7023913272834084,GMM estimator,0.75,0.4,3411,1.0,1.0,1.0
12,0.8447175023729014,0.775681372782907,0.6318378696767032,GMM estimator,0.75,0.4,3411,1.0,1.0,1.0
13,1.096573722803066,0.9519358791975145,1.1332842225791129,GMM estimator,0.75,0.4,3411,1.0,1.0,1.0
14,0.9740260743054079,1.0027827368259001,1.2498906450352911,GMM estimator,0.75,0.4,3411,1.0,1.0,1.0
15,0.9510254168613945,0.8370501190742771,1.2658789294346682,GMM estimator,0.75,0.4,3411,1.0,1.0,1.0
16,2.061257977223071,1.1557184858764777,1.3990423619420915,GMM estimator,0.75,0.4,3411,1.0,1.0,1.0
17,1.9546426522426612,1.4030170845794678,0.9598981917824655,GMM estimator,0.75,0.4,3411,1.0,1.0,1.0
18,0.9295722306906169,1.3154945670104499,1.0424671974277626,GMM estimator,0.75,0.4,3411,1.0,1.0,1.0
19,0.7050340227184382,1.1519718863397084,0.9940406819496649,GMM estimator,0.75,0.4,3411,1.0,1.0,1.0
20,1.4257574107301103,1.2021689019108495,1.1820273938666461,GMM estimator,0.75,0.4,3411,1.0,1.0,1.0
21,1.9369380837854926,1.4607587240462707,1.0396193832074774,GMM estimator,0.75,0.4,3411,1.0,1.0,1.0
22,0.8360803710057132,0.8832337899931302,0.6931713869528773,GMM estimator,0.75,0.4,3411,1.0,1.0,1.0
23,0.7412208905649813,0.4603891849046653,0.9019872350969491,GMM estimator,0.75,0.4,3411,1.0,1.0,1.0
24,1.5800801361267875,1.7909865053123926,1.2008720672035955,GMM estimator,0.75,0.4,3411,1.0,1.0,1.0
25,0.7337920287135158,1.4044494838161286,1.0771713280039945,GMM estimator,0.75,0.4,3411,1.0,1.0,1.0
26,3.2516674279355797,1.603493203311311,0.9710095241058352,GMM estimator,0.75,0.4,3411,1.0,1.0,1.0
27,1.358492438703831,1.0760409347844144,1.1719697658721477,GMM estimator,0.75,0.4,3411,1.0,1.0,1.0
28,1.599304198245331,1.1440568113870468,0.9216980205204124,GMM estimator,0.75,0.4,3411,1.0,1.0,1.0
29,1.6928819060102205,1.6862482555755878,1.1756353706514266,GMM estimator,0.75,0.4,3411,1.0,1.0,1.0
30,0.9762313603384388,1.0755682901944876,1.4973999880541862,GMM estimator,0.75,0.4,3411,1.0,1.0,1.0
31,1.1524579248225564,0.9223973723502188,0.9645221539447677,GMM estimator,0.75,0.4,3411,1.0,1.0,1.0
32,1.8402835426935455,1.1530551012837686,0.8109150503573682,GMM estimator,0.75,0.4,3411,1.0,1.0,1.0
33,1.078062546360652,1.1852464880396245,1.1015096885290028,GMM estimator,0.75,0.4,3411,1.0,1.0,1.0
34,1.7482692472583534,1.309594821372798,0.9931942354108962,GMM estimator,0.75,0.4,3411,1.0,1.0,1.0
35,2.0303152177299957,1.573982039769657,1.353532474926515,GMM estimator,0.75,0.4,3411,1.0,1.0,1.0
36,0.267544080901452,0.9513716609333922,1.0939630316748634,GMM estimator,0.75,0.4,3411,1.0,1.0,1.0
37,2.5007574621103816,1.4592784365925342,0.9830158944249077,GMM estimator,0.75,0.4,3411,1.0,1.0,1.0
38,0.74999386266689,0.9651256416798789,1.1099416772429807,GMM estimator,0.75,0.4,3411,1.0,1.0,1.0
39,1.5528420998927643,1.2420686454880854,1.081635224060058,GMM estimator,0.75,0.4,3411,1.0,1.0,1.0
40,1.4428650741649243,0.8999882194239822,0.7897977716659005,GMM estimator,0.75,0.4,3411,1.0,1.0,1.0
41,1.854887590489545,1.3869240779367156,0.8496248701355389,GMM estimator,0.75,0.4,3411,1.0,1.0,1.0
42,0.5406577107603461,0.7814314967614513,0.6911655437960054,GMM estimator,0.75,0.4,3411,1.0,1.0,1.0
43,1.3879154981502926,0.7886227810885226,0.8295130920983329,GMM estimator,0.75,0.4,3411,1.0,1.0,1.0
44,1.0592490862480397,0.7695952487153231,0.9779903855269327,GMM estimator,0.75,0.4,3411,1.0,1.0,1.0
45,0.23808937684446801,0.8439378823402238,0.8416500784050103,GMM estimator,0.75,0.4,3411,1.0,1.0,1.0
46,1.439686445360972,1.0332533263516135,0.8682276377185593,GMM estimator,0.75,0.4,3411,1.0,1.0,1.0
47,1.70291601504763,1.428407546830213,1.1541762810194511,GMM estimator,0.75,0.4,3411,1.0,1.0,1.0
48,0.3936530596953239,0.7085770742071067,0.9678601554399882,GMM estimator,0.75,0.4,3411,1.0,1.0,1.0
49,0.366021593021855,0.8334272401508338,0.48948105188019997,GMM estimator,0.75,0.4,3411,1.0,1.0,1.0
50,0.56389993471641,1.067511194498966,1.3686057047402176,GMM estimator,0.75,0.4,3411,1.0,1.0,1.0
51,0.531270531408219,0.8893115448608792,1.1599481936878875,GMM estimator,0.75,0.4,3411,1.0,1.0,1.0
52,0.25471447947961046,0.8269687244391403,0.6364455447270772,GMM estimator,0.75,0.4,3411,1.0,1.0,1.0
53,0.8557727134205455,0.7053158815596785,0.7389830683871246,GMM estimator,0.75,0.4,3411,1.0,1.0,1.0
54,0.1534036810573503,0.42468397090619653,0.7267571066704022,GMM estimator,0.75,0.4,3411,1.0,1.0,1.0
55,0.7061617809166123,0.6884214527725775,0.6705976001456966,GMM estimator,0.75,0.4,3411,1.0,1.0,1.0
56,0.6600043692215213,0.4301556565131275,0.6549130577119884,GMM estimator,0.75,0.4,3411,1.0,1.0,1.0
57,0.8151631126978409,0.6524717122417378,0.6644917386505252,GMM estimator,0.75,0.4,3411,1.0,1.0,1.0
58,0.6238296384691742,1.0363389393833073,0.7826939094859356,GMM estimator,0.75,0.4,3411,1.0,1.0,1.0
59,1.0839980936328617,0.7882110454489607,1.0668166043923348,GMM estimator,0.75,0.4,3411,1.0,1.0,1.0
60,1.8789717779667758,1.3026099581531372,1.3630292574831309,GMM estimator,0.75,0.4,3411,1.0,1.0,1.0
61,0.9148727961980545,1.2798959718785015,1.247827921673446,GMM estimator,0.75,0.4,3411,1.0,1.0,1.0
62,1.2184588724483794,0.5646914429559504,0.7493318299778934,GMM estimator,0.75,0.4,3411,1.0,1.0,1.0
63,1.6713360808116529,1.204819474741059,1.1150005638160048,GMM estimator,0.75,0.4,3411,1.0,1.0,1.0
64,1.0124826666500784,0.7834265017434956,1.2316087718019566,GMM estimator,0.75,0.4,3411,1.0,1.0,1.0
65,0.22249088138495,0.8739139642672364,1.0785869910815227,GMM estimator,0.75,0.4,3411,1.0,1.0,1.0
66,0.6992221291181968,1.001218673774936,0.8967987014580587,GMM estimator,0.75,0.4,3411,1.0,1.0,1.0
67,1.367426266508744,1.462857016685081,1.252163098165279,GMM estimator,0.75,0.4,3411,1.0,1.0,1.0
68,0.9370426211745836,0.9140499002228497,0.9054204269557626,GMM estimator,0.75,0.4,3411,1.0,1.0,1.0
69,0.9402326810226436,1.2043760438448596,1.005317964564311,GMM estimator,0.75,0.4,3411,1.0,1.0,1.0
70,0.8023733327572298,0.9440533279624272,0.7361475621174268,GMM estimator,0.75,0.4,3411,1.0,1.0,1.0
71,0.41626914917744884,0.9780047395359117,1.001864807394076,GMM estimator,0.75,0.4,3411,1.0,1.0,1.0
72,1.3805053197239752,1.3765219656265208,0.831307527270104,GMM estimator,0.75,0.4,3411,1.0,1.0,1.0
73,0.4076525605596827,0.5679490668839855,1.0299068899958388,GMM estimator,0.75,0.4,3411,1.0,1.0,1.0
74,1.176812567244623,0.9664601060919142,0.5712275923158479,GMM estimator,0.75,0.4,3411,1.0,1.0,1.0
75,0.9493377586286369,1.3610964655812319,1.1413105249651054,GMM estimator,0.75,0.4,3411,1.0,1.0,1.0
76,1.3680553914295575,1.1052853859602998,1.048199894303417,GMM estimator,0.75,0.4,3411,1.0,1.0,1.0
77,0.5459097221115381,1.2639616175545887,1.2096214693646608,GMM estimator,0.75,0.4,3411,1.0,1.0,1.0
78,0.3679375300005817,0.4390092633625302,0.8727947012394526,GMM estimator,0.75,0.4,3411,1.0,1.0,1.0
79,1.952454873548432,1.3184901206682262,0.8559364858930245,GMM estimator,0.75,0.4,3411,1.0,1.0,1.0
80,0.7101352871861084,1.3045135185030992,0.9736284634691531,GMM estimator,0.75,0.4,3411,1.0,1.0,1.0
81,1.3547408380371313,0.8563596262695227,1.1319335633526248,GMM estimator,0.75,0.4,3411,1.0,1.0,1.0
82,0.9600579811294025,1.3017106310804443,0.7930831140550368,GMM estimator,0.75,0.4,3411,1.0,1.0,1.0
83,1.0645304422262423,1.1108834683398943,1.1147923022629909,GMM estimator,0.75,0.4,3411,1.0,1.0,1.0
84,1.3934689499053718,1.0469349013851383,0.9029132224555703,GMM estimator,0.75,0.4,3411,1.0,1.0,1.0
85,1.328378121347436,1.2214162962452946,1.0774835212249536,GMM estimator,0.75,0.4,3411,1.0,1.0,1.0
86,1.9085874285019975,1.4495329034500724,1.1765583659800019,GMM estimator,0.75,0.4,3411,1.0,1.0,1.0
87,0.8843977051707155,1.0637918343149861,0.9872788744571204,GMM estimator,0.75,0.4,3411,1.0,1.0,1.0
88,0.11817101143466892,1.226236751782708,0.9093763187982167,GMM estimator,0.75,0.4,3411,1.0,1.0,1.0
89,0.7601236533693713,1.1624239200567033,1.1725558040712016,GMM estimator,0.75,0.4,3411,1.0,1.0,1.0
90,0.9150238140535644,0.699715798415409,1.0438978642836965,GMM estimator,0.75,0.4,3411,1.0,1.0,1.0
91,0.6955224776880248,0.47894061694833456,1.0664184167139068,GMM estimator,0.75,0.4,3411,1.0,1.0,1.0
92,1.2688280466074222,1.2780277006738672,1.1972007478783395,GMM estimator,0.75,0.4,3411,1.0,1.0,1.0
93,0.7635242180931935,0.8052642892557031,0.7683928424296445,GMM estimator,0.75,0.4,3411,1.0,1.0,1.0
94,0.9427758357910079,1.2907170877248486,0.8061435586681485,GMM estimator,0.75,0.4,3411,1.0,1.0,1.0
95,1.6458046453094026,1.4149862476214532,0.8827097012768749,GMM estimator,0.75,0.4,3411,1.0,1.0,1.0
96,1.3764895539719113,1.3341798820586892,1.251808717142839,GMM estimator,0.75,0.4,3411,1.0,1.0,1.0
97,1.8227539154335917,1.665516152557497,1.419942191984862,GMM estimator,0.75,0.4,3411,1.0,1.0,1.0
98,0.49072342377159706,0.7812156182773118,1.0591275926180452,GMM estimator,0.75,0.4,3411,1.0,1.0,1.0
99,1.2294600127544362,1.5502829161889198,0.959269525416311,GMM estimator,0.75,0.4,3411,1.0,1.0,1.0
100,0.462406325078932,0.8596279744009536,0.9056949521930394,GMM estimator,0.75,0.4,3411,1.0,1.0,1.0
1,1.2571045664908311,1.1274346042310222,1.377953931261866,Three-step,1.0,0.4,3411,1.0,1.0,1.0
2,0.7472576200547786,1.0593852177001526,0.9954772838823523,Three-step,1.0,0.4,3411,1.0,1.0,1.0
3,1.0319714361753773,0.9881927450624555,0.8813914699597433,Three-step,1.0,0.4,3411,1.0,1.0,1.0
4,2.185331738552928,1.1178877423285027,1.0112944655134535,Three-step,1.0,0.4,3411,1.0,1.0,1.0
5,2.49889820275653,1.118423088640558,0.9552010176041104,Three-step,1.0,0.4,3411,1.0,1.0,1.0
6,1.9105802786755848,1.288539567093472,1.2002609910574116,Three-step,1.0,0.4,3411,1.0,1.0,1.0
7,1.2022148774210695,1.1633813912490585,0.9981124125780547,Three-step,1.0,0.4,3411,1.0,1.0,1.0
8,0.8634365597110958,1.1850024330138424,1.0746602172984843,Three-step,1.0,0.4,3411,1.0,1.0,1.0
9,1.0002971788791528,0.5417595442463848,0.5294584360897567,Three-step,1.0,0.4,3411,1.0,1.0,1.0
10,-0.49782244884798404,0.326889491818365,0.8278740429872793,Three-step,1.0,0.4,3411,1.0,1.0,1.0
11,0.24324552610838024,0.8890426821545206,0.8414361966117826,Three-step,1.0,0.4,3411,1.0,1.0,1.0
12,1.291921789232718,0.8736848446267137,0.8631674498425075,Three-step,1.0,0.4,3411,1.0,1.0,1.0
13,1.3934733676813538,0.9993496281576894,1.2787084698330706,Three-step,1.0,0.4,3411,1.0,1.0,1.0
14,0.8788795338229592,0.9546891636821938,1.2431194627003557,Three-step,1.0,0.4,3411,1.0,1.0,1.0
15,2.3000644566976884,1.1885592300464074,1.3151777388060815,Three-step,1.0,0.4,3411,1.0,1.0,1.0
16,2.0451533194744655,1.24331119242256,1.386644263969334,Three-step,1.0,0.4,3411,1.0,1.0,1.0
17,3.7998015048971787,1.374047338899778,1.102572437545983,Three-step,1.0,0.4,3411,1.0,1.0,1.0
18,1.697986964371697,1.265403920265541,1.0892604530781749,Three-step,1.0,0.4,3411,1.0,1.0,1.0
19,0.4737659716713279,1.0818130973815954,1.02018454969355,Three-step,1.0,0.4,3411,1.0,1.0,1.0
20,1.67484372072652,1.4739871835776495,1.0952135588308387,Three-step,1.0,0.4,3411,1.0,1.0,1.0
21,2.140213148963907,1.460922513163257,1.2516698186306587,Three-step,1.0,0.4,3411,1.0,1.0,1.0
22,0.6020125485084191,0.8376773565911002,0.734490889139461,Three-step,1.0,0.4,3411,1.0,1.0,1.0
23,0.735028801146276,0.6576416106520971,0.8170213865155531,Three-step,1.0,0.4,3411,1.0,1.0,1.0
24,1.1375987625223933,1.4160179049003472,1.0725939354087206,Three-step,1.0,0.4,3411,1.0,1.0,1.0
25,0.9767040671043292,1.1225029854332116,0.9189922203258678,Three-step,1.0,0.4,3411,1.0,1.0,1.0
26,3.5984873692009365,1.4901506337139565,0.9300181729947933,Three-step,1.0,0.4,3411,1.0,1.0,1.0
27,1.2315637741279544,1.015685452321346,1.1736709570042658,Three-step,1.0,0.4,3411,1.0,1.0,1.0
28,2.1615165165094137,1.1612823130919807,1.0340962508053755,Three-step,1.0,0.4,3411,1.0,1.0,1.0
29,1.6791920256463368,1.6291853159439549,1.1507587570476832,Three-step,1.0,0.4,3411,1.0,1.0,1.0
30,0.9990650556930665,1.3062924338358883,1.344709093818927,Three-step,1.0,0.4,3411,1.0,1.0,1.0
31,0.7550639977081935,1.0608397780163226,0.9950364968307212,Three-step,1.0,0.4,3411,1.0,1.0,1.0
32,2.087026018616251,1.205351595192991,0.8761091192612366,Three-step,1.0,0.4,3411,1.0,1.0,1.0
33,0.6727174674117417,1.2245184691184696,0.9551122336402763,Three-step,1.0,0.4,3411,1.0,1.0,1.0
34,1.3886788455343808,1.3167980301483106,0.8948503212310037,Three-step,1.0,0.4,3411,1.0,1.0,1.0
35,2.344853236039011,1.5045858295674495,1.2330058541734845,Three-step,1.0,0.4,3411,1.0,1.0,1.0
36,0.3788283610498633,0.8156841047995278,1.0683408547923625,Three-step,1.0,0.4,3411,1.0,1.0,1.0
37,2.090545446325368,1.3693491023153752,1.0397987948379508,Three-step,1.0,0.4,3411,1.0,1.0,1.0
38,0.8071345483984372,1.0024564544042216,1.067364574811945,Three-step,1.0,0.4,3411,1.0,1.0,1.0
39,0.9579583863286047,0.999642439388154,1.0744445491221455,Three-step,1.0,0.4,3411,1.0,1.0,1.0
40,2.728468741645544,1.0359614437249476,0.7422967025280505,Three-step,1.0,0.4,3411,1.0,1.0,1.0
41,2.1412757963099263,1.644936330339859,1.1443071190377312,Three-step,1.0,0.4,3411,1.0,1.0,1.0
42,0.5849498888713824,0.7946645376942809,0.6507248169604708,Three-step,1.0,0.4,3411,1.0,1.0,1.0
43,1.0066140939753292,0.9037103377065645,0.7914975692176777,Three-step,1.0,0.4,3411,1.0,1.0,1.0
44,1.3681606200592247,0.8290236334748031,0.9841756544511951,Three-step,1.0,0.4,3411,1.0,1.0,1.0
45,0.36305011358787315,0.5686183866489302,0.7472328796796432,Three-step,1.0,0.4,3411,1.0,1.0,1.0
46,1.8456738083087592,1.0525364863918696,0.905882466282229,Three-step,1.0,0.4,3411,1.0,1.0,1.0
47,1.3995101833489128,1.3429392051410793,1.1276974247407276,Three-step,1.0,0.4,3411,1.0,1.0,1.0
48,0.09465675288716309,0.6135219744163831,0.8713211311104447,Three-step,1.0,0.4,3411,1.0,1.0,1.0
49,0.03589799229387704,0.6171382296836866,0.6841488058605147,Three-step,1.0,0.4,3411,1.0,1.0,1.0
50,0.30640664190620026,1.0605107641934084,1.2447883499988266,Three-step,1.0,0.4,3411,1.0,1.0,1.0
51,0.2927483151181047,0.6834024535863124,0.9305422645665111,Three-step,1.0,0.4,3411,1.0,1.0,1.0
52,0.059256842638981004,1.0346174076740895,0.974777152425476,Three-step,1.0,0.4,3411,1.0,1.0,1.0
53,1.2593413538277762,0.7448423415470806,0.9024365783195664,Three-step,1.0,0.4,3411,1.0,1.0,1.0
54,0.015156779904578192,0.5802974185509213,0.5857179839210216,Three-step,1.0,0.4,3411,1.0,1.0,1.0
55,0.3957253256103346,0.6250955084305462,0.9505615456674442,Three-step,1.0,0.4,3411,1.0,1.0,1.0
56,0.7198351664211554,0.6818934856405637,0.650532101564402,Three-step,1.0,0.4,3411,1.0,1.0,1.0
57,1.7517536716230162,0.927816697867809,0.8363828222142575,Three-step,1.0,0.4,3411,1.0,1.0,1.0
58,0.5769039675875881,0.8922229694083155,0.8899848625794181,Three-step,1.0,0.4,3411,1.0,1.0,1.0
59,0.8918846708105282,1.2405338659581524,0.9984807856546221,Three-step,1.0,0.4,3411,1.0,1.0,1.0
60,2.0096233279856834,1.371674542977967,1.2690024451968065,Three-step,1.0,0.4,3411,1.0,1.0,1.0
61,1.4017118808380717,1.3954817808026538,1.0969370214148686,Three-step,1.0,0.4,3411,1.0,1.0,1.0
62,1.2455947400058118,0.7751322097095911,0.7718745460683692,Three-step,1.0,0.4,3411,1.0,1.0,1.0
63,2.239098668873002,1.3012087031668016,1.0686950408175235,Three-step,1.0,0.4,3411,1.0,1.0,1.0
64,0.9724309881817519,0.8661936808534624,0.9069652745302265,Three-step,1.0,0.4,3411,1.0,1.0,1.0
65,0.4044125415284127,0.986510058789395,0.9830974148592216,Three-step,1.0,0.4,3411,1.0,1.0,1.0
66,1.5358136754681708,1.0995512868975668,1.0401918571948867,Three-step,1.0,0.4,3411,1.0,1.0,1.0
67,1.116046342091288,1.3763628250670248,1.4140585995325332,Three-step,1.0,0.4,3411,1.0,1.0,1.0
68,1.0018745918036258,0.7437342860204939,1.0978815657815115,Three-step,1.0,0.4,3411,1.0,1.0,1.0
69,0.8355465210070331,1.0288966110887905,0.9763442459388738,Three-step,1.0,0.4,3411,1.0,1.0,1.0
70,1.2512496838290155,0.7180896313408467,0.8035933746506029,Three-step,1.0,0.4,3411,1.0,1.0,1.0
71,0.42696311930773756,1.2572433939917471,1.0081478581050363,Three-step,1.0,0.4,3411,1.0,1.0,1.0
72,1.3944598278936895,1.279041791383878,1.0024293058704647,Three-step,1.0,0.4,3411,1.0,1.0,1.0
73,0.5379874312824431,0.6870964949378227,1.0652868319465625,Three-step,1.0,0.4,3411,1.0,1.0,1.0
74,0.949107642714631,0.794507649000852,0.7232101227360311,Three-step,1.0,0.4,3411,1.0,1.0,1.0
75,0.8495235886030637,1.2221904445045098,0.9813768985190899,Three-step,1.0,0.4,3411,1.0,1.0,1.0
76,1.3152481075156197,0.8157637563299569,1.090274865448789,Three-step,1.0,0.4,3411,1.0,1.0,1.0
77,0.3315323909293846,1.296510663035371,1.0194373472389722,Three-step,1.0,0.4,3411,1.0,1.0,1.0
78,-0.04444663132931277,0.6407115688103284,0.7255585561919251,Three-step,1.0,0.4,3411,1.0,1.0,1.0
79,2.1642347096118444,1.2288866556224791,0.9060314391804445,Three-step,1.0,0.4,3411,1.0,1.0,1.0
80,1.4260333730475345,1.136842497877855,0.9744255408903447,Three-step,1.0,0.4,3411,1.0,1.0,1.0
81,1.286240679291297,0.9632889121539561,1.0107509709390743,Three-step,1.0,0.4,3411,1.0,1.0,1.0
82,0.9819619812160294,0.9453719466109171,0.9235149942382093,Three-step,1.0,0.4,3411,1.0,1.0,1.0
83,0.7361425131848972,1.0413060515237256,1.1451963916655479,Three-step,1.0,0.4,3411,1.0,1.0,1.0
84,1.1472302556094658,0.9625620775077596,0.8516338853644216,Three-step,1.0,0.4,3411,1.0,1.0,1.0
85,0.9521672535632838,1.1274676533840027,1.2282309918929972,Three-step,1.0,0.4,3411,1.0,1.0,1.0
86,2.0840832695275204,1.632910925857652,1.2952029183651752,Three-step,1.0,0.4,3411,1.0,1.0,1.0
87,0.8300144731426529,0.79319150853785,1.019862093724879,Three-step,1.0,0.4,3411,1.0,1.0,1.0
88,-0.20325932760702536,0.8948982392973768,1.0032148338740927,Three-step,1.0,0.4,3411,1.0,1.0,1.0
89,0.6840698358297741,0.9712765116232968,1.009523910005155,Three-step,1.0,0.4,3411,1.0,1.0,1.0
90,0.5329794355479973,0.7857435814547975,1.0917931564977406,Three-step,1.0,0.4,3411,1.0,1.0,1.0
91,0.5991366234100399,0.858743352360532,0.995074598154697,Three-step,1.0,0.4,3411,1.0,1.0,1.0
92,1.1913725380020195,1.2645926028118457,1.2405401941123242,Three-step,1.0,0.4,3411,1.0,1.0,1.0
93,0.8915006405715119,0.8106339147438563,0.7613403446465447,Three-step,1.0,0.4,3411,1.0,1.0,1.0
94,0.8636500284725316,1.479925116934737,1.0376502396042762,Three-step,1.0,0.4,3411,1.0,1.0,1.0
95,2.30472237811199,1.3219185404207214,0.9356899976554588,Three-step,1.0,0.4,3411,1.0,1.0,1.0
96,1.2455469240884005,1.2593914773628239,1.3783285792203221,Three-step,1.0,0.4,3411,1.0,1.0,1.0
97,1.6384908747688707,1.4245776959834635,1.2191990782914386,Three-step,1.0,0.4,3411,1.0,1.0,1.0
98,0.4923535311948277,0.881032639237941,0.9408678073228282,Three-step,1.0,0.4,3411,1.0,1.0,1.0
99,1.1497189087308564,1.3730464421491004,0.9482777446168512,Three-step,1.0,0.4,3411,1.0,1.0,1.0
100,1.5797107850577596,1.1126969392933157,0.9458332710452924,Three-step,1.0,0.4,3411,1.0,1.0,1.0
1,1.5965434206524052,1.1346169182671355,1.3779539312618407,Robins' estimator,1.0,0.4,3411,1.0,1.0,1.0
2,0.7100781084262087,1.0619529137877142,0.9954772839048399,Robins' estimator,1.0,0.4,3411,1.0,1.0,1.0
3,0.5597733717542404,0.919212737379849,0.8813914699597188,Robins' estimator,1.0,0.4,3411,1.0,1.0,1.0
4,1.556922380693556,1.1241096084734579,1.0112944655135279,Robins' estimator,1.0,0.4,3411,1.0,1.0,1.0
5,2.0925960473887297,1.081331318737703,0.9552010176041543,Robins' estimator,1.0,0.4,3411,1.0,1.0,1.0
6,1.6834005825849,1.3586532278749794,1.2002609910587634,Robins' estimator,1.0,0.4,3411,1.0,1.0,1.0
7,1.0154568746488293,1.2279795648346634,0.9981124125780491,Robins' estimator,1.0,0.4,3411,1.0,1.0,1.0
8,0.9777336014495993,1.2645938754191517,1.0746602172996866,Robins' estimator,1.0,0.4,3411,1.0,1.0,1.0
9,0.776140711444703,0.6206497515506112,0.5294584360897802,Robins' estimator,1.0,0.4,3411,1.0,1.0,1.0
10,0.6296017101304557,0.39907623107016615,0.827874042987869,Robins' estimator,1.0,0.4,3411,1.0,1.0,1.0
11,0.681233594327527,0.9044104115349036,0.8414361966115986,Robins' estimator,1.0,0.4,3411,1.0,1.0,1.0
12,0.7779030521424349,0.8320300824755258,0.8631674498425596,Robins' estimator,1.0,0.4,3411,1.0,1.0,1.0
13,1.3651778384962547,1.0561668227548235,1.2787084698345916,Robins' estimator,1.0,0.4,3411,1.0,1.0,1.0
14,1.7904199272910024,1.0527444222546756,1.243119462700582,Robins' estimator,1.0,0.4,3411,1.0,1.0,1.0
15,1.1665424028232627,1.057159406948094,1.315177738805816,Robins' estimator,1.0,0.4,3411,1.0,1.0,1.0
16,1.8002792001842656,1.3468109312564878,1.3866442639693197,Robins' estimator,1.0,0.4,3411,1.0,1.0,1.0
17,1.3982160409717643,1.227492399019692,1.1025724375496446,Robins' estimator,1.0,0.4,3411,1.0,1.0,1.0
18,0.834275006137217,1.115118088396724,1.089260453075384,Robins' estimator,1.0,0.4,3411,1.0,1.0,1.0
19,0.7791575312847243,1.133270847588429,1.0201845496938087,Robins' estimator,1.0,0.4,3411,1.0,1.0,1.0
20,1.2307246392451885,1.3377907357276226,1.0952135588276297,Robins' estimator,1.0,0.4,3411,1.0,1.0,1.0
21,1.7029110946388082,1.3946273906102182,1.251669818605105,Robins' estimator,1.0,0.4,3411,1.0,1.0,1.0
22,0.7440642410221706,0.79718545347775,0.7344908891420076,Robins' estimator,1.0,0.4,3411,1.0,1.0,1.0
23,0.4791010602329092,0.6057970753288642,0.8170213865154989,Robins' estimator,1.0,0.4,3411,1.0,1.0,1.0
24,1.2715181178166017,1.5207619967818389,1.0725939354053373,Robins' estimator,1.0,0.4,3411,1.0,1.0,1.0
25,1.2552787209665404,1.1937303308990346,0.9189922203260955,Robins' estimator,1.0,0.4,3411,1.0,1.0,1.0
26,2.3427768480821554,1.4449034838508925,0.9300181729916971,Robins' estimator,1.0,0.4,3411,1.0,1.0,1.0
27,1.4612817191119651,1.0554246696653675,1.1736709570041854,Robins' estimator,1.0,0.4,3411,1.0,1.0,1.0
28,1.5877920013044708,1.144954838138311,1.0340962508052465,Robins' estimator,1.0,0.4,3411,1.0,1.0,1.0
29,1.3497094816681992,1.6502180426029234,1.15075875704589,Robins' estimator,1.0,0.4,3411,1.0,1.0,1.0
30,1.0300656225301188,1.180833983105366,1.344709093817698,Robins' estimator,1.0,0.4,3411,1.0,1.0,1.0
31,1.2162294590049878,1.144679543284256,0.9950364968308774,Robins' estimator,1.0,0.4,3411,1.0,1.0,1.0
32,1.4462941922876429,1.1063754016512555,0.8761091192592342,Robins' estimator,1.0,0.4,3411,1.0,1.0,1.0
33,1.0048247194411708,1.2957252287053258,0.9551122336392228,Robins' estimator,1.0,0.4,3411,1.0,1.0,1.0
34,1.2112303504202222,1.1651330587471502,0.8948503212309128,Robins' estimator,1.0,0.4,3411,1.0,1.0,1.0
35,1.6046363384430606,1.4482667290312778,1.2330058541869984,Robins' estimator,1.0,0.4,3411,1.0,1.0,1.0
36,0.36550049406017115,0.9124185931223371,1.068340854792726,Robins' estimator,1.0,0.4,3411,1.0,1.0,1.0
37,1.7221677957227386,1.3158929094004848,1.0397987948363039,Robins' estimator,1.0,0.4,3411,1.0,1.0,1.0
38,1.11026208870211,1.0160999290912793,1.067364574812251,Robins' estimator,1.0,0.4,3411,1.0,1.0,1.0
39,1.0594331037531926,1.1809247268325644,1.074444549121767,Robins' estimator,1.0,0.4,3411,1.0,1.0,1.0
40,1.2560837691493991,0.8797427582889302,0.7422967025280333,Robins' estimator,1.0,0.4,3411,1.0,1.0,1.0
41,1.8362105551048364,1.5107601098684669,1.1443071190238439,Robins' estimator,1.0,0.4,3411,1.0,1.0,1.0
42,0.923156343852763,0.8895676467150019,0.6507248169605634,Robins' estimator,1.0,0.4,3411,1.0,1.0,1.0
43,1.291922213114211,0.7866349940977411,0.7914975692177012,Robins' estimator,1.0,0.4,3411,1.0,1.0,1.0
44,1.230119014325527,0.8095599810445452,0.9841756544514113,Robins' estimator,1.0,0.4,3411,1.0,1.0,1.0
45,0.22633690249960803,0.6292278139429628,0.7472328796799312,Robins' estimator,1.0,0.4,3411,1.0,1.0,1.0
46,1.6601418771005247,0.958901181021195,0.9058824662818281,Robins' estimator,1.0,0.4,3411,1.0,1.0,1.0
47,2.2056914493640294,1.432300456042527,1.1276974247405558,Robins' estimator,1.0,0.4,3411,1.0,1.0,1.0
48,0.541059343437994,0.7129016040582052,0.8713211311127934,Robins' estimator,1.0,0.4,3411,1.0,1.0,1.0
49,0.412379906535286,0.6795396483481491,0.6841488058605539,Robins' estimator,1.0,0.4,3411,1.0,1.0,1.0
50,1.0859423797230838,0.946692250258534,1.2447883500117385,Robins' estimator,1.0,0.4,3411,1.0,1.0,1.0
51,0.7635088966803836,0.6798462904064381,0.9305422645665097,Robins' estimator,1.0,0.4,3411,1.0,1.0,1.0
52,0.47048181332563527,1.0597734772712457,0.9747771524248763,Robins' estimator,1.0,0.4,3411,1.0,1.0,1.0
53,1.2033574804514648,0.7692145843939493,0.9024365783203764,Robins' estimator,1.0,0.4,3411,1.0,1.0,1.0
54,0.14783081912315132,0.5347140450544128,0.5857179839210158,Robins' estimator,1.0,0.4,3411,1.0,1.0,1.0
55,1.3358218181935941,0.8305323189275953,0.9505615456674029,Robins' estimator,1.0,0.4,3411,1.0,1.0,1.0
56,0.8977447754162303,0.6375108231538177,0.6505321015649478,Robins' estimator,1.0,0.4,3411,1.0,1.0,1.0
57,0.8903951269647192,0.7248516029950988,0.836382822213012,Robins' estimator,1.0,0.4,3411,1.0,1.0,1.0
58,0.7260456637742906,0.940468203674281,0.8899848625792317,Robins' estimator,1.0,0.4,3411,1.0,1.0,1.0
59,1.30365542863049,1.2004032886701708,0.9984807856546629,Robins' estimator,1.0,0.4,3411,1.0,1.0,1.0
60,1.3317849027426563,1.2287662027251127,1.2690024451968125,Robins' estimator,1.0,0.4,3411,1.0,1.0,1.0
61,0.8019414108717279,1.2763883114400572,1.0969370214590597,Robins' estimator,1.0,0.4,3411,1.0,1.0,1.0
62,0.7707464970121309,0.6862572305686158,0.7718745460685368,Robins' estimator,1.0,0.4,3411,1.0,1.0,1.0
63,1.5320365009078567,1.2089312915699526,1.068695040813622,Robins' estimator,1.0,0.4,3411,1.0,1.0,1.0
64,1.0047641023783749,0.7283979478971307,0.9069652745301942,Robins' estimator,1.0,0.4,3411,1.0,1.0,1.0
65,0.4650222229392734,0.9032271463080308,0.983097414857075,Robins' estimator,1.0,0.4,3411,1.0,1.0,1.0
66,0.5988950776383908,0.8463254253831926,1.0401918571949507,Robins' estimator,1.0,0.4,3411,1.0,1.0,1.0
67,1.2454274341944385,1.4212406119592342,1.4140585995369368,Robins' estimator,1.0,0.4,3411,1.0,1.0,1.0
68,1.3413809501601988,0.8473775382263229,1.0978815657795125,Robins' estimator,1.0,0.4,3411,1.0,1.0,1.0
69,1.070155695135153,1.0808921943534613,0.9763442459387895,Robins' estimator,1.0,0.4,3411,1.0,1.0,1.0
70,1.0718003287907691,0.7325804972832747,0.8035933746509374,Robins' estimator,1.0,0.4,3411,1.0,1.0,1.0
71,0.930350574144116,1.2873075214197265,1.0081478581052545,Robins' estimator,1.0,0.4,3411,1.0,1.0,1.0
72,1.1283559396277592,1.2395559242452325,1.0024293058714477,Robins' estimator,1.0,0.4,3411,1.0,1.0,1.0
73,0.3257028741591806,0.6548580276372453,1.065286831947366,Robins' estimator,1.0,0.4,3411,1.0,1.0,1.0
74,1.5793399040106462,0.7601336912410924,0.7232101227357817,Robins' estimator,1.0,0.4,3411,1.0,1.0,1.0
75,0.6454560105450269,1.2345263724521758,0.981376898523261,Robins' estimator,1.0,0.4,3411,1.0,1.0,1.0
76,1.2936003322049552,0.85829361373916,1.0902748654487755,Robins' estimator,1.0,0.4,3411,1.0,1.0,1.0
77,1.0007207677099723,1.2351547205995463,1.0194373472392257,Robins' estimator,1.0,0.4,3411,1.0,1.0,1.0
78,0.7534940187008994,0.6587180350108006,0.725558556191924,Robins' estimator,1.0,0.4,3411,1.0,1.0,1.0
79,1.6154079847954737,1.219871921021776,0.9060314391823594,Robins' estimator,1.0,0.4,3411,1.0,1.0,1.0
80,1.1919953266887373,1.137731571898049,0.9744255408932542,Robins' estimator,1.0,0.4,3411,1.0,1.0,1.0
81,1.0192724881286057,0.8478122783005787,1.0107509709387092,Robins' estimator,1.0,0.4,3411,1.0,1.0,1.0
82,0.5266315574598844,0.9121114496034598,0.9235149942382255,Robins' estimator,1.0,0.4,3411,1.0,1.0,1.0
83,0.9374558301924714,1.0758031855632215,1.1451963916659702,Robins' estimator,1.0,0.4,3411,1.0,1.0,1.0
84,1.3180637955592494,0.9032741733758268,0.8516338853643791,Robins' estimator,1.0,0.4,3411,1.0,1.0,1.0
85,1.319488233309508,1.3075824832952145,1.2282309918918304,Robins' estimator,1.0,0.4,3411,1.0,1.0,1.0
86,1.6962794020024887,1.3991769888313685,1.2952029183652816,Robins' estimator,1.0,0.4,3411,1.0,1.0,1.0
87,0.6806720921317095,0.6654855746845857,1.0198620937251017,Robins' estimator,1.0,0.4,3411,1.0,1.0,1.0
88,0.70236269476233,1.0856874132413172,1.0032148338862674,Robins' estimator,1.0,0.4,3411,1.0,1.0,1.0
89,0.7212513994205363,0.9573605166642148,1.0095239100054485,Robins' estimator,1.0,0.4,3411,1.0,1.0,1.0
90,0.6423007384739534,0.7997667052359968,1.091793156492942,Robins' estimator,1.0,0.4,3411,1.0,1.0,1.0
91,0.9093953206506549,0.8201614599695806,0.9950745981551117,Robins' estimator,1.0,0.4,3411,1.0,1.0,1.0
92,1.153877193761753,1.2156934939711435,1.2405401941123742,Robins' estimator,1.0,0.4,3411,1.0,1.0,1.0
93,0.5050801438542125,0.6343406711891341,0.7613403446457919,Robins' estimator,1.0,0.4,3411,1.0,1.0,1.0
94,1.1844819447201327,1.4544052183451952,1.0376502395812024,Robins' estimator,1.0,0.4,3411,1.0,1.0,1.0
95,1.2608885725040557,1.1857767714303789,0.9356899976554285,Robins' estimator,1.0,0.4,3411,1.0,1.0,1.0
96,1.2832906288604817,1.2991335601621326,1.3783285792199018,Robins' estimator,1.0,0.4,3411,1.0,1.0,1.0
97,1.5442408341546583,1.3296167889323216,1.2191990782816424,Robins' estimator,1.0,0.4,3411,1.0,1.0,1.0
98,0.6608872775645849,0.978471209414293,0.9408678073225872,Robins' estimator,1.0,0.4,3411,1.0,1.0,1.0
99,1.0022273278309535,1.3166852162505303,0.9482777446168186,Robins' estimator,1.0,0.4,3411,1.0,1.0,1.0
100,0.7914565857961595,1.0831357911310282,0.9458332710449447,Robins' estimator,1.0,0.4,3411,1.0,1.0,1.0
1,1.6105390590754045,1.1346586025340528,1.3748287318851977,GMM estimator,1.0,0.4,3411,1.0,1.0,1.0
2,0.7170862497479078,1.0672623656795825,0.9990360829519376,GMM estimator,1.0,0.4,3411,1.0,1.0,1.0
3,0.4773948941180225,0.8633257631741647,0.8562103963106983,GMM estimator,1.0,0.4,3411,1.0,1.0,1.0
4,1.5224198892300034,1.1188314408198037,1.0101334161550326,GMM estimator,1.0,0.4,3411,1.0,1.0,1.0
5,2.0304706712787692,1.0545952897303166,0.9519000761297024,GMM estimator,1.0,0.4,3411,1.0,1.0,1.0
6,1.6880735365782593,1.393170571989957,1.2167503723874016,GMM estimator,1.0,0.4,3411,1.0,1.0,1.0
7,0.9523535234676354,1.2222819904992874,0.9933929547550067,GMM estimator,1.0,0.4,3411,1.0,1.0,1.0
8,1.0965568042394302,1.3339916327448473,1.096866127130221,GMM estimator,1.0,0.4,3411,1.0,1.0,1.0
9,0.7117645362361833,0.5922224635608855,0.5461634488451381,GMM estimator,1.0,0.4,3411,1.0,1.0,1.0
10,0.20762126877401604,0.32670018820401076,0.7904478231761777,GMM estimator,1.0,0.4,3411,1.0,1.0,1.0
11,0.6119171635699555,0.8913807226069237,0.824622631079056,GMM estimator,1.0,0.4,3411,1.0,1.0,1.0
12,0.6998118784749139,0.7879240203275417,0.8506716208140255,GMM estimator,1.0,0.4,3411,1.0,1.0,1.0
13,1.3864058274318862,1.0633855294563481,1.298091193383145,GMM estimator,1.0,0.4,3411,1.0,1.0,1.0
14,1.4390716512673736,0.9842505237360983,1.2050956053684148,GMM estimator,1.0,0.4,3411,1.0,1.0,1.0
15,0.9946590908568045,0.9406541341670973,1.2930952398843574,GMM estimator,1.0,0.4,3411,1.0,1.0,1.0
16,1.7682400963592633,1.3641551689754803,1.4154347017318334,GMM estimator,1.0,0.4,3411,1.0,1.0,1.0
17,1.3583871342521476,1.1414147754301605,1.0783433076525548,GMM estimator,1.0,0.4,3411,1.0,1.0,1.0
18,0.6770717526468277,0.9725326821747216,1.0403366372097083,GMM estimator,1.0,0.4,3411,1.0,1.0,1.0
19,0.7727468602922697,1.150677181543256,1.0434525737417752,GMM estimator,1.0,0.4,3411,1.0,1.0,1.0
20,1.1081614368412431,1.2403089636830973,1.04848851268761,GMM estimator,1.0,0.4,3411,1.0,1.0,1.0
21,1.6887143934035072,1.3898477971115362,1.2531455585755316,GMM estimator,1.0,0.4,3411,1.0,1.0,1.0
22,0.7670834560105302,0.7924568075391205,0.7334937277951674,GMM estimator,1.0,0.4,3411,1.0,1.0,1.0
23,0.43883975955777965,0.5757176060408632,0.8143706739404185,GMM estimator,1.0,0.4,3411,1.0,1.0,1.0
24,1.3127510322090672,1.5566958704112164,1.0912817520293472,GMM estimator,1.0,0.4,3411,1.0,1.0,1.0
25,1.273470658244394,1.204959957125237,0.9268861902906327,GMM estimator,1.0,0.4,3411,1.0,1.0,1.0
26,2.1669049592053313,1.4020089809938296,0.9103563400135064,GMM estimator,1.0,0.4,3411,1.0,1.0,1.0
27,1.4534808803843602,1.0732714262450718,1.1822163034743878,GMM estimator,1.0,0.4,3411,1.0,1.0,1.0
28,1.4288210434346715,1.1080152778282621,1.0239534360563527,GMM estimator,1.0,0.4,3411,1.0,1.0,1.0
29,1.318205358568028,1.6514366289174887,1.1450961873476966,GMM estimator,1.0,0.4,3411,1.0,1.0,1.0
30,0.9385659077631462,1.0802266255322968,1.282486038032029,GMM estimator,1.0,0.4,3411,1.0,1.0,1.0
31,1.242223614787736,1.1608409376685755,0.9922178076961574,GMM estimator,1.0,0.4,3411,1.0,1.0,1.0
32,1.2816837560880985,1.001762193275888,0.8215856097889938,GMM estimator,1.0,0.4,3411,1.0,1.0,1.0
33,0.907266941975595,1.2400808306589963,0.9208991237859057,GMM estimator,1.0,0.4,3411,1.0,1.0,1.0
34,1.2763562026649773,1.0965258488735543,0.8944431902199403,GMM estimator,1.0,0.4,3411,1.0,1.0,1.0
35,1.5308952540005671,1.4116799795839479,1.2248338004865693,GMM estimator,1.0,0.4,3411,1.0,1.0,1.0
36,0.39723637973010884,0.9449519596952358,1.086818852062409,GMM estimator,1.0,0.4,3411,1.0,1.0,1.0
37,1.692638837007473,1.3044654004706076,1.0345010295713668,GMM estimator,1.0,0.4,3411,1.0,1.0,1.0
38,1.082039754718794,1.0039829900907442,1.0672142090235708,GMM estimator,1.0,0.4,3411,1.0,1.0,1.0
39,1.0648061266258573,1.2450123979913061,1.109782270811422,GMM estimator,1.0,0.4,3411,1.0,1.0,1.0
40,1.098579547644735,0.8061710285600798,0.7292275424867964,GMM estimator,1.0,0.4,3411,1.0,1.0,1.0
41,1.7313653032825957,1.4487571845262701,1.1095461605689525,GMM estimator,1.0,0.4,3411,1.0,1.0,1.0
42,0.9441179772695455,0.9145863378910846,0.6652235681227201,GMM estimator,1.0,0.4,3411,1.0,1.0,1.0
43,1.3381947869431536,0.780120451788548,0.8004135096443208,GMM estimator,1.0,0.4,3411,1.0,1.0,1.0
44,1.1966557978056271,0.7972766472109453,0.982760409922065,GMM estimator,1.0,0.4,3411,1.0,1.0,1.0
45,0.1460441164051126,0.609326140036385,0.7198298578414268,GMM estimator,1.0,0.4,3411,1.0,1.0,1.0
46,1.6147922637844987,0.9086321749818003,0.8796140228703659,GMM estimator,1.0,0.4,3411,1.0,1.0,1.0
47,1.855830578361351,1.3345877418628183,1.0938120612502116,GMM estimator,1.0,0.4,3411,1.0,1.0,1.0
48,0.5021910458459229,0.7262088581683079,0.8906697150487121,GMM estimator,1.0,0.4,3411,1.0,1.0,1.0
49,0.42139387033199716,0.7026477403615925,0.7015165136357324,GMM estimator,1.0,0.4,3411,1.0,1.0,1.0
50,0.41501644717592723,0.6839440636064547,1.1245260677661961,GMM estimator,1.0,0.4,3411,1.0,1.0,1.0
51,0.7107434761135819,0.7013259121776018,0.956388347318445,GMM estimator,1.0,0.4,3411,1.0,1.0,1.0
52,0.4245748462533951,1.044338096289171,0.9613760680716327,GMM estimator,1.0,0.4,3411,1.0,1.0,1.0
53,1.165613264474208,0.7526798768348603,0.8949515776275074,GMM estimator,1.0,0.4,3411,1.0,1.0,1.0
54,0.14646377252158826,0.5214883025482155,0.5927830485154879,GMM estimator,1.0,0.4,3411,1.0,1.0,1.0
55,1.2112480342347918,0.8006772907054766,0.938610168902035,GMM estimator,1.0,0.4,3411,1.0,1.0,1.0
56,0.9151965083609584,0.6453232238968476,0.6728259216265303,GMM estimator,1.0,0.4,3411,1.0,1.0,1.0
57,0.7195897508551481,0.5047236923846847,0.7401441192662211,GMM estimator,1.0,0.4,3411,1.0,1.0,1.0
58,0.7433554622697791,0.9561263957158238,0.8979458244164411,GMM estimator,1.0,0.4,3411,1.0,1.0,1.0
59,1.175315550360333,1.1196734550855199,0.9510377732687831,GMM estimator,1.0,0.4,3411,1.0,1.0,1.0
60,1.2797343974181021,1.1838968825660416,1.2373931122785247,GMM estimator,1.0,0.4,3411,1.0,1.0,1.0
61,0.6195129842367951,1.1536204095382985,1.0458150918911557,GMM estimator,1.0,0.4,3411,1.0,1.0,1.0
62,0.6833337501067739,0.620536928148063,0.7296057535163514,GMM estimator,1.0,0.4,3411,1.0,1.0,1.0
63,1.440716390916856,1.1506293622434585,1.047455025458973,GMM estimator,1.0,0.4,3411,1.0,1.0,1.0
64,0.9259004003730209,0.6214206830723407,0.8272172217300449,GMM estimator,1.0,0.4,3411,1.0,1.0,1.0
65,0.3168256996691996,0.7790577615770669,0.9251276933605265,GMM estimator,1.0,0.4,3411,1.0,1.0,1.0
66,0.3906236243445421,0.6093167691382071,0.9307392586879466,GMM estimator,1.0,0.4,3411,1.0,1.0,1.0
67,1.2727305794844717,1.431109319024837,1.4134708438713741,GMM estimator,1.0,0.4,3411,1.0,1.0,1.0
68,1.4756603612761052,0.907546198790065,1.1099932157332089,GMM estimator,1.0,0.4,3411,1.0,1.0,1.0
69,1.0091507918132698,1.056372631509514,0.9639831052024725,GMM estimator,1.0,0.4,3411,1.0,1.0,1.0
70,0.9966550650782522,0.7023349710976343,0.7834662604371732,GMM estimator,1.0,0.4,3411,1.0,1.0,1.0
71,0.7786447620271615,1.210516822108225,0.9807266991084447,GMM estimator,1.0,0.4,3411,1.0,1.0,1.0
72,1.1062858454579372,1.2304874860803137,1.0050802540561623,GMM estimator,1.0,0.4,3411,1.0,1.0,1.0
73,0.27310790154173936,0.627947474892388,1.046116347940107,GMM estimator,1.0,0.4,3411,1.0,1.0,1.0
74,1.5393543141725947,0.7523218903777846,0.7215423399459326,GMM estimator,1.0,0.4,3411,1.0,1.0,1.0
75,0.570387143209033,1.163185219779782,0.9519399418565986,GMM estimator,1.0,0.4,3411,1.0,1.0,1.0
76,1.3338888044060535,0.8812075238663947,1.1092847220659352,GMM estimator,1.0,0.4,3411,1.0,1.0,1.0
77,0.8043371311829955,1.092625438934332,0.9555146029767106,GMM estimator,1.0,0.4,3411,1.0,1.0,1.0
78,0.5293567902702894,0.593982701299711,0.706597012945296,GMM estimator,1.0,0.4,3411,1.0,1.0,1.0
79,1.4793021288286206,1.2028694622189637,0.900047695686668,GMM estimator,1.0,0.4,3411,1.0,1.0,1.0
80,1.154426263338278,1.1351511498310398,0.9633624493801978,GMM estimator,1.0,0.4,3411,1.0,1.0,1.0
81,0.9102735887159712,0.7473737798659793,0.9602645723171503,GMM estimator,1.0,0.4,3411,1.0,1.0,1.0
82,0.4346231517333551,0.8662322520337813,0.9093631314467749,GMM estimator,1.0,0.4,3411,1.0,1.0,1.0
83,0.9531693454082667,1.0863684088991001,1.1474110906710935,GMM estimator,1.0,0.4,3411,1.0,1.0,1.0
84,1.3039665934687226,0.8549842571522177,0.8137172546811701,GMM estimator,1.0,0.4,3411,1.0,1.0,1.0
85,1.4209595889992246,1.335166103265316,1.190353106831215,GMM estimator,1.0,0.4,3411,1.0,1.0,1.0
86,1.4255657461605278,1.2194235672386435,1.2011052145811254,GMM estimator,1.0,0.4,3411,1.0,1.0,1.0
87,0.6322488270302475,0.540104667921143,0.9534525146231552,GMM estimator,1.0,0.4,3411,1.0,1.0,1.0
88,0.44166812965863167,0.9920643132931019,0.9290296178683243,GMM estimator,1.0,0.4,3411,1.0,1.0,1.0
89,0.7224390001092824,0.9498408930277445,1.0091761720039352,GMM estimator,1.0,0.4,3411,1.0,1.0,1.0
90,0.6511399106347633,0.8161223606493037,1.1015225655169765,GMM estimator,1.0,0.4,3411,1.0,1.0,1.0
91,0.9168463167985517,0.8127135903628437,0.9957953108505315,GMM estimator,1.0,0.4,3411,1.0,1.0,1.0
92,1.1455698617244496,1.1888241019310188,1.227284404126387,GMM estimator,1.0,0.4,3411,1.0,1.0,1.0
93,0.39223642001807296,0.5410639849528934,0.7366387268938235,GMM estimator,1.0,0.4,3411,1.0,1.0,1.0
94,1.1335149724089455,1.4231309295764552,1.014456444868534,GMM estimator,1.0,0.4,3411,1.0,1.0,1.0
95,1.2004692643780994,1.1363572974184317,0.9216707216568403,GMM estimator,1.0,0.4,3411,1.0,1.0,1.0
96,1.2880639983749513,1.3154222185662303,1.3859226049092213,GMM estimator,1.0,0.4,3411,1.0,1.0,1.0
97,1.4888425324870251,1.2470382085942497,1.2011882443222603,GMM estimator,1.0,0.4,3411,1.0,1.0,1.0
98,0.7045759160562532,1.0077008882474805,0.9508210027028865,GMM estimator,1.0,0.4,3411,1.0,1.0,1.0
99,0.9698523148281517,1.2990050852743782,0.9421272197726096,GMM estimator,1.0,0.4,3411,1.0,1.0,1.0
100,0.6294205691194743,1.016512517552971,0.9004484694089465,GMM estimator,1.0,0.4,3411,1.0,1.0,1.0
1,1.1527586865685424,2.1821517184309576,1.5001848602065104,Three-step,0.25,0.6,3411,1.0,1.0,1.0
2,0.39359130852274526,0.4144415701456432,0.5483361347750134,Three-step,0.25,0.6,3411,1.0,1.0,1.0
3,0.08177545082961972,1.4073032106173116,1.0217423954661442,Three-step,0.25,0.6,3411,1.0,1.0,1.0
4,1.2300471864924798,1.23355025038627,0.9848651444110817,Three-step,0.25,0.6,3411,1.0,1.0,1.0
5,1.065990093134957,1.1956041413788798,0.9592192384310765,Three-step,0.25,0.6,3411,1.0,1.0,1.0
6,0.983855985690387,1.527060079393662,1.527289844442899,Three-step,0.25,0.6,3411,1.0,1.0,1.0
7,1.1659618014291369,1.1427962891020056,1.4232797830907087,Three-step,0.25,0.6,3411,1.0,1.0,1.0
8,0.4418954097872539,1.8758496335261756,0.9649893643878598,Three-step,0.25,0.6,3411,1.0,1.0,1.0
9,0.21834667115976059,0.9887734877908849,1.4372439493866715,Three-step,0.25,0.6,3411,1.0,1.0,1.0
10,1.4956415788207438,1.090737524653818,1.1615475865538414,Three-step,0.25,0.6,3411,1.0,1.0,1.0
11,1.3032610958585658,0.9838954898644421,0.8239372334819169,Three-step,0.25,0.6,3411,1.0,1.0,1.0
12,0.7330278618557701,0.29549445557005083,1.6317876103225888,Three-step,0.25,0.6,3411,1.0,1.0,1.0
13,1.5067079395650866,1.3345271933272669,1.1699973224497755,Three-step,0.25,0.6,3411,1.0,1.0,1.0
14,1.2558172430888317,0.06510872689942651,0.7067326165627492,Three-step,0.25,0.6,3411,1.0,1.0,1.0
15,1.6149500734266453,2.7545382598334154,1.093480902470798,Three-step,0.25,0.6,3411,1.0,1.0,1.0
16,1.6466496724878672,1.876343479666037,1.7390101386540449,Three-step,0.25,0.6,3411,1.0,1.0,1.0
17,0.9158271083367009,1.5755125652232023,1.2106663920680873,Three-step,0.25,0.6,3411,1.0,1.0,1.0
18,1.9590909900095188,2.030568794019565,1.8419000216200048,Three-step,0.25,0.6,3411,1.0,1.0,1.0
19,1.0611935782618702,0.8313547114062378,1.0730868805310527,Three-step,0.25,0.6,3411,1.0,1.0,1.0
20,0.559075261388319,0.8329528650303033,0.5302681948142632,Three-step,0.25,0.6,3411,1.0,1.0,1.0
21,1.9070462641672892,1.7840628049737985,1.4785888592743546,Three-step,0.25,0.6,3411,1.0,1.0,1.0
22,0.6341654692502301,0.26252321439264664,0.7512254609099486,Three-step,0.25,0.6,3411,1.0,1.0,1.0
23,1.0053432377893718,1.6407370207069571,0.7874917618683251,Three-step,0.25,0.6,3411,1.0,1.0,1.0
24,-0.10559977212498545,1.2694759082884917,1.0405755815986037,Three-step,0.25,0.6,3411,1.0,1.0,1.0
25,0.8249159639605045,1.713003364245989,0.6056070311094914,Three-step,0.25,0.6,3411,1.0,1.0,1.0
26,0.6398314797072802,1.3382450797642893,0.8777041273633592,Three-step,0.25,0.6,3411,1.0,1.0,1.0
27,0.8664429389760429,1.3647230334771205,1.1192143744497474,Three-step,0.25,0.6,3411,1.0,1.0,1.0
28,0.978230069128598,1.9494869661723382,1.1116813572624793,Three-step,0.25,0.6,3411,1.0,1.0,1.0
29,0.9080502854387758,0.8828914432325996,0.7275121916690112,Three-step,0.25,0.6,3411,1.0,1.0,1.0
30,1.2480266284246417,1.9864522561004554,0.9793459865824006,Three-step,0.25,0.6,3411,1.0,1.0,1.0
31,1.2521691498084304,0.9697069591007207,1.1690352336785683,Three-step,0.25,0.6,3411,1.0,1.0,1.0
32,0.14952313155281294,0.07683980658892416,1.0356138538931337,Three-step,0.25,0.6,3411,1.0,1.0,1.0
33,1.364375379845558,1.714534504260988,0.5523756087105737,Three-step,0.25,0.6,3411,1.0,1.0,1.0
34,0.784002028512132,0.5664446004208844,1.2299908768168697,Three-step,0.25,0.6,3411,1.0,1.0,1.0
35,1.055132980587791,1.7686287720111704,0.9283649075655883,Three-step,0.25,0.6,3411,1.0,1.0,1.0
36,0.36321678032973137,1.53603886875548,0.3692650950543266,Three-step,0.25,0.6,3411,1.0,1.0,1.0
37,0.421331086254375,0.6693088385886062,1.0424838165688297,Three-step,0.25,0.6,3411,1.0,1.0,1.0
38,1.274273634144396,1.4252685143333788,0.8776705343882809,Three-step,0.25,0.6,3411,1.0,1.0,1.0
39,1.2643563147460022,1.1303313431513289,1.1726380730867474,Three-step,0.25,0.6,3411,1.0,1.0,1.0
40,0.4228348105269259,0.6438714738217167,0.43134245533141774,Three-step,0.25,0.6,3411,1.0,1.0,1.0
41,1.4242195835698055,0.6631565048290045,1.2341071554081622,Three-step,0.25,0.6,3411,1.0,1.0,1.0
42,0.4973821331903316,1.267762669080758,0.6813260531408649,Three-step,0.25,0.6,3411,1.0,1.0,1.0
43,1.74933582959438,1.2289857673725373,1.4531895759234126,Three-step,0.25,0.6,3411,1.0,1.0,1.0
44,1.447667775748874,0.7123238201760522,1.1265955125350564,Three-step,0.25,0.6,3411,1.0,1.0,1.0
45,0.7275373197375732,1.8087193957950574,0.9186788278121331,Three-step,0.25,0.6,3411,1.0,1.0,1.0
46,0.944181321599541,0.7300295273491256,1.108754300909086,Three-step,0.25,0.6,3411,1.0,1.0,1.0
47,1.352919882393502,1.1278952760015915,0.9110668511360382,Three-step,0.25,0.6,3411,1.0,1.0,1.0
48,1.0652603592743202,1.6972925096438856,1.1894067529708945,Three-step,0.25,0.6,3411,1.0,1.0,1.0
49,0.734408278168215,0.19293819314880076,1.4660283665912568,Three-step,0.25,0.6,3411,1.0,1.0,1.0
50,1.8836350515738294,1.3205019348347706,1.2954295616839382,Three-step,0.25,0.6,3411,1.0,1.0,1.0
51,1.0327760650653788,1.4432062186757262,0.562897338674945,Three-step,0.25,0.6,3411,1.0,1.0,1.0
52,1.1118790247144505,1.7093263711094704,1.5445426668692415,Three-step,0.25,0.6,3411,1.0,1.0,1.0
53,2.1120420188127738,1.1588220741785755,1.481180014966017,Three-step,0.25,0.6,3411,1.0,1.0,1.0
54,1.3233831358129111,1.848150595656506,1.0242049380622193,Three-step,0.25,0.6,3411,1.0,1.0,1.0
55,1.5213895026557709,1.561037720893005,1.3451566263444246,Three-step,0.25,0.6,3411,1.0,1.0,1.0
56,0.6452470360162957,-0.2867436440648193,0.35440120379255147,Three-step,0.25,0.6,3411,1.0,1.0,1.0
57,1.2383368640419241,1.8842071127277873,1.4247786352765701,Three-step,0.25,0.6,3411,1.0,1.0,1.0
58,0.25918214909960097,0.13473651041060564,0.874511611035851,Three-step,0.25,0.6,3411,1.0,1.0,1.0
59,1.5642514887331505,1.8431004139416665,1.12237166801449,Three-step,0.25,0.6,3411,1.0,1.0,1.0
60,0.1084760689508167,1.0493289257438656,0.8339824409032983,Three-step,0.25,0.6,3411,1.0,1.0,1.0
61,0.6441836460521206,0.9085017969535134,0.7740337174615116,Three-step,0.25,0.6,3411,1.0,1.0,1.0
62,0.41176788894049016,-0.09399313743428168,0.6124199162356266,Three-step,0.25,0.6,3411,1.0,1.0,1.0
63,0.6267095513093296,1.749237694070008,0.832429488719968,Three-step,0.25,0.6,3411,1.0,1.0,1.0
64,0.9189619115576741,0.8427276756450419,0.7987597428867204,Three-step,0.25,0.6,3411,1.0,1.0,1.0
65,2.0714066188920386,2.3484241914600394,1.1652452029151408,Three-step,0.25,0.6,3411,1.0,1.0,1.0
66,0.6723819954177717,1.1358475280316027,1.14927771972605,Three-step,0.25,0.6,3411,1.0,1.0,1.0
67,0.9258022133310271,1.4000606963410487,1.1897101438790796,Three-step,0.25,0.6,3411,1.0,1.0,1.0
68,1.592345991501773,2.6259514948248452,1.662557444030665,Three-step,0.25,0.6,3411,1.0,1.0,1.0
69,0.6722914787970363,1.551003922676977,1.0681142579006797,Three-step,0.25,0.6,3411,1.0,1.0,1.0
70,0.7805040603027027,1.4921809807095878,0.5494287156314613,Three-step,0.25,0.6,3411,1.0,1.0,1.0
71,0.9909757257905266,0.8773323229624981,0.7103208935272473,Three-step,0.25,0.6,3411,1.0,1.0,1.0
72,0.9199982955958425,1.4377686122207347,1.430343970911449,Three-step,0.25,0.6,3411,1.0,1.0,1.0
73,0.3872131165617384,1.838576724596266,0.6774429915778512,Three-step,0.25,0.6,3411,1.0,1.0,1.0
74,0.9776838018330696,0.9503951623149058,1.0574220991378618,Three-step,0.25,0.6,3411,1.0,1.0,1.0
75,1.1230368971451616,1.2521748318395913,0.8676289922593988,Three-step,0.25,0.6,3411,1.0,1.0,1.0
76,0.9518974200594065,1.0955074319402596,0.8885530918989089,Three-step,0.25,0.6,3411,1.0,1.0,1.0
77,0.6177178561460326,1.1272313174859077,0.6314043886806192,Three-step,0.25,0.6,3411,1.0,1.0,1.0
78,1.1468928109043877,0.6794129056294587,0.8426858728991484,Three-step,0.25,0.6,3411,1.0,1.0,1.0
79,0.5226961602539796,1.031344495435511,1.2035378253487028,Three-step,0.25,0.6,3411,1.0,1.0,1.0
80,1.0880480315287189,1.1574305847471804,1.1561744222785124,Three-step,0.25,0.6,3411,1.0,1.0,1.0
81,0.7228187314122839,0.6823682898732782,0.8465377284313274,Three-step,0.25,0.6,3411,1.0,1.0,1.0
82,0.5481717257536147,1.8184269935950272,0.9231397660076389,Three-step,0.25,0.6,3411,1.0,1.0,1.0
83,0.7596482442577561,0.8382636859027786,1.7077904851887098,Three-step,0.25,0.6,3411,1.0,1.0,1.0
84,0.0453088132096952,0.7689398276466244,0.5272668502728722,Three-step,0.25,0.6,3411,1.0,1.0,1.0
85,1.578334416952732,1.6711839874770478,1.0489004328321596,Three-step,0.25,0.6,3411,1.0,1.0,1.0
86,0.782838057884614,1.1828183702903035,0.3780580223320098,Three-step,0.25,0.6,3411,1.0,1.0,1.0
87,1.9657112947304227,1.2145880720202848,0.8049048224343932,Three-step,0.25,0.6,3411,1.0,1.0,1.0
88,1.2337355275729742,1.4963446861729006,0.7070699105895245,Three-step,0.25,0.6,3411,1.0,1.0,1.0
89,1.0796961032350663,1.0763227352971279,1.1634117726757909,Three-step,0.25,0.6,3411,1.0,1.0,1.0
90,1.594492852293926,1.637731588203003,1.1340217653568874,Three-step,0.25,0.6,3411,1.0,1.0,1.0
91,0.7807490449301132,0.7943571702307036,0.854722008295609,Three-step,0.25,0.6,3411,1.0,1.0,1.0
92,0.8964027557087064,2.2236358236060916,1.0012231928706443,Three-step,0.25,0.6,3411,1.0,1.0,1.0
93,1.2771452777371155,1.2847827039491808,0.6703922566849506,Three-step,0.25,0.6,3411,1.0,1.0,1.0
94,0.6642302520197437,1.6498110006033968,1.3203831060362063,Three-step,0.25,0.6,3411,1.0,1.0,1.0
95,1.207242593207585,1.3357130932005736,1.1528816042855048,Three-step,0.25,0.6,3411,1.0,1.0,1.0
96,1.10418337861636,1.309295810075656,1.3127133135211382,Three-step,0.25,0.6,3411,1.0,1.0,1.0
97,1.5315899177169021,2.3859252404790348,0.7520828450757313,Three-step,0.25,0.6,3411,1.0,1.0,1.0
98,0.6117760389121297,0.41965288877043433,0.6270497674295401,Three-step,0.25,0.6,3411,1.0,1.0,1.0
99,0.4486576904155955,1.8287102386254948,1.265051381086659,Three-step,0.25,0.6,3411,1.0,1.0,1.0
100,0.7246503468831889,0.8315590327745424,1.1795737939071407,Three-step,0.25,0.6,3411,1.0,1.0,1.0
1,1.404993219300832,2.1061514629011096,1.5001848602571235,Robins' estimator,0.25,0.6,3411,1.0,1.0,1.0
2,0.4509756422484872,0.26736289329843066,0.5483361347752687,Robins' estimator,0.25,0.6,3411,1.0,1.0,1.0
3,0.19700475416350016,0.9906396339517979,1.0217423954789162,Robins' estimator,0.25,0.6,3411,1.0,1.0,1.0
4,1.4265427469734697,1.228482765205155,0.9848651444055347,Robins' estimator,0.25,0.6,3411,1.0,1.0,1.0
5,1.136142490815996,1.091888829651419,0.9592192384771505,Robins' estimator,0.25,0.6,3411,1.0,1.0,1.0
6,1.1588512642416213,1.5533819179781463,1.527289844441527,Robins' estimator,0.25,0.6,3411,1.0,1.0,1.0
7,1.1620929501433384,1.073200851699087,1.4232797830978852,Robins' estimator,0.25,0.6,3411,1.0,1.0,1.0
8,0.607257905249936,1.4504712319160884,0.9649893643923668,Robins' estimator,0.25,0.6,3411,1.0,1.0,1.0
9,0.2660829432074501,0.9043347542640677,1.437243949384584,Robins' estimator,0.25,0.6,3411,1.0,1.0,1.0
10,1.50839162907263,1.1506213411911426,1.1615475866048455,Robins' estimator,0.25,0.6,3411,1.0,1.0,1.0
11,1.3228770486399402,0.6418893820867607,0.8239372334829166,Robins' estimator,0.25,0.6,3411,1.0,1.0,1.0
12,0.7236063405988193,0.16109496412764326,1.631787610431879,Robins' estimator,0.25,0.6,3411,1.0,1.0,1.0
13,1.5577379652836376,1.325493035556198,1.1699973224357825,Robins' estimator,0.25,0.6,3411,1.0,1.0,1.0
14,1.2176644342306686,0.61455499072913,0.7067326165645389,Robins' estimator,0.25,0.6,3411,1.0,1.0,1.0
15,1.5645651321739125,2.6543056439656065,1.093480902392527,Robins' estimator,0.25,0.6,3411,1.0,1.0,1.0
16,1.6109890051544495,1.9323675036734984,1.7390101385608945,Robins' estimator,0.25,0.6,3411,1.0,1.0,1.0
17,1.0448231837269195,1.5779154673711002,1.210666392050056,Robins' estimator,0.25,0.6,3411,1.0,1.0,1.0
18,1.7110976529235213,1.8765877532635664,1.8419000207237437,Robins' estimator,0.25,0.6,3411,1.0,1.0,1.0
19,1.074079520623452,1.055268241967456,1.073086880689792,Robins' estimator,0.25,0.6,3411,1.0,1.0,1.0
20,0.7285591657397126,0.49623157259885764,0.530268194813491,Robins' estimator,0.25,0.6,3411,1.0,1.0,1.0
21,1.7949157965848197,1.9264835708184018,1.4785888593192982,Robins' estimator,0.25,0.6,3411,1.0,1.0,1.0
22,0.7396669870194142,0.2714056390640323,0.7512254607758534,Robins' estimator,0.25,0.6,3411,1.0,1.0,1.0
23,1.074459440929759,1.4900611104369959,0.7874917617771261,Robins' estimator,0.25,0.6,3411,1.0,1.0,1.0
24,-0.010784163524438532,1.51062206766028,1.0405755815943305,Robins' estimator,0.25,0.6,3411,1.0,1.0,1.0
25,0.9162204298901763,1.5385573175648188,0.6056070311068658,Robins' estimator,0.25,0.6,3411,1.0,1.0,1.0
26,0.7502418261201873,1.299114412308923,0.8777041273641073,Robins' estimator,0.25,0.6,3411,1.0,1.0,1.0
27,0.7580203720815833,1.357883914458252,1.1192143743677974,Robins' estimator,0.25,0.6,3411,1.0,1.0,1.0
28,1.096851042263005,1.9361260667890337,1.111681357296106,Robins' estimator,0.25,0.6,3411,1.0,1.0,1.0
29,1.1281045138814336,0.8328644712632635,0.727512191664366,Robins' estimator,0.25,0.6,3411,1.0,1.0,1.0
30,1.3646418479094342,2.2252615819121853,0.979345986582409,Robins' estimator,0.25,0.6,3411,1.0,1.0,1.0
31,1.3851258375075453,1.0810321512947434,1.169035233647952,Robins' estimator,0.25,0.6,3411,1.0,1.0,1.0
32,0.1774880753249269,0.08404410923385826,1.035613853890585,Robins' estimator,0.25,0.6,3411,1.0,1.0,1.0
33,1.4269361703060535,1.5489003242850259,0.5523756089030708,Robins' estimator,0.25,0.6,3411,1.0,1.0,1.0
34,0.7667756057916748,0.6098273366650859,1.2299908767556367,Robins' estimator,0.25,0.6,3411,1.0,1.0,1.0
35,1.213473113815871,1.584283786137108,0.9283649075658671,Robins' estimator,0.25,0.6,3411,1.0,1.0,1.0
36,0.5143328797273715,1.522482932066086,0.36926509480113384,Robins' estimator,0.25,0.6,3411,1.0,1.0,1.0
37,0.7462516293819551,0.7569736997044584,1.042483816582317,Robins' estimator,0.25,0.6,3411,1.0,1.0,1.0
38,1.4016032476035654,1.2417523923001335,0.8776705343878995,Robins' estimator,0.25,0.6,3411,1.0,1.0,1.0
39,1.0974617520920809,1.3224290239391843,1.172638073576264,Robins' estimator,0.25,0.6,3411,1.0,1.0,1.0
40,0.5563993178437637,0.5824895429836171,0.4313424553315088,Robins' estimator,0.25,0.6,3411,1.0,1.0,1.0
41,1.2934814469969431,0.6725431671770884,1.2341071553988843,Robins' estimator,0.25,0.6,3411,1.0,1.0,1.0
42,0.7362482666113539,1.325198765438137,0.681326053140764,Robins' estimator,0.25,0.6,3411,1.0,1.0,1.0
43,1.6618985685730892,1.0174729575180654,1.4531895760284825,Robins' estimator,0.25,0.6,3411,1.0,1.0,1.0
44,1.6790446003447335,0.6210990890203952,1.1265955124891032,Robins' estimator,0.25,0.6,3411,1.0,1.0,1.0
45,0.6602283535732499,1.8961893616835566,0.9186788278028454,Robins' estimator,0.25,0.6,3411,1.0,1.0,1.0
46,1.1724309314821795,0.7585198424413303,1.1087543007531924,Robins' estimator,0.25,0.6,3411,1.0,1.0,1.0
47,1.4459667149389697,1.078677763860159,0.9110668522220933,Robins' estimator,0.25,0.6,3411,1.0,1.0,1.0
48,1.3524443039596845,1.660267828811064,1.1894067528195948,Robins' estimator,0.25,0.6,3411,1.0,1.0,1.0
49,0.8487915289610553,0.3904881003279309,1.4660283665618496,Robins' estimator,0.25,0.6,3411,1.0,1.0,1.0
50,1.7571192008248653,1.5256879807364625,1.2954295624182537,Robins' estimator,0.25,0.6,3411,1.0,1.0,1.0
51,1.1901620084695883,1.4583090431876737,0.5628973386742454,Robins' estimator,0.25,0.6,3411,1.0,1.0,1.0
52,1.0340588730400073,1.5817784646629423,1.5445426668868945,Robins' estimator,0.25,0.6,3411,1.0,1.0,1.0
53,2.203541122950222,1.05923581290508,1.4811800150766203,Robins' estimator,0.25,0.6,3411,1.0,1.0,1.0
54,1.1837783545941423,1.5329059089130275,1.0242049380629548,Robins' estimator,0.25,0.6,3411,1.0,1.0,1.0
55,1.3889018339211094,1.5604873364088676,1.3451566270420825,Robins' estimator,0.25,0.6,3411,1.0,1.0,1.0
56,0.776867770788359,0.04589623361217257,0.35440120362076116,Robins' estimator,0.25,0.6,3411,1.0,1.0,1.0
57,1.4399635120260859,1.996991323470425,1.4247786352728364,Robins' estimator,0.25,0.6,3411,1.0,1.0,1.0
58,0.40110289631916063,0.6077114288647303,0.8745116110372201,Robins' estimator,0.25,0.6,3411,1.0,1.0,1.0
59,1.718222155188868,1.787870259431567,1.1223716680172995,Robins' estimator,0.25,0.6,3411,1.0,1.0,1.0
60,0.38882408633615495,0.993518540421498,0.8339824409039611,Robins' estimator,0.25,0.6,3411,1.0,1.0,1.0
61,0.7989851240724968,1.1868648524815721,0.7740337174597396,Robins' estimator,0.25,0.6,3411,1.0,1.0,1.0
62,0.6406445763992367,-0.013305165630817739,0.612419916235922,Robins' estimator,0.25,0.6,3411,1.0,1.0,1.0
63,0.8153199704005288,1.355601516602616,0.8324294887272644,Robins' estimator,0.25,0.6,3411,1.0,1.0,1.0
64,0.9208640177707068,0.9570249092654111,0.7987597428866329,Robins' estimator,0.25,0.6,3411,1.0,1.0,1.0
65,2.0346952713087894,2.413215832047359,1.1652452011530041,Robins' estimator,0.25,0.6,3411,1.0,1.0,1.0
66,0.864202800041849,1.3615363484759622,1.149277719726012,Robins' estimator,0.25,0.6,3411,1.0,1.0,1.0
67,0.8784899655191528,1.5081880828166048,1.1897101437638253,Robins' estimator,0.25,0.6,3411,1.0,1.0,1.0
68,1.8970558290683885,2.6097657350744825,1.6625574439542832,Robins' estimator,0.25,0.6,3411,1.0,1.0,1.0
69,0.6603442168354978,1.3239566213104388,1.0681142579183194,Robins' estimator,0.25,0.6,3411,1.0,1.0,1.0
70,0.8883560355214168,1.481881220538028,0.5494287156239304,Robins' estimator,0.25,0.6,3411,1.0,1.0,1.0
71,1.187029945813887,0.6627717933243598,0.710320893527167,Robins' estimator,0.25,0.6,3411,1.0,1.0,1.0
72,0.9980045945327409,1.4691695807753844,1.430343970910323,Robins' estimator,0.25,0.6,3411,1.0,1.0,1.0
73,0.5978198239384773,1.6618212587409948,0.6774429916323207,Robins' estimator,0.25,0.6,3411,1.0,1.0,1.0
74,1.0186754532763844,1.02352491758621,1.0574220991382144,Robins' estimator,0.25,0.6,3411,1.0,1.0,1.0
75,1.082976392192566,1.2949564550955739,0.8676289922587871,Robins' estimator,0.25,0.6,3411,1.0,1.0,1.0
76,1.1659922851042528,1.140810819033279,0.888553091898885,Robins' estimator,0.25,0.6,3411,1.0,1.0,1.0
77,0.5811683943824805,1.1259871199977811,0.6314043887235277,Robins' estimator,0.25,0.6,3411,1.0,1.0,1.0
78,1.310213755401233,0.4765473686504301,0.8426858728927007,Robins' estimator,0.25,0.6,3411,1.0,1.0,1.0
79,0.6086669095351275,1.1022113569640168,1.2035378253432096,Robins' estimator,0.25,0.6,3411,1.0,1.0,1.0
80,1.0129053332990907,1.1426006440520506,1.1561744231376703,Robins' estimator,0.25,0.6,3411,1.0,1.0,1.0
81,0.7790196991209767,0.782585550312039,0.8465377283677468,Robins' estimator,0.25,0.6,3411,1.0,1.0,1.0
82,0.5881310780979548,1.6694156746656343,0.9231397660026385,Robins' estimator,0.25,0.6,3411,1.0,1.0,1.0
83,0.6742386472450204,0.8061886953355127,1.7077904851881565,Robins' estimator,0.25,0.6,3411,1.0,1.0,1.0
84,0.26413445380056927,0.8564365354825701,0.5272668502733411,Robins' estimator,0.25,0.6,3411,1.0,1.0,1.0
85,1.9444844500825318,1.5005083493328062,1.0489004328152327,Robins' estimator,0.25,0.6,3411,1.0,1.0,1.0
86,0.7786518348037013,1.3421023682005533,0.3780580223203308,Robins' estimator,0.25,0.6,3411,1.0,1.0,1.0
87,1.8965372512860033,1.2554745832341472,0.8049048224337678,Robins' estimator,0.25,0.6,3411,1.0,1.0,1.0
88,1.3729943211453064,1.5510399651817868,0.7070699105894598,Robins' estimator,0.25,0.6,3411,1.0,1.0,1.0
89,1.253847856403868,1.0989096650724541,1.1634117726719568,Robins' estimator,0.25,0.6,3411,1.0,1.0,1.0
90,1.8955774069347016,1.5851987291043628,1.1340217653549074,Robins' estimator,0.25,0.6,3411,1.0,1.0,1.0
91,0.8440653700439248,0.8670082511925618,0.8547220082805965,Robins' estimator,0.25,0.6,3411,1.0,1.0,1.0
92,1.2846026133093649,2.2382398495590494,1.0012231928712605,Robins' estimator,0.25,0.6,3411,1.0,1.0,1.0
93,1.407537005154876,1.0155691079750144,0.6703922576057894,Robins' estimator,0.25,0.6,3411,1.0,1.0,1.0
94,0.993822544629524,1.466795397188859,1.3203831060356797,Robins' estimator,0.25,0.6,3411,1.0,1.0,1.0
95,1.4990061002998045,1.5363157484253922,1.1528816042654408,Robins' estimator,0.25,0.6,3411,1.0,1.0,1.0
96,1.2476611576847754,1.2767362738946626,1.3127133135207436,Robins' estimator,0.25,0.6,3411,1.0,1.0,1.0
97,1.679148332966614,2.372535675581353,0.7520828450676267,Robins' estimator,0.25,0.6,3411,1.0,1.0,1.0
98,0.5488745657728515,0.41101835950931065,0.6270497675096665,Robins' estimator,0.25,0.6,3411,1.0,1.0,1.0
99,0.7378635278490876,1.9822719024904856,1.2650513810593695,Robins' estimator,0.25,0.6,3411,1.0,1.0,1.0
100,0.8642962299628026,0.8587616211895858,1.1795737939069104,Robins' estimator,0.25,0.6,3411,1.0,1.0,1.0
1,0.9619407108945883,1.9049104434476947,1.4076624171791974,GMM estimator,0.25,0.6,3411,1.0,1.0,1.0
2,0.44899861704155597,0.35234663453924586,0.5617399965532199,GMM estimator,0.25,0.6,3411,1.0,1.0,1.0
3,0.0818669424662681,0.8841875349892342,0.8493215354520485,GMM estimator,0.25,0.6,3411,1.0,1.0,1.0
4,1.2464523927137166,1.110611127393358,0.9644342301670887,GMM estimator,0.25,0.6,3411,1.0,1.0,1.0
5,1.0599879986634893,1.0434722355766688,0.9016490418545169,GMM estimator,0.25,0.6,3411,1.0,1.0,1.0
6,1.0920287696831679,1.4433071859046152,1.4997911737295908,GMM estimator,0.25,0.6,3411,1.0,1.0,1.0
7,1.1584395736953619,1.0961201353079344,1.4071472427296312,GMM estimator,0.25,0.6,3411,1.0,1.0,1.0
8,0.6494358219699007,1.5877443130778386,0.8541282210464654,GMM estimator,0.25,0.6,3411,1.0,1.0,1.0
9,0.2550616150640675,0.8723870785461441,1.4987910574240875,GMM estimator,0.25,0.6,3411,1.0,1.0,1.0
10,1.4962425950296692,1.1472971405832328,1.1548021177115406,GMM estimator,0.25,0.6,3411,1.0,1.0,1.0
11,1.2763623508049706,0.7354757428172936,0.7924057209815235,GMM estimator,0.25,0.6,3411,1.0,1.0,1.0
12,0.7217387577487012,0.14833271827601624,1.5835709524292434,GMM estimator,0.25,0.6,3411,1.0,1.0,1.0
13,1.5455825290808036,1.2971932915608875,1.1954355498620544,GMM estimator,0.25,0.6,3411,1.0,1.0,1.0
14,1.2017630501706378,0.418062602562674,1.064425833728878,GMM estimator,0.25,0.6,3411,1.0,1.0,1.0
15,1.6401514761111602,2.7467413025642853,0.9546702263972462,GMM estimator,0.25,0.6,3411,1.0,1.0,1.0
16,1.6238740882899947,1.930339045565006,1.7327681097158347,GMM estimator,0.25,0.6,3411,1.0,1.0,1.0
17,0.9268748323184596,1.426565335918586,1.2055660878393004,GMM estimator,0.25,0.6,3411,1.0,1.0,1.0
18,1.4947232869258187,2.053864217919113,1.6681075626720485,GMM estimator,0.25,0.6,3411,1.0,1.0,1.0
19,1.112496741054418,1.094952616118039,1.1173852733116845,GMM estimator,0.25,0.6,3411,1.0,1.0,1.0
20,0.6957090907175931,0.5120962183696938,0.665813590562591,GMM estimator,0.25,0.6,3411,1.0,1.0,1.0
21,1.7958581768494781,1.9346598766603549,1.413939005553317,GMM estimator,0.25,0.6,3411,1.0,1.0,1.0
22,0.6537574042035348,0.3051045321373846,0.7304620618678881,GMM estimator,0.25,0.6,3411,1.0,1.0,1.0
23,1.005158564042897,1.479148745417263,0.7243388730493221,GMM estimator,0.25,0.6,3411,1.0,1.0,1.0
24,-0.06413575973995984,1.364786919003536,1.0467092426433933,GMM estimator,0.25,0.6,3411,1.0,1.0,1.0
25,0.8525293896567936,1.5516789422672244,0.615668129533431,GMM estimator,0.25,0.6,3411,1.0,1.0,1.0
26,0.7404157015169968,1.214137656026066,0.9048961104206772,GMM estimator,0.25,0.6,3411,1.0,1.0,1.0
27,0.667535809149117,1.3485915516506064,1.107547900117027,GMM estimator,0.25,0.6,3411,1.0,1.0,1.0
28,0.9705087197220892,1.7901233049021368,1.1458391014607747,GMM estimator,0.25,0.6,3411,1.0,1.0,1.0
29,0.9552762601898548,0.7308182008616286,0.7442658186593545,GMM estimator,0.25,0.6,3411,1.0,1.0,1.0
30,1.3078073794669283,2.1653441185235556,1.012197254198684,GMM estimator,0.25,0.6,3411,1.0,1.0,1.0
31,1.3697082846616815,1.0812272122941493,1.2254436046048147,GMM estimator,0.25,0.6,3411,1.0,1.0,1.0
32,0.17898170733147217,0.1171634803923431,1.0566013738484359,GMM estimator,0.25,0.6,3411,1.0,1.0,1.0
33,1.4114259203494532,1.5689406065730147,0.5468315564666315,GMM estimator,0.25,0.6,3411,1.0,1.0,1.0
34,0.7575460337965829,0.6023167087234627,1.2086094277199968,GMM estimator,0.25,0.6,3411,1.0,1.0,1.0
35,1.2097029061759061,1.5706492202609705,1.020091540745421,GMM estimator,0.25,0.6,3411,1.0,1.0,1.0
36,0.4288666519498574,1.4529366564742972,0.3265759191695725,GMM estimator,0.25,0.6,3411,1.0,1.0,1.0
37,0.2955469929321174,0.636322966233783,0.47514143688458677,GMM estimator,0.25,0.6,3411,1.0,1.0,1.0
38,1.380162700625538,1.2846503263470077,0.9510502642484406,GMM estimator,0.25,0.6,3411,1.0,1.0,1.0
39,1.080882243912696,1.329722967889888,1.1660847006995574,GMM estimator,0.25,0.6,3411,1.0,1.0,1.0
40,0.48176914411688004,0.5207303409183532,0.44618215384357507,GMM estimator,0.25,0.6,3411,1.0,1.0,1.0
41,1.2409160804234831,0.6742833852368474,1.2237381905214748,GMM estimator,0.25,0.6,3411,1.0,1.0,1.0
42,0.34129447253966927,0.9696291822416658,0.6053750652271548,GMM estimator,0.25,0.6,3411,1.0,1.0,1.0
43,1.7031289085551875,1.0595310969169056,1.5081723017766975,GMM estimator,0.25,0.6,3411,1.0,1.0,1.0
44,1.3971599318332295,0.5815796740588363,1.0969310220266837,GMM estimator,0.25,0.6,3411,1.0,1.0,1.0
45,0.6894199749437107,1.9335844500530803,0.9448262856707463,GMM estimator,0.25,0.6,3411,1.0,1.0,1.0
46,0.8414741427333992,0.6652488526282357,1.085434688946223,GMM estimator,0.25,0.6,3411,1.0,1.0,1.0
47,1.43271892610813,1.0672301668847548,0.9121332485759466,GMM estimator,0.25,0.6,3411,1.0,1.0,1.0
48,0.975339344555179,1.376967358947254,1.0969343123594673,GMM estimator,0.25,0.6,3411,1.0,1.0,1.0
49,0.8105671507546504,0.25149068850259937,1.2800056001287885,GMM estimator,0.25,0.6,3411,1.0,1.0,1.0
50,1.7069923258301345,1.5172428899207173,1.2621969010475995,GMM estimator,0.25,0.6,3411,1.0,1.0,1.0
51,0.9761236357130785,1.1968159745389282,0.5357964734510432,GMM estimator,0.25,0.6,3411,1.0,1.0,1.0
52,0.964584311732472,1.6532500788181386,1.5122310128758711,GMM estimator,0.25,0.6,3411,1.0,1.0,1.0
53,2.1261028866422786,1.0176612129931728,1.491234228821143,GMM estimator,0.25,0.6,3411,1.0,1.0,1.0
54,1.2083805650101356,1.8799546065122055,0.7954107978527875,GMM estimator,0.25,0.6,3411,1.0,1.0,1.0
55,1.3593482955623908,1.6842451514511105,1.3351381069147177,GMM estimator,0.25,0.6,3411,1.0,1.0,1.0
56,0.7475252796223385,-0.08304263372357687,0.4708160887542584,GMM estimator,0.25,0.6,3411,1.0,1.0,1.0
57,1.2252850455275683,1.7950015994168522,1.428869055534391,GMM estimator,0.25,0.6,3411,1.0,1.0,1.0
58,0.23959668033603973,0.38266636099588414,0.9635162073884724,GMM estimator,0.25,0.6,3411,1.0,1.0,1.0
59,1.6068666339277349,1.743786041486009,1.1500210882883763,GMM estimator,0.25,0.6,3411,1.0,1.0,1.0
60,0.11331258650505141,0.7944101972138018,0.8407835317874003,GMM estimator,0.25,0.6,3411,1.0,1.0,1.0
61,0.7254452176794046,1.1562251180304524,0.8744747314812654,GMM estimator,0.25,0.6,3411,1.0,1.0,1.0
62,0.3720319956221556,0.10736441087022389,0.5824708900726346,GMM estimator,0.25,0.6,3411,1.0,1.0,1.0
63,0.5504465655224402,1.3403174066920158,0.7090172613855641,GMM estimator,0.25,0.6,3411,1.0,1.0,1.0
64,0.8641960663002805,0.8888234150591419,0.7546474927850074,GMM estimator,0.25,0.6,3411,1.0,1.0,1.0
65,2.034266585961732,2.445967626132865,1.1775607102849084,GMM estimator,0.25,0.6,3411,1.0,1.0,1.0
66,0.6487666042100191,1.204334291149061,1.2227346413956528,GMM estimator,0.25,0.6,3411,1.0,1.0,1.0
67,0.9253028727910781,1.5638698070032668,1.1374458581847526,GMM estimator,0.25,0.6,3411,1.0,1.0,1.0
68,1.654893373393243,2.3420770225797405,1.5937509917853352,GMM estimator,0.25,0.6,3411,1.0,1.0,1.0
69,0.6806880190178508,1.3607916689201822,0.873092863512638,GMM estimator,0.25,0.6,3411,1.0,1.0,1.0
70,0.7840243457983231,1.3679820179608275,0.5289062992958795,GMM estimator,0.25,0.6,3411,1.0,1.0,1.0
71,1.0790776869713374,0.6448228414185495,0.5752760990492836,GMM estimator,0.25,0.6,3411,1.0,1.0,1.0
72,0.9669393869744842,1.4186975593189037,1.497693774414981,GMM estimator,0.25,0.6,3411,1.0,1.0,1.0
73,0.3572699289380648,1.5012297491450841,0.6436816047596022,GMM estimator,0.25,0.6,3411,1.0,1.0,1.0
74,0.9992925203910662,0.9327040128505367,1.0220563641019533,GMM estimator,0.25,0.6,3411,1.0,1.0,1.0
75,1.0973955813292617,1.3107509139722784,0.8368710752740566,GMM estimator,0.25,0.6,3411,1.0,1.0,1.0
76,0.9820872630228928,0.9274812245285011,0.9828113289867093,GMM estimator,0.25,0.6,3411,1.0,1.0,1.0
77,0.567876921834859,1.126655976722469,0.6254244489278195,GMM estimator,0.25,0.6,3411,1.0,1.0,1.0
78,1.2164663021339606,0.39696180942841,0.8056564008378483,GMM estimator,0.25,0.6,3411,1.0,1.0,1.0
79,0.5831043265528891,1.09064603571697,1.238200369704597,GMM estimator,0.25,0.6,3411,1.0,1.0,1.0
80,0.9804163930133474,1.1659090024727754,1.1611223848707983,GMM estimator,0.25,0.6,3411,1.0,1.0,1.0
81,0.754103018175805,0.7228883181489945,0.7907420499036935,GMM estimator,0.25,0.6,3411,1.0,1.0,1.0
82,0.5084526767382347,1.5948681309493744,0.8182133579292132,GMM estimator,0.25,0.6,3411,1.0,1.0,1.0
83,0.6973243894116692,0.8308415975310357,1.711821088799411,GMM estimator,0.25,0.6,3411,1.0,1.0,1.0
84,0.018550903956504078,0.7056430042251046,0.5941841593694888,GMM estimator,0.25,0.6,3411,1.0,1.0,1.0
85,1.3988689094378821,1.2062872831792397,1.2373613625832536,GMM estimator,0.25,0.6,3411,1.0,1.0,1.0
86,0.7488143569361231,1.3661653991831046,0.4123516225111069,GMM estimator,0.25,0.6,3411,1.0,1.0,1.0
87,1.91034304521542,1.298207292946226,0.7941344135694522,GMM estimator,0.25,0.6,3411,1.0,1.0,1.0
88,1.2665208839671604,1.4107368551441088,0.7085922997661414,GMM estimator,0.25,0.6,3411,1.0,1.0,1.0
89,1.0689371910054557,0.9677260771561974,1.1239784823980208,GMM estimator,0.25,0.6,3411,1.0,1.0,1.0
90,1.6058429303799953,1.3317960168993626,1.0970012007290624,GMM estimator,0.25,0.6,3411,1.0,1.0,1.0
91,0.8354501616910636,0.8421657642301328,0.8721288555141856,GMM estimator,0.25,0.6,3411,1.0,1.0,1.0
92,0.6745036823681099,1.7818825396935707,0.9903630494513513,GMM estimator,0.25,0.6,3411,1.0,1.0,1.0
93,1.3887620218752719,1.0305615574465092,0.9169333225105134,GMM estimator,0.25,0.6,3411,1.0,1.0,1.0
94,0.4287153231019142,1.157461304100437,1.0773059911596357,GMM estimator,0.25,0.6,3411,1.0,1.0,1.0
95,1.0799011362245805,1.2079755672687063,1.1116276114988517,GMM estimator,0.25,0.6,3411,1.0,1.0,1.0
96,1.105783224872709,1.2135768223184327,1.3473342304463705,GMM estimator,0.25,0.6,3411,1.0,1.0,1.0
97,1.5428488848094768,2.215579042003635,0.7486944940945823,GMM estimator,0.25,0.6,3411,1.0,1.0,1.0
98,0.5254866613927583,0.3786669423568871,0.6049387135451889,GMM estimator,0.25,0.6,3411,1.0,1.0,1.0
99,0.48012866506334717,1.3557039173391106,1.2265141239416835,GMM estimator,0.25,0.6,3411,1.0,1.0,1.0
100,0.8382716961864883,0.7007587281435612,1.266581806037868,GMM estimator,0.25,0.6,3411,1.0,1.0,1.0
1,1.146888052728225,1.5799340041500531,1.289340123501603,Three-step,0.5,0.6,3411,1.0,1.0,1.0
2,0.408104746145293,0.3430572484626895,0.7190207892814161,Three-step,0.5,0.6,3411,1.0,1.0,1.0
3,0.07711854767047525,1.0525725506031838,0.9790855570191627,Three-step,0.5,0.6,3411,1.0,1.0,1.0
4,1.2395317339829957,1.535894431857395,0.7720254752278137,Three-step,0.5,0.6,3411,1.0,1.0,1.0
5,1.033324634170458,0.7949594284023549,0.8276262582724607,Three-step,0.5,0.6,3411,1.0,1.0,1.0
6,0.9502705430446706,1.2153655491108581,1.1202276789638648,Three-step,0.5,0.6,3411,1.0,1.0,1.0
7,1.2023931346381853,1.3427088410888575,1.3504498446320359,Three-step,0.5,0.6,3411,1.0,1.0,1.0
8,0.41641822918726606,1.4100313825179864,1.1290799811026047,Three-step,0.5,0.6,3411,1.0,1.0,1.0
9,0.20033299000518076,0.9382028684669955,0.8216010743353284,Three-step,0.5,0.6,3411,1.0,1.0,1.0
10,1.4504778516326602,1.5277170045767894,1.304103109394725,Three-step,0.5,0.6,3411,1.0,1.0,1.0
11,1.3125683832702337,1.1146631041766952,0.9975730605447104,Three-step,0.5,0.6,3411,1.0,1.0,1.0
12,0.7495916728620607,0.8897208604937712,1.1266994236033727,Three-step,0.5,0.6,3411,1.0,1.0,1.0
13,1.6222556550531724,1.4656957157699912,1.182159211805675,Three-step,0.5,0.6,3411,1.0,1.0,1.0
14,1.3098704271375325,1.1563672715133182,0.9089264437963847,Three-step,0.5,0.6,3411,1.0,1.0,1.0
15,1.6013603649586705,2.4534832378671547,1.2804276495149363,Three-step,0.5,0.6,3411,1.0,1.0,1.0
16,1.6723466964998575,2.086666724572843,1.7864204965328394,Three-step,0.5,0.6,3411,1.0,1.0,1.0
17,0.8816197052942528,1.8062578889127185,1.1378356996545125,Three-step,0.5,0.6,3411,1.0,1.0,1.0
18,1.8410800283586144,1.639830382625601,1.092011873320556,Three-step,0.5,0.6,3411,1.0,1.0,1.0
19,1.0510312722743098,0.9964790002221705,0.7920591390292334,Three-step,0.5,0.6,3411,1.0,1.0,1.0
20,0.5498965585982218,0.6315821202201701,0.627516097575683,Three-step,0.5,0.6,3411,1.0,1.0,1.0
21,1.90334047572883,1.3855453789914611,1.3636776213443618,Three-step,0.5,0.6,3411,1.0,1.0,1.0
22,0.6316217072064788,0.3681126968997775,0.8894331017726557,Three-step,0.5,0.6,3411,1.0,1.0,1.0
23,1.0186070177384632,1.294038068555489,1.1701783828774395,Three-step,0.5,0.6,3411,1.0,1.0,1.0
24,-0.07659121513366615,0.7190815161108649,0.9433358934249709,Three-step,0.5,0.6,3411,1.0,1.0,1.0
25,0.8629071232367739,1.3271819504914244,0.8049463484990718,Three-step,0.5,0.6,3411,1.0,1.0,1.0
26,0.6420201718313285,0.7562030917080166,0.95560067802547,Three-step,0.5,0.6,3411,1.0,1.0,1.0
27,0.8774044441486557,1.5080519713514478,1.041532361147074,Three-step,0.5,0.6,3411,1.0,1.0,1.0
28,0.978252506955961,1.707043989193742,1.0244061416701398,Three-step,0.5,0.6,3411,1.0,1.0,1.0
29,0.9147192635189987,0.7702753369254534,1.0170100795732953,Three-step,0.5,0.6,3411,1.0,1.0,1.0
30,1.2037967626731623,2.161951107374143,1.1922326799735572,Three-step,0.5,0.6,3411,1.0,1.0,1.0
31,1.202110530973693,1.3498569478046534,1.165590637257015,Three-step,0.5,0.6,3411,1.0,1.0,1.0
32,0.19182081497449507,0.31490447711549324,0.6670171256521135,Three-step,0.5,0.6,3411,1.0,1.0,1.0
33,1.3560308266132366,1.1928157907274657,0.7246307023994442,Three-step,0.5,0.6,3411,1.0,1.0,1.0
34,0.7623068495381994,1.0634449937090162,0.9396084330367447,Three-step,0.5,0.6,3411,1.0,1.0,1.0
35,1.0561154583339123,1.4085504116730103,0.9631981522364257,Three-step,0.5,0.6,3411,1.0,1.0,1.0
36,0.36676443905814626,1.2488094540900236,0.5185910950027817,Three-step,0.5,0.6,3411,1.0,1.0,1.0
37,0.46402195053254636,0.8112507681589323,1.1536257858125347,Three-step,0.5,0.6,3411,1.0,1.0,1.0
38,1.2741368443710206,1.826685100265112,0.9991414426065568,Three-step,0.5,0.6,3411,1.0,1.0,1.0
39,1.2809858676215788,1.194568594411033,1.2627285790994895,Three-step,0.5,0.6,3411,1.0,1.0,1.0
40,0.42777269437938725,0.7702161405312936,0.8055527636840766,Three-step,0.5,0.6,3411,1.0,1.0,1.0
41,1.4162399754769153,1.1177306876228277,1.1676383574514069,Three-step,0.5,0.6,3411,1.0,1.0,1.0
42,0.5572658594583272,0.7729749247575967,0.7159914017344292,Three-step,0.5,0.6,3411,1.0,1.0,1.0
43,1.7811338594182893,1.155596750995867,1.327635421520576,Three-step,0.5,0.6,3411,1.0,1.0,1.0
44,1.456529072599114,1.1007360719257508,1.1592095085997016,Three-step,0.5,0.6,3411,1.0,1.0,1.0
45,0.7488778893054956,1.4276572886623526,1.2553498877788623,Three-step,0.5,0.6,3411,1.0,1.0,1.0
46,0.9678226097621181,0.4113289621762926,1.0721647839056432,Three-step,0.5,0.6,3411,1.0,1.0,1.0
47,1.3682467576703121,1.3306804694452352,0.9661193431949181,Three-step,0.5,0.6,3411,1.0,1.0,1.0
48,1.0516993795199958,1.3595804355123202,1.003021209534402,Three-step,0.5,0.6,3411,1.0,1.0,1.0
49,0.709672102478161,0.31548050029336216,0.9646165568630323,Three-step,0.5,0.6,3411,1.0,1.0,1.0
50,1.8702521401688377,1.1678781468005233,1.2970405490422812,Three-step,0.5,0.6,3411,1.0,1.0,1.0
51,1.0196903102806032,1.104861566423031,0.563141090631833,Three-step,0.5,0.6,3411,1.0,1.0,1.0
52,1.1092414148542393,1.4011944244430161,1.1869167335133333,Three-step,0.5,0.6,3411,1.0,1.0,1.0
53,2.1037236043785463,1.1493678542022912,1.1718309051282776,Three-step,0.5,0.6,3411,1.0,1.0,1.0
54,1.3410250668902797,1.7956053552438183,1.1653109106467714,Three-step,0.5,0.6,3411,1.0,1.0,1.0
55,1.4743202329807394,0.9998220523926091,1.0567697287335813,Three-step,0.5,0.6,3411,1.0,1.0,1.0
56,0.6427300593829124,0.4650682389953776,0.7664844632842367,Three-step,0.5,0.6,3411,1.0,1.0,1.0
57,1.2317741245246547,1.6230571539736418,1.0758878000115193,Three-step,0.5,0.6,3411,1.0,1.0,1.0
58,0.2927407728074429,0.5212526207224482,0.515588305988365,Three-step,0.5,0.6,3411,1.0,1.0,1.0
59,1.5598794532806939,1.544330196929314,0.8948517932146317,Three-step,0.5,0.6,3411,1.0,1.0,1.0
60,0.13365752422588426,1.2401327501419657,0.9284234799370976,Three-step,0.5,0.6,3411,1.0,1.0,1.0
61,0.6498517932692546,1.5693480304361438,0.80032309816933,Three-step,0.5,0.6,3411,1.0,1.0,1.0
62,0.41030128733522814,0.6282316438239669,0.7603059572796644,Three-step,0.5,0.6,3411,1.0,1.0,1.0
63,0.6264575528723976,0.9138666820721711,1.135096337423048,Three-step,0.5,0.6,3411,1.0,1.0,1.0
64,0.9009181508098033,1.1303981070813558,1.1076809893578758,Three-step,0.5,0.6,3411,1.0,1.0,1.0
65,2.105988448294468,1.8003032339746199,0.9163772849592413,Three-step,0.5,0.6,3411,1.0,1.0,1.0
66,0.7091849593745417,1.5259422281665067,0.8811228936733717,Three-step,0.5,0.6,3411,1.0,1.0,1.0
67,0.9273392573268031,1.0196106989941303,0.9784590929299215,Three-step,0.5,0.6,3411,1.0,1.0,1.0
68,1.5613861252715462,2.20135821670982,2.0424361476293247,Three-step,0.5,0.6,3411,1.0,1.0,1.0
69,0.7171456489414456,1.3623328414691902,1.056378865748917,Three-step,0.5,0.6,3411,1.0,1.0,1.0
70,0.7753369540432588,1.122714734340617,0.7951006626626754,Three-step,0.5,0.6,3411,1.0,1.0,1.0
71,0.9912723924702402,0.8461939997801258,0.887191354615962,Three-step,0.5,0.6,3411,1.0,1.0,1.0
72,0.861080880784916,1.6057790656301656,1.1232860619499665,Three-step,0.5,0.6,3411,1.0,1.0,1.0
73,0.3731642536219083,1.4822494829930366,0.6465619008416532,Three-step,0.5,0.6,3411,1.0,1.0,1.0
74,0.9832356910903033,0.8538715035887516,0.9045010964334277,Three-step,0.5,0.6,3411,1.0,1.0,1.0
75,1.1159813355502815,1.0193948412200347,0.9736701780872105,Three-step,0.5,0.6,3411,1.0,1.0,1.0
76,0.9568387198407698,1.4433117119568546,1.179469612667644,Three-step,0.5,0.6,3411,1.0,1.0,1.0
77,0.6283962402516795,1.026138161013211,0.6898404363084106,Three-step,0.5,0.6,3411,1.0,1.0,1.0
78,1.1329289394821627,0.574645840272169,0.927687149841486,Three-step,0.5,0.6,3411,1.0,1.0,1.0
79,0.5311816341803044,0.4617106361931489,0.8828176719306723,Three-step,0.5,0.6,3411,1.0,1.0,1.0
80,1.0865773648463286,0.8053266369518204,0.9515172989328589,Three-step,0.5,0.6,3411,1.0,1.0,1.0
81,0.7189587959388561,1.351809598571192,1.259960896929278,Three-step,0.5,0.6,3411,1.0,1.0,1.0
82,0.5566946817016529,1.4234395539890023,0.8860426803225318,Three-step,0.5,0.6,3411,1.0,1.0,1.0
83,0.7374907517493153,0.7940734941760664,1.206584336097781,Three-step,0.5,0.6,3411,1.0,1.0,1.0
84,0.01015796818377176,0.7138091618598483,0.6338386585529789,Three-step,0.5,0.6,3411,1.0,1.0,1.0
85,1.5428978464339327,1.3832034705265908,1.4837654833633254,Three-step,0.5,0.6,3411,1.0,1.0,1.0
86,0.7713852568918105,1.2038154032509045,0.7384392238571958,Three-step,0.5,0.6,3411,1.0,1.0,1.0
87,1.9821530153002807,1.0367831179643816,0.7767159347519038,Three-step,0.5,0.6,3411,1.0,1.0,1.0
88,1.1315533329125373,1.160293100961534,0.9814031787127319,Three-step,0.5,0.6,3411,1.0,1.0,1.0
89,1.062359683101559,1.3808357167823624,0.9685096712060732,Three-step,0.5,0.6,3411,1.0,1.0,1.0
90,1.5561447486220252,1.1231227787898848,1.29118111240706,Three-step,0.5,0.6,3411,1.0,1.0,1.0
91,0.7893224556034543,1.3087665398717405,0.9399432453700366,Three-step,0.5,0.6,3411,1.0,1.0,1.0
92,0.8871073359969742,1.6634511017730205,1.2949275559979998,Three-step,0.5,0.6,3411,1.0,1.0,1.0
93,1.2272579547238087,0.966479894677424,0.5469848168160043,Three-step,0.5,0.6,3411,1.0,1.0,1.0
94,0.6738794038405304,1.079323580499569,1.0284392906132753,Three-step,0.5,0.6,3411,1.0,1.0,1.0
95,1.2289999148797022,1.3014921372687152,1.11343122870545,Three-step,0.5,0.6,3411,1.0,1.0,1.0
96,1.1085516523532664,1.7698891812447133,1.2091878899400863,Three-step,0.5,0.6,3411,1.0,1.0,1.0
97,1.4949896948332484,1.9242266660986096,1.0037272694692196,Three-step,0.5,0.6,3411,1.0,1.0,1.0
98,0.6564755828706889,0.8578671479983703,0.8236578520861768,Three-step,0.5,0.6,3411,1.0,1.0,1.0
99,0.5125899468020957,1.4933020656302507,1.1054258220988138,Three-step,0.5,0.6,3411,1.0,1.0,1.0
100,0.7531341261408883,0.4696955073756749,1.0495652790682046,Three-step,0.5,0.6,3411,1.0,1.0,1.0
1,1.4376064403741384,1.4530726788709665,1.289340123706461,Robins' estimator,0.5,0.6,3411,1.0,1.0,1.0
2,0.5395006333075263,0.3223156081493515,0.7190207894047337,Robins' estimator,0.5,0.6,3411,1.0,1.0,1.0
3,0.34215331211914535,0.989345186859167,0.979085557039546,Robins' estimator,0.5,0.6,3411,1.0,1.0,1.0
4,1.3883487478461256,1.5002807883198062,0.7720254752192216,Robins' estimator,0.5,0.6,3411,1.0,1.0,1.0
5,1.0686061682532113,0.708928827588366,0.8276262579716163,Robins' estimator,0.5,0.6,3411,1.0,1.0,1.0
6,1.2440652048193124,0.9971559588689418,1.1202276789637813,Robins' estimator,0.5,0.6,3411,1.0,1.0,1.0
7,1.1954579733569097,1.252372813260305,1.350449844310814,Robins' estimator,0.5,0.6,3411,1.0,1.0,1.0
8,0.4598169377556779,1.1521397438633492,1.129079981894445,Robins' estimator,0.5,0.6,3411,1.0,1.0,1.0
9,0.35759972532836415,0.7984605010126303,0.8216010745281299,Robins' estimator,0.5,0.6,3411,1.0,1.0,1.0
10,1.4569002027605946,1.502370392471842,1.3041031088918167,Robins' estimator,0.5,0.6,3411,1.0,1.0,1.0
11,1.4202898838407518,0.9942086556169524,0.9975730605446612,Robins' estimator,0.5,0.6,3411,1.0,1.0,1.0
12,0.7662900647939994,0.7287115277022967,1.1266994236034193,Robins' estimator,0.5,0.6,3411,1.0,1.0,1.0
13,1.7056012183953928,1.2007194568085204,1.1821592118109694,Robins' estimator,0.5,0.6,3411,1.0,1.0,1.0
14,1.229546063707816,1.3420326105134799,0.9089264437335615,Robins' estimator,0.5,0.6,3411,1.0,1.0,1.0
15,1.5742225987723024,2.134929593804408,1.280427649523989,Robins' estimator,0.5,0.6,3411,1.0,1.0,1.0
16,1.9540764687438446,2.0440380259011275,1.7864204970622872,Robins' estimator,0.5,0.6,3411,1.0,1.0,1.0
17,1.0779541332988234,1.7223302673034355,1.1378356996509587,Robins' estimator,0.5,0.6,3411,1.0,1.0,1.0
18,1.7218561673975448,1.5474221188391748,1.092011873304914,Robins' estimator,0.5,0.6,3411,1.0,1.0,1.0
19,0.9752422696953912,0.9731792358980997,0.792059139110654,Robins' estimator,0.5,0.6,3411,1.0,1.0,1.0
20,0.7285883691898416,0.5300008178611586,0.6275160975836707,Robins' estimator,0.5,0.6,3411,1.0,1.0,1.0
21,1.7153439266455177,1.4769119132298192,1.3636776213024526,Robins' estimator,0.5,0.6,3411,1.0,1.0,1.0
22,0.9452671217928575,0.3879379236844101,0.8894331016530264,Robins' estimator,0.5,0.6,3411,1.0,1.0,1.0
23,1.1238079997800108,1.162120919088214,1.170178382877338,Robins' estimator,0.5,0.6,3411,1.0,1.0,1.0
24,0.17265063590993926,0.7078144552349389,0.9433358934013899,Robins' estimator,0.5,0.6,3411,1.0,1.0,1.0
25,0.9344155077729028,1.197951353083805,0.8049463484966052,Robins' estimator,0.5,0.6,3411,1.0,1.0,1.0
26,0.7304054828000223,0.7785355722217095,0.9556006780180503,Robins' estimator,0.5,0.6,3411,1.0,1.0,1.0
27,0.96029960323683,1.6633122004002698,1.041532361155172,Robins' estimator,0.5,0.6,3411,1.0,1.0,1.0
28,1.1643134598308096,1.6104210990427197,1.0244061417576635,Robins' estimator,0.5,0.6,3411,1.0,1.0,1.0
29,1.0984696359876804,0.8317983325735788,1.0170100795943102,Robins' estimator,0.5,0.6,3411,1.0,1.0,1.0
30,1.2058975882534124,2.1072831988967677,1.192232679710211,Robins' estimator,0.5,0.6,3411,1.0,1.0,1.0
31,1.108736648928773,1.263866213455149,1.1655906372570801,Robins' estimator,0.5,0.6,3411,1.0,1.0,1.0
32,0.2914526678464273,0.2810247732253979,0.6670171256685751,Robins' estimator,0.5,0.6,3411,1.0,1.0,1.0
33,1.3708295013238079,1.171689915152763,0.7246307023528612,Robins' estimator,0.5,0.6,3411,1.0,1.0,1.0
34,0.7523098497713008,1.063481057057663,0.9396084330373948,Robins' estimator,0.5,0.6,3411,1.0,1.0,1.0
35,1.3482985083660708,1.4357721030900328,0.9631981522353836,Robins' estimator,0.5,0.6,3411,1.0,1.0,1.0
36,0.6624832538041929,0.9349562816750451,0.5185910949998324,Robins' estimator,0.5,0.6,3411,1.0,1.0,1.0
37,1.0530168763307777,0.9420709964515995,1.1536257858100203,Robins' estimator,0.5,0.6,3411,1.0,1.0,1.0
38,1.619918470339951,1.5467156599312355,0.9991414426234783,Robins' estimator,0.5,0.6,3411,1.0,1.0,1.0
39,1.2827348892243755,1.1750316150127755,1.2627285791000342,Robins' estimator,0.5,0.6,3411,1.0,1.0,1.0
40,0.6294730028440063,0.7160983213588972,0.8055527636711733,Robins' estimator,0.5,0.6,3411,1.0,1.0,1.0
41,1.3144731931329163,1.1072531778883383,1.167638357357991,Robins' estimator,0.5,0.6,3411,1.0,1.0,1.0
42,0.9084365675631302,0.8870018130239361,0.7159914020973701,Robins' estimator,0.5,0.6,3411,1.0,1.0,1.0
43,1.799074012436833,0.9489536617577875,1.3276354215072546,Robins' estimator,0.5,0.6,3411,1.0,1.0,1.0
44,1.7464344732020307,1.1620983734662809,1.1592095085996441,Robins' estimator,0.5,0.6,3411,1.0,1.0,1.0
45,0.7595263298697567,1.389051311362244,1.2553498877752567,Robins' estimator,0.5,0.6,3411,1.0,1.0,1.0
46,1.4422125532710592,0.5401048248842539,1.0721647839061312,Robins' estimator,0.5,0.6,3411,1.0,1.0,1.0
47,1.430236118322737,1.198348034903541,0.9661193431089917,Robins' estimator,0.5,0.6,3411,1.0,1.0,1.0
48,1.3682045945072816,1.3724609771651057,1.003021209532304,Robins' estimator,0.5,0.6,3411,1.0,1.0,1.0
49,0.7744183110237302,0.2801455625081392,0.9646165568525555,Robins' estimator,0.5,0.6,3411,1.0,1.0,1.0
50,1.9703933756392482,1.4712427582795287,1.297040549050365,Robins' estimator,0.5,0.6,3411,1.0,1.0,1.0
51,1.3276432246793688,1.3437435095003132,0.5631410906018168,Robins' estimator,0.5,0.6,3411,1.0,1.0,1.0
52,1.0238138825977994,1.3278950004075394,1.186916733494178,Robins' estimator,0.5,0.6,3411,1.0,1.0,1.0
53,2.2543449331896617,1.0334323796675289,1.1718309049985667,Robins' estimator,0.5,0.6,3411,1.0,1.0,1.0
54,1.346480210851145,1.6602445814663913,1.1653109107069313,Robins' estimator,0.5,0.6,3411,1.0,1.0,1.0
55,1.1693091009868453,0.9415166710322982,1.0567697287321751,Robins' estimator,0.5,0.6,3411,1.0,1.0,1.0
56,0.7607004857799765,0.6032030038843181,0.766484463261292,Robins' estimator,0.5,0.6,3411,1.0,1.0,1.0
57,1.529328997044197,1.5281461940708325,1.0758877999812624,Robins' estimator,0.5,0.6,3411,1.0,1.0,1.0
58,0.36683669067638625,0.7103904732124154,0.515588306007981,Robins' estimator,0.5,0.6,3411,1.0,1.0,1.0
59,1.4044802218487005,1.4469762292476667,0.8948517927551984,Robins' estimator,0.5,0.6,3411,1.0,1.0,1.0
60,0.6245688169091628,1.16563033202716,0.928423480293488,Robins' estimator,0.5,0.6,3411,1.0,1.0,1.0
61,0.9376016522899274,1.545972050688558,0.8003230982080857,Robins' estimator,0.5,0.6,3411,1.0,1.0,1.0
62,0.9626842539334479,0.6043317107083022,0.7603059574336549,Robins' estimator,0.5,0.6,3411,1.0,1.0,1.0
63,0.8188356461148676,0.7792492021288484,1.13509633743259,Robins' estimator,0.5,0.6,3411,1.0,1.0,1.0
64,1.0021115021200389,1.1506713904279964,1.107680989372718,Robins' estimator,0.5,0.6,3411,1.0,1.0,1.0
65,1.8427055134191979,1.707582343061762,0.9163772849682238,Robins' estimator,0.5,0.6,3411,1.0,1.0,1.0
66,0.9220016656462432,1.6513933808842283,0.8811228936716275,Robins' estimator,0.5,0.6,3411,1.0,1.0,1.0
67,0.9851225061810837,1.1822434856871002,0.978459092922812,Robins' estimator,0.5,0.6,3411,1.0,1.0,1.0
68,2.1215440194078257,2.132536040621836,2.0424361476383948,Robins' estimator,0.5,0.6,3411,1.0,1.0,1.0
69,0.7101869828288798,1.244885807994556,1.056378865744536,Robins' estimator,0.5,0.6,3411,1.0,1.0,1.0
70,0.7645590790016944,0.9214326717044439,0.7951006626626281,Robins' estimator,0.5,0.6,3411,1.0,1.0,1.0
71,1.0775360361348236,1.0361636406974628,0.8871913546060275,Robins' estimator,0.5,0.6,3411,1.0,1.0,1.0
72,0.9813544597992345,1.5688159284942949,1.123286061948564,Robins' estimator,0.5,0.6,3411,1.0,1.0,1.0
73,0.5390938456922465,1.2563216192985545,0.6465619008411694,Robins' estimator,0.5,0.6,3411,1.0,1.0,1.0
74,0.7902548668268247,1.0228010518439241,0.9045010961644073,Robins' estimator,0.5,0.6,3411,1.0,1.0,1.0
75,1.0128994116420547,1.00737352598805,0.9736701780870847,Robins' estimator,0.5,0.6,3411,1.0,1.0,1.0
76,1.4178444768282057,1.0881861432003903,1.1794696126681683,Robins' estimator,0.5,0.6,3411,1.0,1.0,1.0
77,0.717195812711803,1.1842616010023994,0.6898404364686594,Robins' estimator,0.5,0.6,3411,1.0,1.0,1.0
78,1.046567446928393,0.3783679233798398,0.9276871498845652,Robins' estimator,0.5,0.6,3411,1.0,1.0,1.0
79,0.6364814230297565,0.5309380171329265,0.8828176719356131,Robins' estimator,0.5,0.6,3411,1.0,1.0,1.0
80,1.0354089218167815,0.722683990380558,0.9515172989332039,Robins' estimator,0.5,0.6,3411,1.0,1.0,1.0
81,0.8026360050386309,1.4060144957161176,1.2599608969296388,Robins' estimator,0.5,0.6,3411,1.0,1.0,1.0
82,0.7737782545009202,1.3210903894828567,0.8860426803199014,Robins' estimator,0.5,0.6,3411,1.0,1.0,1.0
83,0.8629648951381086,0.7957812830177416,1.2065843360977535,Robins' estimator,0.5,0.6,3411,1.0,1.0,1.0
84,0.3595749168853941,0.9111200635790485,0.6338386585538119,Robins' estimator,0.5,0.6,3411,1.0,1.0,1.0
85,1.6448646808672172,1.4358369573115293,1.483765483313652,Robins' estimator,0.5,0.6,3411,1.0,1.0,1.0
86,0.8640889381793642,1.2647203075293119,0.7384392238462224,Robins' estimator,0.5,0.6,3411,1.0,1.0,1.0
87,1.8326285054611708,1.1218744281754862,0.7767159347711093,Robins' estimator,0.5,0.6,3411,1.0,1.0,1.0
88,0.9912957630823146,1.087647945784271,0.9814031787121389,Robins' estimator,0.5,0.6,3411,1.0,1.0,1.0
89,1.1980274495125018,1.3774205988554211,0.9685096712790947,Robins' estimator,0.5,0.6,3411,1.0,1.0,1.0
90,1.83540493614889,1.1981229643762474,1.29118111240959,Robins' estimator,0.5,0.6,3411,1.0,1.0,1.0
91,0.9399063937794164,1.2499779818812404,0.9399432453756318,Robins' estimator,0.5,0.6,3411,1.0,1.0,1.0
92,1.4604670341850672,1.7237731805206844,1.294927556005094,Robins' estimator,0.5,0.6,3411,1.0,1.0,1.0
93,1.3833637119614655,0.9135327866822035,0.5469848170010413,Robins' estimator,0.5,0.6,3411,1.0,1.0,1.0
94,1.2422097233173381,0.9843887479786755,1.0284392906089481,Robins' estimator,0.5,0.6,3411,1.0,1.0,1.0
95,1.5796790157158394,1.4504182762108815,1.1134312287057058,Robins' estimator,0.5,0.6,3411,1.0,1.0,1.0
96,1.4172393117621316,1.6516426571088045,1.20918788993597,Robins' estimator,0.5,0.6,3411,1.0,1.0,1.0
97,1.7326382979382355,2.0018683615692363,1.0037272694694361,Robins' estimator,0.5,0.6,3411,1.0,1.0,1.0
98,0.6636478999817467,0.8644742479380674,0.8236578520625003,Robins' estimator,0.5,0.6,3411,1.0,1.0,1.0
99,0.9098719236078091,1.6005435309405391,1.105425822092308,Robins' estimator,0.5,0.6,3411,1.0,1.0,1.0
100,0.9472839146576635,0.7700369804438862,1.0495652790681933,Robins' estimator,0.5,0.6,3411,1.0,1.0,1.0
1,1.099388811506675,1.2928287550812716,1.2653842430188316,GMM estimator,0.5,0.6,3411,1.0,1.0,1.0
2,0.5120994235780297,0.34839645605005276,0.7181347356946248,GMM estimator,0.5,0.6,3411,1.0,1.0,1.0
3,0.091071895916431,0.8206883087385554,0.8793682196480621,GMM estimator,0.5,0.6,3411,1.0,1.0,1.0
4,1.327251002555401,1.469604621771849,0.7547404152330727,GMM estimator,0.5,0.6,3411,1.0,1.0,1.0
5,1.048191097372443,0.7022895591229056,0.8209016855928031,GMM estimator,0.5,0.6,3411,1.0,1.0,1.0
6,1.070117257566106,0.9193247937500193,0.9485422732919193,GMM estimator,0.5,0.6,3411,1.0,1.0,1.0
7,1.2232912032548537,1.2621580894380973,1.369582538088951,GMM estimator,0.5,0.6,3411,1.0,1.0,1.0
8,0.4921772530010594,1.1982818578026138,1.07502372844934,GMM estimator,0.5,0.6,3411,1.0,1.0,1.0
9,0.3440763741846825,0.7774460450909537,0.8736685825613785,GMM estimator,0.5,0.6,3411,1.0,1.0,1.0
10,1.4597709357966222,1.5014382645339084,1.310496730073776,GMM estimator,0.5,0.6,3411,1.0,1.0,1.0
11,1.369416156093931,1.0195710929706185,0.9686700629834504,GMM estimator,0.5,0.6,3411,1.0,1.0,1.0
12,0.8111822040610646,0.7331455597281025,1.1073001808900336,GMM estimator,0.5,0.6,3411,1.0,1.0,1.0
13,1.702937938157586,1.2280034329739768,1.1070110068107057,GMM estimator,0.5,0.6,3411,1.0,1.0,1.0
14,1.213954631758442,1.3355389027897564,0.9317964093865683,GMM estimator,0.5,0.6,3411,1.0,1.0,1.0
15,1.8276525437656508,2.300591885363483,1.1936283618377679,GMM estimator,0.5,0.6,3411,1.0,1.0,1.0
16,1.6652897558380544,1.9125551534680847,1.6770990637361525,GMM estimator,0.5,0.6,3411,1.0,1.0,1.0
17,0.9880147086847442,1.6168833324907625,1.1359124805871037,GMM estimator,0.5,0.6,3411,1.0,1.0,1.0
18,1.6454151295567385,1.5751442555083481,1.0394391784863335,GMM estimator,0.5,0.6,3411,1.0,1.0,1.0
19,0.954028457720696,0.95762629798788,0.7685247527186017,GMM estimator,0.5,0.6,3411,1.0,1.0,1.0
20,0.7070487718214291,0.5448412085249411,0.5987683086593709,GMM estimator,0.5,0.6,3411,1.0,1.0,1.0
21,1.6910768859691014,1.4645917795024732,1.3199828673086336,GMM estimator,0.5,0.6,3411,1.0,1.0,1.0
22,0.6484244039422827,0.3678403827812399,0.8266423998766935,GMM estimator,0.5,0.6,3411,1.0,1.0,1.0
23,1.1255333375889887,1.2012967214092936,1.1624023905704854,GMM estimator,0.5,0.6,3411,1.0,1.0,1.0
24,0.04859750767267756,0.6206377738657516,0.9519966184251807,GMM estimator,0.5,0.6,3411,1.0,1.0,1.0
25,0.8831577310714751,1.1640989357052105,0.8061327084976146,GMM estimator,0.5,0.6,3411,1.0,1.0,1.0
26,0.759768646840936,0.7678049726841057,0.9705325321449196,GMM estimator,0.5,0.6,3411,1.0,1.0,1.0
27,1.021026391223704,1.6562617798691313,1.067543040131655,GMM estimator,0.5,0.6,3411,1.0,1.0,1.0
28,1.0636773776634059,1.5067050018035646,0.9846009041907493,GMM estimator,0.5,0.6,3411,1.0,1.0,1.0
29,1.0412545575698147,0.8141306667867512,1.0310298848415966,GMM estimator,0.5,0.6,3411,1.0,1.0,1.0
30,1.1980007795477166,2.1048538208550434,1.15773906791916,GMM estimator,0.5,0.6,3411,1.0,1.0,1.0
31,1.031437770937348,1.262482955907402,1.1241780568937285,GMM estimator,0.5,0.6,3411,1.0,1.0,1.0
32,0.2946043082123412,0.2990219742332978,0.6897239734727154,GMM estimator,0.5,0.6,3411,1.0,1.0,1.0
33,1.3706833335505038,1.1656914340709088,0.722090287273177,GMM estimator,0.5,0.6,3411,1.0,1.0,1.0
34,0.7498446334105932,1.0620849149190634,0.9365993778090889,GMM estimator,0.5,0.6,3411,1.0,1.0,1.0
35,1.1287173209190886,1.262454355506625,0.9655567317065762,GMM estimator,0.5,0.6,3411,1.0,1.0,1.0
36,0.6648999616668327,0.9276327718992063,0.508266499017584,GMM estimator,0.5,0.6,3411,1.0,1.0,1.0
37,0.39916204780134046,0.650211056964186,0.9039658808276431,GMM estimator,0.5,0.6,3411,1.0,1.0,1.0
38,1.4518427854501952,1.4272583358861186,0.9635883466649174,GMM estimator,0.5,0.6,3411,1.0,1.0,1.0
39,1.276172193580363,1.1721001997477911,1.261173024049183,GMM estimator,0.5,0.6,3411,1.0,1.0,1.0
40,0.5407931867556471,0.6303193097975884,0.7708868514759761,GMM estimator,0.5,0.6,3411,1.0,1.0,1.0
41,1.2971936848067698,1.1144009322929993,1.1784953837435908,GMM estimator,0.5,0.6,3411,1.0,1.0,1.0
42,0.4925457873309904,0.7017708128335666,0.6218602816437724,GMM estimator,0.5,0.6,3411,1.0,1.0,1.0
43,1.7750704873016225,0.9180643906714226,1.2850688344304748,GMM estimator,0.5,0.6,3411,1.0,1.0,1.0
44,1.517273521590902,1.114019169259932,1.2052968888077393,GMM estimator,0.5,0.6,3411,1.0,1.0,1.0
45,0.7671800681694635,1.38770532356936,1.2446388424993333,GMM estimator,0.5,0.6,3411,1.0,1.0,1.0
46,0.9636914708479702,0.40297461692714853,1.0131693323055353,GMM estimator,0.5,0.6,3411,1.0,1.0,1.0
47,1.4083194546332618,1.1913959624412152,0.9601581339625416,GMM estimator,0.5,0.6,3411,1.0,1.0,1.0
48,1.1214917820783192,1.2877479104094378,1.0054833705831787,GMM estimator,0.5,0.6,3411,1.0,1.0,1.0
49,0.7764988172464469,0.3010310020413311,0.9675629487545085,GMM estimator,0.5,0.6,3411,1.0,1.0,1.0
50,1.7661725669338384,1.3717317323524287,1.3348347951326494,GMM estimator,0.5,0.6,3411,1.0,1.0,1.0
51,0.787843992207274,0.9671960771992618,0.5285264302951367,GMM estimator,0.5,0.6,3411,1.0,1.0,1.0
52,1.0312927599878892,1.3279333337188657,1.1579199631808361,GMM estimator,0.5,0.6,3411,1.0,1.0,1.0
53,2.221713741763001,1.0233633316387627,1.177859239262925,GMM estimator,0.5,0.6,3411,1.0,1.0,1.0
54,1.3038218213747133,1.6374508310187283,1.1224326867228038,GMM estimator,0.5,0.6,3411,1.0,1.0,1.0
55,0.9752419868653164,0.8861861573345736,0.9960724155173698,GMM estimator,0.5,0.6,3411,1.0,1.0,1.0
56,0.7806403627517973,0.600056114507719,0.8854693668225818,GMM estimator,0.5,0.6,3411,1.0,1.0,1.0
57,1.3760915892514618,1.434792445844057,1.028692399236259,GMM estimator,0.5,0.6,3411,1.0,1.0,1.0
58,0.3607779173243454,0.7140683135433491,0.5420923922353754,GMM estimator,0.5,0.6,3411,1.0,1.0,1.0
59,1.3491862249233817,1.4402527740979616,0.8666815928718496,GMM estimator,0.5,0.6,3411,1.0,1.0,1.0
60,0.12351371724155381,0.9508092917646493,0.8319695457339504,GMM estimator,0.5,0.6,3411,1.0,1.0,1.0
61,0.7312270920994384,1.4657145114397707,0.8052298758847312,GMM estimator,0.5,0.6,3411,1.0,1.0,1.0
62,0.1825222727762378,0.29855061951051876,0.620115724294165,GMM estimator,0.5,0.6,3411,1.0,1.0,1.0
63,0.6926029262042794,0.7920852055629678,1.0760311295423508,GMM estimator,0.5,0.6,3411,1.0,1.0,1.0
64,0.986421602322493,1.1420438897520446,1.110147578120357,GMM estimator,0.5,0.6,3411,1.0,1.0,1.0
65,1.8176732459080727,1.7430265306348307,0.8730123982855329,GMM estimator,0.5,0.6,3411,1.0,1.0,1.0
66,0.7561250810903025,1.4846964896375439,0.8679169640210342,GMM estimator,0.5,0.6,3411,1.0,1.0,1.0
67,0.9888001697057855,1.1269995658892544,0.9779807691661556,GMM estimator,0.5,0.6,3411,1.0,1.0,1.0
68,1.5648398929935619,1.8829090687946775,1.8681005255562366,GMM estimator,0.5,0.6,3411,1.0,1.0,1.0
69,0.7445657846194907,1.2631273265480887,1.0191718459700954,GMM estimator,0.5,0.6,3411,1.0,1.0,1.0
70,0.8042055036038861,0.9455466385725911,0.7744208210237077,GMM estimator,0.5,0.6,3411,1.0,1.0,1.0
71,1.1187053770036872,0.9524294342275595,0.8783223135966776,GMM estimator,0.5,0.6,3411,1.0,1.0,1.0
72,0.9246431933747906,1.5355085287352876,1.1081479951633406,GMM estimator,0.5,0.6,3411,1.0,1.0,1.0
73,0.4607169295735074,1.1493964998707853,0.6790650189927161,GMM estimator,0.5,0.6,3411,1.0,1.0,1.0
74,0.8468203434779562,0.9970444449104502,0.8218029782924299,GMM estimator,0.5,0.6,3411,1.0,1.0,1.0
75,0.9803707911322815,1.0019774286107763,0.9534767857834971,GMM estimator,0.5,0.6,3411,1.0,1.0,1.0
76,1.1174841470192498,1.014759710864662,0.932762400910344,GMM estimator,0.5,0.6,3411,1.0,1.0,1.0
77,0.7939319260623794,1.198571514997691,0.7576610011121033,GMM estimator,0.5,0.6,3411,1.0,1.0,1.0
78,0.9482168951233602,0.30358005539118393,0.8475340052637542,GMM estimator,0.5,0.6,3411,1.0,1.0,1.0
79,0.6274216787441963,0.5169455095048703,0.9103698865674742,GMM estimator,0.5,0.6,3411,1.0,1.0,1.0
80,0.9901854592457422,0.7196301311592396,0.9413598053945376,GMM estimator,0.5,0.6,3411,1.0,1.0,1.0
81,0.7793808019996571,1.3448885654297342,1.250361507779655,GMM estimator,0.5,0.6,3411,1.0,1.0,1.0
82,0.6208561871617947,1.2781309589565442,0.8971671823227411,GMM estimator,0.5,0.6,3411,1.0,1.0,1.0
83,0.8524521077310221,0.8084615396174669,1.2361988431756856,GMM estimator,0.5,0.6,3411,1.0,1.0,1.0
84,0.09338134093938606,0.7119426362221007,0.5469455971590306,GMM estimator,0.5,0.6,3411,1.0,1.0,1.0
85,1.6022123414909446,1.3960327172687066,1.4802374234727909,GMM estimator,0.5,0.6,3411,1.0,1.0,1.0
86,0.8339371988204197,1.2008540626953907,0.756130458098055,GMM estimator,0.5,0.6,3411,1.0,1.0,1.0
87,1.8450311931799257,1.1564529655892493,0.7749499300403474,GMM estimator,0.5,0.6,3411,1.0,1.0,1.0
88,0.9437896503257458,1.1169773373109129,0.975717922332757,GMM estimator,0.5,0.6,3411,1.0,1.0,1.0
89,1.1413068113624814,1.3050650123433394,0.9720443513109271,GMM estimator,0.5,0.6,3411,1.0,1.0,1.0
90,1.6302204070147206,1.0420143715820405,1.2681437752882474,GMM estimator,0.5,0.6,3411,1.0,1.0,1.0
91,0.891488084294713,1.1956047362444007,0.950835964206599,GMM estimator,0.5,0.6,3411,1.0,1.0,1.0
92,0.7088824255724482,1.3450179627680467,1.2315409637747352,GMM estimator,0.5,0.6,3411,1.0,1.0,1.0
93,1.386100006420216,0.9224929472657495,0.5363439133249108,GMM estimator,0.5,0.6,3411,1.0,1.0,1.0
94,0.37396671514471935,0.6824095501965569,0.8765076907689016,GMM estimator,0.5,0.6,3411,1.0,1.0,1.0
95,1.1683077655630574,1.2476123051067325,1.0746274976560177,GMM estimator,0.5,0.6,3411,1.0,1.0,1.0
96,1.0777126965383523,1.5435806965659762,1.192275608828915,GMM estimator,0.5,0.6,3411,1.0,1.0,1.0
97,1.4860681306232624,1.845188970753306,0.9441340738976481,GMM estimator,0.5,0.6,3411,1.0,1.0,1.0
98,0.6634471085240417,0.8640650740125375,0.8258495421931813,GMM estimator,0.5,0.6,3411,1.0,1.0,1.0
99,0.6731541035926738,1.3857274279842435,1.1599669976483828,GMM estimator,0.5,0.6,3411,1.0,1.0,1.0
100,0.8537631549965945,0.6319855409861934,1.0560386884043294,GMM estimator,0.5,0.6,3411,1.0,1.0,1.0
1,1.1376479566838111,0.7411763362303845,0.8317169838124576,Three-step,0.75,0.6,3411,1.0,1.0,1.0
2,0.4251115809000903,0.5124561802970414,0.6960060015219223,Three-step,0.75,0.6,3411,1.0,1.0,1.0
3,0.10440833755013974,0.7744814109924929,0.7320311380047834,Three-step,0.75,0.6,3411,1.0,1.0,1.0
4,1.2589046615887358,1.1061200389723072,1.1358141839732592,Three-step,0.75,0.6,3411,1.0,1.0,1.0
5,1.0301528053826274,0.9475950519333802,0.8750670263882239,Three-step,0.75,0.6,3411,1.0,1.0,1.0
6,0.9968124077917656,1.1257229641650601,0.960218121579028,Three-step,0.75,0.6,3411,1.0,1.0,1.0
7,1.14501387153554,0.8103883767221388,0.9010520272436849,Three-step,0.75,0.6,3411,1.0,1.0,1.0
8,0.4258916689766735,0.7022190883664383,1.230296551294513,Three-step,0.75,0.6,3411,1.0,1.0,1.0
9,0.18744524953254713,0.9714571988026502,0.9292677818657571,Three-step,0.75,0.6,3411,1.0,1.0,1.0
10,1.463420212123276,1.3300937405449682,0.7439448511542424,Three-step,0.75,0.6,3411,1.0,1.0,1.0
11,1.3182182721087277,1.152837626311654,0.9908854049518171,Three-step,0.75,0.6,3411,1.0,1.0,1.0
12,0.7068610298307116,1.3284458415777223,0.5720174326071797,Three-step,0.75,0.6,3411,1.0,1.0,1.0
13,1.61836428730845,1.229015832746208,1.1408819017362664,Three-step,0.75,0.6,3411,1.0,1.0,1.0
14,1.3442676968157843,1.3847529790536812,1.1764153073214234,Three-step,0.75,0.6,3411,1.0,1.0,1.0
15,1.6268001218151367,1.4671544430415764,1.2869157511615124,Three-step,0.75,0.6,3411,1.0,1.0,1.0
16,1.6751023307917976,1.6587508330679457,1.5292944979203917,Three-step,0.75,0.6,3411,1.0,1.0,1.0
17,0.9039321184121852,1.3083868081966472,1.1653319341072765,Three-step,0.75,0.6,3411,1.0,1.0,1.0
18,1.9251016241462815,1.439674309706189,1.0258983622822178,Three-step,0.75,0.6,3411,1.0,1.0,1.0
19,1.0589202464090326,0.9281392491961088,0.793275441566459,Three-step,0.75,0.6,3411,1.0,1.0,1.0
20,0.5495663326584855,0.7530885178091342,0.751553466807753,Three-step,0.75,0.6,3411,1.0,1.0,1.0
21,1.9140843727336443,1.4345998807711609,1.5005131086131507,Three-step,0.75,0.6,3411,1.0,1.0,1.0
22,0.6269892875464359,0.9588989358080939,0.7027848508283492,Three-step,0.75,0.6,3411,1.0,1.0,1.0
23,0.999898277882594,1.4737632851505336,1.1407835772812192,Three-step,0.75,0.6,3411,1.0,1.0,1.0
24,-0.08074540109276378,0.6041716064273019,1.109251566053521,Three-step,0.75,0.6,3411,1.0,1.0,1.0
25,0.8794197016209468,0.8377303845652256,1.4802445808369256,Three-step,0.75,0.6,3411,1.0,1.0,1.0
26,0.7035492851681956,0.514018178637715,0.8888701091193337,Three-step,0.75,0.6,3411,1.0,1.0,1.0
27,0.873547363600147,1.2889647161782367,1.3015930024941358,Three-step,0.75,0.6,3411,1.0,1.0,1.0
28,1.0535239887288963,1.1491528480026203,1.2085484699168854,Three-step,0.75,0.6,3411,1.0,1.0,1.0
29,0.8980044869706341,0.8847064193437802,0.9847058917245958,Three-step,0.75,0.6,3411,1.0,1.0,1.0
30,1.232837660163847,1.6960965222926285,1.3559164283465888,Three-step,0.75,0.6,3411,1.0,1.0,1.0
31,1.2304718551767124,1.0636272390604182,0.9522514018771339,Three-step,0.75,0.6,3411,1.0,1.0,1.0
32,0.17535068510288418,0.520058888040309,0.697856168006448,Three-step,0.75,0.6,3411,1.0,1.0,1.0
33,1.3322037313863329,0.9747934905991328,1.3264461822419682,Three-step,0.75,0.6,3411,1.0,1.0,1.0
34,0.7515487219879226,1.3519183751092694,0.9774273964347783,Three-step,0.75,0.6,3411,1.0,1.0,1.0
35,1.0507792908628766,1.1450787803600333,1.1161680410161603,Three-step,0.75,0.6,3411,1.0,1.0,1.0
36,0.3686965456829369,0.9478295366323685,1.1191768817283068,Three-step,0.75,0.6,3411,1.0,1.0,1.0
37,0.41357745701432624,0.5424974199224157,1.1675390215332453,Three-step,0.75,0.6,3411,1.0,1.0,1.0
38,1.2694875873666116,1.1385422748960532,1.1111323901858665,Three-step,0.75,0.6,3411,1.0,1.0,1.0
39,1.2309181478883107,1.285799701095231,1.190480415762922,Three-step,0.75,0.6,3411,1.0,1.0,1.0
40,0.4333152536426359,1.049198804876409,0.7646907630702785,Three-step,0.75,0.6,3411,1.0,1.0,1.0
41,1.407609069314826,0.9476147157823628,1.0092810408847366,Three-step,0.75,0.6,3411,1.0,1.0,1.0
42,0.5316914426989954,0.9116064064629178,0.6302339332019599,Three-step,0.75,0.6,3411,1.0,1.0,1.0
43,1.6942912720536145,1.2855957561717295,0.7950742269418485,Three-step,0.75,0.6,3411,1.0,1.0,1.0
44,1.48043998984305,1.4784429669936507,1.1851157078162131,Three-step,0.75,0.6,3411,1.0,1.0,1.0
45,0.7599183459115955,1.1278224344289,1.0189121707153803,Three-step,0.75,0.6,3411,1.0,1.0,1.0
46,1.0027788295955493,1.1677452306167646,1.0116152694531757,Three-step,0.75,0.6,3411,1.0,1.0,1.0
47,1.4122869259489106,0.9858491859490631,0.9247761183064164,Three-step,0.75,0.6,3411,1.0,1.0,1.0
48,1.0501250468097802,1.215099947868284,0.9135000654314784,Three-step,0.75,0.6,3411,1.0,1.0,1.0
49,0.7691726170665208,0.7226371652720851,0.4910208800224039,Three-step,0.75,0.6,3411,1.0,1.0,1.0
50,1.914110482403557,1.416967829894552,1.5339716525615232,Three-step,0.75,0.6,3411,1.0,1.0,1.0
51,1.038051717357884,1.3099150005026787,1.1039151381493506,Three-step,0.75,0.6,3411,1.0,1.0,1.0
52,1.1166427746302265,1.0392629938994153,0.8574310144095407,Three-step,0.75,0.6,3411,1.0,1.0,1.0
53,2.0735982927698706,1.202795820762502,0.8240882129947418,Three-step,0.75,0.6,3411,1.0,1.0,1.0
54,1.3266850779455863,1.339464798301521,1.03440866099094,Three-step,0.75,0.6,3411,1.0,1.0,1.0
55,1.5068218631230974,0.8253480902507084,0.9058237358099028,Three-step,0.75,0.6,3411,1.0,1.0,1.0
56,0.6484621828468717,0.867678827721953,0.6694025828901506,Three-step,0.75,0.6,3411,1.0,1.0,1.0
57,1.2157954279140266,1.0774664538293768,0.849495720859423,Three-step,0.75,0.6,3411,1.0,1.0,1.0
58,0.22246128474897608,1.117133578291462,0.6900224707160811,Three-step,0.75,0.6,3411,1.0,1.0,1.0
59,1.5467637236019187,1.1665963232828327,0.9610323814334824,Three-step,0.75,0.6,3411,1.0,1.0,1.0
60,0.144402347753257,1.160321932382807,1.1261143127268307,Three-step,0.75,0.6,3411,1.0,1.0,1.0
61,0.6365065094669222,1.6660453080592117,1.1691020927636557,Three-step,0.75,0.6,3411,1.0,1.0,1.0
62,0.4480811861452676,1.0483626875688021,0.7788403663684118,Three-step,0.75,0.6,3411,1.0,1.0,1.0
63,0.6581533672508738,0.6906224032472387,0.8102839088779782,Three-step,0.75,0.6,3411,1.0,1.0,1.0
64,0.9092311422318825,1.5983607964474775,1.3086415126236577,Three-step,0.75,0.6,3411,1.0,1.0,1.0
65,2.0523892802716723,1.2872523469140835,1.2389817716945404,Three-step,0.75,0.6,3411,1.0,1.0,1.0
66,0.7210187577382258,1.3420383525451125,0.8120330249322704,Three-step,0.75,0.6,3411,1.0,1.0,1.0
67,0.9350370849243894,1.0422583291906007,0.9157098037565213,Three-step,0.75,0.6,3411,1.0,1.0,1.0
68,1.593196219867615,1.433679307108323,1.3397140521273716,Three-step,0.75,0.6,3411,1.0,1.0,1.0
69,0.7446318387360238,0.9446368651446138,0.9883930959879814,Three-step,0.75,0.6,3411,1.0,1.0,1.0
70,0.7584468601608739,0.6952193147469644,0.544988893290283,Three-step,0.75,0.6,3411,1.0,1.0,1.0
71,0.9509868759054072,1.4365700961687318,0.9425896408730886,Three-step,0.75,0.6,3411,1.0,1.0,1.0
72,0.8529055446751193,1.2904760861419662,0.9218110881370359,Three-step,0.75,0.6,3411,1.0,1.0,1.0
73,0.46721064106569116,1.319619555689771,1.012905113397139,Three-step,0.75,0.6,3411,1.0,1.0,1.0
74,1.013925589261567,0.8979826480968957,0.7691207381377911,Three-step,0.75,0.6,3411,1.0,1.0,1.0
75,1.0959902380315842,0.9433410766601221,1.1284937104064237,Three-step,0.75,0.6,3411,1.0,1.0,1.0
76,0.9450943222536994,1.2950836386912568,0.8222197934533273,Three-step,0.75,0.6,3411,1.0,1.0,1.0
77,0.6397108301570317,0.9003015559216546,1.034794254977553,Three-step,0.75,0.6,3411,1.0,1.0,1.0
78,1.0971116017106448,0.9134429185316846,0.8352928640840559,Three-step,0.75,0.6,3411,1.0,1.0,1.0
79,0.5255903704762126,0.5923611640853939,0.9392014522083868,Three-step,0.75,0.6,3411,1.0,1.0,1.0
80,1.1073628351594427,0.7932620717963955,0.9418418778508053,Three-step,0.75,0.6,3411,1.0,1.0,1.0
81,0.6688642659357052,1.0798061945660582,1.136363833547068,Three-step,0.75,0.6,3411,1.0,1.0,1.0
82,0.5383824168439781,0.999148202390619,0.9208703657569172,Three-step,0.75,0.6,3411,1.0,1.0,1.0
83,0.7869795557700106,1.219488304681409,0.6596974622850992,Three-step,0.75,0.6,3411,1.0,1.0,1.0
84,0.019002500555917727,0.37980696657678853,0.7099221680289046,Three-step,0.75,0.6,3411,1.0,1.0,1.0
85,1.5414628390777496,1.3144848754086957,1.298957689807216,Three-step,0.75,0.6,3411,1.0,1.0,1.0
86,0.7395616575563582,1.1708190396393285,1.0971158593911559,Three-step,0.75,0.6,3411,1.0,1.0,1.0
87,1.9629368034688173,1.337322190461141,0.9414612566486309,Three-step,0.75,0.6,3411,1.0,1.0,1.0
88,1.0896366639399042,0.8739825553054905,1.3371907373197005,Three-step,0.75,0.6,3411,1.0,1.0,1.0
89,1.1015626742555285,1.4568978508985737,1.1196265269361578,Three-step,0.75,0.6,3411,1.0,1.0,1.0
90,1.6321851585988452,1.2726896317154002,0.9245978449586915,Three-step,0.75,0.6,3411,1.0,1.0,1.0
91,0.7659780837640194,1.2993623584709455,0.8158782591150615,Three-step,0.75,0.6,3411,1.0,1.0,1.0
92,0.9091205366277081,1.2277246515973383,1.4167313859548136,Three-step,0.75,0.6,3411,1.0,1.0,1.0
93,1.1895816944941893,1.1460825114104596,0.7293763092901336,Three-step,0.75,0.6,3411,1.0,1.0,1.0
94,0.6779825843529731,1.089426533681733,1.0223715569780265,Three-step,0.75,0.6,3411,1.0,1.0,1.0
95,1.2974688418877025,1.1505478257933917,0.9948036477457025,Three-step,0.75,0.6,3411,1.0,1.0,1.0
96,1.1473488814953625,1.304866356270251,1.128076749494313,Three-step,0.75,0.6,3411,1.0,1.0,1.0
97,1.4680104805708267,1.311259275990209,1.3029372385633744,Three-step,0.75,0.6,3411,1.0,1.0,1.0
98,0.6285180968709604,0.8244950140651074,0.8937893296469839,Three-step,0.75,0.6,3411,1.0,1.0,1.0
99,0.5448206614664461,1.107084294068322,1.0968930093774336,Three-step,0.75,0.6,3411,1.0,1.0,1.0
100,0.7462004421240652,0.7612971826093952,0.9759207983070552,Three-step,0.75,0.6,3411,1.0,1.0,1.0
1,1.3889797516552864,0.7935671128188515,0.8317169838149635,Robins' estimator,0.75,0.6,3411,1.0,1.0,1.0
2,0.34712517569652657,0.5099190652378072,0.6960060013160742,Robins' estimator,0.75,0.6,3411,1.0,1.0,1.0
3,0.5650602954236826,0.8932013653804938,0.7320311379814797,Robins' estimator,0.75,0.6,3411,1.0,1.0,1.0
4,1.2463889116720364,0.993288177918776,1.135814183983853,Robins' estimator,0.75,0.6,3411,1.0,1.0,1.0
5,1.4125424383586602,1.032907924354007,0.875067026196718,Robins' estimator,0.75,0.6,3411,1.0,1.0,1.0
6,1.06618126845951,1.1494820135492774,0.9602181214810214,Robins' estimator,0.75,0.6,3411,1.0,1.0,1.0
7,1.2380148812939225,0.8568543852150303,0.9010520272332252,Robins' estimator,0.75,0.6,3411,1.0,1.0,1.0
8,0.5041616434103322,0.6752549966118133,1.2302965512953943,Robins' estimator,0.75,0.6,3411,1.0,1.0,1.0
9,0.4430483021878582,0.8395318774805351,0.9292677818654688,Robins' estimator,0.75,0.6,3411,1.0,1.0,1.0
10,1.583270860709419,1.205139368712433,0.7439448510421992,Robins' estimator,0.75,0.6,3411,1.0,1.0,1.0
11,1.339962913627472,1.0681605939048342,0.9908854049506132,Robins' estimator,0.75,0.6,3411,1.0,1.0,1.0
12,0.8606365170482936,1.2236801688310854,0.5720174325988593,Robins' estimator,0.75,0.6,3411,1.0,1.0,1.0
13,1.6254541607425321,1.2867160376982214,1.1408819017101186,Robins' estimator,0.75,0.6,3411,1.0,1.0,1.0
14,1.3127256855018425,1.3286902478633331,1.1764153072669772,Robins' estimator,0.75,0.6,3411,1.0,1.0,1.0
15,1.688654286488181,1.5180719362061474,1.2869157510535656,Robins' estimator,0.75,0.6,3411,1.0,1.0,1.0
16,1.807168470327391,1.7850255877358934,1.5292944978536402,Robins' estimator,0.75,0.6,3411,1.0,1.0,1.0
17,0.849203500895859,1.244477360118476,1.1653319340928239,Robins' estimator,0.75,0.6,3411,1.0,1.0,1.0
18,2.3748893206760577,1.3476151904860547,1.0258983623550118,Robins' estimator,0.75,0.6,3411,1.0,1.0,1.0
19,1.0087109642214227,1.0535912893990123,0.7932754415466564,Robins' estimator,0.75,0.6,3411,1.0,1.0,1.0
20,0.7694498527795431,0.8201304266919481,0.7515534668072901,Robins' estimator,0.75,0.6,3411,1.0,1.0,1.0
21,1.612049284933321,1.3751743512560004,1.5005131082472483,Robins' estimator,0.75,0.6,3411,1.0,1.0,1.0
22,0.8137584160091604,0.931505343661775,0.7027848508177776,Robins' estimator,0.75,0.6,3411,1.0,1.0,1.0
23,0.9060652450531704,1.4491699208061646,1.140783577281031,Robins' estimator,0.75,0.6,3411,1.0,1.0,1.0
24,0.2177587175237167,0.6443796401964833,1.1092515660269626,Robins' estimator,0.75,0.6,3411,1.0,1.0,1.0
25,0.9819796500433793,0.8606747547046983,1.4802445808442097,Robins' estimator,0.75,0.6,3411,1.0,1.0,1.0
26,0.7833140707132663,0.4642550126795931,0.8888701091197824,Robins' estimator,0.75,0.6,3411,1.0,1.0,1.0
27,1.1515360090588729,1.1662155951812363,1.3015930024677664,Robins' estimator,0.75,0.6,3411,1.0,1.0,1.0
28,1.2034833145073252,1.1038278085441602,1.2085484699123996,Robins' estimator,0.75,0.6,3411,1.0,1.0,1.0
29,0.6112879336210885,0.9192309610896063,0.9847058917189199,Robins' estimator,0.75,0.6,3411,1.0,1.0,1.0
30,1.494839653731692,1.837180468953553,1.3559164283471457,Robins' estimator,0.75,0.6,3411,1.0,1.0,1.0
31,0.9738240237450568,1.0999071294132632,0.9522514016822665,Robins' estimator,0.75,0.6,3411,1.0,1.0,1.0
32,0.36625225724626986,0.6239025575030374,0.6978561680053516,Robins' estimator,0.75,0.6,3411,1.0,1.0,1.0
33,1.111377491779934,0.9391447621175736,1.3264461822409006,Robins' estimator,0.75,0.6,3411,1.0,1.0,1.0
34,0.7502948796948442,1.2202784503935642,0.9774273964385211,Robins' estimator,0.75,0.6,3411,1.0,1.0,1.0
35,1.174544931575509,1.1164864588277694,1.1161680410145944,Robins' estimator,0.75,0.6,3411,1.0,1.0,1.0
36,0.6926546052320426,0.9159610472498069,1.1191768817042096,Robins' estimator,0.75,0.6,3411,1.0,1.0,1.0
37,0.6916996752060578,0.5943714454062823,1.1675390215317054,Robins' estimator,0.75,0.6,3411,1.0,1.0,1.0
38,1.3513931754351978,0.9564862872470563,1.1111323901823038,Robins' estimator,0.75,0.6,3411,1.0,1.0,1.0
39,1.142129808496544,1.320929860101462,1.1904804159541083,Robins' estimator,0.75,0.6,3411,1.0,1.0,1.0
40,0.70745029424364,1.0524622944783253,0.7646907630684767,Robins' estimator,0.75,0.6,3411,1.0,1.0,1.0
41,1.6263991736374992,1.0635730069114302,1.0092810408741066,Robins' estimator,0.75,0.6,3411,1.0,1.0,1.0
42,0.6202240178913426,0.7971029792551915,0.6302339332030558,Robins' estimator,0.75,0.6,3411,1.0,1.0,1.0
43,1.398742555461952,1.1631579995028787,0.7950742269436671,Robins' estimator,0.75,0.6,3411,1.0,1.0,1.0
44,1.61840172998696,1.3366390893289517,1.185115707768095,Robins' estimator,0.75,0.6,3411,1.0,1.0,1.0
45,0.8215718816731876,1.0631623752103279,1.0189121707147797,Robins' estimator,0.75,0.6,3411,1.0,1.0,1.0
46,1.34498098989684,1.132506897322859,1.01161526942994,Robins' estimator,0.75,0.6,3411,1.0,1.0,1.0
47,1.6150223924584206,0.9702177056243557,0.9247761183023583,Robins' estimator,0.75,0.6,3411,1.0,1.0,1.0
48,1.3689735961756468,1.359301106653279,0.9135000654281322,Robins' estimator,0.75,0.6,3411,1.0,1.0,1.0
49,0.686247850320434,0.5565760959462774,0.4910208800239062,Robins' estimator,0.75,0.6,3411,1.0,1.0,1.0
50,2.063921618492837,1.303831526055222,1.5339716524539078,Robins' estimator,0.75,0.6,3411,1.0,1.0,1.0
51,1.4140736721735703,1.1551205334368895,1.1039151374955205,Robins' estimator,0.75,0.6,3411,1.0,1.0,1.0
52,1.0881437168365387,1.0551511842059704,0.8574310143242252,Robins' estimator,0.75,0.6,3411,1.0,1.0,1.0
53,2.3184794091899685,1.1099316014923575,0.8240882125006342,Robins' estimator,0.75,0.6,3411,1.0,1.0,1.0
54,1.2766314332172173,1.2618804577776026,1.0344086610022019,Robins' estimator,0.75,0.6,3411,1.0,1.0,1.0
55,1.2332353316325975,0.7997342482907425,0.9058237358108633,Robins' estimator,0.75,0.6,3411,1.0,1.0,1.0
56,0.6373645155188279,0.8924095000612832,0.6694025828900267,Robins' estimator,0.75,0.6,3411,1.0,1.0,1.0
57,1.4337929491718169,1.0498829187766547,0.8494957208596974,Robins' estimator,0.75,0.6,3411,1.0,1.0,1.0
58,0.4414503270676089,1.0871522693355402,0.6900224707136183,Robins' estimator,0.75,0.6,3411,1.0,1.0,1.0
59,1.2239069974396577,1.1393077806590133,0.961032381436155,Robins' estimator,0.75,0.6,3411,1.0,1.0,1.0
60,0.5284793486646779,1.0531642341857512,1.1261143127121211,Robins' estimator,0.75,0.6,3411,1.0,1.0,1.0
61,0.81982672291191,1.5329973285619596,1.1691020927631108,Robins' estimator,0.75,0.6,3411,1.0,1.0,1.0
62,0.7603739414702703,1.0669895752955036,0.7788403663796477,Robins' estimator,0.75,0.6,3411,1.0,1.0,1.0
63,0.7871501152551403,0.722915532166642,0.8102839088738817,Robins' estimator,0.75,0.6,3411,1.0,1.0,1.0
64,1.1418070081713934,1.460761052763436,1.3086415125923048,Robins' estimator,0.75,0.6,3411,1.0,1.0,1.0
65,2.205188256804861,1.2788965235480614,1.238981771402153,Robins' estimator,0.75,0.6,3411,1.0,1.0,1.0
66,0.954161685103375,1.1790549049235355,0.8120330248923222,Robins' estimator,0.75,0.6,3411,1.0,1.0,1.0
67,1.0054051800111248,1.0216182019629994,0.9157098036458631,Robins' estimator,0.75,0.6,3411,1.0,1.0,1.0
68,1.6489986225932762,1.3276968843591588,1.3397140520594784,Robins' estimator,0.75,0.6,3411,1.0,1.0,1.0
69,0.9355106619398069,0.7770495061035531,0.9883930959874392,Robins' estimator,0.75,0.6,3411,1.0,1.0,1.0
70,0.9708115937844815,0.6828866771695196,0.544988893296687,Robins' estimator,0.75,0.6,3411,1.0,1.0,1.0
71,1.017484312876011,1.3489701078715546,0.942589640843455,Robins' estimator,0.75,0.6,3411,1.0,1.0,1.0
72,0.8145541883711113,1.232026679297102,0.9218110881359256,Robins' estimator,0.75,0.6,3411,1.0,1.0,1.0
73,0.6183207350010365,1.3301089618674218,1.0129051133866744,Robins' estimator,0.75,0.6,3411,1.0,1.0,1.0
74,0.8649197257627673,0.9708249433226583,0.7691207381259918,Robins' estimator,0.75,0.6,3411,1.0,1.0,1.0
75,1.086190684517043,0.9676543382154829,1.128493710336769,Robins' estimator,0.75,0.6,3411,1.0,1.0,1.0
76,1.3454073504917654,1.4133119447661242,0.8222197934534062,Robins' estimator,0.75,0.6,3411,1.0,1.0,1.0
77,0.7815010333114807,0.8922291933257194,1.0347942549599904,Robins' estimator,0.75,0.6,3411,1.0,1.0,1.0
78,0.9153668288846983,0.868979097365407,0.8352928640543,Robins' estimator,0.75,0.6,3411,1.0,1.0,1.0
79,0.7777998549113638,0.8108784651926637,0.9392014522006457,Robins' estimator,0.75,0.6,3411,1.0,1.0,1.0
80,1.4759388257923414,0.7980937687625742,0.9418418778481042,Robins' estimator,0.75,0.6,3411,1.0,1.0,1.0
81,0.6593046064118783,1.103947482242962,1.1363638335469635,Robins' estimator,0.75,0.6,3411,1.0,1.0,1.0
82,0.90376257486126,0.9757650590426098,0.9208703656803927,Robins' estimator,0.75,0.6,3411,1.0,1.0,1.0
83,1.4924218106094618,1.0805640523681308,0.6596974622844772,Robins' estimator,0.75,0.6,3411,1.0,1.0,1.0
84,0.3096581824229782,0.42634013752053834,0.7099221680286313,Robins' estimator,0.75,0.6,3411,1.0,1.0,1.0
85,1.5407630679616688,1.3570563939164864,1.298957689687991,Robins' estimator,0.75,0.6,3411,1.0,1.0,1.0
86,0.8827387004124979,0.9934770808585268,1.0971158592861288,Robins' estimator,0.75,0.6,3411,1.0,1.0,1.0
87,1.8319193619726217,1.2413717445407604,0.9414612563492335,Robins' estimator,0.75,0.6,3411,1.0,1.0,1.0
88,1.0754021487621646,0.966437601523454,1.337190737304846,Robins' estimator,0.75,0.6,3411,1.0,1.0,1.0
89,1.0949635130354134,1.4183807297895579,1.119626526658644,Robins' estimator,0.75,0.6,3411,1.0,1.0,1.0
90,1.3318741181832063,1.3243915256983079,0.9245978449581281,Robins' estimator,0.75,0.6,3411,1.0,1.0,1.0
91,0.9417139072027086,1.3146229181393358,0.815878259060442,Robins' estimator,0.75,0.6,3411,1.0,1.0,1.0
92,0.8445565850637181,1.3431488168323522,1.4167313859329669,Robins' estimator,0.75,0.6,3411,1.0,1.0,1.0
93,1.0393233917970914,1.108363903370226,0.7293763092238761,Robins' estimator,0.75,0.6,3411,1.0,1.0,1.0
94,0.8013840893505499,1.0130588244071213,1.022371556977961,Robins' estimator,0.75,0.6,3411,1.0,1.0,1.0
95,1.3414938529343856,1.291307271161405,0.9948036477426344,Robins' estimator,0.75,0.6,3411,1.0,1.0,1.0
96,1.3320946637989624,1.3762114403027832,1.128076749476982,Robins' estimator,0.75,0.6,3411,1.0,1.0,1.0
97,1.3906697403244894,1.1773474829568884,1.302937238584179,Robins' estimator,0.75,0.6,3411,1.0,1.0,1.0
98,0.6627977277350834,0.6870472300558828,0.8937893296466572,Robins' estimator,0.75,0.6,3411,1.0,1.0,1.0
99,0.936276516872242,1.3720662630219311,1.0968930093773852,Robins' estimator,0.75,0.6,3411,1.0,1.0,1.0
100,0.8952935200875743,0.7941364653692401,0.9759207982986263,Robins' estimator,0.75,0.6,3411,1.0,1.0,1.0
1,1.3611785031933827,0.8082276583033576,0.8480194870600686,GMM estimator,0.75,0.6,3411,1.0,1.0,1.0
2,0.3509834997510745,0.5219151086104676,0.7041164139470698,GMM estimator,0.75,0.6,3411,1.0,1.0,1.0
3,0.2876345927588242,0.7899706221498091,0.7718420721208041,GMM estimator,0.75,0.6,3411,1.0,1.0,1.0
4,1.193747336461648,0.9646824694261379,1.1002019427824752,GMM estimator,0.75,0.6,3411,1.0,1.0,1.0
5,1.185551856887634,0.9690149168842409,0.8787875703522008,GMM estimator,0.75,0.6,3411,1.0,1.0,1.0
6,1.0544147360563825,1.1571415143396064,0.9636965802187021,GMM estimator,0.75,0.6,3411,1.0,1.0,1.0
7,1.2748775111425186,0.8593186351163897,0.9298176609424222,GMM estimator,0.75,0.6,3411,1.0,1.0,1.0
8,0.5098071990948106,0.6797506494141359,1.2307862593018912,GMM estimator,0.75,0.6,3411,1.0,1.0,1.0
9,0.37779210740072966,0.7750484709200772,0.9269799494865645,GMM estimator,0.75,0.6,3411,1.0,1.0,1.0
10,1.5898845596507372,1.1700249462561958,0.7316017102000063,GMM estimator,0.75,0.6,3411,1.0,1.0,1.0
11,1.3338046027416095,1.0647610739845468,1.009997253636679,GMM estimator,0.75,0.6,3411,1.0,1.0,1.0
12,0.8591029892506666,1.20158750868426,0.5643099390902888,GMM estimator,0.75,0.6,3411,1.0,1.0,1.0
13,1.6516238803717793,1.309496898581458,1.1586127192068236,GMM estimator,0.75,0.6,3411,1.0,1.0,1.0
14,1.2875382044693346,1.305791698648442,1.157361995490752,GMM estimator,0.75,0.6,3411,1.0,1.0,1.0
15,1.6682778839716912,1.512115225439819,1.3030456016187042,GMM estimator,0.75,0.6,3411,1.0,1.0,1.0
16,1.7700681909961702,1.7741173605743732,1.54200305005109,GMM estimator,0.75,0.6,3411,1.0,1.0,1.0
17,0.8045106635422677,1.2273608451931466,1.1276589710486018,GMM estimator,0.75,0.6,3411,1.0,1.0,1.0
18,2.276122564076063,1.305619350068301,1.021556274643346,GMM estimator,0.75,0.6,3411,1.0,1.0,1.0
19,1.0128543930640987,1.0904346092794437,0.8485681434013694,GMM estimator,0.75,0.6,3411,1.0,1.0,1.0
20,0.7199794824299768,0.7894447630022837,0.7757550701672871,GMM estimator,0.75,0.6,3411,1.0,1.0,1.0
21,1.4758131779712726,1.3253146391915789,1.4419253552930864,GMM estimator,0.75,0.6,3411,1.0,1.0,1.0
22,0.8007295044392184,0.9312373613124871,0.7129893111973965,GMM estimator,0.75,0.6,3411,1.0,1.0,1.0
23,0.8904829132407309,1.4594180096104314,1.1313378933004896,GMM estimator,0.75,0.6,3411,1.0,1.0,1.0
24,0.17465305657192134,0.6761531713870925,1.149297977298895,GMM estimator,0.75,0.6,3411,1.0,1.0,1.0
25,0.9820622587105463,0.8569327298360756,1.4876078857680066,GMM estimator,0.75,0.6,3411,1.0,1.0,1.0
26,0.7741563413323146,0.4576020095137079,0.8729579479648142,GMM estimator,0.75,0.6,3411,1.0,1.0,1.0
27,1.044904763458387,1.1078961916131642,1.245683382905341,GMM estimator,0.75,0.6,3411,1.0,1.0,1.0
28,1.1740973517708533,1.0724913907663554,1.2122041335726346,GMM estimator,0.75,0.6,3411,1.0,1.0,1.0
29,0.5271196497046998,0.8879916545581231,0.953448885477867,GMM estimator,0.75,0.6,3411,1.0,1.0,1.0
30,1.3509491115198897,1.7550034148944578,1.3360668852844981,GMM estimator,0.75,0.6,3411,1.0,1.0,1.0
31,0.849732633824581,1.0483343285764275,0.9253178115135009,GMM estimator,0.75,0.6,3411,1.0,1.0,1.0
32,0.4174437581267352,0.6939692888006364,0.7443327414164645,GMM estimator,0.75,0.6,3411,1.0,1.0,1.0
33,1.05573477118803,0.9309019941844416,1.299316835599627,GMM estimator,0.75,0.6,3411,1.0,1.0,1.0
34,0.7528191417019644,1.2392121666292673,1.010498148394734,GMM estimator,0.75,0.6,3411,1.0,1.0,1.0
35,1.1668484106441324,1.1025406905462622,1.0923937979340208,GMM estimator,0.75,0.6,3411,1.0,1.0,1.0
36,0.6124030751343092,0.8877069820262052,1.1000737769021625,GMM estimator,0.75,0.6,3411,1.0,1.0,1.0
37,0.6527479353119063,0.5772420835096105,1.1196381429872297,GMM estimator,0.75,0.6,3411,1.0,1.0,1.0
38,1.2356340618727497,0.9334512327611134,1.0625557143607989,GMM estimator,0.75,0.6,3411,1.0,1.0,1.0
39,1.1459781568877871,1.3244752181389283,1.2022865834224798,GMM estimator,0.75,0.6,3411,1.0,1.0,1.0
40,0.6169163488261129,1.0212546117486658,0.7406010160052074,GMM estimator,0.75,0.6,3411,1.0,1.0,1.0
41,1.6699307538358235,1.0874226659380442,1.1018330982250928,GMM estimator,0.75,0.6,3411,1.0,1.0,1.0
42,0.5949538722097003,0.777868863068639,0.6090875093457654,GMM estimator,0.75,0.6,3411,1.0,1.0,1.0
43,1.2498071761482283,1.0788239283536911,0.7373618819751777,GMM estimator,0.75,0.6,3411,1.0,1.0,1.0
44,1.588760268466919,1.302532163848106,1.1335962972743368,GMM estimator,0.75,0.6,3411,1.0,1.0,1.0
45,0.8090143741610212,1.0366436574505404,1.0001644207089417,GMM estimator,0.75,0.6,3411,1.0,1.0,1.0
46,1.2442433747357369,1.0698742598074644,0.9910269115962926,GMM estimator,0.75,0.6,3411,1.0,1.0,1.0
47,1.5682115938344139,0.939069322676176,0.92656214254177,GMM estimator,0.75,0.6,3411,1.0,1.0,1.0
48,1.2280152439693959,1.252530884841793,0.9036365101945342,GMM estimator,0.75,0.6,3411,1.0,1.0,1.0
49,0.5348095873670783,0.48829641771647503,0.4018673813726645,GMM estimator,0.75,0.6,3411,1.0,1.0,1.0
50,1.895221922815439,1.2578771028444773,1.5198181297125992,GMM estimator,0.75,0.6,3411,1.0,1.0,1.0
51,1.055680430249232,1.0103387434750242,1.0511799729406084,GMM estimator,0.75,0.6,3411,1.0,1.0,1.0
52,1.0893699733212334,1.0545982858064091,0.8595266392291412,GMM estimator,0.75,0.6,3411,1.0,1.0,1.0
53,2.2566417472252134,1.034244813707389,0.7792972662605597,GMM estimator,0.75,0.6,3411,1.0,1.0,1.0
54,1.2879232470048965,1.271080374361848,1.0445909229868424,GMM estimator,0.75,0.6,3411,1.0,1.0,1.0
55,1.1559033478677743,0.767616694942312,0.8702636078290309,GMM estimator,0.75,0.6,3411,1.0,1.0,1.0
56,0.6462467260742241,0.9082072586404588,0.6817470250355541,GMM estimator,0.75,0.6,3411,1.0,1.0,1.0
57,1.3776949189447858,1.0289787086977484,0.8458042845573592,GMM estimator,0.75,0.6,3411,1.0,1.0,1.0
58,0.3110735883321125,1.0139253794812957,0.6829317973006285,GMM estimator,0.75,0.6,3411,1.0,1.0,1.0
59,1.0360239538606144,1.05188651707868,0.8917288497494652,GMM estimator,0.75,0.6,3411,1.0,1.0,1.0
60,0.24905879638266337,0.956951150431509,1.13754519071525,GMM estimator,0.75,0.6,3411,1.0,1.0,1.0
61,0.7386438393172016,1.4697037519076241,1.0949709538038024,GMM estimator,0.75,0.6,3411,1.0,1.0,1.0
62,0.7145708646396762,0.9679600667120526,0.7854809789256609,GMM estimator,0.75,0.6,3411,1.0,1.0,1.0
63,0.791702352242594,0.7343250269155007,0.8507022546572537,GMM estimator,0.75,0.6,3411,1.0,1.0,1.0
64,1.048052754750713,1.3769644002813304,1.2112303972839826,GMM estimator,0.75,0.6,3411,1.0,1.0,1.0
65,2.1589026939277,1.2481576283537823,1.227055894689465,GMM estimator,0.75,0.6,3411,1.0,1.0,1.0
66,0.8748842181756622,1.1757952522082502,0.7642457380692137,GMM estimator,0.75,0.6,3411,1.0,1.0,1.0
67,0.9850601597018896,1.0175014349640548,0.9130892779689133,GMM estimator,0.75,0.6,3411,1.0,1.0,1.0
68,1.63689995984932,1.2999660940618238,1.2754684761148583,GMM estimator,0.75,0.6,3411,1.0,1.0,1.0
69,0.8277467921990204,0.7103629028160333,0.9306412806424201,GMM estimator,0.75,0.6,3411,1.0,1.0,1.0
70,0.9404458680719312,0.6830043148572319,0.5677728546411347,GMM estimator,0.75,0.6,3411,1.0,1.0,1.0
71,1.0103907208237104,1.328233994721215,0.9334684566302986,GMM estimator,0.75,0.6,3411,1.0,1.0,1.0
72,0.8061079564745598,1.2265947745789518,0.9102965046338187,GMM estimator,0.75,0.6,3411,1.0,1.0,1.0
73,0.5755075466586915,1.3347457795058046,1.020176252311844,GMM estimator,0.75,0.6,3411,1.0,1.0,1.0
74,0.8837212171622058,0.99208790436716,0.7453384299440426,GMM estimator,0.75,0.6,3411,1.0,1.0,1.0
75,1.105788035215355,0.9759250225450667,1.1341554882684595,GMM estimator,0.75,0.6,3411,1.0,1.0,1.0
76,1.061573205466402,1.2789506306483638,0.8247296826632942,GMM estimator,0.75,0.6,3411,1.0,1.0,1.0
77,0.8046196620818188,0.9091914144254121,1.059624386020252,GMM estimator,0.75,0.6,3411,1.0,1.0,1.0
78,0.7740429501122532,0.7938070998497918,0.7801723184521703,GMM estimator,0.75,0.6,3411,1.0,1.0,1.0
79,0.7601973891001174,0.8618543297312042,0.9970392937143686,GMM estimator,0.75,0.6,3411,1.0,1.0,1.0
80,1.412787094537249,0.7875512037529395,0.9527598643641758,GMM estimator,0.75,0.6,3411,1.0,1.0,1.0
81,0.6640799455089521,1.1025886532305698,1.144675805384997,GMM estimator,0.75,0.6,3411,1.0,1.0,1.0
82,0.7059258491136055,0.9173114039156842,0.9405179810212627,GMM estimator,0.75,0.6,3411,1.0,1.0,1.0
83,0.7939307315468406,0.8196782818187611,0.4428146979172233,GMM estimator,0.75,0.6,3411,1.0,1.0,1.0
84,0.33797462444974413,0.5314597586906825,0.7609345127304878,GMM estimator,0.75,0.6,3411,1.0,1.0,1.0
85,1.5223014871111937,1.3618744120264819,1.3028358053069073,GMM estimator,0.75,0.6,3411,1.0,1.0,1.0
86,0.7922227450203989,0.9164402422116981,1.0154562289926212,GMM estimator,0.75,0.6,3411,1.0,1.0,1.0
87,1.7987354835732046,1.222050658278552,0.9091933195865175,GMM estimator,0.75,0.6,3411,1.0,1.0,1.0
88,1.0520882769777062,0.9523983270302377,1.3371315308073604,GMM estimator,0.75,0.6,3411,1.0,1.0,1.0
89,1.0898074143251097,1.4199061578822842,1.1153231799401415,GMM estimator,0.75,0.6,3411,1.0,1.0,1.0
90,1.3018085898891156,1.3327332609925167,0.8976544754774746,GMM estimator,0.75,0.6,3411,1.0,1.0,1.0
91,0.9580516782902283,1.3058145796874507,0.8107331699225527,GMM estimator,0.75,0.6,3411,1.0,1.0,1.0
92,0.881344967458807,1.3472569041444842,1.4154947031285028,GMM estimator,0.75,0.6,3411,1.0,1.0,1.0
93,0.9811438125025649,1.0853878662128027,0.7196101332213943,GMM estimator,0.75,0.6,3411,1.0,1.0,1.0
94,0.8447481243911961,1.02842982378311,1.0406566523015783,GMM estimator,0.75,0.6,3411,1.0,1.0,1.0
95,1.3100524094450257,1.2661793230417098,0.9917457932585885,GMM estimator,0.75,0.6,3411,1.0,1.0,1.0
96,1.2476421776960969,1.3495822709132075,1.1308232612985833,GMM estimator,0.75,0.6,3411,1.0,1.0,1.0
97,1.2074876923388373,1.131541045014786,1.2537850210649604,GMM estimator,0.75,0.6,3411,1.0,1.0,1.0
98,0.6653582202473841,0.6672706197886096,0.8667254624829486,GMM estimator,0.75,0.6,3411,1.0,1.0,1.0
99,0.7219988229236146,1.248665799067469,0.9639615751611473,GMM estimator,0.75,0.6,3411,1.0,1.0,1.0
100,0.8733696895369176,0.7830710176401898,0.9923594541740538,GMM estimator,0.75,0.6,3411,1.0,1.0,1.0
1,1.1763343519859677,1.0923705028740949,0.9905051241289086,Three-step,1.0,0.6,3411,1.0,1.0,1.0
2,0.40958818381616074,0.41765033937970913,0.6024577872884177,Three-step,1.0,0.6,3411,1.0,1.0,1.0
3,0.09610735201370119,0.8271439036240714,0.6899111846023702,Three-step,1.0,0.6,3411,1.0,1.0,1.0
4,1.3035379750328338,1.019687060188936,1.0554695621188108,Three-step,1.0,0.6,3411,1.0,1.0,1.0
5,1.0477366355996363,0.9296638141934145,0.9430773388689944,Three-step,1.0,0.6,3411,1.0,1.0,1.0
6,0.9943546225601924,1.0790677920119403,1.1973228043738968,Three-step,1.0,0.6,3411,1.0,1.0,1.0
7,1.1459533597200917,0.7936387768913281,1.0454496912897189,Three-step,1.0,0.6,3411,1.0,1.0,1.0
8,0.4172317587158572,0.8233940721607769,1.152098993059438,Three-step,1.0,0.6,3411,1.0,1.0,1.0
9,0.16998493002659676,0.8610433220381662,0.9453882832701427,Three-step,1.0,0.6,3411,1.0,1.0,1.0
10,1.4345604068464757,1.1914443789746136,0.81509883172997,Three-step,1.0,0.6,3411,1.0,1.0,1.0
11,1.3246783979100736,1.044711640078089,0.9087575459917492,Three-step,1.0,0.6,3411,1.0,1.0,1.0
12,0.7261177200407043,0.9402924331138192,0.8161855740089443,Three-step,1.0,0.6,3411,1.0,1.0,1.0
13,1.555465460289587,1.195975288241482,1.0413200534779465,Three-step,1.0,0.6,3411,1.0,1.0,1.0
14,1.3697547641407042,0.9951734366883599,1.0471659571027614,Three-step,1.0,0.6,3411,1.0,1.0,1.0
15,1.5813727907633497,1.7447956743888682,1.2973798827347167,Three-step,1.0,0.6,3411,1.0,1.0,1.0
16,1.6906703709350146,1.6553141325031087,1.5542364329550966,Three-step,1.0,0.6,3411,1.0,1.0,1.0
17,0.910618624476337,1.352121336174024,1.2871667168224785,Three-step,1.0,0.6,3411,1.0,1.0,1.0
18,1.8803250836360539,1.4639940553846715,1.2063030878103478,Three-step,1.0,0.6,3411,1.0,1.0,1.0
19,1.0418567306137387,0.8577239203515015,0.7959949739252559,Three-step,1.0,0.6,3411,1.0,1.0,1.0
20,0.5574780787888876,0.7030491276641463,0.7218562068401889,Three-step,1.0,0.6,3411,1.0,1.0,1.0
21,1.9336262210866648,1.389665226105398,1.4105610246228524,Three-step,1.0,0.6,3411,1.0,1.0,1.0
22,0.5915438609026054,0.6923733553324565,0.7740380528242554,Three-step,1.0,0.6,3411,1.0,1.0,1.0
23,0.9663661435140946,1.3633578584898647,1.1263868463543714,Three-step,1.0,0.6,3411,1.0,1.0,1.0
24,-0.09434779923836965,0.655959590241579,1.156746927300504,Three-step,1.0,0.6,3411,1.0,1.0,1.0
25,0.8422159547615498,0.9871683274779981,1.1325799754379027,Three-step,1.0,0.6,3411,1.0,1.0,1.0
26,0.7002319548522425,0.5821312001201041,0.9207748689671692,Three-step,1.0,0.6,3411,1.0,1.0,1.0
27,0.9257593068122759,1.2230289022303213,1.1876937422039475,Three-step,1.0,0.6,3411,1.0,1.0,1.0
28,1.0400596799478443,1.1951042505649156,1.1570558179682962,Three-step,1.0,0.6,3411,1.0,1.0,1.0
29,0.9027419501325323,0.8257899231524432,0.9406523742990404,Three-step,1.0,0.6,3411,1.0,1.0,1.0
30,1.2138503177188893,1.6560400766233325,1.2564858379748365,Three-step,1.0,0.6,3411,1.0,1.0,1.0
31,1.2107077320064248,0.918520758606952,0.9019297804878255,Three-step,1.0,0.6,3411,1.0,1.0,1.0
32,0.19301296858097516,0.36924427336477245,0.7578506766433791,Three-step,1.0,0.6,3411,1.0,1.0,1.0
33,1.3625524828588231,1.0083802055251576,1.181269109757097,Three-step,1.0,0.6,3411,1.0,1.0,1.0
34,0.7407517266664335,1.0416596831208964,1.0336873571768672,Three-step,1.0,0.6,3411,1.0,1.0,1.0
35,1.067510060088908,1.179992753280147,1.1615645367783094,Three-step,1.0,0.6,3411,1.0,1.0,1.0
36,0.375137151844046,1.0174450957164487,0.9063060959316325,Three-step,1.0,0.6,3411,1.0,1.0,1.0
37,0.42614894467260234,0.5164585913034022,1.0181083307150187,Three-step,1.0,0.6,3411,1.0,1.0,1.0
38,1.2825241901120195,1.0615740950053352,1.1150483361116974,Three-step,1.0,0.6,3411,1.0,1.0,1.0
39,1.289554089534298,1.1426276176420656,1.326788208261418,Three-step,1.0,0.6,3411,1.0,1.0,1.0
40,0.4189786071023283,0.8079603230343,0.7722324383531428,Three-step,1.0,0.6,3411,1.0,1.0,1.0
41,1.4265012041854246,0.8499179146910778,1.068710037410788,Three-step,1.0,0.6,3411,1.0,1.0,1.0
42,0.5501236097112937,0.8425151856105835,0.6526130833651814,Three-step,1.0,0.6,3411,1.0,1.0,1.0
43,1.7867946252929392,1.2159845362276895,1.044953875497218,Three-step,1.0,0.6,3411,1.0,1.0,1.0
44,1.5472786788108701,1.2454433765725834,1.1765660098375677,Three-step,1.0,0.6,3411,1.0,1.0,1.0
45,0.7818519721091994,1.10542359434043,1.0345850598156037,Three-step,1.0,0.6,3411,1.0,1.0,1.0
46,0.9627692074444117,0.9271517692326933,1.1985376711798754,Three-step,1.0,0.6,3411,1.0,1.0,1.0
47,1.3940821996192838,0.9020806544567392,0.9825955923255058,Three-step,1.0,0.6,3411,1.0,1.0,1.0
48,1.0280910950105515,1.1312537461276395,0.8669400252530721,Three-step,1.0,0.6,3411,1.0,1.0,1.0
49,0.7566941704521846,0.515883926219601,0.7130049581261911,Three-step,1.0,0.6,3411,1.0,1.0,1.0
50,1.9002658877821883,1.3070488422557371,1.4373051142003663,Three-step,1.0,0.6,3411,1.0,1.0,1.0
51,1.045982496494196,1.2025497725460494,0.8979440532589803,Three-step,1.0,0.6,3411,1.0,1.0,1.0
52,1.1079808523586157,1.1536792350754097,0.9574426404900201,Three-step,1.0,0.6,3411,1.0,1.0,1.0
53,2.10431857519666,1.105671498165854,0.9311645900833599,Three-step,1.0,0.6,3411,1.0,1.0,1.0
54,1.3567823856326122,1.2991890621019164,1.0142955992602787,Three-step,1.0,0.6,3411,1.0,1.0,1.0
55,1.501073174891411,0.8935761221474289,0.9674943781973124,Three-step,1.0,0.6,3411,1.0,1.0,1.0
56,0.6192995472637147,0.48212778096359254,0.548310956995661,Three-step,1.0,0.6,3411,1.0,1.0,1.0
57,1.191464904743549,1.168954468579221,0.9719841315788545,Three-step,1.0,0.6,3411,1.0,1.0,1.0
58,0.25515556767501574,0.7730367377689158,0.6721431137131334,Three-step,1.0,0.6,3411,1.0,1.0,1.0
59,1.5407052332005926,1.2143342549239484,1.0242642742756392,Three-step,1.0,0.6,3411,1.0,1.0,1.0
60,0.13179687301880788,1.0284402602277853,1.1117677528108456,Three-step,1.0,0.6,3411,1.0,1.0,1.0
61,0.6488808154271901,1.3455517518413564,1.1085360043753987,Three-step,1.0,0.6,3411,1.0,1.0,1.0
62,0.46257472369357,0.7347741495766662,0.8015407048923266,Three-step,1.0,0.6,3411,1.0,1.0,1.0
63,0.6485048834121713,0.8419869421730374,0.7938975565342916,Three-step,1.0,0.6,3411,1.0,1.0,1.0
64,0.8676471947261212,1.2864955458180176,1.2081845375990168,Three-step,1.0,0.6,3411,1.0,1.0,1.0
65,2.0760706533245545,1.4142131682490717,1.222631451239463,Three-step,1.0,0.6,3411,1.0,1.0,1.0
66,0.7290522028716186,1.2024420779835145,0.9434678211159174,Three-step,1.0,0.6,3411,1.0,1.0,1.0
67,0.9310435360466235,1.0467768706512124,1.0193561273826492,Three-step,1.0,0.6,3411,1.0,1.0,1.0
68,1.5414702785907548,1.5893914864791086,1.5236789921046419,Three-step,1.0,0.6,3411,1.0,1.0,1.0
69,0.7065169557235605,0.958051383070144,1.0533182591621622,Three-step,1.0,0.6,3411,1.0,1.0,1.0
70,0.7743819550297321,0.7621322551016021,0.6194336486712126,Three-step,1.0,0.6,3411,1.0,1.0,1.0
71,0.9675752291137688,1.150910012021808,0.8321187478497977,Three-step,1.0,0.6,3411,1.0,1.0,1.0
72,0.836631038161428,1.115816509972588,1.0252893539587813,Three-step,1.0,0.6,3411,1.0,1.0,1.0
73,0.4403287938032045,1.2335801448993289,0.9685994103259429,Three-step,1.0,0.6,3411,1.0,1.0,1.0
74,1.0050067743784785,0.8205300435928509,0.7452105108302934,Three-step,1.0,0.6,3411,1.0,1.0,1.0
75,1.1113864307164083,0.9318421109176054,1.0729403978218437,Three-step,1.0,0.6,3411,1.0,1.0,1.0
76,0.9452025451586067,1.1175355475671156,0.9342992671861013,Three-step,1.0,0.6,3411,1.0,1.0,1.0
77,0.6430691856311828,0.8439061401212001,0.9981432603966304,Three-step,1.0,0.6,3411,1.0,1.0,1.0
78,1.0696659653543548,0.7181627955901868,0.8544184440534439,Three-step,1.0,0.6,3411,1.0,1.0,1.0
79,0.5335828907862659,0.6179306265927835,0.9506294859474342,Three-step,1.0,0.6,3411,1.0,1.0,1.0
80,1.077377530633656,0.8287722734021042,0.9621547838433229,Three-step,1.0,0.6,3411,1.0,1.0,1.0
81,0.6721243660603867,0.8715989972663575,1.0228793086288077,Three-step,1.0,0.6,3411,1.0,1.0,1.0
82,0.5440675681515178,1.0560361730011696,1.021963080651916,Three-step,1.0,0.6,3411,1.0,1.0,1.0
83,0.794433904764998,0.9630473129768283,0.8901881154025917,Three-step,1.0,0.6,3411,1.0,1.0,1.0
84,0.03717075453782523,0.4092168082311094,0.5473703636008649,Three-step,1.0,0.6,3411,1.0,1.0,1.0
85,1.5338943524700928,1.2870113625107,1.2917800989972346,Three-step,1.0,0.6,3411,1.0,1.0,1.0
86,0.7549025996591094,1.003945791919694,1.022772853584137,Three-step,1.0,0.6,3411,1.0,1.0,1.0
87,1.977507357805826,1.1886484316548438,0.8984240713177878,Three-step,1.0,0.6,3411,1.0,1.0,1.0
88,1.1168228011093544,0.9635051045441034,1.1083819666879566,Three-step,1.0,0.6,3411,1.0,1.0,1.0
89,1.0601868877338783,1.1654085758367019,1.0701185052701658,Three-step,1.0,0.6,3411,1.0,1.0,1.0
90,1.6202339213392332,1.2149843395112625,0.9918892300266813,Three-step,1.0,0.6,3411,1.0,1.0,1.0
91,0.7940655175843689,1.0465460621763425,0.8782296232513924,Three-step,1.0,0.6,3411,1.0,1.0,1.0
92,0.9667757669807764,1.405452208475299,1.4181303539060754,Three-step,1.0,0.6,3411,1.0,1.0,1.0
93,1.1961797516053951,1.0613652812506493,0.692104549356291,Three-step,1.0,0.6,3411,1.0,1.0,1.0
94,0.6371216887190644,1.0264006769577902,1.0550781971211873,Three-step,1.0,0.6,3411,1.0,1.0,1.0
95,1.322193343302331,1.1209836511204858,1.0799276705045624,Three-step,1.0,0.6,3411,1.0,1.0,1.0
96,1.173985982389452,1.2373497843699612,1.155720080778821,Three-step,1.0,0.6,3411,1.0,1.0,1.0
97,1.5025889459764254,1.6384711246197055,1.2419643249872172,Three-step,1.0,0.6,3411,1.0,1.0,1.0
98,0.6405421858075452,0.6572267961996682,0.8441846915172062,Three-step,1.0,0.6,3411,1.0,1.0,1.0
99,0.5153906248075614,1.1231899679200146,1.1453132334154978,Three-step,1.0,0.6,3411,1.0,1.0,1.0
100,0.771926332227607,0.7026691331293852,0.946133462133553,Three-step,1.0,0.6,3411,1.0,1.0,1.0
1,1.3956756213724726,1.0907112472227758,0.9905051241277488,Robins' estimator,1.0,0.6,3411,1.0,1.0,1.0
2,0.3726745687031736,0.44878749310337707,0.6024577872883471,Robins' estimator,1.0,0.6,3411,1.0,1.0,1.0
3,0.46374662556003904,0.859047412336575,0.6899111845725394,Robins' estimator,1.0,0.6,3411,1.0,1.0,1.0
4,1.1858502392573036,0.995313567576903,1.055469562124403,Robins' estimator,1.0,0.6,3411,1.0,1.0,1.0
5,1.3498754619538054,0.9714053947348453,0.9430773388726609,Robins' estimator,1.0,0.6,3411,1.0,1.0,1.0
6,1.2501935570998373,1.142094264718903,1.1973228043735218,Robins' estimator,1.0,0.6,3411,1.0,1.0,1.0
7,1.1584040814977263,0.7879185772170972,1.045449691289091,Robins' estimator,1.0,0.6,3411,1.0,1.0,1.0
8,0.5123535293027455,0.7996858267784559,1.1520989930529173,Robins' estimator,1.0,0.6,3411,1.0,1.0,1.0
9,0.379974642987568,0.8513813543871249,0.945388283331008,Robins' estimator,1.0,0.6,3411,1.0,1.0,1.0
10,1.41058615902494,1.1265947027398215,0.8150988317337111,Robins' estimator,1.0,0.6,3411,1.0,1.0,1.0
11,1.2729094737978717,1.1393564024206704,0.9087575459913001,Robins' estimator,1.0,0.6,3411,1.0,1.0,1.0
12,0.7940308689140408,0.935711835687385,0.8161855739951387,Robins' estimator,1.0,0.6,3411,1.0,1.0,1.0
13,1.2730804607700297,1.2558162328814604,1.0413200534753475,Robins' estimator,1.0,0.6,3411,1.0,1.0,1.0
14,1.188619808970886,1.0407119215241611,1.0471659570922758,Robins' estimator,1.0,0.6,3411,1.0,1.0,1.0
15,1.3936201029978015,1.7010832477597244,1.2973798827214684,Robins' estimator,1.0,0.6,3411,1.0,1.0,1.0
16,1.5622750326033392,1.7142694354016577,1.5542364330414702,Robins' estimator,1.0,0.6,3411,1.0,1.0,1.0
17,0.9438110162883525,1.329109091388213,1.2871667168221153,Robins' estimator,1.0,0.6,3411,1.0,1.0,1.0
18,1.9170391510466862,1.3367958797572577,1.206303087813993,Robins' estimator,1.0,0.6,3411,1.0,1.0,1.0
19,0.8899301840707067,0.916114879112995,0.7959949739198913,Robins' estimator,1.0,0.6,3411,1.0,1.0,1.0
20,0.8137699029989269,0.6764505956235621,0.7218562068391068,Robins' estimator,1.0,0.6,3411,1.0,1.0,1.0
21,1.4228801338230679,1.3405890057180134,1.4105610246188711,Robins' estimator,1.0,0.6,3411,1.0,1.0,1.0
22,0.8362622554426168,0.6899064692985419,0.7740380528165144,Robins' estimator,1.0,0.6,3411,1.0,1.0,1.0
23,0.9039663136713841,1.3080139890361044,1.1263868463543054,Robins' estimator,1.0,0.6,3411,1.0,1.0,1.0
24,0.2701654646838153,0.6544213819775361,1.1567469272992865,Robins' estimator,1.0,0.6,3411,1.0,1.0,1.0
25,0.8541156473161055,0.965824096365431,1.1325799754208015,Robins' estimator,1.0,0.6,3411,1.0,1.0,1.0
26,0.7611642011586708,0.5185244563893675,0.9207748689649856,Robins' estimator,1.0,0.6,3411,1.0,1.0,1.0
27,0.9388663630924367,1.1628584184210449,1.187693742203918,Robins' estimator,1.0,0.6,3411,1.0,1.0,1.0
28,1.1330295411777664,1.1772948760432693,1.1570558179672785,Robins' estimator,1.0,0.6,3411,1.0,1.0,1.0
29,0.722673349467173,0.8400711357402633,0.9406523742931129,Robins' estimator,1.0,0.6,3411,1.0,1.0,1.0
30,1.2318229359779131,1.6995418982102124,1.2564858379576693,Robins' estimator,1.0,0.6,3411,1.0,1.0,1.0
31,0.9290705125868775,0.8934134892787099,0.9019297804878211,Robins' estimator,1.0,0.6,3411,1.0,1.0,1.0
32,0.36337573612580426,0.42529813438806585,0.7578506766322403,Robins' estimator,1.0,0.6,3411,1.0,1.0,1.0
33,1.1481875868709301,0.9901365754084637,1.1812691097562578,Robins' estimator,1.0,0.6,3411,1.0,1.0,1.0
34,0.66466626625055,1.0368324372380922,1.0336873571768745,Robins' estimator,1.0,0.6,3411,1.0,1.0,1.0
35,1.224814427483942,1.1823924730656354,1.161564536778603,Robins' estimator,1.0,0.6,3411,1.0,1.0,1.0
36,0.6733187320045529,1.0263600092449583,0.906306095896834,Robins' estimator,1.0,0.6,3411,1.0,1.0,1.0
37,0.860479199836741,0.5332004702385572,1.018108330708891,Robins' estimator,1.0,0.6,3411,1.0,1.0,1.0
38,1.4390880029281183,1.0409756197105782,1.1150483360909218,Robins' estimator,1.0,0.6,3411,1.0,1.0,1.0
39,1.1594471053102784,1.0746976496661074,1.326788208261583,Robins' estimator,1.0,0.6,3411,1.0,1.0,1.0
40,0.8739956140809184,0.7464455547014507,0.7722324383511445,Robins' estimator,1.0,0.6,3411,1.0,1.0,1.0
41,1.4815966596626948,0.845833659437008,1.0687100374093237,Robins' estimator,1.0,0.6,3411,1.0,1.0,1.0
42,0.7316468786630771,0.8891331949210056,0.6526130833582564,Robins' estimator,1.0,0.6,3411,1.0,1.0,1.0
43,1.4736735308793512,1.1362984493376214,1.044953875493369,Robins' estimator,1.0,0.6,3411,1.0,1.0,1.0
44,1.5938026910073355,1.2023566343535725,1.1765660097476078,Robins' estimator,1.0,0.6,3411,1.0,1.0,1.0
45,0.7766999760207002,1.1362350017591363,1.0345850598155917,Robins' estimator,1.0,0.6,3411,1.0,1.0,1.0
46,1.5336749340569151,0.945215614872821,1.198537671169868,Robins' estimator,1.0,0.6,3411,1.0,1.0,1.0
47,1.6277839244154992,0.9082659416487483,0.9825955923229418,Robins' estimator,1.0,0.6,3411,1.0,1.0,1.0
48,1.3364584850034713,1.1446315986503701,0.8669400252543749,Robins' estimator,1.0,0.6,3411,1.0,1.0,1.0
49,0.6135988139505482,0.46093218755038573,0.7130049581261824,Robins' estimator,1.0,0.6,3411,1.0,1.0,1.0
50,1.6794275822359686,1.2864273612449664,1.4373051142042945,Robins' estimator,1.0,0.6,3411,1.0,1.0,1.0
51,1.3305093741936067,1.1787936675747719,0.8979440532590772,Robins' estimator,1.0,0.6,3411,1.0,1.0,1.0
52,0.8121537147358372,1.156202989250994,0.9574426404836399,Robins' estimator,1.0,0.6,3411,1.0,1.0,1.0
53,2.256727665942003,1.0958909579496938,0.9311645900722749,Robins' estimator,1.0,0.6,3411,1.0,1.0,1.0
54,1.152866283048409,1.2650952306345384,1.014295599271715,Robins' estimator,1.0,0.6,3411,1.0,1.0,1.0
55,1.0504934893140443,0.9594213125752833,0.9674943781425875,Robins' estimator,1.0,0.6,3411,1.0,1.0,1.0
56,0.6920090667137728,0.5605850376061252,0.5483109569959613,Robins' estimator,1.0,0.6,3411,1.0,1.0,1.0
57,1.3364370013625333,1.064661372824356,0.9719841315897786,Robins' estimator,1.0,0.6,3411,1.0,1.0,1.0
58,0.43196391934869255,0.8470088957938811,0.6721431137151544,Robins' estimator,1.0,0.6,3411,1.0,1.0,1.0
59,1.0919729352955347,1.1817241754711556,1.024264274273434,Robins' estimator,1.0,0.6,3411,1.0,1.0,1.0
60,0.6896703012044494,0.9929040497013351,1.111767752787857,Robins' estimator,1.0,0.6,3411,1.0,1.0,1.0
61,0.8391213791220269,1.2662046379356715,1.1085360043753392,Robins' estimator,1.0,0.6,3411,1.0,1.0,1.0
62,0.9675297470111913,0.8030555446896976,0.8015407048923244,Robins' estimator,1.0,0.6,3411,1.0,1.0,1.0
63,0.8500637184494682,0.7928723786389141,0.7938975565343928,Robins' estimator,1.0,0.6,3411,1.0,1.0,1.0
64,1.0149649531783402,1.2220935191534932,1.2081845375986193,Robins' estimator,1.0,0.6,3411,1.0,1.0,1.0
65,1.7517864714985159,1.3230000170217084,1.2226314512416383,Robins' estimator,1.0,0.6,3411,1.0,1.0,1.0
66,1.1123831949861223,1.114783381971954,0.9434678210929287,Robins' estimator,1.0,0.6,3411,1.0,1.0,1.0
67,0.8725304795348553,1.1713949243212254,1.01935612737078,Robins' estimator,1.0,0.6,3411,1.0,1.0,1.0
68,1.7841674348255305,1.5313192774041697,1.5236789921352138,Robins' estimator,1.0,0.6,3411,1.0,1.0,1.0
69,0.8576413895388811,0.8794703048491929,1.0533182591620465,Robins' estimator,1.0,0.6,3411,1.0,1.0,1.0
70,0.9420240922115207,0.7905952578616104,0.619433648669571,Robins' estimator,1.0,0.6,3411,1.0,1.0,1.0
71,1.0264440846682574,1.1089928949178551,0.832118747854628,Robins' estimator,1.0,0.6,3411,1.0,1.0,1.0
72,0.7710378140930123,1.0463933405332555,1.0252893539587977,Robins' estimator,1.0,0.6,3411,1.0,1.0,1.0
73,0.6570160331584634,1.1502612412890645,0.9685994103252566,Robins' estimator,1.0,0.6,3411,1.0,1.0,1.0
74,0.7612357139360881,0.8003007238998697,0.7452105108292763,Robins' estimator,1.0,0.6,3411,1.0,1.0,1.0
75,0.9186489314707392,0.9504302831076914,1.0729403978079544,Robins' estimator,1.0,0.6,3411,1.0,1.0,1.0
76,1.480438754275688,1.1983214814618128,0.9342992671872983,Robins' estimator,1.0,0.6,3411,1.0,1.0,1.0
77,0.674049596417864,0.8780932240230027,0.9981432603778954,Robins' estimator,1.0,0.6,3411,1.0,1.0,1.0
78,0.9567163137987923,0.7251033935327337,0.8544184440433237,Robins' estimator,1.0,0.6,3411,1.0,1.0,1.0
79,0.7660072488011982,0.668480667178159,0.9506294859417758,Robins' estimator,1.0,0.6,3411,1.0,1.0,1.0
80,1.1385608878641538,0.7538164090654312,0.9621547838279718,Robins' estimator,1.0,0.6,3411,1.0,1.0,1.0
81,0.6738930416278195,0.9001852820480297,1.0228793086157926,Robins' estimator,1.0,0.6,3411,1.0,1.0,1.0
82,0.8671484965883869,1.0805792527153653,1.0219630806522741,Robins' estimator,1.0,0.6,3411,1.0,1.0,1.0
83,1.3378152004864223,0.9285104510282483,0.8901881154026566,Robins' estimator,1.0,0.6,3411,1.0,1.0,1.0
84,0.42159476086612924,0.4323420742511814,0.5473703636007057,Robins' estimator,1.0,0.6,3411,1.0,1.0,1.0
85,1.6265554511619187,1.2630180152037858,1.2917800989865078,Robins' estimator,1.0,0.6,3411,1.0,1.0,1.0
86,0.960834356262351,0.9236186410989865,1.0227728535860607,Robins' estimator,1.0,0.6,3411,1.0,1.0,1.0
87,1.6582966776635732,1.1061610252400012,0.8984240713168568,Robins' estimator,1.0,0.6,3411,1.0,1.0,1.0
88,1.0659061597318973,0.944544819325432,1.108381966641385,Robins' estimator,1.0,0.6,3411,1.0,1.0,1.0
89,1.0215063563875924,1.2272674074414758,1.070118505269952,Robins' estimator,1.0,0.6,3411,1.0,1.0,1.0
90,1.3923221780883823,1.2198795996856575,0.9918892300078535,Robins' estimator,1.0,0.6,3411,1.0,1.0,1.0
91,0.989890557820938,1.0030930828220912,0.8782296232440415,Robins' estimator,1.0,0.6,3411,1.0,1.0,1.0
92,1.0389263164943894,1.4073214809234342,1.4181303539040868,Robins' estimator,1.0,0.6,3411,1.0,1.0,1.0
93,0.9794544749384007,1.0030852228648117,0.6921045493441987,Robins' estimator,1.0,0.6,3411,1.0,1.0,1.0
94,0.8659260930183503,1.0058790934715083,1.055078197117826,Robins' estimator,1.0,0.6,3411,1.0,1.0,1.0
95,1.435653766946985,1.2408958280766975,1.079927670501026,Robins' estimator,1.0,0.6,3411,1.0,1.0,1.0
96,1.2587988782614656,1.2822585934732051,1.1557200807771926,Robins' estimator,1.0,0.6,3411,1.0,1.0,1.0
97,1.4568708897486728,1.6066479634452657,1.2419643250047718,Robins' estimator,1.0,0.6,3411,1.0,1.0,1.0
98,0.5761360958667685,0.6073575607361846,0.8441846915168513,Robins' estimator,1.0,0.6,3411,1.0,1.0,1.0
99,0.9399629202317817,1.2110111898789533,1.1453132334154206,Robins' estimator,1.0,0.6,3411,1.0,1.0,1.0
100,0.9173989520481992,0.7721388120206326,0.9461334621251604,Robins' estimator,1.0,0.6,3411,1.0,1.0,1.0
1,1.3821203783212463,1.0917636857535122,0.9881502457358707,GMM estimator,1.0,0.6,3411,1.0,1.0,1.0
2,0.39100806167035496,0.4739687486528107,0.6206459412401699,GMM estimator,1.0,0.6,3411,1.0,1.0,1.0
3,0.39526010731930017,0.9015427731465793,0.7616557615295153,GMM estimator,1.0,0.6,3411,1.0,1.0,1.0
4,1.0873378412072239,0.933846335598366,1.0155071997804113,GMM estimator,1.0,0.6,3411,1.0,1.0,1.0
5,1.2953504513549192,0.9451763249307745,0.9755623916693211,GMM estimator,1.0,0.6,3411,1.0,1.0,1.0
6,1.2342095090410288,1.1737481350827004,1.2167736355993077,GMM estimator,1.0,0.6,3411,1.0,1.0,1.0
7,1.161285001982032,0.7880537209158457,1.043683583775933,GMM estimator,1.0,0.6,3411,1.0,1.0,1.0
8,0.5175062265260159,0.7974984471189727,1.1397315827240742,GMM estimator,1.0,0.6,3411,1.0,1.0,1.0
9,0.37566949212621686,0.8634604501046355,0.975462215925401,GMM estimator,1.0,0.6,3411,1.0,1.0,1.0
10,1.3212138434377527,1.0724957562850894,0.7629952532234873,GMM estimator,1.0,0.6,3411,1.0,1.0,1.0
11,1.2682688836714122,1.100363491645536,0.9002824676960082,GMM estimator,1.0,0.6,3411,1.0,1.0,1.0
12,0.8172543856120829,0.9530127685886363,0.8269487686963091,GMM estimator,1.0,0.6,3411,1.0,1.0,1.0
13,1.2806605115156158,1.2774921860093302,1.0760296602002006,GMM estimator,1.0,0.6,3411,1.0,1.0,1.0
14,1.1685857996355107,1.047060674333011,1.0550694147950888,GMM estimator,1.0,0.6,3411,1.0,1.0,1.0
15,1.319152083349594,1.6551501278558671,1.2448332675187284,GMM estimator,1.0,0.6,3411,1.0,1.0,1.0
16,1.5585791526438855,1.7140758752168166,1.5648910228520618,GMM estimator,1.0,0.6,3411,1.0,1.0,1.0
17,0.9263393711127026,1.3191147399576462,1.280620429295537,GMM estimator,1.0,0.6,3411,1.0,1.0,1.0
18,1.8493075769947214,1.3245205232085895,1.1895034774202369,GMM estimator,1.0,0.6,3411,1.0,1.0,1.0
19,0.8630987059148791,0.9135097270498022,0.7929094306499811,GMM estimator,1.0,0.6,3411,1.0,1.0,1.0
20,0.8078666632194144,0.6692881168102163,0.7346084454636638,GMM estimator,1.0,0.6,3411,1.0,1.0,1.0
21,1.2214836911820601,1.19729589614203,1.3171709231729358,GMM estimator,1.0,0.6,3411,1.0,1.0,1.0
22,0.8265772676432649,0.7271546673991044,0.7901154584109316,GMM estimator,1.0,0.6,3411,1.0,1.0,1.0
23,0.8521204027591387,1.2614148180819222,1.0917858835742538,GMM estimator,1.0,0.6,3411,1.0,1.0,1.0
24,0.2216007542257409,0.6826141920010627,1.2230253761441323,GMM estimator,1.0,0.6,3411,1.0,1.0,1.0
25,0.8356663042406136,0.9504144742253895,1.1162663490447646,GMM estimator,1.0,0.6,3411,1.0,1.0,1.0
26,0.6947425484100507,0.4651675206188515,0.8693552893876256,GMM estimator,1.0,0.6,3411,1.0,1.0,1.0
27,0.8579128783331116,1.1061217929247025,1.1505942484893608,GMM estimator,1.0,0.6,3411,1.0,1.0,1.0
28,1.1238347581992216,1.1673332318492968,1.150323368182049,GMM estimator,1.0,0.6,3411,1.0,1.0,1.0
29,0.677926510351715,0.821390529877127,0.9253761785945787,GMM estimator,1.0,0.6,3411,1.0,1.0,1.0
30,1.2691693004908344,1.719569002169025,1.2736144446576931,GMM estimator,1.0,0.6,3411,1.0,1.0,1.0
31,0.7706033673003161,0.786375213087128,0.8347191827572283,GMM estimator,1.0,0.6,3411,1.0,1.0,1.0
32,0.3875561634905637,0.4796942924677543,0.7907750029106617,GMM estimator,1.0,0.6,3411,1.0,1.0,1.0
33,1.079919964750095,0.9580420238517542,1.1470837948305856,GMM estimator,1.0,0.6,3411,1.0,1.0,1.0
34,0.6423758995423317,1.0089508160019274,1.0182051635951743,GMM estimator,1.0,0.6,3411,1.0,1.0,1.0
35,1.2606485028900378,1.209848205846938,1.1672258051463338,GMM estimator,1.0,0.6,3411,1.0,1.0,1.0
36,0.7447675932240767,1.067254765227184,0.9437829764381824,GMM estimator,1.0,0.6,3411,1.0,1.0,1.0
37,0.8072293638693465,0.5417781127856428,1.0079373766247044,GMM estimator,1.0,0.6,3411,1.0,1.0,1.0
38,1.418618948949411,1.041475814901502,1.123712574910959,GMM estimator,1.0,0.6,3411,1.0,1.0,1.0
39,1.0830499424614042,1.0287828801344143,1.288062736286411,GMM estimator,1.0,0.6,3411,1.0,1.0,1.0
40,0.6235337164472659,0.6501586927898935,0.6763092016872929,GMM estimator,1.0,0.6,3411,1.0,1.0,1.0
41,1.48710976373142,0.8485209932733565,1.070455451248958,GMM estimator,1.0,0.6,3411,1.0,1.0,1.0
42,0.7247892050097151,0.8986737158239604,0.6865850567714019,GMM estimator,1.0,0.6,3411,1.0,1.0,1.0
43,1.3340137286413738,1.0252704438389337,0.9832361338602975,GMM estimator,1.0,0.6,3411,1.0,1.0,1.0
44,1.5625467749145812,1.1675741911198998,1.1218993452265167,GMM estimator,1.0,0.6,3411,1.0,1.0,1.0
45,0.7846033865352651,1.1571328616462506,1.054055885186156,GMM estimator,1.0,0.6,3411,1.0,1.0,1.0
46,1.3792644311890272,0.9104368791049812,1.2233180198212603,GMM estimator,1.0,0.6,3411,1.0,1.0,1.0
47,1.6274121899169394,0.9176807702952656,1.0039573233069352,GMM estimator,1.0,0.6,3411,1.0,1.0,1.0
48,1.297030212293901,1.14466210946809,0.8814284858586857,GMM estimator,1.0,0.6,3411,1.0,1.0,1.0
49,0.5069126623943851,0.36258266887158463,0.6613430690254619,GMM estimator,1.0,0.6,3411,1.0,1.0,1.0
50,1.6664332124590868,1.2715531858581268,1.4437335935179285,GMM estimator,1.0,0.6,3411,1.0,1.0,1.0
51,1.1943213008067102,1.1488190535943472,0.9106500588628885,GMM estimator,1.0,0.6,3411,1.0,1.0,1.0
52,0.7053682956716546,1.0958463785300983,0.9275839688281093,GMM estimator,1.0,0.6,3411,1.0,1.0,1.0
53,2.2733727946025057,1.0888367032929844,0.9331512204122283,GMM estimator,1.0,0.6,3411,1.0,1.0,1.0
54,1.1224524425037035,1.2412711777312164,0.9934143395510593,GMM estimator,1.0,0.6,3411,1.0,1.0,1.0
55,0.9817601133363658,0.973784370820395,0.9699377066126849,GMM estimator,1.0,0.6,3411,1.0,1.0,1.0
56,0.7496096858172125,0.6371666153133491,0.605951926063703,GMM estimator,1.0,0.6,3411,1.0,1.0,1.0
57,1.195204785677972,0.9687167859599124,0.9441923192748907,GMM estimator,1.0,0.6,3411,1.0,1.0,1.0
58,0.4997360679797007,0.9640255054153755,0.7649725397740382,GMM estimator,1.0,0.6,3411,1.0,1.0,1.0
59,0.8808704285805912,1.0252047324805582,0.9208787933373406,GMM estimator,1.0,0.6,3411,1.0,1.0,1.0
60,0.41823352901126243,0.9272212033107741,1.118734578457362,GMM estimator,1.0,0.6,3411,1.0,1.0,1.0
61,0.7736870140216515,1.2112700363958018,1.0768280556017245,GMM estimator,1.0,0.6,3411,1.0,1.0,1.0
62,0.9479171963337674,0.8620850333848105,0.8406424616939858,GMM estimator,1.0,0.6,3411,1.0,1.0,1.0
63,0.7953442043232776,0.7859366149753291,0.8035054357727469,GMM estimator,1.0,0.6,3411,1.0,1.0,1.0
64,0.9311081748347172,1.1673013655176345,1.1826823434727265,GMM estimator,1.0,0.6,3411,1.0,1.0,1.0
65,1.5238636058786699,1.258712190107742,1.1701164734341265,GMM estimator,1.0,0.6,3411,1.0,1.0,1.0
66,1.0444505770700787,1.1179162889589929,0.9155836435330005,GMM estimator,1.0,0.6,3411,1.0,1.0,1.0
67,0.9173422401479905,1.1405998609429966,1.0065834062636376,GMM estimator,1.0,0.6,3411,1.0,1.0,1.0
68,1.7892904353334778,1.5225932130934965,1.5460603711388958,GMM estimator,1.0,0.6,3411,1.0,1.0,1.0
69,0.7797094306420014,0.7975311276446302,1.004943519666935,GMM estimator,1.0,0.6,3411,1.0,1.0,1.0
70,0.9779278042141385,0.8208978069771011,0.6506341915356391,GMM estimator,1.0,0.6,3411,1.0,1.0,1.0
71,1.01024337229093,1.0904160273042423,0.8238670891280075,GMM estimator,1.0,0.6,3411,1.0,1.0,1.0
72,0.6324421391108972,0.9222602235599275,0.9299814520789544,GMM estimator,1.0,0.6,3411,1.0,1.0,1.0
73,0.5954682616577195,1.0542193298275342,0.9417709264671379,GMM estimator,1.0,0.6,3411,1.0,1.0,1.0
74,0.6879027382300342,0.773530710618126,0.7174253682575277,GMM estimator,1.0,0.6,3411,1.0,1.0,1.0
75,0.8817790945569206,0.9228098895479484,1.050306897831899,GMM estimator,1.0,0.6,3411,1.0,1.0,1.0
76,1.0192727451167274,1.0576817886377259,0.9006399572574756,GMM estimator,1.0,0.6,3411,1.0,1.0,1.0
77,0.6907987682635197,0.8864725636873001,1.010925876785063,GMM estimator,1.0,0.6,3411,1.0,1.0,1.0
78,0.9078367044657185,0.7049171231291456,0.841957465897933,GMM estimator,1.0,0.6,3411,1.0,1.0,1.0
79,0.8369518974826451,0.74971656953636,1.0439715026392853,GMM estimator,1.0,0.6,3411,1.0,1.0,1.0
80,1.1054839407668753,0.6715161531754674,0.9057276302466313,GMM estimator,1.0,0.6,3411,1.0,1.0,1.0
81,0.685756116852897,0.9132205005242242,1.0350425100120317,GMM estimator,1.0,0.6,3411,1.0,1.0,1.0
82,0.8313861175154365,1.0968726406039155,1.0564746423195377,GMM estimator,1.0,0.6,3411,1.0,1.0,1.0
83,1.1280103486785105,0.8862574594491638,0.8302955841639266,GMM estimator,1.0,0.6,3411,1.0,1.0,1.0
84,0.43538861079338437,0.521513136183937,0.5969656494334704,GMM estimator,1.0,0.6,3411,1.0,1.0,1.0
85,1.580330948616262,1.2256828638116446,1.269108909529792,GMM estimator,1.0,0.6,3411,1.0,1.0,1.0
86,0.882335078863649,0.8683289292765615,0.9763525910308337,GMM estimator,1.0,0.6,3411,1.0,1.0,1.0
87,1.3990229302798667,0.9539887598857536,0.8095034267566362,GMM estimator,1.0,0.6,3411,1.0,1.0,1.0
88,1.0546510209471402,0.9317814101618587,1.108535475946379,GMM estimator,1.0,0.6,3411,1.0,1.0,1.0
89,1.0717400035362616,1.250483724715361,1.0901852976672135,GMM estimator,1.0,0.6,3411,1.0,1.0,1.0
90,1.3611551142583262,1.211542009137892,0.9703738292774198,GMM estimator,1.0,0.6,3411,1.0,1.0,1.0
91,0.9692776750424982,0.9874999888580527,0.862942060622486,GMM estimator,1.0,0.6,3411,1.0,1.0,1.0
92,1.0502291147732308,1.4160701916500498,1.4294288527333885,GMM estimator,1.0,0.6,3411,1.0,1.0,1.0
93,0.8618942640981057,0.9310539021996154,0.6811080504553825,GMM estimator,1.0,0.6,3411,1.0,1.0,1.0
94,0.9270364480783849,1.0542892840706304,1.0872057821228804,GMM estimator,1.0,0.6,3411,1.0,1.0,1.0
95,1.4120121374712051,1.2288078144845729,1.114647203296523,GMM estimator,1.0,0.6,3411,1.0,1.0,1.0
96,1.3010151067495355,1.3228766206141032,1.1870186022560114,GMM estimator,1.0,0.6,3411,1.0,1.0,1.0
97,1.417104060523614,1.597269423595395,1.2325998160613454,GMM estimator,1.0,0.6,3411,1.0,1.0,1.0
98,0.5494987475117585,0.5820723256099456,0.813066567242737,GMM estimator,1.0,0.6,3411,1.0,1.0,1.0
99,0.8547933681116354,1.11198631672666,1.122027129565304,GMM estimator,1.0,0.6,3411,1.0,1.0,1.0
100,0.9429875515868013,0.8282641246722731,1.0044786473134404,GMM estimator,1.0,0.6,3411,1.0,1.0,1.0
1,0.8848089607173161,1.8615165633387183,0.8794673985725812,Three-step,0.25,0.8,3411,1.0,1.0,1.0
2,0.681911279854242,0.13988328383041823,0.44809709030508,Three-step,0.25,0.8,3411,1.0,1.0,1.0
3,0.41608199278649016,1.0482559724297587,0.42688780104722246,Three-step,0.25,0.8,3411,1.0,1.0,1.0
4,0.8818820287666741,1.509289360772659,0.8279009622659115,Three-step,0.25,0.8,3411,1.0,1.0,1.0
5,1.1152827356897832,1.2826746795893202,1.9842305901160633,Three-step,0.25,0.8,3411,1.0,1.0,1.0
6,1.0613295494459132,1.3630621675026935,0.8259652925372493,Three-step,0.25,0.8,3411,1.0,1.0,1.0
7,1.3681074302952452,0.7846155399659741,1.326344963419316,Three-step,0.25,0.8,3411,1.0,1.0,1.0
8,0.5428813538939846,0.8881258840636821,1.4738684771278707,Three-step,0.25,0.8,3411,1.0,1.0,1.0
9,0.5856431904411803,1.134392032409842,0.7834189508179764,Three-step,0.25,0.8,3411,1.0,1.0,1.0
10,1.2485651638612458,1.4968555204246705,1.9504420368260076,Three-step,0.25,0.8,3411,1.0,1.0,1.0
11,1.2983079358719902,0.7926043438363253,0.4652701349942651,Three-step,0.25,0.8,3411,1.0,1.0,1.0
12,0.941752854773335,0.6115485565828354,1.0320467574911851,Three-step,0.25,0.8,3411,1.0,1.0,1.0
13,1.147593919232961,2.2607230700297123,1.6590132377240472,Three-step,0.25,0.8,3411,1.0,1.0,1.0
14,0.8365975925121721,0.6344033766804069,0.9978126967206835,Three-step,0.25,0.8,3411,1.0,1.0,1.0
15,1.2811535153436329,2.0840383802074665,1.188729677305903,Three-step,0.25,0.8,3411,1.0,1.0,1.0
16,1.4782775042758196,2.0366796928228927,1.633440418942195,Three-step,0.25,0.8,3411,1.0,1.0,1.0
17,0.9347350712354963,0.9773157909891412,0.9857360949411597,Three-step,0.25,0.8,3411,1.0,1.0,1.0
18,1.555312639315331,1.5494224183901308,2.0705794551388226,Three-step,0.25,0.8,3411,1.0,1.0,1.0
19,0.9698842235782813,0.7270295812091785,1.7921323363494945,Three-step,0.25,0.8,3411,1.0,1.0,1.0
20,0.8015743317256089,0.9590099743039818,-0.13747766386517563,Three-step,0.25,0.8,3411,1.0,1.0,1.0
21,1.5867618966975943,0.9624965206575051,2.177503894259763,Three-step,0.25,0.8,3411,1.0,1.0,1.0
22,0.9016087571201725,0.6012852322901425,1.2507976636119469,Three-step,0.25,0.8,3411,1.0,1.0,1.0
23,0.7064033906801002,1.038313873761359,0.9896116104762558,Three-step,0.25,0.8,3411,1.0,1.0,1.0
24,0.705123865367171,0.9836805787581001,1.6793785840801556,Three-step,0.25,0.8,3411,1.0,1.0,1.0
25,0.9113701316321811,1.5250081815693972,0.7652414358147291,Three-step,0.25,0.8,3411,1.0,1.0,1.0
26,1.035515873810502,1.25547858854542,1.0864526890732908,Three-step,0.25,0.8,3411,1.0,1.0,1.0
27,1.2049977227315642,1.23884240690533,2.1406374809037008,Three-step,0.25,0.8,3411,1.0,1.0,1.0
28,1.0147170270072738,1.0820582017644635,1.5208533425833537,Three-step,0.25,0.8,3411,1.0,1.0,1.0
29,0.8043567230798865,0.964186592963172,0.14844537415085166,Three-step,0.25,0.8,3411,1.0,1.0,1.0
30,0.8347526853358255,1.9862932254093084,1.2057591544939004,Three-step,0.25,0.8,3411,1.0,1.0,1.0
31,0.9786530347203504,0.3473121660245719,0.6208587314724413,Three-step,0.25,0.8,3411,1.0,1.0,1.0
32,0.21480468032689082,0.6981389526306897,1.3309034907542276,Three-step,0.25,0.8,3411,1.0,1.0,1.0
33,1.2703317200251238,1.3109684827847328,1.0214465093397322,Three-step,0.25,0.8,3411,1.0,1.0,1.0
34,0.7189282508964189,0.14621517707335527,2.2537015086987866,Three-step,0.25,0.8,3411,1.0,1.0,1.0
35,0.9869486432531827,1.401120088358246,0.9521955034710898,Three-step,0.25,0.8,3411,1.0,1.0,1.0
36,0.5581871107937706,1.0588140526481826,0.08520194238310969,Three-step,0.25,0.8,3411,1.0,1.0,1.0
37,1.0345103809218523,0.4075852298340573,0.5815422675653285,Three-step,0.25,0.8,3411,1.0,1.0,1.0
38,1.244234598531483,1.3357262039453468,0.824135619125707,Three-step,0.25,0.8,3411,1.0,1.0,1.0
39,1.004298752647212,1.350396730336048,1.203919751196219,Three-step,0.25,0.8,3411,1.0,1.0,1.0
40,0.6217909626326139,-0.19376804644773582,0.6896157924772786,Three-step,0.25,0.8,3411,1.0,1.0,1.0
41,1.584199321325621,0.6173684263478542,0.26718877567395555,Three-step,0.25,0.8,3411,1.0,1.0,1.0
42,0.8815583283582493,1.6831776407627737,0.9553199381348504,Three-step,0.25,0.8,3411,1.0,1.0,1.0
43,1.2862910648625874,0.7319810288338306,0.8106116472108377,Three-step,0.25,0.8,3411,1.0,1.0,1.0
44,1.384332008804365,0.9149671306864585,1.1689801591032984,Three-step,0.25,0.8,3411,1.0,1.0,1.0
45,0.7116624164869543,1.3695167514392521,0.8032005950828718,Three-step,0.25,0.8,3411,1.0,1.0,1.0
46,1.2622087822069938,1.6822571137065354,0.7447948888232523,Three-step,0.25,0.8,3411,1.0,1.0,1.0
47,1.085353511214438,0.26934725010925986,0.5577310296640627,Three-step,0.25,0.8,3411,1.0,1.0,1.0
48,1.226122136245065,1.6881441760167233,1.443204087426405,Three-step,0.25,0.8,3411,1.0,1.0,1.0
49,0.6394258707785325,1.155910407175234,0.8085764416597976,Three-step,0.25,0.8,3411,1.0,1.0,1.0
50,1.6772227176554546,1.1664212891745256,1.7898531383369773,Three-step,0.25,0.8,3411,1.0,1.0,1.0
51,1.0753502581106253,1.3877194234070784,1.1139793975514305,Three-step,0.25,0.8,3411,1.0,1.0,1.0
52,1.2208379753590815,1.7892134528056798,1.7020779973712425,Three-step,0.25,0.8,3411,1.0,1.0,1.0
53,2.3220304562612815,1.7366884495945119,1.980965494715009,Three-step,0.25,0.8,3411,1.0,1.0,1.0
54,0.9830348080063842,2.2467114814493363,1.2688580476818545,Three-step,0.25,0.8,3411,1.0,1.0,1.0
55,1.1425097829952502,1.56540750920097,1.1308552515639467,Three-step,0.25,0.8,3411,1.0,1.0,1.0
56,0.9524002693989946,-0.2768654548954047,0.11441267315447441,Three-step,0.25,0.8,3411,1.0,1.0,1.0
57,1.0669956344428786,1.8323609446437283,0.7724433754092576,Three-step,0.25,0.8,3411,1.0,1.0,1.0
58,0.6686458877419268,0.6006814319002164,0.27944676347919345,Three-step,0.25,0.8,3411,1.0,1.0,1.0
59,1.0504589447093748,1.5094855896186588,1.1283920430756513,Three-step,0.25,0.8,3411,1.0,1.0,1.0
60,0.7613895371733473,0.8819823214812116,0.7770596922594573,Three-step,0.25,0.8,3411,1.0,1.0,1.0
61,0.7574498755408148,1.2432909105535077,0.888675578039747,Three-step,0.25,0.8,3411,1.0,1.0,1.0
62,0.7285104051710662,0.27237155246993133,0.767197916131237,Three-step,0.25,0.8,3411,1.0,1.0,1.0
63,0.6902228681854207,1.8348033348716017,0.28415265285553926,Three-step,0.25,0.8,3411,1.0,1.0,1.0
64,1.092729220739767,1.5504903841444682,0.9914049491073356,Three-step,0.25,0.8,3411,1.0,1.0,1.0
65,1.2978321729425388,1.5631414042203415,0.960847814441015,Three-step,0.25,0.8,3411,1.0,1.0,1.0
66,0.9497215116769336,1.242812119354755,0.9622294510421041,Three-step,0.25,0.8,3411,1.0,1.0,1.0
67,1.126081502010465,1.4296278945097267,1.0634009360650711,Three-step,0.25,0.8,3411,1.0,1.0,1.0
68,1.3260963011404754,1.4640837677002783,1.8737054834791564,Three-step,0.25,0.8,3411,1.0,1.0,1.0
69,0.69080581462895,1.9646721560081883,0.5900417264551003,Three-step,0.25,0.8,3411,1.0,1.0,1.0
70,1.3091450672486795,1.3949968426505577,0.8008891251903723,Three-step,0.25,0.8,3411,1.0,1.0,1.0
71,1.0090788322196282,0.7359495320226883,0.18369908208916244,Three-step,0.25,0.8,3411,1.0,1.0,1.0
72,0.6098082621184299,0.6752685944973454,0.9419967050333506,Three-step,0.25,0.8,3411,1.0,1.0,1.0
73,0.6973491391251221,1.5249580458936236,1.2506708177360368,Three-step,0.25,0.8,3411,1.0,1.0,1.0
74,0.6966267580978871,0.07271191418603859,0.8129015626492715,Three-step,0.25,0.8,3411,1.0,1.0,1.0
75,0.8461238623546858,1.2355007654879016,0.565015969442495,Three-step,0.25,0.8,3411,1.0,1.0,1.0
76,1.3772284218868456,1.475167504870027,1.0608923304021072,Three-step,0.25,0.8,3411,1.0,1.0,1.0
77,0.9501331325222193,1.4199987123752973,1.482439423447204,Three-step,0.25,0.8,3411,1.0,1.0,1.0
78,1.302286153816539,0.9428204949698555,0.5445683529540426,Three-step,0.25,0.8,3411,1.0,1.0,1.0
79,1.159725719858177,1.0338493229243404,0.9373529261623159,Three-step,0.25,0.8,3411,1.0,1.0,1.0
80,1.020341774738871,1.4274010636872607,0.6298633865849589,Three-step,0.25,0.8,3411,1.0,1.0,1.0
81,0.6414542186503915,1.2542696252762648,1.251164499405751,Three-step,0.25,0.8,3411,1.0,1.0,1.0
82,1.0064486085637911,2.9972185820383617,0.39773266451513256,Three-step,0.25,0.8,3411,1.0,1.0,1.0
83,0.9083137210429111,1.0616086804858504,2.383759239909811,Three-step,0.25,0.8,3411,1.0,1.0,1.0
84,0.613085044649515,1.8119313861679172,0.4136083068529101,Three-step,0.25,0.8,3411,1.0,1.0,1.0
85,1.3144484301966746,1.3640746697573096,0.628235885803321,Three-step,0.25,0.8,3411,1.0,1.0,1.0
86,0.7854431659224853,0.9785496885270776,0.7587909051857376,Three-step,0.25,0.8,3411,1.0,1.0,1.0
87,1.2385534201011401,0.6425537893998496,0.6058743992444994,Three-step,0.25,0.8,3411,1.0,1.0,1.0
88,1.169000478124031,2.152784153743239,0.7880945729216965,Three-step,0.25,0.8,3411,1.0,1.0,1.0
89,0.6534060147866123,0.6157466894771085,1.3559644122593129,Three-step,0.25,0.8,3411,1.0,1.0,1.0
90,1.5258610422320127,1.3082594515203412,0.6432827695480756,Three-step,0.25,0.8,3411,1.0,1.0,1.0
91,0.7869610860112729,-0.09261075760753584,0.8379640029855047,Three-step,0.25,0.8,3411,1.0,1.0,1.0
92,1.0082529100681503,1.2550851923840367,0.7108434498591077,Three-step,0.25,0.8,3411,1.0,1.0,1.0
93,1.1778793370186462,2.0083554842744675,0.8940291916353408,Three-step,0.25,0.8,3411,1.0,1.0,1.0
94,0.8376017012662231,1.065488662679195,1.0801887137357589,Three-step,0.25,0.8,3411,1.0,1.0,1.0
95,0.897698662302652,1.5134605603105007,1.2100420591833105,Three-step,0.25,0.8,3411,1.0,1.0,1.0
96,0.9869379030817828,1.4012502038658743,1.5685684058986014,Three-step,0.25,0.8,3411,1.0,1.0,1.0
97,1.0191441567220485,2.897807457904466,1.105859359753219,Three-step,0.25,0.8,3411,1.0,1.0,1.0
98,0.5988453983764919,0.6547592566328856,1.8881065090252531,Three-step,0.25,0.8,3411,1.0,1.0,1.0
99,0.6564301219869414,2.1805768148484583,1.3271095303609666,Three-step,0.25,0.8,3411,1.0,1.0,1.0
100,0.9956212608466826,1.0031727446510161,0.9292505636196576,Three-step,0.25,0.8,3411,1.0,1.0,1.0
1,1.0012081677396587,1.9200730951881202,0.8794673983780393,Robins' estimator,0.25,0.8,3411,1.0,1.0,1.0
2,0.7301111054717663,0.2225793496430735,0.4480970903047392,Robins' estimator,0.25,0.8,3411,1.0,1.0,1.0
3,0.47111876601464886,0.951471572554496,0.4268878010452059,Robins' estimator,0.25,0.8,3411,1.0,1.0,1.0
4,0.9601001099270934,1.6880789093871433,0.8279009622650683,Robins' estimator,0.25,0.8,3411,1.0,1.0,1.0
5,1.1751177259972716,0.9693488322253013,1.984230590626028,Robins' estimator,0.25,0.8,3411,1.0,1.0,1.0
6,1.1603918815193475,1.1575337544332616,0.8259652925385398,Robins' estimator,0.25,0.8,3411,1.0,1.0,1.0
7,1.3923800498837366,0.789422294519056,1.3263449634725306,Robins' estimator,0.25,0.8,3411,1.0,1.0,1.0
8,0.5832442228466034,0.8140973035331526,1.4738684771283002,Robins' estimator,0.25,0.8,3411,1.0,1.0,1.0
9,0.6204464483030113,0.9335955936795447,0.7834189508185541,Robins' estimator,0.25,0.8,3411,1.0,1.0,1.0
10,1.211744339390709,1.6048753691607258,1.9504420368386255,Robins' estimator,0.25,0.8,3411,1.0,1.0,1.0
11,1.3173638323946126,0.6575801953280889,0.4652701352608985,Robins' estimator,0.25,0.8,3411,1.0,1.0,1.0
12,0.8942678800622003,0.8261387706628539,1.0320467574910523,Robins' estimator,0.25,0.8,3411,1.0,1.0,1.0
13,1.1612661626650171,2.221186782226541,1.6590132376854523,Robins' estimator,0.25,0.8,3411,1.0,1.0,1.0
14,0.8344289944349956,0.5275229387442238,0.9978126967206327,Robins' estimator,0.25,0.8,3411,1.0,1.0,1.0
15,1.2675460199042798,1.986407112115794,1.1887296773103284,Robins' estimator,0.25,0.8,3411,1.0,1.0,1.0
16,1.4336548574505934,2.0999441049279493,1.6334404192513134,Robins' estimator,0.25,0.8,3411,1.0,1.0,1.0
17,0.957138678733991,0.9318305452061727,0.9857360951139513,Robins' estimator,0.25,0.8,3411,1.0,1.0,1.0
18,1.5862363993011288,1.497536738058927,2.070579455143778,Robins' estimator,0.25,0.8,3411,1.0,1.0,1.0
19,1.000485615310865,0.8676734836894018,1.7921323363420016,Robins' estimator,0.25,0.8,3411,1.0,1.0,1.0
20,0.7854729787554593,0.9464878468018458,-0.1374776638218136,Robins' estimator,0.25,0.8,3411,1.0,1.0,1.0
21,1.5815754955241073,0.8957455377710002,2.177503894724278,Robins' estimator,0.25,0.8,3411,1.0,1.0,1.0
22,0.9224710154847408,0.5967259946780109,1.2507976631006323,Robins' estimator,0.25,0.8,3411,1.0,1.0,1.0
23,0.6738898699139259,1.1402800304978078,0.9896116104762297,Robins' estimator,0.25,0.8,3411,1.0,1.0,1.0
24,0.7612051620028273,1.1263387020470046,1.6793785839823334,Robins' estimator,0.25,0.8,3411,1.0,1.0,1.0
25,0.8772549459013468,1.4168513209685658,0.7652414358150218,Robins' estimator,0.25,0.8,3411,1.0,1.0,1.0
26,1.092908281829679,1.222470303647612,1.086452689073535,Robins' estimator,0.25,0.8,3411,1.0,1.0,1.0
27,1.1761626449578235,1.428324351102481,2.140637480622041,Robins' estimator,0.25,0.8,3411,1.0,1.0,1.0
28,1.08807664054747,0.9493299225052819,1.5208533427127362,Robins' estimator,0.25,0.8,3411,1.0,1.0,1.0
29,0.9161393532528544,0.9795593115683081,0.14844537392099225,Robins' estimator,0.25,0.8,3411,1.0,1.0,1.0
30,0.9449452478363028,2.0739951027191155,1.2057591545357773,Robins' estimator,0.25,0.8,3411,1.0,1.0,1.0
31,0.9227627772817395,0.7192355469230447,0.6208587314182451,Robins' estimator,0.25,0.8,3411,1.0,1.0,1.0
32,0.3182166666228674,0.6262735221488421,1.3309034905604566,Robins' estimator,0.25,0.8,3411,1.0,1.0,1.0
33,1.2631338718348684,1.147084213183774,1.0214465093415142,Robins' estimator,0.25,0.8,3411,1.0,1.0,1.0
34,0.6897977303830972,0.3957768965690368,2.253701507569736,Robins' estimator,0.25,0.8,3411,1.0,1.0,1.0
35,1.0953236920120062,1.3642584529927364,0.9521955046447587,Robins' estimator,0.25,0.8,3411,1.0,1.0,1.0
36,0.5488765721886959,1.1852965413191392,0.08520194238418513,Robins' estimator,0.25,0.8,3411,1.0,1.0,1.0
37,1.0922765665498715,0.49760602823707895,0.5815422675653769,Robins' estimator,0.25,0.8,3411,1.0,1.0,1.0
38,1.2735308225273545,1.2942102208061022,0.8241356191224326,Robins' estimator,0.25,0.8,3411,1.0,1.0,1.0
39,1.0371459060383375,1.4425673298352402,1.203919751197529,Robins' estimator,0.25,0.8,3411,1.0,1.0,1.0
40,0.69705707896249,-0.06626787615613212,0.6896157926073806,Robins' estimator,0.25,0.8,3411,1.0,1.0,1.0
41,1.489127021949248,0.6238789360317596,0.26718877440792227,Robins' estimator,0.25,0.8,3411,1.0,1.0,1.0
42,0.9022491126376183,1.7002938145846784,0.9553199380470425,Robins' estimator,0.25,0.8,3411,1.0,1.0,1.0
43,1.2072358943206234,0.602072676832793,0.8106116490617639,Robins' estimator,0.25,0.8,3411,1.0,1.0,1.0
44,1.3863117995173033,0.9708911622269961,1.1689801590206894,Robins' estimator,0.25,0.8,3411,1.0,1.0,1.0
45,0.6961353442172629,1.452364979958067,0.803200595073761,Robins' estimator,0.25,0.8,3411,1.0,1.0,1.0
46,1.3306616292743236,1.708140328650398,0.7447948887936666,Robins' estimator,0.25,0.8,3411,1.0,1.0,1.0
47,1.129872812173226,0.44571619364447995,0.5577310296727114,Robins' estimator,0.25,0.8,3411,1.0,1.0,1.0
48,1.3244755155641355,1.6625113016019855,1.4432040874039156,Robins' estimator,0.25,0.8,3411,1.0,1.0,1.0
49,0.6411352765965045,1.1485961639837425,0.8085764416828324,Robins' estimator,0.25,0.8,3411,1.0,1.0,1.0
50,1.738296487475906,1.1652630543398994,1.7898531383890788,Robins' estimator,0.25,0.8,3411,1.0,1.0,1.0
51,1.1172968338759595,1.4753548294682262,1.113979397548033,Robins' estimator,0.25,0.8,3411,1.0,1.0,1.0
52,1.186946247247821,1.911620780850613,1.7020779973767746,Robins' estimator,0.25,0.8,3411,1.0,1.0,1.0
53,2.3002071849051453,1.490898821144008,1.9809654946360817,Robins' estimator,0.25,0.8,3411,1.0,1.0,1.0
54,0.9991042704655249,2.0706454749444605,1.268858047687885,Robins' estimator,0.25,0.8,3411,1.0,1.0,1.0
55,1.1420447705977446,1.6752685740154605,1.130855251563142,Robins' estimator,0.25,0.8,3411,1.0,1.0,1.0
56,0.9618732455120902,0.05019183656900845,0.11441267316489837,Robins' estimator,0.25,0.8,3411,1.0,1.0,1.0
57,1.191314453054632,1.843154744530597,0.7724433754076105,Robins' estimator,0.25,0.8,3411,1.0,1.0,1.0
58,0.690382468922858,0.6556315336582411,0.2794467636166566,Robins' estimator,0.25,0.8,3411,1.0,1.0,1.0
59,1.189389823267039,1.4231665190204619,1.1283920430753596,Robins' estimator,0.25,0.8,3411,1.0,1.0,1.0
60,0.8226606231476999,0.9933904132810653,0.7770596921851719,Robins' estimator,0.25,0.8,3411,1.0,1.0,1.0
61,0.8299214573668989,1.2203139375532572,0.8886755780396249,Robins' estimator,0.25,0.8,3411,1.0,1.0,1.0
62,0.869133154566925,0.22402406587738966,0.7671979161353389,Robins' estimator,0.25,0.8,3411,1.0,1.0,1.0
63,0.7382516026274255,1.5516271516029947,0.2841526541325663,Robins' estimator,0.25,0.8,3411,1.0,1.0,1.0
64,1.0820711043255578,1.453535869898356,0.9914049491050749,Robins' estimator,0.25,0.8,3411,1.0,1.0,1.0
65,1.280167807683813,1.458361152387694,0.96084781444083,Robins' estimator,0.25,0.8,3411,1.0,1.0,1.0
66,1.0234696100215488,1.3250643812078327,0.9622294510430093,Robins' estimator,0.25,0.8,3411,1.0,1.0,1.0
67,1.078741610455055,1.6817079423788472,1.0634009366610457,Robins' estimator,0.25,0.8,3411,1.0,1.0,1.0
68,1.4499411349800289,1.355316558473147,1.8737054834178233,Robins' estimator,0.25,0.8,3411,1.0,1.0,1.0
69,0.7923988844727,1.8929089946465005,0.590041726416512,Robins' estimator,0.25,0.8,3411,1.0,1.0,1.0
70,1.3409341868710956,1.4218764525190386,0.8008891244973043,Robins' estimator,0.25,0.8,3411,1.0,1.0,1.0
71,1.1169514812379548,0.561514593952488,0.18369908212572203,Robins' estimator,0.25,0.8,3411,1.0,1.0,1.0
72,0.7187579806036093,0.6673543935267963,0.9419967050507132,Robins' estimator,0.25,0.8,3411,1.0,1.0,1.0
73,0.7998619451114563,1.3206869445701273,1.2506708177365204,Robins' estimator,0.25,0.8,3411,1.0,1.0,1.0
74,0.6753633084099989,0.14853913943064445,0.812901562646682,Robins' estimator,0.25,0.8,3411,1.0,1.0,1.0
75,0.9717943590867273,1.1077238148172073,0.5650159694464681,Robins' estimator,0.25,0.8,3411,1.0,1.0,1.0
76,1.4564721733509243,1.4439680940352981,1.060892342765922,Robins' estimator,0.25,0.8,3411,1.0,1.0,1.0
77,0.9165214956926508,1.352622069721493,1.4824394234414102,Robins' estimator,0.25,0.8,3411,1.0,1.0,1.0
78,1.3964565994700073,1.0128180986036985,0.5445683492882915,Robins' estimator,0.25,0.8,3411,1.0,1.0,1.0
79,1.1713643739097692,1.1836129137087328,0.9373529259707872,Robins' estimator,0.25,0.8,3411,1.0,1.0,1.0
80,1.013069166160414,1.4511954523807211,0.6298633864739585,Robins' estimator,0.25,0.8,3411,1.0,1.0,1.0
81,0.7331844961061178,1.2749639257236742,1.251164499406044,Robins' estimator,0.25,0.8,3411,1.0,1.0,1.0
82,1.021591437074614,2.7913615289895084,0.3977326666160748,Robins' estimator,0.25,0.8,3411,1.0,1.0,1.0
83,1.063161371404127,1.07208233737699,2.3837592322471215,Robins' estimator,0.25,0.8,3411,1.0,1.0,1.0
84,0.6795264113084949,1.986831263102976,0.41360830685366334,Robins' estimator,0.25,0.8,3411,1.0,1.0,1.0
85,1.4607336303703093,1.4203544916480222,0.6282358858016504,Robins' estimator,0.25,0.8,3411,1.0,1.0,1.0
86,0.8566107314235318,1.1005937127081473,0.7587909051864287,Robins' estimator,0.25,0.8,3411,1.0,1.0,1.0
87,1.218352414904825,0.6754936644915325,0.6058743996284428,Robins' estimator,0.25,0.8,3411,1.0,1.0,1.0
88,1.2567848081603386,2.248000163777694,0.7880945729233293,Robins' estimator,0.25,0.8,3411,1.0,1.0,1.0
89,0.6359784890923688,0.5693740502566321,1.3559644122680876,Robins' estimator,0.25,0.8,3411,1.0,1.0,1.0
90,1.5866943651683472,1.4725526089078567,0.6432827694932477,Robins' estimator,0.25,0.8,3411,1.0,1.0,1.0
91,0.7397485898898088,-0.02423872141648177,0.8379640029838392,Robins' estimator,0.25,0.8,3411,1.0,1.0,1.0
92,1.1397110442039158,1.2705009128445681,0.7108434500148763,Robins' estimator,0.25,0.8,3411,1.0,1.0,1.0
93,1.1859630463180777,2.043806933818353,0.894029191632285,Robins' estimator,0.25,0.8,3411,1.0,1.0,1.0
94,0.8684600067748984,0.9038043711824559,1.0801887137644854,Robins' estimator,0.25,0.8,3411,1.0,1.0,1.0
95,0.9768345577341807,1.518347311740582,1.2100420591890133,Robins' estimator,0.25,0.8,3411,1.0,1.0,1.0
96,1.06897911534372,1.348873802339422,1.5685684055993991,Robins' estimator,0.25,0.8,3411,1.0,1.0,1.0
97,1.1157516666353868,2.949518726352639,1.1058593590087809,Robins' estimator,0.25,0.8,3411,1.0,1.0,1.0
98,0.7621029264538715,0.4219608985524483,1.8881065091284246,Robins' estimator,0.25,0.8,3411,1.0,1.0,1.0
99,0.787905044234344,2.120152123911046,1.3271095303829499,Robins' estimator,0.25,0.8,3411,1.0,1.0,1.0
100,1.0110326663937952,1.0527543216989952,0.9292505636192719,Robins' estimator,0.25,0.8,3411,1.0,1.0,1.0
1,0.8605380519270511,1.5679726940034016,0.5021897747319599,GMM estimator,0.25,0.8,3411,1.0,1.0,1.0
2,0.7568617786282965,0.3727630869042331,0.4595243060318277,GMM estimator,0.25,0.8,3411,1.0,1.0,1.0
3,0.4564081335893481,0.8645880623643412,0.9022173517246221,GMM estimator,0.25,0.8,3411,1.0,1.0,1.0
4,0.8514617594746187,1.4760739568976202,0.8640438504603408,GMM estimator,0.25,0.8,3411,1.0,1.0,1.0
5,1.0064908680260096,1.077815302145492,1.0488251780663793,GMM estimator,0.25,0.8,3411,1.0,1.0,1.0
6,1.0404087442258403,0.83826316521451,0.393624260411201,GMM estimator,0.25,0.8,3411,1.0,1.0,1.0
7,1.3554964511054841,0.7240162630133113,1.3401663203119938,GMM estimator,0.25,0.8,3411,1.0,1.0,1.0
8,0.5555026330977393,0.876563508137836,1.437775110302692,GMM estimator,0.25,0.8,3411,1.0,1.0,1.0
9,0.597281553438819,0.7694074929180417,0.7811837722585153,GMM estimator,0.25,0.8,3411,1.0,1.0,1.0
10,1.1641328973820038,1.5638342074632412,1.905790074374778,GMM estimator,0.25,0.8,3411,1.0,1.0,1.0
11,1.3095211835335523,0.6001058311450931,0.46852611462653626,GMM estimator,0.25,0.8,3411,1.0,1.0,1.0
12,0.8285794393241139,0.6066513957732154,0.8885918446020362,GMM estimator,0.25,0.8,3411,1.0,1.0,1.0
13,1.1689423027501196,2.1915981282877537,1.7537976912286801,GMM estimator,0.25,0.8,3411,1.0,1.0,1.0
14,0.8359618134542615,0.5818225702344506,0.838196028434723,GMM estimator,0.25,0.8,3411,1.0,1.0,1.0
15,1.346388351353486,2.063772373828046,1.0448782559493708,GMM estimator,0.25,0.8,3411,1.0,1.0,1.0
16,1.4314071869346185,2.131518671356929,1.6051924526073735,GMM estimator,0.25,0.8,3411,1.0,1.0,1.0
17,0.9558892001296856,0.9132069853233531,0.9537503126905159,GMM estimator,0.25,0.8,3411,1.0,1.0,1.0
18,1.5595263902078376,1.510188135923066,1.8783154168435203,GMM estimator,0.25,0.8,3411,1.0,1.0,1.0
19,0.9756589732210887,0.8370476411884766,1.512143985467162,GMM estimator,0.25,0.8,3411,1.0,1.0,1.0
20,0.7845269419121061,0.9567474455049463,-0.1886495017674623,GMM estimator,0.25,0.8,3411,1.0,1.0,1.0
21,1.5668861408530725,0.9392079525242476,2.028585485692694,GMM estimator,0.25,0.8,3411,1.0,1.0,1.0
22,0.9061924678467066,0.576927583171108,1.190670294761623,GMM estimator,0.25,0.8,3411,1.0,1.0,1.0
23,0.6582872830973656,1.1622000011476388,0.9228799297093246,GMM estimator,0.25,0.8,3411,1.0,1.0,1.0
24,0.6803975238460716,0.8780809336178663,1.5718974939869454,GMM estimator,0.25,0.8,3411,1.0,1.0,1.0
25,0.8585714932971475,1.406413662028508,0.7108446264610295,GMM estimator,0.25,0.8,3411,1.0,1.0,1.0
26,1.088742496432753,1.0593792235437829,1.1048470275192985,GMM estimator,0.25,0.8,3411,1.0,1.0,1.0
27,1.1451269191841646,1.29625810747266,1.9807374581915838,GMM estimator,0.25,0.8,3411,1.0,1.0,1.0
28,1.0584037343978698,0.887937670310535,1.4754555968767704,GMM estimator,0.25,0.8,3411,1.0,1.0,1.0
29,0.7370275365662817,0.6331338740907739,0.3782731055354589,GMM estimator,0.25,0.8,3411,1.0,1.0,1.0
30,0.832904258297817,1.6105942664548913,1.2121051968993326,GMM estimator,0.25,0.8,3411,1.0,1.0,1.0
31,0.8767468307312072,0.45450785368484503,0.5987519315167447,GMM estimator,0.25,0.8,3411,1.0,1.0,1.0
32,0.15360888487616686,0.502396236793146,1.217147794952453,GMM estimator,0.25,0.8,3411,1.0,1.0,1.0
33,1.2516355989409575,1.0968052929433294,1.0390326664496494,GMM estimator,0.25,0.8,3411,1.0,1.0,1.0
34,0.696308904494281,0.23715495186054847,1.9838950278307452,GMM estimator,0.25,0.8,3411,1.0,1.0,1.0
35,0.9426727603896958,1.0613609889045628,1.0811686243876864,GMM estimator,0.25,0.8,3411,1.0,1.0,1.0
36,0.5652603575505709,1.152690780264695,0.06832324722766825,GMM estimator,0.25,0.8,3411,1.0,1.0,1.0
37,1.0816397534054338,0.5532758232000694,0.629723795549707,GMM estimator,0.25,0.8,3411,1.0,1.0,1.0
38,1.283949829615921,1.2999307911422964,0.8609611447685874,GMM estimator,0.25,0.8,3411,1.0,1.0,1.0
39,1.0196520498297605,1.2888559051346533,1.3603969801325775,GMM estimator,0.25,0.8,3411,1.0,1.0,1.0
40,0.6451984775970487,-0.18869665361195587,0.6829102178267661,GMM estimator,0.25,0.8,3411,1.0,1.0,1.0
41,1.3543852912600762,0.7088118110454893,0.21136129397714853,GMM estimator,0.25,0.8,3411,1.0,1.0,1.0
42,0.8709917962360957,1.6326773529955354,0.9467159227103983,GMM estimator,0.25,0.8,3411,1.0,1.0,1.0
43,1.1532659657411486,0.619969913041686,0.8347398736572131,GMM estimator,0.25,0.8,3411,1.0,1.0,1.0
44,1.3827627875129032,1.0394587712223506,1.1572647431777128,GMM estimator,0.25,0.8,3411,1.0,1.0,1.0
45,0.6843212050419545,1.4617135799455716,0.7527841720056294,GMM estimator,0.25,0.8,3411,1.0,1.0,1.0
46,1.285055680072679,1.545406210030488,0.795537963999216,GMM estimator,0.25,0.8,3411,1.0,1.0,1.0
47,1.1372414464345937,0.5109887048715649,0.6141888454726114,GMM estimator,0.25,0.8,3411,1.0,1.0,1.0
48,1.1766819907795572,1.4633909504528173,1.280002308253612,GMM estimator,0.25,0.8,3411,1.0,1.0,1.0
49,0.6433215203001124,1.1466334331948027,0.8109098547366624,GMM estimator,0.25,0.8,3411,1.0,1.0,1.0
50,1.6798785113299672,1.0724500586341925,1.7165715863581,GMM estimator,0.25,0.8,3411,1.0,1.0,1.0
51,1.06473379564477,1.3462300008523584,1.1277341064251232,GMM estimator,0.25,0.8,3411,1.0,1.0,1.0
52,1.1939815568057977,1.9362900954491666,1.5832210708403052,GMM estimator,0.25,0.8,3411,1.0,1.0,1.0
53,2.2110266028499126,1.7632701467788365,1.408927848709851,GMM estimator,0.25,0.8,3411,1.0,1.0,1.0
54,0.9855628025509637,2.046798293926713,1.24717101950273,GMM estimator,0.25,0.8,3411,1.0,1.0,1.0
55,1.1323797567132146,1.6486029462087615,1.1644786512317538,GMM estimator,0.25,0.8,3411,1.0,1.0,1.0
56,0.9823002864250574,-0.29498828677108235,0.08604534805514485,GMM estimator,0.25,0.8,3411,1.0,1.0,1.0
57,0.9949011046371758,1.5876227947528263,0.775588582119032,GMM estimator,0.25,0.8,3411,1.0,1.0,1.0
58,0.7050114965024998,0.6149648917826154,0.26484565163603024,GMM estimator,0.25,0.8,3411,1.0,1.0,1.0
59,1.009162971878233,1.195137167937979,0.9055468273594016,GMM estimator,0.25,0.8,3411,1.0,1.0,1.0
60,0.7604845488846451,0.7303577247959132,0.8160404056126114,GMM estimator,0.25,0.8,3411,1.0,1.0,1.0
61,0.7823866229070688,1.051290290420937,0.9429749338277134,GMM estimator,0.25,0.8,3411,1.0,1.0,1.0
62,0.746883007371165,0.22195101503401143,0.8939920593288742,GMM estimator,0.25,0.8,3411,1.0,1.0,1.0
63,0.7549221813714666,1.6612014707198095,0.10352580187592308,GMM estimator,0.25,0.8,3411,1.0,1.0,1.0
64,1.066395778956517,1.6022972847255943,1.2407990026319453,GMM estimator,0.25,0.8,3411,1.0,1.0,1.0
65,1.2877816431897124,1.4244144489001815,0.9651852641010294,GMM estimator,0.25,0.8,3411,1.0,1.0,1.0
66,0.972240381444287,1.199268844525375,1.003848332284214,GMM estimator,0.25,0.8,3411,1.0,1.0,1.0
67,1.1286752606320365,1.6528782704031404,0.9825534505299789,GMM estimator,0.25,0.8,3411,1.0,1.0,1.0
68,1.3043969575625576,1.1002187957221992,1.5818213852018346,GMM estimator,0.25,0.8,3411,1.0,1.0,1.0
69,0.6368983170042669,1.5974415848087313,0.6224954141890264,GMM estimator,0.25,0.8,3411,1.0,1.0,1.0
70,1.3205180312765807,1.3614633280595252,0.8028139071742294,GMM estimator,0.25,0.8,3411,1.0,1.0,1.0
71,0.9500380655623524,0.40414981999922595,0.21927574642983538,GMM estimator,0.25,0.8,3411,1.0,1.0,1.0
72,0.5478211094245289,0.5146663034897436,0.9285501695449468,GMM estimator,0.25,0.8,3411,1.0,1.0,1.0
73,0.703802995397609,1.1495453142680963,1.2887946200185343,GMM estimator,0.25,0.8,3411,1.0,1.0,1.0
74,0.6886104794602853,0.19751682759793632,0.8106415325589129,GMM estimator,0.25,0.8,3411,1.0,1.0,1.0
75,0.8713031168371559,0.9208405773468753,0.73429311873351,GMM estimator,0.25,0.8,3411,1.0,1.0,1.0
76,1.3780029872536161,1.2109187914512347,1.169140275020311,GMM estimator,0.25,0.8,3411,1.0,1.0,1.0
77,0.9136907491895769,1.4673244626398265,1.6098880704512624,GMM estimator,0.25,0.8,3411,1.0,1.0,1.0
78,1.3268368137705693,0.9745654675452897,0.6930450615218433,GMM estimator,0.25,0.8,3411,1.0,1.0,1.0
79,1.1797951746205815,1.164247896281037,0.9364332027150741,GMM estimator,0.25,0.8,3411,1.0,1.0,1.0
80,1.0159998498631264,1.4629546860412015,0.6199855311788991,GMM estimator,0.25,0.8,3411,1.0,1.0,1.0
81,0.6316254920801043,0.9789762759526752,1.1285970939959498,GMM estimator,0.25,0.8,3411,1.0,1.0,1.0
82,1.0271586943965945,2.767362443763022,0.25588414948567717,GMM estimator,0.25,0.8,3411,1.0,1.0,1.0
83,0.891868071941234,1.001051127914249,2.093622978415503,GMM estimator,0.25,0.8,3411,1.0,1.0,1.0
84,0.6650131479723593,1.7256930014121195,0.41805797542921086,GMM estimator,0.25,0.8,3411,1.0,1.0,1.0
85,1.2281893900477185,1.131379029735279,0.6684666245942594,GMM estimator,0.25,0.8,3411,1.0,1.0,1.0
86,0.7718498148040993,0.9761631436107905,1.0108432955652518,GMM estimator,0.25,0.8,3411,1.0,1.0,1.0
87,1.2159858934606644,0.7207293651029905,0.605531113282594,GMM estimator,0.25,0.8,3411,1.0,1.0,1.0
88,1.1232433034209257,1.9419415698016733,0.7949343561351009,GMM estimator,0.25,0.8,3411,1.0,1.0,1.0
89,0.6152237860683911,0.5853210620621212,1.351135492384401,GMM estimator,0.25,0.8,3411,1.0,1.0,1.0
90,1.4899444296319857,1.249777514887786,0.5936833983828134,GMM estimator,0.25,0.8,3411,1.0,1.0,1.0
91,0.703840994175284,-0.06765528369369372,0.7098055969046824,GMM estimator,0.25,0.8,3411,1.0,1.0,1.0
92,1.0343293605692896,0.9821168306186179,0.9069889706065126,GMM estimator,0.25,0.8,3411,1.0,1.0,1.0
93,1.1878823842915267,2.013570902510594,0.8411612071472518,GMM estimator,0.25,0.8,3411,1.0,1.0,1.0
94,0.8344437478755038,0.8800222739273542,1.1153245775624896,GMM estimator,0.25,0.8,3411,1.0,1.0,1.0
95,0.8848005768659368,1.3037637380514497,1.2875255575174522,GMM estimator,0.25,0.8,3411,1.0,1.0,1.0
96,0.9762850690362993,1.2701711580896824,1.227070822169157,GMM estimator,0.25,0.8,3411,1.0,1.0,1.0
97,0.9583084591347379,2.4930019306480062,1.1784392116567233,GMM estimator,0.25,0.8,3411,1.0,1.0,1.0
98,0.57632688443082,0.4642145533966193,1.3830453578844129,GMM estimator,0.25,0.8,3411,1.0,1.0,1.0
99,0.6506502696042986,1.1193769222429548,1.359599335077661,GMM estimator,0.25,0.8,3411,1.0,1.0,1.0
100,1.0168054922619163,1.019856112977298,1.0288173645662173,GMM estimator,0.25,0.8,3411,1.0,1.0,1.0
1,0.887368369859635,1.2934533406912465,0.9638700914494372,Three-step,0.5,0.8,3411,1.0,1.0,1.0
2,0.6819151409056641,0.26922769404857866,0.5220631651330206,Three-step,0.5,0.8,3411,1.0,1.0,1.0
3,0.3864073966920073,0.9132445510792777,0.7051725840424349,Three-step,0.5,0.8,3411,1.0,1.0,1.0
4,0.8897115881126408,1.6162152875282558,0.5643558046293516,Three-step,0.5,0.8,3411,1.0,1.0,1.0
5,1.1239539894990642,0.7907961759687908,1.1595158094350873,Three-step,0.5,0.8,3411,1.0,1.0,1.0
6,1.0604499916051682,0.9333562022190285,1.0799781946655431,Three-step,0.5,0.8,3411,1.0,1.0,1.0
7,1.3648363132941248,1.0571568487542566,1.182782346656332,Three-step,0.5,0.8,3411,1.0,1.0,1.0
8,0.5276128515019974,0.922934305546192,1.059173390260581,Three-step,0.5,0.8,3411,1.0,1.0,1.0
9,0.579932680880483,1.2693088006808102,0.3521295348249193,Three-step,0.5,0.8,3411,1.0,1.0,1.0
10,1.2560672185671624,1.5136848384307995,1.0726970957938955,Three-step,0.5,0.8,3411,1.0,1.0,1.0
11,1.313082235447074,0.763978242740568,0.8183005077781486,Three-step,0.5,0.8,3411,1.0,1.0,1.0
12,0.9623229122570574,1.2076657197091027,0.7728180332601591,Three-step,0.5,0.8,3411,1.0,1.0,1.0
13,1.1429237866927195,1.8929102589488922,1.3288215680134596,Three-step,0.5,0.8,3411,1.0,1.0,1.0
14,0.84288345207024,1.2382134163262586,1.5386729453513674,Three-step,0.5,0.8,3411,1.0,1.0,1.0
15,1.2822828849135588,1.940024738608742,1.4768485037010146,Three-step,0.5,0.8,3411,1.0,1.0,1.0
16,1.4720379206916556,1.6881502435599829,1.4427559353683646,Three-step,0.5,0.8,3411,1.0,1.0,1.0
17,0.9398055924895558,0.9935763041288821,1.285823026388176,Three-step,0.5,0.8,3411,1.0,1.0,1.0
18,1.573387450113275,1.6082796183937,1.5163474608083323,Three-step,0.5,0.8,3411,1.0,1.0,1.0
19,0.9368916842401046,0.7455429256136291,1.4245362535396169,Three-step,0.5,0.8,3411,1.0,1.0,1.0
20,0.8009014015993551,0.8187573551289576,0.5569764775615489,Three-step,0.5,0.8,3411,1.0,1.0,1.0
21,1.561094915330307,0.8172942224874158,2.0200777965077696,Three-step,0.5,0.8,3411,1.0,1.0,1.0
22,0.8993259783629032,1.0646415476921367,1.1503423610742467,Three-step,0.5,0.8,3411,1.0,1.0,1.0
23,0.690288960558047,1.2532621703447688,1.3178131902317962,Three-step,0.5,0.8,3411,1.0,1.0,1.0
24,0.702455719307448,0.833264984764275,1.2387680139679162,Three-step,0.5,0.8,3411,1.0,1.0,1.0
25,0.9292175558262507,0.8219806518798056,0.7623042432277911,Three-step,0.5,0.8,3411,1.0,1.0,1.0
26,1.0173743621252158,0.6715448020581962,0.980564575885455,Three-step,0.5,0.8,3411,1.0,1.0,1.0
27,1.20350062809145,1.3187033426751864,1.1626481061842922,Three-step,0.5,0.8,3411,1.0,1.0,1.0
28,0.9834970853712279,1.0769179900831867,1.139492586682796,Three-step,0.5,0.8,3411,1.0,1.0,1.0
29,0.7875627553574793,0.7831338941251663,0.5832613451818043,Three-step,0.5,0.8,3411,1.0,1.0,1.0
30,0.83762105591875,1.5773924288783985,1.278508886956087,Three-step,0.5,0.8,3411,1.0,1.0,1.0
31,0.9691294788345451,0.8098961645507999,0.6568247036894124,Three-step,0.5,0.8,3411,1.0,1.0,1.0
32,0.23184500027596938,0.4015138128783376,0.9293597626378827,Three-step,0.5,0.8,3411,1.0,1.0,1.0
33,1.2642798276869964,1.031551693329252,1.1986262392398852,Three-step,0.5,0.8,3411,1.0,1.0,1.0
34,0.7277215183162609,0.9078677767742493,1.460505991519399,Three-step,0.5,0.8,3411,1.0,1.0,1.0
35,0.9920405260301749,1.517934550806474,0.6003052890956357,Three-step,0.5,0.8,3411,1.0,1.0,1.0
36,0.558880791321586,0.9453124625900465,0.5835346753325171,Three-step,0.5,0.8,3411,1.0,1.0,1.0
37,1.0467465704985766,0.8182022927461122,0.8815749570136928,Three-step,0.5,0.8,3411,1.0,1.0,1.0
38,1.249269326929666,1.3965666402494867,0.9737993032193758,Three-step,0.5,0.8,3411,1.0,1.0,1.0
39,1.016047012732977,1.5401919592372113,0.9585449624162686,Three-step,0.5,0.8,3411,1.0,1.0,1.0
40,0.6206449065409871,0.49009824735881213,0.7173459218249433,Three-step,0.5,0.8,3411,1.0,1.0,1.0
41,1.5953238032856327,1.1754049014399435,0.8965497235992378,Three-step,0.5,0.8,3411,1.0,1.0,1.0
42,0.8575978499190539,0.9543130506786535,1.1508010067750085,Three-step,0.5,0.8,3411,1.0,1.0,1.0
43,1.2833781246395704,0.9450840969810669,1.4012992755526315,Three-step,0.5,0.8,3411,1.0,1.0,1.0
44,1.3803308457145005,1.3613873500357698,1.0764879632069135,Three-step,0.5,0.8,3411,1.0,1.0,1.0
45,0.7183884094528941,1.481896703954333,1.3068846923272615,Three-step,0.5,0.8,3411,1.0,1.0,1.0
46,1.2482086934112047,1.3964945861451676,1.0649789511312973,Three-step,0.5,0.8,3411,1.0,1.0,1.0
47,1.090267752494058,0.8661764557286777,0.9767477768454365,Three-step,0.5,0.8,3411,1.0,1.0,1.0
48,1.2370145095854652,1.6358954700575694,1.0391178179844063,Three-step,0.5,0.8,3411,1.0,1.0,1.0
49,0.6364855624814649,0.6227835704258207,0.878219706267609,Three-step,0.5,0.8,3411,1.0,1.0,1.0
50,1.702723774464878,1.035669689432584,1.7489249109171412,Three-step,0.5,0.8,3411,1.0,1.0,1.0
51,1.1014192255020943,0.9247794794487538,1.1161626984289081,Three-step,0.5,0.8,3411,1.0,1.0,1.0
52,1.2122385793165384,1.6814927770754393,1.6383312844091422,Three-step,0.5,0.8,3411,1.0,1.0,1.0
53,2.2935999510041403,1.434498244204435,1.1379074518108276,Three-step,0.5,0.8,3411,1.0,1.0,1.0
54,1.0035875312487113,1.8365177866566469,1.1099373188218762,Three-step,0.5,0.8,3411,1.0,1.0,1.0
55,1.1531098915659215,1.0189159462485322,1.644717441958092,Three-step,0.5,0.8,3411,1.0,1.0,1.0
56,0.9524926486319859,0.39940421066172105,0.7339833957954783,Three-step,0.5,0.8,3411,1.0,1.0,1.0
57,1.0588089221167687,1.5231126542592142,1.062585264133449,Three-step,0.5,0.8,3411,1.0,1.0,1.0
58,0.653041897368158,1.125017096644175,0.4818000633046495,Three-step,0.5,0.8,3411,1.0,1.0,1.0
59,1.0610985183156514,1.0763791874414963,1.2827673111782267,Three-step,0.5,0.8,3411,1.0,1.0,1.0
60,0.757170155664025,1.042511846606313,1.0228353164808341,Three-step,0.5,0.8,3411,1.0,1.0,1.0
61,0.776796573505637,1.284305061983083,1.13029070238651,Three-step,0.5,0.8,3411,1.0,1.0,1.0
62,0.7294856828765245,0.5215872464398291,0.8810765323466294,Three-step,0.5,0.8,3411,1.0,1.0,1.0
63,0.7024612827730417,1.1103446027555246,0.9306455557398416,Three-step,0.5,0.8,3411,1.0,1.0,1.0
64,1.0700908256880755,1.5789206387115196,1.843864445159436,Three-step,0.5,0.8,3411,1.0,1.0,1.0
65,1.3098146144632874,1.2145036038757573,0.8488760197211692,Three-step,0.5,0.8,3411,1.0,1.0,1.0
66,0.9496004235024212,1.5155426721162797,0.7035981176426332,Three-step,0.5,0.8,3411,1.0,1.0,1.0
67,1.1280854930606807,1.131587939641337,1.1320678715263188,Three-step,0.5,0.8,3411,1.0,1.0,1.0
68,1.3244270155385538,1.368647258356696,1.6125375998025409,Three-step,0.5,0.8,3411,1.0,1.0,1.0
69,0.7102072167206429,1.597647526108361,0.6394103727065874,Three-step,0.5,0.8,3411,1.0,1.0,1.0
70,1.301126617006338,1.2395770067319682,0.9635891559980226,Three-step,0.5,0.8,3411,1.0,1.0,1.0
71,1.0093201826582914,1.0185210490893077,0.3932545063609582,Three-step,0.5,0.8,3411,1.0,1.0,1.0
72,0.603986708974839,1.1337615390743951,0.9051728087393339,Three-step,0.5,0.8,3411,1.0,1.0,1.0
73,0.6855073374923644,1.4429084067156335,0.7839422024041066,Three-step,0.5,0.8,3411,1.0,1.0,1.0
74,0.7094999729392049,1.2079283493583455,0.7361602283710098,Three-step,0.5,0.8,3411,1.0,1.0,1.0
75,0.8307016098211553,1.2946107490024414,0.674485053692667,Three-step,0.5,0.8,3411,1.0,1.0,1.0
76,1.3694292359693347,1.7987326096785146,1.0407928921951088,Three-step,0.5,0.8,3411,1.0,1.0,1.0
77,0.9382391198266181,1.6595496786714368,1.3494242501142846,Three-step,0.5,0.8,3411,1.0,1.0,1.0
78,1.2745880851085007,1.2955886978708957,0.9818156701291657,Three-step,0.5,0.8,3411,1.0,1.0,1.0
79,1.1407572723098909,0.5318013469991192,0.8609688570760831,Three-step,0.5,0.8,3411,1.0,1.0,1.0
80,1.0373868964979818,0.9140376924849097,0.8100197809412004,Three-step,0.5,0.8,3411,1.0,1.0,1.0
81,0.6588872053006833,1.5244891265832312,1.304344260216916,Three-step,0.5,0.8,3411,1.0,1.0,1.0
82,0.9896333718986854,1.9984361507415096,0.7262730103722629,Three-step,0.5,0.8,3411,1.0,1.0,1.0
83,0.9220567376402581,0.8527282909659024,1.6731079269021913,Three-step,0.5,0.8,3411,1.0,1.0,1.0
84,0.6109945777722415,1.35772480252786,0.43252021518371464,Three-step,0.5,0.8,3411,1.0,1.0,1.0
85,1.2979800914173147,1.5320121674052682,1.3772892387288846,Three-step,0.5,0.8,3411,1.0,1.0,1.0
86,0.7572484830075622,0.8954652644299985,0.6824270247691999,Three-step,0.5,0.8,3411,1.0,1.0,1.0
87,1.2548188020066737,0.9850760586727427,0.7742380312063757,Three-step,0.5,0.8,3411,1.0,1.0,1.0
88,1.1899130676324594,1.3220970258934626,1.0182686969189845,Three-step,0.5,0.8,3411,1.0,1.0,1.0
89,0.6517533354734031,1.2168019314968843,0.9916382166088972,Three-step,0.5,0.8,3411,1.0,1.0,1.0
90,1.5415340944611546,1.06047429085675,1.1912902126039433,Three-step,0.5,0.8,3411,1.0,1.0,1.0
91,0.7798638871667679,0.637153354084566,0.9043883447683015,Three-step,0.5,0.8,3411,1.0,1.0,1.0
92,1.012297938940135,1.1994809379739766,1.2956753618601022,Three-step,0.5,0.8,3411,1.0,1.0,1.0
93,1.1359185515283772,1.416973036844539,0.7204781595763677,Three-step,0.5,0.8,3411,1.0,1.0,1.0
94,0.831476737511738,1.3413443761118222,0.8486132131328781,Three-step,0.5,0.8,3411,1.0,1.0,1.0
95,0.9048124195111928,1.414667171572146,1.0717371221985563,Three-step,0.5,0.8,3411,1.0,1.0,1.0
96,0.9880311273123111,1.6687582623105646,1.1075888735551525,Three-step,0.5,0.8,3411,1.0,1.0,1.0
97,0.9949921632652041,1.9147519463648106,1.1109937630266786,Three-step,0.5,0.8,3411,1.0,1.0,1.0
98,0.6118885406502158,0.9739835718498746,1.325054715280043,Three-step,0.5,0.8,3411,1.0,1.0,1.0
99,0.6542736695696233,1.1199622902474753,1.0930015261091182,Three-step,0.5,0.8,3411,1.0,1.0,1.0
100,0.9821343741301649,0.8937045508843668,1.0283955213026559,Three-step,0.5,0.8,3411,1.0,1.0,1.0
1,1.0315621763532639,1.315715330377685,0.9638700914492436,Robins' estimator,0.5,0.8,3411,1.0,1.0,1.0
2,0.6960169650689783,0.38464350944893066,0.5220631651955556,Robins' estimator,0.5,0.8,3411,1.0,1.0,1.0
3,0.4443501434542313,0.7640174623666972,0.7051725847153981,Robins' estimator,0.5,0.8,3411,1.0,1.0,1.0
4,1.0391528039158324,1.761015636006488,0.5643558046288106,Robins' estimator,0.5,0.8,3411,1.0,1.0,1.0
5,1.1830091279122934,0.6023000451653518,1.1595158094329125,Robins' estimator,0.5,0.8,3411,1.0,1.0,1.0
6,1.197633604325161,0.7499774813347128,1.0799781946665112,Robins' estimator,0.5,0.8,3411,1.0,1.0,1.0
7,1.4216636583179654,0.9734157970275843,1.1827823466669571,Robins' estimator,0.5,0.8,3411,1.0,1.0,1.0
8,0.6119272667721747,0.799547117268534,1.0591733902605767,Robins' estimator,0.5,0.8,3411,1.0,1.0,1.0
9,0.616684279069739,1.1190744455325825,0.35212953482548787,Robins' estimator,0.5,0.8,3411,1.0,1.0,1.0
10,1.3516913789612444,1.4866009621351923,1.0726970957017221,Robins' estimator,0.5,0.8,3411,1.0,1.0,1.0
11,1.3242847527566266,0.6819216080332816,0.8183005080369437,Robins' estimator,0.5,0.8,3411,1.0,1.0,1.0
12,0.8917482525491733,1.208191395670437,0.7728180332602353,Robins' estimator,0.5,0.8,3411,1.0,1.0,1.0
13,1.1290608918936127,1.7763252135837142,1.3288215679182263,Robins' estimator,0.5,0.8,3411,1.0,1.0,1.0
14,0.8834056305144725,1.103546889342894,1.5386729453332404,Robins' estimator,0.5,0.8,3411,1.0,1.0,1.0
15,1.3196067083734584,1.7440552979742656,1.4768485037003407,Robins' estimator,0.5,0.8,3411,1.0,1.0,1.0
16,1.561656215124197,1.8956650397388917,1.4427559347976882,Robins' estimator,0.5,0.8,3411,1.0,1.0,1.0
17,1.0022714591239903,0.8486156669178436,1.2858230263877621,Robins' estimator,0.5,0.8,3411,1.0,1.0,1.0
18,1.5299581331872754,1.7011238349135505,1.5163474608141363,Robins' estimator,0.5,0.8,3411,1.0,1.0,1.0
19,0.8971935283555366,0.6936916148247471,1.424536253539462,Robins' estimator,0.5,0.8,3411,1.0,1.0,1.0
20,0.7706536619423977,0.7996510952131507,0.5569764775615607,Robins' estimator,0.5,0.8,3411,1.0,1.0,1.0
21,1.487449990707209,0.8658573713153723,2.0200777987589493,Robins' estimator,0.5,0.8,3411,1.0,1.0,1.0
22,1.0399295859059914,1.0278314047148402,1.1503423610728898,Robins' estimator,0.5,0.8,3411,1.0,1.0,1.0
23,0.7035939381645285,1.134464221724706,1.3178131902277521,Robins' estimator,0.5,0.8,3411,1.0,1.0,1.0
24,0.7537351914842609,0.8136231214918238,1.2387680139676918,Robins' estimator,0.5,0.8,3411,1.0,1.0,1.0
25,0.8228770931213657,0.7282327747523965,0.7623042432278421,Robins' estimator,0.5,0.8,3411,1.0,1.0,1.0
26,1.0611040283413673,0.6792838948957082,0.980564575751171,Robins' estimator,0.5,0.8,3411,1.0,1.0,1.0
27,1.1937950385432357,1.4202453042595347,1.1626481061843315,Robins' estimator,0.5,0.8,3411,1.0,1.0,1.0
28,1.0896971286591717,1.0188481108782241,1.139492586678954,Robins' estimator,0.5,0.8,3411,1.0,1.0,1.0
29,0.8608283129065797,0.9064573238715007,0.5832613451497023,Robins' estimator,0.5,0.8,3411,1.0,1.0,1.0
30,0.8741529755028308,1.5864414190277614,1.2785088869602572,Robins' estimator,0.5,0.8,3411,1.0,1.0,1.0
31,0.9324293916515062,0.8634040472989402,0.6568247036893023,Robins' estimator,0.5,0.8,3411,1.0,1.0,1.0
32,0.35987509931202033,0.31452324699538314,0.9293597628641573,Robins' estimator,0.5,0.8,3411,1.0,1.0,1.0
33,1.1821517190966684,1.1908615338597055,1.1986262392503677,Robins' estimator,0.5,0.8,3411,1.0,1.0,1.0
34,0.7298335307934949,1.01016355424438,1.4605059914333482,Robins' estimator,0.5,0.8,3411,1.0,1.0,1.0
35,1.161936620437177,1.6380960298580314,0.600305289095129,Robins' estimator,0.5,0.8,3411,1.0,1.0,1.0
36,0.6120702337281874,0.8263779432790695,0.5835346758264207,Robins' estimator,0.5,0.8,3411,1.0,1.0,1.0
37,1.1263099580116442,0.9722648140098759,0.8815749570145226,Robins' estimator,0.5,0.8,3411,1.0,1.0,1.0
38,1.298859942294933,1.3667585315129611,0.973799303246595,Robins' estimator,0.5,0.8,3411,1.0,1.0,1.0
39,1.199259795728087,1.4829673410308875,0.9585449624182657,Robins' estimator,0.5,0.8,3411,1.0,1.0,1.0
40,0.7806998430585189,0.42913963318237197,0.7173459218463024,Robins' estimator,0.5,0.8,3411,1.0,1.0,1.0
41,1.5299399787453964,1.0710254074612748,0.8965497232128832,Robins' estimator,0.5,0.8,3411,1.0,1.0,1.0
42,0.8870117511417817,0.9231160331105299,1.1508010067737726,Robins' estimator,0.5,0.8,3411,1.0,1.0,1.0
43,1.3036562099804825,0.7387299459977571,1.4012992755526785,Robins' estimator,0.5,0.8,3411,1.0,1.0,1.0
44,1.5053210772079602,1.4021056266966385,1.0764879632085396,Robins' estimator,0.5,0.8,3411,1.0,1.0,1.0
45,0.7240500554291753,1.495079745074963,1.3068846923431727,Robins' estimator,0.5,0.8,3411,1.0,1.0,1.0
46,1.3842263374758157,1.251273307908494,1.0649789513430692,Robins' estimator,0.5,0.8,3411,1.0,1.0,1.0
47,1.1382906314540868,1.010262030405903,0.9767477768305586,Robins' estimator,0.5,0.8,3411,1.0,1.0,1.0
48,1.3736915349552,1.7155479490596852,1.0391178179856655,Robins' estimator,0.5,0.8,3411,1.0,1.0,1.0
49,0.5525621826911989,0.5846437784151395,0.878219706275948,Robins' estimator,0.5,0.8,3411,1.0,1.0,1.0
50,1.749035065664765,1.1763895675909957,1.7489249109608016,Robins' estimator,0.5,0.8,3411,1.0,1.0,1.0
51,1.2223894583027142,1.1664958732559743,1.116162698422626,Robins' estimator,0.5,0.8,3411,1.0,1.0,1.0
52,1.2170396712525617,1.544209692652845,1.6383312844080598,Robins' estimator,0.5,0.8,3411,1.0,1.0,1.0
53,2.3146061347143334,1.3823653539756366,1.1379074518123706,Robins' estimator,0.5,0.8,3411,1.0,1.0,1.0
54,1.1168291112589408,1.7389643865189,1.109937318823061,Robins' estimator,0.5,0.8,3411,1.0,1.0,1.0
55,1.1482389648513613,1.1246701356429762,1.6447174419574284,Robins' estimator,0.5,0.8,3411,1.0,1.0,1.0
56,0.9104208337545731,0.46921289113061465,0.7339833956691408,Robins' estimator,0.5,0.8,3411,1.0,1.0,1.0
57,1.254589405322701,1.4158397243890122,1.0625852641303513,Robins' estimator,0.5,0.8,3411,1.0,1.0,1.0
58,0.7530872538285666,1.214842370345911,0.48180006330161723,Robins' estimator,0.5,0.8,3411,1.0,1.0,1.0
59,1.1875636825096663,1.0383546723601864,1.2827673110014854,Robins' estimator,0.5,0.8,3411,1.0,1.0,1.0
60,0.8812062434327004,1.0944455188123199,1.0228353164812458,Robins' estimator,0.5,0.8,3411,1.0,1.0,1.0
61,0.9393677003046169,1.1884873535813112,1.130290702384588,Robins' estimator,0.5,0.8,3411,1.0,1.0,1.0
62,0.9252325127856563,0.48190485573137515,0.8810765323465418,Robins' estimator,0.5,0.8,3411,1.0,1.0,1.0
63,0.7478987448781621,0.9507463440762073,0.9306455551729349,Robins' estimator,0.5,0.8,3411,1.0,1.0,1.0
64,1.0416733090914667,1.4255167955867103,1.8438644451607502,Robins' estimator,0.5,0.8,3411,1.0,1.0,1.0
65,1.2641989515249252,1.145300320337697,0.8488760197211396,Robins' estimator,0.5,0.8,3411,1.0,1.0,1.0
66,1.0358537339765623,1.4499342980054841,0.70359811764356,Robins' estimator,0.5,0.8,3411,1.0,1.0,1.0
67,1.0605781566127286,1.177299969331336,1.1320678715132937,Robins' estimator,0.5,0.8,3411,1.0,1.0,1.0
68,1.4261586281887622,1.2774683874408563,1.6125375998049936,Robins' estimator,0.5,0.8,3411,1.0,1.0,1.0
69,0.778745838423413,1.4646206434560243,0.6394103727060028,Robins' estimator,0.5,0.8,3411,1.0,1.0,1.0
70,1.3806255469070186,1.1863373344454475,0.9635891559980958,Robins' estimator,0.5,0.8,3411,1.0,1.0,1.0
71,1.066862272848915,0.9930943661671005,0.3932545065058331,Robins' estimator,0.5,0.8,3411,1.0,1.0,1.0
72,0.7288315720218306,1.1400771641429719,0.9051728087393535,Robins' estimator,0.5,0.8,3411,1.0,1.0,1.0
73,0.7967603361150352,1.376350707040948,0.7839422024043572,Robins' estimator,0.5,0.8,3411,1.0,1.0,1.0
74,0.6969793219514535,1.2615389095400928,0.7361602278028785,Robins' estimator,0.5,0.8,3411,1.0,1.0,1.0
75,1.0239211888628912,1.2001130587302435,0.6744850536932719,Robins' estimator,0.5,0.8,3411,1.0,1.0,1.0
76,1.538969365026429,1.7145818445415508,1.0407928922014376,Robins' estimator,0.5,0.8,3411,1.0,1.0,1.0
77,1.009887915900892,1.6543543892764598,1.3494242501305205,Robins' estimator,0.5,0.8,3411,1.0,1.0,1.0
78,1.3261192508399227,1.2985036884834156,0.9818156701294164,Robins' estimator,0.5,0.8,3411,1.0,1.0,1.0
79,1.118744861417267,0.6031831904195775,0.8609688570747641,Robins' estimator,0.5,0.8,3411,1.0,1.0,1.0
80,1.0657050813684188,0.8720722657586906,0.8100197809404397,Robins' estimator,0.5,0.8,3411,1.0,1.0,1.0
81,0.8088252086214934,1.4144111608977277,1.3043442602150332,Robins' estimator,0.5,0.8,3411,1.0,1.0,1.0
82,0.9287145388478918,2.022563264137514,0.7262730103724727,Robins' estimator,0.5,0.8,3411,1.0,1.0,1.0
83,1.0881467407496463,0.7662587186216939,1.6731079268901745,Robins' estimator,0.5,0.8,3411,1.0,1.0,1.0
84,0.7175230147657737,1.5834886663807803,0.4325202151654432,Robins' estimator,0.5,0.8,3411,1.0,1.0,1.0
85,1.4139969353368687,1.7554333175155823,1.3772892387308102,Robins' estimator,0.5,0.8,3411,1.0,1.0,1.0
86,0.8526522734996442,0.9744465205878556,0.6824270247691943,Robins' estimator,0.5,0.8,3411,1.0,1.0,1.0
87,1.290323656738316,1.146369930650851,0.774238031200157,Robins' estimator,0.5,0.8,3411,1.0,1.0,1.0
88,1.0801036409684361,1.3521270623644768,1.0182686969038588,Robins' estimator,0.5,0.8,3411,1.0,1.0,1.0
89,0.6856304846665349,1.134651700766199,0.9916382166250319,Robins' estimator,0.5,0.8,3411,1.0,1.0,1.0
90,1.5840992345786085,1.1850700251727257,1.1912902126002822,Robins' estimator,0.5,0.8,3411,1.0,1.0,1.0
91,0.8148457238756989,0.6534255919961152,0.9043883447262354,Robins' estimator,0.5,0.8,3411,1.0,1.0,1.0
92,1.2788555227435328,0.9808252083605866,1.2956753618598307,Robins' estimator,0.5,0.8,3411,1.0,1.0,1.0
93,1.1551668411922442,1.6110044812228366,0.720478159569414,Robins' estimator,0.5,0.8,3411,1.0,1.0,1.0
94,0.9088126603937255,1.3533920013085312,0.8486132131328435,Robins' estimator,0.5,0.8,3411,1.0,1.0,1.0
95,1.016546140422568,1.1982353967279897,1.0717371221985879,Robins' estimator,0.5,0.8,3411,1.0,1.0,1.0
96,1.1237454634133497,1.6946990333557757,1.1075888735567345,Robins' estimator,0.5,0.8,3411,1.0,1.0,1.0
97,1.081593095383844,2.104486293555115,1.1109937630228504,Robins' estimator,0.5,0.8,3411,1.0,1.0,1.0
98,0.7999393225316198,0.8246066790347832,1.3250547152788883,Robins' estimator,0.5,0.8,3411,1.0,1.0,1.0
99,0.7496626858675224,1.1487215856981376,1.0930015261084012,Robins' estimator,0.5,0.8,3411,1.0,1.0,1.0
100,1.003805438360934,1.0962433563019665,1.0283955213003835,Robins' estimator,0.5,0.8,3411,1.0,1.0,1.0
1,0.8627002101567929,1.075843597693284,0.9416964059638435,GMM estimator,0.5,0.8,3411,1.0,1.0,1.0
2,0.6973231790599976,0.4248318997919268,0.5303575926708542,GMM estimator,0.5,0.8,3411,1.0,1.0,1.0
3,0.4075763566794296,0.6894743343735028,0.7090983829548084,GMM estimator,0.5,0.8,3411,1.0,1.0,1.0
4,0.8444048053173809,1.4113241830922627,0.5622110272749843,GMM estimator,0.5,0.8,3411,1.0,1.0,1.0
5,1.1026560533780438,0.5654717425104728,1.1285009079346322,GMM estimator,0.5,0.8,3411,1.0,1.0,1.0
6,1.0377212343099165,0.6019254211695813,0.8295243803273868,GMM estimator,0.5,0.8,3411,1.0,1.0,1.0
7,1.3891943553735588,0.9549424337773771,1.18453395992625,GMM estimator,0.5,0.8,3411,1.0,1.0,1.0
8,0.5794506805264886,0.8202906741989904,1.0119079064531027,GMM estimator,0.5,0.8,3411,1.0,1.0,1.0
9,0.63844706931628,1.1279569883922829,0.3542408313589187,GMM estimator,0.5,0.8,3411,1.0,1.0,1.0
10,1.3540984941026204,1.4334651337261488,1.1554522383449273,GMM estimator,0.5,0.8,3411,1.0,1.0,1.0
11,1.319052659727126,0.6850318704648013,0.7947966893623264,GMM estimator,0.5,0.8,3411,1.0,1.0,1.0
12,0.8462525877619046,1.270426356204241,0.718855381254488,GMM estimator,0.5,0.8,3411,1.0,1.0,1.0
13,1.1967365891113655,1.8315178910627594,1.5200721194682956,GMM estimator,0.5,0.8,3411,1.0,1.0,1.0
14,0.8918351477209683,1.1442420801267303,1.509244511335055,GMM estimator,0.5,0.8,3411,1.0,1.0,1.0
15,1.3357763579939146,1.7186717510261924,1.3922632172338494,GMM estimator,0.5,0.8,3411,1.0,1.0,1.0
16,1.4619206855359437,1.67585411121612,1.0033027742363672,GMM estimator,0.5,0.8,3411,1.0,1.0,1.0
17,1.0029510972790092,0.7947715424632094,1.3030006941653482,GMM estimator,0.5,0.8,3411,1.0,1.0,1.0
18,1.5472041124020848,1.6808750053294546,1.4795004891503254,GMM estimator,0.5,0.8,3411,1.0,1.0,1.0
19,0.8734265225819143,0.66159135030803,1.375293507313088,GMM estimator,0.5,0.8,3411,1.0,1.0,1.0
20,0.7564097492088996,0.7994546054222094,0.507322134907809,GMM estimator,0.5,0.8,3411,1.0,1.0,1.0
21,1.511741638933671,0.8774597633572512,2.0785466101042402,GMM estimator,0.5,0.8,3411,1.0,1.0,1.0
22,0.8733981408853208,0.8608818856448348,0.9834871087836561,GMM estimator,0.5,0.8,3411,1.0,1.0,1.0
23,0.6911678360766481,1.1116272897387733,1.2863018038179628,GMM estimator,0.5,0.8,3411,1.0,1.0,1.0
24,0.7329247254371242,0.8101150293854537,1.2536092107640573,GMM estimator,0.5,0.8,3411,1.0,1.0,1.0
25,0.6970012024210245,0.6209498362554233,0.6774944326709488,GMM estimator,0.5,0.8,3411,1.0,1.0,1.0
26,1.0817665662218272,0.6406456463647332,1.0154693323573705,GMM estimator,0.5,0.8,3411,1.0,1.0,1.0
27,1.1950627759552137,1.3586769950229387,1.2069912367361173,GMM estimator,0.5,0.8,3411,1.0,1.0,1.0
28,1.0276415000177315,0.9198865405670358,1.1296627372847239,GMM estimator,0.5,0.8,3411,1.0,1.0,1.0
29,0.8446579729151955,0.8658792855283957,0.6651282020222906,GMM estimator,0.5,0.8,3411,1.0,1.0,1.0
30,0.8750126360085946,1.5386738702842022,1.2613575304440086,GMM estimator,0.5,0.8,3411,1.0,1.0,1.0
31,0.9253111225418859,0.8759542569633844,0.6612385549352539,GMM estimator,0.5,0.8,3411,1.0,1.0,1.0
32,0.3014273883048454,0.2834073686237351,1.0524192378438393,GMM estimator,0.5,0.8,3411,1.0,1.0,1.0
33,1.168838097927932,1.1225958234551783,1.0969988558901256,GMM estimator,0.5,0.8,3411,1.0,1.0,1.0
34,0.7375440746452,0.9764557431243901,1.4196554920338258,GMM estimator,0.5,0.8,3411,1.0,1.0,1.0
35,0.9172238198171189,1.422327476163901,0.7303354560750325,GMM estimator,0.5,0.8,3411,1.0,1.0,1.0
36,0.6127573332722236,0.8344707920718191,0.6055469465831281,GMM estimator,0.5,0.8,3411,1.0,1.0,1.0
37,1.1053961925128863,0.9482717841112627,0.9239234509969596,GMM estimator,0.5,0.8,3411,1.0,1.0,1.0
38,1.3142686866569209,1.3814775286464624,1.0086707854954309,GMM estimator,0.5,0.8,3411,1.0,1.0,1.0
39,1.0514361828618177,1.438138060701001,0.8021159794698867,GMM estimator,0.5,0.8,3411,1.0,1.0,1.0
40,0.6534797833075897,0.32777090571327183,0.7167883208922606,GMM estimator,0.5,0.8,3411,1.0,1.0,1.0
41,1.483662612610623,1.1343087786072765,0.8526042137812981,GMM estimator,0.5,0.8,3411,1.0,1.0,1.0
42,0.8732829017926693,0.9135258641364676,1.1503101208145936,GMM estimator,0.5,0.8,3411,1.0,1.0,1.0
43,1.2052774954141536,0.6636569243310428,1.2926815632921427,GMM estimator,0.5,0.8,3411,1.0,1.0,1.0
44,1.4467074210783721,1.2836046643271857,1.1336136864683795,GMM estimator,0.5,0.8,3411,1.0,1.0,1.0
45,0.7236609284621154,1.4916515245466804,1.3124465038422488,GMM estimator,0.5,0.8,3411,1.0,1.0,1.0
46,1.355520531655996,1.1794484792274211,1.1398366683340595,GMM estimator,0.5,0.8,3411,1.0,1.0,1.0
47,1.108449440692084,0.8671198523282442,1.0661678669785033,GMM estimator,0.5,0.8,3411,1.0,1.0,1.0
48,1.2789200480236214,1.5329063458072447,1.0742329279409977,GMM estimator,0.5,0.8,3411,1.0,1.0,1.0
49,0.4598342920236562,0.5540885416037546,0.7736821493256065,GMM estimator,0.5,0.8,3411,1.0,1.0,1.0
50,1.6886428541399425,1.0736208866377694,1.7513693932362457,GMM estimator,0.5,0.8,3411,1.0,1.0,1.0
51,1.0478592642699769,0.969245469737898,1.051370811954716,GMM estimator,0.5,0.8,3411,1.0,1.0,1.0
52,1.2774008568226445,1.6551111643657004,1.5831339312477013,GMM estimator,0.5,0.8,3411,1.0,1.0,1.0
53,2.2932191100576604,1.371218428362192,1.1238397543781966,GMM estimator,0.5,0.8,3411,1.0,1.0,1.0
54,1.0112072510101195,1.6358519784590557,1.1656606374648537,GMM estimator,0.5,0.8,3411,1.0,1.0,1.0
55,1.1734756309318894,1.0954458599077235,1.672588211464,GMM estimator,0.5,0.8,3411,1.0,1.0,1.0
56,0.934405810847948,0.45926661347462333,0.701248612853411,GMM estimator,0.5,0.8,3411,1.0,1.0,1.0
57,1.0590330446149616,1.3162648036308733,1.0888357386596992,GMM estimator,0.5,0.8,3411,1.0,1.0,1.0
58,0.6558877411285651,1.0934701601382384,0.567125227220308,GMM estimator,0.5,0.8,3411,1.0,1.0,1.0
59,1.0874051347590705,0.9277132908557805,1.2323223050093182,GMM estimator,0.5,0.8,3411,1.0,1.0,1.0
60,0.7639246359307186,0.9020876677776832,0.9809822293757838,GMM estimator,0.5,0.8,3411,1.0,1.0,1.0
61,0.8525652435478381,1.124900157278119,1.1269222091614877,GMM estimator,0.5,0.8,3411,1.0,1.0,1.0
62,0.7870343659775066,0.37234513392716184,1.0381416488933508,GMM estimator,0.5,0.8,3411,1.0,1.0,1.0
63,0.7114469570593902,0.9506218160936665,0.8716812721581457,GMM estimator,0.5,0.8,3411,1.0,1.0,1.0
64,1.0374080984904595,1.5613788612082402,2.064326306955195,GMM estimator,0.5,0.8,3411,1.0,1.0,1.0
65,1.2632914424513508,1.1815578400663727,0.8132097775765377,GMM estimator,0.5,0.8,3411,1.0,1.0,1.0
66,1.0318007079008853,1.400433009459321,0.7296936443700466,GMM estimator,0.5,0.8,3411,1.0,1.0,1.0
67,1.0607464390304986,1.177321586148138,1.1313902104392866,GMM estimator,0.5,0.8,3411,1.0,1.0,1.0
68,1.3266880498384448,1.191147059761309,1.5441552736365964,GMM estimator,0.5,0.8,3411,1.0,1.0,1.0
69,0.7942469344407104,1.4212004630438975,0.6341165995002327,GMM estimator,0.5,0.8,3411,1.0,1.0,1.0
70,1.36370970113061,1.1316043662745527,0.9961887823648119,GMM estimator,0.5,0.8,3411,1.0,1.0,1.0
71,1.054092748017993,0.9523394206511813,0.4330059527679471,GMM estimator,0.5,0.8,3411,1.0,1.0,1.0
72,0.6175168787068902,0.9892540398040368,0.8748969834913465,GMM estimator,0.5,0.8,3411,1.0,1.0,1.0
73,0.7485017858790614,1.232748800764978,0.7995830380090185,GMM estimator,0.5,0.8,3411,1.0,1.0,1.0
74,0.7072482150947148,1.265062497735636,0.7485816905750953,GMM estimator,0.5,0.8,3411,1.0,1.0,1.0
75,0.9311190181726451,1.024121692130063,0.6391557931628882,GMM estimator,0.5,0.8,3411,1.0,1.0,1.0
76,1.429104769959281,1.5245785631498165,1.0860918681391922,GMM estimator,0.5,0.8,3411,1.0,1.0,1.0
77,0.9962513691531272,1.5584221669956935,1.3593423487881622,GMM estimator,0.5,0.8,3411,1.0,1.0,1.0
78,1.3448017512880925,1.2948829825937889,1.0093910443975496,GMM estimator,0.5,0.8,3411,1.0,1.0,1.0
79,1.121249304676525,0.597114301025942,0.8417186676540237,GMM estimator,0.5,0.8,3411,1.0,1.0,1.0
80,1.085627422930286,0.8375633677445296,0.7954991089871404,GMM estimator,0.5,0.8,3411,1.0,1.0,1.0
81,0.7200353497618088,1.1511588061598264,1.3828108307148137,GMM estimator,0.5,0.8,3411,1.0,1.0,1.0
82,0.9204002758772591,2.0915307553484253,0.6752001060740591,GMM estimator,0.5,0.8,3411,1.0,1.0,1.0
83,0.9380099435097122,0.7732198646071851,1.562919106685797,GMM estimator,0.5,0.8,3411,1.0,1.0,1.0
84,0.6537336403813044,1.2182122911681814,0.4860966842952501,GMM estimator,0.5,0.8,3411,1.0,1.0,1.0
85,1.2021931610395313,1.4207797798773099,0.8668128971826263,GMM estimator,0.5,0.8,3411,1.0,1.0,1.0
86,0.8055886910799467,0.9663486440816476,0.8151318196736435,GMM estimator,0.5,0.8,3411,1.0,1.0,1.0
87,1.2394688192946468,1.0246007064841822,0.7901667646749071,GMM estimator,0.5,0.8,3411,1.0,1.0,1.0
88,1.0094139968296592,1.379542064840709,0.8820310462265313,GMM estimator,0.5,0.8,3411,1.0,1.0,1.0
89,0.6467496761434146,1.0736810406306336,0.985550731994702,GMM estimator,0.5,0.8,3411,1.0,1.0,1.0
90,1.5433935466098774,1.0369151462618902,1.1996906731365016,GMM estimator,0.5,0.8,3411,1.0,1.0,1.0
91,0.825555675255266,0.6639841205828868,0.9428372524312219,GMM estimator,0.5,0.8,3411,1.0,1.0,1.0
92,1.0095007168351835,0.8499906569857498,1.3332482406644848,GMM estimator,0.5,0.8,3411,1.0,1.0,1.0
93,1.1495768772875636,1.6737133023948256,0.7739083592175795,GMM estimator,0.5,0.8,3411,1.0,1.0,1.0
94,0.883052511730664,1.2880661204597956,0.8673758603109172,GMM estimator,0.5,0.8,3411,1.0,1.0,1.0
95,0.9522326245605036,1.0528740532933498,0.969504606682885,GMM estimator,0.5,0.8,3411,1.0,1.0,1.0
96,1.0247395092844664,1.5931536790514795,1.2112275115550148,GMM estimator,0.5,0.8,3411,1.0,1.0,1.0
97,0.9149868011126014,1.8660530026180284,1.1038919776394984,GMM estimator,0.5,0.8,3411,1.0,1.0,1.0
98,0.6764262693923805,0.7747319793614851,1.1903548724991406,GMM estimator,0.5,0.8,3411,1.0,1.0,1.0
99,0.7044381649722413,0.9883462425873621,1.1240698494320016,GMM estimator,0.5,0.8,3411,1.0,1.0,1.0
100,0.9720326173038272,0.9397750873993289,0.9690529241319042,GMM estimator,0.5,0.8,3411,1.0,1.0,1.0
1,0.8783032784146844,0.8441293131070442,0.7885169193778854,Three-step,0.75,0.8,3411,1.0,1.0,1.0
2,0.6847714748776663,0.608045547057893,0.6718630672596562,Three-step,0.75,0.8,3411,1.0,1.0,1.0
3,0.3936727049333189,1.1615495410314072,0.7902851106197792,Three-step,0.75,0.8,3411,1.0,1.0,1.0
4,0.8831265413315121,1.1722395087095603,0.8215753654863024,Three-step,0.75,0.8,3411,1.0,1.0,1.0
5,1.11954305804,0.8893236050648978,1.0787048365240581,Three-step,0.75,0.8,3411,1.0,1.0,1.0
6,1.0684320316570501,0.6969263937807221,1.5418493457462599,Three-step,0.75,0.8,3411,1.0,1.0,1.0
7,1.3493022504501917,1.0155593277703527,0.40131799233591153,Three-step,0.75,0.8,3411,1.0,1.0,1.0
8,0.5481300226842885,0.6809532130930324,0.6686677509683194,Three-step,0.75,0.8,3411,1.0,1.0,1.0
9,0.5643951993979943,1.0239555828871487,0.8680473327235754,Three-step,0.75,0.8,3411,1.0,1.0,1.0
10,1.271624723278298,0.8873976242494205,0.5959336241044445,Three-step,0.75,0.8,3411,1.0,1.0,1.0
11,1.3181479862488235,1.2372413925906276,1.0940428240975741,Three-step,0.75,0.8,3411,1.0,1.0,1.0
12,0.9340607936033907,1.510891768095705,1.037585515806981,Three-step,0.75,0.8,3411,1.0,1.0,1.0
13,1.1519282502669208,1.00578712082887,1.0110809455980876,Three-step,0.75,0.8,3411,1.0,1.0,1.0
14,0.8600920512844494,1.2611285764678453,0.9363704336257561,Three-step,0.75,0.8,3411,1.0,1.0,1.0
15,1.276943304148215,1.0915496606304775,1.5039846833201607,Three-step,0.75,0.8,3411,1.0,1.0,1.0
16,1.4681058430952263,0.6861974442752171,1.2646818956197035,Three-step,0.75,0.8,3411,1.0,1.0,1.0
17,0.9080666957668563,0.9705743250881981,1.0460081402542736,Three-step,0.75,0.8,3411,1.0,1.0,1.0
18,1.5778584370198767,1.3189808707008561,1.0977053810870865,Three-step,0.75,0.8,3411,1.0,1.0,1.0
19,0.9378603451053316,1.0001083728107805,1.0913513903942715,Three-step,0.75,0.8,3411,1.0,1.0,1.0
20,0.7894021642779521,1.1718694854156841,0.7678490661369566,Three-step,0.75,0.8,3411,1.0,1.0,1.0
21,1.589535226224323,1.1280452708700497,1.4080520002157708,Three-step,0.75,0.8,3411,1.0,1.0,1.0
22,0.9033080768983256,1.2923739140677213,1.2759487512411674,Three-step,0.75,0.8,3411,1.0,1.0,1.0
23,0.6894164668375201,1.5121271766939186,1.0592042564422293,Three-step,0.75,0.8,3411,1.0,1.0,1.0
24,0.6736216614213413,0.9563641177846506,0.8035587923864687,Three-step,0.75,0.8,3411,1.0,1.0,1.0
25,0.9266536759140187,0.8140636753314255,1.0480061876621805,Three-step,0.75,0.8,3411,1.0,1.0,1.0
26,1.0100254005444413,0.7890933268332421,0.7873923652984628,Three-step,0.75,0.8,3411,1.0,1.0,1.0
27,1.2033872484249832,1.3226879286293893,0.951090827198812,Three-step,0.75,0.8,3411,1.0,1.0,1.0
28,1.0022533789016317,1.6430852670100835,1.2979216832261127,Three-step,0.75,0.8,3411,1.0,1.0,1.0
29,0.7808832161096255,0.7526486838361389,1.2006393795418382,Three-step,0.75,0.8,3411,1.0,1.0,1.0
30,0.855816944360641,1.6601655519679477,1.34911928955826,Three-step,0.75,0.8,3411,1.0,1.0,1.0
31,0.9783575881721593,0.8297027956731863,0.7854255089141321,Three-step,0.75,0.8,3411,1.0,1.0,1.0
32,0.22692268320748415,0.39314964472751945,0.9380513867607382,Three-step,0.75,0.8,3411,1.0,1.0,1.0
33,1.2655691970398522,0.9797394293900711,1.5647440295080925,Three-step,0.75,0.8,3411,1.0,1.0,1.0
34,0.7223663753876072,2.104991555428764,1.2350532457204442,Three-step,0.75,0.8,3411,1.0,1.0,1.0
35,1.0018340340062242,0.9104845458513732,0.5551892078636947,Three-step,0.75,0.8,3411,1.0,1.0,1.0
36,0.5770040443971701,1.1086158467083636,0.7995984304572589,Three-step,0.75,0.8,3411,1.0,1.0,1.0
37,1.0577049332652861,0.7256154483697284,1.204202484263636,Three-step,0.75,0.8,3411,1.0,1.0,1.0
38,1.2357166859140571,1.156458167014204,0.5486666635416275,Three-step,0.75,0.8,3411,1.0,1.0,1.0
39,1.0016586534089102,1.1839096792770052,0.8924309162387493,Three-step,0.75,0.8,3411,1.0,1.0,1.0
40,0.6183855722477292,1.1572577301696356,0.689258482633782,Three-step,0.75,0.8,3411,1.0,1.0,1.0
41,1.6031572426806042,1.1211996464206913,1.1875260534358316,Three-step,0.75,0.8,3411,1.0,1.0,1.0
42,0.8462180324491002,1.150120534360657,0.8941311838856506,Three-step,0.75,0.8,3411,1.0,1.0,1.0
43,1.2618620202010649,1.240235577441339,1.11710152332852,Three-step,0.75,0.8,3411,1.0,1.0,1.0
44,1.3629213759435383,1.4153222147660567,1.2953773498685524,Three-step,0.75,0.8,3411,1.0,1.0,1.0
45,0.7076108721350354,0.8061423514502384,1.0065403344540906,Three-step,0.75,0.8,3411,1.0,1.0,1.0
46,1.2446407019769847,1.0973300783672546,1.0802367895426235,Three-step,0.75,0.8,3411,1.0,1.0,1.0
47,1.10164592821763,0.9733973826776955,0.9101042147598755,Three-step,0.75,0.8,3411,1.0,1.0,1.0
48,1.227741901218781,1.807338130179422,1.1249591456343258,Three-step,0.75,0.8,3411,1.0,1.0,1.0
49,0.6297230446662455,0.7353703633744322,1.066631317911885,Three-step,0.75,0.8,3411,1.0,1.0,1.0
50,1.707875642673236,1.2097479771218929,1.4297592140037085,Three-step,0.75,0.8,3411,1.0,1.0,1.0
51,1.109846444946088,1.1727545684526208,1.0337758811143718,Three-step,0.75,0.8,3411,1.0,1.0,1.0
52,1.2276231930206956,0.7189901273902427,1.1577328661119979,Three-step,0.75,0.8,3411,1.0,1.0,1.0
53,2.3102004860213428,1.2956143113366871,0.6619043877157809,Three-step,0.75,0.8,3411,1.0,1.0,1.0
54,1.0100364472308812,1.6389751072339391,1.1956513624401055,Three-step,0.75,0.8,3411,1.0,1.0,1.0
55,1.128862047229338,0.9584069237563305,1.1544305753092712,Three-step,0.75,0.8,3411,1.0,1.0,1.0
56,0.9683291685352354,0.9381329212821252,0.6290819687629945,Three-step,0.75,0.8,3411,1.0,1.0,1.0
57,1.0529783917017324,1.251728170452591,0.8033334271766874,Three-step,0.75,0.8,3411,1.0,1.0,1.0
58,0.6795177240198644,1.3251690613211615,0.8326176887626427,Three-step,0.75,0.8,3411,1.0,1.0,1.0
59,1.046747846960831,0.7165148265005511,1.4253908300636584,Three-step,0.75,0.8,3411,1.0,1.0,1.0
60,0.7674522906912737,1.2736291222295788,1.2218510166277303,Three-step,0.75,0.8,3411,1.0,1.0,1.0
61,0.7793671789168827,1.2892878903362768,0.9176130221425267,Three-step,0.75,0.8,3411,1.0,1.0,1.0
62,0.7311755410107871,1.2208834827311772,1.0041371087292907,Three-step,0.75,0.8,3411,1.0,1.0,1.0
63,0.7157198151999232,0.7345215463036331,1.0182218486876122,Three-step,0.75,0.8,3411,1.0,1.0,1.0
64,1.099286188875704,1.523230792771194,1.7011307273312386,Three-step,0.75,0.8,3411,1.0,1.0,1.0
65,1.296170957223514,1.3584950771729323,0.8844904546367959,Three-step,0.75,0.8,3411,1.0,1.0,1.0
66,0.9605073130919414,1.3904603704692622,0.7805999125454339,Three-step,0.75,0.8,3411,1.0,1.0,1.0
67,1.1048590803365448,1.0222991154079633,0.7969607835919611,Three-step,0.75,0.8,3411,1.0,1.0,1.0
68,1.3082505744446948,1.4424862838897312,1.231213385721319,Three-step,0.75,0.8,3411,1.0,1.0,1.0
69,0.686660635484262,1.0603768944066625,0.7132154728788194,Three-step,0.75,0.8,3411,1.0,1.0,1.0
70,1.299937768079101,1.428247551073395,0.7132632294919261,Three-step,0.75,0.8,3411,1.0,1.0,1.0
71,0.9793837022461782,1.248544061579435,1.063272648051209,Three-step,0.75,0.8,3411,1.0,1.0,1.0
72,0.6117346928257672,1.0118001094250586,0.8982188085216901,Three-step,0.75,0.8,3411,1.0,1.0,1.0
73,0.7097399992591854,1.456730057334315,1.003512071885497,Three-step,0.75,0.8,3411,1.0,1.0,1.0
74,0.6943289613803538,1.248125323956389,0.9804709229887095,Three-step,0.75,0.8,3411,1.0,1.0,1.0
75,0.8257750342836758,1.1095635214078707,1.08149011096757,Three-step,0.75,0.8,3411,1.0,1.0,1.0
76,1.3629502126768291,1.812979373317768,0.9463735949244817,Three-step,0.75,0.8,3411,1.0,1.0,1.0
77,0.9471646498886657,1.3691275676183836,1.1939831098590883,Three-step,0.75,0.8,3411,1.0,1.0,1.0
78,1.2865280386013993,1.3739789034215848,1.3051782034340524,Three-step,0.75,0.8,3411,1.0,1.0,1.0
79,1.133720940011478,1.2523299979485432,1.266323719291977,Three-step,0.75,0.8,3411,1.0,1.0,1.0
80,1.0507354467651944,0.5506643813717705,0.9363053348404048,Three-step,0.75,0.8,3411,1.0,1.0,1.0
81,0.6633296641622882,1.1982559212434487,1.2175685117006292,Three-step,0.75,0.8,3411,1.0,1.0,1.0
82,1.0000785297607477,1.0279953332529832,1.2358307569781866,Three-step,0.75,0.8,3411,1.0,1.0,1.0
83,0.9217647036006784,1.0979177407657021,0.7305326032489178,Three-step,0.75,0.8,3411,1.0,1.0,1.0
84,0.619977860430663,0.5696119548152915,0.678130905289607,Three-step,0.75,0.8,3411,1.0,1.0,1.0
85,1.3202183418828073,1.4171133369673283,1.551095684438162,Three-step,0.75,0.8,3411,1.0,1.0,1.0
86,0.7717894870227714,0.5936562604927647,0.49456939756728757,Three-step,0.75,0.8,3411,1.0,1.0,1.0
87,1.2300988091403964,1.3345413516288276,1.0600905916571963,Three-step,0.75,0.8,3411,1.0,1.0,1.0
88,1.1595664608218086,0.8461908432490608,1.3231333296346512,Three-step,0.75,0.8,3411,1.0,1.0,1.0
89,0.6526801076432647,1.251539380565001,0.9590877203300162,Three-step,0.75,0.8,3411,1.0,1.0,1.0
90,1.5567760850801964,0.9579316990716992,1.0218965729837068,Three-step,0.75,0.8,3411,1.0,1.0,1.0
91,0.7726037210875408,0.925845377306377,0.7464795629606924,Three-step,0.75,0.8,3411,1.0,1.0,1.0
92,0.9978086435448843,0.97854875093746,1.3054164080319783,Three-step,0.75,0.8,3411,1.0,1.0,1.0
93,1.145541946981192,0.9778063674780516,0.9671481949152003,Three-step,0.75,0.8,3411,1.0,1.0,1.0
94,0.8062993195004738,1.2308534630647578,0.9959631271593787,Three-step,0.75,0.8,3411,1.0,1.0,1.0
95,0.8969398325620356,0.9296459496931612,0.811034249425319,Three-step,0.75,0.8,3411,1.0,1.0,1.0
96,1.0148285419017946,1.7485784079135505,1.2588112432711154,Three-step,0.75,0.8,3411,1.0,1.0,1.0
97,1.012689326589123,0.8183768898965322,1.2724856366241946,Three-step,0.75,0.8,3411,1.0,1.0,1.0
98,0.609892579550802,0.74128364990813,1.2316508606050214,Three-step,0.75,0.8,3411,1.0,1.0,1.0
99,0.6699282631616897,0.8692416493938674,0.864522720111184,Three-step,0.75,0.8,3411,1.0,1.0,1.0
100,0.9746146582162193,1.0268431763055328,1.20197832047246,Three-step,0.75,0.8,3411,1.0,1.0,1.0
1,1.0684627473551251,0.9590812117934168,0.788516919377694,Robins' estimator,0.75,0.8,3411,1.0,1.0,1.0
2,0.6482315669710567,0.6711288534051317,0.6718630672596656,Robins' estimator,0.75,0.8,3411,1.0,1.0,1.0
3,0.5244779887689005,1.287984206034633,0.7902851105891557,Robins' estimator,0.75,0.8,3411,1.0,1.0,1.0
4,0.9988551299475741,0.954869574814413,0.8215753654845926,Robins' estimator,0.75,0.8,3411,1.0,1.0,1.0
5,1.1721528898602334,0.8653059174041499,1.0787048382701352,Robins' estimator,0.75,0.8,3411,1.0,1.0,1.0
6,1.0478020671171862,0.5236245500873207,1.5418493457462086,Robins' estimator,0.75,0.8,3411,1.0,1.0,1.0
7,1.2748326724790655,1.1224511981485827,0.4013179924403414,Robins' estimator,0.75,0.8,3411,1.0,1.0,1.0
8,0.5476016440976476,0.704260373278235,0.6686677509569495,Robins' estimator,0.75,0.8,3411,1.0,1.0,1.0
9,0.6713549284149551,1.0095260214586228,0.868047332724361,Robins' estimator,0.75,0.8,3411,1.0,1.0,1.0
10,1.4766178273530843,0.9202188475065916,0.5959336241427378,Robins' estimator,0.75,0.8,3411,1.0,1.0,1.0
11,1.3453539493376816,1.3364838307872555,1.0940428240992803,Robins' estimator,0.75,0.8,3411,1.0,1.0,1.0
12,0.9289007084737954,1.4055898301912715,1.037585515807118,Robins' estimator,0.75,0.8,3411,1.0,1.0,1.0
13,1.050809310101413,1.0196846791736922,1.011080945597852,Robins' estimator,0.75,0.8,3411,1.0,1.0,1.0
14,0.9312279647896256,1.1719682614803766,0.9363704336252082,Robins' estimator,0.75,0.8,3411,1.0,1.0,1.0
15,1.205714336465317,1.1397195178360011,1.503984683317238,Robins' estimator,0.75,0.8,3411,1.0,1.0,1.0
16,1.4042115692945418,0.8725326081703532,1.2646818956393369,Robins' estimator,0.75,0.8,3411,1.0,1.0,1.0
17,0.9679184290271812,0.8157591113657775,1.0460081402532664,Robins' estimator,0.75,0.8,3411,1.0,1.0,1.0
18,1.7256383865339953,1.24620064353873,1.0977053810803876,Robins' estimator,0.75,0.8,3411,1.0,1.0,1.0
19,0.8102135640740442,1.2038396315988866,1.0913513903995864,Robins' estimator,0.75,0.8,3411,1.0,1.0,1.0
20,0.89126470280296,1.1983329106010951,0.7678490661368106,Robins' estimator,0.75,0.8,3411,1.0,1.0,1.0
21,1.3589596874038226,1.1046836124998625,1.4080520002146304,Robins' estimator,0.75,0.8,3411,1.0,1.0,1.0
22,1.080310210598834,1.2975787885622991,1.2759487512393137,Robins' estimator,0.75,0.8,3411,1.0,1.0,1.0
23,0.7266191265399587,1.5041201750223279,1.059204256441904,Robins' estimator,0.75,0.8,3411,1.0,1.0,1.0
24,0.6171555165005381,1.0999265714809041,0.8035587923871552,Robins' estimator,0.75,0.8,3411,1.0,1.0,1.0
25,0.9170959295684984,0.637609314944228,1.0480061876643871,Robins' estimator,0.75,0.8,3411,1.0,1.0,1.0
26,1.0173869096853445,0.7885471419351152,0.7873923652984555,Robins' estimator,0.75,0.8,3411,1.0,1.0,1.0
27,1.2704046380746292,1.3615888727477976,0.9510908271990888,Robins' estimator,0.75,0.8,3411,1.0,1.0,1.0
28,1.1076302335239656,1.6000606112043174,1.2979216832263354,Robins' estimator,0.75,0.8,3411,1.0,1.0,1.0
29,0.7560131501013615,0.7695098512720342,1.2006393795425823,Robins' estimator,0.75,0.8,3411,1.0,1.0,1.0
30,0.9655686090507627,1.5266561550970204,1.3491192895571131,Robins' estimator,0.75,0.8,3411,1.0,1.0,1.0
31,0.9022404077783772,0.8223580068212173,0.7854255089146271,Robins' estimator,0.75,0.8,3411,1.0,1.0,1.0
32,0.31470890271283175,0.4115809898294931,0.9380513867212029,Robins' estimator,0.75,0.8,3411,1.0,1.0,1.0
33,1.2041102851478653,0.9845095152350798,1.5647440295065183,Robins' estimator,0.75,0.8,3411,1.0,1.0,1.0
34,0.8369372348969056,1.9214576823895564,1.2350532457171965,Robins' estimator,0.75,0.8,3411,1.0,1.0,1.0
35,1.0319103313735736,0.9260683671190928,0.5551892078629153,Robins' estimator,0.75,0.8,3411,1.0,1.0,1.0
36,0.7164656954616415,0.998313235886966,0.7995984304571894,Robins' estimator,0.75,0.8,3411,1.0,1.0,1.0
37,0.972216280863553,0.6770793842393263,1.2042024842636576,Robins' estimator,0.75,0.8,3411,1.0,1.0,1.0
38,1.093788758888306,0.9992883223389275,0.548666663539833,Robins' estimator,0.75,0.8,3411,1.0,1.0,1.0
39,1.159521035972292,1.2378249282329483,0.8924309162391322,Robins' estimator,0.75,0.8,3411,1.0,1.0,1.0
40,0.6374676561509298,1.2119492725597492,0.6892584826337328,Robins' estimator,0.75,0.8,3411,1.0,1.0,1.0
41,1.7415377144101876,1.0342671217999626,1.1875260534288465,Robins' estimator,0.75,0.8,3411,1.0,1.0,1.0
42,0.8122358464243723,1.0990569474754452,0.8941311849267749,Robins' estimator,0.75,0.8,3411,1.0,1.0,1.0
43,1.194974664172785,1.2809921964248976,1.1171015233293355,Robins' estimator,0.75,0.8,3411,1.0,1.0,1.0
44,1.3812622032583917,1.4524664902587983,1.2953773498677288,Robins' estimator,0.75,0.8,3411,1.0,1.0,1.0
45,0.6796337114902268,0.693722975462345,1.0065403344539439,Robins' estimator,0.75,0.8,3411,1.0,1.0,1.0
46,1.4278477533807412,0.9825050500155561,1.0802367895429055,Robins' estimator,0.75,0.8,3411,1.0,1.0,1.0
47,1.1684106468616104,0.9725684290959091,0.9101042147599192,Robins' estimator,0.75,0.8,3411,1.0,1.0,1.0
48,1.3540046907413066,1.8099171587509573,1.1249591456488957,Robins' estimator,0.75,0.8,3411,1.0,1.0,1.0
49,0.5660474572842772,0.7406847465945031,1.066631317990019,Robins' estimator,0.75,0.8,3411,1.0,1.0,1.0
50,1.678412511893365,1.1214886085182338,1.4297592140038358,Robins' estimator,0.75,0.8,3411,1.0,1.0,1.0
51,1.181062574301543,1.176731673410825,1.0337758811144437,Robins' estimator,0.75,0.8,3411,1.0,1.0,1.0
52,1.3046664802422865,0.7991551001698132,1.1577328661691932,Robins' estimator,0.75,0.8,3411,1.0,1.0,1.0
53,2.346333703335807,1.157228336217872,0.6619043877219782,Robins' estimator,0.75,0.8,3411,1.0,1.0,1.0
54,1.131525695167588,1.5326911916375463,1.1956513624405878,Robins' estimator,0.75,0.8,3411,1.0,1.0,1.0
55,1.0706646001901652,0.9979206593137965,1.1544305753090887,Robins' estimator,0.75,0.8,3411,1.0,1.0,1.0
56,0.8792349768628903,0.9960101946814843,0.6290819687631154,Robins' estimator,0.75,0.8,3411,1.0,1.0,1.0
57,1.2162634300273447,1.1265098369938271,0.8033334271770632,Robins' estimator,0.75,0.8,3411,1.0,1.0,1.0
58,0.8712969483836679,1.2328287476752968,0.8326176887637332,Robins' estimator,0.75,0.8,3411,1.0,1.0,1.0
59,0.9638907561527104,0.8399909375352922,1.4253908300630493,Robins' estimator,0.75,0.8,3411,1.0,1.0,1.0
60,0.8753018854591719,1.075297354205515,1.2218510166271326,Robins' estimator,0.75,0.8,3411,1.0,1.0,1.0
61,0.9936572021627851,1.112406645118453,0.9176130221424911,Robins' estimator,0.75,0.8,3411,1.0,1.0,1.0
62,0.822302257582817,1.2031559427599898,1.0041371087316002,Robins' estimator,0.75,0.8,3411,1.0,1.0,1.0
63,0.7759990441172672,0.7902584996289879,1.0182218486876422,Robins' estimator,0.75,0.8,3411,1.0,1.0,1.0
64,1.1694979533941272,1.436925683629735,1.7011307273302052,Robins' estimator,0.75,0.8,3411,1.0,1.0,1.0
65,1.4020354590517907,1.2129416996099331,0.8844904546364796,Robins' estimator,0.75,0.8,3411,1.0,1.0,1.0
66,1.1631498343023066,1.3071541773644195,0.7805999125309845,Robins' estimator,0.75,0.8,3411,1.0,1.0,1.0
67,1.150546181043051,1.0065389304422434,0.7969607835735241,Robins' estimator,0.75,0.8,3411,1.0,1.0,1.0
68,1.302783590193743,1.207310948319366,1.2312133857056236,Robins' estimator,0.75,0.8,3411,1.0,1.0,1.0
69,0.7828786151565431,0.8370940337965774,0.7132154728788309,Robins' estimator,0.75,0.8,3411,1.0,1.0,1.0
70,1.3996273693157588,1.3052526325747438,0.7132632294917063,Robins' estimator,0.75,0.8,3411,1.0,1.0,1.0
71,1.042444372805232,1.247987509710296,1.0632726480414563,Robins' estimator,0.75,0.8,3411,1.0,1.0,1.0
72,0.6066092962089655,0.9587845713314835,0.8982188085217109,Robins' estimator,0.75,0.8,3411,1.0,1.0,1.0
73,0.7758271990824167,1.5812324567479787,1.003512071879228,Robins' estimator,0.75,0.8,3411,1.0,1.0,1.0
74,0.777622400224056,1.2466190685929268,0.980470922987848,Robins' estimator,0.75,0.8,3411,1.0,1.0,1.0
75,0.9755919997064655,0.9898899846398327,1.0814901119215303,Robins' estimator,0.75,0.8,3411,1.0,1.0,1.0
76,1.4852140319692362,1.7516617581771992,0.9463735949598324,Robins' estimator,0.75,0.8,3411,1.0,1.0,1.0
77,1.1074152206020866,1.2250055911821216,1.1939831098590337,Robins' estimator,0.75,0.8,3411,1.0,1.0,1.0
78,1.2959877161277482,1.215734549072842,1.3051782034314445,Robins' estimator,0.75,0.8,3411,1.0,1.0,1.0
79,1.1566439215280562,1.4230089022866075,1.2663237192835977,Robins' estimator,0.75,0.8,3411,1.0,1.0,1.0
80,1.1778519330244162,0.5719569347155459,0.9363053348468369,Robins' estimator,0.75,0.8,3411,1.0,1.0,1.0
81,0.7461480116685139,1.2393434648432997,1.2175685117034925,Robins' estimator,0.75,0.8,3411,1.0,1.0,1.0
82,1.0799919226478238,1.096417532129083,1.2358307569781937,Robins' estimator,0.75,0.8,3411,1.0,1.0,1.0
83,1.194350428290422,0.9774423236151706,0.7305326032475343,Robins' estimator,0.75,0.8,3411,1.0,1.0,1.0
84,0.632779794700265,0.5705535268382302,0.6781309052896081,Robins' estimator,0.75,0.8,3411,1.0,1.0,1.0
85,1.2561411011662875,1.6306228732433943,1.5510956844617025,Robins' estimator,0.75,0.8,3411,1.0,1.0,1.0
86,0.8411740998191984,0.5166114172929072,0.4945693975672806,Robins' estimator,0.75,0.8,3411,1.0,1.0,1.0
87,1.347529914261267,1.1642843192570407,1.0600905916580359,Robins' estimator,0.75,0.8,3411,1.0,1.0,1.0
88,1.0037704283158737,1.0514726314728462,1.323133329634449,Robins' estimator,0.75,0.8,3411,1.0,1.0,1.0
89,0.8389429028895015,1.0601841819822682,0.9590877203315229,Robins' estimator,0.75,0.8,3411,1.0,1.0,1.0
90,1.6286370345478607,1.0169982121955623,1.0218965729865468,Robins' estimator,0.75,0.8,3411,1.0,1.0,1.0
91,1.008203426618354,0.9197973060834183,0.7464795629600364,Robins' estimator,0.75,0.8,3411,1.0,1.0,1.0
92,0.9282860485435561,0.9872231953667868,1.3054164080319746,Robins' estimator,0.75,0.8,3411,1.0,1.0,1.0
93,1.0966182316277797,1.0493640266798654,0.9671481949150034,Robins' estimator,0.75,0.8,3411,1.0,1.0,1.0
94,0.7860955678186556,1.2832339509446915,0.9959631271496368,Robins' estimator,0.75,0.8,3411,1.0,1.0,1.0
95,0.9198854793035149,0.953751749253593,0.8110342494254573,Robins' estimator,0.75,0.8,3411,1.0,1.0,1.0
96,1.1929881112550629,1.729199287812335,1.2588112432666343,Robins' estimator,0.75,0.8,3411,1.0,1.0,1.0
97,1.1664932274497677,0.7564541804833349,1.2724856366365298,Robins' estimator,0.75,0.8,3411,1.0,1.0,1.0
98,0.8450807261427579,0.5205879776726104,1.2316508606059382,Robins' estimator,0.75,0.8,3411,1.0,1.0,1.0
99,0.7339164602039792,1.026141901918718,0.8645227201110145,Robins' estimator,0.75,0.8,3411,1.0,1.0,1.0
100,1.036860728581173,0.9111548929979921,1.2019783204861751,Robins' estimator,0.75,0.8,3411,1.0,1.0,1.0
1,1.020903443422922,0.8892258487168653,0.8493162036081655,GMM estimator,0.75,0.8,3411,1.0,1.0,1.0
2,0.646984991102954,0.6776594258107433,0.6942272145537864,GMM estimator,0.75,0.8,3411,1.0,1.0,1.0
3,0.40986022217315277,1.1789095486018364,0.8495437649760307,GMM estimator,0.75,0.8,3411,1.0,1.0,1.0
4,0.928065449339652,0.9465919935315781,0.8184670202703608,GMM estimator,0.75,0.8,3411,1.0,1.0,1.0
5,1.1754417353361086,0.8662211146847162,1.0842101506743849,GMM estimator,0.75,0.8,3411,1.0,1.0,1.0
6,0.9903941513448146,0.42395878631136696,1.4350894930161675,GMM estimator,0.75,0.8,3411,1.0,1.0,1.0
7,1.3253097239651703,1.1575757558138664,0.48010004657572053,GMM estimator,0.75,0.8,3411,1.0,1.0,1.0
8,0.5611017039533561,0.7151288216500896,0.6927113349150635,GMM estimator,0.75,0.8,3411,1.0,1.0,1.0
9,0.6640640281941547,1.0086985457298336,0.8971164885009195,GMM estimator,0.75,0.8,3411,1.0,1.0,1.0
10,1.4044208918484966,0.9296910378530591,0.6682348050656777,GMM estimator,0.75,0.8,3411,1.0,1.0,1.0
11,1.3358242300514718,1.3215375769070385,1.1351224929852217,GMM estimator,0.75,0.8,3411,1.0,1.0,1.0
12,0.9167132530717,1.4595966641661573,0.9663859531318424,GMM estimator,0.75,0.8,3411,1.0,1.0,1.0
13,0.9776807277378167,0.989402488003006,0.9988397713617262,GMM estimator,0.75,0.8,3411,1.0,1.0,1.0
14,0.9033577625524669,1.1251713855502103,0.941107239342581,GMM estimator,0.75,0.8,3411,1.0,1.0,1.0
15,1.1840041522720601,1.1293330074117003,1.4298107763977264,GMM estimator,0.75,0.8,3411,1.0,1.0,1.0
16,1.3858431689572797,0.833653810169434,1.404596616895537,GMM estimator,0.75,0.8,3411,1.0,1.0,1.0
17,0.9684922345432093,0.8373460557770875,0.9567275540883037,GMM estimator,0.75,0.8,3411,1.0,1.0,1.0
18,1.6527309901212732,1.2072104809000912,1.0755202304527114,GMM estimator,0.75,0.8,3411,1.0,1.0,1.0
19,0.794504009399551,1.1599154492338175,1.1107440551546108,GMM estimator,0.75,0.8,3411,1.0,1.0,1.0
20,0.8998960144956195,1.1605317748364892,0.8042532398469173,GMM estimator,0.75,0.8,3411,1.0,1.0,1.0
21,1.2405280106857064,1.0939738099683698,1.4417256228188307,GMM estimator,0.75,0.8,3411,1.0,1.0,1.0
22,0.9812840555651882,1.0926670592496526,1.2086647435161861,GMM estimator,0.75,0.8,3411,1.0,1.0,1.0
23,0.7145600317999514,1.4766576688354522,1.0658287709620793,GMM estimator,0.75,0.8,3411,1.0,1.0,1.0
24,0.6304032721129328,1.0909373845014494,0.8280699541797472,GMM estimator,0.75,0.8,3411,1.0,1.0,1.0
25,0.852768847415704,0.5384055552074554,0.9665069363820464,GMM estimator,0.75,0.8,3411,1.0,1.0,1.0
26,1.0196460604786288,0.789023356109639,0.791453793197137,GMM estimator,0.75,0.8,3411,1.0,1.0,1.0
27,1.2397010934398534,1.3139714188750988,0.9756282565058947,GMM estimator,0.75,0.8,3411,1.0,1.0,1.0
28,1.0624239424596689,1.5166021902613784,1.331508466983709,GMM estimator,0.75,0.8,3411,1.0,1.0,1.0
29,0.7534867946786415,0.760504333230563,1.2027282654993214,GMM estimator,0.75,0.8,3411,1.0,1.0,1.0
30,0.8900602102061461,1.507158590426271,1.3469097359788431,GMM estimator,0.75,0.8,3411,1.0,1.0,1.0
31,0.8353885413382418,0.7994741868424408,0.7288542129139592,GMM estimator,0.75,0.8,3411,1.0,1.0,1.0
32,0.32003819872386674,0.4835352398736228,1.0274648444193208,GMM estimator,0.75,0.8,3411,1.0,1.0,1.0
33,1.204356777368251,0.9789118850231469,1.6165011139585226,GMM estimator,0.75,0.8,3411,1.0,1.0,1.0
34,0.7816641698916136,1.7699304083021843,1.2867812176716948,GMM estimator,0.75,0.8,3411,1.0,1.0,1.0
35,1.0286488910352747,0.9202678041504233,0.5653245980893126,GMM estimator,0.75,0.8,3411,1.0,1.0,1.0
36,0.6863452879765647,0.9621059993352461,0.7822396117051873,GMM estimator,0.75,0.8,3411,1.0,1.0,1.0
37,0.8429923051071643,0.6209279763762032,1.091754027460742,GMM estimator,0.75,0.8,3411,1.0,1.0,1.0
38,0.8782091081427639,0.8426780005401218,0.3530092531717619,GMM estimator,0.75,0.8,3411,1.0,1.0,1.0
39,1.1501536115899889,1.1949293879023666,0.9719797706337613,GMM estimator,0.75,0.8,3411,1.0,1.0,1.0
40,0.6638396149224656,1.2258251949189927,0.7141590965692156,GMM estimator,0.75,0.8,3411,1.0,1.0,1.0
41,1.7107847031271164,0.9612370869260121,1.160165892596238,GMM estimator,0.75,0.8,3411,1.0,1.0,1.0
42,0.7909946665707979,1.0881072282865747,0.8741409669667974,GMM estimator,0.75,0.8,3411,1.0,1.0,1.0
43,1.1534265742823333,1.2739783828289868,1.1002397391103678,GMM estimator,0.75,0.8,3411,1.0,1.0,1.0
44,1.3589247061480783,1.4125352904700776,1.3037293911978542,GMM estimator,0.75,0.8,3411,1.0,1.0,1.0
45,0.6782654152715283,0.6310138511464036,0.8504544112033827,GMM estimator,0.75,0.8,3411,1.0,1.0,1.0
46,1.435854261936114,0.979227185784414,1.0582918521857554,GMM estimator,0.75,0.8,3411,1.0,1.0,1.0
47,1.1737449725540166,0.9591255510205798,0.9268558510028624,GMM estimator,0.75,0.8,3411,1.0,1.0,1.0
48,1.2980135721186414,1.6871173995771183,1.1241805439697001,GMM estimator,0.75,0.8,3411,1.0,1.0,1.0
49,0.5294696106300809,0.7339855007274171,1.0009375579786242,GMM estimator,0.75,0.8,3411,1.0,1.0,1.0
50,1.6485133207021976,1.1220894770919032,1.4065374889176168,GMM estimator,0.75,0.8,3411,1.0,1.0,1.0
51,1.1389222757341488,1.135567866381226,1.0464594816811696,GMM estimator,0.75,0.8,3411,1.0,1.0,1.0
52,1.3061918669102743,0.7308360805230953,1.2429067498136148,GMM estimator,0.75,0.8,3411,1.0,1.0,1.0
53,2.3439465751018504,1.1237854287546054,0.6268781215651715,GMM estimator,0.75,0.8,3411,1.0,1.0,1.0
54,1.0133580302935523,1.4355132313803451,1.131500092054376,GMM estimator,0.75,0.8,3411,1.0,1.0,1.0
55,1.0411302709521726,0.9936870133074895,1.1447440381087943,GMM estimator,0.75,0.8,3411,1.0,1.0,1.0
56,0.8601694129984911,0.9967130109120191,0.6235353923067355,GMM estimator,0.75,0.8,3411,1.0,1.0,1.0
57,1.0875035180778354,1.0700319064837074,0.7969941935299771,GMM estimator,0.75,0.8,3411,1.0,1.0,1.0
58,0.7765373021569683,1.04767163953437,0.8792749096706872,GMM estimator,0.75,0.8,3411,1.0,1.0,1.0
59,0.9028312371763734,0.7800723530735371,1.219247253034647,GMM estimator,0.75,0.8,3411,1.0,1.0,1.0
60,0.7718644244167756,1.0230595735964108,1.1993394446826668,GMM estimator,0.75,0.8,3411,1.0,1.0,1.0
61,0.9489434789691018,1.0530113963137384,0.9024631032767343,GMM estimator,0.75,0.8,3411,1.0,1.0,1.0
62,0.7883085744796704,1.1674474664300192,1.0069047324027398,GMM estimator,0.75,0.8,3411,1.0,1.0,1.0
63,0.7805790134824265,0.7619064053377642,1.0693579598238083,GMM estimator,0.75,0.8,3411,1.0,1.0,1.0
64,1.1368735860194001,1.4289786347028137,1.663271880652558,GMM estimator,0.75,0.8,3411,1.0,1.0,1.0
65,1.3823879538009411,1.1669164159102552,0.8413266303063848,GMM estimator,0.75,0.8,3411,1.0,1.0,1.0
66,1.0443264498888865,1.1454873526359544,0.8020284139574194,GMM estimator,0.75,0.8,3411,1.0,1.0,1.0
67,1.1575651103407947,1.001360194213842,0.8285070373658552,GMM estimator,0.75,0.8,3411,1.0,1.0,1.0
68,1.3428151319884873,1.1033947703772737,1.0007301232492438,GMM estimator,0.75,0.8,3411,1.0,1.0,1.0
69,0.7466069707307532,0.6951752483322599,0.5827327580503461,GMM estimator,0.75,0.8,3411,1.0,1.0,1.0
70,1.3639718701006334,1.2582228401508133,0.6691823138533008,GMM estimator,0.75,0.8,3411,1.0,1.0,1.0
71,1.0103619009876947,1.1962868993063296,1.0630964624371753,GMM estimator,0.75,0.8,3411,1.0,1.0,1.0
72,0.599028092251089,0.9636053340062717,0.8825478129560865,GMM estimator,0.75,0.8,3411,1.0,1.0,1.0
73,0.7374275880387604,1.4837425038307372,0.9732343844809904,GMM estimator,0.75,0.8,3411,1.0,1.0,1.0
74,0.7343798147463025,1.176273162930611,0.9902597697093681,GMM estimator,0.75,0.8,3411,1.0,1.0,1.0
75,0.9261774491090746,0.9715374156612224,1.0746012685349566,GMM estimator,0.75,0.8,3411,1.0,1.0,1.0
76,1.4335530118904594,1.691954484548764,0.9111435616770707,GMM estimator,0.75,0.8,3411,1.0,1.0,1.0
77,1.0556886408296227,1.0616746737232532,1.2691697378733373,GMM estimator,0.75,0.8,3411,1.0,1.0,1.0
78,1.1862747823541149,1.205975386558632,1.1587398196679612,GMM estimator,0.75,0.8,3411,1.0,1.0,1.0
79,1.112737652992497,1.3075154117567402,1.343292959450795,GMM estimator,0.75,0.8,3411,1.0,1.0,1.0
80,1.1637809496307865,0.5608620093522373,1.009967904899882,GMM estimator,0.75,0.8,3411,1.0,1.0,1.0
81,0.7150162659886016,1.1706114636679026,1.2516389232522203,GMM estimator,0.75,0.8,3411,1.0,1.0,1.0
82,1.0973056461819726,1.1186371816322174,1.3362858260749793,GMM estimator,0.75,0.8,3411,1.0,1.0,1.0
83,1.0134724889637212,0.8958197291949945,0.7238177081978799,GMM estimator,0.75,0.8,3411,1.0,1.0,1.0
84,0.6389072756214595,0.5808027311485823,0.6875500377520918,GMM estimator,0.75,0.8,3411,1.0,1.0,1.0
85,1.2499443685862837,1.5482287204817475,1.69143720049148,GMM estimator,0.75,0.8,3411,1.0,1.0,1.0
86,0.8403228796809319,0.48752244406741135,0.48715466725216533,GMM estimator,0.75,0.8,3411,1.0,1.0,1.0
87,1.2879692930337407,1.1421535740172004,1.0103396567968397,GMM estimator,0.75,0.8,3411,1.0,1.0,1.0
88,0.929797127646024,0.934471104423165,1.20259447623536,GMM estimator,0.75,0.8,3411,1.0,1.0,1.0
89,0.6973930131806416,0.9310993877836339,0.9610801967587088,GMM estimator,0.75,0.8,3411,1.0,1.0,1.0
90,1.6383218126553427,1.0005063016114986,1.0464340174391995,GMM estimator,0.75,0.8,3411,1.0,1.0,1.0
91,0.8988728358056097,0.9220360926739856,0.9000432520515982,GMM estimator,0.75,0.8,3411,1.0,1.0,1.0
92,0.9129386897091512,0.975463001312908,1.268979426340687,GMM estimator,0.75,0.8,3411,1.0,1.0,1.0
93,1.0972451535894434,1.0512101773546658,0.9622176315692054,GMM estimator,0.75,0.8,3411,1.0,1.0,1.0
94,0.7724847046362755,1.2434290515012743,0.9843893255764249,GMM estimator,0.75,0.8,3411,1.0,1.0,1.0
95,0.9385273147457254,0.9654493563354505,0.8313607225649421,GMM estimator,0.75,0.8,3411,1.0,1.0,1.0
96,1.1032258431374664,1.659978729490867,1.2715873804142046,GMM estimator,0.75,0.8,3411,1.0,1.0,1.0
97,1.1010302161470622,0.7378963382541189,1.2955336191599978,GMM estimator,0.75,0.8,3411,1.0,1.0,1.0
98,0.6543941485065896,0.40326849995168623,1.2445386628237185,GMM estimator,0.75,0.8,3411,1.0,1.0,1.0
99,0.7371296375087724,0.9380860876907549,0.8997952404253406,GMM estimator,0.75,0.8,3411,1.0,1.0,1.0
100,1.0117454446100933,0.9311114359048047,1.1636576994063428,GMM estimator,0.75,0.8,3411,1.0,1.0,1.0
1,0.8972265889625761,1.0093168061809692,0.8069386069750207,Three-step,1.0,0.8,3411,1.0,1.0,1.0
2,0.6699678301481066,0.4185884882629529,0.6316366381696034,Three-step,1.0,0.8,3411,1.0,1.0,1.0
3,0.3975967469612746,1.0658964223974703,0.7938234924122031,Three-step,1.0,0.8,3411,1.0,1.0,1.0
4,0.9140383279402813,1.076294716980807,0.8469319880391912,Three-step,1.0,0.8,3411,1.0,1.0,1.0
5,1.137773683611641,0.9065639333996411,1.2674829568963475,Three-step,1.0,0.8,3411,1.0,1.0,1.0
6,1.071139942776028,0.7418471329893097,1.413481091976242,Three-step,1.0,0.8,3411,1.0,1.0,1.0
7,1.3562724649975446,0.8899470129008851,0.711461386141121,Three-step,1.0,0.8,3411,1.0,1.0,1.0
8,0.5525342210555428,0.6830337957629457,0.8729660106770486,Three-step,1.0,0.8,3411,1.0,1.0,1.0
9,0.581735859785379,0.9059878296683807,0.8394831572654772,Three-step,1.0,0.8,3411,1.0,1.0,1.0
10,1.2677710355764291,0.9220302182358282,0.8366521932682467,Three-step,1.0,0.8,3411,1.0,1.0,1.0
11,1.316930396104673,1.1150954724873305,0.922075808180012,Three-step,1.0,0.8,3411,1.0,1.0,1.0
12,0.9327106775346108,1.1837980985803935,1.0334652678134666,Three-step,1.0,0.8,3411,1.0,1.0,1.0
13,1.148908891769093,1.2044092504198365,1.0678064842710597,Three-step,1.0,0.8,3411,1.0,1.0,1.0
14,0.8577794948815314,1.0349894537885176,1.0197836443253028,Three-step,1.0,0.8,3411,1.0,1.0,1.0
15,1.281755496104869,1.324252518478825,1.4140078525697202,Three-step,1.0,0.8,3411,1.0,1.0,1.0
16,1.4792697361565186,0.8929485822731515,1.3382045453996816,Three-step,1.0,0.8,3411,1.0,1.0,1.0
17,0.924807374488514,0.9313253363805261,1.026222539621291,Three-step,1.0,0.8,3411,1.0,1.0,1.0
18,1.5357514439480497,1.2543315409375702,1.3021749808198524,Three-step,1.0,0.8,3411,1.0,1.0,1.0
19,0.9360537501947502,0.8840570723298143,1.1889740521021501,Three-step,1.0,0.8,3411,1.0,1.0,1.0
20,0.8044628325798838,1.014210340865765,0.6035343326424885,Three-step,1.0,0.8,3411,1.0,1.0,1.0
21,1.5473002329347745,1.0193319698061711,1.4998578782243723,Three-step,1.0,0.8,3411,1.0,1.0,1.0
22,0.9121480278184079,1.0619480782405775,1.2577436026650695,Three-step,1.0,0.8,3411,1.0,1.0,1.0
23,0.6912686136470663,1.2345310092008133,1.162157312247766,Three-step,1.0,0.8,3411,1.0,1.0,1.0
24,0.6848374352600608,0.9081111313628868,1.0536274294877912,Three-step,1.0,0.8,3411,1.0,1.0,1.0
25,0.9284600565962111,0.8913016685028791,1.01009866370295,Three-step,1.0,0.8,3411,1.0,1.0,1.0
26,1.0251647577788288,0.8204187824358413,0.892462226687374,Three-step,1.0,0.8,3411,1.0,1.0,1.0
27,1.216130292694216,1.280313749963211,1.1189111770906153,Three-step,1.0,0.8,3411,1.0,1.0,1.0
28,0.9877464932083603,1.401890235508862,1.4275181277870048,Three-step,1.0,0.8,3411,1.0,1.0,1.0
29,0.774088572502214,0.7889668637678937,0.9547752035219484,Three-step,1.0,0.8,3411,1.0,1.0,1.0
30,0.8512717880991445,1.6109476966119152,1.2818760387495862,Three-step,1.0,0.8,3411,1.0,1.0,1.0
31,0.9552219676686263,0.6597686091006209,0.7070682253709294,Three-step,1.0,0.8,3411,1.0,1.0,1.0
32,0.23995922331752448,0.4147369311292916,0.9445410559516974,Three-step,1.0,0.8,3411,1.0,1.0,1.0
33,1.2651060442427924,0.916156188647458,1.3782190563901284,Three-step,1.0,0.8,3411,1.0,1.0,1.0
34,0.7393669886725291,1.4184083307546917,1.4032263815705568,Three-step,1.0,0.8,3411,1.0,1.0,1.0
35,1.023335727386355,0.9626367098509513,0.6216593840793367,Three-step,1.0,0.8,3411,1.0,1.0,1.0
36,0.5631362760526497,0.945976988580713,0.6723740452674223,Three-step,1.0,0.8,3411,1.0,1.0,1.0
37,1.0114834465508344,0.5843315064528759,0.9660642402800261,Three-step,1.0,0.8,3411,1.0,1.0,1.0
38,1.2221818350304656,1.1012711855704693,0.7209652680946338,Three-step,1.0,0.8,3411,1.0,1.0,1.0
39,0.9976187720239914,1.077854334930918,1.0250783127982384,Three-step,1.0,0.8,3411,1.0,1.0,1.0
40,0.6262319309610015,0.7382347371020332,0.7494277242977216,Three-step,1.0,0.8,3411,1.0,1.0,1.0
41,1.5690581753013908,0.9637439294250911,0.9315157061139059,Three-step,1.0,0.8,3411,1.0,1.0,1.0
42,0.8426774457303613,1.1052754691710305,0.9715876603386328,Three-step,1.0,0.8,3411,1.0,1.0,1.0
43,1.2792946869101725,1.0754352585835862,1.1762800711809924,Three-step,1.0,0.8,3411,1.0,1.0,1.0
44,1.3790505607287824,1.1938963364078397,1.305943146828446,Three-step,1.0,0.8,3411,1.0,1.0,1.0
45,0.7054225282377763,0.844246594072369,0.9664642934425414,Three-step,1.0,0.8,3411,1.0,1.0,1.0
46,1.2332637505365212,1.1409859669340068,1.128417941177041,Three-step,1.0,0.8,3411,1.0,1.0,1.0
47,1.104662850644018,0.8085290779177761,0.9437146851503648,Three-step,1.0,0.8,3411,1.0,1.0,1.0
48,1.2360188025572112,1.5825326352460298,1.0504850772681624,Three-step,1.0,0.8,3411,1.0,1.0,1.0
49,0.6419835060738573,0.7436785987402966,1.067698837998047,Three-step,1.0,0.8,3411,1.0,1.0,1.0
50,1.6975519477320364,1.1309931722490985,1.4519207511896444,Three-step,1.0,0.8,3411,1.0,1.0,1.0
51,1.0913971969303922,1.110316783408519,1.0828210174572908,Three-step,1.0,0.8,3411,1.0,1.0,1.0
52,1.2349318786989811,0.947134464321691,1.1938832147693879,Three-step,1.0,0.8,3411,1.0,1.0,1.0
53,2.3081574002363183,1.318770439278019,0.8592608013723296,Three-step,1.0,0.8,3411,1.0,1.0,1.0
54,1.0058983369258943,1.534553049734038,1.3205390917037918,Three-step,1.0,0.8,3411,1.0,1.0,1.0
55,1.1538753342110313,1.0564334269980082,1.118969021412595,Three-step,1.0,0.8,3411,1.0,1.0,1.0
56,0.9712823783087599,0.6069604162286938,0.5699707176113442,Three-step,1.0,0.8,3411,1.0,1.0,1.0
57,1.0703832828176152,1.3089333347896086,0.7982530298367808,Three-step,1.0,0.8,3411,1.0,1.0,1.0
58,0.6537617239651473,1.0435394113360954,0.5313449165376586,Three-step,1.0,0.8,3411,1.0,1.0,1.0
59,1.0422583820630782,0.8238769686518719,1.2153291997655495,Three-step,1.0,0.8,3411,1.0,1.0,1.0
60,0.7805234163665188,1.1002873747776991,1.0733194614913206,Three-step,1.0,0.8,3411,1.0,1.0,1.0
61,0.7613481501003408,1.160190013223636,0.9617251408847016,Three-step,1.0,0.8,3411,1.0,1.0,1.0
62,0.7221336169435332,0.8268001361881147,0.9760848555781872,Three-step,1.0,0.8,3411,1.0,1.0,1.0
63,0.702458205780907,0.9193944086445947,0.8216430652749365,Three-step,1.0,0.8,3411,1.0,1.0,1.0
64,1.094001524154964,1.444895820748735,1.5943628431571968,Three-step,1.0,0.8,3411,1.0,1.0,1.0
65,1.271426482888237,1.1861313888492784,0.9200772945525652,Three-step,1.0,0.8,3411,1.0,1.0,1.0
66,0.9677002321060095,1.2601893216062299,0.8714938202279431,Three-step,1.0,0.8,3411,1.0,1.0,1.0
67,1.1197109276295454,1.0672823998950587,0.9118279189191384,Three-step,1.0,0.8,3411,1.0,1.0,1.0
68,1.3222303040722374,1.3888526734948154,1.3297264161851696,Three-step,1.0,0.8,3411,1.0,1.0,1.0
69,0.7087890354893509,1.2203967309732366,0.6915414695334046,Three-step,1.0,0.8,3411,1.0,1.0,1.0
70,1.302245965315944,1.3358179956133025,0.7864870873724511,Three-step,1.0,0.8,3411,1.0,1.0,1.0
71,0.9916434111398882,1.019431360230668,0.7927977776166858,Three-step,1.0,0.8,3411,1.0,1.0,1.0
72,0.6126266157285407,0.8213837676348308,0.9181180643750276,Three-step,1.0,0.8,3411,1.0,1.0,1.0
73,0.7077255077827432,1.3404968436617348,0.9578102211761934,Three-step,1.0,0.8,3411,1.0,1.0,1.0
74,0.696352930768794,0.8791836163735619,0.8692736533282651,Three-step,1.0,0.8,3411,1.0,1.0,1.0
75,0.8352923996511908,1.0396279078261184,1.0202028133891816,Three-step,1.0,0.8,3411,1.0,1.0,1.0
76,1.353608676586678,1.5477479819617725,1.0040216299692237,Three-step,1.0,0.8,3411,1.0,1.0,1.0
77,0.9399071134562427,1.2699310992573276,1.3143950211937612,Three-step,1.0,0.8,3411,1.0,1.0,1.0
78,1.2810832237107215,1.0703297589654732,1.184913900880012,Three-step,1.0,0.8,3411,1.0,1.0,1.0
79,1.135580653898713,1.0854388439406437,1.164153845800077,Three-step,1.0,0.8,3411,1.0,1.0,1.0
80,1.0422921869611939,0.7061376556465151,0.8785763015303361,Three-step,1.0,0.8,3411,1.0,1.0,1.0
81,0.6492726665777153,1.08567508629392,1.1990405619855686,Three-step,1.0,0.8,3411,1.0,1.0,1.0
82,1.007108196425762,1.3352815878203,0.9593692325411233,Three-step,1.0,0.8,3411,1.0,1.0,1.0
83,0.915581977155165,0.9978644673365081,0.9767407093606375,Three-step,1.0,0.8,3411,1.0,1.0,1.0
84,0.6264059263334731,0.7228948147900309,0.4869039290178612,Three-step,1.0,0.8,3411,1.0,1.0,1.0
85,1.3040871806091499,1.3077959528548744,1.284223609458878,Three-step,1.0,0.8,3411,1.0,1.0,1.0
86,0.7612739114732185,0.604722149125215,0.6108203774863892,Three-step,1.0,0.8,3411,1.0,1.0,1.0
87,1.233975545371417,1.0895004304683864,0.8915393935417334,Three-step,1.0,0.8,3411,1.0,1.0,1.0
88,1.170788719261381,1.1255897595348594,1.0919569641792113,Three-step,1.0,0.8,3411,1.0,1.0,1.0
89,0.660606521667659,0.9805580935642106,1.0367282954341503,Three-step,1.0,0.8,3411,1.0,1.0,1.0
90,1.5326770837302488,0.9199241978413034,1.0005002263177474,Three-step,1.0,0.8,3411,1.0,1.0,1.0
91,0.7797227678459278,0.6151583993089124,0.689641978596483,Three-step,1.0,0.8,3411,1.0,1.0,1.0
92,1.0027296418014562,0.9300780679351354,1.251372698538865,Three-step,1.0,0.8,3411,1.0,1.0,1.0
93,1.1586007959901516,1.1681434152697947,0.875751166046264,Three-step,1.0,0.8,3411,1.0,1.0,1.0
94,0.8436832582224082,1.0744352832007387,0.989333505553824,Three-step,1.0,0.8,3411,1.0,1.0,1.0
95,0.9139161397279347,0.9338125962435884,0.9842419371837546,Three-step,1.0,0.8,3411,1.0,1.0,1.0
96,0.9972759037635472,1.5804127420100573,1.3335513368313796,Three-step,1.0,0.8,3411,1.0,1.0,1.0
97,1.020571541099535,1.3342551416339694,1.2808537770406556,Three-step,1.0,0.8,3411,1.0,1.0,1.0
98,0.6158232007097473,0.6590332071745518,1.2886722839340248,Three-step,1.0,0.8,3411,1.0,1.0,1.0
99,0.657068902506057,0.9188314626233712,0.9882975295875924,Three-step,1.0,0.8,3411,1.0,1.0,1.0
100,0.9811749360793341,0.9416601473703692,1.103524837412294,Three-step,1.0,0.8,3411,1.0,1.0,1.0
1,1.086944296436292,1.0190642634246532,0.8069386069753262,Robins' estimator,1.0,0.8,3411,1.0,1.0,1.0
2,0.6976705234865274,0.49829359950967766,0.631636638162942,Robins' estimator,1.0,0.8,3411,1.0,1.0,1.0
3,0.501527013726993,1.0318479848989435,0.7938234924122197,Robins' estimator,1.0,0.8,3411,1.0,1.0,1.0
4,0.9865227058029546,1.0193328716308543,0.8469319880393655,Robins' estimator,1.0,0.8,3411,1.0,1.0,1.0
5,1.2162896282927094,0.8172443698660213,1.267482956896073,Robins' estimator,1.0,0.8,3411,1.0,1.0,1.0
6,1.136266407136159,0.5644342155309429,1.4134810919752836,Robins' estimator,1.0,0.8,3411,1.0,1.0,1.0
7,1.2660853542169115,0.8836692125977844,0.7114613861409873,Robins' estimator,1.0,0.8,3411,1.0,1.0,1.0
8,0.5731306429876752,0.7298447272984395,0.8729660106774558,Robins' estimator,1.0,0.8,3411,1.0,1.0,1.0
9,0.6976691519764625,0.93829534875312,0.8394831572584298,Robins' estimator,1.0,0.8,3411,1.0,1.0,1.0
10,1.358491180431913,1.0719465873878782,0.8366521932700108,Robins' estimator,1.0,0.8,3411,1.0,1.0,1.0
11,1.2993248520227432,1.2440434000302534,0.9220758081789806,Robins' estimator,1.0,0.8,3411,1.0,1.0,1.0
12,0.8515147860434951,1.1743581970925103,1.0334652678135805,Robins' estimator,1.0,0.8,3411,1.0,1.0,1.0
13,0.9380311031783812,1.2655114286594125,1.0678064842718513,Robins' estimator,1.0,0.8,3411,1.0,1.0,1.0
14,0.882893511492392,0.9267841222900708,1.019783644325402,Robins' estimator,1.0,0.8,3411,1.0,1.0,1.0
15,1.1097489192220957,1.3379720047912809,1.414007852570538,Robins' estimator,1.0,0.8,3411,1.0,1.0,1.0
16,1.2886303913103372,1.1567694637758845,1.338204545472011,Robins' estimator,1.0,0.8,3411,1.0,1.0,1.0
17,0.962480385078146,0.7975514304180228,1.0262225396213713,Robins' estimator,1.0,0.8,3411,1.0,1.0,1.0
18,1.588511599922326,1.2213829028835643,1.3021749807954586,Robins' estimator,1.0,0.8,3411,1.0,1.0,1.0
19,0.7924571880071434,1.0606982276492734,1.1889740521022312,Robins' estimator,1.0,0.8,3411,1.0,1.0,1.0
20,0.8383082256496174,1.0154537288088674,0.6035343326422289,Robins' estimator,1.0,0.8,3411,1.0,1.0,1.0
21,1.2984801832660904,1.0081676070932657,1.4998578767793893,Robins' estimator,1.0,0.8,3411,1.0,1.0,1.0
22,1.0447567442429841,1.0944449368670424,1.2577436026669515,Robins' estimator,1.0,0.8,3411,1.0,1.0,1.0
23,0.698655983746843,1.2623962095122996,1.1621573122478956,Robins' estimator,1.0,0.8,3411,1.0,1.0,1.0
24,0.6491803817343536,0.9666339110836136,1.0536274294876864,Robins' estimator,1.0,0.8,3411,1.0,1.0,1.0
25,0.8741957907809915,0.7283673296252322,1.0100986637029472,Robins' estimator,1.0,0.8,3411,1.0,1.0,1.0
26,1.0293840557310392,0.7914367120829057,0.892462226681628,Robins' estimator,1.0,0.8,3411,1.0,1.0,1.0
27,1.1315259008646754,1.396604832194808,1.1189111770931153,Robins' estimator,1.0,0.8,3411,1.0,1.0,1.0
28,1.0823439448128775,1.2251123075534873,1.4275181277868387,Robins' estimator,1.0,0.8,3411,1.0,1.0,1.0
29,0.7974761432224405,0.8046906242719563,0.9547752035217717,Robins' estimator,1.0,0.8,3411,1.0,1.0,1.0
30,0.9910642790386122,1.3951057823425088,1.281876038727144,Robins' estimator,1.0,0.8,3411,1.0,1.0,1.0
31,0.8114269826503666,0.6491598966498382,0.7070682253704398,Robins' estimator,1.0,0.8,3411,1.0,1.0,1.0
32,0.38974373225661013,0.40656214174001526,0.9445410559504992,Robins' estimator,1.0,0.8,3411,1.0,1.0,1.0
33,1.1741835054698087,0.9794469082193469,1.3782190563928545,Robins' estimator,1.0,0.8,3411,1.0,1.0,1.0
34,0.7515803827752677,1.3231852525661814,1.403226381561722,Robins' estimator,1.0,0.8,3411,1.0,1.0,1.0
35,1.0736174671710228,1.002575097719826,0.6216593840793537,Robins' estimator,1.0,0.8,3411,1.0,1.0,1.0
36,0.6635765603853461,0.8827986320875109,0.6723740452670176,Robins' estimator,1.0,0.8,3411,1.0,1.0,1.0
37,0.9984808078636294,0.5933698426379883,0.966064240283354,Robins' estimator,1.0,0.8,3411,1.0,1.0,1.0
38,1.0917684875551819,1.0509921517879244,0.7209652680943013,Robins' estimator,1.0,0.8,3411,1.0,1.0,1.0
39,1.162912599702765,1.0667474003648674,1.0250783128013674,Robins' estimator,1.0,0.8,3411,1.0,1.0,1.0
40,0.7278833318755501,0.659846552402509,0.7494277242976604,Robins' estimator,1.0,0.8,3411,1.0,1.0,1.0
41,1.5632514091910934,0.876362176180885,0.9315157061178362,Robins' estimator,1.0,0.8,3411,1.0,1.0,1.0
42,0.7938113286102874,1.1320637456434537,0.9715876603386907,Robins' estimator,1.0,0.8,3411,1.0,1.0,1.0
43,1.1934597206725952,1.0213475484752301,1.176280071180549,Robins' estimator,1.0,0.8,3411,1.0,1.0,1.0
44,1.3023260659904665,1.2492886281112001,1.3059431468830365,Robins' estimator,1.0,0.8,3411,1.0,1.0,1.0
45,0.6492996397950483,0.8604008683153795,0.9664642934413331,Robins' estimator,1.0,0.8,3411,1.0,1.0,1.0
46,1.4364494325268187,0.9825442857720518,1.1284179411811401,Robins' estimator,1.0,0.8,3411,1.0,1.0,1.0
47,1.229017835469904,0.8184143377484544,0.9437146851507892,Robins' estimator,1.0,0.8,3411,1.0,1.0,1.0
48,1.300569571285075,1.5541063284140308,1.0504850772969967,Robins' estimator,1.0,0.8,3411,1.0,1.0,1.0
49,0.558520709547797,0.7004812486787154,1.067698838001597,Robins' estimator,1.0,0.8,3411,1.0,1.0,1.0
50,1.6201956394194337,1.107311315567089,1.4519207510311098,Robins' estimator,1.0,0.8,3411,1.0,1.0,1.0
51,1.1404315101353866,1.1959570512073046,1.0828210174580555,Robins' estimator,1.0,0.8,3411,1.0,1.0,1.0
52,1.1824944249126055,1.030989543521133,1.1938832147695777,Robins' estimator,1.0,0.8,3411,1.0,1.0,1.0
53,2.199080827624334,1.239902745016303,0.8592608013737855,Robins' estimator,1.0,0.8,3411,1.0,1.0,1.0
54,1.0839434590327641,1.4024319290891076,1.320539091704814,Robins' estimator,1.0,0.8,3411,1.0,1.0,1.0
55,1.0198425638276354,1.0980912590882257,1.1189690214129164,Robins' estimator,1.0,0.8,3411,1.0,1.0,1.0
56,0.902594308521359,0.6729408910140313,0.5699707176116173,Robins' estimator,1.0,0.8,3411,1.0,1.0,1.0
57,1.2400707506231994,1.1640809525399558,0.7982530298403432,Robins' estimator,1.0,0.8,3411,1.0,1.0,1.0
58,0.7852754498738997,1.0566166325351194,0.5313449165371965,Robins' estimator,1.0,0.8,3411,1.0,1.0,1.0
59,1.0021169116886768,0.9078262128502005,1.215329199765915,Robins' estimator,1.0,0.8,3411,1.0,1.0,1.0
60,0.9445517817113406,1.0352069003390552,1.0733194614915194,Robins' estimator,1.0,0.8,3411,1.0,1.0,1.0
61,1.041626091173143,1.0152077277498488,0.9617251408850268,Robins' estimator,1.0,0.8,3411,1.0,1.0,1.0
62,0.907571592839223,0.827160839558824,0.9760848555782361,Robins' estimator,1.0,0.8,3411,1.0,1.0,1.0
63,0.7565843755840038,0.8111394069813878,0.8216430652730888,Robins' estimator,1.0,0.8,3411,1.0,1.0,1.0
64,1.1075427329455307,1.3682608361438513,1.5943628431571735,Robins' estimator,1.0,0.8,3411,1.0,1.0,1.0
65,1.2869104688609405,1.055801788722594,0.9200772945534871,Robins' estimator,1.0,0.8,3411,1.0,1.0,1.0
66,1.1641037385614414,1.065645930891927,0.8714938202289113,Robins' estimator,1.0,0.8,3411,1.0,1.0,1.0
67,1.0909466281168887,1.1574837034101786,0.9118279189194539,Robins' estimator,1.0,0.8,3411,1.0,1.0,1.0
68,1.3526251480901086,1.2399180194995574,1.329726416184422,Robins' estimator,1.0,0.8,3411,1.0,1.0,1.0
69,0.7569107642985411,1.030541680463747,0.6915414695298243,Robins' estimator,1.0,0.8,3411,1.0,1.0,1.0
70,1.3399968492997232,1.3005708184107008,0.7864870873744062,Robins' estimator,1.0,0.8,3411,1.0,1.0,1.0
71,1.0500322781032696,0.9953256163855134,0.7927977776168034,Robins' estimator,1.0,0.8,3411,1.0,1.0,1.0
72,0.6792877333165731,0.8177114390634335,0.9181180643708957,Robins' estimator,1.0,0.8,3411,1.0,1.0,1.0
73,0.7479810120246065,1.3925623301241914,0.9578102211760978,Robins' estimator,1.0,0.8,3411,1.0,1.0,1.0
74,0.6745550538018902,0.9465816622533053,0.8692736533239097,Robins' estimator,1.0,0.8,3411,1.0,1.0,1.0
75,1.0763889563766358,0.969139815389713,1.0202028133871548,Robins' estimator,1.0,0.8,3411,1.0,1.0,1.0
76,1.4986429322437023,1.5059094332316403,1.0040216299700357,Robins' estimator,1.0,0.8,3411,1.0,1.0,1.0
77,1.0397247062143171,1.1689694629869485,1.3143950187046147,Robins' estimator,1.0,0.8,3411,1.0,1.0,1.0
78,1.3116418375888632,1.1117584886765908,1.1849139008854743,Robins' estimator,1.0,0.8,3411,1.0,1.0,1.0
79,1.0923738063568953,1.1326891254974003,1.1641538458019296,Robins' estimator,1.0,0.8,3411,1.0,1.0,1.0
80,1.0926280755736484,0.6434003748341266,0.8785763015304012,Robins' estimator,1.0,0.8,3411,1.0,1.0,1.0
81,0.7622770607294755,1.0950049900283008,1.1990405619856663,Robins' estimator,1.0,0.8,3411,1.0,1.0,1.0
82,0.9905712151537023,1.3473694902241684,0.9593692325419716,Robins' estimator,1.0,0.8,3411,1.0,1.0,1.0
83,1.2114512052262267,0.8511990794918062,0.9767407093607757,Robins' estimator,1.0,0.8,3411,1.0,1.0,1.0
84,0.6252798386278068,0.7701085760300573,0.48690392901786983,Robins' estimator,1.0,0.8,3411,1.0,1.0,1.0
85,1.2527494328528737,1.4477777726914722,1.2842236094370159,Robins' estimator,1.0,0.8,3411,1.0,1.0,1.0
86,0.883162605796778,0.5988008285741833,0.6108203774864219,Robins' estimator,1.0,0.8,3411,1.0,1.0,1.0
87,1.2594596195399728,1.0801586268374654,0.8915393935420223,Robins' estimator,1.0,0.8,3411,1.0,1.0,1.0
88,0.9753801540361478,1.2566388538707816,1.091956964179201,Robins' estimator,1.0,0.8,3411,1.0,1.0,1.0
89,0.8015191411043303,0.8981860146404883,1.036728295443221,Robins' estimator,1.0,0.8,3411,1.0,1.0,1.0
90,1.6306806980122284,0.982411107896414,1.0005002263306273,Robins' estimator,1.0,0.8,3411,1.0,1.0,1.0
91,0.9327389240304159,0.7085936349413524,0.6896419785968972,Robins' estimator,1.0,0.8,3411,1.0,1.0,1.0
92,1.0267973555131402,0.8674002789734032,1.2513726985396085,Robins' estimator,1.0,0.8,3411,1.0,1.0,1.0
93,1.0053271089881026,1.2212682492593794,0.8757511660463801,Robins' estimator,1.0,0.8,3411,1.0,1.0,1.0
94,0.8013766657743948,1.0845949290212233,0.9893335055537701,Robins' estimator,1.0,0.8,3411,1.0,1.0,1.0
95,0.9889556678309228,0.8897925154286037,0.9842419371839468,Robins' estimator,1.0,0.8,3411,1.0,1.0,1.0
96,1.1452253321200871,1.5421389484327837,1.333551336831091,Robins' estimator,1.0,0.8,3411,1.0,1.0,1.0
97,1.1220304485775816,1.3706962336993873,1.280853777048694,Robins' estimator,1.0,0.8,3411,1.0,1.0,1.0
98,0.8782387876319794,0.5382156717801211,1.2886722839004205,Robins' estimator,1.0,0.8,3411,1.0,1.0,1.0
99,0.7911887611452324,0.9482097901767527,0.9882975295867434,Robins' estimator,1.0,0.8,3411,1.0,1.0,1.0
100,1.0037132634497605,0.9936736686232807,1.1035248374127384,Robins' estimator,1.0,0.8,3411,1.0,1.0,1.0
1,1.0513837959008043,1.012925210561268,0.8256426364373199,GMM estimator,1.0,0.8,3411,1.0,1.0,1.0
2,0.7461725371077577,0.5422811109791091,0.6893391690991311,GMM estimator,1.0,0.8,3411,1.0,1.0,1.0
3,0.4650947275117082,1.027388710947967,0.8422290552358078,GMM estimator,1.0,0.8,3411,1.0,1.0,1.0
4,0.9787417304011874,1.0648626820185727,0.8570332941566219,GMM estimator,1.0,0.8,3411,1.0,1.0,1.0
5,1.195795811154172,0.7900859785990957,1.2509315978155797,GMM estimator,1.0,0.8,3411,1.0,1.0,1.0
6,1.014757039644985,0.4129984455702391,1.234909626388069,GMM estimator,1.0,0.8,3411,1.0,1.0,1.0
7,1.220168451769381,0.8665349397019639,0.6767066225014733,GMM estimator,1.0,0.8,3411,1.0,1.0,1.0
8,0.6121727537463143,0.7605155595037015,0.9366072638315879,GMM estimator,1.0,0.8,3411,1.0,1.0,1.0
9,0.6975104651155122,0.9490457066288315,0.9167347337413658,GMM estimator,1.0,0.8,3411,1.0,1.0,1.0
10,1.3683751332142,1.0901244793490061,0.9793898688946436,GMM estimator,1.0,0.8,3411,1.0,1.0,1.0
11,1.334173899459416,1.2080157780964664,0.9345589903593134,GMM estimator,1.0,0.8,3411,1.0,1.0,1.0
12,0.8043580665089821,1.153759376191334,0.9980102374454639,GMM estimator,1.0,0.8,3411,1.0,1.0,1.0
13,0.802458578061012,1.2307036879573527,1.0417996622453225,GMM estimator,1.0,0.8,3411,1.0,1.0,1.0
14,0.8579067663272495,0.8769780385241347,0.9735629629480691,GMM estimator,1.0,0.8,3411,1.0,1.0,1.0
15,0.9894128879157383,1.2747444996159851,1.2819676695034095,GMM estimator,1.0,0.8,3411,1.0,1.0,1.0
16,1.1473076803403064,0.9587014470151134,1.2924596920461227,GMM estimator,1.0,0.8,3411,1.0,1.0,1.0
17,0.914974934380006,0.7570769158462659,0.907136191314959,GMM estimator,1.0,0.8,3411,1.0,1.0,1.0
18,1.5808461447050484,1.2263013586222415,1.2955888881397142,GMM estimator,1.0,0.8,3411,1.0,1.0,1.0
19,0.8054598556633356,1.0029953104202733,1.22899127598237,GMM estimator,1.0,0.8,3411,1.0,1.0,1.0
20,0.8556302363516145,1.0237653774171815,0.6255004131828272,GMM estimator,1.0,0.8,3411,1.0,1.0,1.0
21,1.2000685724606814,0.9629378041913335,1.471530872044414,GMM estimator,1.0,0.8,3411,1.0,1.0,1.0
22,1.006573356990227,1.029057616058539,1.2475813243567946,GMM estimator,1.0,0.8,3411,1.0,1.0,1.0
23,0.6948637363068635,1.2475033052182503,1.178420902747284,GMM estimator,1.0,0.8,3411,1.0,1.0,1.0
24,0.652653311228679,0.9535702260789641,1.0439599499088665,GMM estimator,1.0,0.8,3411,1.0,1.0,1.0
25,0.7573975050967943,0.6215072223907101,0.863874384559828,GMM estimator,1.0,0.8,3411,1.0,1.0,1.0
26,1.0085726743849543,0.7816839630583712,0.8705786248786074,GMM estimator,1.0,0.8,3411,1.0,1.0,1.0
27,1.1320697363090044,1.3358583896748413,1.1401032739068468,GMM estimator,1.0,0.8,3411,1.0,1.0,1.0
28,1.0476154299850091,1.1457240896812078,1.4092159977041532,GMM estimator,1.0,0.8,3411,1.0,1.0,1.0
29,0.813733241786897,0.8214961151172773,0.9712582139371038,GMM estimator,1.0,0.8,3411,1.0,1.0,1.0
30,0.8754230207890603,1.3347221483311629,1.22950551527287,GMM estimator,1.0,0.8,3411,1.0,1.0,1.0
31,0.6997287643279003,0.5756418350932011,0.6319960877071553,GMM estimator,1.0,0.8,3411,1.0,1.0,1.0
32,0.39138735027729976,0.4751061198328742,1.050240084731652,GMM estimator,1.0,0.8,3411,1.0,1.0,1.0
33,1.1629357490380157,0.9225971032841886,1.3834531313273257,GMM estimator,1.0,0.8,3411,1.0,1.0,1.0
34,0.7329782161469354,1.2723954893721672,1.4011387501713215,GMM estimator,1.0,0.8,3411,1.0,1.0,1.0
35,1.0942508742941803,1.0181405342366916,0.6664593322314556,GMM estimator,1.0,0.8,3411,1.0,1.0,1.0
36,0.6749668696331401,0.9113005814294761,0.659817456511536,GMM estimator,1.0,0.8,3411,1.0,1.0,1.0
37,0.9939711118757475,0.5906541651935113,0.9726617117351584,GMM estimator,1.0,0.8,3411,1.0,1.0,1.0
38,0.9635637729160467,0.9516045738480474,0.5936731229441738,GMM estimator,1.0,0.8,3411,1.0,1.0,1.0
39,1.1627867881830967,1.0869520519915008,1.0974798099840661,GMM estimator,1.0,0.8,3411,1.0,1.0,1.0
40,0.6833613739957465,0.6286347591771428,0.7331623915206713,GMM estimator,1.0,0.8,3411,1.0,1.0,1.0
41,1.5180370954462856,0.8147720877462454,0.8458662702972458,GMM estimator,1.0,0.8,3411,1.0,1.0,1.0
42,0.7885300793605925,1.1076021781336687,0.954281320374643,GMM estimator,1.0,0.8,3411,1.0,1.0,1.0
43,1.1545154814628908,1.0077125149624246,1.1278649825292961,GMM estimator,1.0,0.8,3411,1.0,1.0,1.0
44,1.2598846666390437,1.2059036298206185,1.2957520875021573,GMM estimator,1.0,0.8,3411,1.0,1.0,1.0
45,0.6099499757998167,0.8419450792118901,0.948642822370192,GMM estimator,1.0,0.8,3411,1.0,1.0,1.0
46,1.4798462752196058,0.976722595235644,1.1372268437026745,GMM estimator,1.0,0.8,3411,1.0,1.0,1.0
47,1.2301956158735534,0.8451517506778243,0.9882462512626506,GMM estimator,1.0,0.8,3411,1.0,1.0,1.0
48,1.2921618205162069,1.5216482478958742,1.037900070352625,GMM estimator,1.0,0.8,3411,1.0,1.0,1.0
49,0.46481502368483635,0.6310435150715668,0.924668896401885,GMM estimator,1.0,0.8,3411,1.0,1.0,1.0
50,1.5853271205644885,1.0867808348218742,1.427958889065579,GMM estimator,1.0,0.8,3411,1.0,1.0,1.0
51,1.1200575362318044,1.179618403711261,1.1072122053563518,GMM estimator,1.0,0.8,3411,1.0,1.0,1.0
52,1.1834378855456134,0.9989297128011674,1.218767850591517,GMM estimator,1.0,0.8,3411,1.0,1.0,1.0
53,2.0708996619945,1.1795985315551067,0.8052122761695388,GMM estimator,1.0,0.8,3411,1.0,1.0,1.0
54,0.999076660925141,1.3992988628087464,1.3220781274783766,GMM estimator,1.0,0.8,3411,1.0,1.0,1.0
55,0.9291767064041542,1.0577715462145785,1.0732009862340774,GMM estimator,1.0,0.8,3411,1.0,1.0,1.0
56,0.9092092128422179,0.6665855719164833,0.5649235005422568,GMM estimator,1.0,0.8,3411,1.0,1.0,1.0
57,1.1358357610780283,1.1758470002834422,0.7964342036800673,GMM estimator,1.0,0.8,3411,1.0,1.0,1.0
58,0.7981156312436349,1.0797826510484072,0.6196528433743262,GMM estimator,1.0,0.8,3411,1.0,1.0,1.0
59,1.0407362626825216,0.9371186597843355,1.3070627817279856,GMM estimator,1.0,0.8,3411,1.0,1.0,1.0
60,0.8767670648656015,1.034313896249777,1.1016160719051666,GMM estimator,1.0,0.8,3411,1.0,1.0,1.0
61,1.0064242894558935,1.0230661759453548,0.9827977387013371,GMM estimator,1.0,0.8,3411,1.0,1.0,1.0
62,0.8911624446357098,0.8679830682986551,1.0714361036280624,GMM estimator,1.0,0.8,3411,1.0,1.0,1.0
63,0.7271921064162563,0.7962986764740161,0.7845314751168947,GMM estimator,1.0,0.8,3411,1.0,1.0,1.0
64,1.0863360370306003,1.3620172875189804,1.5347853666912665,GMM estimator,1.0,0.8,3411,1.0,1.0,1.0
65,1.2752731903522743,1.035894990184037,0.8455663724304096,GMM estimator,1.0,0.8,3411,1.0,1.0,1.0
66,1.0955938680857693,0.9646551602647729,0.845228897936412,GMM estimator,1.0,0.8,3411,1.0,1.0,1.0
67,1.088045025213416,1.1344741302995596,0.948327145814121,GMM estimator,1.0,0.8,3411,1.0,1.0,1.0
68,1.323060207348941,1.144097092971139,1.249200709193306,GMM estimator,1.0,0.8,3411,1.0,1.0,1.0
69,0.652024527606339,0.855901382293016,0.5592748857374026,GMM estimator,1.0,0.8,3411,1.0,1.0,1.0
70,1.3344849328649724,1.2871024112276779,0.7754951433583062,GMM estimator,1.0,0.8,3411,1.0,1.0,1.0
71,1.0505003184912507,0.9992728052092967,0.8013531765627995,GMM estimator,1.0,0.8,3411,1.0,1.0,1.0
72,0.6685948524166393,0.8178155622053072,0.9439732755412691,GMM estimator,1.0,0.8,3411,1.0,1.0,1.0
73,0.7385136487095574,1.354809211556334,0.9507599255422208,GMM estimator,1.0,0.8,3411,1.0,1.0,1.0
74,0.706292835697907,0.9687960868698644,0.8893053806939436,GMM estimator,1.0,0.8,3411,1.0,1.0,1.0
75,1.0434469728451998,0.9820234242811705,1.037687212690933,GMM estimator,1.0,0.8,3411,1.0,1.0,1.0
76,1.4571032324927582,1.4798067099792416,0.9960348326365737,GMM estimator,1.0,0.8,3411,1.0,1.0,1.0
77,1.0023882461054674,1.1245289394370155,1.3008562975870044,GMM estimator,1.0,0.8,3411,1.0,1.0,1.0
78,1.3593796812823509,1.139208065995281,1.2181100671839957,GMM estimator,1.0,0.8,3411,1.0,1.0,1.0
79,1.0578375601711163,1.1091514554917046,1.1729344557007055,GMM estimator,1.0,0.8,3411,1.0,1.0,1.0
80,1.0892050033781298,0.613038442220899,0.8655919446802078,GMM estimator,1.0,0.8,3411,1.0,1.0,1.0
81,0.738240458472579,1.0786556783476455,1.2497370745403922,GMM estimator,1.0,0.8,3411,1.0,1.0,1.0
82,0.9849087379892831,1.3495737102266747,0.955141932882579,GMM estimator,1.0,0.8,3411,1.0,1.0,1.0
83,1.0696596343223272,0.7971936870281109,0.9175566265650781,GMM estimator,1.0,0.8,3411,1.0,1.0,1.0
84,0.648615704683042,0.7898187053435208,0.5394773191726774,GMM estimator,1.0,0.8,3411,1.0,1.0,1.0
85,1.3181817597061203,1.3644219165905347,1.3239963056003838,GMM estimator,1.0,0.8,3411,1.0,1.0,1.0
86,0.8897735037720323,0.6244567642560546,0.6560152423292398,GMM estimator,1.0,0.8,3411,1.0,1.0,1.0
87,1.2631240312414378,1.0832253141917094,0.8974910104461924,GMM estimator,1.0,0.8,3411,1.0,1.0,1.0
88,0.8881157213350299,1.1750685128274254,1.024052531343715,GMM estimator,1.0,0.8,3411,1.0,1.0,1.0
89,0.7775825853638,0.8665085935901968,1.0361516456039555,GMM estimator,1.0,0.8,3411,1.0,1.0,1.0
90,1.6538129989598407,0.9685900700527205,1.060863829272259,GMM estimator,1.0,0.8,3411,1.0,1.0,1.0
91,0.9969672406657393,0.7552120576323668,0.8180749476280929,GMM estimator,1.0,0.8,3411,1.0,1.0,1.0
92,1.027157565425432,0.8647997391270471,1.2212316744594554,GMM estimator,1.0,0.8,3411,1.0,1.0,1.0
93,0.9048961820680386,1.1447754500382419,0.8047055405215733,GMM estimator,1.0,0.8,3411,1.0,1.0,1.0
94,0.7746031220314856,1.0577668637828284,0.9637941621540352,GMM estimator,1.0,0.8,3411,1.0,1.0,1.0
95,0.9838430475849413,0.8822850504447167,0.9892053119527773,GMM estimator,1.0,0.8,3411,1.0,1.0,1.0
96,1.1271522282806856,1.5571684011801772,1.3844355497809013,GMM estimator,1.0,0.8,3411,1.0,1.0,1.0
97,1.1053795265086792,1.3304876030637023,1.3209112358761619,GMM estimator,1.0,0.8,3411,1.0,1.0,1.0
98,0.7431287224707233,0.5742316740619015,1.3058995369648811,GMM estimator,1.0,0.8,3411,1.0,1.0,1.0
99,0.7730533225543075,0.8791765808378272,1.0291255677083988,GMM estimator,1.0,0.8,3411,1.0,1.0,1.0
100,1.0136016126762601,0.9692520659675663,1.1481407422491234,GMM estimator,1.0,0.8,3411,1.0,1.0,1.0
